station,weight,latitude_deg,longitude_deg,seafloor_depth_m,impact_first_utc,impact_last_utc,kinetic_energy_j,range_km,back_azimuth_deg,arrival_first_utc,arrival_last_utc,blocked,tl_db_2-5hz,tl_sd_db_2-5hz,tl_db_5-10hz,tl_sd_db_5-10hz,tl_db_10-20hz,tl_sd_db_10-20hz,tl_db_20-40hz,tl_sd_db_20-40hz,exposure_db_eta0,peak_pa_eta0,exposure_db_eta1,peak_pa_eta1,exposure_db_eta2,peak_pa_eta2,exposure_db_eta3,peak_pa_eta3,exposure_db_eta4,peak_pa_eta4,exposure_db_eta5,peak_pa_eta5,exposure_db_eta6,peak_pa_eta6
H01W,0.00015,-41.75,83.25,3005.0,2014-03-08T00:23:45Z,2014-03-08T00:39:43Z,4000000000.0,2790.2,244.77,2014-03-08T00:54:55Z,2014-03-08T01:11:00Z,0,136.4,12.5,136.4,12.5,136.4,11.0,142.7,10.7,107.7,0.313,102.7,0.176,97.7,0.099,92.7,0.0557,87.7,0.0313,82.7,0.0176,77.7,0.0099
H08S,0.00015,-41.75,83.25,3005.0,2014-03-08T00:23:45Z,2014-03-08T00:39:43Z,4000000000.0,3929.2,166.09,2014-03-08T01:07:51Z,2014-03-08T01:24:00Z,0,139.4,12.2,139.4,10.7,139.4,11.0,142.1,10.7,105.6,0.222,100.6,0.125,95.6,0.0701,90.6,0.0394,85.6,0.0222,80.6,0.0125,75.6,0.00701
3315,0.00015,-41.75,83.25,3005.0,2014-03-08T00:23:45Z,2014-03-08T00:39:43Z,4000000000.0,3019.4,239.56,2014-03-08T00:57:29Z,2014-03-08T01:13:34Z,0,136.7,16.0,136.7,16.0,136.7,14.9,143.0,14.7,107.3,0.294,102.3,0.165,97.3,0.0928,92.3,0.0522,87.3,0.0294,82.3,0.0165,77.3,0.00928
3376,0.00015,-41.75,83.25,3005.0,2014-03-08T00:23:45Z,2014-03-08T00:39:43Z,4000000000.0,3021.9,239.52,2014-03-08T00:57:31Z,2014-03-08T01:13:35Z,0,136.7,16.0,136.7,16.0,136.7,14.9,143.0,14.7,107.3,0.293,102.3,0.165,97.3,0.0928,92.3,0.0522,87.3,0.0293,82.3,0.0165,77.3,0.00928
3250,0.00015,-41.75,83.25,3005.0,2014-03-08T00:23:45Z,2014-03-08T00:39:43Z,4000000000.0,4667.4,223.54,2014-03-08T01:15:54Z,2014-03-08T01:32:05Z,1,138.6,16.0,138.6,16.0,138.6,14.9,144.9,14.7,105.4,0.203,100.4,0.114,95.4,0.0642,90.4,0.0361,85.4,0.0203,80.4,0.0114,75.4,0.00642
3274,0.00015,-41.75,83.25,3005.0,2014-03-08T00:23:45Z,2014-03-08T00:39:43Z,4000000000.0,4852.4,246.44,2014-03-08T01:17:58Z,2014-03-08T01:34:22Z,0,138.8,16.0,138.8,16.0,138.8,14.9,145.1,14.7,105.3,0.196,100.3,0.11,95.3,0.0621,90.3,0.0349,85.3,0.0196,80.3,0.011,75.3,0.00621
3275,0.00015,-41.75,83.25,3005.0,2014-03-08T00:23:45Z,2014-03-08T00:39:43Z,4000000000.0,4850.4,246.45,2014-03-08T01:17:56Z,2014-03-08T01:34:21Z,0,138.8,16.0,138.8,16.0,138.8,14.9,145.1,14.7,105.3,0.196,100.3,0.11,95.3,0.0621,90.3,0.0349,85.3,0.0196,80.3,0.011,75.3,0.00621
H01W,5e-05,-41.75,84.25,3200.0,2014-03-08T00:29:03Z,2014-03-08T00:29:03Z,4000000000.0,2722.8,245.12,2014-03-08T00:59:28Z,2014-03-08T00:59:45Z,0,136.3,12.5,136.3,12.5,136.3,11.0,142.6,10.7,107.8,0.319,102.8,0.18,97.8,0.101,92.8,0.0568,87.8,0.0319,82.8,0.018,77.8,0.0101
H08S,5e-05,-41.75,84.25,3200.0,2014-03-08T00:29:03Z,2014-03-08T00:29:03Z,4000000000.0,3931.1,164.95,2014-03-08T01:12:58Z,2014-03-08T01:13:23Z,0,139.4,12.2,139.4,10.7,139.4,11.0,142.2,10.7,105.6,0.222,100.6,0.125,95.6,0.0701,90.6,0.0394,85.6,0.0222,80.6,0.0125,75.6,0.00701
3315,5e-05,-41.75,84.25,3200.0,2014-03-08T00:29:03Z,2014-03-08T00:29:03Z,4000000000.0,2949.2,239.74,2014-03-08T01:02:00Z,2014-03-08T01:02:19Z,0,136.6,16.0,136.6,16.0,136.6,14.9,142.9,14.7,107.4,0.299,102.4,0.168,97.4,0.0947,92.4,0.0532,87.4,0.0299,82.4,0.0168,77.4,0.00947
3376,5e-05,-41.75,84.25,3200.0,2014-03-08T00:29:03Z,2014-03-08T00:29:03Z,4000000000.0,2951.6,239.7,2014-03-08T01:02:01Z,2014-03-08T01:02:20Z,0,136.6,16.0,136.6,16.0,136.6,14.9,142.9,14.7,107.4,0.299,102.4,0.168,97.4,0.0946,92.4,0.0532,87.4,0.0299,82.4,0.0168,77.4,0.00946
3250,5e-05,-41.75,84.25,3200.0,2014-03-08T00:29:03Z,2014-03-08T00:29:03Z,4000000000.0,4592.3,223.39,2014-03-08T01:20:21Z,2014-03-08T01:20:50Z,1,138.5,16.0,138.5,16.0,138.5,14.9,144.8,14.7,105.5,0.206,100.5,0.116,95.5,0.0651,90.5,0.0366,85.5,0.0206,80.5,0.0116,75.5,0.00651
3274,5e-05,-41.75,84.25,3200.0,2014-03-08T00:29:03Z,2014-03-08T00:29:03Z,4000000000.0,4802.1,247.01,2014-03-08T01:22:42Z,2014-03-08T01:23:12Z,0,138.7,16.0,138.7,16.0,138.7,14.9,145.0,14.7,105.3,0.198,100.3,0.111,95.3,0.0627,90.3,0.0352,85.3,0.0198,80.3,0.0111,75.3,0.00627
3275,5e-05,-41.75,84.25,3200.0,2014-03-08T00:29:03Z,2014-03-08T00:29:03Z,4000000000.0,4800.1,247.02,2014-03-08T01:22:40Z,2014-03-08T01:23:11Z,0,138.7,16.0,138.7,16.0,138.7,14.9,145.0,14.7,105.3,0.198,100.3,0.111,95.3,0.0627,90.3,0.0353,85.3,0.0198,80.3,0.0111,75.3,0.00627
H01W,0.0002,-41.75,84.75,3279.0,2014-03-08T00:21:14Z,2014-03-08T00:54:05Z,4000000000.0,2654.7,244.79,2014-03-08T00:50:48Z,2014-03-08T01:23:55Z,0,136.2,12.5,136.2,12.5,136.2,11.0,142.4,10.7,107.9,0.326,102.9,0.183,97.9,0.103,92.9,0.058,87.9,0.0326,82.9,0.0183,77.9,0.0103
H08S,0.0002,-41.75,84.75,3279.0,2014-03-08T00:21:14Z,2014-03-08T00:54:05Z,4000000000.0,3962.0,164.03,2014-03-08T01:05:29Z,2014-03-08T01:39:00Z,0,139.4,12.2,139.4,10.7,139.5,11.0,142.2,10.7,105.6,0.22,100.6,0.124,95.6,0.0696,90.6,0.0391,85.6,0.022,80.6,0.0124,75.6,0.00696
3315,0.0002,-41.75,84.75,3279.0,2014-03-08T00:21:14Z,2014-03-08T00:54:05Z,4000000000.0,2883.5,239.31,2014-03-08T00:53:20Z,2014-03-08T01:26:31Z,0,136.5,16.0,136.5,16.0,136.5,14.9,142.8,14.7,107.5,0.305,102.5,0.171,97.5,0.0964,92.5,0.0542,87.5,0.0305,82.5,0.0171,77.5,0.00964
3376,0.0002,-41.75,84.75,3279.0,2014-03-08T00:21:14Z,2014-03-08T00:54:05Z,4000000000.0,2885.9,239.28,2014-03-08T00:53:22Z,2014-03-08T01:26:33Z,0,136.5,16.0,136.5,16.0,136.5,14.9,142.8,14.7,107.5,0.305,102.5,0.171,97.5,0.0964,92.5,0.0542,87.5,0.0305,82.5,0.0171,77.5,0.00964
3250,0.0002,-41.75,84.75,3279.0,2014-03-08T00:21:14Z,2014-03-08T00:54:05Z,4000000000.0,4538.4,222.86,2014-03-08T01:11:47Z,2014-03-08T01:45:12Z,1,138.5,16.0,138.5,16.0,138.5,14.9,144.8,14.7,105.5,0.208,100.5,0.117,95.5,0.0658,90.5,0.037,85.5,0.0208,80.5,0.0117,75.5,0.00658
3274,0.0002,-41.75,84.75,3279.0,2014-03-08T00:21:14Z,2014-03-08T00:54:05Z,4000000000.0,4733.6,247.11,2014-03-08T01:14:02Z,2014-03-08T01:47:17Z,0,138.7,16.0,138.7,16.0,138.7,14.9,145.0,14.7,105.4,0.201,100.4,0.113,95.4,0.0635,90.4,0.0357,85.4,0.0201,80.4,0.0113,75.4,0.00635
3275,0.0002,-41.75,84.75,3279.0,2014-03-08T00:21:14Z,2014-03-08T00:54:05Z,4000000000.0,4731.6,247.12,2014-03-08T01:14:01Z,2014-03-08T01:47:16Z,0,138.7,16.0,138.7,16.0,138.7,14.9,145.0,14.7,105.4,0.201,100.4,0.113,95.4,0.0635,90.4,0.0357,85.4,0.0201,80.4,0.0113,75.4,0.00635
H01W,0.00025,-41.75,85.25,3216.0,2014-03-08T00:20:01Z,2014-03-08T00:51:22Z,4000000000.0,2624.6,244.74,2014-03-08T00:49:10Z,2014-03-08T01:21:07Z,0,136.1,12.5,136.1,12.5,136.1,11.0,142.4,10.7,107.9,0.329,102.9,0.185,97.9,0.104,92.9,0.0585,87.9,0.0329,82.9,0.0185,77.9,0.0104
H08S,0.00025,-41.75,85.25,3216.0,2014-03-08T00:20:01Z,2014-03-08T00:51:22Z,4000000000.0,3968.4,163.51,2014-03-08T01:04:19Z,2014-03-08T01:36:09Z,0,139.4,12.2,139.4,10.7,139.5,11.0,142.2,10.7,105.6,0.22,100.6,0.124,95.6,0.0695,90.6,0.0391,85.6,0.022,80.6,0.0124,75.6,0.00695
3315,0.00025,-41.75,85.25,3216.0,2014-03-08T00:20:01Z,2014-03-08T00:51:22Z,4000000000.0,2852.0,239.23,2014-03-08T00:51:42Z,2014-03-08T01:23:41Z,0,136.5,16.0,136.5,16.0,136.5,14.9,142.8,14.7,107.6,0.308,102.6,0.173,97.6,0.0973,92.6,0.0547,87.6,0.0308,82.6,0.0173,77.6,0.00973
3376,0.00025,-41.75,85.25,3216.0,2014-03-08T00:20:01Z,2014-03-08T00:51:22Z,4000000000.0,2854.5,239.19,2014-03-08T00:51:44Z,2014-03-08T01:23:43Z,0,136.5,16.0,136.5,16.0,136.5,14.9,142.8,14.7,107.6,0.307,102.6,0.173,97.6,0.0972,92.6,0.0547,87.6,0.0307,82.6,0.0173,77.6,0.00972
3250,0.00025,-41.75,85.25,3216.0,2014-03-08T00:20:01Z,2014-03-08T00:51:22Z,4000000000.0,4503.5,222.74,2014-03-08T01:10:09Z,2014-03-08T01:42:21Z,1,138.5,16.0,138.5,16.0,138.5,14.9,144.7,14.7,105.6,0.21,100.6,0.118,95.6,0.0663,90.6,0.0373,85.6,0.021,80.6,0.0118,75.6,0.00663
3274,0.00025,-41.75,85.25,3216.0,2014-03-08T00:20:01Z,2014-03-08T00:51:22Z,4000000000.0,4708.9,247.2,2014-03-08T01:12:28Z,2014-03-08T01:44:33Z,0,138.7,16.0,138.7,16.0,138.7,14.9,144.9,14.7,105.4,0.202,100.4,0.113,95.4,0.0637,90.4,0.0358,85.4,0.0202,80.4,0.0113,75.4,0.00637
3275,0.00025,-41.75,85.25,3216.0,2014-03-08T00:20:01Z,2014-03-08T00:51:22Z,4000000000.0,4706.9,247.21,2014-03-08T01:12:26Z,2014-03-08T01:44:31Z,0,138.7,16.0,138.7,16.0,138.7,14.9,144.9,14.7,105.4,0.202,100.4,0.113,95.4,0.0638,90.4,0.0359,85.4,0.0202,80.4,0.0113,75.4,0.00638
H01W,0.00025,-41.75,85.75,2689.0,2014-03-08T00:26:37Z,2014-03-08T00:54:50Z,4000000000.0,2587.6,244.89,2014-03-08T00:55:33Z,2014-03-08T01:24:00Z,0,136.1,12.5,136.1,12.5,136.1,11.0,142.3,10.7,108.0,0.333,103.0,0.187,98.0,0.105,93.0,0.0592,88.0,0.0333,83.0,0.0187,78.0,0.0105
H08S,0.00025,-41.75,85.75,2689.0,2014-03-08T00:26:37Z,2014-03-08T00:54:50Z,4000000000.0,3980.9,163.02,2014-03-08T01:11:12Z,2014-03-08T01:39:48Z,0,139.4,12.2,139.4,10.7,139.5,11.0,142.2,10.7,105.6,0.219,100.6,0.123,95.6,0.0693,90.6,0.039,85.6,0.0219,80.6,0.0123,75.6,0.00693
3315,0.00025,-41.75,85.75,2689.0,2014-03-08T00:26:37Z,2014-03-08T00:54:50Z,4000000000.0,2816.8,239.21,2014-03-08T00:58:06Z,2014-03-08T01:26:36Z,0,136.4,16.0,136.4,16.0,136.4,14.9,142.7,14.7,107.6,0.311,102.6,0.175,97.6,0.0983,92.6,0.0553,87.6,0.0311,82.6,0.0175,77.6,0.00983
3376,0.00025,-41.75,85.75,2689.0,2014-03-08T00:26:37Z,2014-03-08T00:54:50Z,4000000000.0,2819.3,239.17,2014-03-08T00:58:08Z,2014-03-08T01:26:37Z,0,136.4,16.0,136.4,16.0,136.4,14.9,142.7,14.7,107.6,0.311,102.6,0.175,97.6,0.0982,92.6,0.0552,87.6,0.0311,82.6,0.0175,77.6,0.00982
3250,0.00025,-41.75,85.75,2689.0,2014-03-08T00:26:37Z,2014-03-08T00:54:50Z,4000000000.0,4475.6,222.46,2014-03-08T01:16:39Z,2014-03-08T01:45:18Z,1,138.4,16.0,138.4,16.0,138.4,14.9,144.7,14.7,105.6,0.211,100.6,0.118,95.6,0.0666,90.6,0.0375,85.6,0.0211,80.6,0.0118,75.6,0.00666
3274,0.00025,-41.75,85.75,2689.0,2014-03-08T00:26:37Z,2014-03-08T00:54:50Z,4000000000.0,4668.3,247.57,2014-03-08T01:18:46Z,2014-03-08T01:47:28Z,0,138.6,16.0,138.6,16.0,138.6,14.9,144.9,14.7,105.4,0.203,100.4,0.114,95.4,0.0642,90.4,0.0361,85.4,0.0203,80.4,0.0114,75.4,0.00642
3275,0.00025,-41.75,85.75,2689.0,2014-03-08T00:26:37Z,2014-03-08T00:54:50Z,4000000000.0,4666.3,247.58,2014-03-08T01:18:45Z,2014-03-08T01:47:27Z,0,138.6,16.0,138.6,16.0,138.6,14.9,144.9,14.7,105.4,0.203,100.4,0.114,95.4,0.0642,90.4,0.0361,85.4,0.0203,80.4,0.0114,75.4,0.00642
H01W,0.0001,-41.75,86.25,2784.0,2014-03-08T00:32:07Z,2014-03-08T00:52:49Z,4000000000.0,2521.0,244.53,2014-03-08T01:00:17Z,2014-03-08T01:21:15Z,0,135.9,12.5,135.9,12.5,135.9,11.0,142.2,10.7,108.1,0.34,103.1,0.191,98.1,0.107,93.1,0.0604,88.1,0.034,83.1,0.0191,78.1,0.0107
H08S,0.0001,-41.75,86.25,2784.0,2014-03-08T00:32:07Z,2014-03-08T00:52:49Z,4000000000.0,4008.9,162.06,2014-03-08T01:16:49Z,2014-03-08T01:38:06Z,0,139.5,12.2,139.5,10.7,139.5,11.0,142.2,10.7,105.6,0.218,100.6,0.123,95.6,0.0689,90.6,0.0387,85.6,0.0218,80.6,0.0123,75.6,0.00689
3315,0.0001,-41.75,86.25,2784.0,2014-03-08T00:32:07Z,2014-03-08T00:52:49Z,4000000000.0,2751.0,238.78,2014-03-08T01:02:50Z,2014-03-08T01:23:51Z,0,136.3,16.0,136.3,16.0,136.3,14.9,142.6,14.7,107.7,0.317,102.7,0.178,97.7,0.1,92.7,0.0563,87.7,0.0317,82.7,0.0178,77.7,0.01
3376,0.0001,-41.75,86.25,2784.0,2014-03-08T00:32:07Z,2014-03-08T00:52:49Z,4000000000.0,2753.4,238.74,2014-03-08T01:02:52Z,2014-03-08T01:23:52Z,0,136.3,16.0,136.3,16.0,136.3,14.9,142.6,14.7,107.7,0.317,102.7,0.178,97.7,0.1,92.7,0.0563,87.7,0.0317,82.7,0.0178,77.7,0.01
3250,0.0001,-41.75,86.25,2784.0,2014-03-08T00:32:07Z,2014-03-08T00:52:49Z,4000000000.0,4415.4,222.0,2014-03-08T01:21:24Z,2014-03-08T01:42:38Z,1,138.4,16.0,138.4,16.0,138.4,14.9,144.7,14.7,105.7,0.213,100.7,0.12,95.7,0.0674,90.7,0.0379,85.7,0.0213,80.7,0.012,75.7,0.00674
3274,0.0001,-41.75,86.25,2784.0,2014-03-08T00:32:07Z,2014-03-08T00:52:49Z,4000000000.0,4605.4,247.7,2014-03-08T01:23:36Z,2014-03-08T01:44:43Z,0,138.6,16.0,138.6,16.0,138.6,14.9,144.8,14.7,105.5,0.205,100.5,0.116,95.5,0.065,90.5,0.0365,85.5,0.0205,80.5,0.0116,75.5,0.0065
3275,0.0001,-41.75,86.25,2784.0,2014-03-08T00:32:07Z,2014-03-08T00:52:49Z,4000000000.0,4603.4,247.71,2014-03-08T01:23:34Z,2014-03-08T01:44:42Z,0,138.6,16.0,138.6,16.0,138.6,14.9,144.8,14.7,105.5,0.206,100.5,0.116,95.5,0.065,90.5,0.0366,85.5,0.0206,80.5,0.0116,75.5,0.0065
H01W,0.00015,-41.25,83.25,3179.0,2014-03-08T00:21:48Z,2014-03-08T00:27:44Z,4000000000.0,2777.8,246.5,2014-03-08T00:52:56Z,2014-03-08T00:59:03Z,0,136.4,12.5,136.4,12.5,136.4,11.0,142.6,10.7,107.7,0.314,102.7,0.177,97.7,0.0994,92.7,0.0559,87.7,0.0314,82.7,0.0177,77.7,0.00994
H08S,0.00015,-41.25,83.25,3179.0,2014-03-08T00:21:48Z,2014-03-08T00:27:44Z,4000000000.0,3855.1,165.54,2014-03-08T01:04:47Z,2014-03-08T01:11:12Z,0,139.3,12.2,139.3,10.7,139.4,11.0,142.1,10.7,105.7,0.225,100.7,0.127,95.7,0.0712,90.7,0.0401,85.7,0.0225,80.7,0.0127,75.7,0.00712
3315,0.00015,-41.25,83.25,3179.0,2014-03-08T00:21:48Z,2014-03-08T00:27:44Z,4000000000.0,2997.9,241.12,2014-03-08T00:55:23Z,2014-03-08T01:01:32Z,0,136.7,16.0,136.7,16.0,136.7,14.9,143.0,14.7,107.3,0.295,102.3,0.166,97.3,0.0934,92.3,0.0525,87.3,0.0295,82.3,0.0166,77.3,0.00934
3376,0.00015,-41.25,83.25,3179.0,2014-03-08T00:21:48Z,2014-03-08T00:27:44Z,4000000000.0,3000.2,241.08,2014-03-08T00:55:24Z,2014-03-08T01:01:34Z,0,136.7,16.0,136.7,16.0,136.7,14.9,143.0,14.7,107.3,0.295,102.3,0.166,97.3,0.0933,92.3,0.0525,87.3,0.0295,82.3,0.0166,77.3,0.00933
3250,0.00015,-41.25,83.25,3179.0,2014-03-08T00:21:48Z,2014-03-08T00:27:44Z,4000000000.0,4619.6,224.48,2014-03-08T01:13:28Z,2014-03-08T01:19:49Z,1,138.6,16.0,138.6,16.0,138.6,14.9,144.9,14.7,105.5,0.205,100.5,0.115,95.5,0.0648,90.5,0.0364,85.5,0.0205,80.5,0.0115,75.5,0.00648
3274,0.00015,-41.25,83.25,3179.0,2014-03-08T00:21:48Z,2014-03-08T00:27:44Z,4000000000.0,4876.7,247.53,2014-03-08T01:16:23Z,2014-03-08T01:22:43Z,0,138.8,16.0,138.8,16.0,138.8,14.9,145.1,14.7,105.2,0.196,100.2,0.11,95.2,0.0618,90.2,0.0348,85.2,0.0196,80.2,0.011,75.2,0.00618
3275,0.00015,-41.25,83.25,3179.0,2014-03-08T00:21:48Z,2014-03-08T00:27:44Z,4000000000.0,4874.7,247.54,2014-03-08T01:16:22Z,2014-03-08T01:22:42Z,0,138.8,16.0,138.8,16.0,138.8,14.9,145.1,14.7,105.2,0.196,100.2,0.11,95.2,0.0619,90.2,0.0348,85.2,0.0196,80.2,0.011,75.2,0.00619
H01W,0.0001,-41.25,83.75,3232.0,2014-03-08T00:34:07Z,2014-03-08T00:34:29Z,4000000000.0,2734.9,245.89,2014-03-08T01:04:37Z,2014-03-08T01:05:22Z,0,136.3,12.5,136.3,12.5,136.3,11.0,142.6,10.7,107.7,0.318,102.7,0.179,97.7,0.101,92.7,0.0566,87.7,0.0318,82.7,0.0179,77.7,0.0101
H08S,0.0001,-41.25,83.75,3232.0,2014-03-08T00:34:07Z,2014-03-08T00:34:29Z,4000000000.0,3893.6,165.0,2014-03-08T01:17:35Z,2014-03-08T01:18:26Z,0,139.3,12.2,139.3,10.7,139.4,11.0,142.1,10.7,105.7,0.223,100.7,0.126,95.7,0.0706,90.7,0.0397,85.7,0.0223,80.7,0.0126,75.7,0.00706
3315,0.0001,-41.25,83.75,3232.0,2014-03-08T00:34:07Z,2014-03-08T00:34:29Z,4000000000.0,2957.9,240.47,2014-03-08T01:07:07Z,2014-03-08T01:07:53Z,0,136.6,16.0,136.6,16.0,136.6,14.9,142.9,14.7,107.4,0.299,102.4,0.168,97.4,0.0944,92.4,0.0531,87.4,0.0299,82.4,0.0168,77.4,0.00944
3376,0.0001,-41.25,83.75,3232.0,2014-03-08T00:34:07Z,2014-03-08T00:34:29Z,4000000000.0,2960.3,240.44,2014-03-08T01:07:08Z,2014-03-08T01:07:55Z,0,136.6,16.0,136.6,16.0,136.6,14.9,142.9,14.7,107.4,0.298,102.4,0.168,97.4,0.0944,92.4,0.0531,87.4,0.0298,82.4,0.0168,77.4,0.00944
3250,0.0001,-41.25,83.75,3232.0,2014-03-08T00:34:07Z,2014-03-08T00:34:29Z,4000000000.0,4590.2,223.9,2014-03-08T01:25:20Z,2014-03-08T01:26:18Z,1,138.5,16.0,138.5,16.0,138.5,14.9,144.8,14.7,105.5,0.206,100.5,0.116,95.5,0.0652,90.5,0.0366,85.5,0.0206,80.5,0.0116,75.5,0.00652
3274,0.0001,-41.25,83.75,3232.0,2014-03-08T00:34:07Z,2014-03-08T00:34:29Z,4000000000.0,4826.5,247.38,2014-03-08T01:28:00Z,2014-03-08T01:28:56Z,0,138.8,16.0,138.8,16.0,138.8,14.9,145.0,14.7,105.3,0.197,100.3,0.111,95.3,0.0624,90.3,0.0351,85.3,0.0197,80.3,0.0111,75.3,0.00624
3275,0.0001,-41.25,83.75,3232.0,2014-03-08T00:34:07Z,2014-03-08T00:34:29Z,4000000000.0,4824.5,247.39,2014-03-08T01:27:59Z,2014-03-08T01:28:55Z,0,138.8,16.0,138.8,16.0,138.8,14.9,145.0,14.7,105.3,0.197,100.3,0.111,95.3,0.0624,90.3,0.0351,85.3,0.0197,80.3,0.0111,75.3,0.00624
H01W,0.0003,-41.25,84.25,3358.0,2014-03-08T00:28:24Z,2014-03-08T00:45:59Z,4000000000.0,2709.2,246.33,2014-03-08T00:58:44Z,2014-03-08T01:16:29Z,0,136.3,12.5,136.3,12.5,136.3,11.0,142.5,10.7,107.8,0.321,102.8,0.18,97.8,0.101,92.8,0.057,87.8,0.0321,82.8,0.018,77.8,0.0101
H08S,0.0003,-41.25,84.25,3358.0,2014-03-08T00:28:24Z,2014-03-08T00:45:59Z,4000000000.0,3882.8,164.52,2014-03-08T01:11:41Z,2014-03-08T01:29:47Z,0,139.3,12.2,139.3,10.7,139.4,11.0,142.1,10.7,105.7,0.224,100.7,0.126,95.7,0.0708,90.7,0.0398,85.7,0.0224,80.7,0.0126,75.7,0.00708
3315,0.0003,-41.25,84.25,3358.0,2014-03-08T00:28:24Z,2014-03-08T00:45:59Z,4000000000.0,2930.5,240.83,2014-03-08T01:01:12Z,2014-03-08T01:18:58Z,0,136.6,16.0,136.6,16.0,136.6,14.9,142.9,14.7,107.4,0.301,102.4,0.169,97.4,0.0952,92.4,0.0535,87.4,0.0301,82.4,0.0169,77.4,0.00952
3376,0.0003,-41.25,84.25,3358.0,2014-03-08T00:28:24Z,2014-03-08T00:45:59Z,4000000000.0,2932.9,240.79,2014-03-08T01:01:13Z,2014-03-08T01:19:00Z,0,136.6,16.0,136.6,16.0,136.6,14.9,142.9,14.7,107.4,0.301,102.4,0.169,97.4,0.0951,92.4,0.0535,87.4,0.0301,82.4,0.0169,77.4,0.00951
3250,0.0003,-41.25,84.25,3358.0,2014-03-08T00:28:24Z,2014-03-08T00:45:59Z,4000000000.0,4558.5,223.97,2014-03-08T01:19:22Z,2014-03-08T01:37:21Z,1,138.5,16.0,138.5,16.0,138.5,14.9,144.8,14.7,105.5,0.207,100.5,0.117,95.5,0.0656,90.5,0.0369,85.5,0.0207,80.5,0.0117,75.5,0.00656
3274,0.0003,-41.25,84.25,3358.0,2014-03-08T00:28:24Z,2014-03-08T00:45:59Z,4000000000.0,4805.4,247.73,2014-03-08T01:22:12Z,2014-03-08T01:40:10Z,0,138.7,16.0,138.7,16.0,138.7,14.9,145.0,14.7,105.3,0.198,100.3,0.111,95.3,0.0626,90.3,0.0352,85.3,0.0198,80.3,0.0111,75.3,0.00626
3275,0.0003,-41.25,84.25,3358.0,2014-03-08T00:28:24Z,2014-03-08T00:45:59Z,4000000000.0,4803.4,247.75,2014-03-08T01:22:11Z,2014-03-08T01:40:08Z,0,138.7,16.0,138.7,16.0,138.7,14.9,145.0,14.7,105.3,0.198,100.3,0.111,95.3,0.0626,90.3,0.0352,85.3,0.0198,80.3,0.0111,75.3,0.00626
H01W,0.00035,-41.25,84.75,3268.0,2014-03-08T00:20:38Z,2014-03-08T00:50:43Z,4000000000.0,2657.6,246.23,2014-03-08T00:50:08Z,2014-03-08T01:20:31Z,0,136.2,12.5,136.2,12.5,136.2,11.0,142.5,10.7,107.9,0.326,102.9,0.183,97.9,0.103,92.9,0.0579,87.9,0.0326,82.9,0.0183,77.9,0.0103
H08S,0.00035,-41.25,84.75,3268.0,2014-03-08T00:20:38Z,2014-03-08T00:50:43Z,4000000000.0,3897.9,163.81,2014-03-08T01:04:25Z,2014-03-08T01:34:40Z,0,139.3,12.2,139.3,10.7,139.4,11.0,142.1,10.7,105.7,0.223,100.7,0.125,95.7,0.0706,90.7,0.0397,85.7,0.0223,80.7,0.0125,75.7,0.00706
3315,0.00035,-41.25,84.75,3268.0,2014-03-08T00:20:38Z,2014-03-08T00:50:43Z,4000000000.0,2882.3,240.64,2014-03-08T00:52:38Z,2014-03-08T01:23:01Z,0,136.5,16.0,136.5,16.0,136.5,14.9,142.8,14.7,107.5,0.305,102.5,0.172,97.5,0.0965,92.5,0.0542,87.5,0.0305,82.5,0.0172,77.5,0.00965
3376,0.00035,-41.25,84.75,3268.0,2014-03-08T00:20:38Z,2014-03-08T00:50:43Z,4000000000.0,2884.7,240.6,2014-03-08T00:52:39Z,2014-03-08T01:23:02Z,0,136.5,16.0,136.5,16.0,136.5,14.9,142.8,14.7,107.5,0.305,102.5,0.171,97.5,0.0964,92.5,0.0542,87.5,0.0305,82.5,0.0171,77.5,0.00964
3250,0.00035,-41.25,84.75,3268.0,2014-03-08T00:20:38Z,2014-03-08T00:50:43Z,4000000000.0,4514.8,223.69,2014-03-08T01:10:56Z,2014-03-08T01:41:25Z,1,138.5,16.0,138.5,16.0,138.5,14.9,144.8,14.7,105.6,0.209,100.6,0.118,95.6,0.0661,90.6,0.0372,85.6,0.0209,80.6,0.0118,75.6,0.00661
3274,0.00035,-41.25,84.75,3268.0,2014-03-08T00:20:38Z,2014-03-08T00:50:43Z,4000000000.0,4753.3,247.91,2014-03-08T01:13:34Z,2014-03-08T01:44:16Z,0,138.7,16.0,138.7,16.0,138.7,14.9,145.0,14.7,105.3,0.2,100.3,0.112,95.3,0.0632,90.3,0.0356,85.3,0.02,80.3,0.0112,75.3,0.00632
3275,0.00035,-41.25,84.75,3268.0,2014-03-08T00:20:38Z,2014-03-08T00:50:43Z,4000000000.0,4751.3,247.92,2014-03-08T01:13:32Z,2014-03-08T01:44:14Z,0,138.7,16.0,138.7,16.0,138.7,14.9,145.0,14.7,105.3,0.2,100.3,0.112,95.3,0.0632,90.3,0.0356,85.3,0.02,80.3,0.0112,75.3,0.00632
H01W,0.00065,-41.25,85.25,3426.0,2014-03-08T00:19:47Z,2014-03-08T00:50:58Z,4000000000.0,2610.3,245.54,2014-03-08T00:48:56Z,2014-03-08T01:20:21Z,0,136.1,12.5,136.1,12.5,136.1,11.0,142.4,10.7,107.9,0.331,102.9,0.186,97.9,0.105,92.9,0.0588,87.9,0.0331,82.9,0.0186,77.9,0.0105
H08S,0.00065,-41.25,85.25,3426.0,2014-03-08T00:19:47Z,2014-03-08T00:50:58Z,4000000000.0,3940.4,163.2,2014-03-08T01:03:57Z,2014-03-08T01:35:35Z,0,139.4,12.2,139.4,10.7,139.4,11.0,142.2,10.7,105.6,0.221,100.6,0.124,95.6,0.0699,90.6,0.0393,85.6,0.0221,80.6,0.0124,75.6,0.00699
3315,0.00065,-41.25,85.25,3426.0,2014-03-08T00:19:47Z,2014-03-08T00:50:58Z,4000000000.0,2835.5,239.92,2014-03-08T00:51:28Z,2014-03-08T01:22:54Z,0,136.5,16.0,136.5,16.0,136.5,14.9,142.7,14.7,107.6,0.309,102.6,0.174,97.6,0.0977,92.6,0.055,87.6,0.0309,82.6,0.0174,77.6,0.00977
3376,0.00065,-41.25,85.25,3426.0,2014-03-08T00:19:47Z,2014-03-08T00:50:58Z,4000000000.0,2838.0,239.88,2014-03-08T00:51:29Z,2014-03-08T01:22:56Z,0,136.5,16.0,136.5,16.0,136.5,14.9,142.7,14.7,107.6,0.309,102.6,0.174,97.6,0.0977,92.6,0.0549,87.6,0.0309,82.6,0.0174,77.6,0.00977
3250,0.00065,-41.25,85.25,3426.0,2014-03-08T00:19:47Z,2014-03-08T00:50:58Z,4000000000.0,4481.5,223.07,2014-03-08T01:09:53Z,2014-03-08T01:41:30Z,1,138.4,16.0,138.4,16.0,138.4,14.9,144.7,14.7,105.6,0.21,100.6,0.118,95.6,0.0665,90.6,0.0374,85.6,0.021,80.6,0.0118,75.6,0.00665
3274,0.00065,-41.25,85.25,3426.0,2014-03-08T00:19:47Z,2014-03-08T00:50:58Z,4000000000.0,4705.4,247.77,2014-03-08T01:12:17Z,2014-03-08T01:43:55Z,0,138.7,16.0,138.7,16.0,138.7,14.9,144.9,14.7,105.4,0.202,100.4,0.113,95.4,0.0638,90.4,0.0359,85.4,0.0202,80.4,0.0113,75.4,0.00638
3275,0.00065,-41.25,85.25,3426.0,2014-03-08T00:19:47Z,2014-03-08T00:50:58Z,4000000000.0,4703.4,247.78,2014-03-08T01:12:16Z,2014-03-08T01:43:53Z,0,138.6,16.0,138.6,16.0,138.6,14.9,144.9,14.7,105.4,0.202,100.4,0.113,95.4,0.0638,90.4,0.0359,85.4,0.0202,80.4,0.0113,75.4,0.00638
H01W,0.0009,-41.25,85.75,2808.0,2014-03-08T00:23:18Z,2014-03-08T00:54:29Z,4000000000.0,2567.6,245.75,2014-03-08T00:52:05Z,2014-03-08T01:23:23Z,0,136.0,12.5,136.0,12.5,136.0,11.0,142.3,10.7,108.0,0.335,103.0,0.188,98.0,0.106,93.0,0.0596,88.0,0.0335,83.0,0.0188,78.0,0.0106
H08S,0.0009,-41.25,85.75,2808.0,2014-03-08T00:23:18Z,2014-03-08T00:54:29Z,4000000000.0,3941.6,162.5,2014-03-08T01:07:27Z,2014-03-08T01:38:51Z,0,139.4,12.2,139.4,10.7,139.4,11.0,142.2,10.7,105.6,0.221,100.6,0.124,95.6,0.0699,90.6,0.0393,85.6,0.0221,80.6,0.0124,75.6,0.00699
3315,0.0009,-41.25,85.75,2808.0,2014-03-08T00:23:18Z,2014-03-08T00:54:29Z,4000000000.0,2791.4,240.01,2014-03-08T00:54:36Z,2014-03-08T01:25:54Z,0,136.4,16.0,136.4,16.0,136.4,14.9,142.7,14.7,107.7,0.313,102.7,0.176,97.7,0.099,92.7,0.0557,87.7,0.0313,82.7,0.0176,77.7,0.0099
3376,0.0009,-41.25,85.75,2808.0,2014-03-08T00:23:18Z,2014-03-08T00:54:29Z,4000000000.0,2793.9,239.96,2014-03-08T00:54:38Z,2014-03-08T01:25:56Z,0,136.4,16.0,136.4,16.0,136.4,14.9,142.7,14.7,107.7,0.313,102.7,0.176,97.7,0.0989,92.7,0.0556,87.7,0.0313,82.7,0.0176,77.7,0.00989
3250,0.0009,-41.25,85.75,2808.0,2014-03-08T00:23:18Z,2014-03-08T00:54:29Z,4000000000.0,4438.5,223.02,2014-03-08T01:13:01Z,2014-03-08T01:44:26Z,1,138.4,16.0,138.4,16.0,138.4,14.9,144.7,14.7,105.6,0.212,100.6,0.119,95.6,0.0671,90.6,0.0377,85.6,0.0212,80.6,0.0119,75.6,0.00671
3274,0.0009,-41.25,85.75,2808.0,2014-03-08T00:23:18Z,2014-03-08T00:54:29Z,4000000000.0,4669.2,248.1,2014-03-08T01:15:30Z,2014-03-08T01:47:08Z,0,138.6,16.0,138.6,16.0,138.6,14.9,144.9,14.7,105.4,0.203,100.4,0.114,95.4,0.0642,90.4,0.0361,85.4,0.0203,80.4,0.0114,75.4,0.00642
3275,0.0009,-41.25,85.75,2808.0,2014-03-08T00:23:18Z,2014-03-08T00:54:29Z,4000000000.0,4667.2,248.11,2014-03-08T01:15:29Z,2014-03-08T01:47:07Z,0,138.6,16.0,138.6,16.0,138.6,14.9,144.9,14.7,105.4,0.203,100.4,0.114,95.4,0.0642,90.4,0.0361,85.4,0.0203,80.4,0.0114,75.4,0.00642
H01W,0.00075,-41.25,86.25,2662.0,2014-03-08T00:20:41Z,2014-03-08T00:51:42Z,4000000000.0,2538.1,245.7,2014-03-08T00:48:49Z,2014-03-08T01:20:24Z,0,136.0,12.5,136.0,12.5,136.0,11.0,142.3,10.7,108.1,0.338,103.1,0.19,98.1,0.107,93.1,0.0601,88.1,0.0338,83.1,0.019,78.1,0.0107
H08S,0.00075,-41.25,86.25,2662.0,2014-03-08T00:20:41Z,2014-03-08T00:51:42Z,4000000000.0,3958.2,162.11,2014-03-08T01:04:47Z,2014-03-08T01:36:20Z,0,139.4,12.2,139.4,10.7,139.5,11.0,142.2,10.7,105.6,0.22,100.6,0.124,95.6,0.0697,90.6,0.0392,85.6,0.022,80.6,0.0124,75.6,0.00697
3315,0.00075,-41.25,86.25,2662.0,2014-03-08T00:20:41Z,2014-03-08T00:51:42Z,4000000000.0,2763.3,239.88,2014-03-08T00:51:19Z,2014-03-08T01:22:57Z,0,136.3,16.0,136.3,16.0,136.3,14.9,142.6,14.7,107.7,0.316,102.7,0.178,97.7,0.0998,92.7,0.0561,87.7,0.0316,82.7,0.0178,77.7,0.00998
3376,0.00075,-41.25,86.25,2662.0,2014-03-08T00:20:41Z,2014-03-08T00:51:42Z,4000000000.0,2765.7,239.84,2014-03-08T00:51:20Z,2014-03-08T01:22:58Z,0,136.3,16.0,136.3,16.0,136.3,14.9,142.6,14.7,107.7,0.315,102.7,0.177,97.7,0.0998,92.7,0.0561,87.7,0.0315,82.7,0.0177,77.7,0.00998
3250,0.00075,-41.25,86.25,2662.0,2014-03-08T00:20:41Z,2014-03-08T00:51:42Z,4000000000.0,4413.1,222.7,2014-03-08T01:09:42Z,2014-03-08T01:41:33Z,1,138.4,16.0,138.4,16.0,138.4,14.9,144.7,14.7,105.7,0.213,100.7,0.12,95.7,0.0674,90.7,0.0379,85.7,0.0213,80.7,0.012,75.7,0.00674
3274,0.00075,-41.25,86.25,2662.0,2014-03-08T00:20:41Z,2014-03-08T00:51:42Z,4000000000.0,4639.1,248.2,2014-03-08T01:12:23Z,2014-03-08T01:44:05Z,0,138.6,16.0,138.6,16.0,138.6,14.9,144.9,14.7,105.4,0.204,100.4,0.115,95.4,0.0646,90.4,0.0363,85.4,0.0204,80.4,0.0115,75.4,0.00646
3275,0.00075,-41.25,86.25,2662.0,2014-03-08T00:20:41Z,2014-03-08T00:51:42Z,4000000000.0,4637.1,248.21,2014-03-08T01:12:21Z,2014-03-08T01:44:04Z,0,138.6,16.0,138.6,16.0,138.6,14.9,144.9,14.7,105.4,0.204,100.4,0.115,95.4,0.0646,90.4,0.0363,85.4,0.0204,80.4,0.0115,75.4,0.00646
H01W,0.0008,-41.25,86.75,2698.0,2014-03-08T00:19:55Z,2014-03-08T00:51:42Z,4000000000.0,2494.7,245.69,2014-03-08T00:47:53Z,2014-03-08T01:19:51Z,0,135.9,12.5,135.9,12.5,135.9,11.0,142.2,10.7,108.1,0.343,103.1,0.193,98.1,0.108,93.1,0.061,88.1,0.0343,83.1,0.0193,78.1,0.0108
H08S,0.0008,-41.25,86.75,2698.0,2014-03-08T00:19:55Z,2014-03-08T00:51:42Z,4000000000.0,3970.1,161.45,2014-03-08T01:04:20Z,2014-03-08T01:36:21Z,1,139.4,12.2,139.4,10.7,139.5,11.0,142.2,10.7,105.6,0.22,100.6,0.124,95.6,0.0695,90.6,0.0391,85.6,0.022,80.6,0.0124,75.6,0.00695
3315,0.0008,-41.25,86.75,2698.0,2014-03-08T00:19:55Z,2014-03-08T00:51:42Z,4000000000.0,2719.2,239.8,2014-03-08T00:50:24Z,2014-03-08T01:22:23Z,0,136.3,16.0,136.3,16.0,136.3,14.9,142.6,14.7,107.8,0.32,102.8,0.18,97.8,0.101,92.8,0.0569,87.8,0.032,82.8,0.018,77.8,0.0101
3376,0.0008,-41.25,86.75,2698.0,2014-03-08T00:19:55Z,2014-03-08T00:51:42Z,4000000000.0,2721.6,239.76,2014-03-08T00:50:26Z,2014-03-08T01:22:24Z,0,136.3,16.0,136.3,16.0,136.3,14.9,142.6,14.7,107.8,0.32,102.8,0.18,97.8,0.101,92.8,0.0568,87.8,0.032,82.8,0.018,77.8,0.0101
3250,0.0008,-41.25,86.75,2698.0,2014-03-08T00:19:55Z,2014-03-08T00:51:42Z,4000000000.0,4372.1,222.48,2014-03-08T01:08:53Z,2014-03-08T01:40:59Z,1,138.3,16.0,138.3,16.0,138.3,14.9,144.6,14.7,105.7,0.215,100.7,0.121,95.7,0.068,90.7,0.0382,85.7,0.0215,80.7,0.0121,75.7,0.0068
3274,0.0008,-41.25,86.75,2698.0,2014-03-08T00:19:55Z,2014-03-08T00:51:42Z,4000000000.0,4599.5,248.43,2014-03-08T01:11:21Z,2014-03-08T01:43:38Z,0,138.6,16.0,138.6,16.0,138.6,14.9,144.8,14.7,105.5,0.206,100.5,0.116,95.5,0.0651,90.5,0.0366,85.5,0.0206,80.5,0.0116,75.5,0.00651
3275,0.0008,-41.25,86.75,2698.0,2014-03-08T00:19:55Z,2014-03-08T00:51:42Z,4000000000.0,4597.5,248.45,2014-03-08T01:11:19Z,2014-03-08T01:43:37Z,0,138.6,16.0,138.6,16.0,138.6,14.9,144.8,14.7,105.5,0.206,100.5,0.116,95.5,0.0651,90.5,0.0366,85.5,0.0206,80.5,0.0116,75.5,0.00651
H01W,0.00075,-41.25,87.25,2734.0,2014-03-08T00:23:56Z,2014-03-08T00:52:48Z,4000000000.0,2452.1,245.69,2014-03-08T00:51:29Z,2014-03-08T01:20:26Z,0,135.8,12.5,135.8,12.5,135.8,11.0,142.1,10.7,108.2,0.348,103.2,0.195,98.2,0.11,93.2,0.0618,88.2,0.0348,83.2,0.0195,78.2,0.011
H08S,0.00075,-41.25,87.25,2734.0,2014-03-08T00:23:56Z,2014-03-08T00:52:48Z,4000000000.0,3981.4,160.83,2014-03-08T01:08:25Z,2014-03-08T01:37:36Z,1,139.4,12.2,139.4,10.7,139.5,11.0,142.2,10.7,105.6,0.219,100.6,0.123,95.6,0.0693,90.6,0.039,85.6,0.0219,80.6,0.0123,75.6,0.00693
3315,0.00075,-41.25,87.25,2734.0,2014-03-08T00:23:56Z,2014-03-08T00:52:48Z,4000000000.0,2677.4,239.69,2014-03-08T00:54:00Z,2014-03-08T01:22:58Z,0,136.2,16.0,136.2,16.0,136.2,14.9,142.5,14.7,107.8,0.324,102.8,0.182,97.8,0.102,92.8,0.0576,87.8,0.0324,82.8,0.0182,77.8,0.0102
3376,0.00075,-41.25,87.25,2734.0,2014-03-08T00:23:56Z,2014-03-08T00:52:48Z,4000000000.0,2679.8,239.65,2014-03-08T00:54:02Z,2014-03-08T01:23:00Z,0,136.2,16.0,136.2,16.0,136.2,14.9,142.5,14.7,107.8,0.324,102.8,0.182,97.8,0.102,92.8,0.0575,87.8,0.0324,82.8,0.0182,77.8,0.0102
3250,0.00075,-41.25,87.25,2734.0,2014-03-08T00:23:56Z,2014-03-08T00:52:48Z,4000000000.0,4332.9,222.26,2014-03-08T01:12:29Z,2014-03-08T01:41:36Z,1,138.3,16.0,138.3,16.0,138.3,14.9,144.6,14.7,105.7,0.217,100.7,0.122,95.7,0.0685,90.7,0.0385,85.7,0.0217,80.7,0.0122,75.7,0.00685
3274,0.00075,-41.25,87.25,2734.0,2014-03-08T00:23:56Z,2014-03-08T00:52:48Z,4000000000.0,4560.5,248.68,2014-03-08T01:15:00Z,2014-03-08T01:44:15Z,0,138.5,16.0,138.5,16.0,138.5,14.9,144.8,14.7,105.5,0.207,100.5,0.117,95.5,0.0655,90.5,0.0369,85.5,0.0207,80.5,0.0117,75.5,0.00655
3275,0.00075,-41.25,87.25,2734.0,2014-03-08T00:23:56Z,2014-03-08T00:52:48Z,4000000000.0,4558.5,248.7,2014-03-08T01:14:59Z,2014-03-08T01:44:14Z,0,138.5,16.0,138.5,16.0,138.5,14.9,144.8,14.7,105.5,0.207,100.5,0.117,95.5,0.0656,90.5,0.0369,85.5,0.0207,80.5,0.0117,75.5,0.00656
H01W,0.00015,-41.25,87.75,2827.0,2014-03-08T00:42:51Z,2014-03-08T00:52:43Z,4000000000.0,2423.1,245.56,2014-03-08T01:09:55Z,2014-03-08T01:20:01Z,0,135.8,12.5,135.8,12.5,135.8,11.0,142.1,10.7,108.3,0.351,103.3,0.197,98.3,0.111,93.3,0.0624,88.3,0.0351,83.3,0.0197,78.3,0.0111
H08S,0.00015,-41.25,87.75,2827.0,2014-03-08T00:42:51Z,2014-03-08T00:52:43Z,4000000000.0,3995.7,160.43,2014-03-08T01:27:30Z,2014-03-08T01:37:45Z,0,139.4,12.2,139.4,10.7,139.5,11.0,142.2,10.7,105.6,0.218,100.6,0.123,95.6,0.0691,90.6,0.0389,85.6,0.0218,80.6,0.0123,75.6,0.00691
3315,0.00015,-41.25,87.75,2827.0,2014-03-08T00:42:51Z,2014-03-08T00:52:43Z,4000000000.0,2649.2,239.51,2014-03-08T01:12:26Z,2014-03-08T01:22:33Z,0,136.2,16.0,136.2,16.0,136.2,14.9,142.4,14.7,107.9,0.327,102.9,0.184,97.9,0.103,92.9,0.0581,87.9,0.0327,82.9,0.0184,77.9,0.0103
3376,0.00015,-41.25,87.75,2827.0,2014-03-08T00:42:51Z,2014-03-08T00:52:43Z,4000000000.0,2651.6,239.47,2014-03-08T01:12:28Z,2014-03-08T01:22:35Z,0,136.2,16.0,136.2,16.0,136.2,14.9,142.4,14.7,107.9,0.326,102.9,0.184,97.9,0.103,92.9,0.058,87.9,0.0326,82.9,0.0184,77.9,0.0103
3250,0.00015,-41.25,87.75,2827.0,2014-03-08T00:42:51Z,2014-03-08T00:52:43Z,4000000000.0,4308.6,222.04,2014-03-08T01:30:59Z,2014-03-08T01:41:15Z,1,138.3,16.0,138.3,16.0,138.3,14.9,144.6,14.7,105.8,0.218,100.8,0.122,95.8,0.0688,90.8,0.0387,85.8,0.0218,80.8,0.0122,75.8,0.00688
3274,0.00015,-41.25,87.75,2827.0,2014-03-08T00:42:51Z,2014-03-08T00:52:43Z,4000000000.0,4531.6,248.75,2014-03-08T01:33:28Z,2014-03-08T01:43:49Z,0,138.5,16.0,138.5,16.0,138.5,14.9,144.8,14.7,105.5,0.208,100.5,0.117,95.5,0.0659,90.5,0.0371,85.5,0.0208,80.5,0.0117,75.5,0.00659
3275,0.00015,-41.25,87.75,2827.0,2014-03-08T00:42:51Z,2014-03-08T00:52:43Z,4000000000.0,4529.5,248.77,2014-03-08T01:33:27Z,2014-03-08T01:43:47Z,0,138.5,16.0,138.5,16.0,138.5,14.9,144.8,14.7,105.6,0.208,100.6,0.117,95.6,0.0659,90.6,0.0371,85.6,0.0208,80.6,0.0117,75.6,0.00659
H01W,5e-05,-40.75,81.75,2968.0,2014-03-08T00:34:22Z,2014-03-08T00:34:22Z,4000000000.0,2895.4,247.09,2014-03-08T01:06:42Z,2014-03-08T01:07:01Z,0,136.5,12.5,136.5,12.5,136.5,11.0,142.8,10.7,107.5,0.304,102.5,0.171,97.5,0.0961,92.5,0.054,87.5,0.0304,82.5,0.0171,77.5,0.00961
H08S,5e-05,-40.75,81.75,2968.0,2014-03-08T00:34:22Z,2014-03-08T00:34:22Z,4000000000.0,3798.5,167.24,2014-03-08T01:16:48Z,2014-03-08T01:17:12Z,0,139.2,12.2,139.2,10.7,139.3,11.0,142.0,10.7,105.8,0.228,100.8,0.128,95.8,0.0721,90.8,0.0406,85.8,0.0228,80.8,0.0128,75.8,0.00721
3315,5e-05,-40.75,81.75,2968.0,2014-03-08T00:34:22Z,2014-03-08T00:34:22Z,4000000000.0,3112.3,241.88,2014-03-08T01:09:08Z,2014-03-08T01:09:28Z,0,136.9,16.0,136.9,16.0,136.9,14.9,143.1,14.7,107.2,0.286,102.2,0.161,97.2,0.0906,92.2,0.0509,87.2,0.0286,82.2,0.0161,77.2,0.00906
3376,5e-05,-40.75,81.75,2968.0,2014-03-08T00:34:22Z,2014-03-08T00:34:22Z,4000000000.0,3114.6,241.84,2014-03-08T01:09:09Z,2014-03-08T01:09:29Z,0,136.9,16.0,136.9,16.0,136.9,14.9,143.1,14.7,107.2,0.286,102.2,0.161,97.2,0.0905,92.2,0.0509,87.2,0.0286,82.2,0.0161,77.2,0.00905
3250,5e-05,-40.75,81.75,2968.0,2014-03-08T00:34:22Z,2014-03-08T00:34:22Z,4000000000.0,4717.3,225.43,2014-03-08T01:27:04Z,2014-03-08T01:27:33Z,1,138.7,16.0,138.7,16.0,138.7,14.9,144.9,14.7,105.4,0.201,100.4,0.113,95.4,0.0636,90.4,0.0358,85.4,0.0201,80.4,0.0113,75.4,0.00636
3274,5e-05,-40.75,81.75,2968.0,2014-03-08T00:34:22Z,2014-03-08T00:34:22Z,4000000000.0,4996.6,247.34,2014-03-08T01:30:11Z,2014-03-08T01:30:42Z,0,138.9,16.0,138.9,16.0,138.9,14.9,145.2,14.7,105.1,0.191,100.1,0.108,95.1,0.0605,90.1,0.034,85.1,0.0191,80.1,0.0108,75.1,0.00605
3275,5e-05,-40.75,81.75,2968.0,2014-03-08T00:34:22Z,2014-03-08T00:34:22Z,4000000000.0,4994.6,247.35,2014-03-08T01:30:09Z,2014-03-08T01:30:41Z,0,138.9,16.0,138.9,16.0,138.9,14.9,145.2,14.7,105.1,0.191,100.1,0.108,95.1,0.0606,90.1,0.034,85.1,0.0191,80.1,0.0108,75.1,0.00606
H01W,0.00015,-40.75,82.25,3017.0,2014-03-08T00:23:55Z,2014-03-08T00:34:46Z,4000000000.0,2865.3,247.78,2014-03-08T00:55:43Z,2014-03-08T01:07:06Z,0,136.5,12.5,136.5,12.5,136.5,11.0,142.8,10.7,107.5,0.306,102.5,0.172,97.5,0.0969,92.5,0.0545,87.5,0.0306,82.5,0.0172,77.5,0.00969
H08S,0.00015,-40.75,82.25,3017.0,2014-03-08T00:23:55Z,2014-03-08T00:34:46Z,4000000000.0,3772.8,166.61,2014-03-08T01:06:33Z,2014-03-08T01:17:19Z,0,139.2,12.2,139.2,10.7,139.3,11.0,142.0,10.7,105.8,0.229,100.8,0.129,95.8,0.0725,90.8,0.0408,85.8,0.0229,80.8,0.0129,75.8,0.00725
3315,0.00015,-40.75,82.25,3017.0,2014-03-08T00:23:55Z,2014-03-08T00:34:46Z,4000000000.0,3078.7,242.48,2014-03-08T00:58:10Z,2014-03-08T01:09:31Z,0,136.8,16.0,136.8,16.0,136.8,14.9,143.1,14.7,107.2,0.289,102.2,0.162,97.2,0.0914,92.2,0.0514,87.2,0.0289,82.2,0.0162,77.2,0.00914
3376,0.00015,-40.75,82.25,3017.0,2014-03-08T00:23:55Z,2014-03-08T00:34:46Z,4000000000.0,3081.0,242.44,2014-03-08T00:58:11Z,2014-03-08T01:09:33Z,0,136.8,16.0,136.8,16.0,136.8,14.9,143.1,14.7,107.2,0.289,102.2,0.162,97.2,0.0913,92.2,0.0514,87.2,0.0289,82.2,0.0162,77.2,0.00913
3250,0.00015,-40.75,82.25,3017.0,2014-03-08T00:23:55Z,2014-03-08T00:34:46Z,4000000000.0,4678.8,225.71,2014-03-08T01:16:10Z,2014-03-08T01:27:32Z,1,138.6,16.0,138.6,16.0,138.6,14.9,144.9,14.7,105.4,0.203,100.4,0.114,95.4,0.0641,90.4,0.036,85.4,0.0203,80.4,0.0114,75.4,0.00641
3274,0.00015,-40.75,82.25,3017.0,2014-03-08T00:23:55Z,2014-03-08T00:34:46Z,4000000000.0,4981.9,247.86,2014-03-08T01:19:11Z,2014-03-08T01:30:57Z,0,138.9,16.0,138.9,16.0,138.9,14.9,145.2,14.7,105.1,0.192,100.1,0.108,95.1,0.0607,90.1,0.0341,85.1,0.0192,80.1,0.0108,75.1,0.00607
3275,0.00015,-40.75,82.25,3017.0,2014-03-08T00:23:55Z,2014-03-08T00:34:46Z,4000000000.0,4979.9,247.87,2014-03-08T01:19:09Z,2014-03-08T01:30:56Z,0,138.9,16.0,138.9,16.0,138.9,14.9,145.2,14.7,105.1,0.192,100.1,0.108,95.1,0.0607,90.1,0.0341,85.1,0.0192,80.1,0.0108,75.1,0.00607
H01W,0.0001,-40.75,82.75,3089.0,2014-03-08T00:34:52Z,2014-03-08T00:49:18Z,4000000000.0,2817.4,247.12,2014-03-08T01:06:11Z,2014-03-08T01:21:13Z,0,136.4,12.5,136.4,12.5,136.4,11.0,142.7,10.7,107.6,0.311,102.6,0.175,97.6,0.0983,92.6,0.0553,87.6,0.0311,82.6,0.0175,77.6,0.00983
H08S,0.0001,-40.75,82.75,3089.0,2014-03-08T00:34:52Z,2014-03-08T00:49:18Z,4000000000.0,3816.8,166.02,2014-03-08T01:17:23Z,2014-03-08T01:32:27Z,0,139.2,12.2,139.2,10.7,139.3,11.0,142.0,10.7,105.8,0.227,100.8,0.128,95.8,0.0718,90.8,0.0404,85.8,0.0227,80.8,0.0128,75.8,0.00718
3315,0.0001,-40.75,82.75,3089.0,2014-03-08T00:34:52Z,2014-03-08T00:49:18Z,4000000000.0,3034.5,241.77,2014-03-08T01:08:36Z,2014-03-08T01:23:41Z,0,136.7,16.0,136.7,16.0,136.7,14.9,143.0,14.7,107.3,0.292,102.3,0.164,97.3,0.0925,92.3,0.052,87.3,0.0292,82.3,0.0164,77.3,0.00925
3376,0.0001,-40.75,82.75,3089.0,2014-03-08T00:34:52Z,2014-03-08T00:49:18Z,4000000000.0,3036.9,241.73,2014-03-08T01:08:37Z,2014-03-08T01:23:43Z,0,136.7,16.0,136.7,16.0,136.7,14.9,143.0,14.7,107.3,0.292,102.3,0.164,97.3,0.0924,92.3,0.052,87.3,0.0292,82.3,0.0164,77.3,0.00924
3250,0.0001,-40.75,82.75,3089.0,2014-03-08T00:34:52Z,2014-03-08T00:49:18Z,4000000000.0,4644.6,225.05,2014-03-08T01:26:33Z,2014-03-08T01:41:52Z,1,138.6,16.0,138.6,16.0,138.6,14.9,144.9,14.7,105.4,0.204,100.4,0.115,95.4,0.0645,90.4,0.0363,85.4,0.0204,80.4,0.0115,75.4,0.00645
3274,0.0001,-40.75,82.75,3089.0,2014-03-08T00:34:52Z,2014-03-08T00:49:18Z,4000000000.0,4924.0,247.7,2014-03-08T01:29:47Z,2014-03-08T01:44:55Z,0,138.8,16.0,138.8,16.0,138.8,14.9,145.1,14.7,105.2,0.194,100.2,0.109,95.2,0.0613,90.2,0.0345,85.2,0.0194,80.2,0.0109,75.2,0.00613
3275,0.0001,-40.75,82.75,3089.0,2014-03-08T00:34:52Z,2014-03-08T00:49:18Z,4000000000.0,4922.0,247.71,2014-03-08T01:29:45Z,2014-03-08T01:44:53Z,0,138.8,16.0,138.8,16.0,138.8,14.9,145.1,14.7,105.2,0.194,100.2,0.109,95.2,0.0613,90.2,0.0345,85.2,0.0194,80.2,0.0109,75.2,0.00613
H01W,0.0003,-40.75,83.25,3179.0,2014-03-08T00:24:01Z,2014-03-08T00:43:45Z,4000000000.0,2779.7,247.35,2014-03-08T00:54:55Z,2014-03-08T01:14:53Z,0,136.4,12.5,136.4,12.5,136.4,11.0,142.6,10.7,107.7,0.314,102.7,0.177,97.7,0.0993,92.7,0.0559,87.7,0.0314,82.7,0.0177,77.7,0.00993
H08S,0.0003,-40.75,83.25,3179.0,2014-03-08T00:24:01Z,2014-03-08T00:43:45Z,4000000000.0,3814.0,165.35,2014-03-08T01:06:43Z,2014-03-08T01:26:36Z,0,139.2,12.2,139.2,10.7,139.3,11.0,142.0,10.7,105.8,0.227,100.8,0.128,95.8,0.0719,90.8,0.0404,85.8,0.0227,80.8,0.0128,75.8,0.00719
3315,0.0003,-40.75,83.25,3179.0,2014-03-08T00:24:01Z,2014-03-08T00:43:45Z,4000000000.0,2995.0,241.93,2014-03-08T00:57:20Z,2014-03-08T01:17:18Z,0,136.7,16.0,136.7,16.0,136.7,14.9,143.0,14.7,107.3,0.296,102.3,0.166,97.3,0.0935,92.3,0.0526,87.3,0.0296,82.3,0.0166,77.3,0.00935
3376,0.0003,-40.75,83.25,3179.0,2014-03-08T00:24:01Z,2014-03-08T00:43:45Z,4000000000.0,2997.3,241.89,2014-03-08T00:57:22Z,2014-03-08T01:17:20Z,0,136.7,16.0,136.7,16.0,136.7,14.9,143.0,14.7,107.3,0.295,102.3,0.166,97.3,0.0934,92.3,0.0525,87.3,0.0295,82.3,0.0166,77.3,0.00934
3250,0.0003,-40.75,83.25,3179.0,2014-03-08T00:24:01Z,2014-03-08T00:43:45Z,4000000000.0,4601.6,225.03,2014-03-08T01:15:20Z,2014-03-08T01:35:24Z,1,138.6,16.0,138.6,16.0,138.6,14.9,144.8,14.7,105.5,0.206,100.5,0.116,95.5,0.065,90.5,0.0366,85.5,0.0206,80.5,0.0116,75.5,0.0065
3274,0.0003,-40.75,83.25,3179.0,2014-03-08T00:24:01Z,2014-03-08T00:43:45Z,4000000000.0,4896.1,248.01,2014-03-08T01:18:31Z,2014-03-08T01:38:48Z,0,138.8,16.0,138.8,16.0,138.8,14.9,145.1,14.7,105.2,0.195,100.2,0.11,95.2,0.0616,90.2,0.0346,85.2,0.0195,80.2,0.011,75.2,0.00616
3275,0.0003,-40.75,83.25,3179.0,2014-03-08T00:24:01Z,2014-03-08T00:43:45Z,4000000000.0,4894.1,248.02,2014-03-08T01:18:30Z,2014-03-08T01:38:47Z,0,138.8,16.0,138.8,16.0,138.8,14.9,145.1,14.7,105.2,0.195,100.2,0.11,95.2,0.0616,90.2,0.0347,85.2,0.0195,80.2,0.011,75.2,0.00616
H01W,0.00065,-40.75,83.75,3294.0,2014-03-08T00:23:09Z,2014-03-08T00:54:58Z,4000000000.0,2729.1,247.5,2014-03-08T00:53:53Z,2014-03-08T01:25:44Z,0,136.3,12.5,136.3,12.5,136.3,11.0,142.6,10.7,107.8,0.319,102.8,0.179,97.8,0.101,92.8,0.0567,87.8,0.0319,82.8,0.0179,77.8,0.0101
H08S,0.00065,-40.75,83.75,3294.0,2014-03-08T00:23:09Z,2014-03-08T00:54:58Z,4000000000.0,3823.0,164.63,2014-03-08T01:05:44Z,2014-03-08T01:37:58Z,0,139.2,12.2,139.2,10.7,139.3,11.0,142.0,10.7,105.8,0.227,100.8,0.128,95.8,0.0717,90.8,0.0403,85.8,0.0227,80.8,0.0128,75.8,0.00717
3315,0.00065,-40.75,83.75,3294.0,2014-03-08T00:23:09Z,2014-03-08T00:54:58Z,4000000000.0,2945.5,241.98,2014-03-08T00:56:17Z,2014-03-08T01:28:10Z,0,136.6,16.0,136.6,16.0,136.6,14.9,142.9,14.7,107.4,0.3,102.4,0.169,97.4,0.0948,92.4,0.0533,87.4,0.03,82.4,0.0169,77.4,0.00948
3376,0.00065,-40.75,83.75,3294.0,2014-03-08T00:23:09Z,2014-03-08T00:54:58Z,4000000000.0,2947.8,241.94,2014-03-08T00:56:19Z,2014-03-08T01:28:11Z,0,136.6,16.0,136.6,16.0,136.6,14.9,142.9,14.7,107.4,0.299,102.4,0.168,97.4,0.0947,92.4,0.0533,87.4,0.0299,82.4,0.0168,77.4,0.00947
3250,0.00065,-40.75,83.75,3294.0,2014-03-08T00:23:09Z,2014-03-08T00:54:58Z,4000000000.0,4559.1,224.81,2014-03-08T01:14:15Z,2014-03-08T01:46:18Z,1,138.5,16.0,138.5,16.0,138.5,14.9,144.8,14.7,105.5,0.207,100.5,0.117,95.5,0.0656,90.5,0.0369,85.5,0.0207,80.5,0.0117,75.5,0.00656
3274,0.00065,-40.75,83.75,3294.0,2014-03-08T00:23:09Z,2014-03-08T00:54:58Z,4000000000.0,4843.5,248.33,2014-03-08T01:17:34Z,2014-03-08T01:49:40Z,0,138.8,16.0,138.8,16.0,138.8,14.9,145.1,14.7,105.3,0.197,100.3,0.111,95.3,0.0622,90.3,0.035,85.3,0.0197,80.3,0.0111,75.3,0.00622
3275,0.00065,-40.75,83.75,3294.0,2014-03-08T00:23:09Z,2014-03-08T00:54:58Z,4000000000.0,4841.5,248.34,2014-03-08T01:17:32Z,2014-03-08T01:49:39Z,0,138.8,16.0,138.8,16.0,138.8,14.9,145.1,14.7,105.3,0.197,100.3,0.111,95.3,0.0622,90.3,0.035,85.3,0.0197,80.3,0.0111,75.3,0.00622
H01W,0.0009,-40.75,84.25,3359.0,2014-03-08T00:25:35Z,2014-03-08T00:54:20Z,4000000000.0,2699.5,247.06,2014-03-08T00:55:32Z,2014-03-08T01:24:37Z,0,136.2,12.5,136.2,12.5,136.2,11.0,142.5,10.7,107.8,0.322,102.8,0.181,97.8,0.102,92.8,0.0572,87.8,0.0322,82.8,0.0181,77.8,0.0102
H08S,0.0009,-40.75,84.25,3359.0,2014-03-08T00:25:35Z,2014-03-08T00:54:20Z,4000000000.0,3850.6,164.19,2014-03-08T01:08:41Z,2014-03-08T01:37:53Z,0,139.3,12.2,139.3,10.7,139.3,11.0,142.1,10.7,105.7,0.225,100.7,0.127,95.7,0.0713,90.7,0.0401,85.7,0.0225,80.7,0.0127,75.7,0.00713
3315,0.0009,-40.75,84.25,3359.0,2014-03-08T00:25:35Z,2014-03-08T00:54:20Z,4000000000.0,2916.5,241.49,2014-03-08T00:57:58Z,2014-03-08T01:27:05Z,0,136.6,16.0,136.6,16.0,136.6,14.9,142.9,14.7,107.5,0.302,102.5,0.17,97.5,0.0955,92.5,0.0537,87.5,0.0302,82.5,0.017,77.5,0.00955
3376,0.0009,-40.75,84.25,3359.0,2014-03-08T00:25:35Z,2014-03-08T00:54:20Z,4000000000.0,2918.9,241.45,2014-03-08T00:58:00Z,2014-03-08T01:27:07Z,0,136.6,16.0,136.6,16.0,136.6,14.9,142.9,14.7,107.5,0.302,102.5,0.17,97.5,0.0955,92.5,0.0537,87.5,0.0302,82.5,0.017,77.5,0.00955
3250,0.0009,-40.75,84.25,3359.0,2014-03-08T00:25:35Z,2014-03-08T00:54:20Z,4000000000.0,4533.8,224.41,2014-03-08T01:16:05Z,2014-03-08T01:45:23Z,1,138.5,16.0,138.5,16.0,138.5,14.9,144.8,14.7,105.5,0.208,100.5,0.117,95.5,0.0659,90.5,0.037,85.5,0.0208,80.5,0.0117,75.5,0.00659
3274,0.0009,-40.75,84.25,3359.0,2014-03-08T00:25:35Z,2014-03-08T00:54:20Z,4000000000.0,4811.1,248.24,2014-03-08T01:19:09Z,2014-03-08T01:48:26Z,0,138.7,16.0,138.7,16.0,138.7,14.9,145.0,14.7,105.3,0.198,100.3,0.111,95.3,0.0626,90.3,0.0352,85.3,0.0198,80.3,0.0111,75.3,0.00626
3275,0.0009,-40.75,84.25,3359.0,2014-03-08T00:25:35Z,2014-03-08T00:54:20Z,4000000000.0,4809.0,248.25,2014-03-08T01:19:07Z,2014-03-08T01:48:25Z,0,138.7,16.0,138.7,16.0,138.7,14.9,145.0,14.7,105.3,0.198,100.3,0.111,95.3,0.0626,90.3,0.0352,85.3,0.0198,80.3,0.0111,75.3,0.00626
H01W,0.00165,-40.75,84.75,3298.0,2014-03-08T00:19:57Z,2014-03-08T00:53:56Z,4000000000.0,2655.1,247.14,2014-03-08T00:49:24Z,2014-03-08T01:23:41Z,0,136.2,12.5,136.2,12.5,136.2,11.0,142.5,10.7,107.9,0.326,102.9,0.183,97.9,0.103,92.9,0.058,87.9,0.0326,82.9,0.0183,77.9,0.0103
H08S,0.00165,-40.75,84.75,3298.0,2014-03-08T00:19:57Z,2014-03-08T00:53:56Z,4000000000.0,3864.6,163.55,2014-03-08T01:03:17Z,2014-03-08T01:37:20Z,0,139.3,12.2,139.3,10.7,139.4,11.0,142.1,10.7,105.7,0.225,100.7,0.126,95.7,0.0711,90.7,0.04,85.7,0.0225,80.7,0.0126,75.7,0.00711
3315,0.00165,-40.75,84.75,3298.0,2014-03-08T00:19:57Z,2014-03-08T00:53:56Z,4000000000.0,2873.4,241.44,2014-03-08T00:51:51Z,2014-03-08T01:26:07Z,0,136.5,16.0,136.5,16.0,136.5,14.9,142.8,14.7,107.5,0.306,102.5,0.172,97.5,0.0967,92.5,0.0544,87.5,0.0306,82.5,0.0172,77.5,0.00967
3376,0.00165,-40.75,84.75,3298.0,2014-03-08T00:19:57Z,2014-03-08T00:53:56Z,4000000000.0,2875.8,241.39,2014-03-08T00:51:53Z,2014-03-08T01:26:09Z,0,136.5,16.0,136.5,16.0,136.5,14.9,142.8,14.7,107.5,0.306,102.5,0.172,97.5,0.0966,92.5,0.0543,87.5,0.0306,82.5,0.0172,77.5,0.00966
3250,0.00165,-40.75,84.75,3298.0,2014-03-08T00:19:57Z,2014-03-08T00:53:56Z,4000000000.0,4494.9,224.17,2014-03-08T01:10:02Z,2014-03-08T01:44:22Z,1,138.5,16.0,138.5,16.0,138.5,14.9,144.7,14.7,105.6,0.21,100.6,0.118,95.6,0.0664,90.6,0.0373,85.6,0.021,80.6,0.0118,75.6,0.00664
3274,0.00165,-40.75,84.75,3298.0,2014-03-08T00:19:57Z,2014-03-08T00:53:56Z,4000000000.0,4771.9,248.45,2014-03-08T01:13:01Z,2014-03-08T01:47:38Z,0,138.7,16.0,138.7,16.0,138.7,14.9,145.0,14.7,105.3,0.199,100.3,0.112,95.3,0.063,90.3,0.0354,85.3,0.0199,80.3,0.0112,75.3,0.0063
3275,0.00165,-40.75,84.75,3298.0,2014-03-08T00:19:57Z,2014-03-08T00:53:56Z,4000000000.0,4769.9,248.47,2014-03-08T01:12:59Z,2014-03-08T01:47:37Z,0,138.7,16.0,138.7,16.0,138.7,14.9,145.0,14.7,105.3,0.199,100.3,0.112,95.3,0.063,90.3,0.0354,85.3,0.0199,80.3,0.0112,75.3,0.0063
H01W,0.00175,-40.75,85.25,3300.0,2014-03-08T00:20:37Z,2014-03-08T00:51:58Z,4000000000.0,2610.5,246.88,2014-03-08T00:49:58Z,2014-03-08T01:21:18Z,0,136.1,12.5,136.1,12.5,136.1,11.0,142.4,10.7,107.9,0.331,102.9,0.186,97.9,0.105,92.9,0.0588,87.9,0.0331,82.9,0.0186,77.9,0.0105
H08S,0.00175,-40.75,85.25,3300.0,2014-03-08T00:20:37Z,2014-03-08T00:51:58Z,4000000000.0,3883.7,162.88,2014-03-08T01:03:58Z,2014-03-08T01:35:31Z,0,139.3,12.2,139.3,10.7,139.4,11.0,142.1,10.7,105.7,0.224,100.7,0.126,95.7,0.0708,90.7,0.0398,85.7,0.0224,80.7,0.0126,75.7,0.00708
3315,0.00175,-40.75,85.25,3300.0,2014-03-08T00:20:37Z,2014-03-08T00:51:58Z,4000000000.0,2828.5,241.15,2014-03-08T00:52:25Z,2014-03-08T01:23:45Z,0,136.4,16.0,136.4,16.0,136.4,14.9,142.7,14.7,107.6,0.31,102.6,0.174,97.6,0.0979,92.6,0.0551,87.6,0.031,82.6,0.0174,77.6,0.00979
3376,0.00175,-40.75,85.25,3300.0,2014-03-08T00:20:37Z,2014-03-08T00:51:58Z,4000000000.0,2830.9,241.11,2014-03-08T00:52:26Z,2014-03-08T01:23:46Z,0,136.4,16.0,136.4,16.0,136.4,14.9,142.7,14.7,107.6,0.31,102.6,0.174,97.6,0.0979,92.6,0.055,87.6,0.031,82.6,0.0174,77.6,0.00979
3250,0.00175,-40.75,85.25,3300.0,2014-03-08T00:20:37Z,2014-03-08T00:51:58Z,4000000000.0,4454.1,223.82,2014-03-08T01:10:36Z,2014-03-08T01:42:01Z,1,138.4,16.0,138.4,16.0,138.4,14.9,144.7,14.7,105.6,0.212,100.6,0.119,95.6,0.0669,90.6,0.0376,85.6,0.0212,80.6,0.0119,75.6,0.00669
3274,0.00175,-40.75,85.25,3300.0,2014-03-08T00:20:37Z,2014-03-08T00:51:58Z,4000000000.0,4729.5,248.55,2014-03-08T01:13:35Z,2014-03-08T01:45:17Z,0,138.7,16.0,138.7,16.0,138.7,14.9,145.0,14.7,105.4,0.201,100.4,0.113,95.4,0.0635,90.4,0.0357,85.4,0.0201,80.4,0.0113,75.4,0.00635
3275,0.00175,-40.75,85.25,3300.0,2014-03-08T00:20:37Z,2014-03-08T00:51:58Z,4000000000.0,4727.5,248.57,2014-03-08T01:13:34Z,2014-03-08T01:45:16Z,0,138.7,16.0,138.7,16.0,138.7,14.9,145.0,14.7,105.4,0.201,100.4,0.113,95.4,0.0635,90.4,0.0357,85.4,0.0201,80.4,0.0113,75.4,0.00635
H01W,0.0018,-40.75,85.75,3427.0,2014-03-08T00:22:19Z,2014-03-08T00:53:22Z,4000000000.0,2562.4,246.97,2014-03-08T00:51:00Z,2014-03-08T01:22:08Z,0,136.0,12.5,136.0,12.5,136.0,11.0,142.3,10.7,108.0,0.336,103.0,0.189,98.0,0.106,93.0,0.0597,88.0,0.0336,83.0,0.0189,78.0,0.0106
H08S,0.0018,-40.75,85.75,3427.0,2014-03-08T00:22:19Z,2014-03-08T00:53:22Z,4000000000.0,3897.3,162.19,2014-03-08T01:05:58Z,2014-03-08T01:37:27Z,0,139.3,12.2,139.3,10.7,139.4,11.0,142.1,10.7,105.7,0.223,100.7,0.126,95.7,0.0706,90.7,0.0397,85.7,0.0223,80.7,0.0126,75.7,0.00706
3315,0.0018,-40.75,85.75,3427.0,2014-03-08T00:22:19Z,2014-03-08T00:53:22Z,4000000000.0,2782.0,241.11,2014-03-08T00:53:28Z,2014-03-08T01:24:36Z,0,136.4,16.0,136.4,16.0,136.4,14.9,142.7,14.7,107.7,0.314,102.7,0.177,97.7,0.0993,92.7,0.0558,87.7,0.0314,82.7,0.0177,77.7,0.00993
3376,0.0018,-40.75,85.75,3427.0,2014-03-08T00:22:19Z,2014-03-08T00:53:22Z,4000000000.0,2784.4,241.06,2014-03-08T00:53:29Z,2014-03-08T01:24:38Z,0,136.4,16.0,136.4,16.0,136.4,14.9,142.7,14.7,107.7,0.314,102.7,0.176,97.7,0.0992,92.7,0.0558,87.7,0.0314,82.7,0.0176,77.7,0.00992
3250,0.0018,-40.75,85.75,3427.0,2014-03-08T00:22:19Z,2014-03-08T00:53:22Z,4000000000.0,4412.9,223.57,2014-03-08T01:11:43Z,2014-03-08T01:43:02Z,1,138.4,16.0,138.4,16.0,138.4,14.9,144.7,14.7,105.7,0.213,100.7,0.12,95.7,0.0674,90.7,0.0379,85.7,0.0213,80.7,0.012,75.7,0.00674
3274,0.0018,-40.75,85.75,3427.0,2014-03-08T00:22:19Z,2014-03-08T00:53:22Z,4000000000.0,4683.4,248.82,2014-03-08T01:14:38Z,2014-03-08T01:46:01Z,0,138.6,16.0,138.6,16.0,138.6,14.9,144.9,14.7,105.4,0.203,100.4,0.114,95.4,0.064,90.4,0.036,85.4,0.0203,80.4,0.0114,75.4,0.0064
3275,0.0018,-40.75,85.75,3427.0,2014-03-08T00:22:19Z,2014-03-08T00:53:22Z,4000000000.0,4681.4,248.83,2014-03-08T01:14:36Z,2014-03-08T01:46:00Z,0,138.6,16.0,138.6,16.0,138.6,14.9,144.9,14.7,105.4,0.203,100.4,0.114,95.4,0.0641,90.4,0.036,85.4,0.0203,80.4,0.0114,75.4,0.00641
H01W,0.0026,-40.75,86.25,3037.0,2014-03-08T00:19:58Z,2014-03-08T00:53:39Z,4000000000.0,2530.4,246.91,2014-03-08T00:48:00Z,2014-03-08T01:22:24Z,0,136.0,12.5,136.0,12.5,136.0,11.0,142.2,10.7,108.1,0.339,103.1,0.191,98.1,0.107,93.1,0.0603,88.1,0.0339,83.1,0.0191,78.1,0.0107
H08S,0.0026,-40.75,86.25,3037.0,2014-03-08T00:19:58Z,2014-03-08T00:53:39Z,4000000000.0,3908.9,161.76,2014-03-08T01:03:37Z,2014-03-08T01:37:54Z,0,139.3,12.2,139.3,10.7,139.4,11.0,142.1,10.7,105.7,0.223,100.7,0.125,95.7,0.0704,90.7,0.0396,85.7,0.0223,80.7,0.0125,75.7,0.00704
3315,0.0026,-40.75,86.25,3037.0,2014-03-08T00:19:58Z,2014-03-08T00:53:39Z,4000000000.0,2749.3,241.0,2014-03-08T00:50:29Z,2014-03-08T01:24:54Z,0,136.3,16.0,136.3,16.0,136.3,14.9,142.6,14.7,107.7,0.317,102.7,0.178,97.7,0.1,92.7,0.0564,87.7,0.0317,82.7,0.0178,77.7,0.01
3376,0.0026,-40.75,86.25,3037.0,2014-03-08T00:19:58Z,2014-03-08T00:53:39Z,4000000000.0,2751.7,240.95,2014-03-08T00:50:31Z,2014-03-08T01:24:55Z,0,136.3,16.0,136.3,16.0,136.3,14.9,142.6,14.7,107.7,0.317,102.7,0.178,97.7,0.1,92.7,0.0563,87.7,0.0317,82.7,0.0178,77.7,0.01
3250,0.0026,-40.75,86.25,3037.0,2014-03-08T00:19:58Z,2014-03-08T00:53:39Z,4000000000.0,4386.0,223.37,2014-03-08T01:08:50Z,2014-03-08T01:43:23Z,1,138.3,16.0,138.3,16.0,138.3,14.9,144.6,14.7,105.7,0.214,100.7,0.121,95.7,0.0678,90.7,0.0381,85.7,0.0214,80.7,0.0121,75.7,0.00678
3274,0.0026,-40.75,86.25,3037.0,2014-03-08T00:19:58Z,2014-03-08T00:53:39Z,4000000000.0,4654.3,248.93,2014-03-08T01:11:38Z,2014-03-08T01:46:13Z,0,138.6,16.0,138.6,16.0,138.6,14.9,144.9,14.7,105.4,0.204,100.4,0.115,95.4,0.0644,90.4,0.0362,85.4,0.0204,80.4,0.0115,75.4,0.00644
3275,0.0026,-40.75,86.25,3037.0,2014-03-08T00:19:58Z,2014-03-08T00:53:39Z,4000000000.0,4652.2,248.95,2014-03-08T01:11:36Z,2014-03-08T01:46:12Z,0,138.6,16.0,138.6,16.0,138.6,14.9,144.9,14.7,105.4,0.204,100.4,0.115,95.4,0.0644,90.4,0.0362,85.4,0.0204,80.4,0.0115,75.4,0.00644
H01W,0.00245,-40.75,86.75,2887.0,2014-03-08T00:20:02Z,2014-03-08T00:53:50Z,4000000000.0,2486.1,247.0,2014-03-08T00:47:45Z,2014-03-08T01:21:48Z,0,135.9,12.5,135.9,12.5,135.9,11.0,142.2,10.7,108.2,0.344,103.2,0.193,98.2,0.109,93.2,0.0611,88.2,0.0344,83.2,0.0193,78.2,0.0109
H08S,0.00245,-40.75,86.75,2887.0,2014-03-08T00:20:02Z,2014-03-08T00:53:50Z,4000000000.0,3920.7,161.08,2014-03-08T01:03:43Z,2014-03-08T01:38:04Z,1,139.4,12.2,139.4,10.7,139.4,11.0,142.1,10.7,105.7,0.222,100.7,0.125,95.7,0.0702,90.7,0.0395,85.7,0.0222,80.7,0.0125,75.7,0.00702
3315,0.00245,-40.75,86.75,2887.0,2014-03-08T00:20:02Z,2014-03-08T00:53:50Z,4000000000.0,2706.9,240.98,2014-03-08T00:50:11Z,2014-03-08T01:24:17Z,0,136.3,16.0,136.3,16.0,136.3,14.9,142.5,14.7,107.8,0.321,102.8,0.181,97.8,0.102,92.8,0.0571,87.8,0.0321,82.8,0.0181,77.8,0.0102
3376,0.00245,-40.75,86.75,2887.0,2014-03-08T00:20:02Z,2014-03-08T00:53:50Z,4000000000.0,2709.2,240.94,2014-03-08T00:50:13Z,2014-03-08T01:24:19Z,0,136.3,16.0,136.3,16.0,136.3,14.9,142.5,14.7,107.8,0.321,102.8,0.18,97.8,0.101,92.8,0.057,87.8,0.0321,82.8,0.018,77.8,0.0101
3250,0.00245,-40.75,86.75,2887.0,2014-03-08T00:20:02Z,2014-03-08T00:53:50Z,4000000000.0,4344.6,223.14,2014-03-08T01:08:26Z,2014-03-08T01:42:45Z,1,138.3,16.0,138.3,16.0,138.3,14.9,144.6,14.7,105.7,0.216,100.7,0.122,95.7,0.0683,90.7,0.0384,85.7,0.0216,80.7,0.0122,75.7,0.00683
3274,0.00245,-40.75,86.75,2887.0,2014-03-08T00:20:02Z,2014-03-08T00:53:50Z,4000000000.0,4609.0,249.21,2014-03-08T01:11:34Z,2014-03-08T01:45:47Z,0,138.6,16.0,138.6,16.0,138.6,14.9,144.8,14.7,105.5,0.205,100.5,0.115,95.5,0.0649,90.5,0.0365,85.5,0.0205,80.5,0.0115,75.5,0.00649
3275,0.00245,-40.75,86.75,2887.0,2014-03-08T00:20:02Z,2014-03-08T00:53:50Z,4000000000.0,4607.0,249.22,2014-03-08T01:11:32Z,2014-03-08T01:45:46Z,0,138.6,16.0,138.6,16.0,138.6,14.9,144.8,14.7,105.5,0.205,100.5,0.116,95.5,0.065,90.5,0.0365,85.5,0.0205,80.5,0.0116,75.5,0.0065
H01W,0.00215,-40.75,87.25,2828.0,2014-03-08T00:21:15Z,2014-03-08T00:52:35Z,4000000000.0,2452.4,246.58,2014-03-08T00:48:29Z,2014-03-08T01:20:23Z,0,135.8,12.5,135.8,12.5,135.8,11.0,142.1,10.7,108.2,0.347,103.2,0.195,98.2,0.11,93.2,0.0618,88.2,0.0347,83.2,0.0195,78.2,0.011
H08S,0.00215,-40.75,87.25,2828.0,2014-03-08T00:21:15Z,2014-03-08T00:52:35Z,4000000000.0,3949.9,160.62,2014-03-08T01:05:18Z,2014-03-08T01:37:15Z,0,139.4,12.2,139.4,10.7,139.5,11.0,142.2,10.7,105.6,0.221,100.6,0.124,95.6,0.0698,90.6,0.0392,85.6,0.0221,80.6,0.0124,75.6,0.00698
3315,0.00215,-40.75,87.25,2828.0,2014-03-08T00:21:15Z,2014-03-08T00:52:35Z,4000000000.0,2672.7,240.49,2014-03-08T00:50:58Z,2014-03-08T01:22:54Z,0,136.2,16.0,136.2,16.0,136.2,14.9,142.5,14.7,107.8,0.324,102.8,0.182,97.8,0.103,92.8,0.0577,87.8,0.0324,82.8,0.0182,77.8,0.0103
3376,0.00215,-40.75,87.25,2828.0,2014-03-08T00:21:15Z,2014-03-08T00:52:35Z,4000000000.0,2675.2,240.45,2014-03-08T00:51:00Z,2014-03-08T01:22:55Z,0,136.2,16.0,136.2,16.0,136.2,14.9,142.5,14.7,107.8,0.324,102.8,0.182,97.8,0.102,92.8,0.0576,87.8,0.0324,82.8,0.0182,77.8,0.0102
3250,0.00215,-40.75,87.25,2828.0,2014-03-08T00:21:15Z,2014-03-08T00:52:35Z,4000000000.0,4316.0,222.7,2014-03-08T01:09:24Z,2014-03-08T01:41:30Z,1,138.3,16.0,138.3,16.0,138.3,14.9,144.6,14.7,105.8,0.217,100.8,0.122,95.8,0.0687,90.8,0.0387,85.8,0.0217,80.8,0.0122,75.8,0.00687
3274,0.00215,-40.75,87.25,2828.0,2014-03-08T00:21:15Z,2014-03-08T00:52:35Z,4000000000.0,4573.5,249.17,2014-03-08T01:12:10Z,2014-03-08T01:44:13Z,0,138.5,16.0,138.5,16.0,138.5,14.9,144.8,14.7,105.5,0.207,100.5,0.116,95.5,0.0654,90.5,0.0368,85.5,0.0207,80.5,0.0116,75.5,0.00654
3275,0.00215,-40.75,87.25,2828.0,2014-03-08T00:21:15Z,2014-03-08T00:52:35Z,4000000000.0,4571.5,249.18,2014-03-08T01:12:09Z,2014-03-08T01:44:12Z,0,138.5,16.0,138.5,16.0,138.5,14.9,144.8,14.7,105.5,0.207,100.5,0.116,95.5,0.0654,90.5,0.0368,85.5,0.0207,80.5,0.0116,75.5,0.00654
H01W,0.0017,-40.75,87.75,2848.0,2014-03-08T00:21:17Z,2014-03-08T00:54:48Z,4000000000.0,2403.7,246.6,2014-03-08T00:47:55Z,2014-03-08T01:21:56Z,0,135.7,12.5,135.7,12.5,135.7,11.0,142.0,10.7,108.3,0.353,103.3,0.199,98.3,0.112,93.3,0.0628,88.3,0.0353,83.3,0.0199,78.3,0.0112
H08S,0.0017,-40.75,87.75,2848.0,2014-03-08T00:21:17Z,2014-03-08T00:54:48Z,4000000000.0,3962.0,159.91,2014-03-08T01:05:27Z,2014-03-08T01:39:23Z,0,139.4,12.2,139.4,10.7,139.5,11.0,142.2,10.7,105.6,0.22,100.6,0.124,95.6,0.0696,90.6,0.0391,85.6,0.022,80.6,0.0124,75.6,0.00696
3315,0.0017,-40.75,87.75,2848.0,2014-03-08T00:21:17Z,2014-03-08T00:54:48Z,4000000000.0,2625.0,240.41,2014-03-08T00:50:23Z,2014-03-08T01:24:25Z,0,136.1,16.0,136.1,16.0,136.1,14.9,142.4,14.7,107.9,0.329,102.9,0.185,97.9,0.104,92.9,0.0585,87.9,0.0329,82.9,0.0185,77.9,0.0104
3376,0.0017,-40.75,87.75,2848.0,2014-03-08T00:21:17Z,2014-03-08T00:54:48Z,4000000000.0,2627.4,240.37,2014-03-08T00:50:24Z,2014-03-08T01:24:27Z,0,136.1,16.0,136.1,16.0,136.1,14.9,142.4,14.7,107.9,0.329,102.9,0.185,97.9,0.104,92.9,0.0585,87.9,0.0329,82.9,0.0185,77.9,0.0104
3250,0.0017,-40.75,87.75,2848.0,2014-03-08T00:21:17Z,2014-03-08T00:54:48Z,4000000000.0,4272.2,222.48,2014-03-08T01:08:45Z,2014-03-08T01:42:58Z,1,138.2,16.0,138.2,16.0,138.2,14.9,144.5,14.7,105.8,0.219,100.8,0.123,95.8,0.0693,90.8,0.039,85.8,0.0219,80.8,0.0123,75.8,0.00693
3274,0.0017,-40.75,87.75,2848.0,2014-03-08T00:21:17Z,2014-03-08T00:54:48Z,4000000000.0,4526.1,249.44,2014-03-08T01:11:45Z,2014-03-08T01:45:56Z,0,138.5,16.0,138.5,16.0,138.5,14.9,144.8,14.7,105.6,0.209,100.6,0.117,95.6,0.066,90.6,0.0371,85.6,0.0209,80.6,0.0117,75.6,0.0066
3275,0.0017,-40.75,87.75,2848.0,2014-03-08T00:21:17Z,2014-03-08T00:54:48Z,4000000000.0,4524.0,249.45,2014-03-08T01:11:44Z,2014-03-08T01:45:55Z,0,138.5,16.0,138.5,16.0,138.5,14.9,144.8,14.7,105.6,0.209,100.6,0.117,95.6,0.066,90.6,0.0371,85.6,0.0209,80.6,0.0117,75.6,0.0066
H01W,0.00085,-40.75,88.25,3018.0,2014-03-08T00:20:58Z,2014-03-08T00:52:28Z,4000000000.0,2369.8,246.8,2014-03-08T00:47:23Z,2014-03-08T01:18:59Z,0,135.7,12.5,135.7,12.5,135.7,11.0,142.0,10.7,108.4,0.357,103.4,0.201,98.4,0.113,93.4,0.0635,88.4,0.0357,83.4,0.0201,78.4,0.0113
H08S,0.00085,-40.75,88.25,3018.0,2014-03-08T00:20:58Z,2014-03-08T00:52:28Z,4000000000.0,3969.8,159.41,2014-03-08T01:05:26Z,2014-03-08T01:37:13Z,0,139.4,12.2,139.4,10.7,139.5,11.0,142.2,10.7,105.6,0.22,100.6,0.124,95.6,0.0695,90.6,0.0391,85.6,0.022,80.6,0.0124,75.6,0.00695
3315,0.00085,-40.75,88.25,3018.0,2014-03-08T00:20:58Z,2014-03-08T00:52:28Z,4000000000.0,2591.5,240.51,2014-03-08T00:49:52Z,2014-03-08T01:21:29Z,0,136.1,16.0,136.1,16.0,136.1,14.9,142.3,14.7,108.0,0.332,103.0,0.187,98.0,0.105,93.0,0.0591,88.0,0.0332,83.0,0.0187,78.0,0.0105
3376,0.00085,-40.75,88.25,3018.0,2014-03-08T00:20:58Z,2014-03-08T00:52:28Z,4000000000.0,2593.9,240.47,2014-03-08T00:49:54Z,2014-03-08T01:21:30Z,0,136.1,16.0,136.1,16.0,136.1,14.9,142.3,14.7,108.0,0.332,103.0,0.187,98.0,0.105,93.0,0.0591,88.0,0.0332,83.0,0.0187,78.0,0.0105
3250,0.00085,-40.75,88.25,3018.0,2014-03-08T00:20:58Z,2014-03-08T00:52:28Z,4000000000.0,4239.0,222.33,2014-03-08T01:08:21Z,2014-03-08T01:40:04Z,1,138.2,16.0,138.2,16.0,138.2,14.9,144.5,14.7,105.8,0.221,100.8,0.124,95.8,0.0698,90.8,0.0393,85.8,0.0221,80.8,0.0124,75.8,0.00698
3274,0.00085,-40.75,88.25,3018.0,2014-03-08T00:20:58Z,2014-03-08T00:52:28Z,4000000000.0,4498.8,249.73,2014-03-08T01:11:07Z,2014-03-08T01:43:04Z,0,138.5,16.0,138.5,16.0,138.5,14.9,144.7,14.7,105.6,0.21,100.6,0.118,95.6,0.0663,90.6,0.0373,85.6,0.021,80.6,0.0118,75.6,0.00663
3275,0.00085,-40.75,88.25,3018.0,2014-03-08T00:20:58Z,2014-03-08T00:52:28Z,4000000000.0,4496.8,249.74,2014-03-08T01:11:06Z,2014-03-08T01:43:03Z,0,138.5,16.0,138.5,16.0,138.5,14.9,144.7,14.7,105.6,0.21,100.6,0.118,95.6,0.0663,90.6,0.0373,85.6,0.021,80.6,0.0118,75.6,0.00663
H01W,5e-05,-40.75,88.75,2999.0,2014-03-08T00:22:57Z,2014-03-08T00:22:57Z,4000000000.0,2319.4,246.83,2014-03-08T00:48:51Z,2014-03-08T00:49:06Z,0,135.6,12.5,135.6,12.5,135.6,11.0,141.9,10.7,108.5,0.363,103.5,0.204,98.5,0.115,93.5,0.0646,88.5,0.0363,83.5,0.0204,78.5,0.0115
H08S,5e-05,-40.75,88.75,2999.0,2014-03-08T00:22:57Z,2014-03-08T00:22:57Z,4000000000.0,3982.7,158.67,2014-03-08T01:07:26Z,2014-03-08T01:07:51Z,0,139.4,12.2,139.4,10.7,139.5,11.0,142.2,10.7,105.6,0.219,100.6,0.123,95.6,0.0693,90.6,0.039,85.6,0.0219,80.6,0.0123,75.6,0.00693
3315,5e-05,-40.75,88.75,2999.0,2014-03-08T00:22:57Z,2014-03-08T00:22:57Z,4000000000.0,2540.5,240.41,2014-03-08T00:51:19Z,2014-03-08T00:51:35Z,0,136.0,16.0,136.0,16.0,136.0,14.9,142.3,14.7,108.1,0.338,103.1,0.19,98.1,0.107,93.1,0.0601,88.1,0.0338,83.1,0.019,78.1,0.0107
3376,5e-05,-40.75,88.75,2999.0,2014-03-08T00:22:57Z,2014-03-08T00:22:57Z,4000000000.0,2542.9,240.36,2014-03-08T00:51:21Z,2014-03-08T00:51:37Z,0,136.0,16.0,136.0,16.0,136.0,14.9,142.3,14.7,108.1,0.338,103.1,0.19,98.1,0.107,93.1,0.06,88.1,0.0338,83.1,0.019,78.1,0.0107
3250,5e-05,-40.75,88.75,2999.0,2014-03-08T00:22:57Z,2014-03-08T00:22:57Z,4000000000.0,4192.8,222.09,2014-03-08T01:09:47Z,2014-03-08T01:10:13Z,1,138.2,16.0,138.2,16.0,138.2,14.9,144.4,14.7,105.9,0.223,100.9,0.125,95.9,0.0705,90.9,0.0396,85.9,0.0223,80.9,0.0125,75.9,0.00705
3274,5e-05,-40.75,88.75,2999.0,2014-03-08T00:22:57Z,2014-03-08T00:22:57Z,4000000000.0,4455.4,249.97,2014-03-08T01:12:43Z,2014-03-08T01:13:11Z,0,138.4,16.0,138.4,16.0,138.4,14.9,144.7,14.7,105.6,0.211,100.6,0.119,95.6,0.0669,90.6,0.0376,85.6,0.0211,80.6,0.0119,75.6,0.00669
3275,5e-05,-40.75,88.75,2999.0,2014-03-08T00:22:57Z,2014-03-08T00:22:57Z,4000000000.0,4453.3,249.98,2014-03-08T01:12:41Z,2014-03-08T01:13:10Z,0,138.4,16.0,138.4,16.0,138.4,14.9,144.7,14.7,105.6,0.212,100.6,0.119,95.6,0.0669,90.6,0.0376,85.6,0.0212,80.6,0.0119,75.6,0.00669
H01W,0.0001,-40.25,81.75,3311.0,2014-03-08T00:31:27Z,2014-03-08T00:41:50Z,4000000000.0,2908.9,248.6,2014-03-08T01:03:51Z,2014-03-08T01:14:45Z,0,136.6,12.5,136.6,12.5,136.6,11.0,142.8,10.7,107.5,0.303,102.5,0.17,97.5,0.0957,92.5,0.0538,87.5,0.0303,82.5,0.017,77.5,0.00957
H08S,0.0001,-40.25,81.75,3311.0,2014-03-08T00:31:27Z,2014-03-08T00:41:50Z,4000000000.0,3723.7,167.14,2014-03-08T01:13:02Z,2014-03-08T01:23:51Z,0,139.1,12.2,139.1,10.7,139.2,11.0,141.9,10.7,105.9,0.232,100.9,0.13,95.9,0.0734,90.9,0.0413,85.9,0.0232,80.9,0.013,75.9,0.00734
3315,0.0001,-40.25,81.75,3311.0,2014-03-08T00:31:27Z,2014-03-08T00:41:50Z,4000000000.0,3118.9,243.31,2014-03-08T01:06:12Z,2014-03-08T01:17:07Z,0,136.9,16.0,136.9,16.0,136.9,14.9,143.1,14.7,107.2,0.286,102.2,0.161,97.2,0.0904,92.2,0.0508,87.2,0.0286,82.2,0.0161,77.2,0.00904
3376,0.0001,-40.25,81.75,3311.0,2014-03-08T00:31:27Z,2014-03-08T00:41:50Z,4000000000.0,3121.2,243.27,2014-03-08T01:06:13Z,2014-03-08T01:17:08Z,0,136.9,16.0,136.9,16.0,136.9,14.9,143.2,14.7,107.2,0.286,102.2,0.161,97.2,0.0903,92.2,0.0508,87.2,0.0286,82.2,0.0161,77.2,0.00903
3250,0.0001,-40.25,81.75,3311.0,2014-03-08T00:31:27Z,2014-03-08T00:41:50Z,4000000000.0,4701.5,226.41,2014-03-08T01:23:52Z,2014-03-08T01:34:58Z,1,138.6,16.0,138.6,16.0,138.6,14.9,144.9,14.7,105.4,0.202,100.4,0.114,95.4,0.0638,90.4,0.0359,85.4,0.0202,80.4,0.0114,75.4,0.00638
3274,0.0001,-40.25,81.75,3311.0,2014-03-08T00:31:27Z,2014-03-08T00:41:50Z,4000000000.0,5034.3,248.16,2014-03-08T01:27:37Z,2014-03-08T01:38:41Z,0,138.9,16.0,138.9,16.0,138.9,14.9,145.2,14.7,105.1,0.19,100.1,0.107,95.1,0.0601,90.1,0.0338,85.1,0.019,80.1,0.0107,75.1,0.00601
3275,0.0001,-40.25,81.75,3311.0,2014-03-08T00:31:27Z,2014-03-08T00:41:50Z,4000000000.0,5032.3,248.17,2014-03-08T01:27:36Z,2014-03-08T01:38:40Z,0,138.9,16.0,138.9,16.0,138.9,14.9,145.2,14.7,105.1,0.19,100.1,0.107,95.1,0.0602,90.1,0.0338,85.1,0.019,80.1,0.0107,75.1,0.00602
H01W,0.0001,-40.25,82.25,3122.0,2014-03-08T00:47:48Z,2014-03-08T00:52:21Z,4000000000.0,2854.0,248.48,2014-03-08T01:19:43Z,2014-03-08T01:24:31Z,0,136.5,12.5,136.5,12.5,136.5,11.0,142.8,10.7,107.6,0.307,102.6,0.173,97.6,0.0972,92.6,0.0547,87.6,0.0307,82.6,0.0173,77.6,0.00972
H08S,0.0001,-40.25,82.25,3122.0,2014-03-08T00:47:48Z,2014-03-08T00:52:21Z,4000000000.0,3744.1,166.31,2014-03-08T01:29:21Z,2014-03-08T01:34:51Z,0,139.2,12.2,139.2,10.7,139.2,11.0,141.9,10.7,105.9,0.231,100.9,0.13,95.9,0.073,90.9,0.0411,85.9,0.0231,80.9,0.013,75.9,0.0073
3315,0.0001,-40.25,82.25,3122.0,2014-03-08T00:47:48Z,2014-03-08T00:52:21Z,4000000000.0,3064.7,243.1,2014-03-08T01:22:03Z,2014-03-08T01:26:55Z,0,136.8,16.0,136.8,16.0,136.8,14.9,143.1,14.7,107.2,0.29,102.2,0.163,97.2,0.0917,92.2,0.0516,87.2,0.029,82.2,0.0163,77.2,0.00917
3376,0.0001,-40.25,82.25,3122.0,2014-03-08T00:47:48Z,2014-03-08T00:52:21Z,4000000000.0,3067.0,243.06,2014-03-08T01:22:04Z,2014-03-08T01:26:56Z,0,136.8,16.0,136.8,16.0,136.8,14.9,143.1,14.7,107.2,0.29,102.2,0.163,97.2,0.0917,92.2,0.0515,87.2,0.029,82.2,0.0163,77.2,0.00917
3250,0.0001,-40.25,82.25,3122.0,2014-03-08T00:47:48Z,2014-03-08T00:52:21Z,4000000000.0,4653.1,226.05,2014-03-08T01:39:42Z,2014-03-08T01:44:54Z,1,138.6,16.0,138.6,16.0,138.6,14.9,144.9,14.7,105.4,0.204,100.4,0.115,95.4,0.0644,90.4,0.0362,85.4,0.0204,80.4,0.0115,75.4,0.00644
3274,0.0001,-40.25,82.25,3122.0,2014-03-08T00:47:48Z,2014-03-08T00:52:21Z,4000000000.0,4980.6,248.33,2014-03-08T01:43:34Z,2014-03-08T01:48:24Z,0,138.9,16.0,138.9,16.0,138.9,14.9,145.2,14.7,105.1,0.192,100.1,0.108,95.1,0.0607,90.1,0.0341,85.1,0.0192,80.1,0.0108,75.1,0.00607
3275,0.0001,-40.25,82.25,3122.0,2014-03-08T00:47:48Z,2014-03-08T00:52:21Z,4000000000.0,4978.6,248.34,2014-03-08T01:43:32Z,2014-03-08T01:48:22Z,0,138.9,16.0,138.9,16.0,138.9,14.9,145.2,14.7,105.1,0.192,100.1,0.108,95.1,0.0607,90.1,0.0341,85.1,0.0192,80.1,0.0108,75.1,0.00607
H01W,0.00015,-40.25,82.75,3207.0,2014-03-08T00:22:08Z,2014-03-08T00:30:09Z,4000000000.0,2814.3,248.4,2014-03-08T00:53:34Z,2014-03-08T01:02:10Z,0,136.4,12.5,136.4,12.5,136.4,11.0,142.7,10.7,107.6,0.311,102.6,0.175,97.6,0.0984,92.6,0.0553,87.6,0.0311,82.6,0.0175,77.6,0.00984
H08S,0.00015,-40.25,82.75,3207.0,2014-03-08T00:22:08Z,2014-03-08T00:30:09Z,4000000000.0,3755.0,165.72,2014-03-08T01:04:09Z,2014-03-08T01:12:28Z,0,139.2,12.2,139.2,10.7,139.2,11.0,142.0,10.7,105.8,0.23,100.8,0.13,95.8,0.0728,90.8,0.041,85.8,0.023,80.8,0.013,75.8,0.00728
3315,0.00015,-40.25,82.75,3207.0,2014-03-08T00:22:08Z,2014-03-08T00:30:09Z,4000000000.0,3025.8,243.0,2014-03-08T00:55:56Z,2014-03-08T01:04:33Z,0,136.7,16.0,136.7,16.0,136.7,14.9,143.0,14.7,107.3,0.293,102.3,0.165,97.3,0.0927,92.3,0.0521,87.3,0.0293,82.3,0.0165,77.3,0.00927
3376,0.00015,-40.25,82.75,3207.0,2014-03-08T00:22:08Z,2014-03-08T00:30:09Z,4000000000.0,3028.1,242.95,2014-03-08T00:55:57Z,2014-03-08T01:04:34Z,0,136.7,16.0,136.7,16.0,136.7,14.9,143.0,14.7,107.3,0.293,102.3,0.165,97.3,0.0926,92.3,0.0521,87.3,0.0293,82.3,0.0165,77.3,0.00926
3250,0.00015,-40.25,82.75,3207.0,2014-03-08T00:22:08Z,2014-03-08T00:30:09Z,4000000000.0,4619.1,225.83,2014-03-08T01:13:44Z,2014-03-08T01:22:29Z,1,138.6,16.0,138.6,16.0,138.6,14.9,144.9,14.7,105.5,0.205,100.5,0.115,95.5,0.0648,90.5,0.0364,85.5,0.0205,80.5,0.0115,75.5,0.00648
3274,0.00015,-40.25,82.75,3207.0,2014-03-08T00:22:08Z,2014-03-08T00:30:09Z,4000000000.0,4941.0,248.42,2014-03-08T01:17:20Z,2014-03-08T01:26:08Z,0,138.9,16.0,138.9,16.0,138.9,14.9,145.1,14.7,105.2,0.193,100.2,0.109,95.2,0.0611,90.2,0.0344,85.2,0.0193,80.2,0.0109,75.2,0.00611
3275,0.00015,-40.25,82.75,3207.0,2014-03-08T00:22:08Z,2014-03-08T00:30:09Z,4000000000.0,4939.0,248.43,2014-03-08T01:17:18Z,2014-03-08T01:26:07Z,0,138.9,16.0,138.9,16.0,138.9,14.9,145.1,14.7,105.2,0.193,100.2,0.109,95.2,0.0611,90.2,0.0344,85.2,0.0193,80.2,0.0109,75.2,0.00611
H01W,0.0005,-40.25,83.25,3274.0,2014-03-08T00:28:46Z,2014-03-08T00:50:28Z,4000000000.0,2777.6,248.73,2014-03-08T00:59:37Z,2014-03-08T01:21:46Z,0,136.4,12.5,136.4,12.5,136.4,11.0,142.6,10.7,107.7,0.314,102.7,0.177,97.7,0.0994,92.7,0.0559,87.7,0.0314,82.7,0.0177,77.7,0.00994
H08S,0.0005,-40.25,83.25,3274.0,2014-03-08T00:28:46Z,2014-03-08T00:50:28Z,4000000000.0,3757.8,165.06,2014-03-08T01:10:38Z,2014-03-08T01:32:49Z,0,139.2,12.2,139.2,10.7,139.2,11.0,142.0,10.7,105.8,0.23,100.8,0.129,95.8,0.0728,90.8,0.0409,85.8,0.023,80.8,0.0129,75.8,0.00728
3315,0.0005,-40.25,83.25,3274.0,2014-03-08T00:28:46Z,2014-03-08T00:50:28Z,4000000000.0,2987.3,243.17,2014-03-08T01:01:57Z,2014-03-08T01:24:08Z,0,136.7,16.0,136.7,16.0,136.7,14.9,143.0,14.7,107.4,0.296,102.4,0.167,97.4,0.0937,92.4,0.0527,87.4,0.0296,82.4,0.0167,77.4,0.00937
3376,0.0005,-40.25,83.25,3274.0,2014-03-08T00:28:46Z,2014-03-08T00:50:28Z,4000000000.0,2989.7,243.13,2014-03-08T01:01:58Z,2014-03-08T01:24:10Z,0,136.7,16.0,136.7,16.0,136.7,14.9,143.0,14.7,107.4,0.296,102.4,0.166,97.4,0.0936,92.4,0.0526,87.4,0.0296,82.4,0.0166,77.4,0.00936
3250,0.0005,-40.25,83.25,3274.0,2014-03-08T00:28:46Z,2014-03-08T00:50:28Z,4000000000.0,4577.9,225.73,2014-03-08T01:19:41Z,2014-03-08T01:42:05Z,1,138.5,16.0,138.5,16.0,138.5,14.9,144.8,14.7,105.5,0.207,100.5,0.116,95.5,0.0653,90.5,0.0367,85.5,0.0207,80.5,0.0116,75.5,0.00653
3274,0.0005,-40.25,83.25,3274.0,2014-03-08T00:28:46Z,2014-03-08T00:50:28Z,4000000000.0,4908.6,248.8,2014-03-08T01:23:31Z,2014-03-08T01:45:51Z,0,138.8,16.0,138.8,16.0,138.8,14.9,145.1,14.7,105.2,0.194,100.2,0.109,95.2,0.0615,90.2,0.0346,85.2,0.0194,80.2,0.0109,75.2,0.00615
3275,0.0005,-40.25,83.25,3274.0,2014-03-08T00:28:46Z,2014-03-08T00:50:28Z,4000000000.0,4906.6,248.82,2014-03-08T01:23:30Z,2014-03-08T01:45:49Z,0,138.8,16.0,138.8,16.0,138.8,14.9,145.1,14.7,105.2,0.194,100.2,0.109,95.2,0.0615,90.2,0.0346,85.2,0.0194,80.2,0.0109,75.2,0.00615
H01W,0.00095,-40.25,83.75,3378.0,2014-03-08T00:22:08Z,2014-03-08T00:54:26Z,4000000000.0,2729.4,248.77,2014-03-08T00:52:41Z,2014-03-08T01:25:12Z,0,136.3,12.5,136.3,12.5,136.3,11.0,142.6,10.7,107.8,0.319,102.8,0.179,97.8,0.101,92.8,0.0567,87.8,0.0319,82.8,0.0179,77.8,0.0101
H08S,0.00095,-40.25,83.75,3378.0,2014-03-08T00:22:08Z,2014-03-08T00:54:26Z,4000000000.0,3766.8,164.37,2014-03-08T01:04:22Z,2014-03-08T01:37:22Z,0,139.2,12.2,139.2,10.7,139.3,11.0,142.0,10.7,105.8,0.23,100.8,0.129,95.8,0.0726,90.8,0.0409,85.8,0.023,80.8,0.0129,75.8,0.00726
3315,0.00095,-40.25,83.75,3378.0,2014-03-08T00:22:08Z,2014-03-08T00:54:26Z,4000000000.0,2940.9,243.15,2014-03-08T00:55:03Z,2014-03-08T01:27:34Z,0,136.6,16.0,136.6,16.0,136.6,14.9,142.9,14.7,107.4,0.3,102.4,0.169,97.4,0.0949,92.4,0.0534,87.4,0.03,82.4,0.0169,77.4,0.00949
3376,0.00095,-40.25,83.75,3378.0,2014-03-08T00:22:08Z,2014-03-08T00:54:26Z,4000000000.0,2943.2,243.11,2014-03-08T00:55:05Z,2014-03-08T01:27:36Z,0,136.6,16.0,136.6,16.0,136.6,14.9,142.9,14.7,107.4,0.3,102.4,0.169,97.4,0.0948,92.4,0.0533,87.4,0.03,82.4,0.0169,77.4,0.00948
3250,0.00095,-40.25,83.75,3378.0,2014-03-08T00:22:08Z,2014-03-08T00:54:26Z,4000000000.0,4538.2,225.56,2014-03-08T01:12:54Z,2014-03-08T01:45:38Z,1,138.5,16.0,138.5,16.0,138.5,14.9,144.8,14.7,105.5,0.208,100.5,0.117,95.5,0.0658,90.5,0.037,85.5,0.0208,80.5,0.0117,75.5,0.00658
3274,0.00095,-40.25,83.75,3378.0,2014-03-08T00:22:08Z,2014-03-08T00:54:26Z,4000000000.0,4867.6,248.96,2014-03-08T01:16:31Z,2014-03-08T01:49:20Z,0,138.8,16.0,138.8,16.0,138.8,14.9,145.1,14.7,105.2,0.196,100.2,0.11,95.2,0.0619,90.2,0.0348,85.2,0.0196,80.2,0.011,75.2,0.00619
3275,0.00095,-40.25,83.75,3378.0,2014-03-08T00:22:08Z,2014-03-08T00:54:26Z,4000000000.0,4865.6,248.97,2014-03-08T01:16:30Z,2014-03-08T01:49:19Z,0,138.8,16.0,138.8,16.0,138.8,14.9,145.1,14.7,105.2,0.196,100.2,0.11,95.2,0.062,90.2,0.0348,85.2,0.0196,80.2,0.011,75.2,0.0062
H01W,0.0013,-40.25,84.25,3406.0,2014-03-08T00:19:53Z,2014-03-08T00:54:33Z,4000000000.0,2690.2,248.5,2014-03-08T00:49:56Z,2014-03-08T01:24:49Z,0,136.2,12.5,136.2,12.5,136.2,11.0,142.5,10.7,107.8,0.323,102.8,0.181,97.8,0.102,92.8,0.0574,87.8,0.0323,82.8,0.0181,77.8,0.0102
H08S,0.0013,-40.25,84.25,3406.0,2014-03-08T00:19:53Z,2014-03-08T00:54:33Z,4000000000.0,3791.8,163.78,2014-03-08T01:02:23Z,2014-03-08T01:37:07Z,0,139.2,12.2,139.2,10.7,139.3,11.0,142.0,10.7,105.8,0.228,100.8,0.128,95.8,0.0722,90.8,0.0406,85.8,0.0228,80.8,0.0128,75.8,0.00722
3315,0.0013,-40.25,84.25,3406.0,2014-03-08T00:19:53Z,2014-03-08T00:54:33Z,4000000000.0,2902.1,242.81,2014-03-08T00:52:18Z,2014-03-08T01:27:11Z,0,136.6,16.0,136.6,16.0,136.6,14.9,142.8,14.7,107.5,0.303,102.5,0.171,97.5,0.0959,92.5,0.0539,87.5,0.0303,82.5,0.0171,77.5,0.00959
3376,0.0013,-40.25,84.25,3406.0,2014-03-08T00:19:53Z,2014-03-08T00:54:33Z,4000000000.0,2904.4,242.76,2014-03-08T00:52:20Z,2014-03-08T01:27:12Z,0,136.6,16.0,136.6,16.0,136.6,14.9,142.8,14.7,107.5,0.303,102.5,0.17,97.5,0.0959,92.5,0.0539,87.5,0.0303,82.5,0.017,77.5,0.00959
3250,0.0013,-40.25,84.25,3406.0,2014-03-08T00:19:53Z,2014-03-08T00:54:33Z,4000000000.0,4502.8,225.16,2014-03-08T01:10:13Z,2014-03-08T01:45:10Z,1,138.5,16.0,138.5,16.0,138.5,14.9,144.7,14.7,105.6,0.21,100.6,0.118,95.6,0.0663,90.6,0.0373,85.6,0.021,80.6,0.0118,75.6,0.00663
3274,0.0013,-40.25,84.25,3406.0,2014-03-08T00:19:53Z,2014-03-08T00:54:33Z,4000000000.0,4824.7,249.02,2014-03-08T01:13:46Z,2014-03-08T01:48:59Z,0,138.8,16.0,138.8,16.0,138.8,14.9,145.0,14.7,105.3,0.197,100.3,0.111,95.3,0.0624,90.3,0.0351,85.3,0.0197,80.3,0.0111,75.3,0.00624
3275,0.0013,-40.25,84.25,3406.0,2014-03-08T00:19:53Z,2014-03-08T00:54:33Z,4000000000.0,4822.7,249.04,2014-03-08T01:13:45Z,2014-03-08T01:48:58Z,0,138.8,16.0,138.8,16.0,138.8,14.9,145.0,14.7,105.3,0.197,100.3,0.111,95.3,0.0624,90.3,0.0351,85.3,0.0197,80.3,0.0111,75.3,0.00624
H01W,0.0023,-40.25,84.75,3394.0,2014-03-08T00:20:14Z,2014-03-08T00:54:25Z,4000000000.0,2649.6,248.34,2014-03-08T00:49:44Z,2014-03-08T01:24:15Z,0,136.2,12.5,136.2,12.5,136.2,11.0,142.4,10.7,107.9,0.327,102.9,0.184,97.9,0.103,92.9,0.0581,87.9,0.0327,82.9,0.0184,77.9,0.0103
H08S,0.0023,-40.25,84.75,3394.0,2014-03-08T00:20:14Z,2014-03-08T00:54:25Z,4000000000.0,3810.1,163.18,2014-03-08T01:02:54Z,2014-03-08T01:37:10Z,0,139.2,12.2,139.2,10.7,139.3,11.0,142.0,10.7,105.8,0.228,100.8,0.128,95.8,0.0719,90.8,0.0405,85.8,0.0228,80.8,0.0128,75.8,0.00719
3315,0.0023,-40.25,84.75,3394.0,2014-03-08T00:20:14Z,2014-03-08T00:54:25Z,4000000000.0,2862.2,242.58,2014-03-08T00:52:07Z,2014-03-08T01:26:37Z,0,136.5,16.0,136.5,16.0,136.5,14.9,142.8,14.7,107.5,0.307,102.5,0.173,97.5,0.097,92.5,0.0546,87.5,0.0307,82.5,0.0173,77.5,0.0097
3376,0.0023,-40.25,84.75,3394.0,2014-03-08T00:20:14Z,2014-03-08T00:54:25Z,4000000000.0,2864.6,242.54,2014-03-08T00:52:09Z,2014-03-08T01:26:38Z,0,136.5,16.0,136.5,16.0,136.5,14.9,142.8,14.7,107.5,0.307,102.5,0.172,97.5,0.0969,92.5,0.0545,87.5,0.0307,82.5,0.0172,77.5,0.00969
3250,0.0023,-40.25,84.75,3394.0,2014-03-08T00:20:14Z,2014-03-08T00:54:25Z,4000000000.0,4466.4,224.88,2014-03-08T01:10:05Z,2014-03-08T01:44:39Z,1,138.4,16.0,138.4,16.0,138.4,14.9,144.7,14.7,105.6,0.211,100.6,0.119,95.6,0.0667,90.6,0.0375,85.6,0.0211,80.6,0.0119,75.6,0.00667
3274,0.0023,-40.25,84.75,3394.0,2014-03-08T00:20:14Z,2014-03-08T00:54:25Z,4000000000.0,4786.5,249.18,2014-03-08T01:13:36Z,2014-03-08T01:48:26Z,0,138.7,16.0,138.7,16.0,138.7,14.9,145.0,14.7,105.3,0.199,100.3,0.112,95.3,0.0628,90.3,0.0353,85.3,0.0199,80.3,0.0112,75.3,0.00628
3275,0.0023,-40.25,84.75,3394.0,2014-03-08T00:20:14Z,2014-03-08T00:54:25Z,4000000000.0,4784.5,249.19,2014-03-08T01:13:34Z,2014-03-08T01:48:24Z,0,138.7,16.0,138.7,16.0,138.7,14.9,145.0,14.7,105.3,0.199,100.3,0.112,95.3,0.0629,90.3,0.0354,85.3,0.0199,80.3,0.0112,75.3,0.00629
H01W,0.00255,-40.25,85.25,3364.0,2014-03-08T00:19:50Z,2014-03-08T00:54:27Z,4000000000.0,2609.5,248.22,2014-03-08T00:49:10Z,2014-03-08T01:23:49Z,0,136.1,12.5,136.1,12.5,136.1,11.0,142.4,10.7,107.9,0.331,102.9,0.186,97.9,0.105,92.9,0.0588,87.9,0.0331,82.9,0.0186,77.9,0.0105
H08S,0.00255,-40.25,85.25,3364.0,2014-03-08T00:19:50Z,2014-03-08T00:54:27Z,4000000000.0,3832.0,162.63,2014-03-08T01:02:40Z,2014-03-08T01:37:49Z,0,139.3,12.2,139.3,10.7,139.3,11.0,142.0,10.7,105.7,0.226,100.7,0.127,95.7,0.0716,90.7,0.0403,85.7,0.0226,80.7,0.0127,75.7,0.00716
3315,0.00255,-40.25,85.25,3364.0,2014-03-08T00:19:50Z,2014-03-08T00:54:27Z,4000000000.0,2822.7,242.35,2014-03-08T00:51:33Z,2014-03-08T01:26:13Z,0,136.4,16.0,136.4,16.0,136.4,14.9,142.7,14.7,107.6,0.31,102.6,0.174,97.6,0.0981,92.6,0.0552,87.6,0.031,82.6,0.0174,77.6,0.00981
3376,0.00255,-40.25,85.25,3364.0,2014-03-08T00:19:50Z,2014-03-08T00:54:27Z,4000000000.0,2825.1,242.3,2014-03-08T00:51:35Z,2014-03-08T01:26:14Z,0,136.4,16.0,136.4,16.0,136.4,14.9,142.7,14.7,107.6,0.31,102.6,0.174,97.6,0.098,92.6,0.0551,87.6,0.031,82.6,0.0174,77.6,0.0098
3250,0.00255,-40.25,85.25,3364.0,2014-03-08T00:19:50Z,2014-03-08T00:54:27Z,4000000000.0,4434.8,224.53,2014-03-08T01:09:34Z,2014-03-08T01:44:21Z,1,138.4,16.0,138.4,16.0,138.4,14.9,144.7,14.7,105.6,0.212,100.6,0.119,95.6,0.0671,90.6,0.0378,85.6,0.0212,80.6,0.0119,75.6,0.00671
3274,0.00255,-40.25,85.25,3364.0,2014-03-08T00:19:50Z,2014-03-08T00:54:27Z,4000000000.0,4747.7,249.31,2014-03-08T01:12:59Z,2014-03-08T01:47:58Z,0,138.7,16.0,138.7,16.0,138.7,14.9,145.0,14.7,105.3,0.2,100.3,0.113,95.3,0.0633,90.3,0.0356,85.3,0.02,80.3,0.0113,75.3,0.00633
3275,0.00255,-40.25,85.25,3364.0,2014-03-08T00:19:50Z,2014-03-08T00:54:27Z,4000000000.0,4745.7,249.32,2014-03-08T01:12:58Z,2014-03-08T01:47:56Z,0,138.7,16.0,138.7,16.0,138.7,14.9,145.0,14.7,105.3,0.2,100.3,0.113,95.3,0.0633,90.3,0.0356,85.3,0.02,80.3,0.0113,75.3,0.00633
H01W,0.004,-40.25,85.75,3410.0,2014-03-08T00:19:40Z,2014-03-08T00:54:32Z,4000000000.0,2565.5,248.21,2014-03-08T00:48:07Z,2014-03-08T01:23:33Z,0,136.0,12.5,136.0,12.5,136.0,11.0,142.3,10.7,108.0,0.335,103.0,0.188,98.0,0.106,93.0,0.0596,88.0,0.0335,83.0,0.0188,78.0,0.0106
H08S,0.004,-40.25,85.75,3410.0,2014-03-08T00:19:40Z,2014-03-08T00:54:32Z,4000000000.0,3844.9,161.98,2014-03-08T01:02:43Z,2014-03-08T01:38:00Z,0,139.3,12.2,139.3,10.7,139.3,11.0,142.1,10.7,105.7,0.226,100.7,0.127,95.7,0.0714,90.7,0.0401,85.7,0.0226,80.7,0.0127,75.7,0.00714
3315,0.004,-40.25,85.75,3410.0,2014-03-08T00:19:40Z,2014-03-08T00:54:32Z,4000000000.0,2778.5,242.26,2014-03-08T00:50:31Z,2014-03-08T01:25:58Z,0,136.4,16.0,136.4,16.0,136.4,14.9,142.6,14.7,107.7,0.314,102.7,0.177,97.7,0.0994,92.7,0.0559,87.7,0.0314,82.7,0.0177,77.7,0.00994
3376,0.004,-40.25,85.75,3410.0,2014-03-08T00:19:40Z,2014-03-08T00:54:32Z,4000000000.0,2780.9,242.22,2014-03-08T00:50:32Z,2014-03-08T01:26:00Z,0,136.4,16.0,136.4,16.0,136.4,14.9,142.7,14.7,107.7,0.314,102.7,0.177,97.7,0.0993,92.7,0.0558,87.7,0.0314,82.7,0.0177,77.7,0.00993
3250,0.004,-40.25,85.75,3410.0,2014-03-08T00:19:40Z,2014-03-08T00:54:32Z,4000000000.0,4395.1,224.29,2014-03-08T01:08:35Z,2014-03-08T01:44:13Z,1,138.4,16.0,138.4,16.0,138.4,14.9,144.6,14.7,105.7,0.214,100.7,0.12,95.7,0.0677,90.7,0.0381,85.7,0.0214,80.7,0.012,75.7,0.00677
3274,0.004,-40.25,85.75,3410.0,2014-03-08T00:19:40Z,2014-03-08T00:54:32Z,4000000000.0,4702.9,249.47,2014-03-08T01:12:01Z,2014-03-08T01:47:37Z,0,138.6,16.0,138.6,16.0,138.6,14.9,144.9,14.7,105.4,0.202,100.4,0.113,95.4,0.0638,90.4,0.0359,85.4,0.0202,80.4,0.0113,75.4,0.00638
3275,0.004,-40.25,85.75,3410.0,2014-03-08T00:19:40Z,2014-03-08T00:54:32Z,4000000000.0,4700.9,249.48,2014-03-08T01:12:00Z,2014-03-08T01:47:36Z,0,138.6,16.0,138.6,16.0,138.6,14.9,144.9,14.7,105.4,0.202,100.4,0.114,95.4,0.0638,90.4,0.0359,85.4,0.0202,80.4,0.0114,75.4,0.00638
H01W,0.00415,-40.25,86.25,3437.0,2014-03-08T00:19:43Z,2014-03-08T00:54:25Z,4000000000.0,2522.6,248.19,2014-03-08T00:48:01Z,2014-03-08T01:22:42Z,0,135.9,12.5,135.9,12.5,135.9,11.0,142.2,10.7,108.1,0.34,103.1,0.191,98.1,0.107,93.1,0.0604,88.1,0.034,83.1,0.0191,78.1,0.0107
H08S,0.00415,-40.25,86.25,3437.0,2014-03-08T00:19:43Z,2014-03-08T00:54:25Z,4000000000.0,3857.7,161.36,2014-03-08T01:02:51Z,2014-03-08T01:38:11Z,1,139.3,12.2,139.3,10.7,139.4,11.0,142.1,10.7,105.7,0.225,100.7,0.127,95.7,0.0712,90.7,0.04,85.7,0.0225,80.7,0.0127,75.7,0.00712
3315,0.00415,-40.25,86.25,3437.0,2014-03-08T00:19:43Z,2014-03-08T00:54:25Z,4000000000.0,2737.4,242.16,2014-03-08T00:50:25Z,2014-03-08T01:25:08Z,0,136.3,16.0,136.3,16.0,136.3,14.9,142.6,14.7,107.7,0.318,102.7,0.179,97.7,0.101,92.7,0.0566,87.7,0.0318,82.7,0.0179,77.7,0.0101
3376,0.00415,-40.25,86.25,3437.0,2014-03-08T00:19:43Z,2014-03-08T00:54:25Z,4000000000.0,2739.7,242.12,2014-03-08T00:50:26Z,2014-03-08T01:25:09Z,0,136.3,16.0,136.3,16.0,136.3,14.9,142.6,14.7,107.7,0.318,102.7,0.179,97.7,0.101,92.7,0.0565,87.7,0.0318,82.7,0.0179,77.7,0.0101
3250,0.00415,-40.25,86.25,3437.0,2014-03-08T00:19:43Z,2014-03-08T00:54:25Z,4000000000.0,4356.8,224.06,2014-03-08T01:08:30Z,2014-03-08T01:43:27Z,1,138.3,16.0,138.3,16.0,138.3,14.9,144.6,14.7,105.7,0.216,100.7,0.121,95.7,0.0682,90.7,0.0383,85.7,0.0216,80.7,0.0121,75.7,0.00682
3274,0.00415,-40.25,86.25,3437.0,2014-03-08T00:19:43Z,2014-03-08T00:54:25Z,4000000000.0,4665.7,249.66,2014-03-08T01:11:55Z,2014-03-08T01:46:48Z,0,138.6,16.0,138.6,16.0,138.6,14.9,144.9,14.7,105.4,0.203,100.4,0.114,95.4,0.0643,90.4,0.0361,85.4,0.0203,80.4,0.0114,75.4,0.00643
3275,0.00415,-40.25,86.25,3437.0,2014-03-08T00:19:43Z,2014-03-08T00:54:25Z,4000000000.0,4663.7,249.67,2014-03-08T01:11:54Z,2014-03-08T01:46:46Z,0,138.6,16.0,138.6,16.0,138.6,14.9,144.9,14.7,105.4,0.203,100.4,0.114,95.4,0.0643,90.4,0.0361,85.4,0.0203,80.4,0.0114,75.4,0.00643
H01W,0.0042,-40.25,86.75,3306.0,2014-03-08T00:20:31Z,2014-03-08T00:54:43Z,4000000000.0,2482.7,248.09,2014-03-08T00:48:10Z,2014-03-08T01:22:29Z,0,135.9,12.5,135.9,12.5,135.9,11.0,142.2,10.7,108.2,0.344,103.2,0.194,98.2,0.109,93.2,0.0612,88.2,0.0344,83.2,0.0194,78.2,0.0109
H08S,0.0042,-40.25,86.75,3306.0,2014-03-08T00:20:31Z,2014-03-08T00:54:43Z,4000000000.0,3876.4,160.77,2014-03-08T01:04:03Z,2014-03-08T01:38:20Z,1,139.3,12.2,139.3,10.7,139.4,11.0,142.1,10.7,105.7,0.224,100.7,0.126,95.7,0.0709,90.7,0.0399,85.7,0.0224,80.7,0.0126,75.7,0.00709
3315,0.0042,-40.25,86.75,3306.0,2014-03-08T00:20:31Z,2014-03-08T00:54:43Z,4000000000.0,2696.8,241.98,2014-03-08T00:50:35Z,2014-03-08T01:24:53Z,0,136.2,16.0,136.2,16.0,136.2,14.9,142.5,14.7,107.8,0.322,102.8,0.181,97.8,0.102,92.8,0.0573,87.8,0.0322,82.8,0.0181,77.8,0.0102
3376,0.0042,-40.25,86.75,3306.0,2014-03-08T00:20:31Z,2014-03-08T00:54:43Z,4000000000.0,2699.2,241.93,2014-03-08T00:50:37Z,2014-03-08T01:24:54Z,0,136.2,16.0,136.2,16.0,136.2,14.9,142.5,14.7,107.8,0.322,102.8,0.181,97.8,0.102,92.8,0.0572,87.8,0.0322,82.8,0.0181,77.8,0.0102
3250,0.0042,-40.25,86.75,3306.0,2014-03-08T00:20:31Z,2014-03-08T00:54:43Z,4000000000.0,4320.7,223.76,2014-03-08T01:08:47Z,2014-03-08T01:43:11Z,1,138.3,16.0,138.3,16.0,138.3,14.9,144.6,14.7,105.8,0.217,100.8,0.122,95.8,0.0687,90.8,0.0386,85.8,0.0217,80.8,0.0122,75.8,0.00687
3274,0.0042,-40.25,86.75,3306.0,2014-03-08T00:20:31Z,2014-03-08T00:54:43Z,4000000000.0,4624.8,249.8,2014-03-08T01:12:02Z,2014-03-08T01:46:44Z,0,138.6,16.0,138.6,16.0,138.6,14.9,144.9,14.7,105.5,0.205,100.5,0.115,95.5,0.0647,90.5,0.0364,85.5,0.0205,80.5,0.0115,75.5,0.00647
3275,0.0042,-40.25,86.75,3306.0,2014-03-08T00:20:31Z,2014-03-08T00:54:43Z,4000000000.0,4622.8,249.82,2014-03-08T01:12:01Z,2014-03-08T01:46:43Z,0,138.6,16.0,138.6,16.0,138.6,14.9,144.9,14.7,105.5,0.205,100.5,0.115,95.5,0.0648,90.5,0.0364,85.5,0.0205,80.5,0.0115,75.5,0.00648
H01W,0.0045,-40.25,87.25,3109.0,2014-03-08T00:20:21Z,2014-03-08T00:54:58Z,4000000000.0,2438.0,247.89,2014-03-08T00:47:24Z,2014-03-08T01:22:44Z,0,135.8,12.5,135.8,12.5,135.8,11.0,142.1,10.7,108.2,0.349,103.2,0.196,98.2,0.11,93.2,0.0621,88.2,0.0349,83.2,0.0196,78.2,0.011
H08S,0.0045,-40.25,87.25,3109.0,2014-03-08T00:20:21Z,2014-03-08T00:54:58Z,4000000000.0,3898.8,160.14,2014-03-08T01:03:50Z,2014-03-08T01:39:04Z,0,139.3,12.2,139.3,10.7,139.4,11.0,142.1,10.7,105.7,0.223,100.7,0.125,95.7,0.0706,90.7,0.0397,85.7,0.0223,80.7,0.0125,75.7,0.00706
3315,0.0045,-40.25,87.25,3109.0,2014-03-08T00:20:21Z,2014-03-08T00:54:58Z,4000000000.0,2652.7,241.66,2014-03-08T00:49:48Z,2014-03-08T01:25:11Z,0,136.2,16.0,136.2,16.0,136.2,14.9,142.4,14.7,107.9,0.326,102.9,0.183,97.9,0.103,92.9,0.058,87.9,0.0326,82.9,0.0183,77.9,0.0103
3376,0.0045,-40.25,87.25,3109.0,2014-03-08T00:20:21Z,2014-03-08T00:54:58Z,4000000000.0,2655.1,241.62,2014-03-08T00:49:50Z,2014-03-08T01:25:13Z,0,136.2,16.0,136.2,16.0,136.2,14.9,142.5,14.7,107.9,0.326,102.9,0.183,97.9,0.103,92.9,0.058,87.9,0.0326,82.9,0.0183,77.9,0.0103
3250,0.0045,-40.25,87.25,3109.0,2014-03-08T00:20:21Z,2014-03-08T00:54:58Z,4000000000.0,4282.0,223.41,2014-03-08T01:08:01Z,2014-03-08T01:43:36Z,1,138.2,16.0,138.2,16.0,138.2,14.9,144.5,14.7,105.8,0.219,100.8,0.123,95.8,0.0692,90.8,0.0389,85.8,0.0219,80.8,0.0123,75.8,0.00692
3274,0.0045,-40.25,87.25,3109.0,2014-03-08T00:20:21Z,2014-03-08T00:54:58Z,4000000000.0,4582.1,249.9,2014-03-08T01:11:22Z,2014-03-08T01:46:48Z,0,138.5,16.0,138.5,16.0,138.5,14.9,144.8,14.7,105.5,0.206,100.5,0.116,95.5,0.0653,90.5,0.0367,85.5,0.0206,80.5,0.0116,75.5,0.00653
3275,0.0045,-40.25,87.25,3109.0,2014-03-08T00:20:21Z,2014-03-08T00:54:58Z,4000000000.0,4580.1,249.91,2014-03-08T01:11:20Z,2014-03-08T01:46:47Z,0,138.5,16.0,138.5,16.0,138.5,14.9,144.8,14.7,105.5,0.206,100.5,0.116,95.5,0.0653,90.5,0.0367,85.5,0.0206,80.5,0.0116,75.5,0.00653
H01W,0.0031,-40.25,87.75,3136.0,2014-03-08T00:20:24Z,2014-03-08T00:54:36Z,4000000000.0,2396.4,247.87,2014-03-08T00:47:15Z,2014-03-08T01:21:46Z,0,135.7,12.5,135.7,12.5,135.7,11.0,142.0,10.7,108.3,0.354,103.3,0.199,98.3,0.112,93.3,0.0629,88.3,0.0354,83.3,0.0199,78.3,0.0112
H08S,0.0031,-40.25,87.75,3136.0,2014-03-08T00:20:24Z,2014-03-08T00:54:36Z,4000000000.0,3917.7,159.54,2014-03-08T01:04:23Z,2014-03-08T01:38:46Z,0,139.4,12.2,139.4,10.7,139.4,11.0,142.1,10.7,105.7,0.222,100.7,0.125,95.7,0.0703,90.7,0.0395,85.7,0.0222,80.7,0.0125,75.7,0.00703
3315,0.0031,-40.25,87.75,3136.0,2014-03-08T00:20:24Z,2014-03-08T00:54:36Z,4000000000.0,2612.1,241.54,2014-03-08T00:49:42Z,2014-03-08T01:24:13Z,0,136.1,16.0,136.1,16.0,136.1,14.9,142.4,14.7,107.9,0.33,102.9,0.186,97.9,0.104,92.9,0.0587,87.9,0.033,82.9,0.0186,77.9,0.0104
3376,0.0031,-40.25,87.75,3136.0,2014-03-08T00:20:24Z,2014-03-08T00:54:36Z,4000000000.0,2614.4,241.5,2014-03-08T00:49:43Z,2014-03-08T01:24:15Z,0,136.1,16.0,136.1,16.0,136.1,14.9,142.4,14.7,107.9,0.33,102.9,0.186,97.9,0.104,92.9,0.0587,87.9,0.033,82.9,0.0186,77.9,0.0104
3250,0.0031,-40.25,87.75,3136.0,2014-03-08T00:20:24Z,2014-03-08T00:54:36Z,4000000000.0,4244.5,223.09,2014-03-08T01:08:01Z,2014-03-08T01:42:38Z,1,138.2,16.0,138.2,16.0,138.2,14.9,144.5,14.7,105.8,0.22,100.8,0.124,95.8,0.0697,90.8,0.0392,85.8,0.022,80.8,0.0124,75.8,0.00697
3274,0.0031,-40.25,87.75,3136.0,2014-03-08T00:20:24Z,2014-03-08T00:54:36Z,4000000000.0,4542.1,250.13,2014-03-08T01:11:07Z,2014-03-08T01:45:56Z,0,138.5,16.0,138.5,16.0,138.5,14.9,144.8,14.7,105.5,0.208,100.5,0.117,95.5,0.0658,90.5,0.037,85.5,0.0208,80.5,0.0117,75.5,0.00658
3275,0.0031,-40.25,87.75,3136.0,2014-03-08T00:20:24Z,2014-03-08T00:54:36Z,4000000000.0,4540.1,250.15,2014-03-08T01:11:06Z,2014-03-08T01:45:55Z,0,138.5,16.0,138.5,16.0,138.5,14.9,144.8,14.7,105.5,0.208,100.5,0.117,95.5,0.0658,90.5,0.037,85.5,0.0208,80.5,0.0117,75.5,0.00658
H01W,0.00415,-40.25,88.25,3154.0,2014-03-08T00:20:20Z,2014-03-08T00:54:26Z,4000000000.0,2350.7,247.85,2014-03-08T00:46:50Z,2014-03-08T01:20:53Z,0,135.6,12.5,135.6,12.5,135.6,11.0,141.9,10.7,108.4,0.359,103.4,0.202,98.4,0.114,93.4,0.0639,88.4,0.0359,83.4,0.0202,78.4,0.0114
H08S,0.00415,-40.25,88.25,3154.0,2014-03-08T00:20:20Z,2014-03-08T00:54:26Z,4000000000.0,3934.7,158.92,2014-03-08T01:04:10Z,2014-03-08T01:38:43Z,0,139.4,12.2,139.4,10.7,139.4,11.0,142.2,10.7,105.6,0.221,100.6,0.124,95.6,0.07,90.6,0.0394,85.6,0.0221,80.6,0.0124,75.6,0.007
3315,0.00415,-40.25,88.25,3154.0,2014-03-08T00:20:20Z,2014-03-08T00:54:26Z,4000000000.0,2566.5,241.41,2014-03-08T00:49:15Z,2014-03-08T01:23:19Z,0,136.0,16.0,136.0,16.0,136.0,14.9,142.3,14.7,108.0,0.335,103.0,0.188,98.0,0.106,93.0,0.0596,88.0,0.0335,83.0,0.0188,78.0,0.0106
3376,0.00415,-40.25,88.25,3154.0,2014-03-08T00:20:20Z,2014-03-08T00:54:26Z,4000000000.0,2568.9,241.37,2014-03-08T00:49:17Z,2014-03-08T01:23:20Z,0,136.0,16.0,136.0,16.0,136.0,14.9,142.3,14.7,108.0,0.335,103.0,0.188,98.0,0.106,93.0,0.0595,88.0,0.0335,83.0,0.0188,78.0,0.0106
3250,0.00415,-40.25,88.25,3154.0,2014-03-08T00:20:20Z,2014-03-08T00:54:26Z,4000000000.0,4206.3,222.8,2014-03-08T01:07:31Z,2014-03-08T01:41:45Z,1,138.2,16.0,138.2,16.0,138.2,14.9,144.4,14.7,105.9,0.222,100.9,0.125,95.9,0.0703,90.9,0.0395,85.9,0.0222,80.9,0.0125,75.9,0.00703
3274,0.00415,-40.25,88.25,3154.0,2014-03-08T00:20:20Z,2014-03-08T00:54:26Z,4000000000.0,4499.7,250.32,2014-03-08T01:10:50Z,2014-03-08T01:45:10Z,0,138.5,16.0,138.5,16.0,138.5,14.9,144.7,14.7,105.6,0.21,100.6,0.118,95.6,0.0663,90.6,0.0373,85.6,0.021,80.6,0.0118,75.6,0.00663
3275,0.00415,-40.25,88.25,3154.0,2014-03-08T00:20:20Z,2014-03-08T00:54:26Z,4000000000.0,4497.7,250.33,2014-03-08T01:10:48Z,2014-03-08T01:45:08Z,0,138.5,16.0,138.5,16.0,138.5,14.9,144.7,14.7,105.6,0.21,100.6,0.118,95.6,0.0663,90.6,0.0373,85.6,0.021,80.6,0.0118,75.6,0.00663
H01W,0.00265,-40.25,88.75,3127.0,2014-03-08T00:19:40Z,2014-03-08T00:54:51Z,4000000000.0,2316.2,247.79,2014-03-08T00:45:20Z,2014-03-08T01:20:59Z,0,135.6,12.5,135.6,12.5,135.6,11.0,141.9,10.7,108.5,0.364,103.5,0.204,98.5,0.115,93.5,0.0647,88.5,0.0364,83.5,0.0204,78.5,0.0115
H08S,0.00265,-40.25,88.75,3127.0,2014-03-08T00:19:40Z,2014-03-08T00:54:51Z,4000000000.0,3951.9,158.43,2014-03-08T01:03:49Z,2014-03-08T01:39:19Z,1,139.4,12.2,139.4,10.7,139.5,11.0,142.2,10.7,105.6,0.221,100.6,0.124,95.6,0.0697,90.6,0.0392,85.6,0.0221,80.6,0.0124,75.6,0.00697
3315,0.00265,-40.25,88.75,3127.0,2014-03-08T00:19:40Z,2014-03-08T00:54:51Z,4000000000.0,2533.6,241.27,2014-03-08T00:47:45Z,2014-03-08T01:23:26Z,0,136.0,16.0,136.0,16.0,136.0,14.9,142.2,14.7,108.1,0.339,103.1,0.19,98.1,0.107,93.1,0.0602,88.1,0.0339,83.1,0.019,78.1,0.0107
3376,0.00265,-40.25,88.75,3127.0,2014-03-08T00:19:40Z,2014-03-08T00:54:51Z,4000000000.0,2536.0,241.23,2014-03-08T00:47:47Z,2014-03-08T01:23:27Z,0,136.0,16.0,136.0,16.0,136.0,14.9,142.3,14.7,108.1,0.338,103.1,0.19,98.1,0.107,93.1,0.0602,88.1,0.0338,83.1,0.019,78.1,0.0107
3250,0.00265,-40.25,88.75,3127.0,2014-03-08T00:19:40Z,2014-03-08T00:54:51Z,4000000000.0,4175.2,222.52,2014-03-08T01:06:05Z,2014-03-08T01:41:54Z,1,138.1,16.0,138.1,16.0,138.1,14.9,144.4,14.7,105.9,0.224,100.9,0.126,95.9,0.0707,90.9,0.0398,85.9,0.0224,80.9,0.0126,75.9,0.00707
3274,0.00265,-40.25,88.75,3127.0,2014-03-08T00:19:40Z,2014-03-08T00:54:51Z,4000000000.0,4463.3,250.46,2014-03-08T01:09:23Z,2014-03-08T01:45:16Z,0,138.4,16.0,138.4,16.0,138.4,14.9,144.7,14.7,105.6,0.211,100.6,0.119,95.6,0.0668,90.6,0.0375,85.6,0.0211,80.6,0.0119,75.6,0.00668
3275,0.00265,-40.25,88.75,3127.0,2014-03-08T00:19:40Z,2014-03-08T00:54:51Z,4000000000.0,4461.2,250.48,2014-03-08T01:09:22Z,2014-03-08T01:45:14Z,0,138.4,16.0,138.4,16.0,138.4,14.9,144.7,14.7,105.6,0.211,100.6,0.119,95.6,0.0668,90.6,0.0376,85.6,0.0211,80.6,0.0119,75.6,0.00668
H01W,0.0013,-40.25,89.25,3096.0,2014-03-08T00:20:08Z,2014-03-08T00:53:23Z,4000000000.0,2278.1,247.89,2014-03-08T00:45:39Z,2014-03-08T01:19:06Z,0,135.5,12.5,135.5,12.5,135.5,11.0,141.8,10.7,108.5,0.368,103.5,0.207,98.5,0.117,93.5,0.0655,88.5,0.0368,83.5,0.0207,78.5,0.0117
H08S,0.0013,-40.25,89.25,3096.0,2014-03-08T00:20:08Z,2014-03-08T00:53:23Z,4000000000.0,3963.3,157.86,2014-03-08T01:04:21Z,2014-03-08T01:38:10Z,0,139.4,12.2,139.4,10.7,139.5,11.0,142.2,10.7,105.6,0.22,100.6,0.124,95.6,0.0696,90.6,0.0391,85.6,0.022,80.6,0.0124,75.6,0.00696
3315,0.0013,-40.25,89.25,3096.0,2014-03-08T00:20:08Z,2014-03-08T00:53:23Z,4000000000.0,2495.5,241.24,2014-03-08T00:48:04Z,2014-03-08T01:21:34Z,0,135.9,16.0,135.9,16.0,135.9,14.9,142.2,14.7,108.1,0.343,103.1,0.193,98.1,0.108,93.1,0.0609,88.1,0.0343,83.1,0.0193,78.1,0.0108
3376,0.0013,-40.25,89.25,3096.0,2014-03-08T00:20:08Z,2014-03-08T00:53:23Z,4000000000.0,2497.9,241.19,2014-03-08T00:48:06Z,2014-03-08T01:21:35Z,0,135.9,16.0,135.9,16.0,135.9,14.9,142.2,14.7,108.1,0.342,103.1,0.193,98.1,0.108,93.1,0.0609,88.1,0.0342,83.1,0.0193,78.1,0.0108
3250,0.0013,-40.25,89.25,3096.0,2014-03-08T00:20:08Z,2014-03-08T00:53:23Z,4000000000.0,4139.0,222.33,2014-03-08T01:06:25Z,2014-03-08T01:40:08Z,1,138.1,16.0,138.1,16.0,138.1,14.9,144.4,14.7,105.9,0.225,100.9,0.127,95.9,0.0712,90.9,0.0401,85.9,0.0225,80.9,0.0127,75.9,0.00712
3274,0.0013,-40.25,89.25,3096.0,2014-03-08T00:20:08Z,2014-03-08T00:53:23Z,4000000000.0,4429.5,250.75,2014-03-08T01:09:42Z,2014-03-08T01:43:20Z,0,138.4,16.0,138.4,16.0,138.4,14.9,144.7,14.7,105.6,0.213,100.6,0.12,95.6,0.0672,90.6,0.0378,85.6,0.0213,80.6,0.012,75.6,0.00672
3275,0.0013,-40.25,89.25,3096.0,2014-03-08T00:20:08Z,2014-03-08T00:53:23Z,4000000000.0,4427.5,250.77,2014-03-08T01:09:41Z,2014-03-08T01:43:19Z,0,138.4,16.0,138.4,16.0,138.4,14.9,144.7,14.7,105.7,0.213,100.7,0.12,95.7,0.0672,90.7,0.0378,85.7,0.0213,80.7,0.012,75.7,0.00672
H01W,0.0002,-40.25,89.75,3261.0,2014-03-08T00:22:30Z,2014-03-08T00:42:02Z,4000000000.0,2237.2,247.97,2014-03-08T00:47:29Z,2014-03-08T01:07:15Z,0,135.4,12.5,135.4,12.5,135.4,11.0,141.7,10.7,108.6,0.374,103.6,0.21,98.6,0.118,93.6,0.0665,88.6,0.0374,83.6,0.021,78.6,0.0118
H08S,0.0002,-40.25,89.75,3261.0,2014-03-08T00:22:30Z,2014-03-08T00:42:02Z,4000000000.0,3971.5,157.25,2014-03-08T01:06:53Z,2014-03-08T01:26:53Z,0,139.4,12.2,139.4,10.7,139.5,11.0,142.2,10.7,105.6,0.22,100.6,0.124,95.6,0.0695,90.6,0.0391,85.6,0.022,80.6,0.0124,75.6,0.00695
3315,0.0002,-40.25,89.75,3261.0,2014-03-08T00:22:30Z,2014-03-08T00:42:02Z,4000000000.0,2454.0,241.24,2014-03-08T00:49:54Z,2014-03-08T01:09:42Z,0,135.8,16.0,135.8,16.0,135.8,14.9,142.1,14.7,108.2,0.347,103.2,0.195,98.2,0.11,93.2,0.0618,88.2,0.0347,83.2,0.0195,78.2,0.011
3376,0.0002,-40.25,89.75,3261.0,2014-03-08T00:22:30Z,2014-03-08T00:42:02Z,4000000000.0,2456.4,241.19,2014-03-08T00:49:56Z,2014-03-08T01:09:44Z,0,135.8,16.0,135.8,16.0,135.8,14.9,142.1,14.7,108.2,0.347,103.2,0.195,98.2,0.11,93.2,0.0617,88.2,0.0347,83.2,0.0195,78.2,0.011
3250,0.0002,-40.25,89.75,3261.0,2014-03-08T00:22:30Z,2014-03-08T00:42:02Z,4000000000.0,4100.3,222.19,2014-03-08T01:08:17Z,2014-03-08T01:28:17Z,1,138.1,16.0,138.1,16.0,138.1,14.9,144.3,14.7,106.0,0.227,101.0,0.128,96.0,0.0718,91.0,0.0404,86.0,0.0227,81.0,0.0128,76.0,0.00718
3274,0.0002,-40.25,89.75,3261.0,2014-03-08T00:22:30Z,2014-03-08T00:42:02Z,4000000000.0,4395.9,250.97,2014-03-08T01:11:36Z,2014-03-08T01:31:35Z,0,138.4,16.0,138.4,16.0,138.4,14.9,144.6,14.7,105.7,0.214,100.7,0.12,95.7,0.0677,90.7,0.038,85.7,0.0214,80.7,0.012,75.7,0.00677
3275,0.0002,-40.25,89.75,3261.0,2014-03-08T00:22:30Z,2014-03-08T00:42:02Z,4000000000.0,4393.9,250.98,2014-03-08T01:11:34Z,2014-03-08T01:31:33Z,0,138.4,16.0,138.4,16.0,138.4,14.9,144.6,14.7,105.7,0.214,100.7,0.12,95.7,0.0677,90.7,0.0381,85.7,0.0214,80.7,0.012,75.7,0.00677
H01W,0.0003,-39.75,82.25,3406.0,2014-03-08T00:38:57Z,2014-03-08T00:48:55Z,4000000000.0,2860.4,249.62,2014-03-08T01:10:54Z,2014-03-08T01:21:03Z,0,136.5,12.5,136.5,12.5,136.5,11.0,142.8,10.7,107.5,0.307,102.5,0.173,97.5,0.0971,92.5,0.0546,87.5,0.0307,82.5,0.0173,77.5,0.00971
H08S,0.0003,-39.75,82.25,3406.0,2014-03-08T00:38:57Z,2014-03-08T00:48:55Z,4000000000.0,3691.2,166.13,2014-03-08T01:20:09Z,2014-03-08T01:30:27Z,0,139.1,12.2,139.1,10.7,139.2,11.0,141.9,10.7,105.9,0.234,100.9,0.131,95.9,0.0739,90.9,0.0416,85.9,0.0234,80.9,0.0131,75.9,0.00739
3315,0.0003,-39.75,82.25,3406.0,2014-03-08T00:38:57Z,2014-03-08T00:48:55Z,4000000000.0,3065.9,244.16,2014-03-08T01:13:11Z,2014-03-08T01:23:21Z,0,136.8,16.0,136.8,16.0,136.8,14.9,143.1,14.7,107.2,0.29,102.2,0.163,97.2,0.0917,92.2,0.0516,87.2,0.029,82.2,0.0163,77.2,0.00917
3376,0.0003,-39.75,82.25,3406.0,2014-03-08T00:38:57Z,2014-03-08T00:48:55Z,4000000000.0,3068.2,244.12,2014-03-08T01:13:13Z,2014-03-08T01:23:23Z,0,136.8,16.0,136.8,16.0,136.8,14.9,143.1,14.7,107.2,0.29,102.2,0.163,97.2,0.0916,92.2,0.0515,87.2,0.029,82.2,0.0163,77.2,0.00916
3250,0.0003,-39.75,82.25,3406.0,2014-03-08T00:38:57Z,2014-03-08T00:48:55Z,4000000000.0,4635.4,226.76,2014-03-08T01:30:45Z,2014-03-08T01:41:03Z,1,138.6,16.0,138.6,16.0,138.6,14.9,144.9,14.7,105.5,0.204,100.5,0.115,95.5,0.0646,90.5,0.0363,85.5,0.0204,80.5,0.0115,75.5,0.00646
3274,0.0003,-39.75,82.25,3406.0,2014-03-08T00:38:57Z,2014-03-08T00:48:55Z,4000000000.0,5002.7,249.0,2014-03-08T01:34:51Z,2014-03-08T01:45:17Z,0,138.9,16.0,138.9,16.0,138.9,14.9,145.2,14.7,105.1,0.191,100.1,0.108,95.1,0.0605,90.1,0.034,85.1,0.0191,80.1,0.0108,75.1,0.00605
3275,0.0003,-39.75,82.25,3406.0,2014-03-08T00:38:57Z,2014-03-08T00:48:55Z,4000000000.0,5000.7,249.01,2014-03-08T01:34:50Z,2014-03-08T01:45:15Z,0,138.9,16.0,138.9,16.0,138.9,14.9,145.2,14.7,105.1,0.191,100.1,0.108,95.1,0.0605,90.1,0.034,85.1,0.0191,80.1,0.0108,75.1,0.00605
H01W,0.00045,-39.75,82.75,3334.0,2014-03-08T00:19:51Z,2014-03-08T00:50:22Z,4000000000.0,2820.0,249.63,2014-03-08T00:51:12Z,2014-03-08T01:22:12Z,0,136.4,12.5,136.4,12.5,136.4,11.0,142.7,10.7,107.6,0.311,102.6,0.175,97.6,0.0982,92.6,0.0552,87.6,0.0311,82.6,0.0175,77.6,0.00982
H08S,0.00045,-39.75,82.75,3334.0,2014-03-08T00:19:51Z,2014-03-08T00:50:22Z,4000000000.0,3698.6,165.44,2014-03-08T01:01:29Z,2014-03-08T01:31:54Z,0,139.1,12.2,139.1,10.7,139.2,11.0,141.9,10.7,105.9,0.233,100.9,0.131,95.9,0.0738,90.9,0.0415,85.9,0.0233,80.9,0.0131,75.9,0.00738
3315,0.00045,-39.75,82.75,3334.0,2014-03-08T00:19:51Z,2014-03-08T00:50:22Z,4000000000.0,3025.9,244.13,2014-03-08T00:53:31Z,2014-03-08T01:24:30Z,0,136.7,16.0,136.7,16.0,136.7,14.9,143.0,14.7,107.3,0.293,102.3,0.165,97.3,0.0927,92.3,0.0521,87.3,0.0293,82.3,0.0165,77.3,0.00927
3376,0.00045,-39.75,82.75,3334.0,2014-03-08T00:19:51Z,2014-03-08T00:50:22Z,4000000000.0,3028.2,244.09,2014-03-08T00:53:33Z,2014-03-08T01:24:31Z,0,136.7,16.0,136.7,16.0,136.7,14.9,143.0,14.7,107.3,0.293,102.3,0.165,97.3,0.0926,92.3,0.0521,87.3,0.0293,82.3,0.0165,77.3,0.00926
3250,0.00045,-39.75,82.75,3334.0,2014-03-08T00:19:51Z,2014-03-08T00:50:22Z,4000000000.0,4595.4,226.6,2014-03-08T01:11:11Z,2014-03-08T01:42:11Z,1,138.5,16.0,138.5,16.0,138.5,14.9,144.8,14.7,105.5,0.206,100.5,0.116,95.5,0.0651,90.5,0.0366,85.5,0.0206,80.5,0.0116,75.5,0.00651
3274,0.00045,-39.75,82.75,3334.0,2014-03-08T00:19:51Z,2014-03-08T00:50:22Z,4000000000.0,4964.9,249.15,2014-03-08T01:15:07Z,2014-03-08T01:46:28Z,0,138.9,16.0,138.9,16.0,138.9,14.9,145.2,14.7,105.2,0.192,100.2,0.108,95.2,0.0609,90.2,0.0342,85.2,0.0192,80.2,0.0108,75.2,0.00609
3275,0.00045,-39.75,82.75,3334.0,2014-03-08T00:19:51Z,2014-03-08T00:50:22Z,4000000000.0,4962.9,249.17,2014-03-08T01:15:05Z,2014-03-08T01:46:27Z,0,138.9,16.0,138.9,16.0,138.9,14.9,145.2,14.7,105.2,0.193,100.2,0.108,95.2,0.0609,90.2,0.0342,85.2,0.0193,80.2,0.0108,75.2,0.00609
H01W,0.00055,-39.75,83.25,3387.0,2014-03-08T00:25:43Z,2014-03-08T00:52:42Z,4000000000.0,2773.4,249.68,2014-03-08T00:56:30Z,2014-03-08T01:23:47Z,0,136.4,12.5,136.4,12.5,136.4,11.0,142.6,10.7,107.7,0.315,102.7,0.177,97.7,0.0995,92.7,0.056,87.7,0.0315,82.7,0.0177,77.7,0.00995
H08S,0.00055,-39.75,83.25,3387.0,2014-03-08T00:25:43Z,2014-03-08T00:52:42Z,4000000000.0,3719.1,164.82,2014-03-08T01:07:03Z,2014-03-08T01:34:38Z,0,139.1,12.2,139.1,10.7,139.2,11.0,141.9,10.7,105.9,0.232,100.9,0.131,95.9,0.0734,90.9,0.0413,85.9,0.0232,80.9,0.0131,75.9,0.00734
3315,0.00055,-39.75,83.25,3387.0,2014-03-08T00:25:43Z,2014-03-08T00:52:42Z,4000000000.0,2977.3,244.03,2014-03-08T00:58:47Z,2014-03-08T01:26:06Z,0,136.7,16.0,136.7,16.0,136.7,14.9,142.9,14.7,107.4,0.297,102.4,0.167,97.4,0.0939,92.4,0.0528,87.4,0.0297,82.4,0.0167,77.4,0.00939
3376,0.00055,-39.75,83.25,3387.0,2014-03-08T00:25:43Z,2014-03-08T00:52:42Z,4000000000.0,2979.6,243.99,2014-03-08T00:58:48Z,2014-03-08T01:26:07Z,0,136.7,16.0,136.7,16.0,136.7,14.9,143.0,14.7,107.4,0.297,102.4,0.167,97.4,0.0939,92.4,0.0528,87.4,0.0297,82.4,0.0167,77.4,0.00939
3250,0.00055,-39.75,83.25,3387.0,2014-03-08T00:25:43Z,2014-03-08T00:52:42Z,4000000000.0,4561.6,226.24,2014-03-08T01:16:21Z,2014-03-08T01:43:54Z,1,138.5,16.0,138.5,16.0,138.5,14.9,144.8,14.7,105.5,0.207,100.5,0.117,95.5,0.0655,90.5,0.0368,85.5,0.0207,80.5,0.0117,75.5,0.00655
3274,0.00055,-39.75,83.25,3387.0,2014-03-08T00:25:43Z,2014-03-08T00:52:42Z,4000000000.0,4923.4,249.42,2014-03-08T01:20:36Z,2014-03-08T01:48:02Z,0,138.8,16.0,138.8,16.0,138.8,14.9,145.1,14.7,105.2,0.194,100.2,0.109,95.2,0.0613,90.2,0.0345,85.2,0.0194,80.2,0.0109,75.2,0.00613
3275,0.00055,-39.75,83.25,3387.0,2014-03-08T00:25:43Z,2014-03-08T00:52:42Z,4000000000.0,4921.4,249.43,2014-03-08T01:20:35Z,2014-03-08T01:48:01Z,0,138.8,16.0,138.8,16.0,138.8,14.9,145.1,14.7,105.2,0.194,100.2,0.109,95.2,0.0613,90.2,0.0345,85.2,0.0194,80.2,0.0109,75.2,0.00613
H01W,0.00135,-39.75,83.75,3433.0,2014-03-08T00:22:46Z,2014-03-08T00:51:27Z,4000000000.0,2729.0,249.69,2014-03-08T00:53:24Z,2014-03-08T01:22:11Z,0,136.3,12.5,136.3,12.5,136.3,11.0,142.6,10.7,107.8,0.319,102.8,0.179,97.8,0.101,92.8,0.0567,87.8,0.0319,82.8,0.0179,77.8,0.0101
H08S,0.00135,-39.75,83.75,3433.0,2014-03-08T00:22:46Z,2014-03-08T00:51:27Z,4000000000.0,3724.5,164.0,2014-03-08T01:04:08Z,2014-03-08T01:33:25Z,0,139.1,12.2,139.1,10.7,139.2,11.0,141.9,10.7,105.9,0.232,100.9,0.13,95.9,0.0733,90.9,0.0412,85.9,0.0232,80.9,0.013,75.9,0.00733
3315,0.00135,-39.75,83.75,3433.0,2014-03-08T00:22:46Z,2014-03-08T00:51:27Z,4000000000.0,2933.0,244.01,2014-03-08T00:55:40Z,2014-03-08T01:24:29Z,0,136.6,16.0,136.6,16.0,136.6,14.9,142.9,14.7,107.4,0.301,102.4,0.169,97.4,0.0951,92.4,0.0535,87.4,0.0301,82.4,0.0169,77.4,0.00951
3376,0.00135,-39.75,83.75,3433.0,2014-03-08T00:22:46Z,2014-03-08T00:51:27Z,4000000000.0,2935.3,243.96,2014-03-08T00:55:42Z,2014-03-08T01:24:31Z,0,136.6,16.0,136.6,16.0,136.6,14.9,142.9,14.7,107.4,0.301,102.4,0.169,97.4,0.095,92.4,0.0534,87.4,0.0301,82.4,0.0169,77.4,0.0095
3250,0.00135,-39.75,83.75,3433.0,2014-03-08T00:22:46Z,2014-03-08T00:51:27Z,4000000000.0,4511.7,226.11,2014-03-08T01:13:15Z,2014-03-08T01:42:18Z,1,138.5,16.0,138.5,16.0,138.5,14.9,144.8,14.7,105.6,0.209,100.6,0.118,95.6,0.0662,90.6,0.0372,85.6,0.0209,80.6,0.0118,75.6,0.00662
3274,0.00135,-39.75,83.75,3433.0,2014-03-08T00:22:46Z,2014-03-08T00:51:27Z,4000000000.0,4884.1,249.57,2014-03-08T01:17:31Z,2014-03-08T01:46:29Z,0,138.8,16.0,138.8,16.0,138.8,14.9,145.1,14.7,105.2,0.195,100.2,0.11,95.2,0.0617,90.2,0.0347,85.2,0.0195,80.2,0.011,75.2,0.00617
3275,0.00135,-39.75,83.75,3433.0,2014-03-08T00:22:46Z,2014-03-08T00:51:27Z,4000000000.0,4882.1,249.58,2014-03-08T01:17:29Z,2014-03-08T01:46:28Z,0,138.8,16.0,138.8,16.0,138.8,14.9,145.1,14.7,105.2,0.195,100.2,0.11,95.2,0.0618,90.2,0.0347,85.2,0.0195,80.2,0.011,75.2,0.00618
H01W,0.0027,-39.75,84.25,3482.0,2014-03-08T00:19:37Z,2014-03-08T00:54:09Z,4000000000.0,2687.6,249.6,2014-03-08T00:49:27Z,2014-03-08T01:24:23Z,0,136.2,12.5,136.2,12.5,136.2,11.0,142.5,10.7,107.8,0.323,102.8,0.182,97.8,0.102,92.8,0.0574,87.8,0.0323,82.8,0.0182,77.8,0.0102
H08S,0.0027,-39.75,84.25,3482.0,2014-03-08T00:19:37Z,2014-03-08T00:54:09Z,4000000000.0,3746.2,163.53,2014-03-08T01:01:31Z,2014-03-08T01:36:19Z,0,139.2,12.2,139.2,10.7,139.2,11.0,141.9,10.7,105.8,0.231,100.8,0.13,95.8,0.073,90.8,0.041,85.8,0.0231,80.8,0.013,75.8,0.0073
3315,0.0027,-39.75,84.25,3482.0,2014-03-08T00:19:37Z,2014-03-08T00:54:09Z,4000000000.0,2894.2,243.79,2014-03-08T00:51:45Z,2014-03-08T01:26:42Z,0,136.5,16.0,136.5,16.0,136.5,14.9,142.8,14.7,107.5,0.304,102.5,0.171,97.5,0.0961,92.5,0.0541,87.5,0.0304,82.5,0.0171,77.5,0.00961
3376,0.0027,-39.75,84.25,3482.0,2014-03-08T00:19:37Z,2014-03-08T00:54:09Z,4000000000.0,2896.6,243.75,2014-03-08T00:51:47Z,2014-03-08T01:26:44Z,0,136.5,16.0,136.5,16.0,136.5,14.9,142.8,14.7,107.5,0.304,102.5,0.171,97.5,0.0961,92.5,0.054,87.5,0.0304,82.5,0.0171,77.5,0.00961
3250,0.0027,-39.75,84.25,3482.0,2014-03-08T00:19:37Z,2014-03-08T00:54:09Z,4000000000.0,4483.8,225.79,2014-03-08T01:09:29Z,2014-03-08T01:44:34Z,1,138.4,16.0,138.4,16.0,138.4,14.9,144.7,14.7,105.6,0.21,100.6,0.118,95.6,0.0665,90.6,0.0374,85.6,0.021,80.6,0.0118,75.6,0.00665
3274,0.0027,-39.75,84.25,3482.0,2014-03-08T00:19:37Z,2014-03-08T00:54:09Z,4000000000.0,4840.8,249.68,2014-03-08T01:13:31Z,2014-03-08T01:48:43Z,0,138.8,16.0,138.8,16.0,138.8,14.9,145.1,14.7,105.3,0.197,100.3,0.111,95.3,0.0622,90.3,0.035,85.3,0.0197,80.3,0.0111,75.3,0.00622
3275,0.0027,-39.75,84.25,3482.0,2014-03-08T00:19:37Z,2014-03-08T00:54:09Z,4000000000.0,4838.8,249.7,2014-03-08T01:13:30Z,2014-03-08T01:48:41Z,0,138.8,16.0,138.8,16.0,138.8,14.9,145.1,14.7,105.3,0.197,100.3,0.111,95.3,0.0623,90.3,0.035,85.3,0.0197,80.3,0.0111,75.3,0.00623
H01W,0.00425,-39.75,84.75,3454.0,2014-03-08T00:20:03Z,2014-03-08T00:54:05Z,4000000000.0,2643.5,249.55,2014-03-08T00:49:47Z,2014-03-08T01:24:02Z,0,136.1,12.5,136.1,12.5,136.1,11.0,142.4,10.7,107.9,0.327,102.9,0.184,97.9,0.103,92.9,0.0582,87.9,0.0327,82.9,0.0184,77.9,0.0103
H08S,0.00425,-39.75,84.75,3454.0,2014-03-08T00:20:03Z,2014-03-08T00:54:05Z,4000000000.0,3760.0,162.85,2014-03-08T01:01:58Z,2014-03-08T01:36:34Z,0,139.2,12.2,139.2,10.7,139.2,11.0,142.0,10.7,105.8,0.23,100.8,0.129,95.8,0.0728,90.8,0.0409,85.8,0.023,80.8,0.0129,75.8,0.00728
3315,0.00425,-39.75,84.75,3454.0,2014-03-08T00:20:03Z,2014-03-08T00:54:05Z,4000000000.0,2851.0,243.69,2014-03-08T00:52:05Z,2014-03-08T01:26:22Z,0,136.5,16.0,136.5,16.0,136.5,14.9,142.8,14.7,107.6,0.308,102.6,0.173,97.6,0.0973,92.6,0.0547,87.6,0.0308,82.6,0.0173,77.6,0.00973
3376,0.00425,-39.75,84.75,3454.0,2014-03-08T00:20:03Z,2014-03-08T00:54:05Z,4000000000.0,2853.3,243.65,2014-03-08T00:52:07Z,2014-03-08T01:26:24Z,0,136.5,16.0,136.5,16.0,136.5,14.9,142.8,14.7,107.6,0.308,102.6,0.173,97.6,0.0973,92.6,0.0547,87.6,0.0308,82.6,0.0173,77.6,0.00973
3250,0.00425,-39.75,84.75,3454.0,2014-03-08T00:20:03Z,2014-03-08T00:54:05Z,4000000000.0,4443.0,225.54,2014-03-08T01:09:49Z,2014-03-08T01:44:20Z,1,138.4,16.0,138.4,16.0,138.4,14.9,144.7,14.7,105.6,0.212,100.6,0.119,95.6,0.067,90.6,0.0377,85.6,0.0212,80.6,0.0119,75.6,0.0067
3274,0.00425,-39.75,84.75,3454.0,2014-03-08T00:20:03Z,2014-03-08T00:54:05Z,4000000000.0,4799.1,249.84,2014-03-08T01:13:52Z,2014-03-08T01:48:17Z,0,138.7,16.0,138.7,16.0,138.7,14.9,145.0,14.7,105.3,0.198,100.3,0.111,95.3,0.0627,90.3,0.0353,85.3,0.0198,80.3,0.0111,75.3,0.00627
3275,0.00425,-39.75,84.75,3454.0,2014-03-08T00:20:03Z,2014-03-08T00:54:05Z,4000000000.0,4797.1,249.85,2014-03-08T01:13:50Z,2014-03-08T01:48:16Z,0,138.7,16.0,138.7,16.0,138.7,14.9,145.0,14.7,105.3,0.198,100.3,0.112,95.3,0.0627,90.3,0.0353,85.3,0.0198,80.3,0.0112,75.3,0.00627
H01W,0.00645,-39.75,85.25,3460.0,2014-03-08T00:19:45Z,2014-03-08T00:54:52Z,4000000000.0,2604.3,249.6,2014-03-08T00:48:46Z,2014-03-08T01:24:06Z,0,136.1,12.5,136.1,12.5,136.1,11.0,142.4,10.7,108.0,0.331,103.0,0.186,98.0,0.105,93.0,0.0589,88.0,0.0331,83.0,0.0186,78.0,0.0105
H08S,0.00645,-39.75,85.25,3460.0,2014-03-08T00:19:45Z,2014-03-08T00:54:52Z,4000000000.0,3772.9,162.2,2014-03-08T01:01:45Z,2014-03-08T01:37:37Z,0,139.2,12.2,139.2,10.7,139.3,11.0,142.0,10.7,105.8,0.229,100.8,0.129,95.8,0.0725,90.8,0.0408,85.8,0.0229,80.8,0.0129,75.8,0.00725
3315,0.00645,-39.75,85.25,3460.0,2014-03-08T00:19:45Z,2014-03-08T00:54:52Z,4000000000.0,2811.0,243.63,2014-03-08T00:51:03Z,2014-03-08T01:26:27Z,0,136.4,16.0,136.4,16.0,136.4,14.9,142.7,14.7,107.6,0.311,102.6,0.175,97.6,0.0984,92.6,0.0554,87.6,0.0311,82.6,0.0175,77.6,0.00984
3376,0.00645,-39.75,85.25,3460.0,2014-03-08T00:19:45Z,2014-03-08T00:54:52Z,4000000000.0,2813.2,243.58,2014-03-08T00:51:05Z,2014-03-08T01:26:29Z,0,136.4,16.0,136.4,16.0,136.4,14.9,142.7,14.7,107.6,0.311,102.6,0.175,97.6,0.0984,92.6,0.0553,87.6,0.0311,82.6,0.0175,77.6,0.00984
3250,0.00645,-39.75,85.25,3460.0,2014-03-08T00:19:45Z,2014-03-08T00:54:52Z,4000000000.0,4404.4,225.32,2014-03-08T01:08:47Z,2014-03-08T01:44:28Z,1,138.4,16.0,138.4,16.0,138.4,14.9,144.6,14.7,105.7,0.214,100.7,0.12,95.7,0.0675,90.7,0.038,85.7,0.0214,80.7,0.012,75.7,0.00675
3274,0.00645,-39.75,85.25,3460.0,2014-03-08T00:19:45Z,2014-03-08T00:54:52Z,4000000000.0,4762.9,250.02,2014-03-08T01:12:56Z,2014-03-08T01:48:24Z,0,138.7,16.0,138.7,16.0,138.7,14.9,145.0,14.7,105.3,0.2,100.3,0.112,95.3,0.0631,90.3,0.0355,85.3,0.02,80.3,0.0112,75.3,0.00631
3275,0.00645,-39.75,85.25,3460.0,2014-03-08T00:19:45Z,2014-03-08T00:54:52Z,4000000000.0,4760.9,250.03,2014-03-08T01:12:54Z,2014-03-08T01:48:23Z,0,138.7,16.0,138.7,16.0,138.7,14.9,145.0,14.7,105.3,0.2,100.3,0.112,95.3,0.0631,90.3,0.0355,85.3,0.02,80.3,0.0112,75.3,0.00631
H01W,0.0062,-39.75,85.75,3465.0,2014-03-08T00:20:02Z,2014-03-08T00:54:42Z,4000000000.0,2561.3,249.53,2014-03-08T00:48:37Z,2014-03-08T01:23:48Z,0,136.0,12.5,136.0,12.5,136.0,11.0,142.3,10.7,108.0,0.336,103.0,0.189,98.0,0.106,93.0,0.0597,88.0,0.0336,83.0,0.0189,78.0,0.0106
H08S,0.0062,-39.75,85.75,3465.0,2014-03-08T00:20:02Z,2014-03-08T00:54:42Z,4000000000.0,3790.3,161.6,2014-03-08T01:02:06Z,2014-03-08T01:37:28Z,0,139.2,12.2,139.2,10.7,139.3,11.0,142.0,10.7,105.8,0.229,100.8,0.129,95.8,0.0723,90.8,0.0406,85.8,0.0229,80.8,0.0129,75.8,0.00723
3315,0.0062,-39.75,85.75,3465.0,2014-03-08T00:20:02Z,2014-03-08T00:54:42Z,4000000000.0,2768.5,243.46,2014-03-08T00:50:56Z,2014-03-08T01:26:08Z,0,136.3,16.0,136.3,16.0,136.3,14.9,142.6,14.7,107.7,0.315,102.7,0.177,97.7,0.0997,92.7,0.056,87.7,0.0315,82.7,0.0177,77.7,0.00997
3376,0.0062,-39.75,85.75,3465.0,2014-03-08T00:20:02Z,2014-03-08T00:54:42Z,4000000000.0,2770.9,243.41,2014-03-08T00:50:58Z,2014-03-08T01:26:10Z,0,136.4,16.0,136.4,16.0,136.4,14.9,142.6,14.7,107.7,0.315,102.7,0.177,97.7,0.0996,92.7,0.056,87.7,0.0315,82.7,0.0177,77.7,0.00996
3250,0.0062,-39.75,85.75,3465.0,2014-03-08T00:20:02Z,2014-03-08T00:54:42Z,4000000000.0,4367.2,225.04,2014-03-08T01:08:48Z,2014-03-08T01:44:10Z,1,138.3,16.0,138.3,16.0,138.3,14.9,144.6,14.7,105.7,0.215,100.7,0.121,95.7,0.068,90.7,0.0383,85.7,0.0215,80.7,0.0121,75.7,0.0068
3274,0.0062,-39.75,85.75,3465.0,2014-03-08T00:20:02Z,2014-03-08T00:54:42Z,4000000000.0,4721.6,250.24,2014-03-08T01:12:43Z,2014-03-08T01:48:10Z,0,138.7,16.0,138.7,16.0,138.7,14.9,145.0,14.7,105.4,0.201,100.4,0.113,95.4,0.0636,90.4,0.0358,85.4,0.0201,80.4,0.0113,75.4,0.00636
3275,0.0062,-39.75,85.75,3465.0,2014-03-08T00:20:02Z,2014-03-08T00:54:42Z,4000000000.0,4719.6,250.25,2014-03-08T01:12:42Z,2014-03-08T01:48:08Z,0,138.7,16.0,138.7,16.0,138.7,14.9,144.9,14.7,105.4,0.201,100.4,0.113,95.4,0.0636,90.4,0.0358,85.4,0.0201,80.4,0.0113,75.4,0.00636
H01W,0.0073,-39.75,86.25,3430.0,2014-03-08T00:20:20Z,2014-03-08T00:54:53Z,4000000000.0,2516.1,249.42,2014-03-08T00:48:26Z,2014-03-08T01:23:16Z,0,135.9,12.5,135.9,12.5,135.9,11.0,142.2,10.7,108.1,0.34,103.1,0.191,98.1,0.108,93.1,0.0605,88.1,0.034,83.1,0.0191,78.1,0.0108
H08S,0.0073,-39.75,86.25,3430.0,2014-03-08T00:20:20Z,2014-03-08T00:54:53Z,4000000000.0,3811.9,160.94,2014-03-08T01:02:50Z,2014-03-08T01:37:53Z,1,139.2,12.2,139.2,10.7,139.3,11.0,142.0,10.7,105.8,0.227,100.8,0.128,95.8,0.0719,90.8,0.0404,85.8,0.0227,80.8,0.0128,75.8,0.00719
3315,0.0073,-39.75,86.25,3430.0,2014-03-08T00:20:20Z,2014-03-08T00:54:53Z,4000000000.0,2723.6,243.28,2014-03-08T00:50:46Z,2014-03-08T01:25:38Z,0,136.3,16.0,136.3,16.0,136.3,14.9,142.6,14.7,107.8,0.319,102.8,0.18,97.8,0.101,92.8,0.0568,87.8,0.0319,82.8,0.018,77.8,0.0101
3376,0.0073,-39.75,86.25,3430.0,2014-03-08T00:20:20Z,2014-03-08T00:54:53Z,4000000000.0,2726.0,243.23,2014-03-08T00:50:47Z,2014-03-08T01:25:39Z,0,136.3,16.0,136.3,16.0,136.3,14.9,142.6,14.7,107.8,0.319,102.8,0.179,97.8,0.101,92.8,0.0568,87.8,0.0319,82.8,0.0179,77.8,0.0101
3250,0.0073,-39.75,86.25,3430.0,2014-03-08T00:20:20Z,2014-03-08T00:54:53Z,4000000000.0,4327.3,224.69,2014-03-08T01:08:42Z,2014-03-08T01:43:46Z,1,138.3,16.0,138.3,16.0,138.3,14.9,144.6,14.7,105.8,0.217,100.8,0.122,95.8,0.0686,90.8,0.0386,85.8,0.0217,80.8,0.0122,75.8,0.00686
3274,0.0073,-39.75,86.25,3430.0,2014-03-08T00:20:20Z,2014-03-08T00:54:53Z,4000000000.0,4677.7,250.36,2014-03-08T01:12:33Z,2014-03-08T01:47:37Z,0,138.6,16.0,138.6,16.0,138.6,14.9,144.9,14.7,105.4,0.203,100.4,0.114,95.4,0.0641,90.4,0.0361,85.4,0.0203,80.4,0.0114,75.4,0.00641
3275,0.0073,-39.75,86.25,3430.0,2014-03-08T00:20:20Z,2014-03-08T00:54:53Z,4000000000.0,4675.7,250.37,2014-03-08T01:12:31Z,2014-03-08T01:47:36Z,0,138.6,16.0,138.6,16.0,138.6,14.9,144.9,14.7,105.4,0.203,100.4,0.114,95.4,0.0641,90.4,0.0361,85.4,0.0203,80.4,0.0114,75.4,0.00641
H01W,0.00645,-39.75,86.75,3479.0,2014-03-08T00:19:40Z,2014-03-08T00:54:46Z,4000000000.0,2473.5,249.39,2014-03-08T00:47:28Z,2014-03-08T01:22:54Z,0,135.9,12.5,135.9,12.5,135.9,11.0,142.1,10.7,108.2,0.345,103.2,0.194,98.2,0.109,93.2,0.0614,88.2,0.0345,83.2,0.0194,78.2,0.0109
H08S,0.00645,-39.75,86.75,3479.0,2014-03-08T00:19:40Z,2014-03-08T00:54:46Z,4000000000.0,3830.2,160.31,2014-03-08T01:02:14Z,2014-03-08T01:38:08Z,0,139.3,12.2,139.3,10.7,139.3,11.0,142.0,10.7,105.8,0.226,100.8,0.127,95.8,0.0716,90.8,0.0403,85.8,0.0226,80.8,0.0127,75.8,0.00716
3315,0.00645,-39.75,86.75,3479.0,2014-03-08T00:19:40Z,2014-03-08T00:54:46Z,4000000000.0,2682.4,243.13,2014-03-08T00:49:47Z,2014-03-08T01:25:13Z,0,136.2,16.0,136.2,16.0,136.2,14.9,142.5,14.7,107.8,0.323,102.8,0.182,97.8,0.102,92.8,0.0575,87.8,0.0323,82.8,0.0182,77.8,0.0102
3376,0.00645,-39.75,86.75,3479.0,2014-03-08T00:19:40Z,2014-03-08T00:54:46Z,4000000000.0,2684.7,243.08,2014-03-08T00:49:48Z,2014-03-08T01:25:15Z,0,136.2,16.0,136.2,16.0,136.2,14.9,142.5,14.7,107.8,0.323,102.8,0.182,97.8,0.102,92.8,0.0575,87.8,0.0323,82.8,0.0182,77.8,0.0102
3250,0.00645,-39.75,86.75,3479.0,2014-03-08T00:19:40Z,2014-03-08T00:54:46Z,4000000000.0,4288.9,224.39,2014-03-08T01:07:40Z,2014-03-08T01:43:25Z,1,138.2,16.0,138.2,16.0,138.2,14.9,144.5,14.7,105.8,0.219,100.8,0.123,95.8,0.0691,90.8,0.0389,85.8,0.0219,80.8,0.0123,75.8,0.00691
3274,0.00645,-39.75,86.75,3479.0,2014-03-08T00:19:40Z,2014-03-08T00:54:46Z,4000000000.0,4637.3,250.52,2014-03-08T01:11:41Z,2014-03-08T01:47:23Z,0,138.6,16.0,138.6,16.0,138.6,14.9,144.9,14.7,105.4,0.204,100.4,0.115,95.4,0.0646,90.4,0.0363,85.4,0.0204,80.4,0.0115,75.4,0.00646
3275,0.00645,-39.75,86.75,3479.0,2014-03-08T00:19:40Z,2014-03-08T00:54:46Z,4000000000.0,4635.2,250.54,2014-03-08T01:11:40Z,2014-03-08T01:47:21Z,0,138.6,16.0,138.6,16.0,138.6,14.9,144.9,14.7,105.5,0.204,100.5,0.115,95.5,0.0646,90.5,0.0363,85.5,0.0204,80.5,0.0115,75.5,0.00646
H01W,0.0067,-39.75,87.25,3359.0,2014-03-08T00:19:41Z,2014-03-08T00:54:35Z,4000000000.0,2431.9,249.27,2014-03-08T00:46:58Z,2014-03-08T01:21:57Z,0,135.8,12.5,135.8,12.5,135.8,11.0,142.1,10.7,108.3,0.35,103.3,0.197,98.3,0.111,93.3,0.0622,88.3,0.035,83.3,0.0197,78.3,0.0111
H08S,0.0067,-39.75,87.25,3359.0,2014-03-08T00:19:41Z,2014-03-08T00:54:35Z,4000000000.0,3849.6,159.76,2014-03-08T01:02:52Z,2014-03-08T01:38:18Z,0,139.3,12.2,139.3,10.7,139.3,11.0,142.1,10.7,105.7,0.226,100.7,0.127,95.7,0.0713,90.7,0.0401,85.7,0.0226,80.7,0.0127,75.7,0.00713
3315,0.0067,-39.75,87.25,3359.0,2014-03-08T00:19:41Z,2014-03-08T00:54:35Z,4000000000.0,2642.0,242.92,2014-03-08T00:49:20Z,2014-03-08T01:24:20Z,0,136.1,16.0,136.1,16.0,136.1,14.9,142.4,14.7,107.9,0.327,102.9,0.184,97.9,0.104,92.9,0.0582,87.9,0.0327,82.9,0.0184,77.9,0.0104
3376,0.0067,-39.75,87.25,3359.0,2014-03-08T00:19:41Z,2014-03-08T00:54:35Z,4000000000.0,2644.4,242.87,2014-03-08T00:49:22Z,2014-03-08T01:24:22Z,0,136.1,16.0,136.1,16.0,136.1,14.9,142.4,14.7,107.9,0.327,102.9,0.184,97.9,0.103,92.9,0.0582,87.9,0.0327,82.9,0.0184,77.9,0.0103
3250,0.0067,-39.75,87.25,3359.0,2014-03-08T00:19:41Z,2014-03-08T00:54:35Z,4000000000.0,4255.3,224.09,2014-03-08T01:07:25Z,2014-03-08T01:42:37Z,1,138.2,16.0,138.2,16.0,138.2,14.9,144.5,14.7,105.8,0.22,100.8,0.124,95.8,0.0696,90.8,0.0391,85.8,0.022,80.8,0.0124,75.8,0.00696
3274,0.0067,-39.75,87.25,3359.0,2014-03-08T00:19:41Z,2014-03-08T00:54:35Z,4000000000.0,4595.8,250.66,2014-03-08T01:11:03Z,2014-03-08T01:46:15Z,0,138.5,16.0,138.5,16.0,138.5,14.9,144.8,14.7,105.5,0.206,100.5,0.116,95.5,0.0651,90.5,0.0366,85.5,0.0206,80.5,0.0116,75.5,0.00651
3275,0.0067,-39.75,87.25,3359.0,2014-03-08T00:19:41Z,2014-03-08T00:54:35Z,4000000000.0,4593.8,250.68,2014-03-08T01:11:01Z,2014-03-08T01:46:13Z,0,138.5,16.0,138.5,16.0,138.5,14.9,144.8,14.7,105.5,0.206,100.5,0.116,95.5,0.0651,90.5,0.0366,85.5,0.0206,80.5,0.0116,75.5,0.00651
H01W,0.0063,-39.75,87.75,3296.0,2014-03-08T00:19:56Z,2014-03-08T00:54:58Z,4000000000.0,2388.8,249.28,2014-03-08T00:46:32Z,2014-03-08T01:22:03Z,0,135.7,12.5,135.7,12.5,135.7,11.0,142.0,10.7,108.3,0.355,103.3,0.2,98.3,0.112,93.3,0.0631,88.3,0.0355,83.3,0.02,78.3,0.0112
H08S,0.0063,-39.75,87.75,3296.0,2014-03-08T00:19:56Z,2014-03-08T00:54:58Z,4000000000.0,3863.9,159.14,2014-03-08T01:03:11Z,2014-03-08T01:38:17Z,0,139.3,12.2,139.3,10.7,139.4,11.0,142.1,10.7,105.7,0.225,100.7,0.126,95.7,0.0711,90.7,0.04,85.7,0.0225,80.7,0.0126,75.7,0.00711
3315,0.0063,-39.75,87.75,3296.0,2014-03-08T00:19:56Z,2014-03-08T00:54:58Z,4000000000.0,2598.8,242.83,2014-03-08T00:48:53Z,2014-03-08T01:24:24Z,0,136.1,16.0,136.1,16.0,136.1,14.9,142.4,14.7,108.0,0.332,103.0,0.187,98.0,0.105,93.0,0.059,88.0,0.0332,83.0,0.0187,78.0,0.0105
3376,0.0063,-39.75,87.75,3296.0,2014-03-08T00:19:56Z,2014-03-08T00:54:58Z,4000000000.0,2601.1,242.78,2014-03-08T00:48:55Z,2014-03-08T01:24:25Z,0,136.1,16.0,136.1,16.0,136.1,14.9,142.4,14.7,108.0,0.331,103.0,0.186,98.0,0.105,93.0,0.0589,88.0,0.0331,83.0,0.0186,78.0,0.0105
3250,0.0063,-39.75,87.75,3296.0,2014-03-08T00:19:56Z,2014-03-08T00:54:58Z,4000000000.0,4217.1,223.85,2014-03-08T01:06:59Z,2014-03-08T01:42:32Z,1,138.2,16.0,138.2,16.0,138.2,14.9,144.5,14.7,105.9,0.222,100.9,0.125,95.9,0.0701,90.9,0.0394,85.9,0.0222,80.9,0.0125,75.9,0.00701
3274,0.0063,-39.75,87.75,3296.0,2014-03-08T00:19:56Z,2014-03-08T00:54:58Z,4000000000.0,4555.7,250.85,2014-03-08T01:10:43Z,2014-03-08T01:46:34Z,0,138.5,16.0,138.5,16.0,138.5,14.9,144.8,14.7,105.5,0.207,100.5,0.117,95.5,0.0656,90.5,0.0369,85.5,0.0207,80.5,0.0117,75.5,0.00656
3275,0.0063,-39.75,87.75,3296.0,2014-03-08T00:19:56Z,2014-03-08T00:54:58Z,4000000000.0,4553.7,250.86,2014-03-08T01:10:42Z,2014-03-08T01:46:33Z,0,138.5,16.0,138.5,16.0,138.5,14.9,144.8,14.7,105.5,0.208,100.5,0.117,95.5,0.0656,90.5,0.0369,85.5,0.0208,80.5,0.0117,75.5,0.00656
H01W,0.00675,-39.75,88.25,3303.0,2014-03-08T00:19:52Z,2014-03-08T00:54:59Z,4000000000.0,2346.4,249.08,2014-03-08T00:45:58Z,2014-03-08T01:21:39Z,0,135.6,12.5,135.6,12.5,135.6,11.0,141.9,10.7,108.4,0.36,103.4,0.202,98.4,0.114,93.4,0.064,88.4,0.036,83.4,0.0202,78.4,0.0114
H08S,0.00675,-39.75,88.25,3303.0,2014-03-08T00:19:52Z,2014-03-08T00:54:59Z,4000000000.0,3889.6,158.56,2014-03-08T01:03:13Z,2014-03-08T01:39:07Z,1,139.3,12.2,139.3,10.7,139.4,11.0,142.1,10.7,105.7,0.224,100.7,0.126,95.7,0.0707,90.7,0.0398,85.7,0.0224,80.7,0.0126,75.7,0.00707
3315,0.00675,-39.75,88.25,3303.0,2014-03-08T00:19:52Z,2014-03-08T00:54:59Z,4000000000.0,2558.0,242.55,2014-03-08T00:48:19Z,2014-03-08T01:24:02Z,0,136.0,16.0,136.0,16.0,136.0,14.9,142.3,14.7,108.0,0.336,103.0,0.189,98.0,0.106,93.0,0.0597,88.0,0.0336,83.0,0.0189,78.0,0.0106
3376,0.00675,-39.75,88.25,3303.0,2014-03-08T00:19:52Z,2014-03-08T00:54:59Z,4000000000.0,2560.4,242.5,2014-03-08T00:48:21Z,2014-03-08T01:24:04Z,0,136.0,16.0,136.0,16.0,136.0,14.9,142.3,14.7,108.0,0.336,103.0,0.189,98.0,0.106,93.0,0.0597,88.0,0.0336,83.0,0.0189,78.0,0.0106
3250,0.00675,-39.75,88.25,3303.0,2014-03-08T00:19:52Z,2014-03-08T00:54:59Z,4000000000.0,4180.3,223.46,2014-03-08T01:06:24Z,2014-03-08T01:42:20Z,1,138.1,16.0,138.1,16.0,138.1,14.9,144.4,14.7,105.9,0.223,100.9,0.126,95.9,0.0706,90.9,0.0397,85.9,0.0223,80.9,0.0126,75.9,0.00706
3274,0.00675,-39.75,88.25,3303.0,2014-03-08T00:19:52Z,2014-03-08T00:54:59Z,4000000000.0,4514.1,250.94,2014-03-08T01:10:08Z,2014-03-08T01:46:03Z,0,138.5,16.0,138.5,16.0,138.5,14.9,144.8,14.7,105.6,0.209,100.6,0.118,95.6,0.0661,90.6,0.0372,85.6,0.0209,80.6,0.0118,75.6,0.00661
3275,0.00675,-39.75,88.25,3303.0,2014-03-08T00:19:52Z,2014-03-08T00:54:59Z,4000000000.0,4512.1,250.95,2014-03-08T01:10:07Z,2014-03-08T01:46:02Z,0,138.5,16.0,138.5,16.0,138.5,14.9,144.8,14.7,105.6,0.209,100.6,0.118,95.6,0.0661,90.6,0.0372,85.6,0.0209,80.6,0.0118,75.6,0.00661
H01W,0.00445,-39.75,88.75,3345.0,2014-03-08T00:19:42Z,2014-03-08T00:54:50Z,4000000000.0,2307.3,249.08,2014-03-08T00:45:40Z,2014-03-08T01:20:50Z,0,135.6,12.5,135.6,12.5,135.6,11.0,141.8,10.7,108.5,0.365,103.5,0.205,98.5,0.115,93.5,0.0649,88.5,0.0365,83.5,0.0205,78.5,0.0115
H08S,0.00445,-39.75,88.75,3345.0,2014-03-08T00:19:42Z,2014-03-08T00:54:50Z,4000000000.0,3907.8,157.95,2014-03-08T01:03:14Z,2014-03-08T01:39:14Z,1,139.3,12.2,139.3,10.7,139.4,11.0,142.1,10.7,105.7,0.223,100.7,0.125,95.7,0.0704,90.7,0.0396,85.7,0.0223,80.7,0.0125,75.7,0.00704
3315,0.00445,-39.75,88.75,3345.0,2014-03-08T00:19:42Z,2014-03-08T00:54:50Z,4000000000.0,2517.2,242.42,2014-03-08T00:48:02Z,2014-03-08T01:23:12Z,0,135.9,16.0,135.9,16.0,135.9,14.9,142.2,14.7,108.1,0.34,103.1,0.191,98.1,0.108,93.1,0.0605,88.1,0.034,83.1,0.0191,78.1,0.0108
3376,0.00445,-39.75,88.75,3345.0,2014-03-08T00:19:42Z,2014-03-08T00:54:50Z,4000000000.0,2519.5,242.38,2014-03-08T00:48:03Z,2014-03-08T01:23:13Z,0,135.9,16.0,135.9,16.0,135.9,14.9,142.2,14.7,108.1,0.34,103.1,0.191,98.1,0.108,93.1,0.0605,88.1,0.034,83.1,0.0191,78.1,0.0108
3250,0.00445,-39.75,88.75,3345.0,2014-03-08T00:19:42Z,2014-03-08T00:54:50Z,4000000000.0,4142.6,223.16,2014-03-08T01:06:10Z,2014-03-08T01:41:31Z,1,138.1,16.0,138.1,16.0,138.1,14.9,144.4,14.7,105.9,0.225,100.9,0.127,95.9,0.0712,90.9,0.04,85.9,0.0225,80.9,0.0127,75.9,0.00712
3274,0.00445,-39.75,88.75,3345.0,2014-03-08T00:19:42Z,2014-03-08T00:54:50Z,4000000000.0,4473.3,251.19,2014-03-08T01:09:54Z,2014-03-08T01:45:20Z,0,138.4,16.0,138.4,16.0,138.4,14.9,144.7,14.7,105.6,0.211,100.6,0.119,95.6,0.0666,90.6,0.0375,85.6,0.0211,80.6,0.0119,75.6,0.00666
3275,0.00445,-39.75,88.75,3345.0,2014-03-08T00:19:42Z,2014-03-08T00:54:50Z,4000000000.0,4471.3,251.2,2014-03-08T01:09:52Z,2014-03-08T01:45:18Z,0,138.4,16.0,138.4,16.0,138.4,14.9,144.7,14.7,105.6,0.211,100.6,0.119,95.6,0.0667,90.6,0.0375,85.6,0.0211,80.6,0.0119,75.6,0.00667
H01W,0.00395,-39.75,89.25,3352.0,2014-03-08T00:21:43Z,2014-03-08T00:53:40Z,4000000000.0,2267.5,248.94,2014-03-08T00:47:05Z,2014-03-08T01:19:13Z,0,135.5,12.5,135.5,12.5,135.5,11.0,141.8,10.7,108.6,0.37,103.6,0.208,98.6,0.117,93.6,0.0658,88.6,0.037,83.6,0.0208,78.6,0.0117
H08S,0.00395,-39.75,89.25,3352.0,2014-03-08T00:21:43Z,2014-03-08T00:53:40Z,4000000000.0,3926.3,157.45,2014-03-08T01:05:25Z,2014-03-08T01:38:10Z,0,139.4,12.2,139.4,10.7,139.4,11.0,142.1,10.7,105.6,0.222,100.6,0.125,95.6,0.0701,90.6,0.0394,85.6,0.0222,80.6,0.0125,75.6,0.00701
3315,0.00395,-39.75,89.25,3352.0,2014-03-08T00:21:43Z,2014-03-08T00:53:40Z,4000000000.0,2480.6,242.23,2014-03-08T00:49:26Z,2014-03-08T01:21:38Z,0,135.9,16.0,135.9,16.0,135.9,14.9,142.2,14.7,108.2,0.344,103.2,0.194,98.2,0.109,93.2,0.0612,88.2,0.0344,83.2,0.0194,78.2,0.0109
3376,0.00395,-39.75,89.25,3352.0,2014-03-08T00:21:43Z,2014-03-08T00:53:40Z,4000000000.0,2482.9,242.18,2014-03-08T00:49:28Z,2014-03-08T01:21:39Z,0,135.9,16.0,135.9,16.0,135.9,14.9,142.2,14.7,108.2,0.344,103.2,0.193,98.2,0.109,93.2,0.0612,88.2,0.0344,83.2,0.0193,78.2,0.0109
3250,0.00395,-39.75,89.25,3352.0,2014-03-08T00:21:43Z,2014-03-08T00:53:40Z,4000000000.0,4110.8,222.86,2014-03-08T01:07:37Z,2014-03-08T01:40:06Z,1,138.1,16.0,138.1,16.0,138.1,14.9,144.3,14.7,106.0,0.227,101.0,0.127,96.0,0.0717,91.0,0.0403,86.0,0.0227,81.0,0.0127,76.0,0.00717
3274,0.00395,-39.75,89.25,3352.0,2014-03-08T00:21:43Z,2014-03-08T00:53:40Z,4000000000.0,4439.4,251.33,2014-03-08T01:11:23Z,2014-03-08T01:43:36Z,0,138.4,16.0,138.4,16.0,138.4,14.9,144.7,14.7,105.6,0.212,100.6,0.119,95.6,0.0671,90.6,0.0377,85.6,0.0212,80.6,0.0119,75.6,0.00671
3275,0.00395,-39.75,89.25,3352.0,2014-03-08T00:21:43Z,2014-03-08T00:53:40Z,4000000000.0,4437.3,251.34,2014-03-08T01:11:22Z,2014-03-08T01:43:35Z,0,138.4,16.0,138.4,16.0,138.4,14.9,144.7,14.7,105.6,0.212,100.6,0.119,95.6,0.0671,90.6,0.0377,85.6,0.0212,80.6,0.0119,75.6,0.00671
H01W,0.0021,-39.75,89.75,3361.0,2014-03-08T00:20:55Z,2014-03-08T00:52:38Z,4000000000.0,2223.4,248.86,2014-03-08T00:45:50Z,2014-03-08T01:17:44Z,0,135.4,12.5,135.4,12.5,135.4,11.0,141.7,10.7,108.6,0.376,103.6,0.211,98.6,0.119,93.6,0.0668,88.6,0.0376,83.6,0.0211,78.6,0.0119
H08S,0.0021,-39.75,89.75,3361.0,2014-03-08T00:20:55Z,2014-03-08T00:52:38Z,4000000000.0,3945.9,156.84,2014-03-08T01:05:03Z,2014-03-08T01:36:59Z,0,139.4,12.2,139.4,10.7,139.5,11.0,142.2,10.7,105.6,0.221,100.6,0.124,95.6,0.0698,90.6,0.0393,85.6,0.0221,80.6,0.0124,75.6,0.00698
3315,0.0021,-39.75,89.75,3361.0,2014-03-08T00:20:55Z,2014-03-08T00:52:38Z,4000000000.0,2435.9,242.02,2014-03-08T00:48:14Z,2014-03-08T01:20:06Z,0,135.8,16.0,135.8,16.0,135.8,14.9,142.1,14.7,108.2,0.349,103.2,0.196,98.2,0.11,93.2,0.0621,88.2,0.0349,83.2,0.0196,78.2,0.011
3376,0.0021,-39.75,89.75,3361.0,2014-03-08T00:20:55Z,2014-03-08T00:52:38Z,4000000000.0,2438.3,241.97,2014-03-08T00:48:15Z,2014-03-08T01:20:08Z,0,135.8,16.0,135.8,16.0,135.8,14.9,142.1,14.7,108.2,0.349,103.2,0.196,98.2,0.11,93.2,0.0621,88.2,0.0349,83.2,0.0196,78.2,0.011
3250,0.0021,-39.75,89.75,3361.0,2014-03-08T00:20:55Z,2014-03-08T00:52:38Z,4000000000.0,4072.9,222.55,2014-03-08T01:06:30Z,2014-03-08T01:38:32Z,1,138.0,16.0,138.0,16.0,138.0,14.9,144.3,14.7,106.0,0.228,101.0,0.128,96.0,0.0722,91.0,0.0406,86.0,0.0228,81.0,0.0128,76.0,0.00722
3274,0.0021,-39.75,89.75,3361.0,2014-03-08T00:20:55Z,2014-03-08T00:52:38Z,4000000000.0,4396.2,251.48,2014-03-08T01:10:04Z,2014-03-08T01:42:16Z,0,138.4,16.0,138.4,16.0,138.4,14.9,144.6,14.7,105.7,0.214,100.7,0.12,95.7,0.0677,90.7,0.038,85.7,0.0214,80.7,0.012,75.7,0.00677
3275,0.0021,-39.75,89.75,3361.0,2014-03-08T00:20:55Z,2014-03-08T00:52:38Z,4000000000.0,4394.1,251.49,2014-03-08T01:10:02Z,2014-03-08T01:42:15Z,0,138.4,16.0,138.4,16.0,138.4,14.9,144.6,14.7,105.7,0.214,100.7,0.12,95.7,0.0677,90.7,0.0381,85.7,0.0214,80.7,0.012,75.7,0.00677
H01W,0.00085,-39.75,90.25,3500.0,2014-03-08T00:21:21Z,2014-03-08T00:54:41Z,4000000000.0,2189.7,249.16,2014-03-08T00:45:45Z,2014-03-08T01:19:25Z,0,135.3,12.5,135.3,12.5,135.3,11.0,141.6,10.7,108.7,0.38,103.7,0.214,98.7,0.12,93.7,0.0676,88.7,0.038,83.7,0.0214,78.7,0.012
H08S,0.00085,-39.75,90.25,3500.0,2014-03-08T00:21:21Z,2014-03-08T00:54:41Z,4000000000.0,3955.0,156.31,2014-03-08T01:05:26Z,2014-03-08T01:39:22Z,0,139.4,12.2,139.4,10.7,139.5,11.0,142.2,10.7,105.6,0.22,100.6,0.124,95.6,0.0697,90.6,0.0392,85.6,0.022,80.6,0.0124,75.6,0.00697
3315,0.00085,-39.75,90.25,3500.0,2014-03-08T00:21:21Z,2014-03-08T00:54:41Z,4000000000.0,2401.3,242.15,2014-03-08T00:48:06Z,2014-03-08T01:21:49Z,0,135.7,16.0,135.7,16.0,135.7,14.9,142.0,14.7,108.3,0.353,103.3,0.199,98.3,0.112,93.3,0.0628,88.3,0.0353,83.3,0.0199,78.3,0.0112
3376,0.00085,-39.75,90.25,3500.0,2014-03-08T00:21:21Z,2014-03-08T00:54:41Z,4000000000.0,2403.6,242.1,2014-03-08T00:48:08Z,2014-03-08T01:21:51Z,0,135.7,16.0,135.7,16.0,135.7,14.9,142.0,14.7,108.3,0.353,103.3,0.199,98.3,0.112,93.3,0.0628,88.3,0.0353,83.3,0.0199,78.3,0.0112
3250,0.00085,-39.75,90.25,3500.0,2014-03-08T00:21:21Z,2014-03-08T00:54:41Z,4000000000.0,4038.8,222.4,2014-03-08T01:06:22Z,2014-03-08T01:40:19Z,1,138.0,16.0,138.0,16.0,138.0,14.9,144.3,14.7,106.0,0.23,101.0,0.129,96.0,0.0728,91.0,0.0409,86.0,0.023,81.0,0.0129,76.0,0.00728
3274,0.00085,-39.75,90.25,3500.0,2014-03-08T00:21:21Z,2014-03-08T00:54:41Z,4000000000.0,4366.3,251.8,2014-03-08T01:10:08Z,2014-03-08T01:43:55Z,0,138.3,16.0,138.3,16.0,138.3,14.9,144.6,14.7,105.7,0.215,100.7,0.121,95.7,0.068,90.7,0.0383,85.7,0.0215,80.7,0.0121,75.7,0.0068
3275,0.00085,-39.75,90.25,3500.0,2014-03-08T00:21:21Z,2014-03-08T00:54:41Z,4000000000.0,4364.3,251.82,2014-03-08T01:10:06Z,2014-03-08T01:43:54Z,0,138.3,16.0,138.3,16.0,138.3,14.9,144.6,14.7,105.7,0.215,100.7,0.121,95.7,0.0681,90.7,0.0383,85.7,0.0215,80.7,0.0121,75.7,0.00681
H01W,5e-05,-39.25,81.75,3488.0,2014-03-08T00:39:38Z,2014-03-08T00:39:38Z,4000000000.0,2901.2,250.55,2014-03-08T01:12:02Z,2014-03-08T01:12:20Z,0,136.6,12.5,136.6,12.5,136.6,11.0,142.8,10.7,107.5,0.303,102.5,0.171,97.5,0.0959,92.5,0.054,87.5,0.0303,82.5,0.0171,77.5,0.00959
H08S,5e-05,-39.25,81.75,3488.0,2014-03-08T00:39:38Z,2014-03-08T00:39:38Z,4000000000.0,3634.5,166.57,2014-03-08T01:20:14Z,2014-03-08T01:20:37Z,0,139.0,12.2,139.0,10.7,139.1,11.0,141.8,10.7,106.0,0.237,101.0,0.133,96.0,0.0749,91.0,0.0421,86.0,0.0237,81.0,0.0133,76.0,0.00749
3315,5e-05,-39.25,81.75,3488.0,2014-03-08T00:39:38Z,2014-03-08T00:39:38Z,4000000000.0,3102.1,245.12,2014-03-08T01:14:17Z,2014-03-08T01:14:36Z,0,136.8,16.0,136.8,16.0,136.8,14.9,143.1,14.7,107.2,0.287,102.2,0.161,97.2,0.0908,92.2,0.0511,87.2,0.0287,82.2,0.0161,77.2,0.00908
3376,5e-05,-39.25,81.75,3488.0,2014-03-08T00:39:38Z,2014-03-08T00:39:38Z,4000000000.0,3104.3,245.08,2014-03-08T01:14:18Z,2014-03-08T01:14:38Z,0,136.8,16.0,136.8,16.0,136.8,14.9,143.1,14.7,107.2,0.287,102.2,0.161,97.2,0.0908,92.2,0.051,87.2,0.0287,82.2,0.0161,77.2,0.00908
3250,5e-05,-39.25,81.75,3488.0,2014-03-08T00:39:38Z,2014-03-08T00:39:38Z,4000000000.0,4656.8,227.54,2014-03-08T01:31:39Z,2014-03-08T01:32:08Z,1,138.6,16.0,138.6,16.0,138.6,14.9,144.9,14.7,105.4,0.204,100.4,0.114,95.4,0.0644,90.4,0.0362,85.4,0.0204,80.4,0.0114,75.4,0.00644
3274,5e-05,-39.25,81.75,3488.0,2014-03-08T00:39:38Z,2014-03-08T00:39:38Z,4000000000.0,5057.9,249.33,2014-03-08T01:36:08Z,2014-03-08T01:36:40Z,0,139.0,16.0,139.0,16.0,139.0,14.9,145.2,14.7,105.1,0.189,100.1,0.106,95.1,0.0599,90.1,0.0337,85.1,0.0189,80.1,0.0106,75.1,0.00599
3275,5e-05,-39.25,81.75,3488.0,2014-03-08T00:39:38Z,2014-03-08T00:39:38Z,4000000000.0,5055.9,249.35,2014-03-08T01:36:06Z,2014-03-08T01:36:38Z,0,139.0,16.0,139.0,16.0,139.0,14.9,145.2,14.7,105.1,0.189,100.1,0.107,95.1,0.0599,90.1,0.0337,85.1,0.0189,80.1,0.0107,75.1,0.00599
H01W,0.0001,-39.25,82.25,3353.0,2014-03-08T00:24:22Z,2014-03-08T00:43:26Z,4000000000.0,2861.4,250.43,2014-03-08T00:56:26Z,2014-03-08T01:15:36Z,0,136.5,12.5,136.5,12.5,136.5,11.0,142.8,10.7,107.5,0.307,102.5,0.173,97.5,0.097,92.5,0.0546,87.5,0.0307,82.5,0.0173,77.5,0.0097
H08S,0.0001,-39.25,82.25,3353.0,2014-03-08T00:24:22Z,2014-03-08T00:43:26Z,4000000000.0,3651.9,165.97,2014-03-08T01:05:14Z,2014-03-08T01:24:33Z,0,139.0,12.2,139.0,10.7,139.1,11.0,141.8,10.7,106.0,0.236,101.0,0.133,96.0,0.0746,91.0,0.0419,86.0,0.0236,81.0,0.0133,76.0,0.00746
3315,0.0001,-39.25,82.25,3353.0,2014-03-08T00:24:22Z,2014-03-08T00:43:26Z,4000000000.0,3063.0,244.94,2014-03-08T00:58:42Z,2014-03-08T01:17:52Z,0,136.8,16.0,136.8,16.0,136.8,14.9,143.1,14.7,107.3,0.29,102.3,0.163,97.3,0.0918,92.3,0.0516,87.3,0.029,82.3,0.0163,77.3,0.00918
3376,0.0001,-39.25,82.25,3353.0,2014-03-08T00:24:22Z,2014-03-08T00:43:26Z,4000000000.0,3065.3,244.9,2014-03-08T00:58:43Z,2014-03-08T01:17:53Z,0,136.8,16.0,136.8,16.0,136.8,14.9,143.1,14.7,107.2,0.29,102.2,0.163,97.2,0.0917,92.2,0.0516,87.2,0.029,82.2,0.0163,77.2,0.00917
3250,0.0001,-39.25,82.25,3353.0,2014-03-08T00:24:22Z,2014-03-08T00:43:26Z,4000000000.0,4622.6,227.26,2014-03-08T01:16:09Z,2014-03-08T01:35:25Z,1,138.6,16.0,138.6,16.0,138.6,14.9,144.9,14.7,105.5,0.205,100.5,0.115,95.5,0.0648,90.5,0.0364,85.5,0.0205,80.5,0.0115,75.5,0.00648
3274,0.0001,-39.25,82.25,3353.0,2014-03-08T00:24:22Z,2014-03-08T00:43:26Z,4000000000.0,5018.4,249.43,2014-03-08T01:20:29Z,2014-03-08T01:39:58Z,0,138.9,16.0,138.9,16.0,138.9,14.9,145.2,14.7,105.1,0.191,100.1,0.107,95.1,0.0603,90.1,0.0339,85.1,0.0191,80.1,0.0107,75.1,0.00603
3275,0.0001,-39.25,82.25,3353.0,2014-03-08T00:24:22Z,2014-03-08T00:43:26Z,4000000000.0,5016.4,249.44,2014-03-08T01:20:28Z,2014-03-08T01:39:56Z,0,138.9,16.0,138.9,16.0,138.9,14.9,145.2,14.7,105.1,0.191,100.1,0.107,95.1,0.0603,90.1,0.0339,85.1,0.0191,80.1,0.0107,75.1,0.00603
H01W,0.0005,-39.25,82.75,3483.0,2014-03-08T00:22:32Z,2014-03-08T00:51:47Z,4000000000.0,2802.3,250.9,2014-03-08T00:53:49Z,2014-03-08T01:23:22Z,0,136.4,12.5,136.4,12.5,136.4,11.0,142.7,10.7,107.6,0.312,102.6,0.176,97.6,0.0987,92.6,0.0555,87.6,0.0312,82.6,0.0176,77.6,0.00987
H08S,0.0005,-39.25,82.75,3483.0,2014-03-08T00:22:32Z,2014-03-08T00:51:47Z,4000000000.0,3651.1,164.91,2014-03-08T01:03:24Z,2014-03-08T01:32:45Z,0,139.0,12.2,139.0,10.7,139.1,11.0,141.8,10.7,106.0,0.236,101.0,0.133,96.0,0.0746,91.0,0.0419,86.0,0.0236,81.0,0.0133,76.0,0.00746
3315,0.0005,-39.25,82.75,3483.0,2014-03-08T00:22:32Z,2014-03-08T00:51:47Z,4000000000.0,3001.8,245.25,2014-03-08T00:56:03Z,2014-03-08T01:25:36Z,0,136.7,16.0,136.7,16.0,136.7,14.9,143.0,14.7,107.3,0.295,102.3,0.166,97.3,0.0933,92.3,0.0525,87.3,0.0295,82.3,0.0166,77.3,0.00933
3376,0.0005,-39.25,82.75,3483.0,2014-03-08T00:22:32Z,2014-03-08T00:51:47Z,4000000000.0,3004.1,245.21,2014-03-08T00:56:05Z,2014-03-08T01:25:38Z,0,136.7,16.0,136.7,16.0,136.7,14.9,143.0,14.7,107.3,0.295,102.3,0.166,97.3,0.0932,92.3,0.0524,87.3,0.0295,82.3,0.0166,77.3,0.00932
3250,0.0005,-39.25,82.75,3483.0,2014-03-08T00:22:32Z,2014-03-08T00:51:47Z,4000000000.0,4559.3,227.19,2014-03-08T01:13:29Z,2014-03-08T01:43:06Z,1,138.5,16.0,138.5,16.0,138.5,14.9,144.8,14.7,105.5,0.207,100.5,0.117,95.5,0.0656,90.5,0.0369,85.5,0.0207,80.5,0.0117,75.5,0.00656
3274,0.0005,-39.25,82.75,3483.0,2014-03-08T00:22:32Z,2014-03-08T00:51:47Z,4000000000.0,4972.1,249.96,2014-03-08T01:17:59Z,2014-03-08T01:47:52Z,0,138.9,16.0,138.9,16.0,138.9,14.9,145.2,14.7,105.1,0.192,100.1,0.108,95.1,0.0608,90.1,0.0342,85.1,0.0192,80.1,0.0108,75.1,0.00608
3275,0.0005,-39.25,82.75,3483.0,2014-03-08T00:22:32Z,2014-03-08T00:51:47Z,4000000000.0,4970.1,249.97,2014-03-08T01:17:58Z,2014-03-08T01:47:51Z,0,138.9,16.0,138.9,16.0,138.9,14.9,145.2,14.7,105.1,0.192,100.1,0.108,95.1,0.0608,90.1,0.0342,85.1,0.0192,80.1,0.0108,75.1,0.00608
H01W,0.0008,-39.25,83.25,3458.0,2014-03-08T00:20:22Z,2014-03-08T00:54:33Z,4000000000.0,2769.8,250.69,2014-03-08T00:51:35Z,2014-03-08T01:25:45Z,0,136.3,12.5,136.3,12.5,136.3,11.0,142.6,10.7,107.7,0.315,102.7,0.177,97.7,0.0996,92.7,0.056,87.7,0.0315,82.7,0.0177,77.7,0.00996
H08S,0.0008,-39.25,83.25,3458.0,2014-03-08T00:20:22Z,2014-03-08T00:54:33Z,4000000000.0,3672.9,164.51,2014-03-08T01:01:00Z,2014-03-08T01:35:37Z,0,139.1,12.2,139.1,10.7,139.1,11.0,141.9,10.7,105.9,0.235,100.9,0.132,95.9,0.0742,90.9,0.0417,85.9,0.0235,80.9,0.0132,75.9,0.00742
3315,0.0008,-39.25,83.25,3458.0,2014-03-08T00:20:22Z,2014-03-08T00:54:33Z,4000000000.0,2971.6,244.98,2014-03-08T00:53:48Z,2014-03-08T01:27:59Z,0,136.7,16.0,136.7,16.0,136.7,14.9,142.9,14.7,107.4,0.297,102.4,0.167,97.4,0.0941,92.4,0.0529,87.4,0.0297,82.4,0.0167,77.4,0.00941
3376,0.0008,-39.25,83.25,3458.0,2014-03-08T00:20:22Z,2014-03-08T00:54:33Z,4000000000.0,2973.9,244.94,2014-03-08T00:53:50Z,2014-03-08T01:28:01Z,0,136.7,16.0,136.7,16.0,136.7,14.9,142.9,14.7,107.4,0.297,102.4,0.167,97.4,0.094,92.4,0.0529,87.4,0.0297,82.4,0.0167,77.4,0.0094
3250,0.0008,-39.25,83.25,3458.0,2014-03-08T00:20:22Z,2014-03-08T00:54:33Z,4000000000.0,4538.4,226.85,2014-03-08T01:11:09Z,2014-03-08T01:45:31Z,1,138.5,16.0,138.5,16.0,138.5,14.9,144.8,14.7,105.5,0.208,100.5,0.117,95.5,0.0658,90.5,0.037,85.5,0.0208,80.5,0.0117,75.5,0.00658
3274,0.0008,-39.25,83.25,3458.0,2014-03-08T00:20:22Z,2014-03-08T00:54:33Z,4000000000.0,4938.7,249.99,2014-03-08T01:15:52Z,2014-03-08T01:50:17Z,0,138.9,16.0,138.9,16.0,138.9,14.9,145.1,14.7,105.2,0.193,100.2,0.109,95.2,0.0611,90.2,0.0344,85.2,0.0193,80.2,0.0109,75.2,0.00611
3275,0.0008,-39.25,83.25,3458.0,2014-03-08T00:20:22Z,2014-03-08T00:54:33Z,4000000000.0,4936.7,250.0,2014-03-08T01:15:50Z,2014-03-08T01:50:16Z,0,138.9,16.0,138.9,16.0,138.9,14.9,145.1,14.7,105.2,0.193,100.2,0.109,95.2,0.0612,90.2,0.0344,85.2,0.0193,80.2,0.0109,75.2,0.00612
H01W,0.0012,-39.25,83.75,3552.0,2014-03-08T00:21:33Z,2014-03-08T00:52:52Z,4000000000.0,2726.6,250.87,2014-03-08T00:51:51Z,2014-03-08T01:23:30Z,0,136.3,12.5,136.3,12.5,136.3,11.0,142.6,10.7,107.8,0.319,102.8,0.179,97.8,0.101,92.8,0.0567,87.8,0.0319,82.8,0.0179,77.8,0.0101
H08S,0.0012,-39.25,83.75,3552.0,2014-03-08T00:21:33Z,2014-03-08T00:52:52Z,4000000000.0,3673.5,163.77,2014-03-08T01:02:29Z,2014-03-08T01:34:13Z,0,139.1,12.2,139.1,10.7,139.1,11.0,141.9,10.7,105.9,0.235,100.9,0.132,95.9,0.0742,90.9,0.0417,85.9,0.0235,80.9,0.0132,75.9,0.00742
3315,0.0012,-39.25,83.75,3552.0,2014-03-08T00:21:33Z,2014-03-08T00:52:52Z,4000000000.0,2926.6,245.08,2014-03-08T00:54:04Z,2014-03-08T01:25:46Z,0,136.6,16.0,136.6,16.0,136.6,14.9,142.9,14.7,107.4,0.301,102.4,0.169,97.4,0.0953,92.4,0.0536,87.4,0.0301,82.4,0.0169,77.4,0.00953
3376,0.0012,-39.25,83.75,3552.0,2014-03-08T00:21:33Z,2014-03-08T00:52:52Z,4000000000.0,2928.9,245.04,2014-03-08T00:54:06Z,2014-03-08T01:25:48Z,0,136.6,16.0,136.6,16.0,136.6,14.9,142.9,14.7,107.4,0.301,102.4,0.169,97.4,0.0952,92.4,0.0535,87.4,0.0301,82.4,0.0169,77.4,0.00952
3250,0.0012,-39.25,83.75,3552.0,2014-03-08T00:21:33Z,2014-03-08T00:52:52Z,4000000000.0,4492.6,226.82,2014-03-08T01:11:29Z,2014-03-08T01:43:24Z,1,138.5,16.0,138.5,16.0,138.5,14.9,144.7,14.7,105.6,0.21,100.6,0.118,95.6,0.0664,90.6,0.0373,85.6,0.021,80.6,0.0118,75.6,0.00664
3274,0.0012,-39.25,83.75,3552.0,2014-03-08T00:21:33Z,2014-03-08T00:52:52Z,4000000000.0,4896.5,250.22,2014-03-08T01:16:11Z,2014-03-08T01:48:01Z,0,138.8,16.0,138.8,16.0,138.8,14.9,145.1,14.7,105.2,0.195,100.2,0.11,95.2,0.0616,90.2,0.0346,85.2,0.0195,80.2,0.011,75.2,0.00616
3275,0.0012,-39.25,83.75,3552.0,2014-03-08T00:21:33Z,2014-03-08T00:52:52Z,4000000000.0,4894.4,250.24,2014-03-08T01:16:09Z,2014-03-08T01:48:00Z,0,138.8,16.0,138.8,16.0,138.8,14.9,145.1,14.7,105.2,0.195,100.2,0.11,95.2,0.0616,90.2,0.0347,85.2,0.0195,80.2,0.011,75.2,0.00616
H01W,0.00305,-39.25,84.25,3464.0,2014-03-08T00:19:38Z,2014-03-08T00:54:41Z,4000000000.0,2689.4,250.82,2014-03-08T00:49:48Z,2014-03-08T01:25:06Z,0,136.2,12.5,136.2,12.5,136.2,11.0,142.5,10.7,107.8,0.323,102.8,0.181,97.8,0.102,92.8,0.0574,87.8,0.0323,82.8,0.0181,77.8,0.0102
H08S,0.00305,-39.25,84.25,3464.0,2014-03-08T00:19:38Z,2014-03-08T00:54:41Z,4000000000.0,3692.5,163.2,2014-03-08T01:01:02Z,2014-03-08T01:36:13Z,0,139.1,12.2,139.1,10.7,139.2,11.0,141.9,10.7,105.9,0.234,100.9,0.131,95.9,0.0739,90.9,0.0415,85.9,0.0234,80.9,0.0131,75.9,0.00739
3315,0.00305,-39.25,84.25,3464.0,2014-03-08T00:19:38Z,2014-03-08T00:54:41Z,4000000000.0,2889.9,244.95,2014-03-08T00:52:03Z,2014-03-08T01:27:22Z,0,136.5,16.0,136.5,16.0,136.5,14.9,142.8,14.7,107.5,0.304,102.5,0.171,97.5,0.0962,92.5,0.0541,87.5,0.0304,82.5,0.0171,77.5,0.00962
3376,0.00305,-39.25,84.25,3464.0,2014-03-08T00:19:38Z,2014-03-08T00:54:41Z,4000000000.0,2892.1,244.91,2014-03-08T00:52:05Z,2014-03-08T01:27:23Z,0,136.5,16.0,136.5,16.0,136.5,14.9,142.8,14.7,107.5,0.304,102.5,0.171,97.5,0.0962,92.5,0.0541,87.5,0.0304,82.5,0.0171,77.5,0.00962
3250,0.00305,-39.25,84.25,3464.0,2014-03-08T00:19:38Z,2014-03-08T00:54:41Z,4000000000.0,4458.2,226.49,2014-03-08T01:09:38Z,2014-03-08T01:45:00Z,1,138.4,16.0,138.4,16.0,138.4,14.9,144.7,14.7,105.6,0.211,100.6,0.119,95.6,0.0668,90.6,0.0376,85.6,0.0211,80.6,0.0119,75.6,0.00668
3274,0.00305,-39.25,84.25,3464.0,2014-03-08T00:19:38Z,2014-03-08T00:54:41Z,4000000000.0,4860.4,250.37,2014-03-08T01:13:59Z,2014-03-08T01:49:38Z,0,138.8,16.0,138.8,16.0,138.8,14.9,145.1,14.7,105.2,0.196,100.2,0.11,95.2,0.062,90.2,0.0349,85.2,0.0196,80.2,0.011,75.2,0.0062
3275,0.00305,-39.25,84.25,3464.0,2014-03-08T00:19:38Z,2014-03-08T00:54:41Z,4000000000.0,4858.4,250.38,2014-03-08T01:13:58Z,2014-03-08T01:49:36Z,0,138.8,16.0,138.8,16.0,138.8,14.9,145.1,14.7,105.2,0.196,100.2,0.11,95.2,0.062,90.2,0.0349,85.2,0.0196,80.2,0.011,75.2,0.0062
H01W,0.0044,-39.25,84.75,3533.0,2014-03-08T00:20:54Z,2014-03-08T00:54:15Z,4000000000.0,2640.6,250.73,2014-03-08T00:50:25Z,2014-03-08T01:24:04Z,0,136.1,12.5,136.1,12.5,136.1,11.0,142.4,10.7,107.9,0.327,102.9,0.184,97.9,0.104,92.9,0.0582,87.9,0.0327,82.9,0.0184,77.9,0.0104
H08S,0.0044,-39.25,84.75,3533.0,2014-03-08T00:20:54Z,2014-03-08T00:54:15Z,4000000000.0,3712.4,162.47,2014-03-08T01:02:29Z,2014-03-08T01:35:58Z,0,139.1,12.2,139.1,10.7,139.2,11.0,141.9,10.7,105.9,0.233,100.9,0.131,95.9,0.0735,90.9,0.0414,85.9,0.0233,80.9,0.0131,75.9,0.00735
3315,0.0044,-39.25,84.75,3533.0,2014-03-08T00:20:54Z,2014-03-08T00:54:15Z,4000000000.0,2842.2,244.79,2014-03-08T00:52:39Z,2014-03-08T01:26:19Z,0,136.5,16.0,136.5,16.0,136.5,14.9,142.7,14.7,107.6,0.309,102.6,0.173,97.6,0.0976,92.6,0.0549,87.6,0.0309,82.6,0.0173,77.6,0.00976
3376,0.0044,-39.25,84.75,3533.0,2014-03-08T00:20:54Z,2014-03-08T00:54:15Z,4000000000.0,2844.5,244.75,2014-03-08T00:52:41Z,2014-03-08T01:26:21Z,0,136.5,16.0,136.5,16.0,136.5,14.9,142.7,14.7,107.6,0.308,102.6,0.173,97.6,0.0975,92.6,0.0548,87.6,0.0308,82.6,0.0173,77.6,0.00975
3250,0.0044,-39.25,84.75,3533.0,2014-03-08T00:20:54Z,2014-03-08T00:54:15Z,4000000000.0,4415.4,226.19,2014-03-08T01:10:14Z,2014-03-08T01:44:01Z,1,138.4,16.0,138.4,16.0,138.4,14.9,144.7,14.7,105.7,0.213,100.7,0.12,95.7,0.0674,90.7,0.0379,85.7,0.0213,80.7,0.012,75.7,0.00674
3274,0.0044,-39.25,84.75,3533.0,2014-03-08T00:20:54Z,2014-03-08T00:54:15Z,4000000000.0,4814.6,250.5,2014-03-08T01:14:43Z,2014-03-08T01:48:37Z,0,138.8,16.0,138.8,16.0,138.8,14.9,145.0,14.7,105.3,0.198,100.3,0.111,95.3,0.0625,90.3,0.0352,85.3,0.0198,80.3,0.0111,75.3,0.00625
3275,0.0044,-39.25,84.75,3533.0,2014-03-08T00:20:54Z,2014-03-08T00:54:15Z,4000000000.0,4812.6,250.52,2014-03-08T01:14:41Z,2014-03-08T01:48:36Z,0,138.7,16.0,138.7,16.0,138.7,14.9,145.0,14.7,105.3,0.198,100.3,0.111,95.3,0.0625,90.3,0.0352,85.3,0.0198,80.3,0.0111,75.3,0.00625
H01W,0.0076,-39.25,85.25,3540.0,2014-03-08T00:20:03Z,2014-03-08T00:54:40Z,4000000000.0,2602.6,250.68,2014-03-08T00:48:57Z,2014-03-08T01:24:05Z,0,136.1,12.5,136.1,12.5,136.1,11.0,142.4,10.7,108.0,0.331,103.0,0.186,98.0,0.105,93.0,0.0589,88.0,0.0331,83.0,0.0186,78.0,0.0105
H08S,0.0076,-39.25,85.25,3540.0,2014-03-08T00:20:03Z,2014-03-08T00:54:40Z,4000000000.0,3728.3,161.91,2014-03-08T01:01:38Z,2014-03-08T01:36:49Z,0,139.1,12.2,139.1,10.7,139.2,11.0,141.9,10.7,105.9,0.232,100.9,0.13,95.9,0.0733,90.9,0.0412,85.9,0.0232,80.9,0.013,75.9,0.00733
3315,0.0076,-39.25,85.25,3540.0,2014-03-08T00:20:03Z,2014-03-08T00:54:40Z,4000000000.0,2804.3,244.62,2014-03-08T00:51:12Z,2014-03-08T01:26:20Z,0,136.4,16.0,136.4,16.0,136.4,14.9,142.7,14.7,107.6,0.312,102.6,0.175,97.6,0.0986,92.6,0.0555,87.6,0.0312,82.6,0.0175,77.6,0.00986
3376,0.0076,-39.25,85.25,3540.0,2014-03-08T00:20:03Z,2014-03-08T00:54:40Z,4000000000.0,2806.5,244.57,2014-03-08T00:51:13Z,2014-03-08T01:26:22Z,0,136.4,16.0,136.4,16.0,136.4,14.9,142.7,14.7,107.6,0.312,102.6,0.175,97.6,0.0986,92.6,0.0554,87.6,0.0312,82.6,0.0175,77.6,0.00986
3250,0.0076,-39.25,85.25,3540.0,2014-03-08T00:20:03Z,2014-03-08T00:54:40Z,4000000000.0,4382.1,225.94,2014-03-08T01:08:49Z,2014-03-08T01:44:02Z,1,138.3,16.0,138.3,16.0,138.3,14.9,144.6,14.7,105.7,0.215,100.7,0.121,95.7,0.0678,90.7,0.0381,85.7,0.0215,80.7,0.0121,75.7,0.00678
3274,0.0076,-39.25,85.25,3540.0,2014-03-08T00:20:03Z,2014-03-08T00:54:40Z,4000000000.0,4778.3,250.66,2014-03-08T01:13:17Z,2014-03-08T01:48:40Z,0,138.7,16.0,138.7,16.0,138.7,14.9,145.0,14.7,105.3,0.199,100.3,0.112,95.3,0.0629,90.3,0.0354,85.3,0.0199,80.3,0.0112,75.3,0.00629
3275,0.0076,-39.25,85.25,3540.0,2014-03-08T00:20:03Z,2014-03-08T00:54:40Z,4000000000.0,4776.3,250.67,2014-03-08T01:13:16Z,2014-03-08T01:48:39Z,0,138.7,16.0,138.7,16.0,138.7,14.9,145.0,14.7,105.3,0.199,100.3,0.112,95.3,0.063,90.3,0.0354,85.3,0.0199,80.3,0.0112,75.3,0.0063
H01W,0.01265,-39.25,85.75,3542.0,2014-03-08T00:19:56Z,2014-03-08T00:54:54Z,4000000000.0,2556.4,250.69,2014-03-08T00:48:27Z,2014-03-08T01:23:45Z,0,136.0,12.5,136.0,12.5,136.0,11.0,142.3,10.7,108.0,0.336,103.0,0.189,98.0,0.106,93.0,0.0598,88.0,0.0336,83.0,0.0189,78.0,0.0106
H08S,0.01265,-39.25,85.75,3542.0,2014-03-08T00:19:56Z,2014-03-08T00:54:54Z,4000000000.0,3747.3,161.21,2014-03-08T01:01:43Z,2014-03-08T01:37:15Z,1,139.2,12.2,139.2,10.7,139.2,11.0,141.9,10.7,105.8,0.231,100.8,0.13,95.8,0.073,90.8,0.041,85.8,0.0231,80.8,0.013,75.8,0.0073
3315,0.01265,-39.25,85.75,3542.0,2014-03-08T00:19:56Z,2014-03-08T00:54:54Z,4000000000.0,2758.8,244.54,2014-03-08T00:50:42Z,2014-03-08T01:26:01Z,0,136.3,16.0,136.3,16.0,136.3,14.9,142.6,14.7,107.7,0.316,102.7,0.178,97.7,0.1,92.7,0.0562,87.7,0.0316,82.7,0.0178,77.7,0.01
3376,0.01265,-39.25,85.75,3542.0,2014-03-08T00:19:56Z,2014-03-08T00:54:54Z,4000000000.0,2761.0,244.49,2014-03-08T00:50:44Z,2014-03-08T01:26:02Z,0,136.3,16.0,136.3,16.0,136.3,14.9,142.6,14.7,107.7,0.316,102.7,0.178,97.7,0.0999,92.7,0.0562,87.7,0.0316,82.7,0.0178,77.7,0.00999
3250,0.01265,-39.25,85.75,3542.0,2014-03-08T00:19:56Z,2014-03-08T00:54:54Z,4000000000.0,4340.2,225.63,2014-03-08T01:08:24Z,2014-03-08T01:43:48Z,1,138.3,16.0,138.3,16.0,138.3,14.9,144.6,14.7,105.7,0.216,100.7,0.122,95.7,0.0684,90.7,0.0385,85.7,0.0216,80.7,0.0122,75.7,0.00684
3274,0.01265,-39.25,85.75,3542.0,2014-03-08T00:19:56Z,2014-03-08T00:54:54Z,4000000000.0,4733.0,250.86,2014-03-08T01:12:45Z,2014-03-08T01:48:22Z,0,138.7,16.0,138.7,16.0,138.7,14.9,145.0,14.7,105.4,0.201,100.4,0.113,95.4,0.0635,90.4,0.0357,85.4,0.0201,80.4,0.0113,75.4,0.00635
3275,0.01265,-39.25,85.75,3542.0,2014-03-08T00:19:56Z,2014-03-08T00:54:54Z,4000000000.0,4731.0,250.87,2014-03-08T01:12:44Z,2014-03-08T01:48:21Z,0,138.7,16.0,138.7,16.0,138.7,14.9,145.0,14.7,105.4,0.201,100.4,0.113,95.4,0.0635,90.4,0.0357,85.4,0.0201,80.4,0.0113,75.4,0.00635
H01W,0.015,-39.25,86.25,3541.0,2014-03-08T00:19:37Z,2014-03-08T00:54:50Z,4000000000.0,2516.8,250.83,2014-03-08T00:47:35Z,2014-03-08T01:22:58Z,0,135.9,12.5,135.9,12.5,135.9,11.0,142.2,10.7,108.1,0.34,103.1,0.191,98.1,0.108,93.1,0.0605,88.1,0.034,83.1,0.0191,78.1,0.0108
H08S,0.015,-39.25,86.25,3541.0,2014-03-08T00:19:37Z,2014-03-08T00:54:50Z,4000000000.0,3756.2,160.59,2014-03-08T01:01:33Z,2014-03-08T01:37:18Z,0,139.2,12.2,139.2,10.7,139.2,11.0,142.0,10.7,105.8,0.23,100.8,0.129,95.8,0.0728,90.8,0.0409,85.8,0.023,80.8,0.0129,75.8,0.00728
3315,0.015,-39.25,86.25,3541.0,2014-03-08T00:19:37Z,2014-03-08T00:54:50Z,4000000000.0,2719.1,244.57,2014-03-08T00:49:49Z,2014-03-08T01:25:15Z,0,136.3,16.0,136.3,16.0,136.3,14.9,142.6,14.7,107.8,0.32,102.8,0.18,97.8,0.101,92.8,0.0569,87.8,0.032,82.8,0.018,77.8,0.0101
3376,0.015,-39.25,86.25,3541.0,2014-03-08T00:19:37Z,2014-03-08T00:54:50Z,4000000000.0,2721.4,244.53,2014-03-08T00:49:51Z,2014-03-08T01:25:16Z,0,136.3,16.0,136.3,16.0,136.3,14.9,142.6,14.7,107.8,0.32,102.8,0.18,97.8,0.101,92.8,0.0568,87.8,0.032,82.8,0.018,77.8,0.0101
3250,0.015,-39.25,86.25,3541.0,2014-03-08T00:19:37Z,2014-03-08T00:54:50Z,4000000000.0,4302.4,225.48,2014-03-08T01:07:28Z,2014-03-08T01:43:08Z,1,138.3,16.0,138.3,16.0,138.3,14.9,144.5,14.7,105.8,0.218,100.8,0.123,95.8,0.0689,90.8,0.0388,85.8,0.0218,80.8,0.0123,75.8,0.00689
3274,0.015,-39.25,86.25,3541.0,2014-03-08T00:19:37Z,2014-03-08T00:54:50Z,4000000000.0,4698.0,251.1,2014-03-08T01:12:01Z,2014-03-08T01:47:35Z,0,138.6,16.0,138.6,16.0,138.6,14.9,144.9,14.7,105.4,0.202,100.4,0.114,95.4,0.0639,90.4,0.0359,85.4,0.0202,80.4,0.0114,75.4,0.00639
3275,0.015,-39.25,86.25,3541.0,2014-03-08T00:19:37Z,2014-03-08T00:54:50Z,4000000000.0,4696.0,251.12,2014-03-08T01:12:00Z,2014-03-08T01:47:33Z,0,138.6,16.0,138.6,16.0,138.6,14.9,144.9,14.7,105.4,0.202,100.4,0.114,95.4,0.0639,90.4,0.0359,85.4,0.0202,80.4,0.0114,75.4,0.00639
H01W,0.0137,-39.25,86.75,3484.0,2014-03-08T00:19:43Z,2014-03-08T00:54:51Z,4000000000.0,2473.2,250.66,2014-03-08T00:47:25Z,2014-03-08T01:22:45Z,0,135.9,12.5,135.9,12.5,135.9,11.0,142.1,10.7,108.2,0.345,103.2,0.194,98.2,0.109,93.2,0.0614,88.2,0.0345,83.2,0.0194,78.2,0.0109
H08S,0.0137,-39.25,86.75,3484.0,2014-03-08T00:19:43Z,2014-03-08T00:54:51Z,4000000000.0,3778.4,159.97,2014-03-08T01:01:39Z,2014-03-08T01:37:34Z,0,139.2,12.2,139.2,10.7,139.3,11.0,142.0,10.7,105.8,0.229,100.8,0.129,95.8,0.0725,90.8,0.0407,85.8,0.0229,80.8,0.0129,75.8,0.00725
3315,0.0137,-39.25,86.75,3484.0,2014-03-08T00:19:43Z,2014-03-08T00:54:51Z,4000000000.0,2676.0,244.33,2014-03-08T00:49:39Z,2014-03-08T01:25:01Z,0,136.2,16.0,136.2,16.0,136.2,14.9,142.5,14.7,107.8,0.324,102.8,0.182,97.8,0.102,92.8,0.0576,87.8,0.0324,82.8,0.0182,77.8,0.0102
3376,0.0137,-39.25,86.75,3484.0,2014-03-08T00:19:43Z,2014-03-08T00:54:51Z,4000000000.0,2678.3,244.28,2014-03-08T00:49:41Z,2014-03-08T01:25:02Z,0,136.2,16.0,136.2,16.0,136.2,14.9,142.5,14.7,107.8,0.324,102.8,0.182,97.8,0.102,92.8,0.0576,87.8,0.0324,82.8,0.0182,77.8,0.0102
3250,0.0137,-39.25,86.75,3484.0,2014-03-08T00:19:43Z,2014-03-08T00:54:51Z,4000000000.0,4265.1,225.14,2014-03-08T01:07:20Z,2014-03-08T01:42:54Z,1,138.2,16.0,138.2,16.0,138.2,14.9,144.5,14.7,105.8,0.22,100.8,0.123,95.8,0.0694,90.8,0.039,85.8,0.022,80.8,0.0123,75.8,0.00694
3274,0.0137,-39.25,86.75,3484.0,2014-03-08T00:19:43Z,2014-03-08T00:54:51Z,4000000000.0,4655.4,251.22,2014-03-08T01:11:51Z,2014-03-08T01:47:26Z,0,138.6,16.0,138.6,16.0,138.6,14.9,144.9,14.7,105.4,0.204,100.4,0.114,95.4,0.0644,90.4,0.0362,85.4,0.0204,80.4,0.0114,75.4,0.00644
3275,0.0137,-39.25,86.75,3484.0,2014-03-08T00:19:43Z,2014-03-08T00:54:51Z,4000000000.0,4653.3,251.23,2014-03-08T01:11:50Z,2014-03-08T01:47:25Z,0,138.6,16.0,138.6,16.0,138.6,14.9,144.9,14.7,105.4,0.204,100.4,0.115,95.4,0.0644,90.4,0.0362,85.4,0.0204,80.4,0.0115,75.4,0.00644
H01W,0.01135,-39.25,87.25,3522.0,2014-03-08T00:19:52Z,2014-03-08T00:54:55Z,4000000000.0,2431.1,250.62,2014-03-08T00:46:51Z,2014-03-08T01:22:29Z,0,135.8,12.5,135.8,12.5,135.8,11.0,142.1,10.7,108.3,0.35,103.3,0.197,98.3,0.111,93.3,0.0622,88.3,0.035,83.3,0.0197,78.3,0.0111
H08S,0.01135,-39.25,87.25,3522.0,2014-03-08T00:19:52Z,2014-03-08T00:54:55Z,4000000000.0,3798.2,159.39,2014-03-08T01:02:09Z,2014-03-08T01:37:46Z,0,139.2,12.2,139.2,10.7,139.3,11.0,142.0,10.7,105.8,0.228,100.8,0.128,95.8,0.0721,90.8,0.0406,85.8,0.0228,80.8,0.0128,75.8,0.00721
3315,0.01135,-39.25,87.25,3522.0,2014-03-08T00:19:52Z,2014-03-08T00:54:55Z,4000000000.0,2635.0,244.17,2014-03-08T00:49:05Z,2014-03-08T01:24:48Z,0,136.1,16.0,136.1,16.0,136.1,14.9,142.4,14.7,107.9,0.328,102.9,0.184,97.9,0.104,92.9,0.0583,87.9,0.0328,82.9,0.0184,77.9,0.0104
3376,0.01135,-39.25,87.25,3522.0,2014-03-08T00:19:52Z,2014-03-08T00:54:55Z,4000000000.0,2637.3,244.12,2014-03-08T00:49:07Z,2014-03-08T01:24:49Z,0,136.1,16.0,136.1,16.0,136.1,14.9,142.4,14.7,107.9,0.328,102.9,0.184,97.9,0.104,92.9,0.0583,87.9,0.0328,82.9,0.0184,77.9,0.0104
3250,0.01135,-39.25,87.25,3522.0,2014-03-08T00:19:52Z,2014-03-08T00:54:55Z,4000000000.0,4230.1,224.83,2014-03-08T01:06:50Z,2014-03-08T01:42:48Z,1,138.2,16.0,138.2,16.0,138.2,14.9,144.5,14.7,105.8,0.221,100.8,0.124,95.8,0.0699,90.8,0.0393,85.8,0.0221,80.8,0.0124,75.8,0.00699
3274,0.01135,-39.25,87.25,3522.0,2014-03-08T00:19:52Z,2014-03-08T00:54:55Z,4000000000.0,4614.5,251.37,2014-03-08T01:11:20Z,2014-03-08T01:47:03Z,0,138.6,16.0,138.6,16.0,138.6,14.9,144.9,14.7,105.5,0.205,100.5,0.115,95.5,0.0649,90.5,0.0365,85.5,0.0205,80.5,0.0115,75.5,0.00649
3275,0.01135,-39.25,87.25,3522.0,2014-03-08T00:19:52Z,2014-03-08T00:54:55Z,4000000000.0,4612.5,251.39,2014-03-08T01:11:19Z,2014-03-08T01:47:02Z,0,138.6,16.0,138.6,16.0,138.6,14.9,144.8,14.7,105.5,0.205,100.5,0.115,95.5,0.0649,90.5,0.0365,85.5,0.0205,80.5,0.0115,75.5,0.00649
H01W,0.0094,-39.25,87.75,3415.0,2014-03-08T00:19:51Z,2014-03-08T00:54:58Z,4000000000.0,2386.6,250.54,2014-03-08T00:46:42Z,2014-03-08T01:21:50Z,0,135.7,12.5,135.7,12.5,135.7,11.0,142.0,10.7,108.3,0.355,103.3,0.2,98.3,0.112,93.3,0.0631,88.3,0.0355,83.3,0.02,78.3,0.0112
H08S,0.0094,-39.25,87.75,3415.0,2014-03-08T00:19:51Z,2014-03-08T00:54:58Z,4000000000.0,3819.4,158.72,2014-03-08T01:02:09Z,2014-03-08T01:38:13Z,0,139.2,12.2,139.2,10.7,139.3,11.0,142.0,10.7,105.8,0.227,100.8,0.128,95.8,0.0718,90.8,0.0404,85.8,0.0227,80.8,0.0128,75.8,0.00718
3315,0.0094,-39.25,87.75,3415.0,2014-03-08T00:19:51Z,2014-03-08T00:54:58Z,4000000000.0,2590.5,243.98,2014-03-08T00:48:57Z,2014-03-08T01:24:09Z,0,136.1,16.0,136.1,16.0,136.1,14.9,142.3,14.7,108.0,0.333,103.0,0.187,98.0,0.105,93.0,0.0591,88.0,0.0333,83.0,0.0187,78.0,0.0105
3376,0.0094,-39.25,87.75,3415.0,2014-03-08T00:19:51Z,2014-03-08T00:54:58Z,4000000000.0,2592.8,243.93,2014-03-08T00:48:58Z,2014-03-08T01:24:10Z,0,136.1,16.0,136.1,16.0,136.1,14.9,142.3,14.7,108.0,0.332,103.0,0.187,98.0,0.105,93.0,0.0591,88.0,0.0332,83.0,0.0187,78.0,0.0105
3250,0.0094,-39.25,87.75,3415.0,2014-03-08T00:19:51Z,2014-03-08T00:54:58Z,4000000000.0,4188.3,224.49,2014-03-08T01:06:42Z,2014-03-08T01:42:15Z,1,138.1,16.0,138.1,16.0,138.1,14.9,144.4,14.7,105.9,0.223,100.9,0.125,95.9,0.0705,90.9,0.0397,85.9,0.0223,80.9,0.0125,75.9,0.00705
3274,0.0094,-39.25,87.75,3415.0,2014-03-08T00:19:51Z,2014-03-08T00:54:58Z,4000000000.0,4571.1,251.57,2014-03-08T01:11:12Z,2014-03-08T01:46:25Z,0,138.5,16.0,138.5,16.0,138.5,14.9,144.8,14.7,105.5,0.207,100.5,0.116,95.5,0.0654,90.5,0.0368,85.5,0.0207,80.5,0.0116,75.5,0.00654
3275,0.0094,-39.25,87.75,3415.0,2014-03-08T00:19:51Z,2014-03-08T00:54:58Z,4000000000.0,4569.1,251.58,2014-03-08T01:11:10Z,2014-03-08T01:46:24Z,0,138.5,16.0,138.5,16.0,138.5,14.9,144.8,14.7,105.5,0.207,100.5,0.116,95.5,0.0654,90.5,0.0368,85.5,0.0207,80.5,0.0116,75.5,0.00654
H01W,0.0088,-39.25,88.25,3422.0,2014-03-08T00:19:55Z,2014-03-08T00:54:59Z,4000000000.0,2344.5,250.49,2014-03-08T00:46:02Z,2014-03-08T01:21:28Z,0,135.6,12.5,135.6,12.5,135.6,11.0,141.9,10.7,108.4,0.36,103.4,0.203,98.4,0.114,93.4,0.064,88.4,0.036,83.4,0.0203,78.4,0.0114
H08S,0.0088,-39.25,88.25,3422.0,2014-03-08T00:19:55Z,2014-03-08T00:54:59Z,4000000000.0,3839.0,158.14,2014-03-08T01:02:35Z,2014-03-08T01:38:15Z,1,139.3,12.2,139.3,10.7,139.3,11.0,142.0,10.7,105.7,0.226,100.7,0.127,95.7,0.0715,90.7,0.0402,85.7,0.0226,80.7,0.0127,75.7,0.00715
3315,0.0088,-39.25,88.25,3422.0,2014-03-08T00:19:55Z,2014-03-08T00:54:59Z,4000000000.0,2548.8,243.84,2014-03-08T00:48:18Z,2014-03-08T01:23:45Z,0,136.0,16.0,136.0,16.0,136.0,14.9,142.3,14.7,108.0,0.337,103.0,0.189,98.0,0.107,93.0,0.0599,88.0,0.0337,83.0,0.0189,78.0,0.0107
3376,0.0088,-39.25,88.25,3422.0,2014-03-08T00:19:55Z,2014-03-08T00:54:59Z,4000000000.0,2551.1,243.79,2014-03-08T00:48:19Z,2014-03-08T01:23:47Z,0,136.0,16.0,136.0,16.0,136.0,14.9,142.3,14.7,108.0,0.337,103.0,0.189,98.0,0.106,93.0,0.0599,88.0,0.0337,83.0,0.0189,78.0,0.0106
3250,0.0088,-39.25,88.25,3422.0,2014-03-08T00:19:55Z,2014-03-08T00:54:59Z,4000000000.0,4152.3,224.19,2014-03-08T01:06:10Z,2014-03-08T01:41:48Z,1,138.1,16.0,138.1,16.0,138.1,14.9,144.4,14.7,105.9,0.225,100.9,0.126,95.9,0.0711,90.9,0.04,85.9,0.0225,80.9,0.0126,75.9,0.00711
3274,0.0088,-39.25,88.25,3422.0,2014-03-08T00:19:55Z,2014-03-08T00:54:59Z,4000000000.0,4531.2,251.74,2014-03-08T01:10:32Z,2014-03-08T01:46:10Z,0,138.5,16.0,138.5,16.0,138.5,14.9,144.8,14.7,105.6,0.208,100.6,0.117,95.6,0.0659,90.6,0.0371,85.6,0.0208,80.6,0.0117,75.6,0.00659
3275,0.0088,-39.25,88.25,3422.0,2014-03-08T00:19:55Z,2014-03-08T00:54:59Z,4000000000.0,4529.1,251.75,2014-03-08T01:10:31Z,2014-03-08T01:46:09Z,0,138.5,16.0,138.5,16.0,138.5,14.9,144.8,14.7,105.6,0.208,100.6,0.117,95.6,0.0659,90.6,0.0371,85.6,0.0208,80.6,0.0117,75.6,0.00659
H01W,0.00705,-39.25,88.75,3519.0,2014-03-08T00:19:40Z,2014-03-08T00:54:46Z,4000000000.0,2303.3,250.51,2014-03-08T00:45:09Z,2014-03-08T01:20:38Z,0,135.5,12.5,135.5,12.5,135.5,11.0,141.8,10.7,108.5,0.365,103.5,0.205,98.5,0.115,93.5,0.065,88.5,0.0365,83.5,0.0205,78.5,0.0115
H08S,0.00705,-39.25,88.75,3519.0,2014-03-08T00:19:40Z,2014-03-08T00:54:46Z,4000000000.0,3857.7,157.59,2014-03-08T01:02:55Z,2014-03-08T01:38:30Z,0,139.3,12.2,139.3,10.7,139.4,11.0,142.1,10.7,105.7,0.225,100.7,0.127,95.7,0.0712,90.7,0.04,85.7,0.0225,80.7,0.0127,75.7,0.00712
3315,0.00705,-39.25,88.75,3519.0,2014-03-08T00:19:40Z,2014-03-08T00:54:46Z,4000000000.0,2507.5,243.73,2014-03-08T00:47:27Z,2014-03-08T01:22:56Z,0,135.9,16.0,135.9,16.0,135.9,14.9,142.2,14.7,108.1,0.341,103.1,0.192,98.1,0.108,93.1,0.0607,88.1,0.0341,83.1,0.0192,78.1,0.0108
3376,0.00705,-39.25,88.75,3519.0,2014-03-08T00:19:40Z,2014-03-08T00:54:46Z,4000000000.0,2509.8,243.68,2014-03-08T00:47:29Z,2014-03-08T01:22:58Z,0,135.9,16.0,135.9,16.0,135.9,14.9,142.2,14.7,108.1,0.341,103.1,0.192,98.1,0.108,93.1,0.0607,88.1,0.0341,83.1,0.0192,78.1,0.0108
3250,0.00705,-39.25,88.75,3519.0,2014-03-08T00:19:40Z,2014-03-08T00:54:46Z,4000000000.0,4118.0,223.9,2014-03-08T01:05:28Z,2014-03-08T01:41:06Z,1,138.1,16.0,138.1,16.0,138.1,14.9,144.4,14.7,106.0,0.226,101.0,0.127,96.0,0.0716,91.0,0.0402,86.0,0.0226,81.0,0.0127,76.0,0.00716
3274,0.00705,-39.25,88.75,3519.0,2014-03-08T00:19:40Z,2014-03-08T00:54:46Z,4000000000.0,4491.1,251.92,2014-03-08T01:09:36Z,2014-03-08T01:45:20Z,0,138.4,16.0,138.4,16.0,138.4,14.9,144.7,14.7,105.6,0.21,100.6,0.118,95.6,0.0664,90.6,0.0373,85.6,0.021,80.6,0.0118,75.6,0.00664
3275,0.00705,-39.25,88.75,3519.0,2014-03-08T00:19:40Z,2014-03-08T00:54:46Z,4000000000.0,4489.1,251.93,2014-03-08T01:09:35Z,2014-03-08T01:45:18Z,0,138.4,16.0,138.4,16.0,138.4,14.9,144.7,14.7,105.6,0.21,100.6,0.118,95.6,0.0664,90.6,0.0374,85.6,0.021,80.6,0.0118,75.6,0.00664
H01W,0.0064,-39.25,89.25,3579.0,2014-03-08T00:19:42Z,2014-03-08T00:54:55Z,4000000000.0,2259.0,250.28,2014-03-08T00:44:51Z,2014-03-08T01:20:29Z,0,135.5,12.5,135.5,12.5,135.5,11.0,141.7,10.7,108.6,0.371,103.6,0.209,98.6,0.117,93.6,0.066,88.6,0.0371,83.6,0.0209,78.6,0.0117
H08S,0.0064,-39.25,89.25,3579.0,2014-03-08T00:19:42Z,2014-03-08T00:54:55Z,4000000000.0,3881.6,156.98,2014-03-08T01:03:03Z,2014-03-08T01:38:23Z,0,139.3,12.2,139.3,10.7,139.4,11.0,142.1,10.7,105.7,0.224,100.7,0.126,95.7,0.0708,90.7,0.0398,85.7,0.0224,80.7,0.0126,75.7,0.00708
3315,0.0064,-39.25,89.25,3579.0,2014-03-08T00:19:42Z,2014-03-08T00:54:55Z,4000000000.0,2465.3,243.41,2014-03-08T00:47:07Z,2014-03-08T01:22:46Z,0,135.8,16.0,135.8,16.0,135.8,14.9,142.1,14.7,108.2,0.346,103.2,0.195,98.2,0.109,93.2,0.0615,88.2,0.0346,83.2,0.0195,78.2,0.0109
3376,0.0064,-39.25,89.25,3579.0,2014-03-08T00:19:42Z,2014-03-08T00:54:55Z,4000000000.0,2467.6,243.36,2014-03-08T00:47:09Z,2014-03-08T01:22:48Z,0,135.8,16.0,135.8,16.0,135.8,14.9,142.1,14.7,108.2,0.346,103.2,0.194,98.2,0.109,93.2,0.0615,88.2,0.0346,83.2,0.0194,78.2,0.0109
3250,0.0064,-39.25,89.25,3579.0,2014-03-08T00:19:42Z,2014-03-08T00:54:55Z,4000000000.0,4080.4,223.53,2014-03-08T01:05:06Z,2014-03-08T01:40:52Z,1,138.0,16.0,138.0,16.0,138.0,14.9,144.3,14.7,106.0,0.228,101.0,0.128,96.0,0.0721,91.0,0.0406,86.0,0.0228,81.0,0.0128,76.0,0.00721
3274,0.0064,-39.25,89.25,3579.0,2014-03-08T00:19:42Z,2014-03-08T00:54:55Z,4000000000.0,4448.3,252.02,2014-03-08T01:09:25Z,2014-03-08T01:45:17Z,0,138.4,16.0,138.4,16.0,138.4,14.9,144.7,14.7,105.6,0.212,100.6,0.119,95.6,0.067,90.6,0.0377,85.6,0.0212,80.6,0.0119,75.6,0.0067
3275,0.0064,-39.25,89.25,3579.0,2014-03-08T00:19:42Z,2014-03-08T00:54:55Z,4000000000.0,4446.3,252.03,2014-03-08T01:09:24Z,2014-03-08T01:45:15Z,0,138.4,16.0,138.4,16.0,138.4,14.9,144.7,14.7,105.6,0.212,100.6,0.119,95.6,0.067,90.6,0.0377,85.6,0.0212,80.6,0.0119,75.6,0.0067
H01W,0.0051,-39.25,89.75,3566.0,2014-03-08T00:19:48Z,2014-03-08T00:54:47Z,4000000000.0,2217.7,250.27,2014-03-08T00:44:19Z,2014-03-08T01:19:36Z,0,135.4,12.5,135.4,12.5,135.4,11.0,141.7,10.7,108.7,0.376,103.7,0.212,98.7,0.119,93.7,0.0669,88.7,0.0376,83.7,0.0212,78.7,0.0119
H08S,0.0051,-39.25,89.75,3566.0,2014-03-08T00:19:48Z,2014-03-08T00:54:47Z,4000000000.0,3901.8,156.38,2014-03-08T01:03:34Z,2014-03-08T01:38:57Z,0,139.3,12.2,139.3,10.7,139.4,11.0,142.1,10.7,105.7,0.223,100.7,0.125,95.7,0.0705,90.7,0.0396,85.7,0.0223,80.7,0.0125,75.7,0.00705
3315,0.0051,-39.25,89.75,3566.0,2014-03-08T00:19:48Z,2014-03-08T00:54:47Z,4000000000.0,2422.8,243.23,2014-03-08T00:46:38Z,2014-03-08T01:21:57Z,0,135.8,16.0,135.8,16.0,135.8,14.9,142.1,14.7,108.3,0.351,103.3,0.197,98.3,0.111,93.3,0.0624,88.3,0.0351,83.3,0.0197,78.3,0.0111
3376,0.0051,-39.25,89.75,3566.0,2014-03-08T00:19:48Z,2014-03-08T00:54:47Z,4000000000.0,2425.1,243.18,2014-03-08T00:46:40Z,2014-03-08T01:21:58Z,0,135.8,16.0,135.8,16.0,135.8,14.9,142.1,14.7,108.3,0.351,103.3,0.197,98.3,0.111,93.3,0.0623,88.3,0.0351,83.3,0.0197,78.3,0.0111
3250,0.0051,-39.25,89.75,3566.0,2014-03-08T00:19:48Z,2014-03-08T00:54:47Z,4000000000.0,4041.7,223.21,2014-03-08T01:04:47Z,2014-03-08T01:40:16Z,1,138.0,16.0,138.0,16.0,138.0,14.9,144.3,14.7,106.0,0.23,101.0,0.129,96.0,0.0727,91.0,0.0409,86.0,0.023,81.0,0.0129,76.0,0.00727
3274,0.0051,-39.25,89.75,3566.0,2014-03-08T00:19:48Z,2014-03-08T00:54:47Z,4000000000.0,4410.1,252.26,2014-03-08T01:08:48Z,2014-03-08T01:44:18Z,0,138.4,16.0,138.4,16.0,138.4,14.9,144.7,14.7,105.7,0.213,100.7,0.12,95.7,0.0675,90.7,0.0379,85.7,0.0213,80.7,0.012,75.7,0.00675
3275,0.0051,-39.25,89.75,3566.0,2014-03-08T00:19:48Z,2014-03-08T00:54:47Z,4000000000.0,4408.1,252.28,2014-03-08T01:08:46Z,2014-03-08T01:44:17Z,0,138.4,16.0,138.4,16.0,138.4,14.9,144.7,14.7,105.7,0.213,100.7,0.12,95.7,0.0675,90.7,0.038,85.7,0.0213,80.7,0.012,75.7,0.00675
H01W,0.00325,-39.25,90.25,3498.0,2014-03-08T00:19:38Z,2014-03-08T00:53:31Z,4000000000.0,2172.6,250.18,2014-03-08T00:43:49Z,2014-03-08T01:18:00Z,0,135.3,12.5,135.3,12.5,135.3,11.0,141.6,10.7,108.7,0.382,103.7,0.215,98.7,0.121,93.7,0.068,88.7,0.0382,83.7,0.0215,78.7,0.0121
H08S,0.00325,-39.25,90.25,3498.0,2014-03-08T00:19:38Z,2014-03-08T00:53:31Z,4000000000.0,3924.9,155.78,2014-03-08T01:03:49Z,2014-03-08T01:37:41Z,0,139.4,12.2,139.4,10.7,139.4,11.0,142.1,10.7,105.6,0.222,100.6,0.125,95.6,0.0702,90.6,0.0395,85.6,0.0222,80.6,0.0125,75.6,0.00702
3315,0.00325,-39.25,90.25,3498.0,2014-03-08T00:19:38Z,2014-03-08T00:53:31Z,4000000000.0,2379.8,243.03,2014-03-08T00:46:11Z,2014-03-08T01:20:19Z,0,135.7,16.0,135.7,16.0,135.7,14.9,142.0,14.7,108.3,0.356,103.3,0.2,98.3,0.113,93.3,0.0633,88.3,0.0356,83.3,0.02,78.3,0.0113
3376,0.00325,-39.25,90.25,3498.0,2014-03-08T00:19:38Z,2014-03-08T00:53:31Z,4000000000.0,2382.1,242.98,2014-03-08T00:46:12Z,2014-03-08T01:20:21Z,0,135.7,16.0,135.7,16.0,135.7,14.9,142.0,14.7,108.3,0.356,103.3,0.2,98.3,0.112,93.3,0.0632,88.3,0.0356,83.3,0.02,78.3,0.0112
3250,0.00325,-39.25,90.25,3498.0,2014-03-08T00:19:38Z,2014-03-08T00:53:31Z,4000000000.0,4004.6,222.86,2014-03-08T01:04:27Z,2014-03-08T01:38:37Z,1,138.0,16.0,138.0,16.0,138.0,14.9,144.2,14.7,106.1,0.232,101.1,0.13,96.1,0.0733,91.1,0.0412,86.1,0.0232,81.1,0.013,76.1,0.00733
3274,0.00325,-39.25,90.25,3498.0,2014-03-08T00:19:38Z,2014-03-08T00:53:31Z,4000000000.0,4367.9,252.42,2014-03-08T01:08:13Z,2014-03-08T01:42:47Z,0,138.3,16.0,138.3,16.0,138.3,14.9,144.6,14.7,105.7,0.215,100.7,0.121,95.7,0.068,90.7,0.0383,85.7,0.0215,80.7,0.0121,75.7,0.0068
3275,0.00325,-39.25,90.25,3498.0,2014-03-08T00:19:38Z,2014-03-08T00:53:31Z,4000000000.0,4365.9,252.44,2014-03-08T01:08:11Z,2014-03-08T01:42:45Z,0,138.3,16.0,138.3,16.0,138.3,14.9,144.6,14.7,105.7,0.215,100.7,0.121,95.7,0.0681,90.7,0.0383,85.7,0.0215,80.7,0.0121,75.7,0.00681
H01W,0.0014,-39.25,90.75,3466.0,2014-03-08T00:19:53Z,2014-03-08T00:54:51Z,4000000000.0,2137.0,250.23,2014-03-08T00:43:36Z,2014-03-08T01:19:04Z,0,135.2,12.5,135.2,12.5,135.2,11.0,141.5,10.7,108.8,0.387,103.8,0.218,98.8,0.123,93.8,0.0689,88.8,0.0387,83.8,0.0218,78.8,0.0123
H08S,0.0014,-39.25,90.75,3466.0,2014-03-08T00:19:53Z,2014-03-08T00:54:51Z,4000000000.0,3939.6,155.24,2014-03-08T01:03:46Z,2014-03-08T01:39:04Z,0,139.4,12.2,139.4,10.7,139.4,11.0,142.2,10.7,105.6,0.221,100.6,0.124,95.6,0.0699,90.6,0.0393,85.6,0.0221,80.6,0.0124,75.6,0.00699
3315,0.0014,-39.25,90.75,3466.0,2014-03-08T00:19:53Z,2014-03-08T00:54:51Z,4000000000.0,2343.8,242.97,2014-03-08T00:45:53Z,2014-03-08T01:21:23Z,0,135.6,16.0,135.6,16.0,135.6,14.9,141.9,14.7,108.4,0.36,103.4,0.203,98.4,0.114,93.4,0.0641,88.4,0.036,83.4,0.0203,78.4,0.0114
3376,0.0014,-39.25,90.75,3466.0,2014-03-08T00:19:53Z,2014-03-08T00:54:51Z,4000000000.0,2346.1,242.91,2014-03-08T00:45:55Z,2014-03-08T01:21:25Z,0,135.6,16.0,135.6,16.0,135.6,14.9,141.9,14.7,108.4,0.36,103.4,0.202,98.4,0.114,93.4,0.064,88.4,0.036,83.4,0.0202,78.4,0.0114
3250,0.0014,-39.25,90.75,3466.0,2014-03-08T00:19:53Z,2014-03-08T00:54:51Z,4000000000.0,3969.8,222.62,2014-03-08T01:04:02Z,2014-03-08T01:39:41Z,1,137.9,16.0,137.9,16.0,137.9,14.9,144.2,14.7,106.1,0.233,101.1,0.131,96.1,0.0738,91.1,0.0415,86.1,0.0233,81.1,0.0131,76.1,0.00738
3274,0.0014,-39.25,90.75,3466.0,2014-03-08T00:19:53Z,2014-03-08T00:54:51Z,4000000000.0,4333.1,252.64,2014-03-08T01:08:13Z,2014-03-08T01:43:54Z,0,138.3,16.0,138.3,16.0,138.3,14.9,144.6,14.7,105.7,0.217,100.7,0.122,95.7,0.0685,90.7,0.0385,85.7,0.0217,80.7,0.0122,75.7,0.00685
3275,0.0014,-39.25,90.75,3466.0,2014-03-08T00:19:53Z,2014-03-08T00:54:51Z,4000000000.0,4331.1,252.66,2014-03-08T01:08:12Z,2014-03-08T01:43:52Z,0,138.3,16.0,138.3,16.0,138.3,14.9,144.6,14.7,105.7,0.217,100.7,0.122,95.7,0.0685,90.7,0.0385,85.7,0.0217,80.7,0.0122,75.7,0.00685
H01W,0.0003,-39.25,91.25,3421.0,2014-03-08T00:37:07Z,2014-03-08T00:51:20Z,4000000000.0,2095.1,250.23,2014-03-08T01:00:36Z,2014-03-08T01:15:01Z,0,135.1,12.5,135.1,12.5,135.1,11.0,141.4,10.7,108.9,0.393,103.9,0.221,98.9,0.124,93.9,0.07,88.9,0.0393,83.9,0.0221,78.9,0.0124
H08S,0.0003,-39.25,91.25,3421.0,2014-03-08T00:37:07Z,2014-03-08T00:51:20Z,4000000000.0,3954.0,154.72,2014-03-08T01:21:18Z,2014-03-08T01:35:55Z,0,139.4,12.2,139.4,10.7,139.5,11.0,142.2,10.7,105.6,0.22,100.6,0.124,95.6,0.0697,90.6,0.0392,85.6,0.022,80.6,0.0124,75.6,0.00697
3315,0.0003,-39.25,91.25,3421.0,2014-03-08T00:37:07Z,2014-03-08T00:51:20Z,4000000000.0,2302.9,242.87,2014-03-08T01:02:55Z,2014-03-08T01:17:21Z,0,135.5,16.0,135.5,16.0,135.5,14.9,141.8,14.7,108.5,0.365,103.5,0.205,98.5,0.116,93.5,0.065,88.5,0.0365,83.5,0.0205,78.5,0.0116
3376,0.0003,-39.25,91.25,3421.0,2014-03-08T00:37:07Z,2014-03-08T00:51:20Z,4000000000.0,2305.3,242.81,2014-03-08T01:02:56Z,2014-03-08T01:17:23Z,0,135.6,16.0,135.6,16.0,135.6,14.9,141.8,14.7,108.5,0.365,103.5,0.205,98.5,0.115,93.5,0.0649,88.5,0.0365,83.5,0.0205,78.5,0.0115
3250,0.0003,-39.25,91.25,3421.0,2014-03-08T00:37:07Z,2014-03-08T00:51:20Z,4000000000.0,3935.7,222.4,2014-03-08T01:21:09Z,2014-03-08T01:35:45Z,1,137.9,16.0,137.9,16.0,137.9,14.9,144.2,14.7,106.2,0.235,101.2,0.132,96.2,0.0744,91.2,0.0418,86.2,0.0235,81.2,0.0132,76.2,0.00744
3274,0.0003,-39.25,91.25,3421.0,2014-03-08T00:37:07Z,2014-03-08T00:51:20Z,4000000000.0,4294.6,252.84,2014-03-08T01:25:09Z,2014-03-08T01:39:50Z,0,138.3,16.0,138.3,16.0,138.3,14.9,144.5,14.7,105.8,0.218,100.8,0.123,95.8,0.069,90.8,0.0388,85.8,0.0218,80.8,0.0123,75.8,0.0069
3275,0.0003,-39.25,91.25,3421.0,2014-03-08T00:37:07Z,2014-03-08T00:51:20Z,4000000000.0,4292.6,252.85,2014-03-08T01:25:08Z,2014-03-08T01:39:48Z,0,138.3,16.0,138.3,16.0,138.3,14.9,144.5,14.7,105.8,0.218,100.8,0.123,95.8,0.0691,90.8,0.0388,85.8,0.0218,80.8,0.0123,75.8,0.00691
H01W,0.00015,-38.75,82.25,3590.0,2014-03-08T00:24:58Z,2014-03-08T00:53:10Z,4000000000.0,2862.9,252.34,2014-03-08T00:56:49Z,2014-03-08T01:25:27Z,0,136.5,12.5,136.5,12.5,136.5,11.0,142.8,10.7,107.5,0.307,102.5,0.172,97.5,0.097,92.5,0.0545,87.5,0.0307,82.5,0.0172,77.5,0.0097
H08S,0.00015,-38.75,82.25,3590.0,2014-03-08T00:24:58Z,2014-03-08T00:53:10Z,4000000000.0,3564.4,165.6,2014-03-08T01:04:47Z,2014-03-08T01:33:44Z,0,138.9,12.2,138.9,10.7,139.0,11.0,141.7,10.7,106.1,0.241,101.1,0.135,96.1,0.0761,91.1,0.0428,86.1,0.0241,81.1,0.0135,76.1,0.00761
3315,0.00015,-38.75,82.25,3590.0,2014-03-08T00:24:58Z,2014-03-08T00:53:10Z,4000000000.0,3058.8,246.74,2014-03-08T00:58:58Z,2014-03-08T01:27:40Z,0,136.8,16.0,136.8,16.0,136.8,14.9,143.1,14.7,107.3,0.29,102.3,0.163,97.3,0.0919,92.3,0.0517,87.3,0.029,82.3,0.0163,77.3,0.00919
3376,0.00015,-38.75,82.25,3590.0,2014-03-08T00:24:58Z,2014-03-08T00:53:10Z,4000000000.0,3061.1,246.69,2014-03-08T00:59:00Z,2014-03-08T01:27:42Z,0,136.8,16.0,136.8,16.0,136.8,14.9,143.1,14.7,107.3,0.29,102.3,0.163,97.3,0.0918,92.3,0.0516,87.3,0.029,82.3,0.0163,77.3,0.00918
3250,0.00015,-38.75,82.25,3590.0,2014-03-08T00:24:58Z,2014-03-08T00:53:10Z,4000000000.0,4592.3,228.4,2014-03-08T01:16:04Z,2014-03-08T01:45:03Z,1,138.5,16.0,138.5,16.0,138.5,14.9,144.8,14.7,105.5,0.206,100.5,0.116,95.5,0.0651,90.5,0.0366,85.5,0.0206,80.5,0.0116,75.5,0.00651
3274,0.00015,-38.75,82.25,3590.0,2014-03-08T00:24:58Z,2014-03-08T00:53:10Z,4000000000.0,5039.3,250.5,2014-03-08T01:21:15Z,2014-03-08T01:49:59Z,0,138.9,16.0,138.9,16.0,138.9,14.9,145.2,14.7,105.1,0.19,100.1,0.107,95.1,0.0601,90.1,0.0338,85.1,0.019,80.1,0.0107,75.1,0.00601
3275,0.00015,-38.75,82.25,3590.0,2014-03-08T00:24:58Z,2014-03-08T00:53:10Z,4000000000.0,5037.3,250.52,2014-03-08T01:21:14Z,2014-03-08T01:49:58Z,0,138.9,16.0,138.9,16.0,138.9,14.9,145.2,14.7,105.1,0.19,100.1,0.107,95.1,0.0601,90.1,0.0338,85.1,0.019,80.1,0.0107,75.1,0.00601
H01W,0.0004,-38.75,82.75,3491.0,2014-03-08T00:20:24Z,2014-03-08T00:51:19Z,4000000000.0,2807.8,251.81,2014-03-08T00:51:44Z,2014-03-08T01:23:01Z,0,136.4,12.5,136.4,12.5,136.4,11.0,142.7,10.7,107.6,0.312,102.6,0.175,97.6,0.0985,92.6,0.0554,87.6,0.0312,82.6,0.0175,77.6,0.00985
H08S,0.0004,-38.75,82.75,3491.0,2014-03-08T00:20:24Z,2014-03-08T00:51:19Z,4000000000.0,3603.1,164.82,2014-03-08T01:00:27Z,2014-03-08T01:31:51Z,0,139.0,12.2,139.0,10.7,139.1,11.0,141.8,10.7,106.0,0.239,101.0,0.134,96.0,0.0754,91.0,0.0424,86.0,0.0239,81.0,0.0134,76.0,0.00754
3315,0.0004,-38.75,82.75,3491.0,2014-03-08T00:20:24Z,2014-03-08T00:51:19Z,4000000000.0,3003.2,246.15,2014-03-08T00:53:54Z,2014-03-08T01:25:12Z,0,136.7,16.0,136.7,16.0,136.7,14.9,143.0,14.7,107.3,0.295,102.3,0.166,97.3,0.0933,92.3,0.0524,87.3,0.0295,82.3,0.0166,77.3,0.00933
3376,0.0004,-38.75,82.75,3491.0,2014-03-08T00:20:24Z,2014-03-08T00:51:19Z,4000000000.0,3005.4,246.1,2014-03-08T00:53:55Z,2014-03-08T01:25:14Z,0,136.7,16.0,136.7,16.0,136.7,14.9,143.0,14.7,107.3,0.295,102.3,0.166,97.3,0.0932,92.3,0.0524,87.3,0.0295,82.3,0.0166,77.3,0.00932
3250,0.0004,-38.75,82.75,3491.0,2014-03-08T00:20:24Z,2014-03-08T00:51:19Z,4000000000.0,4551.5,227.85,2014-03-08T01:11:04Z,2014-03-08T01:42:33Z,1,138.5,16.0,138.5,16.0,138.5,14.9,144.8,14.7,105.5,0.208,100.5,0.117,95.5,0.0657,90.5,0.0369,85.5,0.0208,80.5,0.0117,75.5,0.00657
3274,0.0004,-38.75,82.75,3491.0,2014-03-08T00:20:24Z,2014-03-08T00:51:19Z,4000000000.0,4991.7,250.39,2014-03-08T01:16:10Z,2014-03-08T01:47:39Z,0,138.9,16.0,138.9,16.0,138.9,14.9,145.2,14.7,105.1,0.192,100.1,0.108,95.1,0.0606,90.1,0.0341,85.1,0.0192,80.1,0.0108,75.1,0.00606
3275,0.0004,-38.75,82.75,3491.0,2014-03-08T00:20:24Z,2014-03-08T00:51:19Z,4000000000.0,4989.7,250.41,2014-03-08T01:16:09Z,2014-03-08T01:47:37Z,0,138.9,16.0,138.9,16.0,138.9,14.9,145.2,14.7,105.1,0.192,100.1,0.108,95.1,0.0606,90.1,0.0341,85.1,0.0192,80.1,0.0108,75.1,0.00606
H01W,0.0006,-38.75,83.25,3504.0,2014-03-08T00:19:44Z,2014-03-08T00:50:04Z,4000000000.0,2765.7,252.22,2014-03-08T00:50:32Z,2014-03-08T01:21:25Z,0,136.3,12.5,136.3,12.5,136.3,11.0,142.6,10.7,107.7,0.315,102.7,0.177,97.7,0.0998,92.7,0.0561,87.7,0.0315,82.7,0.0177,77.7,0.00998
H08S,0.0006,-38.75,83.25,3504.0,2014-03-08T00:19:44Z,2014-03-08T00:50:04Z,4000000000.0,3604.7,164.09,2014-03-08T00:59:56Z,2014-03-08T01:30:34Z,0,139.0,12.2,139.0,10.7,139.1,11.0,141.8,10.7,106.0,0.238,101.0,0.134,96.0,0.0754,91.0,0.0424,86.0,0.0238,81.0,0.0134,76.0,0.00754
3315,0.0006,-38.75,83.25,3504.0,2014-03-08T00:19:44Z,2014-03-08T00:50:04Z,4000000000.0,2959.4,246.43,2014-03-08T00:52:41Z,2014-03-08T01:23:35Z,0,136.6,16.0,136.6,16.0,136.6,14.9,142.9,14.7,107.4,0.298,102.4,0.168,97.4,0.0944,92.4,0.0531,87.4,0.0298,82.4,0.0168,77.4,0.00944
3376,0.0006,-38.75,83.25,3504.0,2014-03-08T00:19:44Z,2014-03-08T00:50:04Z,4000000000.0,2961.7,246.39,2014-03-08T00:52:42Z,2014-03-08T01:23:37Z,0,136.6,16.0,136.6,16.0,136.6,14.9,142.9,14.7,107.4,0.298,102.4,0.168,97.4,0.0943,92.4,0.053,87.4,0.0298,82.4,0.0168,77.4,0.00943
3250,0.0006,-38.75,83.25,3504.0,2014-03-08T00:19:44Z,2014-03-08T00:50:04Z,4000000000.0,4508.3,227.78,2014-03-08T01:09:52Z,2014-03-08T01:40:55Z,1,138.5,16.0,138.5,16.0,138.5,14.9,144.7,14.7,105.6,0.209,100.6,0.118,95.6,0.0662,90.6,0.0372,85.6,0.0209,80.6,0.0118,75.6,0.00662
3274,0.0006,-38.75,83.25,3504.0,2014-03-08T00:19:44Z,2014-03-08T00:50:04Z,4000000000.0,4954.6,250.82,2014-03-08T01:15:01Z,2014-03-08T01:46:07Z,0,138.9,16.0,138.9,16.0,138.9,14.9,145.2,14.7,105.2,0.193,100.2,0.108,95.2,0.061,90.2,0.0343,85.2,0.0193,80.2,0.0108,75.2,0.0061
3275,0.0006,-38.75,83.25,3504.0,2014-03-08T00:19:44Z,2014-03-08T00:50:04Z,4000000000.0,4952.6,250.83,2014-03-08T01:15:00Z,2014-03-08T01:46:06Z,0,138.9,16.0,138.9,16.0,138.9,14.9,145.2,14.7,105.2,0.193,100.2,0.108,95.2,0.061,90.2,0.0343,85.2,0.0193,80.2,0.0108,75.2,0.0061
H01W,0.00135,-38.75,83.75,3619.0,2014-03-08T00:20:21Z,2014-03-08T00:54:56Z,4000000000.0,2724.2,252.04,2014-03-08T00:50:39Z,2014-03-08T01:25:39Z,0,136.3,12.5,136.3,12.5,136.3,11.0,142.6,10.7,107.8,0.319,102.8,0.18,97.8,0.101,92.8,0.0568,87.8,0.0319,82.8,0.018,77.8,0.0101
H08S,0.00135,-38.75,83.75,3619.0,2014-03-08T00:20:21Z,2014-03-08T00:54:56Z,4000000000.0,3625.5,163.4,2014-03-08T01:00:50Z,2014-03-08T01:35:56Z,0,139.0,12.2,139.0,10.7,139.1,11.0,141.8,10.7,106.0,0.237,101.0,0.133,96.0,0.075,91.0,0.0422,86.0,0.0237,81.0,0.0133,76.0,0.0075
3315,0.00135,-38.75,83.75,3619.0,2014-03-08T00:20:21Z,2014-03-08T00:54:56Z,4000000000.0,2919.4,246.21,2014-03-08T00:52:49Z,2014-03-08T01:27:52Z,0,136.6,16.0,136.6,16.0,136.6,14.9,142.9,14.7,107.5,0.302,102.5,0.17,97.5,0.0955,92.5,0.0537,87.5,0.0302,82.5,0.017,77.5,0.00955
3376,0.00135,-38.75,83.75,3619.0,2014-03-08T00:20:21Z,2014-03-08T00:54:56Z,4000000000.0,2921.6,246.17,2014-03-08T00:52:51Z,2014-03-08T01:27:53Z,0,136.6,16.0,136.6,16.0,136.6,14.9,142.9,14.7,107.5,0.302,102.5,0.17,97.5,0.0954,92.5,0.0536,87.5,0.0302,82.5,0.017,77.5,0.00954
3250,0.00135,-38.75,83.75,3619.0,2014-03-08T00:20:21Z,2014-03-08T00:54:56Z,4000000000.0,4466.4,227.46,2014-03-08T01:10:06Z,2014-03-08T01:45:21Z,1,138.4,16.0,138.4,16.0,138.4,14.9,144.7,14.7,105.6,0.211,100.6,0.119,95.6,0.0667,90.6,0.0375,85.6,0.0211,80.6,0.0119,75.6,0.00667
3274,0.00135,-38.75,83.75,3619.0,2014-03-08T00:20:21Z,2014-03-08T00:54:56Z,4000000000.0,4913.5,250.91,2014-03-08T01:15:08Z,2014-03-08T01:50:18Z,0,138.8,16.0,138.8,16.0,138.8,14.9,145.1,14.7,105.2,0.194,100.2,0.109,95.2,0.0614,90.2,0.0345,85.2,0.0194,80.2,0.0109,75.2,0.00614
3275,0.00135,-38.75,83.75,3619.0,2014-03-08T00:20:21Z,2014-03-08T00:54:56Z,4000000000.0,4911.5,250.92,2014-03-08T01:15:06Z,2014-03-08T01:50:16Z,0,138.8,16.0,138.8,16.0,138.8,14.9,145.1,14.7,105.2,0.194,100.2,0.109,95.2,0.0614,90.2,0.0346,85.2,0.0194,80.2,0.0109,75.2,0.00614
H01W,0.00255,-38.75,84.25,3605.0,2014-03-08T00:19:42Z,2014-03-08T00:54:53Z,4000000000.0,2693.9,252.05,2014-03-08T00:49:41Z,2014-03-08T01:25:09Z,0,136.2,12.5,136.2,12.5,136.2,11.0,142.5,10.7,107.8,0.322,102.8,0.181,97.8,0.102,92.8,0.0573,87.8,0.0322,82.8,0.0181,77.8,0.0102
H08S,0.00255,-38.75,84.25,3605.0,2014-03-08T00:19:42Z,2014-03-08T00:54:53Z,4000000000.0,3638.8,162.93,2014-03-08T01:00:09Z,2014-03-08T01:35:58Z,0,139.0,12.2,139.0,10.7,139.1,11.0,141.8,10.7,106.0,0.237,101.0,0.133,96.0,0.0748,91.0,0.0421,86.0,0.0237,81.0,0.0133,76.0,0.00748
3315,0.00255,-38.75,84.25,3605.0,2014-03-08T00:19:42Z,2014-03-08T00:54:53Z,4000000000.0,2888.2,246.11,2014-03-08T00:51:50Z,2014-03-08T01:27:21Z,0,136.5,16.0,136.5,16.0,136.5,14.9,142.8,14.7,107.5,0.305,102.5,0.171,97.5,0.0963,92.5,0.0541,87.5,0.0305,82.5,0.0171,77.5,0.00963
3376,0.00255,-38.75,84.25,3605.0,2014-03-08T00:19:42Z,2014-03-08T00:54:53Z,4000000000.0,2890.4,246.07,2014-03-08T00:51:51Z,2014-03-08T01:27:22Z,0,136.5,16.0,136.5,16.0,136.5,14.9,142.8,14.7,107.5,0.304,102.5,0.171,97.5,0.0962,92.5,0.0541,87.5,0.0304,82.5,0.0171,77.5,0.00962
3250,0.00255,-38.75,84.25,3605.0,2014-03-08T00:19:42Z,2014-03-08T00:54:53Z,4000000000.0,4438.8,227.25,2014-03-08T01:09:04Z,2014-03-08T01:44:51Z,1,138.4,16.0,138.4,16.0,138.4,14.9,144.7,14.7,105.6,0.212,100.6,0.119,95.6,0.0671,90.6,0.0377,85.6,0.0212,80.6,0.0119,75.6,0.00671
3274,0.00255,-38.75,84.25,3605.0,2014-03-08T00:19:42Z,2014-03-08T00:54:53Z,4000000000.0,4881.1,251.04,2014-03-08T01:14:13Z,2014-03-08T01:49:50Z,0,138.8,16.0,138.8,16.0,138.8,14.9,145.1,14.7,105.2,0.195,100.2,0.11,95.2,0.0618,90.2,0.0347,85.2,0.0195,80.2,0.011,75.2,0.00618
3275,0.00255,-38.75,84.25,3605.0,2014-03-08T00:19:42Z,2014-03-08T00:54:53Z,4000000000.0,4879.1,251.05,2014-03-08T01:14:12Z,2014-03-08T01:49:49Z,0,138.8,16.0,138.8,16.0,138.8,14.9,145.1,14.7,105.2,0.195,100.2,0.11,95.2,0.0618,90.2,0.0348,85.2,0.0195,80.2,0.011,75.2,0.00618
H01W,0.004,-38.75,84.75,3596.0,2014-03-08T00:19:40Z,2014-03-08T00:54:55Z,4000000000.0,2644.8,252.03,2014-03-08T00:49:00Z,2014-03-08T01:24:33Z,0,136.1,12.5,136.1,12.5,136.1,11.0,142.4,10.7,107.9,0.327,102.9,0.184,97.9,0.103,92.9,0.0582,87.9,0.0327,82.9,0.0184,77.9,0.0103
H08S,0.004,-38.75,84.75,3596.0,2014-03-08T00:19:40Z,2014-03-08T00:54:55Z,4000000000.0,3658.0,162.18,2014-03-08T01:00:36Z,2014-03-08T01:36:06Z,0,139.1,12.2,139.1,10.7,139.1,11.0,141.8,10.7,106.0,0.235,101.0,0.132,96.0,0.0745,91.0,0.0419,86.0,0.0235,81.0,0.0132,76.0,0.00745
3315,0.004,-38.75,84.75,3596.0,2014-03-08T00:19:40Z,2014-03-08T00:54:55Z,4000000000.0,2840.7,245.98,2014-03-08T00:51:10Z,2014-03-08T01:26:44Z,0,136.5,16.0,136.5,16.0,136.5,14.9,142.7,14.7,107.6,0.309,102.6,0.174,97.6,0.0976,92.6,0.0549,87.6,0.0309,82.6,0.0174,77.6,0.00976
3376,0.004,-38.75,84.75,3596.0,2014-03-08T00:19:40Z,2014-03-08T00:54:55Z,4000000000.0,2843.0,245.93,2014-03-08T00:51:12Z,2014-03-08T01:26:46Z,0,136.5,16.0,136.5,16.0,136.5,14.9,142.7,14.7,107.6,0.308,102.6,0.173,97.6,0.0975,92.6,0.0549,87.6,0.0308,82.6,0.0173,77.6,0.00975
3250,0.004,-38.75,84.75,3596.0,2014-03-08T00:19:40Z,2014-03-08T00:54:55Z,4000000000.0,4394.7,226.94,2014-03-08T01:08:34Z,2014-03-08T01:44:14Z,1,138.4,16.0,138.4,16.0,138.4,14.9,144.6,14.7,105.7,0.214,100.7,0.12,95.7,0.0677,90.7,0.0381,85.7,0.0214,80.7,0.012,75.7,0.00677
3274,0.004,-38.75,84.75,3596.0,2014-03-08T00:19:40Z,2014-03-08T00:54:55Z,4000000000.0,4836.2,251.2,2014-03-08T01:13:29Z,2014-03-08T01:49:20Z,0,138.8,16.0,138.8,16.0,138.8,14.9,145.1,14.7,105.3,0.197,100.3,0.111,95.3,0.0623,90.3,0.035,85.3,0.0197,80.3,0.0111,75.3,0.00623
3275,0.004,-38.75,84.75,3596.0,2014-03-08T00:19:40Z,2014-03-08T00:54:55Z,4000000000.0,4834.2,251.21,2014-03-08T01:13:28Z,2014-03-08T01:49:19Z,0,138.8,16.0,138.8,16.0,138.8,14.9,145.1,14.7,105.3,0.197,100.3,0.111,95.3,0.0623,90.3,0.035,85.3,0.0197,80.3,0.0111,75.3,0.00623
H01W,0.0054,-38.75,85.25,3620.0,2014-03-08T00:20:17Z,2014-03-08T00:54:13Z,4000000000.0,2601.6,251.96,2014-03-08T00:49:33Z,2014-03-08T01:23:42Z,0,136.1,12.5,136.1,12.5,136.1,11.0,142.4,10.7,108.0,0.331,103.0,0.186,98.0,0.105,93.0,0.0589,88.0,0.0331,83.0,0.0186,78.0,0.0105
H08S,0.0054,-38.75,85.25,3620.0,2014-03-08T00:20:17Z,2014-03-08T00:54:13Z,4000000000.0,3678.1,161.5,2014-03-08T01:01:17Z,2014-03-08T01:35:32Z,1,139.1,12.2,139.1,10.7,139.1,11.0,141.9,10.7,105.9,0.234,100.9,0.132,95.9,0.0741,90.9,0.0417,85.9,0.0234,80.9,0.0132,75.9,0.00741
3315,0.0054,-38.75,85.25,3620.0,2014-03-08T00:20:17Z,2014-03-08T00:54:13Z,4000000000.0,2796.4,245.83,2014-03-08T00:51:44Z,2014-03-08T01:25:53Z,0,136.4,16.0,136.4,16.0,136.4,14.9,142.7,14.7,107.6,0.313,102.6,0.176,97.6,0.0989,92.6,0.0556,87.6,0.0313,82.6,0.0176,77.6,0.00989
3376,0.0054,-38.75,85.25,3620.0,2014-03-08T00:20:17Z,2014-03-08T00:54:13Z,4000000000.0,2798.6,245.78,2014-03-08T00:51:46Z,2014-03-08T01:25:54Z,0,136.4,16.0,136.4,16.0,136.4,14.9,142.7,14.7,107.6,0.312,102.6,0.176,97.6,0.0988,92.6,0.0556,87.6,0.0312,82.6,0.0176,77.6,0.00988
3250,0.0054,-38.75,85.25,3620.0,2014-03-08T00:20:17Z,2014-03-08T00:54:13Z,4000000000.0,4354.8,226.63,2014-03-08T01:09:09Z,2014-03-08T01:43:21Z,1,138.3,16.0,138.3,16.0,138.3,14.9,144.6,14.7,105.7,0.216,100.7,0.121,95.7,0.0682,90.7,0.0384,85.7,0.0216,80.7,0.0121,75.7,0.00682
3274,0.0054,-38.75,85.25,3620.0,2014-03-08T00:20:17Z,2014-03-08T00:54:13Z,4000000000.0,4793.9,251.36,2014-03-08T01:14:02Z,2014-03-08T01:48:32Z,0,138.7,16.0,138.7,16.0,138.7,14.9,145.0,14.7,105.3,0.198,100.3,0.112,95.3,0.0628,90.3,0.0353,85.3,0.0198,80.3,0.0112,75.3,0.00628
3275,0.0054,-38.75,85.25,3620.0,2014-03-08T00:20:17Z,2014-03-08T00:54:13Z,4000000000.0,4791.9,251.37,2014-03-08T01:14:01Z,2014-03-08T01:48:30Z,0,138.7,16.0,138.7,16.0,138.7,14.9,145.0,14.7,105.3,0.199,100.3,0.112,95.3,0.0628,90.3,0.0353,85.3,0.0199,80.3,0.0112,75.3,0.00628
H01W,0.00875,-38.75,85.75,3625.0,2014-03-08T00:19:39Z,2014-03-08T00:54:50Z,4000000000.0,2553.8,251.93,2014-03-08T00:48:16Z,2014-03-08T01:23:40Z,0,136.0,12.5,136.0,12.5,136.0,11.0,142.3,10.7,108.0,0.336,103.0,0.189,98.0,0.106,93.0,0.0598,88.0,0.0336,83.0,0.0189,78.0,0.0106
H08S,0.00875,-38.75,85.75,3625.0,2014-03-08T00:19:39Z,2014-03-08T00:54:50Z,4000000000.0,3697.0,160.85,2014-03-08T01:00:52Z,2014-03-08T01:36:24Z,1,139.1,12.2,139.1,10.7,139.2,11.0,141.9,10.7,105.9,0.233,100.9,0.131,95.9,0.0738,90.9,0.0415,85.9,0.0233,80.9,0.0131,75.9,0.00738
3315,0.00875,-38.75,85.75,3625.0,2014-03-08T00:19:39Z,2014-03-08T00:54:50Z,4000000000.0,2750.3,245.69,2014-03-08T00:50:27Z,2014-03-08T01:25:52Z,0,136.3,16.0,136.3,16.0,136.3,14.9,142.6,14.7,107.7,0.317,102.7,0.178,97.7,0.1,92.7,0.0563,87.7,0.0317,82.7,0.0178,77.7,0.01
3376,0.00875,-38.75,85.75,3625.0,2014-03-08T00:19:39Z,2014-03-08T00:54:50Z,4000000000.0,2752.6,245.64,2014-03-08T00:50:29Z,2014-03-08T01:25:53Z,0,136.3,16.0,136.3,16.0,136.3,14.9,142.6,14.7,107.7,0.317,102.7,0.178,97.7,0.1,92.7,0.0563,87.7,0.0317,82.7,0.0178,77.7,0.01
3250,0.00875,-38.75,85.75,3625.0,2014-03-08T00:19:39Z,2014-03-08T00:54:50Z,4000000000.0,4316.5,226.34,2014-03-08T01:07:55Z,2014-03-08T01:43:28Z,1,138.3,16.0,138.3,16.0,138.3,14.9,144.6,14.7,105.8,0.217,100.8,0.122,95.8,0.0687,90.8,0.0386,85.8,0.0217,80.8,0.0122,75.8,0.00687
3274,0.00875,-38.75,85.75,3625.0,2014-03-08T00:19:39Z,2014-03-08T00:54:50Z,4000000000.0,4749.3,251.54,2014-03-08T01:12:48Z,2014-03-08T01:48:27Z,0,138.7,16.0,138.7,16.0,138.7,14.9,145.0,14.7,105.3,0.2,100.3,0.113,95.3,0.0633,90.3,0.0356,85.3,0.02,80.3,0.0113,75.3,0.00633
3275,0.00875,-38.75,85.75,3625.0,2014-03-08T00:19:39Z,2014-03-08T00:54:50Z,4000000000.0,4747.2,251.55,2014-03-08T01:12:46Z,2014-03-08T01:48:26Z,0,138.7,16.0,138.7,16.0,138.7,14.9,145.0,14.7,105.3,0.2,100.3,0.113,95.3,0.0633,90.3,0.0356,85.3,0.02,80.3,0.0113,75.3,0.00633
H01W,0.0141,-38.75,86.25,3624.0,2014-03-08T00:19:46Z,2014-03-08T00:54:57Z,4000000000.0,2512.9,251.91,2014-03-08T00:47:43Z,2014-03-08T01:23:31Z,0,135.9,12.5,135.9,12.5,135.9,11.0,142.2,10.7,108.1,0.341,103.1,0.192,98.1,0.108,93.1,0.0606,88.1,0.0341,83.1,0.0192,78.1,0.0108
H08S,0.0141,-38.75,86.25,3624.0,2014-03-08T00:19:46Z,2014-03-08T00:54:57Z,4000000000.0,3714.6,160.21,2014-03-08T01:01:17Z,2014-03-08T01:36:57Z,0,139.1,12.2,139.1,10.7,139.2,11.0,141.9,10.7,105.9,0.232,100.9,0.131,95.9,0.0735,90.9,0.0413,85.9,0.0232,80.9,0.0131,75.9,0.00735
3315,0.0141,-38.75,86.25,3624.0,2014-03-08T00:19:46Z,2014-03-08T00:54:57Z,4000000000.0,2708.9,245.59,2014-03-08T00:49:54Z,2014-03-08T01:25:43Z,0,136.3,16.0,136.3,16.0,136.3,14.9,142.5,14.7,107.8,0.321,102.8,0.18,97.8,0.101,92.8,0.057,87.8,0.0321,82.8,0.018,77.8,0.0101
3376,0.0141,-38.75,86.25,3624.0,2014-03-08T00:19:46Z,2014-03-08T00:54:57Z,4000000000.0,2711.1,245.54,2014-03-08T00:49:56Z,2014-03-08T01:25:44Z,0,136.3,16.0,136.3,16.0,136.3,14.9,142.5,14.7,107.8,0.321,102.8,0.18,97.8,0.101,92.8,0.057,87.8,0.0321,82.8,0.018,77.8,0.0101
3250,0.0141,-38.75,86.25,3624.0,2014-03-08T00:19:46Z,2014-03-08T00:54:57Z,4000000000.0,4277.6,226.07,2014-03-08T01:07:26Z,2014-03-08T01:43:24Z,1,138.2,16.0,138.2,16.0,138.2,14.9,144.5,14.7,105.8,0.219,100.8,0.123,95.8,0.0693,90.8,0.0389,85.8,0.0219,80.8,0.0123,75.8,0.00693
3274,0.0141,-38.75,86.25,3624.0,2014-03-08T00:19:46Z,2014-03-08T00:54:57Z,4000000000.0,4710.0,251.71,2014-03-08T01:12:16Z,2014-03-08T01:48:20Z,0,138.7,16.0,138.7,16.0,138.7,14.9,144.9,14.7,105.4,0.202,100.4,0.113,95.4,0.0637,90.4,0.0358,85.4,0.0202,80.4,0.0113,75.4,0.00637
3275,0.0141,-38.75,86.25,3624.0,2014-03-08T00:19:46Z,2014-03-08T00:54:57Z,4000000000.0,4708.0,251.72,2014-03-08T01:12:15Z,2014-03-08T01:48:18Z,0,138.7,16.0,138.7,16.0,138.7,14.9,144.9,14.7,105.4,0.202,100.4,0.113,95.4,0.0638,90.4,0.0359,85.4,0.0202,80.4,0.0113,75.4,0.00638
H01W,0.0196,-38.75,86.75,3600.0,2014-03-08T00:19:38Z,2014-03-08T00:54:56Z,4000000000.0,2469.1,251.88,2014-03-08T00:47:11Z,2014-03-08T01:22:54Z,0,135.9,12.5,135.9,12.5,135.9,11.0,142.1,10.7,108.2,0.346,103.2,0.194,98.2,0.109,93.2,0.0615,88.2,0.0346,83.2,0.0194,78.2,0.0109
H08S,0.0196,-38.75,86.75,3600.0,2014-03-08T00:19:38Z,2014-03-08T00:54:56Z,4000000000.0,3734.6,159.59,2014-03-08T01:01:16Z,2014-03-08T01:37:13Z,0,139.1,12.2,139.1,10.7,139.2,11.0,141.9,10.7,105.9,0.231,100.9,0.13,95.9,0.0732,90.9,0.0411,85.9,0.0231,80.9,0.013,75.9,0.00732
3315,0.0196,-38.75,86.75,3600.0,2014-03-08T00:19:38Z,2014-03-08T00:54:56Z,4000000000.0,2666.0,245.43,2014-03-08T00:49:24Z,2014-03-08T01:25:09Z,0,136.2,16.0,136.2,16.0,136.2,14.9,142.5,14.7,107.9,0.325,102.9,0.183,97.9,0.103,92.9,0.0578,87.9,0.0325,82.9,0.0183,77.9,0.0103
3376,0.0196,-38.75,86.75,3600.0,2014-03-08T00:19:38Z,2014-03-08T00:54:56Z,4000000000.0,2668.3,245.38,2014-03-08T00:49:26Z,2014-03-08T01:25:11Z,0,136.2,16.0,136.2,16.0,136.2,14.9,142.5,14.7,107.8,0.325,102.8,0.183,97.8,0.103,92.8,0.0577,87.8,0.0325,82.8,0.0183,77.8,0.0103
3250,0.0196,-38.75,86.75,3600.0,2014-03-08T00:19:38Z,2014-03-08T00:54:56Z,4000000000.0,4239.9,225.76,2014-03-08T01:07:03Z,2014-03-08T01:42:58Z,1,138.2,16.0,138.2,16.0,138.2,14.9,144.5,14.7,105.8,0.221,100.8,0.124,95.8,0.0698,90.8,0.0392,85.8,0.0221,80.8,0.0124,75.8,0.00698
3274,0.0196,-38.75,86.75,3600.0,2014-03-08T00:19:38Z,2014-03-08T00:54:56Z,4000000000.0,4669.0,251.89,2014-03-08T01:11:42Z,2014-03-08T01:47:37Z,0,138.6,16.0,138.6,16.0,138.6,14.9,144.9,14.7,105.4,0.203,100.4,0.114,95.4,0.0642,90.4,0.0361,85.4,0.0203,80.4,0.0114,75.4,0.00642
3275,0.0196,-38.75,86.75,3600.0,2014-03-08T00:19:38Z,2014-03-08T00:54:56Z,4000000000.0,4667.0,251.91,2014-03-08T01:11:41Z,2014-03-08T01:47:36Z,0,138.6,16.0,138.6,16.0,138.6,14.9,144.9,14.7,105.4,0.203,100.4,0.114,95.4,0.0642,90.4,0.0361,85.4,0.0203,80.4,0.0114,75.4,0.00642
H01W,0.02195,-38.75,87.25,3582.0,2014-03-08T00:19:41Z,2014-03-08T00:54:56Z,4000000000.0,2430.0,252.0,2014-03-08T00:46:40Z,2014-03-08T01:22:32Z,0,135.8,12.5,135.8,12.5,135.8,11.0,142.1,10.7,108.3,0.35,103.3,0.197,98.3,0.111,93.3,0.0622,88.3,0.035,83.3,0.0197,78.3,0.0111
H08S,0.02195,-38.75,87.25,3582.0,2014-03-08T00:19:41Z,2014-03-08T00:54:56Z,4000000000.0,3747.3,158.98,2014-03-08T01:01:22Z,2014-03-08T01:37:12Z,0,139.2,12.2,139.2,10.7,139.2,11.0,141.9,10.7,105.8,0.231,100.8,0.13,95.8,0.073,90.8,0.041,85.8,0.0231,80.8,0.013,75.8,0.0073
3315,0.02195,-38.75,87.25,3582.0,2014-03-08T00:19:41Z,2014-03-08T00:54:56Z,4000000000.0,2626.7,245.44,2014-03-08T00:48:50Z,2014-03-08T01:24:45Z,0,136.1,16.0,136.1,16.0,136.1,14.9,142.4,14.7,107.9,0.329,102.9,0.185,97.9,0.104,92.9,0.0585,87.9,0.0329,82.9,0.0185,77.9,0.0104
3376,0.02195,-38.75,87.25,3582.0,2014-03-08T00:19:41Z,2014-03-08T00:54:56Z,4000000000.0,2628.9,245.39,2014-03-08T00:48:52Z,2014-03-08T01:24:46Z,0,136.1,16.0,136.1,16.0,136.1,14.9,142.4,14.7,107.9,0.329,102.9,0.185,97.9,0.104,92.9,0.0584,87.9,0.0329,82.9,0.0185,77.9,0.0104
3250,0.02195,-38.75,87.25,3582.0,2014-03-08T00:19:41Z,2014-03-08T00:54:56Z,4000000000.0,4202.8,225.56,2014-03-08T01:06:22Z,2014-03-08T01:42:29Z,1,138.2,16.0,138.2,16.0,138.2,14.9,144.4,14.7,105.9,0.222,100.9,0.125,95.9,0.0703,90.9,0.0395,85.9,0.0222,80.9,0.0125,75.9,0.00703
3274,0.02195,-38.75,87.25,3582.0,2014-03-08T00:19:41Z,2014-03-08T00:54:56Z,4000000000.0,4631.8,252.12,2014-03-08T01:11:22Z,2014-03-08T01:47:22Z,0,138.6,16.0,138.6,16.0,138.6,14.9,144.9,14.7,105.5,0.204,100.5,0.115,95.5,0.0647,90.5,0.0364,85.5,0.0204,80.5,0.0115,75.5,0.00647
3275,0.02195,-38.75,87.25,3582.0,2014-03-08T00:19:41Z,2014-03-08T00:54:56Z,4000000000.0,4629.8,252.13,2014-03-08T01:11:20Z,2014-03-08T01:47:21Z,0,138.6,16.0,138.6,16.0,138.6,14.9,144.9,14.7,105.5,0.205,100.5,0.115,95.5,0.0647,90.5,0.0364,85.5,0.0205,80.5,0.0115,75.5,0.00647
H01W,0.0163,-38.75,87.75,3577.0,2014-03-08T00:19:40Z,2014-03-08T00:54:54Z,4000000000.0,2385.6,251.97,2014-03-08T00:46:07Z,2014-03-08T01:21:37Z,0,135.7,12.5,135.7,12.5,135.7,11.0,142.0,10.7,108.3,0.355,103.3,0.2,98.3,0.112,93.3,0.0632,88.3,0.0355,83.3,0.02,78.3,0.0112
H08S,0.0163,-38.75,87.75,3577.0,2014-03-08T00:19:40Z,2014-03-08T00:54:54Z,4000000000.0,3768.2,158.34,2014-03-08T01:01:33Z,2014-03-08T01:37:22Z,1,139.2,12.2,139.2,10.7,139.3,11.0,142.0,10.7,105.8,0.23,100.8,0.129,95.8,0.0726,90.8,0.0408,85.8,0.023,80.8,0.0129,75.8,0.00726
3315,0.0163,-38.75,87.75,3577.0,2014-03-08T00:19:40Z,2014-03-08T00:54:54Z,4000000000.0,2583.3,245.29,2014-03-08T00:48:18Z,2014-03-08T01:23:50Z,0,136.0,16.0,136.0,16.0,136.0,14.9,142.3,14.7,108.0,0.333,103.0,0.187,98.0,0.105,93.0,0.0593,88.0,0.0333,83.0,0.0187,78.0,0.0105
3376,0.0163,-38.75,87.75,3577.0,2014-03-08T00:19:40Z,2014-03-08T00:54:54Z,4000000000.0,2585.6,245.24,2014-03-08T00:48:19Z,2014-03-08T01:23:52Z,0,136.1,16.0,136.1,16.0,136.1,14.9,142.3,14.7,108.0,0.333,103.0,0.187,98.0,0.105,93.0,0.0592,88.0,0.0333,83.0,0.0187,78.0,0.0105
3250,0.0163,-38.75,87.75,3577.0,2014-03-08T00:19:40Z,2014-03-08T00:54:54Z,4000000000.0,4163.8,225.24,2014-03-08T01:05:54Z,2014-03-08T01:41:39Z,1,138.1,16.0,138.1,16.0,138.1,14.9,144.4,14.7,105.9,0.224,100.9,0.126,95.9,0.0709,90.9,0.0399,85.9,0.0224,80.9,0.0126,75.9,0.00709
3274,0.0163,-38.75,87.75,3577.0,2014-03-08T00:19:40Z,2014-03-08T00:54:54Z,4000000000.0,4590.0,252.31,2014-03-08T01:10:50Z,2014-03-08T01:46:32Z,0,138.5,16.0,138.5,16.0,138.5,14.9,144.8,14.7,105.5,0.206,100.5,0.116,95.5,0.0652,90.5,0.0366,85.5,0.0206,80.5,0.0116,75.5,0.00652
3275,0.0163,-38.75,87.75,3577.0,2014-03-08T00:19:40Z,2014-03-08T00:54:54Z,4000000000.0,4588.0,252.33,2014-03-08T01:10:49Z,2014-03-08T01:46:30Z,0,138.5,16.0,138.5,16.0,138.5,14.9,144.8,14.7,105.5,0.206,100.5,0.116,95.5,0.0652,90.5,0.0367,85.5,0.0206,80.5,0.0116,75.5,0.00652
H01W,0.012,-38.75,88.25,3506.0,2014-03-08T00:19:59Z,2014-03-08T00:54:53Z,4000000000.0,2339.4,251.88,2014-03-08T00:46:17Z,2014-03-08T01:21:14Z,0,135.6,12.5,135.6,12.5,135.6,11.0,141.9,10.7,108.4,0.361,103.4,0.203,98.4,0.114,93.4,0.0642,88.4,0.0361,83.4,0.0203,78.4,0.0114
H08S,0.012,-38.75,88.25,3506.0,2014-03-08T00:19:59Z,2014-03-08T00:54:53Z,4000000000.0,3789.2,157.72,2014-03-08T01:02:24Z,2014-03-08T01:37:43Z,0,139.2,12.2,139.2,10.7,139.3,11.0,142.0,10.7,105.8,0.229,100.8,0.129,95.8,0.0723,90.8,0.0406,85.8,0.0229,80.8,0.0129,75.8,0.00723
3315,0.012,-38.75,88.25,3506.0,2014-03-08T00:19:59Z,2014-03-08T00:54:53Z,4000000000.0,2538.3,245.11,2014-03-08T00:48:29Z,2014-03-08T01:23:29Z,0,136.0,16.0,136.0,16.0,136.0,14.9,142.3,14.7,108.1,0.338,103.1,0.19,98.1,0.107,93.1,0.0601,88.1,0.0338,83.1,0.019,78.1,0.0107
3376,0.012,-38.75,88.25,3506.0,2014-03-08T00:19:59Z,2014-03-08T00:54:53Z,4000000000.0,2540.6,245.06,2014-03-08T00:48:31Z,2014-03-08T01:23:30Z,0,136.0,16.0,136.0,16.0,136.0,14.9,142.3,14.7,108.1,0.338,103.1,0.19,98.1,0.107,93.1,0.0601,88.1,0.0338,83.1,0.019,78.1,0.0107
3250,0.012,-38.75,88.25,3506.0,2014-03-08T00:19:59Z,2014-03-08T00:54:53Z,4000000000.0,4125.4,224.92,2014-03-08T01:06:13Z,2014-03-08T01:41:23Z,1,138.1,16.0,138.1,16.0,138.1,14.9,144.4,14.7,106.0,0.226,101.0,0.127,96.0,0.0714,91.0,0.0402,86.0,0.0226,81.0,0.0127,76.0,0.00714
3274,0.012,-38.75,88.25,3506.0,2014-03-08T00:19:59Z,2014-03-08T00:54:53Z,4000000000.0,4546.0,252.46,2014-03-08T01:10:52Z,2014-03-08T01:46:06Z,0,138.5,16.0,138.5,16.0,138.5,14.9,144.8,14.7,105.5,0.208,100.5,0.117,95.5,0.0657,90.5,0.037,85.5,0.0208,80.5,0.0117,75.5,0.00657
3275,0.012,-38.75,88.25,3506.0,2014-03-08T00:19:59Z,2014-03-08T00:54:53Z,4000000000.0,4544.0,252.48,2014-03-08T01:10:50Z,2014-03-08T01:46:05Z,0,138.5,16.0,138.5,16.0,138.5,14.9,144.8,14.7,105.5,0.208,100.5,0.117,95.5,0.0657,90.5,0.037,85.5,0.0208,80.5,0.0117,75.5,0.00657
H01W,0.0094,-38.75,88.75,3520.0,2014-03-08T00:19:45Z,2014-03-08T00:54:38Z,4000000000.0,2298.6,251.87,2014-03-08T00:45:19Z,2014-03-08T01:20:33Z,0,135.5,12.5,135.5,12.5,135.5,11.0,141.8,10.7,108.5,0.366,103.5,0.206,98.5,0.116,93.5,0.0651,88.5,0.0366,83.5,0.0206,78.5,0.0116
H08S,0.0094,-38.75,88.75,3520.0,2014-03-08T00:19:45Z,2014-03-08T00:54:38Z,4000000000.0,3809.4,157.11,2014-03-08T01:02:14Z,2014-03-08T01:37:55Z,0,139.2,12.2,139.2,10.7,139.3,11.0,142.0,10.7,105.8,0.228,100.8,0.128,95.8,0.072,90.8,0.0405,85.8,0.0228,80.8,0.0128,75.8,0.0072
3315,0.0094,-38.75,88.75,3520.0,2014-03-08T00:19:45Z,2014-03-08T00:54:38Z,4000000000.0,2496.4,244.98,2014-03-08T00:47:30Z,2014-03-08T01:22:47Z,0,135.9,16.0,135.9,16.0,135.9,14.9,142.2,14.7,108.1,0.343,103.1,0.193,98.1,0.108,93.1,0.0609,88.1,0.0343,83.1,0.0193,78.1,0.0108
3376,0.0094,-38.75,88.75,3520.0,2014-03-08T00:19:45Z,2014-03-08T00:54:38Z,4000000000.0,2498.7,244.93,2014-03-08T00:47:32Z,2014-03-08T01:22:49Z,0,135.9,16.0,135.9,16.0,135.9,14.9,142.2,14.7,108.1,0.342,103.1,0.193,98.1,0.108,93.1,0.0609,88.1,0.0342,83.1,0.0193,78.1,0.0108
3250,0.0094,-38.75,88.75,3520.0,2014-03-08T00:19:45Z,2014-03-08T00:54:38Z,4000000000.0,4087.6,224.62,2014-03-08T01:05:15Z,2014-03-08T01:40:46Z,1,138.0,16.0,138.0,16.0,138.0,14.9,144.3,14.7,106.0,0.228,101.0,0.128,96.0,0.072,91.0,0.0405,86.0,0.0228,81.0,0.0128,76.0,0.0072
3274,0.0094,-38.75,88.75,3520.0,2014-03-08T00:19:45Z,2014-03-08T00:54:38Z,4000000000.0,4505.7,252.65,2014-03-08T01:10:02Z,2014-03-08T01:45:27Z,0,138.5,16.0,138.5,16.0,138.5,14.9,144.7,14.7,105.6,0.209,100.6,0.118,95.6,0.0662,90.6,0.0372,85.6,0.0209,80.6,0.0118,75.6,0.00662
3275,0.0094,-38.75,88.75,3520.0,2014-03-08T00:19:45Z,2014-03-08T00:54:38Z,4000000000.0,4503.7,252.67,2014-03-08T01:10:00Z,2014-03-08T01:45:25Z,0,138.5,16.0,138.5,16.0,138.5,14.9,144.7,14.7,105.6,0.21,100.6,0.118,95.6,0.0663,90.6,0.0373,85.6,0.021,80.6,0.0118,75.6,0.00663
H01W,0.00885,-38.75,89.25,3594.0,2014-03-08T00:19:41Z,2014-03-08T00:54:35Z,4000000000.0,2255.9,251.75,2014-03-08T00:44:39Z,2014-03-08T01:20:03Z,0,135.5,12.5,135.5,12.5,135.5,11.0,141.7,10.7,108.6,0.371,103.6,0.209,98.6,0.117,93.6,0.066,88.6,0.0371,83.6,0.0209,78.6,0.0117
H08S,0.00885,-38.75,89.25,3594.0,2014-03-08T00:19:41Z,2014-03-08T00:54:35Z,4000000000.0,3833.4,156.53,2014-03-08T01:02:29Z,2014-03-08T01:37:52Z,0,139.3,12.2,139.3,10.7,139.3,11.0,142.0,10.7,105.7,0.226,100.7,0.127,95.7,0.0716,90.7,0.0402,85.7,0.0226,80.7,0.0127,75.7,0.00716
3315,0.00885,-38.75,89.25,3594.0,2014-03-08T00:19:41Z,2014-03-08T00:54:35Z,4000000000.0,2455.7,244.7,2014-03-08T00:46:52Z,2014-03-08T01:22:17Z,0,135.8,16.0,135.8,16.0,135.8,14.9,142.1,14.7,108.2,0.347,103.2,0.195,98.2,0.11,93.2,0.0617,88.2,0.0347,83.2,0.0195,78.2,0.011
3376,0.00885,-38.75,89.25,3594.0,2014-03-08T00:19:41Z,2014-03-08T00:54:35Z,4000000000.0,2457.9,244.65,2014-03-08T00:46:53Z,2014-03-08T01:22:18Z,0,135.8,16.0,135.8,16.0,135.8,14.9,142.1,14.7,108.2,0.347,103.2,0.195,98.2,0.11,93.2,0.0617,88.2,0.0347,83.2,0.0195,78.2,0.011
3250,0.00885,-38.75,89.25,3594.0,2014-03-08T00:19:41Z,2014-03-08T00:54:35Z,4000000000.0,4051.3,224.25,2014-03-08T01:04:41Z,2014-03-08T01:40:14Z,1,138.0,16.0,138.0,16.0,138.0,14.9,144.3,14.7,106.0,0.229,101.0,0.129,96.0,0.0726,91.0,0.0408,86.0,0.0229,81.0,0.0129,76.0,0.00726
3274,0.00885,-38.75,89.25,3594.0,2014-03-08T00:19:41Z,2014-03-08T00:54:35Z,4000000000.0,4465.0,252.79,2014-03-08T01:09:24Z,2014-03-08T01:45:00Z,0,138.4,16.0,138.4,16.0,138.4,14.9,144.7,14.7,105.6,0.211,100.6,0.119,95.6,0.0667,90.6,0.0375,85.6,0.0211,80.6,0.0119,75.6,0.00667
3275,0.00885,-38.75,89.25,3594.0,2014-03-08T00:19:41Z,2014-03-08T00:54:35Z,4000000000.0,4463.0,252.81,2014-03-08T01:09:23Z,2014-03-08T01:44:59Z,0,138.4,16.0,138.4,16.0,138.4,14.9,144.7,14.7,105.6,0.211,100.6,0.119,95.6,0.0668,90.6,0.0376,85.6,0.0211,80.6,0.0119,75.6,0.00668
H01W,0.00655,-38.75,89.75,3651.0,2014-03-08T00:20:00Z,2014-03-08T00:54:42Z,4000000000.0,2213.7,251.6,2014-03-08T00:44:36Z,2014-03-08T01:19:44Z,0,135.4,12.5,135.4,12.5,135.4,11.0,141.7,10.7,108.7,0.377,103.7,0.212,98.7,0.119,93.7,0.067,88.7,0.0377,83.7,0.0212,78.7,0.0119
H08S,0.00655,-38.75,89.75,3651.0,2014-03-08T00:20:00Z,2014-03-08T00:54:42Z,4000000000.0,3856.7,155.97,2014-03-08T01:02:57Z,2014-03-08T01:37:54Z,0,139.3,12.2,139.3,10.7,139.4,11.0,142.1,10.7,105.7,0.225,100.7,0.127,95.7,0.0712,90.7,0.04,85.7,0.0225,80.7,0.0127,75.7,0.00712
3315,0.00655,-38.75,89.75,3651.0,2014-03-08T00:20:00Z,2014-03-08T00:54:42Z,4000000000.0,2413.4,244.45,2014-03-08T00:46:49Z,2014-03-08T01:21:57Z,0,135.8,16.0,135.8,16.0,135.8,14.9,142.0,14.7,108.3,0.352,103.3,0.198,98.3,0.111,93.3,0.0626,88.3,0.0352,83.3,0.0198,78.3,0.0111
3376,0.00655,-38.75,89.75,3651.0,2014-03-08T00:20:00Z,2014-03-08T00:54:42Z,4000000000.0,2415.7,244.4,2014-03-08T00:46:50Z,2014-03-08T01:21:59Z,0,135.8,16.0,135.8,16.0,135.8,14.9,142.0,14.7,108.3,0.352,103.3,0.198,98.3,0.111,93.3,0.0625,88.3,0.0352,83.3,0.0198,78.3,0.0111
3250,0.00655,-38.75,89.75,3651.0,2014-03-08T00:20:00Z,2014-03-08T00:54:42Z,4000000000.0,4016.1,223.9,2014-03-08T01:04:39Z,2014-03-08T01:39:56Z,1,138.0,16.0,138.0,16.0,138.0,14.9,144.2,14.7,106.1,0.231,101.1,0.13,96.1,0.0731,91.1,0.0411,86.1,0.0231,81.1,0.013,76.1,0.00731
3274,0.00655,-38.75,89.75,3651.0,2014-03-08T00:20:00Z,2014-03-08T00:54:42Z,4000000000.0,4421.7,252.91,2014-03-08T01:09:18Z,2014-03-08T01:44:45Z,0,138.4,16.0,138.4,16.0,138.4,14.9,144.7,14.7,105.7,0.213,100.7,0.12,95.7,0.0673,90.7,0.0379,85.7,0.0213,80.7,0.012,75.7,0.00673
3275,0.00655,-38.75,89.75,3651.0,2014-03-08T00:20:00Z,2014-03-08T00:54:42Z,4000000000.0,4419.7,252.92,2014-03-08T01:09:17Z,2014-03-08T01:44:43Z,0,138.4,16.0,138.4,16.0,138.4,14.9,144.7,14.7,105.7,0.213,100.7,0.12,95.7,0.0673,90.7,0.0379,85.7,0.0213,80.7,0.012,75.7,0.00673
H01W,0.0058,-38.75,90.25,3619.0,2014-03-08T00:19:40Z,2014-03-08T00:54:49Z,4000000000.0,2168.3,251.65,2014-03-08T00:43:55Z,2014-03-08T01:19:26Z,0,135.3,12.5,135.3,12.5,135.3,11.0,141.6,10.7,108.8,0.383,103.8,0.215,98.8,0.121,93.8,0.0681,88.8,0.0383,83.8,0.0215,78.8,0.0121
H08S,0.0058,-38.75,90.25,3619.0,2014-03-08T00:19:40Z,2014-03-08T00:54:49Z,4000000000.0,3878.6,155.35,2014-03-08T01:02:59Z,2014-03-08T01:38:32Z,0,139.3,12.2,139.3,10.7,139.4,11.0,142.1,10.7,105.7,0.224,100.7,0.126,95.7,0.0709,90.7,0.0399,85.7,0.0224,80.7,0.0126,75.7,0.00709
3315,0.0058,-38.75,90.25,3619.0,2014-03-08T00:19:40Z,2014-03-08T00:54:49Z,4000000000.0,2368.9,244.35,2014-03-08T00:46:09Z,2014-03-08T01:21:41Z,0,135.7,16.0,135.7,16.0,135.7,14.9,142.0,14.7,108.4,0.357,103.4,0.201,98.4,0.113,93.4,0.0635,88.4,0.0357,83.4,0.0201,78.4,0.0113
3376,0.0058,-38.75,90.25,3619.0,2014-03-08T00:19:40Z,2014-03-08T00:54:49Z,4000000000.0,2371.2,244.3,2014-03-08T00:46:11Z,2014-03-08T01:21:43Z,0,135.7,16.0,135.7,16.0,135.7,14.9,142.0,14.7,108.4,0.357,103.4,0.201,98.4,0.113,93.4,0.0635,88.4,0.0357,83.4,0.0201,78.4,0.0113
3250,0.0058,-38.75,90.25,3619.0,2014-03-08T00:19:40Z,2014-03-08T00:54:49Z,4000000000.0,3976.2,223.56,2014-03-08T01:04:07Z,2014-03-08T01:39:48Z,1,137.9,16.0,137.9,16.0,137.9,14.9,144.2,14.7,106.1,0.233,101.1,0.131,96.1,0.0737,91.1,0.0415,86.1,0.0233,81.1,0.0131,76.1,0.00737
3274,0.0058,-38.75,90.25,3619.0,2014-03-08T00:19:40Z,2014-03-08T00:54:49Z,4000000000.0,4382.4,253.15,2014-03-08T01:08:37Z,2014-03-08T01:44:22Z,0,138.3,16.0,138.3,16.0,138.3,14.9,144.6,14.7,105.7,0.215,100.7,0.121,95.7,0.0678,90.7,0.0381,85.7,0.0215,80.7,0.0121,75.7,0.00678
3275,0.0058,-38.75,90.25,3619.0,2014-03-08T00:19:40Z,2014-03-08T00:54:49Z,4000000000.0,4380.4,253.17,2014-03-08T01:08:36Z,2014-03-08T01:44:20Z,0,138.3,16.0,138.3,16.0,138.3,14.9,144.6,14.7,105.7,0.215,100.7,0.121,95.7,0.0679,90.7,0.0382,85.7,0.0215,80.7,0.0121,75.7,0.00679
H01W,0.0031,-38.75,90.75,3724.0,2014-03-08T00:19:45Z,2014-03-08T00:54:00Z,4000000000.0,2129.0,251.59,2014-03-08T00:43:36Z,2014-03-08T01:18:05Z,0,135.2,12.5,135.2,12.5,135.2,11.0,141.5,10.7,108.8,0.389,103.8,0.218,98.8,0.123,93.8,0.0691,88.8,0.0389,83.8,0.0218,78.8,0.0123
H08S,0.0031,-38.75,90.75,3724.0,2014-03-08T00:19:45Z,2014-03-08T00:54:00Z,4000000000.0,3898.2,154.77,2014-03-08T01:03:33Z,2014-03-08T01:37:54Z,0,139.3,12.2,139.3,10.7,139.4,11.0,142.1,10.7,105.7,0.223,100.7,0.125,95.7,0.0706,90.7,0.0397,85.7,0.0223,80.7,0.0125,75.7,0.00706
3315,0.0031,-38.75,90.75,3724.0,2014-03-08T00:19:45Z,2014-03-08T00:54:00Z,4000000000.0,2329.5,244.19,2014-03-08T00:45:53Z,2014-03-08T01:20:19Z,0,135.6,16.0,135.6,16.0,135.6,14.9,141.9,14.7,108.4,0.362,103.4,0.204,98.4,0.114,93.4,0.0644,88.4,0.0362,83.4,0.0204,78.4,0.0114
3376,0.0031,-38.75,90.75,3724.0,2014-03-08T00:19:45Z,2014-03-08T00:54:00Z,4000000000.0,2331.8,244.14,2014-03-08T00:45:54Z,2014-03-08T01:20:20Z,0,135.6,16.0,135.6,16.0,135.6,14.9,141.9,14.7,108.4,0.362,103.4,0.203,98.4,0.114,93.4,0.0643,88.4,0.0362,83.4,0.0203,78.4,0.0114
3250,0.0031,-38.75,90.75,3724.0,2014-03-08T00:19:45Z,2014-03-08T00:54:00Z,4000000000.0,3939.6,223.26,2014-03-08T01:04:00Z,2014-03-08T01:38:28Z,1,137.9,16.0,137.9,16.0,137.9,14.9,144.2,14.7,106.2,0.235,101.2,0.132,96.2,0.0743,91.2,0.0418,86.2,0.0235,81.2,0.0132,76.2,0.00743
3274,0.0031,-38.75,90.75,3724.0,2014-03-08T00:19:45Z,2014-03-08T00:54:00Z,4000000000.0,4341.6,253.34,2014-03-08T01:08:13Z,2014-03-08T01:43:09Z,0,138.3,16.0,138.3,16.0,138.3,14.9,144.6,14.7,105.7,0.216,100.7,0.122,95.7,0.0684,90.7,0.0385,85.7,0.0216,80.7,0.0122,75.7,0.00684
3275,0.0031,-38.75,90.75,3724.0,2014-03-08T00:19:45Z,2014-03-08T00:54:00Z,4000000000.0,4339.6,253.35,2014-03-08T01:08:12Z,2014-03-08T01:43:08Z,0,138.3,16.0,138.3,16.0,138.3,14.9,144.6,14.7,105.7,0.216,100.7,0.122,95.7,0.0684,90.7,0.0385,85.7,0.0216,80.7,0.0122,75.7,0.00684
H01W,0.0018,-38.75,91.25,3566.0,2014-03-08T00:20:08Z,2014-03-08T00:54:26Z,4000000000.0,2085.3,251.47,2014-03-08T00:43:32Z,2014-03-08T01:17:53Z,0,135.1,12.5,135.1,12.5,135.1,11.0,141.4,10.7,108.9,0.395,103.9,0.222,98.9,0.125,93.9,0.0702,88.9,0.0395,83.9,0.0222,78.9,0.0125
H08S,0.0018,-38.75,91.25,3566.0,2014-03-08T00:20:08Z,2014-03-08T00:54:26Z,4000000000.0,3920.7,154.24,2014-03-08T01:04:06Z,2014-03-08T01:38:34Z,0,139.4,12.2,139.4,10.7,139.4,11.0,142.1,10.7,105.7,0.222,100.7,0.125,95.7,0.0702,90.7,0.0395,85.7,0.0222,80.7,0.0125,75.7,0.00702
3315,0.0018,-38.75,91.25,3566.0,2014-03-08T00:20:08Z,2014-03-08T00:54:26Z,4000000000.0,2288.2,243.94,2014-03-08T00:45:49Z,2014-03-08T01:20:08Z,0,135.5,16.0,135.5,16.0,135.5,14.9,141.8,14.7,108.5,0.367,103.5,0.206,98.5,0.116,93.5,0.0653,88.5,0.0367,83.5,0.0206,78.5,0.0116
3376,0.0018,-38.75,91.25,3566.0,2014-03-08T00:20:08Z,2014-03-08T00:54:26Z,4000000000.0,2290.5,243.89,2014-03-08T00:45:50Z,2014-03-08T01:20:10Z,0,135.5,16.0,135.5,16.0,135.5,14.9,141.8,14.7,108.5,0.367,103.5,0.206,98.5,0.116,93.5,0.0652,88.5,0.0367,83.5,0.0206,78.5,0.0116
3250,0.0018,-38.75,91.25,3566.0,2014-03-08T00:20:08Z,2014-03-08T00:54:26Z,4000000000.0,3905.0,222.91,2014-03-08T01:03:58Z,2014-03-08T01:38:21Z,1,137.8,16.0,137.8,16.0,137.8,14.9,144.1,14.7,106.2,0.237,101.2,0.133,96.2,0.0749,91.2,0.0421,86.2,0.0237,81.2,0.0133,76.2,0.00749
3274,0.0018,-38.75,91.25,3566.0,2014-03-08T00:20:08Z,2014-03-08T00:54:26Z,4000000000.0,4300.4,253.51,2014-03-08T01:08:12Z,2014-03-08T01:42:56Z,0,138.3,16.0,138.3,16.0,138.3,14.9,144.5,14.7,105.8,0.218,100.8,0.123,95.8,0.0689,90.8,0.0388,85.8,0.0218,80.8,0.0123,75.8,0.00689
3275,0.0018,-38.75,91.25,3566.0,2014-03-08T00:20:08Z,2014-03-08T00:54:26Z,4000000000.0,4298.4,253.52,2014-03-08T01:08:11Z,2014-03-08T01:42:54Z,0,138.3,16.0,138.3,16.0,138.3,14.9,144.5,14.7,105.8,0.218,100.8,0.123,95.8,0.069,90.8,0.0388,85.8,0.0218,80.8,0.0123,75.8,0.0069
H01W,0.0005,-38.75,91.75,3702.0,2014-03-08T00:24:29Z,2014-03-08T00:48:13Z,4000000000.0,2050.5,251.62,2014-03-08T00:47:26Z,2014-03-08T01:11:01Z,0,135.0,12.5,135.0,12.5,135.0,11.0,141.3,10.7,109.0,0.4,104.0,0.225,99.0,0.127,94.0,0.0711,89.0,0.04,84.0,0.0225,79.0,0.0127
H08S,0.0005,-38.75,91.75,3702.0,2014-03-08T00:24:29Z,2014-03-08T00:48:13Z,4000000000.0,3936.5,153.72,2014-03-08T01:08:31Z,2014-03-08T01:32:37Z,0,139.4,12.2,139.4,10.7,139.4,11.0,142.2,10.7,105.6,0.221,100.6,0.124,95.6,0.07,90.6,0.0394,85.6,0.0221,80.6,0.0124,75.6,0.007
3315,0.0005,-38.75,91.75,3702.0,2014-03-08T00:24:29Z,2014-03-08T00:48:13Z,4000000000.0,2251.0,243.96,2014-03-08T00:49:41Z,2014-03-08T01:13:16Z,0,135.4,16.0,135.4,16.0,135.4,14.9,141.7,14.7,108.6,0.372,103.6,0.209,98.6,0.118,93.6,0.0661,88.6,0.0372,83.6,0.0209,78.6,0.0118
3376,0.0005,-38.75,91.75,3702.0,2014-03-08T00:24:29Z,2014-03-08T00:48:13Z,4000000000.0,2253.2,243.9,2014-03-08T00:49:43Z,2014-03-08T01:13:18Z,0,135.5,16.0,135.5,16.0,135.5,14.9,141.7,14.7,108.6,0.372,103.6,0.209,98.6,0.118,93.6,0.0661,88.6,0.0372,83.6,0.0209,78.6,0.0118
3250,0.0005,-38.75,91.75,3702.0,2014-03-08T00:24:29Z,2014-03-08T00:48:13Z,4000000000.0,3871.7,222.68,2014-03-08T01:07:50Z,2014-03-08T01:31:32Z,1,137.8,16.0,137.8,16.0,137.8,14.9,144.1,14.7,106.2,0.239,101.2,0.134,96.2,0.0754,91.2,0.0424,86.2,0.0239,81.2,0.0134,76.2,0.00754
3274,0.0005,-38.75,91.75,3702.0,2014-03-08T00:24:29Z,2014-03-08T00:48:13Z,4000000000.0,4269.1,253.72,2014-03-08T01:12:11Z,2014-03-08T01:36:08Z,0,138.2,16.0,138.2,16.0,138.2,14.9,144.5,14.7,105.8,0.219,100.8,0.123,95.8,0.0694,90.8,0.039,85.8,0.0219,80.8,0.0123,75.8,0.00694
3275,0.0005,-38.75,91.75,3702.0,2014-03-08T00:24:29Z,2014-03-08T00:48:13Z,4000000000.0,4267.1,253.73,2014-03-08T01:12:10Z,2014-03-08T01:36:06Z,0,138.2,16.0,138.2,16.0,138.2,14.9,144.5,14.7,105.8,0.219,100.8,0.123,95.8,0.0694,90.8,0.039,85.8,0.0219,80.8,0.0123,75.8,0.00694
H01W,5e-05,-38.75,92.25,3698.0,2014-03-08T00:39:14Z,2014-03-08T00:39:14Z,4000000000.0,2005.0,252.0,2014-03-08T01:01:38Z,2014-03-08T01:01:51Z,0,134.9,12.5,134.9,12.5,134.9,11.0,141.2,10.7,109.1,0.407,104.1,0.229,99.1,0.129,94.1,0.0724,89.1,0.0407,84.1,0.0229,79.1,0.0129
H08S,5e-05,-38.75,92.25,3698.0,2014-03-08T00:39:14Z,2014-03-08T00:39:14Z,4000000000.0,3945.4,153.02,2014-03-08T01:23:19Z,2014-03-08T01:23:44Z,0,139.4,12.2,139.4,10.7,139.5,11.0,142.2,10.7,105.6,0.221,100.6,0.124,95.6,0.0698,90.6,0.0393,85.6,0.0221,80.6,0.0124,75.6,0.00698
3315,5e-05,-38.75,92.25,3698.0,2014-03-08T00:39:14Z,2014-03-08T00:39:14Z,4000000000.0,2204.9,244.15,2014-03-08T01:03:52Z,2014-03-08T01:04:06Z,0,135.4,16.0,135.4,16.0,135.4,14.9,141.6,14.7,108.7,0.378,103.7,0.213,98.7,0.12,93.7,0.0672,88.7,0.0378,83.7,0.0213,78.7,0.012
3376,5e-05,-38.75,92.25,3698.0,2014-03-08T00:39:14Z,2014-03-08T00:39:14Z,4000000000.0,2207.2,244.09,2014-03-08T01:03:54Z,2014-03-08T01:04:08Z,0,135.4,16.0,135.4,16.0,135.4,14.9,141.6,14.7,108.7,0.378,103.7,0.212,98.7,0.119,93.7,0.0672,88.7,0.0378,83.7,0.0212,78.7,0.0119
3250,5e-05,-38.75,92.25,3698.0,2014-03-08T00:39:14Z,2014-03-08T00:39:14Z,4000000000.0,3826.1,222.55,2014-03-08T01:21:59Z,2014-03-08T01:22:23Z,1,137.8,16.0,137.8,16.0,137.8,14.9,144.0,14.7,106.3,0.241,101.3,0.135,96.3,0.0762,91.3,0.0428,86.3,0.0241,81.3,0.0135,76.3,0.00762
3274,5e-05,-38.75,92.25,3698.0,2014-03-08T00:39:14Z,2014-03-08T00:39:14Z,4000000000.0,4233.1,254.15,2014-03-08T01:26:32Z,2014-03-08T01:26:58Z,0,138.2,16.0,138.2,16.0,138.2,14.9,144.5,14.7,105.8,0.221,100.8,0.124,95.8,0.0699,90.8,0.0393,85.8,0.0221,80.8,0.0124,75.8,0.00699
3275,5e-05,-38.75,92.25,3698.0,2014-03-08T00:39:14Z,2014-03-08T00:39:14Z,4000000000.0,4231.1,254.17,2014-03-08T01:26:30Z,2014-03-08T01:26:57Z,0,138.2,16.0,138.2,16.0,138.2,14.9,144.5,14.7,105.8,0.221,100.8,0.124,95.8,0.0699,90.8,0.0393,85.8,0.0221,80.8,0.0124,75.8,0.00699
H01W,0.0003,-38.25,83.25,3505.0,2014-03-08T00:24:29Z,2014-03-08T00:44:14Z,4000000000.0,2779.6,252.95,2014-03-08T00:55:37Z,2014-03-08T01:15:31Z,0,136.4,12.5,136.4,12.5,136.4,11.0,142.6,10.7,107.7,0.314,102.7,0.177,97.7,0.0993,92.7,0.0559,87.7,0.0314,82.7,0.0177,77.7,0.00993
H08S,0.0003,-38.25,83.25,3505.0,2014-03-08T00:24:29Z,2014-03-08T00:44:14Z,4000000000.0,3564.0,163.9,2014-03-08T01:04:17Z,2014-03-08T01:24:17Z,0,138.9,12.2,138.9,10.7,139.0,11.0,141.7,10.7,106.1,0.241,101.1,0.135,96.1,0.0761,91.1,0.0428,86.1,0.0241,81.1,0.0135,76.1,0.00761
3315,0.0003,-38.25,83.25,3505.0,2014-03-08T00:24:29Z,2014-03-08T00:44:14Z,4000000000.0,2967.3,247.15,2014-03-08T00:57:44Z,2014-03-08T01:17:38Z,0,136.6,16.0,136.6,16.0,136.6,14.9,142.9,14.7,107.4,0.298,102.4,0.167,97.4,0.0942,92.4,0.053,87.4,0.0298,82.4,0.0167,77.4,0.00942
3376,0.0003,-38.25,83.25,3505.0,2014-03-08T00:24:29Z,2014-03-08T00:44:14Z,4000000000.0,2969.5,247.1,2014-03-08T00:57:46Z,2014-03-08T01:17:39Z,0,136.7,16.0,136.7,16.0,136.7,14.9,142.9,14.7,107.4,0.298,102.4,0.167,97.4,0.0941,92.4,0.0529,87.4,0.0298,82.4,0.0167,77.4,0.00941
3250,0.0003,-38.25,83.25,3505.0,2014-03-08T00:24:29Z,2014-03-08T00:44:14Z,4000000000.0,4492.1,228.34,2014-03-08T01:14:48Z,2014-03-08T01:34:49Z,1,138.4,16.0,138.4,16.0,138.4,14.9,144.7,14.7,105.6,0.21,100.6,0.118,95.6,0.0664,90.6,0.0373,85.6,0.021,80.6,0.0118,75.6,0.00664
3274,0.0003,-38.25,83.25,3505.0,2014-03-08T00:24:29Z,2014-03-08T00:44:14Z,4000000000.0,4982.2,251.17,2014-03-08T01:20:10Z,2014-03-08T01:40:22Z,0,138.9,16.0,138.9,16.0,138.9,14.9,145.2,14.7,105.1,0.192,100.1,0.108,95.1,0.0607,90.1,0.0341,85.1,0.0192,80.1,0.0108,75.1,0.00607
3275,0.0003,-38.25,83.25,3505.0,2014-03-08T00:24:29Z,2014-03-08T00:44:14Z,4000000000.0,4980.2,251.18,2014-03-08T01:20:09Z,2014-03-08T01:40:21Z,0,138.9,16.0,138.9,16.0,138.9,14.9,145.2,14.7,105.1,0.192,100.1,0.108,95.1,0.0607,90.1,0.0341,85.1,0.0192,80.1,0.0108,75.1,0.00607
H01W,0.001,-38.25,83.75,3629.0,2014-03-08T00:20:23Z,2014-03-08T00:54:41Z,4000000000.0,2727.5,253.33,2014-03-08T00:50:54Z,2014-03-08T01:25:20Z,0,136.3,12.5,136.3,12.5,136.3,11.0,142.6,10.7,107.8,0.319,102.8,0.179,97.8,0.101,92.8,0.0567,87.8,0.0319,82.8,0.0179,77.8,0.0101
H08S,0.001,-38.25,83.75,3629.0,2014-03-08T00:20:23Z,2014-03-08T00:54:41Z,4000000000.0,3570.8,163.04,2014-03-08T01:00:16Z,2014-03-08T01:35:10Z,0,138.9,12.2,138.9,10.7,139.0,11.0,141.7,10.7,106.1,0.24,101.1,0.135,96.1,0.076,91.1,0.0427,86.1,0.024,81.1,0.0135,76.1,0.0076
3315,0.001,-38.25,83.75,3629.0,2014-03-08T00:20:23Z,2014-03-08T00:54:41Z,4000000000.0,2915.3,247.38,2014-03-08T00:53:00Z,2014-03-08T01:27:29Z,0,136.6,16.0,136.6,16.0,136.6,14.9,142.9,14.7,107.5,0.302,102.5,0.17,97.5,0.0956,92.5,0.0537,87.5,0.0302,82.5,0.017,77.5,0.00956
3376,0.001,-38.25,83.75,3629.0,2014-03-08T00:20:23Z,2014-03-08T00:54:41Z,4000000000.0,2917.4,247.33,2014-03-08T00:53:01Z,2014-03-08T01:27:30Z,0,136.6,16.0,136.6,16.0,136.6,14.9,142.9,14.7,107.5,0.302,102.5,0.17,97.5,0.0955,92.5,0.0537,87.5,0.0302,82.5,0.017,77.5,0.00955
3250,0.001,-38.25,83.75,3629.0,2014-03-08T00:20:23Z,2014-03-08T00:54:41Z,4000000000.0,4442.5,228.2,2014-03-08T01:10:02Z,2014-03-08T01:44:47Z,1,138.4,16.0,138.4,16.0,138.4,14.9,144.7,14.7,105.6,0.212,100.6,0.119,95.6,0.067,90.6,0.0377,85.6,0.0212,80.6,0.0119,75.6,0.0067
3274,0.001,-38.25,83.75,3629.0,2014-03-08T00:20:23Z,2014-03-08T00:54:41Z,4000000000.0,4936.6,251.6,2014-03-08T01:15:34Z,2014-03-08T01:50:09Z,0,138.9,16.0,138.9,16.0,138.9,14.9,145.1,14.7,105.2,0.193,100.2,0.109,95.2,0.0612,90.2,0.0344,85.2,0.0193,80.2,0.0109,75.2,0.00612
3275,0.001,-38.25,83.75,3629.0,2014-03-08T00:20:23Z,2014-03-08T00:54:41Z,4000000000.0,4934.6,251.62,2014-03-08T01:15:32Z,2014-03-08T01:50:08Z,0,138.9,16.0,138.9,16.0,138.9,14.9,145.1,14.7,105.2,0.194,100.2,0.109,95.2,0.0612,90.2,0.0344,85.2,0.0194,80.2,0.0109,75.2,0.00612
H01W,0.0024,-38.25,84.25,3640.0,2014-03-08T00:20:12Z,2014-03-08T00:54:35Z,4000000000.0,2687.9,253.28,2014-03-08T00:50:10Z,2014-03-08T01:24:46Z,0,136.2,12.5,136.2,12.5,136.2,11.0,142.5,10.7,107.8,0.323,102.8,0.182,97.8,0.102,92.8,0.0574,87.8,0.0323,82.8,0.0182,77.8,0.0102
H08S,0.0024,-38.25,84.25,3640.0,2014-03-08T00:20:12Z,2014-03-08T00:54:35Z,4000000000.0,3590.0,162.5,2014-03-08T01:00:05Z,2014-03-08T01:35:19Z,0,139.0,12.2,139.0,10.7,139.0,11.0,141.8,10.7,106.0,0.239,101.0,0.135,96.0,0.0757,91.0,0.0425,86.0,0.0239,81.0,0.0135,76.0,0.00757
3315,0.0024,-38.25,84.25,3640.0,2014-03-08T00:20:12Z,2014-03-08T00:54:35Z,4000000000.0,2877.7,247.27,2014-03-08T00:52:15Z,2014-03-08T01:26:55Z,0,136.5,16.0,136.5,16.0,136.5,14.9,142.8,14.7,107.5,0.305,102.5,0.172,97.5,0.0966,92.5,0.0543,87.5,0.0305,82.5,0.0172,77.5,0.00966
3376,0.0024,-38.25,84.25,3640.0,2014-03-08T00:20:12Z,2014-03-08T00:54:35Z,4000000000.0,2879.8,247.23,2014-03-08T00:52:16Z,2014-03-08T01:26:56Z,0,136.5,16.0,136.5,16.0,136.5,14.9,142.8,14.7,107.5,0.305,102.5,0.172,97.5,0.0965,92.5,0.0543,87.5,0.0305,82.5,0.0172,77.5,0.00965
3250,0.0024,-38.25,84.25,3640.0,2014-03-08T00:20:12Z,2014-03-08T00:54:35Z,4000000000.0,4410.6,227.91,2014-03-08T01:09:17Z,2014-03-08T01:44:17Z,1,138.4,16.0,138.4,16.0,138.4,14.9,144.7,14.7,105.7,0.213,100.7,0.12,95.7,0.0675,90.7,0.0379,85.7,0.0213,80.7,0.012,75.7,0.00675
3274,0.0024,-38.25,84.25,3640.0,2014-03-08T00:20:12Z,2014-03-08T00:54:35Z,4000000000.0,4895.6,251.68,2014-03-08T01:14:54Z,2014-03-08T01:49:35Z,0,138.8,16.0,138.8,16.0,138.8,14.9,145.1,14.7,105.2,0.195,100.2,0.11,95.2,0.0616,90.2,0.0347,85.2,0.0195,80.2,0.011,75.2,0.00616
3275,0.0024,-38.25,84.25,3640.0,2014-03-08T00:20:12Z,2014-03-08T00:54:35Z,4000000000.0,4893.6,251.69,2014-03-08T01:14:52Z,2014-03-08T01:49:34Z,0,138.8,16.0,138.8,16.0,138.8,14.9,145.1,14.7,105.2,0.195,100.2,0.11,95.2,0.0616,90.2,0.0347,85.2,0.0195,80.2,0.011,75.2,0.00616
H01W,0.00255,-38.25,84.75,3714.0,2014-03-08T00:19:37Z,2014-03-08T00:53:50Z,4000000000.0,2641.6,253.35,2014-03-08T00:49:07Z,2014-03-08T01:23:28Z,0,136.1,12.5,136.1,12.5,136.1,11.0,142.4,10.7,107.9,0.327,102.9,0.184,97.9,0.104,92.9,0.0582,87.9,0.0327,82.9,0.0184,77.9,0.0104
H08S,0.00255,-38.25,84.75,3714.0,2014-03-08T00:19:37Z,2014-03-08T00:53:50Z,4000000000.0,3608.1,161.79,2014-03-08T01:00:02Z,2014-03-08T01:34:26Z,0,139.0,12.2,139.0,10.7,139.1,11.0,141.8,10.7,106.0,0.238,101.0,0.134,96.0,0.0753,91.0,0.0424,86.0,0.0238,81.0,0.0134,76.0,0.00753
3315,0.00255,-38.25,84.75,3714.0,2014-03-08T00:19:37Z,2014-03-08T00:53:50Z,4000000000.0,2831.1,247.2,2014-03-08T00:51:15Z,2014-03-08T01:25:35Z,0,136.4,16.0,136.4,16.0,136.4,14.9,142.7,14.7,107.6,0.31,102.6,0.174,97.6,0.0979,92.6,0.055,87.6,0.031,82.6,0.0174,77.6,0.00979
3376,0.00255,-38.25,84.75,3714.0,2014-03-08T00:19:37Z,2014-03-08T00:53:50Z,4000000000.0,2833.3,247.15,2014-03-08T00:51:16Z,2014-03-08T01:25:36Z,0,136.4,16.0,136.4,16.0,136.4,14.9,142.7,14.7,107.6,0.309,102.6,0.174,97.6,0.0978,92.6,0.055,87.6,0.0309,82.6,0.0174,77.6,0.00978
3250,0.00255,-38.25,84.75,3714.0,2014-03-08T00:19:37Z,2014-03-08T00:53:50Z,4000000000.0,4370.2,227.63,2014-03-08T01:08:27Z,2014-03-08T01:42:52Z,1,138.3,16.0,138.3,16.0,138.3,14.9,144.6,14.7,105.7,0.215,100.7,0.121,95.7,0.068,90.7,0.0382,85.7,0.0215,80.7,0.0121,75.7,0.0068
3274,0.00255,-38.25,84.75,3714.0,2014-03-08T00:19:37Z,2014-03-08T00:53:50Z,4000000000.0,4852.8,251.96,2014-03-08T01:13:46Z,2014-03-08T01:48:26Z,0,138.8,16.0,138.8,16.0,138.8,14.9,145.1,14.7,105.3,0.196,100.3,0.11,95.3,0.0621,90.3,0.0349,85.3,0.0196,80.3,0.011,75.3,0.00621
3275,0.00255,-38.25,84.75,3714.0,2014-03-08T00:19:37Z,2014-03-08T00:53:50Z,4000000000.0,4850.8,251.98,2014-03-08T01:13:45Z,2014-03-08T01:48:25Z,0,138.8,16.0,138.8,16.0,138.8,14.9,145.1,14.7,105.3,0.196,100.3,0.11,95.3,0.0621,90.3,0.0349,85.3,0.0196,80.3,0.011,75.3,0.00621
H01W,0.0047,-38.25,85.25,3693.0,2014-03-08T00:19:40Z,2014-03-08T00:54:51Z,4000000000.0,2600.2,253.06,2014-03-08T00:48:36Z,2014-03-08T01:24:06Z,0,136.1,12.5,136.1,12.5,136.1,11.0,142.4,10.7,108.0,0.332,103.0,0.186,98.0,0.105,93.0,0.059,88.0,0.0332,83.0,0.0186,78.0,0.0105
H08S,0.0047,-38.25,85.25,3693.0,2014-03-08T00:19:40Z,2014-03-08T00:54:51Z,4000000000.0,3633.0,161.17,2014-03-08T01:00:19Z,2014-03-08T01:35:45Z,1,139.0,12.2,139.0,10.7,139.1,11.0,141.8,10.7,106.0,0.237,101.0,0.133,96.0,0.0749,91.0,0.0421,86.0,0.0237,81.0,0.0133,76.0,0.00749
3315,0.0047,-38.25,85.25,3693.0,2014-03-08T00:19:40Z,2014-03-08T00:54:51Z,4000000000.0,2789.5,246.85,2014-03-08T00:50:44Z,2014-03-08T01:26:13Z,0,136.4,16.0,136.4,16.0,136.4,14.9,142.7,14.7,107.7,0.313,102.7,0.176,97.7,0.0991,92.7,0.0557,87.7,0.0313,82.7,0.0176,77.7,0.00991
3376,0.0047,-38.25,85.25,3693.0,2014-03-08T00:19:40Z,2014-03-08T00:54:51Z,4000000000.0,2791.7,246.8,2014-03-08T00:50:45Z,2014-03-08T01:26:14Z,0,136.4,16.0,136.4,16.0,136.4,14.9,142.7,14.7,107.7,0.313,102.7,0.176,97.7,0.099,92.7,0.0557,87.7,0.0313,82.7,0.0176,77.7,0.0099
3250,0.0047,-38.25,85.25,3693.0,2014-03-08T00:19:40Z,2014-03-08T00:54:51Z,4000000000.0,4332.9,227.26,2014-03-08T01:08:00Z,2014-03-08T01:43:35Z,1,138.3,16.0,138.3,16.0,138.3,14.9,144.6,14.7,105.7,0.217,100.7,0.122,95.7,0.0685,90.7,0.0385,85.7,0.0217,80.7,0.0122,75.7,0.00685
3274,0.0047,-38.25,85.25,3693.0,2014-03-08T00:19:40Z,2014-03-08T00:54:51Z,4000000000.0,4812.4,251.98,2014-03-08T01:13:16Z,2014-03-08T01:49:07Z,0,138.7,16.0,138.7,16.0,138.7,14.9,145.0,14.7,105.3,0.198,100.3,0.111,95.3,0.0625,90.3,0.0352,85.3,0.0198,80.3,0.0111,75.3,0.00625
3275,0.0047,-38.25,85.25,3693.0,2014-03-08T00:19:40Z,2014-03-08T00:54:51Z,4000000000.0,4810.4,251.99,2014-03-08T01:13:15Z,2014-03-08T01:49:06Z,0,138.7,16.0,138.7,16.0,138.7,14.9,145.0,14.7,105.3,0.198,100.3,0.111,95.3,0.0626,90.3,0.0352,85.3,0.0198,80.3,0.0111,75.3,0.00626
H01W,0.00715,-38.25,85.75,3625.0,2014-03-08T00:19:42Z,2014-03-08T00:54:37Z,4000000000.0,2556.6,253.3,2014-03-08T00:48:29Z,2014-03-08T01:23:21Z,0,136.0,12.5,136.0,12.5,136.0,11.0,142.3,10.7,108.0,0.336,103.0,0.189,98.0,0.106,93.0,0.0598,88.0,0.0336,83.0,0.0189,78.0,0.0106
H08S,0.00715,-38.25,85.75,3625.0,2014-03-08T00:19:42Z,2014-03-08T00:54:37Z,4000000000.0,3643.2,160.49,2014-03-08T01:00:18Z,2014-03-08T01:35:49Z,0,139.0,12.2,139.0,10.7,139.1,11.0,141.8,10.7,106.0,0.236,101.0,0.133,96.0,0.0747,91.0,0.042,86.0,0.0236,81.0,0.0133,76.0,0.00747
3315,0.00715,-38.25,85.75,3625.0,2014-03-08T00:19:42Z,2014-03-08T00:54:37Z,4000000000.0,2747.0,246.94,2014-03-08T00:50:36Z,2014-03-08T01:25:30Z,0,136.3,16.0,136.3,16.0,136.3,14.9,142.6,14.7,107.7,0.317,102.7,0.178,97.7,0.1,92.7,0.0564,87.7,0.0317,82.7,0.0178,77.7,0.01
3376,0.00715,-38.25,85.75,3625.0,2014-03-08T00:19:42Z,2014-03-08T00:54:37Z,4000000000.0,2749.2,246.9,2014-03-08T00:50:37Z,2014-03-08T01:25:31Z,0,136.3,16.0,136.3,16.0,136.3,14.9,142.6,14.7,107.7,0.317,102.7,0.178,97.7,0.1,92.7,0.0564,87.7,0.0317,82.7,0.0178,77.7,0.01
3250,0.00715,-38.25,85.75,3625.0,2014-03-08T00:19:42Z,2014-03-08T00:54:37Z,4000000000.0,4292.7,227.1,2014-03-08T01:07:50Z,2014-03-08T01:42:57Z,1,138.3,16.0,138.3,16.0,138.3,14.9,144.5,14.7,105.8,0.218,100.8,0.123,95.8,0.0691,90.8,0.0388,85.8,0.0218,80.8,0.0123,75.8,0.00691
3274,0.00715,-38.25,85.75,3625.0,2014-03-08T00:19:42Z,2014-03-08T00:54:37Z,4000000000.0,4769.6,252.26,2014-03-08T01:13:12Z,2014-03-08T01:48:20Z,0,138.7,16.0,138.7,16.0,138.7,14.9,145.0,14.7,105.3,0.199,100.3,0.112,95.3,0.063,90.3,0.0354,85.3,0.0199,80.3,0.0112,75.3,0.0063
3275,0.00715,-38.25,85.75,3625.0,2014-03-08T00:19:42Z,2014-03-08T00:54:37Z,4000000000.0,4767.6,252.28,2014-03-08T01:13:10Z,2014-03-08T01:48:18Z,0,138.7,16.0,138.7,16.0,138.7,14.9,145.0,14.7,105.3,0.199,100.3,0.112,95.3,0.0631,90.3,0.0355,85.3,0.0199,80.3,0.0112,75.3,0.00631
H01W,0.00815,-38.25,86.25,3641.0,2014-03-08T00:20:06Z,2014-03-08T00:54:24Z,4000000000.0,2511.4,253.29,2014-03-08T00:48:18Z,2014-03-08T01:22:51Z,0,135.9,12.5,135.9,12.5,135.9,11.0,142.2,10.7,108.1,0.341,103.1,0.192,98.1,0.108,93.1,0.0606,88.1,0.0341,83.1,0.0192,78.1,0.0108
H08S,0.00815,-38.25,86.25,3641.0,2014-03-08T00:20:06Z,2014-03-08T00:54:24Z,4000000000.0,3664.5,159.8,2014-03-08T01:00:43Z,2014-03-08T01:35:40Z,0,139.1,12.2,139.1,10.7,139.1,11.0,141.8,10.7,105.9,0.235,100.9,0.132,95.9,0.0744,90.9,0.0418,85.9,0.0235,80.9,0.0132,75.9,0.00744
3315,0.00815,-38.25,86.25,3641.0,2014-03-08T00:20:06Z,2014-03-08T00:54:24Z,4000000000.0,2702.0,246.84,2014-03-08T00:50:23Z,2014-03-08T01:24:58Z,0,136.2,16.0,136.2,16.0,136.2,14.9,142.5,14.7,107.8,0.321,102.8,0.181,97.8,0.102,92.8,0.0572,87.8,0.0321,82.8,0.0181,77.8,0.0102
3376,0.00815,-38.25,86.25,3641.0,2014-03-08T00:20:06Z,2014-03-08T00:54:24Z,4000000000.0,2704.2,246.8,2014-03-08T00:50:25Z,2014-03-08T01:24:59Z,0,136.2,16.0,136.2,16.0,136.2,14.9,142.5,14.7,107.8,0.321,102.8,0.181,97.8,0.102,92.8,0.0571,87.8,0.0321,82.8,0.0181,77.8,0.0102
3250,0.00815,-38.25,86.25,3641.0,2014-03-08T00:20:06Z,2014-03-08T00:54:24Z,4000000000.0,4251.2,226.78,2014-03-08T01:07:36Z,2014-03-08T01:42:20Z,1,138.2,16.0,138.2,16.0,138.2,14.9,144.5,14.7,105.8,0.22,100.8,0.124,95.8,0.0696,90.8,0.0392,85.8,0.022,80.8,0.0124,75.8,0.00696
3274,0.00815,-38.25,86.25,3641.0,2014-03-08T00:20:06Z,2014-03-08T00:54:24Z,4000000000.0,4729.7,252.47,2014-03-08T01:13:08Z,2014-03-08T01:47:55Z,0,138.7,16.0,138.7,16.0,138.7,14.9,145.0,14.7,105.4,0.201,100.4,0.113,95.4,0.0635,90.4,0.0357,85.4,0.0201,80.4,0.0113,75.4,0.00635
3275,0.00815,-38.25,86.25,3641.0,2014-03-08T00:20:06Z,2014-03-08T00:54:24Z,4000000000.0,4727.7,252.49,2014-03-08T01:13:06Z,2014-03-08T01:47:54Z,0,138.7,16.0,138.7,16.0,138.7,14.9,145.0,14.7,105.4,0.201,100.4,0.113,95.4,0.0635,90.4,0.0357,85.4,0.0201,80.4,0.0113,75.4,0.00635
H01W,0.01265,-38.25,86.75,3626.0,2014-03-08T00:19:38Z,2014-03-08T00:54:55Z,4000000000.0,2468.6,253.19,2014-03-08T00:47:00Z,2014-03-08T01:22:38Z,0,135.8,12.5,135.8,12.5,135.8,11.0,142.1,10.7,108.2,0.346,103.2,0.194,98.2,0.109,93.2,0.0615,88.2,0.0346,83.2,0.0194,78.2,0.0109
H08S,0.01265,-38.25,86.75,3626.0,2014-03-08T00:19:38Z,2014-03-08T00:54:55Z,4000000000.0,3684.9,159.19,2014-03-08T01:00:36Z,2014-03-08T01:36:41Z,0,139.1,12.2,139.1,10.7,139.2,11.0,141.9,10.7,105.9,0.234,100.9,0.132,95.9,0.074,90.9,0.0416,85.9,0.0234,80.9,0.0132,75.9,0.0074
3315,0.01265,-38.25,86.75,3626.0,2014-03-08T00:19:38Z,2014-03-08T00:54:55Z,4000000000.0,2659.3,246.63,2014-03-08T00:49:08Z,2014-03-08T01:24:49Z,0,136.2,16.0,136.2,16.0,136.2,14.9,142.5,14.7,107.9,0.326,102.9,0.183,97.9,0.103,92.9,0.0579,87.9,0.0326,82.9,0.0183,77.9,0.0103
3376,0.01265,-38.25,86.75,3626.0,2014-03-08T00:19:38Z,2014-03-08T00:54:55Z,4000000000.0,2661.5,246.58,2014-03-08T00:49:10Z,2014-03-08T01:24:50Z,0,136.2,16.0,136.2,16.0,136.2,14.9,142.5,14.7,107.9,0.325,102.9,0.183,97.9,0.103,92.9,0.0579,87.9,0.0325,82.9,0.0183,77.9,0.0103
3250,0.01265,-38.25,86.75,3626.0,2014-03-08T00:19:38Z,2014-03-08T00:54:55Z,4000000000.0,4214.8,226.48,2014-03-08T01:06:34Z,2014-03-08T01:42:25Z,1,138.2,16.0,138.2,16.0,138.2,14.9,144.5,14.7,105.9,0.222,100.9,0.125,95.9,0.0701,90.9,0.0394,85.9,0.0222,80.9,0.0125,75.9,0.00701
3274,0.01265,-38.25,86.75,3626.0,2014-03-08T00:19:38Z,2014-03-08T00:54:55Z,4000000000.0,4685.4,252.58,2014-03-08T01:11:45Z,2014-03-08T01:47:35Z,0,138.6,16.0,138.6,16.0,138.6,14.9,144.9,14.7,105.4,0.202,100.4,0.114,95.4,0.064,90.4,0.036,85.4,0.0202,80.4,0.0114,75.4,0.0064
3275,0.01265,-38.25,86.75,3626.0,2014-03-08T00:19:38Z,2014-03-08T00:54:55Z,4000000000.0,4683.4,252.59,2014-03-08T01:11:43Z,2014-03-08T01:47:34Z,0,138.6,16.0,138.6,16.0,138.6,14.9,144.9,14.7,105.4,0.203,100.4,0.114,95.4,0.064,90.4,0.036,85.4,0.0203,80.4,0.0114,75.4,0.0064
H01W,0.0179,-38.25,87.25,3644.0,2014-03-08T00:19:38Z,2014-03-08T00:54:56Z,4000000000.0,2424.8,253.2,2014-03-08T00:46:39Z,2014-03-08T01:22:21Z,0,135.8,12.5,135.8,12.5,135.8,11.0,142.1,10.7,108.3,0.351,103.3,0.197,98.3,0.111,93.3,0.0624,88.3,0.0351,83.3,0.0197,78.3,0.0111
H08S,0.0179,-38.25,87.25,3644.0,2014-03-08T00:19:38Z,2014-03-08T00:54:56Z,4000000000.0,3704.9,158.54,2014-03-08T01:00:55Z,2014-03-08T01:36:58Z,1,139.1,12.2,139.1,10.7,139.2,11.0,141.9,10.7,105.9,0.233,100.9,0.131,95.9,0.0737,90.9,0.0414,85.9,0.0233,80.9,0.0131,75.9,0.00737
3315,0.0179,-38.25,87.25,3644.0,2014-03-08T00:19:38Z,2014-03-08T00:54:56Z,4000000000.0,2615.3,246.54,2014-03-08T00:48:48Z,2014-03-08T01:24:31Z,0,136.1,16.0,136.1,16.0,136.1,14.9,142.4,14.7,107.9,0.33,102.9,0.186,97.9,0.104,92.9,0.0587,87.9,0.033,82.9,0.0186,77.9,0.0104
3376,0.0179,-38.25,87.25,3644.0,2014-03-08T00:19:38Z,2014-03-08T00:54:56Z,4000000000.0,2617.5,246.49,2014-03-08T00:48:50Z,2014-03-08T01:24:32Z,0,136.1,16.0,136.1,16.0,136.1,14.9,142.4,14.7,107.9,0.33,102.9,0.185,97.9,0.104,92.9,0.0587,87.9,0.033,82.9,0.0185,77.9,0.0104
3250,0.0179,-38.25,87.25,3644.0,2014-03-08T00:19:38Z,2014-03-08T00:54:56Z,4000000000.0,4175.4,226.18,2014-03-08T01:06:11Z,2014-03-08T01:42:04Z,1,138.1,16.0,138.1,16.0,138.1,14.9,144.4,14.7,105.9,0.224,100.9,0.126,95.9,0.0707,90.9,0.0398,85.9,0.0224,80.9,0.0126,75.9,0.00707
3274,0.0179,-38.25,87.25,3644.0,2014-03-08T00:19:38Z,2014-03-08T00:54:56Z,4000000000.0,4642.9,252.75,2014-03-08T01:11:21Z,2014-03-08T01:47:22Z,0,138.6,16.0,138.6,16.0,138.6,14.9,144.9,14.7,105.4,0.204,100.4,0.115,95.4,0.0645,90.4,0.0363,85.4,0.0204,80.4,0.0115,75.4,0.00645
3275,0.0179,-38.25,87.25,3644.0,2014-03-08T00:19:38Z,2014-03-08T00:54:56Z,4000000000.0,4640.9,252.76,2014-03-08T01:11:20Z,2014-03-08T01:47:21Z,0,138.6,16.0,138.6,16.0,138.6,14.9,144.9,14.7,105.4,0.204,100.4,0.115,95.4,0.0646,90.4,0.0363,85.4,0.0204,80.4,0.0115,75.4,0.00646
H01W,0.02475,-38.25,87.75,3611.0,2014-03-08T00:19:40Z,2014-03-08T00:54:57Z,4000000000.0,2380.7,253.22,2014-03-08T00:46:11Z,2014-03-08T01:22:03Z,0,135.7,12.5,135.7,12.5,135.7,11.0,142.0,10.7,108.3,0.356,103.3,0.2,98.3,0.113,93.3,0.0633,88.3,0.0356,83.3,0.02,78.3,0.0113
H08S,0.02475,-38.25,87.75,3611.0,2014-03-08T00:19:40Z,2014-03-08T00:54:57Z,4000000000.0,3723.5,157.89,2014-03-08T01:01:04Z,2014-03-08T01:37:03Z,1,139.1,12.2,139.1,10.7,139.2,11.0,141.9,10.7,105.9,0.232,100.9,0.13,95.9,0.0734,90.9,0.0413,85.9,0.0232,80.9,0.013,75.9,0.00734
3315,0.02475,-38.25,87.75,3611.0,2014-03-08T00:19:40Z,2014-03-08T00:54:57Z,4000000000.0,2572.2,246.42,2014-03-08T00:48:18Z,2014-03-08T01:24:14Z,0,136.0,16.0,136.0,16.0,136.0,14.9,142.3,14.7,108.0,0.334,103.0,0.188,98.0,0.106,93.0,0.0595,88.0,0.0334,83.0,0.0188,78.0,0.0106
3376,0.02475,-38.25,87.75,3611.0,2014-03-08T00:19:40Z,2014-03-08T00:54:57Z,4000000000.0,2574.4,246.37,2014-03-08T00:48:19Z,2014-03-08T01:24:15Z,0,136.0,16.0,136.0,16.0,136.0,14.9,142.3,14.7,108.0,0.334,103.0,0.188,98.0,0.106,93.0,0.0594,88.0,0.0334,83.0,0.0188,78.0,0.0106
3250,0.02475,-38.25,87.75,3611.0,2014-03-08T00:19:40Z,2014-03-08T00:54:57Z,4000000000.0,4135.5,225.9,2014-03-08T01:05:41Z,2014-03-08T01:41:55Z,1,138.1,16.0,138.1,16.0,138.1,14.9,144.4,14.7,105.9,0.225,100.9,0.127,95.9,0.0713,90.9,0.0401,85.9,0.0225,80.9,0.0127,75.9,0.00713
3274,0.02475,-38.25,87.75,3611.0,2014-03-08T00:19:40Z,2014-03-08T00:54:57Z,4000000000.0,4602.4,252.98,2014-03-08T01:11:06Z,2014-03-08T01:47:00Z,0,138.6,16.0,138.6,16.0,138.6,14.9,144.8,14.7,105.5,0.206,100.5,0.116,95.5,0.065,90.5,0.0366,85.5,0.0206,80.5,0.0116,75.5,0.0065
3275,0.02475,-38.25,87.75,3611.0,2014-03-08T00:19:40Z,2014-03-08T00:54:57Z,4000000000.0,4600.4,252.99,2014-03-08T01:11:04Z,2014-03-08T01:46:59Z,0,138.6,16.0,138.6,16.0,138.6,14.9,144.8,14.7,105.5,0.206,100.5,0.116,95.5,0.065,90.5,0.0366,85.5,0.0206,80.5,0.0116,75.5,0.0065
H01W,0.02625,-38.25,88.25,3542.0,2014-03-08T00:19:38Z,2014-03-08T00:54:53Z,4000000000.0,2341.5,253.36,2014-03-08T00:45:44Z,2014-03-08T01:21:20Z,0,135.6,12.5,135.6,12.5,135.6,11.0,141.9,10.7,108.4,0.361,103.4,0.203,98.4,0.114,93.4,0.0641,88.4,0.0361,83.4,0.0203,78.4,0.0114
H08S,0.02625,-38.25,88.25,3542.0,2014-03-08T00:19:38Z,2014-03-08T00:54:53Z,4000000000.0,3736.8,157.3,2014-03-08T01:01:11Z,2014-03-08T01:37:04Z,0,139.1,12.2,139.1,10.7,139.2,11.0,141.9,10.7,105.9,0.231,100.9,0.13,95.9,0.0731,90.9,0.0411,85.9,0.0231,80.9,0.013,75.9,0.00731
3315,0.02625,-38.25,88.25,3542.0,2014-03-08T00:19:38Z,2014-03-08T00:54:53Z,4000000000.0,2532.1,246.45,2014-03-08T00:47:51Z,2014-03-08T01:23:29Z,0,136.0,16.0,136.0,16.0,136.0,14.9,142.2,14.7,108.1,0.339,103.1,0.19,98.1,0.107,93.1,0.0602,88.1,0.0339,83.1,0.019,78.1,0.0107
3376,0.02625,-38.25,88.25,3542.0,2014-03-08T00:19:38Z,2014-03-08T00:54:53Z,4000000000.0,2534.3,246.4,2014-03-08T00:47:52Z,2014-03-08T01:23:31Z,0,136.0,16.0,136.0,16.0,136.0,14.9,142.2,14.7,108.1,0.338,103.1,0.19,98.1,0.107,93.1,0.0602,88.1,0.0338,83.1,0.019,78.1,0.0107
3250,0.02625,-38.25,88.25,3542.0,2014-03-08T00:19:38Z,2014-03-08T00:54:53Z,4000000000.0,4099.0,225.71,2014-03-08T01:05:17Z,2014-03-08T01:41:10Z,1,138.1,16.0,138.1,16.0,138.1,14.9,144.3,14.7,106.0,0.227,101.0,0.128,96.0,0.0718,91.0,0.0404,86.0,0.0227,81.0,0.0128,76.0,0.00718
3274,0.02625,-38.25,88.25,3542.0,2014-03-08T00:19:38Z,2014-03-08T00:54:53Z,4000000000.0,4566.6,253.22,2014-03-08T01:10:39Z,2014-03-08T01:46:25Z,0,138.5,16.0,138.5,16.0,138.5,14.9,144.8,14.7,105.5,0.207,100.5,0.116,95.5,0.0655,90.5,0.0368,85.5,0.0207,80.5,0.0116,75.5,0.00655
3275,0.02625,-38.25,88.25,3542.0,2014-03-08T00:19:38Z,2014-03-08T00:54:53Z,4000000000.0,4564.6,253.23,2014-03-08T01:10:38Z,2014-03-08T01:46:23Z,0,138.5,16.0,138.5,16.0,138.5,14.9,144.8,14.7,105.5,0.207,100.5,0.116,95.5,0.0655,90.5,0.0368,85.5,0.0207,80.5,0.0116,75.5,0.00655
H01W,0.0147,-38.25,88.75,3521.0,2014-03-08T00:19:51Z,2014-03-08T00:55:00Z,4000000000.0,2297.4,253.31,2014-03-08T00:45:19Z,2014-03-08T01:21:00Z,0,135.5,12.5,135.5,12.5,135.5,11.0,141.8,10.7,108.5,0.366,103.5,0.206,98.5,0.116,93.5,0.0651,88.5,0.0366,83.5,0.0206,78.5,0.0116
H08S,0.0147,-38.25,88.75,3521.0,2014-03-08T00:19:51Z,2014-03-08T00:55:00Z,4000000000.0,3759.8,156.68,2014-03-08T01:01:47Z,2014-03-08T01:37:38Z,0,139.2,12.2,139.2,10.7,139.2,11.0,142.0,10.7,105.8,0.23,100.8,0.129,95.8,0.0728,90.8,0.0409,85.8,0.023,80.8,0.0129,75.8,0.00728
3315,0.0147,-38.25,88.75,3521.0,2014-03-08T00:19:51Z,2014-03-08T00:55:00Z,4000000000.0,2488.6,246.28,2014-03-08T00:47:26Z,2014-03-08T01:23:12Z,0,135.9,16.0,135.9,16.0,135.9,14.9,142.2,14.7,108.2,0.343,103.2,0.193,98.2,0.109,93.2,0.0611,88.2,0.0343,83.2,0.0193,78.2,0.0109
3376,0.0147,-38.25,88.75,3521.0,2014-03-08T00:19:51Z,2014-03-08T00:55:00Z,4000000000.0,2490.9,246.23,2014-03-08T00:47:27Z,2014-03-08T01:23:13Z,0,135.9,16.0,135.9,16.0,135.9,14.9,142.2,14.7,108.1,0.343,103.1,0.193,98.1,0.109,93.1,0.061,88.1,0.0343,83.1,0.0193,78.1,0.0109
3250,0.0147,-38.25,88.75,3521.0,2014-03-08T00:19:51Z,2014-03-08T00:55:00Z,4000000000.0,4060.8,225.36,2014-03-08T01:04:56Z,2014-03-08T01:41:01Z,1,138.0,16.0,138.0,16.0,138.0,14.9,144.3,14.7,106.0,0.229,101.0,0.129,96.0,0.0724,91.0,0.0407,86.0,0.0229,81.0,0.0129,76.0,0.00724
3274,0.0147,-38.25,88.75,3521.0,2014-03-08T00:19:51Z,2014-03-08T00:55:00Z,4000000000.0,4523.6,253.39,2014-03-08T01:10:16Z,2014-03-08T01:46:01Z,0,138.5,16.0,138.5,16.0,138.5,14.9,144.8,14.7,105.6,0.209,100.6,0.117,95.6,0.066,90.6,0.0371,85.6,0.0209,80.6,0.0117,75.6,0.0066
3275,0.0147,-38.25,88.75,3521.0,2014-03-08T00:19:51Z,2014-03-08T00:55:00Z,4000000000.0,4521.6,253.4,2014-03-08T01:10:14Z,2014-03-08T01:45:59Z,0,138.5,16.0,138.5,16.0,138.5,14.9,144.8,14.7,105.6,0.209,100.6,0.117,95.6,0.066,90.6,0.0371,85.6,0.0209,80.6,0.0117,75.6,0.0066
H01W,0.01145,-38.25,89.25,3692.0,2014-03-08T00:19:52Z,2014-03-08T00:54:45Z,4000000000.0,2252.9,253.23,2014-03-08T00:45:01Z,2014-03-08T01:20:18Z,0,135.5,12.5,135.5,12.5,135.5,11.0,141.7,10.7,108.6,0.372,103.6,0.209,98.6,0.118,93.6,0.0661,88.6,0.0372,83.6,0.0209,78.6,0.0118
H08S,0.01145,-38.25,89.25,3692.0,2014-03-08T00:19:52Z,2014-03-08T00:54:45Z,4000000000.0,3785.4,156.07,2014-03-08T01:02:16Z,2014-03-08T01:37:29Z,0,139.2,12.2,139.2,10.7,139.3,11.0,142.0,10.7,105.8,0.229,100.8,0.129,95.8,0.0723,90.8,0.0407,85.8,0.0229,80.8,0.0129,75.8,0.00723
3315,0.01145,-38.25,89.25,3692.0,2014-03-08T00:19:52Z,2014-03-08T00:54:45Z,4000000000.0,2444.9,246.07,2014-03-08T00:47:11Z,2014-03-08T01:22:29Z,0,135.8,16.0,135.8,16.0,135.8,14.9,142.1,14.7,108.2,0.348,103.2,0.196,98.2,0.11,93.2,0.0619,88.2,0.0348,83.2,0.0196,78.2,0.011
3376,0.01145,-38.25,89.25,3692.0,2014-03-08T00:19:52Z,2014-03-08T00:54:45Z,4000000000.0,2447.1,246.02,2014-03-08T00:47:12Z,2014-03-08T01:22:31Z,0,135.8,16.0,135.8,16.0,135.8,14.9,142.1,14.7,108.2,0.348,103.2,0.196,98.2,0.11,93.2,0.0619,88.2,0.0348,83.2,0.0196,78.2,0.011
3250,0.01145,-38.25,89.25,3692.0,2014-03-08T00:19:52Z,2014-03-08T00:54:45Z,4000000000.0,4022.7,224.98,2014-03-08T01:04:52Z,2014-03-08T01:40:18Z,1,138.0,16.0,138.0,16.0,138.0,14.9,144.3,14.7,106.1,0.231,101.1,0.13,96.1,0.073,91.1,0.0411,86.1,0.0231,81.1,0.013,76.1,0.0073
3274,0.01145,-38.25,89.25,3692.0,2014-03-08T00:19:52Z,2014-03-08T00:54:45Z,4000000000.0,4480.3,253.56,2014-03-08T01:09:50Z,2014-03-08T01:45:23Z,0,138.4,16.0,138.4,16.0,138.4,14.9,144.7,14.7,105.6,0.21,100.6,0.118,95.6,0.0666,90.6,0.0374,85.6,0.021,80.6,0.0118,75.6,0.00666
3275,0.01145,-38.25,89.25,3692.0,2014-03-08T00:19:52Z,2014-03-08T00:54:45Z,4000000000.0,4478.3,253.57,2014-03-08T01:09:49Z,2014-03-08T01:45:22Z,0,138.4,16.0,138.4,16.0,138.4,14.9,144.7,14.7,105.6,0.211,100.6,0.118,95.6,0.0666,90.6,0.0374,85.6,0.0211,80.6,0.0118,75.6,0.00666
H01W,0.0079,-38.25,89.75,3602.0,2014-03-08T00:19:54Z,2014-03-08T00:54:58Z,4000000000.0,2209.8,253.17,2014-03-08T00:44:47Z,2014-03-08T01:20:05Z,0,135.4,12.5,135.4,12.5,135.4,11.0,141.7,10.7,108.7,0.377,103.7,0.212,98.7,0.119,93.7,0.0671,88.7,0.0377,83.7,0.0212,78.7,0.0119
H08S,0.0079,-38.25,89.75,3602.0,2014-03-08T00:19:54Z,2014-03-08T00:54:58Z,4000000000.0,3806.0,155.48,2014-03-08T01:02:23Z,2014-03-08T01:37:58Z,0,139.2,12.2,139.2,10.7,139.3,11.0,142.0,10.7,105.8,0.228,100.8,0.128,95.8,0.072,90.8,0.0405,85.8,0.0228,80.8,0.0128,75.8,0.0072
3315,0.0079,-38.25,89.75,3602.0,2014-03-08T00:19:54Z,2014-03-08T00:54:58Z,4000000000.0,2402.9,245.9,2014-03-08T00:46:56Z,2014-03-08T01:22:17Z,0,135.7,16.0,135.7,16.0,135.7,14.9,142.0,14.7,108.3,0.353,103.3,0.199,98.3,0.112,93.3,0.0628,88.3,0.0353,83.3,0.0199,78.3,0.0112
3376,0.0079,-38.25,89.75,3602.0,2014-03-08T00:19:54Z,2014-03-08T00:54:58Z,4000000000.0,2405.1,245.85,2014-03-08T00:46:57Z,2014-03-08T01:22:18Z,0,135.7,16.0,135.7,16.0,135.7,14.9,142.0,14.7,108.3,0.353,103.3,0.198,98.3,0.112,93.3,0.0628,88.3,0.0353,83.3,0.0198,78.3,0.0112
3250,0.0079,-38.25,89.75,3602.0,2014-03-08T00:19:54Z,2014-03-08T00:54:58Z,4000000000.0,3985.7,224.68,2014-03-08T01:04:33Z,2014-03-08T01:40:11Z,1,137.9,16.0,137.9,16.0,137.9,14.9,144.2,14.7,106.1,0.233,101.1,0.131,96.1,0.0736,91.1,0.0414,86.1,0.0233,81.1,0.0131,76.1,0.00736
3274,0.0079,-38.25,89.75,3602.0,2014-03-08T00:19:54Z,2014-03-08T00:54:58Z,4000000000.0,4439.5,253.72,2014-03-08T01:09:40Z,2014-03-08T01:45:09Z,0,138.4,16.0,138.4,16.0,138.4,14.9,144.7,14.7,105.6,0.212,100.6,0.119,95.6,0.0671,90.6,0.0377,85.6,0.0212,80.6,0.0119,75.6,0.00671
3275,0.0079,-38.25,89.75,3602.0,2014-03-08T00:19:54Z,2014-03-08T00:54:58Z,4000000000.0,4437.5,253.74,2014-03-08T01:09:38Z,2014-03-08T01:45:08Z,0,138.4,16.0,138.4,16.0,138.4,14.9,144.7,14.7,105.6,0.212,100.6,0.119,95.6,0.0671,90.6,0.0377,85.6,0.0212,80.6,0.0119,75.6,0.00671
H01W,0.00635,-38.25,90.25,3710.0,2014-03-08T00:19:54Z,2014-03-08T00:54:59Z,4000000000.0,2166.5,253.29,2014-03-08T00:44:05Z,2014-03-08T01:19:13Z,0,135.3,12.5,135.3,12.5,135.3,11.0,141.6,10.7,108.8,0.383,103.8,0.216,98.8,0.121,93.8,0.0682,88.8,0.0383,83.8,0.0216,78.8,0.0121
H08S,0.00635,-38.25,90.25,3710.0,2014-03-08T00:19:54Z,2014-03-08T00:54:59Z,4000000000.0,3826.3,154.88,2014-03-08T01:02:26Z,2014-03-08T01:38:05Z,0,139.2,12.2,139.2,10.7,139.3,11.0,142.0,10.7,105.8,0.227,100.8,0.127,95.8,0.0717,90.8,0.0403,85.8,0.0227,80.8,0.0127,75.8,0.00717
3315,0.00635,-38.25,90.25,3710.0,2014-03-08T00:19:54Z,2014-03-08T00:54:59Z,4000000000.0,2359.7,245.87,2014-03-08T00:46:15Z,2014-03-08T01:21:23Z,0,135.7,16.0,135.7,16.0,135.7,14.9,141.9,14.7,108.4,0.358,103.4,0.201,98.4,0.113,93.4,0.0637,88.4,0.0358,83.4,0.0201,78.4,0.0113
3376,0.00635,-38.25,90.25,3710.0,2014-03-08T00:19:54Z,2014-03-08T00:54:59Z,4000000000.0,2361.9,245.81,2014-03-08T00:46:17Z,2014-03-08T01:21:24Z,0,135.7,16.0,135.7,16.0,135.7,14.9,141.9,14.7,108.4,0.358,103.4,0.201,98.4,0.113,93.4,0.0637,88.4,0.0358,83.4,0.0201,78.4,0.0113
3250,0.00635,-38.25,90.25,3710.0,2014-03-08T00:19:54Z,2014-03-08T00:54:59Z,4000000000.0,3948.0,224.38,2014-03-08T01:03:55Z,2014-03-08T01:39:14Z,1,137.9,16.0,137.9,16.0,137.9,14.9,144.2,14.7,106.1,0.235,101.1,0.132,96.1,0.0742,91.1,0.0417,86.1,0.0235,81.1,0.0132,76.1,0.00742
3274,0.00635,-38.25,90.25,3710.0,2014-03-08T00:19:54Z,2014-03-08T00:54:59Z,4000000000.0,4398.5,253.94,2014-03-08T01:09:01Z,2014-03-08T01:44:28Z,0,138.4,16.0,138.4,16.0,138.4,14.9,144.6,14.7,105.7,0.214,100.7,0.12,95.7,0.0676,90.7,0.038,85.7,0.0214,80.7,0.012,75.7,0.00676
3275,0.00635,-38.25,90.25,3710.0,2014-03-08T00:19:54Z,2014-03-08T00:54:59Z,4000000000.0,4396.5,253.96,2014-03-08T01:08:59Z,2014-03-08T01:44:27Z,0,138.4,16.0,138.4,16.0,138.4,14.9,144.6,14.7,105.7,0.214,100.7,0.12,95.7,0.0676,90.7,0.038,85.7,0.0214,80.7,0.012,75.7,0.00676
H01W,0.00485,-38.25,90.75,3730.0,2014-03-08T00:19:51Z,2014-03-08T00:54:16Z,4000000000.0,2121.7,252.84,2014-03-08T00:43:31Z,2014-03-08T01:17:57Z,0,135.2,12.5,135.2,12.5,135.2,11.0,141.5,10.7,108.8,0.39,103.8,0.219,98.8,0.123,93.8,0.0693,88.8,0.039,83.8,0.0219,78.8,0.0123
H08S,0.00485,-38.25,90.75,3730.0,2014-03-08T00:19:51Z,2014-03-08T00:54:16Z,4000000000.0,3860.5,154.38,2014-03-08T01:02:57Z,2014-03-08T01:37:57Z,0,139.3,12.2,139.3,10.7,139.4,11.0,142.1,10.7,105.7,0.225,100.7,0.127,95.7,0.0711,90.7,0.04,85.7,0.0225,80.7,0.0127,75.7,0.00711
3315,0.00485,-38.25,90.75,3730.0,2014-03-08T00:19:51Z,2014-03-08T00:54:16Z,4000000000.0,2316.4,245.33,2014-03-08T00:45:42Z,2014-03-08T01:20:09Z,0,135.6,16.0,135.6,16.0,135.6,14.9,141.9,14.7,108.5,0.364,103.5,0.204,98.5,0.115,93.5,0.0647,88.5,0.0364,83.5,0.0204,78.5,0.0115
3376,0.00485,-38.25,90.75,3730.0,2014-03-08T00:19:51Z,2014-03-08T00:54:16Z,4000000000.0,2318.6,245.27,2014-03-08T00:45:43Z,2014-03-08T01:20:11Z,0,135.6,16.0,135.6,16.0,135.6,14.9,141.9,14.7,108.5,0.363,103.5,0.204,98.5,0.115,93.5,0.0646,88.5,0.0363,83.5,0.0204,78.5,0.0115
3250,0.00485,-38.25,90.75,3730.0,2014-03-08T00:19:51Z,2014-03-08T00:54:16Z,4000000000.0,3914.8,223.85,2014-03-08T01:03:31Z,2014-03-08T01:38:12Z,1,137.9,16.0,137.9,16.0,137.9,14.9,144.1,14.7,106.2,0.236,101.2,0.133,96.2,0.0747,91.2,0.042,86.2,0.0236,81.2,0.0133,76.2,0.00747
3274,0.00485,-38.25,90.75,3730.0,2014-03-08T00:19:51Z,2014-03-08T00:54:16Z,4000000000.0,4353.6,253.96,2014-03-08T01:08:27Z,2014-03-08T01:43:07Z,0,138.3,16.0,138.3,16.0,138.3,14.9,144.6,14.7,105.7,0.216,100.7,0.121,95.7,0.0682,90.7,0.0384,85.7,0.0216,80.7,0.0121,75.7,0.00682
3275,0.00485,-38.25,90.75,3730.0,2014-03-08T00:19:51Z,2014-03-08T00:54:16Z,4000000000.0,4351.6,253.97,2014-03-08T01:08:26Z,2014-03-08T01:43:05Z,0,138.3,16.0,138.3,16.0,138.3,14.9,144.6,14.7,105.7,0.216,100.7,0.121,95.7,0.0682,90.7,0.0384,85.7,0.0216,80.7,0.0121,75.7,0.00682
H01W,0.0021,-38.25,91.25,3819.0,2014-03-08T00:20:08Z,2014-03-08T00:54:02Z,4000000000.0,2077.1,252.97,2014-03-08T00:43:33Z,2014-03-08T01:17:37Z,0,135.1,12.5,135.1,12.5,135.1,11.0,141.4,10.7,108.9,0.396,103.9,0.223,98.9,0.125,93.9,0.0704,88.9,0.0396,83.9,0.0223,78.9,0.0125
H08S,0.0021,-38.25,91.25,3819.0,2014-03-08T00:20:08Z,2014-03-08T00:54:02Z,4000000000.0,3877.8,153.72,2014-03-08T01:03:15Z,2014-03-08T01:37:47Z,0,139.3,12.2,139.3,10.7,139.4,11.0,142.1,10.7,105.7,0.224,100.7,0.126,95.7,0.0709,90.7,0.0399,85.7,0.0224,80.7,0.0126,75.7,0.00709
3315,0.0021,-38.25,91.25,3819.0,2014-03-08T00:20:08Z,2014-03-08T00:54:02Z,4000000000.0,2272.5,245.3,2014-03-08T00:45:43Z,2014-03-08T01:19:50Z,0,135.5,16.0,135.5,16.0,135.5,14.9,141.8,14.7,108.5,0.369,103.5,0.208,98.5,0.117,93.5,0.0656,88.5,0.0369,83.5,0.0208,78.5,0.0117
3376,0.0021,-38.25,91.25,3819.0,2014-03-08T00:20:08Z,2014-03-08T00:54:02Z,4000000000.0,2274.7,245.24,2014-03-08T00:45:44Z,2014-03-08T01:19:52Z,0,135.5,16.0,135.5,16.0,135.5,14.9,141.8,14.7,108.5,0.369,103.5,0.207,98.5,0.117,93.5,0.0656,88.5,0.0369,83.5,0.0207,78.5,0.0117
3250,0.0021,-38.25,91.25,3819.0,2014-03-08T00:20:08Z,2014-03-08T00:54:02Z,4000000000.0,3872.2,223.6,2014-03-08T01:03:32Z,2014-03-08T01:37:56Z,1,137.8,16.0,137.8,16.0,137.8,14.9,144.1,14.7,106.2,0.238,101.2,0.134,96.2,0.0754,91.2,0.0424,86.2,0.0238,81.2,0.0134,76.2,0.00754
3274,0.0021,-38.25,91.25,3819.0,2014-03-08T00:20:08Z,2014-03-08T00:54:02Z,4000000000.0,4311.7,254.28,2014-03-08T01:08:33Z,2014-03-08T01:42:45Z,0,138.3,16.0,138.3,16.0,138.3,14.9,144.6,14.7,105.8,0.218,100.8,0.122,95.8,0.0688,90.8,0.0387,85.8,0.0218,80.8,0.0122,75.8,0.00688
3275,0.0021,-38.25,91.25,3819.0,2014-03-08T00:20:08Z,2014-03-08T00:54:02Z,4000000000.0,4309.6,254.29,2014-03-08T01:08:31Z,2014-03-08T01:42:44Z,0,138.3,16.0,138.3,16.0,138.3,14.9,144.6,14.7,105.8,0.218,100.8,0.122,95.8,0.0688,90.8,0.0387,85.8,0.0218,80.8,0.0122,75.8,0.00688
H01W,0.0016,-38.25,91.75,3799.0,2014-03-08T00:22:36Z,2014-03-08T00:53:40Z,4000000000.0,2035.4,252.85,2014-03-08T00:45:13Z,2014-03-08T01:16:40Z,0,135.0,12.5,135.0,12.5,135.0,11.0,141.3,10.7,109.0,0.402,104.0,0.226,99.0,0.127,94.0,0.0715,89.0,0.0402,84.0,0.0226,79.0,0.0127
H08S,0.0016,-38.25,91.75,3799.0,2014-03-08T00:22:36Z,2014-03-08T00:53:40Z,4000000000.0,3901.2,153.23,2014-03-08T01:06:05Z,2014-03-08T01:37:28Z,0,139.3,12.2,139.3,10.7,139.4,11.0,142.1,10.7,105.7,0.223,100.7,0.125,95.7,0.0705,90.7,0.0397,85.7,0.0223,80.7,0.0125,75.7,0.00705
3315,0.0016,-38.25,91.75,3799.0,2014-03-08T00:22:36Z,2014-03-08T00:53:40Z,4000000000.0,2231.4,245.06,2014-03-08T00:47:26Z,2014-03-08T01:18:51Z,0,135.4,16.0,135.4,16.0,135.4,14.9,141.7,14.7,108.6,0.374,103.6,0.211,98.6,0.118,93.6,0.0666,88.6,0.0374,83.6,0.0211,78.6,0.0118
3376,0.0016,-38.25,91.75,3799.0,2014-03-08T00:22:36Z,2014-03-08T00:53:40Z,4000000000.0,2233.7,245.0,2014-03-08T00:47:28Z,2014-03-08T01:18:52Z,0,135.4,16.0,135.4,16.0,135.4,14.9,141.7,14.7,108.6,0.374,103.6,0.21,98.6,0.118,93.6,0.0665,88.6,0.0374,83.6,0.021,78.6,0.0118
3250,0.0016,-38.25,91.75,3799.0,2014-03-08T00:22:36Z,2014-03-08T00:53:40Z,4000000000.0,3840.7,223.24,2014-03-08T01:05:30Z,2014-03-08T01:36:52Z,1,137.8,16.0,137.8,16.0,137.8,14.9,144.1,14.7,106.3,0.24,101.3,0.135,96.3,0.0759,91.3,0.0427,86.3,0.024,81.3,0.0135,76.3,0.00759
3274,0.0016,-38.25,91.75,3799.0,2014-03-08T00:22:36Z,2014-03-08T00:53:40Z,4000000000.0,4275.0,254.35,2014-03-08T01:10:08Z,2014-03-08T01:41:58Z,0,138.2,16.0,138.2,16.0,138.2,14.9,144.5,14.7,105.8,0.219,100.8,0.123,95.8,0.0693,90.8,0.039,85.8,0.0219,80.8,0.0123,75.8,0.00693
3275,0.0016,-38.25,91.75,3799.0,2014-03-08T00:22:36Z,2014-03-08T00:53:40Z,4000000000.0,4273.0,254.36,2014-03-08T01:10:07Z,2014-03-08T01:41:57Z,0,138.2,16.0,138.2,16.0,138.2,14.9,144.5,14.7,105.8,0.219,100.8,0.123,95.8,0.0693,90.8,0.039,85.8,0.0219,80.8,0.0123,75.8,0.00693
H01W,0.00075,-38.25,92.25,3763.0,2014-03-08T00:20:01Z,2014-03-08T00:45:43Z,4000000000.0,1996.3,253.09,2014-03-08T00:42:09Z,2014-03-08T01:08:15Z,0,134.9,12.5,134.9,12.5,134.9,11.0,141.2,10.7,109.1,0.408,104.1,0.23,99.1,0.129,94.1,0.0726,89.1,0.0408,84.1,0.023,79.1,0.0129
H08S,0.00075,-38.25,92.25,3763.0,2014-03-08T00:20:01Z,2014-03-08T00:45:43Z,4000000000.0,3921.2,152.62,2014-03-08T01:03:47Z,2014-03-08T01:29:58Z,0,139.4,12.2,139.4,10.7,139.4,11.0,142.1,10.7,105.6,0.222,100.6,0.125,95.6,0.0702,90.6,0.0395,85.6,0.0222,80.6,0.0125,75.6,0.00702
3315,0.00075,-38.25,92.25,3763.0,2014-03-08T00:20:01Z,2014-03-08T00:45:43Z,4000000000.0,2191.3,245.1,2014-03-08T00:44:19Z,2014-03-08T01:10:28Z,0,135.3,16.0,135.3,16.0,135.3,14.9,141.6,14.7,108.7,0.38,103.7,0.214,98.7,0.12,93.7,0.0675,88.7,0.038,83.7,0.0214,78.7,0.012
3376,0.00075,-38.25,92.25,3763.0,2014-03-08T00:20:01Z,2014-03-08T00:45:43Z,4000000000.0,2193.5,245.04,2014-03-08T00:44:20Z,2014-03-08T01:10:29Z,0,135.3,16.0,135.3,16.0,135.3,14.9,141.6,14.7,108.7,0.38,103.7,0.213,98.7,0.12,93.7,0.0675,88.7,0.038,83.7,0.0213,78.7,0.012
3250,0.00075,-38.25,92.25,3763.0,2014-03-08T00:20:01Z,2014-03-08T00:45:43Z,4000000000.0,3801.2,222.96,2014-03-08T01:02:16Z,2014-03-08T01:28:39Z,1,137.7,16.0,137.7,16.0,137.7,14.9,144.0,14.7,106.3,0.242,101.3,0.136,96.3,0.0766,91.3,0.0431,86.3,0.0242,81.3,0.0136,76.3,0.00766
3274,0.00075,-38.25,92.25,3763.0,2014-03-08T00:20:01Z,2014-03-08T00:45:43Z,4000000000.0,4237.2,254.67,2014-03-08T01:07:14Z,2014-03-08T01:33:29Z,0,138.2,16.0,138.2,16.0,138.2,14.9,144.5,14.7,105.8,0.221,100.8,0.124,95.8,0.0698,90.8,0.0393,85.8,0.0221,80.8,0.0124,75.8,0.00698
3275,0.00075,-38.25,92.25,3763.0,2014-03-08T00:20:01Z,2014-03-08T00:45:43Z,4000000000.0,4235.2,254.69,2014-03-08T01:07:13Z,2014-03-08T01:33:28Z,0,138.2,16.0,138.2,16.0,138.2,14.9,144.5,14.7,105.8,0.221,100.8,0.124,95.8,0.0699,90.8,0.0393,85.8,0.0221,80.8,0.0124,75.8,0.00699
H01W,5e-05,-38.25,92.75,3449.0,2014-03-08T00:25:31Z,2014-03-08T00:25:31Z,4000000000.0,1958.7,253.28,2014-03-08T00:47:24Z,2014-03-08T00:47:37Z,0,134.8,12.5,134.8,12.5,134.8,11.0,141.1,10.7,109.2,0.414,104.2,0.233,99.2,0.131,94.2,0.0737,89.2,0.0414,84.2,0.0233,79.2,0.0131
H08S,5e-05,-38.25,92.75,3449.0,2014-03-08T00:25:31Z,2014-03-08T00:25:31Z,4000000000.0,3932.5,152.05,2014-03-08T01:09:27Z,2014-03-08T01:09:52Z,0,139.4,12.2,139.4,10.7,139.4,11.0,142.2,10.7,105.6,0.221,100.6,0.125,95.6,0.07,90.6,0.0394,85.6,0.0221,80.6,0.0125,75.6,0.007
3315,5e-05,-38.25,92.75,3449.0,2014-03-08T00:25:31Z,2014-03-08T00:25:31Z,4000000000.0,2153.1,245.13,2014-03-08T00:49:34Z,2014-03-08T00:49:48Z,0,135.3,16.0,135.3,16.0,135.3,14.9,141.5,14.7,108.8,0.385,103.8,0.217,98.8,0.122,93.8,0.0685,88.8,0.0385,83.8,0.0217,78.8,0.0122
3376,5e-05,-38.25,92.75,3449.0,2014-03-08T00:25:31Z,2014-03-08T00:25:31Z,4000000000.0,2155.4,245.07,2014-03-08T00:49:36Z,2014-03-08T00:49:50Z,0,135.3,16.0,135.3,16.0,135.3,14.9,141.5,14.7,108.8,0.385,103.8,0.216,98.8,0.122,93.8,0.0684,88.8,0.0385,83.8,0.0216,78.8,0.0122
3250,5e-05,-38.25,92.75,3449.0,2014-03-08T00:25:31Z,2014-03-08T00:25:31Z,4000000000.0,3764.5,222.79,2014-03-08T01:07:34Z,2014-03-08T01:07:58Z,1,137.7,16.0,137.7,16.0,137.7,14.9,144.0,14.7,106.4,0.244,101.4,0.137,96.4,0.0772,91.4,0.0434,86.4,0.0244,81.4,0.0137,76.4,0.00772
3274,5e-05,-38.25,92.75,3449.0,2014-03-08T00:25:31Z,2014-03-08T00:25:31Z,4000000000.0,4204.8,254.98,2014-03-08T01:12:30Z,2014-03-08T01:12:56Z,0,138.2,16.0,138.2,16.0,138.2,14.9,144.4,14.7,105.9,0.222,100.9,0.125,95.9,0.0703,90.9,0.0395,85.9,0.0222,80.9,0.0125,75.9,0.00703
3275,5e-05,-38.25,92.75,3449.0,2014-03-08T00:25:31Z,2014-03-08T00:25:31Z,4000000000.0,4202.8,254.99,2014-03-08T01:12:28Z,2014-03-08T01:12:55Z,0,138.2,16.0,138.2,16.0,138.2,14.9,144.4,14.7,105.9,0.222,100.9,0.125,95.9,0.0703,90.9,0.0395,85.9,0.0222,80.9,0.0125,75.9,0.00703
H01W,0.00015,-37.75,83.25,3520.0,2014-03-08T00:38:41Z,2014-03-08T00:49:07Z,4000000000.0,2760.8,253.96,2014-03-08T01:09:29Z,2014-03-08T01:20:15Z,0,136.3,12.5,136.3,12.5,136.3,11.0,142.6,10.7,107.7,0.316,102.7,0.178,97.7,0.0999,92.7,0.0562,87.7,0.0316,82.7,0.0178,77.7,0.00999
H08S,0.00015,-37.75,83.25,3520.0,2014-03-08T00:38:41Z,2014-03-08T00:49:07Z,4000000000.0,3529.2,163.44,2014-03-08T01:18:04Z,2014-03-08T01:29:01Z,1,138.9,12.2,138.9,10.7,139.0,11.0,141.7,10.7,106.1,0.243,101.1,0.136,96.1,0.0767,91.1,0.0432,86.1,0.0243,81.1,0.0136,76.1,0.00767
3315,0.00015,-37.75,83.25,3520.0,2014-03-08T00:38:41Z,2014-03-08T00:49:07Z,4000000000.0,2946.8,248.05,2014-03-08T01:11:33Z,2014-03-08T01:22:21Z,0,136.6,16.0,136.6,16.0,136.6,14.9,142.9,14.7,107.4,0.3,102.4,0.168,97.4,0.0947,92.4,0.0533,87.4,0.03,82.4,0.0168,77.4,0.00947
3376,0.00015,-37.75,83.25,3520.0,2014-03-08T00:38:41Z,2014-03-08T00:49:07Z,4000000000.0,2949.0,248.0,2014-03-08T01:11:34Z,2014-03-08T01:22:22Z,0,136.6,16.0,136.6,16.0,136.6,14.9,142.9,14.7,107.4,0.299,102.4,0.168,97.4,0.0947,92.4,0.0532,87.4,0.0299,82.4,0.0168,77.4,0.00947
3250,0.00015,-37.75,83.25,3520.0,2014-03-08T00:38:41Z,2014-03-08T00:49:07Z,4000000000.0,4464.5,228.8,2014-03-08T01:28:27Z,2014-03-08T01:39:28Z,1,138.4,16.0,138.4,16.0,138.4,14.9,144.7,14.7,105.6,0.211,100.6,0.119,95.6,0.0668,90.6,0.0375,85.6,0.0211,80.6,0.0119,75.6,0.00668
3274,0.00015,-37.75,83.25,3520.0,2014-03-08T00:38:41Z,2014-03-08T00:49:07Z,4000000000.0,4972.5,251.84,2014-03-08T01:34:14Z,2014-03-08T01:45:11Z,0,138.9,16.0,138.9,16.0,138.9,14.9,145.2,14.7,105.1,0.192,100.1,0.108,95.1,0.0608,90.1,0.0342,85.1,0.0192,80.1,0.0108,75.1,0.00608
3275,0.00015,-37.75,83.25,3520.0,2014-03-08T00:38:41Z,2014-03-08T00:49:07Z,4000000000.0,4970.5,251.85,2014-03-08T01:34:13Z,2014-03-08T01:45:09Z,0,138.9,16.0,138.9,16.0,138.9,14.9,145.2,14.7,105.1,0.192,100.1,0.108,95.1,0.0608,90.1,0.0342,85.1,0.0192,80.1,0.0108,75.1,0.00608
H01W,0.0002,-37.75,83.75,3619.0,2014-03-08T00:20:13Z,2014-03-08T00:54:02Z,4000000000.0,2717.6,254.39,2014-03-08T00:50:35Z,2014-03-08T01:24:40Z,0,136.3,12.5,136.3,12.5,136.3,11.0,142.6,10.7,107.8,0.32,102.8,0.18,97.8,0.101,92.8,0.0569,87.8,0.032,82.8,0.018,77.8,0.0101
H08S,0.0002,-37.75,83.75,3619.0,2014-03-08T00:20:13Z,2014-03-08T00:54:02Z,4000000000.0,3530.3,162.63,2014-03-08T00:59:31Z,2014-03-08T01:33:59Z,0,138.9,12.2,138.9,10.7,139.0,11.0,141.7,10.7,106.1,0.243,101.1,0.136,96.1,0.0767,91.1,0.0431,86.1,0.0243,81.1,0.0136,76.1,0.00767
3315,0.0002,-37.75,83.75,3619.0,2014-03-08T00:20:13Z,2014-03-08T00:54:02Z,4000000000.0,2901.2,248.35,2014-03-08T00:52:37Z,2014-03-08T01:26:45Z,0,136.6,16.0,136.6,16.0,136.6,14.9,142.8,14.7,107.5,0.303,102.5,0.171,97.5,0.0959,92.5,0.054,87.5,0.0303,82.5,0.0171,77.5,0.00959
3376,0.0002,-37.75,83.75,3619.0,2014-03-08T00:20:13Z,2014-03-08T00:54:02Z,4000000000.0,2903.3,248.3,2014-03-08T00:52:39Z,2014-03-08T01:26:46Z,0,136.6,16.0,136.6,16.0,136.6,14.9,142.8,14.7,107.5,0.303,102.5,0.171,97.5,0.0959,92.5,0.0539,87.5,0.0303,82.5,0.0171,77.5,0.00959
3250,0.0002,-37.75,83.75,3619.0,2014-03-08T00:20:13Z,2014-03-08T00:54:02Z,4000000000.0,4416.4,228.75,2014-03-08T01:09:28Z,2014-03-08T01:43:51Z,1,138.4,16.0,138.4,16.0,138.4,14.9,144.7,14.7,105.7,0.213,100.7,0.12,95.7,0.0674,90.7,0.0379,85.7,0.0213,80.7,0.012,75.7,0.00674
3274,0.0002,-37.75,83.75,3619.0,2014-03-08T00:20:13Z,2014-03-08T00:54:02Z,4000000000.0,4938.3,252.24,2014-03-08T01:15:26Z,2014-03-08T01:49:40Z,0,138.9,16.0,138.9,16.0,138.9,14.9,145.1,14.7,105.2,0.193,100.2,0.109,95.2,0.0612,90.2,0.0344,85.2,0.0193,80.2,0.0109,75.2,0.00612
3275,0.0002,-37.75,83.75,3619.0,2014-03-08T00:20:13Z,2014-03-08T00:54:02Z,4000000000.0,4936.3,252.26,2014-03-08T01:15:25Z,2014-03-08T01:49:39Z,0,138.9,16.0,138.9,16.0,138.9,14.9,145.1,14.7,105.2,0.193,100.2,0.109,95.2,0.0612,90.2,0.0344,85.2,0.0193,80.2,0.0109,75.2,0.00612
H01W,0.00155,-37.75,84.25,3840.0,2014-03-08T00:19:52Z,2014-03-08T00:54:56Z,4000000000.0,2685.7,254.26,2014-03-08T00:49:45Z,2014-03-08T01:25:12Z,0,136.2,12.5,136.2,12.5,136.2,11.0,142.5,10.7,107.8,0.323,102.8,0.182,97.8,0.102,92.8,0.0574,87.8,0.0323,82.8,0.0182,77.8,0.0102
H08S,0.00155,-37.75,84.25,3840.0,2014-03-08T00:19:52Z,2014-03-08T00:54:56Z,4000000000.0,3544.4,162.1,2014-03-08T00:59:13Z,2014-03-08T01:35:00Z,0,138.9,12.2,138.9,10.7,139.0,11.0,141.7,10.7,106.1,0.242,101.1,0.136,96.1,0.0765,91.1,0.043,86.1,0.0242,81.1,0.0136,76.1,0.00765
3315,0.00155,-37.75,84.25,3840.0,2014-03-08T00:19:52Z,2014-03-08T00:54:56Z,4000000000.0,2869.1,248.2,2014-03-08T00:51:46Z,2014-03-08T01:27:17Z,0,136.5,16.0,136.5,16.0,136.5,14.9,142.8,14.7,107.5,0.306,102.5,0.172,97.5,0.0968,92.5,0.0544,87.5,0.0306,82.5,0.0172,77.5,0.00968
3376,0.00155,-37.75,84.25,3840.0,2014-03-08T00:19:52Z,2014-03-08T00:54:56Z,4000000000.0,2871.3,248.16,2014-03-08T00:51:48Z,2014-03-08T01:27:19Z,0,136.5,16.0,136.5,16.0,136.5,14.9,142.8,14.7,107.5,0.306,102.5,0.172,97.5,0.0968,92.5,0.0544,87.5,0.0306,82.5,0.0172,77.5,0.00968
3250,0.00155,-37.75,84.25,3840.0,2014-03-08T00:19:52Z,2014-03-08T00:54:56Z,4000000000.0,4385.7,228.54,2014-03-08T01:08:36Z,2014-03-08T01:44:25Z,1,138.3,16.0,138.3,16.0,138.3,14.9,144.6,14.7,105.7,0.214,100.7,0.121,95.7,0.0678,90.7,0.0381,85.7,0.0214,80.7,0.0121,75.7,0.00678
3274,0.00155,-37.75,84.25,3840.0,2014-03-08T00:19:52Z,2014-03-08T00:54:56Z,4000000000.0,4907.5,252.32,2014-03-08T01:14:41Z,2014-03-08T01:50:13Z,0,138.8,16.0,138.8,16.0,138.8,14.9,145.1,14.7,105.2,0.194,100.2,0.109,95.2,0.0615,90.2,0.0346,85.2,0.0194,80.2,0.0109,75.2,0.00615
3275,0.00155,-37.75,84.25,3840.0,2014-03-08T00:19:52Z,2014-03-08T00:54:56Z,4000000000.0,4905.5,252.33,2014-03-08T01:14:39Z,2014-03-08T01:50:12Z,0,138.8,16.0,138.8,16.0,138.8,14.9,145.1,14.7,105.2,0.195,100.2,0.109,95.2,0.0615,90.2,0.0346,85.2,0.0195,80.2,0.0109,75.2,0.00615
H01W,0.00245,-37.75,84.75,3726.0,2014-03-08T00:19:53Z,2014-03-08T00:54:08Z,4000000000.0,2646.6,254.38,2014-03-08T00:49:24Z,2014-03-08T01:24:08Z,0,136.2,12.5,136.2,12.5,136.2,11.0,142.4,10.7,107.9,0.327,102.9,0.184,97.9,0.103,92.9,0.0581,87.9,0.0327,82.9,0.0184,77.9,0.0103
H08S,0.00245,-37.75,84.75,3726.0,2014-03-08T00:19:53Z,2014-03-08T00:54:08Z,4000000000.0,3563.3,161.45,2014-03-08T00:59:21Z,2014-03-08T01:34:16Z,1,138.9,12.2,138.9,10.7,139.0,11.0,141.7,10.7,106.1,0.241,101.1,0.135,96.1,0.0761,91.1,0.0428,86.1,0.0241,81.1,0.0135,76.1,0.00761
3315,0.00245,-37.75,84.75,3726.0,2014-03-08T00:19:53Z,2014-03-08T00:54:08Z,4000000000.0,2830.0,248.16,2014-03-08T00:51:28Z,2014-03-08T01:26:12Z,0,136.4,16.0,136.4,16.0,136.4,14.9,142.7,14.7,107.6,0.31,102.6,0.174,97.6,0.0979,92.6,0.0551,87.6,0.031,82.6,0.0174,77.6,0.00979
3376,0.00245,-37.75,84.75,3726.0,2014-03-08T00:19:53Z,2014-03-08T00:54:08Z,4000000000.0,2832.1,248.12,2014-03-08T00:51:30Z,2014-03-08T01:26:14Z,0,136.4,16.0,136.4,16.0,136.4,14.9,142.7,14.7,107.6,0.309,102.6,0.174,97.6,0.0978,92.6,0.055,87.6,0.0309,82.6,0.0174,77.6,0.00978
3250,0.00245,-37.75,84.75,3726.0,2014-03-08T00:19:53Z,2014-03-08T00:54:08Z,4000000000.0,4348.1,228.26,2014-03-08T01:08:30Z,2014-03-08T01:43:21Z,1,138.3,16.0,138.3,16.0,138.3,14.9,144.6,14.7,105.7,0.216,100.7,0.121,95.7,0.0683,90.7,0.0384,85.7,0.0216,80.7,0.0121,75.7,0.00683
3274,0.00245,-37.75,84.75,3726.0,2014-03-08T00:19:53Z,2014-03-08T00:54:08Z,4000000000.0,4869.7,252.55,2014-03-08T01:14:12Z,2014-03-08T01:49:11Z,0,138.8,16.0,138.8,16.0,138.8,14.9,145.1,14.7,105.2,0.196,100.2,0.11,95.2,0.0619,90.2,0.0348,85.2,0.0196,80.2,0.011,75.2,0.00619
3275,0.00245,-37.75,84.75,3726.0,2014-03-08T00:19:53Z,2014-03-08T00:54:08Z,4000000000.0,4867.6,252.57,2014-03-08T01:14:11Z,2014-03-08T01:49:10Z,0,138.8,16.0,138.8,16.0,138.8,14.9,145.1,14.7,105.2,0.196,100.2,0.11,95.2,0.0619,90.2,0.0348,85.2,0.0196,80.2,0.011,75.2,0.00619
H01W,0.00425,-37.75,85.25,3701.0,2014-03-08T00:19:43Z,2014-03-08T00:54:33Z,4000000000.0,2601.3,254.43,2014-03-08T00:49:00Z,2014-03-08T01:23:40Z,0,136.1,12.5,136.1,12.5,136.1,11.0,142.4,10.7,108.0,0.331,103.0,0.186,98.0,0.105,93.0,0.0589,88.0,0.0331,83.0,0.0186,78.0,0.0105
H08S,0.00425,-37.75,85.25,3701.0,2014-03-08T00:19:43Z,2014-03-08T00:54:33Z,4000000000.0,3578.6,160.81,2014-03-08T00:59:20Z,2014-03-08T01:35:06Z,1,139.0,12.2,139.0,10.7,139.0,11.0,141.7,10.7,106.0,0.24,101.0,0.135,96.0,0.0759,91.0,0.0427,86.0,0.024,81.0,0.0135,76.0,0.00759
3315,0.00425,-37.75,85.25,3701.0,2014-03-08T00:19:43Z,2014-03-08T00:54:33Z,4000000000.0,2786.2,248.11,2014-03-08T00:51:01Z,2014-03-08T01:25:45Z,0,136.4,16.0,136.4,16.0,136.4,14.9,142.7,14.7,107.7,0.314,102.7,0.176,97.7,0.0992,92.7,0.0558,87.7,0.0314,82.7,0.0176,77.7,0.00992
3376,0.00425,-37.75,85.25,3701.0,2014-03-08T00:19:43Z,2014-03-08T00:54:33Z,4000000000.0,2788.4,248.06,2014-03-08T00:51:03Z,2014-03-08T01:25:46Z,0,136.4,16.0,136.4,16.0,136.4,14.9,142.7,14.7,107.7,0.313,102.7,0.176,97.7,0.0991,92.7,0.0557,87.7,0.0313,82.7,0.0176,77.7,0.00991
3250,0.00425,-37.75,85.25,3701.0,2014-03-08T00:19:43Z,2014-03-08T00:54:33Z,4000000000.0,4310.7,228.04,2014-03-08T01:07:55Z,2014-03-08T01:42:59Z,1,138.3,16.0,138.3,16.0,138.3,14.9,144.6,14.7,105.8,0.218,100.8,0.122,95.8,0.0688,90.8,0.0387,85.8,0.0218,80.8,0.0122,75.8,0.00688
3274,0.00425,-37.75,85.25,3701.0,2014-03-08T00:19:43Z,2014-03-08T00:54:33Z,4000000000.0,4828.6,252.72,2014-03-08T01:13:54Z,2014-03-08T01:48:45Z,0,138.8,16.0,138.8,16.0,138.8,14.9,145.0,14.7,105.3,0.197,100.3,0.111,95.3,0.0624,90.3,0.0351,85.3,0.0197,80.3,0.0111,75.3,0.00624
3275,0.00425,-37.75,85.25,3701.0,2014-03-08T00:19:43Z,2014-03-08T00:54:33Z,4000000000.0,4826.6,252.73,2014-03-08T01:13:53Z,2014-03-08T01:48:43Z,0,138.8,16.0,138.8,16.0,138.8,14.9,145.0,14.7,105.3,0.197,100.3,0.111,95.3,0.0624,90.3,0.0351,85.3,0.0197,80.3,0.0111,75.3,0.00624
H01W,0.0047,-37.75,85.75,3624.0,2014-03-08T00:20:05Z,2014-03-08T00:54:06Z,4000000000.0,2558.5,254.36,2014-03-08T00:48:50Z,2014-03-08T01:23:05Z,0,136.0,12.5,136.0,12.5,136.0,11.0,142.3,10.7,108.0,0.336,103.0,0.189,98.0,0.106,93.0,0.0597,88.0,0.0336,83.0,0.0189,78.0,0.0106
H08S,0.0047,-37.75,85.75,3624.0,2014-03-08T00:20:05Z,2014-03-08T00:54:06Z,4000000000.0,3598.1,160.14,2014-03-08T00:59:57Z,2014-03-08T01:34:32Z,0,139.0,12.2,139.0,10.7,139.1,11.0,141.8,10.7,106.0,0.239,101.0,0.134,96.0,0.0755,91.0,0.0425,86.0,0.0239,81.0,0.0134,76.0,0.00755
3315,0.0047,-37.75,85.75,3624.0,2014-03-08T00:20:05Z,2014-03-08T00:54:06Z,4000000000.0,2742.1,247.97,2014-03-08T00:50:52Z,2014-03-08T01:25:09Z,0,136.3,16.0,136.3,16.0,136.3,14.9,142.6,14.7,107.7,0.318,102.7,0.179,97.7,0.1,92.7,0.0565,87.7,0.0318,82.7,0.0179,77.7,0.01
3376,0.0047,-37.75,85.75,3624.0,2014-03-08T00:20:05Z,2014-03-08T00:54:06Z,4000000000.0,2744.2,247.92,2014-03-08T00:50:53Z,2014-03-08T01:25:10Z,0,136.3,16.0,136.3,16.0,136.3,14.9,142.6,14.7,107.7,0.317,102.7,0.179,97.7,0.1,92.7,0.0565,87.7,0.0317,82.7,0.0179,77.7,0.01
3250,0.0047,-37.75,85.75,3624.0,2014-03-08T00:20:05Z,2014-03-08T00:54:06Z,4000000000.0,4271.0,227.75,2014-03-08T01:07:49Z,2014-03-08T01:42:20Z,1,138.2,16.0,138.2,16.0,138.2,14.9,144.5,14.7,105.8,0.219,100.8,0.123,95.8,0.0694,90.8,0.039,85.8,0.0219,80.8,0.0123,75.8,0.00694
3274,0.0047,-37.75,85.75,3624.0,2014-03-08T00:20:05Z,2014-03-08T00:54:06Z,4000000000.0,4786.4,252.86,2014-03-08T01:13:48Z,2014-03-08T01:48:14Z,0,138.7,16.0,138.7,16.0,138.7,14.9,145.0,14.7,105.3,0.199,100.3,0.112,95.3,0.0628,90.3,0.0353,85.3,0.0199,80.3,0.0112,75.3,0.00628
3275,0.0047,-37.75,85.75,3624.0,2014-03-08T00:20:05Z,2014-03-08T00:54:06Z,4000000000.0,4784.4,252.88,2014-03-08T01:13:47Z,2014-03-08T01:48:12Z,0,138.7,16.0,138.7,16.0,138.7,14.9,145.0,14.7,105.3,0.199,100.3,0.112,95.3,0.0629,90.3,0.0354,85.3,0.0199,80.3,0.0112,75.3,0.00629
H01W,0.0067,-37.75,86.25,3670.0,2014-03-08T00:19:39Z,2014-03-08T00:54:58Z,4000000000.0,2515.5,254.51,2014-03-08T00:47:45Z,2014-03-08T01:23:34Z,0,135.9,12.5,135.9,12.5,135.9,11.0,142.2,10.7,108.1,0.341,103.1,0.191,98.1,0.108,93.1,0.0606,88.1,0.0341,83.1,0.0191,78.1,0.0108
H08S,0.0067,-37.75,86.25,3670.0,2014-03-08T00:19:39Z,2014-03-08T00:54:58Z,4000000000.0,3614.0,159.45,2014-03-08T00:59:58Z,2014-03-08T01:35:27Z,0,139.0,12.2,139.0,10.7,139.1,11.0,141.8,10.7,106.0,0.238,101.0,0.134,96.0,0.0752,91.0,0.0423,86.0,0.0238,81.0,0.0134,76.0,0.00752
3315,0.0067,-37.75,86.25,3670.0,2014-03-08T00:19:39Z,2014-03-08T00:54:58Z,4000000000.0,2699.1,247.99,2014-03-08T00:49:48Z,2014-03-08T01:25:36Z,0,136.2,16.0,136.2,16.0,136.2,14.9,142.5,14.7,107.8,0.322,102.8,0.181,97.8,0.102,92.8,0.0572,87.8,0.0322,82.8,0.0181,77.8,0.0102
3376,0.0067,-37.75,86.25,3670.0,2014-03-08T00:19:39Z,2014-03-08T00:54:58Z,4000000000.0,2701.2,247.94,2014-03-08T00:49:50Z,2014-03-08T01:25:38Z,0,136.2,16.0,136.2,16.0,136.2,14.9,142.5,14.7,107.8,0.322,102.8,0.181,97.8,0.102,92.8,0.0572,87.8,0.0322,82.8,0.0181,77.8,0.0102
3250,0.0067,-37.75,86.25,3670.0,2014-03-08T00:19:39Z,2014-03-08T00:54:58Z,4000000000.0,4229.8,227.52,2014-03-08T01:06:53Z,2014-03-08T01:42:45Z,1,138.2,16.0,138.2,16.0,138.2,14.9,144.5,14.7,105.8,0.221,100.8,0.124,95.8,0.0699,90.8,0.0393,85.8,0.0221,80.8,0.0124,75.8,0.00699
3274,0.0067,-37.75,86.25,3670.0,2014-03-08T00:19:39Z,2014-03-08T00:54:58Z,4000000000.0,4747.2,253.1,2014-03-08T01:12:42Z,2014-03-08T01:48:48Z,0,138.7,16.0,138.7,16.0,138.7,14.9,145.0,14.7,105.3,0.2,100.3,0.113,95.3,0.0633,90.3,0.0356,85.3,0.02,80.3,0.0113,75.3,0.00633
3275,0.0067,-37.75,86.25,3670.0,2014-03-08T00:19:39Z,2014-03-08T00:54:58Z,4000000000.0,4745.2,253.12,2014-03-08T01:12:41Z,2014-03-08T01:48:47Z,0,138.7,16.0,138.7,16.0,138.7,14.9,145.0,14.7,105.3,0.2,100.3,0.113,95.3,0.0633,90.3,0.0356,85.3,0.02,80.3,0.0113,75.3,0.00633
H01W,0.009,-37.75,86.75,3644.0,2014-03-08T00:19:58Z,2014-03-08T00:54:48Z,4000000000.0,2467.9,254.5,2014-03-08T00:47:21Z,2014-03-08T01:22:52Z,0,135.8,12.5,135.8,12.5,135.8,11.0,142.1,10.7,108.2,0.346,103.2,0.194,98.2,0.109,93.2,0.0615,88.2,0.0346,83.2,0.0194,78.2,0.0109
H08S,0.009,-37.75,86.75,3644.0,2014-03-08T00:19:58Z,2014-03-08T00:54:48Z,4000000000.0,3635.7,158.75,2014-03-08T01:00:51Z,2014-03-08T01:35:49Z,0,139.0,12.2,139.0,10.7,139.1,11.0,141.8,10.7,106.0,0.237,101.0,0.133,96.0,0.0749,91.0,0.0421,86.0,0.0237,81.0,0.0133,76.0,0.00749
3315,0.009,-37.75,86.75,3644.0,2014-03-08T00:19:58Z,2014-03-08T00:54:48Z,4000000000.0,2652.4,247.85,2014-03-08T00:49:26Z,2014-03-08T01:24:54Z,0,136.2,16.0,136.2,16.0,136.2,14.9,142.4,14.7,107.9,0.326,102.9,0.184,97.9,0.103,92.9,0.058,87.9,0.0326,82.9,0.0184,77.9,0.0103
3376,0.009,-37.75,86.75,3644.0,2014-03-08T00:19:58Z,2014-03-08T00:54:48Z,4000000000.0,2654.5,247.8,2014-03-08T00:49:28Z,2014-03-08T01:24:56Z,0,136.2,16.0,136.2,16.0,136.2,14.9,142.4,14.7,107.9,0.326,102.9,0.183,97.9,0.103,92.9,0.058,87.9,0.0326,82.9,0.0183,77.9,0.0103
3250,0.009,-37.75,86.75,3644.0,2014-03-08T00:19:58Z,2014-03-08T00:54:48Z,4000000000.0,4187.7,227.2,2014-03-08T01:06:41Z,2014-03-08T01:42:06Z,1,138.1,16.0,138.1,16.0,138.1,14.9,144.4,14.7,105.9,0.223,100.9,0.125,95.9,0.0705,90.9,0.0397,85.9,0.0223,80.9,0.0125,75.9,0.00705
3274,0.009,-37.75,86.75,3644.0,2014-03-08T00:19:58Z,2014-03-08T00:54:48Z,4000000000.0,4704.5,253.29,2014-03-08T01:12:16Z,2014-03-08T01:48:08Z,0,138.7,16.0,138.7,16.0,138.7,14.9,144.9,14.7,105.4,0.202,100.4,0.113,95.4,0.0638,90.4,0.0359,85.4,0.0202,80.4,0.0113,75.4,0.00638
3275,0.009,-37.75,86.75,3644.0,2014-03-08T00:19:58Z,2014-03-08T00:54:48Z,4000000000.0,4702.5,253.31,2014-03-08T01:12:14Z,2014-03-08T01:48:07Z,0,138.6,16.0,138.6,16.0,138.6,14.9,144.9,14.7,105.4,0.202,100.4,0.113,95.4,0.0638,90.4,0.0359,85.4,0.0202,80.4,0.0113,75.4,0.00638
H01W,0.01135,-37.75,87.25,3639.0,2014-03-08T00:19:40Z,2014-03-08T00:54:50Z,4000000000.0,2427.6,254.6,2014-03-08T00:46:56Z,2014-03-08T01:22:09Z,0,135.8,12.5,135.8,12.5,135.8,11.0,142.1,10.7,108.3,0.35,103.3,0.197,98.3,0.111,93.3,0.0623,88.3,0.035,83.3,0.0197,78.3,0.0111
H08S,0.01135,-37.75,87.25,3639.0,2014-03-08T00:19:40Z,2014-03-08T00:54:50Z,4000000000.0,3653.0,158.13,2014-03-08T01:00:22Z,2014-03-08T01:36:09Z,1,139.0,12.2,139.0,10.7,139.1,11.0,141.8,10.7,106.0,0.236,101.0,0.133,96.0,0.0746,91.0,0.0419,86.0,0.0236,81.0,0.0133,76.0,0.00746
3315,0.01135,-37.75,87.25,3639.0,2014-03-08T00:19:40Z,2014-03-08T00:54:50Z,4000000000.0,2612.4,247.81,2014-03-08T00:49:00Z,2014-03-08T01:24:14Z,0,136.1,16.0,136.1,16.0,136.1,14.9,142.4,14.7,107.9,0.33,102.9,0.186,97.9,0.104,92.9,0.0587,87.9,0.033,82.9,0.0186,77.9,0.0104
3376,0.01135,-37.75,87.25,3639.0,2014-03-08T00:19:40Z,2014-03-08T00:54:50Z,4000000000.0,2614.6,247.76,2014-03-08T00:49:01Z,2014-03-08T01:24:16Z,0,136.1,16.0,136.1,16.0,136.1,14.9,142.4,14.7,107.9,0.33,102.9,0.186,97.9,0.104,92.9,0.0587,87.9,0.033,82.9,0.0186,77.9,0.0104
3250,0.01135,-37.75,87.25,3639.0,2014-03-08T00:19:40Z,2014-03-08T00:54:50Z,4000000000.0,4150.8,226.95,2014-03-08T01:06:10Z,2014-03-08T01:41:35Z,1,138.1,16.0,138.1,16.0,138.1,14.9,144.4,14.7,105.9,0.225,100.9,0.126,95.9,0.0711,90.9,0.04,85.9,0.0225,80.9,0.0126,75.9,0.00711
3274,0.01135,-37.75,87.25,3639.0,2014-03-08T00:19:40Z,2014-03-08T00:54:50Z,4000000000.0,4663.9,253.51,2014-03-08T01:11:56Z,2014-03-08T01:47:22Z,0,138.6,16.0,138.6,16.0,138.6,14.9,144.9,14.7,105.4,0.203,100.4,0.114,95.4,0.0643,90.4,0.0361,85.4,0.0203,80.4,0.0114,75.4,0.00643
3275,0.01135,-37.75,87.25,3639.0,2014-03-08T00:19:40Z,2014-03-08T00:54:50Z,4000000000.0,4661.9,253.52,2014-03-08T01:11:54Z,2014-03-08T01:47:20Z,0,138.6,16.0,138.6,16.0,138.6,14.9,144.9,14.7,105.4,0.203,100.4,0.114,95.4,0.0643,90.4,0.0362,85.4,0.0203,80.4,0.0114,75.4,0.00643
H01W,0.0137,-37.75,87.75,3675.0,2014-03-08T00:19:43Z,2014-03-08T00:54:48Z,4000000000.0,2383.1,254.52,2014-03-08T00:46:20Z,2014-03-08T01:21:41Z,0,135.7,12.5,135.7,12.5,135.7,11.0,142.0,10.7,108.3,0.356,103.3,0.2,98.3,0.112,93.3,0.0632,88.3,0.0356,83.3,0.02,78.3,0.0112
H08S,0.0137,-37.75,87.75,3675.0,2014-03-08T00:19:43Z,2014-03-08T00:54:48Z,4000000000.0,3676.0,157.51,2014-03-08T01:00:36Z,2014-03-08T01:36:19Z,0,139.1,12.2,139.1,10.7,139.1,11.0,141.9,10.7,105.9,0.235,100.9,0.132,95.9,0.0742,90.9,0.0417,85.9,0.0235,80.9,0.0132,75.9,0.00742
3315,0.0137,-37.75,87.75,3675.0,2014-03-08T00:19:43Z,2014-03-08T00:54:48Z,4000000000.0,2568.2,247.65,2014-03-08T00:48:21Z,2014-03-08T01:23:45Z,0,136.0,16.0,136.0,16.0,136.0,14.9,142.3,14.7,108.0,0.335,103.0,0.188,98.0,0.106,93.0,0.0596,88.0,0.0335,83.0,0.0188,78.0,0.0106
3376,0.0137,-37.75,87.75,3675.0,2014-03-08T00:19:43Z,2014-03-08T00:54:48Z,4000000000.0,2570.4,247.6,2014-03-08T00:48:22Z,2014-03-08T01:23:46Z,0,136.0,16.0,136.0,16.0,136.0,14.9,142.3,14.7,108.0,0.335,103.0,0.188,98.0,0.106,93.0,0.0595,88.0,0.0335,83.0,0.0188,78.0,0.0106
3250,0.0137,-37.75,87.75,3675.0,2014-03-08T00:19:43Z,2014-03-08T00:54:48Z,4000000000.0,4112.6,226.61,2014-03-08T01:05:30Z,2014-03-08T01:41:07Z,1,138.1,16.0,138.1,16.0,138.1,14.9,144.4,14.7,106.0,0.227,101.0,0.127,96.0,0.0716,91.0,0.0403,86.0,0.0227,81.0,0.0127,76.0,0.00716
3274,0.0137,-37.75,87.75,3675.0,2014-03-08T00:19:43Z,2014-03-08T00:54:48Z,4000000000.0,4621.0,253.65,2014-03-08T01:11:22Z,2014-03-08T01:46:59Z,0,138.6,16.0,138.6,16.0,138.6,14.9,144.9,14.7,105.5,0.205,100.5,0.115,95.5,0.0648,90.5,0.0364,85.5,0.0205,80.5,0.0115,75.5,0.00648
3275,0.0137,-37.75,87.75,3675.0,2014-03-08T00:19:43Z,2014-03-08T00:54:48Z,4000000000.0,4619.0,253.66,2014-03-08T01:11:21Z,2014-03-08T01:46:58Z,0,138.6,16.0,138.6,16.0,138.6,14.9,144.9,14.7,105.5,0.205,100.5,0.115,95.5,0.0648,90.5,0.0364,85.5,0.0205,80.5,0.0115,75.5,0.00648
H01W,0.0207,-37.75,88.25,3676.0,2014-03-08T00:19:38Z,2014-03-08T00:54:31Z,4000000000.0,2335.6,254.47,2014-03-08T00:45:39Z,2014-03-08T01:21:01Z,0,135.6,12.5,135.6,12.5,135.6,11.0,141.9,10.7,108.4,0.361,103.4,0.203,98.4,0.114,93.4,0.0642,88.4,0.0361,83.4,0.0203,78.4,0.0114
H08S,0.0207,-37.75,88.25,3676.0,2014-03-08T00:19:38Z,2014-03-08T00:54:31Z,4000000000.0,3701.1,156.85,2014-03-08T01:00:54Z,2014-03-08T01:36:19Z,0,139.1,12.2,139.1,10.7,139.2,11.0,141.9,10.7,105.9,0.233,100.9,0.131,95.9,0.0737,90.9,0.0415,85.9,0.0233,80.9,0.0131,75.9,0.00737
3315,0.0207,-37.75,88.25,3676.0,2014-03-08T00:19:38Z,2014-03-08T00:54:31Z,4000000000.0,2521.4,247.45,2014-03-08T00:47:43Z,2014-03-08T01:23:03Z,0,135.9,16.0,135.9,16.0,135.9,14.9,142.2,14.7,108.1,0.34,103.1,0.191,98.1,0.107,93.1,0.0604,88.1,0.034,83.1,0.0191,78.1,0.0107
3376,0.0207,-37.75,88.25,3676.0,2014-03-08T00:19:38Z,2014-03-08T00:54:31Z,4000000000.0,2523.6,247.4,2014-03-08T00:47:45Z,2014-03-08T01:23:05Z,0,135.9,16.0,135.9,16.0,135.9,14.9,142.2,14.7,108.1,0.34,103.1,0.191,98.1,0.107,93.1,0.0604,88.1,0.034,83.1,0.0191,78.1,0.0107
3250,0.0207,-37.75,88.25,3676.0,2014-03-08T00:19:38Z,2014-03-08T00:54:31Z,4000000000.0,4072.3,226.24,2014-03-08T01:05:04Z,2014-03-08T01:40:32Z,1,138.0,16.0,138.0,16.0,138.0,14.9,144.3,14.7,106.0,0.228,101.0,0.128,96.0,0.0722,91.0,0.0406,86.0,0.0228,81.0,0.0128,76.0,0.00722
3274,0.0207,-37.75,88.25,3676.0,2014-03-08T00:19:38Z,2014-03-08T00:54:31Z,4000000000.0,4575.7,253.82,2014-03-08T01:10:40Z,2014-03-08T01:46:22Z,0,138.5,16.0,138.5,16.0,138.5,14.9,144.8,14.7,105.5,0.207,100.5,0.116,95.5,0.0654,90.5,0.0367,85.5,0.0207,80.5,0.0116,75.5,0.00654
3275,0.0207,-37.75,88.25,3676.0,2014-03-08T00:19:38Z,2014-03-08T00:54:31Z,4000000000.0,4573.6,253.83,2014-03-08T01:10:38Z,2014-03-08T01:46:20Z,0,138.5,16.0,138.5,16.0,138.5,14.9,144.8,14.7,105.5,0.207,100.5,0.116,95.5,0.0654,90.5,0.0368,85.5,0.0207,80.5,0.0116,75.5,0.00654
H01W,0.02385,-37.75,88.75,3549.0,2014-03-08T00:19:43Z,2014-03-08T00:54:58Z,4000000000.0,2295.4,254.6,2014-03-08T00:45:17Z,2014-03-08T01:20:49Z,0,135.5,12.5,135.5,12.5,135.5,11.0,141.8,10.7,108.5,0.366,103.5,0.206,98.5,0.116,93.5,0.0651,88.5,0.0366,83.5,0.0206,78.5,0.0116
H08S,0.02385,-37.75,88.75,3549.0,2014-03-08T00:19:43Z,2014-03-08T00:54:58Z,4000000000.0,3716.6,156.23,2014-03-08T01:01:01Z,2014-03-08T01:36:57Z,0,139.1,12.2,139.1,10.7,139.2,11.0,141.9,10.7,105.9,0.232,100.9,0.131,95.9,0.0735,90.9,0.0413,85.9,0.0232,80.9,0.0131,75.9,0.00735
3315,0.02385,-37.75,88.75,3549.0,2014-03-08T00:19:43Z,2014-03-08T00:54:58Z,4000000000.0,2480.1,247.47,2014-03-08T00:47:19Z,2014-03-08T01:22:55Z,0,135.9,16.0,135.9,16.0,135.9,14.9,142.2,14.7,108.2,0.344,103.2,0.194,98.2,0.109,93.2,0.0612,88.2,0.0344,83.2,0.0194,78.2,0.0109
3376,0.02385,-37.75,88.75,3549.0,2014-03-08T00:19:43Z,2014-03-08T00:54:58Z,4000000000.0,2482.3,247.42,2014-03-08T00:47:20Z,2014-03-08T01:22:57Z,0,135.9,16.0,135.9,16.0,135.9,14.9,142.2,14.7,108.2,0.344,103.2,0.194,98.2,0.109,93.2,0.0612,88.2,0.0344,83.2,0.0194,78.2,0.0109
3250,0.02385,-37.75,88.75,3549.0,2014-03-08T00:19:43Z,2014-03-08T00:54:58Z,4000000000.0,4034.1,226.03,2014-03-08T01:04:35Z,2014-03-08T01:40:30Z,1,138.0,16.0,138.0,16.0,138.0,14.9,144.3,14.7,106.1,0.23,101.1,0.13,96.1,0.0728,91.1,0.041,86.1,0.023,81.1,0.013,76.1,0.00728
3274,0.02385,-37.75,88.75,3549.0,2014-03-08T00:19:43Z,2014-03-08T00:54:58Z,4000000000.0,4538.2,254.06,2014-03-08T01:10:24Z,2014-03-08T01:46:03Z,0,138.5,16.0,138.5,16.0,138.5,14.9,144.8,14.7,105.5,0.208,100.5,0.117,95.5,0.0658,90.5,0.037,85.5,0.0208,80.5,0.0117,75.5,0.00658
3275,0.02385,-37.75,88.75,3549.0,2014-03-08T00:19:43Z,2014-03-08T00:54:58Z,4000000000.0,4536.2,254.07,2014-03-08T01:10:22Z,2014-03-08T01:46:02Z,0,138.5,16.0,138.5,16.0,138.5,14.9,144.8,14.7,105.5,0.208,100.5,0.117,95.5,0.0658,90.5,0.037,85.5,0.0208,80.5,0.0117,75.5,0.00658
H01W,0.01945,-37.75,89.25,3744.0,2014-03-08T00:19:37Z,2014-03-08T00:54:52Z,4000000000.0,2252.1,254.79,2014-03-08T00:44:38Z,2014-03-08T01:20:20Z,0,135.5,12.5,135.5,12.5,135.5,11.0,141.7,10.7,108.6,0.372,103.6,0.209,98.6,0.118,93.6,0.0661,88.6,0.0372,83.6,0.0209,78.6,0.0118
H08S,0.01945,-37.75,89.25,3744.0,2014-03-08T00:19:37Z,2014-03-08T00:54:52Z,4000000000.0,3732.8,155.59,2014-03-08T01:01:08Z,2014-03-08T01:37:14Z,0,139.1,12.2,139.1,10.7,139.2,11.0,141.9,10.7,105.9,0.231,100.9,0.13,95.9,0.0732,90.9,0.0412,85.9,0.0231,80.9,0.013,75.9,0.00732
3315,0.01945,-37.75,89.25,3744.0,2014-03-08T00:19:37Z,2014-03-08T00:54:52Z,4000000000.0,2436.5,247.51,2014-03-08T00:46:42Z,2014-03-08T01:22:25Z,0,135.8,16.0,135.8,16.0,135.8,14.9,142.1,14.7,108.2,0.349,103.2,0.196,98.2,0.11,93.2,0.0621,88.2,0.0349,83.2,0.0196,78.2,0.011
3376,0.01945,-37.75,89.25,3744.0,2014-03-08T00:19:37Z,2014-03-08T00:54:52Z,4000000000.0,2438.6,247.45,2014-03-08T00:46:43Z,2014-03-08T01:22:27Z,0,135.8,16.0,135.8,16.0,135.8,14.9,142.1,14.7,108.2,0.349,103.2,0.196,98.2,0.11,93.2,0.0621,88.2,0.0349,83.2,0.0196,78.2,0.011
3250,0.01945,-37.75,89.25,3744.0,2014-03-08T00:19:37Z,2014-03-08T00:54:52Z,4000000000.0,3994.1,225.8,2014-03-08T01:04:08Z,2014-03-08T01:39:57Z,1,137.9,16.0,137.9,16.0,137.9,14.9,144.2,14.7,106.1,0.232,101.1,0.131,96.1,0.0735,91.1,0.0413,86.1,0.0232,81.1,0.0131,76.1,0.00735
3274,0.01945,-37.75,89.25,3744.0,2014-03-08T00:19:37Z,2014-03-08T00:54:52Z,4000000000.0,4500.0,254.33,2014-03-08T01:09:42Z,2014-03-08T01:45:41Z,0,138.5,16.0,138.5,16.0,138.5,14.9,144.7,14.7,105.6,0.21,100.6,0.118,95.6,0.0663,90.6,0.0373,85.6,0.021,80.6,0.0118,75.6,0.00663
3275,0.01945,-37.75,89.25,3744.0,2014-03-08T00:19:37Z,2014-03-08T00:54:52Z,4000000000.0,4498.0,254.35,2014-03-08T01:09:40Z,2014-03-08T01:45:40Z,0,138.5,16.0,138.5,16.0,138.5,14.9,144.7,14.7,105.6,0.21,100.6,0.118,95.6,0.0663,90.6,0.0373,85.6,0.021,80.6,0.0118,75.6,0.00663
H01W,0.01055,-37.75,89.75,3786.0,2014-03-08T00:19:57Z,2014-03-08T00:54:57Z,4000000000.0,2207.4,254.67,2014-03-08T00:44:43Z,2014-03-08T01:19:56Z,0,135.4,12.5,135.4,12.5,135.4,11.0,141.6,10.7,108.7,0.378,103.7,0.212,98.7,0.119,93.7,0.0672,88.7,0.0378,83.7,0.0212,78.7,0.0119
H08S,0.01055,-37.75,89.75,3786.0,2014-03-08T00:19:57Z,2014-03-08T00:54:57Z,4000000000.0,3760.0,155.0,2014-03-08T01:01:51Z,2014-03-08T01:37:27Z,0,139.2,12.2,139.2,10.7,139.2,11.0,142.0,10.7,105.8,0.23,100.8,0.129,95.8,0.0728,90.8,0.0409,85.8,0.023,80.8,0.0129,75.8,0.00728
3315,0.01055,-37.75,89.75,3786.0,2014-03-08T00:19:57Z,2014-03-08T00:54:57Z,4000000000.0,2393.2,247.24,2014-03-08T00:46:47Z,2014-03-08T01:22:03Z,0,135.7,16.0,135.7,16.0,135.7,14.9,142.0,14.7,108.3,0.354,103.3,0.199,98.3,0.112,93.3,0.063,88.3,0.0354,83.3,0.0199,78.3,0.0112
3376,0.01055,-37.75,89.75,3786.0,2014-03-08T00:19:57Z,2014-03-08T00:54:57Z,4000000000.0,2395.4,247.19,2014-03-08T00:46:49Z,2014-03-08T01:22:05Z,0,135.7,16.0,135.7,16.0,135.7,14.9,142.0,14.7,108.3,0.354,103.3,0.199,98.3,0.112,93.3,0.063,88.3,0.0354,83.3,0.0199,78.3,0.0112
3250,0.01055,-37.75,89.75,3786.0,2014-03-08T00:19:57Z,2014-03-08T00:54:57Z,4000000000.0,3957.5,225.4,2014-03-08T01:04:14Z,2014-03-08T01:39:45Z,1,137.9,16.0,137.9,16.0,137.9,14.9,144.2,14.7,106.1,0.234,101.1,0.132,96.1,0.074,91.1,0.0416,86.1,0.0234,81.1,0.0132,76.1,0.0074
3274,0.01055,-37.75,89.75,3786.0,2014-03-08T00:19:57Z,2014-03-08T00:54:57Z,4000000000.0,4455.3,254.48,2014-03-08T01:09:51Z,2014-03-08T01:45:14Z,0,138.4,16.0,138.4,16.0,138.4,14.9,144.7,14.7,105.6,0.211,100.6,0.119,95.6,0.0669,90.6,0.0376,85.6,0.0211,80.6,0.0119,75.6,0.00669
3275,0.01055,-37.75,89.75,3786.0,2014-03-08T00:19:57Z,2014-03-08T00:54:57Z,4000000000.0,4453.3,254.49,2014-03-08T01:09:49Z,2014-03-08T01:45:12Z,0,138.4,16.0,138.4,16.0,138.4,14.9,144.7,14.7,105.6,0.212,100.6,0.119,95.6,0.0669,90.6,0.0376,85.6,0.0212,80.6,0.0119,75.6,0.00669
H01W,0.00695,-37.75,90.25,3796.0,2014-03-08T00:19:42Z,2014-03-08T00:54:36Z,4000000000.0,2161.9,254.62,2014-03-08T00:43:42Z,2014-03-08T01:19:00Z,0,135.3,12.5,135.3,12.5,135.3,11.0,141.6,10.7,108.8,0.384,103.8,0.216,98.8,0.121,93.8,0.0683,88.8,0.0384,83.8,0.0216,78.8,0.0121
H08S,0.00695,-37.75,90.25,3796.0,2014-03-08T00:19:42Z,2014-03-08T00:54:36Z,4000000000.0,3782.7,154.41,2014-03-08T01:01:58Z,2014-03-08T01:37:08Z,0,139.2,12.2,139.2,10.7,139.3,11.0,142.0,10.7,105.8,0.229,100.8,0.129,95.8,0.0724,90.8,0.0407,85.8,0.0229,80.8,0.0129,75.8,0.00724
3315,0.00695,-37.75,90.25,3796.0,2014-03-08T00:19:42Z,2014-03-08T00:54:36Z,4000000000.0,2348.3,247.09,2014-03-08T00:45:46Z,2014-03-08T01:21:06Z,0,135.6,16.0,135.6,16.0,135.6,14.9,141.9,14.7,108.4,0.36,103.4,0.202,98.4,0.114,93.4,0.064,88.4,0.036,83.4,0.0202,78.4,0.0114
3376,0.00695,-37.75,90.25,3796.0,2014-03-08T00:19:42Z,2014-03-08T00:54:36Z,4000000000.0,2350.5,247.04,2014-03-08T00:45:47Z,2014-03-08T01:21:08Z,0,135.6,16.0,135.6,16.0,135.6,14.9,141.9,14.7,108.4,0.359,103.4,0.202,98.4,0.114,93.4,0.0639,88.4,0.0359,83.4,0.0202,78.4,0.0114
3250,0.00695,-37.75,90.25,3796.0,2014-03-08T00:19:42Z,2014-03-08T00:54:36Z,4000000000.0,3918.6,225.06,2014-03-08T01:03:16Z,2014-03-08T01:38:48Z,1,137.9,16.0,137.9,16.0,137.9,14.9,144.1,14.7,106.2,0.236,101.2,0.133,96.2,0.0747,91.2,0.042,86.2,0.0236,81.2,0.0133,76.2,0.00747
3274,0.00695,-37.75,90.25,3796.0,2014-03-08T00:19:42Z,2014-03-08T00:54:36Z,4000000000.0,4413.1,254.63,2014-03-08T01:08:53Z,2014-03-08T01:44:22Z,0,138.4,16.0,138.4,16.0,138.4,14.9,144.7,14.7,105.7,0.213,100.7,0.12,95.7,0.0674,90.7,0.0379,85.7,0.0213,80.7,0.012,75.7,0.00674
3275,0.00695,-37.75,90.25,3796.0,2014-03-08T00:19:42Z,2014-03-08T00:54:36Z,4000000000.0,4411.1,254.64,2014-03-08T01:08:51Z,2014-03-08T01:44:21Z,0,138.4,16.0,138.4,16.0,138.4,14.9,144.7,14.7,105.7,0.213,100.7,0.12,95.7,0.0675,90.7,0.0379,85.7,0.0213,80.7,0.012,75.7,0.00675
H01W,0.0044,-37.75,90.75,3872.0,2014-03-08T00:19:50Z,2014-03-08T00:54:58Z,4000000000.0,2120.0,254.52,2014-03-08T00:43:22Z,2014-03-08T01:18:48Z,0,135.2,12.5,135.2,12.5,135.2,11.0,141.5,10.7,108.8,0.39,103.8,0.219,98.8,0.123,93.8,0.0693,88.8,0.039,83.8,0.0219,78.8,0.0123
H08S,0.0044,-37.75,90.75,3872.0,2014-03-08T00:19:50Z,2014-03-08T00:54:58Z,4000000000.0,3806.9,153.83,2014-03-08T01:02:17Z,2014-03-08T01:37:54Z,0,139.2,12.2,139.2,10.7,139.3,11.0,142.0,10.7,105.8,0.228,100.8,0.128,95.8,0.072,90.8,0.0405,85.8,0.0228,80.8,0.0128,75.8,0.0072
3315,0.0044,-37.75,90.75,3872.0,2014-03-08T00:19:50Z,2014-03-08T00:54:58Z,4000000000.0,2306.1,246.83,2014-03-08T00:45:28Z,2014-03-08T01:20:53Z,0,135.6,16.0,135.6,16.0,135.6,14.9,141.8,14.7,108.5,0.365,103.5,0.205,98.5,0.115,93.5,0.0649,88.5,0.0365,83.5,0.0205,78.5,0.0115
3376,0.0044,-37.75,90.75,3872.0,2014-03-08T00:19:50Z,2014-03-08T00:54:58Z,4000000000.0,2308.3,246.77,2014-03-08T00:45:29Z,2014-03-08T01:20:55Z,0,135.6,16.0,135.6,16.0,135.6,14.9,141.8,14.7,108.5,0.365,103.5,0.205,98.5,0.115,93.5,0.0648,88.5,0.0365,83.5,0.0205,78.5,0.0115
3250,0.0044,-37.75,90.75,3872.0,2014-03-08T00:19:50Z,2014-03-08T00:54:58Z,4000000000.0,3882.2,224.71,2014-03-08T01:03:07Z,2014-03-08T01:38:38Z,1,137.8,16.0,137.8,16.0,137.8,14.9,144.1,14.7,106.2,0.238,101.2,0.134,96.2,0.0753,91.2,0.0423,86.2,0.0238,81.2,0.0134,76.2,0.00753
3274,0.0044,-37.75,90.75,3872.0,2014-03-08T00:19:50Z,2014-03-08T00:54:58Z,4000000000.0,4371.4,254.82,2014-03-08T01:08:30Z,2014-03-08T01:44:13Z,0,138.3,16.0,138.3,16.0,138.3,14.9,144.6,14.7,105.7,0.215,100.7,0.121,95.7,0.068,90.7,0.0382,85.7,0.0215,80.7,0.0121,75.7,0.0068
3275,0.0044,-37.75,90.75,3872.0,2014-03-08T00:19:50Z,2014-03-08T00:54:58Z,4000000000.0,4369.4,254.83,2014-03-08T01:08:29Z,2014-03-08T01:44:12Z,0,138.3,16.0,138.3,16.0,138.3,14.9,144.6,14.7,105.7,0.215,100.7,0.121,95.7,0.068,90.7,0.0382,85.7,0.0215,80.7,0.0121,75.7,0.0068
H01W,0.004,-37.75,91.25,3904.0,2014-03-08T00:19:40Z,2014-03-08T00:54:56Z,4000000000.0,2076.2,254.55,2014-03-08T00:42:45Z,2014-03-08T01:18:25Z,0,135.1,12.5,135.1,12.5,135.1,11.0,141.4,10.7,108.9,0.396,103.9,0.223,98.9,0.125,93.9,0.0705,88.9,0.0396,83.9,0.0223,78.9,0.0125
H08S,0.004,-37.75,91.25,3904.0,2014-03-08T00:19:40Z,2014-03-08T00:54:56Z,4000000000.0,3832.1,153.27,2014-03-08T01:02:35Z,2014-03-08T01:38:23Z,0,139.3,12.2,139.3,10.7,139.3,11.0,142.0,10.7,105.7,0.226,100.7,0.127,95.7,0.0716,90.7,0.0403,85.7,0.0226,80.7,0.0127,75.7,0.00716
3315,0.004,-37.75,91.25,3904.0,2014-03-08T00:19:40Z,2014-03-08T00:54:56Z,4000000000.0,2264.5,246.74,2014-03-08T00:44:51Z,2014-03-08T01:20:33Z,0,135.5,16.0,135.5,16.0,135.5,14.9,141.8,14.7,108.6,0.37,103.6,0.208,98.6,0.117,93.6,0.0658,88.6,0.037,83.6,0.0208,78.6,0.0117
3376,0.004,-37.75,91.25,3904.0,2014-03-08T00:19:40Z,2014-03-08T00:54:56Z,4000000000.0,2266.7,246.68,2014-03-08T00:44:52Z,2014-03-08T01:20:34Z,0,135.5,16.0,135.5,16.0,135.5,14.9,141.8,14.7,108.6,0.37,103.6,0.208,98.6,0.117,93.6,0.0658,88.6,0.037,83.6,0.0208,78.6,0.0117
3250,0.004,-37.75,91.25,3904.0,2014-03-08T00:19:40Z,2014-03-08T00:54:56Z,4000000000.0,3845.6,224.34,2014-03-08T01:02:32Z,2014-03-08T01:38:24Z,1,137.8,16.0,137.8,16.0,137.8,14.9,144.1,14.7,106.3,0.24,101.3,0.135,96.3,0.0759,91.3,0.0427,86.3,0.024,81.3,0.0135,76.3,0.00759
3274,0.004,-37.75,91.25,3904.0,2014-03-08T00:19:40Z,2014-03-08T00:54:56Z,4000000000.0,4331.2,255.0,2014-03-08T01:07:55Z,2014-03-08T01:43:48Z,0,138.3,16.0,138.3,16.0,138.3,14.9,144.6,14.7,105.7,0.217,100.7,0.122,95.7,0.0685,90.7,0.0385,85.7,0.0217,80.7,0.0122,75.7,0.00685
3275,0.004,-37.75,91.25,3904.0,2014-03-08T00:19:40Z,2014-03-08T00:54:56Z,4000000000.0,4329.2,255.02,2014-03-08T01:07:54Z,2014-03-08T01:43:46Z,0,138.3,16.0,138.3,16.0,138.3,14.9,144.6,14.7,105.7,0.217,100.7,0.122,95.7,0.0686,90.7,0.0385,85.7,0.0217,80.7,0.0122,75.7,0.00686
H01W,0.0024,-37.75,91.75,3867.0,2014-03-08T00:21:47Z,2014-03-08T00:54:55Z,4000000000.0,2032.4,254.43,2014-03-08T00:44:26Z,2014-03-08T01:17:57Z,0,135.0,12.5,135.0,12.5,135.0,11.0,141.3,10.7,109.0,0.403,104.0,0.227,99.0,0.127,94.0,0.0716,89.0,0.0403,84.0,0.0227,79.0,0.0127
H08S,0.0024,-37.75,91.75,3867.0,2014-03-08T00:21:47Z,2014-03-08T00:54:55Z,4000000000.0,3861.0,152.65,2014-03-08T01:04:45Z,2014-03-08T01:38:13Z,0,139.3,12.2,139.3,10.7,139.4,11.0,142.1,10.7,105.7,0.225,100.7,0.127,95.7,0.0711,90.7,0.04,85.7,0.0225,80.7,0.0127,75.7,0.00711
3315,0.0024,-37.75,91.75,3867.0,2014-03-08T00:21:47Z,2014-03-08T00:54:55Z,4000000000.0,2221.0,246.44,2014-03-08T00:46:31Z,2014-03-08T01:20:03Z,0,135.4,16.0,135.4,16.0,135.4,14.9,141.7,14.7,108.6,0.376,103.6,0.211,98.6,0.119,93.6,0.0668,88.6,0.0376,83.6,0.0211,78.6,0.0119
3376,0.0024,-37.75,91.75,3867.0,2014-03-08T00:21:47Z,2014-03-08T00:54:55Z,4000000000.0,2223.2,246.38,2014-03-08T00:46:32Z,2014-03-08T01:20:04Z,0,135.4,16.0,135.4,16.0,135.4,14.9,141.7,14.7,108.6,0.376,103.6,0.211,98.6,0.119,93.6,0.0668,88.6,0.0376,83.6,0.0211,78.6,0.0119
3250,0.0024,-37.75,91.75,3867.0,2014-03-08T00:21:47Z,2014-03-08T00:54:55Z,4000000000.0,3806.4,223.9,2014-03-08T01:04:12Z,2014-03-08T01:37:52Z,1,137.7,16.0,137.7,16.0,137.7,14.9,144.0,14.7,106.3,0.242,101.3,0.136,96.3,0.0765,91.3,0.043,86.3,0.0242,81.3,0.0136,76.3,0.00765
3274,0.0024,-37.75,91.75,3867.0,2014-03-08T00:21:47Z,2014-03-08T00:54:55Z,4000000000.0,4287.2,255.19,2014-03-08T01:09:41Z,2014-03-08T01:43:26Z,0,138.2,16.0,138.2,16.0,138.2,14.9,144.5,14.7,105.8,0.219,100.8,0.123,95.8,0.0691,90.8,0.0389,85.8,0.0219,80.8,0.0123,75.8,0.00691
3275,0.0024,-37.75,91.75,3867.0,2014-03-08T00:21:47Z,2014-03-08T00:54:55Z,4000000000.0,4285.2,255.2,2014-03-08T01:09:40Z,2014-03-08T01:43:25Z,0,138.2,16.0,138.2,16.0,138.2,14.9,144.5,14.7,105.8,0.219,100.8,0.123,95.8,0.0692,90.8,0.0389,85.8,0.0219,80.8,0.0123,75.8,0.00692
H01W,0.0013,-37.75,92.25,3849.0,2014-03-08T00:20:10Z,2014-03-08T00:52:06Z,4000000000.0,1996.7,254.38,2014-03-08T00:42:16Z,2014-03-08T01:14:32Z,0,134.9,12.5,134.9,12.5,134.9,11.0,141.2,10.7,109.1,0.408,104.1,0.23,99.1,0.129,94.1,0.0726,89.1,0.0408,84.1,0.023,79.1,0.0129
H08S,0.0013,-37.75,92.25,3849.0,2014-03-08T00:20:10Z,2014-03-08T00:52:06Z,4000000000.0,3882.5,152.15,2014-03-08T01:03:29Z,2014-03-08T01:35:53Z,0,139.3,12.2,139.3,10.7,139.4,11.0,142.1,10.7,105.7,0.224,100.7,0.126,95.7,0.0708,90.7,0.0398,85.7,0.0224,80.7,0.0126,75.7,0.00708
3315,0.0013,-37.75,92.25,3849.0,2014-03-08T00:20:10Z,2014-03-08T00:52:06Z,4000000000.0,2184.5,246.24,2014-03-08T00:44:21Z,2014-03-08T01:16:39Z,0,135.3,16.0,135.3,16.0,135.3,14.9,141.6,14.7,108.7,0.381,103.7,0.214,98.7,0.12,93.7,0.0677,88.7,0.0381,83.7,0.0214,78.7,0.012
3376,0.0013,-37.75,92.25,3849.0,2014-03-08T00:20:10Z,2014-03-08T00:52:06Z,4000000000.0,2186.7,246.19,2014-03-08T00:44:22Z,2014-03-08T01:16:41Z,0,135.3,16.0,135.3,16.0,135.3,14.9,141.6,14.7,108.7,0.38,103.7,0.214,98.7,0.12,93.7,0.0677,88.7,0.038,83.7,0.0214,78.7,0.012
3250,0.0013,-37.75,92.25,3849.0,2014-03-08T00:20:10Z,2014-03-08T00:52:06Z,4000000000.0,3772.0,223.58,2014-03-08T01:02:06Z,2014-03-08T01:34:37Z,1,137.7,16.0,137.7,16.0,137.7,14.9,144.0,14.7,106.3,0.244,101.3,0.137,96.3,0.0771,91.3,0.0434,86.3,0.0244,81.3,0.0137,76.3,0.00771
3274,0.0013,-37.75,92.25,3849.0,2014-03-08T00:20:10Z,2014-03-08T00:52:06Z,4000000000.0,4253.0,255.32,2014-03-08T01:07:32Z,2014-03-08T01:40:00Z,0,138.2,16.0,138.2,16.0,138.2,14.9,144.5,14.7,105.8,0.22,100.8,0.124,95.8,0.0696,90.8,0.0391,85.8,0.022,80.8,0.0124,75.8,0.00696
3275,0.0013,-37.75,92.25,3849.0,2014-03-08T00:20:10Z,2014-03-08T00:52:06Z,4000000000.0,4251.0,255.33,2014-03-08T01:07:31Z,2014-03-08T01:39:58Z,0,138.2,16.0,138.2,16.0,138.2,14.9,144.5,14.7,105.8,0.22,100.8,0.124,95.8,0.0696,90.8,0.0392,85.8,0.022,80.8,0.0124,75.8,0.00696
H01W,0.00045,-37.75,92.75,3884.0,2014-03-08T00:21:30Z,2014-03-08T00:45:16Z,4000000000.0,1952.6,254.37,2014-03-08T00:42:58Z,2014-03-08T01:07:03Z,0,134.8,12.5,134.8,12.5,134.8,11.0,141.1,10.7,109.2,0.415,104.2,0.234,99.2,0.131,94.2,0.0739,89.2,0.0415,84.2,0.0234,79.2,0.0131
H08S,0.00045,-37.75,92.75,3884.0,2014-03-08T00:21:30Z,2014-03-08T00:45:16Z,4000000000.0,3908.4,151.45,2014-03-08T01:05:09Z,2014-03-08T01:29:27Z,0,139.3,12.2,139.3,10.7,139.4,11.0,142.1,10.7,105.7,0.223,100.7,0.125,95.7,0.0704,90.7,0.0396,85.7,0.0223,80.7,0.0125,75.7,0.00704
3315,0.00045,-37.75,92.75,3884.0,2014-03-08T00:21:30Z,2014-03-08T00:45:16Z,4000000000.0,2138.3,246.1,2014-03-08T00:45:03Z,2014-03-08T01:09:12Z,0,135.2,16.0,135.2,16.0,135.2,14.9,141.5,14.7,108.8,0.387,103.8,0.218,98.8,0.122,93.8,0.0689,88.8,0.0387,83.8,0.0218,78.8,0.0122
3376,0.00045,-37.75,92.75,3884.0,2014-03-08T00:21:30Z,2014-03-08T00:45:16Z,4000000000.0,2140.5,246.04,2014-03-08T00:45:05Z,2014-03-08T01:09:13Z,0,135.2,16.0,135.2,16.0,135.2,14.9,141.5,14.7,108.8,0.387,103.8,0.218,98.8,0.122,93.8,0.0688,88.8,0.0387,83.8,0.0218,78.8,0.0122
3250,0.00045,-37.75,92.75,3884.0,2014-03-08T00:21:30Z,2014-03-08T00:45:16Z,4000000000.0,3728.1,223.23,2014-03-08T01:02:53Z,2014-03-08T01:27:15Z,1,137.6,16.0,137.6,16.0,137.6,14.9,143.9,14.7,106.4,0.246,101.4,0.138,96.4,0.0779,91.4,0.0438,86.4,0.0246,81.4,0.0138,76.4,0.00779
3274,0.00045,-37.75,92.75,3884.0,2014-03-08T00:21:30Z,2014-03-08T00:45:16Z,4000000000.0,4203.2,255.59,2014-03-08T01:08:17Z,2014-03-08T01:32:32Z,0,138.2,16.0,138.2,16.0,138.2,14.9,144.4,14.7,105.9,0.222,100.9,0.125,95.9,0.0703,90.9,0.0395,85.9,0.0222,80.9,0.0125,75.9,0.00703
3275,0.00045,-37.75,92.75,3884.0,2014-03-08T00:21:30Z,2014-03-08T00:45:16Z,4000000000.0,4201.2,255.61,2014-03-08T01:08:15Z,2014-03-08T01:32:31Z,0,138.2,16.0,138.2,16.0,138.2,14.9,144.4,14.7,105.9,0.222,100.9,0.125,95.9,0.0703,90.9,0.0396,85.9,0.0222,80.9,0.0125,75.9,0.00703
H01W,5e-05,-37.75,93.25,3889.0,2014-03-08T00:26:42Z,2014-03-08T00:26:42Z,4000000000.0,1903.4,254.97,2014-03-08T00:47:58Z,2014-03-08T00:48:10Z,0,134.7,12.5,134.7,12.5,134.7,11.0,141.0,10.7,109.3,0.424,104.3,0.238,99.3,0.134,94.3,0.0753,89.3,0.0424,84.3,0.0238,79.3,0.0134
H08S,5e-05,-37.75,93.25,3889.0,2014-03-08T00:26:42Z,2014-03-08T00:26:42Z,4000000000.0,3916.4,150.85,2014-03-08T01:10:27Z,2014-03-08T01:10:52Z,0,139.4,12.2,139.4,10.7,139.4,11.0,142.1,10.7,105.7,0.222,100.7,0.125,95.7,0.0703,90.7,0.0395,85.7,0.0222,80.7,0.0125,75.7,0.00703
3315,5e-05,-37.75,93.25,3889.0,2014-03-08T00:26:42Z,2014-03-08T00:26:42Z,4000000000.0,2090.3,246.43,2014-03-08T00:50:03Z,2014-03-08T00:50:16Z,0,135.1,16.0,135.1,16.0,135.1,14.9,141.4,14.7,108.9,0.394,103.9,0.222,98.9,0.125,93.9,0.0701,88.9,0.0394,83.9,0.0222,78.9,0.0125
3376,5e-05,-37.75,93.25,3889.0,2014-03-08T00:26:42Z,2014-03-08T00:26:42Z,4000000000.0,2092.5,246.37,2014-03-08T00:50:04Z,2014-03-08T00:50:18Z,0,135.1,16.0,135.1,16.0,135.1,14.9,141.4,14.7,108.9,0.394,103.9,0.221,98.9,0.125,93.9,0.07,88.9,0.0394,83.9,0.0221,78.9,0.0125
3250,5e-05,-37.75,93.25,3889.0,2014-03-08T00:26:42Z,2014-03-08T00:26:42Z,4000000000.0,3688.3,223.11,2014-03-08T01:07:54Z,2014-03-08T01:08:17Z,1,137.6,16.0,137.6,16.0,137.6,14.9,143.9,14.7,106.4,0.249,101.4,0.14,96.4,0.0786,91.4,0.0442,86.4,0.0249,81.4,0.014,76.4,0.00786
3274,5e-05,-37.75,93.25,3889.0,2014-03-08T00:26:42Z,2014-03-08T00:26:42Z,4000000000.0,4171.6,256.03,2014-03-08T01:13:18Z,2014-03-08T01:13:44Z,0,138.1,16.0,138.1,16.0,138.1,14.9,144.4,14.7,105.9,0.224,100.9,0.126,95.9,0.0708,90.9,0.0398,85.9,0.0224,80.9,0.0126,75.9,0.00708
3275,5e-05,-37.75,93.25,3889.0,2014-03-08T00:26:42Z,2014-03-08T00:26:42Z,4000000000.0,4169.6,256.05,2014-03-08T01:13:17Z,2014-03-08T01:13:43Z,0,138.1,16.0,138.1,16.0,138.1,14.9,144.4,14.7,105.9,0.224,100.9,0.126,95.9,0.0708,90.9,0.0398,85.9,0.0224,80.9,0.0126,75.9,0.00708
H01W,0.0002,-37.25,84.25,3904.0,2014-03-08T00:29:12Z,2014-03-08T00:42:53Z,4000000000.0,2674.6,255.28,2014-03-08T00:59:03Z,2014-03-08T01:13:17Z,0,136.2,12.5,136.2,12.5,136.2,11.0,142.5,10.7,107.8,0.324,102.8,0.182,97.8,0.102,92.8,0.0576,87.8,0.0324,82.8,0.0182,77.8,0.0102
H08S,0.0002,-37.25,84.25,3904.0,2014-03-08T00:29:12Z,2014-03-08T00:42:53Z,4000000000.0,3510.3,161.58,2014-03-08T01:08:27Z,2014-03-08T01:22:26Z,1,138.9,12.2,138.9,10.7,138.9,11.0,141.7,10.7,106.1,0.244,101.1,0.137,96.1,0.0771,91.1,0.0434,86.1,0.0244,81.1,0.0137,76.1,0.00771
3315,0.0002,-37.25,84.25,3904.0,2014-03-08T00:29:12Z,2014-03-08T00:42:53Z,4000000000.0,2853.2,249.07,2014-03-08T01:01:03Z,2014-03-08T01:15:18Z,0,136.5,16.0,136.5,16.0,136.5,14.9,142.8,14.7,107.6,0.308,102.6,0.173,97.6,0.0973,92.6,0.0547,87.6,0.0308,82.6,0.0173,77.6,0.00973
3376,0.0002,-37.25,84.25,3904.0,2014-03-08T00:29:12Z,2014-03-08T00:42:53Z,4000000000.0,2855.3,249.02,2014-03-08T01:01:05Z,2014-03-08T01:15:19Z,0,136.5,16.0,136.5,16.0,136.5,14.9,142.8,14.7,107.6,0.307,102.6,0.173,97.6,0.0972,92.6,0.0547,87.6,0.0307,82.6,0.0173,77.6,0.00972
3250,0.0002,-37.25,84.25,3904.0,2014-03-08T00:29:12Z,2014-03-08T00:42:53Z,4000000000.0,4354.7,229.02,2014-03-08T01:17:51Z,2014-03-08T01:32:15Z,1,138.3,16.0,138.3,16.0,138.3,14.9,144.6,14.7,105.7,0.216,100.7,0.121,95.7,0.0682,90.7,0.0384,85.7,0.0216,80.7,0.0121,75.7,0.00682
3274,0.0002,-37.25,84.25,3904.0,2014-03-08T00:29:12Z,2014-03-08T00:42:53Z,4000000000.0,4910.4,252.93,2014-03-08T01:24:01Z,2014-03-08T01:38:27Z,0,138.8,16.0,138.8,16.0,138.8,14.9,145.1,14.7,105.2,0.194,100.2,0.109,95.2,0.0615,90.2,0.0346,85.2,0.0194,80.2,0.0109,75.2,0.00615
3275,0.0002,-37.25,84.25,3904.0,2014-03-08T00:29:12Z,2014-03-08T00:42:53Z,4000000000.0,4908.4,252.94,2014-03-08T01:23:59Z,2014-03-08T01:38:26Z,0,138.8,16.0,138.8,16.0,138.8,14.9,145.1,14.7,105.2,0.194,100.2,0.109,95.2,0.0615,90.2,0.0346,85.2,0.0194,80.2,0.0109,75.2,0.00615
H01W,0.00065,-37.25,84.75,3809.0,2014-03-08T00:24:22Z,2014-03-08T00:51:54Z,4000000000.0,2648.1,255.38,2014-03-08T00:54:05Z,2014-03-08T01:21:34Z,0,136.2,12.5,136.2,12.5,136.2,11.0,142.4,10.7,107.9,0.327,102.9,0.184,97.9,0.103,92.9,0.0581,87.9,0.0327,82.9,0.0184,77.9,0.0103
H08S,0.00065,-37.25,84.75,3809.0,2014-03-08T00:24:22Z,2014-03-08T00:51:54Z,4000000000.0,3520.1,161.06,2014-03-08T01:03:41Z,2014-03-08T01:31:32Z,1,138.9,12.2,138.9,10.7,139.0,11.0,141.7,10.7,106.1,0.243,101.1,0.137,96.1,0.0769,91.1,0.0433,86.1,0.0243,81.1,0.0137,76.1,0.00769
3315,0.00065,-37.25,84.75,3809.0,2014-03-08T00:24:22Z,2014-03-08T00:51:54Z,4000000000.0,2825.2,249.1,2014-03-08T00:56:05Z,2014-03-08T01:23:33Z,0,136.4,16.0,136.4,16.0,136.4,14.9,142.7,14.7,107.6,0.31,102.6,0.174,97.6,0.098,92.6,0.0551,87.6,0.031,82.6,0.0174,77.6,0.0098
3376,0.00065,-37.25,84.75,3809.0,2014-03-08T00:24:22Z,2014-03-08T00:51:54Z,4000000000.0,2827.3,249.05,2014-03-08T00:56:07Z,2014-03-08T01:23:35Z,0,136.4,16.0,136.4,16.0,136.4,14.9,142.7,14.7,107.6,0.31,102.6,0.174,97.6,0.098,92.6,0.0551,87.6,0.031,82.6,0.0174,77.6,0.0098
3250,0.00065,-37.25,84.75,3809.0,2014-03-08T00:24:22Z,2014-03-08T00:51:54Z,4000000000.0,4324.8,228.88,2014-03-08T01:12:54Z,2014-03-08T01:40:29Z,1,138.3,16.0,138.3,16.0,138.3,14.9,144.6,14.7,105.8,0.217,100.8,0.122,95.8,0.0686,90.8,0.0386,85.8,0.0217,80.8,0.0122,75.8,0.00686
3274,0.00065,-37.25,84.75,3809.0,2014-03-08T00:24:22Z,2014-03-08T00:51:54Z,4000000000.0,4886.6,253.07,2014-03-08T01:19:03Z,2014-03-08T01:46:50Z,0,138.8,16.0,138.8,16.0,138.8,14.9,145.1,14.7,105.2,0.195,100.2,0.11,95.2,0.0617,90.2,0.0347,85.2,0.0195,80.2,0.011,75.2,0.00617
3275,0.00065,-37.25,84.75,3809.0,2014-03-08T00:24:22Z,2014-03-08T00:51:54Z,4000000000.0,4884.6,253.08,2014-03-08T01:19:01Z,2014-03-08T01:46:49Z,0,138.8,16.0,138.8,16.0,138.8,14.9,145.1,14.7,105.2,0.195,100.2,0.11,95.2,0.0617,90.2,0.0347,85.2,0.0195,80.2,0.011,75.2,0.00617
H01W,0.0025,-37.25,85.25,3857.0,2014-03-08T00:21:47Z,2014-03-08T00:53:13Z,4000000000.0,2601.3,255.61,2014-03-08T00:50:56Z,2014-03-08T01:22:32Z,0,136.1,12.5,136.1,12.5,136.1,11.0,142.4,10.7,108.0,0.331,103.0,0.186,98.0,0.105,93.0,0.0589,88.0,0.0331,83.0,0.0186,78.0,0.0105
H08S,0.0025,-37.25,85.25,3857.0,2014-03-08T00:21:47Z,2014-03-08T00:53:13Z,4000000000.0,3531.2,160.34,2014-03-08T01:01:22Z,2014-03-08T01:33:05Z,0,138.9,12.2,138.9,10.7,139.0,11.0,141.7,10.7,106.1,0.243,101.1,0.136,96.1,0.0767,91.1,0.0431,86.1,0.0243,81.1,0.0136,76.1,0.00767
3315,0.0025,-37.25,85.25,3857.0,2014-03-08T00:21:47Z,2014-03-08T00:53:13Z,4000000000.0,2778.9,249.2,2014-03-08T00:52:56Z,2014-03-08T01:24:33Z,0,136.4,16.0,136.4,16.0,136.4,14.9,142.6,14.7,107.7,0.314,102.7,0.177,97.7,0.0994,92.7,0.0559,87.7,0.0314,82.7,0.0177,77.7,0.00994
3376,0.0025,-37.25,85.25,3857.0,2014-03-08T00:21:47Z,2014-03-08T00:53:13Z,4000000000.0,2781.0,249.15,2014-03-08T00:52:57Z,2014-03-08T01:24:34Z,0,136.4,16.0,136.4,16.0,136.4,14.9,142.7,14.7,107.7,0.314,102.7,0.177,97.7,0.0993,92.7,0.0558,87.7,0.0314,82.7,0.0177,77.7,0.00993
3250,0.0025,-37.25,85.25,3857.0,2014-03-08T00:21:47Z,2014-03-08T00:53:13Z,4000000000.0,4282.7,228.72,2014-03-08T01:09:49Z,2014-03-08T01:41:32Z,1,138.2,16.0,138.2,16.0,138.2,14.9,144.5,14.7,105.8,0.219,100.8,0.123,95.8,0.0692,90.8,0.0389,85.8,0.0219,80.8,0.0123,75.8,0.00692
3274,0.0025,-37.25,85.25,3857.0,2014-03-08T00:21:47Z,2014-03-08T00:53:13Z,4000000000.0,4844.3,253.38,2014-03-08T01:15:55Z,2014-03-08T01:47:48Z,0,138.8,16.0,138.8,16.0,138.8,14.9,145.1,14.7,105.3,0.197,100.3,0.111,95.3,0.0622,90.3,0.035,85.3,0.0197,80.3,0.0111,75.3,0.00622
3275,0.0025,-37.25,85.25,3857.0,2014-03-08T00:21:47Z,2014-03-08T00:53:13Z,4000000000.0,4842.3,253.39,2014-03-08T01:15:53Z,2014-03-08T01:47:47Z,0,138.8,16.0,138.8,16.0,138.8,14.9,145.1,14.7,105.3,0.197,100.3,0.111,95.3,0.0622,90.3,0.035,85.3,0.0197,80.3,0.0111,75.3,0.00622
H01W,0.00425,-37.25,85.75,3814.0,2014-03-08T00:20:59Z,2014-03-08T00:53:47Z,4000000000.0,2562.1,255.7,2014-03-08T00:49:26Z,2014-03-08T01:22:51Z,0,136.0,12.5,136.0,12.5,136.0,11.0,142.3,10.7,108.0,0.336,103.0,0.189,98.0,0.106,93.0,0.0597,88.0,0.0336,83.0,0.0189,78.0,0.0106
H08S,0.00425,-37.25,85.75,3814.0,2014-03-08T00:20:59Z,2014-03-08T00:53:47Z,4000000000.0,3545.5,159.71,2014-03-08T01:00:22Z,2014-03-08T01:33:38Z,0,138.9,12.2,138.9,10.7,139.0,11.0,141.7,10.7,106.1,0.242,101.1,0.136,96.1,0.0765,91.1,0.043,86.1,0.0242,81.1,0.0136,76.1,0.00765
3315,0.00425,-37.25,85.75,3814.0,2014-03-08T00:20:59Z,2014-03-08T00:53:47Z,4000000000.0,2739.2,249.2,2014-03-08T00:51:22Z,2014-03-08T01:24:51Z,0,136.3,16.0,136.3,16.0,136.3,14.9,142.6,14.7,107.7,0.318,102.7,0.179,97.7,0.101,92.7,0.0565,87.7,0.0318,82.7,0.0179,77.7,0.0101
3376,0.00425,-37.25,85.75,3814.0,2014-03-08T00:20:59Z,2014-03-08T00:53:47Z,4000000000.0,2741.3,249.15,2014-03-08T00:51:24Z,2014-03-08T01:24:53Z,0,136.3,16.0,136.3,16.0,136.3,14.9,142.6,14.7,107.7,0.318,102.7,0.179,97.7,0.1,92.7,0.0565,87.7,0.0318,82.7,0.0179,77.7,0.01
3250,0.00425,-37.25,85.75,3814.0,2014-03-08T00:20:59Z,2014-03-08T00:53:47Z,4000000000.0,4245.8,228.51,2014-03-08T01:08:07Z,2014-03-08T01:41:49Z,1,138.2,16.0,138.2,16.0,138.2,14.9,144.5,14.7,105.8,0.22,100.8,0.124,95.8,0.0697,90.8,0.0392,85.8,0.022,80.8,0.0124,75.8,0.00697
3274,0.00425,-37.25,85.75,3814.0,2014-03-08T00:20:59Z,2014-03-08T00:53:47Z,4000000000.0,4807.6,253.58,2014-03-08T01:14:37Z,2014-03-08T01:48:11Z,0,138.7,16.0,138.7,16.0,138.7,14.9,145.0,14.7,105.3,0.198,100.3,0.111,95.3,0.0626,90.3,0.0352,85.3,0.0198,80.3,0.0111,75.3,0.00626
3275,0.00425,-37.25,85.75,3814.0,2014-03-08T00:20:59Z,2014-03-08T00:53:47Z,4000000000.0,4805.6,253.6,2014-03-08T01:14:35Z,2014-03-08T01:48:10Z,0,138.7,16.0,138.7,16.0,138.7,14.9,145.0,14.7,105.3,0.198,100.3,0.111,95.3,0.0626,90.3,0.0352,85.3,0.0198,80.3,0.0111,75.3,0.00626
H01W,0.006,-37.25,86.25,3834.0,2014-03-08T00:19:46Z,2014-03-08T00:54:52Z,4000000000.0,2513.3,255.86,2014-03-08T00:48:03Z,2014-03-08T01:23:02Z,0,135.9,12.5,135.9,12.5,135.9,11.0,142.2,10.7,108.1,0.341,103.1,0.192,98.1,0.108,93.1,0.0606,88.1,0.0341,83.1,0.0192,78.1,0.0108
H08S,0.006,-37.25,86.25,3834.0,2014-03-08T00:19:46Z,2014-03-08T00:54:52Z,4000000000.0,3565.3,158.97,2014-03-08T00:59:14Z,2014-03-08T01:35:11Z,0,138.9,12.2,138.9,10.7,139.0,11.0,141.7,10.7,106.1,0.241,101.1,0.135,96.1,0.0761,91.1,0.0428,86.1,0.0241,81.1,0.0135,76.1,0.00761
3315,0.006,-37.25,86.25,3834.0,2014-03-08T00:19:46Z,2014-03-08T00:54:52Z,4000000000.0,2690.4,249.22,2014-03-08T00:50:00Z,2014-03-08T01:25:02Z,0,136.2,16.0,136.2,16.0,136.2,14.9,142.5,14.7,107.8,0.323,102.8,0.181,97.8,0.102,92.8,0.0574,87.8,0.0323,82.8,0.0181,77.8,0.0102
3376,0.006,-37.25,86.25,3834.0,2014-03-08T00:19:46Z,2014-03-08T00:54:52Z,4000000000.0,2692.5,249.17,2014-03-08T00:50:01Z,2014-03-08T01:25:04Z,0,136.2,16.0,136.2,16.0,136.2,14.9,142.5,14.7,107.8,0.322,102.8,0.181,97.8,0.102,92.8,0.0573,87.8,0.0322,82.8,0.0181,77.8,0.0102
3250,0.006,-37.25,86.25,3834.0,2014-03-08T00:19:46Z,2014-03-08T00:54:52Z,4000000000.0,4202.2,228.23,2014-03-08T01:06:45Z,2014-03-08T01:42:07Z,1,138.2,16.0,138.2,16.0,138.2,14.9,144.4,14.7,105.9,0.222,100.9,0.125,95.9,0.0703,90.9,0.0395,85.9,0.0222,80.9,0.0125,75.9,0.00703
3274,0.006,-37.25,86.25,3834.0,2014-03-08T00:19:46Z,2014-03-08T00:54:52Z,4000000000.0,4761.8,253.86,2014-03-08T01:13:14Z,2014-03-08T01:48:23Z,0,138.7,16.0,138.7,16.0,138.7,14.9,145.0,14.7,105.3,0.2,100.3,0.112,95.3,0.0631,90.3,0.0355,85.3,0.02,80.3,0.0112,75.3,0.00631
3275,0.006,-37.25,86.25,3834.0,2014-03-08T00:19:46Z,2014-03-08T00:54:52Z,4000000000.0,4759.8,253.88,2014-03-08T01:13:13Z,2014-03-08T01:48:22Z,0,138.7,16.0,138.7,16.0,138.7,14.9,145.0,14.7,105.3,0.2,100.3,0.112,95.3,0.0631,90.3,0.0355,85.3,0.02,80.3,0.0112,75.3,0.00631
H01W,0.0083,-37.25,86.75,3753.0,2014-03-08T00:19:53Z,2014-03-08T00:54:53Z,4000000000.0,2471.7,255.82,2014-03-08T00:47:35Z,2014-03-08T01:22:50Z,0,135.9,12.5,135.9,12.5,135.9,11.0,142.1,10.7,108.2,0.345,103.2,0.194,98.2,0.109,93.2,0.0614,88.2,0.0345,83.2,0.0194,78.2,0.0109
H08S,0.0083,-37.25,86.75,3753.0,2014-03-08T00:19:53Z,2014-03-08T00:54:53Z,4000000000.0,3585.6,158.36,2014-03-08T00:59:50Z,2014-03-08T01:35:32Z,1,139.0,12.2,139.0,10.7,139.0,11.0,141.8,10.7,106.0,0.239,101.0,0.135,96.0,0.0757,91.0,0.0426,86.0,0.0239,81.0,0.0135,76.0,0.00757
3315,0.0083,-37.25,86.75,3753.0,2014-03-08T00:19:53Z,2014-03-08T00:54:53Z,4000000000.0,2649.6,249.09,2014-03-08T00:49:36Z,2014-03-08T01:24:48Z,0,136.2,16.0,136.2,16.0,136.2,14.9,142.4,14.7,107.9,0.327,102.9,0.184,97.9,0.103,92.9,0.0581,87.9,0.0327,82.9,0.0184,77.9,0.0103
3376,0.0083,-37.25,86.75,3753.0,2014-03-08T00:19:53Z,2014-03-08T00:54:53Z,4000000000.0,2651.6,249.04,2014-03-08T00:49:37Z,2014-03-08T01:24:50Z,0,136.2,16.0,136.2,16.0,136.2,14.9,142.4,14.7,107.9,0.326,102.9,0.184,97.9,0.103,92.9,0.058,87.9,0.0326,82.9,0.0184,77.9,0.0103
3250,0.0083,-37.25,86.75,3753.0,2014-03-08T00:19:53Z,2014-03-08T00:54:53Z,4000000000.0,4165.1,227.94,2014-03-08T01:06:34Z,2014-03-08T01:41:54Z,1,138.1,16.0,138.1,16.0,138.1,14.9,144.4,14.7,105.9,0.224,100.9,0.126,95.9,0.0709,90.9,0.0399,85.9,0.0224,80.9,0.0126,75.9,0.00709
3274,0.0083,-37.25,86.75,3753.0,2014-03-08T00:19:53Z,2014-03-08T00:54:53Z,4000000000.0,4721.8,253.99,2014-03-08T01:12:38Z,2014-03-08T01:48:18Z,0,138.7,16.0,138.7,16.0,138.7,14.9,145.0,14.7,105.4,0.201,100.4,0.113,95.4,0.0636,90.4,0.0358,85.4,0.0201,80.4,0.0113,75.4,0.00636
3275,0.0083,-37.25,86.75,3753.0,2014-03-08T00:19:53Z,2014-03-08T00:54:53Z,4000000000.0,4719.8,254.01,2014-03-08T01:12:37Z,2014-03-08T01:48:16Z,0,138.7,16.0,138.7,16.0,138.7,14.9,144.9,14.7,105.4,0.201,100.4,0.113,95.4,0.0636,90.4,0.0358,85.4,0.0201,80.4,0.0113,75.4,0.00636
H01W,0.0084,-37.25,87.25,3688.0,2014-03-08T00:19:41Z,2014-03-08T00:54:58Z,4000000000.0,2427.2,255.82,2014-03-08T00:46:42Z,2014-03-08T01:22:11Z,0,135.8,12.5,135.8,12.5,135.8,11.0,142.1,10.7,108.3,0.35,103.3,0.197,98.3,0.111,93.3,0.0623,88.3,0.035,83.3,0.0197,78.3,0.0111
H08S,0.0084,-37.25,87.25,3688.0,2014-03-08T00:19:41Z,2014-03-08T00:54:58Z,4000000000.0,3608.6,157.7,2014-03-08T01:00:13Z,2014-03-08T01:35:36Z,0,139.0,12.2,139.0,10.7,139.1,11.0,141.8,10.7,106.0,0.238,101.0,0.134,96.0,0.0753,91.0,0.0424,86.0,0.0238,81.0,0.0134,76.0,0.00753
3315,0.0084,-37.25,87.25,3688.0,2014-03-08T00:19:41Z,2014-03-08T00:54:58Z,4000000000.0,2604.4,248.96,2014-03-08T00:48:43Z,2014-03-08T01:24:11Z,0,136.1,16.0,136.1,16.0,136.1,14.9,142.4,14.7,108.0,0.331,103.0,0.186,98.0,0.105,93.0,0.0589,88.0,0.0331,83.0,0.0186,78.0,0.0105
3376,0.0084,-37.25,87.25,3688.0,2014-03-08T00:19:41Z,2014-03-08T00:54:58Z,4000000000.0,2606.4,248.91,2014-03-08T00:48:44Z,2014-03-08T01:24:12Z,0,136.1,16.0,136.1,16.0,136.1,14.9,142.4,14.7,108.0,0.331,103.0,0.186,98.0,0.105,93.0,0.0589,88.0,0.0331,83.0,0.0186,78.0,0.0105
3250,0.0084,-37.25,87.25,3688.0,2014-03-08T00:19:41Z,2014-03-08T00:54:58Z,4000000000.0,4125.4,227.62,2014-03-08T01:05:48Z,2014-03-08T01:41:22Z,1,138.1,16.0,138.1,16.0,138.1,14.9,144.4,14.7,106.0,0.226,101.0,0.127,96.0,0.0714,91.0,0.0402,86.0,0.0226,81.0,0.0127,76.0,0.00714
3274,0.0084,-37.25,87.25,3688.0,2014-03-08T00:19:41Z,2014-03-08T00:54:58Z,4000000000.0,4680.0,254.15,2014-03-08T01:11:48Z,2014-03-08T01:47:38Z,0,138.6,16.0,138.6,16.0,138.6,14.9,144.9,14.7,105.4,0.203,100.4,0.114,95.4,0.0641,90.4,0.036,85.4,0.0203,80.4,0.0114,75.4,0.00641
3275,0.0084,-37.25,87.25,3688.0,2014-03-08T00:19:41Z,2014-03-08T00:54:58Z,4000000000.0,4678.0,254.17,2014-03-08T01:11:47Z,2014-03-08T01:47:36Z,0,138.6,16.0,138.6,16.0,138.6,14.9,144.9,14.7,105.4,0.203,100.4,0.114,95.4,0.0641,90.4,0.0361,85.4,0.0203,80.4,0.0114,75.4,0.00641
H01W,0.00955,-37.25,87.75,3712.0,2014-03-08T00:19:47Z,2014-03-08T00:54:40Z,4000000000.0,2386.7,255.83,2014-03-08T00:46:13Z,2014-03-08T01:21:34Z,0,135.7,12.5,135.7,12.5,135.7,11.0,142.0,10.7,108.3,0.355,103.3,0.2,98.3,0.112,93.3,0.0631,88.3,0.0355,83.3,0.02,78.3,0.0112
H08S,0.00955,-37.25,87.75,3712.0,2014-03-08T00:19:47Z,2014-03-08T00:54:40Z,4000000000.0,3627.9,157.11,2014-03-08T01:00:25Z,2014-03-08T01:35:35Z,0,139.0,12.2,139.0,10.7,139.1,11.0,141.8,10.7,106.0,0.237,101.0,0.133,96.0,0.075,91.0,0.0422,86.0,0.0237,81.0,0.0133,76.0,0.0075
3315,0.00955,-37.25,87.75,3712.0,2014-03-08T00:19:47Z,2014-03-08T00:54:40Z,4000000000.0,2565.4,248.89,2014-03-08T00:48:12Z,2014-03-08T01:23:35Z,0,136.0,16.0,136.0,16.0,136.0,14.9,142.3,14.7,108.0,0.335,103.0,0.188,98.0,0.106,93.0,0.0596,88.0,0.0335,83.0,0.0188,78.0,0.0106
3376,0.00955,-37.25,87.75,3712.0,2014-03-08T00:19:47Z,2014-03-08T00:54:40Z,4000000000.0,2567.5,248.83,2014-03-08T00:48:14Z,2014-03-08T01:23:36Z,0,136.0,16.0,136.0,16.0,136.0,14.9,142.3,14.7,108.0,0.335,103.0,0.188,98.0,0.106,93.0,0.0596,88.0,0.0335,83.0,0.0188,78.0,0.0106
3250,0.00955,-37.25,87.75,3712.0,2014-03-08T00:19:47Z,2014-03-08T00:54:40Z,4000000000.0,4089.9,227.35,2014-03-08T01:05:17Z,2014-03-08T01:40:49Z,1,138.0,16.0,138.0,16.0,138.0,14.9,144.3,14.7,106.0,0.228,101.0,0.128,96.0,0.072,91.0,0.0405,86.0,0.0228,81.0,0.0128,76.0,0.0072
3274,0.00955,-37.25,87.75,3712.0,2014-03-08T00:19:47Z,2014-03-08T00:54:40Z,4000000000.0,4641.5,254.34,2014-03-08T01:11:24Z,2014-03-08T01:46:56Z,0,138.6,16.0,138.6,16.0,138.6,14.9,144.9,14.7,105.4,0.204,100.4,0.115,95.4,0.0645,90.4,0.0363,85.4,0.0204,80.4,0.0115,75.4,0.00645
3275,0.00955,-37.25,87.75,3712.0,2014-03-08T00:19:47Z,2014-03-08T00:54:40Z,4000000000.0,4639.5,254.35,2014-03-08T01:11:23Z,2014-03-08T01:46:54Z,0,138.6,16.0,138.6,16.0,138.6,14.9,144.9,14.7,105.4,0.204,100.4,0.115,95.4,0.0646,90.4,0.0363,85.4,0.0204,80.4,0.0115,75.4,0.00646
H01W,0.0116,-37.25,88.25,3744.0,2014-03-08T00:19:43Z,2014-03-08T00:54:30Z,4000000000.0,2337.4,255.91,2014-03-08T00:45:40Z,2014-03-08T01:20:54Z,0,135.6,12.5,135.6,12.5,135.6,11.0,141.9,10.7,108.4,0.361,103.4,0.203,98.4,0.114,93.4,0.0642,88.4,0.0361,83.4,0.0203,78.4,0.0114
H08S,0.0116,-37.25,88.25,3744.0,2014-03-08T00:19:43Z,2014-03-08T00:54:30Z,4000000000.0,3651.2,156.41,2014-03-08T01:00:17Z,2014-03-08T01:35:50Z,0,139.0,12.2,139.0,10.7,139.1,11.0,141.8,10.7,106.0,0.236,101.0,0.133,96.0,0.0746,91.0,0.0419,86.0,0.0236,81.0,0.0133,76.0,0.00746
3315,0.0116,-37.25,88.25,3744.0,2014-03-08T00:19:43Z,2014-03-08T00:54:30Z,4000000000.0,2514.9,248.79,2014-03-08T00:47:42Z,2014-03-08T01:22:57Z,0,135.9,16.0,135.9,16.0,135.9,14.9,142.2,14.7,108.1,0.341,103.1,0.192,98.1,0.108,93.1,0.0606,88.1,0.0341,83.1,0.0192,78.1,0.0108
3376,0.0116,-37.25,88.25,3744.0,2014-03-08T00:19:43Z,2014-03-08T00:54:30Z,4000000000.0,2517.0,248.73,2014-03-08T00:47:43Z,2014-03-08T01:22:58Z,0,135.9,16.0,135.9,16.0,135.9,14.9,142.2,14.7,108.1,0.34,103.1,0.191,98.1,0.108,93.1,0.0605,88.1,0.034,83.1,0.0191,78.1,0.0108
3250,0.0116,-37.25,88.25,3744.0,2014-03-08T00:19:43Z,2014-03-08T00:54:30Z,4000000000.0,4046.5,227.02,2014-03-08T01:04:52Z,2014-03-08T01:40:17Z,1,138.0,16.0,138.0,16.0,138.0,14.9,144.3,14.7,106.0,0.23,101.0,0.129,96.0,0.0726,91.0,0.0408,86.0,0.023,81.0,0.0129,76.0,0.00726
3274,0.0116,-37.25,88.25,3744.0,2014-03-08T00:19:43Z,2014-03-08T00:54:30Z,4000000000.0,4594.5,254.55,2014-03-08T01:10:49Z,2014-03-08T01:46:23Z,0,138.5,16.0,138.5,16.0,138.5,14.9,144.8,14.7,105.5,0.206,100.5,0.116,95.5,0.0651,90.5,0.0366,85.5,0.0206,80.5,0.0116,75.5,0.00651
3275,0.0116,-37.25,88.25,3744.0,2014-03-08T00:19:43Z,2014-03-08T00:54:30Z,4000000000.0,4592.4,254.56,2014-03-08T01:10:48Z,2014-03-08T01:46:22Z,0,138.5,16.0,138.5,16.0,138.5,14.9,144.8,14.7,105.5,0.206,100.5,0.116,95.5,0.0651,90.5,0.0366,85.5,0.0206,80.5,0.0116,75.5,0.00651
H01W,0.01305,-37.25,88.75,3699.0,2014-03-08T00:19:38Z,2014-03-08T00:54:55Z,4000000000.0,2296.8,255.92,2014-03-08T00:45:07Z,2014-03-08T01:20:52Z,0,135.5,12.5,135.5,12.5,135.5,11.0,141.8,10.7,108.5,0.366,103.5,0.206,98.5,0.116,93.5,0.0651,88.5,0.0366,83.5,0.0206,78.5,0.0116
H08S,0.01305,-37.25,88.75,3699.0,2014-03-08T00:19:38Z,2014-03-08T00:54:55Z,4000000000.0,3672.6,155.81,2014-03-08T01:00:42Z,2014-03-08T01:36:28Z,0,139.1,12.2,139.1,10.7,139.1,11.0,141.9,10.7,105.9,0.235,100.9,0.132,95.9,0.0742,90.9,0.0417,85.9,0.0235,80.9,0.0132,75.9,0.00742
3315,0.01305,-37.25,88.75,3699.0,2014-03-08T00:19:38Z,2014-03-08T00:54:55Z,4000000000.0,2475.1,248.66,2014-03-08T00:47:08Z,2014-03-08T01:22:55Z,0,135.9,16.0,135.9,16.0,135.9,14.9,142.1,14.7,108.2,0.345,103.2,0.194,98.2,0.109,93.2,0.0613,88.2,0.0345,83.2,0.0194,78.2,0.0109
3376,0.01305,-37.25,88.75,3699.0,2014-03-08T00:19:38Z,2014-03-08T00:54:55Z,4000000000.0,2477.2,248.61,2014-03-08T00:47:10Z,2014-03-08T01:22:56Z,0,135.9,16.0,135.9,16.0,135.9,14.9,142.1,14.7,108.2,0.345,103.2,0.194,98.2,0.109,93.2,0.0613,88.2,0.0345,83.2,0.0194,78.2,0.0109
3250,0.01305,-37.25,88.75,3699.0,2014-03-08T00:19:38Z,2014-03-08T00:54:55Z,4000000000.0,4009.3,226.71,2014-03-08T01:04:21Z,2014-03-08T01:40:18Z,1,138.0,16.0,138.0,16.0,138.0,14.9,144.2,14.7,106.1,0.232,101.1,0.13,96.1,0.0732,91.1,0.0412,86.1,0.0232,81.1,0.013,76.1,0.00732
3274,0.01305,-37.25,88.75,3699.0,2014-03-08T00:19:38Z,2014-03-08T00:54:55Z,4000000000.0,4555.9,254.74,2014-03-08T01:10:19Z,2014-03-08T01:46:17Z,0,138.5,16.0,138.5,16.0,138.5,14.9,144.8,14.7,105.5,0.207,100.5,0.117,95.5,0.0656,90.5,0.0369,85.5,0.0207,80.5,0.0117,75.5,0.00656
3275,0.01305,-37.25,88.75,3699.0,2014-03-08T00:19:38Z,2014-03-08T00:54:55Z,4000000000.0,4553.8,254.75,2014-03-08T01:10:18Z,2014-03-08T01:46:15Z,0,138.5,16.0,138.5,16.0,138.5,14.9,144.8,14.7,105.5,0.208,100.5,0.117,95.5,0.0656,90.5,0.0369,85.5,0.0208,80.5,0.0117,75.5,0.00656
H01W,0.01795,-37.25,89.25,3753.0,2014-03-08T00:19:39Z,2014-03-08T00:54:50Z,4000000000.0,2248.9,255.88,2014-03-08T00:44:44Z,2014-03-08T01:20:17Z,0,135.4,12.5,135.4,12.5,135.4,11.0,141.7,10.7,108.6,0.372,103.6,0.209,98.6,0.118,93.6,0.0662,88.6,0.0372,83.6,0.0209,78.6,0.0118
H08S,0.01795,-37.25,89.25,3753.0,2014-03-08T00:19:39Z,2014-03-08T00:54:50Z,4000000000.0,3697.9,155.16,2014-03-08T01:00:55Z,2014-03-08T01:36:34Z,0,139.1,12.2,139.1,10.7,139.2,11.0,141.9,10.7,105.9,0.233,100.9,0.131,95.9,0.0738,90.9,0.0415,85.9,0.0233,80.9,0.0131,75.9,0.00738
3315,0.01795,-37.25,89.25,3753.0,2014-03-08T00:19:39Z,2014-03-08T00:54:50Z,4000000000.0,2428.3,248.51,2014-03-08T00:46:44Z,2014-03-08T01:22:19Z,0,135.8,16.0,135.8,16.0,135.8,14.9,142.1,14.7,108.3,0.35,103.3,0.197,98.3,0.111,93.3,0.0623,88.3,0.035,83.3,0.0197,78.3,0.0111
3376,0.01795,-37.25,89.25,3753.0,2014-03-08T00:19:39Z,2014-03-08T00:54:50Z,4000000000.0,2430.4,248.45,2014-03-08T00:46:46Z,2014-03-08T01:22:20Z,0,135.8,16.0,135.8,16.0,135.8,14.9,142.1,14.7,108.3,0.35,103.3,0.197,98.3,0.111,93.3,0.0622,88.3,0.035,83.3,0.0197,78.3,0.0111
3250,0.01795,-37.25,89.25,3753.0,2014-03-08T00:19:39Z,2014-03-08T00:54:50Z,4000000000.0,3969.4,226.35,2014-03-08T01:03:58Z,2014-03-08T01:39:44Z,1,137.9,16.0,137.9,16.0,137.9,14.9,144.2,14.7,106.1,0.234,101.1,0.131,96.1,0.0738,91.1,0.0415,86.1,0.0234,81.1,0.0131,76.1,0.00738
3274,0.01795,-37.25,89.25,3753.0,2014-03-08T00:19:39Z,2014-03-08T00:54:50Z,4000000000.0,4509.9,254.91,2014-03-08T01:10:00Z,2014-03-08T01:45:48Z,0,138.5,16.0,138.5,16.0,138.5,14.9,144.8,14.7,105.6,0.209,100.6,0.118,95.6,0.0662,90.6,0.0372,85.6,0.0209,80.6,0.0118,75.6,0.00662
3275,0.01795,-37.25,89.25,3753.0,2014-03-08T00:19:39Z,2014-03-08T00:54:50Z,4000000000.0,4507.9,254.93,2014-03-08T01:09:59Z,2014-03-08T01:45:47Z,0,138.5,16.0,138.5,16.0,138.5,14.9,144.7,14.7,105.6,0.209,100.6,0.118,95.6,0.0662,90.6,0.0372,85.6,0.0209,80.6,0.0118,75.6,0.00662
H01W,0.0184,-37.25,89.75,3866.0,2014-03-08T00:19:41Z,2014-03-08T00:54:51Z,4000000000.0,2209.7,256.08,2014-03-08T00:44:23Z,2014-03-08T01:19:36Z,0,135.4,12.5,135.4,12.5,135.4,11.0,141.7,10.7,108.7,0.377,103.7,0.212,98.7,0.119,93.7,0.0671,88.7,0.0377,83.7,0.0212,78.7,0.0119
H08S,0.0184,-37.25,89.75,3866.0,2014-03-08T00:19:41Z,2014-03-08T00:54:51Z,4000000000.0,3712.2,154.56,2014-03-08T01:01:02Z,2014-03-08T01:36:54Z,0,139.1,12.2,139.1,10.7,139.2,11.0,141.9,10.7,105.9,0.233,100.9,0.131,95.9,0.0735,90.9,0.0414,85.9,0.0233,80.9,0.0131,75.9,0.00735
3315,0.0184,-37.25,89.75,3866.0,2014-03-08T00:19:41Z,2014-03-08T00:54:51Z,4000000000.0,2388.3,248.56,2014-03-08T00:46:21Z,2014-03-08T01:21:37Z,0,135.7,16.0,135.7,16.0,135.7,14.9,142.0,14.7,108.3,0.355,103.3,0.2,98.3,0.112,93.3,0.0631,88.3,0.0355,83.3,0.02,78.3,0.0112
3376,0.0184,-37.25,89.75,3866.0,2014-03-08T00:19:41Z,2014-03-08T00:54:51Z,4000000000.0,2390.4,248.5,2014-03-08T00:46:23Z,2014-03-08T01:21:38Z,0,135.7,16.0,135.7,16.0,135.7,14.9,142.0,14.7,108.3,0.355,103.3,0.199,98.3,0.112,93.3,0.0631,88.3,0.0355,83.3,0.0199,78.3,0.0112
3250,0.0184,-37.25,89.75,3866.0,2014-03-08T00:19:41Z,2014-03-08T00:54:51Z,4000000000.0,3931.7,226.15,2014-03-08T01:03:32Z,2014-03-08T01:39:05Z,1,137.9,16.0,137.9,16.0,137.9,14.9,144.2,14.7,106.2,0.235,101.2,0.132,96.2,0.0744,91.2,0.0419,86.2,0.0235,81.2,0.0132,76.2,0.00744
3274,0.0184,-37.25,89.75,3866.0,2014-03-08T00:19:41Z,2014-03-08T00:54:51Z,4000000000.0,4474.7,255.18,2014-03-08T01:09:41Z,2014-03-08T01:45:08Z,0,138.4,16.0,138.4,16.0,138.4,14.9,144.7,14.7,105.6,0.211,100.6,0.118,95.6,0.0666,90.6,0.0375,85.6,0.0211,80.6,0.0118,75.6,0.00666
3275,0.0184,-37.25,89.75,3866.0,2014-03-08T00:19:41Z,2014-03-08T00:54:51Z,4000000000.0,4472.7,255.19,2014-03-08T01:09:39Z,2014-03-08T01:45:06Z,0,138.4,16.0,138.4,16.0,138.4,14.9,144.7,14.7,105.6,0.211,100.6,0.119,95.6,0.0667,90.6,0.0375,85.6,0.0211,80.6,0.0119,75.6,0.00667
H01W,0.00965,-37.25,90.25,3927.0,2014-03-08T00:20:04Z,2014-03-08T00:54:23Z,4000000000.0,2166.7,256.17,2014-03-08T00:44:24Z,2014-03-08T01:18:53Z,0,135.3,12.5,135.3,12.5,135.3,11.0,141.6,10.7,108.8,0.383,103.8,0.216,98.8,0.121,93.8,0.0681,88.8,0.0383,83.8,0.0216,78.8,0.0121
H08S,0.00965,-37.25,90.25,3927.0,2014-03-08T00:20:04Z,2014-03-08T00:54:23Z,4000000000.0,3734.0,153.93,2014-03-08T01:01:46Z,2014-03-08T01:36:38Z,0,139.1,12.2,139.1,10.7,139.2,11.0,141.9,10.7,105.9,0.231,100.9,0.13,95.9,0.0732,90.9,0.0412,85.9,0.0231,80.9,0.013,75.9,0.00732
3315,0.00965,-37.25,90.25,3927.0,2014-03-08T00:20:04Z,2014-03-08T00:54:23Z,4000000000.0,2345.1,248.5,2014-03-08T00:46:24Z,2014-03-08T01:20:52Z,0,135.6,16.0,135.6,16.0,135.6,14.9,141.9,14.7,108.4,0.36,103.4,0.202,98.4,0.114,93.4,0.064,88.4,0.036,83.4,0.0202,78.4,0.0114
3376,0.00965,-37.25,90.25,3927.0,2014-03-08T00:20:04Z,2014-03-08T00:54:23Z,4000000000.0,2347.2,248.44,2014-03-08T00:46:25Z,2014-03-08T01:20:53Z,0,135.6,16.0,135.6,16.0,135.6,14.9,141.9,14.7,108.4,0.36,103.4,0.202,98.4,0.114,93.4,0.064,88.4,0.036,83.4,0.0202,78.4,0.0114
3250,0.00965,-37.25,90.25,3927.0,2014-03-08T00:20:04Z,2014-03-08T00:54:23Z,4000000000.0,3892.4,225.85,2014-03-08T01:03:42Z,2014-03-08T01:38:12Z,1,137.8,16.0,137.8,16.0,137.8,14.9,144.1,14.7,106.2,0.237,101.2,0.134,96.2,0.0751,91.2,0.0422,86.2,0.0237,81.2,0.0134,76.2,0.00751
3274,0.00965,-37.25,90.25,3927.0,2014-03-08T00:20:04Z,2014-03-08T00:54:23Z,4000000000.0,4432.4,255.41,2014-03-08T01:09:42Z,2014-03-08T01:44:31Z,0,138.4,16.0,138.4,16.0,138.4,14.9,144.7,14.7,105.6,0.212,100.6,0.119,95.6,0.0672,90.6,0.0378,85.6,0.0212,80.6,0.0119,75.6,0.00672
3275,0.00965,-37.25,90.25,3927.0,2014-03-08T00:20:04Z,2014-03-08T00:54:23Z,4000000000.0,4430.4,255.42,2014-03-08T01:09:41Z,2014-03-08T01:44:30Z,0,138.4,16.0,138.4,16.0,138.4,14.9,144.7,14.7,105.6,0.213,100.6,0.119,95.6,0.0672,90.6,0.0378,85.6,0.0213,80.6,0.0119,75.6,0.00672
H01W,0.00535,-37.25,90.75,3894.0,2014-03-08T00:19:59Z,2014-03-08T00:54:48Z,4000000000.0,2122.3,256.11,2014-03-08T00:43:40Z,2014-03-08T01:18:47Z,0,135.2,12.5,135.2,12.5,135.2,11.0,141.5,10.7,108.8,0.389,103.8,0.219,98.8,0.123,93.8,0.0693,88.8,0.0389,83.8,0.0219,78.8,0.0123
H08S,0.00535,-37.25,90.75,3894.0,2014-03-08T00:19:59Z,2014-03-08T00:54:48Z,4000000000.0,3760.4,153.31,2014-03-08T01:01:44Z,2014-03-08T01:36:57Z,0,139.2,12.2,139.2,10.7,139.2,11.0,142.0,10.7,105.8,0.23,100.8,0.129,95.8,0.0728,90.8,0.0409,85.8,0.023,80.8,0.0129,75.8,0.00728
3315,0.00535,-37.25,90.75,3894.0,2014-03-08T00:19:59Z,2014-03-08T00:54:48Z,4000000000.0,2300.2,248.28,2014-03-08T00:45:41Z,2014-03-08T01:20:46Z,0,135.5,16.0,135.5,16.0,135.5,14.9,141.8,14.7,108.5,0.366,103.5,0.206,98.5,0.116,93.5,0.065,88.5,0.0366,83.5,0.0206,78.5,0.0116
3376,0.00535,-37.25,90.75,3894.0,2014-03-08T00:19:59Z,2014-03-08T00:54:48Z,4000000000.0,2302.3,248.23,2014-03-08T00:45:42Z,2014-03-08T01:20:47Z,0,135.5,16.0,135.5,16.0,135.5,14.9,141.8,14.7,108.5,0.365,103.5,0.205,98.5,0.116,93.5,0.065,88.5,0.0365,83.5,0.0205,78.5,0.0116
3250,0.00535,-37.25,90.75,3894.0,2014-03-08T00:19:59Z,2014-03-08T00:54:48Z,4000000000.0,3853.3,225.47,2014-03-08T01:02:56Z,2014-03-08T01:38:11Z,1,137.8,16.0,137.8,16.0,137.8,14.9,144.1,14.7,106.3,0.239,101.3,0.135,96.3,0.0757,91.3,0.0426,86.3,0.0239,81.3,0.0135,76.3,0.00757
3274,0.00535,-37.25,90.75,3894.0,2014-03-08T00:19:59Z,2014-03-08T00:54:48Z,4000000000.0,4390.2,255.56,2014-03-08T01:09:00Z,2014-03-08T01:44:27Z,0,138.4,16.0,138.4,16.0,138.4,14.9,144.6,14.7,105.7,0.214,100.7,0.12,95.7,0.0677,90.7,0.0381,85.7,0.0214,80.7,0.012,75.7,0.00677
3275,0.00535,-37.25,90.75,3894.0,2014-03-08T00:19:59Z,2014-03-08T00:54:48Z,4000000000.0,4388.2,255.58,2014-03-08T01:08:59Z,2014-03-08T01:44:26Z,0,138.3,16.0,138.3,16.0,138.3,14.9,144.6,14.7,105.7,0.214,100.7,0.12,95.7,0.0678,90.7,0.0381,85.7,0.0214,80.7,0.012,75.7,0.00678
H01W,0.0037,-37.25,91.25,3957.0,2014-03-08T00:19:52Z,2014-03-08T00:54:41Z,4000000000.0,2073.1,255.97,2014-03-08T00:43:00Z,2014-03-08T01:18:15Z,0,135.1,12.5,135.1,12.5,135.1,11.0,141.4,10.7,108.9,0.397,103.9,0.223,98.9,0.125,93.9,0.0705,88.9,0.0397,83.9,0.0223,78.9,0.0125
H08S,0.0037,-37.25,91.25,3957.0,2014-03-08T00:19:52Z,2014-03-08T00:54:41Z,4000000000.0,3790.2,152.72,2014-03-08T01:02:07Z,2014-03-08T01:37:41Z,0,139.2,12.2,139.2,10.7,139.3,11.0,142.0,10.7,105.8,0.229,100.8,0.129,95.8,0.0723,90.8,0.0406,85.8,0.0229,80.8,0.0129,75.8,0.00723
3315,0.0037,-37.25,91.25,3957.0,2014-03-08T00:19:52Z,2014-03-08T00:54:41Z,4000000000.0,2252.0,248.03,2014-03-08T00:44:59Z,2014-03-08T01:20:17Z,0,135.5,16.0,135.5,16.0,135.5,14.9,141.7,14.7,108.6,0.372,103.6,0.209,98.6,0.118,93.6,0.0661,88.6,0.0372,83.6,0.0209,78.6,0.0118
3376,0.0037,-37.25,91.25,3957.0,2014-03-08T00:19:52Z,2014-03-08T00:54:41Z,4000000000.0,2254.2,247.97,2014-03-08T00:45:01Z,2014-03-08T01:20:19Z,0,135.5,16.0,135.5,16.0,135.5,14.9,141.7,14.7,108.6,0.372,103.6,0.209,98.6,0.117,93.6,0.0661,88.6,0.0372,83.6,0.0209,78.6,0.0117
3250,0.0037,-37.25,91.25,3957.0,2014-03-08T00:19:52Z,2014-03-08T00:54:41Z,4000000000.0,3814.1,225.03,2014-03-08T01:02:23Z,2014-03-08T01:37:52Z,1,137.7,16.0,137.7,16.0,137.7,14.9,144.0,14.7,106.3,0.242,101.3,0.136,96.3,0.0764,91.3,0.043,86.3,0.0242,81.3,0.0136,76.3,0.00764
3274,0.0037,-37.25,91.25,3957.0,2014-03-08T00:19:52Z,2014-03-08T00:54:41Z,4000000000.0,4345.1,255.71,2014-03-08T01:08:25Z,2014-03-08T01:43:51Z,0,138.3,16.0,138.3,16.0,138.3,14.9,144.6,14.7,105.7,0.216,100.7,0.122,95.7,0.0683,90.7,0.0384,85.7,0.0216,80.7,0.0122,75.7,0.00683
3275,0.0037,-37.25,91.25,3957.0,2014-03-08T00:19:52Z,2014-03-08T00:54:41Z,4000000000.0,4343.1,255.73,2014-03-08T01:08:23Z,2014-03-08T01:43:50Z,0,138.3,16.0,138.3,16.0,138.3,14.9,144.6,14.7,105.7,0.216,100.7,0.122,95.7,0.0684,90.7,0.0384,85.7,0.0216,80.7,0.0122,75.7,0.00684
H01W,0.00215,-37.25,91.75,3877.0,2014-03-08T00:19:39Z,2014-03-08T00:54:26Z,4000000000.0,2034.0,255.77,2014-03-08T00:42:20Z,2014-03-08T01:17:33Z,0,135.0,12.5,135.0,12.5,135.0,11.0,141.3,10.7,109.0,0.403,104.0,0.226,99.0,0.127,94.0,0.0716,89.0,0.0403,84.0,0.0226,79.0,0.0127
H08S,0.00215,-37.25,91.75,3877.0,2014-03-08T00:19:39Z,2014-03-08T00:54:26Z,4000000000.0,3814.2,152.21,2014-03-08T01:02:22Z,2014-03-08T01:37:25Z,0,139.2,12.2,139.2,10.7,139.3,11.0,142.0,10.7,105.8,0.227,100.8,0.128,95.8,0.0719,90.8,0.0404,85.8,0.0227,80.8,0.0128,75.8,0.00719
3315,0.00215,-37.25,91.75,3877.0,2014-03-08T00:19:39Z,2014-03-08T00:54:26Z,4000000000.0,2212.1,247.69,2014-03-08T00:44:21Z,2014-03-08T01:19:36Z,0,135.4,16.0,135.4,16.0,135.4,14.9,141.7,14.7,108.7,0.377,103.7,0.212,98.7,0.119,93.7,0.067,88.7,0.0377,83.7,0.0212,78.7,0.0119
3376,0.00215,-37.25,91.75,3877.0,2014-03-08T00:19:39Z,2014-03-08T00:54:26Z,4000000000.0,2214.3,247.63,2014-03-08T00:44:23Z,2014-03-08T01:19:38Z,0,135.4,16.0,135.4,16.0,135.4,14.9,141.7,14.7,108.7,0.377,103.7,0.212,98.7,0.119,93.7,0.067,88.7,0.0377,83.7,0.0212,78.7,0.0119
3250,0.00215,-37.25,91.75,3877.0,2014-03-08T00:19:39Z,2014-03-08T00:54:26Z,4000000000.0,3780.4,224.66,2014-03-08T01:01:55Z,2014-03-08T01:37:18Z,1,137.7,16.0,137.7,16.0,137.7,14.9,144.0,14.7,106.3,0.243,101.3,0.137,96.3,0.077,91.3,0.0433,86.3,0.0243,81.3,0.0137,76.3,0.0077
3274,0.00215,-37.25,91.75,3877.0,2014-03-08T00:19:39Z,2014-03-08T00:54:26Z,4000000000.0,4306.5,255.81,2014-03-08T01:07:41Z,2014-03-08T01:43:08Z,0,138.3,16.0,138.3,16.0,138.3,14.9,144.6,14.7,105.8,0.218,100.8,0.122,95.8,0.0689,90.8,0.0387,85.8,0.0218,80.8,0.0122,75.8,0.00689
3275,0.00215,-37.25,91.75,3877.0,2014-03-08T00:19:39Z,2014-03-08T00:54:26Z,4000000000.0,4304.5,255.82,2014-03-08T01:07:40Z,2014-03-08T01:43:07Z,0,138.3,16.0,138.3,16.0,138.3,14.9,144.5,14.7,105.8,0.218,100.8,0.123,95.8,0.0689,90.8,0.0387,85.8,0.0218,80.8,0.0123,75.8,0.00689
H01W,0.00175,-37.25,92.25,3628.0,2014-03-08T00:21:32Z,2014-03-08T00:55:00Z,4000000000.0,1989.0,255.99,2014-03-08T00:43:39Z,2014-03-08T01:17:36Z,0,134.9,12.5,134.9,12.5,134.9,11.0,141.2,10.7,109.1,0.41,104.1,0.23,99.1,0.13,94.1,0.0728,89.1,0.041,84.1,0.023,79.1,0.013
H08S,0.00175,-37.25,92.25,3628.0,2014-03-08T00:21:32Z,2014-03-08T00:55:00Z,4000000000.0,3835.7,151.64,2014-03-08T01:04:34Z,2014-03-08T01:38:30Z,0,139.3,12.2,139.3,10.7,139.3,11.0,142.0,10.7,105.7,0.226,100.7,0.127,95.7,0.0715,90.7,0.0402,85.7,0.0226,80.7,0.0127,75.7,0.00715
3315,0.00175,-37.25,92.25,3628.0,2014-03-08T00:21:32Z,2014-03-08T00:55:00Z,4000000000.0,2168.8,247.73,2014-03-08T00:45:42Z,2014-03-08T01:19:36Z,0,135.3,16.0,135.3,16.0,135.3,14.9,141.6,14.7,108.8,0.383,103.8,0.215,98.8,0.121,93.8,0.0681,88.8,0.0383,83.8,0.0215,78.8,0.0121
3376,0.00175,-37.25,92.25,3628.0,2014-03-08T00:21:32Z,2014-03-08T00:55:00Z,4000000000.0,2171.0,247.67,2014-03-08T00:45:43Z,2014-03-08T01:19:37Z,0,135.3,16.0,135.3,16.0,135.3,14.9,141.6,14.7,108.7,0.383,103.7,0.215,98.7,0.121,93.7,0.068,88.7,0.0383,83.7,0.0215,78.7,0.0121
3250,0.00175,-37.25,92.25,3628.0,2014-03-08T00:21:32Z,2014-03-08T00:55:00Z,4000000000.0,3743.3,224.37,2014-03-08T01:03:19Z,2014-03-08T01:37:13Z,1,137.7,16.0,137.7,16.0,137.7,14.9,143.9,14.7,106.4,0.245,101.4,0.138,96.4,0.0776,91.4,0.0436,86.4,0.0245,81.4,0.0138,76.4,0.00776
3274,0.00175,-37.25,92.25,3628.0,2014-03-08T00:21:32Z,2014-03-08T00:55:00Z,4000000000.0,4265.3,256.08,2014-03-08T01:09:02Z,2014-03-08T01:43:20Z,0,138.2,16.0,138.2,16.0,138.2,14.9,144.5,14.7,105.8,0.22,100.8,0.123,95.8,0.0694,90.8,0.039,85.8,0.022,80.8,0.0123,75.8,0.00694
3275,0.00175,-37.25,92.25,3628.0,2014-03-08T00:21:32Z,2014-03-08T00:55:00Z,4000000000.0,4263.3,256.1,2014-03-08T01:09:01Z,2014-03-08T01:43:19Z,0,138.2,16.0,138.2,16.0,138.2,14.9,144.5,14.7,105.8,0.22,100.8,0.124,95.8,0.0695,90.8,0.0391,85.8,0.022,80.8,0.0124,75.8,0.00695
H01W,0.00055,-37.25,92.75,3853.0,2014-03-08T00:21:49Z,2014-03-08T00:53:01Z,4000000000.0,1949.0,256.16,2014-03-08T00:43:28Z,2014-03-08T01:15:05Z,0,134.8,12.5,134.8,12.5,134.8,11.0,141.1,10.7,109.2,0.416,104.2,0.234,99.2,0.132,94.2,0.074,89.2,0.0416,84.2,0.0234,79.2,0.0132
H08S,0.00055,-37.25,92.75,3853.0,2014-03-08T00:21:49Z,2014-03-08T00:53:01Z,4000000000.0,3857.2,151.06,2014-03-08T01:04:53Z,2014-03-08T01:36:43Z,0,139.3,12.2,139.3,10.7,139.4,11.0,142.1,10.7,105.7,0.225,100.7,0.127,95.7,0.0712,90.7,0.04,85.7,0.0225,80.7,0.0127,75.7,0.00712
3315,0.00055,-37.25,92.75,3853.0,2014-03-08T00:21:49Z,2014-03-08T00:53:01Z,4000000000.0,2128.9,247.71,2014-03-08T00:45:28Z,2014-03-08T01:17:10Z,0,135.2,16.0,135.2,16.0,135.2,14.9,141.5,14.7,108.8,0.389,103.8,0.218,98.8,0.123,93.8,0.0691,88.8,0.0389,83.8,0.0218,78.8,0.0123
3376,0.00055,-37.25,92.75,3853.0,2014-03-08T00:21:49Z,2014-03-08T00:53:01Z,4000000000.0,2131.1,247.65,2014-03-08T00:45:29Z,2014-03-08T01:17:11Z,0,135.2,16.0,135.2,16.0,135.2,14.9,141.5,14.7,108.8,0.388,103.8,0.218,98.8,0.123,93.8,0.069,88.8,0.0388,83.8,0.0218,78.8,0.0123
3250,0.00055,-37.25,92.75,3853.0,2014-03-08T00:21:49Z,2014-03-08T00:53:01Z,4000000000.0,3706.1,224.07,2014-03-08T01:03:03Z,2014-03-08T01:35:03Z,1,137.6,16.0,137.6,16.0,137.6,14.9,143.9,14.7,106.4,0.248,101.4,0.139,96.4,0.0783,91.4,0.044,86.4,0.0248,81.4,0.0139,76.4,0.00783
3274,0.00055,-37.25,92.75,3853.0,2014-03-08T00:21:49Z,2014-03-08T00:53:01Z,4000000000.0,4226.3,256.36,2014-03-08T01:08:58Z,2014-03-08T01:40:41Z,0,138.2,16.0,138.2,16.0,138.2,14.9,144.5,14.7,105.9,0.221,100.9,0.124,95.9,0.07,90.9,0.0394,85.9,0.0221,80.9,0.0124,75.9,0.007
3275,0.00055,-37.25,92.75,3853.0,2014-03-08T00:21:49Z,2014-03-08T00:53:01Z,4000000000.0,4224.3,256.37,2014-03-08T01:08:56Z,2014-03-08T01:40:39Z,0,138.2,16.0,138.2,16.0,138.2,14.9,144.5,14.7,105.9,0.221,100.9,0.125,95.9,0.07,90.9,0.0394,85.9,0.0221,80.9,0.0125,75.9,0.007
H01W,0.00015,-37.25,93.25,3962.0,2014-03-08T00:31:39Z,2014-03-08T00:47:44Z,4000000000.0,1879.4,256.3,2014-03-08T00:52:50Z,2014-03-08T01:08:56Z,0,134.7,12.5,134.7,12.5,134.7,11.0,140.9,10.7,109.4,0.428,104.4,0.241,99.4,0.135,94.4,0.0761,89.4,0.0428,84.4,0.0241,79.4,0.0135
H08S,0.00015,-37.25,93.25,3962.0,2014-03-08T00:31:39Z,2014-03-08T00:47:44Z,4000000000.0,3896.5,150.12,2014-03-08T01:15:19Z,2014-03-08T01:31:37Z,1,139.3,12.2,139.3,10.7,139.4,11.0,142.1,10.7,105.7,0.223,100.7,0.126,95.7,0.0706,90.7,0.0397,85.7,0.0223,80.7,0.0126,75.7,0.00706
3315,0.00015,-37.25,93.25,3962.0,2014-03-08T00:31:39Z,2014-03-08T00:47:44Z,4000000000.0,2059.3,247.53,2014-03-08T00:54:54Z,2014-03-08T01:10:58Z,0,135.1,16.0,135.1,16.0,135.1,14.9,141.3,14.7,109.0,0.399,104.0,0.224,99.0,0.126,94.0,0.0709,89.0,0.0399,84.0,0.0224,79.0,0.0126
3376,0.00015,-37.25,93.25,3962.0,2014-03-08T00:31:39Z,2014-03-08T00:47:44Z,4000000000.0,2061.4,247.47,2014-03-08T00:54:55Z,2014-03-08T01:10:59Z,0,135.1,16.0,135.1,16.0,135.1,14.9,141.4,14.7,109.0,0.398,104.0,0.224,99.0,0.126,94.0,0.0708,89.0,0.0398,84.0,0.0224,79.0,0.0126
3250,0.00015,-37.25,93.25,3962.0,2014-03-08T00:31:39Z,2014-03-08T00:47:44Z,4000000000.0,3643.1,223.49,2014-03-08T01:12:42Z,2014-03-08T01:28:49Z,1,137.5,16.0,137.5,16.0,137.5,14.9,143.8,14.7,106.5,0.251,101.5,0.141,96.5,0.0794,91.5,0.0447,86.5,0.0251,81.5,0.0141,76.5,0.00794
3274,0.00015,-37.25,93.25,3962.0,2014-03-08T00:31:39Z,2014-03-08T00:47:44Z,4000000000.0,4164.8,256.76,2014-03-08T01:18:13Z,2014-03-08T01:34:42Z,0,138.1,16.0,138.1,16.0,138.1,14.9,144.4,14.7,105.9,0.224,100.9,0.126,95.9,0.0709,90.9,0.0399,85.9,0.0224,80.9,0.0126,75.9,0.00709
3275,0.00015,-37.25,93.25,3962.0,2014-03-08T00:31:39Z,2014-03-08T00:47:44Z,4000000000.0,4162.8,256.78,2014-03-08T01:18:12Z,2014-03-08T01:34:41Z,0,138.1,16.0,138.1,16.0,138.1,14.9,144.4,14.7,105.9,0.224,100.9,0.126,95.9,0.0709,90.9,0.0399,85.9,0.0224,80.9,0.0126,75.9,0.00709
H01W,0.0002,-37.25,93.75,3966.0,2014-03-08T00:25:13Z,2014-03-08T00:54:27Z,4000000000.0,1856.5,256.21,2014-03-08T00:46:08Z,2014-03-08T01:15:19Z,0,134.6,12.5,134.6,12.5,134.6,11.0,140.9,10.7,109.4,0.432,104.4,0.243,99.4,0.137,94.4,0.0768,89.4,0.0432,84.4,0.0243,79.4,0.0137
H08S,0.0002,-37.25,93.75,3966.0,2014-03-08T00:25:13Z,2014-03-08T00:54:27Z,4000000000.0,3913.7,150.01,2014-03-08T01:08:44Z,2014-03-08T01:38:47Z,1,139.3,12.2,139.3,10.7,139.4,11.0,142.1,10.7,105.7,0.222,100.7,0.125,95.7,0.0703,90.7,0.0395,85.7,0.0222,80.7,0.0125,75.7,0.00703
3315,0.0002,-37.25,93.75,3966.0,2014-03-08T00:25:13Z,2014-03-08T00:54:27Z,4000000000.0,2040.1,247.41,2014-03-08T00:48:09Z,2014-03-08T01:17:24Z,0,135.0,16.0,135.0,16.0,135.0,14.9,141.3,14.7,109.0,0.402,104.0,0.226,99.0,0.127,94.0,0.0714,89.0,0.0402,84.0,0.0226,79.0,0.0127
3376,0.0002,-37.25,93.75,3966.0,2014-03-08T00:25:13Z,2014-03-08T00:54:27Z,4000000000.0,2042.3,247.34,2014-03-08T00:48:10Z,2014-03-08T01:17:25Z,0,135.0,16.0,135.0,16.0,135.0,14.9,141.3,14.7,109.0,0.401,104.0,0.226,99.0,0.127,94.0,0.0714,89.0,0.0401,84.0,0.0226,79.0,0.0127
3250,0.0002,-37.25,93.75,3966.0,2014-03-08T00:25:13Z,2014-03-08T00:54:27Z,4000000000.0,3634.6,223.24,2014-03-08T01:05:50Z,2014-03-08T01:35:25Z,1,137.5,16.0,137.5,16.0,137.5,14.9,143.8,14.7,106.5,0.252,101.5,0.141,96.5,0.0796,91.5,0.0447,86.5,0.0252,81.5,0.0141,76.5,0.00796
3274,0.0002,-37.25,93.75,3966.0,2014-03-08T00:25:13Z,2014-03-08T00:54:27Z,4000000000.0,4135.9,256.77,2014-03-08T01:11:40Z,2014-03-08T01:41:00Z,0,138.1,16.0,138.1,16.0,138.1,14.9,144.4,14.7,105.9,0.225,100.9,0.127,95.9,0.0713,90.9,0.0401,85.9,0.0225,80.9,0.0127,75.9,0.00713
3275,0.0002,-37.25,93.75,3966.0,2014-03-08T00:25:13Z,2014-03-08T00:54:27Z,4000000000.0,4133.8,256.78,2014-03-08T01:11:39Z,2014-03-08T01:40:58Z,0,138.1,16.0,138.1,16.0,138.1,14.9,144.4,14.7,105.9,0.226,100.9,0.127,95.9,0.0713,90.9,0.0401,85.9,0.0226,80.9,0.0127,75.9,0.00713
H01W,0.00025,-36.75,85.25,3946.0,2014-03-08T00:24:47Z,2014-03-08T00:46:44Z,4000000000.0,2590.3,256.57,2014-03-08T00:53:41Z,2014-03-08T01:16:21Z,0,136.1,12.5,136.1,12.5,136.1,11.0,142.3,10.7,108.0,0.333,103.0,0.187,98.0,0.105,93.0,0.0591,88.0,0.0333,83.0,0.0187,78.0,0.0105
H08S,0.00025,-36.75,85.25,3946.0,2014-03-08T00:24:47Z,2014-03-08T00:46:44Z,4000000000.0,3498.3,159.89,2014-03-08T01:03:54Z,2014-03-08T01:26:05Z,0,138.9,12.2,138.9,10.7,138.9,11.0,141.6,10.7,106.1,0.244,101.1,0.137,96.1,0.0773,91.1,0.0435,86.1,0.0244,81.1,0.0137,76.1,0.00773
3315,0.00025,-36.75,85.25,3946.0,2014-03-08T00:24:47Z,2014-03-08T00:46:44Z,4000000000.0,2763.8,250.08,2014-03-08T00:55:37Z,2014-03-08T01:18:18Z,0,136.3,16.0,136.3,16.0,136.3,14.9,142.6,14.7,107.7,0.316,102.7,0.177,97.7,0.0998,92.7,0.0561,87.7,0.0316,82.7,0.0177,77.7,0.00998
3376,0.00025,-36.75,85.25,3946.0,2014-03-08T00:24:47Z,2014-03-08T00:46:44Z,4000000000.0,2765.9,250.03,2014-03-08T00:55:38Z,2014-03-08T01:18:20Z,0,136.3,16.0,136.3,16.0,136.3,14.9,142.6,14.7,107.7,0.315,102.7,0.177,97.7,0.0997,92.7,0.0561,87.7,0.0315,82.7,0.0177,77.7,0.00997
3250,0.00025,-36.75,85.25,3946.0,2014-03-08T00:24:47Z,2014-03-08T00:46:44Z,4000000000.0,4256.9,229.2,2014-03-08T01:12:17Z,2014-03-08T01:35:07Z,1,138.2,16.0,138.2,16.0,138.2,14.9,144.5,14.7,105.8,0.22,100.8,0.124,95.8,0.0696,90.8,0.0391,85.8,0.022,80.8,0.0124,75.8,0.00696
3274,0.00025,-36.75,85.25,3946.0,2014-03-08T00:24:47Z,2014-03-08T00:46:44Z,4000000000.0,4844.9,253.9,2014-03-08T01:18:52Z,2014-03-08T01:41:44Z,0,138.8,16.0,138.8,16.0,138.8,14.9,145.1,14.7,105.3,0.197,100.3,0.111,95.3,0.0622,90.3,0.035,85.3,0.0197,80.3,0.0111,75.3,0.00622
3275,0.00025,-36.75,85.25,3946.0,2014-03-08T00:24:47Z,2014-03-08T00:46:44Z,4000000000.0,4842.9,253.92,2014-03-08T01:18:51Z,2014-03-08T01:41:42Z,0,138.8,16.0,138.8,16.0,138.8,14.9,145.1,14.7,105.3,0.197,100.3,0.111,95.3,0.0622,90.3,0.035,85.3,0.0197,80.3,0.0111,75.3,0.00622
H01W,0.0012,-36.75,85.75,3971.0,2014-03-08T00:20:37Z,2014-03-08T00:52:48Z,4000000000.0,2562.8,256.7,2014-03-08T00:49:17Z,2014-03-08T01:21:49Z,0,136.0,12.5,136.0,12.5,136.0,11.0,142.3,10.7,108.0,0.335,103.0,0.189,98.0,0.106,93.0,0.0597,88.0,0.0335,83.0,0.0189,78.0,0.0106
H08S,0.0012,-36.75,85.75,3971.0,2014-03-08T00:20:37Z,2014-03-08T00:52:48Z,4000000000.0,3507.4,159.45,2014-03-08T00:59:44Z,2014-03-08T01:32:23Z,0,138.9,12.2,138.9,10.7,138.9,11.0,141.7,10.7,106.1,0.244,101.1,0.137,96.1,0.0771,91.1,0.0434,86.1,0.0244,81.1,0.0137,76.1,0.00771
3315,0.0012,-36.75,85.75,3971.0,2014-03-08T00:20:37Z,2014-03-08T00:52:48Z,4000000000.0,2736.0,250.12,2014-03-08T00:51:12Z,2014-03-08T01:23:47Z,0,136.3,16.0,136.3,16.0,136.3,14.9,142.6,14.7,107.7,0.318,102.7,0.179,97.7,0.101,92.7,0.0566,87.7,0.0318,82.7,0.0179,77.7,0.0101
3376,0.0012,-36.75,85.75,3971.0,2014-03-08T00:20:37Z,2014-03-08T00:52:48Z,4000000000.0,2738.1,250.07,2014-03-08T00:51:14Z,2014-03-08T01:23:48Z,0,136.3,16.0,136.3,16.0,136.3,14.9,142.6,14.7,107.7,0.318,102.7,0.179,97.7,0.101,92.7,0.0566,87.7,0.0318,82.7,0.0179,77.7,0.0101
3250,0.0012,-36.75,85.75,3971.0,2014-03-08T00:20:37Z,2014-03-08T00:52:48Z,4000000000.0,4230.7,229.07,2014-03-08T01:07:51Z,2014-03-08T01:40:38Z,1,138.2,16.0,138.2,16.0,138.2,14.9,144.5,14.7,105.8,0.221,100.8,0.124,95.8,0.0699,90.8,0.0393,85.8,0.0221,80.8,0.0124,75.8,0.00699
3274,0.0012,-36.75,85.75,3971.0,2014-03-08T00:20:37Z,2014-03-08T00:52:48Z,4000000000.0,4817.3,254.11,2014-03-08T01:14:31Z,2014-03-08T01:47:14Z,0,138.8,16.0,138.8,16.0,138.8,14.9,145.0,14.7,105.3,0.198,100.3,0.111,95.3,0.0625,90.3,0.0351,85.3,0.0198,80.3,0.0111,75.3,0.00625
3275,0.0012,-36.75,85.75,3971.0,2014-03-08T00:20:37Z,2014-03-08T00:52:48Z,4000000000.0,4815.3,254.13,2014-03-08T01:14:29Z,2014-03-08T01:47:13Z,0,138.8,16.0,138.8,16.0,138.8,14.9,145.0,14.7,105.3,0.198,100.3,0.111,95.3,0.0625,90.3,0.0352,85.3,0.0198,80.3,0.0111,75.3,0.00625
H01W,0.0033,-36.75,86.25,3908.0,2014-03-08T00:20:25Z,2014-03-08T00:54:39Z,4000000000.0,2516.3,256.91,2014-03-08T00:48:31Z,2014-03-08T01:23:09Z,0,135.9,12.5,135.9,12.5,135.9,11.0,142.2,10.7,108.1,0.34,103.1,0.191,98.1,0.108,93.1,0.0605,88.1,0.034,83.1,0.0191,78.1,0.0108
H08S,0.0033,-36.75,86.25,3908.0,2014-03-08T00:20:25Z,2014-03-08T00:54:39Z,4000000000.0,3524.6,158.62,2014-03-08T00:59:34Z,2014-03-08T01:34:19Z,0,138.9,12.2,138.9,10.7,139.0,11.0,141.7,10.7,106.1,0.243,101.1,0.137,96.1,0.0768,91.1,0.0432,86.1,0.0243,81.1,0.0137,76.1,0.00768
3315,0.0033,-36.75,86.25,3908.0,2014-03-08T00:20:25Z,2014-03-08T00:54:39Z,4000000000.0,2688.3,250.24,2014-03-08T00:50:27Z,2014-03-08T01:25:06Z,0,136.2,16.0,136.2,16.0,136.2,14.9,142.5,14.7,107.8,0.323,102.8,0.182,97.8,0.102,92.8,0.0574,87.8,0.0323,82.8,0.0182,77.8,0.0102
3376,0.0033,-36.75,86.25,3908.0,2014-03-08T00:20:25Z,2014-03-08T00:54:39Z,4000000000.0,2690.4,250.19,2014-03-08T00:50:28Z,2014-03-08T01:25:07Z,0,136.2,16.0,136.2,16.0,136.2,14.9,142.5,14.7,107.8,0.323,102.8,0.181,97.8,0.102,92.8,0.0574,87.8,0.0323,82.8,0.0181,77.8,0.0102
3250,0.0033,-36.75,86.25,3908.0,2014-03-08T00:20:25Z,2014-03-08T00:54:39Z,4000000000.0,4181.9,228.84,2014-03-08T01:07:12Z,2014-03-08T01:41:56Z,1,138.1,16.0,138.1,16.0,138.1,14.9,144.4,14.7,105.9,0.223,100.9,0.126,95.9,0.0706,90.9,0.0397,85.9,0.0223,80.9,0.0126,75.9,0.00706
3274,0.0033,-36.75,86.25,3908.0,2014-03-08T00:20:25Z,2014-03-08T00:54:39Z,4000000000.0,4778.0,254.39,2014-03-08T01:13:46Z,2014-03-08T01:48:39Z,0,138.7,16.0,138.7,16.0,138.7,14.9,145.0,14.7,105.3,0.199,100.3,0.112,95.3,0.0629,90.3,0.0354,85.3,0.0199,80.3,0.0112,75.3,0.00629
3275,0.0033,-36.75,86.25,3908.0,2014-03-08T00:20:25Z,2014-03-08T00:54:39Z,4000000000.0,4776.0,254.4,2014-03-08T01:13:44Z,2014-03-08T01:48:38Z,0,138.7,16.0,138.7,16.0,138.7,14.9,145.0,14.7,105.3,0.199,100.3,0.112,95.3,0.063,90.3,0.0354,85.3,0.0199,80.3,0.0112,75.3,0.0063
H01W,0.006,-36.75,86.75,3868.0,2014-03-08T00:19:52Z,2014-03-08T00:54:49Z,4000000000.0,2474.2,257.17,2014-03-08T00:47:23Z,2014-03-08T01:22:46Z,0,135.9,12.5,135.9,12.5,135.9,11.0,142.1,10.7,108.2,0.345,103.2,0.194,98.2,0.109,93.2,0.0614,88.2,0.0345,83.2,0.0194,78.2,0.0109
H08S,0.006,-36.75,86.75,3868.0,2014-03-08T00:19:52Z,2014-03-08T00:54:49Z,4000000000.0,3534.5,157.92,2014-03-08T00:59:28Z,2014-03-08T01:34:50Z,1,138.9,12.2,138.9,10.7,139.0,11.0,141.7,10.7,106.1,0.242,101.1,0.136,96.1,0.0767,91.1,0.0431,86.1,0.0242,81.1,0.0136,76.1,0.00767
3315,0.006,-36.75,86.75,3868.0,2014-03-08T00:19:52Z,2014-03-08T00:54:49Z,4000000000.0,2644.9,250.34,2014-03-08T00:49:18Z,2014-03-08T01:24:40Z,0,136.1,16.0,136.1,16.0,136.1,14.9,142.4,14.7,107.9,0.327,102.9,0.184,97.9,0.103,92.9,0.0582,87.9,0.0327,82.9,0.0184,77.9,0.0103
3376,0.006,-36.75,86.75,3868.0,2014-03-08T00:19:52Z,2014-03-08T00:54:49Z,4000000000.0,2647.0,250.29,2014-03-08T00:49:19Z,2014-03-08T01:24:41Z,0,136.2,16.0,136.2,16.0,136.2,14.9,142.4,14.7,107.9,0.327,102.9,0.184,97.9,0.103,92.9,0.0581,87.9,0.0327,82.9,0.0184,77.9,0.0103
3250,0.006,-36.75,86.75,3868.0,2014-03-08T00:19:52Z,2014-03-08T00:54:49Z,4000000000.0,4141.0,228.71,2014-03-08T01:06:02Z,2014-03-08T01:41:27Z,1,138.1,16.0,138.1,16.0,138.1,14.9,144.4,14.7,105.9,0.225,100.9,0.127,95.9,0.0712,90.9,0.04,85.9,0.0225,80.9,0.0127,75.9,0.00712
3274,0.006,-36.75,86.75,3868.0,2014-03-08T00:19:52Z,2014-03-08T00:54:49Z,4000000000.0,4739.7,254.69,2014-03-08T01:12:41Z,2014-03-08T01:48:21Z,0,138.7,16.0,138.7,16.0,138.7,14.9,145.0,14.7,105.4,0.2,100.4,0.113,95.4,0.0634,90.4,0.0356,85.4,0.02,80.4,0.0113,75.4,0.00634
3275,0.006,-36.75,86.75,3868.0,2014-03-08T00:19:52Z,2014-03-08T00:54:49Z,4000000000.0,4737.7,254.7,2014-03-08T01:12:40Z,2014-03-08T01:48:19Z,0,138.7,16.0,138.7,16.0,138.7,14.9,145.0,14.7,105.4,0.201,100.4,0.113,95.4,0.0634,90.4,0.0357,85.4,0.0201,80.4,0.0113,75.4,0.00634
H01W,0.0071,-36.75,87.25,3840.0,2014-03-08T00:19:47Z,2014-03-08T00:54:23Z,4000000000.0,2429.7,257.11,2014-03-08T00:46:49Z,2014-03-08T01:21:49Z,0,135.8,12.5,135.8,12.5,135.8,11.0,142.1,10.7,108.3,0.35,103.3,0.197,98.3,0.111,93.3,0.0623,88.3,0.035,83.3,0.0197,78.3,0.0111
H08S,0.0071,-36.75,87.25,3840.0,2014-03-08T00:19:47Z,2014-03-08T00:54:23Z,4000000000.0,3560.1,157.29,2014-03-08T00:59:29Z,2014-03-08T01:34:40Z,0,138.9,12.2,138.9,10.7,139.0,11.0,141.7,10.7,106.1,0.241,101.1,0.135,96.1,0.0762,91.1,0.0428,86.1,0.0241,81.1,0.0135,76.1,0.00762
3315,0.0071,-36.75,87.25,3840.0,2014-03-08T00:19:47Z,2014-03-08T00:54:23Z,4000000000.0,2601.1,250.19,2014-03-08T00:48:42Z,2014-03-08T01:23:46Z,0,136.1,16.0,136.1,16.0,136.1,14.9,142.4,14.7,108.0,0.331,103.0,0.186,98.0,0.105,93.0,0.0589,88.0,0.0331,83.0,0.0186,78.0,0.0105
3376,0.0071,-36.75,87.25,3840.0,2014-03-08T00:19:47Z,2014-03-08T00:54:23Z,4000000000.0,2603.2,250.14,2014-03-08T00:48:44Z,2014-03-08T01:23:48Z,0,136.1,16.0,136.1,16.0,136.1,14.9,142.4,14.7,108.0,0.331,103.0,0.186,98.0,0.105,93.0,0.0589,88.0,0.0331,83.0,0.0186,78.0,0.0105
3250,0.0071,-36.75,87.25,3840.0,2014-03-08T00:19:47Z,2014-03-08T00:54:23Z,4000000000.0,4103.0,228.36,2014-03-08T01:05:26Z,2014-03-08T01:40:46Z,1,138.1,16.0,138.1,16.0,138.1,14.9,144.3,14.7,106.0,0.227,101.0,0.128,96.0,0.0718,91.0,0.0404,86.0,0.0227,81.0,0.0128,76.0,0.00718
3274,0.0071,-36.75,87.25,3840.0,2014-03-08T00:19:47Z,2014-03-08T00:54:23Z,4000000000.0,4698.4,254.83,2014-03-08T01:12:08Z,2014-03-08T01:47:19Z,0,138.6,16.0,138.6,16.0,138.6,14.9,144.9,14.7,105.4,0.202,100.4,0.114,95.4,0.0639,90.4,0.0359,85.4,0.0202,80.4,0.0114,75.4,0.00639
3275,0.0071,-36.75,87.25,3840.0,2014-03-08T00:19:47Z,2014-03-08T00:54:23Z,4000000000.0,4696.4,254.85,2014-03-08T01:12:06Z,2014-03-08T01:47:18Z,0,138.6,16.0,138.6,16.0,138.6,14.9,144.9,14.7,105.4,0.202,100.4,0.114,95.4,0.0639,90.4,0.0359,85.4,0.0202,80.4,0.0114,75.4,0.00639
H01W,0.00715,-36.75,87.75,3814.0,2014-03-08T00:19:39Z,2014-03-08T00:54:46Z,4000000000.0,2385.2,257.19,2014-03-08T00:46:11Z,2014-03-08T01:21:46Z,0,135.7,12.5,135.7,12.5,135.7,11.0,142.0,10.7,108.3,0.355,103.3,0.2,98.3,0.112,93.3,0.0632,88.3,0.0355,83.3,0.02,78.3,0.0112
H08S,0.00715,-36.75,87.75,3814.0,2014-03-08T00:19:39Z,2014-03-08T00:54:46Z,4000000000.0,3582.2,156.6,2014-03-08T00:59:49Z,2014-03-08T01:35:00Z,0,139.0,12.2,139.0,10.7,139.0,11.0,141.7,10.7,106.0,0.24,101.0,0.135,96.0,0.0758,91.0,0.0426,86.0,0.024,81.0,0.0135,76.0,0.00758
3315,0.00715,-36.75,87.75,3814.0,2014-03-08T00:19:39Z,2014-03-08T00:54:46Z,4000000000.0,2556.2,250.11,2014-03-08T00:48:07Z,2014-03-08T01:23:41Z,0,136.0,16.0,136.0,16.0,136.0,14.9,142.3,14.7,108.0,0.336,103.0,0.189,98.0,0.106,93.0,0.0598,88.0,0.0336,83.0,0.0189,78.0,0.0106
3376,0.00715,-36.75,87.75,3814.0,2014-03-08T00:19:39Z,2014-03-08T00:54:46Z,4000000000.0,2558.2,250.05,2014-03-08T00:48:09Z,2014-03-08T01:23:43Z,0,136.0,16.0,136.0,16.0,136.0,14.9,142.3,14.7,108.0,0.336,103.0,0.189,98.0,0.106,93.0,0.0597,88.0,0.0336,83.0,0.0189,78.0,0.0106
3250,0.00715,-36.75,87.75,3814.0,2014-03-08T00:19:39Z,2014-03-08T00:54:46Z,4000000000.0,4061.5,228.05,2014-03-08T01:05:01Z,2014-03-08T01:40:38Z,1,138.0,16.0,138.0,16.0,138.0,14.9,144.3,14.7,106.0,0.229,101.0,0.129,96.0,0.0724,91.0,0.0407,86.0,0.0229,81.0,0.0129,76.0,0.00724
3274,0.00715,-36.75,87.75,3814.0,2014-03-08T00:19:39Z,2014-03-08T00:54:46Z,4000000000.0,4654.7,255.06,2014-03-08T01:11:29Z,2014-03-08T01:47:23Z,0,138.6,16.0,138.6,16.0,138.6,14.9,144.9,14.7,105.4,0.204,100.4,0.114,95.4,0.0644,90.4,0.0362,85.4,0.0204,80.4,0.0114,75.4,0.00644
3275,0.00715,-36.75,87.75,3814.0,2014-03-08T00:19:39Z,2014-03-08T00:54:46Z,4000000000.0,4652.7,255.08,2014-03-08T01:11:27Z,2014-03-08T01:47:22Z,0,138.6,16.0,138.6,16.0,138.6,14.9,144.9,14.7,105.4,0.204,100.4,0.115,95.4,0.0644,90.4,0.0362,85.4,0.0204,80.4,0.0115,75.4,0.00644
H01W,0.0072,-36.75,88.25,3795.0,2014-03-08T00:19:42Z,2014-03-08T00:54:46Z,4000000000.0,2340.5,257.24,2014-03-08T00:46:03Z,2014-03-08T01:21:14Z,0,135.6,12.5,135.6,12.5,135.6,11.0,141.9,10.7,108.4,0.361,103.4,0.203,98.4,0.114,93.4,0.0641,88.4,0.0361,83.4,0.0203,78.4,0.0114
H08S,0.0072,-36.75,88.25,3795.0,2014-03-08T00:19:42Z,2014-03-08T00:54:46Z,4000000000.0,3602.8,155.96,2014-03-08T00:59:55Z,2014-03-08T01:35:19Z,0,139.0,12.2,139.0,10.7,139.1,11.0,141.8,10.7,106.0,0.239,101.0,0.134,96.0,0.0754,91.0,0.0424,86.0,0.0239,81.0,0.0134,76.0,0.00754
3315,0.0072,-36.75,88.25,3795.0,2014-03-08T00:19:42Z,2014-03-08T00:54:46Z,4000000000.0,2511.2,250.02,2014-03-08T00:47:58Z,2014-03-08T01:23:10Z,0,135.9,16.0,135.9,16.0,135.9,14.9,142.2,14.7,108.1,0.341,103.1,0.192,98.1,0.108,93.1,0.0606,88.1,0.0341,83.1,0.0192,78.1,0.0108
3376,0.0072,-36.75,88.25,3795.0,2014-03-08T00:19:42Z,2014-03-08T00:54:46Z,4000000000.0,2513.2,249.97,2014-03-08T00:47:59Z,2014-03-08T01:23:11Z,0,135.9,16.0,135.9,16.0,135.9,14.9,142.2,14.7,108.1,0.341,103.1,0.192,98.1,0.108,93.1,0.0606,88.1,0.0341,83.1,0.0192,78.1,0.0108
3250,0.0072,-36.75,88.25,3795.0,2014-03-08T00:19:42Z,2014-03-08T00:54:46Z,4000000000.0,4021.9,227.77,2014-03-08T01:04:50Z,2014-03-08T01:40:10Z,1,138.0,16.0,138.0,16.0,138.0,14.9,144.3,14.7,106.1,0.231,101.1,0.13,96.1,0.073,91.1,0.0411,86.1,0.0231,81.1,0.013,76.1,0.0073
3274,0.0072,-36.75,88.25,3795.0,2014-03-08T00:19:42Z,2014-03-08T00:54:46Z,4000000000.0,4614.7,255.25,2014-03-08T01:11:24Z,2014-03-08T01:46:52Z,0,138.6,16.0,138.6,16.0,138.6,14.9,144.9,14.7,105.5,0.205,100.5,0.115,95.5,0.0649,90.5,0.0365,85.5,0.0205,80.5,0.0115,75.5,0.00649
3275,0.0072,-36.75,88.25,3795.0,2014-03-08T00:19:42Z,2014-03-08T00:54:46Z,4000000000.0,4612.7,255.27,2014-03-08T01:11:23Z,2014-03-08T01:46:51Z,0,138.6,16.0,138.6,16.0,138.6,14.9,144.8,14.7,105.5,0.205,100.5,0.115,95.5,0.0649,90.5,0.0365,85.5,0.0205,80.5,0.0115,75.5,0.00649
H01W,0.00765,-36.75,88.75,3825.0,2014-03-08T00:19:37Z,2014-03-08T00:54:52Z,4000000000.0,2300.3,257.38,2014-03-08T00:45:29Z,2014-03-08T01:20:47Z,0,135.5,12.5,135.5,12.5,135.5,11.0,141.8,10.7,108.5,0.366,103.5,0.206,98.5,0.116,93.5,0.065,88.5,0.0366,83.5,0.0206,78.5,0.0116
H08S,0.00765,-36.75,88.75,3825.0,2014-03-08T00:19:37Z,2014-03-08T00:54:52Z,4000000000.0,3622.1,155.35,2014-03-08T01:00:13Z,2014-03-08T01:35:34Z,0,139.0,12.2,139.0,10.7,139.1,11.0,141.8,10.7,106.0,0.237,101.0,0.134,96.0,0.0751,91.0,0.0422,86.0,0.0237,81.0,0.0134,76.0,0.00751
3315,0.00765,-36.75,88.75,3825.0,2014-03-08T00:19:37Z,2014-03-08T00:54:52Z,4000000000.0,2470.8,250.04,2014-03-08T00:47:26Z,2014-03-08T01:22:41Z,0,135.9,16.0,135.9,16.0,135.9,14.9,142.1,14.7,108.2,0.345,103.2,0.194,98.2,0.109,93.2,0.0614,88.2,0.0345,83.2,0.0194,78.2,0.0109
3376,0.00765,-36.75,88.75,3825.0,2014-03-08T00:19:37Z,2014-03-08T00:54:52Z,4000000000.0,2472.9,249.98,2014-03-08T00:47:27Z,2014-03-08T01:22:43Z,0,135.9,16.0,135.9,16.0,135.9,14.9,142.1,14.7,108.2,0.345,103.2,0.194,98.2,0.109,93.2,0.0614,88.2,0.0345,83.2,0.0194,78.2,0.0109
3250,0.00765,-36.75,88.75,3825.0,2014-03-08T00:19:37Z,2014-03-08T00:54:52Z,4000000000.0,3984.3,227.51,2014-03-08T01:04:21Z,2014-03-08T01:39:40Z,1,137.9,16.0,137.9,16.0,137.9,14.9,144.2,14.7,106.1,0.233,101.1,0.131,96.1,0.0736,91.1,0.0414,86.1,0.0233,81.1,0.0131,76.1,0.00736
3274,0.00765,-36.75,88.75,3825.0,2014-03-08T00:19:37Z,2014-03-08T00:54:52Z,4000000000.0,4573.5,255.46,2014-03-08T01:10:49Z,2014-03-08T01:46:31Z,0,138.5,16.0,138.5,16.0,138.5,14.9,144.8,14.7,105.5,0.207,100.5,0.116,95.5,0.0654,90.5,0.0368,85.5,0.0207,80.5,0.0116,75.5,0.00654
3275,0.00765,-36.75,88.75,3825.0,2014-03-08T00:19:37Z,2014-03-08T00:54:52Z,4000000000.0,4571.5,255.48,2014-03-08T01:10:48Z,2014-03-08T01:46:29Z,0,138.5,16.0,138.5,16.0,138.5,14.9,144.8,14.7,105.5,0.207,100.5,0.116,95.5,0.0654,90.5,0.0368,85.5,0.0207,80.5,0.0116,75.5,0.00654
H01W,0.00865,-36.75,89.25,3771.0,2014-03-08T00:19:45Z,2014-03-08T00:54:56Z,4000000000.0,2251.5,257.45,2014-03-08T00:44:53Z,2014-03-08T01:20:32Z,0,135.5,12.5,135.5,12.5,135.5,11.0,141.7,10.7,108.6,0.372,103.6,0.209,98.6,0.118,93.6,0.0661,88.6,0.0372,83.6,0.0209,78.6,0.0118
H08S,0.00865,-36.75,89.25,3771.0,2014-03-08T00:19:45Z,2014-03-08T00:54:56Z,4000000000.0,3645.0,154.68,2014-03-08T01:00:27Z,2014-03-08T01:36:08Z,0,139.0,12.2,139.0,10.7,139.1,11.0,141.8,10.7,106.0,0.236,101.0,0.133,96.0,0.0747,91.0,0.042,86.0,0.0236,81.0,0.0133,76.0,0.00747
3315,0.00865,-36.75,89.25,3771.0,2014-03-08T00:19:45Z,2014-03-08T00:54:56Z,4000000000.0,2423.4,249.96,2014-03-08T00:46:47Z,2014-03-08T01:22:29Z,0,135.8,16.0,135.8,16.0,135.8,14.9,142.1,14.7,108.3,0.351,103.3,0.197,98.3,0.111,93.3,0.0624,88.3,0.0351,83.3,0.0197,78.3,0.0111
3376,0.00865,-36.75,89.25,3771.0,2014-03-08T00:19:45Z,2014-03-08T00:54:56Z,4000000000.0,2425.5,249.9,2014-03-08T00:46:48Z,2014-03-08T01:22:31Z,0,135.8,16.0,135.8,16.0,135.8,14.9,142.1,14.7,108.3,0.351,103.3,0.197,98.3,0.111,93.3,0.0623,88.3,0.0351,83.3,0.0197,78.3,0.0111
3250,0.00865,-36.75,89.25,3771.0,2014-03-08T00:19:45Z,2014-03-08T00:54:56Z,4000000000.0,3943.0,227.19,2014-03-08T01:03:44Z,2014-03-08T01:39:41Z,1,137.9,16.0,137.9,16.0,137.9,14.9,144.2,14.7,106.2,0.235,101.2,0.132,96.2,0.0743,91.2,0.0418,86.2,0.0235,81.2,0.0132,76.2,0.00743
3274,0.00865,-36.75,89.25,3771.0,2014-03-08T00:19:45Z,2014-03-08T00:54:56Z,4000000000.0,4529.5,255.69,2014-03-08T01:10:21Z,2014-03-08T01:46:09Z,0,138.5,16.0,138.5,16.0,138.5,14.9,144.8,14.7,105.6,0.208,100.6,0.117,95.6,0.0659,90.6,0.0371,85.6,0.0208,80.6,0.0117,75.6,0.00659
3275,0.00865,-36.75,89.25,3771.0,2014-03-08T00:19:45Z,2014-03-08T00:54:56Z,4000000000.0,4527.5,255.71,2014-03-08T01:10:20Z,2014-03-08T01:46:08Z,0,138.5,16.0,138.5,16.0,138.5,14.9,144.8,14.7,105.6,0.209,100.6,0.117,95.6,0.066,90.6,0.0371,85.6,0.0209,80.6,0.0117,75.6,0.0066
H01W,0.00875,-36.75,89.75,3783.0,2014-03-08T00:19:39Z,2014-03-08T00:54:42Z,4000000000.0,2205.3,257.44,2014-03-08T00:44:29Z,2014-03-08T01:19:28Z,0,135.4,12.5,135.4,12.5,135.4,11.0,141.6,10.7,108.7,0.378,103.7,0.213,98.7,0.12,93.7,0.0672,88.7,0.0378,83.7,0.0213,78.7,0.012
H08S,0.00875,-36.75,89.75,3783.0,2014-03-08T00:19:39Z,2014-03-08T00:54:42Z,4000000000.0,3671.2,154.06,2014-03-08T01:00:47Z,2014-03-08T01:36:23Z,0,139.1,12.2,139.1,10.7,139.1,11.0,141.9,10.7,105.9,0.235,100.9,0.132,95.9,0.0742,90.9,0.0417,85.9,0.0235,80.9,0.0132,75.9,0.00742
3315,0.00875,-36.75,89.75,3783.0,2014-03-08T00:19:39Z,2014-03-08T00:54:42Z,4000000000.0,2377.4,249.82,2014-03-08T00:46:26Z,2014-03-08T01:21:26Z,0,135.7,16.0,135.7,16.0,135.7,14.9,142.0,14.7,108.4,0.356,103.4,0.2,98.4,0.113,93.4,0.0633,88.4,0.0356,83.4,0.02,78.4,0.0113
3376,0.00875,-36.75,89.75,3783.0,2014-03-08T00:19:39Z,2014-03-08T00:54:42Z,4000000000.0,2379.5,249.76,2014-03-08T00:46:28Z,2014-03-08T01:21:27Z,0,135.7,16.0,135.7,16.0,135.7,14.9,142.0,14.7,108.3,0.356,103.3,0.2,98.3,0.113,93.3,0.0633,88.3,0.0356,83.3,0.02,78.3,0.0113
3250,0.00875,-36.75,89.75,3783.0,2014-03-08T00:19:39Z,2014-03-08T00:54:42Z,4000000000.0,3903.4,226.82,2014-03-08T01:03:33Z,2014-03-08T01:38:44Z,1,137.8,16.0,137.8,16.0,137.8,14.9,144.1,14.7,106.2,0.237,101.2,0.133,96.2,0.0749,91.2,0.0421,86.2,0.0237,81.2,0.0133,76.2,0.00749
3274,0.00875,-36.75,89.75,3783.0,2014-03-08T00:19:39Z,2014-03-08T00:54:42Z,4000000000.0,4487.3,255.87,2014-03-08T01:09:53Z,2014-03-08T01:45:09Z,0,138.4,16.0,138.4,16.0,138.4,14.9,144.7,14.7,105.6,0.21,100.6,0.118,95.6,0.0665,90.6,0.0374,85.6,0.021,80.6,0.0118,75.6,0.00665
3275,0.00875,-36.75,89.75,3783.0,2014-03-08T00:19:39Z,2014-03-08T00:54:42Z,4000000000.0,4485.3,255.88,2014-03-08T01:09:52Z,2014-03-08T01:45:08Z,0,138.4,16.0,138.4,16.0,138.4,14.9,144.7,14.7,105.6,0.21,100.6,0.118,95.6,0.0665,90.6,0.0374,85.6,0.021,80.6,0.0118,75.6,0.00665
H01W,0.00825,-36.75,90.25,3933.0,2014-03-08T00:19:42Z,2014-03-08T00:54:44Z,4000000000.0,2164.3,257.55,2014-03-08T00:43:53Z,2014-03-08T01:19:11Z,0,135.3,12.5,135.3,12.5,135.3,11.0,141.6,10.7,108.8,0.384,103.8,0.216,98.8,0.121,93.8,0.0682,88.8,0.0384,83.8,0.0216,78.8,0.0121
H08S,0.00825,-36.75,90.25,3933.0,2014-03-08T00:19:42Z,2014-03-08T00:54:44Z,4000000000.0,3694.9,153.46,2014-03-08T01:00:56Z,2014-03-08T01:36:30Z,0,139.1,12.2,139.1,10.7,139.2,11.0,141.9,10.7,105.9,0.233,100.9,0.131,95.9,0.0738,90.9,0.0415,85.9,0.0233,80.9,0.0131,75.9,0.00738
3315,0.00825,-36.75,90.25,3933.0,2014-03-08T00:19:42Z,2014-03-08T00:54:44Z,4000000000.0,2336.1,249.76,2014-03-08T00:45:48Z,2014-03-08T01:21:09Z,0,135.6,16.0,135.6,16.0,135.6,14.9,141.9,14.7,108.4,0.361,103.4,0.203,98.4,0.114,93.4,0.0642,88.4,0.0361,83.4,0.0203,78.4,0.0114
3376,0.00825,-36.75,90.25,3933.0,2014-03-08T00:19:42Z,2014-03-08T00:54:44Z,4000000000.0,2338.2,249.7,2014-03-08T00:45:49Z,2014-03-08T01:21:10Z,0,135.6,16.0,135.6,16.0,135.6,14.9,141.9,14.7,108.4,0.361,103.4,0.203,98.4,0.114,93.4,0.0642,88.4,0.0361,83.4,0.0203,78.4,0.0114
3250,0.00825,-36.75,90.25,3933.0,2014-03-08T00:19:42Z,2014-03-08T00:54:44Z,4000000000.0,3867.0,226.49,2014-03-08T01:02:52Z,2014-03-08T01:38:27Z,1,137.8,16.0,137.8,16.0,137.8,14.9,144.1,14.7,106.2,0.239,101.2,0.134,96.2,0.0755,91.2,0.0425,86.2,0.0239,81.2,0.0134,76.2,0.00755
3274,0.00825,-36.75,90.25,3933.0,2014-03-08T00:19:42Z,2014-03-08T00:54:44Z,4000000000.0,4447.4,256.09,2014-03-08T01:09:24Z,2014-03-08T01:44:53Z,0,138.4,16.0,138.4,16.0,138.4,14.9,144.7,14.7,105.6,0.212,100.6,0.119,95.6,0.067,90.6,0.0377,85.6,0.0212,80.6,0.0119,75.6,0.0067
3275,0.00825,-36.75,90.25,3933.0,2014-03-08T00:19:42Z,2014-03-08T00:54:44Z,4000000000.0,4445.3,256.1,2014-03-08T01:09:23Z,2014-03-08T01:44:51Z,0,138.4,16.0,138.4,16.0,138.4,14.9,144.7,14.7,105.6,0.212,100.6,0.119,95.6,0.067,90.6,0.0377,85.6,0.0212,80.6,0.0119,75.6,0.0067
H01W,0.0056,-36.75,90.75,3906.0,2014-03-08T00:20:26Z,2014-03-08T00:54:56Z,4000000000.0,2122.4,257.52,2014-03-08T00:44:20Z,2014-03-08T01:19:04Z,0,135.2,12.5,135.2,12.5,135.2,11.0,141.5,10.7,108.8,0.389,103.8,0.219,98.8,0.123,93.8,0.0693,88.8,0.0389,83.8,0.0219,78.8,0.0123
H08S,0.0056,-36.75,90.75,3906.0,2014-03-08T00:20:26Z,2014-03-08T00:54:56Z,4000000000.0,3716.8,152.86,2014-03-08T01:02:02Z,2014-03-08T01:36:45Z,0,139.1,12.2,139.1,10.7,139.2,11.0,141.9,10.7,105.9,0.232,100.9,0.131,95.9,0.0735,90.9,0.0413,85.9,0.0232,80.9,0.0131,75.9,0.00735
3315,0.0056,-36.75,90.75,3906.0,2014-03-08T00:20:26Z,2014-03-08T00:54:56Z,4000000000.0,2292.8,249.58,2014-03-08T00:46:17Z,2014-03-08T01:20:58Z,0,135.5,16.0,135.5,16.0,135.5,14.9,141.8,14.7,108.5,0.367,103.5,0.206,98.5,0.116,93.5,0.0652,88.5,0.0367,83.5,0.0206,78.5,0.0116
3376,0.0056,-36.75,90.75,3906.0,2014-03-08T00:20:26Z,2014-03-08T00:54:56Z,4000000000.0,2294.9,249.52,2014-03-08T00:46:19Z,2014-03-08T01:20:59Z,0,135.5,16.0,135.5,16.0,135.5,14.9,141.8,14.7,108.5,0.366,103.5,0.206,98.5,0.116,93.5,0.0651,88.5,0.0366,83.5,0.0206,78.5,0.0116
3250,0.0056,-36.75,90.75,3906.0,2014-03-08T00:20:26Z,2014-03-08T00:54:56Z,4000000000.0,3827.7,226.19,2014-03-08T01:03:30Z,2014-03-08T01:38:08Z,1,137.8,16.0,137.8,16.0,137.8,14.9,144.0,14.7,106.3,0.241,101.3,0.135,96.3,0.0762,91.3,0.0428,86.3,0.0241,81.3,0.0135,76.3,0.00762
3274,0.0056,-36.75,90.75,3906.0,2014-03-08T00:20:26Z,2014-03-08T00:54:56Z,4000000000.0,4407.2,256.25,2014-03-08T01:09:47Z,2014-03-08T01:44:55Z,0,138.4,16.0,138.4,16.0,138.4,14.9,144.7,14.7,105.7,0.213,100.7,0.12,95.7,0.0675,90.7,0.038,85.7,0.0213,80.7,0.012,75.7,0.00675
3275,0.0056,-36.75,90.75,3906.0,2014-03-08T00:20:26Z,2014-03-08T00:54:56Z,4000000000.0,4405.2,256.27,2014-03-08T01:09:46Z,2014-03-08T01:44:54Z,0,138.4,16.0,138.4,16.0,138.4,14.9,144.6,14.7,105.7,0.214,100.7,0.12,95.7,0.0675,90.7,0.038,85.7,0.0214,80.7,0.012,75.7,0.00675
H01W,0.00295,-36.75,91.25,4015.0,2014-03-08T00:20:07Z,2014-03-08T00:53:58Z,4000000000.0,2074.0,257.58,2014-03-08T00:43:16Z,2014-03-08T01:17:11Z,0,135.1,12.5,135.1,12.5,135.1,11.0,141.4,10.7,108.9,0.397,103.9,0.223,98.9,0.125,93.9,0.0705,88.9,0.0397,83.9,0.0223,78.9,0.0125
H08S,0.00295,-36.75,91.25,4015.0,2014-03-08T00:20:07Z,2014-03-08T00:53:58Z,4000000000.0,3745.4,152.22,2014-03-08T01:01:59Z,2014-03-08T01:36:22Z,0,139.2,12.2,139.2,10.7,139.2,11.0,141.9,10.7,105.8,0.231,100.8,0.13,95.8,0.073,90.8,0.041,85.8,0.0231,80.8,0.013,75.8,0.0073
3315,0.00295,-36.75,91.25,4015.0,2014-03-08T00:20:07Z,2014-03-08T00:53:58Z,4000000000.0,2245.8,249.47,2014-03-08T00:45:12Z,2014-03-08T01:19:09Z,0,135.4,16.0,135.4,16.0,135.4,14.9,141.7,14.7,108.6,0.373,103.6,0.21,98.6,0.118,93.6,0.0663,88.6,0.0373,83.6,0.021,78.6,0.0118
3376,0.00295,-36.75,91.25,4015.0,2014-03-08T00:20:07Z,2014-03-08T00:53:58Z,4000000000.0,2247.9,249.41,2014-03-08T00:45:14Z,2014-03-08T01:19:10Z,0,135.4,16.0,135.4,16.0,135.4,14.9,141.7,14.7,108.6,0.372,103.6,0.209,98.6,0.118,93.6,0.0662,88.6,0.0372,83.6,0.0209,78.6,0.0118
3250,0.00295,-36.75,91.25,4015.0,2014-03-08T00:20:07Z,2014-03-08T00:53:58Z,4000000000.0,3785.9,225.79,2014-03-08T01:02:26Z,2014-03-08T01:36:35Z,1,137.7,16.0,137.7,16.0,137.7,14.9,144.0,14.7,106.3,0.243,101.3,0.137,96.3,0.0769,91.3,0.0432,86.3,0.0243,81.3,0.0137,76.3,0.00769
3274,0.00295,-36.75,91.25,4015.0,2014-03-08T00:20:07Z,2014-03-08T00:53:58Z,4000000000.0,4363.6,256.5,2014-03-08T01:08:49Z,2014-03-08T01:42:58Z,0,138.3,16.0,138.3,16.0,138.3,14.9,144.6,14.7,105.7,0.215,100.7,0.121,95.7,0.0681,90.7,0.0383,85.7,0.0215,80.7,0.0121,75.7,0.00681
3275,0.00295,-36.75,91.25,4015.0,2014-03-08T00:20:07Z,2014-03-08T00:53:58Z,4000000000.0,4361.6,256.51,2014-03-08T01:08:48Z,2014-03-08T01:42:57Z,0,138.3,16.0,138.3,16.0,138.3,14.9,144.6,14.7,105.7,0.215,100.7,0.121,95.7,0.0681,90.7,0.0383,85.7,0.0215,80.7,0.0121,75.7,0.00681
H01W,0.0026,-36.75,91.75,3966.0,2014-03-08T00:19:57Z,2014-03-08T00:53:40Z,4000000000.0,2031.9,257.71,2014-03-08T00:42:35Z,2014-03-08T01:16:48Z,0,135.0,12.5,135.0,12.5,135.0,11.0,141.3,10.7,109.0,0.403,104.0,0.227,99.0,0.127,94.0,0.0716,89.0,0.0403,84.0,0.0227,79.0,0.0127
H08S,0.0026,-36.75,91.75,3966.0,2014-03-08T00:19:57Z,2014-03-08T00:53:40Z,4000000000.0,3765.3,151.66,2014-03-08T01:01:53Z,2014-03-08T01:35:50Z,0,139.2,12.2,139.2,10.7,139.3,11.0,142.0,10.7,105.8,0.23,100.8,0.129,95.8,0.0727,90.8,0.0409,85.8,0.023,80.8,0.0129,75.8,0.00727
3315,0.0026,-36.75,91.75,3966.0,2014-03-08T00:19:57Z,2014-03-08T00:53:40Z,4000000000.0,2203.1,249.45,2014-03-08T00:44:33Z,2014-03-08T01:18:43Z,0,135.4,16.0,135.4,16.0,135.4,14.9,141.6,14.7,108.7,0.378,103.7,0.213,98.7,0.12,93.7,0.0673,88.7,0.0378,83.7,0.0213,78.7,0.012
3376,0.0026,-36.75,91.75,3966.0,2014-03-08T00:19:57Z,2014-03-08T00:53:40Z,4000000000.0,2205.2,249.39,2014-03-08T00:44:35Z,2014-03-08T01:18:44Z,0,135.4,16.0,135.4,16.0,135.4,14.9,141.6,14.7,108.7,0.378,103.7,0.213,98.7,0.12,93.7,0.0672,88.7,0.0378,83.7,0.0213,78.7,0.012
3250,0.0026,-36.75,91.75,3966.0,2014-03-08T00:19:57Z,2014-03-08T00:53:40Z,4000000000.0,3749.7,225.51,2014-03-08T01:01:58Z,2014-03-08T01:36:02Z,1,137.7,16.0,137.7,16.0,137.7,14.9,143.9,14.7,106.4,0.245,101.4,0.138,96.4,0.0775,91.4,0.0436,86.4,0.0245,81.4,0.0138,76.4,0.00775
3274,0.0026,-36.75,91.75,3966.0,2014-03-08T00:19:57Z,2014-03-08T00:53:40Z,4000000000.0,4323.8,256.71,2014-03-08T01:08:05Z,2014-03-08T01:42:41Z,0,138.3,16.0,138.3,16.0,138.3,14.9,144.6,14.7,105.8,0.217,100.8,0.122,95.8,0.0686,90.8,0.0386,85.8,0.0217,80.8,0.0122,75.8,0.00686
3275,0.0026,-36.75,91.75,3966.0,2014-03-08T00:19:57Z,2014-03-08T00:53:40Z,4000000000.0,4321.8,256.72,2014-03-08T01:08:04Z,2014-03-08T01:42:40Z,0,138.3,16.0,138.3,16.0,138.3,14.9,144.6,14.7,105.8,0.217,100.8,0.122,95.8,0.0687,90.8,0.0386,85.8,0.0217,80.8,0.0122,75.8,0.00687
H01W,0.0014,-36.75,92.25,3792.0,2014-03-08T00:20:50Z,2014-03-08T00:54:40Z,4000000000.0,1988.6,257.62,2014-03-08T00:43:02Z,2014-03-08T01:17:08Z,0,134.9,12.5,134.9,12.5,134.9,11.0,141.2,10.7,109.1,0.41,104.1,0.23,99.1,0.13,94.1,0.0728,89.1,0.041,84.1,0.023,79.1,0.013
H08S,0.0014,-36.75,92.25,3792.0,2014-03-08T00:20:50Z,2014-03-08T00:54:40Z,4000000000.0,3794.0,151.09,2014-03-08T01:03:06Z,2014-03-08T01:37:20Z,0,139.2,12.2,139.2,10.7,139.3,11.0,142.0,10.7,105.8,0.228,100.8,0.128,95.8,0.0722,90.8,0.0406,85.8,0.0228,80.8,0.0128,75.8,0.00722
3315,0.0014,-36.75,92.25,3792.0,2014-03-08T00:20:50Z,2014-03-08T00:54:40Z,4000000000.0,2160.9,249.16,2014-03-08T00:44:56Z,2014-03-08T01:19:04Z,0,135.3,16.0,135.3,16.0,135.3,14.9,141.6,14.7,108.8,0.384,103.8,0.216,98.8,0.121,93.8,0.0683,88.8,0.0384,83.8,0.0216,78.8,0.0121
3376,0.0014,-36.75,92.25,3792.0,2014-03-08T00:20:50Z,2014-03-08T00:54:40Z,4000000000.0,2163.1,249.09,2014-03-08T00:44:58Z,2014-03-08T01:19:05Z,0,135.3,16.0,135.3,16.0,135.3,14.9,141.6,14.7,108.8,0.384,103.8,0.216,98.8,0.121,93.8,0.0682,88.8,0.0384,83.8,0.0216,78.8,0.0121
3250,0.0014,-36.75,92.25,3792.0,2014-03-08T00:20:50Z,2014-03-08T00:54:40Z,4000000000.0,3712.4,225.07,2014-03-08T01:02:13Z,2014-03-08T01:36:31Z,1,137.6,16.0,137.6,16.0,137.6,14.9,143.9,14.7,106.4,0.247,101.4,0.139,96.4,0.0782,91.4,0.044,86.4,0.0247,81.4,0.0139,76.4,0.00782
3274,0.0014,-36.75,92.25,3792.0,2014-03-08T00:20:50Z,2014-03-08T00:54:40Z,4000000000.0,4283.3,256.87,2014-03-08T01:08:41Z,2014-03-08T01:43:01Z,0,138.2,16.0,138.2,16.0,138.2,14.9,144.5,14.7,105.8,0.219,100.8,0.123,95.8,0.0692,90.8,0.0389,85.8,0.0219,80.8,0.0123,75.8,0.00692
3275,0.0014,-36.75,92.25,3792.0,2014-03-08T00:20:50Z,2014-03-08T00:54:40Z,4000000000.0,4281.3,256.89,2014-03-08T01:08:39Z,2014-03-08T01:43:00Z,0,138.2,16.0,138.2,16.0,138.2,14.9,144.5,14.7,105.8,0.219,100.8,0.123,95.8,0.0692,90.8,0.0389,85.8,0.0219,80.8,0.0123,75.8,0.00692
H01W,0.0009,-36.75,92.75,3824.0,2014-03-08T00:19:38Z,2014-03-08T00:54:38Z,4000000000.0,1944.9,257.76,2014-03-08T00:41:23Z,2014-03-08T01:16:34Z,0,134.8,12.5,134.8,12.5,134.8,11.0,141.1,10.7,109.2,0.417,104.2,0.234,99.2,0.132,94.2,0.0741,89.2,0.0417,84.2,0.0234,79.2,0.0132
H08S,0.0009,-36.75,92.75,3824.0,2014-03-08T00:19:38Z,2014-03-08T00:54:38Z,4000000000.0,3825.0,150.45,2014-03-08T01:02:06Z,2014-03-08T01:37:46Z,0,139.2,12.2,139.2,10.7,139.3,11.0,142.0,10.7,105.8,0.227,100.8,0.128,95.8,0.0717,90.8,0.0403,85.8,0.0227,80.8,0.0128,75.8,0.00717
3315,0.0009,-36.75,92.75,3824.0,2014-03-08T00:19:38Z,2014-03-08T00:54:38Z,4000000000.0,2116.1,249.06,2014-03-08T00:43:16Z,2014-03-08T01:18:32Z,0,135.2,16.0,135.2,16.0,135.2,14.9,141.5,14.7,108.9,0.39,103.9,0.22,98.9,0.123,93.9,0.0694,88.9,0.039,83.9,0.022,78.9,0.0123
3376,0.0009,-36.75,92.75,3824.0,2014-03-08T00:19:38Z,2014-03-08T00:54:38Z,4000000000.0,2118.2,249.0,2014-03-08T00:43:18Z,2014-03-08T01:18:33Z,0,135.2,16.0,135.2,16.0,135.2,14.9,141.5,14.7,108.9,0.39,103.9,0.219,98.9,0.123,93.9,0.0694,88.9,0.039,83.9,0.0219,78.9,0.0123
3250,0.0009,-36.75,92.75,3824.0,2014-03-08T00:19:38Z,2014-03-08T00:54:38Z,4000000000.0,3671.8,224.67,2014-03-08T01:00:35Z,2014-03-08T01:36:08Z,1,137.6,16.0,137.6,16.0,137.6,14.9,143.9,14.7,106.5,0.249,101.5,0.14,96.5,0.0789,91.5,0.0444,86.5,0.0249,81.5,0.014,76.5,0.00789
3274,0.0009,-36.75,92.75,3824.0,2014-03-08T00:19:38Z,2014-03-08T00:54:38Z,4000000000.0,4236.1,257.18,2014-03-08T01:07:05Z,2014-03-08T01:42:24Z,0,138.2,16.0,138.2,16.0,138.2,14.9,144.5,14.7,105.8,0.221,100.8,0.124,95.8,0.0698,90.8,0.0393,85.8,0.0221,80.8,0.0124,75.8,0.00698
3275,0.0009,-36.75,92.75,3824.0,2014-03-08T00:19:38Z,2014-03-08T00:54:38Z,4000000000.0,4234.1,257.19,2014-03-08T01:07:03Z,2014-03-08T01:42:23Z,0,138.2,16.0,138.2,16.0,138.2,14.9,144.5,14.7,105.8,0.221,100.8,0.124,95.8,0.0699,90.8,0.0393,85.8,0.0221,80.8,0.0124,75.8,0.00699
H01W,0.0005,-36.75,93.25,4076.0,2014-03-08T00:22:00Z,2014-03-08T00:52:57Z,4000000000.0,1908.8,257.99,2014-03-08T00:43:15Z,2014-03-08T01:14:28Z,0,134.7,12.5,134.7,12.5,134.7,11.0,141.0,10.7,109.3,0.423,104.3,0.238,99.3,0.134,94.3,0.0752,89.3,0.0423,84.3,0.0238,79.3,0.0134
H08S,0.0005,-36.75,93.25,4076.0,2014-03-08T00:22:00Z,2014-03-08T00:52:57Z,4000000000.0,3834.9,149.96,2014-03-08T01:04:51Z,2014-03-08T01:36:02Z,1,139.3,12.2,139.3,10.7,139.3,11.0,142.0,10.7,105.7,0.226,100.7,0.127,95.7,0.0716,90.7,0.0402,85.7,0.0226,80.7,0.0127,75.7,0.00716
3315,0.0005,-36.75,93.25,4076.0,2014-03-08T00:22:00Z,2014-03-08T00:52:57Z,4000000000.0,2081.5,249.18,2014-03-08T00:45:10Z,2014-03-08T01:16:23Z,0,135.1,16.0,135.1,16.0,135.1,14.9,141.4,14.7,108.9,0.395,103.9,0.222,98.9,0.125,93.9,0.0703,88.9,0.0395,83.9,0.0222,78.9,0.0125
3376,0.0005,-36.75,93.25,4076.0,2014-03-08T00:22:00Z,2014-03-08T00:52:57Z,4000000000.0,2083.6,249.12,2014-03-08T00:45:12Z,2014-03-08T01:16:24Z,0,135.1,16.0,135.1,16.0,135.1,14.9,141.4,14.7,108.9,0.395,103.9,0.222,98.9,0.125,93.9,0.0703,88.9,0.0395,83.9,0.0222,78.9,0.0125
3250,0.0005,-36.75,93.25,4076.0,2014-03-08T00:22:00Z,2014-03-08T00:52:57Z,4000000000.0,3639.0,224.52,2014-03-08T01:02:36Z,2014-03-08T01:33:53Z,1,137.5,16.0,137.5,16.0,137.5,14.9,143.8,14.7,106.5,0.251,101.5,0.141,96.5,0.0795,91.5,0.0447,86.5,0.0251,81.5,0.0141,76.5,0.00795
3274,0.0005,-36.75,93.25,4076.0,2014-03-08T00:22:00Z,2014-03-08T00:52:57Z,4000000000.0,4208.7,257.42,2014-03-08T01:08:56Z,2014-03-08T01:40:27Z,0,138.2,16.0,138.2,16.0,138.2,14.9,144.5,14.7,105.9,0.222,100.9,0.125,95.9,0.0702,90.9,0.0395,85.9,0.0222,80.9,0.0125,75.9,0.00702
3275,0.0005,-36.75,93.25,4076.0,2014-03-08T00:22:00Z,2014-03-08T00:52:57Z,4000000000.0,4206.7,257.44,2014-03-08T01:08:55Z,2014-03-08T01:40:26Z,0,138.2,16.0,138.2,16.0,138.2,14.9,144.4,14.7,105.9,0.222,100.9,0.125,95.9,0.0703,90.9,0.0395,85.9,0.0222,80.9,0.0125,75.9,0.00703
H01W,0.00025,-36.75,93.75,4076.0,2014-03-08T00:20:48Z,2014-03-08T00:43:59Z,4000000000.0,1851.7,257.42,2014-03-08T00:41:29Z,2014-03-08T01:04:51Z,0,134.6,12.5,134.6,12.5,134.6,11.0,140.9,10.7,109.4,0.433,104.4,0.243,99.4,0.137,94.4,0.0769,89.4,0.0433,84.4,0.0243,79.4,0.0137
H08S,0.00025,-36.75,93.75,4076.0,2014-03-08T00:20:48Z,2014-03-08T00:43:59Z,4000000000.0,3883.7,149.47,2014-03-08T01:04:11Z,2014-03-08T01:27:48Z,0,139.3,12.2,139.3,10.7,139.4,11.0,142.1,10.7,105.7,0.224,100.7,0.126,95.7,0.0708,90.7,0.0398,85.7,0.0224,80.7,0.0126,75.7,0.00708
3315,0.00025,-36.75,93.75,4076.0,2014-03-08T00:20:48Z,2014-03-08T00:43:59Z,4000000000.0,2027.2,248.43,2014-03-08T00:43:27Z,2014-03-08T01:06:50Z,0,135.0,16.0,135.0,16.0,135.0,14.9,141.3,14.7,109.0,0.404,104.0,0.227,99.0,0.128,94.0,0.0718,89.0,0.0404,84.0,0.0227,79.0,0.0128
3376,0.00025,-36.75,93.75,4076.0,2014-03-08T00:20:48Z,2014-03-08T00:43:59Z,4000000000.0,2029.4,248.36,2014-03-08T00:43:28Z,2014-03-08T01:06:51Z,0,135.0,16.0,135.0,16.0,135.0,14.9,141.3,14.7,109.0,0.403,104.0,0.227,99.0,0.128,94.0,0.0717,89.0,0.0403,84.0,0.0227,79.0,0.0128
3250,0.00025,-36.75,93.75,4076.0,2014-03-08T00:20:48Z,2014-03-08T00:43:59Z,4000000000.0,3602.2,223.77,2014-03-08T01:01:02Z,2014-03-08T01:24:36Z,1,137.5,16.0,137.5,16.0,137.5,14.9,143.8,14.7,106.5,0.254,101.5,0.143,96.5,0.0802,91.5,0.0451,86.5,0.0254,81.5,0.0143,76.5,0.00802
3274,0.00025,-36.75,93.75,4076.0,2014-03-08T00:20:48Z,2014-03-08T00:43:59Z,4000000000.0,4148.6,257.39,2014-03-08T01:07:08Z,2014-03-08T01:30:44Z,0,138.1,16.0,138.1,16.0,138.1,14.9,144.4,14.7,105.9,0.225,100.9,0.126,95.9,0.0711,90.9,0.04,85.9,0.0225,80.9,0.0126,75.9,0.00711
3275,0.00025,-36.75,93.75,4076.0,2014-03-08T00:20:48Z,2014-03-08T00:43:59Z,4000000000.0,4146.6,257.4,2014-03-08T01:07:07Z,2014-03-08T01:30:43Z,0,138.1,16.0,138.1,16.0,138.1,14.9,144.4,14.7,105.9,0.225,100.9,0.127,95.9,0.0711,90.9,0.04,85.9,0.0225,80.9,0.0127,75.9,0.00711
H01W,0.00055,-36.25,86.25,3928.0,2014-03-08T00:22:04Z,2014-03-08T00:52:36Z,4000000000.0,2509.3,257.95,2014-03-08T00:50:11Z,2014-03-08T01:20:49Z,0,135.9,12.5,135.9,12.5,135.9,11.0,142.2,10.7,108.1,0.341,103.1,0.192,98.1,0.108,93.1,0.0607,88.1,0.0341,83.1,0.0192,78.1,0.0108
H08S,0.00055,-36.25,86.25,3928.0,2014-03-08T00:22:04Z,2014-03-08T00:52:36Z,4000000000.0,3482.5,158.14,2014-03-08T01:00:56Z,2014-03-08T01:31:52Z,1,138.8,12.2,138.8,10.7,138.9,11.0,141.6,10.7,106.2,0.245,101.2,0.138,96.2,0.0776,91.2,0.0436,86.2,0.0245,81.2,0.0138,76.2,0.00776
3315,0.00055,-36.25,86.25,3928.0,2014-03-08T00:22:04Z,2014-03-08T00:52:36Z,4000000000.0,2676.0,251.17,2014-03-08T00:52:02Z,2014-03-08T01:22:40Z,0,136.2,16.0,136.2,16.0,136.2,14.9,142.5,14.7,107.8,0.324,102.8,0.182,97.8,0.102,92.8,0.0576,87.8,0.0324,82.8,0.0182,77.8,0.0102
3376,0.00055,-36.25,86.25,3928.0,2014-03-08T00:22:04Z,2014-03-08T00:52:36Z,4000000000.0,2678.0,251.11,2014-03-08T00:52:03Z,2014-03-08T01:22:42Z,0,136.2,16.0,136.2,16.0,136.2,14.9,142.5,14.7,107.8,0.324,102.8,0.182,97.8,0.102,92.8,0.0576,87.8,0.0324,82.8,0.0182,77.8,0.0102
3250,0.00055,-36.25,86.25,3928.0,2014-03-08T00:22:04Z,2014-03-08T00:52:36Z,4000000000.0,4155.8,229.47,2014-03-08T01:08:31Z,2014-03-08T01:39:19Z,1,138.1,16.0,138.1,16.0,138.1,14.9,144.4,14.7,105.9,0.225,100.9,0.126,95.9,0.071,90.9,0.0399,85.9,0.0225,80.9,0.0126,75.9,0.0071
3274,0.00055,-36.25,86.25,3928.0,2014-03-08T00:22:04Z,2014-03-08T00:52:36Z,4000000000.0,4785.4,255.0,2014-03-08T01:15:36Z,2014-03-08T01:46:30Z,0,138.7,16.0,138.7,16.0,138.7,14.9,145.0,14.7,105.3,0.199,100.3,0.112,95.3,0.0629,90.3,0.0353,85.3,0.0199,80.3,0.0112,75.3,0.00629
3275,0.00055,-36.25,86.25,3928.0,2014-03-08T00:22:04Z,2014-03-08T00:52:36Z,4000000000.0,4783.4,255.01,2014-03-08T01:15:35Z,2014-03-08T01:46:28Z,0,138.7,16.0,138.7,16.0,138.7,14.9,145.0,14.7,105.3,0.199,100.3,0.112,95.3,0.0629,90.3,0.0354,85.3,0.0199,80.3,0.0112,75.3,0.00629
H01W,0.0019,-36.25,86.75,3930.0,2014-03-08T00:20:14Z,2014-03-08T00:54:23Z,4000000000.0,2478.0,258.2,2014-03-08T00:47:57Z,2014-03-08T01:22:06Z,0,135.9,12.5,135.9,12.5,135.9,11.0,142.2,10.7,108.2,0.345,103.2,0.194,98.2,0.109,93.2,0.0613,88.2,0.0345,83.2,0.0194,78.2,0.0109
H08S,0.0019,-36.25,86.75,3930.0,2014-03-08T00:20:14Z,2014-03-08T00:54:23Z,4000000000.0,3493.6,157.55,2014-03-08T00:59:21Z,2014-03-08T01:34:01Z,0,138.9,12.2,138.9,10.7,138.9,11.0,141.6,10.7,106.2,0.245,101.2,0.138,96.2,0.0774,91.2,0.0435,86.2,0.0245,81.2,0.0138,76.2,0.00774
3315,0.0019,-36.25,86.75,3930.0,2014-03-08T00:20:14Z,2014-03-08T00:54:23Z,4000000000.0,2642.4,251.33,2014-03-08T00:49:49Z,2014-03-08T01:23:59Z,0,136.1,16.0,136.1,16.0,136.1,14.9,142.4,14.7,107.9,0.327,102.9,0.184,97.9,0.104,92.9,0.0582,87.9,0.0327,82.9,0.0184,77.9,0.0104
3376,0.0019,-36.25,86.75,3930.0,2014-03-08T00:20:14Z,2014-03-08T00:54:23Z,4000000000.0,2644.4,251.27,2014-03-08T00:49:50Z,2014-03-08T01:24:00Z,0,136.1,16.0,136.1,16.0,136.1,14.9,142.4,14.7,107.9,0.327,102.9,0.184,97.9,0.103,92.9,0.0582,87.9,0.0327,82.9,0.0184,77.9,0.0103
3250,0.0019,-36.25,86.75,3930.0,2014-03-08T00:20:14Z,2014-03-08T00:54:23Z,4000000000.0,4121.8,229.33,2014-03-08T01:06:22Z,2014-03-08T01:40:43Z,1,138.1,16.0,138.1,16.0,138.1,14.9,144.4,14.7,106.0,0.226,101.0,0.127,96.0,0.0715,91.0,0.0402,86.0,0.0226,81.0,0.0127,76.0,0.00715
3274,0.0019,-36.25,86.75,3930.0,2014-03-08T00:20:14Z,2014-03-08T00:54:23Z,4000000000.0,4757.0,255.23,2014-03-08T01:13:23Z,2014-03-08T01:47:46Z,0,138.7,16.0,138.7,16.0,138.7,14.9,145.0,14.7,105.3,0.2,100.3,0.112,95.3,0.0632,90.3,0.0355,85.3,0.02,80.3,0.0112,75.3,0.00632
3275,0.0019,-36.25,86.75,3930.0,2014-03-08T00:20:14Z,2014-03-08T00:54:23Z,4000000000.0,4755.0,255.24,2014-03-08T01:13:21Z,2014-03-08T01:47:45Z,0,138.7,16.0,138.7,16.0,138.7,14.9,145.0,14.7,105.3,0.2,100.3,0.112,95.3,0.0632,90.3,0.0355,85.3,0.02,80.3,0.0112,75.3,0.00632
H01W,0.00375,-36.25,87.25,3909.0,2014-03-08T00:19:38Z,2014-03-08T00:54:14Z,4000000000.0,2436.7,258.51,2014-03-08T00:47:03Z,2014-03-08T01:21:36Z,0,135.8,12.5,135.8,12.5,135.8,11.0,142.1,10.7,108.2,0.349,103.2,0.196,98.2,0.11,93.2,0.0621,88.2,0.0349,83.2,0.0196,78.2,0.011
H08S,0.00375,-36.25,87.25,3909.0,2014-03-08T00:19:38Z,2014-03-08T00:54:14Z,4000000000.0,3510.0,156.84,2014-03-08T00:58:49Z,2014-03-08T01:33:55Z,0,138.9,12.2,138.9,10.7,138.9,11.0,141.7,10.7,106.1,0.244,101.1,0.137,96.1,0.0771,91.1,0.0434,86.1,0.0244,81.1,0.0137,76.1,0.00771
3315,0.00375,-36.25,87.25,3909.0,2014-03-08T00:19:38Z,2014-03-08T00:54:14Z,4000000000.0,2600.8,251.51,2014-03-08T00:48:54Z,2014-03-08T01:23:28Z,0,136.1,16.0,136.1,16.0,136.1,14.9,142.4,14.7,108.0,0.332,103.0,0.186,98.0,0.105,93.0,0.059,88.0,0.0332,83.0,0.0186,78.0,0.0105
3376,0.00375,-36.25,87.25,3909.0,2014-03-08T00:19:38Z,2014-03-08T00:54:14Z,4000000000.0,2602.8,251.46,2014-03-08T00:48:56Z,2014-03-08T01:23:30Z,0,136.1,16.0,136.1,16.0,136.1,14.9,142.4,14.7,108.0,0.331,103.0,0.186,98.0,0.105,93.0,0.0589,88.0,0.0331,83.0,0.0186,78.0,0.0105
3250,0.00375,-36.25,87.25,3909.0,2014-03-08T00:19:38Z,2014-03-08T00:54:14Z,4000000000.0,4079.0,229.14,2014-03-08T01:05:27Z,2014-03-08T01:40:12Z,1,138.0,16.0,138.0,16.0,138.0,14.9,144.3,14.7,106.0,0.228,101.0,0.128,96.0,0.0721,91.0,0.0406,86.0,0.0228,81.0,0.0128,76.0,0.00721
3274,0.00375,-36.25,87.25,3909.0,2014-03-08T00:19:38Z,2014-03-08T00:54:14Z,4000000000.0,4721.9,255.56,2014-03-08T01:12:28Z,2014-03-08T01:47:20Z,0,138.7,16.0,138.7,16.0,138.7,14.9,145.0,14.7,105.4,0.201,100.4,0.113,95.4,0.0636,90.4,0.0358,85.4,0.0201,80.4,0.0113,75.4,0.00636
3275,0.00375,-36.25,87.25,3909.0,2014-03-08T00:19:38Z,2014-03-08T00:54:14Z,4000000000.0,4719.9,255.58,2014-03-08T01:12:27Z,2014-03-08T01:47:18Z,0,138.7,16.0,138.7,16.0,138.7,14.9,144.9,14.7,105.4,0.201,100.4,0.113,95.4,0.0636,90.4,0.0358,85.4,0.0201,80.4,0.0113,75.4,0.00636
H01W,0.0041,-36.25,87.75,3918.0,2014-03-08T00:19:40Z,2014-03-08T00:54:41Z,4000000000.0,2387.1,258.53,2014-03-08T00:46:37Z,2014-03-08T01:21:33Z,0,135.7,12.5,135.7,12.5,135.7,11.0,142.0,10.7,108.3,0.355,103.3,0.2,98.3,0.112,93.3,0.0631,88.3,0.0355,83.3,0.02,78.3,0.0112
H08S,0.0041,-36.25,87.75,3918.0,2014-03-08T00:19:40Z,2014-03-08T00:54:41Z,4000000000.0,3532.0,156.21,2014-03-08T00:58:44Z,2014-03-08T01:34:29Z,0,138.9,12.2,138.9,10.7,139.0,11.0,141.7,10.7,106.1,0.243,101.1,0.136,96.1,0.0767,91.1,0.0431,86.1,0.0243,81.1,0.0136,76.1,0.00767
3315,0.0041,-36.25,87.75,3918.0,2014-03-08T00:19:40Z,2014-03-08T00:54:41Z,4000000000.0,2552.1,251.41,2014-03-08T00:48:25Z,2014-03-08T01:23:24Z,0,136.0,16.0,136.0,16.0,136.0,14.9,142.3,14.7,108.0,0.337,103.0,0.189,98.0,0.106,93.0,0.0599,88.0,0.0337,83.0,0.0189,78.0,0.0106
3376,0.0041,-36.25,87.75,3918.0,2014-03-08T00:19:40Z,2014-03-08T00:54:41Z,4000000000.0,2554.2,251.36,2014-03-08T00:48:26Z,2014-03-08T01:23:25Z,0,136.0,16.0,136.0,16.0,136.0,14.9,142.3,14.7,108.0,0.336,103.0,0.189,98.0,0.106,93.0,0.0598,88.0,0.0336,83.0,0.0189,78.0,0.0106
3250,0.0041,-36.25,87.75,3918.0,2014-03-08T00:19:40Z,2014-03-08T00:54:41Z,4000000000.0,4039.7,228.83,2014-03-08T01:04:51Z,2014-03-08T01:40:07Z,1,138.0,16.0,138.0,16.0,138.0,14.9,144.3,14.7,106.0,0.23,101.0,0.129,96.0,0.0727,91.0,0.0409,86.0,0.023,81.0,0.0129,76.0,0.00727
3274,0.0041,-36.25,87.75,3918.0,2014-03-08T00:19:40Z,2014-03-08T00:54:41Z,4000000000.0,4671.7,255.74,2014-03-08T01:12:13Z,2014-03-08T01:47:21Z,0,138.6,16.0,138.6,16.0,138.6,14.9,144.9,14.7,105.4,0.203,100.4,0.114,95.4,0.0642,90.4,0.0361,85.4,0.0203,80.4,0.0114,75.4,0.00642
3275,0.0041,-36.25,87.75,3918.0,2014-03-08T00:19:40Z,2014-03-08T00:54:41Z,4000000000.0,4669.7,255.75,2014-03-08T01:12:12Z,2014-03-08T01:47:20Z,0,138.6,16.0,138.6,16.0,138.6,14.9,144.9,14.7,105.4,0.203,100.4,0.114,95.4,0.0642,90.4,0.0361,85.4,0.0203,80.4,0.0114,75.4,0.00642
H01W,0.00495,-36.25,88.25,3879.0,2014-03-08T00:20:59Z,2014-03-08T00:54:55Z,4000000000.0,2343.1,258.97,2014-03-08T00:47:02Z,2014-03-08T01:21:33Z,0,135.6,12.5,135.6,12.5,135.6,11.0,141.9,10.7,108.4,0.36,103.4,0.203,98.4,0.114,93.4,0.0641,88.4,0.036,83.4,0.0203,78.4,0.0114
H08S,0.00495,-36.25,88.25,3879.0,2014-03-08T00:20:59Z,2014-03-08T00:54:55Z,4000000000.0,3544.8,155.41,2014-03-08T01:00:34Z,2014-03-08T01:35:04Z,0,138.9,12.2,138.9,10.7,139.0,11.0,141.7,10.7,106.1,0.242,101.1,0.136,96.1,0.0765,91.1,0.043,86.1,0.0242,81.1,0.0136,76.1,0.00765
3315,0.00495,-36.25,88.25,3879.0,2014-03-08T00:20:59Z,2014-03-08T00:54:55Z,4000000000.0,2506.6,251.67,2014-03-08T00:48:50Z,2014-03-08T01:23:26Z,0,135.9,16.0,135.9,16.0,135.9,14.9,142.2,14.7,108.1,0.341,103.1,0.192,98.1,0.108,93.1,0.0607,88.1,0.0341,83.1,0.0192,78.1,0.0108
3376,0.00495,-36.25,88.25,3879.0,2014-03-08T00:20:59Z,2014-03-08T00:54:55Z,4000000000.0,2508.6,251.62,2014-03-08T00:48:51Z,2014-03-08T01:23:27Z,0,135.9,16.0,135.9,16.0,135.9,14.9,142.2,14.7,108.1,0.341,103.1,0.192,98.1,0.108,93.1,0.0607,88.1,0.0341,83.1,0.0192,78.1,0.0108
3250,0.00495,-36.25,88.25,3879.0,2014-03-08T00:20:59Z,2014-03-08T00:54:55Z,4000000000.0,3991.9,228.67,2014-03-08T01:05:21Z,2014-03-08T01:40:17Z,1,137.9,16.0,137.9,16.0,137.9,14.9,144.2,14.7,106.1,0.232,101.1,0.131,96.1,0.0735,91.1,0.0413,86.1,0.0232,81.1,0.0131,76.1,0.00735
3274,0.00495,-36.25,88.25,3879.0,2014-03-08T00:20:59Z,2014-03-08T00:54:55Z,4000000000.0,4632.2,256.12,2014-03-08T01:12:41Z,2014-03-08T01:47:17Z,0,138.6,16.0,138.6,16.0,138.6,14.9,144.9,14.7,105.5,0.204,100.5,0.115,95.5,0.0647,90.5,0.0364,85.5,0.0204,80.5,0.0115,75.5,0.00647
3275,0.00495,-36.25,88.25,3879.0,2014-03-08T00:20:59Z,2014-03-08T00:54:55Z,4000000000.0,4630.2,256.14,2014-03-08T01:12:39Z,2014-03-08T01:47:16Z,0,138.6,16.0,138.6,16.0,138.6,14.9,144.9,14.7,105.5,0.205,100.5,0.115,95.5,0.0647,90.5,0.0364,85.5,0.0205,80.5,0.0115,75.5,0.00647
H01W,0.00565,-36.25,88.75,3873.0,2014-03-08T00:19:55Z,2014-03-08T00:54:59Z,4000000000.0,2299.9,258.71,2014-03-08T00:45:34Z,2014-03-08T01:20:47Z,0,135.5,12.5,135.5,12.5,135.5,11.0,141.8,10.7,108.5,0.366,103.5,0.206,98.5,0.116,93.5,0.065,88.5,0.0366,83.5,0.0206,78.5,0.0116
H08S,0.00565,-36.25,88.75,3873.0,2014-03-08T00:19:55Z,2014-03-08T00:54:59Z,4000000000.0,3576.7,154.88,2014-03-08T00:59:47Z,2014-03-08T01:35:30Z,0,139.0,12.2,139.0,10.7,139.0,11.0,141.7,10.7,106.0,0.24,101.0,0.135,96.0,0.0759,91.0,0.0427,86.0,0.024,81.0,0.0135,76.0,0.00759
3315,0.00565,-36.25,88.75,3873.0,2014-03-08T00:19:55Z,2014-03-08T00:54:59Z,4000000000.0,2465.0,251.27,2014-03-08T00:47:22Z,2014-03-08T01:22:39Z,0,135.8,16.0,135.8,16.0,135.8,14.9,142.1,14.7,108.2,0.346,103.2,0.195,98.2,0.109,93.2,0.0615,88.2,0.0346,83.2,0.0195,78.2,0.0109
3376,0.00565,-36.25,88.75,3873.0,2014-03-08T00:19:55Z,2014-03-08T00:54:59Z,4000000000.0,2467.0,251.21,2014-03-08T00:47:23Z,2014-03-08T01:22:41Z,0,135.8,16.0,135.8,16.0,135.8,14.9,142.1,14.7,108.2,0.346,103.2,0.194,98.2,0.109,93.2,0.0615,88.2,0.0346,83.2,0.0194,78.2,0.0109
3250,0.00565,-36.25,88.75,3873.0,2014-03-08T00:19:55Z,2014-03-08T00:54:59Z,4000000000.0,3959.6,228.22,2014-03-08T01:03:56Z,2014-03-08T01:39:34Z,1,137.9,16.0,137.9,16.0,137.9,14.9,144.2,14.7,106.1,0.234,101.1,0.132,96.1,0.074,91.1,0.0416,86.1,0.0234,81.1,0.0132,76.1,0.0074
3274,0.00565,-36.25,88.75,3873.0,2014-03-08T00:19:55Z,2014-03-08T00:54:59Z,4000000000.0,4591.8,256.15,2014-03-08T01:11:11Z,2014-03-08T01:46:36Z,0,138.5,16.0,138.5,16.0,138.5,14.9,144.8,14.7,105.5,0.206,100.5,0.116,95.5,0.0652,90.5,0.0366,85.5,0.0206,80.5,0.0116,75.5,0.00652
3275,0.00565,-36.25,88.75,3873.0,2014-03-08T00:19:55Z,2014-03-08T00:54:59Z,4000000000.0,4589.8,256.17,2014-03-08T01:11:10Z,2014-03-08T01:46:34Z,0,138.5,16.0,138.5,16.0,138.5,14.9,144.8,14.7,105.5,0.206,100.5,0.116,95.5,0.0652,90.5,0.0367,85.5,0.0206,80.5,0.0116,75.5,0.00652
H01W,0.00595,-36.25,89.25,3823.0,2014-03-08T00:19:39Z,2014-03-08T00:54:53Z,4000000000.0,2255.4,258.98,2014-03-08T00:44:56Z,2014-03-08T01:20:14Z,0,135.5,12.5,135.5,12.5,135.5,11.0,141.7,10.7,108.6,0.371,103.6,0.209,98.6,0.117,93.6,0.066,88.6,0.0371,83.6,0.0209,78.6,0.0117
H08S,0.00595,-36.25,89.25,3823.0,2014-03-08T00:19:39Z,2014-03-08T00:54:53Z,4000000000.0,3597.0,154.18,2014-03-08T00:59:50Z,2014-03-08T01:35:37Z,0,139.0,12.2,139.0,10.7,139.1,11.0,141.8,10.7,106.0,0.239,101.0,0.134,96.0,0.0755,91.0,0.0425,86.0,0.0239,81.0,0.0134,76.0,0.00755
3315,0.00595,-36.25,89.25,3823.0,2014-03-08T00:19:39Z,2014-03-08T00:54:53Z,4000000000.0,2420.1,251.36,2014-03-08T00:46:46Z,2014-03-08T01:22:06Z,0,135.8,16.0,135.8,16.0,135.8,14.9,142.0,14.7,108.3,0.351,103.3,0.197,98.3,0.111,93.3,0.0625,88.3,0.0351,83.3,0.0197,78.3,0.0111
3376,0.00595,-36.25,89.25,3823.0,2014-03-08T00:19:39Z,2014-03-08T00:54:53Z,4000000000.0,2422.1,251.3,2014-03-08T00:46:48Z,2014-03-08T01:22:07Z,0,135.8,16.0,135.8,16.0,135.8,14.9,142.1,14.7,108.3,0.351,103.3,0.197,98.3,0.111,93.3,0.0624,88.3,0.0351,83.3,0.0197,78.3,0.0111
3250,0.00595,-36.25,89.25,3823.0,2014-03-08T00:19:39Z,2014-03-08T00:54:53Z,4000000000.0,3915.9,227.97,2014-03-08T01:03:31Z,2014-03-08T01:39:02Z,1,137.9,16.0,137.9,16.0,137.9,14.9,144.1,14.7,106.2,0.236,101.2,0.133,96.2,0.0747,91.2,0.042,86.2,0.0236,81.2,0.0133,76.2,0.00747
3274,0.00595,-36.25,89.25,3823.0,2014-03-08T00:19:39Z,2014-03-08T00:54:53Z,4000000000.0,4550.3,256.44,2014-03-08T01:10:32Z,2014-03-08T01:46:04Z,0,138.5,16.0,138.5,16.0,138.5,14.9,144.8,14.7,105.5,0.208,100.5,0.117,95.5,0.0657,90.5,0.0369,85.5,0.0208,80.5,0.0117,75.5,0.00657
3275,0.00595,-36.25,89.25,3823.0,2014-03-08T00:19:39Z,2014-03-08T00:54:53Z,4000000000.0,4548.3,256.45,2014-03-08T01:10:31Z,2014-03-08T01:46:02Z,0,138.5,16.0,138.5,16.0,138.5,14.9,144.8,14.7,105.5,0.208,100.5,0.117,95.5,0.0657,90.5,0.0369,85.5,0.0208,80.5,0.0117,75.5,0.00657
H01W,0.00565,-36.25,89.75,3698.0,2014-03-08T00:19:40Z,2014-03-08T00:54:40Z,4000000000.0,2208.9,258.87,2014-03-08T00:44:13Z,2014-03-08T01:19:48Z,0,135.4,12.5,135.4,12.5,135.4,11.0,141.7,10.7,108.7,0.377,103.7,0.212,98.7,0.119,93.7,0.0671,88.7,0.0377,83.7,0.0212,78.7,0.0119
H08S,0.00565,-36.25,89.75,3698.0,2014-03-08T00:19:40Z,2014-03-08T00:54:40Z,4000000000.0,3626.6,153.56,2014-03-08T01:00:12Z,2014-03-08T01:35:21Z,0,139.0,12.2,139.0,10.7,139.1,11.0,141.8,10.7,106.0,0.237,101.0,0.133,96.0,0.075,91.0,0.0422,86.0,0.0237,81.0,0.0133,76.0,0.0075
3315,0.00565,-36.25,89.75,3698.0,2014-03-08T00:19:40Z,2014-03-08T00:54:40Z,4000000000.0,2373.6,251.13,2014-03-08T00:46:04Z,2014-03-08T01:21:38Z,0,135.7,16.0,135.7,16.0,135.7,14.9,142.0,14.7,108.4,0.357,103.4,0.201,98.4,0.113,93.4,0.0634,88.4,0.0357,83.4,0.0201,78.4,0.0113
3376,0.00565,-36.25,89.75,3698.0,2014-03-08T00:19:40Z,2014-03-08T00:54:40Z,4000000000.0,2375.7,251.07,2014-03-08T00:46:05Z,2014-03-08T01:21:40Z,0,135.7,16.0,135.7,16.0,135.7,14.9,142.0,14.7,108.4,0.356,103.4,0.2,98.4,0.113,93.4,0.0634,88.4,0.0356,83.4,0.02,78.4,0.0113
3250,0.00565,-36.25,89.75,3698.0,2014-03-08T00:19:40Z,2014-03-08T00:54:40Z,4000000000.0,3877.6,227.56,2014-03-08T01:02:53Z,2014-03-08T01:38:33Z,1,137.8,16.0,137.8,16.0,137.8,14.9,144.1,14.7,106.2,0.238,101.2,0.134,96.2,0.0753,91.2,0.0424,86.2,0.0238,81.2,0.0134,76.2,0.00753
3274,0.00565,-36.25,89.75,3698.0,2014-03-08T00:19:40Z,2014-03-08T00:54:40Z,4000000000.0,4505.3,256.58,2014-03-08T01:09:52Z,2014-03-08T01:45:41Z,0,138.5,16.0,138.5,16.0,138.5,14.9,144.7,14.7,105.6,0.209,100.6,0.118,95.6,0.0662,90.6,0.0372,85.6,0.0209,80.6,0.0118,75.6,0.00662
3275,0.00565,-36.25,89.75,3698.0,2014-03-08T00:19:40Z,2014-03-08T00:54:40Z,4000000000.0,4503.3,256.6,2014-03-08T01:09:51Z,2014-03-08T01:45:40Z,0,138.5,16.0,138.5,16.0,138.5,14.9,144.7,14.7,105.6,0.21,100.6,0.118,95.6,0.0663,90.6,0.0373,85.6,0.021,80.6,0.0118,75.6,0.00663
H01W,0.0046,-36.25,90.25,3866.0,2014-03-08T00:19:37Z,2014-03-08T00:54:51Z,4000000000.0,2169.2,259.04,2014-03-08T00:43:44Z,2014-03-08T01:19:18Z,0,135.3,12.5,135.3,12.5,135.3,11.0,141.6,10.7,108.7,0.383,103.7,0.215,98.7,0.121,93.7,0.0681,88.7,0.0383,83.7,0.0215,78.7,0.0121
H08S,0.0046,-36.25,90.25,3866.0,2014-03-08T00:19:37Z,2014-03-08T00:54:51Z,4000000000.0,3646.2,152.94,2014-03-08T01:00:16Z,2014-03-08T01:35:59Z,0,139.0,12.2,139.0,10.7,139.1,11.0,141.8,10.7,106.0,0.236,101.0,0.133,96.0,0.0747,91.0,0.042,86.0,0.0236,81.0,0.0133,76.0,0.00747
3315,0.0046,-36.25,90.25,3866.0,2014-03-08T00:19:37Z,2014-03-08T00:54:51Z,4000000000.0,2332.8,251.14,2014-03-08T00:45:32Z,2014-03-08T01:21:09Z,0,135.6,16.0,135.6,16.0,135.6,14.9,141.9,14.7,108.4,0.362,103.4,0.203,98.4,0.114,93.4,0.0643,88.4,0.0362,83.4,0.0203,78.4,0.0114
3376,0.0046,-36.25,90.25,3866.0,2014-03-08T00:19:37Z,2014-03-08T00:54:51Z,4000000000.0,2334.9,251.08,2014-03-08T00:45:34Z,2014-03-08T01:21:10Z,0,135.6,16.0,135.6,16.0,135.6,14.9,141.9,14.7,108.4,0.361,103.4,0.203,98.4,0.114,93.4,0.0643,88.4,0.0361,83.4,0.0203,78.4,0.0114
3250,0.0046,-36.25,90.25,3866.0,2014-03-08T00:19:37Z,2014-03-08T00:54:51Z,4000000000.0,3839.3,227.3,2014-03-08T01:02:20Z,2014-03-08T01:38:09Z,1,137.8,16.0,137.8,16.0,137.8,14.9,144.1,14.7,106.3,0.24,101.3,0.135,96.3,0.076,91.3,0.0427,86.3,0.024,81.3,0.0135,76.3,0.0076
3274,0.0046,-36.25,90.25,3866.0,2014-03-08T00:19:37Z,2014-03-08T00:54:51Z,4000000000.0,4468.4,256.85,2014-03-08T01:09:28Z,2014-03-08T01:45:17Z,0,138.4,16.0,138.4,16.0,138.4,14.9,144.7,14.7,105.6,0.211,100.6,0.119,95.6,0.0667,90.6,0.0375,85.6,0.0211,80.6,0.0119,75.6,0.00667
3275,0.0046,-36.25,90.25,3866.0,2014-03-08T00:19:37Z,2014-03-08T00:54:51Z,4000000000.0,4466.4,256.86,2014-03-08T01:09:27Z,2014-03-08T01:45:16Z,0,138.4,16.0,138.4,16.0,138.4,14.9,144.7,14.7,105.6,0.211,100.6,0.119,95.6,0.0667,90.6,0.0375,85.6,0.0211,80.6,0.0119,75.6,0.00667
H01W,0.00445,-36.25,90.75,3960.0,2014-03-08T00:19:39Z,2014-03-08T00:54:38Z,4000000000.0,2124.1,259.04,2014-03-08T00:43:32Z,2014-03-08T01:18:41Z,0,135.2,12.5,135.2,12.5,135.2,11.0,141.5,10.7,108.8,0.389,103.8,0.219,98.8,0.123,93.8,0.0692,88.8,0.0389,83.8,0.0219,78.8,0.0123
H08S,0.00445,-36.25,90.75,3960.0,2014-03-08T00:19:39Z,2014-03-08T00:54:38Z,4000000000.0,3671.6,152.34,2014-03-08T01:00:43Z,2014-03-08T01:36:09Z,0,139.1,12.2,139.1,10.7,139.1,11.0,141.9,10.7,105.9,0.235,100.9,0.132,95.9,0.0742,90.9,0.0417,85.9,0.0235,80.9,0.0132,75.9,0.00742
3315,0.00445,-36.25,90.75,3960.0,2014-03-08T00:19:39Z,2014-03-08T00:54:38Z,4000000000.0,2288.9,250.99,2014-03-08T00:45:24Z,2014-03-08T01:20:34Z,0,135.5,16.0,135.5,16.0,135.5,14.9,141.8,14.7,108.5,0.367,103.5,0.206,98.5,0.116,93.5,0.0653,88.5,0.0367,83.5,0.0206,78.5,0.0116
3376,0.00445,-36.25,90.75,3960.0,2014-03-08T00:19:39Z,2014-03-08T00:54:38Z,4000000000.0,2291.0,250.93,2014-03-08T00:45:25Z,2014-03-08T01:20:36Z,0,135.5,16.0,135.5,16.0,135.5,14.9,141.8,14.7,108.5,0.367,103.5,0.206,98.5,0.116,93.5,0.0652,88.5,0.0367,83.5,0.0206,78.5,0.0116
3250,0.00445,-36.25,90.75,3960.0,2014-03-08T00:19:39Z,2014-03-08T00:54:38Z,4000000000.0,3798.1,226.93,2014-03-08T01:02:20Z,2014-03-08T01:37:42Z,1,137.7,16.0,137.7,16.0,137.7,14.9,144.0,14.7,106.3,0.242,101.3,0.136,96.3,0.0767,91.3,0.0431,86.3,0.0242,81.3,0.0136,76.3,0.00767
3274,0.00445,-36.25,90.75,3960.0,2014-03-08T00:19:39Z,2014-03-08T00:54:38Z,4000000000.0,4426.9,256.99,2014-03-08T01:09:11Z,2014-03-08T01:44:34Z,0,138.4,16.0,138.4,16.0,138.4,14.9,144.7,14.7,105.7,0.213,100.7,0.12,95.7,0.0672,90.7,0.0378,85.7,0.0213,80.7,0.012,75.7,0.00672
3275,0.00445,-36.25,90.75,3960.0,2014-03-08T00:19:39Z,2014-03-08T00:54:38Z,4000000000.0,4424.9,257.01,2014-03-08T01:09:10Z,2014-03-08T01:44:33Z,0,138.4,16.0,138.4,16.0,138.4,14.9,144.7,14.7,105.7,0.213,100.7,0.12,95.7,0.0673,90.7,0.0378,85.7,0.0213,80.7,0.012,75.7,0.00673
H01W,0.0038,-36.25,91.25,3976.0,2014-03-08T00:20:02Z,2014-03-08T00:54:44Z,4000000000.0,2079.3,259.21,2014-03-08T00:42:59Z,2014-03-08T01:17:57Z,0,135.1,12.5,135.1,12.5,135.1,11.0,141.4,10.7,108.9,0.396,103.9,0.223,98.9,0.125,93.9,0.0704,88.9,0.0396,83.9,0.0223,78.9,0.0125
H08S,0.0038,-36.25,91.25,3976.0,2014-03-08T00:20:02Z,2014-03-08T00:54:44Z,4000000000.0,3694.8,151.72,2014-03-08T01:01:26Z,2014-03-08T01:36:27Z,0,139.1,12.2,139.1,10.7,139.2,11.0,141.9,10.7,105.9,0.234,100.9,0.131,95.9,0.0738,90.9,0.0415,85.9,0.0234,80.9,0.0131,75.9,0.00738
3315,0.0038,-36.25,91.25,3976.0,2014-03-08T00:20:02Z,2014-03-08T00:54:44Z,4000000000.0,2242.6,250.99,2014-03-08T00:44:49Z,2014-03-08T01:19:47Z,0,135.4,16.0,135.4,16.0,135.4,14.9,141.7,14.7,108.6,0.373,103.6,0.21,98.6,0.118,93.6,0.0663,88.6,0.0373,83.6,0.021,78.6,0.0118
3376,0.0038,-36.25,91.25,3976.0,2014-03-08T00:20:02Z,2014-03-08T00:54:44Z,4000000000.0,2244.6,250.93,2014-03-08T00:44:50Z,2014-03-08T01:19:48Z,0,135.4,16.0,135.4,16.0,135.4,14.9,141.7,14.7,108.6,0.373,103.6,0.21,98.6,0.118,93.6,0.0663,88.6,0.0373,83.6,0.021,78.6,0.0118
3250,0.0038,-36.25,91.25,3976.0,2014-03-08T00:20:02Z,2014-03-08T00:54:44Z,4000000000.0,3760.1,226.64,2014-03-08T01:01:47Z,2014-03-08T01:36:53Z,1,137.7,16.0,137.7,16.0,137.7,14.9,144.0,14.7,106.4,0.244,101.4,0.137,96.4,0.0773,91.4,0.0435,86.4,0.0244,81.4,0.0137,76.4,0.00773
3274,0.0038,-36.25,91.25,3976.0,2014-03-08T00:20:02Z,2014-03-08T00:54:44Z,4000000000.0,4384.9,257.22,2014-03-08T01:08:46Z,2014-03-08T01:43:59Z,0,138.3,16.0,138.3,16.0,138.3,14.9,144.6,14.7,105.7,0.214,100.7,0.121,95.7,0.0678,90.7,0.0381,85.7,0.0214,80.7,0.0121,75.7,0.00678
3275,0.0038,-36.25,91.25,3976.0,2014-03-08T00:20:02Z,2014-03-08T00:54:44Z,4000000000.0,4382.9,257.24,2014-03-08T01:08:44Z,2014-03-08T01:43:57Z,0,138.3,16.0,138.3,16.0,138.3,14.9,144.6,14.7,105.7,0.214,100.7,0.121,95.7,0.0678,90.7,0.0381,85.7,0.0214,80.7,0.0121,75.7,0.00678
H01W,0.00225,-36.25,91.75,3951.0,2014-03-08T00:21:07Z,2014-03-08T00:54:42Z,4000000000.0,2034.2,259.29,2014-03-08T00:43:40Z,2014-03-08T01:17:48Z,0,135.0,12.5,135.0,12.5,135.0,11.0,141.3,10.7,109.0,0.403,104.0,0.226,99.0,0.127,94.0,0.0716,89.0,0.0403,84.0,0.0226,79.0,0.0127
H08S,0.00225,-36.25,91.75,3951.0,2014-03-08T00:21:07Z,2014-03-08T00:54:42Z,4000000000.0,3722.9,151.11,2014-03-08T01:02:47Z,2014-03-08T01:36:56Z,0,139.1,12.2,139.1,10.7,139.2,11.0,141.9,10.7,105.9,0.232,100.9,0.13,95.9,0.0734,90.9,0.0413,85.9,0.0232,80.9,0.013,75.9,0.00734
3315,0.00225,-36.25,91.75,3951.0,2014-03-08T00:21:07Z,2014-03-08T00:54:42Z,4000000000.0,2198.3,250.86,2014-03-08T00:45:30Z,2014-03-08T01:19:37Z,0,135.3,16.0,135.3,16.0,135.3,14.9,141.6,14.7,108.7,0.379,103.7,0.213,98.7,0.12,93.7,0.0674,88.7,0.0379,83.7,0.0213,78.7,0.012
3376,0.00225,-36.25,91.75,3951.0,2014-03-08T00:21:07Z,2014-03-08T00:54:42Z,4000000000.0,2200.3,250.8,2014-03-08T00:45:31Z,2014-03-08T01:19:38Z,0,135.4,16.0,135.4,16.0,135.4,14.9,141.6,14.7,108.7,0.379,103.7,0.213,98.7,0.12,93.7,0.0673,88.7,0.0379,83.7,0.0213,78.7,0.012
3250,0.00225,-36.25,91.75,3951.0,2014-03-08T00:21:07Z,2014-03-08T00:54:42Z,4000000000.0,3719.9,226.24,2014-03-08T01:02:32Z,2014-03-08T01:36:40Z,1,137.6,16.0,137.6,16.0,137.6,14.9,143.9,14.7,106.4,0.247,101.4,0.139,96.4,0.078,91.4,0.0439,86.4,0.0247,81.4,0.0139,76.4,0.0078
3274,0.00225,-36.25,91.75,3951.0,2014-03-08T00:21:07Z,2014-03-08T00:54:42Z,4000000000.0,4340.2,257.49,2014-03-08T01:09:27Z,2014-03-08T01:43:51Z,0,138.3,16.0,138.3,16.0,138.3,14.9,144.6,14.7,105.7,0.216,100.7,0.122,95.7,0.0684,90.7,0.0385,85.7,0.0216,80.7,0.0122,75.7,0.00684
3275,0.00225,-36.25,91.75,3951.0,2014-03-08T00:21:07Z,2014-03-08T00:54:42Z,4000000000.0,4338.2,257.5,2014-03-08T01:09:26Z,2014-03-08T01:43:50Z,0,138.3,16.0,138.3,16.0,138.3,14.9,144.6,14.7,105.7,0.216,100.7,0.122,95.7,0.0684,90.7,0.0385,85.7,0.0216,80.7,0.0122,75.7,0.00684
H01W,0.0016,-36.25,92.25,3855.0,2014-03-08T00:22:16Z,2014-03-08T00:53:37Z,4000000000.0,1990.3,259.2,2014-03-08T00:44:33Z,2014-03-08T01:16:01Z,0,134.9,12.5,134.9,12.5,134.9,11.0,141.2,10.7,109.1,0.409,104.1,0.23,99.1,0.129,94.1,0.0728,89.1,0.0409,84.1,0.023,79.1,0.0129
H08S,0.0016,-36.25,92.25,3855.0,2014-03-08T00:22:16Z,2014-03-08T00:53:37Z,4000000000.0,3752.8,150.57,2014-03-08T01:03:59Z,2014-03-08T01:36:06Z,0,139.2,12.2,139.2,10.7,139.2,11.0,141.9,10.7,105.8,0.23,100.8,0.13,95.8,0.0729,90.8,0.041,85.8,0.023,80.8,0.013,75.8,0.00729
3315,0.0016,-36.25,92.25,3855.0,2014-03-08T00:22:16Z,2014-03-08T00:53:37Z,4000000000.0,2155.5,250.63,2014-03-08T00:46:25Z,2014-03-08T01:17:55Z,0,135.3,16.0,135.3,16.0,135.3,14.9,141.5,14.7,108.8,0.385,103.8,0.216,98.8,0.122,93.8,0.0684,88.8,0.0385,83.8,0.0216,78.8,0.0122
3376,0.0016,-36.25,92.25,3855.0,2014-03-08T00:22:16Z,2014-03-08T00:53:37Z,4000000000.0,2157.5,250.57,2014-03-08T00:46:26Z,2014-03-08T01:17:56Z,0,135.3,16.0,135.3,16.0,135.3,14.9,141.5,14.7,108.8,0.385,103.8,0.216,98.8,0.122,93.8,0.0684,88.8,0.0385,83.8,0.0216,78.8,0.0122
3250,0.0016,-36.25,92.25,3855.0,2014-03-08T00:22:16Z,2014-03-08T00:53:37Z,4000000000.0,3686.8,225.82,2014-03-08T01:03:33Z,2014-03-08T01:35:16Z,1,137.6,16.0,137.6,16.0,137.6,14.9,143.9,14.7,106.4,0.249,101.4,0.14,96.4,0.0786,91.4,0.0442,86.4,0.0249,81.4,0.014,76.4,0.00786
3274,0.0016,-36.25,92.25,3855.0,2014-03-08T00:22:16Z,2014-03-08T00:53:37Z,4000000000.0,4299.1,257.63,2014-03-08T01:10:18Z,2014-03-08T01:41:59Z,0,138.3,16.0,138.3,16.0,138.3,14.9,144.5,14.7,105.8,0.218,100.8,0.123,95.8,0.069,90.8,0.0388,85.8,0.0218,80.8,0.0123,75.8,0.0069
3275,0.0016,-36.25,92.25,3855.0,2014-03-08T00:22:16Z,2014-03-08T00:53:37Z,4000000000.0,4297.1,257.64,2014-03-08T01:10:17Z,2014-03-08T01:41:58Z,0,138.3,16.0,138.3,16.0,138.3,14.9,144.5,14.7,105.8,0.218,100.8,0.123,95.8,0.069,90.8,0.0388,85.8,0.0218,80.8,0.0123,75.8,0.0069
H01W,0.00095,-36.25,92.75,3902.0,2014-03-08T00:19:43Z,2014-03-08T00:52:34Z,4000000000.0,1950.5,259.3,2014-03-08T00:41:34Z,2014-03-08T01:14:40Z,0,134.8,12.5,134.8,12.5,134.8,11.0,141.1,10.7,109.2,0.416,104.2,0.234,99.2,0.131,94.2,0.0739,89.2,0.0416,84.2,0.0234,79.2,0.0131
H08S,0.00095,-36.25,92.75,3902.0,2014-03-08T00:19:43Z,2014-03-08T00:52:34Z,4000000000.0,3781.1,150.01,2014-03-08T01:01:43Z,2014-03-08T01:35:15Z,1,139.2,12.2,139.2,10.7,139.3,11.0,142.0,10.7,105.8,0.229,100.8,0.129,95.8,0.0724,90.8,0.0407,85.8,0.0229,80.8,0.0129,75.8,0.00724
3315,0.00095,-36.25,92.75,3902.0,2014-03-08T00:19:43Z,2014-03-08T00:52:34Z,4000000000.0,2116.7,250.58,2014-03-08T00:43:23Z,2014-03-08T01:16:34Z,0,135.2,16.0,135.2,16.0,135.2,14.9,141.5,14.7,108.9,0.39,103.9,0.219,98.9,0.123,93.9,0.0694,88.9,0.039,83.9,0.0219,78.9,0.0123
3376,0.00095,-36.25,92.75,3902.0,2014-03-08T00:19:43Z,2014-03-08T00:52:34Z,4000000000.0,2118.8,250.51,2014-03-08T00:43:24Z,2014-03-08T01:16:35Z,0,135.2,16.0,135.2,16.0,135.2,14.9,141.5,14.7,108.9,0.39,103.9,0.219,98.9,0.123,93.9,0.0694,88.9,0.039,83.9,0.0219,78.9,0.0123
3250,0.00095,-36.25,92.75,3902.0,2014-03-08T00:19:43Z,2014-03-08T00:52:34Z,4000000000.0,3649.1,225.44,2014-03-08T01:00:28Z,2014-03-08T01:33:58Z,1,137.5,16.0,137.5,16.0,137.5,14.9,143.8,14.7,106.5,0.251,101.5,0.141,96.5,0.0793,91.5,0.0446,86.5,0.0251,81.5,0.0141,76.5,0.00793
3274,0.00095,-36.25,92.75,3902.0,2014-03-08T00:19:43Z,2014-03-08T00:52:34Z,4000000000.0,4258.6,257.85,2014-03-08T01:07:24Z,2014-03-08T01:40:39Z,0,138.2,16.0,138.2,16.0,138.2,14.9,144.5,14.7,105.8,0.22,100.8,0.124,95.8,0.0695,90.8,0.0391,85.8,0.022,80.8,0.0124,75.8,0.00695
3275,0.00095,-36.25,92.75,3902.0,2014-03-08T00:19:43Z,2014-03-08T00:52:34Z,4000000000.0,4256.6,257.86,2014-03-08T01:07:23Z,2014-03-08T01:40:37Z,0,138.2,16.0,138.2,16.0,138.2,14.9,144.5,14.7,105.8,0.22,100.8,0.124,95.8,0.0696,90.8,0.0391,85.8,0.022,80.8,0.0124,75.8,0.00696
H01W,0.00055,-36.25,93.25,4063.0,2014-03-08T00:19:45Z,2014-03-08T00:54:58Z,4000000000.0,1892.2,259.39,2014-03-08T00:41:09Z,2014-03-08T01:16:30Z,0,134.7,12.5,134.7,12.5,134.7,11.0,141.0,10.7,109.3,0.426,104.3,0.239,99.3,0.135,94.3,0.0757,89.3,0.0426,84.3,0.0239,79.3,0.0135
H08S,0.00055,-36.25,93.25,4063.0,2014-03-08T00:19:45Z,2014-03-08T00:54:58Z,4000000000.0,3806.8,149.23,2014-03-08T01:02:11Z,2014-03-08T01:37:38Z,1,139.2,12.2,139.2,10.7,139.3,11.0,142.0,10.7,105.8,0.228,100.8,0.128,95.8,0.072,90.8,0.0405,85.8,0.0228,80.8,0.0128,75.8,0.0072
3315,0.00055,-36.25,93.25,4063.0,2014-03-08T00:19:45Z,2014-03-08T00:54:58Z,4000000000.0,2056.0,250.36,2014-03-08T00:43:00Z,2014-03-08T01:18:19Z,0,135.1,16.0,135.1,16.0,135.1,14.9,141.3,14.7,109.0,0.399,104.0,0.224,99.0,0.126,94.0,0.071,89.0,0.0399,84.0,0.0224,79.0,0.0126
3376,0.00055,-36.25,93.25,4063.0,2014-03-08T00:19:45Z,2014-03-08T00:54:58Z,4000000000.0,2058.1,250.3,2014-03-08T00:43:01Z,2014-03-08T01:18:21Z,0,135.1,16.0,135.1,16.0,135.1,14.9,141.3,14.7,109.0,0.399,104.0,0.224,99.0,0.126,94.0,0.0709,89.0,0.0399,84.0,0.0224,79.0,0.0126
3250,0.00055,-36.25,93.25,4063.0,2014-03-08T00:19:45Z,2014-03-08T00:54:58Z,4000000000.0,3596.4,225.1,2014-03-08T01:00:14Z,2014-03-08T01:35:36Z,1,137.5,16.0,137.5,16.0,137.5,14.9,143.8,14.7,106.6,0.254,101.6,0.143,96.6,0.0803,91.6,0.0451,86.6,0.0254,81.6,0.0143,76.6,0.00803
3274,0.00055,-36.25,93.25,4063.0,2014-03-08T00:19:45Z,2014-03-08T00:54:58Z,4000000000.0,4204.2,258.12,2014-03-08T01:06:58Z,2014-03-08T01:42:38Z,0,138.2,16.0,138.2,16.0,138.2,14.9,144.4,14.7,105.9,0.222,100.9,0.125,95.9,0.0703,90.9,0.0395,85.9,0.0222,80.9,0.0125,75.9,0.00703
3275,0.00055,-36.25,93.25,4063.0,2014-03-08T00:19:45Z,2014-03-08T00:54:58Z,4000000000.0,4202.2,258.13,2014-03-08T01:06:56Z,2014-03-08T01:42:37Z,0,138.2,16.0,138.2,16.0,138.2,14.9,144.4,14.7,105.9,0.222,100.9,0.125,95.9,0.0703,90.9,0.0395,85.9,0.0222,80.9,0.0125,75.9,0.00703
H01W,0.00015,-36.25,93.75,4125.0,2014-03-08T00:20:54Z,2014-03-08T00:52:23Z,4000000000.0,1869.0,260.15,2014-03-08T00:41:47Z,2014-03-08T01:13:04Z,0,134.6,12.5,134.6,12.5,134.6,11.0,140.9,10.7,109.4,0.43,104.4,0.242,99.4,0.136,94.4,0.0764,89.4,0.043,84.4,0.0242,79.4,0.0136
H08S,0.00015,-36.25,93.75,4125.0,2014-03-08T00:20:54Z,2014-03-08T00:52:23Z,4000000000.0,3822.6,148.79,2014-03-08T01:03:36Z,2014-03-08T01:35:33Z,0,139.2,12.2,139.2,10.7,139.3,11.0,142.0,10.7,105.8,0.227,100.8,0.128,95.8,0.0717,90.8,0.0403,85.8,0.0227,80.8,0.0128,75.8,0.00717
3315,0.00015,-36.25,93.75,4125.0,2014-03-08T00:20:54Z,2014-03-08T00:52:23Z,4000000000.0,2031.0,250.89,2014-03-08T00:43:38Z,2014-03-08T01:14:53Z,0,135.0,16.0,135.0,16.0,135.0,14.9,141.3,14.7,109.0,0.403,104.0,0.227,99.0,0.127,94.0,0.0717,89.0,0.0403,84.0,0.0227,79.0,0.0127
3376,0.00015,-36.25,93.75,4125.0,2014-03-08T00:20:54Z,2014-03-08T00:52:23Z,4000000000.0,2033.0,250.82,2014-03-08T00:43:39Z,2014-03-08T01:14:54Z,0,135.0,16.0,135.0,16.0,135.0,14.9,141.3,14.7,109.0,0.403,104.0,0.226,99.0,0.127,94.0,0.0716,89.0,0.0403,84.0,0.0226,79.0,0.0127
3250,0.00015,-36.25,93.75,4125.0,2014-03-08T00:20:54Z,2014-03-08T00:52:23Z,4000000000.0,3568.3,224.84,2014-03-08T01:00:54Z,2014-03-08T01:32:17Z,1,137.5,16.0,137.5,16.0,137.5,14.9,143.7,14.7,106.6,0.256,101.6,0.144,96.6,0.0808,91.6,0.0454,86.6,0.0256,81.6,0.0144,76.6,0.00808
3274,0.00015,-36.25,93.75,4125.0,2014-03-08T00:20:54Z,2014-03-08T00:52:23Z,4000000000.0,4184.0,258.54,2014-03-08T01:07:38Z,2014-03-08T01:39:16Z,0,138.1,16.0,138.1,16.0,138.1,14.9,144.4,14.7,105.9,0.223,100.9,0.126,95.9,0.0706,90.9,0.0397,85.9,0.0223,80.9,0.0126,75.9,0.00706
3275,0.00015,-36.25,93.75,4125.0,2014-03-08T00:20:54Z,2014-03-08T00:52:23Z,4000000000.0,4182.0,258.56,2014-03-08T01:07:37Z,2014-03-08T01:39:14Z,0,138.1,16.0,138.1,16.0,138.1,14.9,144.4,14.7,105.9,0.223,100.9,0.126,95.9,0.0706,90.9,0.0397,85.9,0.0223,80.9,0.0126,75.9,0.00706
H01W,0.00015,-36.25,94.25,4194.0,2014-03-08T00:21:25Z,2014-03-08T00:45:09Z,4000000000.0,1808.1,258.82,2014-03-08T00:41:41Z,2014-03-08T01:05:32Z,0,134.5,12.5,134.5,12.5,134.5,11.0,140.8,10.7,109.5,0.441,104.5,0.248,99.5,0.139,94.5,0.0784,89.5,0.0441,84.5,0.0248,79.5,0.0139
H08S,0.00015,-36.25,94.25,4194.0,2014-03-08T00:21:25Z,2014-03-08T00:45:09Z,4000000000.0,3879.6,148.44,2014-03-08T01:04:45Z,2014-03-08T01:28:38Z,0,139.3,12.2,139.3,10.7,139.4,11.0,142.1,10.7,105.7,0.224,100.7,0.126,95.7,0.0709,90.7,0.0398,85.7,0.0224,80.7,0.0126,75.7,0.00709
3315,0.00015,-36.25,94.25,4194.0,2014-03-08T00:21:25Z,2014-03-08T00:45:09Z,4000000000.0,1972.7,249.47,2014-03-08T00:43:35Z,2014-03-08T01:07:23Z,0,134.9,16.0,134.9,16.0,134.9,14.9,141.2,14.7,109.2,0.412,104.2,0.232,99.2,0.13,94.2,0.0733,89.2,0.0412,84.2,0.0232,79.2,0.013
3376,0.00015,-36.25,94.25,4194.0,2014-03-08T00:21:25Z,2014-03-08T00:45:09Z,4000000000.0,1974.8,249.4,2014-03-08T00:43:36Z,2014-03-08T01:07:25Z,0,134.9,16.0,134.9,16.0,134.9,14.9,141.2,14.7,109.2,0.412,104.2,0.232,99.2,0.13,94.2,0.0732,89.2,0.0412,84.2,0.0232,79.2,0.013
3250,0.00015,-36.25,94.25,4194.0,2014-03-08T00:21:25Z,2014-03-08T00:45:09Z,4000000000.0,3537.8,223.93,2014-03-08T01:01:05Z,2014-03-08T01:24:54Z,1,137.4,16.0,137.4,16.0,137.4,14.9,143.7,14.7,106.6,0.257,101.6,0.145,96.6,0.0814,91.6,0.0458,86.6,0.0257,81.6,0.0145,76.6,0.00814
3274,0.00015,-36.25,94.25,4194.0,2014-03-08T00:21:25Z,2014-03-08T00:45:09Z,4000000000.0,4123.3,258.23,2014-03-08T01:07:28Z,2014-03-08T01:31:42Z,0,138.1,16.0,138.1,16.0,138.1,14.9,144.4,14.7,106.0,0.226,101.0,0.127,96.0,0.0715,91.0,0.0402,86.0,0.0226,81.0,0.0127,76.0,0.00715
3275,0.00015,-36.25,94.25,4194.0,2014-03-08T00:21:25Z,2014-03-08T00:45:09Z,4000000000.0,4121.3,258.25,2014-03-08T01:07:27Z,2014-03-08T01:31:40Z,0,138.1,16.0,138.1,16.0,138.1,14.9,144.4,14.7,106.0,0.226,101.0,0.127,96.0,0.0715,91.0,0.0402,86.0,0.0226,81.0,0.0127,76.0,0.00715
H01W,0.00045,-35.75,87.25,3932.0,2014-03-08T00:32:34Z,2014-03-08T00:54:05Z,4000000000.0,2430.3,259.52,2014-03-08T00:59:36Z,2014-03-08T01:21:21Z,0,135.8,12.5,135.8,12.5,135.8,11.0,142.1,10.7,108.3,0.35,103.3,0.197,98.3,0.111,93.3,0.0622,88.3,0.035,83.3,0.0197,78.3,0.0111
H08S,0.00045,-35.75,87.25,3932.0,2014-03-08T00:32:34Z,2014-03-08T00:54:05Z,4000000000.0,3477.0,156.33,2014-03-08T01:11:22Z,2014-03-08T01:33:20Z,0,138.8,12.2,138.8,10.7,138.9,11.0,141.6,10.7,106.2,0.246,101.2,0.138,96.2,0.0777,91.2,0.0437,86.2,0.0246,81.2,0.0138,76.2,0.00777
3315,0.00045,-35.75,87.25,3932.0,2014-03-08T00:32:34Z,2014-03-08T00:54:05Z,4000000000.0,2589.0,252.42,2014-03-08T01:01:23Z,2014-03-08T01:23:09Z,0,136.1,16.0,136.1,16.0,136.1,14.9,142.3,14.7,108.0,0.333,103.0,0.187,98.0,0.105,93.0,0.0592,88.0,0.0333,83.0,0.0187,78.0,0.0105
3376,0.00045,-35.75,87.25,3932.0,2014-03-08T00:32:34Z,2014-03-08T00:54:05Z,4000000000.0,2591.0,252.36,2014-03-08T01:01:24Z,2014-03-08T01:23:10Z,0,136.1,16.0,136.1,16.0,136.1,14.9,142.3,14.7,108.0,0.333,103.0,0.187,98.0,0.105,93.0,0.0591,88.0,0.0333,83.0,0.0187,78.0,0.0105
3250,0.00045,-35.75,87.25,3932.0,2014-03-08T00:32:34Z,2014-03-08T00:54:05Z,4000000000.0,4052.3,229.65,2014-03-08T01:17:48Z,2014-03-08T01:39:41Z,1,138.0,16.0,138.0,16.0,138.0,14.9,144.3,14.7,106.0,0.229,101.0,0.129,96.0,0.0725,91.0,0.0408,86.0,0.0229,81.0,0.0129,76.0,0.00725
3274,0.00045,-35.75,87.25,3932.0,2014-03-08T00:32:34Z,2014-03-08T00:54:05Z,4000000000.0,4724.9,256.11,2014-03-08T01:25:13Z,2014-03-08T01:47:14Z,0,138.7,16.0,138.7,16.0,138.7,14.9,145.0,14.7,105.4,0.201,100.4,0.113,95.4,0.0636,90.4,0.0357,85.4,0.0201,80.4,0.0113,75.4,0.00636
3275,0.00045,-35.75,87.25,3932.0,2014-03-08T00:32:34Z,2014-03-08T00:54:05Z,4000000000.0,4722.9,256.13,2014-03-08T01:25:11Z,2014-03-08T01:47:13Z,0,138.7,16.0,138.7,16.0,138.7,14.9,145.0,14.7,105.4,0.201,100.4,0.113,95.4,0.0636,90.4,0.0358,85.4,0.0201,80.4,0.0113,75.4,0.00636
H01W,0.00195,-35.75,87.75,3928.0,2014-03-08T00:19:43Z,2014-03-08T00:51:59Z,4000000000.0,2388.9,259.95,2014-03-08T00:46:14Z,2014-03-08T01:18:48Z,0,135.7,12.5,135.7,12.5,135.7,11.0,142.0,10.7,108.3,0.355,103.3,0.2,98.3,0.112,93.3,0.0631,88.3,0.0355,83.3,0.02,78.3,0.0112
H08S,0.00195,-35.75,87.75,3928.0,2014-03-08T00:19:43Z,2014-03-08T00:51:59Z,4000000000.0,3485.9,155.63,2014-03-08T00:58:54Z,2014-03-08T01:31:29Z,0,138.8,12.2,138.8,10.7,138.9,11.0,141.6,10.7,106.2,0.245,101.2,0.138,96.2,0.0775,91.2,0.0436,86.2,0.0245,81.2,0.0138,76.2,0.00775
3315,0.00195,-35.75,87.75,3928.0,2014-03-08T00:19:43Z,2014-03-08T00:51:59Z,4000000000.0,2546.3,252.7,2014-03-08T00:48:00Z,2014-03-08T01:20:36Z,0,136.0,16.0,136.0,16.0,136.0,14.9,142.3,14.7,108.1,0.337,103.1,0.19,98.1,0.107,93.1,0.06,88.1,0.0337,83.1,0.019,78.1,0.0107
3376,0.00195,-35.75,87.75,3928.0,2014-03-08T00:19:43Z,2014-03-08T00:51:59Z,4000000000.0,2548.3,252.64,2014-03-08T00:48:02Z,2014-03-08T01:20:37Z,0,136.0,16.0,136.0,16.0,136.0,14.9,142.3,14.7,108.0,0.337,103.0,0.19,98.0,0.107,93.0,0.0599,88.0,0.0337,83.0,0.019,78.0,0.0107
3250,0.00195,-35.75,87.75,3928.0,2014-03-08T00:19:43Z,2014-03-08T00:51:59Z,4000000000.0,4009.9,229.56,2014-03-08T01:04:26Z,2014-03-08T01:37:11Z,1,138.0,16.0,138.0,16.0,138.0,14.9,144.2,14.7,106.1,0.231,101.1,0.13,96.1,0.0732,91.1,0.0412,86.1,0.0231,81.1,0.013,76.1,0.00732
3274,0.00195,-35.75,87.75,3928.0,2014-03-08T00:19:43Z,2014-03-08T00:51:59Z,4000000000.0,4689.1,256.5,2014-03-08T01:11:53Z,2014-03-08T01:44:42Z,0,138.6,16.0,138.6,16.0,138.6,14.9,144.9,14.7,105.4,0.202,100.4,0.114,95.4,0.064,90.4,0.036,85.4,0.0202,80.4,0.0114,75.4,0.0064
3275,0.00195,-35.75,87.75,3928.0,2014-03-08T00:19:43Z,2014-03-08T00:51:59Z,4000000000.0,4687.1,256.52,2014-03-08T01:11:52Z,2014-03-08T01:44:41Z,0,138.6,16.0,138.6,16.0,138.6,14.9,144.9,14.7,105.4,0.202,100.4,0.114,95.4,0.064,90.4,0.036,85.4,0.0202,80.4,0.0114,75.4,0.0064
H01W,0.00195,-35.75,88.25,3953.0,2014-03-08T00:21:46Z,2014-03-08T00:54:04Z,4000000000.0,2341.4,260.04,2014-03-08T00:47:54Z,2014-03-08T01:20:28Z,0,135.6,12.5,135.6,12.5,135.6,11.0,141.9,10.7,108.4,0.361,103.4,0.203,98.4,0.114,93.4,0.0641,88.4,0.0361,83.4,0.0203,78.4,0.0114
H08S,0.00195,-35.75,88.25,3953.0,2014-03-08T00:21:46Z,2014-03-08T00:54:04Z,4000000000.0,3509.9,154.97,2014-03-08T01:01:08Z,2014-03-08T01:33:40Z,0,138.9,12.2,138.9,10.7,138.9,11.0,141.7,10.7,106.1,0.244,101.1,0.137,96.1,0.0771,91.1,0.0434,86.1,0.0244,81.1,0.0137,76.1,0.00771
3315,0.00195,-35.75,88.25,3953.0,2014-03-08T00:21:46Z,2014-03-08T00:54:04Z,4000000000.0,2499.7,252.64,2014-03-08T00:49:41Z,2014-03-08T01:22:14Z,0,135.9,16.0,135.9,16.0,135.9,14.9,142.2,14.7,108.1,0.342,103.1,0.192,98.1,0.108,93.1,0.0609,88.1,0.0342,83.1,0.0192,78.1,0.0108
3376,0.00195,-35.75,88.25,3953.0,2014-03-08T00:21:46Z,2014-03-08T00:54:04Z,4000000000.0,2501.7,252.58,2014-03-08T00:49:42Z,2014-03-08T01:22:16Z,0,135.9,16.0,135.9,16.0,135.9,14.9,142.2,14.7,108.1,0.342,103.1,0.192,98.1,0.108,93.1,0.0608,88.1,0.0342,83.1,0.0192,78.1,0.0108
3250,0.00195,-35.75,88.25,3953.0,2014-03-08T00:21:46Z,2014-03-08T00:54:04Z,4000000000.0,3970.9,229.26,2014-03-08T01:06:09Z,2014-03-08T01:38:48Z,1,137.9,16.0,137.9,16.0,137.9,14.9,144.2,14.7,106.1,0.233,101.1,0.131,96.1,0.0738,91.1,0.0415,86.1,0.0233,81.1,0.0131,76.1,0.00738
3274,0.00195,-35.75,88.25,3953.0,2014-03-08T00:21:46Z,2014-03-08T00:54:04Z,4000000000.0,4648.3,256.69,2014-03-08T01:13:35Z,2014-03-08T01:46:26Z,0,138.6,16.0,138.6,16.0,138.6,14.9,144.9,14.7,105.4,0.204,100.4,0.115,95.4,0.0645,90.4,0.0363,85.4,0.0204,80.4,0.0115,75.4,0.00645
3275,0.00195,-35.75,88.25,3953.0,2014-03-08T00:21:46Z,2014-03-08T00:54:04Z,4000000000.0,4646.3,256.71,2014-03-08T01:13:34Z,2014-03-08T01:46:25Z,0,138.6,16.0,138.6,16.0,138.6,14.9,144.9,14.7,105.4,0.204,100.4,0.115,95.4,0.0645,90.4,0.0363,85.4,0.0204,80.4,0.0115,75.4,0.00645
H01W,0.0033,-35.75,88.75,3952.0,2014-03-08T00:20:03Z,2014-03-08T00:54:52Z,4000000000.0,2300.6,260.18,2014-03-08T00:45:35Z,2014-03-08T01:20:46Z,0,135.5,12.5,135.5,12.5,135.5,11.0,141.8,10.7,108.5,0.366,103.5,0.206,98.5,0.116,93.5,0.065,88.5,0.0366,83.5,0.0206,78.5,0.0116
H08S,0.0033,-35.75,88.75,3952.0,2014-03-08T00:20:03Z,2014-03-08T00:54:52Z,4000000000.0,3529.9,154.33,2014-03-08T00:59:35Z,2014-03-08T01:34:41Z,0,138.9,12.2,138.9,10.7,139.0,11.0,141.7,10.7,106.1,0.243,101.1,0.136,96.1,0.0767,91.1,0.0432,86.1,0.0243,81.1,0.0136,76.1,0.00767
3315,0.0033,-35.75,88.75,3952.0,2014-03-08T00:20:03Z,2014-03-08T00:54:52Z,4000000000.0,2457.4,252.62,2014-03-08T00:47:21Z,2014-03-08T01:22:31Z,0,135.8,16.0,135.8,16.0,135.8,14.9,142.1,14.7,108.2,0.347,103.2,0.195,98.2,0.11,93.2,0.0617,88.2,0.0347,83.2,0.0195,78.2,0.011
3376,0.0033,-35.75,88.75,3952.0,2014-03-08T00:20:03Z,2014-03-08T00:54:52Z,4000000000.0,2459.4,252.57,2014-03-08T00:47:22Z,2014-03-08T01:22:33Z,0,135.8,16.0,135.8,16.0,135.8,14.9,142.1,14.7,108.2,0.347,103.2,0.195,98.2,0.11,93.2,0.0617,88.2,0.0347,83.2,0.0195,78.2,0.011
3250,0.0033,-35.75,88.75,3952.0,2014-03-08T00:20:03Z,2014-03-08T00:54:52Z,4000000000.0,3931.4,228.99,2014-03-08T01:03:48Z,2014-03-08T01:39:07Z,1,137.9,16.0,137.9,16.0,137.9,14.9,144.2,14.7,106.2,0.235,101.2,0.132,96.2,0.0744,91.2,0.0419,86.2,0.0235,81.2,0.0132,76.2,0.00744
3274,0.0033,-35.75,88.75,3952.0,2014-03-08T00:20:03Z,2014-03-08T00:54:52Z,4000000000.0,4606.3,256.91,2014-03-08T01:11:21Z,2014-03-08T01:46:46Z,0,138.6,16.0,138.6,16.0,138.6,14.9,144.8,14.7,105.5,0.205,100.5,0.116,95.5,0.065,90.5,0.0365,85.5,0.0205,80.5,0.0116,75.5,0.0065
3275,0.0033,-35.75,88.75,3952.0,2014-03-08T00:20:03Z,2014-03-08T00:54:52Z,4000000000.0,4604.3,256.93,2014-03-08T01:11:19Z,2014-03-08T01:46:45Z,0,138.6,16.0,138.6,16.0,138.6,14.9,144.8,14.7,105.5,0.206,100.5,0.116,95.5,0.065,90.5,0.0366,85.5,0.0206,80.5,0.0116,75.5,0.0065
H01W,0.0028,-35.75,89.25,3863.0,2014-03-08T00:20:55Z,2014-03-08T00:54:56Z,4000000000.0,2262.3,260.05,2014-03-08T00:45:56Z,2014-03-08T01:20:38Z,0,135.5,12.5,135.5,12.5,135.5,11.0,141.8,10.7,108.6,0.37,103.6,0.208,98.6,0.117,93.6,0.0659,88.6,0.037,83.6,0.0208,78.6,0.0117
H08S,0.0028,-35.75,89.25,3863.0,2014-03-08T00:20:55Z,2014-03-08T00:54:56Z,4000000000.0,3559.2,153.77,2014-03-08T01:00:35Z,2014-03-08T01:35:03Z,0,138.9,12.2,138.9,10.7,139.0,11.0,141.7,10.7,106.1,0.241,101.1,0.136,96.1,0.0762,91.1,0.0429,86.1,0.0241,81.1,0.0136,76.1,0.00762
3315,0.0028,-35.75,89.25,3863.0,2014-03-08T00:20:55Z,2014-03-08T00:54:56Z,4000000000.0,2420.1,252.35,2014-03-08T00:47:40Z,2014-03-08T01:22:25Z,0,135.8,16.0,135.8,16.0,135.8,14.9,142.0,14.7,108.3,0.351,103.3,0.197,98.3,0.111,93.3,0.0625,88.3,0.0351,83.3,0.0197,78.3,0.0111
3376,0.0028,-35.75,89.25,3863.0,2014-03-08T00:20:55Z,2014-03-08T00:54:56Z,4000000000.0,2422.1,252.29,2014-03-08T00:47:41Z,2014-03-08T01:22:27Z,0,135.8,16.0,135.8,16.0,135.8,14.9,142.1,14.7,108.3,0.351,103.3,0.197,98.3,0.111,93.3,0.0624,88.3,0.0351,83.3,0.0197,78.3,0.0111
3250,0.0028,-35.75,89.25,3863.0,2014-03-08T00:20:55Z,2014-03-08T00:54:56Z,4000000000.0,3896.2,228.57,2014-03-08T01:04:06Z,2014-03-08T01:39:07Z,1,137.8,16.0,137.8,16.0,137.8,14.9,144.1,14.7,106.2,0.237,101.2,0.133,96.2,0.075,91.2,0.0422,86.2,0.0237,81.2,0.0133,76.2,0.0075
3274,0.0028,-35.75,89.25,3863.0,2014-03-08T00:20:55Z,2014-03-08T00:54:56Z,4000000000.0,4568.7,257.03,2014-03-08T01:11:46Z,2014-03-08T01:46:36Z,0,138.5,16.0,138.5,16.0,138.5,14.9,144.8,14.7,105.5,0.207,100.5,0.116,95.5,0.0654,90.5,0.0368,85.5,0.0207,80.5,0.0116,75.5,0.00654
3275,0.0028,-35.75,89.25,3863.0,2014-03-08T00:20:55Z,2014-03-08T00:54:56Z,4000000000.0,4566.7,257.05,2014-03-08T01:11:45Z,2014-03-08T01:46:35Z,0,138.5,16.0,138.5,16.0,138.5,14.9,144.8,14.7,105.5,0.207,100.5,0.116,95.5,0.0655,90.5,0.0368,85.5,0.0207,80.5,0.0116,75.5,0.00655
H01W,0.0029,-35.75,89.75,3865.0,2014-03-08T00:19:50Z,2014-03-08T00:54:01Z,4000000000.0,2211.1,260.32,2014-03-08T00:44:33Z,2014-03-08T01:18:47Z,0,135.4,12.5,135.4,12.5,135.4,11.0,141.7,10.7,108.7,0.377,103.7,0.212,98.7,0.119,93.7,0.0671,88.7,0.0377,83.7,0.0212,78.7,0.0119
H08S,0.0029,-35.75,89.75,3865.0,2014-03-08T00:19:50Z,2014-03-08T00:54:01Z,4000000000.0,3581.0,153.03,2014-03-08T00:59:48Z,2014-03-08T01:34:26Z,0,139.0,12.2,139.0,10.7,139.0,11.0,141.7,10.7,106.0,0.24,101.0,0.135,96.0,0.0758,91.0,0.0426,86.0,0.024,81.0,0.0135,76.0,0.00758
3315,0.0029,-35.75,89.75,3865.0,2014-03-08T00:19:50Z,2014-03-08T00:54:01Z,4000000000.0,2367.5,252.46,2014-03-08T00:46:19Z,2014-03-08T01:20:32Z,0,135.7,16.0,135.7,16.0,135.7,14.9,142.0,14.7,108.4,0.357,103.4,0.201,98.4,0.113,93.4,0.0636,88.4,0.0357,83.4,0.0201,78.4,0.0113
3376,0.0029,-35.75,89.75,3865.0,2014-03-08T00:19:50Z,2014-03-08T00:54:01Z,4000000000.0,2369.5,252.4,2014-03-08T00:46:20Z,2014-03-08T01:20:34Z,0,135.7,16.0,135.7,16.0,135.7,14.9,142.0,14.7,108.4,0.357,103.4,0.201,98.4,0.113,93.4,0.0635,88.4,0.0357,83.4,0.0201,78.4,0.0113
3250,0.0029,-35.75,89.75,3865.0,2014-03-08T00:19:50Z,2014-03-08T00:54:01Z,4000000000.0,3850.4,228.3,2014-03-08T01:02:51Z,2014-03-08T01:37:15Z,1,137.8,16.0,137.8,16.0,137.8,14.9,144.1,14.7,106.3,0.24,101.3,0.135,96.3,0.0758,91.3,0.0426,86.3,0.024,81.3,0.0135,76.3,0.00758
3274,0.0029,-35.75,89.75,3865.0,2014-03-08T00:19:50Z,2014-03-08T00:54:01Z,4000000000.0,4521.0,257.3,2014-03-08T01:10:17Z,2014-03-08T01:44:52Z,0,138.5,16.0,138.5,16.0,138.5,14.9,144.8,14.7,105.6,0.209,100.6,0.117,95.6,0.066,90.6,0.0371,85.6,0.0209,80.6,0.0117,75.6,0.0066
3275,0.0029,-35.75,89.75,3865.0,2014-03-08T00:19:50Z,2014-03-08T00:54:01Z,4000000000.0,4519.0,257.32,2014-03-08T01:10:16Z,2014-03-08T01:44:50Z,0,138.5,16.0,138.5,16.0,138.5,14.9,144.8,14.7,105.6,0.209,100.6,0.117,95.6,0.0661,90.6,0.0371,85.6,0.0209,80.6,0.0117,75.6,0.00661
H01W,0.00265,-35.75,90.25,3946.0,2014-03-08T00:19:37Z,2014-03-08T00:53:29Z,4000000000.0,2171.5,260.56,2014-03-08T00:43:36Z,2014-03-08T01:17:58Z,0,135.3,12.5,135.3,12.5,135.3,11.0,141.6,10.7,108.7,0.383,103.7,0.215,98.7,0.121,93.7,0.068,88.7,0.0383,83.7,0.0215,78.7,0.0121
H08S,0.00265,-35.75,90.25,3946.0,2014-03-08T00:19:37Z,2014-03-08T00:53:29Z,4000000000.0,3602.0,152.43,2014-03-08T01:00:11Z,2014-03-08T01:33:55Z,0,139.0,12.2,139.0,10.7,139.1,11.0,141.8,10.7,106.0,0.239,101.0,0.134,96.0,0.0754,91.0,0.0424,86.0,0.0239,81.0,0.0134,76.0,0.00754
3315,0.00265,-35.75,90.25,3946.0,2014-03-08T00:19:37Z,2014-03-08T00:53:29Z,4000000000.0,2328.5,252.55,2014-03-08T00:45:22Z,2014-03-08T01:19:42Z,0,135.6,16.0,135.6,16.0,135.6,14.9,141.9,14.7,108.4,0.362,103.4,0.204,98.4,0.115,93.4,0.0644,88.4,0.0362,83.4,0.0204,78.4,0.0115
3376,0.00265,-35.75,90.25,3946.0,2014-03-08T00:19:37Z,2014-03-08T00:53:29Z,4000000000.0,2330.4,252.49,2014-03-08T00:45:24Z,2014-03-08T01:19:44Z,0,135.6,16.0,135.6,16.0,135.6,14.9,141.9,14.7,108.4,0.362,103.4,0.203,98.4,0.114,93.4,0.0644,88.4,0.0362,83.4,0.0203,78.4,0.0114
3250,0.00265,-35.75,90.25,3946.0,2014-03-08T00:19:37Z,2014-03-08T00:53:29Z,4000000000.0,3812.6,228.06,2014-03-08T01:02:05Z,2014-03-08T01:36:22Z,1,137.7,16.0,137.7,16.0,137.7,14.9,144.0,14.7,106.3,0.242,101.3,0.136,96.3,0.0764,91.3,0.043,86.3,0.0242,81.3,0.0136,76.3,0.00764
3274,0.00265,-35.75,90.25,3946.0,2014-03-08T00:19:37Z,2014-03-08T00:53:29Z,4000000000.0,4484.6,257.55,2014-03-08T01:09:24Z,2014-03-08T01:44:07Z,0,138.4,16.0,138.4,16.0,138.4,14.9,144.7,14.7,105.6,0.21,100.6,0.118,95.6,0.0665,90.6,0.0374,85.6,0.021,80.6,0.0118,75.6,0.00665
3275,0.00265,-35.75,90.25,3946.0,2014-03-08T00:19:37Z,2014-03-08T00:53:29Z,4000000000.0,4482.5,257.57,2014-03-08T01:09:22Z,2014-03-08T01:44:05Z,0,138.4,16.0,138.4,16.0,138.4,14.9,144.7,14.7,105.6,0.21,100.6,0.118,95.6,0.0665,90.6,0.0374,85.6,0.021,80.6,0.0118,75.6,0.00665
H01W,0.0027,-35.75,90.75,3894.0,2014-03-08T00:20:06Z,2014-03-08T00:52:40Z,4000000000.0,2125.6,260.66,2014-03-08T00:43:55Z,2014-03-08T01:16:41Z,0,135.2,12.5,135.2,12.5,135.2,11.0,141.5,10.7,108.8,0.389,103.8,0.219,98.8,0.123,93.8,0.0692,88.8,0.0389,83.8,0.0219,78.8,0.0123
H08S,0.0027,-35.75,90.75,3894.0,2014-03-08T00:20:06Z,2014-03-08T00:52:40Z,4000000000.0,3624.0,151.77,2014-03-08T01:00:32Z,2014-03-08T01:33:28Z,0,139.0,12.2,139.0,10.7,139.1,11.0,141.8,10.7,106.0,0.237,101.0,0.133,96.0,0.0751,91.0,0.0422,86.0,0.0237,81.0,0.0133,76.0,0.00751
3315,0.0027,-35.75,90.75,3894.0,2014-03-08T00:20:06Z,2014-03-08T00:52:40Z,4000000000.0,2282.1,252.53,2014-03-08T00:45:42Z,2014-03-08T01:18:25Z,0,135.5,16.0,135.5,16.0,135.5,14.9,141.8,14.7,108.5,0.368,103.5,0.207,98.5,0.116,93.5,0.0654,88.5,0.0368,83.5,0.0207,78.5,0.0116
3376,0.0027,-35.75,90.75,3894.0,2014-03-08T00:20:06Z,2014-03-08T00:52:40Z,4000000000.0,2284.0,252.47,2014-03-08T00:45:43Z,2014-03-08T01:18:26Z,0,135.5,16.0,135.5,16.0,135.5,14.9,141.8,14.7,108.5,0.368,103.5,0.207,98.5,0.116,93.5,0.0654,88.5,0.0368,83.5,0.0207,78.5,0.0116
3250,0.0027,-35.75,90.75,3894.0,2014-03-08T00:20:06Z,2014-03-08T00:52:40Z,4000000000.0,3771.0,227.78,2014-03-08T01:02:23Z,2014-03-08T01:35:08Z,1,137.7,16.0,137.7,16.0,137.7,14.9,144.0,14.7,106.3,0.244,101.3,0.137,96.3,0.0771,91.3,0.0434,86.3,0.0244,81.3,0.0137,76.3,0.00771
3274,0.0027,-35.75,90.75,3894.0,2014-03-08T00:20:06Z,2014-03-08T00:52:40Z,4000000000.0,4442.9,257.81,2014-03-08T01:09:45Z,2014-03-08T01:42:51Z,0,138.4,16.0,138.4,16.0,138.4,14.9,144.7,14.7,105.6,0.212,100.6,0.119,95.6,0.067,90.6,0.0377,85.6,0.0212,80.6,0.0119,75.6,0.0067
3275,0.0027,-35.75,90.75,3894.0,2014-03-08T00:20:06Z,2014-03-08T00:52:40Z,4000000000.0,4440.9,257.82,2014-03-08T01:09:43Z,2014-03-08T01:42:50Z,0,138.4,16.0,138.4,16.0,138.4,14.9,144.7,14.7,105.6,0.212,100.6,0.119,95.6,0.0671,90.6,0.0377,85.6,0.0212,80.6,0.0119,75.6,0.00671
H01W,0.00285,-35.75,91.25,3827.0,2014-03-08T00:19:37Z,2014-03-08T00:54:35Z,4000000000.0,2079.1,260.64,2014-03-08T00:42:45Z,2014-03-08T01:18:10Z,0,135.1,12.5,135.1,12.5,135.1,11.0,141.4,10.7,108.9,0.396,103.9,0.223,98.9,0.125,93.9,0.0704,88.9,0.0396,83.9,0.0223,78.9,0.0125
H08S,0.00285,-35.75,91.25,3827.0,2014-03-08T00:19:37Z,2014-03-08T00:54:35Z,4000000000.0,3655.6,151.23,2014-03-08T01:00:30Z,2014-03-08T01:35:46Z,0,139.1,12.2,139.1,10.7,139.1,11.0,141.8,10.7,106.0,0.236,101.0,0.132,96.0,0.0745,91.0,0.0419,86.0,0.0236,81.0,0.0132,76.0,0.00745
3315,0.00285,-35.75,91.25,3827.0,2014-03-08T00:19:37Z,2014-03-08T00:54:35Z,4000000000.0,2235.8,252.31,2014-03-08T00:44:29Z,2014-03-08T01:19:56Z,0,135.4,16.0,135.4,16.0,135.4,14.9,141.7,14.7,108.6,0.374,103.6,0.21,98.6,0.118,93.6,0.0665,88.6,0.0374,83.6,0.021,78.6,0.0118
3376,0.00285,-35.75,91.25,3827.0,2014-03-08T00:19:37Z,2014-03-08T00:54:35Z,4000000000.0,2237.7,252.25,2014-03-08T00:44:31Z,2014-03-08T01:19:57Z,0,135.4,16.0,135.4,16.0,135.4,14.9,141.7,14.7,108.6,0.374,103.6,0.21,98.6,0.118,93.6,0.0664,88.6,0.0374,83.6,0.021,78.6,0.0118
3250,0.00285,-35.75,91.25,3827.0,2014-03-08T00:19:37Z,2014-03-08T00:54:35Z,4000000000.0,3737.2,227.32,2014-03-08T01:01:13Z,2014-03-08T01:36:49Z,1,137.7,16.0,137.7,16.0,137.7,14.9,143.9,14.7,106.4,0.246,101.4,0.138,96.4,0.0777,91.4,0.0437,86.4,0.0246,81.4,0.0138,76.4,0.00777
3274,0.00285,-35.75,91.25,3827.0,2014-03-08T00:19:37Z,2014-03-08T00:54:35Z,4000000000.0,4397.4,257.95,2014-03-08T01:08:39Z,2014-03-08T01:44:17Z,0,138.4,16.0,138.4,16.0,138.4,14.9,144.6,14.7,105.7,0.214,100.7,0.12,95.7,0.0676,90.7,0.038,85.7,0.0214,80.7,0.012,75.7,0.00676
3275,0.00285,-35.75,91.25,3827.0,2014-03-08T00:19:37Z,2014-03-08T00:54:35Z,4000000000.0,4395.4,257.96,2014-03-08T01:08:38Z,2014-03-08T01:44:16Z,0,138.4,16.0,138.4,16.0,138.4,14.9,144.6,14.7,105.7,0.214,100.7,0.12,95.7,0.0677,90.7,0.038,85.7,0.0214,80.7,0.012,75.7,0.00677
H01W,0.00205,-35.75,91.75,3923.0,2014-03-08T00:20:57Z,2014-03-08T00:53:55Z,4000000000.0,2031.1,260.83,2014-03-08T00:43:43Z,2014-03-08T01:16:49Z,0,135.0,12.5,135.0,12.5,135.0,11.0,141.3,10.7,109.0,0.403,104.0,0.227,99.0,0.127,94.0,0.0717,89.0,0.0403,84.0,0.0227,79.0,0.0127
H08S,0.00205,-35.75,91.75,3923.0,2014-03-08T00:20:57Z,2014-03-08T00:53:55Z,4000000000.0,3685.6,150.55,2014-03-08T01:02:00Z,2014-03-08T01:35:23Z,0,139.1,12.2,139.1,10.7,139.2,11.0,141.9,10.7,105.9,0.234,100.9,0.132,95.9,0.074,90.9,0.0416,85.9,0.0234,80.9,0.0132,75.9,0.0074
3315,0.00205,-35.75,91.75,3923.0,2014-03-08T00:20:57Z,2014-03-08T00:53:55Z,4000000000.0,2188.0,252.25,2014-03-08T00:45:27Z,2014-03-08T01:18:34Z,0,135.3,16.0,135.3,16.0,135.3,14.9,141.6,14.7,108.7,0.38,103.7,0.214,98.7,0.12,93.7,0.0676,88.7,0.038,83.7,0.0214,78.7,0.012
3376,0.00205,-35.75,91.75,3923.0,2014-03-08T00:20:57Z,2014-03-08T00:53:55Z,4000000000.0,2190.0,252.19,2014-03-08T00:45:28Z,2014-03-08T01:18:35Z,0,135.3,16.0,135.3,16.0,135.3,14.9,141.6,14.7,108.7,0.38,103.7,0.214,98.7,0.12,93.7,0.0676,88.7,0.038,83.7,0.0214,78.7,0.012
3250,0.00205,-35.75,91.75,3923.0,2014-03-08T00:20:57Z,2014-03-08T00:53:55Z,4000000000.0,3691.1,226.9,2014-03-08T01:02:12Z,2014-03-08T01:35:29Z,1,137.6,16.0,137.6,16.0,137.6,14.9,143.9,14.7,106.4,0.248,101.4,0.14,96.4,0.0785,91.4,0.0442,86.4,0.0248,81.4,0.014,76.4,0.00785
3274,0.00205,-35.75,91.75,3923.0,2014-03-08T00:20:57Z,2014-03-08T00:53:55Z,4000000000.0,4352.2,258.22,2014-03-08T01:09:39Z,2014-03-08T01:43:01Z,0,138.3,16.0,138.3,16.0,138.3,14.9,144.6,14.7,105.7,0.216,100.7,0.121,95.7,0.0682,90.7,0.0384,85.7,0.0216,80.7,0.0121,75.7,0.00682
3275,0.00205,-35.75,91.75,3923.0,2014-03-08T00:20:57Z,2014-03-08T00:53:55Z,4000000000.0,4350.2,258.24,2014-03-08T01:09:38Z,2014-03-08T01:43:00Z,0,138.3,16.0,138.3,16.0,138.3,14.9,144.6,14.7,105.7,0.216,100.7,0.121,95.7,0.0683,90.7,0.0384,85.7,0.0216,80.7,0.0121,75.7,0.00683
H01W,0.00145,-35.75,92.25,3945.0,2014-03-08T00:19:51Z,2014-03-08T00:53:00Z,4000000000.0,1996.4,261.15,2014-03-08T00:42:08Z,2014-03-08T01:15:31Z,0,134.9,12.5,134.9,12.5,134.9,11.0,141.2,10.7,109.1,0.408,104.1,0.23,99.1,0.129,94.1,0.0726,89.1,0.0408,84.1,0.023,79.1,0.0129
H08S,0.00145,-35.75,92.25,3945.0,2014-03-08T00:19:51Z,2014-03-08T00:53:00Z,4000000000.0,3702.2,150.0,2014-03-08T01:01:13Z,2014-03-08T01:34:57Z,1,139.1,12.2,139.1,10.7,139.2,11.0,141.9,10.7,105.9,0.233,100.9,0.131,95.9,0.0737,90.9,0.0415,85.9,0.0233,80.9,0.0131,75.9,0.00737
3315,0.00145,-35.75,92.25,3945.0,2014-03-08T00:19:51Z,2014-03-08T00:53:00Z,4000000000.0,2152.0,252.35,2014-03-08T00:43:53Z,2014-03-08T01:17:18Z,0,135.3,16.0,135.3,16.0,135.3,14.9,141.5,14.7,108.8,0.385,103.8,0.217,98.8,0.122,93.8,0.0685,88.8,0.0385,83.8,0.0217,78.8,0.0122
3376,0.00145,-35.75,92.25,3945.0,2014-03-08T00:19:51Z,2014-03-08T00:53:00Z,4000000000.0,2153.9,252.28,2014-03-08T00:43:54Z,2014-03-08T01:17:19Z,0,135.3,16.0,135.3,16.0,135.3,14.9,141.5,14.7,108.8,0.385,103.8,0.217,98.8,0.122,93.8,0.0685,88.8,0.0385,83.8,0.0217,78.8,0.0122
3250,0.00145,-35.75,92.25,3945.0,2014-03-08T00:19:51Z,2014-03-08T00:53:00Z,4000000000.0,3656.4,226.7,2014-03-08T01:00:42Z,2014-03-08T01:34:21Z,1,137.6,16.0,137.6,16.0,137.6,14.9,143.8,14.7,106.5,0.25,101.5,0.141,96.5,0.0792,91.5,0.0445,86.5,0.025,81.5,0.0141,76.5,0.00792
3274,0.00145,-35.75,92.25,3945.0,2014-03-08T00:19:51Z,2014-03-08T00:53:00Z,4000000000.0,4319.4,258.49,2014-03-08T01:08:05Z,2014-03-08T01:41:40Z,0,138.3,16.0,138.3,16.0,138.3,14.9,144.6,14.7,105.8,0.217,100.8,0.122,95.8,0.0687,90.8,0.0386,85.8,0.0217,80.8,0.0122,75.8,0.00687
3275,0.00145,-35.75,92.25,3945.0,2014-03-08T00:19:51Z,2014-03-08T00:53:00Z,4000000000.0,4317.4,258.5,2014-03-08T01:08:04Z,2014-03-08T01:41:39Z,0,138.3,16.0,138.3,16.0,138.3,14.9,144.6,14.7,105.8,0.217,100.8,0.122,95.8,0.0687,90.8,0.0386,85.8,0.0217,80.8,0.0122,75.8,0.00687
H01W,0.00055,-35.75,92.75,3987.0,2014-03-08T00:21:26Z,2014-03-08T00:52:39Z,4000000000.0,1941.4,261.04,2014-03-08T00:42:59Z,2014-03-08T01:14:29Z,0,134.8,12.5,134.8,12.5,134.8,11.0,141.1,10.7,109.2,0.417,104.2,0.235,99.2,0.132,94.2,0.0742,89.2,0.0417,84.2,0.0235,79.2,0.0132
H08S,0.00055,-35.75,92.75,3987.0,2014-03-08T00:21:26Z,2014-03-08T00:52:39Z,4000000000.0,3735.0,149.37,2014-03-08T01:03:09Z,2014-03-08T01:35:00Z,0,139.1,12.2,139.1,10.7,139.2,11.0,141.9,10.7,105.9,0.231,100.9,0.13,95.9,0.0732,90.9,0.0411,85.9,0.0231,80.9,0.013,75.9,0.00732
3315,0.00055,-35.75,92.75,3987.0,2014-03-08T00:21:26Z,2014-03-08T00:52:39Z,4000000000.0,2098.3,252.16,2014-03-08T00:44:43Z,2014-03-08T01:16:17Z,0,135.1,16.0,135.1,16.0,135.1,14.9,141.4,14.7,108.9,0.393,103.9,0.221,98.9,0.124,93.9,0.0699,88.9,0.0393,83.9,0.0221,78.9,0.0124
3376,0.00055,-35.75,92.75,3987.0,2014-03-08T00:21:26Z,2014-03-08T00:52:39Z,4000000000.0,2100.3,252.09,2014-03-08T00:44:44Z,2014-03-08T01:16:18Z,0,135.1,16.0,135.1,16.0,135.1,14.9,141.4,14.7,108.9,0.393,103.9,0.221,98.9,0.124,93.9,0.0698,88.9,0.0393,83.9,0.0221,78.9,0.0124
3250,0.00055,-35.75,92.75,3987.0,2014-03-08T00:21:26Z,2014-03-08T00:52:39Z,4000000000.0,3614.8,226.29,2014-03-08T01:01:35Z,2014-03-08T01:33:28Z,1,137.5,16.0,137.5,16.0,137.5,14.9,143.8,14.7,106.5,0.253,101.5,0.142,96.5,0.0799,91.5,0.0449,86.5,0.0253,81.5,0.0142,76.5,0.00799
3274,0.00055,-35.75,92.75,3987.0,2014-03-08T00:21:26Z,2014-03-08T00:52:39Z,4000000000.0,4270.7,258.63,2014-03-08T01:09:01Z,2014-03-08T01:40:47Z,0,138.2,16.0,138.2,16.0,138.2,14.9,144.5,14.7,105.8,0.219,100.8,0.123,95.8,0.0694,90.8,0.039,85.8,0.0219,80.8,0.0123,75.8,0.00694
3275,0.00055,-35.75,92.75,3987.0,2014-03-08T00:21:26Z,2014-03-08T00:52:39Z,4000000000.0,4268.7,258.64,2014-03-08T01:09:00Z,2014-03-08T01:40:46Z,0,138.2,16.0,138.2,16.0,138.2,14.9,144.5,14.7,105.8,0.219,100.8,0.123,95.8,0.0694,90.8,0.039,85.8,0.0219,80.8,0.0123,75.8,0.00694
H01W,0.0005,-35.75,93.25,4127.0,2014-03-08T00:24:54Z,2014-03-08T00:46:59Z,4000000000.0,1907.3,260.93,2014-03-08T00:46:15Z,2014-03-08T01:08:30Z,0,134.7,12.5,134.7,12.5,134.7,11.0,141.0,10.7,109.3,0.423,104.3,0.238,99.3,0.134,94.3,0.0752,89.3,0.0423,84.3,0.0238,79.3,0.0134
H08S,0.0005,-35.75,93.25,4127.0,2014-03-08T00:24:54Z,2014-03-08T00:46:59Z,4000000000.0,3766.3,148.98,2014-03-08T01:06:56Z,2014-03-08T01:29:32Z,1,139.2,12.2,139.2,10.7,139.3,11.0,142.0,10.7,105.8,0.23,100.8,0.129,95.8,0.0727,90.8,0.0409,85.8,0.023,80.8,0.0129,75.8,0.00727
3315,0.0005,-35.75,93.25,4127.0,2014-03-08T00:24:54Z,2014-03-08T00:46:59Z,4000000000.0,2065.9,251.83,2014-03-08T00:48:01Z,2014-03-08T01:10:19Z,0,135.1,16.0,135.1,16.0,135.1,14.9,141.4,14.7,109.0,0.398,104.0,0.224,99.0,0.126,94.0,0.0707,89.0,0.0398,84.0,0.0224,79.0,0.0126
3376,0.0005,-35.75,93.25,4127.0,2014-03-08T00:24:54Z,2014-03-08T00:46:59Z,4000000000.0,2067.9,251.76,2014-03-08T00:48:02Z,2014-03-08T01:10:20Z,0,135.1,16.0,135.1,16.0,135.1,14.9,141.4,14.7,109.0,0.397,104.0,0.223,99.0,0.126,94.0,0.0707,89.0,0.0397,84.0,0.0223,79.0,0.0126
3250,0.0005,-35.75,93.25,4127.0,2014-03-08T00:24:54Z,2014-03-08T00:46:59Z,4000000000.0,3586.3,225.77,2014-03-08T01:05:01Z,2014-03-08T01:27:32Z,1,137.5,16.0,137.5,16.0,137.5,14.9,143.8,14.7,106.6,0.254,101.6,0.143,96.6,0.0805,91.6,0.0453,86.6,0.0254,81.6,0.0143,76.6,0.00805
3274,0.0005,-35.75,93.25,4127.0,2014-03-08T00:24:54Z,2014-03-08T00:46:59Z,4000000000.0,4231.6,258.74,2014-03-08T01:12:13Z,2014-03-08T01:34:42Z,0,138.2,16.0,138.2,16.0,138.2,14.9,144.5,14.7,105.8,0.221,100.8,0.124,95.8,0.0699,90.8,0.0393,85.8,0.0221,80.8,0.0124,75.8,0.00699
3275,0.0005,-35.75,93.25,4127.0,2014-03-08T00:24:54Z,2014-03-08T00:46:59Z,4000000000.0,4229.6,258.75,2014-03-08T01:12:12Z,2014-03-08T01:34:40Z,0,138.2,16.0,138.2,16.0,138.2,14.9,144.5,14.7,105.8,0.221,100.8,0.124,95.8,0.0699,90.8,0.0393,85.8,0.0221,80.8,0.0124,75.8,0.00699
H01W,0.0004,-35.75,93.75,4172.0,2014-03-08T00:28:17Z,2014-03-08T00:53:37Z,4000000000.0,1864.6,261.49,2014-03-08T00:49:06Z,2014-03-08T01:14:21Z,0,134.6,12.5,134.6,12.5,134.6,11.0,140.9,10.7,109.4,0.43,104.4,0.242,99.4,0.136,94.4,0.0765,89.4,0.043,84.4,0.0242,79.4,0.0136
H08S,0.0004,-35.75,93.75,4172.0,2014-03-08T00:28:17Z,2014-03-08T00:53:37Z,4000000000.0,3785.4,148.31,2014-03-08T01:10:23Z,2014-03-08T01:36:20Z,0,139.2,12.2,139.2,10.7,139.3,11.0,142.0,10.7,105.8,0.229,100.8,0.129,95.8,0.0723,90.8,0.0407,85.8,0.0229,80.8,0.0129,75.8,0.00723
3315,0.0004,-35.75,93.75,4172.0,2014-03-08T00:28:17Z,2014-03-08T00:53:37Z,4000000000.0,2020.0,252.17,2014-03-08T00:50:48Z,2014-03-08T01:16:05Z,0,135.0,16.0,135.0,16.0,135.0,14.9,141.3,14.7,109.1,0.405,104.1,0.228,99.1,0.128,94.1,0.072,89.1,0.0405,84.1,0.0228,79.1,0.0128
3376,0.0004,-35.75,93.75,4172.0,2014-03-08T00:28:17Z,2014-03-08T00:53:37Z,4000000000.0,2022.0,252.1,2014-03-08T00:50:50Z,2014-03-08T01:16:06Z,0,135.0,16.0,135.0,16.0,135.0,14.9,141.3,14.7,109.1,0.404,104.1,0.227,99.1,0.128,94.1,0.0719,89.1,0.0404,84.1,0.0227,79.1,0.0128
3250,0.0004,-35.75,93.75,4172.0,2014-03-08T00:28:17Z,2014-03-08T00:53:37Z,4000000000.0,3542.7,225.61,2014-03-08T01:07:45Z,2014-03-08T01:33:14Z,1,137.4,16.0,137.4,16.0,137.4,14.9,143.7,14.7,106.6,0.257,101.6,0.145,96.6,0.0813,91.6,0.0457,86.6,0.0257,81.6,0.0145,76.6,0.00813
3274,0.0004,-35.75,93.75,4172.0,2014-03-08T00:28:17Z,2014-03-08T00:53:37Z,4000000000.0,4196.7,259.19,2014-03-08T01:15:12Z,2014-03-08T01:40:42Z,0,138.2,16.0,138.2,16.0,138.2,14.9,144.4,14.7,105.9,0.223,100.9,0.125,95.9,0.0704,90.9,0.0396,85.9,0.0223,80.9,0.0125,75.9,0.00704
3275,0.0004,-35.75,93.75,4172.0,2014-03-08T00:28:17Z,2014-03-08T00:53:37Z,4000000000.0,4194.7,259.2,2014-03-08T01:15:10Z,2014-03-08T01:40:41Z,0,138.2,16.0,138.2,16.0,138.2,14.9,144.4,14.7,105.9,0.223,100.9,0.125,95.9,0.0704,90.9,0.0396,85.9,0.0223,80.9,0.0125,75.9,0.00704
H01W,0.00035,-35.75,94.25,4257.0,2014-03-08T00:23:01Z,2014-03-08T00:53:46Z,4000000000.0,1800.7,260.63,2014-03-08T00:43:04Z,2014-03-08T01:14:23Z,0,134.5,12.5,134.5,12.5,134.5,11.0,140.8,10.7,109.6,0.442,104.6,0.249,99.6,0.14,94.6,0.0786,89.6,0.0442,84.6,0.0249,79.6,0.014
H08S,0.00035,-35.75,94.25,4257.0,2014-03-08T00:23:01Z,2014-03-08T00:53:46Z,4000000000.0,3834.6,147.73,2014-03-08T01:05:46Z,2014-03-08T01:36:56Z,0,139.3,12.2,139.3,10.7,139.3,11.0,142.0,10.7,105.7,0.226,100.7,0.127,95.7,0.0716,90.7,0.0402,85.7,0.0226,80.7,0.0127,75.7,0.00716
3315,0.00035,-35.75,94.25,4257.0,2014-03-08T00:23:01Z,2014-03-08T00:53:46Z,4000000000.0,1959.4,251.05,2014-03-08T00:44:49Z,2014-03-08T01:16:12Z,0,134.8,16.0,134.8,16.0,134.8,14.9,141.1,14.7,109.2,0.414,104.2,0.233,99.2,0.131,94.2,0.0737,89.2,0.0414,84.2,0.0233,79.2,0.0131
3376,0.00035,-35.75,94.25,4257.0,2014-03-08T00:23:01Z,2014-03-08T00:53:46Z,4000000000.0,1961.4,250.97,2014-03-08T00:44:50Z,2014-03-08T01:16:13Z,0,134.9,16.0,134.9,16.0,134.9,14.9,141.1,14.7,109.2,0.414,104.2,0.233,99.2,0.131,94.2,0.0736,89.2,0.0414,84.2,0.0233,79.2,0.0131
3250,0.00035,-35.75,94.25,4257.0,2014-03-08T00:23:01Z,2014-03-08T00:53:46Z,4000000000.0,3498.6,224.76,2014-03-08T01:01:56Z,2014-03-08T01:33:35Z,1,137.4,16.0,137.4,16.0,137.4,14.9,143.6,14.7,106.7,0.26,101.7,0.146,96.7,0.0822,91.7,0.0462,86.7,0.026,81.7,0.0146,76.7,0.00822
3274,0.00035,-35.75,94.25,4257.0,2014-03-08T00:23:01Z,2014-03-08T00:53:46Z,4000000000.0,4131.4,259.1,2014-03-08T01:09:09Z,2014-03-08T01:40:36Z,0,138.1,16.0,138.1,16.0,138.1,14.9,144.4,14.7,106.0,0.226,101.0,0.127,96.0,0.0714,91.0,0.0401,86.0,0.0226,81.0,0.0127,76.0,0.00714
3275,0.00035,-35.75,94.25,4257.0,2014-03-08T00:23:01Z,2014-03-08T00:53:46Z,4000000000.0,4129.4,259.12,2014-03-08T01:09:08Z,2014-03-08T01:40:34Z,0,138.1,16.0,138.1,16.0,138.1,14.9,144.4,14.7,106.0,0.226,101.0,0.127,96.0,0.0714,91.0,0.0401,86.0,0.0226,81.0,0.0127,76.0,0.00714
H01W,0.0003,-35.75,94.75,4338.0,2014-03-08T00:21:34Z,2014-03-08T00:45:38Z,4000000000.0,1760.8,261.48,2014-03-08T00:41:12Z,2014-03-08T01:05:19Z,0,134.4,12.5,134.4,12.5,134.4,11.0,140.7,10.7,109.7,0.45,104.7,0.253,99.7,0.142,94.7,0.0799,89.7,0.045,84.7,0.0253,79.7,0.0142
H08S,0.0003,-35.75,94.75,4338.0,2014-03-08T00:21:34Z,2014-03-08T00:45:38Z,4000000000.0,3845.1,147.05,2014-03-08T01:04:28Z,2014-03-08T01:29:00Z,0,139.3,12.2,139.3,10.7,139.3,11.0,142.1,10.7,105.7,0.226,100.7,0.127,95.7,0.0714,90.7,0.0401,85.7,0.0226,80.7,0.0127,75.7,0.00714
3315,0.0003,-35.75,94.75,4338.0,2014-03-08T00:21:34Z,2014-03-08T00:45:38Z,4000000000.0,1917.8,251.69,2014-03-08T00:42:55Z,2014-03-08T01:07:03Z,0,134.8,16.0,134.8,16.0,134.8,14.9,141.0,14.7,109.3,0.421,104.3,0.237,99.3,0.133,94.3,0.0749,89.3,0.0421,84.3,0.0237,79.3,0.0133
3376,0.0003,-35.75,94.75,4338.0,2014-03-08T00:21:34Z,2014-03-08T00:45:38Z,4000000000.0,1919.8,251.61,2014-03-08T00:42:56Z,2014-03-08T01:07:04Z,0,134.8,16.0,134.8,16.0,134.8,14.9,141.0,14.7,109.3,0.421,104.3,0.237,99.3,0.133,94.3,0.0748,89.3,0.0421,84.3,0.0237,79.3,0.0133
3250,0.0003,-35.75,94.75,4338.0,2014-03-08T00:21:34Z,2014-03-08T00:45:38Z,4000000000.0,3454.7,224.72,2014-03-08T01:00:03Z,2014-03-08T01:24:20Z,1,137.3,16.0,137.3,16.0,137.3,14.9,143.6,14.7,106.7,0.263,101.7,0.148,96.7,0.083,91.7,0.0467,86.7,0.0263,81.7,0.0148,76.7,0.0083
3274,0.0003,-35.75,94.75,4338.0,2014-03-08T00:21:34Z,2014-03-08T00:45:38Z,4000000000.0,4096.6,259.61,2014-03-08T01:07:21Z,2014-03-08T01:31:45Z,0,138.0,16.0,138.0,16.0,138.0,14.9,144.3,14.7,106.0,0.227,101.0,0.128,96.0,0.0719,91.0,0.0404,86.0,0.0227,81.0,0.0128,76.0,0.00719
3275,0.0003,-35.75,94.75,4338.0,2014-03-08T00:21:34Z,2014-03-08T00:45:38Z,4000000000.0,4094.6,259.62,2014-03-08T01:07:20Z,2014-03-08T01:31:43Z,0,138.0,16.0,138.0,16.0,138.0,14.9,144.3,14.7,106.0,0.227,101.0,0.128,96.0,0.0719,91.0,0.0404,86.0,0.0227,81.0,0.0128,76.0,0.00719
H01W,0.0001,-35.25,87.75,3966.0,2014-03-08T00:23:36Z,2014-03-08T00:24:05Z,4000000000.0,2385.9,260.78,2014-03-08T00:50:14Z,2014-03-08T00:51:00Z,0,135.7,12.5,135.7,12.5,135.7,11.0,142.0,10.7,108.3,0.355,103.3,0.2,98.3,0.112,93.3,0.0632,88.3,0.0355,83.3,0.02,78.3,0.0112
H08S,0.0001,-35.25,87.75,3966.0,2014-03-08T00:23:36Z,2014-03-08T00:24:05Z,4000000000.0,3460.9,155.22,2014-03-08T01:02:15Z,2014-03-08T01:03:07Z,0,138.8,12.2,138.8,10.7,138.9,11.0,141.6,10.7,106.2,0.247,101.2,0.139,96.2,0.078,91.2,0.0439,86.2,0.0247,81.2,0.0139,76.2,0.0078
3315,0.0001,-35.25,87.75,3966.0,2014-03-08T00:23:36Z,2014-03-08T00:24:05Z,4000000000.0,2539.0,253.47,2014-03-08T00:51:57Z,2014-03-08T00:52:44Z,0,136.0,16.0,136.0,16.0,136.0,14.9,142.3,14.7,108.1,0.338,103.1,0.19,98.1,0.107,93.1,0.0601,88.1,0.0338,83.1,0.019,78.1,0.0107
3376,0.0001,-35.25,87.75,3966.0,2014-03-08T00:23:36Z,2014-03-08T00:24:05Z,4000000000.0,2540.9,253.41,2014-03-08T00:51:58Z,2014-03-08T00:52:45Z,0,136.0,16.0,136.0,16.0,136.0,14.9,142.3,14.7,108.1,0.338,103.1,0.19,98.1,0.107,93.1,0.0601,88.1,0.0338,83.1,0.019,78.1,0.0107
3250,0.0001,-35.25,87.75,3966.0,2014-03-08T00:23:36Z,2014-03-08T00:24:05Z,4000000000.0,3989.8,229.98,2014-03-08T01:08:09Z,2014-03-08T01:09:05Z,1,137.9,16.0,137.9,16.0,137.9,14.9,144.2,14.7,106.1,0.232,101.1,0.131,96.1,0.0735,91.1,0.0413,86.1,0.0232,81.1,0.0131,76.1,0.00735
3274,0.0001,-35.25,87.75,3966.0,2014-03-08T00:23:36Z,2014-03-08T00:24:05Z,4000000000.0,4694.9,256.93,2014-03-08T01:16:02Z,2014-03-08T01:17:02Z,0,138.6,16.0,138.6,16.0,138.6,14.9,144.9,14.7,105.4,0.202,100.4,0.114,95.4,0.0639,90.4,0.0359,85.4,0.0202,80.4,0.0114,75.4,0.00639
3275,0.0001,-35.25,87.75,3966.0,2014-03-08T00:23:36Z,2014-03-08T00:24:05Z,4000000000.0,4692.9,256.94,2014-03-08T01:16:01Z,2014-03-08T01:17:01Z,0,138.6,16.0,138.6,16.0,138.6,14.9,144.9,14.7,105.4,0.202,100.4,0.114,95.4,0.0639,90.4,0.036,85.4,0.0202,80.4,0.0114,75.4,0.00639
H01W,0.00045,-35.25,88.25,4013.0,2014-03-08T00:22:13Z,2014-03-08T00:54:36Z,4000000000.0,2341.5,261.28,2014-03-08T00:48:19Z,2014-03-08T01:21:00Z,0,135.6,12.5,135.6,12.5,135.6,11.0,141.9,10.7,108.4,0.361,103.4,0.203,98.4,0.114,93.4,0.0641,88.4,0.0361,83.4,0.0203,78.4,0.0114
H08S,0.00045,-35.25,88.25,4013.0,2014-03-08T00:22:13Z,2014-03-08T00:54:36Z,4000000000.0,3470.7,154.35,2014-03-08T01:00:54Z,2014-03-08T01:33:49Z,0,138.8,12.2,138.8,10.7,138.9,11.0,141.6,10.7,106.2,0.246,101.2,0.138,96.2,0.0778,91.2,0.0438,86.2,0.0246,81.2,0.0138,76.2,0.00778
3315,0.00045,-35.25,88.25,4013.0,2014-03-08T00:22:13Z,2014-03-08T00:54:36Z,4000000000.0,2493.4,253.79,2014-03-08T00:49:59Z,2014-03-08T01:22:43Z,0,135.9,16.0,135.9,16.0,135.9,14.9,142.2,14.7,108.1,0.343,103.1,0.193,98.1,0.108,93.1,0.061,88.1,0.0343,83.1,0.0193,78.1,0.0108
3376,0.00045,-35.25,88.25,4013.0,2014-03-08T00:22:13Z,2014-03-08T00:54:36Z,4000000000.0,2495.4,253.73,2014-03-08T00:50:00Z,2014-03-08T01:22:44Z,0,135.9,16.0,135.9,16.0,135.9,14.9,142.2,14.7,108.1,0.343,103.1,0.193,98.1,0.108,93.1,0.0609,88.1,0.0343,83.1,0.0193,78.1,0.0108
3250,0.00045,-35.25,88.25,4013.0,2014-03-08T00:22:13Z,2014-03-08T00:54:36Z,4000000000.0,3939.8,229.92,2014-03-08T01:06:07Z,2014-03-08T01:39:05Z,1,137.9,16.0,137.9,16.0,137.9,14.9,144.2,14.7,106.2,0.235,101.2,0.132,96.2,0.0743,91.2,0.0418,86.2,0.0235,81.2,0.0132,76.2,0.00743
3274,0.00045,-35.25,88.25,4013.0,2014-03-08T00:22:13Z,2014-03-08T00:54:36Z,4000000000.0,4656.1,257.35,2014-03-08T01:14:14Z,2014-03-08T01:47:05Z,0,138.6,16.0,138.6,16.0,138.6,14.9,144.9,14.7,105.4,0.204,100.4,0.114,95.4,0.0644,90.4,0.0362,85.4,0.0204,80.4,0.0114,75.4,0.00644
3275,0.00045,-35.25,88.25,4013.0,2014-03-08T00:22:13Z,2014-03-08T00:54:36Z,4000000000.0,4654.1,257.37,2014-03-08T01:14:13Z,2014-03-08T01:47:03Z,0,138.6,16.0,138.6,16.0,138.6,14.9,144.9,14.7,105.4,0.204,100.4,0.115,95.4,0.0644,90.4,0.0362,85.4,0.0204,80.4,0.0115,75.4,0.00644
H01W,0.0015,-35.25,88.75,4031.0,2014-03-08T00:20:06Z,2014-03-08T00:54:50Z,4000000000.0,2302.3,261.33,2014-03-08T00:46:05Z,2014-03-08T01:21:04Z,0,135.5,12.5,135.5,12.5,135.5,11.0,141.8,10.7,108.5,0.365,103.5,0.205,98.5,0.116,93.5,0.065,88.5,0.0365,83.5,0.0205,78.5,0.0116
H08S,0.0015,-35.25,88.75,4031.0,2014-03-08T00:20:06Z,2014-03-08T00:54:50Z,4000000000.0,3492.5,153.84,2014-03-08T00:59:06Z,2014-03-08T01:34:06Z,0,138.9,12.2,138.9,10.7,138.9,11.0,141.6,10.7,106.2,0.245,101.2,0.138,96.2,0.0774,91.2,0.0435,86.2,0.0245,81.2,0.0138,76.2,0.00774
3315,0.0015,-35.25,88.75,4031.0,2014-03-08T00:20:06Z,2014-03-08T00:54:50Z,4000000000.0,2452.0,253.75,2014-03-08T00:47:48Z,2014-03-08T01:22:46Z,0,135.8,16.0,135.8,16.0,135.8,14.9,142.1,14.7,108.2,0.348,103.2,0.195,98.2,0.11,93.2,0.0618,88.2,0.0348,83.2,0.0195,78.2,0.011
3376,0.0015,-35.25,88.75,4031.0,2014-03-08T00:20:06Z,2014-03-08T00:54:50Z,4000000000.0,2453.9,253.69,2014-03-08T00:47:49Z,2014-03-08T01:22:48Z,0,135.8,16.0,135.8,16.0,135.8,14.9,142.1,14.7,108.2,0.347,103.2,0.195,98.2,0.11,93.2,0.0618,88.2,0.0347,83.2,0.0195,78.2,0.011
3250,0.0015,-35.25,88.75,4031.0,2014-03-08T00:20:06Z,2014-03-08T00:54:50Z,4000000000.0,3906.0,229.62,2014-03-08T01:04:04Z,2014-03-08T01:39:09Z,1,137.8,16.0,137.8,16.0,137.8,14.9,144.1,14.7,106.2,0.237,101.2,0.133,96.2,0.0749,91.2,0.0421,86.2,0.0237,81.2,0.0133,76.2,0.00749
3274,0.0015,-35.25,88.75,4031.0,2014-03-08T00:20:06Z,2014-03-08T00:54:50Z,4000000000.0,4622.2,257.48,2014-03-08T01:11:55Z,2014-03-08T01:47:10Z,0,138.6,16.0,138.6,16.0,138.6,14.9,144.9,14.7,105.5,0.205,100.5,0.115,95.5,0.0648,90.5,0.0364,85.5,0.0205,80.5,0.0115,75.5,0.00648
3275,0.0015,-35.25,88.75,4031.0,2014-03-08T00:20:06Z,2014-03-08T00:54:50Z,4000000000.0,4620.2,257.5,2014-03-08T01:11:54Z,2014-03-08T01:47:09Z,0,138.6,16.0,138.6,16.0,138.6,14.9,144.9,14.7,105.5,0.205,100.5,0.115,95.5,0.0648,90.5,0.0364,85.5,0.0205,80.5,0.0115,75.5,0.00648
H01W,0.002,-35.25,89.25,3959.0,2014-03-08T00:20:17Z,2014-03-08T00:53:54Z,4000000000.0,2260.3,261.75,2014-03-08T00:45:38Z,2014-03-08T01:19:19Z,0,135.5,12.5,135.5,12.5,135.5,11.0,141.8,10.7,108.6,0.371,103.6,0.208,98.6,0.117,93.6,0.0659,88.6,0.0371,83.6,0.0208,78.6,0.0117
H08S,0.002,-35.25,89.25,3959.0,2014-03-08T00:20:17Z,2014-03-08T00:53:54Z,4000000000.0,3510.0,153.16,2014-03-08T00:59:21Z,2014-03-08T01:33:35Z,0,138.9,12.2,138.9,10.7,138.9,11.0,141.7,10.7,106.1,0.244,101.1,0.137,96.1,0.0771,91.1,0.0434,86.1,0.0244,81.1,0.0137,76.1,0.00771
3315,0.002,-35.25,89.25,3959.0,2014-03-08T00:20:17Z,2014-03-08T00:53:54Z,4000000000.0,2411.3,253.99,2014-03-08T00:47:17Z,2014-03-08T01:21:01Z,0,135.7,16.0,135.7,16.0,135.7,14.9,142.0,14.7,108.3,0.352,103.3,0.198,98.3,0.111,93.3,0.0626,88.3,0.0352,83.3,0.0198,78.3,0.0111
3376,0.002,-35.25,89.25,3959.0,2014-03-08T00:20:17Z,2014-03-08T00:53:54Z,4000000000.0,2413.3,253.93,2014-03-08T00:47:19Z,2014-03-08T01:21:03Z,0,135.8,16.0,135.8,16.0,135.8,14.9,142.0,14.7,108.3,0.352,103.3,0.198,98.3,0.111,93.3,0.0626,88.3,0.0352,83.3,0.0198,78.3,0.0111
3250,0.002,-35.25,89.25,3959.0,2014-03-08T00:20:17Z,2014-03-08T00:53:54Z,4000000000.0,3867.4,229.44,2014-03-08T01:03:29Z,2014-03-08T01:37:28Z,1,137.8,16.0,137.8,16.0,137.8,14.9,144.1,14.7,106.2,0.239,101.2,0.134,96.2,0.0755,91.2,0.0425,86.2,0.0239,81.2,0.0134,76.2,0.00755
3274,0.002,-35.25,89.25,3959.0,2014-03-08T00:20:17Z,2014-03-08T00:53:54Z,4000000000.0,4582.2,257.82,2014-03-08T01:11:35Z,2014-03-08T01:45:29Z,0,138.5,16.0,138.5,16.0,138.5,14.9,144.8,14.7,105.5,0.206,100.5,0.116,95.5,0.0653,90.5,0.0367,85.5,0.0206,80.5,0.0116,75.5,0.00653
3275,0.002,-35.25,89.25,3959.0,2014-03-08T00:20:17Z,2014-03-08T00:53:54Z,4000000000.0,4580.2,257.84,2014-03-08T01:11:34Z,2014-03-08T01:45:28Z,0,138.5,16.0,138.5,16.0,138.5,14.9,144.8,14.7,105.5,0.206,100.5,0.116,95.5,0.0653,90.5,0.0367,85.5,0.0206,80.5,0.0116,75.5,0.00653
H01W,0.00135,-35.25,89.75,3988.0,2014-03-08T00:19:41Z,2014-03-08T00:54:47Z,4000000000.0,2221.5,261.68,2014-03-08T00:44:20Z,2014-03-08T01:19:48Z,0,135.4,12.5,135.4,12.5,135.4,11.0,141.7,10.7,108.6,0.376,103.6,0.211,98.6,0.119,93.6,0.0668,88.6,0.0376,83.6,0.0211,78.6,0.0119
H08S,0.00135,-35.25,89.75,3988.0,2014-03-08T00:19:41Z,2014-03-08T00:54:47Z,4000000000.0,3533.0,152.64,2014-03-08T00:59:21Z,2014-03-08T01:34:44Z,0,138.9,12.2,138.9,10.7,139.0,11.0,141.7,10.7,106.1,0.242,101.1,0.136,96.1,0.0767,91.1,0.0431,86.1,0.0242,81.1,0.0136,76.1,0.00767
3315,0.00135,-35.25,89.75,3988.0,2014-03-08T00:19:41Z,2014-03-08T00:54:47Z,4000000000.0,2372.0,253.81,2014-03-08T00:46:02Z,2014-03-08T01:21:30Z,0,135.7,16.0,135.7,16.0,135.7,14.9,142.0,14.7,108.4,0.357,103.4,0.201,98.4,0.113,93.4,0.0635,88.4,0.0357,83.4,0.0201,78.4,0.0113
3376,0.00135,-35.25,89.75,3988.0,2014-03-08T00:19:41Z,2014-03-08T00:54:47Z,4000000000.0,2373.9,253.75,2014-03-08T00:46:03Z,2014-03-08T01:21:32Z,0,135.7,16.0,135.7,16.0,135.7,14.9,142.0,14.7,108.4,0.357,103.4,0.201,98.4,0.113,93.4,0.0634,88.4,0.0357,83.4,0.0201,78.4,0.0113
3250,0.00135,-35.25,89.75,3988.0,2014-03-08T00:19:41Z,2014-03-08T00:54:47Z,4000000000.0,3832.8,229.1,2014-03-08T01:02:24Z,2014-03-08T01:38:01Z,1,137.8,16.0,137.8,16.0,137.8,14.9,144.0,14.7,106.3,0.241,101.3,0.135,96.3,0.0761,91.3,0.0428,86.3,0.0241,81.3,0.0135,76.3,0.00761
3274,0.00135,-35.25,89.75,3988.0,2014-03-08T00:19:41Z,2014-03-08T00:54:47Z,4000000000.0,4545.4,257.96,2014-03-08T01:10:16Z,2014-03-08T01:45:59Z,0,138.5,16.0,138.5,16.0,138.5,14.9,144.8,14.7,105.5,0.208,100.5,0.117,95.5,0.0657,90.5,0.037,85.5,0.0208,80.5,0.0117,75.5,0.00657
3275,0.00135,-35.25,89.75,3988.0,2014-03-08T00:19:41Z,2014-03-08T00:54:47Z,4000000000.0,4543.4,257.97,2014-03-08T01:10:15Z,2014-03-08T01:45:57Z,0,138.5,16.0,138.5,16.0,138.5,14.9,144.8,14.7,105.5,0.208,100.5,0.117,95.5,0.0658,90.5,0.037,85.5,0.0208,80.5,0.0117,75.5,0.00658
H01W,0.00135,-35.25,90.25,3931.0,2014-03-08T00:20:06Z,2014-03-08T00:49:20Z,4000000000.0,2169.2,261.9,2014-03-08T00:44:15Z,2014-03-08T01:13:39Z,0,135.3,12.5,135.3,12.5,135.3,11.0,141.6,10.7,108.7,0.383,103.7,0.215,98.7,0.121,93.7,0.0681,88.7,0.0383,83.7,0.0215,78.7,0.0121
H08S,0.00135,-35.25,90.25,3931.0,2014-03-08T00:20:06Z,2014-03-08T00:49:20Z,4000000000.0,3558.7,151.81,2014-03-08T01:00:07Z,2014-03-08T01:29:29Z,0,138.9,12.2,138.9,10.7,139.0,11.0,141.7,10.7,106.1,0.241,101.1,0.136,96.1,0.0762,91.1,0.0429,86.1,0.0241,81.1,0.0136,76.1,0.00762
3315,0.00135,-35.25,90.25,3931.0,2014-03-08T00:20:06Z,2014-03-08T00:49:20Z,4000000000.0,2319.4,253.84,2014-03-08T00:45:57Z,2014-03-08T01:15:18Z,0,135.6,16.0,135.6,16.0,135.6,14.9,141.9,14.7,108.5,0.363,103.5,0.204,98.5,0.115,93.5,0.0646,88.5,0.0363,83.5,0.0204,78.5,0.0115
3376,0.00135,-35.25,90.25,3931.0,2014-03-08T00:20:06Z,2014-03-08T00:49:20Z,4000000000.0,2321.3,253.78,2014-03-08T00:45:58Z,2014-03-08T01:15:20Z,0,135.6,16.0,135.6,16.0,135.6,14.9,141.9,14.7,108.5,0.363,103.5,0.204,98.5,0.115,93.5,0.0646,88.5,0.0363,83.5,0.0204,78.5,0.0115
3250,0.00135,-35.25,90.25,3931.0,2014-03-08T00:20:06Z,2014-03-08T00:49:20Z,4000000000.0,3783.2,228.82,2014-03-08T01:02:25Z,2014-03-08T01:31:48Z,1,137.7,16.0,137.7,16.0,137.7,14.9,144.0,14.7,106.3,0.243,101.3,0.137,96.3,0.0769,91.3,0.0433,86.3,0.0243,81.3,0.0137,76.3,0.00769
3274,0.00135,-35.25,90.25,3931.0,2014-03-08T00:20:06Z,2014-03-08T00:49:20Z,4000000000.0,4495.6,258.22,2014-03-08T01:10:11Z,2014-03-08T01:39:56Z,0,138.5,16.0,138.5,16.0,138.5,14.9,144.7,14.7,105.6,0.21,100.6,0.118,95.6,0.0664,90.6,0.0373,85.6,0.021,80.6,0.0118,75.6,0.00664
3275,0.00135,-35.25,90.25,3931.0,2014-03-08T00:20:06Z,2014-03-08T00:49:20Z,4000000000.0,4493.6,258.23,2014-03-08T01:10:10Z,2014-03-08T01:39:55Z,0,138.5,16.0,138.5,16.0,138.5,14.9,144.7,14.7,105.6,0.21,100.6,0.118,95.6,0.0664,90.6,0.0373,85.6,0.021,80.6,0.0118,75.6,0.00664
H01W,0.001,-35.25,90.75,3912.0,2014-03-08T00:21:43Z,2014-03-08T00:54:32Z,4000000000.0,2123.1,261.9,2014-03-08T00:45:37Z,2014-03-08T01:18:29Z,0,135.2,12.5,135.2,12.5,135.2,11.0,141.5,10.7,108.8,0.389,103.8,0.219,98.8,0.123,93.8,0.0692,88.8,0.0389,83.8,0.0219,78.8,0.0123
H08S,0.001,-35.25,90.75,3912.0,2014-03-08T00:21:43Z,2014-03-08T00:54:32Z,4000000000.0,3590.4,151.28,2014-03-08T01:01:27Z,2014-03-08T01:34:55Z,0,139.0,12.2,139.0,10.7,139.0,11.0,141.8,10.7,106.0,0.239,101.0,0.135,96.0,0.0756,91.0,0.0425,86.0,0.0239,81.0,0.0135,76.0,0.00756
3315,0.001,-35.25,90.75,3912.0,2014-03-08T00:21:43Z,2014-03-08T00:54:32Z,4000000000.0,2273.3,253.67,2014-03-08T00:47:14Z,2014-03-08T01:20:08Z,0,135.5,16.0,135.5,16.0,135.5,14.9,141.8,14.7,108.5,0.369,103.5,0.208,98.5,0.117,93.5,0.0656,88.5,0.0369,83.5,0.0208,78.5,0.0117
3376,0.001,-35.25,90.75,3912.0,2014-03-08T00:21:43Z,2014-03-08T00:54:32Z,4000000000.0,2275.2,253.61,2014-03-08T00:47:15Z,2014-03-08T01:20:09Z,0,135.5,16.0,135.5,16.0,135.5,14.9,141.8,14.7,108.5,0.369,103.5,0.207,98.5,0.117,93.5,0.0656,88.5,0.0369,83.5,0.0207,78.5,0.0117
3250,0.001,-35.25,90.75,3912.0,2014-03-08T00:21:43Z,2014-03-08T00:54:32Z,4000000000.0,3745.2,228.37,2014-03-08T01:03:29Z,2014-03-08T01:36:40Z,1,137.7,16.0,137.7,16.0,137.7,14.9,143.9,14.7,106.4,0.245,101.4,0.138,96.4,0.0776,91.4,0.0436,86.4,0.0245,81.4,0.0138,76.4,0.00776
3274,0.001,-35.25,90.75,3912.0,2014-03-08T00:21:43Z,2014-03-08T00:54:32Z,4000000000.0,4454.6,258.39,2014-03-08T01:11:43Z,2014-03-08T01:44:46Z,0,138.4,16.0,138.4,16.0,138.4,14.9,144.7,14.7,105.6,0.212,100.6,0.119,95.6,0.0669,90.6,0.0376,85.6,0.0212,80.6,0.0119,75.6,0.00669
3275,0.001,-35.25,90.75,3912.0,2014-03-08T00:21:43Z,2014-03-08T00:54:32Z,4000000000.0,4452.6,258.41,2014-03-08T01:11:42Z,2014-03-08T01:44:45Z,0,138.4,16.0,138.4,16.0,138.4,14.9,144.7,14.7,105.6,0.212,100.6,0.119,95.6,0.0669,90.6,0.0376,85.6,0.0212,80.6,0.0119,75.6,0.00669
H01W,0.00165,-35.25,91.25,4024.0,2014-03-08T00:20:08Z,2014-03-08T00:54:23Z,4000000000.0,2084.4,262.01,2014-03-08T00:43:28Z,2014-03-08T01:17:37Z,0,135.1,12.5,135.1,12.5,135.1,11.0,141.4,10.7,108.9,0.395,103.9,0.222,98.9,0.125,93.9,0.0702,88.9,0.0395,83.9,0.0222,78.9,0.0125
H08S,0.00165,-35.25,91.25,4024.0,2014-03-08T00:20:08Z,2014-03-08T00:54:23Z,4000000000.0,3620.7,150.67,2014-03-08T01:00:26Z,2014-03-08T01:35:27Z,0,139.0,12.2,139.0,10.7,139.1,11.0,141.8,10.7,106.0,0.238,101.0,0.134,96.0,0.0751,91.0,0.0422,86.0,0.0238,81.0,0.0134,76.0,0.00751
3315,0.00165,-35.25,91.25,4024.0,2014-03-08T00:20:08Z,2014-03-08T00:54:23Z,4000000000.0,2232.6,253.59,2014-03-08T00:45:07Z,2014-03-08T01:19:20Z,0,135.4,16.0,135.4,16.0,135.4,14.9,141.7,14.7,108.6,0.374,103.6,0.211,98.6,0.118,93.6,0.0666,88.6,0.0374,83.6,0.0211,78.6,0.0118
3376,0.00165,-35.25,91.25,4024.0,2014-03-08T00:20:08Z,2014-03-08T00:54:23Z,4000000000.0,2234.5,253.53,2014-03-08T00:45:08Z,2014-03-08T01:19:21Z,0,135.4,16.0,135.4,16.0,135.4,14.9,141.7,14.7,108.6,0.374,103.6,0.21,98.6,0.118,93.6,0.0665,88.6,0.0374,83.6,0.021,78.6,0.0118
3250,0.00165,-35.25,91.25,4024.0,2014-03-08T00:20:08Z,2014-03-08T00:54:23Z,4000000000.0,3706.4,228.0,2014-03-08T01:01:34Z,2014-03-08T01:36:05Z,1,137.6,16.0,137.6,16.0,137.6,14.9,143.9,14.7,106.4,0.247,101.4,0.139,96.4,0.0783,91.4,0.044,86.4,0.0247,81.4,0.0139,76.4,0.00783
3274,0.00165,-35.25,91.25,4024.0,2014-03-08T00:20:08Z,2014-03-08T00:54:23Z,4000000000.0,4416.6,258.59,2014-03-08T01:09:31Z,2014-03-08T01:43:52Z,0,138.4,16.0,138.4,16.0,138.4,14.9,144.7,14.7,105.7,0.213,100.7,0.12,95.7,0.0674,90.7,0.0379,85.7,0.0213,80.7,0.012,75.7,0.00674
3275,0.00165,-35.25,91.25,4024.0,2014-03-08T00:20:08Z,2014-03-08T00:54:23Z,4000000000.0,4414.6,258.6,2014-03-08T01:09:29Z,2014-03-08T01:43:51Z,0,138.4,16.0,138.4,16.0,138.4,14.9,144.7,14.7,105.7,0.213,100.7,0.12,95.7,0.0674,90.7,0.0379,85.7,0.0213,80.7,0.012,75.7,0.00674
H01W,0.00095,-35.25,91.75,4013.0,2014-03-08T00:24:31Z,2014-03-08T00:53:41Z,4000000000.0,2043.1,262.3,2014-03-08T00:47:12Z,2014-03-08T01:16:39Z,0,135.0,12.5,135.0,12.5,135.0,11.0,141.3,10.7,109.0,0.401,104.0,0.226,99.0,0.127,94.0,0.0713,89.0,0.0401,84.0,0.0226,79.0,0.0127
H08S,0.00095,-35.25,91.75,4013.0,2014-03-08T00:24:31Z,2014-03-08T00:53:41Z,4000000000.0,3637.8,149.98,2014-03-08T01:05:09Z,2014-03-08T01:34:34Z,0,139.0,12.2,139.0,10.7,139.1,11.0,141.8,10.7,106.0,0.237,101.0,0.133,96.0,0.0748,91.0,0.0421,86.0,0.0237,81.0,0.0133,76.0,0.00748
3315,0.00095,-35.25,91.75,4013.0,2014-03-08T00:24:31Z,2014-03-08T00:53:41Z,4000000000.0,2189.7,253.7,2014-03-08T00:48:50Z,2014-03-08T01:18:18Z,0,135.3,16.0,135.3,16.0,135.3,14.9,141.6,14.7,108.7,0.38,103.7,0.214,98.7,0.12,93.7,0.0676,88.7,0.038,83.7,0.0214,78.7,0.012
3376,0.00095,-35.25,91.75,4013.0,2014-03-08T00:24:31Z,2014-03-08T00:53:41Z,4000000000.0,2191.6,253.63,2014-03-08T00:48:52Z,2014-03-08T01:18:19Z,0,135.3,16.0,135.3,16.0,135.3,14.9,141.6,14.7,108.7,0.38,103.7,0.214,98.7,0.12,93.7,0.0675,88.7,0.038,83.7,0.0214,78.7,0.012
3250,0.00095,-35.25,91.75,4013.0,2014-03-08T00:24:31Z,2014-03-08T00:53:41Z,4000000000.0,3664.7,227.78,2014-03-08T01:05:20Z,2014-03-08T01:34:54Z,1,137.6,16.0,137.6,16.0,137.6,14.9,143.8,14.7,106.5,0.25,101.5,0.141,96.5,0.079,91.5,0.0444,86.5,0.025,81.5,0.0141,76.5,0.0079
3274,0.00095,-35.25,91.75,4013.0,2014-03-08T00:24:31Z,2014-03-08T00:53:41Z,4000000000.0,4376.2,258.96,2014-03-08T01:13:18Z,2014-03-08T01:43:02Z,0,138.3,16.0,138.3,16.0,138.3,14.9,144.6,14.7,105.7,0.215,100.7,0.121,95.7,0.0679,90.7,0.0382,85.7,0.0215,80.7,0.0121,75.7,0.00679
3275,0.00095,-35.25,91.75,4013.0,2014-03-08T00:24:31Z,2014-03-08T00:53:41Z,4000000000.0,4374.2,258.98,2014-03-08T01:13:17Z,2014-03-08T01:43:00Z,0,138.3,16.0,138.3,16.0,138.3,14.9,144.6,14.7,105.7,0.215,100.7,0.121,95.7,0.0679,90.7,0.0382,85.7,0.0215,80.7,0.0121,75.7,0.00679
H01W,0.001,-35.25,92.25,3999.0,2014-03-08T00:21:05Z,2014-03-08T00:54:12Z,4000000000.0,1995.3,262.26,2014-03-08T00:43:23Z,2014-03-08T01:16:36Z,0,134.9,12.5,134.9,12.5,134.9,11.0,141.2,10.7,109.1,0.409,104.1,0.23,99.1,0.129,94.1,0.0727,89.1,0.0409,84.1,0.023,79.1,0.0129
H08S,0.001,-35.25,92.25,3999.0,2014-03-08T00:21:05Z,2014-03-08T00:54:12Z,4000000000.0,3670.5,149.5,2014-03-08T01:02:13Z,2014-03-08T01:35:39Z,1,139.1,12.2,139.1,10.7,139.1,11.0,141.9,10.7,105.9,0.235,100.9,0.132,95.9,0.0743,90.9,0.0418,85.9,0.0235,80.9,0.0132,75.9,0.00743
3315,0.001,-35.25,92.25,3999.0,2014-03-08T00:21:05Z,2014-03-08T00:54:12Z,4000000000.0,2144.2,253.45,2014-03-08T00:45:05Z,2014-03-08T01:18:17Z,0,135.2,16.0,135.2,16.0,135.2,14.9,141.5,14.7,108.8,0.386,103.8,0.217,98.8,0.122,93.8,0.0687,88.8,0.0386,83.8,0.0217,78.8,0.0122
3376,0.001,-35.25,92.25,3999.0,2014-03-08T00:21:05Z,2014-03-08T00:54:12Z,4000000000.0,2146.1,253.38,2014-03-08T00:45:06Z,2014-03-08T01:18:18Z,0,135.2,16.0,135.2,16.0,135.2,14.9,141.5,14.7,108.8,0.386,103.8,0.217,98.8,0.122,93.8,0.0687,88.8,0.0386,83.8,0.0217,78.8,0.0122
3250,0.001,-35.25,92.25,3999.0,2014-03-08T00:21:05Z,2014-03-08T00:54:12Z,4000000000.0,3629.3,227.3,2014-03-08T01:01:47Z,2014-03-08T01:35:04Z,1,137.5,16.0,137.5,16.0,137.5,14.9,143.8,14.7,106.5,0.252,101.5,0.142,96.5,0.0797,91.5,0.0448,86.5,0.0252,81.5,0.0142,76.5,0.00797
3274,0.001,-35.25,92.25,3999.0,2014-03-08T00:21:05Z,2014-03-08T00:54:12Z,4000000000.0,4329.7,259.06,2014-03-08T01:09:25Z,2014-03-08T01:42:56Z,0,138.3,16.0,138.3,16.0,138.3,14.9,144.6,14.7,105.7,0.217,100.7,0.122,95.7,0.0685,90.7,0.0385,85.7,0.0217,80.7,0.0122,75.7,0.00685
3275,0.001,-35.25,92.25,3999.0,2014-03-08T00:21:05Z,2014-03-08T00:54:12Z,4000000000.0,4327.7,259.07,2014-03-08T01:09:24Z,2014-03-08T01:42:55Z,0,138.3,16.0,138.3,16.0,138.3,14.9,144.6,14.7,105.7,0.217,100.7,0.122,95.7,0.0686,90.7,0.0386,85.7,0.0217,80.7,0.0122,75.7,0.00686
H01W,0.0009,-35.25,92.75,4103.0,2014-03-08T00:31:57Z,2014-03-08T00:54:49Z,4000000000.0,1951.0,262.62,2014-03-08T00:53:47Z,2014-03-08T01:16:48Z,0,134.8,12.5,134.8,12.5,134.8,11.0,141.1,10.7,109.2,0.416,104.2,0.234,99.2,0.131,94.2,0.0739,89.2,0.0416,84.2,0.0234,79.2,0.0131
H08S,0.0009,-35.25,92.75,4103.0,2014-03-08T00:31:57Z,2014-03-08T00:54:49Z,4000000000.0,3692.9,148.86,2014-03-08T01:13:08Z,2014-03-08T01:36:15Z,0,139.1,12.2,139.1,10.7,139.2,11.0,141.9,10.7,105.9,0.234,100.9,0.131,95.9,0.0739,90.9,0.0415,85.9,0.0234,80.9,0.0131,75.9,0.00739
3315,0.0009,-35.25,92.75,4103.0,2014-03-08T00:31:57Z,2014-03-08T00:54:49Z,4000000000.0,2097.5,253.64,2014-03-08T00:55:26Z,2014-03-08T01:18:25Z,0,135.1,16.0,135.1,16.0,135.1,14.9,141.4,14.7,108.9,0.393,103.9,0.221,98.9,0.124,93.9,0.0699,88.9,0.0393,83.9,0.0221,78.9,0.0124
3376,0.0009,-35.25,92.75,4103.0,2014-03-08T00:31:57Z,2014-03-08T00:54:49Z,4000000000.0,2099.5,253.57,2014-03-08T00:55:27Z,2014-03-08T01:18:27Z,0,135.1,16.0,135.1,16.0,135.1,14.9,141.4,14.7,108.9,0.393,103.9,0.221,98.9,0.124,93.9,0.0698,88.9,0.0393,83.9,0.0221,78.9,0.0124
3250,0.0009,-35.25,92.75,4103.0,2014-03-08T00:31:57Z,2014-03-08T00:54:49Z,4000000000.0,3587.8,227.05,2014-03-08T01:12:04Z,2014-03-08T01:35:06Z,1,137.5,16.0,137.5,16.0,137.5,14.9,143.8,14.7,106.6,0.254,101.6,0.143,96.6,0.0804,91.6,0.0452,86.6,0.0254,81.6,0.0143,76.6,0.00804
3274,0.0009,-35.25,92.75,4103.0,2014-03-08T00:31:57Z,2014-03-08T00:54:49Z,4000000000.0,4294.0,259.35,2014-03-08T01:19:55Z,2014-03-08T01:43:16Z,0,138.3,16.0,138.3,16.0,138.3,14.9,144.5,14.7,105.8,0.218,100.8,0.123,95.8,0.069,90.8,0.0388,85.8,0.0218,80.8,0.0123,75.8,0.0069
3275,0.0009,-35.25,92.75,4103.0,2014-03-08T00:31:57Z,2014-03-08T00:54:49Z,4000000000.0,4292.0,259.36,2014-03-08T01:19:54Z,2014-03-08T01:43:15Z,0,138.3,16.0,138.3,16.0,138.3,14.9,144.5,14.7,105.8,0.218,100.8,0.123,95.8,0.0691,90.8,0.0388,85.8,0.0218,80.8,0.0123,75.8,0.00691
H01W,0.00035,-35.25,93.25,4293.0,2014-03-08T00:19:38Z,2014-03-08T00:53:11Z,4000000000.0,1911.5,262.36,2014-03-08T00:40:59Z,2014-03-08T01:14:51Z,0,134.7,12.5,134.7,12.5,134.7,11.0,141.0,10.7,109.3,0.422,104.3,0.237,99.3,0.134,94.3,0.0751,89.3,0.0422,84.3,0.0237,79.3,0.0134
H08S,0.00035,-35.25,93.25,4293.0,2014-03-08T00:19:38Z,2014-03-08T00:53:11Z,4000000000.0,3724.2,148.61,2014-03-08T01:01:20Z,2014-03-08T01:35:05Z,0,139.1,12.2,139.1,10.7,139.2,11.0,141.9,10.7,105.9,0.232,100.9,0.13,95.9,0.0733,90.9,0.0412,85.9,0.0232,80.9,0.013,75.9,0.00733
3315,0.00035,-35.25,93.25,4293.0,2014-03-08T00:19:38Z,2014-03-08T00:53:11Z,4000000000.0,2060.5,253.25,2014-03-08T00:42:40Z,2014-03-08T01:16:33Z,0,135.1,16.0,135.1,16.0,135.1,14.9,141.3,14.7,109.0,0.399,104.0,0.224,99.0,0.126,94.0,0.0709,89.0,0.0399,84.0,0.0224,79.0,0.0126
3376,0.00035,-35.25,93.25,4293.0,2014-03-08T00:19:38Z,2014-03-08T00:53:11Z,4000000000.0,2062.5,253.18,2014-03-08T00:42:42Z,2014-03-08T01:16:34Z,0,135.1,16.0,135.1,16.0,135.1,14.9,141.4,14.7,109.0,0.398,104.0,0.224,99.0,0.126,94.0,0.0708,89.0,0.0398,84.0,0.0224,79.0,0.0126
3250,0.00035,-35.25,93.25,4293.0,2014-03-08T00:19:38Z,2014-03-08T00:53:11Z,4000000000.0,3566.6,226.53,2014-03-08T00:59:30Z,2014-03-08T01:33:26Z,1,137.4,16.0,137.4,16.0,137.4,14.9,143.7,14.7,106.6,0.256,101.6,0.144,96.6,0.0808,91.6,0.0455,86.6,0.0256,81.6,0.0144,76.6,0.00808
3274,0.00035,-35.25,93.25,4293.0,2014-03-08T00:19:38Z,2014-03-08T00:53:11Z,4000000000.0,4247.3,259.35,2014-03-08T01:07:04Z,2014-03-08T01:41:14Z,0,138.2,16.0,138.2,16.0,138.2,14.9,144.5,14.7,105.8,0.22,100.8,0.124,95.8,0.0697,90.8,0.0392,85.8,0.022,80.8,0.0124,75.8,0.00697
3275,0.00035,-35.25,93.25,4293.0,2014-03-08T00:19:38Z,2014-03-08T00:53:11Z,4000000000.0,4245.3,259.36,2014-03-08T01:07:03Z,2014-03-08T01:41:12Z,0,138.2,16.0,138.2,16.0,138.2,14.9,144.5,14.7,105.8,0.22,100.8,0.124,95.8,0.0697,90.8,0.0392,85.8,0.022,80.8,0.0124,75.8,0.00697
H01W,0.0002,-35.25,93.75,4370.0,2014-03-08T00:21:27Z,2014-03-08T00:26:38Z,4000000000.0,1862.9,262.72,2014-03-08T00:42:25Z,2014-03-08T00:47:25Z,0,134.6,12.5,134.6,12.5,134.6,11.0,140.9,10.7,109.4,0.431,104.4,0.242,99.4,0.136,94.4,0.0766,89.4,0.0431,84.4,0.0242,79.4,0.0136
H08S,0.0002,-35.25,93.75,4370.0,2014-03-08T00:21:27Z,2014-03-08T00:26:38Z,4000000000.0,3754.4,147.86,2014-03-08T01:03:09Z,2014-03-08T01:08:59Z,0,139.2,12.2,139.2,10.7,139.2,11.0,142.0,10.7,105.8,0.23,100.8,0.13,95.8,0.0728,90.8,0.041,85.8,0.023,80.8,0.013,75.8,0.00728
3315,0.0002,-35.25,93.75,4370.0,2014-03-08T00:21:27Z,2014-03-08T00:26:38Z,4000000000.0,2012.8,253.33,2014-03-08T00:44:04Z,2014-03-08T00:49:05Z,0,135.0,16.0,135.0,16.0,135.0,14.9,141.2,14.7,109.1,0.406,104.1,0.228,99.1,0.128,94.1,0.0722,89.1,0.0406,84.1,0.0228,79.1,0.0128
3376,0.0002,-35.25,93.75,4370.0,2014-03-08T00:21:27Z,2014-03-08T00:26:38Z,4000000000.0,2014.8,253.26,2014-03-08T00:44:05Z,2014-03-08T00:49:06Z,0,135.0,16.0,135.0,16.0,135.0,14.9,141.3,14.7,109.1,0.406,104.1,0.228,99.1,0.128,94.1,0.0721,89.1,0.0406,84.1,0.0228,79.1,0.0128
3250,0.0002,-35.25,93.75,4370.0,2014-03-08T00:21:27Z,2014-03-08T00:26:38Z,4000000000.0,3519.0,226.17,2014-03-08T01:00:48Z,2014-03-08T01:06:01Z,1,137.4,16.0,137.4,16.0,137.4,14.9,143.7,14.7,106.6,0.259,101.6,0.145,96.6,0.0818,91.6,0.046,86.6,0.0259,81.6,0.0145,76.6,0.00818
3274,0.0002,-35.25,93.75,4370.0,2014-03-08T00:21:27Z,2014-03-08T00:26:38Z,4000000000.0,4204.4,259.72,2014-03-08T01:08:37Z,2014-03-08T01:13:54Z,0,138.2,16.0,138.2,16.0,138.2,14.9,144.4,14.7,105.9,0.222,100.9,0.125,95.9,0.0703,90.9,0.0395,85.9,0.0222,80.9,0.0125,75.9,0.00703
3275,0.0002,-35.25,93.75,4370.0,2014-03-08T00:21:27Z,2014-03-08T00:26:38Z,4000000000.0,4202.4,259.74,2014-03-08T01:08:36Z,2014-03-08T01:13:52Z,0,138.2,16.0,138.2,16.0,138.2,14.9,144.4,14.7,105.9,0.222,100.9,0.125,95.9,0.0703,90.9,0.0395,85.9,0.0222,80.9,0.0125,75.9,0.00703
H01W,5e-05,-35.25,94.25,4297.0,2014-03-08T00:25:13Z,2014-03-08T00:25:13Z,4000000000.0,1827.1,262.23,2014-03-08T00:45:37Z,2014-03-08T00:45:49Z,0,134.5,12.5,134.5,12.5,134.5,11.0,140.8,10.7,109.5,0.437,104.5,0.246,99.5,0.138,94.5,0.0777,89.5,0.0437,84.5,0.0246,79.5,0.0138
H08S,5e-05,-35.25,94.25,4297.0,2014-03-08T00:25:13Z,2014-03-08T00:25:13Z,4000000000.0,3785.8,147.57,2014-03-08T01:07:30Z,2014-03-08T01:07:54Z,0,139.2,12.2,139.2,10.7,139.3,11.0,142.0,10.7,105.8,0.229,100.8,0.129,95.8,0.0723,90.8,0.0407,85.8,0.0229,80.8,0.0129,75.8,0.00723
3315,5e-05,-35.25,94.25,4297.0,2014-03-08T00:25:13Z,2014-03-08T00:25:13Z,4000000000.0,1978.5,252.69,2014-03-08T00:47:19Z,2014-03-08T00:47:31Z,0,134.9,16.0,134.9,16.0,134.9,14.9,141.2,14.7,109.1,0.411,104.1,0.231,99.1,0.13,94.1,0.0731,89.1,0.0411,84.1,0.0231,79.1,0.013
3376,5e-05,-35.25,94.25,4297.0,2014-03-08T00:25:13Z,2014-03-08T00:25:13Z,4000000000.0,1980.5,252.62,2014-03-08T00:47:20Z,2014-03-08T00:47:33Z,0,134.9,16.0,134.9,16.0,134.9,14.9,141.2,14.7,109.1,0.411,104.1,0.231,99.1,0.13,94.1,0.0731,89.1,0.0411,84.1,0.0231,79.1,0.013
3250,5e-05,-35.25,94.25,4297.0,2014-03-08T00:25:13Z,2014-03-08T00:25:13Z,4000000000.0,3495.4,225.66,2014-03-08T01:04:16Z,2014-03-08T01:04:38Z,1,137.4,16.0,137.4,16.0,137.4,14.9,143.6,14.7,106.7,0.26,101.7,0.146,96.7,0.0822,91.7,0.0462,86.7,0.026,81.7,0.0146,76.7,0.00822
3274,5e-05,-35.25,94.25,4297.0,2014-03-08T00:25:13Z,2014-03-08T00:25:13Z,4000000000.0,4168.1,259.65,2014-03-08T01:11:47Z,2014-03-08T01:12:13Z,0,138.1,16.0,138.1,16.0,138.1,14.9,144.4,14.7,105.9,0.224,100.9,0.126,95.9,0.0708,90.9,0.0398,85.9,0.0224,80.9,0.0126,75.9,0.00708
3275,5e-05,-35.25,94.25,4297.0,2014-03-08T00:25:13Z,2014-03-08T00:25:13Z,4000000000.0,4166.1,259.67,2014-03-08T01:11:45Z,2014-03-08T01:12:12Z,0,138.1,16.0,138.1,16.0,138.1,14.9,144.4,14.7,105.9,0.224,100.9,0.126,95.9,0.0709,90.9,0.0398,85.9,0.0224,80.9,0.0126,75.9,0.00709
H01W,5e-05,-35.25,94.75,4251.0,2014-03-08T00:48:55Z,2014-03-08T00:48:55Z,4000000000.0,1775.3,263.91,2014-03-08T01:08:45Z,2014-03-08T01:08:57Z,0,134.4,12.5,134.4,12.5,134.4,11.0,140.7,10.7,109.6,0.447,104.6,0.251,99.6,0.141,94.6,0.0795,89.6,0.0447,84.6,0.0251,79.6,0.0141
H08S,5e-05,-35.25,94.75,4251.0,2014-03-08T00:48:55Z,2014-03-08T00:48:55Z,4000000000.0,3786.6,146.39,2014-03-08T01:31:13Z,2014-03-08T01:31:37Z,0,139.2,12.2,139.2,10.7,139.3,11.0,142.0,10.7,105.8,0.229,100.8,0.129,95.8,0.0723,90.8,0.0407,85.8,0.0229,80.8,0.0129,75.8,0.00723
3315,5e-05,-35.25,94.75,4251.0,2014-03-08T00:48:55Z,2014-03-08T00:48:55Z,4000000000.0,1918.7,253.96,2014-03-08T01:10:21Z,2014-03-08T01:10:34Z,0,134.8,16.0,134.8,16.0,134.8,14.9,141.0,14.7,109.3,0.421,104.3,0.237,99.3,0.133,94.3,0.0749,89.3,0.0421,84.3,0.0237,79.3,0.0133
3376,5e-05,-35.25,94.75,4251.0,2014-03-08T00:48:55Z,2014-03-08T00:48:55Z,4000000000.0,1920.6,253.89,2014-03-08T01:10:23Z,2014-03-08T01:10:35Z,0,134.8,16.0,134.8,16.0,134.8,14.9,141.0,14.7,109.3,0.421,104.3,0.237,99.3,0.133,94.3,0.0748,89.3,0.0421,84.3,0.0237,79.3,0.0133
3250,5e-05,-35.25,94.75,4251.0,2014-03-08T00:48:55Z,2014-03-08T00:48:55Z,4000000000.0,3422.7,225.85,2014-03-08T01:27:09Z,2014-03-08T01:27:31Z,1,137.3,16.0,137.3,16.0,137.3,14.9,143.6,14.7,106.8,0.265,101.8,0.149,96.8,0.0837,91.8,0.0471,86.8,0.0265,81.8,0.0149,76.8,0.00837
3274,5e-05,-35.25,94.75,4251.0,2014-03-08T00:48:55Z,2014-03-08T00:48:55Z,4000000000.0,4131.4,260.6,2014-03-08T01:35:04Z,2014-03-08T01:35:31Z,0,138.1,16.0,138.1,16.0,138.1,14.9,144.4,14.7,106.0,0.226,101.0,0.127,96.0,0.0714,91.0,0.0401,86.0,0.0226,81.0,0.0127,76.0,0.00714
3275,5e-05,-35.25,94.75,4251.0,2014-03-08T00:48:55Z,2014-03-08T00:48:55Z,4000000000.0,4129.4,260.61,2014-03-08T01:35:03Z,2014-03-08T01:35:29Z,0,138.1,16.0,138.1,16.0,138.1,14.9,144.4,14.7,106.0,0.226,101.0,0.127,96.0,0.0714,91.0,0.0401,86.0,0.0226,81.0,0.0127,76.0,0.00714
H01W,5e-05,-35.25,95.25,4406.0,2014-03-08T00:36:34Z,2014-03-08T00:36:34Z,4000000000.0,1728.7,262.47,2014-03-08T00:55:53Z,2014-03-08T00:56:04Z,0,134.3,12.5,134.3,12.5,134.3,11.0,140.6,10.7,109.7,0.456,104.7,0.256,99.7,0.144,94.7,0.0811,89.7,0.0456,84.7,0.0256,79.7,0.0144
H08S,5e-05,-35.25,95.25,4406.0,2014-03-08T00:36:34Z,2014-03-08T00:36:34Z,4000000000.0,3850.3,146.38,2014-03-08T01:19:35Z,2014-03-08T01:19:59Z,0,139.3,12.2,139.3,10.7,139.3,11.0,142.1,10.7,105.7,0.225,100.7,0.127,95.7,0.0713,90.7,0.0401,85.7,0.0225,80.7,0.0127,75.7,0.00713
3315,5e-05,-35.25,95.25,4406.0,2014-03-08T00:36:34Z,2014-03-08T00:36:34Z,4000000000.0,1880.3,252.41,2014-03-08T00:57:35Z,2014-03-08T00:57:47Z,0,134.7,16.0,134.7,16.0,134.7,14.9,141.0,14.7,109.4,0.428,104.4,0.24,99.4,0.135,94.4,0.0761,89.4,0.0428,84.4,0.024,79.4,0.0135
3376,5e-05,-35.25,95.25,4406.0,2014-03-08T00:36:34Z,2014-03-08T00:36:34Z,4000000000.0,1882.3,252.33,2014-03-08T00:57:36Z,2014-03-08T00:57:48Z,0,134.7,16.0,134.7,16.0,134.7,14.9,141.0,14.7,109.4,0.427,104.4,0.24,99.4,0.135,94.4,0.076,89.4,0.0427,84.4,0.024,79.4,0.0135
3250,5e-05,-35.25,95.25,4406.0,2014-03-08T00:36:34Z,2014-03-08T00:36:34Z,4000000000.0,3412.1,224.74,2014-03-08T01:14:41Z,2014-03-08T01:15:03Z,1,137.3,16.0,137.3,16.0,137.3,14.9,143.5,14.7,106.8,0.265,101.8,0.149,96.8,0.0839,91.8,0.0472,86.8,0.0265,81.8,0.0149,76.8,0.00839
3274,5e-05,-35.25,95.25,4406.0,2014-03-08T00:36:34Z,2014-03-08T00:36:34Z,4000000000.0,4075.2,260.15,2014-03-08T01:22:06Z,2014-03-08T01:22:32Z,0,138.0,16.0,138.0,16.0,138.0,14.9,144.3,14.7,106.0,0.228,101.0,0.128,96.0,0.0722,91.0,0.0406,86.0,0.0228,81.0,0.0128,76.0,0.00722
3275,5e-05,-35.25,95.25,4406.0,2014-03-08T00:36:34Z,2014-03-08T00:36:34Z,4000000000.0,4073.2,260.16,2014-03-08T01:22:04Z,2014-03-08T01:22:30Z,0,138.0,16.0,138.0,16.0,138.0,14.9,144.3,14.7,106.0,0.228,101.0,0.128,96.0,0.0722,91.0,0.0406,86.0,0.0228,81.0,0.0128,76.0,0.00722
H01W,0.00015,-34.75,88.75,4100.0,2014-03-08T00:32:32Z,2014-03-08T00:52:46Z,4000000000.0,2300.3,262.58,2014-03-08T00:58:13Z,2014-03-08T01:18:47Z,0,135.5,12.5,135.5,12.5,135.5,11.0,141.8,10.7,108.5,0.366,103.5,0.206,98.5,0.116,93.5,0.065,88.5,0.0366,83.5,0.0206,78.5,0.0116
H08S,0.00015,-34.75,88.75,4100.0,2014-03-08T00:32:32Z,2014-03-08T00:52:46Z,4000000000.0,3457.6,153.31,2014-03-08T01:11:09Z,2014-03-08T01:31:41Z,0,138.8,12.2,138.8,10.7,138.9,11.0,141.6,10.7,106.2,0.247,101.2,0.139,96.2,0.0781,91.2,0.0439,86.2,0.0247,81.2,0.0139,76.2,0.00781
3315,0.00015,-34.75,88.75,4100.0,2014-03-08T00:32:32Z,2014-03-08T00:52:46Z,4000000000.0,2445.0,254.89,2014-03-08T00:59:50Z,2014-03-08T01:20:25Z,0,135.8,16.0,135.8,16.0,135.8,14.9,142.1,14.7,108.2,0.348,103.2,0.196,98.2,0.11,93.2,0.0619,88.2,0.0348,83.2,0.0196,78.2,0.011
3376,0.00015,-34.75,88.75,4100.0,2014-03-08T00:32:32Z,2014-03-08T00:52:46Z,4000000000.0,2446.9,254.83,2014-03-08T00:59:51Z,2014-03-08T01:20:26Z,0,135.8,16.0,135.8,16.0,135.8,14.9,142.1,14.7,108.2,0.348,103.2,0.196,98.2,0.11,93.2,0.0619,88.2,0.0348,83.2,0.0196,78.2,0.011
3250,0.00015,-34.75,88.75,4100.0,2014-03-08T00:32:32Z,2014-03-08T00:52:46Z,4000000000.0,3880.7,230.23,2014-03-08T01:15:52Z,2014-03-08T01:36:34Z,1,137.8,16.0,137.8,16.0,137.8,14.9,144.1,14.7,106.2,0.238,101.2,0.134,96.2,0.0753,91.2,0.0423,86.2,0.0238,81.2,0.0134,76.2,0.00753
3274,0.00015,-34.75,88.75,4100.0,2014-03-08T00:32:32Z,2014-03-08T00:52:46Z,4000000000.0,4629.4,258.15,2014-03-08T01:24:14Z,2014-03-08T01:45:04Z,0,138.6,16.0,138.6,16.0,138.6,14.9,144.9,14.7,105.5,0.205,100.5,0.115,95.5,0.0647,90.5,0.0364,85.5,0.0205,80.5,0.0115,75.5,0.00647
3275,0.00015,-34.75,88.75,4100.0,2014-03-08T00:32:32Z,2014-03-08T00:52:46Z,4000000000.0,4627.4,258.17,2014-03-08T01:24:13Z,2014-03-08T01:45:02Z,0,138.6,16.0,138.6,16.0,138.6,14.9,144.9,14.7,105.5,0.205,100.5,0.115,95.5,0.0647,90.5,0.0364,85.5,0.0205,80.5,0.0115,75.5,0.00647
H01W,0.0001,-34.75,89.25,3996.0,2014-03-08T00:25:47Z,2014-03-08T00:42:56Z,4000000000.0,2266.8,262.64,2014-03-08T00:51:05Z,2014-03-08T01:08:32Z,0,135.5,12.5,135.5,12.5,135.5,11.0,141.8,10.7,108.6,0.37,103.6,0.208,98.6,0.117,93.6,0.0658,88.6,0.037,83.6,0.0208,78.6,0.0117
H08S,0.0001,-34.75,89.25,3996.0,2014-03-08T00:25:47Z,2014-03-08T00:42:56Z,4000000000.0,3477.6,152.81,2014-03-08T01:04:39Z,2014-03-08T01:22:09Z,0,138.8,12.2,138.8,10.7,138.9,11.0,141.6,10.7,106.2,0.246,101.2,0.138,96.2,0.0777,91.2,0.0437,86.2,0.0246,81.2,0.0138,76.2,0.00777
3315,0.0001,-34.75,89.25,3996.0,2014-03-08T00:25:47Z,2014-03-08T00:42:56Z,4000000000.0,2411.1,254.83,2014-03-08T00:52:42Z,2014-03-08T01:10:09Z,0,135.7,16.0,135.7,16.0,135.7,14.9,142.0,14.7,108.3,0.352,103.3,0.198,98.3,0.111,93.3,0.0626,88.3,0.0352,83.3,0.0198,78.3,0.0111
3376,0.0001,-34.75,89.25,3996.0,2014-03-08T00:25:47Z,2014-03-08T00:42:56Z,4000000000.0,2413.0,254.77,2014-03-08T00:52:43Z,2014-03-08T01:10:11Z,0,135.8,16.0,135.8,16.0,135.8,14.9,142.0,14.7,108.3,0.352,103.3,0.198,98.3,0.111,93.3,0.0626,88.3,0.0352,83.3,0.0198,78.3,0.0111
3250,0.0001,-34.75,89.25,3996.0,2014-03-08T00:25:47Z,2014-03-08T00:42:56Z,4000000000.0,3849.7,229.97,2014-03-08T01:08:46Z,2014-03-08T01:26:23Z,1,137.8,16.0,137.8,16.0,137.8,14.9,144.1,14.7,106.3,0.24,101.3,0.135,96.3,0.0758,91.3,0.0426,86.3,0.024,81.3,0.0135,76.3,0.00758
3274,0.0001,-34.75,89.25,3996.0,2014-03-08T00:25:47Z,2014-03-08T00:42:56Z,4000000000.0,4597.4,258.29,2014-03-08T01:17:07Z,2014-03-08T01:34:48Z,0,138.6,16.0,138.6,16.0,138.6,14.9,144.8,14.7,105.5,0.206,100.5,0.116,95.5,0.0651,90.5,0.0366,85.5,0.0206,80.5,0.0116,75.5,0.00651
3275,0.0001,-34.75,89.25,3996.0,2014-03-08T00:25:47Z,2014-03-08T00:42:56Z,4000000000.0,4595.4,258.3,2014-03-08T01:17:06Z,2014-03-08T01:34:47Z,0,138.5,16.0,138.5,16.0,138.5,14.9,144.8,14.7,105.5,0.206,100.5,0.116,95.5,0.0651,90.5,0.0366,85.5,0.0206,80.5,0.0116,75.5,0.00651
H01W,0.00055,-34.75,89.75,3750.0,2014-03-08T00:22:01Z,2014-03-08T00:52:42Z,4000000000.0,2220.2,263.37,2014-03-08T00:47:08Z,2014-03-08T01:17:39Z,0,135.4,12.5,135.4,12.5,135.4,11.0,141.7,10.7,108.6,0.376,103.6,0.211,98.6,0.119,93.6,0.0669,88.6,0.0376,83.6,0.0211,78.6,0.0119
H08S,0.00055,-34.75,89.75,3750.0,2014-03-08T00:22:01Z,2014-03-08T00:52:42Z,4000000000.0,3482.6,151.99,2014-03-08T01:00:46Z,2014-03-08T01:32:17Z,0,138.8,12.2,138.8,10.7,138.9,11.0,141.6,10.7,106.2,0.245,101.2,0.138,96.2,0.0776,91.2,0.0436,86.2,0.0245,81.2,0.0138,76.2,0.00776
3315,0.00055,-34.75,89.75,3750.0,2014-03-08T00:22:01Z,2014-03-08T00:52:42Z,4000000000.0,2362.0,255.41,2014-03-08T00:48:43Z,2014-03-08T01:19:17Z,0,135.7,16.0,135.7,16.0,135.7,14.9,141.9,14.7,108.4,0.358,103.4,0.201,98.4,0.113,93.4,0.0637,88.4,0.0358,83.4,0.0201,78.4,0.0113
3376,0.00055,-34.75,89.75,3750.0,2014-03-08T00:22:01Z,2014-03-08T00:52:42Z,4000000000.0,2363.9,255.35,2014-03-08T00:48:44Z,2014-03-08T01:19:18Z,0,135.7,16.0,135.7,16.0,135.7,14.9,141.9,14.7,108.4,0.358,103.4,0.201,98.4,0.113,93.4,0.0636,88.4,0.0358,83.4,0.0201,78.4,0.0113
3250,0.00055,-34.75,89.75,3750.0,2014-03-08T00:22:01Z,2014-03-08T00:52:42Z,4000000000.0,3800.6,229.98,2014-03-08T01:04:41Z,2014-03-08T01:35:35Z,1,137.7,16.0,137.7,16.0,137.7,14.9,144.0,14.7,106.3,0.242,101.3,0.136,96.3,0.0766,91.3,0.0431,86.3,0.0242,81.3,0.0136,76.3,0.00766
3274,0.00055,-34.75,89.75,3750.0,2014-03-08T00:22:01Z,2014-03-08T00:52:42Z,4000000000.0,4561.0,258.73,2014-03-08T01:13:15Z,2014-03-08T01:43:58Z,0,138.5,16.0,138.5,16.0,138.5,14.9,144.8,14.7,105.5,0.207,100.5,0.117,95.5,0.0655,90.5,0.0369,85.5,0.0207,80.5,0.0117,75.5,0.00655
3275,0.00055,-34.75,89.75,3750.0,2014-03-08T00:22:01Z,2014-03-08T00:52:42Z,4000000000.0,4559.0,258.74,2014-03-08T01:13:14Z,2014-03-08T01:43:57Z,0,138.5,16.0,138.5,16.0,138.5,14.9,144.8,14.7,105.5,0.207,100.5,0.117,95.5,0.0656,90.5,0.0369,85.5,0.0207,80.5,0.0117,75.5,0.00656
H01W,0.0005,-34.75,90.25,3710.0,2014-03-08T00:25:13Z,2014-03-08T00:53:10Z,4000000000.0,2167.7,263.38,2014-03-08T00:49:45Z,2014-03-08T01:17:38Z,0,135.3,12.5,135.3,12.5,135.3,11.0,141.6,10.7,108.8,0.383,103.8,0.215,98.8,0.121,93.8,0.0681,88.8,0.0383,83.8,0.0215,78.8,0.0121
H08S,0.0005,-34.75,90.25,3710.0,2014-03-08T00:25:13Z,2014-03-08T00:53:10Z,4000000000.0,3516.0,151.22,2014-03-08T01:04:23Z,2014-03-08T01:33:01Z,0,138.9,12.2,138.9,10.7,139.0,11.0,141.7,10.7,106.1,0.243,101.1,0.137,96.1,0.077,91.1,0.0433,86.1,0.0243,81.1,0.0137,76.1,0.0077
3315,0.0005,-34.75,90.25,3710.0,2014-03-08T00:25:13Z,2014-03-08T00:53:10Z,4000000000.0,2307.6,255.26,2014-03-08T00:51:20Z,2014-03-08T01:19:15Z,0,135.6,16.0,135.6,16.0,135.6,14.9,141.8,14.7,108.5,0.365,103.5,0.205,98.5,0.115,93.5,0.0649,88.5,0.0365,83.5,0.0205,78.5,0.0115
3376,0.0005,-34.75,90.25,3710.0,2014-03-08T00:25:13Z,2014-03-08T00:53:10Z,4000000000.0,2309.5,255.2,2014-03-08T00:51:21Z,2014-03-08T01:19:17Z,0,135.6,16.0,135.6,16.0,135.6,14.9,141.8,14.7,108.5,0.364,103.5,0.205,98.5,0.115,93.5,0.0648,88.5,0.0364,83.5,0.0205,78.5,0.0115
3250,0.0005,-34.75,90.25,3710.0,2014-03-08T00:25:13Z,2014-03-08T00:53:10Z,4000000000.0,3750.6,229.6,2014-03-08T01:07:24Z,2014-03-08T01:35:36Z,1,137.7,16.0,137.7,16.0,137.7,14.9,144.0,14.7,106.4,0.245,101.4,0.138,96.4,0.0775,91.4,0.0436,86.4,0.0245,81.4,0.0138,76.4,0.00775
3274,0.0005,-34.75,90.25,3710.0,2014-03-08T00:25:13Z,2014-03-08T00:53:10Z,4000000000.0,4508.8,258.96,2014-03-08T01:15:53Z,2014-03-08T01:43:59Z,0,138.5,16.0,138.5,16.0,138.5,14.9,144.7,14.7,105.6,0.209,100.6,0.118,95.6,0.0662,90.6,0.0372,85.6,0.0209,80.6,0.0118,75.6,0.00662
3275,0.0005,-34.75,90.25,3710.0,2014-03-08T00:25:13Z,2014-03-08T00:53:10Z,4000000000.0,4506.8,258.98,2014-03-08T01:15:51Z,2014-03-08T01:43:57Z,0,138.5,16.0,138.5,16.0,138.5,14.9,144.7,14.7,105.6,0.209,100.6,0.118,95.6,0.0662,90.6,0.0372,85.6,0.0209,80.6,0.0118,75.6,0.00662
H01W,0.00065,-34.75,90.75,3725.0,2014-03-08T00:19:47Z,2014-03-08T00:53:39Z,4000000000.0,2142.5,263.42,2014-03-08T00:43:36Z,2014-03-08T01:17:39Z,0,135.2,12.5,135.2,12.5,135.2,11.0,141.5,10.7,108.8,0.387,103.8,0.217,98.8,0.122,93.8,0.0687,88.8,0.0387,83.8,0.0217,78.8,0.0122
H08S,0.00065,-34.75,90.75,3725.0,2014-03-08T00:19:47Z,2014-03-08T00:53:39Z,4000000000.0,3538.3,150.87,2014-03-08T00:59:20Z,2014-03-08T01:33:22Z,0,138.9,12.2,138.9,10.7,139.0,11.0,141.7,10.7,106.1,0.242,101.1,0.136,96.1,0.0766,91.1,0.0431,86.1,0.0242,81.1,0.0136,76.1,0.00766
3315,0.00065,-34.75,90.75,3725.0,2014-03-08T00:19:47Z,2014-03-08T00:53:39Z,4000000000.0,2283.9,255.12,2014-03-08T00:45:10Z,2014-03-08T01:19:11Z,0,135.5,16.0,135.5,16.0,135.5,14.9,141.8,14.7,108.5,0.368,103.5,0.207,98.5,0.116,93.5,0.0654,88.5,0.0368,83.5,0.0207,78.5,0.0116
3376,0.00065,-34.75,90.75,3725.0,2014-03-08T00:19:47Z,2014-03-08T00:53:39Z,4000000000.0,2285.7,255.06,2014-03-08T00:45:11Z,2014-03-08T01:19:13Z,0,135.5,16.0,135.5,16.0,135.5,14.9,141.8,14.7,108.5,0.367,103.5,0.207,98.5,0.116,93.5,0.0653,88.5,0.0367,83.5,0.0207,78.5,0.0116
3250,0.00065,-34.75,90.75,3725.0,2014-03-08T00:19:47Z,2014-03-08T00:53:39Z,4000000000.0,3729.5,229.27,2014-03-08T01:01:18Z,2014-03-08T01:35:21Z,1,137.6,16.0,137.6,16.0,137.6,14.9,143.9,14.7,106.4,0.246,101.4,0.138,96.4,0.0779,91.4,0.0438,86.4,0.0246,81.4,0.0138,76.4,0.00779
3274,0.00065,-34.75,90.75,3725.0,2014-03-08T00:19:47Z,2014-03-08T00:53:39Z,4000000000.0,4483.4,259.08,2014-03-08T01:09:47Z,2014-03-08T01:44:09Z,0,138.4,16.0,138.4,16.0,138.4,14.9,144.7,14.7,105.6,0.21,100.6,0.118,95.6,0.0665,90.6,0.0374,85.6,0.021,80.6,0.0118,75.6,0.00665
3275,0.00065,-34.75,90.75,3725.0,2014-03-08T00:19:47Z,2014-03-08T00:53:39Z,4000000000.0,4481.4,259.1,2014-03-08T01:09:46Z,2014-03-08T01:44:08Z,0,138.4,16.0,138.4,16.0,138.4,14.9,144.7,14.7,105.6,0.21,100.6,0.118,95.6,0.0665,90.6,0.0374,85.6,0.021,80.6,0.0118,75.6,0.00665
H01W,0.00065,-34.75,91.25,4061.0,2014-03-08T00:19:49Z,2014-03-08T00:52:32Z,4000000000.0,2077.6,263.57,2014-03-08T00:43:20Z,2014-03-08T01:16:03Z,0,135.1,12.5,135.1,12.5,135.1,11.0,141.4,10.7,108.9,0.396,103.9,0.223,98.9,0.125,93.9,0.0704,88.9,0.0396,83.9,0.0223,78.9,0.0125
H08S,0.00065,-34.75,91.25,4061.0,2014-03-08T00:19:49Z,2014-03-08T00:52:32Z,4000000000.0,3576.3,150.01,2014-03-08T00:59:43Z,2014-03-08T01:32:52Z,1,139.0,12.2,139.0,10.7,139.0,11.0,141.7,10.7,106.0,0.24,101.0,0.135,96.0,0.0759,91.0,0.0427,86.0,0.024,81.0,0.0135,76.0,0.00759
3315,0.00065,-34.75,91.25,4061.0,2014-03-08T00:19:49Z,2014-03-08T00:52:32Z,4000000000.0,2218.9,254.98,2014-03-08T00:44:56Z,2014-03-08T01:17:39Z,0,135.4,16.0,135.4,16.0,135.4,14.9,141.7,14.7,108.7,0.376,103.7,0.212,98.7,0.119,93.7,0.0669,88.7,0.0376,83.7,0.0212,78.7,0.0119
3376,0.00065,-34.75,91.25,4061.0,2014-03-08T00:19:49Z,2014-03-08T00:52:32Z,4000000000.0,2220.8,254.91,2014-03-08T00:44:57Z,2014-03-08T01:17:41Z,0,135.4,16.0,135.4,16.0,135.4,14.9,141.7,14.7,108.6,0.376,103.6,0.211,98.6,0.119,93.6,0.0668,88.6,0.0376,83.6,0.0211,78.6,0.0119
3250,0.00065,-34.75,91.25,4061.0,2014-03-08T00:19:49Z,2014-03-08T00:52:32Z,4000000000.0,3672.6,228.75,2014-03-08T01:01:12Z,2014-03-08T01:34:04Z,1,137.6,16.0,137.6,16.0,137.6,14.9,143.9,14.7,106.5,0.249,101.5,0.14,96.5,0.0789,91.5,0.0444,86.5,0.0249,81.5,0.014,76.5,0.00789
3274,0.00065,-34.75,91.25,4061.0,2014-03-08T00:19:49Z,2014-03-08T00:52:32Z,4000000000.0,4423.4,259.38,2014-03-08T01:09:28Z,2014-03-08T01:42:29Z,0,138.4,16.0,138.4,16.0,138.4,14.9,144.7,14.7,105.7,0.213,100.7,0.12,95.7,0.0673,90.7,0.0378,85.7,0.0213,80.7,0.012,75.7,0.00673
3275,0.00065,-34.75,91.25,4061.0,2014-03-08T00:19:49Z,2014-03-08T00:52:32Z,4000000000.0,4421.4,259.39,2014-03-08T01:09:27Z,2014-03-08T01:42:27Z,0,138.4,16.0,138.4,16.0,138.4,14.9,144.7,14.7,105.7,0.213,100.7,0.12,95.7,0.0673,90.7,0.0379,85.7,0.0213,80.7,0.012,75.7,0.00673
H01W,0.0005,-34.75,91.75,4206.0,2014-03-08T00:23:24Z,2014-03-08T00:44:21Z,4000000000.0,2043.9,263.85,2014-03-08T00:46:23Z,2014-03-08T01:07:22Z,0,135.0,12.5,135.0,12.5,135.0,11.0,141.3,10.7,109.0,0.401,104.0,0.226,99.0,0.127,94.0,0.0713,89.0,0.0401,84.0,0.0226,79.0,0.0127
H08S,0.0005,-34.75,91.75,4206.0,2014-03-08T00:23:24Z,2014-03-08T00:44:21Z,4000000000.0,3595.0,149.38,2014-03-08T01:03:18Z,2014-03-08T01:24:51Z,0,139.0,12.2,139.0,10.7,139.0,11.0,141.8,10.7,106.0,0.239,101.0,0.134,96.0,0.0756,91.0,0.0425,86.0,0.0239,81.0,0.0134,76.0,0.00756
3315,0.0005,-34.75,91.75,4206.0,2014-03-08T00:23:24Z,2014-03-08T00:44:21Z,4000000000.0,2184.1,255.08,2014-03-08T00:47:55Z,2014-03-08T01:08:57Z,0,135.3,16.0,135.3,16.0,135.3,14.9,141.6,14.7,108.7,0.381,103.7,0.214,98.7,0.12,93.7,0.0677,88.7,0.0381,83.7,0.0214,78.7,0.012
3376,0.0005,-34.75,91.75,4206.0,2014-03-08T00:23:24Z,2014-03-08T00:44:21Z,4000000000.0,2185.9,255.02,2014-03-08T00:47:56Z,2014-03-08T01:08:58Z,0,135.3,16.0,135.3,16.0,135.3,14.9,141.6,14.7,108.7,0.381,103.7,0.214,98.7,0.12,93.7,0.0677,88.7,0.0381,83.7,0.0214,78.7,0.012
3250,0.0005,-34.75,91.75,4206.0,2014-03-08T00:23:24Z,2014-03-08T00:44:21Z,4000000000.0,3634.8,228.54,2014-03-08T01:04:04Z,2014-03-08T01:25:20Z,1,137.5,16.0,137.5,16.0,137.5,14.9,143.8,14.7,106.5,0.252,101.5,0.141,96.5,0.0796,91.5,0.0447,86.5,0.0252,81.5,0.0141,76.5,0.00796
3274,0.0005,-34.75,91.75,4206.0,2014-03-08T00:23:24Z,2014-03-08T00:44:21Z,4000000000.0,4391.6,259.68,2014-03-08T01:12:39Z,2014-03-08T01:33:52Z,0,138.4,16.0,138.4,16.0,138.4,14.9,144.6,14.7,105.7,0.214,100.7,0.12,95.7,0.0677,90.7,0.0381,85.7,0.0214,80.7,0.012,75.7,0.00677
3275,0.0005,-34.75,91.75,4206.0,2014-03-08T00:23:24Z,2014-03-08T00:44:21Z,4000000000.0,4389.7,259.7,2014-03-08T01:12:38Z,2014-03-08T01:33:51Z,0,138.3,16.0,138.3,16.0,138.3,14.9,144.6,14.7,105.7,0.214,100.7,0.12,95.7,0.0677,90.7,0.0381,85.7,0.0214,80.7,0.012,75.7,0.00677
H01W,0.0009,-34.75,92.25,4206.0,2014-03-08T00:19:43Z,2014-03-08T00:54:52Z,4000000000.0,1991.6,264.23,2014-03-08T00:42:16Z,2014-03-08T01:17:37Z,0,134.9,12.5,134.9,12.5,134.9,11.0,141.2,10.7,109.1,0.409,104.1,0.23,99.1,0.129,94.1,0.0728,89.1,0.0409,84.1,0.023,79.1,0.0129
H08S,0.0009,-34.75,92.25,4206.0,2014-03-08T00:19:43Z,2014-03-08T00:54:52Z,4000000000.0,3616.5,148.74,2014-03-08T00:59:55Z,2014-03-08T01:35:39Z,0,139.0,12.2,139.0,10.7,139.1,11.0,141.8,10.7,106.0,0.238,101.0,0.134,96.0,0.0752,91.0,0.0423,86.0,0.0238,81.0,0.0134,76.0,0.00752
3315,0.0009,-34.75,92.25,4206.0,2014-03-08T00:19:43Z,2014-03-08T00:54:52Z,4000000000.0,2130.2,255.3,2014-03-08T00:43:48Z,2014-03-08T01:19:12Z,0,135.2,16.0,135.2,16.0,135.2,14.9,141.5,14.7,108.8,0.388,103.8,0.218,98.8,0.123,93.8,0.0691,88.8,0.0388,83.8,0.0218,78.8,0.0123
3376,0.0009,-34.75,92.25,4206.0,2014-03-08T00:19:43Z,2014-03-08T00:54:52Z,4000000000.0,2132.1,255.24,2014-03-08T00:43:49Z,2014-03-08T01:19:14Z,0,135.2,16.0,135.2,16.0,135.2,14.9,141.5,14.7,108.8,0.388,103.8,0.218,98.8,0.123,93.8,0.069,88.8,0.0388,83.8,0.0218,78.8,0.0123
3250,0.0009,-34.75,92.25,4206.0,2014-03-08T00:19:43Z,2014-03-08T00:54:52Z,4000000000.0,3592.5,228.3,2014-03-08T01:00:01Z,2014-03-08T01:35:42Z,1,137.5,16.0,137.5,16.0,137.5,14.9,143.8,14.7,106.6,0.254,101.6,0.143,96.6,0.0804,91.6,0.0452,86.6,0.0254,81.6,0.0143,76.6,0.00804
3274,0.0009,-34.75,92.25,4206.0,2014-03-08T00:19:43Z,2014-03-08T00:54:52Z,4000000000.0,4347.8,259.96,2014-03-08T01:08:33Z,2014-03-08T01:44:05Z,0,138.3,16.0,138.3,16.0,138.3,14.9,144.6,14.7,105.7,0.216,100.7,0.121,95.7,0.0683,90.7,0.0384,85.7,0.0216,80.7,0.0121,75.7,0.00683
3275,0.0009,-34.75,92.25,4206.0,2014-03-08T00:19:43Z,2014-03-08T00:54:52Z,4000000000.0,4345.8,259.97,2014-03-08T01:08:32Z,2014-03-08T01:44:04Z,0,138.3,16.0,138.3,16.0,138.3,14.9,144.6,14.7,105.7,0.216,100.7,0.122,95.7,0.0683,90.7,0.0384,85.7,0.0216,80.7,0.0122,75.7,0.00683
H01W,0.0004,-34.75,92.75,4235.0,2014-03-08T00:22:13Z,2014-03-08T00:53:56Z,4000000000.0,1946.0,264.02,2014-03-08T00:43:49Z,2014-03-08T01:16:03Z,0,134.8,12.5,134.8,12.5,134.8,11.0,141.1,10.7,109.2,0.417,104.2,0.234,99.2,0.132,94.2,0.0741,89.2,0.0417,84.2,0.0234,79.2,0.0132
H08S,0.0004,-34.75,92.75,4235.0,2014-03-08T00:22:13Z,2014-03-08T00:53:56Z,4000000000.0,3650.8,148.27,2014-03-08T01:03:18Z,2014-03-08T01:34:57Z,0,139.0,12.2,139.0,10.7,139.1,11.0,141.8,10.7,106.0,0.236,101.0,0.133,96.0,0.0746,91.0,0.0419,86.0,0.0236,81.0,0.0133,76.0,0.00746
3315,0.0004,-34.75,92.75,4235.0,2014-03-08T00:22:13Z,2014-03-08T00:53:56Z,4000000000.0,2086.4,254.93,2014-03-08T00:45:24Z,2014-03-08T01:17:37Z,0,135.1,16.0,135.1,16.0,135.1,14.9,141.4,14.7,108.9,0.395,103.9,0.222,98.9,0.125,93.9,0.0702,88.9,0.0395,83.9,0.0222,78.9,0.0125
3376,0.0004,-34.75,92.75,4235.0,2014-03-08T00:22:13Z,2014-03-08T00:53:56Z,4000000000.0,2088.2,254.86,2014-03-08T00:45:25Z,2014-03-08T01:17:38Z,0,135.1,16.0,135.1,16.0,135.1,14.9,141.4,14.7,108.9,0.394,103.9,0.222,98.9,0.125,93.9,0.0701,88.9,0.0394,83.9,0.0222,78.9,0.0125
3250,0.0004,-34.75,92.75,4235.0,2014-03-08T00:22:13Z,2014-03-08T00:53:56Z,4000000000.0,3557.8,227.8,2014-03-08T01:01:55Z,2014-03-08T01:34:05Z,1,137.4,16.0,137.4,16.0,137.4,14.9,143.7,14.7,106.6,0.256,101.6,0.144,96.6,0.081,91.6,0.0456,86.6,0.0256,81.6,0.0144,76.6,0.0081
3274,0.0004,-34.75,92.75,4235.0,2014-03-08T00:22:13Z,2014-03-08T00:53:56Z,4000000000.0,4302.6,260.01,2014-03-08T01:10:03Z,2014-03-08T01:42:37Z,0,138.3,16.0,138.3,16.0,138.3,14.9,144.5,14.7,105.8,0.218,100.8,0.123,95.8,0.0689,90.8,0.0388,85.8,0.0218,80.8,0.0123,75.8,0.00689
3275,0.0004,-34.75,92.75,4235.0,2014-03-08T00:22:13Z,2014-03-08T00:53:56Z,4000000000.0,4300.6,260.03,2014-03-08T01:10:02Z,2014-03-08T01:42:35Z,0,138.3,16.0,138.3,16.0,138.3,14.9,144.5,14.7,105.8,0.218,100.8,0.123,95.8,0.0689,90.8,0.0388,85.8,0.0218,80.8,0.0123,75.8,0.00689
H01W,0.0006,-34.75,93.25,4321.0,2014-03-08T00:21:37Z,2014-03-08T00:51:53Z,4000000000.0,1912.2,264.41,2014-03-08T00:43:07Z,2014-03-08T01:13:31Z,0,134.7,12.5,134.7,12.5,134.7,11.0,141.0,10.7,109.3,0.422,104.3,0.237,99.3,0.134,94.3,0.0751,89.3,0.0422,84.3,0.0237,79.3,0.0134
H08S,0.0006,-34.75,93.25,4321.0,2014-03-08T00:21:37Z,2014-03-08T00:51:53Z,4000000000.0,3678.4,147.65,2014-03-08T01:02:31Z,2014-03-08T01:33:25Z,0,139.1,12.2,139.1,10.7,139.1,11.0,141.9,10.7,105.9,0.234,100.9,0.132,95.9,0.0741,90.9,0.0417,85.9,0.0234,80.9,0.0132,75.9,0.00741
3315,0.0006,-34.75,93.25,4321.0,2014-03-08T00:21:37Z,2014-03-08T00:51:53Z,4000000000.0,2047.9,255.01,2014-03-08T00:44:39Z,2014-03-08T01:15:06Z,0,135.0,16.0,135.0,16.0,135.0,14.9,141.3,14.7,109.0,0.4,104.0,0.225,99.0,0.127,94.0,0.0712,89.0,0.04,84.0,0.0225,79.0,0.0127
3376,0.0006,-34.75,93.25,4321.0,2014-03-08T00:21:37Z,2014-03-08T00:51:53Z,4000000000.0,2049.8,254.93,2014-03-08T00:44:40Z,2014-03-08T01:15:08Z,0,135.0,16.0,135.0,16.0,135.0,14.9,141.3,14.7,109.0,0.4,104.0,0.225,99.0,0.127,94.0,0.0712,89.0,0.04,84.0,0.0225,79.0,0.0127
3250,0.0006,-34.75,93.25,4321.0,2014-03-08T00:21:37Z,2014-03-08T00:51:53Z,4000000000.0,3518.3,227.44,2014-03-08T01:01:01Z,2014-03-08T01:31:46Z,1,137.4,16.0,137.4,16.0,137.4,14.9,143.7,14.7,106.6,0.259,101.6,0.145,96.6,0.0818,91.6,0.046,86.6,0.0259,81.6,0.0145,76.6,0.00818
3274,0.0006,-34.75,93.25,4321.0,2014-03-08T00:21:37Z,2014-03-08T00:51:53Z,4000000000.0,4269.1,260.38,2014-03-08T01:09:27Z,2014-03-08T01:40:02Z,0,138.2,16.0,138.2,16.0,138.2,14.9,144.5,14.7,105.8,0.219,100.8,0.123,95.8,0.0694,90.8,0.039,85.8,0.0219,80.8,0.0123,75.8,0.00694
3275,0.0006,-34.75,93.25,4321.0,2014-03-08T00:21:37Z,2014-03-08T00:51:53Z,4000000000.0,4267.1,260.4,2014-03-08T01:09:26Z,2014-03-08T01:40:00Z,0,138.2,16.0,138.2,16.0,138.2,14.9,144.5,14.7,105.8,0.219,100.8,0.123,95.8,0.0694,90.8,0.039,85.8,0.0219,80.8,0.0123,75.8,0.00694
H01W,0.0004,-34.75,93.75,4145.0,2014-03-08T00:20:10Z,2014-03-08T00:52:58Z,4000000000.0,1873.2,264.29,2014-03-08T00:40:51Z,2014-03-08T01:14:06Z,0,134.7,12.5,134.7,12.5,134.7,11.0,140.9,10.7,109.4,0.429,104.4,0.241,99.4,0.136,94.4,0.0763,89.4,0.0429,84.4,0.0241,79.4,0.0136
H08S,0.0004,-34.75,93.75,4145.0,2014-03-08T00:20:10Z,2014-03-08T00:52:58Z,4000000000.0,3712.6,147.26,2014-03-08T01:01:34Z,2014-03-08T01:34:51Z,0,139.1,12.2,139.1,10.7,139.2,11.0,141.9,10.7,105.9,0.233,100.9,0.131,95.9,0.0735,90.9,0.0414,85.9,0.0233,80.9,0.0131,75.9,0.00735
3315,0.0004,-34.75,93.75,4145.0,2014-03-08T00:20:10Z,2014-03-08T00:52:58Z,4000000000.0,2011.2,254.79,2014-03-08T00:42:23Z,2014-03-08T01:15:42Z,0,135.0,16.0,135.0,16.0,135.0,14.9,141.2,14.7,109.1,0.406,104.1,0.228,99.1,0.128,94.1,0.0722,89.1,0.0406,84.1,0.0228,79.1,0.0128
3376,0.0004,-34.75,93.75,4145.0,2014-03-08T00:20:10Z,2014-03-08T00:52:58Z,4000000000.0,2013.1,254.71,2014-03-08T00:42:24Z,2014-03-08T01:15:43Z,0,135.0,16.0,135.0,16.0,135.0,14.9,141.2,14.7,109.1,0.406,104.1,0.228,99.1,0.128,94.1,0.0722,89.1,0.0406,84.1,0.0228,79.1,0.0128
3250,0.0004,-34.75,93.75,4145.0,2014-03-08T00:20:10Z,2014-03-08T00:52:58Z,4000000000.0,3489.9,226.99,2014-03-08T00:58:53Z,2014-03-08T01:32:26Z,1,137.4,16.0,137.4,16.0,137.4,14.9,143.6,14.7,106.7,0.26,101.7,0.146,96.7,0.0823,91.7,0.0463,86.7,0.026,81.7,0.0146,76.7,0.00823
3274,0.0004,-34.75,93.75,4145.0,2014-03-08T00:20:10Z,2014-03-08T00:52:58Z,4000000000.0,4229.1,260.44,2014-03-08T01:07:13Z,2014-03-08T01:40:38Z,0,138.2,16.0,138.2,16.0,138.2,14.9,144.5,14.7,105.8,0.221,100.8,0.124,95.8,0.0699,90.8,0.0393,85.8,0.0221,80.8,0.0124,75.8,0.00699
3275,0.0004,-34.75,93.75,4145.0,2014-03-08T00:20:10Z,2014-03-08T00:52:58Z,4000000000.0,4227.1,260.45,2014-03-08T01:07:12Z,2014-03-08T01:40:37Z,0,138.2,16.0,138.2,16.0,138.2,14.9,144.5,14.7,105.9,0.221,100.9,0.124,95.9,0.07,90.9,0.0393,85.9,0.0221,80.9,0.0124,75.9,0.007
H01W,0.0003,-34.75,94.25,4374.0,2014-03-08T00:32:50Z,2014-03-08T00:48:00Z,4000000000.0,1828.5,264.97,2014-03-08T00:53:14Z,2014-03-08T01:08:39Z,0,134.5,12.5,134.5,12.5,134.5,11.0,140.8,10.7,109.5,0.437,104.5,0.246,99.5,0.138,94.5,0.0777,89.5,0.0437,84.5,0.0246,79.5,0.0138
H08S,0.0003,-34.75,94.25,4374.0,2014-03-08T00:32:50Z,2014-03-08T00:48:00Z,4000000000.0,3725.0,146.61,2014-03-08T01:14:28Z,2014-03-08T01:29:57Z,0,139.1,12.2,139.1,10.7,139.2,11.0,141.9,10.7,105.9,0.232,100.9,0.13,95.9,0.0733,90.9,0.0412,85.9,0.0232,80.9,0.013,75.9,0.00733
3315,0.0003,-34.75,94.25,4374.0,2014-03-08T00:32:50Z,2014-03-08T00:48:00Z,4000000000.0,1965.3,255.22,2014-03-08T00:54:46Z,2014-03-08T01:10:11Z,0,134.9,16.0,134.9,16.0,134.9,14.9,141.1,14.7,109.2,0.413,104.2,0.232,99.2,0.131,94.2,0.0735,89.2,0.0413,84.2,0.0232,79.2,0.0131
3376,0.0003,-34.75,94.25,4374.0,2014-03-08T00:32:50Z,2014-03-08T00:48:00Z,4000000000.0,1967.1,255.14,2014-03-08T00:54:47Z,2014-03-08T01:10:12Z,0,134.9,16.0,134.9,16.0,134.9,14.9,141.1,14.7,109.2,0.413,104.2,0.232,99.2,0.131,94.2,0.0735,89.2,0.0413,84.2,0.0232,79.2,0.0131
3250,0.0003,-34.75,94.25,4374.0,2014-03-08T00:32:50Z,2014-03-08T00:48:00Z,4000000000.0,3444.1,226.89,2014-03-08T01:11:18Z,2014-03-08T01:26:50Z,1,137.3,16.0,137.3,16.0,137.3,14.9,143.6,14.7,106.7,0.263,101.7,0.148,96.7,0.0832,91.7,0.0468,86.7,0.0263,81.7,0.0148,76.7,0.00832
3274,0.0003,-34.75,94.25,4374.0,2014-03-08T00:32:50Z,2014-03-08T00:48:00Z,4000000000.0,4189.0,260.87,2014-03-08T01:19:37Z,2014-03-08T01:35:18Z,0,138.1,16.0,138.1,16.0,138.1,14.9,144.4,14.7,105.9,0.223,100.9,0.125,95.9,0.0705,90.9,0.0397,85.9,0.0223,80.9,0.0125,75.9,0.00705
3275,0.0003,-34.75,94.25,4374.0,2014-03-08T00:32:50Z,2014-03-08T00:48:00Z,4000000000.0,4187.0,260.88,2014-03-08T01:19:36Z,2014-03-08T01:35:16Z,0,138.1,16.0,138.1,16.0,138.1,14.9,144.4,14.7,105.9,0.223,100.9,0.125,95.9,0.0705,90.9,0.0397,85.9,0.0223,80.9,0.0125,75.9,0.00705
H01W,0.00025,-34.75,94.75,4297.0,2014-03-08T00:30:09Z,2014-03-08T00:52:58Z,4000000000.0,1775.2,265.13,2014-03-08T00:50:10Z,2014-03-08T01:13:06Z,0,134.4,12.5,134.4,12.5,134.4,11.0,140.7,10.7,109.6,0.447,104.6,0.251,99.6,0.141,94.6,0.0795,89.6,0.0447,84.6,0.0251,79.6,0.0141
H08S,0.00025,-34.75,94.75,4297.0,2014-03-08T00:30:09Z,2014-03-08T00:52:58Z,4000000000.0,3766.9,146.06,2014-03-08T01:12:05Z,2014-03-08T01:35:18Z,0,139.2,12.2,139.2,10.7,139.3,11.0,142.0,10.7,105.8,0.23,100.8,0.129,95.8,0.0726,90.8,0.0409,85.8,0.023,80.8,0.0129,75.8,0.00726
3315,0.00025,-34.75,94.75,4297.0,2014-03-08T00:30:09Z,2014-03-08T00:52:58Z,4000000000.0,1915.7,255.13,2014-03-08T00:51:43Z,2014-03-08T01:14:39Z,0,134.7,16.0,134.7,16.0,134.7,14.9,141.0,14.7,109.3,0.422,104.3,0.237,99.3,0.133,94.3,0.075,89.3,0.0422,84.3,0.0237,79.3,0.0133
3376,0.00025,-34.75,94.75,4297.0,2014-03-08T00:30:09Z,2014-03-08T00:52:58Z,4000000000.0,1917.6,255.06,2014-03-08T00:51:44Z,2014-03-08T01:14:40Z,0,134.8,16.0,134.8,16.0,134.8,14.9,141.0,14.7,109.3,0.421,104.3,0.237,99.3,0.133,94.3,0.0749,89.3,0.0421,84.3,0.0237,79.3,0.0133
3250,0.00025,-34.75,94.75,4297.0,2014-03-08T00:30:09Z,2014-03-08T00:52:58Z,4000000000.0,3408.2,226.31,2014-03-08T01:08:19Z,2014-03-08T01:31:24Z,1,137.3,16.0,137.3,16.0,137.3,14.9,143.5,14.7,106.8,0.266,101.8,0.149,96.8,0.084,91.8,0.0472,86.8,0.0266,81.8,0.0149,76.8,0.0084
3274,0.00025,-34.75,94.75,4297.0,2014-03-08T00:30:09Z,2014-03-08T00:52:58Z,4000000000.0,4135.5,261.1,2014-03-08T01:16:34Z,2014-03-08T01:39:47Z,0,138.1,16.0,138.1,16.0,138.1,14.9,144.4,14.7,105.9,0.225,100.9,0.127,95.9,0.0713,90.9,0.0401,85.9,0.0225,80.9,0.0127,75.9,0.00713
3275,0.00025,-34.75,94.75,4297.0,2014-03-08T00:30:09Z,2014-03-08T00:52:58Z,4000000000.0,4133.5,261.11,2014-03-08T01:16:33Z,2014-03-08T01:39:45Z,0,138.1,16.0,138.1,16.0,138.1,14.9,144.4,14.7,105.9,0.226,100.9,0.127,95.9,0.0713,90.9,0.0401,85.9,0.0226,80.9,0.0127,75.9,0.00713
H01W,5e-05,-34.75,95.25,4437.0,2014-03-08T00:38:19Z,2014-03-08T00:38:19Z,4000000000.0,1726.9,264.22,2014-03-08T00:57:37Z,2014-03-08T00:57:48Z,0,134.3,12.5,134.3,12.5,134.3,11.0,140.6,10.7,109.7,0.456,104.7,0.257,99.7,0.144,94.7,0.0811,89.7,0.0456,84.7,0.0257,79.7,0.0144
H08S,5e-05,-34.75,95.25,4437.0,2014-03-08T00:38:19Z,2014-03-08T00:38:19Z,4000000000.0,3816.1,145.76,2014-03-08T01:20:57Z,2014-03-08T01:21:21Z,0,139.2,12.2,139.2,10.7,139.3,11.0,142.0,10.7,105.8,0.227,100.8,0.128,95.8,0.0718,90.8,0.0404,85.8,0.0227,80.8,0.0128,75.8,0.00718
3315,5e-05,-34.75,95.25,4437.0,2014-03-08T00:38:19Z,2014-03-08T00:38:19Z,4000000000.0,1869.4,253.99,2014-03-08T00:59:12Z,2014-03-08T00:59:24Z,0,134.6,16.0,134.6,16.0,134.6,14.9,140.9,14.7,109.4,0.43,104.4,0.242,99.4,0.136,94.4,0.0764,89.4,0.043,84.4,0.0242,79.4,0.0136
3376,5e-05,-34.75,95.25,4437.0,2014-03-08T00:38:19Z,2014-03-08T00:38:19Z,4000000000.0,1871.4,253.91,2014-03-08T00:59:14Z,2014-03-08T00:59:26Z,0,134.6,16.0,134.6,16.0,134.6,14.9,140.9,14.7,109.4,0.429,104.4,0.241,99.4,0.136,94.4,0.0763,89.4,0.0429,84.4,0.0241,79.4,0.0136
3250,5e-05,-34.75,95.25,4437.0,2014-03-08T00:38:19Z,2014-03-08T00:38:19Z,4000000000.0,3378.9,225.45,2014-03-08T01:16:04Z,2014-03-08T01:16:25Z,1,137.2,16.0,137.2,16.0,137.2,14.9,143.5,14.7,106.8,0.267,101.8,0.15,96.8,0.0846,91.8,0.0476,86.8,0.0267,81.8,0.015,76.8,0.00846
3274,5e-05,-34.75,95.25,4437.0,2014-03-08T00:38:19Z,2014-03-08T00:38:19Z,4000000000.0,4086.8,260.91,2014-03-08T01:23:59Z,2014-03-08T01:24:24Z,0,138.0,16.0,138.0,16.0,138.0,14.9,144.3,14.7,106.0,0.228,101.0,0.128,96.0,0.072,91.0,0.0405,86.0,0.0228,81.0,0.0128,76.0,0.0072
3275,5e-05,-34.75,95.25,4437.0,2014-03-08T00:38:19Z,2014-03-08T00:38:19Z,4000000000.0,4084.8,260.93,2014-03-08T01:23:57Z,2014-03-08T01:24:23Z,0,138.0,16.0,138.0,16.0,138.0,14.9,144.3,14.7,106.0,0.228,101.0,0.128,96.0,0.0721,91.0,0.0405,86.0,0.0228,81.0,0.0128,76.0,0.00721
H01W,0.0002,-34.25,90.25,3810.0,2014-03-08T00:36:25Z,2014-03-08T00:49:52Z,4000000000.0,2183.2,264.7,2014-03-08T01:00:48Z,2014-03-08T01:14:30Z,0,135.3,12.5,135.3,12.5,135.3,11.0,141.6,10.7,108.7,0.381,103.7,0.214,98.7,0.12,93.7,0.0677,88.7,0.0381,83.7,0.0214,78.7,0.012
H08S,0.0002,-34.25,90.25,3810.0,2014-03-08T00:36:25Z,2014-03-08T00:49:52Z,4000000000.0,3470.9,150.82,2014-03-08T01:15:14Z,2014-03-08T01:29:05Z,0,138.8,12.2,138.8,10.7,138.9,11.0,141.6,10.7,106.2,0.246,101.2,0.138,96.2,0.0778,91.2,0.0438,86.2,0.0246,81.2,0.0138,76.2,0.00778
3315,0.0002,-34.25,90.25,3810.0,2014-03-08T00:36:25Z,2014-03-08T00:49:52Z,4000000000.0,2317.4,256.51,2014-03-08T01:02:17Z,2014-03-08T01:16:01Z,0,135.6,16.0,135.6,16.0,135.6,14.9,141.9,14.7,108.5,0.363,103.5,0.204,98.5,0.115,93.5,0.0646,88.5,0.0363,83.5,0.0204,78.5,0.0115
3376,0.0002,-34.25,90.25,3810.0,2014-03-08T00:36:25Z,2014-03-08T00:49:52Z,4000000000.0,2319.2,256.44,2014-03-08T01:02:19Z,2014-03-08T01:16:02Z,0,135.6,16.0,135.6,16.0,135.6,14.9,141.9,14.7,108.5,0.363,103.5,0.204,98.5,0.115,93.5,0.0646,88.5,0.0363,83.5,0.0204,78.5,0.0115
3250,0.0002,-34.25,90.25,3810.0,2014-03-08T00:36:25Z,2014-03-08T00:49:52Z,4000000000.0,3736.6,230.37,2014-03-08T01:18:08Z,2014-03-08T01:32:02Z,1,137.7,16.0,137.7,16.0,137.7,14.9,143.9,14.7,106.4,0.246,101.4,0.138,96.4,0.0777,91.4,0.0437,86.4,0.0246,81.4,0.0138,76.4,0.00777
3274,0.0002,-34.25,90.25,3810.0,2014-03-08T00:36:25Z,2014-03-08T00:49:52Z,4000000000.0,4534.2,259.6,2014-03-08T01:27:04Z,2014-03-08T01:41:01Z,0,138.5,16.0,138.5,16.0,138.5,14.9,144.8,14.7,105.5,0.208,100.5,0.117,95.5,0.0659,90.5,0.037,85.5,0.0208,80.5,0.0117,75.5,0.00659
3275,0.0002,-34.25,90.25,3810.0,2014-03-08T00:36:25Z,2014-03-08T00:49:52Z,4000000000.0,4532.2,259.61,2014-03-08T01:27:02Z,2014-03-08T01:40:59Z,0,138.5,16.0,138.5,16.0,138.5,14.9,144.8,14.7,105.5,0.208,100.5,0.117,95.5,0.0659,90.5,0.0371,85.5,0.0208,80.5,0.0117,75.5,0.00659
H01W,0.00015,-34.25,90.75,3971.0,2014-03-08T00:23:49Z,2014-03-08T00:54:03Z,4000000000.0,2124.9,265.21,2014-03-08T00:47:44Z,2014-03-08T01:18:01Z,0,135.2,12.5,135.2,12.5,135.2,11.0,141.5,10.7,108.8,0.389,103.8,0.219,98.8,0.123,93.8,0.0692,88.8,0.0389,83.8,0.0219,78.8,0.0123
H08S,0.00015,-34.25,90.75,3971.0,2014-03-08T00:23:49Z,2014-03-08T00:54:03Z,4000000000.0,3503.6,149.93,2014-03-08T01:02:50Z,2014-03-08T01:33:34Z,1,138.9,12.2,138.9,10.7,138.9,11.0,141.7,10.7,106.1,0.244,101.1,0.137,96.1,0.0772,91.1,0.0434,86.1,0.0244,81.1,0.0137,76.1,0.00772
3315,0.00015,-34.25,90.75,3971.0,2014-03-08T00:23:49Z,2014-03-08T00:54:03Z,4000000000.0,2256.9,256.73,2014-03-08T00:49:12Z,2014-03-08T01:19:30Z,0,135.5,16.0,135.5,16.0,135.5,14.9,141.7,14.7,108.6,0.371,103.6,0.209,98.6,0.117,93.6,0.066,88.6,0.0371,83.6,0.0209,78.6,0.0117
3376,0.00015,-34.25,90.75,3971.0,2014-03-08T00:23:49Z,2014-03-08T00:54:03Z,4000000000.0,2258.7,256.66,2014-03-08T00:49:14Z,2014-03-08T01:19:31Z,0,135.5,16.0,135.5,16.0,135.5,14.9,141.7,14.7,108.6,0.371,103.6,0.209,98.6,0.117,93.6,0.066,88.6,0.0371,83.6,0.0209,78.6,0.0117
3250,0.00015,-34.25,90.75,3971.0,2014-03-08T00:23:49Z,2014-03-08T00:54:03Z,4000000000.0,3679.7,229.98,2014-03-08T01:05:03Z,2014-03-08T01:35:32Z,1,137.6,16.0,137.6,16.0,137.6,14.9,143.9,14.7,106.5,0.249,101.5,0.14,96.5,0.0787,91.5,0.0443,86.5,0.0249,81.5,0.014,76.5,0.00787
3274,0.00015,-34.25,90.75,3971.0,2014-03-08T00:23:49Z,2014-03-08T00:54:03Z,4000000000.0,4481.5,259.99,2014-03-08T01:14:03Z,2014-03-08T01:44:35Z,0,138.4,16.0,138.4,16.0,138.4,14.9,144.7,14.7,105.6,0.21,100.6,0.118,95.6,0.0665,90.6,0.0374,85.6,0.021,80.6,0.0118,75.6,0.00665
3275,0.00015,-34.25,90.75,3971.0,2014-03-08T00:23:49Z,2014-03-08T00:54:03Z,4000000000.0,4479.5,260.01,2014-03-08T01:14:02Z,2014-03-08T01:44:34Z,0,138.4,16.0,138.4,16.0,138.4,14.9,144.7,14.7,105.6,0.21,100.6,0.118,95.6,0.0666,90.6,0.0374,85.6,0.021,80.6,0.0118,75.6,0.00666
H01W,0.00025,-34.25,91.25,4019.0,2014-03-08T00:32:08Z,2014-03-08T00:51:12Z,4000000000.0,2099.1,265.25,2014-03-08T00:55:21Z,2014-03-08T01:15:03Z,0,135.1,12.5,135.1,12.5,135.1,11.0,141.4,10.7,108.9,0.393,103.9,0.221,98.9,0.124,93.9,0.0699,88.9,0.0393,83.9,0.0221,78.9,0.0124
H08S,0.00025,-34.25,91.25,4019.0,2014-03-08T00:32:08Z,2014-03-08T00:51:12Z,4000000000.0,3522.0,149.57,2014-03-08T01:11:36Z,2014-03-08T01:30:47Z,0,138.9,12.2,138.9,10.7,139.0,11.0,141.7,10.7,106.1,0.243,101.1,0.137,96.1,0.0769,91.1,0.0432,86.1,0.0243,81.1,0.0137,76.1,0.00769
3315,0.00025,-34.25,91.25,4019.0,2014-03-08T00:32:08Z,2014-03-08T00:51:12Z,4000000000.0,2231.4,256.69,2014-03-08T00:56:49Z,2014-03-08T01:16:32Z,0,135.4,16.0,135.4,16.0,135.4,14.9,141.7,14.7,108.6,0.374,103.6,0.211,98.6,0.118,93.6,0.0666,88.6,0.0374,83.6,0.0211,78.6,0.0118
3376,0.00025,-34.25,91.25,4019.0,2014-03-08T00:32:08Z,2014-03-08T00:51:12Z,4000000000.0,2233.2,256.62,2014-03-08T00:56:50Z,2014-03-08T01:16:33Z,0,135.4,16.0,135.4,16.0,135.4,14.9,141.7,14.7,108.6,0.374,103.6,0.21,98.6,0.118,93.6,0.0666,88.6,0.0374,83.6,0.021,78.6,0.0118
3250,0.00025,-34.25,91.25,4019.0,2014-03-08T00:32:08Z,2014-03-08T00:51:12Z,4000000000.0,3656.9,229.73,2014-03-08T01:12:46Z,2014-03-08T01:32:34Z,1,137.6,16.0,137.6,16.0,137.6,14.9,143.8,14.7,106.5,0.25,101.5,0.141,96.5,0.0792,91.5,0.0445,86.5,0.025,81.5,0.0141,76.5,0.00792
3274,0.00025,-34.25,91.25,4019.0,2014-03-08T00:32:08Z,2014-03-08T00:51:12Z,4000000000.0,4456.3,260.11,2014-03-08T01:21:42Z,2014-03-08T01:41:37Z,0,138.4,16.0,138.4,16.0,138.4,14.9,144.7,14.7,105.6,0.211,100.6,0.119,95.6,0.0669,90.6,0.0376,85.6,0.0211,80.6,0.0119,75.6,0.00669
3275,0.00025,-34.25,91.25,4019.0,2014-03-08T00:32:08Z,2014-03-08T00:51:12Z,4000000000.0,4454.4,260.13,2014-03-08T01:21:41Z,2014-03-08T01:41:36Z,0,138.4,16.0,138.4,16.0,138.4,14.9,144.7,14.7,105.6,0.212,100.6,0.119,95.6,0.0669,90.6,0.0376,85.6,0.0212,80.6,0.0119,75.6,0.00669
H01W,0.0002,-34.25,91.75,4431.0,2014-03-08T00:34:38Z,2014-03-08T00:54:48Z,4000000000.0,2052.5,265.42,2014-03-08T00:57:44Z,2014-03-08T01:18:05Z,0,135.0,12.5,135.0,12.5,135.0,11.0,141.3,10.7,109.0,0.4,104.0,0.225,99.0,0.126,94.0,0.0711,89.0,0.04,84.0,0.0225,79.0,0.0126
H08S,0.0002,-34.25,91.75,4431.0,2014-03-08T00:34:38Z,2014-03-08T00:54:48Z,4000000000.0,3552.6,148.9,2014-03-08T01:14:06Z,2014-03-08T01:34:46Z,1,138.9,12.2,138.9,10.7,139.0,11.0,141.7,10.7,106.1,0.241,101.1,0.136,96.1,0.0763,91.1,0.0429,86.1,0.0241,81.1,0.0136,76.1,0.00763
3315,0.0002,-34.25,91.75,4431.0,2014-03-08T00:34:38Z,2014-03-08T00:54:48Z,4000000000.0,2184.7,256.58,2014-03-08T00:59:11Z,2014-03-08T01:19:34Z,0,135.3,16.0,135.3,16.0,135.3,14.9,141.6,14.7,108.7,0.381,103.7,0.214,98.7,0.12,93.7,0.0677,88.7,0.0381,83.7,0.0214,78.7,0.012
3376,0.0002,-34.25,91.75,4431.0,2014-03-08T00:34:38Z,2014-03-08T00:54:48Z,4000000000.0,2186.5,256.51,2014-03-08T00:59:13Z,2014-03-08T01:19:35Z,0,135.3,16.0,135.3,16.0,135.3,14.9,141.6,14.7,108.7,0.381,103.7,0.214,98.7,0.12,93.7,0.0677,88.7,0.0381,83.7,0.0214,78.7,0.012
3250,0.0002,-34.25,91.75,4431.0,2014-03-08T00:34:38Z,2014-03-08T00:54:48Z,4000000000.0,3614.1,229.34,2014-03-08T01:15:06Z,2014-03-08T01:35:42Z,1,137.5,16.0,137.5,16.0,137.5,14.9,143.8,14.7,106.5,0.253,101.5,0.142,96.5,0.0799,91.5,0.045,86.5,0.0253,81.5,0.0142,76.5,0.00799
3274,0.0002,-34.25,91.75,4431.0,2014-03-08T00:34:38Z,2014-03-08T00:54:48Z,4000000000.0,4411.8,260.39,2014-03-08T01:24:07Z,2014-03-08T01:44:40Z,0,138.4,16.0,138.4,16.0,138.4,14.9,144.7,14.7,105.7,0.213,100.7,0.12,95.7,0.0674,90.7,0.0379,85.7,0.0213,80.7,0.012,75.7,0.00674
3275,0.0002,-34.25,91.75,4431.0,2014-03-08T00:34:38Z,2014-03-08T00:54:48Z,4000000000.0,4409.9,260.41,2014-03-08T01:24:06Z,2014-03-08T01:44:39Z,0,138.4,16.0,138.4,16.0,138.4,14.9,144.7,14.7,105.7,0.213,100.7,0.12,95.7,0.0675,90.7,0.0379,85.7,0.0213,80.7,0.012,75.7,0.00675
H01W,0.00025,-34.25,92.25,4570.0,2014-03-08T00:24:13Z,2014-03-08T00:51:57Z,4000000000.0,1987.5,265.71,2014-03-08T00:46:45Z,2014-03-08T01:14:20Z,0,134.9,12.5,134.9,12.5,134.9,11.0,141.2,10.7,109.1,0.41,104.1,0.23,99.1,0.13,94.1,0.0729,89.1,0.041,84.1,0.023,79.1,0.013
H08S,0.00025,-34.25,92.25,4570.0,2014-03-08T00:24:13Z,2014-03-08T00:51:57Z,4000000000.0,3580.6,148.07,2014-03-08T01:04:11Z,2014-03-08T01:32:29Z,0,139.0,12.2,139.0,10.7,139.0,11.0,141.7,10.7,106.0,0.24,101.0,0.135,96.0,0.0758,91.0,0.0426,86.0,0.024,81.0,0.0135,76.0,0.00758
3315,0.00025,-34.25,92.25,4570.0,2014-03-08T00:24:13Z,2014-03-08T00:51:57Z,4000000000.0,2115.9,256.61,2014-03-08T00:48:14Z,2014-03-08T01:15:48Z,0,135.2,16.0,135.2,16.0,135.2,14.9,141.5,14.7,108.9,0.39,103.9,0.22,98.9,0.123,93.9,0.0694,88.9,0.039,83.9,0.022,78.9,0.0123
3376,0.00025,-34.25,92.25,4570.0,2014-03-08T00:24:13Z,2014-03-08T00:51:57Z,4000000000.0,2117.7,256.54,2014-03-08T00:48:15Z,2014-03-08T01:15:50Z,0,135.2,16.0,135.2,16.0,135.2,14.9,141.5,14.7,108.9,0.39,103.9,0.219,98.9,0.123,93.9,0.0694,88.9,0.039,83.9,0.0219,78.9,0.0123
3250,0.00025,-34.25,92.25,4570.0,2014-03-08T00:24:13Z,2014-03-08T00:51:57Z,4000000000.0,3559.5,228.99,2014-03-08T01:04:18Z,2014-03-08T01:32:02Z,1,137.4,16.0,137.4,16.0,137.4,14.9,143.7,14.7,106.6,0.256,101.6,0.144,96.6,0.081,91.6,0.0455,86.6,0.0256,81.6,0.0144,76.6,0.0081
3274,0.00025,-34.25,92.25,4570.0,2014-03-08T00:24:13Z,2014-03-08T00:51:57Z,4000000000.0,4354.7,260.7,2014-03-08T01:13:07Z,2014-03-08T01:40:59Z,0,138.3,16.0,138.3,16.0,138.3,14.9,144.6,14.7,105.7,0.216,100.7,0.121,95.7,0.0682,90.7,0.0384,85.7,0.0216,80.7,0.0121,75.7,0.00682
3275,0.00025,-34.25,92.25,4570.0,2014-03-08T00:24:13Z,2014-03-08T00:51:57Z,4000000000.0,4352.8,260.72,2014-03-08T01:13:05Z,2014-03-08T01:40:58Z,0,138.3,16.0,138.3,16.0,138.3,14.9,144.6,14.7,105.7,0.216,100.7,0.121,95.7,0.0682,90.7,0.0384,85.7,0.0216,80.7,0.0121,75.7,0.00682
H01W,0.00015,-34.25,92.75,4374.0,2014-03-08T00:20:57Z,2014-03-08T00:29:15Z,4000000000.0,1974.5,265.86,2014-03-08T00:43:03Z,2014-03-08T00:51:31Z,0,134.9,12.5,134.9,12.5,134.9,11.0,141.2,10.7,109.2,0.412,104.2,0.232,99.2,0.13,94.2,0.0732,89.2,0.0412,84.2,0.0232,79.2,0.013
H08S,0.00015,-34.25,92.75,4374.0,2014-03-08T00:20:57Z,2014-03-08T00:29:15Z,4000000000.0,3597.4,147.84,2014-03-08T01:00:56Z,2014-03-08T01:09:49Z,0,139.0,12.2,139.0,10.7,139.1,11.0,141.8,10.7,106.0,0.239,101.0,0.134,96.0,0.0755,91.0,0.0425,86.0,0.0239,81.0,0.0134,76.0,0.00755
3315,0.00015,-34.25,92.75,4374.0,2014-03-08T00:20:57Z,2014-03-08T00:29:15Z,4000000000.0,2104.8,256.71,2014-03-08T00:44:28Z,2014-03-08T00:52:59Z,0,135.2,16.0,135.2,16.0,135.2,14.9,141.4,14.7,108.9,0.392,103.9,0.22,98.9,0.124,93.9,0.0697,88.9,0.0392,83.9,0.022,78.9,0.0124
3376,0.00015,-34.25,92.75,4374.0,2014-03-08T00:20:57Z,2014-03-08T00:29:15Z,4000000000.0,2106.6,256.64,2014-03-08T00:44:29Z,2014-03-08T00:53:00Z,0,135.2,16.0,135.2,16.0,135.2,14.9,141.4,14.7,108.9,0.392,103.9,0.22,98.9,0.124,93.9,0.0697,88.9,0.0392,83.9,0.022,78.9,0.0124
3250,0.00015,-34.25,92.75,4374.0,2014-03-08T00:20:57Z,2014-03-08T00:29:15Z,4000000000.0,3543.1,228.8,2014-03-08T01:00:25Z,2014-03-08T01:09:12Z,1,137.4,16.0,137.4,16.0,137.4,14.9,143.7,14.7,106.6,0.257,101.6,0.145,96.6,0.0813,91.6,0.0457,86.6,0.0257,81.6,0.0145,76.6,0.00813
3274,0.00015,-34.25,92.75,4374.0,2014-03-08T00:20:57Z,2014-03-08T00:29:15Z,4000000000.0,4339.7,260.81,2014-03-08T01:09:32Z,2014-03-08T01:18:11Z,0,138.3,16.0,138.3,16.0,138.3,14.9,144.6,14.7,105.7,0.216,100.7,0.122,95.7,0.0684,90.7,0.0385,85.7,0.0216,80.7,0.0122,75.7,0.00684
3275,0.00015,-34.25,92.75,4374.0,2014-03-08T00:20:57Z,2014-03-08T00:29:15Z,4000000000.0,4337.7,260.83,2014-03-08T01:09:30Z,2014-03-08T01:18:10Z,0,138.3,16.0,138.3,16.0,138.3,14.9,144.6,14.7,105.7,0.216,100.7,0.122,95.7,0.0684,90.7,0.0385,85.7,0.0216,80.7,0.0122,75.7,0.00684
H01W,0.00025,-34.25,93.25,4273.0,2014-03-08T00:26:58Z,2014-03-08T00:34:58Z,4000000000.0,1926.7,265.45,2014-03-08T00:48:19Z,2014-03-08T00:56:41Z,0,134.8,12.5,134.8,12.5,134.8,11.0,141.1,10.7,109.3,0.42,104.3,0.236,99.3,0.133,94.3,0.0746,89.3,0.042,84.3,0.0236,79.3,0.0133
H08S,0.00025,-34.25,93.25,4273.0,2014-03-08T00:26:58Z,2014-03-08T00:34:58Z,4000000000.0,3641.9,147.31,2014-03-08T01:07:45Z,2014-03-08T01:16:02Z,0,139.0,12.2,139.0,10.7,139.1,11.0,141.8,10.7,106.0,0.236,101.0,0.133,96.0,0.0747,91.0,0.042,86.0,0.0236,81.0,0.0133,76.0,0.00747
3315,0.00025,-34.25,93.25,4273.0,2014-03-08T00:26:58Z,2014-03-08T00:34:58Z,4000000000.0,2059.8,256.12,2014-03-08T00:49:47Z,2014-03-08T00:58:11Z,0,135.1,16.0,135.1,16.0,135.1,14.9,141.3,14.7,109.0,0.399,104.0,0.224,99.0,0.126,94.0,0.0709,89.0,0.0399,84.0,0.0224,79.0,0.0126
3376,0.00025,-34.25,93.25,4273.0,2014-03-08T00:26:58Z,2014-03-08T00:34:58Z,4000000000.0,2061.6,256.05,2014-03-08T00:49:49Z,2014-03-08T00:58:13Z,0,135.1,16.0,135.1,16.0,135.1,14.9,141.4,14.7,109.0,0.398,104.0,0.224,99.0,0.126,94.0,0.0708,89.0,0.0398,84.0,0.0224,79.0,0.0126
3250,0.00025,-34.25,93.25,4273.0,2014-03-08T00:26:58Z,2014-03-08T00:34:58Z,4000000000.0,3506.8,228.12,2014-03-08T01:06:02Z,2014-03-08T01:14:35Z,1,137.4,16.0,137.4,16.0,137.4,14.9,143.7,14.7,106.7,0.259,101.7,0.146,96.7,0.082,91.7,0.0461,86.7,0.0259,81.7,0.0146,76.7,0.0082
3274,0.00025,-34.25,93.25,4273.0,2014-03-08T00:26:58Z,2014-03-08T00:34:58Z,4000000000.0,4290.1,260.78,2014-03-08T01:14:44Z,2014-03-08T01:23:20Z,0,138.3,16.0,138.3,16.0,138.3,14.9,144.5,14.7,105.8,0.218,100.8,0.123,95.8,0.0691,90.8,0.0389,85.8,0.0218,80.8,0.0123,75.8,0.00691
3275,0.00025,-34.25,93.25,4273.0,2014-03-08T00:26:58Z,2014-03-08T00:34:58Z,4000000000.0,4288.2,260.8,2014-03-08T01:14:43Z,2014-03-08T01:23:19Z,0,138.2,16.0,138.2,16.0,138.2,14.9,144.5,14.7,105.8,0.219,100.8,0.123,95.8,0.0691,90.8,0.0389,85.8,0.0219,80.8,0.0123,75.8,0.00691
H01W,0.0003,-34.25,93.75,4224.0,2014-03-08T00:24:57Z,2014-03-08T00:53:06Z,4000000000.0,1879.4,266.07,2014-03-08T00:45:36Z,2014-03-08T01:14:19Z,0,134.7,12.5,134.7,12.5,134.7,11.0,140.9,10.7,109.4,0.428,104.4,0.241,99.4,0.135,94.4,0.0761,89.4,0.0428,84.4,0.0241,79.4,0.0135
H08S,0.0003,-34.25,93.75,4224.0,2014-03-08T00:24:57Z,2014-03-08T00:53:06Z,4000000000.0,3672.1,146.74,2014-03-08T01:05:58Z,2014-03-08T01:34:23Z,0,139.1,12.2,139.1,10.7,139.1,11.0,141.9,10.7,105.9,0.235,100.9,0.132,95.9,0.0742,90.9,0.0417,85.9,0.0235,80.9,0.0132,75.9,0.00742
3315,0.0003,-34.25,93.75,4224.0,2014-03-08T00:24:57Z,2014-03-08T00:53:06Z,4000000000.0,2010.6,256.46,2014-03-08T00:47:01Z,2014-03-08T01:15:47Z,0,135.0,16.0,135.0,16.0,135.0,14.9,141.2,14.7,109.1,0.406,104.1,0.228,99.1,0.128,94.1,0.0722,89.1,0.0406,84.1,0.0228,79.1,0.0128
3376,0.0003,-34.25,93.75,4224.0,2014-03-08T00:24:57Z,2014-03-08T00:53:06Z,4000000000.0,2012.4,256.38,2014-03-08T00:47:02Z,2014-03-08T01:15:48Z,0,135.0,16.0,135.0,16.0,135.0,14.9,141.2,14.7,109.1,0.406,104.1,0.228,99.1,0.128,94.1,0.0722,89.1,0.0406,84.1,0.0228,79.1,0.0128
3250,0.0003,-34.25,93.75,4224.0,2014-03-08T00:24:57Z,2014-03-08T00:53:06Z,4000000000.0,3466.0,227.83,2014-03-08T01:03:12Z,2014-03-08T01:32:09Z,1,137.3,16.0,137.3,16.0,137.3,14.9,143.6,14.7,106.7,0.262,101.7,0.147,96.7,0.0828,91.7,0.0466,86.7,0.0262,81.7,0.0147,76.7,0.00828
3274,0.0003,-34.25,93.75,4224.0,2014-03-08T00:24:57Z,2014-03-08T00:53:06Z,4000000000.0,4246.5,261.2,2014-03-08T01:12:08Z,2014-03-08T01:41:02Z,0,138.2,16.0,138.2,16.0,138.2,14.9,144.5,14.7,105.8,0.22,100.8,0.124,95.8,0.0697,90.8,0.0392,85.8,0.022,80.8,0.0124,75.8,0.00697
3275,0.0003,-34.25,93.75,4224.0,2014-03-08T00:24:57Z,2014-03-08T00:53:06Z,4000000000.0,4244.5,261.22,2014-03-08T01:12:06Z,2014-03-08T01:41:00Z,0,138.2,16.0,138.2,16.0,138.2,14.9,144.5,14.7,105.8,0.22,100.8,0.124,95.8,0.0697,90.8,0.0392,85.8,0.022,80.8,0.0124,75.8,0.00697
H01W,5e-05,-34.25,94.25,4327.0,2014-03-08T00:54:33Z,2014-03-08T00:54:33Z,4000000000.0,1838.8,266.45,2014-03-08T01:15:06Z,2014-03-08T01:15:17Z,0,134.6,12.5,134.6,12.5,134.6,11.0,140.9,10.7,109.5,0.435,104.5,0.245,99.5,0.138,94.5,0.0774,89.5,0.0435,84.5,0.0245,79.5,0.0138
H08S,5e-05,-34.25,94.25,4327.0,2014-03-08T00:54:33Z,2014-03-08T00:54:33Z,4000000000.0,3686.7,146.11,2014-03-08T01:35:44Z,2014-03-08T01:36:07Z,1,139.1,12.2,139.1,10.7,139.2,11.0,141.9,10.7,105.9,0.234,100.9,0.132,95.9,0.074,90.9,0.0416,85.9,0.0234,80.9,0.0132,75.9,0.0074
3315,5e-05,-34.25,94.25,4327.0,2014-03-08T00:54:33Z,2014-03-08T00:54:33Z,4000000000.0,1967.8,256.62,2014-03-08T01:16:32Z,2014-03-08T01:16:45Z,0,134.9,16.0,134.9,16.0,134.9,14.9,141.1,14.7,109.2,0.413,104.2,0.232,99.2,0.131,94.2,0.0734,89.2,0.0413,84.2,0.0232,79.2,0.0131
3376,5e-05,-34.25,94.25,4327.0,2014-03-08T00:54:33Z,2014-03-08T00:54:33Z,4000000000.0,1969.6,256.55,2014-03-08T01:16:33Z,2014-03-08T01:16:46Z,0,134.9,16.0,134.9,16.0,134.9,14.9,141.2,14.7,109.2,0.413,104.2,0.232,99.2,0.131,94.2,0.0734,89.2,0.0413,84.2,0.0232,79.2,0.0131
3250,5e-05,-34.25,94.25,4327.0,2014-03-08T00:54:33Z,2014-03-08T00:54:33Z,4000000000.0,3424.0,227.63,2014-03-08T01:32:48Z,2014-03-08T01:33:10Z,1,137.3,16.0,137.3,16.0,137.3,14.9,143.6,14.7,106.8,0.265,101.8,0.149,96.8,0.0837,91.8,0.047,86.8,0.0265,81.8,0.0149,76.8,0.00837
3274,5e-05,-34.25,94.25,4327.0,2014-03-08T00:54:33Z,2014-03-08T00:54:33Z,4000000000.0,4211.6,261.51,2014-03-08T01:41:36Z,2014-03-08T01:42:03Z,0,138.2,16.0,138.2,16.0,138.2,14.9,144.5,14.7,105.9,0.222,100.9,0.125,95.9,0.0702,90.9,0.0395,85.9,0.0222,80.9,0.0125,75.9,0.00702
3275,5e-05,-34.25,94.25,4327.0,2014-03-08T00:54:33Z,2014-03-08T00:54:33Z,4000000000.0,4209.7,261.53,2014-03-08T01:41:35Z,2014-03-08T01:42:01Z,0,138.2,16.0,138.2,16.0,138.2,14.9,144.5,14.7,105.9,0.222,100.9,0.125,95.9,0.0702,90.9,0.0395,85.9,0.0222,80.9,0.0125,75.9,0.00702
H01W,0.0001,-34.25,95.25,4330.0,2014-03-08T00:19:54Z,2014-03-08T00:34:30Z,4000000000.0,1726.6,267.45,2014-03-08T00:39:07Z,2014-03-08T00:54:02Z,0,134.3,12.5,134.3,12.5,134.3,11.0,140.6,10.7,109.7,0.456,104.7,0.257,99.7,0.144,94.7,0.0811,89.7,0.0456,84.7,0.0257,79.7,0.0144
H08S,0.0001,-34.25,95.25,4330.0,2014-03-08T00:19:54Z,2014-03-08T00:34:30Z,4000000000.0,3754.5,144.57,2014-03-08T01:01:49Z,2014-03-08T01:16:51Z,0,139.2,12.2,139.2,10.7,139.2,11.0,142.0,10.7,105.8,0.23,100.8,0.13,95.8,0.0728,90.8,0.041,85.8,0.023,80.8,0.013,75.8,0.00728
3315,0.0001,-34.25,95.25,4330.0,2014-03-08T00:19:54Z,2014-03-08T00:34:30Z,4000000000.0,1851.9,256.94,2014-03-08T00:40:30Z,2014-03-08T00:55:28Z,0,134.6,16.0,134.6,16.0,134.6,14.9,140.9,14.7,109.4,0.433,104.4,0.243,99.4,0.137,94.4,0.0769,89.4,0.0433,84.4,0.0243,79.4,0.0137
3376,0.0001,-34.25,95.25,4330.0,2014-03-08T00:19:54Z,2014-03-08T00:34:30Z,4000000000.0,1853.7,256.86,2014-03-08T00:40:31Z,2014-03-08T00:55:29Z,0,134.6,16.0,134.6,16.0,134.6,14.9,140.9,14.7,109.4,0.432,104.4,0.243,99.4,0.137,94.4,0.0769,89.4,0.0432,84.4,0.0243,79.4,0.0137
3250,0.0001,-34.25,95.25,4330.0,2014-03-08T00:19:54Z,2014-03-08T00:34:30Z,4000000000.0,3317.7,226.78,2014-03-08T00:56:50Z,2014-03-08T01:12:02Z,1,137.1,16.0,137.1,16.0,137.1,14.9,143.4,14.7,106.9,0.272,101.9,0.153,96.9,0.0859,91.9,0.0483,86.9,0.0272,81.9,0.0153,76.9,0.00859
3274,0.0001,-34.25,95.25,4330.0,2014-03-08T00:19:54Z,2014-03-08T00:34:30Z,4000000000.0,4108.7,262.32,2014-03-08T01:05:45Z,2014-03-08T01:20:52Z,0,138.1,16.0,138.1,16.0,138.1,14.9,144.3,14.7,106.0,0.227,101.0,0.127,96.0,0.0717,91.0,0.0403,86.0,0.0227,81.0,0.0127,76.0,0.00717
3275,0.0001,-34.25,95.25,4330.0,2014-03-08T00:19:54Z,2014-03-08T00:34:30Z,4000000000.0,4106.7,262.33,2014-03-08T01:05:44Z,2014-03-08T01:20:50Z,0,138.1,16.0,138.1,16.0,138.1,14.9,144.3,14.7,106.0,0.227,101.0,0.128,96.0,0.0717,91.0,0.0403,86.0,0.0227,81.0,0.0128,76.0,0.00717
H01W,5e-05,-34.25,97.25,4333.0,2014-03-08T00:47:05Z,2014-03-08T00:47:05Z,4000000000.0,1562.4,267.66,2014-03-08T01:04:32Z,2014-03-08T01:04:42Z,0,133.9,12.5,133.9,12.5,133.9,11.0,140.1,10.7,110.2,0.492,105.2,0.277,100.2,0.155,95.2,0.0874,90.2,0.0492,85.2,0.0277,80.2,0.0155
H08S,5e-05,-34.25,97.25,4333.0,2014-03-08T00:47:05Z,2014-03-08T00:47:05Z,4000000000.0,3881.8,142.91,2014-03-08T01:30:27Z,2014-03-08T01:30:51Z,0,139.3,12.2,139.3,10.7,139.4,11.0,142.1,10.7,105.7,0.224,100.7,0.126,95.7,0.0708,90.7,0.0398,85.7,0.0224,80.7,0.0126,75.7,0.00708
3315,5e-05,-34.25,97.25,4333.0,2014-03-08T00:47:05Z,2014-03-08T00:47:05Z,4000000000.0,1689.6,256.11,2014-03-08T01:05:57Z,2014-03-08T01:06:08Z,0,134.2,16.0,134.2,16.0,134.2,14.9,140.5,14.7,109.8,0.464,104.8,0.261,99.8,0.147,94.8,0.0825,89.8,0.0464,84.8,0.0261,79.8,0.0147
3376,5e-05,-34.25,97.25,4333.0,2014-03-08T00:47:05Z,2014-03-08T00:47:05Z,4000000000.0,1691.4,256.03,2014-03-08T01:05:59Z,2014-03-08T01:06:09Z,0,134.2,16.0,134.2,16.0,134.2,14.9,140.5,14.7,109.8,0.463,104.8,0.261,99.8,0.147,94.8,0.0824,89.8,0.0463,84.8,0.0261,79.8,0.0147
3250,5e-05,-34.25,97.25,4333.0,2014-03-08T00:47:05Z,2014-03-08T00:47:05Z,4000000000.0,3190.2,224.88,2014-03-08T01:22:43Z,2014-03-08T01:23:03Z,1,137.0,16.0,137.0,16.0,137.0,14.9,143.2,14.7,107.1,0.281,102.1,0.158,97.1,0.0887,92.1,0.0499,87.1,0.0281,82.1,0.0158,77.1,0.00887
3274,5e-05,-34.25,97.25,4333.0,2014-03-08T00:47:05Z,2014-03-08T00:47:05Z,4000000000.0,3949.7,262.95,2014-03-08T01:31:12Z,2014-03-08T01:31:37Z,0,137.9,16.0,137.9,16.0,137.9,14.9,144.2,14.7,106.1,0.234,101.1,0.132,96.1,0.0742,91.1,0.0417,86.1,0.0234,81.1,0.0132,76.1,0.00742
3275,5e-05,-34.25,97.25,4333.0,2014-03-08T00:47:05Z,2014-03-08T00:47:05Z,4000000000.0,3947.7,262.96,2014-03-08T01:31:11Z,2014-03-08T01:31:36Z,0,137.9,16.0,137.9,16.0,137.9,14.9,144.2,14.7,106.1,0.235,101.1,0.132,96.1,0.0742,91.1,0.0417,86.1,0.0235,81.1,0.0132,76.1,0.00742
H01W,5e-05,-33.75,90.75,4024.0,2014-03-08T00:29:26Z,2014-03-08T00:29:26Z,4000000000.0,2131.8,266.04,2014-03-08T00:53:15Z,2014-03-08T00:53:28Z,0,135.2,12.5,135.2,12.5,135.2,11.0,141.5,10.7,108.8,0.388,103.8,0.218,98.8,0.123,93.8,0.069,88.8,0.0388,83.8,0.0218,78.8,0.0123
H08S,5e-05,-33.75,90.75,4024.0,2014-03-08T00:29:26Z,2014-03-08T00:29:26Z,4000000000.0,3477.8,149.59,2014-03-08T01:08:17Z,2014-03-08T01:08:39Z,0,138.8,12.2,138.8,10.7,138.9,11.0,141.6,10.7,106.2,0.246,101.2,0.138,96.2,0.0777,91.2,0.0437,86.2,0.0246,81.2,0.0138,76.2,0.00777
3315,5e-05,-33.75,90.75,4024.0,2014-03-08T00:29:26Z,2014-03-08T00:29:26Z,4000000000.0,2259.3,257.53,2014-03-08T00:54:40Z,2014-03-08T00:54:55Z,0,135.5,16.0,135.5,16.0,135.5,14.9,141.7,14.7,108.6,0.371,103.6,0.209,98.6,0.117,93.6,0.0659,88.6,0.0371,83.6,0.0209,78.6,0.0117
3376,5e-05,-33.75,90.75,4024.0,2014-03-08T00:29:26Z,2014-03-08T00:29:26Z,4000000000.0,2261.0,257.46,2014-03-08T00:54:41Z,2014-03-08T00:54:56Z,0,135.5,16.0,135.5,16.0,135.5,14.9,141.8,14.7,108.6,0.371,103.6,0.208,98.6,0.117,93.6,0.0659,88.6,0.0371,83.6,0.0208,78.6,0.0117
3250,5e-05,-33.75,90.75,4024.0,2014-03-08T00:29:26Z,2014-03-08T00:29:26Z,4000000000.0,3666.1,230.45,2014-03-08T01:10:23Z,2014-03-08T01:10:46Z,1,137.6,16.0,137.6,16.0,137.6,14.9,143.9,14.7,106.5,0.25,101.5,0.14,96.5,0.079,91.5,0.0444,86.5,0.025,81.5,0.014,76.5,0.0079
3274,5e-05,-33.75,90.75,4024.0,2014-03-08T00:29:26Z,2014-03-08T00:29:26Z,4000000000.0,4494.7,260.42,2014-03-08T01:19:38Z,2014-03-08T01:20:07Z,0,138.5,16.0,138.5,16.0,138.5,14.9,144.7,14.7,105.6,0.21,100.6,0.118,95.6,0.0664,90.6,0.0373,85.6,0.021,80.6,0.0118,75.6,0.00664
3275,5e-05,-33.75,90.75,4024.0,2014-03-08T00:29:26Z,2014-03-08T00:29:26Z,4000000000.0,4492.7,260.43,2014-03-08T01:19:37Z,2014-03-08T01:20:06Z,0,138.5,16.0,138.5,16.0,138.5,14.9,144.7,14.7,105.6,0.21,100.6,0.118,95.6,0.0664,90.6,0.0373,85.6,0.021,80.6,0.0118,75.6,0.00664
H01W,5e-05,-33.75,91.25,4300.0,2014-03-08T00:41:29Z,2014-03-08T00:41:29Z,4000000000.0,2123.0,266.95,2014-03-08T01:05:12Z,2014-03-08T01:05:25Z,0,135.2,12.5,135.2,12.5,135.2,11.0,141.5,10.7,108.8,0.389,103.8,0.219,98.8,0.123,93.8,0.0692,88.8,0.0389,83.8,0.0219,78.8,0.0123
H08S,5e-05,-33.75,91.25,4300.0,2014-03-08T00:41:29Z,2014-03-08T00:41:29Z,4000000000.0,3461.7,149.06,2014-03-08T01:20:09Z,2014-03-08T01:20:31Z,1,138.8,12.2,138.8,10.7,138.9,11.0,141.6,10.7,106.2,0.247,101.2,0.139,96.2,0.078,91.2,0.0439,86.2,0.0247,81.2,0.0139,76.2,0.0078
3315,5e-05,-33.75,91.25,4300.0,2014-03-08T00:41:29Z,2014-03-08T00:41:29Z,4000000000.0,2245.6,258.34,2014-03-08T01:06:34Z,2014-03-08T01:06:48Z,0,135.4,16.0,135.4,16.0,135.4,14.9,141.7,14.7,108.6,0.373,103.6,0.21,98.6,0.118,93.6,0.0663,88.6,0.0373,83.6,0.021,78.6,0.0118
3376,5e-05,-33.75,91.25,4300.0,2014-03-08T00:41:29Z,2014-03-08T00:41:29Z,4000000000.0,2247.4,258.27,2014-03-08T01:06:35Z,2014-03-08T01:06:50Z,0,135.4,16.0,135.4,16.0,135.4,14.9,141.7,14.7,108.6,0.372,103.6,0.209,98.6,0.118,93.6,0.0662,88.6,0.0372,83.6,0.0209,78.6,0.0118
3250,5e-05,-33.75,91.25,4300.0,2014-03-08T00:41:29Z,2014-03-08T00:41:29Z,4000000000.0,3639.6,230.8,2014-03-08T01:22:08Z,2014-03-08T01:22:31Z,1,137.5,16.0,137.5,16.0,137.5,14.9,143.8,14.7,106.5,0.251,101.5,0.141,96.5,0.0795,91.5,0.0447,86.5,0.0251,81.5,0.0141,76.5,0.00795
3274,5e-05,-33.75,91.25,4300.0,2014-03-08T00:41:29Z,2014-03-08T00:41:29Z,4000000000.0,4492.9,260.89,2014-03-08T01:31:40Z,2014-03-08T01:32:09Z,0,138.5,16.0,138.5,16.0,138.5,14.9,144.7,14.7,105.6,0.21,100.6,0.118,95.6,0.0664,90.6,0.0373,85.6,0.021,80.6,0.0118,75.6,0.00664
3275,5e-05,-33.75,91.25,4300.0,2014-03-08T00:41:29Z,2014-03-08T00:41:29Z,4000000000.0,4491.0,260.91,2014-03-08T01:31:39Z,2014-03-08T01:32:07Z,0,138.4,16.0,138.4,16.0,138.4,14.9,144.7,14.7,105.6,0.21,100.6,0.118,95.6,0.0664,90.6,0.0373,85.6,0.021,80.6,0.0118,75.6,0.00664
H01W,0.00015,-33.75,91.75,4315.0,2014-03-08T00:46:01Z,2014-03-08T00:49:48Z,4000000000.0,2041.6,266.83,2014-03-08T01:08:53Z,2014-03-08T01:12:49Z,0,135.0,12.5,135.0,12.5,135.0,11.0,141.3,10.7,109.0,0.401,104.0,0.226,99.0,0.127,94.0,0.0714,89.0,0.0401,84.0,0.0226,79.0,0.0127
H08S,0.00015,-33.75,91.75,4315.0,2014-03-08T00:46:01Z,2014-03-08T00:49:48Z,4000000000.0,3529.3,148.16,2014-03-08T01:25:27Z,2014-03-08T01:29:32Z,0,138.9,12.2,138.9,10.7,139.0,11.0,141.7,10.7,106.1,0.243,101.1,0.136,96.1,0.0767,91.1,0.0432,86.1,0.0243,81.1,0.0136,76.1,0.00767
3315,0.00015,-33.75,91.75,4315.0,2014-03-08T00:46:01Z,2014-03-08T00:49:48Z,4000000000.0,2165.6,257.88,2014-03-08T01:10:17Z,2014-03-08T01:14:13Z,0,135.3,16.0,135.3,16.0,135.3,14.9,141.6,14.7,108.8,0.383,103.8,0.216,98.8,0.121,93.8,0.0682,88.8,0.0383,83.8,0.0216,78.8,0.0121
3376,0.00015,-33.75,91.75,4315.0,2014-03-08T00:46:01Z,2014-03-08T00:49:48Z,4000000000.0,2167.4,257.81,2014-03-08T01:10:18Z,2014-03-08T01:14:14Z,0,135.3,16.0,135.3,16.0,135.3,14.9,141.6,14.7,108.8,0.383,103.8,0.215,98.8,0.121,93.8,0.0681,88.8,0.0383,83.8,0.0215,78.8,0.0121
3250,0.00015,-33.75,91.75,4315.0,2014-03-08T00:46:01Z,2014-03-08T00:49:48Z,4000000000.0,3575.8,229.88,2014-03-08T01:26:06Z,2014-03-08T01:30:07Z,1,137.5,16.0,137.5,16.0,137.5,14.9,143.7,14.7,106.6,0.255,101.6,0.143,96.6,0.0807,91.6,0.0454,86.6,0.0255,81.6,0.0143,76.6,0.00807
3274,0.00015,-33.75,91.75,4315.0,2014-03-08T00:46:01Z,2014-03-08T00:49:48Z,4000000000.0,4412.8,261.09,2014-03-08T01:35:20Z,2014-03-08T01:39:34Z,0,138.4,16.0,138.4,16.0,138.4,14.9,144.7,14.7,105.7,0.213,100.7,0.12,95.7,0.0674,90.7,0.0379,85.7,0.0213,80.7,0.012,75.7,0.00674
3275,0.00015,-33.75,91.75,4315.0,2014-03-08T00:46:01Z,2014-03-08T00:49:48Z,4000000000.0,4410.8,261.1,2014-03-08T01:35:18Z,2014-03-08T01:39:32Z,0,138.4,16.0,138.4,16.0,138.4,14.9,144.7,14.7,105.7,0.213,100.7,0.12,95.7,0.0675,90.7,0.0379,85.7,0.0213,80.7,0.012,75.7,0.00675
H01W,0.0003,-33.75,92.25,4167.0,2014-03-08T00:29:37Z,2014-03-08T00:53:55Z,4000000000.0,2009.2,266.89,2014-03-08T00:52:03Z,2014-03-08T01:16:31Z,0,135.0,12.5,135.0,12.5,135.0,11.0,141.2,10.7,109.1,0.406,104.1,0.229,99.1,0.129,94.1,0.0723,89.1,0.0406,84.1,0.0229,79.1,0.0129
H08S,0.0003,-33.75,92.25,4167.0,2014-03-08T00:29:37Z,2014-03-08T00:53:55Z,4000000000.0,3549.4,147.72,2014-03-08T01:09:16Z,2014-03-08T01:33:57Z,0,138.9,12.2,138.9,10.7,139.0,11.0,141.7,10.7,106.1,0.242,101.1,0.136,96.1,0.0764,91.1,0.043,86.1,0.0242,81.1,0.0136,76.1,0.00764
3315,0.0003,-33.75,92.25,4167.0,2014-03-08T00:29:37Z,2014-03-08T00:53:55Z,4000000000.0,2133.8,257.81,2014-03-08T00:53:26Z,2014-03-08T01:17:55Z,0,135.2,16.0,135.2,16.0,135.2,14.9,141.5,14.7,108.8,0.388,103.8,0.218,98.8,0.123,93.8,0.069,88.8,0.0388,83.8,0.0218,78.8,0.0123
3376,0.0003,-33.75,92.25,4167.0,2014-03-08T00:29:37Z,2014-03-08T00:53:55Z,4000000000.0,2135.5,257.74,2014-03-08T00:53:27Z,2014-03-08T01:17:56Z,0,135.2,16.0,135.2,16.0,135.2,14.9,141.5,14.7,108.8,0.388,103.8,0.218,98.8,0.123,93.8,0.0689,88.8,0.0388,83.8,0.0218,78.8,0.0123
3250,0.0003,-33.75,92.25,4167.0,2014-03-08T00:29:37Z,2014-03-08T00:53:55Z,4000000000.0,3546.4,229.61,2014-03-08T01:09:16Z,2014-03-08T01:33:53Z,1,137.4,16.0,137.4,16.0,137.4,14.9,143.7,14.7,106.6,0.257,101.6,0.144,96.6,0.0812,91.6,0.0457,86.6,0.0257,81.6,0.0144,76.6,0.00812
3274,0.0003,-33.75,92.25,4167.0,2014-03-08T00:29:37Z,2014-03-08T00:53:55Z,4000000000.0,4380.7,261.2,2014-03-08T01:18:32Z,2014-03-08T01:43:16Z,0,138.3,16.0,138.3,16.0,138.3,14.9,144.6,14.7,105.7,0.215,100.7,0.121,95.7,0.0679,90.7,0.0382,85.7,0.0215,80.7,0.0121,75.7,0.00679
3275,0.0003,-33.75,92.25,4167.0,2014-03-08T00:29:37Z,2014-03-08T00:53:55Z,4000000000.0,4378.7,261.22,2014-03-08T01:18:31Z,2014-03-08T01:43:15Z,0,138.3,16.0,138.3,16.0,138.3,14.9,144.6,14.7,105.7,0.215,100.7,0.121,95.7,0.0679,90.7,0.0382,85.7,0.0215,80.7,0.0121,75.7,0.00679
H01W,5e-05,-33.75,92.75,4371.0,2014-03-08T00:45:29Z,2014-03-08T00:45:29Z,4000000000.0,1945.4,267.38,2014-03-08T01:07:13Z,2014-03-08T01:07:25Z,0,134.8,12.5,134.8,12.5,134.8,11.0,141.1,10.7,109.2,0.417,104.2,0.234,99.2,0.132,94.2,0.0741,89.2,0.0417,84.2,0.0234,79.2,0.0132
H08S,5e-05,-33.75,92.75,4371.0,2014-03-08T00:45:29Z,2014-03-08T00:45:29Z,4000000000.0,3585.7,146.87,2014-03-08T01:25:32Z,2014-03-08T01:25:55Z,0,139.0,12.2,139.0,10.7,139.0,11.0,141.8,10.7,106.0,0.239,101.0,0.135,96.0,0.0757,91.0,0.0426,86.0,0.0239,81.0,0.0135,76.0,0.00757
3315,5e-05,-33.75,92.75,4371.0,2014-03-08T00:45:29Z,2014-03-08T00:45:29Z,4000000000.0,2067.9,257.99,2014-03-08T01:08:35Z,2014-03-08T01:08:48Z,0,135.1,16.0,135.1,16.0,135.1,14.9,141.4,14.7,109.0,0.397,104.0,0.223,99.0,0.126,94.0,0.0707,89.0,0.0397,84.0,0.0223,79.0,0.0126
3376,5e-05,-33.75,92.75,4371.0,2014-03-08T00:45:29Z,2014-03-08T00:45:29Z,4000000000.0,2069.6,257.92,2014-03-08T01:08:36Z,2014-03-08T01:08:49Z,0,135.1,16.0,135.1,16.0,135.1,14.9,141.4,14.7,109.0,0.397,104.0,0.223,99.0,0.126,94.0,0.0706,89.0,0.0397,84.0,0.0223,79.0,0.0126
3250,5e-05,-33.75,92.75,4371.0,2014-03-08T00:45:29Z,2014-03-08T00:45:29Z,4000000000.0,3488.9,229.19,2014-03-08T01:24:27Z,2014-03-08T01:24:49Z,1,137.4,16.0,137.4,16.0,137.4,14.9,143.6,14.7,106.7,0.26,101.7,0.146,96.7,0.0823,91.7,0.0463,86.7,0.026,81.7,0.0146,76.7,0.00823
3274,5e-05,-33.75,92.75,4371.0,2014-03-08T00:45:29Z,2014-03-08T00:45:29Z,4000000000.0,4322.2,261.61,2014-03-08T01:33:46Z,2014-03-08T01:34:13Z,0,138.3,16.0,138.3,16.0,138.3,14.9,144.6,14.7,105.8,0.217,100.8,0.122,95.8,0.0686,90.8,0.0386,85.8,0.0217,80.8,0.0122,75.8,0.00686
3275,5e-05,-33.75,92.75,4371.0,2014-03-08T00:45:29Z,2014-03-08T00:45:29Z,4000000000.0,4320.2,261.63,2014-03-08T01:33:44Z,2014-03-08T01:34:12Z,0,138.3,16.0,138.3,16.0,138.3,14.9,144.6,14.7,105.8,0.217,100.8,0.122,95.8,0.0687,90.8,0.0386,85.8,0.0217,80.8,0.0122,75.8,0.00687
H01W,0.00015,-33.75,93.25,4280.0,2014-03-08T00:23:57Z,2014-03-08T00:35:22Z,4000000000.0,1913.6,267.21,2014-03-08T00:45:36Z,2014-03-08T00:56:52Z,0,134.7,12.5,134.7,12.5,134.7,11.0,141.0,10.7,109.3,0.422,104.3,0.237,99.3,0.133,94.3,0.075,89.3,0.0422,84.3,0.0237,79.3,0.0133
H08S,0.00015,-33.75,93.25,4280.0,2014-03-08T00:23:57Z,2014-03-08T00:35:22Z,4000000000.0,3594.7,146.52,2014-03-08T01:04:06Z,2014-03-08T01:16:12Z,0,139.0,12.2,139.0,10.7,139.0,11.0,141.8,10.7,106.0,0.239,101.0,0.134,96.0,0.0756,91.0,0.0425,86.0,0.0239,81.0,0.0134,76.0,0.00756
3315,0.00015,-33.75,93.25,4280.0,2014-03-08T00:23:57Z,2014-03-08T00:35:22Z,4000000000.0,2030.0,257.81,2014-03-08T00:46:58Z,2014-03-08T00:58:15Z,0,135.0,16.0,135.0,16.0,135.0,14.9,141.3,14.7,109.0,0.403,104.0,0.227,99.0,0.127,94.0,0.0717,89.0,0.0403,84.0,0.0227,79.0,0.0127
3376,0.00015,-33.75,93.25,4280.0,2014-03-08T00:23:57Z,2014-03-08T00:35:22Z,4000000000.0,2031.8,257.73,2014-03-08T00:47:00Z,2014-03-08T00:58:17Z,0,135.0,16.0,135.0,16.0,135.0,14.9,141.3,14.7,109.0,0.403,104.0,0.227,99.0,0.127,94.0,0.0716,89.0,0.0403,84.0,0.0227,79.0,0.0127
3250,0.00015,-33.75,93.25,4280.0,2014-03-08T00:23:57Z,2014-03-08T00:35:22Z,4000000000.0,3461.4,229.04,2014-03-08T01:02:54Z,2014-03-08T01:14:24Z,1,137.3,16.0,137.3,16.0,137.3,14.9,143.6,14.7,106.7,0.262,101.7,0.147,96.7,0.0829,91.7,0.0466,86.7,0.0262,81.7,0.0147,76.7,0.00829
3274,0.00015,-33.75,93.25,4280.0,2014-03-08T00:23:57Z,2014-03-08T00:35:22Z,4000000000.0,4298.9,261.64,2014-03-08T01:12:08Z,2014-03-08T01:23:39Z,0,138.3,16.0,138.3,16.0,138.3,14.9,144.5,14.7,105.8,0.218,100.8,0.123,95.8,0.069,90.8,0.0388,85.8,0.0218,80.8,0.0123,75.8,0.0069
3275,0.00015,-33.75,93.25,4280.0,2014-03-08T00:23:57Z,2014-03-08T00:35:22Z,4000000000.0,4296.9,261.66,2014-03-08T01:12:07Z,2014-03-08T01:23:38Z,0,138.3,16.0,138.3,16.0,138.3,14.9,144.5,14.7,105.8,0.218,100.8,0.123,95.8,0.069,90.8,0.0388,85.8,0.0218,80.8,0.0123,75.8,0.0069
H01W,0.00035,-33.75,93.75,4360.0,2014-03-08T00:26:03Z,2014-03-08T00:47:02Z,4000000000.0,1870.6,267.61,2014-03-08T00:46:55Z,2014-03-08T01:08:06Z,0,134.6,12.5,134.6,12.5,134.6,11.0,140.9,10.7,109.4,0.429,104.4,0.241,99.4,0.136,94.4,0.0764,89.4,0.0429,84.4,0.0241,79.4,0.0136
H08S,0.00035,-33.75,93.75,4360.0,2014-03-08T00:26:03Z,2014-03-08T00:47:02Z,4000000000.0,3629.2,146.02,2014-03-08T01:06:46Z,2014-03-08T01:28:09Z,1,139.0,12.2,139.0,10.7,139.1,11.0,141.8,10.7,106.0,0.237,101.0,0.133,96.0,0.075,91.0,0.0422,86.0,0.0237,81.0,0.0133,76.0,0.0075
3315,0.00035,-33.75,93.75,4360.0,2014-03-08T00:26:03Z,2014-03-08T00:47:02Z,4000000000.0,1991.2,257.82,2014-03-08T00:48:17Z,2014-03-08T01:09:29Z,0,134.9,16.0,134.9,16.0,134.9,14.9,141.2,14.7,109.1,0.409,104.1,0.23,99.1,0.129,94.1,0.0728,89.1,0.0409,84.1,0.023,79.1,0.0129
3376,0.00035,-33.75,93.75,4360.0,2014-03-08T00:26:03Z,2014-03-08T00:47:02Z,4000000000.0,1993.0,257.75,2014-03-08T00:48:19Z,2014-03-08T01:09:30Z,0,134.9,16.0,134.9,16.0,134.9,14.9,141.2,14.7,109.1,0.409,104.1,0.23,99.1,0.129,94.1,0.0727,89.1,0.0409,84.1,0.023,79.1,0.0129
3250,0.00035,-33.75,93.75,4360.0,2014-03-08T00:26:03Z,2014-03-08T00:47:02Z,4000000000.0,3426.7,228.58,2014-03-08T01:04:20Z,2014-03-08T01:25:42Z,1,137.3,16.0,137.3,16.0,137.3,14.9,143.6,14.7,106.8,0.264,101.8,0.149,96.8,0.0836,91.8,0.047,86.8,0.0264,81.8,0.0149,76.8,0.00836
3274,0.00035,-33.75,93.75,4360.0,2014-03-08T00:26:03Z,2014-03-08T00:47:02Z,4000000000.0,4257.5,261.96,2014-03-08T01:13:29Z,2014-03-08T01:34:55Z,0,138.2,16.0,138.2,16.0,138.2,14.9,144.5,14.7,105.8,0.22,100.8,0.124,95.8,0.0695,90.8,0.0391,85.8,0.022,80.8,0.0124,75.8,0.00695
3275,0.00035,-33.75,93.75,4360.0,2014-03-08T00:26:03Z,2014-03-08T00:47:02Z,4000000000.0,4255.5,261.98,2014-03-08T01:13:28Z,2014-03-08T01:34:53Z,0,138.2,16.0,138.2,16.0,138.2,14.9,144.5,14.7,105.8,0.22,100.8,0.124,95.8,0.0696,90.8,0.0391,85.8,0.022,80.8,0.0124,75.8,0.00696
H01W,0.0003,-33.75,94.25,4246.0,2014-03-08T00:32:06Z,2014-03-08T00:48:47Z,4000000000.0,1827.0,268.08,2014-03-08T00:52:23Z,2014-03-08T01:09:11Z,0,134.5,12.5,134.5,12.5,134.5,11.0,140.8,10.7,109.5,0.437,104.5,0.246,99.5,0.138,94.5,0.0777,89.5,0.0437,84.5,0.0246,79.5,0.0138
H08S,0.0003,-33.75,94.25,4246.0,2014-03-08T00:32:06Z,2014-03-08T00:48:47Z,4000000000.0,3664.7,145.38,2014-03-08T01:13:12Z,2014-03-08T01:30:12Z,0,139.1,12.2,139.1,10.7,139.1,11.0,141.8,10.7,105.9,0.235,100.9,0.132,95.9,0.0744,90.9,0.0418,85.9,0.0235,80.9,0.0132,75.9,0.00744
3315,0.0003,-33.75,94.25,4246.0,2014-03-08T00:32:06Z,2014-03-08T00:48:47Z,4000000000.0,1948.6,258.15,2014-03-08T00:53:45Z,2014-03-08T01:10:32Z,0,134.8,16.0,134.8,16.0,134.8,14.9,141.1,14.7,109.2,0.416,104.2,0.234,99.2,0.132,94.2,0.074,89.2,0.0416,84.2,0.0234,79.2,0.0132
3376,0.0003,-33.75,94.25,4246.0,2014-03-08T00:32:06Z,2014-03-08T00:48:47Z,4000000000.0,1950.4,258.08,2014-03-08T00:53:46Z,2014-03-08T01:10:33Z,0,134.8,16.0,134.8,16.0,134.8,14.9,141.1,14.7,109.2,0.416,104.2,0.234,99.2,0.131,94.2,0.0739,89.2,0.0416,84.2,0.0234,79.2,0.0131
3250,0.0003,-33.75,94.25,4246.0,2014-03-08T00:32:06Z,2014-03-08T00:48:47Z,4000000000.0,3384.5,228.2,2014-03-08T01:09:52Z,2014-03-08T01:26:43Z,1,137.2,16.0,137.2,16.0,137.2,14.9,143.5,14.7,106.8,0.267,101.8,0.15,96.8,0.0845,91.8,0.0475,86.8,0.0267,81.8,0.015,76.8,0.00845
3274,0.0003,-33.75,94.25,4246.0,2014-03-08T00:32:06Z,2014-03-08T00:48:47Z,4000000000.0,4209.3,262.24,2014-03-08T01:18:59Z,2014-03-08T01:36:05Z,0,138.2,16.0,138.2,16.0,138.2,14.9,144.5,14.7,105.9,0.222,100.9,0.125,95.9,0.0702,90.9,0.0395,85.9,0.0222,80.9,0.0125,75.9,0.00702
3275,0.0003,-33.75,94.25,4246.0,2014-03-08T00:32:06Z,2014-03-08T00:48:47Z,4000000000.0,4207.4,262.26,2014-03-08T01:18:58Z,2014-03-08T01:36:04Z,0,138.2,16.0,138.2,16.0,138.2,14.9,144.4,14.7,105.9,0.222,100.9,0.125,95.9,0.0703,90.9,0.0395,85.9,0.0222,80.9,0.0125,75.9,0.00703
H01W,0.0001,-33.75,94.75,4348.0,2014-03-08T00:22:29Z,2014-03-08T00:23:37Z,4000000000.0,1794.9,268.08,2014-03-08T00:42:24Z,2014-03-08T00:44:00Z,0,134.5,12.5,134.5,12.5,134.5,11.0,140.7,10.7,109.6,0.443,104.6,0.249,99.6,0.14,94.6,0.0788,89.6,0.0443,84.6,0.0249,79.6,0.014
H08S,0.0001,-33.75,94.75,4348.0,2014-03-08T00:22:29Z,2014-03-08T00:23:37Z,4000000000.0,3688.9,145.01,2014-03-08T01:03:50Z,2014-03-08T01:05:04Z,1,139.1,12.2,139.1,10.7,139.2,11.0,141.9,10.7,105.9,0.234,100.9,0.131,95.9,0.0739,90.9,0.0416,85.9,0.0234,80.9,0.0131,75.9,0.00739
3315,0.0001,-33.75,94.75,4348.0,2014-03-08T00:22:29Z,2014-03-08T00:23:37Z,4000000000.0,1915.7,257.9,2014-03-08T00:43:46Z,2014-03-08T00:45:20Z,0,134.7,16.0,134.7,16.0,134.7,14.9,141.0,14.7,109.3,0.422,104.3,0.237,99.3,0.133,94.3,0.075,89.3,0.0422,84.3,0.0237,79.3,0.0133
3376,0.0001,-33.75,94.75,4348.0,2014-03-08T00:22:29Z,2014-03-08T00:23:37Z,4000000000.0,1917.4,257.82,2014-03-08T00:43:47Z,2014-03-08T00:45:22Z,0,134.8,16.0,134.8,16.0,134.8,14.9,141.0,14.7,109.3,0.421,104.3,0.237,99.3,0.133,94.3,0.0749,89.3,0.0421,84.3,0.0237,79.3,0.0133
3250,0.0001,-33.75,94.75,4348.0,2014-03-08T00:22:29Z,2014-03-08T00:23:37Z,4000000000.0,3357.7,227.83,2014-03-08T00:59:56Z,2014-03-08T01:01:32Z,1,137.2,16.0,137.2,16.0,137.2,14.9,143.5,14.7,106.9,0.269,101.9,0.151,96.9,0.085,91.9,0.0478,86.9,0.0269,81.9,0.0151,76.9,0.0085
3274,0.0001,-33.75,94.75,4348.0,2014-03-08T00:22:29Z,2014-03-08T00:23:37Z,4000000000.0,4179.5,262.38,2014-03-08T01:09:01Z,2014-03-08T01:10:54Z,0,138.1,16.0,138.1,16.0,138.1,14.9,144.4,14.7,105.9,0.223,100.9,0.126,95.9,0.0707,90.9,0.0397,85.9,0.0223,80.9,0.0126,75.9,0.00707
3275,0.0001,-33.75,94.75,4348.0,2014-03-08T00:22:29Z,2014-03-08T00:23:37Z,4000000000.0,4177.5,262.4,2014-03-08T01:09:00Z,2014-03-08T01:10:53Z,0,138.1,16.0,138.1,16.0,138.1,14.9,144.4,14.7,105.9,0.224,100.9,0.126,95.9,0.0707,90.9,0.0397,85.9,0.0224,80.9,0.0126,75.9,0.00707
H01W,0.0002,-33.75,95.25,4368.0,2014-03-08T00:27:00Z,2014-03-08T00:51:58Z,4000000000.0,1748.2,268.52,2014-03-08T00:46:40Z,2014-03-08T01:11:38Z,0,134.4,12.5,134.4,12.5,134.4,11.0,140.6,10.7,109.7,0.452,104.7,0.254,99.7,0.143,94.7,0.0804,89.7,0.0452,84.7,0.0254,79.7,0.0143
H08S,0.0002,-33.75,95.25,4368.0,2014-03-08T00:27:00Z,2014-03-08T00:51:58Z,4000000000.0,3714.8,144.39,2014-03-08T01:08:26Z,2014-03-08T01:33:51Z,0,139.1,12.2,139.1,10.7,139.2,11.0,141.9,10.7,105.9,0.232,100.9,0.131,95.9,0.0735,90.9,0.0413,85.9,0.0232,80.9,0.0131,75.9,0.00735
3315,0.0002,-33.75,95.25,4368.0,2014-03-08T00:27:00Z,2014-03-08T00:51:58Z,4000000000.0,1867.6,258.08,2014-03-08T00:48:00Z,2014-03-08T01:12:58Z,0,134.6,16.0,134.6,16.0,134.6,14.9,140.9,14.7,109.4,0.43,104.4,0.242,99.4,0.136,94.4,0.0764,89.4,0.043,84.4,0.0242,79.4,0.0136
3376,0.0002,-33.75,95.25,4368.0,2014-03-08T00:27:00Z,2014-03-08T00:51:58Z,4000000000.0,1869.4,258.0,2014-03-08T00:48:01Z,2014-03-08T01:12:59Z,0,134.6,16.0,134.6,16.0,134.6,14.9,140.9,14.7,109.4,0.43,104.4,0.242,99.4,0.136,94.4,0.0764,89.4,0.043,84.4,0.0242,79.4,0.0136
3250,0.0002,-33.75,95.25,4368.0,2014-03-08T00:27:00Z,2014-03-08T00:51:58Z,4000000000.0,3314.4,227.55,2014-03-08T01:04:08Z,2014-03-08T01:29:13Z,1,137.1,16.0,137.1,16.0,137.1,14.9,143.4,14.7,106.9,0.272,101.9,0.153,96.9,0.086,91.9,0.0483,86.9,0.0272,81.9,0.0153,76.9,0.0086
3274,0.0002,-33.75,95.25,4368.0,2014-03-08T00:27:00Z,2014-03-08T00:51:58Z,4000000000.0,4136.6,262.69,2014-03-08T01:13:20Z,2014-03-08T01:38:36Z,0,138.1,16.0,138.1,16.0,138.1,14.9,144.4,14.7,105.9,0.225,100.9,0.127,95.9,0.0713,90.9,0.0401,85.9,0.0225,80.9,0.0127,75.9,0.00713
3275,0.0002,-33.75,95.25,4368.0,2014-03-08T00:27:00Z,2014-03-08T00:51:58Z,4000000000.0,4134.7,262.71,2014-03-08T01:13:19Z,2014-03-08T01:38:34Z,0,138.1,16.0,138.1,16.0,138.1,14.9,144.4,14.7,105.9,0.226,100.9,0.127,95.9,0.0713,90.9,0.0401,85.9,0.0226,80.9,0.0127,75.9,0.00713
H01W,5e-05,-33.75,95.75,4346.0,2014-03-08T00:24:33Z,2014-03-08T00:24:33Z,4000000000.0,1705.1,268.76,2014-03-08T00:43:36Z,2014-03-08T00:43:47Z,0,134.2,12.5,134.2,12.5,134.2,11.0,140.5,10.7,109.8,0.461,104.8,0.259,99.8,0.146,94.8,0.0819,89.8,0.0461,84.8,0.0259,79.8,0.0146
H08S,5e-05,-33.75,95.75,4346.0,2014-03-08T00:24:33Z,2014-03-08T00:24:33Z,4000000000.0,3748.3,143.86,2014-03-08T01:06:26Z,2014-03-08T01:06:49Z,1,139.2,12.2,139.2,10.7,139.2,11.0,141.9,10.7,105.8,0.231,100.8,0.13,95.8,0.0729,90.8,0.041,85.8,0.0231,80.8,0.013,75.8,0.00729
3315,5e-05,-33.75,95.75,4346.0,2014-03-08T00:24:33Z,2014-03-08T00:24:33Z,4000000000.0,1823.7,258.02,2014-03-08T00:44:56Z,2014-03-08T00:45:07Z,0,134.5,16.0,134.5,16.0,134.5,14.9,140.8,14.7,109.5,0.438,104.5,0.246,99.5,0.138,94.5,0.0778,89.5,0.0438,84.5,0.0246,79.5,0.0138
3376,5e-05,-33.75,95.75,4346.0,2014-03-08T00:24:33Z,2014-03-08T00:24:33Z,4000000000.0,1825.4,257.94,2014-03-08T00:44:57Z,2014-03-08T00:45:08Z,0,134.5,16.0,134.5,16.0,134.5,14.9,140.8,14.7,109.5,0.437,104.5,0.246,99.5,0.138,94.5,0.0778,89.5,0.0437,84.5,0.0246,79.5,0.0138
3250,5e-05,-33.75,95.75,4346.0,2014-03-08T00:24:33Z,2014-03-08T00:24:33Z,4000000000.0,3276.1,227.06,2014-03-08T01:01:09Z,2014-03-08T01:01:30Z,1,137.1,16.0,137.1,16.0,137.1,14.9,143.4,14.7,107.0,0.274,102.0,0.154,97.0,0.0868,92.0,0.0488,87.0,0.0274,82.0,0.0154,77.0,0.00868
3274,5e-05,-33.75,95.75,4346.0,2014-03-08T00:24:33Z,2014-03-08T00:24:33Z,4000000000.0,4095.8,262.95,2014-03-08T01:10:19Z,2014-03-08T01:10:45Z,0,138.0,16.0,138.0,16.0,138.0,14.9,144.3,14.7,106.0,0.227,101.0,0.128,96.0,0.0719,91.0,0.0404,86.0,0.0227,81.0,0.0128,76.0,0.00719
3275,5e-05,-33.75,95.75,4346.0,2014-03-08T00:24:33Z,2014-03-08T00:24:33Z,4000000000.0,4093.8,262.97,2014-03-08T01:10:17Z,2014-03-08T01:10:43Z,0,138.0,16.0,138.0,16.0,138.0,14.9,144.3,14.7,106.0,0.227,101.0,0.128,96.0,0.0719,91.0,0.0404,86.0,0.0227,81.0,0.0128,76.0,0.00719
H01W,5e-05,-33.75,96.25,4209.0,2014-03-08T00:34:35Z,2014-03-08T00:34:35Z,4000000000.0,1642.6,270.31,2014-03-08T00:52:55Z,2014-03-08T00:53:06Z,0,134.1,12.5,134.1,12.5,134.1,11.0,140.4,10.7,110.0,0.474,105.0,0.266,100.0,0.15,95.0,0.0842,90.0,0.0474,85.0,0.0266,80.0,0.015
H08S,5e-05,-33.75,96.25,4209.0,2014-03-08T00:34:35Z,2014-03-08T00:34:35Z,4000000000.0,3774.1,142.69,2014-03-08T01:16:44Z,2014-03-08T01:17:08Z,0,139.2,12.2,139.2,10.7,139.3,11.0,142.0,10.7,105.8,0.229,100.8,0.129,95.8,0.0725,90.8,0.0408,85.8,0.0229,80.8,0.0129,75.8,0.00725
3315,5e-05,-33.75,96.25,4209.0,2014-03-08T00:34:35Z,2014-03-08T00:34:35Z,4000000000.0,1753.9,259.06,2014-03-08T00:54:10Z,2014-03-08T00:54:21Z,0,134.4,16.0,134.4,16.0,134.4,14.9,140.6,14.7,109.7,0.451,104.7,0.254,99.7,0.143,94.7,0.0802,89.7,0.0451,84.7,0.0254,79.7,0.0143
3376,5e-05,-33.75,96.25,4209.0,2014-03-08T00:34:35Z,2014-03-08T00:34:35Z,4000000000.0,1755.6,258.97,2014-03-08T00:54:11Z,2014-03-08T00:54:22Z,0,134.4,16.0,134.4,16.0,134.4,14.9,140.7,14.7,109.7,0.451,104.7,0.253,99.7,0.142,94.7,0.0801,89.7,0.0451,84.7,0.0253,79.7,0.0142
3250,5e-05,-33.75,96.25,4209.0,2014-03-08T00:34:35Z,2014-03-08T00:34:35Z,4000000000.0,3199.9,226.9,2014-03-08T01:10:19Z,2014-03-08T01:10:40Z,1,137.0,16.0,137.0,16.0,137.0,14.9,143.3,14.7,107.1,0.28,102.1,0.157,97.1,0.0885,92.1,0.0498,87.1,0.028,82.1,0.0157,77.1,0.00885
3274,5e-05,-33.75,96.25,4209.0,2014-03-08T00:34:35Z,2014-03-08T00:34:35Z,4000000000.0,4043.1,263.79,2014-03-08T01:19:44Z,2014-03-08T01:20:10Z,0,138.0,16.0,138.0,16.0,138.0,14.9,144.3,14.7,106.0,0.23,101.0,0.129,96.0,0.0727,91.0,0.0409,86.0,0.023,81.0,0.0129,76.0,0.00727
3275,5e-05,-33.75,96.25,4209.0,2014-03-08T00:34:35Z,2014-03-08T00:34:35Z,4000000000.0,4041.1,263.81,2014-03-08T01:19:43Z,2014-03-08T01:20:09Z,0,138.0,16.0,138.0,16.0,138.0,14.9,144.3,14.7,106.0,0.23,101.0,0.129,96.0,0.0727,91.0,0.0409,86.0,0.023,81.0,0.0129,76.0,0.00727
H01W,5e-05,-33.75,96.75,4463.0,2014-03-08T00:26:40Z,2014-03-08T00:26:40Z,4000000000.0,1600.3,268.78,2014-03-08T00:44:33Z,2014-03-08T00:44:43Z,0,134.0,12.5,134.0,12.5,134.0,11.0,140.3,10.7,110.1,0.483,105.1,0.272,100.1,0.153,95.1,0.0859,90.1,0.0483,85.1,0.0272,80.1,0.0153
H08S,5e-05,-33.75,96.75,4463.0,2014-03-08T00:26:40Z,2014-03-08T00:26:40Z,4000000000.0,3833.2,142.87,2014-03-08T01:09:29Z,2014-03-08T01:09:54Z,0,139.3,12.2,139.3,10.7,139.3,11.0,142.0,10.7,105.7,0.226,100.7,0.127,95.7,0.0716,90.7,0.0403,85.7,0.0226,80.7,0.0127,75.7,0.00716
3315,5e-05,-33.75,96.75,4463.0,2014-03-08T00:26:40Z,2014-03-08T00:26:40Z,4000000000.0,1720.7,257.38,2014-03-08T00:45:54Z,2014-03-08T00:46:04Z,0,134.3,16.0,134.3,16.0,134.3,14.9,140.6,14.7,109.8,0.457,104.8,0.257,99.8,0.145,94.8,0.0813,89.8,0.0457,84.8,0.0257,79.8,0.0145
3376,5e-05,-33.75,96.75,4463.0,2014-03-08T00:26:40Z,2014-03-08T00:26:40Z,4000000000.0,1722.5,257.3,2014-03-08T00:45:55Z,2014-03-08T00:46:06Z,0,134.3,16.0,134.3,16.0,134.3,14.9,140.6,14.7,109.8,0.457,104.8,0.257,99.8,0.145,94.8,0.0813,89.8,0.0457,84.8,0.0257,79.8,0.0145
3250,5e-05,-33.75,96.75,4463.0,2014-03-08T00:26:40Z,2014-03-08T00:26:40Z,4000000000.0,3197.8,225.78,2014-03-08T01:02:24Z,2014-03-08T01:02:44Z,1,137.0,16.0,137.0,16.0,137.0,14.9,143.3,14.7,107.1,0.28,102.1,0.157,97.1,0.0886,92.1,0.0498,87.1,0.028,82.1,0.0157,77.1,0.00886
3274,5e-05,-33.75,96.75,4463.0,2014-03-08T00:26:40Z,2014-03-08T00:26:40Z,4000000000.0,3993.2,263.28,2014-03-08T01:11:17Z,2014-03-08T01:11:42Z,0,137.9,16.0,137.9,16.0,137.9,14.9,144.2,14.7,106.1,0.232,101.1,0.131,96.1,0.0735,91.1,0.0413,86.1,0.0232,81.1,0.0131,76.1,0.00735
3275,5e-05,-33.75,96.75,4463.0,2014-03-08T00:26:40Z,2014-03-08T00:26:40Z,4000000000.0,3991.3,263.3,2014-03-08T01:11:15Z,2014-03-08T01:11:41Z,0,137.9,16.0,137.9,16.0,137.9,14.9,144.2,14.7,106.1,0.232,101.1,0.131,96.1,0.0735,91.1,0.0413,86.1,0.0232,81.1,0.0131,76.1,0.00735
H01W,0.0001,-33.25,91.25,4172.0,2014-03-08T00:28:48Z,2014-03-08T00:53:45Z,4000000000.0,2111.7,267.91,2014-03-08T00:52:20Z,2014-03-08T01:17:37Z,0,135.2,12.5,135.2,12.5,135.2,11.0,141.5,10.7,108.9,0.391,103.9,0.22,98.9,0.124,93.9,0.0695,88.9,0.0391,83.9,0.022,78.9,0.0124
H08S,0.0001,-33.25,91.25,4172.0,2014-03-08T00:28:48Z,2014-03-08T00:53:45Z,4000000000.0,3446.9,148.47,2014-03-08T01:07:23Z,2014-03-08T01:32:32Z,0,138.8,12.2,138.8,10.7,138.9,11.0,141.6,10.7,106.2,0.248,101.2,0.139,96.2,0.0783,91.2,0.044,86.2,0.0248,81.2,0.0139,76.2,0.00783
3315,0.0001,-33.25,91.25,4172.0,2014-03-08T00:28:48Z,2014-03-08T00:53:45Z,4000000000.0,2229.2,259.2,2014-03-08T00:53:40Z,2014-03-08T01:18:56Z,0,135.4,16.0,135.4,16.0,135.4,14.9,141.7,14.7,108.6,0.375,103.6,0.211,98.6,0.119,93.6,0.0666,88.6,0.0375,83.6,0.0211,78.6,0.0119
3376,0.0001,-33.25,91.25,4172.0,2014-03-08T00:28:48Z,2014-03-08T00:53:45Z,4000000000.0,2230.9,259.13,2014-03-08T00:53:41Z,2014-03-08T01:18:57Z,0,135.4,16.0,135.4,16.0,135.4,14.9,141.7,14.7,108.6,0.375,103.6,0.211,98.6,0.118,93.6,0.0666,88.6,0.0375,83.6,0.0211,78.6,0.0118
3250,0.0001,-33.25,91.25,4172.0,2014-03-08T00:28:48Z,2014-03-08T00:53:45Z,4000000000.0,3609.6,231.16,2014-03-08T01:09:07Z,2014-03-08T01:34:28Z,1,137.5,16.0,137.5,16.0,137.5,14.9,143.8,14.7,106.5,0.253,101.5,0.142,96.5,0.08,91.5,0.045,86.5,0.0253,81.5,0.0142,76.5,0.008
3274,0.0001,-33.25,91.25,4172.0,2014-03-08T00:28:48Z,2014-03-08T00:53:45Z,4000000000.0,4488.9,261.4,2014-03-08T01:18:53Z,2014-03-08T01:44:26Z,0,138.4,16.0,138.4,16.0,138.4,14.9,144.7,14.7,105.6,0.21,100.6,0.118,95.6,0.0664,90.6,0.0374,85.6,0.021,80.6,0.0118,75.6,0.00664
3275,0.0001,-33.25,91.25,4172.0,2014-03-08T00:28:48Z,2014-03-08T00:53:45Z,4000000000.0,4486.9,261.42,2014-03-08T01:18:51Z,2014-03-08T01:44:25Z,0,138.4,16.0,138.4,16.0,138.4,14.9,144.7,14.7,105.6,0.21,100.6,0.118,95.6,0.0665,90.6,0.0374,85.6,0.021,80.6,0.0118,75.6,0.00665
H01W,0.00015,-33.25,91.75,4054.0,2014-03-08T00:30:31Z,2014-03-08T00:52:14Z,4000000000.0,2068.0,268.19,2014-03-08T00:53:51Z,2014-03-08T01:15:24Z,0,135.1,12.5,135.1,12.5,135.1,11.0,141.4,10.7,109.0,0.397,104.0,0.223,99.0,0.126,94.0,0.0707,89.0,0.0397,84.0,0.0223,79.0,0.0126
H08S,0.00015,-33.25,91.75,4054.0,2014-03-08T00:30:31Z,2014-03-08T00:52:14Z,4000000000.0,3458.0,147.72,2014-03-08T01:09:09Z,2014-03-08T01:31:32Z,0,138.8,12.2,138.8,10.7,138.9,11.0,141.6,10.7,106.2,0.247,101.2,0.139,96.2,0.0781,91.2,0.0439,86.2,0.0247,81.2,0.0139,76.2,0.00781
3315,0.00015,-33.25,91.75,4054.0,2014-03-08T00:30:31Z,2014-03-08T00:52:14Z,4000000000.0,2177.6,259.37,2014-03-08T00:55:09Z,2014-03-08T01:16:43Z,0,135.3,16.0,135.3,16.0,135.3,14.9,141.6,14.7,108.7,0.382,103.7,0.215,98.7,0.121,93.7,0.0679,88.7,0.0382,83.7,0.0215,78.7,0.0121
3376,0.00015,-33.25,91.75,4054.0,2014-03-08T00:30:31Z,2014-03-08T00:52:14Z,4000000000.0,2179.3,259.3,2014-03-08T00:55:10Z,2014-03-08T01:16:44Z,0,135.3,16.0,135.3,16.0,135.3,14.9,141.6,14.7,108.7,0.381,103.7,0.215,98.7,0.121,93.7,0.0678,88.7,0.0381,83.7,0.0215,78.7,0.0121
3250,0.00015,-33.25,91.75,4054.0,2014-03-08T00:30:31Z,2014-03-08T00:52:14Z,4000000000.0,3559.2,231.06,2014-03-08T01:10:34Z,2014-03-08T01:32:22Z,1,137.4,16.0,137.4,16.0,137.4,14.9,143.7,14.7,106.6,0.256,101.6,0.144,96.6,0.081,91.6,0.0455,86.6,0.0256,81.6,0.0144,76.6,0.0081
3274,0.00015,-33.25,91.75,4054.0,2014-03-08T00:30:31Z,2014-03-08T00:52:14Z,4000000000.0,4456.0,261.67,2014-03-08T01:20:26Z,2014-03-08T01:42:14Z,0,138.4,16.0,138.4,16.0,138.4,14.9,144.7,14.7,105.6,0.211,100.6,0.119,95.6,0.0669,90.6,0.0376,85.6,0.0211,80.6,0.0119,75.6,0.00669
3275,0.00015,-33.25,91.75,4054.0,2014-03-08T00:30:31Z,2014-03-08T00:52:14Z,4000000000.0,4454.0,261.68,2014-03-08T01:20:24Z,2014-03-08T01:42:13Z,0,138.4,16.0,138.4,16.0,138.4,14.9,144.7,14.7,105.6,0.212,100.6,0.119,95.6,0.0669,90.6,0.0376,85.6,0.0212,80.6,0.0119,75.6,0.00669
H01W,5e-05,-33.25,92.25,4274.0,2014-03-08T00:36:18Z,2014-03-08T00:36:18Z,4000000000.0,2024.5,268.17,2014-03-08T00:58:55Z,2014-03-08T00:59:08Z,0,135.0,12.5,135.0,12.5,135.0,11.0,141.3,10.7,109.0,0.404,104.0,0.227,99.0,0.128,94.0,0.0718,89.0,0.0404,84.0,0.0227,79.0,0.0128
H08S,5e-05,-33.25,92.25,4274.0,2014-03-08T00:36:18Z,2014-03-08T00:36:18Z,4000000000.0,3507.6,147.38,2014-03-08T01:15:29Z,2014-03-08T01:15:51Z,0,138.9,12.2,138.9,10.7,138.9,11.0,141.7,10.7,106.1,0.244,101.1,0.137,96.1,0.0771,91.1,0.0434,86.1,0.0244,81.1,0.0137,76.1,0.00771
3315,5e-05,-33.25,92.25,4274.0,2014-03-08T00:36:18Z,2014-03-08T00:36:18Z,4000000000.0,2141.6,259.08,2014-03-08T01:00:14Z,2014-03-08T01:00:27Z,0,135.2,16.0,135.2,16.0,135.2,14.9,141.5,14.7,108.8,0.387,103.8,0.217,98.8,0.122,93.8,0.0688,88.8,0.0387,83.8,0.0217,78.8,0.0122
3376,5e-05,-33.25,92.25,4274.0,2014-03-08T00:36:18Z,2014-03-08T00:36:18Z,4000000000.0,2143.3,259.01,2014-03-08T01:00:15Z,2014-03-08T01:00:28Z,0,135.2,16.0,135.2,16.0,135.2,14.9,141.5,14.7,108.8,0.386,103.8,0.217,98.8,0.122,93.8,0.0687,88.8,0.0386,83.8,0.0217,78.8,0.0122
3250,5e-05,-33.25,92.25,4274.0,2014-03-08T00:36:18Z,2014-03-08T00:36:18Z,4000000000.0,3534.7,230.39,2014-03-08T01:15:47Z,2014-03-08T01:16:10Z,1,137.4,16.0,137.4,16.0,137.4,14.9,143.7,14.7,106.6,0.258,101.6,0.145,96.6,0.0815,91.6,0.0458,86.6,0.0258,81.6,0.0145,76.6,0.00815
3274,5e-05,-33.25,92.25,4274.0,2014-03-08T00:36:18Z,2014-03-08T00:36:18Z,4000000000.0,4405.1,261.76,2014-03-08T01:25:31Z,2014-03-08T01:25:59Z,0,138.4,16.0,138.4,16.0,138.4,14.9,144.6,14.7,105.7,0.214,100.7,0.12,95.7,0.0675,90.7,0.038,85.7,0.0214,80.7,0.012,75.7,0.00675
3275,5e-05,-33.25,92.25,4274.0,2014-03-08T00:36:18Z,2014-03-08T00:36:18Z,4000000000.0,4403.1,261.78,2014-03-08T01:25:29Z,2014-03-08T01:25:57Z,0,138.4,16.0,138.4,16.0,138.4,14.9,144.6,14.7,105.7,0.214,100.7,0.12,95.7,0.0676,90.7,0.038,85.7,0.0214,80.7,0.012,75.7,0.00676
H01W,0.00015,-33.25,92.75,4349.0,2014-03-08T00:26:53Z,2014-03-08T00:50:21Z,4000000000.0,1984.6,268.67,2014-03-08T00:48:43Z,2014-03-08T01:12:45Z,0,134.9,12.5,134.9,12.5,134.9,11.0,141.2,10.7,109.1,0.41,104.1,0.231,99.1,0.13,94.1,0.073,89.1,0.041,84.1,0.0231,79.1,0.013
H08S,0.00015,-33.25,92.75,4349.0,2014-03-08T00:26:53Z,2014-03-08T00:50:21Z,4000000000.0,3533.3,146.39,2014-03-08T01:06:33Z,2014-03-08T01:29:51Z,0,138.9,12.2,138.9,10.7,139.0,11.0,141.7,10.7,106.1,0.242,101.1,0.136,96.1,0.0767,91.1,0.0431,86.1,0.0242,81.1,0.0136,76.1,0.00767
3315,0.00015,-33.25,92.75,4349.0,2014-03-08T00:26:53Z,2014-03-08T00:50:21Z,4000000000.0,2096.6,259.24,2014-03-08T00:50:00Z,2014-03-08T01:13:59Z,0,135.1,16.0,135.1,16.0,135.1,14.9,141.4,14.7,108.9,0.393,103.9,0.221,98.9,0.124,93.9,0.0699,88.9,0.0393,83.9,0.0221,78.9,0.0124
3376,0.00015,-33.25,92.75,4349.0,2014-03-08T00:26:53Z,2014-03-08T00:50:21Z,4000000000.0,2098.2,259.17,2014-03-08T00:50:02Z,2014-03-08T01:14:00Z,0,135.1,16.0,135.1,16.0,135.1,14.9,141.4,14.7,108.9,0.393,103.9,0.221,98.9,0.124,93.9,0.0699,88.9,0.0393,83.9,0.0221,78.9,0.0124
3250,0.00015,-33.25,92.75,4349.0,2014-03-08T00:26:53Z,2014-03-08T00:50:21Z,4000000000.0,3473.1,230.08,2014-03-08T01:05:38Z,2014-03-08T01:29:30Z,1,137.3,16.0,137.3,16.0,137.3,14.9,143.6,14.7,106.7,0.261,101.7,0.147,96.7,0.0827,91.7,0.0465,86.7,0.0261,81.7,0.0147,76.7,0.00827
3274,0.00015,-33.25,92.75,4349.0,2014-03-08T00:26:53Z,2014-03-08T00:50:21Z,4000000000.0,4367.5,262.19,2014-03-08T01:15:22Z,2014-03-08T01:39:43Z,0,138.3,16.0,138.3,16.0,138.3,14.9,144.6,14.7,105.7,0.215,100.7,0.121,95.7,0.068,90.7,0.0383,85.7,0.0215,80.7,0.0121,75.7,0.0068
3275,0.00015,-33.25,92.75,4349.0,2014-03-08T00:26:53Z,2014-03-08T00:50:21Z,4000000000.0,4365.5,262.21,2014-03-08T01:15:21Z,2014-03-08T01:39:42Z,0,138.3,16.0,138.3,16.0,138.3,14.9,144.6,14.7,105.7,0.215,100.7,0.121,95.7,0.0681,90.7,0.0383,85.7,0.0215,80.7,0.0121,75.7,0.00681
H01W,0.0001,-33.25,93.25,4273.0,2014-03-08T00:47:23Z,2014-03-08T00:54:18Z,4000000000.0,1935.4,269.24,2014-03-08T01:08:57Z,2014-03-08T01:16:12Z,0,134.8,12.5,134.8,12.5,134.8,11.0,141.1,10.7,109.2,0.418,104.2,0.235,99.2,0.132,94.2,0.0744,89.2,0.0418,84.2,0.0235,79.2,0.0132
H08S,0.0001,-33.25,93.25,4273.0,2014-03-08T00:47:23Z,2014-03-08T00:54:18Z,4000000000.0,3554.9,145.94,2014-03-08T01:27:03Z,2014-03-08T01:34:26Z,0,138.9,12.2,138.9,10.7,139.0,11.0,141.7,10.7,106.1,0.241,101.1,0.136,96.1,0.0763,91.1,0.0429,86.1,0.0241,81.1,0.0136,76.1,0.00763
3315,0.0001,-33.25,93.25,4273.0,2014-03-08T00:47:23Z,2014-03-08T00:54:18Z,4000000000.0,2047.8,259.68,2014-03-08T01:10:11Z,2014-03-08T01:17:29Z,0,135.0,16.0,135.0,16.0,135.0,14.9,141.3,14.7,109.0,0.4,104.0,0.225,99.0,0.127,94.0,0.0712,89.0,0.04,84.0,0.0225,79.0,0.0127
3376,0.0001,-33.25,93.25,4273.0,2014-03-08T00:47:23Z,2014-03-08T00:54:18Z,4000000000.0,2049.4,259.6,2014-03-08T01:10:12Z,2014-03-08T01:17:30Z,0,135.0,16.0,135.0,16.0,135.0,14.9,141.3,14.7,109.0,0.4,104.0,0.225,99.0,0.127,94.0,0.0712,89.0,0.04,84.0,0.0225,79.0,0.0127
3250,0.0001,-33.25,93.25,4273.0,2014-03-08T00:47:23Z,2014-03-08T00:54:18Z,4000000000.0,3442.4,229.92,2014-03-08T01:25:42Z,2014-03-08T01:33:16Z,1,137.3,16.0,137.3,16.0,137.3,14.9,143.6,14.7,106.7,0.263,101.7,0.148,96.7,0.0833,91.7,0.0468,86.7,0.0263,81.7,0.0148,76.7,0.00833
3274,0.0001,-33.25,93.25,4273.0,2014-03-08T00:47:23Z,2014-03-08T00:54:18Z,4000000000.0,4324.5,262.51,2014-03-08T01:35:40Z,2014-03-08T01:43:06Z,0,138.3,16.0,138.3,16.0,138.3,14.9,144.6,14.7,105.8,0.217,100.8,0.122,95.8,0.0686,90.8,0.0386,85.8,0.0217,80.8,0.0122,75.8,0.00686
3275,0.0001,-33.25,93.25,4273.0,2014-03-08T00:47:23Z,2014-03-08T00:54:18Z,4000000000.0,4322.5,262.53,2014-03-08T01:35:39Z,2014-03-08T01:43:05Z,0,138.3,16.0,138.3,16.0,138.3,14.9,144.6,14.7,105.8,0.217,100.8,0.122,95.8,0.0686,90.8,0.0386,85.8,0.0217,80.8,0.0122,75.8,0.00686
H01W,5e-05,-33.25,94.25,4260.0,2014-03-08T00:44:35Z,2014-03-08T00:44:35Z,4000000000.0,1822.9,269.29,2014-03-08T01:04:57Z,2014-03-08T01:05:08Z,0,134.5,12.5,134.5,12.5,134.5,11.0,140.8,10.7,109.5,0.438,104.5,0.246,99.5,0.138,94.5,0.0779,89.5,0.0438,84.5,0.0246,79.5,0.0138
H08S,5e-05,-33.25,94.25,4260.0,2014-03-08T00:44:35Z,2014-03-08T00:44:35Z,4000000000.0,3643.8,144.79,2014-03-08T01:25:17Z,2014-03-08T01:25:40Z,1,139.0,12.2,139.0,10.7,139.1,11.0,141.8,10.7,106.0,0.236,101.0,0.133,96.0,0.0747,91.0,0.042,86.0,0.0236,81.0,0.0133,76.0,0.00747
3315,5e-05,-33.25,94.25,4260.0,2014-03-08T00:44:35Z,2014-03-08T00:44:35Z,4000000000.0,1936.7,259.17,2014-03-08T01:06:13Z,2014-03-08T01:06:25Z,0,134.8,16.0,134.8,16.0,134.8,14.9,141.1,14.7,109.2,0.418,104.2,0.235,99.2,0.132,94.2,0.0743,89.2,0.0418,84.2,0.0235,79.2,0.0132
3376,5e-05,-33.25,94.25,4260.0,2014-03-08T00:44:35Z,2014-03-08T00:44:35Z,4000000000.0,1938.4,259.09,2014-03-08T01:06:14Z,2014-03-08T01:06:27Z,0,134.8,16.0,134.8,16.0,134.8,14.9,141.1,14.7,109.2,0.418,104.2,0.235,99.2,0.132,94.2,0.0743,89.2,0.0418,84.2,0.0235,79.2,0.0132
3250,5e-05,-33.25,94.25,4260.0,2014-03-08T00:44:35Z,2014-03-08T00:44:35Z,4000000000.0,3354.9,228.67,2014-03-08T01:22:04Z,2014-03-08T01:22:25Z,1,137.2,16.0,137.2,16.0,137.2,14.9,143.5,14.7,106.9,0.269,101.9,0.151,96.9,0.0851,91.9,0.0479,86.9,0.0269,81.9,0.0151,76.9,0.00851
3274,5e-05,-33.25,94.25,4260.0,2014-03-08T00:44:35Z,2014-03-08T00:44:35Z,4000000000.0,4214.4,262.84,2014-03-08T01:31:40Z,2014-03-08T01:32:07Z,0,138.2,16.0,138.2,16.0,138.2,14.9,144.5,14.7,105.9,0.222,100.9,0.125,95.9,0.0702,90.9,0.0395,85.9,0.0222,80.9,0.0125,75.9,0.00702
3275,5e-05,-33.25,94.25,4260.0,2014-03-08T00:44:35Z,2014-03-08T00:44:35Z,4000000000.0,4212.5,262.86,2014-03-08T01:31:38Z,2014-03-08T01:32:05Z,0,138.2,16.0,138.2,16.0,138.2,14.9,144.5,14.7,105.9,0.222,100.9,0.125,95.9,0.0702,90.9,0.0395,85.9,0.0222,80.9,0.0125,75.9,0.00702
H01W,5e-05,-33.25,94.75,4196.0,2014-03-08T00:34:36Z,2014-03-08T00:34:36Z,4000000000.0,1787.7,270.82,2014-03-08T00:54:34Z,2014-03-08T00:54:46Z,0,134.4,12.5,134.4,12.5,134.4,11.0,140.7,10.7,109.6,0.444,104.6,0.25,99.6,0.141,94.6,0.079,89.6,0.0444,84.6,0.025,79.6,0.0141
H08S,5e-05,-33.25,94.75,4196.0,2014-03-08T00:34:36Z,2014-03-08T00:34:36Z,4000000000.0,3645.2,143.81,2014-03-08T01:15:19Z,2014-03-08T01:15:42Z,1,139.0,12.2,139.0,10.7,139.1,11.0,141.8,10.7,106.0,0.236,101.0,0.133,96.0,0.0747,91.0,0.042,86.0,0.0236,81.0,0.0133,76.0,0.00747
3315,5e-05,-33.25,94.75,4196.0,2014-03-08T00:34:36Z,2014-03-08T00:34:36Z,4000000000.0,1893.6,260.39,2014-03-08T00:55:45Z,2014-03-08T00:55:57Z,0,134.7,16.0,134.7,16.0,134.7,14.9,141.0,14.7,109.3,0.425,104.3,0.239,99.3,0.135,94.3,0.0756,89.3,0.0425,84.3,0.0239,79.3,0.0135
3376,5e-05,-33.25,94.75,4196.0,2014-03-08T00:34:36Z,2014-03-08T00:34:36Z,4000000000.0,1895.2,260.31,2014-03-08T00:55:46Z,2014-03-08T00:55:58Z,0,134.7,16.0,134.7,16.0,134.7,14.9,141.0,14.7,109.3,0.425,104.3,0.239,99.3,0.134,94.3,0.0756,89.3,0.0425,84.3,0.0239,79.3,0.0134
3250,5e-05,-33.25,94.75,4196.0,2014-03-08T00:34:36Z,2014-03-08T00:34:36Z,4000000000.0,3297.2,228.9,2014-03-08T01:11:26Z,2014-03-08T01:11:47Z,1,137.1,16.0,137.1,16.0,137.1,14.9,143.4,14.7,106.9,0.273,101.9,0.154,96.9,0.0863,91.9,0.0485,86.9,0.0273,81.9,0.0154,76.9,0.00863
3274,5e-05,-33.25,94.75,4196.0,2014-03-08T00:34:36Z,2014-03-08T00:34:36Z,4000000000.0,4188.5,263.62,2014-03-08T01:21:23Z,2014-03-08T01:21:50Z,1,138.1,16.0,138.1,16.0,138.1,14.9,144.4,14.7,105.9,0.223,100.9,0.125,95.9,0.0705,90.9,0.0397,85.9,0.0223,80.9,0.0125,75.9,0.00705
3275,5e-05,-33.25,94.75,4196.0,2014-03-08T00:34:36Z,2014-03-08T00:34:36Z,4000000000.0,4186.5,263.64,2014-03-08T01:21:22Z,2014-03-08T01:21:49Z,0,138.1,16.0,138.1,16.0,138.1,14.9,144.4,14.7,105.9,0.223,100.9,0.125,95.9,0.0706,90.9,0.0397,85.9,0.0223,80.9,0.0125,75.9,0.00706
H01W,0.0001,-33.25,95.25,4303.0,2014-03-08T00:25:44Z,2014-03-08T00:46:26Z,4000000000.0,1750.3,270.63,2014-03-08T00:45:26Z,2014-03-08T01:06:01Z,0,134.4,12.5,134.4,12.5,134.4,11.0,140.6,10.7,109.7,0.452,104.7,0.254,99.7,0.143,94.7,0.0803,89.7,0.0452,84.7,0.0254,79.7,0.0143
H08S,0.0001,-33.25,95.25,4303.0,2014-03-08T00:25:44Z,2014-03-08T00:46:26Z,4000000000.0,3679.5,143.54,2014-03-08T01:06:45Z,2014-03-08T01:28:01Z,1,139.1,12.2,139.1,10.7,139.2,11.0,141.9,10.7,105.9,0.234,100.9,0.132,95.9,0.0741,90.9,0.0417,85.9,0.0234,80.9,0.0132,75.9,0.00741
3315,0.0001,-33.25,95.25,4303.0,2014-03-08T00:25:44Z,2014-03-08T00:46:26Z,4000000000.0,1857.9,260.01,2014-03-08T00:46:39Z,2014-03-08T01:07:13Z,0,134.6,16.0,134.6,16.0,134.6,14.9,140.9,14.7,109.4,0.432,104.4,0.243,99.4,0.136,94.4,0.0768,89.4,0.0432,84.4,0.0243,79.4,0.0136
3376,0.0001,-33.25,95.25,4303.0,2014-03-08T00:25:44Z,2014-03-08T00:46:26Z,4000000000.0,1859.5,259.92,2014-03-08T00:46:40Z,2014-03-08T01:07:14Z,0,134.6,16.0,134.6,16.0,134.6,14.9,140.9,14.7,109.4,0.431,104.4,0.243,99.4,0.136,94.4,0.0767,89.4,0.0431,84.4,0.0243,79.4,0.0136
3250,0.0001,-33.25,95.25,4303.0,2014-03-08T00:25:44Z,2014-03-08T00:46:26Z,4000000000.0,3273.2,228.37,2014-03-08T01:02:27Z,2014-03-08T01:23:11Z,1,137.1,16.0,137.1,16.0,137.1,14.9,143.4,14.7,107.0,0.275,102.0,0.154,97.0,0.0869,92.0,0.0488,87.0,0.0275,82.0,0.0154,77.0,0.00869
3274,0.0001,-33.25,95.25,4303.0,2014-03-08T00:25:44Z,2014-03-08T00:46:26Z,4000000000.0,4150.6,263.63,2014-03-08T01:12:14Z,2014-03-08T01:33:06Z,1,138.1,16.0,138.1,16.0,138.1,14.9,144.4,14.7,105.9,0.225,100.9,0.126,95.9,0.0711,90.9,0.04,85.9,0.0225,80.9,0.0126,75.9,0.00711
3275,0.0001,-33.25,95.25,4303.0,2014-03-08T00:25:44Z,2014-03-08T00:46:26Z,4000000000.0,4148.7,263.65,2014-03-08T01:12:13Z,2014-03-08T01:33:04Z,0,138.1,16.0,138.1,16.0,138.1,14.9,144.4,14.7,105.9,0.225,100.9,0.126,95.9,0.0711,90.9,0.04,85.9,0.0225,80.9,0.0126,75.9,0.00711
H01W,5e-05,-32.75,91.75,4472.0,2014-03-08T00:27:14Z,2014-03-08T00:27:14Z,4000000000.0,2086.2,269.44,2014-03-08T00:50:33Z,2014-03-08T00:50:46Z,0,135.1,12.5,135.1,12.5,135.1,11.0,141.4,10.7,108.9,0.395,103.9,0.222,98.9,0.125,93.9,0.0702,88.9,0.0395,83.9,0.0222,78.9,0.0125
H08S,5e-05,-32.75,91.75,4472.0,2014-03-08T00:27:14Z,2014-03-08T00:27:14Z,4000000000.0,3431.5,147.45,2014-03-08T01:05:34Z,2014-03-08T01:05:56Z,0,138.8,12.2,138.8,10.7,138.8,11.0,141.6,10.7,106.2,0.248,101.2,0.14,96.2,0.0786,91.2,0.0442,86.2,0.0248,81.2,0.014,76.2,0.00786
3315,5e-05,-32.75,91.75,4472.0,2014-03-08T00:27:14Z,2014-03-08T00:27:14Z,4000000000.0,2195.5,260.54,2014-03-08T00:51:46Z,2014-03-08T00:52:00Z,0,135.3,16.0,135.3,16.0,135.3,14.9,141.6,14.7,108.7,0.379,103.7,0.213,98.7,0.12,93.7,0.0674,88.7,0.0379,83.7,0.0213,78.7,0.012
3376,5e-05,-32.75,91.75,4472.0,2014-03-08T00:27:14Z,2014-03-08T00:27:14Z,4000000000.0,2197.2,260.47,2014-03-08T00:51:47Z,2014-03-08T00:52:01Z,0,135.3,16.0,135.3,16.0,135.3,14.9,141.6,14.7,108.7,0.379,103.7,0.213,98.7,0.12,93.7,0.0674,88.7,0.0379,83.7,0.0213,78.7,0.012
3250,5e-05,-32.75,91.75,4472.0,2014-03-08T00:27:14Z,2014-03-08T00:27:14Z,4000000000.0,3555.9,231.64,2014-03-08T01:06:58Z,2014-03-08T01:07:20Z,1,137.4,16.0,137.4,16.0,137.4,14.9,143.7,14.7,106.6,0.256,101.6,0.144,96.6,0.081,91.6,0.0456,86.6,0.0256,81.6,0.0144,76.6,0.0081
3274,5e-05,-32.75,91.75,4472.0,2014-03-08T00:27:14Z,2014-03-08T00:27:14Z,4000000000.0,4474.1,262.22,2014-03-08T01:17:13Z,2014-03-08T01:17:42Z,0,138.4,16.0,138.4,16.0,138.4,14.9,144.7,14.7,105.6,0.211,100.6,0.118,95.6,0.0666,90.6,0.0375,85.6,0.0211,80.6,0.0118,75.6,0.00666
3275,5e-05,-32.75,91.75,4472.0,2014-03-08T00:27:14Z,2014-03-08T00:27:14Z,4000000000.0,4472.1,262.23,2014-03-08T01:17:12Z,2014-03-08T01:17:40Z,0,138.4,16.0,138.4,16.0,138.4,14.9,144.7,14.7,105.6,0.211,100.6,0.119,95.6,0.0667,90.6,0.0375,85.6,0.0211,80.6,0.0119,75.6,0.00667
H01W,0.0001,-32.75,93.25,4327.0,2014-03-08T00:49:26Z,2014-03-08T00:50:12Z,4000000000.0,1948.7,270.45,2014-03-08T01:11:06Z,2014-03-08T01:12:16Z,0,134.8,12.5,134.8,12.5,134.8,11.0,141.1,10.7,109.2,0.416,104.2,0.234,99.2,0.132,94.2,0.074,89.2,0.0416,84.2,0.0234,79.2,0.0132
H08S,0.0001,-32.75,93.25,4327.0,2014-03-08T00:49:26Z,2014-03-08T00:50:12Z,4000000000.0,3520.0,145.52,2014-03-08T01:28:49Z,2014-03-08T01:29:50Z,0,138.9,12.2,138.9,10.7,139.0,11.0,141.7,10.7,106.1,0.243,101.1,0.137,96.1,0.0769,91.1,0.0433,86.1,0.0243,81.1,0.0137,76.1,0.00769
3315,0.0001,-32.75,93.25,4327.0,2014-03-08T00:49:26Z,2014-03-08T00:50:12Z,4000000000.0,2054.2,260.88,2014-03-08T01:12:17Z,2014-03-08T01:13:28Z,0,135.1,16.0,135.1,16.0,135.1,14.9,141.3,14.7,109.0,0.399,104.0,0.225,99.0,0.126,94.0,0.071,89.0,0.0399,84.0,0.0225,79.0,0.0126
3376,0.0001,-32.75,93.25,4327.0,2014-03-08T00:49:26Z,2014-03-08T00:50:12Z,4000000000.0,2055.8,260.8,2014-03-08T01:12:18Z,2014-03-08T01:13:29Z,0,135.1,16.0,135.1,16.0,135.1,14.9,141.3,14.7,109.0,0.399,104.0,0.225,99.0,0.126,94.0,0.071,89.0,0.0399,84.0,0.0225,79.0,0.0126
3250,0.0001,-32.75,93.25,4327.0,2014-03-08T00:49:26Z,2014-03-08T00:50:12Z,4000000000.0,3426.9,230.62,2014-03-08T01:27:37Z,2014-03-08T01:28:57Z,1,137.3,16.0,137.3,16.0,137.3,14.9,143.6,14.7,106.8,0.264,101.8,0.149,96.8,0.0836,91.8,0.047,86.8,0.0264,81.8,0.0149,76.8,0.00836
3274,0.0001,-32.75,93.25,4327.0,2014-03-08T00:49:26Z,2014-03-08T00:50:12Z,4000000000.0,4344.9,263.05,2014-03-08T01:37:53Z,2014-03-08T01:39:17Z,0,138.3,16.0,138.3,16.0,138.3,14.9,144.6,14.7,105.7,0.216,100.7,0.122,95.7,0.0683,90.7,0.0384,85.7,0.0216,80.7,0.0122,75.7,0.00683
3275,0.0001,-32.75,93.25,4327.0,2014-03-08T00:49:26Z,2014-03-08T00:50:12Z,4000000000.0,4342.9,263.06,2014-03-08T01:37:52Z,2014-03-08T01:39:16Z,0,138.3,16.0,138.3,16.0,138.3,14.9,144.6,14.7,105.7,0.216,100.7,0.122,95.7,0.0684,90.7,0.0384,85.7,0.0216,80.7,0.0122,75.7,0.00684
H01W,0.0001,-32.75,93.75,4460.0,2014-03-08T00:22:02Z,2014-03-08T00:43:09Z,4000000000.0,1890.4,271.05,2014-03-08T00:43:14Z,2014-03-08T01:04:23Z,0,134.7,12.5,134.7,12.5,134.7,11.0,141.0,10.7,109.3,0.426,104.3,0.24,99.3,0.135,94.3,0.0757,89.3,0.0426,84.3,0.024,79.3,0.0135
H08S,0.0001,-32.75,93.75,4460.0,2014-03-08T00:22:02Z,2014-03-08T00:43:09Z,4000000000.0,3556.3,144.68,2014-03-08T01:01:46Z,2014-03-08T01:23:14Z,1,138.9,12.2,138.9,10.7,139.0,11.0,141.7,10.7,106.1,0.241,101.1,0.136,96.1,0.0763,91.1,0.0429,86.1,0.0241,81.1,0.0136,76.1,0.00763
3315,0.0001,-32.75,93.75,4460.0,2014-03-08T00:22:02Z,2014-03-08T00:43:09Z,4000000000.0,1993.4,261.15,2014-03-08T00:44:24Z,2014-03-08T01:05:32Z,0,134.9,16.0,134.9,16.0,134.9,14.9,141.2,14.7,109.1,0.409,104.1,0.23,99.1,0.129,94.1,0.0727,89.1,0.0409,84.1,0.023,79.1,0.0129
3376,0.0001,-32.75,93.75,4460.0,2014-03-08T00:22:02Z,2014-03-08T00:43:09Z,4000000000.0,1995.0,261.07,2014-03-08T00:44:25Z,2014-03-08T01:05:33Z,0,134.9,16.0,134.9,16.0,134.9,14.9,141.2,14.7,109.1,0.409,104.1,0.23,99.1,0.129,94.1,0.0727,89.1,0.0409,84.1,0.023,79.1,0.0129
3250,0.0001,-32.75,93.75,4460.0,2014-03-08T00:22:02Z,2014-03-08T00:43:09Z,4000000000.0,3369.7,230.22,2014-03-08T00:59:49Z,2014-03-08T01:21:00Z,1,137.2,16.0,137.2,16.0,137.2,14.9,143.5,14.7,106.8,0.268,101.8,0.151,96.8,0.0848,91.8,0.0477,86.8,0.0268,81.8,0.0151,76.8,0.00848
3274,0.0001,-32.75,93.75,4460.0,2014-03-08T00:22:02Z,2014-03-08T00:43:09Z,4000000000.0,4290.9,263.47,2014-03-08T01:10:01Z,2014-03-08T01:31:29Z,1,138.3,16.0,138.3,16.0,138.3,14.9,144.5,14.7,105.8,0.218,100.8,0.123,95.8,0.0691,90.8,0.0388,85.8,0.0218,80.8,0.0123,75.8,0.00691
3275,0.0001,-32.75,93.75,4460.0,2014-03-08T00:22:02Z,2014-03-08T00:43:09Z,4000000000.0,4288.9,263.49,2014-03-08T01:10:00Z,2014-03-08T01:31:28Z,0,138.2,16.0,138.2,16.0,138.2,14.9,144.5,14.7,105.8,0.219,100.8,0.123,95.8,0.0691,90.8,0.0389,85.8,0.0219,80.8,0.0123,75.8,0.00691
H01W,5e-05,-32.75,94.25,4549.0,2014-03-08T00:27:01Z,2014-03-08T00:27:01Z,4000000000.0,1859.7,272.52,2014-03-08T00:47:47Z,2014-03-08T00:47:59Z,0,134.6,12.5,134.6,12.5,134.6,11.0,140.9,10.7,109.4,0.431,104.4,0.243,99.4,0.136,94.4,0.0767,89.4,0.0431,84.4,0.0243,79.4,0.0136
H08S,5e-05,-32.75,94.25,4549.0,2014-03-08T00:27:01Z,2014-03-08T00:27:01Z,4000000000.0,3555.6,143.71,2014-03-08T01:06:44Z,2014-03-08T01:07:06Z,1,138.9,12.2,138.9,10.7,139.0,11.0,141.7,10.7,106.1,0.241,101.1,0.136,96.1,0.0763,91.1,0.0429,86.1,0.0241,81.1,0.0136,76.1,0.00763
3315,5e-05,-32.75,94.25,4549.0,2014-03-08T00:27:01Z,2014-03-08T00:27:01Z,4000000000.0,1954.9,262.38,2014-03-08T00:48:51Z,2014-03-08T00:49:03Z,0,134.8,16.0,134.8,16.0,134.8,14.9,141.1,14.7,109.2,0.415,104.2,0.233,99.2,0.131,94.2,0.0738,89.2,0.0415,84.2,0.0233,79.2,0.0131
3376,5e-05,-32.75,94.25,4549.0,2014-03-08T00:27:01Z,2014-03-08T00:27:01Z,4000000000.0,1956.5,262.3,2014-03-08T00:48:52Z,2014-03-08T00:49:04Z,0,134.8,16.0,134.8,16.0,134.8,14.9,141.1,14.7,109.2,0.415,104.2,0.233,99.2,0.131,94.2,0.0738,89.2,0.0415,84.2,0.0233,79.2,0.0131
3250,5e-05,-32.75,94.25,4549.0,2014-03-08T00:27:01Z,2014-03-08T00:27:01Z,4000000000.0,3315.2,230.5,2014-03-08T01:04:03Z,2014-03-08T01:04:24Z,1,137.1,16.0,137.1,16.0,137.1,14.9,143.4,14.7,106.9,0.272,101.9,0.153,96.9,0.0859,91.9,0.0483,86.9,0.0272,81.9,0.0153,76.9,0.00859
3274,5e-05,-32.75,94.25,4549.0,2014-03-08T00:27:01Z,2014-03-08T00:27:01Z,4000000000.0,4268.4,264.22,2014-03-08T01:14:42Z,2014-03-08T01:15:09Z,1,138.2,16.0,138.2,16.0,138.2,14.9,144.5,14.7,105.8,0.219,100.8,0.123,95.8,0.0694,90.8,0.039,85.8,0.0219,80.8,0.0123,75.8,0.00694
3275,5e-05,-32.75,94.25,4549.0,2014-03-08T00:27:01Z,2014-03-08T00:27:01Z,4000000000.0,4266.4,264.24,2014-03-08T01:14:40Z,2014-03-08T01:15:07Z,0,138.2,16.0,138.2,16.0,138.2,14.9,144.5,14.7,105.8,0.22,100.8,0.123,95.8,0.0694,90.8,0.039,85.8,0.022,80.8,0.0123,75.8,0.00694
H01W,0.00015,-32.75,95.25,4283.0,2014-03-08T00:24:22Z,2014-03-08T00:53:01Z,4000000000.0,1775.5,272.82,2014-03-08T00:44:12Z,2014-03-08T01:12:57Z,0,134.4,12.5,134.4,12.5,134.4,11.0,140.7,10.7,109.6,0.447,104.6,0.251,99.6,0.141,94.6,0.0794,89.6,0.0447,84.6,0.0251,79.6,0.0141
H08S,0.00015,-32.75,95.25,4283.0,2014-03-08T00:24:22Z,2014-03-08T00:53:01Z,4000000000.0,3619.4,142.92,2014-03-08T01:04:48Z,2014-03-08T01:34:02Z,0,139.0,12.2,139.0,10.7,139.1,11.0,141.8,10.7,106.0,0.238,101.0,0.134,96.0,0.0751,91.0,0.0423,86.0,0.0238,81.0,0.0134,76.0,0.00751
3315,0.00015,-32.75,95.25,4283.0,2014-03-08T00:24:22Z,2014-03-08T00:53:01Z,4000000000.0,1869.4,262.25,2014-03-08T00:45:15Z,2014-03-08T01:14:04Z,0,134.6,16.0,134.6,16.0,134.6,14.9,140.9,14.7,109.4,0.43,104.4,0.242,99.4,0.136,94.4,0.0764,89.4,0.043,84.4,0.0242,79.4,0.0136
3376,0.00015,-32.75,95.25,4283.0,2014-03-08T00:24:22Z,2014-03-08T00:53:01Z,4000000000.0,1870.9,262.17,2014-03-08T00:45:16Z,2014-03-08T01:14:05Z,0,134.6,16.0,134.6,16.0,134.6,14.9,140.9,14.7,109.4,0.429,104.4,0.241,99.4,0.136,94.4,0.0763,89.4,0.0429,84.4,0.0241,79.4,0.0136
3250,0.00015,-32.75,95.25,4283.0,2014-03-08T00:24:22Z,2014-03-08T00:53:01Z,4000000000.0,3253.3,229.66,2014-03-08T01:00:36Z,2014-03-08T01:29:42Z,1,137.0,16.0,137.0,16.0,137.0,14.9,143.3,14.7,107.0,0.276,102.0,0.155,97.0,0.0873,92.0,0.0491,87.0,0.0276,82.0,0.0155,77.0,0.00873
3274,0.00015,-32.75,95.25,4283.0,2014-03-08T00:24:22Z,2014-03-08T00:53:01Z,4000000000.0,4187.5,264.52,2014-03-08T01:11:09Z,2014-03-08T01:40:07Z,1,138.1,16.0,138.1,16.0,138.1,14.9,144.4,14.7,105.9,0.223,100.9,0.125,95.9,0.0705,90.9,0.0397,85.9,0.0223,80.9,0.0125,75.9,0.00705
3275,0.00015,-32.75,95.25,4283.0,2014-03-08T00:24:22Z,2014-03-08T00:53:01Z,4000000000.0,4185.5,264.54,2014-03-08T01:11:07Z,2014-03-08T01:40:06Z,0,138.1,16.0,138.1,16.0,138.1,14.9,144.4,14.7,105.9,0.223,100.9,0.125,95.9,0.0706,90.9,0.0397,85.9,0.0223,80.9,0.0125,75.9,0.00706
H01W,0.00015,-32.75,95.75,5157.0,2014-03-08T00:47:12Z,2014-03-08T00:52:35Z,4000000000.0,1722.5,273.14,2014-03-08T01:06:28Z,2014-03-08T01:12:00Z,0,134.3,12.5,134.3,12.5,134.3,11.0,140.6,10.7,109.8,0.457,104.8,0.257,99.8,0.145,94.8,0.0813,89.8,0.0457,84.8,0.0257,79.8,0.0145
H08S,0.00015,-32.75,95.75,5157.0,2014-03-08T00:47:12Z,2014-03-08T00:52:35Z,4000000000.0,3662.8,142.27,2014-03-08T01:28:05Z,2014-03-08T01:33:53Z,0,139.1,12.2,139.1,10.7,139.1,11.0,141.8,10.7,105.9,0.235,100.9,0.132,95.9,0.0744,90.9,0.0418,85.9,0.0235,80.9,0.0132,75.9,0.00744
3315,0.00015,-32.75,95.75,5157.0,2014-03-08T00:47:12Z,2014-03-08T00:52:35Z,4000000000.0,1817.9,262.18,2014-03-08T01:07:31Z,2014-03-08T01:13:04Z,0,134.5,16.0,134.5,16.0,134.5,14.9,140.8,14.7,109.5,0.439,104.5,0.247,99.5,0.139,94.5,0.078,89.5,0.0439,84.5,0.0247,79.5,0.0139
3376,0.00015,-32.75,95.75,5157.0,2014-03-08T00:47:12Z,2014-03-08T00:52:35Z,4000000000.0,1819.5,262.09,2014-03-08T01:07:32Z,2014-03-08T01:13:05Z,0,134.5,16.0,134.5,16.0,134.5,14.9,140.8,14.7,109.5,0.439,104.5,0.247,99.5,0.139,94.5,0.078,89.5,0.0439,84.5,0.0247,79.5,0.0139
3250,0.00015,-32.75,95.75,5157.0,2014-03-08T00:47:12Z,2014-03-08T00:52:35Z,4000000000.0,3203.8,229.04,2014-03-08T01:22:59Z,2014-03-08T01:28:41Z,1,137.0,16.0,137.0,16.0,137.0,14.9,143.3,14.7,107.1,0.28,102.1,0.157,97.1,0.0884,92.1,0.0497,87.1,0.028,82.1,0.0157,77.1,0.00884
3274,0.00015,-32.75,95.75,5157.0,2014-03-08T00:47:12Z,2014-03-08T00:52:35Z,4000000000.0,4135.8,264.8,2014-03-08T01:33:26Z,2014-03-08T01:39:13Z,1,138.1,16.0,138.1,16.0,138.1,14.9,144.4,14.7,105.9,0.225,100.9,0.127,95.9,0.0713,90.9,0.0401,85.9,0.0225,80.9,0.0127,75.9,0.00713
3275,0.00015,-32.75,95.75,5157.0,2014-03-08T00:47:12Z,2014-03-08T00:52:35Z,4000000000.0,4133.9,264.82,2014-03-08T01:33:25Z,2014-03-08T01:39:12Z,0,138.1,16.0,138.1,16.0,138.1,14.9,144.4,14.7,105.9,0.226,100.9,0.127,95.9,0.0713,90.9,0.0401,85.9,0.0226,80.9,0.0127,75.9,0.00713
H01W,5e-05,-32.75,96.25,4041.0,2014-03-08T00:54:33Z,2014-03-08T00:54:33Z,4000000000.0,1689.3,272.74,2014-03-08T01:13:25Z,2014-03-08T01:13:36Z,0,134.2,12.5,134.2,12.5,134.2,11.0,140.5,10.7,109.8,0.464,104.8,0.261,99.8,0.147,94.8,0.0825,89.8,0.0464,84.8,0.0261,79.8,0.0147
H08S,5e-05,-32.75,96.25,4041.0,2014-03-08T00:54:33Z,2014-03-08T00:54:33Z,4000000000.0,3697.3,142.13,2014-03-08T01:35:51Z,2014-03-08T01:36:14Z,1,139.1,12.2,139.1,10.7,139.2,11.0,141.9,10.7,105.9,0.233,100.9,0.131,95.9,0.0738,90.9,0.0415,85.9,0.0233,80.9,0.0131,75.9,0.00738
3315,5e-05,-32.75,96.25,4041.0,2014-03-08T00:54:33Z,2014-03-08T00:54:33Z,4000000000.0,1786.2,261.6,2014-03-08T01:14:30Z,2014-03-08T01:14:41Z,0,134.4,16.0,134.4,16.0,134.4,14.9,140.7,14.7,109.6,0.445,104.6,0.25,99.6,0.141,94.6,0.0791,89.6,0.0445,84.6,0.025,79.6,0.0141
3376,5e-05,-32.75,96.25,4041.0,2014-03-08T00:54:33Z,2014-03-08T00:54:33Z,4000000000.0,1787.8,261.52,2014-03-08T01:14:31Z,2014-03-08T01:14:42Z,0,134.4,16.0,134.4,16.0,134.4,14.9,140.7,14.7,109.6,0.444,104.6,0.25,99.6,0.141,94.6,0.079,89.6,0.0444,84.6,0.025,79.6,0.0141
3250,5e-05,-32.75,96.25,4041.0,2014-03-08T00:54:33Z,2014-03-08T00:54:33Z,4000000000.0,3185.8,228.45,2014-03-08T01:30:08Z,2014-03-08T01:30:28Z,1,137.0,16.0,137.0,16.0,137.0,14.9,143.2,14.7,107.1,0.281,102.1,0.158,97.1,0.0888,92.1,0.05,87.1,0.0281,82.1,0.0158,77.1,0.00888
3274,5e-05,-32.75,96.25,4041.0,2014-03-08T00:54:33Z,2014-03-08T00:54:33Z,4000000000.0,4101.2,264.71,2014-03-08T01:40:21Z,2014-03-08T01:40:48Z,1,138.1,16.0,138.1,16.0,138.1,14.9,144.3,14.7,106.0,0.227,101.0,0.128,96.0,0.0718,91.0,0.0404,86.0,0.0227,81.0,0.0128,76.0,0.00718
3275,5e-05,-32.75,96.25,4041.0,2014-03-08T00:54:33Z,2014-03-08T00:54:33Z,4000000000.0,4099.2,264.73,2014-03-08T01:40:20Z,2014-03-08T01:40:46Z,0,138.1,16.0,138.1,16.0,138.1,14.9,144.3,14.7,106.0,0.227,101.0,0.128,96.0,0.0718,91.0,0.0404,86.0,0.0227,81.0,0.0128,76.0,0.00718
H01W,5e-05,-32.75,97.75,5368.0,2014-03-08T00:43:32Z,2014-03-08T00:43:32Z,4000000000.0,1560.7,275.06,2014-03-08T01:00:58Z,2014-03-08T01:01:08Z,0,133.9,12.5,133.9,12.5,133.9,11.0,140.1,10.7,110.2,0.492,105.2,0.277,100.2,0.156,95.2,0.0875,90.2,0.0492,85.2,0.0277,80.2,0.0156
H08S,5e-05,-32.75,97.75,5368.0,2014-03-08T00:43:32Z,2014-03-08T00:43:32Z,4000000000.0,3778.5,140.2,2014-03-08T01:25:44Z,2014-03-08T01:26:08Z,0,139.2,12.2,139.2,10.7,139.3,11.0,142.0,10.7,105.8,0.229,100.8,0.129,95.8,0.0725,90.8,0.0407,85.8,0.0229,80.8,0.0129,75.8,0.00725
3315,5e-05,-32.75,97.75,5368.0,2014-03-08T00:43:32Z,2014-03-08T00:43:32Z,4000000000.0,1647.2,262.89,2014-03-08T01:01:56Z,2014-03-08T01:02:06Z,0,134.1,16.0,134.1,16.0,134.1,14.9,140.4,14.7,109.9,0.473,104.9,0.266,99.9,0.149,94.9,0.0841,89.9,0.0473,84.9,0.0266,79.9,0.0149
3376,5e-05,-32.75,97.75,5368.0,2014-03-08T00:43:32Z,2014-03-08T00:43:32Z,4000000000.0,1648.7,262.79,2014-03-08T01:01:57Z,2014-03-08T01:02:07Z,0,134.1,16.0,134.1,16.0,134.1,14.9,140.4,14.7,109.9,0.472,104.9,0.266,99.9,0.149,94.9,0.084,89.9,0.0472,84.9,0.0266,79.9,0.0149
3250,5e-05,-32.75,97.75,5368.0,2014-03-08T00:43:32Z,2014-03-08T00:43:32Z,4000000000.0,3049.2,227.58,2014-03-08T01:17:36Z,2014-03-08T01:17:55Z,1,136.8,16.0,136.8,16.0,136.8,14.9,143.1,14.7,107.3,0.291,102.3,0.164,97.3,0.0921,92.3,0.0518,87.3,0.0291,82.3,0.0164,77.3,0.00921
3274,5e-05,-32.75,97.75,5368.0,2014-03-08T00:43:32Z,2014-03-08T00:43:32Z,4000000000.0,3983.7,265.98,2014-03-08T01:28:02Z,2014-03-08T01:28:27Z,1,137.9,16.0,137.9,16.0,137.9,14.9,144.2,14.7,106.1,0.233,101.1,0.131,96.1,0.0736,91.1,0.0414,86.1,0.0233,81.1,0.0131,76.1,0.00736
3275,5e-05,-32.75,97.75,5368.0,2014-03-08T00:43:32Z,2014-03-08T00:43:32Z,4000000000.0,3981.8,266.0,2014-03-08T01:28:01Z,2014-03-08T01:28:26Z,0,137.9,16.0,137.9,16.0,137.9,14.9,144.2,14.7,106.1,0.233,101.1,0.131,96.1,0.0736,91.1,0.0414,86.1,0.0233,81.1,0.0131,76.1,0.00736
H01W,5e-05,-32.25,92.25,4457.0,2014-03-08T00:28:30Z,2014-03-08T00:28:30Z,4000000000.0,2030.5,271.47,2014-03-08T00:51:11Z,2014-03-08T00:51:24Z,0,135.0,12.5,135.0,12.5,135.0,11.0,141.3,10.7,109.0,0.403,104.0,0.227,99.0,0.127,94.0,0.0717,89.0,0.0403,84.0,0.0227,79.0,0.0127
H08S,5e-05,-32.25,92.25,4457.0,2014-03-08T00:28:30Z,2014-03-08T00:28:30Z,4000000000.0,3433.1,145.86,2014-03-08T01:06:51Z,2014-03-08T01:07:13Z,0,138.8,12.2,138.8,10.7,138.8,11.0,141.6,10.7,106.2,0.248,101.2,0.14,96.2,0.0785,91.2,0.0442,86.2,0.0248,81.2,0.014,76.2,0.00785
3315,5e-05,-32.25,92.25,4457.0,2014-03-08T00:28:30Z,2014-03-08T00:28:30Z,4000000000.0,2129.2,262.21,2014-03-08T00:52:17Z,2014-03-08T00:52:31Z,0,135.2,16.0,135.2,16.0,135.2,14.9,141.5,14.7,108.8,0.388,103.8,0.218,98.8,0.123,93.8,0.0691,88.8,0.0388,83.8,0.0218,78.8,0.0123
3376,5e-05,-32.25,92.25,4457.0,2014-03-08T00:28:30Z,2014-03-08T00:28:30Z,4000000000.0,2130.8,262.14,2014-03-08T00:52:18Z,2014-03-08T00:52:32Z,0,135.2,16.0,135.2,16.0,135.2,14.9,141.5,14.7,108.8,0.388,103.8,0.218,98.8,0.123,93.8,0.069,88.8,0.0388,83.8,0.0218,78.8,0.0123
3250,5e-05,-32.25,92.25,4457.0,2014-03-08T00:28:30Z,2014-03-08T00:28:30Z,4000000000.0,3467.6,232.0,2014-03-08T01:07:14Z,2014-03-08T01:07:36Z,1,137.3,16.0,137.3,16.0,137.3,14.9,143.6,14.7,106.7,0.262,101.7,0.147,96.7,0.0828,91.7,0.0465,86.7,0.0262,81.7,0.0147,76.7,0.00828
3274,5e-05,-32.25,92.25,4457.0,2014-03-08T00:28:30Z,2014-03-08T00:28:30Z,4000000000.0,4431.5,263.34,2014-03-08T01:18:00Z,2014-03-08T01:18:29Z,0,138.4,16.0,138.4,16.0,138.4,14.9,144.7,14.7,105.6,0.212,100.6,0.119,95.6,0.0672,90.6,0.0378,85.6,0.0212,80.6,0.0119,75.6,0.00672
3275,5e-05,-32.25,92.25,4457.0,2014-03-08T00:28:30Z,2014-03-08T00:28:30Z,4000000000.0,4429.5,263.36,2014-03-08T01:17:59Z,2014-03-08T01:18:27Z,0,138.4,16.0,138.4,16.0,138.4,14.9,144.7,14.7,105.6,0.213,100.6,0.12,95.6,0.0672,90.6,0.0378,85.6,0.0213,80.6,0.012,75.6,0.00672
H01W,5e-05,-32.25,92.75,4437.0,2014-03-08T00:40:09Z,2014-03-08T00:40:09Z,4000000000.0,2019.3,271.51,2014-03-08T01:02:43Z,2014-03-08T01:02:56Z,0,135.0,12.5,135.0,12.5,135.0,11.0,141.3,10.7,109.1,0.405,104.1,0.228,99.1,0.128,94.1,0.072,89.1,0.0405,84.1,0.0228,79.1,0.0128
H08S,5e-05,-32.25,92.75,4437.0,2014-03-08T00:40:09Z,2014-03-08T00:40:09Z,4000000000.0,3441.6,145.72,2014-03-08T01:18:36Z,2014-03-08T01:18:58Z,0,138.8,12.2,138.8,10.7,138.9,11.0,141.6,10.7,106.2,0.248,101.2,0.139,96.2,0.0784,91.2,0.0441,86.2,0.0248,81.2,0.0139,76.2,0.00784
3315,5e-05,-32.25,92.75,4437.0,2014-03-08T00:40:09Z,2014-03-08T00:40:09Z,4000000000.0,2117.9,262.19,2014-03-08T01:03:49Z,2014-03-08T01:04:02Z,0,135.2,16.0,135.2,16.0,135.2,14.9,141.5,14.7,108.9,0.39,103.9,0.219,98.9,0.123,93.9,0.0694,88.9,0.039,83.9,0.0219,78.9,0.0123
3376,5e-05,-32.25,92.75,4437.0,2014-03-08T00:40:09Z,2014-03-08T00:40:09Z,4000000000.0,2119.4,262.12,2014-03-08T01:03:50Z,2014-03-08T01:04:03Z,0,135.2,16.0,135.2,16.0,135.2,14.9,141.5,14.7,108.9,0.39,103.9,0.219,98.9,0.123,93.9,0.0693,88.9,0.039,83.9,0.0219,78.9,0.0123
3250,5e-05,-32.25,92.75,4437.0,2014-03-08T00:40:09Z,2014-03-08T00:40:09Z,4000000000.0,3458.1,231.89,2014-03-08T01:18:47Z,2014-03-08T01:19:09Z,1,137.3,16.0,137.3,16.0,137.3,14.9,143.6,14.7,106.7,0.262,101.7,0.148,96.7,0.083,91.7,0.0467,86.7,0.0262,81.7,0.0148,76.7,0.0083
3274,5e-05,-32.25,92.75,4437.0,2014-03-08T00:40:09Z,2014-03-08T00:40:09Z,4000000000.0,4420.6,263.38,2014-03-08T01:29:32Z,2014-03-08T01:30:00Z,0,138.4,16.0,138.4,16.0,138.4,14.9,144.7,14.7,105.7,0.213,100.7,0.12,95.7,0.0673,90.7,0.0379,85.7,0.0213,80.7,0.012,75.7,0.00673
3275,5e-05,-32.25,92.75,4437.0,2014-03-08T00:40:09Z,2014-03-08T00:40:09Z,4000000000.0,4418.6,263.4,2014-03-08T01:29:31Z,2014-03-08T01:29:59Z,0,138.4,16.0,138.4,16.0,138.4,14.9,144.7,14.7,105.7,0.213,100.7,0.12,95.7,0.0674,90.7,0.0379,85.7,0.0213,80.7,0.012,75.7,0.00674
H01W,5e-05,-32.25,93.25,4881.0,2014-03-08T00:43:12Z,2014-03-08T00:43:12Z,4000000000.0,1958.3,272.96,2014-03-08T01:05:05Z,2014-03-08T01:05:17Z,0,134.8,12.5,134.8,12.5,134.8,11.0,141.1,10.7,109.2,0.415,104.2,0.233,99.2,0.131,94.2,0.0737,89.2,0.0415,84.2,0.0233,79.2,0.0131
H08S,5e-05,-32.25,93.25,4881.0,2014-03-08T00:43:12Z,2014-03-08T00:43:12Z,4000000000.0,3464.7,144.42,2014-03-08T01:21:55Z,2014-03-08T01:22:17Z,0,138.8,12.2,138.8,10.7,138.9,11.0,141.6,10.7,106.2,0.246,101.2,0.139,96.2,0.0779,91.2,0.0438,86.2,0.0246,81.2,0.0139,76.2,0.00779
3315,5e-05,-32.25,93.25,4881.0,2014-03-08T00:43:12Z,2014-03-08T00:43:12Z,4000000000.0,2049.6,263.28,2014-03-08T01:06:06Z,2014-03-08T01:06:19Z,0,135.0,16.0,135.0,16.0,135.0,14.9,141.3,14.7,109.0,0.4,104.0,0.225,99.0,0.127,94.0,0.0712,89.0,0.04,84.0,0.0225,79.0,0.0127
3376,5e-05,-32.25,93.25,4881.0,2014-03-08T00:43:12Z,2014-03-08T00:43:12Z,4000000000.0,2051.1,263.2,2014-03-08T01:06:07Z,2014-03-08T01:06:20Z,0,135.0,16.0,135.0,16.0,135.0,14.9,141.3,14.7,109.0,0.4,104.0,0.225,99.0,0.126,94.0,0.0711,89.0,0.04,84.0,0.0225,79.0,0.0126
3250,5e-05,-32.25,93.25,4881.0,2014-03-08T00:43:12Z,2014-03-08T00:43:12Z,4000000000.0,3379.6,231.86,2014-03-08T01:20:58Z,2014-03-08T01:21:19Z,1,137.2,16.0,137.2,16.0,137.2,14.9,143.5,14.7,106.8,0.267,101.8,0.15,96.8,0.0846,91.8,0.0476,86.8,0.0267,81.8,0.015,76.8,0.00846
3274,5e-05,-32.25,93.25,4881.0,2014-03-08T00:43:12Z,2014-03-08T00:43:12Z,4000000000.0,4368.0,264.21,2014-03-08T01:32:00Z,2014-03-08T01:32:28Z,0,138.3,16.0,138.3,16.0,138.3,14.9,144.6,14.7,105.7,0.215,100.7,0.121,95.7,0.068,90.7,0.0383,85.7,0.0215,80.7,0.0121,75.7,0.0068
3275,5e-05,-32.25,93.25,4881.0,2014-03-08T00:43:12Z,2014-03-08T00:43:12Z,4000000000.0,4366.0,264.22,2014-03-08T01:31:59Z,2014-03-08T01:32:26Z,0,138.3,16.0,138.3,16.0,138.3,14.9,144.6,14.7,105.7,0.215,100.7,0.121,95.7,0.0681,90.7,0.0383,85.7,0.0215,80.7,0.0121,75.7,0.00681
H01W,5e-05,-32.25,94.25,4317.0,2014-03-08T00:44:31Z,2014-03-08T00:44:31Z,4000000000.0,1866.3,273.55,2014-03-08T01:05:21Z,2014-03-08T01:05:33Z,0,134.6,12.5,134.6,12.5,134.6,11.0,140.9,10.7,109.4,0.43,104.4,0.242,99.4,0.136,94.4,0.0765,89.4,0.043,84.4,0.0242,79.4,0.0136
H08S,5e-05,-32.25,94.25,4317.0,2014-03-08T00:44:31Z,2014-03-08T00:44:31Z,4000000000.0,3532.8,143.3,2014-03-08T01:23:58Z,2014-03-08T01:24:21Z,0,138.9,12.2,138.9,10.7,139.0,11.0,141.7,10.7,106.1,0.242,101.1,0.136,96.1,0.0767,91.1,0.0431,86.1,0.0242,81.1,0.0136,76.1,0.00767
3315,5e-05,-32.25,94.25,4317.0,2014-03-08T00:44:31Z,2014-03-08T00:44:31Z,4000000000.0,1955.6,263.37,2014-03-08T01:06:21Z,2014-03-08T01:06:34Z,0,134.8,16.0,134.8,16.0,134.8,14.9,141.1,14.7,109.2,0.415,104.2,0.233,99.2,0.131,94.2,0.0738,89.2,0.0415,84.2,0.0233,79.2,0.0131
3376,5e-05,-32.25,94.25,4317.0,2014-03-08T00:44:31Z,2014-03-08T00:44:31Z,4000000000.0,1957.1,263.29,2014-03-08T01:06:22Z,2014-03-08T01:06:35Z,0,134.8,16.0,134.8,16.0,134.8,14.9,141.1,14.7,109.2,0.415,104.2,0.233,99.2,0.131,94.2,0.0737,89.2,0.0415,84.2,0.0233,79.2,0.0131
3250,5e-05,-32.25,94.25,4317.0,2014-03-08T00:44:31Z,2014-03-08T00:44:31Z,4000000000.0,3298.1,231.02,2014-03-08T01:21:21Z,2014-03-08T01:21:42Z,1,137.1,16.0,137.1,16.0,137.1,14.9,143.4,14.7,106.9,0.273,101.9,0.153,96.9,0.0863,91.9,0.0485,86.9,0.0273,81.9,0.0153,76.9,0.00863
3274,5e-05,-32.25,94.25,4317.0,2014-03-08T00:44:31Z,2014-03-08T00:44:31Z,4000000000.0,4279.8,264.67,2014-03-08T01:32:19Z,2014-03-08T01:32:46Z,0,138.2,16.0,138.2,16.0,138.2,14.9,144.5,14.7,105.8,0.219,100.8,0.123,95.8,0.0692,90.8,0.0389,85.8,0.0219,80.8,0.0123,75.8,0.00692
3275,5e-05,-32.25,94.25,4317.0,2014-03-08T00:44:31Z,2014-03-08T00:44:31Z,4000000000.0,4277.9,264.69,2014-03-08T01:32:18Z,2014-03-08T01:32:45Z,0,138.2,16.0,138.2,16.0,138.2,14.9,144.5,14.7,105.8,0.219,100.8,0.123,95.8,0.0693,90.8,0.0389,85.8,0.0219,80.8,0.0123,75.8,0.00693
H01W,5e-05,-32.25,94.75,4276.0,2014-03-08T00:45:31Z,2014-03-08T00:45:31Z,4000000000.0,1840.6,273.92,2014-03-08T01:06:05Z,2014-03-08T01:06:17Z,0,134.6,12.5,134.6,12.5,134.6,11.0,140.9,10.7,109.5,0.435,104.5,0.244,99.5,0.137,94.5,0.0773,89.5,0.0435,84.5,0.0244,79.5,0.0137
H08S,5e-05,-32.25,94.75,4276.0,2014-03-08T00:45:31Z,2014-03-08T00:45:31Z,4000000000.0,3548.8,142.9,2014-03-08T01:25:10Z,2014-03-08T01:25:33Z,0,138.9,12.2,138.9,10.7,139.0,11.0,141.7,10.7,106.1,0.242,101.1,0.136,96.1,0.0764,91.1,0.043,86.1,0.0242,81.1,0.0136,76.1,0.00764
3315,5e-05,-32.25,94.75,4276.0,2014-03-08T00:45:31Z,2014-03-08T00:45:31Z,4000000000.0,1928.3,263.59,2014-03-08T01:07:04Z,2014-03-08T01:07:16Z,0,134.8,16.0,134.8,16.0,134.8,14.9,141.1,14.7,109.3,0.419,104.3,0.236,99.3,0.133,94.3,0.0746,89.3,0.0419,84.3,0.0236,79.3,0.0133
3376,5e-05,-32.25,94.75,4276.0,2014-03-08T00:45:31Z,2014-03-08T00:45:31Z,4000000000.0,1929.8,263.5,2014-03-08T01:07:05Z,2014-03-08T01:07:17Z,0,134.8,16.0,134.8,16.0,134.8,14.9,141.1,14.7,109.3,0.419,104.3,0.236,99.3,0.133,94.3,0.0746,89.3,0.0419,84.3,0.0236,79.3,0.0133
3250,5e-05,-32.25,94.75,4276.0,2014-03-08T00:45:31Z,2014-03-08T00:45:31Z,4000000000.0,3271.2,230.86,2014-03-08T01:22:04Z,2014-03-08T01:22:25Z,1,137.1,16.0,137.1,16.0,137.1,14.9,143.4,14.7,107.0,0.275,102.0,0.155,97.0,0.0869,92.0,0.0489,87.0,0.0275,82.0,0.0155,77.0,0.00869
3274,5e-05,-32.25,94.75,4276.0,2014-03-08T00:45:31Z,2014-03-08T00:45:31Z,4000000000.0,4256.1,264.9,2014-03-08T01:33:04Z,2014-03-08T01:33:31Z,1,138.2,16.0,138.2,16.0,138.2,14.9,144.5,14.7,105.8,0.22,100.8,0.124,95.8,0.0696,90.8,0.0391,85.8,0.022,80.8,0.0124,75.8,0.00696
3275,5e-05,-32.25,94.75,4276.0,2014-03-08T00:45:31Z,2014-03-08T00:45:31Z,4000000000.0,4254.2,264.92,2014-03-08T01:33:03Z,2014-03-08T01:33:30Z,0,138.2,16.0,138.2,16.0,138.2,14.9,144.5,14.7,105.8,0.22,100.8,0.124,95.8,0.0696,90.8,0.0391,85.8,0.022,80.8,0.0124,75.8,0.00696
H01W,0.0001,-32.25,95.25,3486.0,2014-03-08T00:20:37Z,2014-03-08T00:23:06Z,4000000000.0,1763.7,274.67,2014-03-08T00:40:14Z,2014-03-08T00:43:04Z,0,134.4,12.5,134.4,12.5,134.4,11.0,140.7,10.7,109.6,0.449,104.6,0.253,99.6,0.142,94.6,0.0799,89.6,0.0449,84.6,0.0253,79.6,0.0142
H08S,0.0001,-32.25,95.25,3486.0,2014-03-08T00:20:37Z,2014-03-08T00:23:06Z,4000000000.0,3604.3,141.92,2014-03-08T01:00:56Z,2014-03-08T01:03:41Z,0,139.0,12.2,139.0,10.7,139.1,11.0,141.8,10.7,106.0,0.238,101.0,0.134,96.0,0.0754,91.0,0.0424,86.0,0.0238,81.0,0.0134,76.0,0.00754
3315,0.0001,-32.25,95.25,3486.0,2014-03-08T00:20:37Z,2014-03-08T00:23:06Z,4000000000.0,1848.3,263.86,2014-03-08T00:41:11Z,2014-03-08T00:44:01Z,0,134.6,16.0,134.6,16.0,134.6,14.9,140.9,14.7,109.4,0.433,104.4,0.244,99.4,0.137,94.4,0.0771,89.4,0.0433,84.4,0.0244,79.4,0.0137
3376,0.0001,-32.25,95.25,3486.0,2014-03-08T00:20:37Z,2014-03-08T00:23:06Z,4000000000.0,1849.8,263.77,2014-03-08T00:41:12Z,2014-03-08T00:44:02Z,0,134.6,16.0,134.6,16.0,134.6,14.9,140.9,14.7,109.4,0.433,104.4,0.244,99.4,0.137,94.4,0.077,89.4,0.0433,84.4,0.0244,79.4,0.0137
3250,0.0001,-32.25,95.25,3486.0,2014-03-08T00:20:37Z,2014-03-08T00:23:06Z,4000000000.0,3199.3,230.19,2014-03-08T00:56:17Z,2014-03-08T00:59:15Z,1,137.0,16.0,137.0,16.0,137.0,14.9,143.3,14.7,107.1,0.28,102.1,0.157,97.1,0.0885,92.1,0.0498,87.1,0.028,82.1,0.0157,77.1,0.00885
3274,0.0001,-32.25,95.25,3486.0,2014-03-08T00:20:37Z,2014-03-08T00:23:06Z,4000000000.0,4183.2,265.39,2014-03-08T01:07:16Z,2014-03-08T01:10:21Z,1,138.1,16.0,138.1,16.0,138.1,14.9,144.4,14.7,105.9,0.223,100.9,0.126,95.9,0.0706,90.9,0.0397,85.9,0.0223,80.9,0.0126,75.9,0.00706
3275,0.0001,-32.25,95.25,3486.0,2014-03-08T00:20:37Z,2014-03-08T00:23:06Z,4000000000.0,4181.2,265.41,2014-03-08T01:07:15Z,2014-03-08T01:10:19Z,0,138.1,16.0,138.1,16.0,138.1,14.9,144.4,14.7,105.9,0.223,100.9,0.126,95.9,0.0706,90.9,0.0397,85.9,0.0223,80.9,0.0126,75.9,0.00706
H01W,0.0001,-32.25,96.75,3345.0,2014-03-08T00:30:16Z,2014-03-08T00:32:05Z,4000000000.0,1646.6,274.81,2014-03-08T00:48:42Z,2014-03-08T00:50:36Z,0,134.1,12.5,134.1,12.5,134.1,11.0,140.4,10.7,109.9,0.473,104.9,0.266,99.9,0.15,94.9,0.0841,89.9,0.0473,84.9,0.0266,79.9,0.015
H08S,0.0001,-32.25,96.75,3345.0,2014-03-08T00:30:16Z,2014-03-08T00:32:05Z,4000000000.0,3705.5,140.94,2014-03-08T01:11:34Z,2014-03-08T01:13:57Z,1,139.1,12.2,139.1,10.7,139.2,11.0,141.9,10.7,105.9,0.233,100.9,0.131,95.9,0.0737,90.9,0.0414,85.9,0.0233,80.9,0.0131,75.9,0.00737
3315,0.0001,-32.25,96.75,3345.0,2014-03-08T00:30:16Z,2014-03-08T00:32:05Z,4000000000.0,1732.7,263.25,2014-03-08T00:49:38Z,2014-03-08T00:51:36Z,0,134.3,16.0,134.3,16.0,134.3,14.9,140.6,14.7,109.7,0.455,104.7,0.256,99.7,0.144,94.7,0.0809,89.7,0.0455,84.7,0.0256,79.7,0.0144
3376,0.0001,-32.25,96.75,3345.0,2014-03-08T00:30:16Z,2014-03-08T00:32:05Z,4000000000.0,1734.2,263.16,2014-03-08T00:49:39Z,2014-03-08T00:51:37Z,0,134.3,16.0,134.3,16.0,134.3,14.9,140.6,14.7,109.7,0.455,104.7,0.256,99.7,0.144,94.7,0.0809,89.7,0.0455,84.7,0.0256,79.7,0.0144
3250,0.0001,-32.25,96.75,3345.0,2014-03-08T00:30:16Z,2014-03-08T00:32:05Z,4000000000.0,3113.6,228.68,2014-03-08T01:05:00Z,2014-03-08T01:07:14Z,1,136.9,16.0,136.9,16.0,136.9,14.9,143.1,14.7,107.2,0.286,102.2,0.161,97.2,0.0905,92.2,0.0509,87.2,0.0286,82.2,0.0161,77.2,0.00905
3274,0.0001,-32.25,96.75,3345.0,2014-03-08T00:30:16Z,2014-03-08T00:32:05Z,4000000000.0,4067.7,265.69,2014-03-08T01:15:46Z,2014-03-08T01:17:53Z,1,138.0,16.0,138.0,16.0,138.0,14.9,144.3,14.7,106.0,0.229,101.0,0.129,96.0,0.0723,91.0,0.0407,86.0,0.0229,81.0,0.0129,76.0,0.00723
3275,0.0001,-32.25,96.75,3345.0,2014-03-08T00:30:16Z,2014-03-08T00:32:05Z,4000000000.0,4065.8,265.71,2014-03-08T01:15:44Z,2014-03-08T01:17:52Z,0,138.0,16.0,138.0,16.0,138.0,14.9,144.3,14.7,106.0,0.229,101.0,0.129,96.0,0.0723,91.0,0.0407,86.0,0.0229,81.0,0.0129,76.0,0.00723
H01W,0.0001,-32.25,98.75,2456.0,2014-03-08T00:37:45Z,2014-03-08T00:42:28Z,4000000000.0,1453.6,277.45,2014-03-08T00:53:50Z,2014-03-08T00:59:00Z,0,133.5,12.5,133.5,12.5,133.5,11.0,139.8,10.7,110.5,0.519,105.5,0.292,100.5,0.164,95.5,0.0922,90.5,0.0519,85.5,0.0292,80.5,0.0164
H08S,0.0001,-32.25,98.75,2456.0,2014-03-08T00:37:45Z,2014-03-08T00:42:28Z,4000000000.0,3849.1,138.57,2014-03-08T01:20:53Z,2014-03-08T01:25:44Z,0,139.3,12.2,139.3,10.7,139.3,11.0,142.1,10.7,105.7,0.226,100.7,0.127,95.7,0.0713,90.7,0.0401,85.7,0.0226,80.7,0.0127,75.7,0.00713
3315,0.0001,-32.25,98.75,2456.0,2014-03-08T00:37:45Z,2014-03-08T00:42:28Z,4000000000.0,1529.2,264.25,2014-03-08T00:54:40Z,2014-03-08T00:59:51Z,0,133.8,16.0,133.8,16.0,133.8,14.9,140.1,14.7,110.3,0.5,105.3,0.281,100.3,0.158,95.3,0.0888,90.3,0.05,85.3,0.0281,80.3,0.0158
3376,0.0001,-32.25,98.75,2456.0,2014-03-08T00:37:45Z,2014-03-08T00:42:28Z,4000000000.0,1530.6,264.15,2014-03-08T00:54:41Z,2014-03-08T00:59:52Z,0,133.8,16.0,133.8,16.0,133.8,14.9,140.1,14.7,110.3,0.499,105.3,0.281,100.3,0.158,95.3,0.0888,90.3,0.0499,85.3,0.0281,80.3,0.0158
3250,0.0001,-32.25,98.75,2456.0,2014-03-08T00:37:45Z,2014-03-08T00:42:28Z,4000000000.0,2931.6,226.8,2014-03-08T01:10:23Z,2014-03-08T01:15:37Z,1,136.6,16.0,136.6,16.0,136.6,14.9,142.9,14.7,107.4,0.301,102.4,0.169,97.4,0.0951,92.4,0.0535,87.4,0.0301,82.4,0.0169,77.4,0.00951
3274,0.0001,-32.25,98.75,2456.0,2014-03-08T00:37:45Z,2014-03-08T00:42:28Z,4000000000.0,3885.3,267.14,2014-03-08T01:21:00Z,2014-03-08T01:26:26Z,1,137.8,16.0,137.8,16.0,137.8,14.9,144.1,14.7,106.2,0.238,101.2,0.134,96.2,0.0752,91.2,0.0423,86.2,0.0238,81.2,0.0134,76.2,0.00752
3275,0.0001,-32.25,98.75,2456.0,2014-03-08T00:37:45Z,2014-03-08T00:42:28Z,4000000000.0,3883.4,267.16,2014-03-08T01:20:58Z,2014-03-08T01:26:24Z,0,137.8,16.0,137.8,16.0,137.8,14.9,144.1,14.7,106.2,0.238,101.2,0.134,96.2,0.0752,91.2,0.0423,86.2,0.0238,81.2,0.0134,76.2,0.00752
H01W,5e-05,-31.75,93.75,3991.0,2014-03-08T00:54:25Z,2014-03-08T00:54:25Z,4000000000.0,1924.0,274.15,2014-03-08T01:15:55Z,2014-03-08T01:16:07Z,0,134.8,12.5,134.8,12.5,134.8,11.0,141.1,10.7,109.3,0.42,104.3,0.236,99.3,0.133,94.3,0.0747,89.3,0.042,84.3,0.0236,79.3,0.0133
H08S,5e-05,-31.75,93.75,3991.0,2014-03-08T00:54:25Z,2014-03-08T00:54:25Z,4000000000.0,3473.1,143.52,2014-03-08T01:33:13Z,2014-03-08T01:33:35Z,0,138.8,12.2,138.8,10.7,138.9,11.0,141.6,10.7,106.2,0.246,101.2,0.138,96.2,0.0778,91.2,0.0437,86.2,0.0246,81.2,0.0138,76.2,0.00778
3315,5e-05,-31.75,93.75,3991.0,2014-03-08T00:54:25Z,2014-03-08T00:54:25Z,4000000000.0,2009.1,264.24,2014-03-08T01:16:52Z,2014-03-08T01:17:05Z,0,135.0,16.0,135.0,16.0,135.0,14.9,141.2,14.7,109.1,0.406,104.1,0.229,99.1,0.129,94.1,0.0723,89.1,0.0406,84.1,0.0229,79.1,0.0129
3376,5e-05,-31.75,93.75,3991.0,2014-03-08T00:54:25Z,2014-03-08T00:54:25Z,4000000000.0,2010.5,264.16,2014-03-08T01:16:53Z,2014-03-08T01:17:06Z,0,135.0,16.0,135.0,16.0,135.0,14.9,141.2,14.7,109.1,0.406,104.1,0.228,99.1,0.128,94.1,0.0722,89.1,0.0406,84.1,0.0228,79.1,0.0128
3250,5e-05,-31.75,93.75,3991.0,2014-03-08T00:54:25Z,2014-03-08T00:54:25Z,4000000000.0,3327.6,231.99,2014-03-08T01:31:36Z,2014-03-08T01:31:57Z,1,137.1,16.0,137.1,16.0,137.1,14.9,143.4,14.7,106.9,0.271,101.9,0.152,96.9,0.0857,91.9,0.0482,86.9,0.0271,81.9,0.0152,76.9,0.00857
3274,5e-05,-31.75,93.75,3991.0,2014-03-08T00:54:25Z,2014-03-08T00:54:25Z,4000000000.0,4339.8,264.84,2014-03-08T01:42:54Z,2014-03-08T01:43:22Z,1,138.3,16.0,138.3,16.0,138.3,14.9,144.6,14.7,105.7,0.216,100.7,0.122,95.7,0.0684,90.7,0.0385,85.7,0.0216,80.7,0.0122,75.7,0.00684
3275,5e-05,-31.75,93.75,3991.0,2014-03-08T00:54:25Z,2014-03-08T00:54:25Z,4000000000.0,4337.8,264.85,2014-03-08T01:42:53Z,2014-03-08T01:43:20Z,0,138.3,16.0,138.3,16.0,138.3,14.9,144.6,14.7,105.7,0.216,100.7,0.122,95.7,0.0684,90.7,0.0385,85.7,0.0216,80.7,0.0122,75.7,0.00684
H01W,5e-05,-31.75,94.25,3397.0,2014-03-08T00:31:04Z,2014-03-08T00:31:04Z,4000000000.0,1883.3,274.66,2014-03-08T00:52:06Z,2014-03-08T00:52:18Z,0,134.7,12.5,134.7,12.5,134.7,11.0,141.0,10.7,109.4,0.427,104.4,0.24,99.4,0.135,94.4,0.076,89.4,0.0427,84.4,0.024,79.4,0.0135
H08S,5e-05,-31.75,94.25,3397.0,2014-03-08T00:31:04Z,2014-03-08T00:31:04Z,4000000000.0,3500.0,142.92,2014-03-08T01:10:10Z,2014-03-08T01:10:32Z,0,138.9,12.2,138.9,10.7,138.9,11.0,141.6,10.7,106.1,0.244,101.1,0.137,96.1,0.0773,91.1,0.0435,86.1,0.0244,81.1,0.0137,76.1,0.00773
3315,5e-05,-31.75,94.25,3397.0,2014-03-08T00:31:04Z,2014-03-08T00:31:04Z,4000000000.0,1966.0,264.51,2014-03-08T00:53:02Z,2014-03-08T00:53:14Z,1,134.9,16.0,134.9,16.0,134.9,14.9,141.1,14.7,109.2,0.413,104.2,0.232,99.2,0.131,94.2,0.0735,89.2,0.0413,84.2,0.0232,79.2,0.0131
3376,5e-05,-31.75,94.25,3397.0,2014-03-08T00:31:04Z,2014-03-08T00:31:04Z,4000000000.0,1967.5,264.43,2014-03-08T00:53:03Z,2014-03-08T00:53:15Z,1,134.9,16.0,134.9,16.0,134.9,14.9,141.1,14.7,109.2,0.413,104.2,0.232,99.2,0.131,94.2,0.0734,89.2,0.0413,84.2,0.0232,79.2,0.0131
3250,5e-05,-31.75,94.25,3397.0,2014-03-08T00:31:04Z,2014-03-08T00:31:04Z,4000000000.0,3286.4,231.71,2014-03-08T01:07:47Z,2014-03-08T01:08:08Z,1,137.1,16.0,137.1,16.0,137.1,14.9,143.4,14.7,106.9,0.274,101.9,0.154,96.9,0.0866,91.9,0.0487,86.9,0.0274,81.9,0.0154,76.9,0.00866
3274,5e-05,-31.75,94.25,3397.0,2014-03-08T00:31:04Z,2014-03-08T00:31:04Z,4000000000.0,4301.6,265.15,2014-03-08T01:19:07Z,2014-03-08T01:19:35Z,1,138.3,16.0,138.3,16.0,138.3,14.9,144.5,14.7,105.8,0.218,100.8,0.123,95.8,0.0689,90.8,0.0388,85.8,0.0218,80.8,0.0123,75.8,0.00689
3275,5e-05,-31.75,94.25,3397.0,2014-03-08T00:31:04Z,2014-03-08T00:31:04Z,4000000000.0,4299.7,265.17,2014-03-08T01:19:06Z,2014-03-08T01:19:33Z,0,138.3,16.0,138.3,16.0,138.3,14.9,144.5,14.7,105.8,0.218,100.8,0.123,95.8,0.069,90.8,0.0388,85.8,0.0218,80.8,0.0123,75.8,0.0069
H01W,5e-05,-31.75,95.75,776.0,2014-03-08T00:49:58Z,2014-03-08T00:49:58Z,4000000000.0,1762.2,275.65,2014-03-08T01:09:39Z,2014-03-08T01:09:50Z,0,134.4,12.5,134.4,12.5,134.4,11.0,140.7,10.7,109.7,0.449,104.7,0.253,99.7,0.142,94.7,0.0799,89.7,0.0449,84.7,0.0253,79.7,0.0142
H08S,5e-05,-31.75,95.75,776.0,2014-03-08T00:49:58Z,2014-03-08T00:49:58Z,4000000000.0,3591.6,141.47,2014-03-08T01:30:05Z,2014-03-08T01:30:28Z,1,139.0,12.2,139.0,10.7,139.0,11.0,141.8,10.7,106.0,0.239,101.0,0.134,96.0,0.0756,91.0,0.0425,86.0,0.0239,81.0,0.0134,76.0,0.00756
3315,5e-05,-31.75,95.75,776.0,2014-03-08T00:49:58Z,2014-03-08T00:49:58Z,4000000000.0,1841.3,264.77,2014-03-08T01:10:32Z,2014-03-08T01:10:44Z,0,134.6,16.0,134.6,16.0,134.6,14.9,140.9,14.7,109.5,0.435,104.5,0.244,99.5,0.137,94.5,0.0773,89.5,0.0435,84.5,0.0244,79.5,0.0137
3376,5e-05,-31.75,95.75,776.0,2014-03-08T00:49:58Z,2014-03-08T00:49:58Z,4000000000.0,1842.8,264.68,2014-03-08T01:10:33Z,2014-03-08T01:10:45Z,0,134.6,16.0,134.6,16.0,134.6,14.9,140.9,14.7,109.5,0.434,104.5,0.244,99.5,0.137,94.5,0.0772,89.5,0.0434,84.5,0.0244,79.5,0.0137
3250,5e-05,-31.75,95.75,776.0,2014-03-08T00:49:58Z,2014-03-08T00:49:58Z,4000000000.0,3177.5,230.57,2014-03-08T01:25:27Z,2014-03-08T01:25:48Z,1,136.9,16.0,136.9,16.0,136.9,14.9,143.2,14.7,107.1,0.282,102.1,0.158,97.1,0.089,92.1,0.0501,87.1,0.0282,82.1,0.0158,77.1,0.0089
3274,5e-05,-31.75,95.75,776.0,2014-03-08T00:49:58Z,2014-03-08T00:49:58Z,4000000000.0,4185.6,265.83,2014-03-08T01:36:43Z,2014-03-08T01:37:10Z,1,138.1,16.0,138.1,16.0,138.1,14.9,144.4,14.7,105.9,0.223,100.9,0.125,95.9,0.0706,90.9,0.0397,85.9,0.0223,80.9,0.0125,75.9,0.00706
3275,5e-05,-31.75,95.75,776.0,2014-03-08T00:49:58Z,2014-03-08T00:49:58Z,4000000000.0,4183.7,265.85,2014-03-08T01:36:42Z,2014-03-08T01:37:08Z,0,138.1,16.0,138.1,16.0,138.1,14.9,144.4,14.7,105.9,0.223,100.9,0.126,95.9,0.0706,90.9,0.0397,85.9,0.0223,80.9,0.0126,75.9,0.00706
H01W,5e-05,-31.75,96.25,2047.0,2014-03-08T00:28:50Z,2014-03-08T00:28:50Z,4000000000.0,1686.2,277.63,2014-03-08T00:47:40Z,2014-03-08T00:47:51Z,0,134.2,12.5,134.2,12.5,134.2,11.0,140.5,10.7,109.8,0.464,104.8,0.261,99.8,0.147,94.8,0.0826,89.8,0.0464,84.8,0.0261,79.8,0.0147
H08S,5e-05,-31.75,96.25,2047.0,2014-03-08T00:28:50Z,2014-03-08T00:28:50Z,4000000000.0,3634.3,140.02,2014-03-08T01:09:26Z,2014-03-08T01:09:49Z,0,139.0,12.2,139.0,10.7,139.1,11.0,141.8,10.7,106.0,0.237,101.0,0.133,96.0,0.0749,91.0,0.0421,86.0,0.0237,81.0,0.0133,76.0,0.00749
3315,5e-05,-31.75,96.25,2047.0,2014-03-08T00:28:50Z,2014-03-08T00:28:50Z,4000000000.0,1755.5,266.16,2014-03-08T00:48:27Z,2014-03-08T00:48:38Z,0,134.4,16.0,134.4,16.0,134.4,14.9,140.7,14.7,109.7,0.451,104.7,0.253,99.7,0.142,94.7,0.0801,89.7,0.0451,84.7,0.0253,79.7,0.0142
3376,5e-05,-31.75,96.25,2047.0,2014-03-08T00:28:50Z,2014-03-08T00:28:50Z,4000000000.0,1756.8,266.07,2014-03-08T00:48:27Z,2014-03-08T00:48:39Z,0,134.4,16.0,134.4,16.0,134.4,14.9,140.7,14.7,109.7,0.45,104.7,0.253,99.7,0.142,94.7,0.0801,89.7,0.045,84.7,0.0253,79.7,0.0142
3250,5e-05,-31.75,96.25,2047.0,2014-03-08T00:28:50Z,2014-03-08T00:28:50Z,4000000000.0,3082.4,230.31,2014-03-08T01:03:16Z,2014-03-08T01:03:35Z,1,136.8,16.0,136.8,16.0,136.8,14.9,143.1,14.7,107.2,0.289,102.2,0.162,97.2,0.0913,92.2,0.0513,87.2,0.0289,82.2,0.0162,77.2,0.00913
3274,5e-05,-31.75,96.25,2047.0,2014-03-08T00:28:50Z,2014-03-08T00:28:50Z,4000000000.0,4117.0,266.82,2014-03-08T01:14:49Z,2014-03-08T01:15:16Z,1,138.1,16.0,138.1,16.0,138.1,14.9,144.4,14.7,106.0,0.226,101.0,0.127,96.0,0.0716,91.0,0.0402,86.0,0.0226,81.0,0.0127,76.0,0.00716
3275,5e-05,-31.75,96.25,2047.0,2014-03-08T00:28:50Z,2014-03-08T00:28:50Z,4000000000.0,4115.1,266.84,2014-03-08T01:14:48Z,2014-03-08T01:15:14Z,0,138.1,16.0,138.1,16.0,138.1,14.9,144.4,14.7,106.0,0.226,101.0,0.127,96.0,0.0716,91.0,0.0403,86.0,0.0226,81.0,0.0127,76.0,0.00716
H01W,0.0002,-31.75,97.25,2177.0,2014-03-08T00:22:04Z,2014-03-08T00:53:12Z,4000000000.0,1624.6,277.46,2014-03-08T00:40:15Z,2014-03-08T01:11:34Z,0,134.0,12.5,134.0,12.5,134.0,11.0,140.3,10.7,110.0,0.478,105.0,0.269,100.0,0.151,95.0,0.0849,90.0,0.0478,85.0,0.0269,80.0,0.0151
H08S,0.0002,-31.75,97.25,2177.0,2014-03-08T00:22:04Z,2014-03-08T00:53:12Z,4000000000.0,3689.4,139.7,2014-03-08T01:03:20Z,2014-03-08T01:34:45Z,0,139.1,12.2,139.1,10.7,139.2,11.0,141.9,10.7,105.9,0.234,100.9,0.131,95.9,0.0739,90.9,0.0416,85.9,0.0234,80.9,0.0131,75.9,0.00739
3315,0.0002,-31.75,97.25,2177.0,2014-03-08T00:22:04Z,2014-03-08T00:53:12Z,4000000000.0,1694.7,265.61,2014-03-08T00:41:04Z,2014-03-08T01:12:21Z,0,134.2,16.0,134.2,16.0,134.2,14.9,140.5,14.7,109.8,0.463,104.8,0.26,99.8,0.146,94.8,0.0823,89.8,0.0463,84.8,0.026,79.8,0.0146
3376,0.0002,-31.75,97.25,2177.0,2014-03-08T00:22:04Z,2014-03-08T00:53:12Z,4000000000.0,1696.2,265.52,2014-03-08T00:41:05Z,2014-03-08T01:12:22Z,0,134.2,16.0,134.2,16.0,134.2,14.9,140.5,14.7,109.8,0.462,104.8,0.26,99.8,0.146,94.8,0.0822,89.8,0.0462,84.8,0.026,79.8,0.0146
3250,0.0002,-31.75,97.25,2177.0,2014-03-08T00:22:04Z,2014-03-08T00:53:12Z,4000000000.0,3046.0,229.42,2014-03-08T00:56:10Z,2014-03-08T01:27:29Z,1,136.8,16.0,136.8,16.0,136.8,14.9,143.0,14.7,107.3,0.292,102.3,0.164,97.3,0.0922,92.3,0.0518,87.3,0.0292,82.3,0.0164,77.3,0.00922
3274,0.0002,-31.75,97.25,2177.0,2014-03-08T00:22:04Z,2014-03-08T00:53:12Z,4000000000.0,4056.0,266.85,2014-03-08T01:07:24Z,2014-03-08T01:38:59Z,1,138.0,16.0,138.0,16.0,138.0,14.9,144.3,14.7,106.0,0.229,101.0,0.129,96.0,0.0725,91.0,0.0408,86.0,0.0229,81.0,0.0129,76.0,0.00725
3275,0.0002,-31.75,97.25,2177.0,2014-03-08T00:22:04Z,2014-03-08T00:53:12Z,4000000000.0,4054.1,266.87,2014-03-08T01:07:22Z,2014-03-08T01:38:58Z,0,138.0,16.0,138.0,16.0,138.0,14.9,144.3,14.7,106.0,0.229,101.0,0.129,96.0,0.0725,91.0,0.0408,86.0,0.0229,81.0,0.0129,76.0,0.00725
H01W,5e-05,-31.75,98.75,1883.0,2014-03-08T00:45:45Z,2014-03-08T00:45:45Z,4000000000.0,1489.2,278.54,2014-03-08T01:02:23Z,2014-03-08T01:02:33Z,0,133.7,12.5,133.7,12.5,133.7,11.0,139.9,10.7,110.4,0.509,105.4,0.286,100.4,0.161,95.4,0.0906,90.4,0.0509,85.4,0.0286,80.4,0.0161
H08S,5e-05,-31.75,98.75,1883.0,2014-03-08T00:45:45Z,2014-03-08T00:45:45Z,4000000000.0,3805.5,138.38,2014-03-08T01:28:16Z,2014-03-08T01:28:40Z,0,139.2,12.2,139.2,10.7,139.3,11.0,142.0,10.7,105.8,0.228,100.8,0.128,95.8,0.072,90.8,0.0405,85.8,0.0228,80.8,0.0128,75.8,0.0072
3315,5e-05,-31.75,98.75,1883.0,2014-03-08T00:45:45Z,2014-03-08T00:45:45Z,4000000000.0,1557.6,265.57,2014-03-08T01:03:09Z,2014-03-08T01:03:19Z,0,133.8,16.0,133.8,16.0,133.8,14.9,140.1,14.7,110.2,0.493,105.2,0.277,100.2,0.156,95.2,0.0876,90.2,0.0493,85.2,0.0277,80.2,0.0156
3376,5e-05,-31.75,98.75,1883.0,2014-03-08T00:45:45Z,2014-03-08T00:45:45Z,4000000000.0,1559.0,265.47,2014-03-08T01:03:10Z,2014-03-08T01:03:20Z,0,133.9,16.0,133.9,16.0,133.9,14.9,140.1,14.7,110.2,0.493,105.2,0.277,100.2,0.156,95.2,0.0876,90.2,0.0493,85.2,0.0277,80.2,0.0156
3250,5e-05,-31.75,98.75,1883.0,2014-03-08T00:45:45Z,2014-03-08T00:45:45Z,4000000000.0,2933.0,227.72,2014-03-08T01:18:31Z,2014-03-08T01:18:50Z,1,136.6,16.0,136.6,16.0,136.6,14.9,142.9,14.7,107.4,0.301,102.4,0.169,97.4,0.0951,92.4,0.0535,87.4,0.0301,82.4,0.0169,77.4,0.00951
3274,5e-05,-31.75,98.75,1883.0,2014-03-08T00:45:45Z,2014-03-08T00:45:45Z,4000000000.0,3923.7,267.52,2014-03-08T01:29:35Z,2014-03-08T01:30:00Z,1,137.9,16.0,137.9,16.0,137.9,14.9,144.1,14.7,106.2,0.236,101.2,0.133,96.2,0.0746,91.2,0.0419,86.2,0.0236,81.2,0.0133,76.2,0.00746
3275,5e-05,-31.75,98.75,1883.0,2014-03-08T00:45:45Z,2014-03-08T00:45:45Z,4000000000.0,3921.8,267.54,2014-03-08T01:29:34Z,2014-03-08T01:29:58Z,0,137.9,16.0,137.9,16.0,137.9,14.9,144.1,14.7,106.2,0.236,101.2,0.133,96.2,0.0746,91.2,0.042,86.2,0.0236,81.2,0.0133,76.2,0.00746
H01W,5e-05,-31.25,93.75,2636.0,2014-03-08T00:26:04Z,2014-03-08T00:26:04Z,4000000000.0,1944.4,276.23,2014-03-08T00:47:47Z,2014-03-08T00:48:00Z,1,134.8,12.5,134.8,12.5,134.8,11.0,141.1,10.7,109.2,0.417,104.2,0.234,99.2,0.132,94.2,0.0741,89.2,0.0417,84.2,0.0234,79.2,0.0132
H08S,5e-05,-31.25,93.75,2636.0,2014-03-08T00:26:04Z,2014-03-08T00:26:04Z,4000000000.0,3421.5,142.63,2014-03-08T01:04:17Z,2014-03-08T01:04:39Z,0,138.8,12.2,138.8,10.7,138.8,11.0,141.5,10.7,106.2,0.249,101.2,0.14,96.2,0.0788,91.2,0.0443,86.2,0.0249,81.2,0.014,76.2,0.00788
3315,5e-05,-31.25,93.75,2636.0,2014-03-08T00:26:04Z,2014-03-08T00:26:04Z,4000000000.0,2017.2,266.31,2014-03-08T00:48:36Z,2014-03-08T00:48:49Z,0,135.0,16.0,135.0,16.0,135.0,14.9,141.3,14.7,109.1,0.405,104.1,0.228,99.1,0.128,94.1,0.072,89.1,0.0405,84.1,0.0228,79.1,0.0128
3376,5e-05,-31.25,93.75,2636.0,2014-03-08T00:26:04Z,2014-03-08T00:26:04Z,4000000000.0,2018.6,266.23,2014-03-08T00:48:37Z,2014-03-08T00:48:50Z,0,135.0,16.0,135.0,16.0,135.0,14.9,141.3,14.7,109.1,0.405,104.1,0.228,99.1,0.128,94.1,0.072,89.1,0.0405,84.1,0.0228,79.1,0.0128
3250,5e-05,-31.25,93.75,2636.0,2014-03-08T00:26:04Z,2014-03-08T00:26:04Z,4000000000.0,3295.7,233.16,2014-03-08T01:02:53Z,2014-03-08T01:03:14Z,1,137.1,16.0,137.1,16.0,137.1,14.9,143.4,14.7,106.9,0.273,101.9,0.154,96.9,0.0864,91.9,0.0486,86.9,0.0273,81.9,0.0154,76.9,0.00864
3274,5e-05,-31.25,93.75,2636.0,2014-03-08T00:26:04Z,2014-03-08T00:26:04Z,4000000000.0,4368.8,265.78,2014-03-08T01:14:52Z,2014-03-08T01:15:20Z,1,138.3,16.0,138.3,16.0,138.3,14.9,144.6,14.7,105.7,0.215,100.7,0.121,95.7,0.068,90.7,0.0382,85.7,0.0215,80.7,0.0121,75.7,0.0068
3275,5e-05,-31.25,93.75,2636.0,2014-03-08T00:26:04Z,2014-03-08T00:26:04Z,4000000000.0,4366.8,265.8,2014-03-08T01:14:51Z,2014-03-08T01:15:19Z,1,138.3,16.0,138.3,16.0,138.3,14.9,144.6,14.7,105.7,0.215,100.7,0.121,95.7,0.068,90.7,0.0383,85.7,0.0215,80.7,0.0121,75.7,0.0068
H01W,5e-05,-31.25,95.25,1702.0,2014-03-08T00:49:40Z,2014-03-08T00:49:40Z,4000000000.0,1833.1,277.75,2014-03-08T01:10:09Z,2014-03-08T01:10:20Z,0,134.6,12.5,134.6,12.5,134.6,11.0,140.8,10.7,109.5,0.436,104.5,0.245,99.5,0.138,94.5,0.0775,89.5,0.0436,84.5,0.0245,79.5,0.0138
H08S,5e-05,-31.25,95.25,1702.0,2014-03-08T00:49:40Z,2014-03-08T00:49:40Z,4000000000.0,3499.2,141.01,2014-03-08T01:28:45Z,2014-03-08T01:29:08Z,0,138.9,12.2,138.9,10.7,138.9,11.0,141.6,10.7,106.1,0.244,101.1,0.137,96.1,0.0773,91.1,0.0435,86.1,0.0244,81.1,0.0137,76.1,0.00773
3315,5e-05,-31.25,95.25,1702.0,2014-03-08T00:49:40Z,2014-03-08T00:49:40Z,4000000000.0,1898.9,267.16,2014-03-08T01:10:53Z,2014-03-08T01:11:05Z,0,134.7,16.0,134.7,16.0,134.7,14.9,141.0,14.7,109.3,0.424,104.3,0.239,99.3,0.134,94.3,0.0755,89.3,0.0424,84.3,0.0239,79.3,0.0134
3376,5e-05,-31.25,95.25,1702.0,2014-03-08T00:49:40Z,2014-03-08T00:49:40Z,4000000000.0,1900.3,267.08,2014-03-08T01:10:54Z,2014-03-08T01:11:06Z,0,134.7,16.0,134.7,16.0,134.7,14.9,141.0,14.7,109.3,0.424,104.3,0.239,99.3,0.134,94.3,0.0754,89.3,0.0424,84.3,0.0239,79.3,0.0134
3250,5e-05,-31.25,95.25,1702.0,2014-03-08T00:49:40Z,2014-03-08T00:49:40Z,4000000000.0,3181.6,232.38,2014-03-08T01:25:12Z,2014-03-08T01:25:33Z,1,137.0,16.0,137.0,16.0,137.0,14.9,143.2,14.7,107.1,0.281,102.1,0.158,97.1,0.0889,92.1,0.05,87.1,0.0281,82.1,0.0158,77.1,0.00889
3274,5e-05,-31.25,95.25,1702.0,2014-03-08T00:49:40Z,2014-03-08T00:49:40Z,4000000000.0,4263.5,266.65,2014-03-08T01:37:18Z,2014-03-08T01:37:45Z,1,138.2,16.0,138.2,16.0,138.2,14.9,144.5,14.7,105.8,0.22,100.8,0.124,95.8,0.0695,90.8,0.0391,85.8,0.022,80.8,0.0124,75.8,0.00695
3275,5e-05,-31.25,95.25,1702.0,2014-03-08T00:49:40Z,2014-03-08T00:49:40Z,4000000000.0,4261.5,266.67,2014-03-08T01:37:16Z,2014-03-08T01:37:43Z,0,138.2,16.0,138.2,16.0,138.2,14.9,144.5,14.7,105.8,0.22,100.8,0.124,95.8,0.0695,90.8,0.0391,85.8,0.022,80.8,0.0124,75.8,0.00695
H01W,5e-05,-31.25,95.75,2300.0,2014-03-08T00:45:15Z,2014-03-08T00:45:15Z,4000000000.0,1770.2,278.81,2014-03-08T01:05:01Z,2014-03-08T01:05:12Z,0,134.4,12.5,134.4,12.5,134.4,11.0,140.7,10.7,109.6,0.448,104.6,0.252,99.6,0.142,94.6,0.0796,89.6,0.0448,84.6,0.0252,79.6,0.0142
H08S,5e-05,-31.25,95.75,2300.0,2014-03-08T00:45:15Z,2014-03-08T00:45:15Z,4000000000.0,3543.2,140.05,2014-03-08T01:24:49Z,2014-03-08T01:25:12Z,0,138.9,12.2,138.9,10.7,139.0,11.0,141.7,10.7,106.1,0.242,101.1,0.136,96.1,0.0765,91.1,0.043,86.1,0.0242,81.1,0.0136,76.1,0.00765
3315,5e-05,-31.25,95.75,2300.0,2014-03-08T00:45:15Z,2014-03-08T00:45:15Z,4000000000.0,1831.0,267.81,2014-03-08T01:05:42Z,2014-03-08T01:05:53Z,0,134.6,16.0,134.6,16.0,134.6,14.9,140.8,14.7,109.5,0.436,104.5,0.245,99.5,0.138,94.5,0.0776,89.5,0.0436,84.5,0.0245,79.5,0.0138
3376,5e-05,-31.25,95.75,2300.0,2014-03-08T00:45:15Z,2014-03-08T00:45:15Z,4000000000.0,1832.3,267.72,2014-03-08T01:05:43Z,2014-03-08T01:05:54Z,0,134.6,16.0,134.6,16.0,134.6,14.9,140.8,14.7,109.5,0.436,104.5,0.245,99.5,0.138,94.5,0.0776,89.5,0.0436,84.5,0.0245,79.5,0.0138
3250,5e-05,-31.25,95.75,2300.0,2014-03-08T00:45:15Z,2014-03-08T00:45:15Z,4000000000.0,3114.1,231.95,2014-03-08T01:20:02Z,2014-03-08T01:20:22Z,1,136.9,16.0,136.9,16.0,136.9,14.9,143.1,14.7,107.2,0.286,102.2,0.161,97.2,0.0905,92.2,0.0509,87.2,0.0286,82.2,0.0161,77.2,0.00905
3274,5e-05,-31.25,95.75,2300.0,2014-03-08T00:45:15Z,2014-03-08T00:45:15Z,4000000000.0,4204.1,267.22,2014-03-08T01:32:12Z,2014-03-08T01:32:39Z,1,138.2,16.0,138.2,16.0,138.2,14.9,144.4,14.7,105.9,0.222,100.9,0.125,95.9,0.0703,90.9,0.0395,85.9,0.0222,80.9,0.0125,75.9,0.00703
3275,5e-05,-31.25,95.75,2300.0,2014-03-08T00:45:15Z,2014-03-08T00:45:15Z,4000000000.0,4202.2,267.24,2014-03-08T01:32:11Z,2014-03-08T01:32:38Z,0,138.2,16.0,138.2,16.0,138.2,14.9,144.4,14.7,105.9,0.222,100.9,0.125,95.9,0.0703,90.9,0.0395,85.9,0.0222,80.9,0.0125,75.9,0.00703
H01W,5e-05,-31.25,96.75,2545.0,2014-03-08T00:25:56Z,2014-03-08T00:25:56Z,4000000000.0,1661.7,280.18,2014-03-08T00:44:30Z,2014-03-08T00:44:40Z,0,134.1,12.5,134.1,12.5,134.1,11.0,140.4,10.7,109.9,0.47,104.9,0.264,99.9,0.149,94.9,0.0835,89.9,0.047,84.9,0.0264,79.9,0.0149
H08S,5e-05,-31.25,96.75,2545.0,2014-03-08T00:25:56Z,2014-03-08T00:25:56Z,4000000000.0,3628.6,138.73,2014-03-08T01:06:28Z,2014-03-08T01:06:51Z,0,139.0,12.2,139.0,10.7,139.1,11.0,141.8,10.7,106.0,0.237,101.0,0.133,96.0,0.075,91.0,0.0422,86.0,0.0237,81.0,0.0133,76.0,0.0075
3315,5e-05,-31.25,96.75,2545.0,2014-03-08T00:25:56Z,2014-03-08T00:25:56Z,4000000000.0,1716.7,268.41,2014-03-08T00:45:07Z,2014-03-08T00:45:18Z,0,134.3,16.0,134.3,16.0,134.3,14.9,140.6,14.7,109.8,0.458,104.8,0.258,99.8,0.145,94.8,0.0815,89.8,0.0458,84.8,0.0258,79.8,0.0145
3376,5e-05,-31.25,96.75,2545.0,2014-03-08T00:25:56Z,2014-03-08T00:25:56Z,4000000000.0,1718.0,268.31,2014-03-08T00:45:08Z,2014-03-08T00:45:18Z,0,134.3,16.0,134.3,16.0,134.3,14.9,140.6,14.7,109.8,0.458,104.8,0.258,99.8,0.145,94.8,0.0814,89.8,0.0458,84.8,0.0258,79.8,0.0145
3250,5e-05,-31.25,96.75,2545.0,2014-03-08T00:25:56Z,2014-03-08T00:25:56Z,4000000000.0,3011.3,230.92,2014-03-08T00:59:34Z,2014-03-08T00:59:54Z,1,136.7,16.0,136.7,16.0,136.7,14.9,143.0,14.7,107.3,0.294,102.3,0.165,97.3,0.0931,92.3,0.0523,87.3,0.0294,82.3,0.0165,77.3,0.00931
3274,5e-05,-31.25,96.75,2545.0,2014-03-08T00:25:56Z,2014-03-08T00:25:56Z,4000000000.0,4099.5,267.96,2014-03-08T01:11:44Z,2014-03-08T01:12:10Z,1,138.1,16.0,138.1,16.0,138.1,14.9,144.3,14.7,106.0,0.227,101.0,0.128,96.0,0.0718,91.0,0.0404,86.0,0.0227,81.0,0.0128,76.0,0.00718
3275,5e-05,-31.25,96.75,2545.0,2014-03-08T00:25:56Z,2014-03-08T00:25:56Z,4000000000.0,4097.6,267.98,2014-03-08T01:11:42Z,2014-03-08T01:12:08Z,0,138.1,16.0,138.1,16.0,138.1,14.9,144.3,14.7,106.0,0.227,101.0,0.128,96.0,0.0719,91.0,0.0404,86.0,0.0227,81.0,0.0128,76.0,0.00719
H01W,5e-05,-31.25,100.25,3102.0,2014-03-08T00:44:57Z,2014-03-08T00:44:57Z,4000000000.0,1364.2,283.14,2014-03-08T01:00:11Z,2014-03-08T01:00:20Z,0,133.3,12.5,133.3,12.5,133.3,11.0,139.6,10.7,110.8,0.543,105.8,0.305,100.8,0.172,95.8,0.0966,90.8,0.0543,85.8,0.0305,80.8,0.0172
H08S,5e-05,-31.25,100.25,3102.0,2014-03-08T00:44:57Z,2014-03-08T00:44:57Z,4000000000.0,3887.1,136.04,2014-03-08T01:28:22Z,2014-03-08T01:28:47Z,0,139.3,12.2,139.3,10.7,139.4,11.0,142.1,10.7,105.7,0.224,100.7,0.126,95.7,0.0707,90.7,0.0398,85.7,0.0224,80.7,0.0126,75.7,0.00707
3315,5e-05,-31.25,100.25,3102.0,2014-03-08T00:44:57Z,2014-03-08T00:44:57Z,4000000000.0,1409.5,268.72,2014-03-08T01:00:42Z,2014-03-08T01:00:51Z,0,133.4,16.0,133.4,16.0,133.4,14.9,139.7,14.7,110.6,0.53,105.6,0.298,100.6,0.168,95.6,0.0943,90.6,0.053,85.6,0.0298,80.6,0.0168
3376,5e-05,-31.25,100.25,3102.0,2014-03-08T00:44:57Z,2014-03-08T00:44:57Z,4000000000.0,1410.7,268.61,2014-03-08T01:00:42Z,2014-03-08T01:00:51Z,0,133.4,16.0,133.4,16.0,133.4,14.9,139.7,14.7,110.6,0.53,105.6,0.298,100.6,0.168,95.6,0.0943,90.6,0.053,85.6,0.0298,80.6,0.0168
3250,5e-05,-31.25,100.25,3102.0,2014-03-08T00:44:57Z,2014-03-08T00:44:57Z,4000000000.0,2767.1,227.09,2014-03-08T01:15:52Z,2014-03-08T01:16:09Z,1,136.3,16.0,136.3,16.0,136.3,14.9,142.6,14.7,107.7,0.315,102.7,0.177,97.7,0.0997,92.7,0.0561,87.7,0.0315,82.7,0.0177,77.7,0.00997
3274,5e-05,-31.25,100.25,3102.0,2014-03-08T00:44:57Z,2014-03-08T00:44:57Z,4000000000.0,3807.7,269.45,2014-03-08T01:27:29Z,2014-03-08T01:27:53Z,1,137.7,16.0,137.7,16.0,137.7,14.9,144.0,14.7,106.3,0.242,101.3,0.136,96.3,0.0765,91.3,0.043,86.3,0.0242,81.3,0.0136,76.3,0.00765
3275,5e-05,-31.25,100.25,3102.0,2014-03-08T00:44:57Z,2014-03-08T00:44:57Z,4000000000.0,3805.8,269.47,2014-03-08T01:27:28Z,2014-03-08T01:27:52Z,0,137.7,16.0,137.7,16.0,137.7,14.9,144.0,14.7,106.3,0.242,101.3,0.136,96.3,0.0765,91.3,0.043,86.3,0.0242,81.3,0.0136,76.3,0.00765
H01W,0.0001,-30.75,95.25,1983.0,2014-03-08T00:24:24Z,2014-03-08T00:29:14Z,4000000000.0,1817.7,279.28,2014-03-08T00:44:51Z,2014-03-08T00:49:36Z,0,134.5,12.5,134.5,12.5,134.5,11.0,140.8,10.7,109.5,0.439,104.5,0.247,99.5,0.139,94.5,0.078,89.5,0.0439,84.5,0.0247,79.5,0.0139
H08S,0.0001,-30.75,95.25,1983.0,2014-03-08T00:24:24Z,2014-03-08T00:29:14Z,4000000000.0,3493.8,140.14,2014-03-08T01:03:12Z,2014-03-08T01:08:52Z,0,138.9,12.2,138.9,10.7,138.9,11.0,141.6,10.7,106.2,0.245,101.2,0.138,96.2,0.0774,91.2,0.0435,86.2,0.0245,81.2,0.0138,76.2,0.00774
3315,0.0001,-30.75,95.25,1983.0,2014-03-08T00:24:24Z,2014-03-08T00:29:14Z,4000000000.0,1875.0,268.53,2014-03-08T00:45:26Z,2014-03-08T00:50:17Z,0,134.7,16.0,134.7,16.0,134.7,14.9,140.9,14.7,109.4,0.429,104.4,0.241,99.4,0.136,94.4,0.0762,89.4,0.0429,84.4,0.0241,79.4,0.0136
3376,0.0001,-30.75,95.25,1983.0,2014-03-08T00:24:24Z,2014-03-08T00:29:14Z,4000000000.0,1876.2,268.45,2014-03-08T00:45:27Z,2014-03-08T00:50:18Z,0,134.7,16.0,134.7,16.0,134.7,14.9,140.9,14.7,109.4,0.428,104.4,0.241,99.4,0.135,94.4,0.0762,89.4,0.0428,84.4,0.0241,79.4,0.0135
3250,0.0001,-30.75,95.25,1983.0,2014-03-08T00:24:24Z,2014-03-08T00:29:14Z,4000000000.0,3136.3,232.8,2014-03-08T00:59:22Z,2014-03-08T01:04:40Z,1,136.9,16.0,136.9,16.0,136.9,14.9,143.2,14.7,107.1,0.285,102.1,0.16,97.1,0.09,92.1,0.0506,87.1,0.0285,82.1,0.016,77.1,0.009
3274,0.0001,-30.75,95.25,1983.0,2014-03-08T00:24:24Z,2014-03-08T00:29:14Z,4000000000.0,4252.7,267.37,2014-03-08T01:12:04Z,2014-03-08T01:17:02Z,1,138.2,16.0,138.2,16.0,138.2,14.9,144.5,14.7,105.8,0.22,100.8,0.124,95.8,0.0696,90.8,0.0391,85.8,0.022,80.8,0.0124,75.8,0.00696
3275,0.0001,-30.75,95.25,1983.0,2014-03-08T00:24:24Z,2014-03-08T00:29:14Z,4000000000.0,4250.7,267.39,2014-03-08T01:12:03Z,2014-03-08T01:17:01Z,0,138.2,16.0,138.2,16.0,138.2,14.9,144.5,14.7,105.8,0.22,100.8,0.124,95.8,0.0696,90.8,0.0392,85.8,0.022,80.8,0.0124,75.8,0.00696
H01W,5e-05,-30.75,97.75,2143.0,2014-03-08T00:25:05Z,2014-03-08T00:25:05Z,4000000000.0,1584.8,281.34,2014-03-08T00:42:47Z,2014-03-08T00:42:57Z,0,133.9,12.5,133.9,12.5,133.9,11.0,140.2,10.7,110.1,0.487,105.1,0.274,100.1,0.154,95.1,0.0865,90.1,0.0487,85.1,0.0274,80.1,0.0154
H08S,5e-05,-30.75,97.75,2143.0,2014-03-08T00:25:05Z,2014-03-08T00:25:05Z,4000000000.0,3690.0,137.8,2014-03-08T01:06:18Z,2014-03-08T01:06:41Z,0,139.1,12.2,139.1,10.7,139.2,11.0,141.9,10.7,105.9,0.234,100.9,0.131,95.9,0.0739,90.9,0.0416,85.9,0.0234,80.9,0.0131,75.9,0.00739
3315,5e-05,-30.75,97.75,2143.0,2014-03-08T00:25:05Z,2014-03-08T00:25:05Z,4000000000.0,1634.7,268.95,2014-03-08T00:43:20Z,2014-03-08T00:43:31Z,0,134.1,16.0,134.1,16.0,134.1,14.9,140.3,14.7,110.0,0.475,105.0,0.267,100.0,0.15,95.0,0.0845,90.0,0.0475,85.0,0.0267,80.0,0.015
3376,5e-05,-30.75,97.75,2143.0,2014-03-08T00:25:05Z,2014-03-08T00:25:05Z,4000000000.0,1635.9,268.85,2014-03-08T00:43:21Z,2014-03-08T00:43:32Z,0,134.1,16.0,134.1,16.0,134.1,14.9,140.3,14.7,110.0,0.475,105.0,0.267,100.0,0.15,95.0,0.0845,90.0,0.0475,85.0,0.0267,80.0,0.015
3250,5e-05,-30.75,97.75,2143.0,2014-03-08T00:25:05Z,2014-03-08T00:25:05Z,4000000000.0,2936.8,230.17,2014-03-08T00:57:53Z,2014-03-08T00:58:12Z,1,136.6,16.0,136.6,16.0,136.6,14.9,142.9,14.7,107.4,0.3,102.4,0.169,97.4,0.095,92.4,0.0534,87.4,0.03,82.4,0.0169,77.4,0.0095
3274,5e-05,-30.75,97.75,2143.0,2014-03-08T00:25:05Z,2014-03-08T00:25:05Z,4000000000.0,4025.2,268.53,2014-03-08T01:10:03Z,2014-03-08T01:10:28Z,1,138.0,16.0,138.0,16.0,138.0,14.9,144.3,14.7,106.1,0.231,101.1,0.13,96.1,0.073,91.1,0.041,86.1,0.0231,81.1,0.013,76.1,0.0073
3275,5e-05,-30.75,97.75,2143.0,2014-03-08T00:25:05Z,2014-03-08T00:25:05Z,4000000000.0,4023.2,268.55,2014-03-08T01:10:01Z,2014-03-08T01:10:27Z,0,138.0,16.0,138.0,16.0,138.0,14.9,144.3,14.7,106.1,0.231,101.1,0.13,96.1,0.073,91.1,0.041,86.1,0.0231,81.1,0.013,76.1,0.0073
H01W,5e-05,-30.75,98.75,2386.0,2014-03-08T00:46:07Z,2014-03-08T00:46:07Z,4000000000.0,1527.5,282.59,2014-03-08T01:03:11Z,2014-03-08T01:03:21Z,0,133.8,12.5,133.8,12.5,133.8,11.0,140.0,10.7,110.3,0.5,105.3,0.281,100.3,0.158,95.3,0.0889,90.3,0.05,85.3,0.0281,80.3,0.0158
H08S,5e-05,-30.75,98.75,2386.0,2014-03-08T00:46:07Z,2014-03-08T00:46:07Z,4000000000.0,3734.2,136.98,2014-03-08T01:27:50Z,2014-03-08T01:28:14Z,0,139.1,12.2,139.1,10.7,139.2,11.0,141.9,10.7,105.9,0.231,100.9,0.13,95.9,0.0732,90.9,0.0412,85.9,0.0231,80.9,0.013,75.9,0.00732
3315,5e-05,-30.75,98.75,2386.0,2014-03-08T00:46:07Z,2014-03-08T00:46:07Z,4000000000.0,1571.4,269.69,2014-03-08T01:03:41Z,2014-03-08T01:03:51Z,0,133.9,16.0,133.9,16.0,133.9,14.9,140.2,14.7,110.1,0.49,105.1,0.275,100.1,0.155,95.1,0.0871,90.1,0.049,85.1,0.0275,80.1,0.0155
3376,5e-05,-30.75,98.75,2386.0,2014-03-08T00:46:07Z,2014-03-08T00:46:07Z,4000000000.0,1572.6,269.59,2014-03-08T01:03:41Z,2014-03-08T01:03:51Z,0,133.9,16.0,133.9,16.0,133.9,14.9,140.2,14.7,110.1,0.489,105.1,0.275,100.1,0.155,95.1,0.087,90.1,0.0489,85.1,0.0275,80.1,0.0155
3250,5e-05,-30.75,98.75,2386.0,2014-03-08T00:46:07Z,2014-03-08T00:46:07Z,4000000000.0,2874.7,229.68,2014-03-08T01:18:14Z,2014-03-08T01:18:32Z,1,136.5,16.0,136.5,16.0,136.5,14.9,142.8,14.7,107.5,0.306,102.5,0.172,97.5,0.0967,92.5,0.0544,87.5,0.0306,82.5,0.0172,77.5,0.00967
3274,5e-05,-30.75,98.75,2386.0,2014-03-08T00:46:07Z,2014-03-08T00:46:07Z,4000000000.0,3970.1,269.1,2014-03-08T01:30:28Z,2014-03-08T01:30:53Z,1,137.9,16.0,137.9,16.0,137.9,14.9,144.2,14.7,106.1,0.233,101.1,0.131,96.1,0.0738,91.1,0.0415,86.1,0.0233,81.1,0.0131,76.1,0.00738
3275,5e-05,-30.75,98.75,2386.0,2014-03-08T00:46:07Z,2014-03-08T00:46:07Z,4000000000.0,3968.2,269.12,2014-03-08T01:30:27Z,2014-03-08T01:30:52Z,1,137.9,16.0,137.9,16.0,137.9,14.9,144.2,14.7,106.1,0.234,101.1,0.131,96.1,0.0739,91.1,0.0415,86.1,0.0234,81.1,0.0131,76.1,0.00739
H01W,0.0001,-30.75,99.25,2359.0,2014-03-08T00:46:27Z,2014-03-08T00:50:54Z,4000000000.0,1475.6,284.1,2014-03-08T01:02:51Z,2014-03-08T01:07:38Z,0,133.6,12.5,133.6,12.5,133.6,11.0,139.9,10.7,110.4,0.513,105.4,0.288,100.4,0.162,95.4,0.0912,90.4,0.0513,85.4,0.0288,80.4,0.0162
H08S,0.0001,-30.75,99.25,2359.0,2014-03-08T00:46:27Z,2014-03-08T00:50:54Z,4000000000.0,3773.4,136.14,2014-03-08T01:28:40Z,2014-03-08T01:33:24Z,0,139.2,12.2,139.2,10.7,139.3,11.0,142.0,10.7,105.8,0.229,100.8,0.129,95.8,0.0725,90.8,0.0408,85.8,0.0229,80.8,0.0129,75.8,0.00725
3315,0.0001,-30.75,99.25,2359.0,2014-03-08T00:46:27Z,2014-03-08T00:50:54Z,4000000000.0,1512.0,270.69,2014-03-08T01:03:13Z,2014-03-08T01:08:05Z,0,133.7,16.0,133.7,16.0,133.7,14.9,140.0,14.7,110.3,0.504,105.3,0.283,100.3,0.159,95.3,0.0896,90.3,0.0504,85.3,0.0283,80.3,0.0159
3376,0.0001,-30.75,99.25,2359.0,2014-03-08T00:46:27Z,2014-03-08T00:50:54Z,4000000000.0,1513.2,270.58,2014-03-08T01:03:14Z,2014-03-08T01:08:05Z,0,133.7,16.0,133.7,16.0,133.7,14.9,140.0,14.7,110.3,0.504,105.3,0.283,100.3,0.159,95.3,0.0895,90.3,0.0504,85.3,0.0283,80.3,0.0159
3250,0.0001,-30.75,99.25,2359.0,2014-03-08T00:46:27Z,2014-03-08T00:50:54Z,4000000000.0,2812.2,229.3,2014-03-08T01:17:42Z,2014-03-08T01:22:47Z,1,136.4,16.0,136.4,16.0,136.4,14.9,142.7,14.7,107.6,0.311,102.6,0.175,97.6,0.0984,92.6,0.0553,87.6,0.0311,82.6,0.0175,77.6,0.00984
3274,0.0001,-30.75,99.25,2359.0,2014-03-08T00:46:27Z,2014-03-08T00:50:54Z,4000000000.0,3920.1,269.75,2014-03-08T01:30:09Z,2014-03-08T01:35:12Z,1,137.9,16.0,137.9,16.0,137.9,14.9,144.1,14.7,106.2,0.236,101.2,0.133,96.2,0.0746,91.2,0.042,86.2,0.0236,81.2,0.0133,76.2,0.00746
3275,0.0001,-30.75,99.25,2359.0,2014-03-08T00:46:27Z,2014-03-08T00:50:54Z,4000000000.0,3918.1,269.77,2014-03-08T01:30:08Z,2014-03-08T01:35:10Z,1,137.9,16.0,137.9,16.0,137.9,14.9,144.1,14.7,106.2,0.236,101.2,0.133,96.2,0.0747,91.2,0.042,86.2,0.0236,81.2,0.0133,76.2,0.00747
H01W,5e-05,-30.75,99.75,2379.0,2014-03-08T00:36:40Z,2014-03-08T00:36:40Z,4000000000.0,1428.5,284.06,2014-03-08T00:52:37Z,2014-03-08T00:52:46Z,0,133.5,12.5,133.5,12.5,133.5,11.0,139.8,10.7,110.6,0.525,105.6,0.295,100.6,0.166,95.6,0.0934,90.6,0.0525,85.6,0.0295,80.6,0.0166
H08S,5e-05,-30.75,99.75,2379.0,2014-03-08T00:36:40Z,2014-03-08T00:36:40Z,4000000000.0,3819.1,135.97,2014-03-08T01:19:19Z,2014-03-08T01:19:44Z,0,139.2,12.2,139.2,10.7,139.3,11.0,142.0,10.7,105.8,0.227,100.8,0.128,95.8,0.0718,90.8,0.0404,85.8,0.0227,80.8,0.0128,75.8,0.00718
3315,5e-05,-30.75,99.75,2379.0,2014-03-08T00:36:40Z,2014-03-08T00:36:40Z,4000000000.0,1466.5,270.22,2014-03-08T00:53:03Z,2014-03-08T00:53:12Z,0,133.6,16.0,133.6,16.0,133.6,14.9,139.9,14.7,110.4,0.515,105.4,0.29,100.4,0.163,95.4,0.0916,90.4,0.0515,85.4,0.029,80.4,0.0163
3376,5e-05,-30.75,99.75,2379.0,2014-03-08T00:36:40Z,2014-03-08T00:36:40Z,4000000000.0,1467.7,270.11,2014-03-08T00:53:03Z,2014-03-08T00:53:13Z,0,133.6,16.0,133.6,16.0,133.6,14.9,139.9,14.7,110.4,0.515,105.4,0.29,100.4,0.163,95.4,0.0916,90.4,0.0515,85.4,0.029,80.4,0.0163
3250,5e-05,-30.75,99.75,2379.0,2014-03-08T00:36:40Z,2014-03-08T00:36:40Z,4000000000.0,2785.7,228.48,2014-03-08T01:07:47Z,2014-03-08T01:08:05Z,1,136.4,16.0,136.4,16.0,136.4,14.9,142.7,14.7,107.7,0.314,102.7,0.176,97.7,0.0992,92.7,0.0558,87.7,0.0314,82.7,0.0176,77.7,0.00992
3274,5e-05,-30.75,99.75,2379.0,2014-03-08T00:36:40Z,2014-03-08T00:36:40Z,4000000000.0,3873.0,269.76,2014-03-08T01:19:56Z,2014-03-08T01:20:20Z,1,137.8,16.0,137.8,16.0,137.8,14.9,144.1,14.7,106.2,0.238,101.2,0.134,96.2,0.0754,91.2,0.0424,86.2,0.0238,81.2,0.0134,76.2,0.00754
3275,5e-05,-30.75,99.75,2379.0,2014-03-08T00:36:40Z,2014-03-08T00:36:40Z,4000000000.0,3871.1,269.78,2014-03-08T01:19:54Z,2014-03-08T01:20:19Z,0,137.8,16.0,137.8,16.0,137.8,14.9,144.1,14.7,106.2,0.239,101.2,0.134,96.2,0.0754,91.2,0.0424,86.2,0.0239,81.2,0.0134,76.2,0.00754
H01W,5e-05,-30.25,95.75,2350.0,2014-03-08T00:28:52Z,2014-03-08T00:28:52Z,4000000000.0,1814.4,281.21,2014-03-08T00:49:08Z,2014-03-08T00:49:20Z,0,134.5,12.5,134.5,12.5,134.5,11.0,140.8,10.7,109.5,0.439,104.5,0.247,99.5,0.139,94.5,0.0781,89.5,0.0439,84.5,0.0247,79.5,0.0139
H08S,5e-05,-30.25,95.75,2350.0,2014-03-08T00:28:52Z,2014-03-08T00:28:52Z,4000000000.0,3474.7,139.15,2014-03-08T01:07:41Z,2014-03-08T01:08:03Z,0,138.8,12.2,138.8,10.7,138.9,11.0,141.6,10.7,106.2,0.246,101.2,0.138,96.2,0.0778,91.2,0.0437,86.2,0.0246,81.2,0.0138,76.2,0.00778
3315,5e-05,-30.25,95.75,2350.0,2014-03-08T00:28:52Z,2014-03-08T00:28:52Z,4000000000.0,1860.4,270.36,2014-03-08T00:49:39Z,2014-03-08T00:49:51Z,0,134.6,16.0,134.6,16.0,134.6,14.9,140.9,14.7,109.4,0.431,104.4,0.242,99.4,0.136,94.4,0.0767,89.4,0.0431,84.4,0.0242,79.4,0.0136
3376,5e-05,-30.25,95.75,2350.0,2014-03-08T00:28:52Z,2014-03-08T00:28:52Z,4000000000.0,1861.6,270.27,2014-03-08T00:49:40Z,2014-03-08T00:49:52Z,0,134.6,16.0,134.6,16.0,134.6,14.9,140.9,14.7,109.4,0.431,104.4,0.242,99.4,0.136,94.4,0.0766,89.4,0.0431,84.4,0.0242,79.4,0.0136
3250,5e-05,-30.25,95.75,2350.0,2014-03-08T00:28:52Z,2014-03-08T00:28:52Z,4000000000.0,3090.0,233.55,2014-03-08T01:03:23Z,2014-03-08T01:03:43Z,1,136.8,16.0,136.8,16.0,136.8,14.9,143.1,14.7,107.2,0.288,102.2,0.162,97.2,0.0911,92.2,0.0512,87.2,0.0288,82.2,0.0162,77.2,0.00911
3274,5e-05,-30.25,95.75,2350.0,2014-03-08T00:28:52Z,2014-03-08T00:28:52Z,4000000000.0,4254.0,268.25,2014-03-08T01:16:23Z,2014-03-08T01:16:50Z,1,138.2,16.0,138.2,16.0,138.2,14.9,144.5,14.7,105.8,0.22,100.8,0.124,95.8,0.0696,90.8,0.0391,85.8,0.022,80.8,0.0124,75.8,0.00696
3275,5e-05,-30.25,95.75,2350.0,2014-03-08T00:28:52Z,2014-03-08T00:28:52Z,4000000000.0,4252.1,268.27,2014-03-08T01:16:22Z,2014-03-08T01:16:49Z,0,138.2,16.0,138.2,16.0,138.2,14.9,144.5,14.7,105.8,0.22,100.8,0.124,95.8,0.0696,90.8,0.0391,85.8,0.022,80.8,0.0124,75.8,0.00696
H01W,5e-05,-30.25,96.25,2810.0,2014-03-08T00:31:50Z,2014-03-08T00:31:50Z,4000000000.0,1753.8,281.59,2014-03-08T00:51:25Z,2014-03-08T00:51:37Z,0,134.4,12.5,134.4,12.5,134.4,11.0,140.6,10.7,109.7,0.451,104.7,0.254,99.7,0.143,94.7,0.0802,89.7,0.0451,84.7,0.0254,79.7,0.0143
H08S,5e-05,-30.25,96.25,2810.0,2014-03-08T00:31:50Z,2014-03-08T00:31:50Z,4000000000.0,3527.9,138.61,2014-03-08T01:11:14Z,2014-03-08T01:11:37Z,0,138.9,12.2,138.9,10.7,139.0,11.0,141.7,10.7,106.1,0.243,101.1,0.137,96.1,0.0768,91.1,0.0432,86.1,0.0243,81.1,0.0137,76.1,0.00768
3315,5e-05,-30.25,96.25,2810.0,2014-03-08T00:31:50Z,2014-03-08T00:31:50Z,4000000000.0,1798.6,270.36,2014-03-08T00:51:55Z,2014-03-08T00:52:07Z,0,134.5,16.0,134.5,16.0,134.5,14.9,140.8,14.7,109.6,0.442,104.6,0.249,99.6,0.14,94.6,0.0787,89.6,0.0442,84.6,0.0249,79.6,0.014
3376,5e-05,-30.25,96.25,2810.0,2014-03-08T00:31:50Z,2014-03-08T00:31:50Z,4000000000.0,1799.8,270.26,2014-03-08T00:51:56Z,2014-03-08T00:52:08Z,0,134.5,16.0,134.5,16.0,134.5,14.9,140.8,14.7,109.6,0.442,104.6,0.249,99.6,0.14,94.6,0.0786,89.6,0.0442,84.6,0.0249,79.6,0.014
3250,5e-05,-30.25,96.25,2810.0,2014-03-08T00:31:50Z,2014-03-08T00:31:50Z,4000000000.0,3040.8,232.82,2014-03-08T01:05:48Z,2014-03-08T01:06:07Z,1,136.8,16.0,136.8,16.0,136.8,14.9,143.0,14.7,107.3,0.292,102.3,0.164,97.3,0.0923,92.3,0.0519,87.3,0.0292,82.3,0.0164,77.3,0.00923
3274,5e-05,-30.25,96.25,2810.0,2014-03-08T00:31:50Z,2014-03-08T00:31:50Z,4000000000.0,4194.3,268.48,2014-03-08T01:18:41Z,2014-03-08T01:19:08Z,1,138.2,16.0,138.2,16.0,138.2,14.9,144.4,14.7,105.9,0.223,100.9,0.125,95.9,0.0704,90.9,0.0396,85.9,0.0223,80.9,0.0125,75.9,0.00704
3275,5e-05,-30.25,96.25,2810.0,2014-03-08T00:31:50Z,2014-03-08T00:31:50Z,4000000000.0,4192.4,268.5,2014-03-08T01:18:40Z,2014-03-08T01:19:06Z,0,138.1,16.0,138.1,16.0,138.1,14.9,144.4,14.7,105.9,0.223,100.9,0.125,95.9,0.0705,90.9,0.0396,85.9,0.0223,80.9,0.0125,75.9,0.00705
H01W,5e-05,-30.25,96.75,3157.0,2014-03-08T00:32:23Z,2014-03-08T00:32:23Z,4000000000.0,1734.2,283.21,2014-03-08T00:51:45Z,2014-03-08T00:51:56Z,0,134.3,12.5,134.3,12.5,134.3,11.0,140.6,10.7,109.7,0.455,104.7,0.256,99.7,0.144,94.7,0.0809,89.7,0.0455,84.7,0.0256,79.7,0.0144
H08S,5e-05,-30.25,96.75,3157.0,2014-03-08T00:32:23Z,2014-03-08T00:32:23Z,4000000000.0,3531.4,137.71,2014-03-08T01:11:50Z,2014-03-08T01:12:12Z,0,138.9,12.2,138.9,10.7,139.0,11.0,141.7,10.7,106.1,0.243,101.1,0.136,96.1,0.0767,91.1,0.0431,86.1,0.0243,81.1,0.0136,76.1,0.00767
3315,5e-05,-30.25,96.75,3157.0,2014-03-08T00:32:23Z,2014-03-08T00:32:23Z,4000000000.0,1769.9,271.78,2014-03-08T00:52:09Z,2014-03-08T00:52:21Z,0,134.4,16.0,134.4,16.0,134.4,14.9,140.7,14.7,109.6,0.448,104.6,0.252,99.6,0.142,94.6,0.0796,89.6,0.0448,84.6,0.0252,79.6,0.0142
3376,5e-05,-30.25,96.75,3157.0,2014-03-08T00:32:23Z,2014-03-08T00:32:23Z,4000000000.0,1771.0,271.69,2014-03-08T00:52:10Z,2014-03-08T00:52:21Z,0,134.4,16.0,134.4,16.0,134.4,14.9,140.7,14.7,109.6,0.448,104.6,0.252,99.6,0.142,94.6,0.0796,89.6,0.0448,84.6,0.0252,79.6,0.0142
3250,5e-05,-30.25,96.75,3157.0,2014-03-08T00:32:23Z,2014-03-08T00:32:23Z,4000000000.0,2991.2,233.16,2014-03-08T01:05:48Z,2014-03-08T01:06:07Z,1,136.7,16.0,136.7,16.0,136.7,14.9,143.0,14.7,107.4,0.296,102.4,0.166,97.4,0.0936,92.4,0.0526,87.4,0.0296,82.4,0.0166,77.4,0.00936
3274,5e-05,-30.25,96.75,3157.0,2014-03-08T00:32:23Z,2014-03-08T00:32:23Z,4000000000.0,4177.4,269.2,2014-03-08T01:19:03Z,2014-03-08T01:19:29Z,1,138.1,16.0,138.1,16.0,138.1,14.9,144.4,14.7,105.9,0.224,100.9,0.126,95.9,0.0707,90.9,0.0398,85.9,0.0224,80.9,0.0126,75.9,0.00707
3275,5e-05,-30.25,96.75,3157.0,2014-03-08T00:32:23Z,2014-03-08T00:32:23Z,4000000000.0,4175.4,269.22,2014-03-08T01:19:02Z,2014-03-08T01:19:28Z,0,138.1,16.0,138.1,16.0,138.1,14.9,144.4,14.7,105.9,0.224,100.9,0.126,95.9,0.0707,90.9,0.0398,85.9,0.0224,80.9,0.0126,75.9,0.00707
H01W,0.0001,-30.25,97.25,3320.0,2014-03-08T00:23:56Z,2014-03-08T00:27:39Z,4000000000.0,1648.2,283.72,2014-03-08T00:42:21Z,2014-03-08T00:46:14Z,0,134.1,12.5,134.1,12.5,134.1,11.0,140.4,10.7,109.9,0.473,104.9,0.266,99.9,0.149,94.9,0.084,89.9,0.0473,84.9,0.0266,79.9,0.0149
H08S,0.0001,-30.25,97.25,3320.0,2014-03-08T00:23:56Z,2014-03-08T00:27:39Z,4000000000.0,3609.6,137.06,2014-03-08T01:04:15Z,2014-03-08T01:08:22Z,0,139.0,12.2,139.0,10.7,139.1,11.0,141.8,10.7,106.0,0.238,101.0,0.134,96.0,0.0753,91.0,0.0423,86.0,0.0238,81.0,0.0134,76.0,0.00753
3315,0.0001,-30.25,97.25,3320.0,2014-03-08T00:23:56Z,2014-03-08T00:27:39Z,4000000000.0,1682.7,271.69,2014-03-08T00:42:44Z,2014-03-08T00:46:38Z,0,134.2,16.0,134.2,16.0,134.2,14.9,140.5,14.7,109.9,0.465,104.9,0.262,99.9,0.147,94.9,0.0827,89.9,0.0465,84.9,0.0262,79.9,0.0147
3376,0.0001,-30.25,97.25,3320.0,2014-03-08T00:23:56Z,2014-03-08T00:27:39Z,4000000000.0,1683.8,271.59,2014-03-08T00:42:44Z,2014-03-08T00:46:39Z,0,134.2,16.0,134.2,16.0,134.2,14.9,140.5,14.7,109.8,0.465,104.8,0.261,99.8,0.147,94.8,0.0827,89.8,0.0465,84.8,0.0261,79.8,0.0147
3250,0.0001,-30.25,97.25,3320.0,2014-03-08T00:23:56Z,2014-03-08T00:27:39Z,4000000000.0,2925.1,232.01,2014-03-08T00:56:36Z,2014-03-08T01:00:39Z,1,136.6,16.0,136.6,16.0,136.6,14.9,142.9,14.7,107.5,0.301,102.5,0.169,97.5,0.0953,92.5,0.0536,87.5,0.0301,82.5,0.0169,77.5,0.00953
3274,0.0001,-30.25,97.25,3320.0,2014-03-08T00:23:56Z,2014-03-08T00:27:39Z,4000000000.0,4092.1,269.48,2014-03-08T01:09:39Z,2014-03-08T01:13:48Z,1,138.0,16.0,138.0,16.0,138.0,14.9,144.3,14.7,106.0,0.228,101.0,0.128,96.0,0.0719,91.0,0.0405,86.0,0.0228,81.0,0.0128,76.0,0.00719
3275,0.0001,-30.25,97.25,3320.0,2014-03-08T00:23:56Z,2014-03-08T00:27:39Z,4000000000.0,4090.2,269.5,2014-03-08T01:09:37Z,2014-03-08T01:13:47Z,0,138.0,16.0,138.0,16.0,138.0,14.9,144.3,14.7,106.0,0.228,101.0,0.128,96.0,0.072,91.0,0.0405,86.0,0.0228,81.0,0.0128,76.0,0.0072
H01W,5e-05,-30.25,98.25,2776.0,2014-03-08T00:24:59Z,2014-03-08T00:24:59Z,4000000000.0,1586.8,285.21,2014-03-08T00:42:43Z,2014-03-08T00:42:53Z,0,133.9,12.5,133.9,12.5,133.9,11.0,140.2,10.7,110.1,0.486,105.1,0.273,100.1,0.154,95.1,0.0864,90.1,0.0486,85.1,0.0273,80.1,0.0154
H08S,5e-05,-30.25,98.25,2776.0,2014-03-08T00:24:59Z,2014-03-08T00:24:59Z,4000000000.0,3658.3,136.12,2014-03-08T01:05:51Z,2014-03-08T01:06:14Z,0,139.1,12.2,139.1,10.7,139.1,11.0,141.8,10.7,106.0,0.235,101.0,0.132,96.0,0.0745,91.0,0.0419,86.0,0.0235,81.0,0.0132,76.0,0.00745
3315,5e-05,-30.25,98.25,2776.0,2014-03-08T00:24:59Z,2014-03-08T00:24:59Z,4000000000.0,1613.9,272.67,2014-03-08T00:43:01Z,2014-03-08T00:43:11Z,0,134.0,16.0,134.0,16.0,134.0,14.9,140.3,14.7,110.0,0.48,105.0,0.27,100.0,0.152,95.0,0.0854,90.0,0.048,85.0,0.027,80.0,0.0152
3376,5e-05,-30.25,98.25,2776.0,2014-03-08T00:24:59Z,2014-03-08T00:24:59Z,4000000000.0,1615.0,272.56,2014-03-08T00:43:01Z,2014-03-08T00:43:12Z,0,134.0,16.0,134.0,16.0,134.0,14.9,140.3,14.7,110.0,0.48,105.0,0.27,100.0,0.152,95.0,0.0853,90.0,0.048,85.0,0.027,80.0,0.0152
3250,5e-05,-30.25,98.25,2776.0,2014-03-08T00:24:59Z,2014-03-08T00:24:59Z,4000000000.0,2854.5,231.54,2014-03-08T00:56:52Z,2014-03-08T00:57:10Z,1,136.5,16.0,136.5,16.0,136.5,14.9,142.8,14.7,107.6,0.307,102.6,0.173,97.6,0.0972,92.6,0.0547,87.6,0.0307,82.6,0.0173,77.6,0.00972
3274,5e-05,-30.25,98.25,2776.0,2014-03-08T00:24:59Z,2014-03-08T00:24:59Z,4000000000.0,4032.2,270.14,2014-03-08T01:10:02Z,2014-03-08T01:10:27Z,1,138.0,16.0,138.0,16.0,138.0,14.9,144.3,14.7,106.1,0.23,101.1,0.13,96.1,0.0729,91.1,0.041,86.1,0.023,81.1,0.013,76.1,0.00729
3275,5e-05,-30.25,98.25,2776.0,2014-03-08T00:24:59Z,2014-03-08T00:24:59Z,4000000000.0,4030.3,270.17,2014-03-08T01:10:00Z,2014-03-08T01:10:26Z,0,138.0,16.0,138.0,16.0,138.0,14.9,144.3,14.7,106.1,0.23,101.1,0.13,96.1,0.0729,91.1,0.041,86.1,0.023,81.1,0.013,76.1,0.00729
H01W,5e-05,-30.25,99.25,2616.0,2014-03-08T00:43:10Z,2014-03-08T00:43:10Z,4000000000.0,1490.2,286.96,2014-03-08T00:59:49Z,2014-03-08T00:59:58Z,0,133.7,12.5,133.7,12.5,133.7,11.0,139.9,10.7,110.4,0.509,105.4,0.286,100.4,0.161,95.4,0.0906,90.4,0.0509,85.4,0.0286,80.4,0.0161
H08S,5e-05,-30.25,99.25,2616.0,2014-03-08T00:43:10Z,2014-03-08T00:43:10Z,4000000000.0,3742.6,135.04,2014-03-08T01:24:58Z,2014-03-08T01:25:22Z,0,139.2,12.2,139.2,10.7,139.2,11.0,141.9,10.7,105.9,0.231,100.9,0.13,95.9,0.073,90.9,0.0411,85.9,0.0231,80.9,0.013,75.9,0.0073
3315,5e-05,-30.25,99.25,2616.0,2014-03-08T00:43:10Z,2014-03-08T00:43:10Z,4000000000.0,1509.3,273.55,2014-03-08T01:00:01Z,2014-03-08T01:00:11Z,0,133.7,16.0,133.7,16.0,133.7,14.9,140.0,14.7,110.3,0.504,105.3,0.284,100.3,0.16,95.3,0.0897,90.3,0.0504,85.3,0.0284,80.3,0.016
3376,5e-05,-30.25,99.25,2616.0,2014-03-08T00:43:10Z,2014-03-08T00:43:10Z,4000000000.0,1510.4,273.44,2014-03-08T01:00:02Z,2014-03-08T01:00:12Z,0,133.7,16.0,133.7,16.0,133.7,14.9,140.0,14.7,110.3,0.504,105.3,0.284,100.3,0.159,95.3,0.0897,90.3,0.0504,85.3,0.0284,80.3,0.0159
3250,5e-05,-30.25,99.25,2616.0,2014-03-08T00:43:10Z,2014-03-08T00:43:10Z,4000000000.0,2760.5,230.45,2014-03-08T01:14:00Z,2014-03-08T01:14:17Z,1,136.3,16.0,136.3,16.0,136.3,14.9,142.6,14.7,107.7,0.316,102.7,0.178,97.7,0.0999,92.7,0.0562,87.7,0.0316,82.7,0.0178,77.7,0.00999
3274,5e-05,-30.25,99.25,2616.0,2014-03-08T00:43:10Z,2014-03-08T00:43:10Z,4000000000.0,3936.3,270.88,2014-03-08T01:27:08Z,2014-03-08T01:27:33Z,1,137.9,16.0,137.9,16.0,137.9,14.9,144.2,14.7,106.2,0.235,101.2,0.132,96.2,0.0744,91.2,0.0418,86.2,0.0235,81.2,0.0132,76.2,0.00744
3275,5e-05,-30.25,99.25,2616.0,2014-03-08T00:43:10Z,2014-03-08T00:43:10Z,4000000000.0,3934.4,270.9,2014-03-08T01:27:07Z,2014-03-08T01:27:32Z,0,137.9,16.0,137.9,16.0,137.9,14.9,144.2,14.7,106.2,0.235,101.2,0.132,96.2,0.0744,91.2,0.0418,86.2,0.0235,81.2,0.0132,76.2,0.00744
H01W,5e-05,-30.25,100.25,3570.0,2014-03-08T00:41:49Z,2014-03-08T00:41:49Z,4000000000.0,1420.6,287.72,2014-03-08T00:57:41Z,2014-03-08T00:57:50Z,0,133.4,12.5,133.4,12.5,133.4,11.0,139.7,10.7,110.6,0.527,105.6,0.297,100.6,0.167,95.6,0.0938,90.6,0.0527,85.6,0.0297,80.6,0.0167
H08S,5e-05,-30.25,100.25,3570.0,2014-03-08T00:41:49Z,2014-03-08T00:41:49Z,4000000000.0,3807.7,134.53,2014-03-08T01:24:21Z,2014-03-08T01:24:46Z,0,139.2,12.2,139.2,10.7,139.3,11.0,142.0,10.7,105.8,0.228,100.8,0.128,95.8,0.072,90.8,0.0405,85.8,0.0228,80.8,0.0128,75.8,0.0072
3315,5e-05,-30.25,100.25,3570.0,2014-03-08T00:41:49Z,2014-03-08T00:41:49Z,4000000000.0,1437.2,273.63,2014-03-08T00:57:53Z,2014-03-08T00:58:02Z,0,133.5,16.0,133.5,16.0,133.5,14.9,139.8,14.7,110.5,0.523,105.5,0.294,100.5,0.165,95.5,0.093,90.5,0.0523,85.5,0.0294,80.5,0.0165
3376,5e-05,-30.25,100.25,3570.0,2014-03-08T00:41:49Z,2014-03-08T00:41:49Z,4000000000.0,1438.2,273.51,2014-03-08T00:57:53Z,2014-03-08T00:58:02Z,0,133.5,16.0,133.5,16.0,133.5,14.9,139.8,14.7,110.5,0.523,105.5,0.294,100.5,0.165,95.5,0.0929,90.5,0.0523,85.5,0.0294,80.5,0.0165
3250,5e-05,-30.25,100.25,3570.0,2014-03-08T00:41:49Z,2014-03-08T00:41:49Z,4000000000.0,2706.4,229.42,2014-03-08T01:12:03Z,2014-03-08T01:12:20Z,1,136.2,16.0,136.2,16.0,136.2,14.9,142.5,14.7,107.8,0.321,102.8,0.181,97.8,0.102,92.8,0.0571,87.8,0.0321,82.8,0.0181,77.8,0.0102
3274,5e-05,-30.25,100.25,3570.0,2014-03-08T00:41:49Z,2014-03-08T00:41:49Z,4000000000.0,3866.7,271.18,2014-03-08T01:25:01Z,2014-03-08T01:25:25Z,1,137.8,16.0,137.8,16.0,137.8,14.9,144.1,14.7,106.2,0.239,101.2,0.134,96.2,0.0755,91.2,0.0425,86.2,0.0239,81.2,0.0134,76.2,0.00755
3275,5e-05,-30.25,100.25,3570.0,2014-03-08T00:41:49Z,2014-03-08T00:41:49Z,4000000000.0,3864.8,271.2,2014-03-08T01:25:00Z,2014-03-08T01:25:24Z,1,137.8,16.0,137.8,16.0,137.8,14.9,144.1,14.7,106.2,0.239,101.2,0.134,96.2,0.0755,91.2,0.0425,86.2,0.0239,81.2,0.0134,76.2,0.00755
H01W,0.0001,-29.75,97.25,3417.0,2014-03-08T00:23:10Z,2014-03-08T00:28:50Z,4000000000.0,1676.1,284.47,2014-03-08T00:41:47Z,2014-03-08T00:47:50Z,0,134.2,12.5,134.2,12.5,134.2,11.0,140.5,10.7,109.9,0.467,104.9,0.262,99.9,0.148,94.9,0.083,89.9,0.0467,84.9,0.0262,79.9,0.0148
H08S,0.0001,-29.75,97.25,3417.0,2014-03-08T00:23:10Z,2014-03-08T00:28:50Z,4000000000.0,3576.9,136.83,2014-03-08T01:03:13Z,2014-03-08T01:09:04Z,0,139.0,12.2,139.0,10.7,139.0,11.0,141.7,10.7,106.0,0.24,101.0,0.135,96.0,0.0759,91.0,0.0427,86.0,0.024,81.0,0.0135,76.0,0.00759
3315,0.0001,-29.75,97.25,3417.0,2014-03-08T00:23:10Z,2014-03-08T00:28:50Z,4000000000.0,1705.6,272.61,2014-03-08T00:42:07Z,2014-03-08T00:48:11Z,0,134.2,16.0,134.2,16.0,134.2,14.9,140.5,14.7,109.8,0.461,104.8,0.259,99.8,0.146,94.8,0.0819,89.8,0.0461,84.8,0.0259,79.8,0.0146
3376,0.0001,-29.75,97.25,3417.0,2014-03-08T00:23:10Z,2014-03-08T00:28:50Z,4000000000.0,1706.7,272.51,2014-03-08T00:42:07Z,2014-03-08T00:48:11Z,0,134.2,16.0,134.2,16.0,134.2,14.9,140.5,14.7,109.8,0.46,104.8,0.259,99.8,0.146,94.8,0.0819,89.8,0.046,84.8,0.0259,79.8,0.0146
3250,0.0001,-29.75,97.25,3417.0,2014-03-08T00:23:10Z,2014-03-08T00:28:50Z,4000000000.0,2925.7,232.73,2014-03-08T00:55:45Z,2014-03-08T01:01:55Z,1,136.6,16.0,136.6,16.0,136.6,14.9,142.9,14.7,107.5,0.301,102.5,0.169,97.5,0.0953,92.5,0.0536,87.5,0.0301,82.5,0.0169,77.5,0.00953
3274,0.0001,-29.75,97.25,3417.0,2014-03-08T00:23:10Z,2014-03-08T00:28:50Z,4000000000.0,4120.9,269.79,2014-03-08T01:09:06Z,2014-03-08T01:15:24Z,1,138.1,16.0,138.1,16.0,138.1,14.9,144.4,14.7,106.0,0.226,101.0,0.127,96.0,0.0715,91.0,0.0402,86.0,0.0226,81.0,0.0127,76.0,0.00715
3275,0.0001,-29.75,97.25,3417.0,2014-03-08T00:23:10Z,2014-03-08T00:28:50Z,4000000000.0,4118.9,269.81,2014-03-08T01:09:05Z,2014-03-08T01:15:23Z,0,138.1,16.0,138.1,16.0,138.1,14.9,144.4,14.7,106.0,0.226,101.0,0.127,96.0,0.0715,91.0,0.0402,86.0,0.0226,81.0,0.0127,76.0,0.00715
H01W,0.00015,-29.75,98.25,2697.0,2014-03-08T00:27:15Z,2014-03-08T00:48:01Z,4000000000.0,1589.8,286.04,2014-03-08T00:45:10Z,2014-03-08T01:05:43Z,0,133.9,12.5,133.9,12.5,133.9,11.0,140.2,10.7,110.1,0.485,105.1,0.273,100.1,0.154,95.1,0.0863,90.1,0.0485,85.1,0.0273,80.1,0.0154
H08S,0.00015,-29.75,98.25,2697.0,2014-03-08T00:27:15Z,2014-03-08T00:48:01Z,4000000000.0,3643.6,135.7,2014-03-08T01:07:54Z,2014-03-08T01:29:25Z,0,139.0,12.2,139.0,10.7,139.1,11.0,141.8,10.7,106.0,0.236,101.0,0.133,96.0,0.0747,91.0,0.042,86.0,0.0236,81.0,0.0133,76.0,0.00747
3315,0.00015,-29.75,98.25,2697.0,2014-03-08T00:27:15Z,2014-03-08T00:48:01Z,4000000000.0,1604.8,273.32,2014-03-08T00:45:26Z,2014-03-08T01:05:58Z,0,134.0,16.0,134.0,16.0,134.0,14.9,140.3,14.7,110.1,0.482,105.1,0.271,100.1,0.152,95.1,0.0857,90.1,0.0482,85.1,0.0271,80.1,0.0152
3376,0.00015,-29.75,98.25,2697.0,2014-03-08T00:27:15Z,2014-03-08T00:48:01Z,4000000000.0,1605.8,273.21,2014-03-08T00:45:27Z,2014-03-08T01:05:59Z,0,134.0,16.0,134.0,16.0,134.0,14.9,140.3,14.7,110.1,0.482,105.1,0.271,100.1,0.152,95.1,0.0857,90.1,0.0482,85.1,0.0271,80.1,0.0152
3250,0.00015,-29.75,98.25,2697.0,2014-03-08T00:27:15Z,2014-03-08T00:48:01Z,4000000000.0,2826.0,231.96,2014-03-08T00:59:09Z,2014-03-08T01:19:53Z,1,136.4,16.0,136.4,16.0,136.4,14.9,142.7,14.7,107.6,0.31,102.6,0.174,97.6,0.098,92.6,0.0551,87.6,0.031,82.6,0.0174,77.6,0.0098
3274,0.00015,-29.75,98.25,2697.0,2014-03-08T00:27:15Z,2014-03-08T00:48:01Z,4000000000.0,4035.9,270.49,2014-03-08T01:12:29Z,2014-03-08T01:33:18Z,1,138.0,16.0,138.0,16.0,138.0,14.9,144.3,14.7,106.1,0.23,101.1,0.129,96.1,0.0728,91.1,0.0409,86.1,0.023,81.1,0.0129,76.1,0.00728
3275,0.00015,-29.75,98.25,2697.0,2014-03-08T00:27:15Z,2014-03-08T00:48:01Z,4000000000.0,4034.0,270.51,2014-03-08T01:12:28Z,2014-03-08T01:33:16Z,0,138.0,16.0,138.0,16.0,138.0,14.9,144.3,14.7,106.1,0.23,101.1,0.13,96.1,0.0728,91.1,0.041,86.1,0.023,81.1,0.013,76.1,0.00728
H01W,5e-05,-29.75,98.75,2568.0,2014-03-08T00:38:01Z,2014-03-08T00:38:01Z,4000000000.0,1548.4,286.47,2014-03-08T00:55:19Z,2014-03-08T00:55:28Z,0,133.8,12.5,133.8,12.5,133.8,11.0,140.1,10.7,110.2,0.495,105.2,0.278,100.2,0.157,95.2,0.088,90.2,0.0495,85.2,0.0278,80.2,0.0157
H08S,5e-05,-29.75,98.75,2568.0,2014-03-08T00:38:01Z,2014-03-08T00:38:01Z,4000000000.0,3688.2,135.44,2014-03-08T01:19:13Z,2014-03-08T01:19:36Z,0,139.1,12.2,139.1,10.7,139.2,11.0,141.9,10.7,105.9,0.234,100.9,0.132,95.9,0.074,90.9,0.0416,85.9,0.0234,80.9,0.0132,75.9,0.0074
3315,5e-05,-29.75,98.75,2568.0,2014-03-08T00:38:01Z,2014-03-08T00:38:01Z,4000000000.0,1569.0,273.57,2014-03-08T00:55:32Z,2014-03-08T00:55:42Z,0,133.9,16.0,133.9,16.0,133.9,14.9,140.2,14.7,110.2,0.49,105.2,0.276,100.2,0.155,95.2,0.0872,90.2,0.049,85.2,0.0276,80.2,0.0155
3376,5e-05,-29.75,98.75,2568.0,2014-03-08T00:38:01Z,2014-03-08T00:38:01Z,4000000000.0,1570.0,273.46,2014-03-08T00:55:33Z,2014-03-08T00:55:43Z,0,133.9,16.0,133.9,16.0,133.9,14.9,140.2,14.7,110.2,0.49,105.2,0.276,100.2,0.155,95.2,0.0871,90.2,0.049,85.2,0.0276,80.2,0.0155
3250,5e-05,-29.75,98.75,2568.0,2014-03-08T00:38:01Z,2014-03-08T00:38:01Z,4000000000.0,2804.3,231.31,2014-03-08T01:09:20Z,2014-03-08T01:09:38Z,1,136.4,16.0,136.4,16.0,136.4,14.9,142.7,14.7,107.6,0.312,102.6,0.175,97.6,0.0986,92.6,0.0555,87.6,0.0312,82.6,0.0175,77.6,0.00986
3274,5e-05,-29.75,98.75,2568.0,2014-03-08T00:38:01Z,2014-03-08T00:38:01Z,4000000000.0,3994.4,270.67,2014-03-08T01:22:38Z,2014-03-08T01:23:03Z,1,137.9,16.0,137.9,16.0,137.9,14.9,144.2,14.7,106.1,0.232,101.1,0.131,96.1,0.0734,91.1,0.0413,86.1,0.0232,81.1,0.0131,76.1,0.00734
3275,5e-05,-29.75,98.75,2568.0,2014-03-08T00:38:01Z,2014-03-08T00:38:01Z,4000000000.0,3992.5,270.7,2014-03-08T01:22:37Z,2014-03-08T01:23:02Z,0,137.9,16.0,137.9,16.0,137.9,14.9,144.2,14.7,106.1,0.232,101.1,0.131,96.1,0.0735,91.1,0.0413,86.1,0.0232,81.1,0.0131,76.1,0.00735
H01W,0.0001,-29.75,99.25,3060.0,2014-03-08T00:19:39Z,2014-03-08T00:50:01Z,4000000000.0,1509.2,288.04,2014-03-08T00:36:16Z,2014-03-08T01:07:17Z,0,133.7,12.5,133.7,12.5,133.7,11.0,140.0,10.7,110.3,0.505,105.3,0.284,100.3,0.16,95.3,0.0897,90.3,0.0505,85.3,0.0284,80.3,0.016
H08S,0.0001,-29.75,99.25,3060.0,2014-03-08T00:19:39Z,2014-03-08T00:50:01Z,4000000000.0,3718.9,134.65,2014-03-08T01:01:27Z,2014-03-08T01:31:41Z,0,139.1,12.2,139.1,10.7,139.2,11.0,141.9,10.7,105.9,0.232,100.9,0.131,95.9,0.0734,90.9,0.0413,85.9,0.0232,80.9,0.0131,75.9,0.00734
3315,0.0001,-29.75,99.25,3060.0,2014-03-08T00:19:39Z,2014-03-08T00:50:01Z,4000000000.0,1521.4,274.75,2014-03-08T00:36:25Z,2014-03-08T01:07:24Z,0,133.7,16.0,133.7,16.0,133.7,14.9,140.0,14.7,110.3,0.502,105.3,0.282,100.3,0.159,95.3,0.0892,90.3,0.0502,85.3,0.0282,80.3,0.0159
3376,0.0001,-29.75,99.25,3060.0,2014-03-08T00:19:39Z,2014-03-08T00:50:01Z,4000000000.0,1522.4,274.64,2014-03-08T00:36:26Z,2014-03-08T01:07:24Z,0,133.8,16.0,133.8,16.0,133.8,14.9,140.0,14.7,110.3,0.501,105.3,0.282,100.3,0.159,95.3,0.0891,90.3,0.0501,85.3,0.0282,80.3,0.0159
3250,0.0001,-29.75,99.25,3060.0,2014-03-08T00:19:39Z,2014-03-08T00:50:01Z,4000000000.0,2747.9,231.13,2014-03-08T00:50:16Z,2014-03-08T01:21:05Z,1,136.3,16.0,136.3,16.0,136.3,14.9,142.6,14.7,107.7,0.317,102.7,0.178,97.7,0.1,92.7,0.0564,87.7,0.0317,82.7,0.0178,77.7,0.01
3274,0.0001,-29.75,99.25,3060.0,2014-03-08T00:19:39Z,2014-03-08T00:50:01Z,4000000000.0,3955.3,271.32,2014-03-08T01:03:36Z,2014-03-08T01:34:52Z,1,137.9,16.0,137.9,16.0,137.9,14.9,144.2,14.7,106.1,0.234,101.1,0.132,96.1,0.0741,91.1,0.0417,86.1,0.0234,81.1,0.0132,76.1,0.00741
3275,0.0001,-29.75,99.25,3060.0,2014-03-08T00:19:39Z,2014-03-08T00:50:01Z,4000000000.0,3953.4,271.34,2014-03-08T01:03:34Z,2014-03-08T01:34:50Z,1,137.9,16.0,137.9,16.0,137.9,14.9,144.2,14.7,106.1,0.234,101.1,0.132,96.1,0.0741,91.1,0.0417,86.1,0.0234,81.1,0.0132,76.1,0.00741
H01W,5e-05,-29.75,100.75,4289.0,2014-03-08T00:36:14Z,2014-03-08T00:36:14Z,4000000000.0,1403.1,290.78,2014-03-08T00:51:54Z,2014-03-08T00:52:03Z,0,133.4,12.5,133.4,12.5,133.4,11.0,139.7,10.7,110.6,0.532,105.6,0.299,100.6,0.168,95.6,0.0946,90.6,0.0532,85.6,0.0299,80.6,0.0168
H08S,5e-05,-29.75,100.75,4289.0,2014-03-08T00:36:14Z,2014-03-08T00:36:14Z,4000000000.0,3814.6,133.31,2014-03-08T01:18:51Z,2014-03-08T01:19:15Z,1,139.2,12.2,139.2,10.7,139.3,11.0,142.0,10.7,105.8,0.227,100.8,0.128,95.8,0.0719,90.8,0.0404,85.8,0.0227,80.8,0.0128,75.8,0.00719
3315,5e-05,-29.75,100.75,4289.0,2014-03-08T00:36:14Z,2014-03-08T00:36:14Z,4000000000.0,1402.1,276.41,2014-03-08T00:51:54Z,2014-03-08T00:52:02Z,0,133.4,16.0,133.4,16.0,133.4,14.9,139.7,14.7,110.6,0.532,105.6,0.299,100.6,0.168,95.6,0.0947,90.6,0.0532,85.6,0.0299,80.6,0.0168
3376,5e-05,-29.75,100.75,4289.0,2014-03-08T00:36:14Z,2014-03-08T00:36:14Z,4000000000.0,1402.9,276.29,2014-03-08T00:51:54Z,2014-03-08T00:52:03Z,0,133.4,16.0,133.4,16.0,133.4,14.9,139.7,14.7,110.6,0.532,105.6,0.299,100.6,0.168,95.6,0.0946,90.6,0.0532,85.6,0.0299,80.6,0.0168
3250,5e-05,-29.75,100.75,4289.0,2014-03-08T00:36:14Z,2014-03-08T00:36:14Z,4000000000.0,2633.4,229.95,2014-03-08T01:05:39Z,2014-03-08T01:05:56Z,1,136.1,16.0,136.1,16.0,136.1,14.9,142.4,14.7,107.9,0.328,102.9,0.185,97.9,0.104,92.9,0.0584,87.9,0.0328,82.9,0.0185,77.9,0.0104
3274,5e-05,-29.75,100.75,4289.0,2014-03-08T00:36:14Z,2014-03-08T00:36:14Z,4000000000.0,3847.8,272.36,2014-03-08T01:19:13Z,2014-03-08T01:19:37Z,1,137.8,16.0,137.8,16.0,137.8,14.9,144.1,14.7,106.3,0.24,101.3,0.135,96.3,0.0758,91.3,0.0426,86.3,0.024,81.3,0.0135,76.3,0.00758
3275,5e-05,-29.75,100.75,4289.0,2014-03-08T00:36:14Z,2014-03-08T00:36:14Z,4000000000.0,3845.9,272.38,2014-03-08T01:19:12Z,2014-03-08T01:19:36Z,1,137.8,16.0,137.8,16.0,137.8,14.9,144.1,14.7,106.3,0.24,101.3,0.135,96.3,0.0759,91.3,0.0427,86.3,0.024,81.3,0.0135,76.3,0.00759
H01W,5e-05,-29.75,101.25,4637.0,2014-03-08T00:23:12Z,2014-03-08T00:23:12Z,4000000000.0,1345.1,292.3,2014-03-08T00:38:13Z,2014-03-08T00:38:22Z,0,133.2,12.5,133.2,12.5,133.2,11.0,139.5,10.7,110.8,0.549,105.8,0.309,100.8,0.174,95.8,0.0976,90.8,0.0549,85.8,0.0309,80.8,0.0174
H08S,5e-05,-29.75,101.25,4637.0,2014-03-08T00:23:12Z,2014-03-08T00:23:12Z,4000000000.0,3869.3,132.66,2014-03-08T01:06:25Z,2014-03-08T01:06:50Z,0,139.3,12.2,139.3,10.7,139.4,11.0,142.1,10.7,105.7,0.225,100.7,0.126,95.7,0.071,90.7,0.0399,85.7,0.0225,80.7,0.0126,75.7,0.0071
3315,5e-05,-29.75,101.25,4637.0,2014-03-08T00:23:12Z,2014-03-08T00:23:12Z,4000000000.0,1336.8,277.27,2014-03-08T00:38:08Z,2014-03-08T00:38:16Z,0,133.2,16.0,133.2,16.0,133.2,14.9,139.5,14.7,110.9,0.551,105.9,0.31,100.9,0.174,95.9,0.098,90.9,0.0551,85.9,0.031,80.9,0.0174
3376,5e-05,-29.75,101.25,4637.0,2014-03-08T00:23:12Z,2014-03-08T00:23:12Z,4000000000.0,1337.6,277.14,2014-03-08T00:38:08Z,2014-03-08T00:38:17Z,0,133.2,16.0,133.2,16.0,133.2,14.9,139.5,14.7,110.8,0.551,105.8,0.31,100.8,0.174,95.8,0.098,90.8,0.0551,85.8,0.031,80.8,0.0174
3250,5e-05,-29.75,101.25,4637.0,2014-03-08T00:23:12Z,2014-03-08T00:23:12Z,4000000000.0,2573.7,229.19,2014-03-08T00:51:57Z,2014-03-08T00:52:13Z,1,136.0,16.0,136.0,16.0,136.0,14.9,142.3,14.7,108.0,0.334,103.0,0.188,98.0,0.106,93.0,0.0595,88.0,0.0334,83.0,0.0188,78.0,0.0106
3274,5e-05,-29.75,101.25,4637.0,2014-03-08T00:23:12Z,2014-03-08T00:23:12Z,4000000000.0,3788.1,272.89,2014-03-08T01:05:31Z,2014-03-08T01:05:55Z,1,137.7,16.0,137.7,16.0,137.7,14.9,144.0,14.7,106.3,0.243,101.3,0.137,96.3,0.0768,91.3,0.0432,86.3,0.0243,81.3,0.0137,76.3,0.00768
3275,5e-05,-29.75,101.25,4637.0,2014-03-08T00:23:12Z,2014-03-08T00:23:12Z,4000000000.0,3786.2,272.91,2014-03-08T01:05:29Z,2014-03-08T01:05:53Z,1,137.7,16.0,137.7,16.0,137.7,14.9,144.0,14.7,106.3,0.243,101.3,0.137,96.3,0.0769,91.3,0.0432,86.3,0.0243,81.3,0.0137,76.3,0.00769
H01W,5e-05,-29.25,97.25,3766.0,2014-03-08T00:22:40Z,2014-03-08T00:22:40Z,4000000000.0,1710.7,287.33,2014-03-08T00:41:46Z,2014-03-08T00:41:57Z,0,134.3,12.5,134.3,12.5,134.3,11.0,140.5,10.7,109.8,0.459,104.8,0.258,99.8,0.145,94.8,0.0817,89.8,0.0459,84.8,0.0258,79.8,0.0145
H08S,5e-05,-29.25,97.25,3766.0,2014-03-08T00:22:40Z,2014-03-08T00:22:40Z,4000000000.0,3524.3,135.58,2014-03-08T01:02:02Z,2014-03-08T01:02:24Z,0,138.9,12.2,138.9,10.7,139.0,11.0,141.7,10.7,106.1,0.243,101.1,0.137,96.1,0.0768,91.1,0.0432,86.1,0.0243,81.1,0.0137,76.1,0.00768
3315,5e-05,-29.25,97.25,3766.0,2014-03-08T00:22:40Z,2014-03-08T00:22:40Z,4000000000.0,1722.5,275.62,2014-03-08T00:41:54Z,2014-03-08T00:42:05Z,0,134.3,16.0,134.3,16.0,134.3,14.9,140.6,14.7,109.8,0.457,104.8,0.257,99.8,0.145,94.8,0.0813,89.8,0.0457,84.8,0.0257,79.8,0.0145
3376,5e-05,-29.25,97.25,3766.0,2014-03-08T00:22:40Z,2014-03-08T00:22:40Z,4000000000.0,1723.4,275.51,2014-03-08T00:41:55Z,2014-03-08T00:42:06Z,0,134.3,16.0,134.3,16.0,134.3,14.9,140.6,14.7,109.7,0.457,104.7,0.257,99.7,0.144,94.7,0.0813,89.7,0.0457,84.7,0.0257,79.7,0.0144
3250,5e-05,-29.25,97.25,3766.0,2014-03-08T00:22:40Z,2014-03-08T00:22:40Z,4000000000.0,2881.0,234.34,2014-03-08T00:54:51Z,2014-03-08T00:55:09Z,1,136.5,16.0,136.5,16.0,136.5,14.9,142.8,14.7,107.5,0.305,102.5,0.172,97.5,0.0965,92.5,0.0543,87.5,0.0305,82.5,0.0172,77.5,0.00965
3274,5e-05,-29.25,97.25,3766.0,2014-03-08T00:22:40Z,2014-03-08T00:22:40Z,4000000000.0,4156.9,271.02,2014-03-08T01:09:06Z,2014-03-08T01:09:32Z,1,138.1,16.0,138.1,16.0,138.1,14.9,144.4,14.7,105.9,0.224,100.9,0.126,95.9,0.071,90.9,0.0399,85.9,0.0224,80.9,0.0126,75.9,0.0071
3275,5e-05,-29.25,97.25,3766.0,2014-03-08T00:22:40Z,2014-03-08T00:22:40Z,4000000000.0,4155.0,271.04,2014-03-08T01:09:05Z,2014-03-08T01:09:31Z,1,138.1,16.0,138.1,16.0,138.1,14.9,144.4,14.7,105.9,0.225,100.9,0.126,95.9,0.071,90.9,0.0399,85.9,0.0225,80.9,0.0126,75.9,0.0071
H01W,5e-05,-29.25,99.25,3056.0,2014-03-08T00:42:11Z,2014-03-08T00:42:11Z,4000000000.0,1536.3,290.8,2014-03-08T00:59:21Z,2014-03-08T00:59:31Z,0,133.8,12.5,133.8,12.5,133.8,11.0,140.1,10.7,110.2,0.498,105.2,0.28,100.2,0.157,95.2,0.0885,90.2,0.0498,85.2,0.028,80.2,0.0157
H08S,5e-05,-29.25,99.25,3056.0,2014-03-08T00:42:11Z,2014-03-08T00:42:11Z,4000000000.0,3682.1,133.53,2014-03-08T01:23:19Z,2014-03-08T01:23:43Z,1,139.1,12.2,139.1,10.7,139.2,11.0,141.9,10.7,105.9,0.234,100.9,0.132,95.9,0.0741,90.9,0.0416,85.9,0.0234,80.9,0.0132,75.9,0.00741
3315,5e-05,-29.25,99.25,3056.0,2014-03-08T00:42:11Z,2014-03-08T00:42:11Z,4000000000.0,1531.3,277.66,2014-03-08T00:59:18Z,2014-03-08T00:59:28Z,0,133.8,16.0,133.8,16.0,133.8,14.9,140.1,14.7,110.3,0.499,105.3,0.281,100.3,0.158,95.3,0.0888,90.3,0.0499,85.3,0.0281,80.3,0.0158
3376,5e-05,-29.25,99.25,3056.0,2014-03-08T00:42:11Z,2014-03-08T00:42:11Z,4000000000.0,1532.2,277.55,2014-03-08T00:59:18Z,2014-03-08T00:59:28Z,0,133.8,16.0,133.8,16.0,133.8,14.9,140.1,14.7,110.3,0.499,105.3,0.281,100.3,0.158,95.3,0.0887,90.3,0.0499,85.3,0.0281,80.3,0.0158
3250,5e-05,-29.25,99.25,3056.0,2014-03-08T00:42:11Z,2014-03-08T00:42:11Z,4000000000.0,2701.8,232.47,2014-03-08T01:12:22Z,2014-03-08T01:12:39Z,1,136.2,16.0,136.2,16.0,136.2,14.9,142.5,14.7,107.8,0.321,102.8,0.181,97.8,0.102,92.8,0.0572,87.8,0.0321,82.8,0.0181,77.8,0.0102
3274,5e-05,-29.25,99.25,3056.0,2014-03-08T00:42:11Z,2014-03-08T00:42:11Z,4000000000.0,3980.8,272.44,2014-03-08T01:26:40Z,2014-03-08T01:27:05Z,1,137.9,16.0,137.9,16.0,137.9,14.9,144.2,14.7,106.1,0.233,101.1,0.131,96.1,0.0737,91.1,0.0414,86.1,0.0233,81.1,0.0131,76.1,0.00737
3275,5e-05,-29.25,99.25,3056.0,2014-03-08T00:42:11Z,2014-03-08T00:42:11Z,4000000000.0,3979.0,272.46,2014-03-08T01:26:38Z,2014-03-08T01:27:04Z,1,137.9,16.0,137.9,16.0,137.9,14.9,144.2,14.7,106.1,0.233,101.1,0.131,96.1,0.0737,91.1,0.0414,86.1,0.0233,81.1,0.0131,76.1,0.00737
H01W,5e-05,-28.75,96.75,3579.0,2014-03-08T00:49:37Z,2014-03-08T00:49:37Z,4000000000.0,1792.1,287.23,2014-03-08T01:09:39Z,2014-03-08T01:09:50Z,0,134.5,12.5,134.5,12.5,134.5,11.0,140.7,10.7,109.6,0.444,104.6,0.249,99.6,0.14,94.6,0.0789,89.6,0.0444,84.6,0.0249,79.6,0.014
H08S,5e-05,-28.75,96.75,3579.0,2014-03-08T00:49:37Z,2014-03-08T00:49:37Z,4000000000.0,3445.2,135.91,2014-03-08T01:28:07Z,2014-03-08T01:28:28Z,0,138.8,12.2,138.8,10.7,138.9,11.0,141.6,10.7,106.2,0.248,101.2,0.139,96.2,0.0783,91.2,0.044,86.2,0.0248,81.2,0.0139,76.2,0.00783
3315,5e-05,-28.75,96.75,3579.0,2014-03-08T00:49:37Z,2014-03-08T00:49:37Z,4000000000.0,1802.9,276.04,2014-03-08T01:09:46Z,2014-03-08T01:09:57Z,0,134.5,16.0,134.5,16.0,134.5,14.9,140.8,14.7,109.6,0.442,104.6,0.248,99.6,0.14,94.6,0.0785,89.6,0.0442,84.6,0.0248,79.6,0.014
3376,5e-05,-28.75,96.75,3579.0,2014-03-08T00:49:37Z,2014-03-08T00:49:37Z,4000000000.0,1803.8,275.95,2014-03-08T01:09:46Z,2014-03-08T01:09:58Z,0,134.5,16.0,134.5,16.0,134.5,14.9,140.8,14.7,109.6,0.441,104.6,0.248,99.6,0.14,94.6,0.0785,89.6,0.0441,84.6,0.0248,79.6,0.014
3250,5e-05,-28.75,96.75,3579.0,2014-03-08T00:49:37Z,2014-03-08T00:49:37Z,4000000000.0,2933.5,235.61,2014-03-08T01:22:24Z,2014-03-08T01:22:42Z,1,136.6,16.0,136.6,16.0,136.6,14.9,142.9,14.7,107.4,0.301,102.4,0.169,97.4,0.0951,92.4,0.0535,87.4,0.0301,82.4,0.0169,77.4,0.00951
3274,5e-05,-28.75,96.75,3579.0,2014-03-08T00:49:37Z,2014-03-08T00:49:37Z,4000000000.0,4238.3,270.97,2014-03-08T01:36:58Z,2014-03-08T01:37:25Z,1,138.2,16.0,138.2,16.0,138.2,14.9,144.5,14.7,105.8,0.221,100.8,0.124,95.8,0.0698,90.8,0.0393,85.8,0.0221,80.8,0.0124,75.8,0.00698
3275,5e-05,-28.75,96.75,3579.0,2014-03-08T00:49:37Z,2014-03-08T00:49:37Z,4000000000.0,4236.4,270.99,2014-03-08T01:36:57Z,2014-03-08T01:37:24Z,0,138.2,16.0,138.2,16.0,138.2,14.9,144.5,14.7,105.8,0.221,100.8,0.124,95.8,0.0698,90.8,0.0393,85.8,0.0221,80.8,0.0124,75.8,0.00698
H01W,5e-05,-28.75,97.25,4091.0,2014-03-08T00:34:17Z,2014-03-08T00:34:17Z,4000000000.0,1729.3,288.79,2014-03-08T00:53:36Z,2014-03-08T00:53:47Z,0,134.3,12.5,134.3,12.5,134.3,11.0,140.6,10.7,109.7,0.456,104.7,0.256,99.7,0.144,94.7,0.081,89.7,0.0456,84.7,0.0256,79.7,0.0144
H08S,5e-05,-28.75,97.25,4091.0,2014-03-08T00:34:17Z,2014-03-08T00:34:17Z,4000000000.0,3498.4,134.91,2014-03-08T01:13:22Z,2014-03-08T01:13:44Z,0,138.9,12.2,138.9,10.7,138.9,11.0,141.6,10.7,106.1,0.244,101.1,0.137,96.1,0.0773,91.1,0.0435,86.1,0.0244,81.1,0.0137,76.1,0.00773
3315,5e-05,-28.75,97.25,4091.0,2014-03-08T00:34:17Z,2014-03-08T00:34:17Z,4000000000.0,1731.9,277.16,2014-03-08T00:53:38Z,2014-03-08T00:53:49Z,0,134.3,16.0,134.3,16.0,134.3,14.9,140.6,14.7,109.7,0.455,104.7,0.256,99.7,0.144,94.7,0.081,89.7,0.0455,84.7,0.0256,79.7,0.0144
3376,5e-05,-28.75,97.25,4091.0,2014-03-08T00:34:17Z,2014-03-08T00:34:17Z,4000000000.0,1732.8,277.06,2014-03-08T00:53:38Z,2014-03-08T00:53:49Z,0,134.3,16.0,134.3,16.0,134.3,14.9,140.6,14.7,109.7,0.455,104.7,0.256,99.7,0.144,94.7,0.0809,89.7,0.0455,84.7,0.0256,79.7,0.0144
3250,5e-05,-28.75,97.25,4091.0,2014-03-08T00:34:17Z,2014-03-08T00:34:17Z,4000000000.0,2857.7,235.18,2014-03-08T01:06:12Z,2014-03-08T01:06:31Z,1,136.5,16.0,136.5,16.0,136.5,14.9,142.8,14.7,107.6,0.307,102.6,0.173,97.6,0.0971,92.6,0.0546,87.6,0.0307,82.6,0.0173,77.6,0.00971
3274,5e-05,-28.75,97.25,4091.0,2014-03-08T00:34:17Z,2014-03-08T00:34:17Z,4000000000.0,4175.2,271.66,2014-03-08T01:20:55Z,2014-03-08T01:21:22Z,1,138.1,16.0,138.1,16.0,138.1,14.9,144.4,14.7,105.9,0.224,100.9,0.126,95.9,0.0707,90.9,0.0398,85.9,0.0224,80.9,0.0126,75.9,0.00707
3275,5e-05,-28.75,97.25,4091.0,2014-03-08T00:34:17Z,2014-03-08T00:34:17Z,4000000000.0,4173.3,271.69,2014-03-08T01:20:54Z,2014-03-08T01:21:21Z,1,138.1,16.0,138.1,16.0,138.1,14.9,144.4,14.7,105.9,0.224,100.9,0.126,95.9,0.0707,90.9,0.0398,85.9,0.0224,80.9,0.0126,75.9,0.00707
H01W,5e-05,-28.75,98.75,1042.0,2014-03-08T00:48:15Z,2014-03-08T00:48:15Z,4000000000.0,1615.4,290.73,2014-03-08T01:06:18Z,2014-03-08T01:06:28Z,0,134.0,12.5,134.0,12.5,134.0,11.0,140.3,10.7,110.0,0.48,105.0,0.27,100.0,0.152,95.0,0.0853,90.0,0.048,85.0,0.027,80.0,0.0152
H08S,5e-05,-28.75,98.75,1042.0,2014-03-08T00:48:15Z,2014-03-08T00:48:15Z,4000000000.0,3603.6,133.7,2014-03-08T01:28:31Z,2014-03-08T01:28:53Z,0,139.0,12.2,139.0,10.7,139.1,11.0,141.8,10.7,106.0,0.238,101.0,0.134,96.0,0.0754,91.0,0.0424,86.0,0.0238,81.0,0.0134,76.0,0.00754
3315,5e-05,-28.75,98.75,1042.0,2014-03-08T00:48:15Z,2014-03-08T00:48:15Z,4000000000.0,1609.0,278.24,2014-03-08T01:06:14Z,2014-03-08T01:06:24Z,0,134.0,16.0,134.0,16.0,134.0,14.9,140.3,14.7,110.0,0.481,105.0,0.271,100.0,0.152,95.0,0.0856,90.0,0.0481,85.0,0.0271,80.0,0.0152
3376,5e-05,-28.75,98.75,1042.0,2014-03-08T00:48:15Z,2014-03-08T00:48:15Z,4000000000.0,1609.8,278.13,2014-03-08T01:06:14Z,2014-03-08T01:06:24Z,0,134.0,16.0,134.0,16.0,134.0,14.9,140.3,14.7,110.0,0.481,105.0,0.27,100.0,0.152,95.0,0.0855,90.0,0.0481,85.0,0.027,80.0,0.0152
3250,5e-05,-28.75,98.75,1042.0,2014-03-08T00:48:15Z,2014-03-08T00:48:15Z,4000000000.0,2746.3,233.89,2014-03-08T01:18:56Z,2014-03-08T01:19:13Z,1,136.3,16.0,136.3,16.0,136.3,14.9,142.6,14.7,107.7,0.317,102.7,0.178,97.7,0.1,92.7,0.0564,87.7,0.0317,82.7,0.0178,77.7,0.01
3274,5e-05,-28.75,98.75,1042.0,2014-03-08T00:48:15Z,2014-03-08T00:48:15Z,4000000000.0,4060.0,272.46,2014-03-08T01:33:37Z,2014-03-08T01:34:02Z,1,138.0,16.0,138.0,16.0,138.0,14.9,144.3,14.7,106.0,0.229,101.0,0.129,96.0,0.0724,91.0,0.0407,86.0,0.0229,81.0,0.0129,76.0,0.00724
3275,5e-05,-28.75,98.75,1042.0,2014-03-08T00:48:15Z,2014-03-08T00:48:15Z,4000000000.0,4058.1,272.48,2014-03-08T01:33:35Z,2014-03-08T01:34:01Z,1,138.0,16.0,138.0,16.0,138.0,14.9,144.3,14.7,106.0,0.229,101.0,0.129,96.0,0.0725,91.0,0.0407,86.0,0.0229,81.0,0.0129,76.0,0.00725
H01W,5e-05,-28.75,99.25,2267.0,2014-03-08T00:49:09Z,2014-03-08T00:49:09Z,4000000000.0,1563.5,291.68,2014-03-08T01:06:37Z,2014-03-08T01:06:47Z,0,133.9,12.5,133.9,12.5,133.9,11.0,140.2,10.7,110.2,0.491,105.2,0.276,100.2,0.155,95.2,0.0874,90.2,0.0491,85.2,0.0276,80.2,0.0155
H08S,5e-05,-28.75,99.25,2267.0,2014-03-08T00:49:09Z,2014-03-08T00:49:09Z,4000000000.0,3652.7,133.18,2014-03-08T01:29:57Z,2014-03-08T01:30:21Z,1,139.0,12.2,139.0,10.7,139.1,11.0,141.8,10.7,106.0,0.236,101.0,0.133,96.0,0.0746,91.0,0.0419,86.0,0.0236,81.0,0.0133,76.0,0.00746
3315,5e-05,-28.75,99.25,2267.0,2014-03-08T00:49:09Z,2014-03-08T00:49:09Z,4000000000.0,1552.6,278.76,2014-03-08T01:06:30Z,2014-03-08T01:06:40Z,0,133.8,16.0,133.8,16.0,133.8,14.9,140.1,14.7,110.2,0.494,105.2,0.278,100.2,0.156,95.2,0.0879,90.2,0.0494,85.2,0.0278,80.2,0.0156
3376,5e-05,-28.75,99.25,2267.0,2014-03-08T00:49:09Z,2014-03-08T00:49:09Z,4000000000.0,1553.3,278.65,2014-03-08T01:06:30Z,2014-03-08T01:06:40Z,0,133.8,16.0,133.8,16.0,133.8,14.9,140.1,14.7,110.2,0.494,105.2,0.278,100.2,0.156,95.2,0.0878,90.2,0.0494,85.2,0.0278,80.2,0.0156
3250,5e-05,-28.75,99.25,2267.0,2014-03-08T00:49:09Z,2014-03-08T00:49:09Z,4000000000.0,2696.2,233.26,2014-03-08T01:19:16Z,2014-03-08T01:19:33Z,1,136.2,16.0,136.2,16.0,136.2,14.9,142.5,14.7,107.8,0.322,102.8,0.181,97.8,0.102,92.8,0.0573,87.8,0.0322,82.8,0.0181,77.8,0.0102
3274,5e-05,-28.75,99.25,2267.0,2014-03-08T00:49:09Z,2014-03-08T00:49:09Z,4000000000.0,4007.1,272.82,2014-03-08T01:33:55Z,2014-03-08T01:34:20Z,1,138.0,16.0,138.0,16.0,138.0,14.9,144.2,14.7,106.1,0.232,101.1,0.13,96.1,0.0732,91.1,0.0412,86.1,0.0232,81.1,0.013,76.1,0.00732
3275,5e-05,-28.75,99.25,2267.0,2014-03-08T00:49:09Z,2014-03-08T00:49:09Z,4000000000.0,4005.2,272.85,2014-03-08T01:33:54Z,2014-03-08T01:34:19Z,1,138.0,16.0,138.0,16.0,138.0,14.9,144.2,14.7,106.1,0.232,101.1,0.13,96.1,0.0733,91.1,0.0412,86.1,0.0232,81.1,0.013,76.1,0.00733
H01W,0.0001,-28.75,100.25,4407.0,2014-03-08T00:38:49Z,2014-03-08T00:51:04Z,4000000000.0,1467.6,293.69,2014-03-08T00:55:28Z,2014-03-08T01:07:22Z,0,133.6,12.5,133.6,12.5,133.6,11.0,139.9,10.7,110.4,0.515,105.4,0.29,100.4,0.163,95.4,0.0916,90.4,0.0515,85.4,0.029,80.4,0.0163
H08S,0.0001,-28.75,100.25,4407.0,2014-03-08T00:38:49Z,2014-03-08T00:51:04Z,4000000000.0,3745.2,132.22,2014-03-08T01:20:23Z,2014-03-08T01:33:34Z,0,139.2,12.2,139.2,10.7,139.2,11.0,141.9,10.7,105.8,0.231,100.8,0.13,95.8,0.073,90.8,0.0411,85.8,0.0231,80.8,0.013,75.8,0.0073
3315,0.0001,-28.75,100.25,4407.0,2014-03-08T00:38:49Z,2014-03-08T00:51:04Z,4000000000.0,1447.2,279.88,2014-03-08T00:55:12Z,2014-03-08T01:07:11Z,0,133.5,16.0,133.5,16.0,133.5,14.9,139.8,14.7,110.5,0.52,105.5,0.293,100.5,0.165,95.5,0.0925,90.5,0.052,85.5,0.0293,80.5,0.0165
3376,0.0001,-28.75,100.25,4407.0,2014-03-08T00:38:49Z,2014-03-08T00:51:04Z,4000000000.0,1447.9,279.76,2014-03-08T00:55:12Z,2014-03-08T01:07:11Z,0,133.5,16.0,133.5,16.0,133.5,14.9,139.8,14.7,110.5,0.52,105.5,0.292,100.5,0.164,95.5,0.0925,90.5,0.052,85.5,0.0292,80.5,0.0164
3250,0.0001,-28.75,100.25,4407.0,2014-03-08T00:38:49Z,2014-03-08T00:51:04Z,4000000000.0,2602.1,232.01,2014-03-08T01:07:52Z,2014-03-08T01:20:26Z,1,136.1,16.0,136.1,16.0,136.1,14.9,142.4,14.7,108.0,0.331,103.0,0.186,98.0,0.105,93.0,0.0589,88.0,0.0331,83.0,0.0186,78.0,0.0105
3274,0.0001,-28.75,100.25,4407.0,2014-03-08T00:38:49Z,2014-03-08T00:51:04Z,4000000000.0,3908.3,273.55,2014-03-08T01:22:43Z,2014-03-08T01:34:54Z,1,137.8,16.0,137.8,16.0,137.8,14.9,144.1,14.7,106.2,0.237,101.2,0.133,96.2,0.0748,91.2,0.0421,86.2,0.0237,81.2,0.0133,76.2,0.00748
3275,0.0001,-28.75,100.25,4407.0,2014-03-08T00:38:49Z,2014-03-08T00:51:04Z,4000000000.0,3906.4,273.57,2014-03-08T01:22:42Z,2014-03-08T01:34:53Z,1,137.8,16.0,137.8,16.0,137.8,14.9,144.1,14.7,106.2,0.237,101.2,0.133,96.2,0.0749,91.2,0.0421,86.2,0.0237,81.2,0.0133,76.2,0.00749
H01W,5e-05,-28.75,101.25,4713.0,2014-03-08T00:40:08Z,2014-03-08T00:40:08Z,4000000000.0,1408.4,295.64,2014-03-08T00:55:52Z,2014-03-08T00:56:01Z,0,133.4,12.5,133.4,12.5,133.4,11.0,139.7,10.7,110.6,0.531,105.6,0.298,100.6,0.168,95.6,0.0944,90.6,0.0531,85.6,0.0298,80.6,0.0168
H08S,5e-05,-28.75,101.25,4713.0,2014-03-08T00:40:08Z,2014-03-08T00:40:08Z,4000000000.0,3803.5,131.43,2014-03-08T01:22:38Z,2014-03-08T01:23:02Z,0,139.2,12.2,139.2,10.7,139.3,11.0,142.0,10.7,105.8,0.228,100.8,0.128,95.8,0.0721,90.8,0.0405,85.8,0.0228,80.8,0.0128,75.8,0.00721
3315,5e-05,-28.75,101.25,4713.0,2014-03-08T00:40:08Z,2014-03-08T00:40:08Z,4000000000.0,1378.0,281.23,2014-03-08T00:55:32Z,2014-03-08T00:55:41Z,0,133.3,16.0,133.3,16.0,133.3,14.9,139.6,14.7,110.7,0.539,105.7,0.303,100.7,0.171,95.7,0.0959,90.7,0.0539,85.7,0.0303,80.7,0.0171
3376,5e-05,-28.75,101.25,4713.0,2014-03-08T00:40:08Z,2014-03-08T00:40:08Z,4000000000.0,1378.7,281.1,2014-03-08T00:55:32Z,2014-03-08T00:55:41Z,0,133.3,16.0,133.3,16.0,133.3,14.9,139.6,14.7,110.7,0.539,105.7,0.303,100.7,0.17,95.7,0.0959,90.7,0.0539,85.7,0.0303,80.7,0.017
3250,5e-05,-28.75,101.25,4713.0,2014-03-08T00:40:08Z,2014-03-08T00:40:08Z,4000000000.0,2531.7,231.33,2014-03-08T01:08:25Z,2014-03-08T01:08:41Z,1,136.0,16.0,136.0,16.0,136.0,14.9,142.2,14.7,108.1,0.339,103.1,0.191,98.1,0.107,93.1,0.0602,88.1,0.0339,83.1,0.0191,78.1,0.0107
3274,5e-05,-28.75,101.25,4713.0,2014-03-08T00:40:08Z,2014-03-08T00:40:08Z,4000000000.0,3845.3,274.23,2014-03-08T01:23:06Z,2014-03-08T01:23:30Z,1,137.8,16.0,137.8,16.0,137.8,14.9,144.1,14.7,106.3,0.24,101.3,0.135,96.3,0.0759,91.3,0.0427,86.3,0.024,81.3,0.0135,76.3,0.00759
3275,5e-05,-28.75,101.25,4713.0,2014-03-08T00:40:08Z,2014-03-08T00:40:08Z,4000000000.0,3843.5,274.26,2014-03-08T01:23:04Z,2014-03-08T01:23:29Z,1,137.8,16.0,137.8,16.0,137.8,14.9,144.1,14.7,106.3,0.24,101.3,0.135,96.3,0.0759,91.3,0.0427,86.3,0.024,81.3,0.0135,76.3,0.00759
H01W,5e-05,-28.25,97.25,4232.0,2014-03-08T00:38:30Z,2014-03-08T00:38:30Z,4000000000.0,1750.8,290.66,2014-03-08T00:58:03Z,2014-03-08T00:58:14Z,0,134.4,12.5,134.4,12.5,134.4,11.0,140.6,10.7,109.7,0.452,104.7,0.254,99.7,0.143,94.7,0.0803,89.7,0.0452,84.7,0.0254,79.7,0.0143
H08S,5e-05,-28.25,97.25,4232.0,2014-03-08T00:38:30Z,2014-03-08T00:38:30Z,4000000000.0,3469.3,134.0,2014-03-08T01:17:15Z,2014-03-08T01:17:37Z,0,138.8,12.2,138.8,10.7,138.9,11.0,141.6,10.7,106.2,0.246,101.2,0.138,96.2,0.0779,91.2,0.0438,86.2,0.0246,81.2,0.0138,76.2,0.00779
3315,5e-05,-28.25,97.25,4232.0,2014-03-08T00:38:30Z,2014-03-08T00:38:30Z,4000000000.0,1741.8,279.15,2014-03-08T00:57:57Z,2014-03-08T00:58:08Z,1,134.3,16.0,134.3,16.0,134.3,14.9,140.6,14.7,109.7,0.453,104.7,0.255,99.7,0.143,94.7,0.0806,89.7,0.0453,84.7,0.0255,79.7,0.0143
3376,5e-05,-28.25,97.25,4232.0,2014-03-08T00:38:30Z,2014-03-08T00:38:30Z,4000000000.0,1742.6,279.05,2014-03-08T00:57:58Z,2014-03-08T00:58:09Z,1,134.3,16.0,134.3,16.0,134.3,14.9,140.6,14.7,109.7,0.453,104.7,0.255,99.7,0.143,94.7,0.0806,89.7,0.0453,84.7,0.0255,79.7,0.0143
3250,5e-05,-28.25,97.25,4232.0,2014-03-08T00:38:30Z,2014-03-08T00:38:30Z,4000000000.0,2825.0,236.24,2014-03-08T01:10:03Z,2014-03-08T01:10:21Z,1,136.4,16.0,136.4,16.0,136.4,14.9,142.7,14.7,107.6,0.31,102.6,0.174,97.6,0.098,92.6,0.0551,87.6,0.031,82.6,0.0174,77.6,0.0098
3274,5e-05,-28.25,97.25,4232.0,2014-03-08T00:38:30Z,2014-03-08T00:38:30Z,4000000000.0,4195.4,272.5,2014-03-08T01:25:22Z,2014-03-08T01:25:48Z,1,138.2,16.0,138.2,16.0,138.2,14.9,144.4,14.7,105.9,0.223,100.9,0.125,95.9,0.0704,90.9,0.0396,85.9,0.0223,80.9,0.0125,75.9,0.00704
3275,5e-05,-28.25,97.25,4232.0,2014-03-08T00:38:30Z,2014-03-08T00:38:30Z,4000000000.0,4193.5,272.52,2014-03-08T01:25:20Z,2014-03-08T01:25:47Z,1,138.2,16.0,138.2,16.0,138.2,14.9,144.4,14.7,105.9,0.223,100.9,0.125,95.9,0.0705,90.9,0.0396,85.9,0.0223,80.9,0.0125,75.9,0.00705
H01W,5e-05,-28.25,98.25,1255.0,2014-03-08T00:27:24Z,2014-03-08T00:27:24Z,4000000000.0,1646.7,291.19,2014-03-08T00:45:48Z,2014-03-08T00:45:59Z,1,134.1,12.5,134.1,12.5,134.1,11.0,140.4,10.7,109.9,0.473,104.9,0.266,99.9,0.15,94.9,0.0841,89.9,0.0473,84.9,0.0266,79.9,0.015
H08S,5e-05,-28.25,98.25,1255.0,2014-03-08T00:27:24Z,2014-03-08T00:27:24Z,4000000000.0,3571.2,133.54,2014-03-08T01:07:18Z,2014-03-08T01:07:41Z,0,138.9,12.2,138.9,10.7,139.0,11.0,141.7,10.7,106.1,0.24,101.1,0.135,96.1,0.076,91.1,0.0427,86.1,0.024,81.1,0.0135,76.1,0.0076
3315,5e-05,-28.25,98.25,1255.0,2014-03-08T00:27:24Z,2014-03-08T00:27:24Z,4000000000.0,1636.8,278.93,2014-03-08T00:45:41Z,2014-03-08T00:45:52Z,1,134.1,16.0,134.1,16.0,134.1,14.9,140.3,14.7,110.0,0.475,105.0,0.267,100.0,0.15,95.0,0.0845,90.0,0.0475,85.0,0.0267,80.0,0.015
3376,5e-05,-28.25,98.25,1255.0,2014-03-08T00:27:24Z,2014-03-08T00:27:24Z,4000000000.0,1637.5,278.82,2014-03-08T00:45:42Z,2014-03-08T00:45:52Z,1,134.1,16.0,134.1,16.0,134.1,14.9,140.4,14.7,110.0,0.475,105.0,0.267,100.0,0.15,95.0,0.0844,90.0,0.0475,85.0,0.0267,80.0,0.015
3250,5e-05,-28.25,98.25,1255.0,2014-03-08T00:27:24Z,2014-03-08T00:27:24Z,4000000000.0,2753.0,234.61,2014-03-08T00:58:10Z,2014-03-08T00:58:27Z,1,136.3,16.0,136.3,16.0,136.3,14.9,142.6,14.7,107.7,0.317,102.7,0.178,97.7,0.1,92.7,0.0563,87.7,0.0317,82.7,0.0178,77.7,0.01
3274,5e-05,-28.25,98.25,1255.0,2014-03-08T00:27:24Z,2014-03-08T00:27:24Z,4000000000.0,4090.8,272.67,2014-03-08T01:13:06Z,2014-03-08T01:13:32Z,1,138.0,16.0,138.0,16.0,138.0,14.9,144.3,14.7,106.0,0.228,101.0,0.128,96.0,0.072,91.0,0.0405,86.0,0.0228,81.0,0.0128,76.0,0.0072
3275,5e-05,-28.25,98.25,1255.0,2014-03-08T00:27:24Z,2014-03-08T00:27:24Z,4000000000.0,4088.9,272.69,2014-03-08T01:13:05Z,2014-03-08T01:13:31Z,1,138.0,16.0,138.0,16.0,138.0,14.9,144.3,14.7,106.0,0.228,101.0,0.128,96.0,0.072,91.0,0.0405,86.0,0.0228,81.0,0.0128,76.0,0.0072
H01W,5e-05,-28.25,98.75,913.0,2014-03-08T00:25:12Z,2014-03-08T00:25:12Z,4000000000.0,1634.1,292.01,2014-03-08T00:43:27Z,2014-03-08T00:43:37Z,0,134.1,12.5,134.1,12.5,134.1,11.0,140.3,10.7,110.0,0.476,105.0,0.267,100.0,0.15,95.0,0.0846,90.0,0.0476,85.0,0.0267,80.0,0.015
H08S,5e-05,-28.25,98.75,913.0,2014-03-08T00:25:12Z,2014-03-08T00:25:12Z,4000000000.0,3581.6,133.13,2014-03-08T01:05:12Z,2014-03-08T01:05:35Z,0,139.0,12.2,139.0,10.7,139.0,11.0,141.7,10.7,106.0,0.24,101.0,0.135,96.0,0.0758,91.0,0.0426,86.0,0.024,81.0,0.0135,76.0,0.00758
3315,5e-05,-28.25,98.75,913.0,2014-03-08T00:25:12Z,2014-03-08T00:25:12Z,4000000000.0,1619.5,279.65,2014-03-08T00:43:17Z,2014-03-08T00:43:28Z,0,134.0,16.0,134.0,16.0,134.0,14.9,140.3,14.7,110.0,0.479,105.0,0.269,100.0,0.151,95.0,0.0851,90.0,0.0479,85.0,0.0269,80.0,0.0151
3376,5e-05,-28.25,98.75,913.0,2014-03-08T00:25:12Z,2014-03-08T00:25:12Z,4000000000.0,1620.2,279.54,2014-03-08T00:43:18Z,2014-03-08T00:43:28Z,0,134.0,16.0,134.0,16.0,134.0,14.9,140.3,14.7,110.0,0.479,105.0,0.269,100.0,0.151,95.0,0.0851,90.0,0.0479,85.0,0.0269,80.0,0.0151
3250,5e-05,-28.25,98.75,913.0,2014-03-08T00:25:12Z,2014-03-08T00:25:12Z,4000000000.0,2726.5,234.66,2014-03-08T00:55:39Z,2014-03-08T00:55:57Z,1,136.3,16.0,136.3,16.0,136.3,14.9,142.6,14.7,107.8,0.319,102.8,0.179,97.8,0.101,92.8,0.0567,87.8,0.0319,82.8,0.0179,77.8,0.0101
3274,5e-05,-28.25,98.75,913.0,2014-03-08T00:25:12Z,2014-03-08T00:25:12Z,4000000000.0,4077.1,273.01,2014-03-08T01:10:44Z,2014-03-08T01:11:10Z,1,138.0,16.0,138.0,16.0,138.0,14.9,144.3,14.7,106.0,0.228,101.0,0.128,96.0,0.0722,91.0,0.0406,86.0,0.0228,81.0,0.0128,76.0,0.00722
3275,5e-05,-28.25,98.75,913.0,2014-03-08T00:25:12Z,2014-03-08T00:25:12Z,4000000000.0,4075.2,273.03,2014-03-08T01:10:43Z,2014-03-08T01:11:09Z,1,138.0,16.0,138.0,16.0,138.0,14.9,144.3,14.7,106.0,0.228,101.0,0.128,96.0,0.0722,91.0,0.0406,86.0,0.0228,81.0,0.0128,76.0,0.00722
H01W,0.00015,-28.25,99.25,4160.0,2014-03-08T00:20:04Z,2014-03-08T00:45:54Z,4000000000.0,1590.5,294.34,2014-03-08T00:37:50Z,2014-03-08T01:03:59Z,0,133.9,12.5,133.9,12.5,133.9,11.0,140.2,10.7,110.1,0.485,105.1,0.273,100.1,0.153,95.1,0.0863,90.1,0.0485,85.1,0.0273,80.1,0.0153
H08S,0.00015,-28.25,99.25,4160.0,2014-03-08T00:20:04Z,2014-03-08T00:45:54Z,4000000000.0,3621.8,132.0,2014-03-08T01:00:32Z,2014-03-08T01:26:38Z,0,139.0,12.2,139.0,10.7,139.1,11.0,141.8,10.7,106.0,0.237,101.0,0.134,96.0,0.0751,91.0,0.0422,86.0,0.0237,81.0,0.0134,76.0,0.00751
3315,0.00015,-28.25,99.25,4160.0,2014-03-08T00:20:04Z,2014-03-08T00:45:54Z,4000000000.0,1562.9,281.61,2014-03-08T00:37:32Z,2014-03-08T01:03:47Z,0,133.9,16.0,133.9,16.0,133.9,14.9,140.1,14.7,110.2,0.492,105.2,0.276,100.2,0.155,95.2,0.0874,90.2,0.0492,85.2,0.0276,80.2,0.0155
3376,0.00015,-28.25,99.25,4160.0,2014-03-08T00:20:04Z,2014-03-08T00:45:54Z,4000000000.0,1563.5,281.5,2014-03-08T00:37:32Z,2014-03-08T01:03:47Z,0,133.9,16.0,133.9,16.0,133.9,14.9,140.2,14.7,110.2,0.491,105.2,0.276,100.2,0.155,95.2,0.0874,90.2,0.0491,85.2,0.0276,80.2,0.0155
3250,0.00015,-28.25,99.25,4160.0,2014-03-08T00:20:04Z,2014-03-08T00:45:54Z,4000000000.0,2648.4,234.6,2014-03-08T00:49:39Z,2014-03-08T01:16:18Z,1,136.2,16.0,136.2,16.0,136.2,14.9,142.4,14.7,107.9,0.327,102.9,0.184,97.9,0.103,92.9,0.0581,87.9,0.0327,82.9,0.0184,77.9,0.0103
3274,0.00015,-28.25,99.25,4160.0,2014-03-08T00:20:04Z,2014-03-08T00:45:54Z,4000000000.0,4029.6,273.95,2014-03-08T01:05:05Z,2014-03-08T01:31:31Z,1,138.0,16.0,138.0,16.0,138.0,14.9,144.3,14.7,106.1,0.231,101.1,0.13,96.1,0.0729,91.1,0.041,86.1,0.0231,81.1,0.013,76.1,0.00729
3275,0.00015,-28.25,99.25,4160.0,2014-03-08T00:20:04Z,2014-03-08T00:45:54Z,4000000000.0,4027.7,273.97,2014-03-08T01:05:04Z,2014-03-08T01:31:30Z,1,138.0,16.0,138.0,16.0,138.0,14.9,144.3,14.7,106.1,0.231,101.1,0.13,96.1,0.0729,91.1,0.041,86.1,0.0231,81.1,0.013,76.1,0.00729
H01W,0.00015,-28.25,99.75,4327.0,2014-03-08T00:23:08Z,2014-03-08T00:35:26Z,4000000000.0,1549.8,294.7,2014-03-08T00:40:26Z,2014-03-08T00:53:13Z,0,133.8,12.5,133.8,12.5,133.8,11.0,140.1,10.7,110.2,0.495,105.2,0.278,100.2,0.156,95.2,0.088,90.2,0.0495,85.2,0.0278,80.2,0.0156
H08S,0.00015,-28.25,99.75,4327.0,2014-03-08T00:23:08Z,2014-03-08T00:35:26Z,4000000000.0,3662.4,131.84,2014-03-08T01:04:04Z,2014-03-08T01:16:26Z,0,139.1,12.2,139.1,10.7,139.1,11.0,141.8,10.7,105.9,0.235,100.9,0.132,95.9,0.0744,90.9,0.0418,85.9,0.0235,80.9,0.0132,75.9,0.00744
3315,0.00015,-28.25,99.75,4327.0,2014-03-08T00:23:08Z,2014-03-08T00:35:26Z,4000000000.0,1523.6,281.85,2014-03-08T00:40:05Z,2014-03-08T00:52:53Z,0,133.8,16.0,133.8,16.0,133.8,14.9,140.0,14.7,110.3,0.501,105.3,0.282,100.3,0.158,95.3,0.0891,90.3,0.0501,85.3,0.0282,80.3,0.0158
3376,0.00015,-28.25,99.75,4327.0,2014-03-08T00:23:08Z,2014-03-08T00:35:26Z,4000000000.0,1524.2,281.74,2014-03-08T00:40:05Z,2014-03-08T00:52:53Z,0,133.8,16.0,133.8,16.0,133.8,14.9,140.0,14.7,110.3,0.501,105.3,0.282,100.3,0.158,95.3,0.0891,90.3,0.0501,85.3,0.0282,80.3,0.0158
3250,0.00015,-28.25,99.75,4327.0,2014-03-08T00:23:08Z,2014-03-08T00:35:26Z,4000000000.0,2629.1,234.01,2014-03-08T00:52:17Z,2014-03-08T01:05:07Z,1,136.1,16.0,136.1,16.0,136.1,14.9,142.4,14.7,107.9,0.329,102.9,0.185,97.9,0.104,92.9,0.0584,87.9,0.0329,82.9,0.0185,77.9,0.0104
3274,0.00015,-28.25,99.75,4327.0,2014-03-08T00:23:08Z,2014-03-08T00:35:26Z,4000000000.0,3989.2,274.08,2014-03-08T01:07:39Z,2014-03-08T01:20:43Z,1,137.9,16.0,137.9,16.0,137.9,14.9,144.2,14.7,106.1,0.233,101.1,0.131,96.1,0.0735,91.1,0.0413,86.1,0.0233,81.1,0.0131,76.1,0.00735
3275,0.00015,-28.25,99.75,4327.0,2014-03-08T00:23:08Z,2014-03-08T00:35:26Z,4000000000.0,3987.3,274.11,2014-03-08T01:07:38Z,2014-03-08T01:20:41Z,1,137.9,16.0,137.9,16.0,137.9,14.9,144.2,14.7,106.1,0.233,101.1,0.131,96.1,0.0736,91.1,0.0414,86.1,0.0233,81.1,0.0131,76.1,0.00736
H01W,0.0003,-28.25,100.25,4363.0,2014-03-08T00:20:17Z,2014-03-08T00:43:43Z,4000000000.0,1510.1,294.93,2014-03-08T00:37:14Z,2014-03-08T01:00:57Z,0,133.7,12.5,133.7,12.5,133.7,11.0,140.0,10.7,110.3,0.504,105.3,0.284,100.3,0.159,95.3,0.0897,90.3,0.0504,85.3,0.0284,80.3,0.0159
H08S,0.0003,-28.25,100.25,4363.0,2014-03-08T00:20:17Z,2014-03-08T00:43:43Z,4000000000.0,3702.0,131.72,2014-03-08T01:01:33Z,2014-03-08T01:25:15Z,0,139.1,12.2,139.1,10.7,139.2,11.0,141.9,10.7,105.9,0.233,100.9,0.131,95.9,0.0737,90.9,0.0415,85.9,0.0233,80.9,0.0131,75.9,0.00737
3315,0.0003,-28.25,100.25,4363.0,2014-03-08T00:20:17Z,2014-03-08T00:43:43Z,4000000000.0,1482.7,281.57,2014-03-08T00:36:55Z,2014-03-08T01:00:37Z,0,133.6,16.0,133.6,16.0,133.6,14.9,139.9,14.7,110.4,0.511,105.4,0.287,100.4,0.162,95.4,0.0909,90.4,0.0511,85.4,0.0287,80.4,0.0162
3376,0.0003,-28.25,100.25,4363.0,2014-03-08T00:20:17Z,2014-03-08T00:43:43Z,4000000000.0,1483.4,281.45,2014-03-08T00:36:55Z,2014-03-08T01:00:37Z,0,133.6,16.0,133.6,16.0,133.6,14.9,139.9,14.7,110.4,0.511,105.4,0.287,100.4,0.162,95.4,0.0909,90.4,0.0511,85.4,0.0287,80.4,0.0162
3250,0.0003,-28.25,100.25,4363.0,2014-03-08T00:20:17Z,2014-03-08T00:43:43Z,4000000000.0,2600.3,233.12,2014-03-08T00:49:20Z,2014-03-08T01:13:03Z,1,136.1,16.0,136.1,16.0,136.1,14.9,142.4,14.7,108.0,0.332,103.0,0.186,98.0,0.105,93.0,0.059,88.0,0.0332,83.0,0.0186,78.0,0.0105
3274,0.0003,-28.25,100.25,4363.0,2014-03-08T00:20:17Z,2014-03-08T00:43:43Z,4000000000.0,3948.8,274.11,2014-03-08T01:04:28Z,2014-03-08T01:28:27Z,1,137.9,16.0,137.9,16.0,137.9,14.9,144.2,14.7,106.1,0.235,101.1,0.132,96.1,0.0742,91.1,0.0417,86.1,0.0235,81.1,0.0132,76.1,0.00742
3275,0.0003,-28.25,100.25,4363.0,2014-03-08T00:20:17Z,2014-03-08T00:43:43Z,4000000000.0,3946.9,274.13,2014-03-08T01:04:27Z,2014-03-08T01:28:25Z,1,137.9,16.0,137.9,16.0,137.9,14.9,144.2,14.7,106.1,0.235,101.1,0.132,96.1,0.0742,91.1,0.0417,86.1,0.0235,81.1,0.0132,76.1,0.00742
H01W,5e-05,-28.25,102.75,4615.0,2014-03-08T00:22:41Z,2014-03-08T00:22:41Z,4000000000.0,1321.7,300.94,2014-03-08T00:37:26Z,2014-03-08T00:37:35Z,0,133.1,12.5,133.1,12.5,133.1,11.0,139.4,10.7,110.9,0.556,105.9,0.313,100.9,0.176,95.9,0.0988,90.9,0.0556,85.9,0.0313,80.9,0.0176
H08S,5e-05,-28.25,102.75,4615.0,2014-03-08T00:22:41Z,2014-03-08T00:22:41Z,4000000000.0,3898.1,129.54,2014-03-08T01:06:13Z,2014-03-08T01:06:38Z,0,139.3,12.2,139.3,10.7,139.4,11.0,142.1,10.7,105.7,0.223,100.7,0.125,95.7,0.0706,90.7,0.0397,85.7,0.0223,80.7,0.0125,75.7,0.00706
3315,5e-05,-28.25,102.75,4615.0,2014-03-08T00:22:41Z,2014-03-08T00:22:41Z,4000000000.0,1262.3,285.57,2014-03-08T00:36:47Z,2014-03-08T00:36:55Z,0,132.9,16.0,132.9,16.0,132.9,14.9,139.2,14.7,111.1,0.574,106.1,0.323,101.1,0.182,96.1,0.102,91.1,0.0574,86.1,0.0323,81.1,0.0182
3376,5e-05,-28.25,102.75,4615.0,2014-03-08T00:22:41Z,2014-03-08T00:22:41Z,4000000000.0,1262.7,285.42,2014-03-08T00:36:47Z,2014-03-08T00:36:55Z,0,132.9,16.0,132.9,16.0,132.9,14.9,139.2,14.7,111.1,0.574,106.1,0.323,101.1,0.182,96.1,0.102,91.1,0.0574,86.1,0.0323,81.1,0.0182
3250,5e-05,-28.25,102.75,4615.0,2014-03-08T00:22:41Z,2014-03-08T00:22:41Z,4000000000.0,2382.1,230.63,2014-03-08T00:49:17Z,2014-03-08T00:49:32Z,1,135.7,16.0,135.7,16.0,135.7,14.9,142.0,14.7,108.3,0.356,103.3,0.2,98.3,0.112,93.3,0.0632,88.3,0.0356,83.3,0.02,78.3,0.0112
3274,5e-05,-28.25,102.75,4615.0,2014-03-08T00:22:41Z,2014-03-08T00:22:41Z,4000000000.0,3743.7,276.05,2014-03-08T01:04:30Z,2014-03-08T01:04:54Z,1,137.7,16.0,137.7,16.0,137.7,14.9,143.9,14.7,106.4,0.245,101.4,0.138,96.4,0.0776,91.4,0.0436,86.4,0.0245,81.4,0.0138,76.4,0.00776
3275,5e-05,-28.25,102.75,4615.0,2014-03-08T00:22:41Z,2014-03-08T00:22:41Z,4000000000.0,3741.8,276.08,2014-03-08T01:04:29Z,2014-03-08T01:04:52Z,1,137.7,16.0,137.7,16.0,137.7,14.9,143.9,14.7,106.4,0.246,101.4,0.138,96.4,0.0776,91.4,0.0437,86.4,0.0246,81.4,0.0138,76.4,0.00776
H01W,5e-05,-27.75,97.25,4242.0,2014-03-08T00:30:28Z,2014-03-08T00:30:28Z,4000000000.0,1763.7,291.78,2014-03-08T00:50:10Z,2014-03-08T00:50:22Z,1,134.4,12.5,134.4,12.5,134.4,11.0,140.7,10.7,109.6,0.449,104.6,0.252,99.6,0.142,94.6,0.0798,89.6,0.0449,84.6,0.0252,79.6,0.0142
H08S,5e-05,-27.75,97.25,4242.0,2014-03-08T00:30:28Z,2014-03-08T00:30:28Z,4000000000.0,3453.0,133.44,2014-03-08T01:09:03Z,2014-03-08T01:09:25Z,0,138.8,12.2,138.8,10.7,138.9,11.0,141.6,10.7,106.2,0.247,101.2,0.139,96.2,0.0782,91.2,0.044,86.2,0.0247,81.2,0.0139,76.2,0.00782
3315,5e-05,-27.75,97.25,4242.0,2014-03-08T00:30:28Z,2014-03-08T00:30:28Z,4000000000.0,1747.8,280.33,2014-03-08T00:50:00Z,2014-03-08T00:50:11Z,0,134.4,16.0,134.4,16.0,134.4,14.9,140.6,14.7,109.7,0.452,104.7,0.254,99.7,0.143,94.7,0.0804,89.7,0.0452,84.7,0.0254,79.7,0.0143
3376,5e-05,-27.75,97.25,4242.0,2014-03-08T00:30:28Z,2014-03-08T00:30:28Z,4000000000.0,1748.5,280.23,2014-03-08T00:50:00Z,2014-03-08T00:50:11Z,0,134.4,16.0,134.4,16.0,134.4,14.9,140.6,14.7,109.7,0.452,104.7,0.254,99.7,0.143,94.7,0.0804,89.7,0.0452,84.7,0.0254,79.7,0.0143
3250,5e-05,-27.75,97.25,4242.0,2014-03-08T00:30:28Z,2014-03-08T00:30:28Z,4000000000.0,2805.1,236.87,2014-03-08T01:01:48Z,2014-03-08T01:02:06Z,1,136.4,16.0,136.4,16.0,136.4,14.9,142.7,14.7,107.6,0.312,102.6,0.175,97.6,0.0986,92.6,0.0555,87.6,0.0312,82.6,0.0175,77.6,0.00986
3274,5e-05,-27.75,97.25,4242.0,2014-03-08T00:30:28Z,2014-03-08T00:30:28Z,4000000000.0,4207.0,273.0,2014-03-08T01:17:28Z,2014-03-08T01:17:55Z,1,138.2,16.0,138.2,16.0,138.2,14.9,144.4,14.7,105.9,0.222,100.9,0.125,95.9,0.0703,90.9,0.0395,85.9,0.0222,80.9,0.0125,75.9,0.00703
3275,5e-05,-27.75,97.25,4242.0,2014-03-08T00:30:28Z,2014-03-08T00:30:28Z,4000000000.0,4205.1,273.02,2014-03-08T01:17:27Z,2014-03-08T01:17:53Z,1,138.2,16.0,138.2,16.0,138.2,14.9,144.4,14.7,105.9,0.222,100.9,0.125,95.9,0.0703,90.9,0.0395,85.9,0.0222,80.9,0.0125,75.9,0.00703
H01W,5e-05,-27.75,98.25,1643.0,2014-03-08T00:19:42Z,2014-03-08T00:19:42Z,4000000000.0,1695.6,292.64,2014-03-08T00:38:39Z,2014-03-08T00:38:49Z,1,134.2,12.5,134.2,12.5,134.2,11.0,140.5,10.7,109.8,0.463,104.8,0.26,99.8,0.146,94.8,0.0823,89.8,0.0463,84.8,0.026,79.8,0.0146
H08S,5e-05,-27.75,98.25,1643.0,2014-03-08T00:19:42Z,2014-03-08T00:19:42Z,4000000000.0,3518.9,132.9,2014-03-08T00:59:01Z,2014-03-08T00:59:23Z,0,138.9,12.2,138.9,10.7,139.0,11.0,141.7,10.7,106.1,0.243,101.1,0.137,96.1,0.0769,91.1,0.0433,86.1,0.0243,81.1,0.0137,76.1,0.00769
3315,5e-05,-27.75,98.25,1643.0,2014-03-08T00:19:42Z,2014-03-08T00:19:42Z,4000000000.0,1675.9,280.72,2014-03-08T00:38:25Z,2014-03-08T00:38:36Z,0,134.2,16.0,134.2,16.0,134.2,14.9,140.5,14.7,109.9,0.467,104.9,0.262,99.9,0.148,94.9,0.083,89.9,0.0467,84.9,0.0262,79.9,0.0148
3376,5e-05,-27.75,98.25,1643.0,2014-03-08T00:19:42Z,2014-03-08T00:19:42Z,4000000000.0,1676.5,280.62,2014-03-08T00:38:26Z,2014-03-08T00:38:37Z,0,134.2,16.0,134.2,16.0,134.2,14.9,140.5,14.7,109.9,0.467,104.9,0.262,99.9,0.148,94.9,0.083,89.9,0.0467,84.9,0.0262,79.9,0.0148
3250,5e-05,-27.75,98.25,1643.0,2014-03-08T00:19:42Z,2014-03-08T00:19:42Z,4000000000.0,2745.3,235.98,2014-03-08T00:50:22Z,2014-03-08T00:50:40Z,1,136.3,16.0,136.3,16.0,136.3,14.9,142.6,14.7,107.7,0.317,102.7,0.178,97.7,0.1,92.7,0.0564,87.7,0.0317,82.7,0.0178,77.7,0.01
3274,5e-05,-27.75,98.25,1643.0,2014-03-08T00:19:42Z,2014-03-08T00:19:42Z,4000000000.0,4137.6,273.33,2014-03-08T01:05:55Z,2014-03-08T01:06:22Z,1,138.1,16.0,138.1,16.0,138.1,14.9,144.4,14.7,105.9,0.225,100.9,0.127,95.9,0.0713,90.9,0.0401,85.9,0.0225,80.9,0.0127,75.9,0.00713
3275,5e-05,-27.75,98.25,1643.0,2014-03-08T00:19:42Z,2014-03-08T00:19:42Z,4000000000.0,4135.8,273.35,2014-03-08T01:05:54Z,2014-03-08T01:06:20Z,1,138.1,16.0,138.1,16.0,138.1,14.9,144.4,14.7,105.9,0.225,100.9,0.127,95.9,0.0713,90.9,0.0401,85.9,0.0225,80.9,0.0127,75.9,0.00713
H01W,0.0001,-27.75,99.25,4382.0,2014-03-08T00:38:09Z,2014-03-08T00:39:32Z,4000000000.0,1613.2,295.45,2014-03-08T00:56:14Z,2014-03-08T00:57:39Z,0,134.0,12.5,134.0,12.5,134.0,11.0,140.3,10.7,110.0,0.48,105.0,0.27,100.0,0.152,95.0,0.0854,90.0,0.048,85.0,0.027,80.0,0.0152
H08S,0.0001,-27.75,99.25,4382.0,2014-03-08T00:38:09Z,2014-03-08T00:39:32Z,4000000000.0,3598.9,131.49,2014-03-08T01:18:16Z,2014-03-08T01:20:12Z,0,139.0,12.2,139.0,10.7,139.1,11.0,141.8,10.7,106.0,0.239,101.0,0.134,96.0,0.0755,91.0,0.0425,86.0,0.0239,81.0,0.0134,76.0,0.00755
3315,0.0001,-27.75,99.25,4382.0,2014-03-08T00:38:09Z,2014-03-08T00:39:32Z,4000000000.0,1578.4,282.9,2014-03-08T00:55:48Z,2014-03-08T00:57:18Z,0,133.9,16.0,133.9,16.0,133.9,14.9,140.2,14.7,110.1,0.488,105.1,0.274,100.1,0.154,95.1,0.0868,90.1,0.0488,85.1,0.0274,80.1,0.0154
3376,0.0001,-27.75,99.25,4382.0,2014-03-08T00:38:09Z,2014-03-08T00:39:32Z,4000000000.0,1578.9,282.78,2014-03-08T00:55:49Z,2014-03-08T00:57:19Z,0,133.9,16.0,133.9,16.0,133.9,14.9,140.2,14.7,110.1,0.488,105.1,0.274,100.1,0.154,95.1,0.0868,90.1,0.0488,85.1,0.0274,80.1,0.0154
3250,0.0001,-27.75,99.25,4382.0,2014-03-08T00:38:09Z,2014-03-08T00:39:32Z,4000000000.0,2633.5,235.38,2014-03-08T01:07:25Z,2014-03-08T01:09:22Z,1,136.1,16.0,136.1,16.0,136.1,14.9,142.4,14.7,107.9,0.328,102.9,0.185,97.9,0.104,92.9,0.0584,87.9,0.0328,82.9,0.0185,77.9,0.0104
3274,0.0001,-27.75,99.25,4382.0,2014-03-08T00:38:09Z,2014-03-08T00:39:32Z,4000000000.0,4049.6,274.44,2014-03-08T01:23:26Z,2014-03-08T01:25:08Z,1,138.0,16.0,138.0,16.0,138.0,14.9,144.3,14.7,106.0,0.23,101.0,0.129,96.0,0.0726,91.0,0.0408,86.0,0.023,81.0,0.0129,76.0,0.00726
3275,0.0001,-27.75,99.25,4382.0,2014-03-08T00:38:09Z,2014-03-08T00:39:32Z,4000000000.0,4047.7,274.47,2014-03-08T01:23:25Z,2014-03-08T01:25:07Z,1,138.0,16.0,138.0,16.0,138.0,14.9,144.3,14.7,106.0,0.23,101.0,0.129,96.0,0.0726,91.0,0.0408,86.0,0.023,81.0,0.0129,76.0,0.00726
H01W,0.0001,-27.75,99.75,4581.0,2014-03-08T00:49:03Z,2014-03-08T00:52:53Z,4000000000.0,1584.0,296.82,2014-03-08T01:06:41Z,2014-03-08T01:10:48Z,0,133.9,12.5,133.9,12.5,133.9,11.0,140.2,10.7,110.1,0.487,105.1,0.274,100.1,0.154,95.1,0.0866,90.1,0.0487,85.1,0.0274,80.1,0.0154
H08S,0.0001,-27.75,99.75,4581.0,2014-03-08T00:49:03Z,2014-03-08T00:52:53Z,4000000000.0,3628.6,130.87,2014-03-08T01:29:38Z,2014-03-08T01:33:45Z,0,139.0,12.2,139.0,10.7,139.1,11.0,141.8,10.7,106.0,0.237,101.0,0.133,96.0,0.075,91.0,0.0422,86.0,0.0237,81.0,0.0133,76.0,0.0075
3315,0.0001,-27.75,99.75,4581.0,2014-03-08T00:49:03Z,2014-03-08T00:52:53Z,4000000000.0,1541.7,284.02,2014-03-08T01:06:13Z,2014-03-08T01:10:19Z,0,133.8,16.0,133.8,16.0,133.8,14.9,140.1,14.7,110.2,0.497,105.2,0.279,100.2,0.157,95.2,0.0883,90.2,0.0497,85.2,0.0279,80.2,0.0157
3376,0.0001,-27.75,99.75,4581.0,2014-03-08T00:49:03Z,2014-03-08T00:52:53Z,4000000000.0,1542.2,283.91,2014-03-08T01:06:13Z,2014-03-08T01:10:20Z,0,133.8,16.0,133.8,16.0,133.8,14.9,140.1,14.7,110.2,0.496,105.2,0.279,100.2,0.157,95.2,0.0883,90.2,0.0496,85.2,0.0279,80.2,0.0157
3250,0.0001,-27.75,99.75,4581.0,2014-03-08T00:49:03Z,2014-03-08T00:52:53Z,4000000000.0,2586.3,235.23,2014-03-08T01:17:53Z,2014-03-08T01:22:05Z,1,136.1,16.0,136.1,16.0,136.1,14.9,142.3,14.7,108.0,0.333,103.0,0.187,98.0,0.105,93.0,0.0592,88.0,0.0333,83.0,0.0187,78.0,0.0105
3274,0.0001,-27.75,99.75,4581.0,2014-03-08T00:49:03Z,2014-03-08T00:52:53Z,4000000000.0,4017.1,274.97,2014-03-08T01:33:52Z,2014-03-08T01:38:14Z,1,138.0,16.0,138.0,16.0,138.0,14.9,144.2,14.7,106.1,0.231,101.1,0.13,96.1,0.0731,91.1,0.0411,86.1,0.0231,81.1,0.013,76.1,0.00731
3275,0.0001,-27.75,99.75,4581.0,2014-03-08T00:49:03Z,2014-03-08T00:52:53Z,4000000000.0,4015.2,275.0,2014-03-08T01:33:50Z,2014-03-08T01:38:13Z,1,138.0,16.0,138.0,16.0,138.0,14.9,144.2,14.7,106.1,0.231,101.1,0.13,96.1,0.0731,91.1,0.0411,86.1,0.0231,81.1,0.013,76.1,0.00731
H01W,5e-05,-27.75,100.25,4795.0,2014-03-08T00:41:15Z,2014-03-08T00:41:15Z,4000000000.0,1515.8,297.39,2014-03-08T00:58:11Z,2014-03-08T00:58:21Z,0,133.7,12.5,133.7,12.5,133.7,11.0,140.0,10.7,110.3,0.503,105.3,0.283,100.3,0.159,95.3,0.0894,90.3,0.0503,85.3,0.0283,80.3,0.0159
H08S,5e-05,-27.75,100.25,4795.0,2014-03-08T00:41:15Z,2014-03-08T00:41:15Z,4000000000.0,3697.4,130.66,2014-03-08T01:22:33Z,2014-03-08T01:22:57Z,0,139.1,12.2,139.1,10.7,139.2,11.0,141.9,10.7,105.9,0.233,100.9,0.131,95.9,0.0738,90.9,0.0415,85.9,0.0233,80.9,0.0131,75.9,0.00738
3315,5e-05,-27.75,100.25,4795.0,2014-03-08T00:41:15Z,2014-03-08T00:41:15Z,4000000000.0,1471.8,284.01,2014-03-08T00:57:42Z,2014-03-08T00:57:51Z,0,133.6,16.0,133.6,16.0,133.6,14.9,139.9,14.7,110.4,0.514,105.4,0.289,100.4,0.163,95.4,0.0914,90.4,0.0514,85.4,0.0289,80.4,0.0163
3376,5e-05,-27.75,100.25,4795.0,2014-03-08T00:41:15Z,2014-03-08T00:41:15Z,4000000000.0,1472.3,283.89,2014-03-08T00:57:42Z,2014-03-08T00:57:51Z,0,133.6,16.0,133.6,16.0,133.6,14.9,139.9,14.7,110.4,0.514,105.4,0.289,100.4,0.162,95.4,0.0914,90.4,0.0514,85.4,0.0289,80.4,0.0162
3250,5e-05,-27.75,100.25,4795.0,2014-03-08T00:41:15Z,2014-03-08T00:41:15Z,4000000000.0,2540.7,234.02,2014-03-08T01:09:38Z,2014-03-08T01:09:54Z,1,136.0,16.0,136.0,16.0,136.0,14.9,142.3,14.7,108.1,0.338,103.1,0.19,98.1,0.107,93.1,0.0601,88.1,0.0338,83.1,0.019,78.1,0.0107
3274,5e-05,-27.75,100.25,4795.0,2014-03-08T00:41:15Z,2014-03-08T00:41:15Z,4000000000.0,3947.6,275.09,2014-03-08T01:25:21Z,2014-03-08T01:25:46Z,1,137.9,16.0,137.9,16.0,137.9,14.9,144.2,14.7,106.1,0.235,101.1,0.132,96.1,0.0742,91.1,0.0417,86.1,0.0235,81.1,0.0132,76.1,0.00742
3275,5e-05,-27.75,100.25,4795.0,2014-03-08T00:41:15Z,2014-03-08T00:41:15Z,4000000000.0,3945.8,275.12,2014-03-08T01:25:20Z,2014-03-08T01:25:45Z,1,137.9,16.0,137.9,16.0,137.9,14.9,144.2,14.7,106.2,0.235,101.2,0.132,96.2,0.0742,91.2,0.0417,86.2,0.0235,81.2,0.0132,76.2,0.00742
H01W,0.00015,-27.75,100.75,4785.0,2014-03-08T00:20:13Z,2014-03-08T00:47:15Z,4000000000.0,1490.8,298.5,2014-03-08T00:36:52Z,2014-03-08T01:04:32Z,0,133.7,12.5,133.7,12.5,133.7,11.0,139.9,10.7,110.4,0.509,105.4,0.286,100.4,0.161,95.4,0.0905,90.4,0.0509,85.4,0.0286,80.4,0.0161
H08S,0.00015,-27.75,100.75,4785.0,2014-03-08T00:20:13Z,2014-03-08T00:47:15Z,4000000000.0,3724.8,130.17,2014-03-08T01:01:50Z,2014-03-08T01:28:46Z,0,139.1,12.2,139.1,10.7,139.2,11.0,141.9,10.7,105.9,0.232,100.9,0.13,95.9,0.0733,90.9,0.0412,85.9,0.0232,80.9,0.013,75.9,0.00733
3315,0.00015,-27.75,100.75,4785.0,2014-03-08T00:20:13Z,2014-03-08T00:47:15Z,4000000000.0,1438.5,285.27,2014-03-08T00:36:17Z,2014-03-08T01:03:58Z,0,133.5,16.0,133.5,16.0,133.5,14.9,139.8,14.7,110.5,0.523,105.5,0.294,100.5,0.165,95.5,0.0929,90.5,0.0523,85.5,0.0294,80.5,0.0165
3376,0.00015,-27.75,100.75,4785.0,2014-03-08T00:20:13Z,2014-03-08T00:47:15Z,4000000000.0,1439.0,285.15,2014-03-08T00:36:18Z,2014-03-08T01:03:58Z,0,133.5,16.0,133.5,16.0,133.5,14.9,139.8,14.7,110.5,0.522,105.5,0.294,100.5,0.165,95.5,0.0929,90.5,0.0522,85.5,0.0294,80.5,0.0165
3250,0.00015,-27.75,100.75,4785.0,2014-03-08T00:20:13Z,2014-03-08T00:47:15Z,4000000000.0,2520.4,233.9,2014-03-08T00:48:05Z,2014-03-08T01:15:42Z,1,135.9,16.0,135.9,16.0,135.9,14.9,142.2,14.7,108.1,0.34,103.1,0.191,98.1,0.108,93.1,0.0605,88.1,0.034,83.1,0.0191,78.1,0.0108
3274,0.00015,-27.75,100.75,4785.0,2014-03-08T00:20:13Z,2014-03-08T00:47:15Z,4000000000.0,3918.2,275.57,2014-03-08T01:03:59Z,2014-03-08T01:31:55Z,1,137.9,16.0,137.9,16.0,137.9,14.9,144.1,14.7,106.2,0.236,101.2,0.133,96.2,0.0747,91.2,0.042,86.2,0.0236,81.2,0.0133,76.2,0.00747
3275,0.00015,-27.75,100.75,4785.0,2014-03-08T00:20:13Z,2014-03-08T00:47:15Z,4000000000.0,3916.4,275.6,2014-03-08T01:03:58Z,2014-03-08T01:31:54Z,1,137.9,16.0,137.9,16.0,137.9,14.9,144.1,14.7,106.2,0.236,101.2,0.133,96.2,0.0747,91.2,0.042,86.2,0.0236,81.2,0.0133,76.2,0.00747
H01W,5e-05,-27.25,98.25,3957.0,2014-03-08T00:26:05Z,2014-03-08T00:26:05Z,4000000000.0,1739.5,293.8,2014-03-08T00:45:30Z,2014-03-08T00:45:42Z,0,134.3,12.5,134.3,12.5,134.3,11.0,140.6,10.7,109.7,0.454,104.7,0.255,99.7,0.143,94.7,0.0807,89.7,0.0454,84.7,0.0255,79.7,0.0143
H08S,5e-05,-27.25,98.25,3957.0,2014-03-08T00:26:05Z,2014-03-08T00:26:05Z,4000000000.0,3473.3,132.35,2014-03-08T01:04:53Z,2014-03-08T01:05:15Z,0,138.8,12.2,138.8,10.7,138.9,11.0,141.6,10.7,106.2,0.246,101.2,0.138,96.2,0.0778,91.2,0.0437,86.2,0.0246,81.2,0.0138,76.2,0.00778
3315,5e-05,-27.25,98.25,3957.0,2014-03-08T00:26:05Z,2014-03-08T00:26:05Z,4000000000.0,1711.9,282.18,2014-03-08T00:45:12Z,2014-03-08T00:45:23Z,0,134.3,16.0,134.3,16.0,134.3,14.9,140.5,14.7,109.8,0.459,104.8,0.258,99.8,0.145,94.8,0.0817,89.8,0.0459,84.8,0.0258,79.8,0.0145
3376,5e-05,-27.25,98.25,3957.0,2014-03-08T00:26:05Z,2014-03-08T00:26:05Z,4000000000.0,1712.5,282.07,2014-03-08T00:45:12Z,2014-03-08T00:45:23Z,0,134.3,16.0,134.3,16.0,134.3,14.9,140.5,14.7,109.8,0.459,104.8,0.258,99.8,0.145,94.8,0.0816,89.8,0.0459,84.8,0.0258,79.8,0.0145
3250,5e-05,-27.25,98.25,3957.0,2014-03-08T00:26:05Z,2014-03-08T00:26:05Z,4000000000.0,2741.0,237.18,2014-03-08T00:56:42Z,2014-03-08T00:56:59Z,1,136.3,16.0,136.3,16.0,136.3,14.9,142.6,14.7,107.7,0.318,102.7,0.179,97.7,0.1,92.7,0.0565,87.7,0.0318,82.7,0.0179,77.7,0.01
3274,5e-05,-27.25,98.25,3957.0,2014-03-08T00:26:05Z,2014-03-08T00:26:05Z,4000000000.0,4179.4,273.88,2014-03-08T01:12:46Z,2014-03-08T01:13:12Z,1,138.1,16.0,138.1,16.0,138.1,14.9,144.4,14.7,105.9,0.223,100.9,0.126,95.9,0.0707,90.9,0.0397,85.9,0.0223,80.9,0.0126,75.9,0.00707
3275,5e-05,-27.25,98.25,3957.0,2014-03-08T00:26:05Z,2014-03-08T00:26:05Z,4000000000.0,4177.5,273.9,2014-03-08T01:12:45Z,2014-03-08T01:13:11Z,1,138.1,16.0,138.1,16.0,138.1,14.9,144.4,14.7,105.9,0.224,100.9,0.126,95.9,0.0707,90.9,0.0397,85.9,0.0224,80.9,0.0126,75.9,0.00707
H01W,0.0001,-27.25,98.75,4012.0,2014-03-08T00:28:17Z,2014-03-08T00:41:30Z,4000000000.0,1681.0,295.68,2014-03-08T00:47:07Z,2014-03-08T01:00:23Z,0,134.2,12.5,134.2,12.5,134.2,11.0,140.5,10.7,109.9,0.466,104.9,0.262,99.9,0.147,94.9,0.0828,89.9,0.0466,84.9,0.0262,79.9,0.0147
H08S,0.0001,-27.25,98.75,4012.0,2014-03-08T00:28:17Z,2014-03-08T00:41:30Z,4000000000.0,3531.1,131.38,2014-03-08T01:07:40Z,2014-03-08T01:21:22Z,0,138.9,12.2,138.9,10.7,139.0,11.0,141.7,10.7,106.1,0.243,101.1,0.136,96.1,0.0767,91.1,0.0431,86.1,0.0243,81.1,0.0136,76.1,0.00767
3315,0.0001,-27.25,98.75,4012.0,2014-03-08T00:28:17Z,2014-03-08T00:41:30Z,4000000000.0,1643.3,283.64,2014-03-08T00:46:40Z,2014-03-08T01:00:00Z,0,134.1,16.0,134.1,16.0,134.1,14.9,140.4,14.7,110.0,0.474,105.0,0.266,100.0,0.15,95.0,0.0842,90.0,0.0474,85.0,0.0266,80.0,0.015
3376,0.0001,-27.25,98.75,4012.0,2014-03-08T00:28:17Z,2014-03-08T00:41:30Z,4000000000.0,1643.8,283.53,2014-03-08T00:46:40Z,2014-03-08T01:00:00Z,0,134.1,16.0,134.1,16.0,134.1,14.9,140.4,14.7,110.0,0.473,105.0,0.266,100.0,0.15,95.0,0.0842,90.0,0.0473,85.0,0.0266,80.0,0.015
3250,0.0001,-27.25,98.75,4012.0,2014-03-08T00:28:17Z,2014-03-08T00:41:30Z,4000000000.0,2662.8,236.75,2014-03-08T00:57:56Z,2014-03-08T01:11:38Z,1,136.2,16.0,136.2,16.0,136.2,14.9,142.5,14.7,107.9,0.325,102.9,0.183,97.9,0.103,92.9,0.0578,87.9,0.0325,82.9,0.0183,77.9,0.0103
3274,0.0001,-27.25,98.75,4012.0,2014-03-08T00:28:17Z,2014-03-08T00:41:30Z,4000000000.0,4116.6,274.63,2014-03-08T01:14:19Z,2014-03-08T01:27:52Z,1,138.1,16.0,138.1,16.0,138.1,14.9,144.4,14.7,106.0,0.226,101.0,0.127,96.0,0.0716,91.0,0.0403,86.0,0.0226,81.0,0.0127,76.0,0.00716
3275,0.0001,-27.25,98.75,4012.0,2014-03-08T00:28:17Z,2014-03-08T00:41:30Z,4000000000.0,4114.8,274.65,2014-03-08T01:14:18Z,2014-03-08T01:27:51Z,1,138.1,16.0,138.1,16.0,138.1,14.9,144.4,14.7,106.0,0.226,101.0,0.127,96.0,0.0716,91.0,0.0403,86.0,0.0226,81.0,0.0127,76.0,0.00716
H01W,0.00015,-27.25,100.25,4610.0,2014-03-08T00:31:18Z,2014-03-08T00:34:27Z,4000000000.0,1545.9,298.5,2014-03-08T00:48:29Z,2014-03-08T00:51:53Z,0,133.8,12.5,133.8,12.5,133.8,11.0,140.1,10.7,110.2,0.496,105.2,0.279,100.2,0.157,95.2,0.0881,90.2,0.0496,85.2,0.0279,80.2,0.0157
H08S,0.00015,-27.25,100.25,4610.0,2014-03-08T00:31:18Z,2014-03-08T00:34:27Z,4000000000.0,3669.1,130.15,2014-03-08T01:12:23Z,2014-03-08T01:15:49Z,0,139.1,12.2,139.1,10.7,139.1,11.0,141.9,10.7,105.9,0.235,100.9,0.132,95.9,0.0743,90.9,0.0418,85.9,0.0235,80.9,0.0132,75.9,0.00743
3315,0.00015,-27.25,100.25,4610.0,2014-03-08T00:31:18Z,2014-03-08T00:34:27Z,4000000000.0,1494.4,285.39,2014-03-08T00:47:54Z,2014-03-08T00:51:18Z,0,133.7,16.0,133.7,16.0,133.7,14.9,140.0,14.7,110.4,0.508,105.4,0.286,100.4,0.161,95.4,0.0904,90.4,0.0508,85.4,0.0286,80.4,0.0161
3376,0.00015,-27.25,100.25,4610.0,2014-03-08T00:31:18Z,2014-03-08T00:34:27Z,4000000000.0,1494.9,285.27,2014-03-08T00:47:54Z,2014-03-08T00:51:18Z,0,133.7,16.0,133.7,16.0,133.7,14.9,140.0,14.7,110.4,0.508,105.4,0.286,100.4,0.161,95.4,0.0903,90.4,0.0508,85.4,0.0286,80.4,0.0161
3250,0.00015,-27.25,100.25,4610.0,2014-03-08T00:31:18Z,2014-03-08T00:34:27Z,4000000000.0,2528.2,234.95,2014-03-08T00:59:28Z,2014-03-08T01:02:58Z,1,136.0,16.0,136.0,16.0,136.0,14.9,142.2,14.7,108.1,0.339,103.1,0.191,98.1,0.107,93.1,0.0603,88.1,0.0339,83.1,0.0191,78.1,0.0107
3274,0.00015,-27.25,100.25,4610.0,2014-03-08T00:31:18Z,2014-03-08T00:34:27Z,4000000000.0,3974.1,275.6,2014-03-08T01:15:36Z,2014-03-08T01:19:16Z,1,137.9,16.0,137.9,16.0,137.9,14.9,144.2,14.7,106.1,0.233,101.1,0.131,96.1,0.0738,91.1,0.0415,86.1,0.0233,81.1,0.0131,76.1,0.00738
3275,0.00015,-27.25,100.25,4610.0,2014-03-08T00:31:18Z,2014-03-08T00:34:27Z,4000000000.0,3972.3,275.62,2014-03-08T01:15:35Z,2014-03-08T01:19:15Z,1,137.9,16.0,137.9,16.0,137.9,14.9,144.2,14.7,106.1,0.233,101.1,0.131,96.1,0.0738,91.1,0.0415,86.1,0.0233,81.1,0.0131,76.1,0.00738
H01W,0.0002,-27.25,100.75,4748.0,2014-03-08T00:30:14Z,2014-03-08T00:54:02Z,4000000000.0,1523.7,299.76,2014-03-08T00:47:17Z,2014-03-08T01:11:28Z,0,133.8,12.5,133.8,12.5,133.8,11.0,140.0,10.7,110.3,0.501,105.3,0.282,100.3,0.158,95.3,0.0891,90.3,0.0501,85.3,0.0282,80.3,0.0158
H08S,0.0002,-27.25,100.75,4748.0,2014-03-08T00:30:14Z,2014-03-08T00:54:02Z,4000000000.0,3695.2,129.64,2014-03-08T01:11:30Z,2014-03-08T01:35:26Z,0,139.1,12.2,139.1,10.7,139.2,11.0,141.9,10.7,105.9,0.233,100.9,0.131,95.9,0.0738,90.9,0.0415,85.9,0.0233,80.9,0.0131,75.9,0.00738
3315,0.0002,-27.25,100.75,4748.0,2014-03-08T00:30:14Z,2014-03-08T00:54:02Z,4000000000.0,1463.1,286.46,2014-03-08T00:46:34Z,2014-03-08T01:10:48Z,0,133.6,16.0,133.6,16.0,133.6,14.9,139.9,14.7,110.5,0.516,105.5,0.29,100.5,0.163,95.5,0.0918,90.5,0.0516,85.5,0.029,80.5,0.0163
3376,0.0002,-27.25,100.75,4748.0,2014-03-08T00:30:14Z,2014-03-08T00:54:02Z,4000000000.0,1463.4,286.34,2014-03-08T00:46:34Z,2014-03-08T01:10:48Z,0,133.6,16.0,133.6,16.0,133.6,14.9,139.9,14.7,110.5,0.516,105.5,0.29,100.5,0.163,95.5,0.0918,90.5,0.0516,85.5,0.029,80.5,0.0163
3250,0.0002,-27.25,100.75,4748.0,2014-03-08T00:30:14Z,2014-03-08T00:54:02Z,4000000000.0,2484.2,234.93,2014-03-08T00:57:48Z,2014-03-08T01:22:14Z,1,135.9,16.0,135.9,16.0,135.9,14.9,142.2,14.7,108.2,0.344,103.2,0.193,98.2,0.109,93.2,0.0612,88.2,0.0344,83.2,0.0193,78.2,0.0109
3274,0.0002,-27.25,100.75,4748.0,2014-03-08T00:30:14Z,2014-03-08T00:54:02Z,4000000000.0,3946.4,276.07,2014-03-08T01:14:19Z,2014-03-08T01:38:48Z,1,137.9,16.0,137.9,16.0,137.9,14.9,144.2,14.7,106.2,0.235,101.2,0.132,96.2,0.0742,91.2,0.0417,86.2,0.0235,81.2,0.0132,76.2,0.00742
3275,0.0002,-27.25,100.75,4748.0,2014-03-08T00:30:14Z,2014-03-08T00:54:02Z,4000000000.0,3944.6,276.09,2014-03-08T01:14:18Z,2014-03-08T01:38:47Z,1,137.9,16.0,137.9,16.0,137.9,14.9,144.2,14.7,106.2,0.235,101.2,0.132,96.2,0.0742,91.2,0.0417,86.2,0.0235,81.2,0.0132,76.2,0.00742
H01W,5e-05,-27.25,101.25,4832.0,2014-03-08T00:44:00Z,2014-03-08T00:44:00Z,4000000000.0,1506.5,301.5,2014-03-08T01:00:49Z,2014-03-08T01:00:59Z,0,133.7,12.5,133.7,12.5,133.7,11.0,140.0,10.7,110.3,0.505,105.3,0.284,100.3,0.16,95.3,0.0898,90.3,0.0505,85.3,0.0284,80.3,0.016
H08S,5e-05,-27.25,101.25,4832.0,2014-03-08T00:44:00Z,2014-03-08T00:44:00Z,4000000000.0,3716.7,128.93,2014-03-08T01:25:31Z,2014-03-08T01:25:54Z,0,139.1,12.2,139.1,10.7,139.2,11.0,141.9,10.7,105.9,0.232,100.9,0.131,95.9,0.0735,90.9,0.0413,85.9,0.0232,80.9,0.0131,75.9,0.00735
3315,5e-05,-27.25,101.25,4832.0,2014-03-08T00:44:00Z,2014-03-08T00:44:00Z,4000000000.0,1438.1,288.07,2014-03-08T01:00:04Z,2014-03-08T01:00:13Z,0,133.5,16.0,133.5,16.0,133.5,14.9,139.8,14.7,110.5,0.523,105.5,0.294,100.5,0.165,95.5,0.0929,90.5,0.0523,85.5,0.0294,80.5,0.0165
3376,5e-05,-27.25,101.25,4832.0,2014-03-08T00:44:00Z,2014-03-08T00:44:00Z,4000000000.0,1438.4,287.95,2014-03-08T01:00:04Z,2014-03-08T01:00:13Z,0,133.5,16.0,133.5,16.0,133.5,14.9,139.8,14.7,110.5,0.523,105.5,0.294,100.5,0.165,95.5,0.0929,90.5,0.0523,85.5,0.0294,80.5,0.0165
3250,5e-05,-27.25,101.25,4832.0,2014-03-08T00:44:00Z,2014-03-08T00:44:00Z,4000000000.0,2440.0,234.92,2014-03-08T01:11:15Z,2014-03-08T01:11:31Z,1,135.8,16.0,135.8,16.0,135.8,14.9,142.1,14.7,108.2,0.349,103.2,0.196,98.2,0.11,93.2,0.062,88.2,0.0349,83.2,0.0196,78.2,0.011
3274,5e-05,-27.25,101.25,4832.0,2014-03-08T00:44:00Z,2014-03-08T00:44:00Z,4000000000.0,3924.1,276.73,2014-03-08T01:27:50Z,2014-03-08T01:28:15Z,1,137.9,16.0,137.9,16.0,137.9,14.9,144.1,14.7,106.2,0.236,101.2,0.133,96.2,0.0746,91.2,0.0419,86.2,0.0236,81.2,0.0133,76.2,0.00746
3275,5e-05,-27.25,101.25,4832.0,2014-03-08T00:44:00Z,2014-03-08T00:44:00Z,4000000000.0,3922.3,276.75,2014-03-08T01:27:49Z,2014-03-08T01:28:14Z,1,137.9,16.0,137.9,16.0,137.9,14.9,144.1,14.7,106.2,0.236,101.2,0.133,96.2,0.0746,91.2,0.0419,86.2,0.0236,81.2,0.0133,76.2,0.00746
H01W,0.0001,-27.25,101.75,4854.0,2014-03-08T00:23:54Z,2014-03-08T00:26:42Z,4000000000.0,1454.3,301.29,2014-03-08T00:40:14Z,2014-03-08T00:43:00Z,0,133.6,12.5,133.6,12.5,133.6,11.0,139.8,10.7,110.5,0.518,105.5,0.292,100.5,0.164,95.5,0.0922,90.5,0.0518,85.5,0.0292,80.5,0.0164
H08S,0.0001,-27.25,101.75,4854.0,2014-03-08T00:23:54Z,2014-03-08T00:26:42Z,4000000000.0,3767.7,129.14,2014-03-08T01:05:54Z,2014-03-08T01:09:17Z,0,139.2,12.2,139.2,10.7,139.3,11.0,142.0,10.7,105.8,0.23,100.8,0.129,95.8,0.0726,90.8,0.0408,85.8,0.023,80.8,0.0129,75.8,0.00726
3315,0.0001,-27.25,101.75,4854.0,2014-03-08T00:23:54Z,2014-03-08T00:26:42Z,4000000000.0,1388.6,287.36,2014-03-08T00:39:30Z,2014-03-08T00:42:16Z,0,133.4,16.0,133.4,16.0,133.4,14.9,139.6,14.7,110.7,0.536,105.7,0.302,100.7,0.17,95.7,0.0954,90.7,0.0536,85.7,0.0302,80.7,0.017
3376,0.0001,-27.25,101.75,4854.0,2014-03-08T00:23:54Z,2014-03-08T00:26:42Z,4000000000.0,1388.9,287.23,2014-03-08T00:39:30Z,2014-03-08T00:42:16Z,0,133.4,16.0,133.4,16.0,133.4,14.9,139.6,14.7,110.7,0.536,105.7,0.301,100.7,0.17,95.7,0.0953,90.7,0.0536,85.7,0.0301,80.7,0.017
3250,0.0001,-27.25,101.75,4854.0,2014-03-08T00:23:54Z,2014-03-08T00:26:42Z,4000000000.0,2424.0,233.71,2014-03-08T00:51:02Z,2014-03-08T00:53:59Z,1,135.8,16.0,135.8,16.0,135.8,14.9,142.1,14.7,108.3,0.351,103.3,0.197,98.3,0.111,93.3,0.0624,88.3,0.0351,83.3,0.0197,78.3,0.0111
3274,0.0001,-27.25,101.75,4854.0,2014-03-08T00:23:54Z,2014-03-08T00:26:42Z,4000000000.0,3873.3,276.51,2014-03-08T01:07:16Z,2014-03-08T01:10:17Z,1,137.8,16.0,137.8,16.0,137.8,14.9,144.1,14.7,106.2,0.238,101.2,0.134,96.2,0.0754,91.2,0.0424,86.2,0.0238,81.2,0.0134,76.2,0.00754
3275,0.0001,-27.25,101.75,4854.0,2014-03-08T00:23:54Z,2014-03-08T00:26:42Z,4000000000.0,3871.5,276.54,2014-03-08T01:07:14Z,2014-03-08T01:10:16Z,1,137.8,16.0,137.8,16.0,137.8,14.9,144.1,14.7,106.2,0.239,101.2,0.134,96.2,0.0754,91.2,0.0424,86.2,0.0239,81.2,0.0134,76.2,0.00754
H01W,5e-05,-26.75,98.25,5057.0,2014-03-08T00:26:26Z,2014-03-08T00:26:26Z,4000000000.0,1769.3,296.84,2014-03-08T00:46:11Z,2014-03-08T00:46:23Z,0,134.4,12.5,134.4,12.5,134.4,11.0,140.7,10.7,109.6,0.448,104.6,0.252,99.6,0.142,94.6,0.0797,89.6,0.0448,84.6,0.0252,79.6,0.0142
H08S,5e-05,-26.75,98.25,5057.0,2014-03-08T00:26:26Z,2014-03-08T00:26:26Z,4000000000.0,3443.5,130.75,2014-03-08T01:04:53Z,2014-03-08T01:05:15Z,0,138.8,12.2,138.8,10.7,138.9,11.0,141.6,10.7,106.2,0.248,101.2,0.139,96.2,0.0783,91.2,0.0441,86.2,0.0248,81.2,0.0139,76.2,0.00783
3315,5e-05,-26.75,98.25,5057.0,2014-03-08T00:26:26Z,2014-03-08T00:26:26Z,4000000000.0,1722.7,285.42,2014-03-08T00:45:40Z,2014-03-08T00:45:51Z,0,134.3,16.0,134.3,16.0,134.3,14.9,140.6,14.7,109.8,0.457,104.8,0.257,99.8,0.145,94.8,0.0813,89.8,0.0457,84.8,0.0257,79.8,0.0145
3376,5e-05,-26.75,98.25,5057.0,2014-03-08T00:26:26Z,2014-03-08T00:26:26Z,4000000000.0,1723.2,285.32,2014-03-08T00:45:40Z,2014-03-08T00:45:51Z,0,134.3,16.0,134.3,16.0,134.3,14.9,140.6,14.7,109.7,0.457,104.7,0.257,99.7,0.145,94.7,0.0813,89.7,0.0457,84.7,0.0257,79.7,0.0145
3250,5e-05,-26.75,98.25,5057.0,2014-03-08T00:26:26Z,2014-03-08T00:26:26Z,4000000000.0,2680.0,238.81,2014-03-08T00:56:22Z,2014-03-08T00:56:39Z,1,136.2,16.0,136.2,16.0,136.2,14.9,142.5,14.7,107.8,0.324,102.8,0.182,97.8,0.102,92.8,0.0575,87.8,0.0324,82.8,0.0182,77.8,0.0102
3274,5e-05,-26.75,98.25,5057.0,2014-03-08T00:26:26Z,2014-03-08T00:26:26Z,4000000000.0,4201.3,275.26,2014-03-08T01:13:21Z,2014-03-08T01:13:48Z,1,138.2,16.0,138.2,16.0,138.2,14.9,144.4,14.7,105.9,0.222,100.9,0.125,95.9,0.0703,90.9,0.0396,85.9,0.0222,80.9,0.0125,75.9,0.00703
3275,5e-05,-26.75,98.25,5057.0,2014-03-08T00:26:26Z,2014-03-08T00:26:26Z,4000000000.0,4199.5,275.29,2014-03-08T01:13:20Z,2014-03-08T01:13:47Z,1,138.2,16.0,138.2,16.0,138.2,14.9,144.4,14.7,105.9,0.223,100.9,0.125,95.9,0.0704,90.9,0.0396,85.9,0.0223,80.9,0.0125,75.9,0.00704
H01W,5e-05,-26.75,98.75,4056.0,2014-03-08T00:34:50Z,2014-03-08T00:34:50Z,4000000000.0,1708.1,297.93,2014-03-08T00:53:55Z,2014-03-08T00:54:06Z,0,134.3,12.5,134.3,12.5,134.3,11.0,140.5,10.7,109.8,0.46,104.8,0.259,99.8,0.145,94.8,0.0818,89.8,0.046,84.8,0.0259,79.8,0.0145
H08S,5e-05,-26.75,98.75,4056.0,2014-03-08T00:34:50Z,2014-03-08T00:34:50Z,4000000000.0,3506.2,130.24,2014-03-08T01:14:00Z,2014-03-08T01:14:22Z,0,138.9,12.2,138.9,10.7,138.9,11.0,141.7,10.7,106.1,0.244,101.1,0.137,96.1,0.0772,91.1,0.0434,86.1,0.0244,81.1,0.0137,76.1,0.00772
3315,5e-05,-26.75,98.75,4056.0,2014-03-08T00:34:50Z,2014-03-08T00:34:50Z,4000000000.0,1656.3,286.09,2014-03-08T00:53:20Z,2014-03-08T00:53:31Z,0,134.1,16.0,134.1,16.0,134.1,14.9,140.4,14.7,109.9,0.471,104.9,0.265,99.9,0.149,94.9,0.0837,89.9,0.0471,84.9,0.0265,79.9,0.0149
3376,5e-05,-26.75,98.75,4056.0,2014-03-08T00:34:50Z,2014-03-08T00:34:50Z,4000000000.0,1656.7,285.99,2014-03-08T00:53:21Z,2014-03-08T00:53:31Z,0,134.1,16.0,134.1,16.0,134.1,14.9,140.4,14.7,109.9,0.471,104.9,0.265,99.9,0.149,94.9,0.0837,89.9,0.0471,84.9,0.0265,79.9,0.0149
3250,5e-05,-26.75,98.75,4056.0,2014-03-08T00:34:50Z,2014-03-08T00:34:50Z,4000000000.0,2620.3,238.03,2014-03-08T01:04:06Z,2014-03-08T01:04:23Z,1,136.1,16.0,136.1,16.0,136.1,14.9,142.4,14.7,107.9,0.33,102.9,0.185,97.9,0.104,92.9,0.0586,87.9,0.033,82.9,0.0185,77.9,0.0104
3274,5e-05,-26.75,98.75,4056.0,2014-03-08T00:34:50Z,2014-03-08T00:34:50Z,4000000000.0,4137.1,275.65,2014-03-08T01:21:03Z,2014-03-08T01:21:29Z,1,138.1,16.0,138.1,16.0,138.1,14.9,144.4,14.7,105.9,0.225,100.9,0.127,95.9,0.0713,90.9,0.0401,85.9,0.0225,80.9,0.0127,75.9,0.00713
3275,5e-05,-26.75,98.75,4056.0,2014-03-08T00:34:50Z,2014-03-08T00:34:50Z,4000000000.0,4135.2,275.67,2014-03-08T01:21:02Z,2014-03-08T01:21:28Z,1,138.1,16.0,138.1,16.0,138.1,14.9,144.4,14.7,105.9,0.225,100.9,0.127,95.9,0.0713,90.9,0.0401,85.9,0.0225,80.9,0.0127,75.9,0.00713
H01W,5e-05,-26.75,100.75,4569.0,2014-03-08T00:49:17Z,2014-03-08T00:49:17Z,4000000000.0,1557.1,301.16,2014-03-08T01:06:41Z,2014-03-08T01:06:51Z,0,133.8,12.5,133.8,12.5,133.8,11.0,140.1,10.7,110.2,0.493,105.2,0.277,100.2,0.156,95.2,0.0877,90.2,0.0493,85.2,0.0277,80.2,0.0156
H08S,5e-05,-26.75,100.75,4569.0,2014-03-08T00:49:17Z,2014-03-08T00:49:17Z,4000000000.0,3665.4,128.96,2014-03-08T01:30:14Z,2014-03-08T01:30:37Z,0,139.1,12.2,139.1,10.7,139.1,11.0,141.8,10.7,105.9,0.235,100.9,0.132,95.9,0.0743,90.9,0.0418,85.9,0.0235,80.9,0.0132,75.9,0.00743
3315,5e-05,-26.75,100.75,4569.0,2014-03-08T00:49:17Z,2014-03-08T00:49:17Z,4000000000.0,1489.4,288.18,2014-03-08T01:05:55Z,2014-03-08T01:06:05Z,0,133.7,16.0,133.7,16.0,133.7,14.9,139.9,14.7,110.4,0.509,105.4,0.286,100.4,0.161,95.4,0.0906,90.4,0.0509,85.4,0.0286,80.4,0.0161
3376,5e-05,-26.75,100.75,4569.0,2014-03-08T00:49:17Z,2014-03-08T00:49:17Z,4000000000.0,1489.7,288.06,2014-03-08T01:05:56Z,2014-03-08T01:06:05Z,0,133.7,16.0,133.7,16.0,133.7,14.9,139.9,14.7,110.4,0.509,105.4,0.286,100.4,0.161,95.4,0.0906,90.4,0.0509,85.4,0.0286,80.4,0.0161
3250,5e-05,-26.75,100.75,4569.0,2014-03-08T00:49:17Z,2014-03-08T00:49:17Z,4000000000.0,2469.4,235.93,2014-03-08T01:16:52Z,2014-03-08T01:17:08Z,1,135.9,16.0,135.9,16.0,135.9,14.9,142.1,14.7,108.2,0.346,103.2,0.194,98.2,0.109,93.2,0.0615,88.2,0.0346,83.2,0.0194,78.2,0.0109
3274,5e-05,-26.75,100.75,4569.0,2014-03-08T00:49:17Z,2014-03-08T00:49:17Z,4000000000.0,3975.5,276.71,2014-03-08T01:33:42Z,2014-03-08T01:34:07Z,1,137.9,16.0,137.9,16.0,137.9,14.9,144.2,14.7,106.1,0.233,101.1,0.131,96.1,0.0737,91.1,0.0415,86.1,0.0233,81.1,0.0131,76.1,0.00737
3275,5e-05,-26.75,100.75,4569.0,2014-03-08T00:49:17Z,2014-03-08T00:49:17Z,4000000000.0,3973.6,276.73,2014-03-08T01:33:40Z,2014-03-08T01:34:06Z,1,137.9,16.0,137.9,16.0,137.9,14.9,144.2,14.7,106.1,0.233,101.1,0.131,96.1,0.0738,91.1,0.0415,86.1,0.0233,81.1,0.0131,76.1,0.00738
H01W,0.0001,-26.75,101.25,4638.0,2014-03-08T00:42:29Z,2014-03-08T00:52:38Z,4000000000.0,1546.2,302.59,2014-03-08T00:59:52Z,2014-03-08T01:09:58Z,0,133.8,12.5,133.8,12.5,133.8,11.0,140.1,10.7,110.2,0.496,105.2,0.279,100.2,0.157,95.2,0.0881,90.2,0.0496,85.2,0.0279,80.2,0.0157
H08S,0.0001,-26.75,101.25,4638.0,2014-03-08T00:42:29Z,2014-03-08T00:52:38Z,4000000000.0,3682.1,128.36,2014-03-08T01:23:32Z,2014-03-08T01:34:15Z,0,139.1,12.2,139.1,10.7,139.2,11.0,141.9,10.7,105.9,0.234,100.9,0.132,95.9,0.0741,90.9,0.0416,85.9,0.0234,80.9,0.0132,75.9,0.00741
3315,0.0001,-26.75,101.25,4638.0,2014-03-08T00:42:29Z,2014-03-08T00:52:38Z,4000000000.0,1470.2,289.54,2014-03-08T00:58:59Z,2014-03-08T01:09:09Z,0,133.6,16.0,133.6,16.0,133.6,14.9,139.9,14.7,110.4,0.514,105.4,0.289,100.4,0.163,95.4,0.0915,90.4,0.0514,85.4,0.0289,80.4,0.0163
3376,0.0001,-26.75,101.25,4638.0,2014-03-08T00:42:29Z,2014-03-08T00:52:38Z,4000000000.0,1470.4,289.42,2014-03-08T00:58:59Z,2014-03-08T01:09:09Z,0,133.6,16.0,133.6,16.0,133.6,14.9,139.9,14.7,110.4,0.514,105.4,0.289,100.4,0.163,95.4,0.0914,90.4,0.0514,85.4,0.0289,80.4,0.0163
3250,0.0001,-26.75,101.25,4638.0,2014-03-08T00:42:29Z,2014-03-08T00:52:38Z,4000000000.0,2429.9,236.07,2014-03-08T01:09:31Z,2014-03-08T01:20:09Z,1,135.8,16.0,135.8,16.0,135.8,14.9,142.1,14.7,108.3,0.35,103.3,0.197,98.3,0.111,93.3,0.0623,88.3,0.035,83.3,0.0197,78.3,0.0111
3274,0.0001,-26.75,101.25,4638.0,2014-03-08T00:42:29Z,2014-03-08T00:52:38Z,4000000000.0,3958.5,277.27,2014-03-08T01:26:47Z,2014-03-08T01:37:12Z,1,137.9,16.0,137.9,16.0,137.9,14.9,144.2,14.7,106.1,0.234,101.1,0.132,96.1,0.074,91.1,0.0416,86.1,0.0234,81.1,0.0132,76.1,0.0074
3275,0.0001,-26.75,101.25,4638.0,2014-03-08T00:42:29Z,2014-03-08T00:52:38Z,4000000000.0,3956.7,277.29,2014-03-08T01:26:46Z,2014-03-08T01:37:10Z,1,137.9,16.0,137.9,16.0,137.9,14.9,144.2,14.7,106.1,0.234,101.1,0.132,96.1,0.074,91.1,0.0416,86.1,0.0234,81.1,0.0132,76.1,0.0074
H01W,5e-05,-26.75,102.25,4996.0,2014-03-08T00:21:21Z,2014-03-08T00:21:21Z,4000000000.0,1449.6,304.38,2014-03-08T00:37:32Z,2014-03-08T00:37:41Z,0,133.5,12.5,133.5,12.5,133.5,11.0,139.8,10.7,110.5,0.52,105.5,0.292,100.5,0.164,95.5,0.0924,90.5,0.052,85.5,0.0292,80.5,0.0164
H08S,5e-05,-26.75,102.25,4996.0,2014-03-08T00:21:21Z,2014-03-08T00:21:21Z,4000000000.0,3785.5,127.91,2014-03-08T01:03:38Z,2014-03-08T01:04:02Z,0,139.2,12.2,139.2,10.7,139.3,11.0,142.0,10.7,105.8,0.229,100.8,0.129,95.8,0.0723,90.8,0.0407,85.8,0.0229,80.8,0.0129,75.8,0.00723
3315,5e-05,-26.75,102.25,4996.0,2014-03-08T00:21:21Z,2014-03-08T00:21:21Z,4000000000.0,1365.5,290.48,2014-03-08T00:36:36Z,2014-03-08T00:36:45Z,0,133.3,16.0,133.3,16.0,133.3,14.9,139.6,14.7,110.8,0.543,105.8,0.305,100.8,0.172,95.8,0.0965,90.8,0.0543,85.8,0.0305,80.8,0.0172
3376,5e-05,-26.75,102.25,4996.0,2014-03-08T00:21:21Z,2014-03-08T00:21:21Z,4000000000.0,1365.7,290.34,2014-03-08T00:36:36Z,2014-03-08T00:36:45Z,0,133.3,16.0,133.3,16.0,133.3,14.9,139.6,14.7,110.8,0.543,105.8,0.305,100.8,0.172,95.8,0.0965,90.8,0.0543,85.8,0.0305,80.8,0.0172
3250,5e-05,-26.75,102.25,4996.0,2014-03-08T00:21:21Z,2014-03-08T00:21:21Z,4000000000.0,2350.2,234.32,2014-03-08T00:47:36Z,2014-03-08T00:47:51Z,1,135.6,16.0,135.6,16.0,135.6,14.9,141.9,14.7,108.4,0.359,103.4,0.202,98.4,0.114,93.4,0.0639,88.4,0.0359,83.4,0.0202,78.4,0.0114
3274,5e-05,-26.75,102.25,4996.0,2014-03-08T00:21:21Z,2014-03-08T00:21:21Z,4000000000.0,3855.2,277.71,2014-03-08T01:04:25Z,2014-03-08T01:04:49Z,1,137.8,16.0,137.8,16.0,137.8,14.9,144.1,14.7,106.3,0.239,101.3,0.135,96.3,0.0757,91.3,0.0426,86.3,0.0239,81.3,0.0135,76.3,0.00757
3275,5e-05,-26.75,102.25,4996.0,2014-03-08T00:21:21Z,2014-03-08T00:21:21Z,4000000000.0,3853.4,277.73,2014-03-08T01:04:23Z,2014-03-08T01:04:48Z,1,137.8,16.0,137.8,16.0,137.8,14.9,144.1,14.7,106.3,0.239,101.3,0.135,96.3,0.0757,91.3,0.0426,86.3,0.0239,81.3,0.0135,76.3,0.00757
H01W,0.0001,-26.75,102.75,4984.0,2014-03-08T00:34:43Z,2014-03-08T00:50:48Z,4000000000.0,1409.6,306.03,2014-03-08T00:50:29Z,2014-03-08T01:06:41Z,0,133.4,12.5,133.4,12.5,133.4,11.0,139.7,10.7,110.6,0.53,105.6,0.298,100.6,0.168,95.6,0.0943,90.6,0.053,85.6,0.0298,80.6,0.0168
H08S,0.0001,-26.75,102.75,4984.0,2014-03-08T00:34:43Z,2014-03-08T00:50:48Z,4000000000.0,3833.7,127.42,2014-03-08T01:17:29Z,2014-03-08T01:34:06Z,0,139.3,12.2,139.3,10.7,139.3,11.0,142.0,10.7,105.7,0.226,100.7,0.127,95.7,0.0716,90.7,0.0402,85.7,0.0226,80.7,0.0127,75.7,0.00716
3315,0.0001,-26.75,102.75,4984.0,2014-03-08T00:34:43Z,2014-03-08T00:50:48Z,4000000000.0,1316.8,291.77,2014-03-08T00:49:30Z,2014-03-08T01:05:35Z,0,133.1,16.0,133.1,16.0,133.1,14.9,139.4,14.7,110.9,0.557,105.9,0.313,100.9,0.176,95.9,0.0991,90.9,0.0557,85.9,0.0313,80.9,0.0176
3376,0.0001,-26.75,102.75,4984.0,2014-03-08T00:34:43Z,2014-03-08T00:50:48Z,4000000000.0,1316.9,291.63,2014-03-08T00:49:30Z,2014-03-08T01:05:35Z,0,133.1,16.0,133.1,16.0,133.1,14.9,139.4,14.7,110.9,0.557,105.9,0.313,100.9,0.176,95.9,0.0991,90.9,0.0557,85.9,0.0313,80.9,0.0176
3250,0.0001,-26.75,102.75,4984.0,2014-03-08T00:34:43Z,2014-03-08T00:50:48Z,4000000000.0,2298.3,233.71,2014-03-08T01:00:34Z,2014-03-08T01:16:33Z,1,135.5,16.0,135.5,16.0,135.5,14.9,141.8,14.7,108.5,0.366,103.5,0.206,98.5,0.116,93.5,0.0651,88.5,0.0366,83.5,0.0206,78.5,0.0116
3274,0.0001,-26.75,102.75,4984.0,2014-03-08T00:34:43Z,2014-03-08T00:50:48Z,4000000000.0,3807.8,278.22,2014-03-08T01:17:19Z,2014-03-08T01:33:41Z,1,137.7,16.0,137.7,16.0,137.7,14.9,144.0,14.7,106.3,0.242,101.3,0.136,96.3,0.0765,91.3,0.043,86.3,0.0242,81.3,0.0136,76.3,0.00765
3275,0.0001,-26.75,102.75,4984.0,2014-03-08T00:34:43Z,2014-03-08T00:50:48Z,4000000000.0,3806.0,278.24,2014-03-08T01:17:18Z,2014-03-08T01:33:40Z,1,137.7,16.0,137.7,16.0,137.7,14.9,144.0,14.7,106.3,0.242,101.3,0.136,96.3,0.0765,91.3,0.043,86.3,0.0242,81.3,0.0136,76.3,0.00765
H01W,0.0001,-26.25,101.25,4552.0,2014-03-08T00:51:18Z,2014-03-08T00:54:16Z,4000000000.0,1558.1,304.7,2014-03-08T01:08:38Z,2014-03-08T01:11:54Z,0,133.9,12.5,133.9,12.5,133.9,11.0,140.1,10.7,110.2,0.493,105.2,0.277,100.2,0.156,95.2,0.0876,90.2,0.0493,85.2,0.0277,80.2,0.0156
H08S,0.0001,-26.25,101.25,4552.0,2014-03-08T00:51:18Z,2014-03-08T00:54:16Z,4000000000.0,3681.3,127.41,2014-03-08T01:32:27Z,2014-03-08T01:35:45Z,0,139.1,12.2,139.1,10.7,139.2,11.0,141.9,10.7,105.9,0.234,100.9,0.132,95.9,0.0741,90.9,0.0417,85.9,0.0234,80.9,0.0132,75.9,0.00741
3315,0.0001,-26.25,101.25,4552.0,2014-03-08T00:51:18Z,2014-03-08T00:54:16Z,4000000000.0,1469.3,291.82,2014-03-08T01:07:41Z,2014-03-08T01:10:51Z,0,133.6,16.0,133.6,16.0,133.6,14.9,139.9,14.7,110.4,0.515,105.4,0.289,100.4,0.163,95.4,0.0915,90.4,0.0515,85.4,0.0289,80.4,0.0163
3376,0.0001,-26.25,101.25,4552.0,2014-03-08T00:51:18Z,2014-03-08T00:54:16Z,4000000000.0,1469.3,291.7,2014-03-08T01:07:41Z,2014-03-08T01:10:51Z,0,133.6,16.0,133.6,16.0,133.6,14.9,139.9,14.7,110.4,0.515,105.4,0.289,100.4,0.163,95.4,0.0915,90.4,0.0515,85.4,0.0289,80.4,0.0163
3250,0.0001,-26.25,101.25,4552.0,2014-03-08T00:51:18Z,2014-03-08T00:54:16Z,4000000000.0,2382.6,236.89,2014-03-08T01:18:02Z,2014-03-08T01:21:00Z,1,135.7,16.0,135.7,16.0,135.7,14.9,142.0,14.7,108.3,0.356,103.3,0.2,98.3,0.112,93.3,0.0632,88.3,0.0356,83.3,0.02,78.3,0.0112
3274,0.0001,-26.25,101.25,4552.0,2014-03-08T00:51:18Z,2014-03-08T00:54:16Z,4000000000.0,3960.2,278.16,2014-03-08T01:35:30Z,2014-03-08T01:38:57Z,1,137.9,16.0,137.9,16.0,137.9,14.9,144.2,14.7,106.1,0.234,101.1,0.132,96.1,0.074,91.1,0.0416,86.1,0.0234,81.1,0.0132,76.1,0.0074
3275,0.0001,-26.25,101.25,4552.0,2014-03-08T00:51:18Z,2014-03-08T00:54:16Z,4000000000.0,3958.3,278.19,2014-03-08T01:35:29Z,2014-03-08T01:38:56Z,1,137.9,16.0,137.9,16.0,137.9,14.9,144.2,14.7,106.1,0.234,101.1,0.132,96.1,0.074,91.1,0.0416,86.1,0.0234,81.1,0.0132,76.1,0.0074
H01W,5e-05,-26.25,103.25,5193.0,2014-03-08T00:47:07Z,2014-03-08T00:47:07Z,4000000000.0,1446.3,309.83,2014-03-08T01:03:17Z,2014-03-08T01:03:26Z,0,133.5,12.5,133.5,12.5,133.5,11.0,139.8,10.7,110.5,0.521,105.5,0.293,100.5,0.165,95.5,0.0926,90.5,0.0521,85.5,0.0293,80.5,0.0165
H08S,5e-05,-26.25,103.25,5193.0,2014-03-08T00:47:07Z,2014-03-08T00:47:07Z,4000000000.0,3824.8,125.82,2014-03-08T01:29:51Z,2014-03-08T01:30:15Z,0,139.2,12.2,139.2,10.7,139.3,11.0,142.0,10.7,105.8,0.227,100.8,0.128,95.8,0.0717,90.8,0.0403,85.8,0.0227,80.8,0.0128,75.8,0.00717
3315,5e-05,-26.25,103.25,5193.0,2014-03-08T00:47:07Z,2014-03-08T00:47:07Z,4000000000.0,1330.0,296.13,2014-03-08T01:01:59Z,2014-03-08T01:02:07Z,0,133.2,16.0,133.2,16.0,133.2,14.9,139.4,14.7,110.9,0.553,105.9,0.311,100.9,0.175,95.9,0.0984,90.9,0.0553,85.9,0.0311,80.9,0.0175
3376,5e-05,-26.25,103.25,5193.0,2014-03-08T00:47:07Z,2014-03-08T00:47:07Z,4000000000.0,1329.9,295.99,2014-03-08T01:01:59Z,2014-03-08T01:02:07Z,0,133.2,16.0,133.2,16.0,133.2,14.9,139.4,14.7,110.9,0.553,105.9,0.311,100.9,0.175,95.9,0.0984,90.9,0.0553,85.9,0.0311,80.9,0.0175
3250,5e-05,-26.25,103.25,5193.0,2014-03-08T00:47:07Z,2014-03-08T00:47:07Z,4000000000.0,2219.7,235.35,2014-03-08T01:11:55Z,2014-03-08T01:12:09Z,1,135.4,16.0,135.4,16.0,135.4,14.9,141.7,14.7,108.6,0.376,103.6,0.211,98.6,0.119,93.6,0.0669,88.6,0.0376,83.6,0.0211,78.6,0.0119
3274,5e-05,-26.25,103.25,5193.0,2014-03-08T00:47:07Z,2014-03-08T00:47:07Z,4000000000.0,3821.7,279.81,2014-03-08T01:29:49Z,2014-03-08T01:30:13Z,1,137.7,16.0,137.7,16.0,137.7,14.9,144.0,14.7,106.3,0.241,101.3,0.136,96.3,0.0763,91.3,0.0429,86.3,0.0241,81.3,0.0136,76.3,0.00763
3275,5e-05,-26.25,103.25,5193.0,2014-03-08T00:47:07Z,2014-03-08T00:47:07Z,4000000000.0,3819.9,279.84,2014-03-08T01:29:48Z,2014-03-08T01:30:12Z,1,137.7,16.0,137.7,16.0,137.7,14.9,144.0,14.7,106.3,0.241,101.3,0.136,96.3,0.0763,91.3,0.0429,86.3,0.0241,81.3,0.0136,76.3,0.00763
H01W,5e-05,-26.25,103.75,4924.0,2014-03-08T00:45:04Z,2014-03-08T00:45:04Z,4000000000.0,1356.7,310.78,2014-03-08T01:00:13Z,2014-03-08T01:00:22Z,0,133.3,12.5,133.3,12.5,133.3,11.0,139.5,10.7,110.8,0.545,105.8,0.307,100.8,0.172,95.8,0.097,90.8,0.0545,85.8,0.0307,80.8,0.0172
H08S,5e-05,-26.25,103.75,4924.0,2014-03-08T00:45:04Z,2014-03-08T00:45:04Z,4000000000.0,3916.9,125.95,2014-03-08T01:28:49Z,2014-03-08T01:29:14Z,0,139.4,12.2,139.4,10.7,139.4,11.0,142.1,10.7,105.7,0.222,100.7,0.125,95.7,0.0703,90.7,0.0395,85.7,0.0222,80.7,0.0125,75.7,0.00703
3315,5e-05,-26.25,103.75,4924.0,2014-03-08T00:45:04Z,2014-03-08T00:45:04Z,4000000000.0,1237.6,296.16,2014-03-08T00:58:53Z,2014-03-08T00:59:01Z,0,132.9,16.0,132.9,16.0,132.9,14.9,139.1,14.7,111.2,0.583,106.2,0.328,101.2,0.184,96.2,0.104,91.2,0.0583,86.2,0.0328,81.2,0.0184
3376,5e-05,-26.25,103.75,4924.0,2014-03-08T00:45:04Z,2014-03-08T00:45:04Z,4000000000.0,1237.4,296.01,2014-03-08T00:58:53Z,2014-03-08T00:59:01Z,0,132.9,16.0,132.9,16.0,132.9,14.9,139.1,14.7,111.2,0.583,106.2,0.328,101.2,0.184,96.2,0.104,91.2,0.0583,86.2,0.0328,81.2,0.0184
3250,5e-05,-26.25,103.75,4924.0,2014-03-08T00:45:04Z,2014-03-08T00:45:04Z,4000000000.0,2174.4,233.2,2014-03-08T01:09:21Z,2014-03-08T01:09:35Z,1,135.3,16.0,135.3,16.0,135.3,14.9,141.6,14.7,108.7,0.382,103.7,0.215,98.7,0.121,93.7,0.068,88.7,0.0382,83.7,0.0215,78.7,0.0121
3274,5e-05,-26.25,103.75,4924.0,2014-03-08T00:45:04Z,2014-03-08T00:45:04Z,4000000000.0,3729.3,279.79,2014-03-08T01:26:43Z,2014-03-08T01:27:07Z,1,137.6,16.0,137.6,16.0,137.6,14.9,143.9,14.7,106.4,0.246,101.4,0.138,96.4,0.0779,91.4,0.0438,86.4,0.0246,81.4,0.0138,76.4,0.00779
3275,5e-05,-26.25,103.75,4924.0,2014-03-08T00:45:04Z,2014-03-08T00:45:04Z,4000000000.0,3727.5,279.82,2014-03-08T01:26:42Z,2014-03-08T01:27:06Z,1,137.6,16.0,137.6,16.0,137.6,14.9,143.9,14.7,106.4,0.246,101.4,0.139,96.4,0.0779,91.4,0.0438,86.4,0.0246,81.4,0.0139,76.4,0.00779
H01W,0.0001,-25.75,100.25,2335.0,2014-03-08T00:34:16Z,2014-03-08T00:50:31Z,4000000000.0,1676.4,303.52,2014-03-08T00:53:04Z,2014-03-08T01:09:21Z,0,134.2,12.5,134.2,12.5,134.2,11.0,140.5,10.7,109.9,0.467,104.9,0.262,99.9,0.148,94.9,0.083,89.9,0.0467,84.9,0.0262,79.9,0.0148
H08S,0.0001,-25.75,100.25,2335.0,2014-03-08T00:34:16Z,2014-03-08T00:50:31Z,4000000000.0,3558.8,127.54,2014-03-08T01:13:59Z,2014-03-08T01:30:41Z,0,138.9,12.2,138.9,10.7,139.0,11.0,141.7,10.7,106.1,0.241,101.1,0.136,96.1,0.0762,91.1,0.0429,86.1,0.0241,81.1,0.0136,76.1,0.00762
3315,0.0001,-25.75,100.25,2335.0,2014-03-08T00:34:16Z,2014-03-08T00:50:31Z,4000000000.0,1591.8,291.55,2014-03-08T00:52:04Z,2014-03-08T01:08:27Z,0,133.9,16.0,133.9,16.0,133.9,14.9,140.2,14.7,110.1,0.485,105.1,0.273,100.1,0.153,95.1,0.0862,90.1,0.0485,85.1,0.0273,80.1,0.0153
3376,0.0001,-25.75,100.25,2335.0,2014-03-08T00:34:16Z,2014-03-08T00:50:31Z,4000000000.0,1591.9,291.44,2014-03-08T00:52:04Z,2014-03-08T01:08:27Z,0,133.9,16.0,133.9,16.0,133.9,14.9,140.2,14.7,110.1,0.485,105.1,0.273,100.1,0.153,95.1,0.0862,90.1,0.0485,85.1,0.0273,80.1,0.0153
3250,0.0001,-25.75,100.25,2335.0,2014-03-08T00:34:16Z,2014-03-08T00:50:31Z,4000000000.0,2461.7,239.17,2014-03-08T01:01:35Z,2014-03-08T01:18:27Z,1,135.8,16.0,135.8,16.0,135.8,14.9,142.1,14.7,108.2,0.346,103.2,0.195,98.2,0.11,93.2,0.0616,88.2,0.0346,83.2,0.0195,78.2,0.011
3274,0.0001,-25.75,100.25,2335.0,2014-03-08T00:34:16Z,2014-03-08T00:50:31Z,4000000000.0,4082.4,277.99,2014-03-08T01:19:54Z,2014-03-08T01:36:31Z,1,138.0,16.0,138.0,16.0,138.0,14.9,144.3,14.7,106.0,0.228,101.0,0.128,96.0,0.0721,91.0,0.0405,86.0,0.0228,81.0,0.0128,76.0,0.00721
3275,0.0001,-25.75,100.25,2335.0,2014-03-08T00:34:16Z,2014-03-08T00:50:31Z,4000000000.0,4080.6,278.02,2014-03-08T01:19:53Z,2014-03-08T01:36:30Z,1,138.0,16.0,138.0,16.0,138.0,14.9,144.3,14.7,106.0,0.228,101.0,0.128,96.0,0.0721,91.0,0.0406,86.0,0.0228,81.0,0.0128,76.0,0.00721
H01W,5e-05,-25.75,100.75,2153.0,2014-03-08T00:31:27Z,2014-03-08T00:31:27Z,4000000000.0,1658.8,304.58,2014-03-08T00:49:59Z,2014-03-08T00:50:09Z,0,134.1,12.5,134.1,12.5,134.1,11.0,140.4,10.7,109.9,0.47,104.9,0.264,99.9,0.149,94.9,0.0836,89.9,0.047,84.9,0.0264,79.9,0.0149
H08S,5e-05,-25.75,100.75,2153.0,2014-03-08T00:31:27Z,2014-03-08T00:31:27Z,4000000000.0,3582.2,127.1,2014-03-08T01:11:28Z,2014-03-08T01:11:50Z,0,139.0,12.2,139.0,10.7,139.0,11.0,141.7,10.7,106.0,0.24,101.0,0.135,96.0,0.0758,91.0,0.0426,86.0,0.024,81.0,0.0135,76.0,0.00758
3315,5e-05,-25.75,100.75,2153.0,2014-03-08T00:31:27Z,2014-03-08T00:31:27Z,4000000000.0,1568.3,292.52,2014-03-08T00:48:58Z,2014-03-08T00:49:08Z,0,133.9,16.0,133.9,16.0,133.9,14.9,140.2,14.7,110.2,0.49,105.2,0.276,100.2,0.155,95.2,0.0872,90.2,0.049,85.2,0.0276,80.2,0.0155
3376,5e-05,-25.75,100.75,2153.0,2014-03-08T00:31:27Z,2014-03-08T00:31:27Z,4000000000.0,1568.3,292.4,2014-03-08T00:48:58Z,2014-03-08T00:49:08Z,0,133.9,16.0,133.9,16.0,133.9,14.9,140.2,14.7,110.2,0.49,105.2,0.276,100.2,0.155,95.2,0.0872,90.2,0.049,85.2,0.0276,80.2,0.0155
3250,5e-05,-25.75,100.75,2153.0,2014-03-08T00:31:27Z,2014-03-08T00:31:27Z,4000000000.0,2426.6,239.1,2014-03-08T00:58:33Z,2014-03-08T00:58:49Z,1,135.8,16.0,135.8,16.0,135.8,14.9,142.1,14.7,108.3,0.35,103.3,0.197,98.3,0.111,93.3,0.0623,88.3,0.035,83.3,0.0197,78.3,0.0111
3274,5e-05,-25.75,100.75,2153.0,2014-03-08T00:31:27Z,2014-03-08T00:31:27Z,4000000000.0,4059.7,278.4,2014-03-08T01:16:48Z,2014-03-08T01:17:14Z,1,138.0,16.0,138.0,16.0,138.0,14.9,144.3,14.7,106.0,0.229,101.0,0.129,96.0,0.0724,91.0,0.0407,86.0,0.0229,81.0,0.0129,76.0,0.00724
3275,5e-05,-25.75,100.75,2153.0,2014-03-08T00:31:27Z,2014-03-08T00:31:27Z,4000000000.0,4057.9,278.42,2014-03-08T01:16:47Z,2014-03-08T01:17:12Z,1,138.0,16.0,138.0,16.0,138.0,14.9,144.3,14.7,106.0,0.229,101.0,0.129,96.0,0.0725,91.0,0.0407,86.0,0.0229,81.0,0.0129,76.0,0.00725
H01W,5e-05,-25.75,101.75,4642.0,2014-03-08T00:45:17Z,2014-03-08T00:45:17Z,4000000000.0,1564.1,306.1,2014-03-08T01:02:45Z,2014-03-08T01:02:55Z,0,133.9,12.5,133.9,12.5,133.9,11.0,140.2,10.7,110.2,0.491,105.2,0.276,100.2,0.155,95.2,0.0874,90.2,0.0491,85.2,0.0276,80.2,0.0155
H08S,5e-05,-25.75,101.75,4642.0,2014-03-08T00:45:17Z,2014-03-08T00:45:17Z,4000000000.0,3684.1,126.78,2014-03-08T01:26:26Z,2014-03-08T01:26:49Z,0,139.1,12.2,139.1,10.7,139.2,11.0,141.9,10.7,105.9,0.234,100.9,0.132,95.9,0.074,90.9,0.0416,85.9,0.0234,80.9,0.0132,75.9,0.0074
3315,5e-05,-25.75,101.75,4642.0,2014-03-08T00:45:17Z,2014-03-08T00:45:17Z,4000000000.0,1466.8,293.33,2014-03-08T01:01:40Z,2014-03-08T01:01:49Z,0,133.6,16.0,133.6,16.0,133.6,14.9,139.9,14.7,110.4,0.515,105.4,0.29,100.4,0.163,95.4,0.0916,90.4,0.0515,85.4,0.029,80.4,0.0163
3376,5e-05,-25.75,101.75,4642.0,2014-03-08T00:45:17Z,2014-03-08T00:45:17Z,4000000000.0,1466.8,293.2,2014-03-08T01:01:40Z,2014-03-08T01:01:49Z,0,133.6,16.0,133.6,16.0,133.6,14.9,139.9,14.7,110.4,0.515,105.4,0.29,100.4,0.163,95.4,0.0916,90.4,0.0515,85.4,0.029,80.4,0.0163
3250,5e-05,-25.75,101.75,4642.0,2014-03-08T00:45:17Z,2014-03-08T00:45:17Z,4000000000.0,2350.0,237.39,2014-03-08T01:11:32Z,2014-03-08T01:11:47Z,1,135.6,16.0,135.6,16.0,135.6,14.9,141.9,14.7,108.4,0.359,103.4,0.202,98.4,0.114,93.4,0.0639,88.4,0.0359,83.4,0.0202,78.4,0.0114
3274,5e-05,-25.75,101.75,4642.0,2014-03-08T00:45:17Z,2014-03-08T00:45:17Z,4000000000.0,3958.6,278.75,2014-03-08T01:29:30Z,2014-03-08T01:29:55Z,1,137.9,16.0,137.9,16.0,137.9,14.9,144.2,14.7,106.1,0.234,101.1,0.132,96.1,0.074,91.1,0.0416,86.1,0.0234,81.1,0.0132,76.1,0.0074
3275,5e-05,-25.75,101.75,4642.0,2014-03-08T00:45:17Z,2014-03-08T00:45:17Z,4000000000.0,3956.8,278.78,2014-03-08T01:29:29Z,2014-03-08T01:29:54Z,1,137.9,16.0,137.9,16.0,137.9,14.9,144.2,14.7,106.1,0.234,101.1,0.132,96.1,0.074,91.1,0.0416,86.1,0.0234,81.1,0.0132,76.1,0.0074
H01W,0.0001,-25.75,102.25,5124.0,2014-03-08T00:42:58Z,2014-03-08T00:44:56Z,4000000000.0,1523.8,308.98,2014-03-08T00:59:59Z,2014-03-08T01:02:07Z,0,133.8,12.5,133.8,12.5,133.8,11.0,140.0,10.7,110.3,0.501,105.3,0.282,100.3,0.158,95.3,0.0891,90.3,0.0501,85.3,0.0282,80.3,0.0158
H08S,0.0001,-25.75,102.25,5124.0,2014-03-08T00:42:58Z,2014-03-08T00:44:56Z,4000000000.0,3744.3,125.76,2014-03-08T01:24:45Z,2014-03-08T01:27:11Z,0,139.2,12.2,139.2,10.7,139.2,11.0,141.9,10.7,105.9,0.231,100.9,0.13,95.9,0.073,90.9,0.0411,85.9,0.0231,80.9,0.013,75.9,0.0073
3315,0.0001,-25.75,102.25,5124.0,2014-03-08T00:42:58Z,2014-03-08T00:44:56Z,4000000000.0,1410.5,295.97,2014-03-08T00:58:44Z,2014-03-08T01:00:49Z,0,133.4,16.0,133.4,16.0,133.4,14.9,139.7,14.7,110.6,0.53,105.6,0.298,100.6,0.168,95.6,0.0943,90.6,0.053,85.6,0.0298,80.6,0.0168
3376,0.0001,-25.75,102.25,5124.0,2014-03-08T00:42:58Z,2014-03-08T00:44:56Z,4000000000.0,1410.3,295.84,2014-03-08T00:58:44Z,2014-03-08T01:00:49Z,0,133.4,16.0,133.4,16.0,133.4,14.9,139.7,14.7,110.6,0.53,105.6,0.298,100.6,0.168,95.6,0.0943,90.6,0.053,85.6,0.0298,80.6,0.0168
3250,0.0001,-25.75,102.25,5124.0,2014-03-08T00:42:58Z,2014-03-08T00:44:56Z,4000000000.0,2264.1,237.1,2014-03-08T01:08:19Z,2014-03-08T01:10:24Z,1,135.5,16.0,135.5,16.0,135.5,14.9,141.8,14.7,108.6,0.37,103.6,0.208,98.6,0.117,93.6,0.0658,88.6,0.037,83.6,0.0208,78.6,0.0117
3274,0.0001,-25.75,102.25,5124.0,2014-03-08T00:42:58Z,2014-03-08T00:44:56Z,4000000000.0,3902.2,279.77,2014-03-08T01:26:34Z,2014-03-08T01:28:55Z,1,137.8,16.0,137.8,16.0,137.8,14.9,144.1,14.7,106.2,0.237,101.2,0.133,96.2,0.0749,91.2,0.0421,86.2,0.0237,81.2,0.0133,76.2,0.00749
3275,0.0001,-25.75,102.25,5124.0,2014-03-08T00:42:58Z,2014-03-08T00:44:56Z,4000000000.0,3900.5,279.8,2014-03-08T01:26:33Z,2014-03-08T01:28:54Z,1,137.8,16.0,137.8,16.0,137.8,14.9,144.1,14.7,106.2,0.237,101.2,0.133,96.2,0.075,91.2,0.0421,86.2,0.0237,81.2,0.0133,76.2,0.0075
H01W,0.0001,-25.25,99.75,3671.0,2014-03-08T00:31:00Z,2014-03-08T00:44:33Z,4000000000.0,1719.9,303.66,2014-03-08T00:50:10Z,2014-03-08T01:03:59Z,0,134.3,12.5,134.3,12.5,134.3,11.0,140.6,10.7,109.8,0.458,104.8,0.257,99.8,0.145,94.8,0.0814,89.8,0.0458,84.8,0.0257,79.8,0.0145
H08S,0.0001,-25.25,99.75,3671.0,2014-03-08T00:31:00Z,2014-03-08T00:44:33Z,4000000000.0,3516.8,127.33,2014-03-08T01:10:20Z,2014-03-08T01:24:09Z,0,138.9,12.2,138.9,10.7,139.0,11.0,141.7,10.7,106.1,0.243,101.1,0.137,96.1,0.077,91.1,0.0433,86.1,0.0243,81.1,0.0137,76.1,0.0077
3315,0.0001,-25.25,99.75,3671.0,2014-03-08T00:31:00Z,2014-03-08T00:44:33Z,4000000000.0,1633.6,292.02,2014-03-08T00:49:11Z,2014-03-08T01:03:02Z,0,134.1,16.0,134.1,16.0,134.1,14.9,140.3,14.7,110.0,0.476,105.0,0.267,100.0,0.15,95.0,0.0846,90.0,0.0476,85.0,0.0267,80.0,0.015
3376,0.0001,-25.25,99.75,3671.0,2014-03-08T00:31:00Z,2014-03-08T00:44:33Z,4000000000.0,1633.7,291.91,2014-03-08T00:49:12Z,2014-03-08T01:03:02Z,0,134.1,16.0,134.1,16.0,134.1,14.9,140.3,14.7,110.0,0.476,105.0,0.267,100.0,0.15,95.0,0.0846,90.0,0.0476,85.0,0.0267,80.0,0.015
3250,0.0001,-25.25,99.75,3671.0,2014-03-08T00:31:00Z,2014-03-08T00:44:33Z,4000000000.0,2477.5,240.14,2014-03-08T00:58:36Z,2014-03-08T01:12:33Z,1,135.9,16.0,135.9,16.0,135.9,14.9,142.1,14.7,108.2,0.345,103.2,0.194,98.2,0.109,93.2,0.0613,88.2,0.0345,83.2,0.0194,78.2,0.0109
3274,0.0001,-25.25,99.75,3671.0,2014-03-08T00:31:00Z,2014-03-08T00:44:33Z,4000000000.0,4124.6,278.16,2014-03-08T01:17:01Z,2014-03-08T01:31:07Z,1,138.1,16.0,138.1,16.0,138.1,14.9,144.4,14.7,106.0,0.226,101.0,0.127,96.0,0.0715,91.0,0.0402,86.0,0.0226,81.0,0.0127,76.0,0.00715
3275,0.0001,-25.25,99.75,3671.0,2014-03-08T00:31:00Z,2014-03-08T00:44:33Z,4000000000.0,4122.8,278.19,2014-03-08T01:17:00Z,2014-03-08T01:31:06Z,1,138.1,16.0,138.1,16.0,138.1,14.9,144.4,14.7,106.0,0.226,101.0,0.127,96.0,0.0715,91.0,0.0402,86.0,0.0226,81.0,0.0127,76.0,0.00715
H01W,5e-05,-25.25,101.75,4430.0,2014-03-08T00:32:56Z,2014-03-08T00:32:56Z,4000000000.0,1613.5,307.85,2014-03-08T00:50:58Z,2014-03-08T00:51:08Z,0,134.0,12.5,134.0,12.5,134.0,11.0,140.3,10.7,110.0,0.48,105.0,0.27,100.0,0.152,95.0,0.0854,90.0,0.048,85.0,0.027,80.0,0.0152
H08S,5e-05,-25.25,101.75,4430.0,2014-03-08T00:32:56Z,2014-03-08T00:32:56Z,4000000000.0,3649.5,125.8,2014-03-08T01:13:42Z,2014-03-08T01:14:06Z,0,139.0,12.2,139.0,10.7,139.1,11.0,141.8,10.7,106.0,0.236,101.0,0.133,96.0,0.0746,91.0,0.042,86.0,0.0236,81.0,0.0133,76.0,0.00746
3315,5e-05,-25.25,101.75,4430.0,2014-03-08T00:32:56Z,2014-03-08T00:32:56Z,4000000000.0,1504.7,295.56,2014-03-08T00:49:45Z,2014-03-08T00:49:54Z,0,133.7,16.0,133.7,16.0,133.7,14.9,140.0,14.7,110.3,0.506,105.3,0.284,100.3,0.16,95.3,0.0899,90.3,0.0506,85.3,0.0284,80.3,0.016
3376,5e-05,-25.25,101.75,4430.0,2014-03-08T00:32:56Z,2014-03-08T00:32:56Z,4000000000.0,1504.6,295.44,2014-03-08T00:49:45Z,2014-03-08T00:49:54Z,0,133.7,16.0,133.7,16.0,133.7,14.9,140.0,14.7,110.3,0.506,105.3,0.284,100.3,0.16,95.3,0.0899,90.3,0.0506,85.3,0.0284,80.3,0.016
3250,5e-05,-25.25,101.75,4430.0,2014-03-08T00:32:56Z,2014-03-08T00:32:56Z,4000000000.0,2324.0,238.98,2014-03-08T00:58:54Z,2014-03-08T00:59:09Z,1,135.6,16.0,135.6,16.0,135.6,14.9,141.9,14.7,108.5,0.363,103.5,0.204,98.5,0.115,93.5,0.0645,88.5,0.0363,83.5,0.0204,78.5,0.0115
3274,5e-05,-25.25,101.75,4430.0,2014-03-08T00:32:56Z,2014-03-08T00:32:56Z,4000000000.0,3996.6,279.63,2014-03-08T01:17:35Z,2014-03-08T01:18:00Z,1,137.9,16.0,137.9,16.0,137.9,14.9,144.2,14.7,106.1,0.232,101.1,0.131,96.1,0.0734,91.1,0.0413,86.1,0.0232,81.1,0.0131,76.1,0.00734
3275,5e-05,-25.25,101.75,4430.0,2014-03-08T00:32:56Z,2014-03-08T00:32:56Z,4000000000.0,3994.8,279.66,2014-03-08T01:17:34Z,2014-03-08T01:17:59Z,1,137.9,16.0,137.9,16.0,137.9,14.9,144.2,14.7,106.1,0.232,101.1,0.131,96.1,0.0734,91.1,0.0413,86.1,0.0232,81.1,0.0131,76.1,0.00734
H01W,5e-05,-24.75,101.25,4791.0,2014-03-08T00:30:49Z,2014-03-08T00:30:49Z,4000000000.0,1691.1,308.79,2014-03-08T00:49:43Z,2014-03-08T00:49:53Z,0,134.2,12.5,134.2,12.5,134.2,11.0,140.5,10.7,109.8,0.463,104.8,0.261,99.8,0.147,94.8,0.0824,89.8,0.0463,84.8,0.0261,79.8,0.0147
H08S,5e-05,-24.75,101.25,4791.0,2014-03-08T00:30:49Z,2014-03-08T00:30:49Z,4000000000.0,3583.8,124.98,2014-03-08T01:10:51Z,2014-03-08T01:11:14Z,0,139.0,12.2,139.0,10.7,139.0,11.0,141.7,10.7,106.0,0.24,101.0,0.135,96.0,0.0758,91.0,0.0426,86.0,0.024,81.0,0.0135,76.0,0.00758
3315,5e-05,-24.75,101.25,4791.0,2014-03-08T00:30:49Z,2014-03-08T00:30:49Z,4000000000.0,1575.1,297.15,2014-03-08T00:48:25Z,2014-03-08T00:48:35Z,0,133.9,16.0,133.9,16.0,133.9,14.9,140.2,14.7,110.1,0.489,105.1,0.275,100.1,0.155,95.1,0.0869,90.1,0.0489,85.1,0.0275,80.1,0.0155
3376,5e-05,-24.75,101.25,4791.0,2014-03-08T00:30:49Z,2014-03-08T00:30:49Z,4000000000.0,1574.9,297.03,2014-03-08T00:48:25Z,2014-03-08T00:48:35Z,0,133.9,16.0,133.9,16.0,133.9,14.9,140.2,14.7,110.1,0.489,105.1,0.275,100.1,0.155,95.1,0.0869,90.1,0.0489,85.1,0.0275,80.1,0.0155
3250,5e-05,-24.75,101.25,4791.0,2014-03-08T00:30:49Z,2014-03-08T00:30:49Z,4000000000.0,2328.3,241.04,2014-03-08T00:56:50Z,2014-03-08T00:57:05Z,1,135.6,16.0,135.6,16.0,135.6,14.9,141.9,14.7,108.4,0.362,103.4,0.204,98.4,0.115,93.4,0.0644,88.4,0.0362,83.4,0.0204,78.4,0.0115
3274,5e-05,-24.75,101.25,4791.0,2014-03-08T00:30:49Z,2014-03-08T00:30:49Z,4000000000.0,4066.1,280.3,2014-03-08T01:16:15Z,2014-03-08T01:16:40Z,1,138.0,16.0,138.0,16.0,138.0,14.9,144.3,14.7,106.0,0.229,101.0,0.129,96.0,0.0723,91.0,0.0407,86.0,0.0229,81.0,0.0129,76.0,0.00723
3275,5e-05,-24.75,101.25,4791.0,2014-03-08T00:30:49Z,2014-03-08T00:30:49Z,4000000000.0,4064.3,280.32,2014-03-08T01:16:13Z,2014-03-08T01:16:39Z,1,138.0,16.0,138.0,16.0,138.0,14.9,144.3,14.7,106.0,0.229,101.0,0.129,96.0,0.0724,91.0,0.0407,86.0,0.0229,81.0,0.0129,76.0,0.00724
H01W,5e-05,-24.75,101.75,4590.0,2014-03-08T00:46:19Z,2014-03-08T00:46:19Z,4000000000.0,1635.6,310.42,2014-03-08T01:04:35Z,2014-03-08T01:04:45Z,0,134.1,12.5,134.1,12.5,134.1,11.0,140.3,10.7,110.0,0.475,105.0,0.267,100.0,0.15,95.0,0.0845,90.0,0.0475,85.0,0.0267,80.0,0.015
H08S,5e-05,-24.75,101.75,4590.0,2014-03-08T00:46:19Z,2014-03-08T00:46:19Z,4000000000.0,3651.7,124.55,2014-03-08T01:27:06Z,2014-03-08T01:27:29Z,0,139.0,12.2,139.0,10.7,139.1,11.0,141.8,10.7,106.0,0.236,101.0,0.133,96.0,0.0746,91.0,0.0419,86.0,0.0236,81.0,0.0133,76.0,0.00746
3315,5e-05,-24.75,101.75,4590.0,2014-03-08T00:46:19Z,2014-03-08T00:46:19Z,4000000000.0,1511.3,298.44,2014-03-08T01:03:12Z,2014-03-08T01:03:21Z,0,133.7,16.0,133.7,16.0,133.7,14.9,140.0,14.7,110.3,0.504,105.3,0.283,100.3,0.159,95.3,0.0896,90.3,0.0504,85.3,0.0283,80.3,0.0159
3376,5e-05,-24.75,101.75,4590.0,2014-03-08T00:46:19Z,2014-03-08T00:46:19Z,4000000000.0,1511.0,298.32,2014-03-08T01:03:12Z,2014-03-08T01:03:21Z,0,133.7,16.0,133.7,16.0,133.7,14.9,140.0,14.7,110.3,0.504,105.3,0.283,100.3,0.159,95.3,0.0896,90.3,0.0504,85.3,0.0283,80.3,0.0159
3250,5e-05,-24.75,101.75,4590.0,2014-03-08T00:46:19Z,2014-03-08T00:46:19Z,4000000000.0,2264.6,240.17,2014-03-08T01:11:37Z,2014-03-08T01:11:51Z,1,135.5,16.0,135.5,16.0,135.5,14.9,141.8,14.7,108.6,0.37,103.6,0.208,98.6,0.117,93.6,0.0658,88.6,0.037,83.6,0.0208,78.6,0.0117
3274,5e-05,-24.75,101.75,4590.0,2014-03-08T00:46:19Z,2014-03-08T00:46:19Z,4000000000.0,4001.2,280.79,2014-03-08T01:31:01Z,2014-03-08T01:31:26Z,1,137.9,16.0,137.9,16.0,137.9,14.9,144.2,14.7,106.1,0.232,101.1,0.13,96.1,0.0733,91.1,0.0412,86.1,0.0232,81.1,0.013,76.1,0.00733
3275,5e-05,-24.75,101.75,4590.0,2014-03-08T00:46:19Z,2014-03-08T00:46:19Z,4000000000.0,3999.4,280.81,2014-03-08T01:30:59Z,2014-03-08T01:31:25Z,1,137.9,16.0,137.9,16.0,137.9,14.9,144.2,14.7,106.1,0.232,101.1,0.13,96.1,0.0734,91.1,0.0413,86.1,0.0232,81.1,0.013,76.1,0.00734
H01W,5e-05,-24.25,100.25,5562.0,2014-03-08T00:54:59Z,2014-03-08T00:54:59Z,4000000000.0,1786.3,307.08,2014-03-08T01:14:57Z,2014-03-08T01:15:08Z,0,134.4,12.5,134.4,12.5,134.4,11.0,140.7,10.7,109.6,0.445,104.6,0.25,99.6,0.141,94.6,0.0791,89.6,0.0445,84.6,0.025,79.6,0.0141
H08S,5e-05,-24.25,100.25,5562.0,2014-03-08T00:54:59Z,2014-03-08T00:54:59Z,4000000000.0,3477.6,125.32,2014-03-08T01:33:50Z,2014-03-08T01:34:12Z,0,138.8,12.2,138.8,10.7,138.9,11.0,141.6,10.7,106.2,0.246,101.2,0.138,96.2,0.0777,91.2,0.0437,86.2,0.0246,81.2,0.0138,76.2,0.00777
3315,5e-05,-24.25,100.25,5562.0,2014-03-08T00:54:59Z,2014-03-08T00:54:59Z,4000000000.0,1678.5,296.02,2014-03-08T01:13:44Z,2014-03-08T01:13:55Z,0,134.2,16.0,134.2,16.0,134.2,14.9,140.5,14.7,109.9,0.466,104.9,0.262,99.9,0.147,94.9,0.0829,89.9,0.0466,84.9,0.0262,79.9,0.0147
3376,5e-05,-24.25,100.25,5562.0,2014-03-08T00:54:59Z,2014-03-08T00:54:59Z,4000000000.0,1678.3,295.92,2014-03-08T01:13:44Z,2014-03-08T01:13:55Z,0,134.2,16.0,134.2,16.0,134.2,14.9,140.5,14.7,109.9,0.466,104.9,0.262,99.9,0.147,94.9,0.0829,89.9,0.0466,84.9,0.0262,79.9,0.0147
3250,5e-05,-24.25,100.25,5562.0,2014-03-08T00:54:59Z,2014-03-08T00:54:59Z,4000000000.0,2414.2,242.67,2014-03-08T01:21:57Z,2014-03-08T01:22:13Z,1,135.8,16.0,135.8,16.0,135.8,14.9,142.0,14.7,108.3,0.352,103.3,0.198,98.3,0.111,93.3,0.0626,88.3,0.0352,83.3,0.0198,78.3,0.0111
3274,5e-05,-24.25,100.25,5562.0,2014-03-08T00:54:59Z,2014-03-08T00:54:59Z,4000000000.0,4170.2,279.86,2014-03-08T01:41:34Z,2014-03-08T01:42:01Z,1,138.1,16.0,138.1,16.0,138.1,14.9,144.4,14.7,105.9,0.224,100.9,0.126,95.9,0.0708,90.9,0.0398,85.9,0.0224,80.9,0.0126,75.9,0.00708
3275,5e-05,-24.25,100.25,5562.0,2014-03-08T00:54:59Z,2014-03-08T00:54:59Z,4000000000.0,4168.4,279.88,2014-03-08T01:41:33Z,2014-03-08T01:42:00Z,1,138.1,16.0,138.1,16.0,138.1,14.9,144.4,14.7,105.9,0.224,100.9,0.126,95.9,0.0708,90.9,0.0398,85.9,0.0224,80.9,0.0126,75.9,0.00708
H01W,5e-05,-23.75,101.25,4517.0,2014-03-08T00:50:47Z,2014-03-08T00:50:47Z,4000000000.0,1753.5,311.35,2014-03-08T01:10:22Z,2014-03-08T01:10:33Z,0,134.4,12.5,134.4,12.5,134.4,11.0,140.6,10.7,109.7,0.451,104.7,0.254,99.7,0.143,94.7,0.0802,89.7,0.0451,84.7,0.0254,79.7,0.0143
H08S,5e-05,-23.75,101.25,4517.0,2014-03-08T00:50:47Z,2014-03-08T00:50:47Z,4000000000.0,3551.9,123.4,2014-03-08T01:30:28Z,2014-03-08T01:30:50Z,0,138.9,12.2,138.9,10.7,139.0,11.0,141.7,10.7,106.1,0.241,101.1,0.136,96.1,0.0763,91.1,0.0429,86.1,0.0241,81.1,0.0136,76.1,0.00763
3315,5e-05,-23.75,101.25,4517.0,2014-03-08T00:50:47Z,2014-03-08T00:50:47Z,4000000000.0,1621.5,300.29,2014-03-08T01:08:54Z,2014-03-08T01:09:04Z,0,134.0,16.0,134.0,16.0,134.0,14.9,140.3,14.7,110.0,0.478,105.0,0.269,100.0,0.151,95.0,0.0851,90.0,0.0478,85.0,0.0269,80.0,0.0151
3376,5e-05,-23.75,101.25,4517.0,2014-03-08T00:50:47Z,2014-03-08T00:50:47Z,4000000000.0,1621.1,300.18,2014-03-08T01:08:54Z,2014-03-08T01:09:04Z,0,134.0,16.0,134.0,16.0,134.0,14.9,140.3,14.7,110.0,0.478,105.0,0.269,100.0,0.151,95.0,0.0851,90.0,0.0478,85.0,0.0269,80.0,0.0151
3250,5e-05,-23.75,101.25,4517.0,2014-03-08T00:50:47Z,2014-03-08T00:50:47Z,4000000000.0,2282.0,243.25,2014-03-08T01:16:17Z,2014-03-08T01:16:31Z,1,135.5,16.0,135.5,16.0,135.5,14.9,141.8,14.7,108.5,0.368,103.5,0.207,98.5,0.116,93.5,0.0654,88.5,0.0368,83.5,0.0207,78.5,0.0116
3274,5e-05,-23.75,101.25,4517.0,2014-03-08T00:50:47Z,2014-03-08T00:50:47Z,4000000000.0,4108.4,281.63,2014-03-08T01:36:41Z,2014-03-08T01:37:07Z,1,138.1,16.0,138.1,16.0,138.1,14.9,144.3,14.7,106.0,0.227,101.0,0.128,96.0,0.0717,91.0,0.0403,86.0,0.0227,81.0,0.0128,76.0,0.00717
3275,5e-05,-23.75,101.25,4517.0,2014-03-08T00:50:47Z,2014-03-08T00:50:47Z,4000000000.0,4106.7,281.66,2014-03-08T01:36:40Z,2014-03-08T01:37:06Z,1,138.1,16.0,138.1,16.0,138.1,14.9,144.3,14.7,106.0,0.227,101.0,0.128,96.0,0.0717,91.0,0.0403,86.0,0.0227,81.0,0.0128,76.0,0.00717
H01W,5e-05,-23.25,100.75,5328.0,2014-03-08T00:35:07Z,2014-03-08T00:35:07Z,4000000000.0,1840.4,311.81,2014-03-08T00:55:41Z,2014-03-08T00:55:52Z,0,134.6,12.5,134.6,12.5,134.6,11.0,140.9,10.7,109.5,0.435,104.5,0.244,99.5,0.137,94.5,0.0773,89.5,0.0435,84.5,0.0244,79.5,0.0137
H08S,5e-05,-23.25,100.75,5328.0,2014-03-08T00:35:07Z,2014-03-08T00:35:07Z,4000000000.0,3477.4,122.59,2014-03-08T01:13:58Z,2014-03-08T01:14:20Z,0,138.8,12.2,138.8,10.7,138.9,11.0,141.6,10.7,106.2,0.246,101.2,0.138,96.2,0.0777,91.2,0.0437,86.2,0.0246,81.2,0.0138,76.2,0.00777
3315,5e-05,-23.25,100.75,5328.0,2014-03-08T00:35:07Z,2014-03-08T00:35:07Z,4000000000.0,1704.2,301.34,2014-03-08T00:54:09Z,2014-03-08T00:54:20Z,0,134.2,16.0,134.2,16.0,134.2,14.9,140.5,14.7,109.8,0.461,104.8,0.259,99.8,0.146,94.8,0.0819,89.8,0.0461,84.8,0.0259,79.8,0.0146
3376,5e-05,-23.25,100.75,5328.0,2014-03-08T00:35:07Z,2014-03-08T00:35:07Z,4000000000.0,1703.8,301.24,2014-03-08T00:54:09Z,2014-03-08T00:54:20Z,0,134.2,16.0,134.2,16.0,134.2,14.9,140.5,14.7,109.8,0.461,104.8,0.259,99.8,0.146,94.8,0.082,89.8,0.0461,84.8,0.0259,79.8,0.0146
3250,5e-05,-23.25,100.75,5328.0,2014-03-08T00:35:07Z,2014-03-08T00:35:07Z,4000000000.0,2303.0,245.43,2014-03-08T01:00:51Z,2014-03-08T01:01:05Z,1,135.5,16.0,135.5,16.0,135.5,14.9,141.8,14.7,108.5,0.365,103.5,0.205,98.5,0.116,93.5,0.065,88.5,0.0365,83.5,0.0205,78.5,0.0116
3274,5e-05,-23.25,100.75,5328.0,2014-03-08T00:35:07Z,2014-03-08T00:35:07Z,4000000000.0,4188.9,282.16,2014-03-08T01:21:55Z,2014-03-08T01:22:21Z,1,138.1,16.0,138.1,16.0,138.1,14.9,144.4,14.7,105.9,0.223,100.9,0.125,95.9,0.0705,90.9,0.0397,85.9,0.0223,80.9,0.0125,75.9,0.00705
3275,5e-05,-23.25,100.75,5328.0,2014-03-08T00:35:07Z,2014-03-08T00:35:07Z,4000000000.0,4187.2,282.19,2014-03-08T01:21:54Z,2014-03-08T01:22:20Z,1,138.1,16.0,138.1,16.0,138.1,14.9,144.4,14.7,105.9,0.223,100.9,0.125,95.9,0.0705,90.9,0.0397,85.9,0.0223,80.9,0.0125,75.9,0.00705
H01W,5e-05,-23.25,102.25,4891.0,2014-03-08T00:37:33Z,2014-03-08T00:37:33Z,4000000000.0,1724.5,315.07,2014-03-08T00:56:49Z,2014-03-08T00:57:00Z,0,134.3,12.5,134.3,12.5,134.3,11.0,140.6,10.7,109.7,0.457,104.7,0.257,99.7,0.144,94.7,0.0812,89.7,0.0457,84.7,0.0257,79.7,0.0144
H08S,5e-05,-23.25,102.25,4891.0,2014-03-08T00:37:33Z,2014-03-08T00:37:33Z,4000000000.0,3624.8,121.9,2014-03-08T01:18:03Z,2014-03-08T01:18:26Z,0,139.0,12.2,139.0,10.7,139.1,11.0,141.8,10.7,106.0,0.237,101.0,0.133,96.0,0.075,91.0,0.0422,86.0,0.0237,81.0,0.0133,76.0,0.0075
3315,5e-05,-23.25,102.25,4891.0,2014-03-08T00:37:33Z,2014-03-08T00:37:33Z,4000000000.0,1571.9,304.06,2014-03-08T00:55:07Z,2014-03-08T00:55:17Z,0,133.9,16.0,133.9,16.0,133.9,14.9,140.2,14.7,110.1,0.49,105.1,0.275,100.1,0.155,95.1,0.087,90.1,0.049,85.1,0.0275,80.1,0.0155
3376,5e-05,-23.25,102.25,4891.0,2014-03-08T00:37:33Z,2014-03-08T00:37:33Z,4000000000.0,1571.3,303.95,2014-03-08T00:55:07Z,2014-03-08T00:55:17Z,1,133.9,16.0,133.9,16.0,133.9,14.9,140.2,14.7,110.1,0.49,105.1,0.275,100.1,0.155,95.1,0.0871,90.1,0.049,85.1,0.0275,80.1,0.0155
3250,5e-05,-23.25,102.25,4891.0,2014-03-08T00:37:33Z,2014-03-08T00:37:33Z,4000000000.0,2167.6,243.57,2014-03-08T01:01:46Z,2014-03-08T01:02:00Z,1,135.3,16.0,135.3,16.0,135.3,14.9,141.6,14.7,108.8,0.383,103.8,0.215,98.8,0.121,93.8,0.0681,88.8,0.0383,83.8,0.0215,78.8,0.0121
3274,5e-05,-23.25,102.25,4891.0,2014-03-08T00:37:33Z,2014-03-08T00:37:33Z,4000000000.0,4050.3,283.13,2014-03-08T01:22:48Z,2014-03-08T01:23:14Z,1,138.0,16.0,138.0,16.0,138.0,14.9,144.3,14.7,106.0,0.23,101.0,0.129,96.0,0.0726,91.0,0.0408,86.0,0.023,81.0,0.0129,76.0,0.00726
3275,5e-05,-23.25,102.25,4891.0,2014-03-08T00:37:33Z,2014-03-08T00:37:33Z,4000000000.0,4048.6,283.15,2014-03-08T01:22:47Z,2014-03-08T01:23:13Z,1,138.0,16.0,138.0,16.0,138.0,14.9,144.3,14.7,106.0,0.23,101.0,0.129,96.0,0.0726,91.0,0.0408,86.0,0.023,81.0,0.0129,76.0,0.00726
