latitude_deg,bto_bfo_density_digitized,integrated_density_digitized,empirical_log_RF_Bayes_factor_relative
-39.95522388059702,0.0038518357302934772,0.00027286510747611184,-4.163653079471899
-39.94776119402985,0.0038518357302934772,0.00027286510747611184,-4.163653079471899
-39.940298507462686,0.0038518357302934772,0.00027286510747611184,-4.163653079471899
-39.93283582089552,0.0038518357302934772,0.00027286510747611184,-4.163653079471899
-39.92537313432836,0.0038518357302934772,0.00027286510747611184,-4.163653079471899
-39.917910447761194,0.0038518357302934772,0.00027286510747611184,-4.163653079471899
-39.91044776119403,0.0038518357302934772,0.00027286510747611184,-4.163653079471899
-39.90298507462686,0.0038518357302934772,0.00027286510747611184,-4.163653079471899
-39.8955223880597,0.0038518357302934772,0.00027286510747611184,-4.163653079471899
-39.88805970149254,0.0038518357302934772,0.00027286510747611184,-4.163653079471899
-39.88059701492537,0.0038518357302934772,0.00027286510747611184,-4.163653079471899
-39.87313432835821,0.0038518357302934772,0.00027286510747611184,-4.163653079471899
-39.865671641791046,0.0038518357302934772,0.00027286510747611184,-4.163653079471899
-39.85820895522388,0.0038518357302934772,0.00027286510747611184,-4.163653079471899
-39.850746268656714,0.0038518357302934772,0.00027286510747611184,-4.163653079471899
-39.843283582089555,0.0038518357302934772,0.00027286510747611184,-4.163653079471899
-39.83582089552239,0.0038518357302934772,0.00027286510747611184,-4.163653079471899
-39.82835820895522,0.0038518357302934772,0.00027286510747611184,-4.163653079471899
-39.82089552238806,0.0038518357302934772,0.00027286510747611184,-4.163653079471899
-39.8134328358209,0.0038518357302934772,0.00027286510747611184,-4.163653079471899
-39.80597014925373,0.0038518357302934772,0.00027286510747611184,-4.163653079471899
-39.798507462686565,0.0038518357302934772,0.00027286510747611184,-4.163653079471899
-39.791044776119406,0.0038518357302934772,0.00027286510747611184,-4.163653079471899
-39.78358208955224,0.0038518357302934772,0.00027286510747611184,-4.163653079471899
-39.776119402985074,0.0038518357302934772,0.00027286510747611184,-4.163653079471899
-39.76865671641791,0.0038518357302934772,0.00027286510747611184,-4.163653079471899
-39.76119402985075,0.0038518357302934772,0.00027286510747611184,-4.163653079471899
-39.75373134328358,0.0038518357302934772,0.00027286510747611184,-4.163653079471899
-39.74626865671642,0.0038518357302934772,0.00027286510747611184,-4.163653079471899
-39.73880597014925,0.0038518357302934772,0.00027286510747611184,-4.163653079471899
-39.73134328358209,0.0038518357302934772,0.00027286510747611184,-4.163653079471899
-39.723880597014926,0.0038518357302934772,0.00027286510747611184,-4.163653079471899
-39.71641791044776,0.0038518357302934772,0.00027286510747611184,-4.163653079471899
-39.708955223880594,0.0038518357302934772,0.00027286510747611184,-4.163653079471899
-39.701492537313435,0.0038518357302934772,0.00027286510747611184,-4.163653079471899
-39.69402985074627,0.0038518357302934772,0.00027286510747611184,-4.163653079471899
-39.6865671641791,0.0038518357302934772,0.00027286510747611184,-4.163653079471899
-39.67910447761194,0.0038518357302934772,0.00027286510747611184,-4.163653079471899
-39.67164179104478,0.0038518357302934772,0.00027286510747611184,-4.163653079471899
-39.66417910447761,0.0038518357302934772,0.00027286510747611184,-4.163653079471899
-39.656716417910445,0.0038518357302934772,0.00027286510747611184,-4.163653079471899
-39.649253731343286,0.0038518357302934772,0.00027286510747611184,-4.163653079471899
-39.64179104477612,0.0038518357302934772,0.00027286510747611184,-4.163653079471899
-39.634328358208954,0.0038518357302934772,0.00027286510747611184,-4.163653079471899
-39.62686567164179,0.0038518357302934772,0.00027286510747611184,-4.163653079471899
-39.61940298507463,0.0038518357302934772,0.00027286510747611184,-4.163653079471899
-39.61194029850746,0.0038518357302934772,0.00027286510747611184,-4.163653079471899
-39.6044776119403,0.0038518357302934772,0.00027286510747611184,-4.163653079471899
-39.59701492537314,0.0038518357302934772,0.00027286510747611184,-4.163653079471899
-39.58955223880597,0.0038518357302934772,0.00027286510747611184,-4.163653079471899
-39.582089552238806,0.0038518357302934772,0.00027286510747611184,-4.163653079471899
-39.57462686567164,0.0038518357302934772,0.00027286510747611184,-4.163653079471899
-39.56716417910448,0.0038518357302934772,0.00027286510747611184,-4.163653079471899
-39.559701492537314,0.0038518357302934772,0.00027286510747611184,-4.163653079471899
-39.55223880597015,0.0038518357302934772,0.00027286510747611184,-4.163653079471899
-39.54477611940298,0.0038518357302934772,0.00027286510747611184,-4.163653079471899
-39.53731343283582,0.0038518357302934772,0.00027286510747611184,-4.163653079471899
-39.52985074626866,0.0038518357302934772,0.00027286510747611184,-4.163653079471899
-39.52238805970149,0.0038518357302934772,0.00027286510747611184,-4.163653079471899
-39.514925373134325,0.0038518357302934772,0.00027286510747611184,-4.163653079471899
-39.507462686567166,0.0038518357302934772,0.00027286510747611184,-4.163653079471899
-39.5,0.0038518357302934772,0.00027286510747611184,-4.163653079471899
-39.492537313432834,0.0038518357302934772,0.00027286510747611184,-4.163653079471899
-39.485074626865675,0.0038518357302934772,0.00027286510747611184,-4.163653079471899
-39.47761194029851,0.0038518357302934772,0.00027286510747611184,-4.163653079471899
-39.47014925373134,0.0038518357302934772,0.00027286510747611184,-4.163653079471899
-39.46268656716418,0.0038518357302934772,0.00027286510747611184,-4.163653079471899
-39.45522388059702,0.0038518357302934772,0.00027286510747611184,-4.163653079471899
-39.44776119402985,0.0038518357302934772,0.00027286510747611184,-4.163653079471899
-39.440298507462686,0.0038518357302934772,0.00027286510747611184,-4.163653079471899
-39.43283582089552,0.0038518357302934772,0.00027286510747611184,-4.163653079471899
-39.42537313432836,0.0038518357302934772,0.00027286510747611184,-4.163653079471899
-39.417910447761194,0.0038518357302934772,0.00027286510747611184,-4.163653079471899
-39.41044776119403,0.0038518357302934772,0.00027286510747611184,-4.163653079471899
-39.40298507462687,0.0038518357302934772,0.00027286510747611184,-4.163653079471899
-39.3955223880597,0.0038518357302934772,0.00027286510747611184,-4.163653079471899
-39.38805970149254,0.0038518357302934772,0.00027286510747611184,-4.163653079471899
-39.38059701492537,0.0038518357302934772,0.00027286510747611184,-4.163653079471899
-39.37313432835821,0.0038518357302934772,0.00027286510747611184,-4.163653079471899
-39.365671641791046,0.0038518357302934772,0.00027286510747611184,-4.163653079471899
-39.35820895522388,0.0038518357302934772,0.00027286510747611184,-4.163653079471899
-39.350746268656714,0.0038518357302934772,0.00027286510747611184,-4.163653079471899
-39.343283582089555,0.0038518357302934772,0.00027286510747611184,-4.163653079471899
-39.33582089552239,0.0038518357302934772,0.00027286510747611184,-4.163653079471899
-39.32835820895522,0.0038518357302934772,0.00027286510747611184,-4.163653079471899
-39.32089552238806,0.0038518357302934772,0.00027286510747611184,-4.163653079471899
-39.3134328358209,0.0038518357302934772,0.00027286510747611184,-4.163653079471899
-39.30597014925373,0.0038518357302934772,0.00027286510747611184,-4.163653079471899
-39.298507462686565,0.0038518357302934772,0.00027286510747611184,-4.163653079471899
-39.291044776119406,0.0038518357302934772,0.00027286510747611184,-4.163653079471899
-39.28358208955224,0.0038518357302934772,0.00027286510747611184,-4.163653079471899
-39.276119402985074,0.0038518357302934772,0.00027286510747611184,-4.163653079471899
-39.26865671641791,0.0038518357302934772,0.00027286510747611184,-4.163653079471899
-39.26119402985075,0.0038518357302934772,0.00027286510747611184,-4.163653079471899
-39.25373134328358,0.0038518357302934772,0.00027286510747611184,-4.163653079471899
-39.24626865671642,0.0038518357302934772,0.00027286510747611184,-4.163653079471899
-39.23880597014925,0.0038518357302934772,0.00027286510747611184,-4.163653079471899
-39.23134328358209,0.0038518357302934772,0.00027286510747611184,-4.163653079471899
-39.223880597014926,0.0038518357302934772,0.00027286510747611184,-4.163653079471899
-39.21641791044776,0.0038518357302934772,0.00027286510747611184,-4.163653079471899
-39.208955223880594,0.0038518357302934772,0.00027286510747611184,-4.163653079471899
-39.201492537313435,0.0038518357302934772,0.00027286510747611184,-4.163653079471899
-39.19402985074627,0.0038518357302934772,0.00027286510747611184,-4.163653079471899
-39.1865671641791,0.0038518357302934772,0.00027286510747611184,-4.163653079471899
-39.17910447761194,0.0038518357302934772,0.00027286510747611184,-4.163653079471899
-39.17164179104478,0.0038518357302934772,0.00027286510747611184,-4.163653079471899
-39.16417910447761,0.0038518357302934772,0.00027286510747611184,-4.163653079471899
-39.156716417910445,0.0038518357302934772,0.00027286510747611184,-4.163653079471899
-39.149253731343286,0.0038518357302934772,0.00027286510747611184,-4.163653079471899
-39.14179104477612,0.0038518357302934772,0.00027286510747611184,-4.163653079471899
-39.134328358208954,0.0038518357302934772,0.00027286510747611184,-4.163653079471899
-39.12686567164179,0.0038518357302934772,0.00027286510747611184,-4.163653079471899
-39.11940298507463,0.0038518357302934772,0.00027286510747611184,-4.163653079471899
-39.11194029850746,0.0038518357302934772,0.00027286510747611184,-4.163653079471899
-39.1044776119403,0.0038518357302934772,0.00027286510747611184,-4.163653079471899
-39.09701492537313,0.0038518357302934772,0.00027286510747611184,-4.163653079471899
-39.08955223880597,0.0038518357302934772,0.00027286510747611184,-4.163653079471899
-39.082089552238806,0.0038518357302934772,0.00027286510747611184,-4.163653079471899
-39.07462686567164,0.0038518357302934772,0.00027286510747611184,-4.163653079471899
-39.06716417910448,0.0038518357302934772,0.00027286510747611184,-4.163653079471899
-39.059701492537314,0.0038518357302934772,0.00027286510747611184,-4.163653079471899
-39.05223880597015,0.0038518357302934772,0.00027286510747611184,-4.163653079471899
-39.04477611940298,0.0038518357302934772,0.00027286510747611184,-4.163653079471899
-39.03731343283582,0.0038518357302934772,0.00027286510747611184,-4.163653079471899
-39.02985074626866,0.0038518357302934772,0.00027286510747611184,-4.163653079471899
-39.02238805970149,0.0038518357302934772,0.00027286510747611184,-4.163653079471899
-39.014925373134325,0.0038518357302934772,0.00027286510747611184,-4.163653079471899
-39.007462686567166,0.0038518357302934772,0.00027286510747611184,-4.163653079471899
-39.0,0.0038518357302934772,0.00027286510747611184,-4.163653079471899
-38.992537313432834,0.0038518357302934772,0.00027286510747611184,-4.163653079471899
-38.985074626865675,0.0038518357302934772,0.00027286510747611184,-4.163653079471899
-38.97761194029851,0.0038518357302934772,0.00027286510747611184,-4.163653079471899
-38.97014925373134,0.0038518357302934772,0.00027286510747611184,-4.163653079471899
-38.96268656716418,0.0038518357302934772,0.00027286510747611184,-4.163653079471899
-38.95522388059702,0.0038518357302934772,0.00027286510747611184,-4.163653079471899
-38.94776119402985,0.0038518357302934772,0.00027286510747611184,-4.163653079471899
-38.940298507462686,0.0038518357302934772,0.00027286510747611184,-4.163653079471899
-38.93283582089552,0.0038518357302934772,0.00027286510747611184,-4.163653079471899
-38.92537313432836,0.0038518357302934772,0.00027286510747611184,-4.163653079471899
-38.917910447761194,0.0038518357302934772,0.00027286510747611184,-4.163653079471899
-38.91044776119403,0.0038518357302934772,0.00027286510747611184,-4.163653079471899
-38.90298507462687,0.0038518357302934772,0.00027286510747611184,-4.163653079471899
-38.8955223880597,0.0038518357302934772,0.00027286510747611184,-4.163653079471899
-38.88805970149254,0.0038518357302934772,0.00027286510747611184,-4.163653079471899
-38.88059701492537,0.0038518357302934772,0.00027286510747611184,-4.163653079471899
-38.87313432835821,0.0038518357302934772,0.00027286510747611184,-4.163653079471899
-38.865671641791046,0.0038518357302934772,0.00027286510747611184,-4.163653079471899
-38.85820895522388,0.0038518357302934772,0.00027286510747611184,-4.163653079471899
-38.850746268656714,0.0038518357302934772,0.00027286510747611184,-4.163653079471899
-38.843283582089555,0.0038518357302934772,0.00027286510747611184,-4.163653079471899
-38.83582089552239,0.0038518357302934772,0.00027286510747611184,-4.163653079471899
-38.82835820895522,0.0038518357302934772,0.00027286510747611184,-4.163653079471899
-38.82089552238806,0.0038518357302934772,0.00027286510747611184,-4.163653079471899
-38.8134328358209,0.0038518357302934772,0.00027286510747611184,-4.163653079471899
-38.80597014925373,0.0038518357302934772,0.00027286510747611184,-4.163653079471899
-38.798507462686565,0.0038518357302934772,0.00027286510747611184,-4.163653079471899
-38.791044776119406,0.0038518357302934772,0.00027286510747611184,-4.163653079471899
-38.78358208955224,0.0038518357302934772,0.00027286510747611184,-4.163653079471899
-38.776119402985074,0.0038518357302934772,0.00027286510747611184,-4.163653079471899
-38.76865671641791,0.0038518357302934772,0.00027286510747611184,-4.163653079471899
-38.76119402985075,0.0038518357302934772,0.00027286510747611184,-4.163653079471899
-38.75373134328358,0.0038518357302934772,0.00027286510747611184,-4.163653079471899
-38.74626865671642,0.0038518357302934772,0.00027286510747611184,-4.163653079471899
-38.73880597014925,0.0038518357302934772,0.00027286510747611184,-4.163653079471899
-38.73134328358209,0.0038518357302934772,0.00027286510747611184,-4.163653079471899
-38.723880597014926,0.0038518357302934772,0.00027286510747611184,-4.163653079471899
-38.71641791044776,0.0038518357302934772,0.00027286510747611184,-4.163653079471899
-38.708955223880594,0.0038518357302934772,0.00027286510747611184,-4.163653079471899
-38.701492537313435,0.0038518357302934772,0.00027286510747611184,-4.163653079471899
-38.69402985074627,0.0038518357302934772,0.00027286510747611184,-4.163653079471899
-38.6865671641791,0.0038518357302934772,0.00027286510747611184,-4.163653079471899
-38.67910447761194,0.0038518357302934772,0.00027286510747611184,-4.163653079471899
-38.67164179104478,0.0038518357302934772,0.00027286510747611184,-4.163653079471899
-38.66417910447761,0.0038518357302934772,0.00027286510747611184,-4.163653079471899
-38.656716417910445,0.0038518357302934772,0.00027286510747611184,-4.163653079471899
-38.649253731343286,0.0038518357302934772,0.00027286510747611184,-4.163653079471899
-38.64179104477612,0.0038518357302934772,0.00027286510747611184,-4.163653079471899
-38.634328358208954,0.0038518357302934772,0.00027286510747611184,-4.163653079471899
-38.62686567164179,0.0038518357302934772,0.00027286510747611184,-4.163653079471899
-38.61940298507463,0.0038518357302934772,0.00027286510747611184,-4.163653079471899
-38.61194029850746,0.0038518357302934772,0.00027286510747611184,-4.163653079471899
-38.6044776119403,0.0038518357302934772,0.00027286510747611184,-4.163653079471899
-38.59701492537313,0.0038518357302934772,0.00027286510747611184,-4.163653079471899
-38.58955223880597,0.0038518357302934772,0.00027286510747611184,-4.163653079471899
-38.582089552238806,0.0038518357302934772,0.00027286510747611184,-4.163653079471899
-38.57462686567164,0.0038518357302934772,0.00027286510747611184,-4.163653079471899
-38.56716417910448,0.0038518357302934772,0.00027286510747611184,-4.163653079471899
-38.559701492537314,0.0038518357302934772,0.00027286510747611184,-4.163653079471899
-38.55223880597015,0.0038518357302934772,0.00027286510747611184,-4.163653079471899
-38.54477611940298,0.0038518357302934772,0.00027286510747611184,-4.163653079471899
-38.53731343283582,0.0038518357302934772,0.00027286510747611184,-4.163653079471899
-38.52985074626866,0.0038518357302934772,0.00027286510747611184,-4.163653079471899
-38.52238805970149,0.0038518357302934772,0.00027286510747611184,-4.163653079471899
-38.514925373134325,0.0038518357302934772,0.00027286510747611184,-4.163653079471899
-38.507462686567166,0.0038518357302934772,0.00027286510747611184,-4.163653079471899
-38.5,0.0038518357302934772,0.00027286510747611184,-4.163653079471899
-38.492537313432834,0.0038518357302934772,0.00027286510747611184,-4.163653079471899
-38.485074626865675,0.0038518357302934772,0.00027286510747611184,-4.163653079471899
-38.47761194029851,0.0038518357302934772,0.00027286510747611184,-4.163653079471899
-38.47014925373134,0.0038518357302934772,0.00027286510747611184,-4.163653079471899
-38.46268656716418,0.0038518357302934772,0.00027286510747611184,-4.163653079471899
-38.45522388059702,0.0038518357302934772,0.00027286510747611184,-4.163653079471899
-38.44776119402985,0.0038518357302934772,0.00027286510747611184,-4.163653079471899
-38.440298507462686,0.0038518357302934772,0.00027286510747611184,-4.163653079471899
-38.43283582089552,0.0038518357302934772,0.00027286510747611184,-4.163653079471899
-38.42537313432836,0.0038518357302934772,0.00027286510747611184,-4.163653079471899
-38.417910447761194,0.0038518357302934772,0.00027286510747611184,-4.163653079471899
-38.41044776119403,0.0038518357302934772,0.00027286510747611184,-4.163653079471899
-38.40298507462687,0.0038518357302934772,0.00027286510747611184,-4.163653079471899
-38.3955223880597,0.0038518357302934772,0.00027286510747611184,-4.163653079471899
-38.38805970149254,0.0038518357302934772,0.00027286510747611184,-4.163353893228699
-38.38059701492537,0.0038518357302934772,0.00027286510747611184,-4.162953955470901
-38.37313432835821,0.0038518357302934772,0.00027286510747611184,-4.162424250235787
-38.365671641791046,0.0038518357302934772,0.00027286510747611184,-4.161729118146193
-38.35820895522388,0.0038518357302934772,0.00027286510747611184,-4.16082543249221
-38.350746268656714,0.0038518357302934772,0.00027286510747611184,-4.159661868504902
-38.343283582089555,0.0038518357302934772,0.00027286510747611184,-4.158178190984376
-38.33582089552239,0.0038518357302934772,0.00027286510747611184,-4.156304586966025
-38.32835820895522,0.0038518357302934772,0.00027286510747611184,-4.153961186721839
-38.32089552238806,0.0038518357302934772,0.00027286510747611184,-4.151057924093312
-38.3134328358209,0.0038518357302934772,0.00027286510747611184,-4.147494831992535
-38.30597014925373,0.0038518357302934772,0.00027286510747611184,-4.143162821080244
-38.298507462686565,0.0038518357302934772,0.00027286510747611184,-4.137944973595856
-38.291044776119406,0.0038518357302934772,0.00027286510747611184,-4.131718380787957
-38.28358208955224,0.0038518357302934772,0.00027286510747611184,-4.1243565341465604
-38.276119402985074,0.0038518357302934772,0.00027286510747611184,-4.115732245250735
-38.26865671641791,0.0038518357302934772,0.00027286510747611184,-4.105721028507256
-38.26119402985075,0.0038518357302934772,0.00027286510747611184,-4.09420485296245
-38.25373134328358,0.0038518357302934772,0.00027286510747611184,-4.081076161452874
-38.24626865671642,0.0038518357302934772,0.00027286510747611184,-4.0662420273117945
-38.23880597014925,0.0038518357302934772,0.00027286510747611184,-4.0496282296902635
-38.23134328358209,0.0038518357302934772,0.00027286510747611184,-4.031182955476848
-38.223880597014926,0.0038518357302934772,0.00027286510747611184,-4.010879870220986
-38.21641791044776,0.0038518357302934772,0.00027288336659665795,-3.9887203975960284
-38.208955223880594,0.0038518357302934772,0.0002730024310190356,-3.9647351327486082
-38.201492537313435,0.0038518357302934772,0.00027360709004828934,-3.9389843436441705
-38.19402985074627,0.0038518357302934772,0.00027599856290019424,-3.9115574710551817
-38.1865671641791,0.0038518357302934772,0.00028336481787236183,-3.8825715234053573
-38.17910447761194,0.0038518357302934772,0.00030103554493415694,-3.8521683735322894
-38.17164179104478,0.0038518357302934772,0.00033404880933224395,-3.8205111131751046
-38.16417910447761,0.0038518357302934772,0.0003820828255999812,-3.7877797022637414
-38.156716417910445,0.0038518357302934772,0.00043651249682835435,-3.7541661775812107
-38.149253731343286,0.0038518357302934772,0.0004845465130960915,-3.7198696834244234
-38.14179104477612,0.0038518357302934772,0.0005175597774941785,-3.685091543222569
-38.134328358208954,0.0038518357302934772,0.0005352305045559736,-3.6500305381233122
-38.12686567164179,0.0038518357302934772,0.0005425967595281412,-3.6148785590345405
-38.11940298507463,0.0038518357302934772,0.0005449882323800461,-3.5798168312893752
-38.11194029850746,0.0038518357302934772,0.000545611150529846,-3.545012894199967
-38.1044776119403,0.0038518357302934772,0.0005458492793746013,-3.5106184087008945
-38.09701492537313,0.0038518357302934772,0.0005464721975244011,-3.4767677374015786
-38.08955223880597,0.0038518357302934772,0.000548863670376306,-3.4435772033502676
-38.082089552238806,0.0038518357302934772,0.0005562299253484736,-3.4111449611840765
-38.07462686567164,0.0038518357302934772,0.0005739006524102688,-3.3795514029248865
-38.06716417910448,0.0038518357302934772,0.0006069139168083557,-3.3488599656656977
-38.059701492537314,0.0038518357302934772,0.0006549479330760931,-3.319118197092558
-38.05223880597015,0.0038518357302934772,0.0007093776043044662,-3.2903589869268304
-38.04477611940298,0.0038518357302934772,0.0007574116205722034,-3.262601923238001
-38.03731343283582,0.0038518357302934772,0.0007904248849702904,-3.235854734755248
-38.02985074626866,0.0038518357302934772,0.0008080956120320856,-3.2101147571959974
-38.02238805970149,0.0038518357302934772,0.0008154618670042532,-3.1853703659159054
-38.014925373134325,0.0038518357302934772,0.0008178533398561581,-3.16160235748461
-38.007462686567166,0.0038518357302934772,0.0008184579988854117,-3.1387853062747575
-38.0,0.0038518541410474142,0.0008185953224283355,-3.116888941653582
-37.992537313432834,0.0038519741942437047,0.0008187326459712593,-3.095879566584551
-37.985074626865675,0.0038525838746812204,0.0008193373050005131,-3.075721477484813
-37.97761194029851,0.0038550136183419957,0.0008217287778524179,-3.0563783113185536
-37.97014925373134,0.0038625795105402196,0.0008290950328245855,-3.037814280013153
-37.96268656716418,0.003881126718295856,0.0008467657598863807,-3.0199953044106254
-37.95522388059702,0.003917435155639975,0.0008797972834050138,-3.002890060440978
-37.94776119402985,0.003975725243683158,0.0009279503640951286,-2.986470887359487
-37.940298507462686,0.0040559718832444995,0.0009829846943527557,-2.970714465555945
-37.93283582089552,0.004156119377938021,0.0010334101834723977,-2.9556022195437137
-37.92537313432836,0.004273556885732735,0.0010737897028426523,-2.9411204759758
-37.917910447761194,0.004402236441428487,0.0011091311569662425,-2.9272604081086433
-37.91044776119403,0.004531405624365464,0.0011495106763364969,-2.9140177575162074
-37.90298507462687,0.004651254465067018,0.0011999544245766855,-2.9013923330538676
-37.8955223880597,0.004758949441204826,0.00125510781925669,-2.889387343981464
-37.88805970149254,0.0048576232353255136,0.0013038655589760586,-2.878008639252654
-37.88059701492537,0.004951648901783172,0.0013392885553465965,-2.8672638843845646
-37.87313432835821,0.005044057789902279,0.0013643255373805595,-2.857161651024182
-37.865671641791046,0.00513654192740394,0.0013893807785350682,-2.8477103684575473
-37.85820895522388,0.005230770878746307,0.0014249045802074377,-2.8389171978844105
-37.850746268656714,0.005330403910228701,0.0014741479145336824,-2.8307870739662246
-37.843283582089555,0.005441879083130062,0.001531088123036338,-2.8233220508082812
-37.83582089552239,0.005572508258901672,0.001586524912517335,-2.81652082032243
-37.82835820895522,0.0057255601722522855,0.0016373279683995952,-2.810378247763313
-37.82089552238806,0.005895721729432744,0.0016886166188887306,-2.8048849038486274
-37.8134328358209,0.006071448205608354,0.0017464083629805407,-2.800026661409059
-37.80597014925373,0.006244732944142541,0.0018105957620329863,-2.7957844308985527
-37.798507462686565,0.006418559536296399,0.0018769234235123185,-2.7921340710945057
-37.791044776119406,0.006604491083304446,0.0019431880811532477,-2.7890464782544124
-37.78358208955224,0.006813672551596146,0.002009534001753126,-2.786487840576506
-37.776119402985074,0.007050079367695776,0.0020738404652279495,-2.784420035682655
-37.76865671641791,0.007311111479878429,0.0021322368683490125,-2.782801129420081
-37.76119402985075,0.007592914186632562,0.002185916991690053,-2.78158591574031
-37.75373134328358,0.007893949828183104,0.002244104561665027,-2.7807264736660393
-37.74626865671642,0.008213833238977229,0.002317331142630197,-2.7801728127838574
-37.73880597014925,0.008550180246730769,0.0024078892745601935,-2.779873672015545
-37.73134328358209,0.008897149702578662,0.00250755809800608,-2.779777397068348
-37.723880597014926,0.009247021743150011,0.00260487782587899,-2.779832756469342
-37.71641791044776,0.009594638713214833,0.0026956378103630313,-2.779989620568761
-37.708955223880594,0.00994116735062043,0.002786737839434261,-2.7801995095004917
-37.701492537313435,0.010292424447131772,0.00288808544885854,-2.780416045065291
-37.69402985074627,0.010653548039260467,0.002999729368414579,-2.780595323584106
-37.6865671641791,0.011026360359062291,0.0031094865388887815,-2.780696200703315
-37.67910447761194,0.011409758305450591,0.0032059257658898334,-2.7806804741496363
-37.67164179104478,0.011800648831717867,0.0032923084047404385,-2.780512963232889
-37.66417910447761,0.012197369538310812,0.003384599492749629,-2.780161498167179
-37.656716417910445,0.012604327889303291,0.0034952081988129857,-2.7795968280342245
-37.649253731343286,0.013029319924554842,0.0036218327013363186,-2.7787924345291164
-37.64179104477612,0.013474250731981267,0.00375420404029177,-2.7777242482086466
-37.634328358208954,0.013932167899709885,0.003887603739485549,-2.7763703271480242
-37.62686567164179,0.014394127987893876,0.004023832690089516,-2.7747105832505596
-37.61940298507463,0.014855417485470031,0.004162294375977856,-2.7727265725892503
-37.61194029850746,0.01531531260339761,0.004299210531792361,-2.7704012889411724
-37.6044776119403,0.015774818111950927,0.004435487298444922,-2.7677188872626077
-37.59701492537313,0.016235895769245664,0.004577029965315739,-2.7646643258089845
-37.58955223880597,0.016702026343389433,0.0047264190414435065,-2.761223014069257
-37.582089552238806,0.017178979752019645,0.004880968402144377,-2.757380571637082
-37.57462686567164,0.017673261601625728,0.005039146581031879,-2.7531227036184736
-37.56716417910448,0.018187806681149974,0.005202968816102475,-2.748435116848599
-37.559701492537314,0.018719641773775407,0.0053740007195474315,-2.7433034142972557
-37.55223880597015,0.019262356539515905,0.005551277131677308,-2.7377129529008934
-37.54477611940298,0.01981018904303991,0.005733300712422432,-2.731648689347822
-37.53731343283582,0.02035984160978718,0.005920335593528909,-2.725095069564926
-37.52985074626866,0.02090998380377567,0.006114916202536082,-2.7180360120697737
-37.52238805970149,0.021460227640206518,0.006320033364894709,-2.7104549729302754
-37.514925373134325,0.0220104898873913,0.0065365534975144746,-2.702335023038371
-37.507462686567166,0.022560770545330015,0.0067634265220883555,-2.6936588827735073
-37.5,0.02311115284571109,0.006999720122021373,-2.6844089370748656
-37.492537313432834,0.023662024773333387,0.007243980478856056,-2.6745673034368105
-37.485074626865675,0.024214698353425008,0.007492356613541263,-2.6641159788406634
-37.47761194029851,0.024772388028857787,0.007740712710869217,-2.653037025491271
-37.47014925373134,0.025340467750164405,0.007990034553105204,-2.64131276420627
-37.46268656716418,0.02592401742134895,0.008247897167832212,-2.628925990861923
-37.45522388059702,0.026522712584668148,0.008522668153553351,-2.6158602262937856
-37.44776119402985,0.027127856515848148,0.008816637307776052,-2.602099968179752
-37.440298507462686,0.027726551679167342,0.009125961495158031,-2.5876309065124152
-37.43283582089552,0.028310101350351887,0.00944666732324056,-2.572440103492565
-37.42537313432836,0.028878181071658498,0.009779122614411474,-2.5565161697492567
-37.417910447761194,0.029435870747091277,0.010127486711282283,-2.5398494526906688
-37.41044776119403,0.029988544327182898,0.010496873591940731,-2.5224322140506077
-37.40298507462687,0.030539416254805198,0.01089080082689309,-2.5042587554356874
-37.3955223880597,0.031089798555186274,0.011309431041877782,-2.4853254633551094
-37.38805970149254,0.03164007921312499,0.011750240889803072,-2.4656307825876316
-37.38059701492537,0.032190359871063716,0.012212294222392811,-2.445175164138436
-37.37313432835821,0.03274072376069085,0.012700598634235503,-2.4239610245770127
-37.365671641791046,0.033291475635116856,0.013223456247739032,-2.401992698657296
-37.35820895522388,0.03384352112401702,0.01378290599534513,-2.379276336377543
-37.350746268656714,0.03439867941334667,0.014369692505560869,-2.3558197303540673
-37.343283582089555,0.034958722025967774,0.014971445909902799,-2.3316321266034117
-37.33582089552239,0.03552204289012365,0.015586254566828328,-2.3067240834552774
-37.32835820895522,0.03608000479044115,0.016225595348126065,-2.2811073775813955
-37.32089552238806,0.036618778278168625,0.01690293028804397,-2.2547949096008844
-37.3134328358209,0.037128694653055315,0.01762171793831078,-2.2278005994090084
-37.30597014925373,0.037612967159064196,0.018375968164648263,-2.200139309387464
-37.298507462686565,0.03808541352261995,0.019160103453443048,-2.171826813007309
-37.291044776119406,0.038558795227282075,0.01997560310711084,-2.142879782021925
-37.28358208955224,0.03903624717025114,0.0208299719823917,-2.1133157739003714
-37.276119402985074,0.03951361629814274,0.021732392116065254,-2.0831532355452387
-37.26865671641791,0.0399861048961508,0.022690033327338183,-2.0524115338485664
-37.26119402985075,0.04044915821241687,0.023706780905935754,-2.021110995325446
-37.25373134328358,0.04089638029955383,0.02478454065150909,-1.9892729368926565
-37.24626865671642,0.04132370043602381,0.025925005697692807,-1.956919686323149
-37.23880597014925,0.04173600742581541,0.027129101627921145,-1.924074593169211
-37.23134328358209,0.04214426830718211,0.028394614724569292,-1.890762026758611
-37.223880597014926,0.042554957323750836,0.02971517821019822,-1.857007357119711
-37.21641791044776,0.04296616619968496,0.03108224409875547,-1.8228369129790989
-37.208955223880594,0.04337333903915921,0.032490539061788885,-1.7882779132076263
-37.201492537313435,0.04377285745090406,0.03394406852418286,-1.753358375001713
-37.19402985074627,0.0441566634736005,0.035455343702728445,-1.718107001004858
-37.1865671641791,0.044507232450307875,0.03703667725275367,-1.6825530424113098
-37.17910447761194,0.04480486495540005,0.0386937014800847,-1.646726139888527
-37.17164179104478,0.045042401063884914,0.040426915069986254,-1.6106561511338653
-37.16417910447761,0.04523047788183329,0.04223533922889155,-1.5743729718112016
-37.156716417910445,0.04538860273370681,0.04411863154247919,-1.5379063507949717
-37.149253731343286,0.04553406249059052,0.04607991957480292,-1.5012857015885959
-37.14179104477612,0.04567901420947907,0.04812534390841291,-1.4645399187754953
-37.134328358208954,0.045834607675249474,0.050256647698925815,-1.4276972122941518
-37.12686567164179,0.046014490509808145,0.05246709443612503,-1.3907849685952056
-37.11940298507463,0.046230929613680326,0.05474896277479122,-1.3538296418844369
-37.11194029850746,0.04648409651954657,0.05710337565098897,-1.316856677746703
-37.1044776119403,0.04675551850999064,0.0595401257996678,-1.2798904720073763
-37.09701492537313,0.04701579483326699,0.06206805956811187,-1.2429543646294126
-37.08955223880597,0.04724060132347611,0.06468638169035668,-1.2060706653836595
-37.082089552238806,0.04742047927286435,0.0673860054237079,-1.1692607092794889
-37.07462686567164,0.047559349060389576,0.07015979756702045,-1.132544940748596
-37.06716417910448,0.04766649494555997,0.07300917829242891,-1.0959430208848175
-37.059701492537314,0.047748519805212684,0.07593823908350623,-1.059473945161197
-37.05223880597015,0.047807160847467764,0.07894435248110111,-1.0231561604923551
-37.04477611940298,0.04784350610631976,0.0820191037500683,-0.987007680219674
-37.03731343283582,0.047861933260879105,0.0851573461032967,-0.9510462005831369
-37.02985074626866,0.04786888947263981,0.0883617064502608,-0.9152892152847573
-37.02238805970149,0.04786890788339374,0.09163787455379678,-0.8797541145394189
-37.014925373134325,0.04786205331407539,0.09498771890386597,-0.8444582556783417
-37.007462686567166,0.04784411578675727,0.0984085253430333,-0.8094190064990979
-37.0,0.047809627412636405,0.10189727453179986,-0.7746537749119526
-36.992537313432834,0.04775637183068833,0.10545239740998595,-0.7401800349817604
-36.985074626865675,0.04768659846868924,0.10907024929220868,-0.7060153466854258
-36.97761194029851,0.04760229049791859,0.11274170758532878,-0.6721773616958211
-36.97014925373134,0.04750120886504426,0.11645516642201827,-0.6386838134184154
-36.96268656716418,0.047381666071332054,0.12020308309538888,-0.6055524979501431
-36.95522388059702,0.04724938031220503,0.12398288047818552,-0.5728012556079694
-36.94776119402985,0.047113230427156746,0.12779160548360213,-0.5404479570357293
-36.940298507462686,0.04697450992095627,0.13162475517474884,-0.5085104904042541
-36.93283582089552,0.04682628608636376,0.13548177050182095,-0.47700674696440837
-36.92537313432836,0.046662873436339077,0.1393661034623395,-0.44595460898546024
-36.917910447761194,0.046484143237910766,0.14327512293098754,-0.4153719452615583
-36.91044776119403,0.046291688497540485,0.14719464084160938,-0.38527661364114785
-36.90298507462687,0.04608676960415647,0.15110845905364118,-0.355686467296227
-36.8955223880597,0.04587231480233319,0.1550103619359197,-0.3266193627601133
-36.88805970149254,0.04565372835884801,0.15890241766700974,-0.29809316825869936
-36.88059701492537,0.0454367405645548,0.16278398616372927,-0.270125771380876
-36.87313432835821,0.04522347182706894,0.16664651572527195,-0.24273508696924617
-36.865671641791046,0.045009559486130314,0.17047775496235817,-0.21593906655204664
-36.85820895522388,0.044787212727998724,0.17426706769629144,-0.1897557100150702
-36.850746268656714,0.04455330449464926,0.17800743187108453,-0.1642030798209726
-36.843283582089555,0.04431392837249682,0.18169643188266585,-0.13929931603881474
-36.83582089552239,0.044079650565102414,0.1853366299990121,-0.11506264717256354
-36.82835820895522,0.04385597337098879,0.1889322580943311,-0.09151139317072632
-36.82089552238806,0.043638763355489905,0.19248276669105707,-0.06866396313867607
-36.8134328358209,0.04341971427191857,0.1959789965349371,-0.046538851732304654
-36.80597014925373,0.04319621449519687,0.19940514965477193,-0.025154632339634997
-36.798507462686565,0.04297412838614563,0.2027435413643516,-0.00452994000441187
-36.791044776119406,0.04276060343591061,0.20597936620227036,0.01531656148806082
-36.78358208955224,0.04255617638843847,0.2091047006573956,0.03436622826555502
-36.776119402985074,0.04235541498320471,0.21211879372015197,0.052600497151151115
-36.76865671641791,0.042154220195263076,0.2150241204265683,0.07000095648212667
-36.76119402985075,0.0419552267669166,0.2178232774494833,0.08654942837316404
-36.75373134328358,0.041765935710386205,0.22051911798089055,0.10222806532857076
-36.74626865671642,0.041591851880041934,0.22311454073680137,0.11701946275978048
-36.73880597014925,0.04143296978636565,0.225609872946988,0.13090678667241273
-36.73134328358209,0.041288569480987226,0.22800105743021687,0.14387391477079814
-36.723880597014926,0.04116226127323374,0.2302816828072037,0.1559055891742842
-36.71641791044776,0.04105788238241011,0.23244815261691965,0.16698757835278655
-36.708955223880594,0.0409728619690973,0.2345035265147702,0.17710684543749
-36.701492537313435,0.040901355377107325,0.23645383109971543,0.18625172070475915
-36.69402985074627,0.04084406236020526,0.23829860103740177,0.19441207707140795
-36.6865671641791,0.040810666011240906,0.24002793390696683,0.20157950680154268
-36.67910447761194,0.04081117404923607,0.2416329186674989,0.2077474950260978
-36.67164179104478,0.040846612157062326,0.24311773699510453,0.21291158410654498
-36.66417910447761,0.040909651002939355,0.24449802534124426,0.21706952491856235
-36.656716417910445,0.04099446701170517,0.24578755548113665,0.2202214142240877
-36.649253731343286,0.04110432491956346,0.24698803177661088,0.22236981664064048
-36.64179104477612,0.04124743101637246,0.24809076575344383,0.22351986667833335
-36.634328358208954,0.04142702493915494,0.24908799736313397,0.2236793469734799
-36.62686567164179,0.04163946624822749,0.24998486071457157,0.2228587426956008
-36.61940298507463,0.04188163440556339,0.2508002324700794,0.22107127280464955
-36.61194029850746,0.04215682177368914,0.2515527200007526,0.21833289619392526
-36.6044776119403,0.04247268616028323,0.25224525012352644,0.2146622903979427
-36.59701492537313,0.042834360289823466,0.2528658926860142,0.21008080292759757
-36.58955223880597,0.04323930709829823,0.25340409986857404,0.20461237676952093
-36.582089552238806,0.043679176694081834,0.25386369999289593,0.19828345179021545
-36.57462686567164,0.04414728900679361,0.25426117476483107,0.191122843985005
-36.56716417910448,0.04464347415131137,0.2546151645952798,0.18316160443726304
-36.559701492537314,0.04517289249808554,0.2549392849741122,0.17443286027788285
-36.55223880597015,0.04574340196305293,0.2552424404079779,0.16497164123517405
-36.54477611940298,0.046363380124777885,0.2555326965080615,0.15481469529770853
-36.53731343283582,0.047037110931426575,0.25581980394025966,0.14400029527472258
-36.52985074626866,0.04776076846668553,0.2561155847041312,0.13256803753292346
-36.52238805970149,0.04852607678537716,0.2564330212861573,0.12055863595933536
-36.514925373134325,0.04932887882501776,0.2567843396448117,0.10801371576578189
-36.507462686567166,0.0501721080806707,0.2571796576768811,0.09497561078825911
-36.5,0.051060909277274566,0.25762751378242027,0.08148716505686315
-36.492537313432834,0.051997739987173684,0.2581358600206812,0.06759153720344191
-36.485074626865675,0.052982319085075315,0.2587118954951963,0.053332006849472036
-36.47761194029851,0.054013793871482925,0.2593615021159676,0.03875178440432325
-36.47014925373134,0.05509192902572172,0.26008843869391945,0.023893826806304475
-36.46268656716418,0.056217762231124055,0.26089324967539484,0.008800660032547203
-36.45522388059702,0.057394495930100986,0.2617754908301504,-0.006485793221770342
-36.44776119402985,0.058627508091340104,0.26273945059052467,-0.021924382927781316
-36.440298507462686,0.05992191940450433,0.26379621412637333,-0.037474899033942854
-36.43283582089552,0.06127785425343278,0.26495876918975836,-0.05309823538184144
-36.42537313432836,0.06268800715261322,0.26623699011817153,-0.06875654793587671
-36.417910447761194,0.06414304858427497,0.2676374623753743,-0.0844134068630793
-36.41044776119403,0.06564102062037866,0.2691648754762613,-0.10003394356979745
-36.40298507462687,0.06718998039990028,0.27082131330368353,-0.11558499133854383
-36.3955223880597,0.0688004028584026,0.272606074128992,-0.13103521462796008
-36.38805970149254,0.07047541800816016,0.2745186404185991,-0.14635522302866089
-36.38059701492537,0.07220831195498528,0.276562603189228,-0.16151767014787533
-36.37313432835821,0.07398873080117013,0.2787466319725913,-0.17649733895653252
-36.365671641791046,0.07581028528775458,0.2810807082662777,-0.1912712116450681
-36.35820895522388,0.07767241906112914,0.28357039503055265,-0.20581851874817736
-36.350746268656714,0.07957724120061928,0.28621506597589313,-0.22012076385266943
-36.343283582089555,0.08152666612432946,0.2890119688494992,-0.23416172534988045
-36.33582089552239,0.0835219754462731,0.2919612544696735,-0.2479274396359772
-36.32835820895522,0.08556448520983316,0.2950663906697646,-0.26140616778427694
-36.32089552238806,0.08765650819235718,0.2983302293585436,-0.2745883443711927
-36.3134328358209,0.08980159519427156,0.30175229258212305,-0.2874665082379597
-36.30597014925373,0.09200274582545302,0.3053301790299792,-0.3000352183660904
-36.298507462686565,0.094260283249766,0.309060424976288,-0.31229095898422443
-36.291044776119406,0.09657226153963193,0.3129354700059094,-0.32423203686767654
-36.28358208955224,0.09893737388688645,0.3169435217850141,-0.3358584729471674
-36.276119402985074,0.10135645588320659,0.32107748257555524,-0.3471718900377212
-36.26865671641791,0.10383012302018893,0.32534364324213094,-0.35817539877291615
-36.26119402985075,0.10635483769109721,0.3297572489952117,-0.36887348458738556
-36.25373134328358,0.10892222633552201,0.33432870171633033,-0.3792718983282446
-36.24626865671642,0.11152365824903282,0.3390559234735662,-0.3893775520189582
-36.23880597014925,0.1141571267012715,0.34392793627447676,-0.3991984210241568
-36.23134328358209,0.11682992914144046,0.3489313212677643,-0.40874345373818866
-36.223880597014926,0.1195532750956951,0.3540537693422557,-0.4180224882901893
-36.21641791044776,0.12233253320253434,0.35928570113904157,-0.4270461744399485
-36.208955223880594,0.12516225159177083,0.36461926341881445,-0.43582590057678927
-36.201492537313435,0.12803089757338484,0.370045009430532,-0.44437372834352473
-36.19402985074627,0.13093016642605626,0.3755520958919035,-0.4527023368747698
-36.1865671641791,0.13385975606694667,0.3811336011036188,-0.4608249758421865
-36.17910447761194,0.1368247240251553,0.3867893699837689,-0.4687554251398447
-36.17164179104478,0.13983005224826106,0.3925219832264927,-0.4765079596690682
-36.16417910447761,0.14287759033343395,0.3983298907314369,-0.48409731825079283
-36.156716417910445,0.14596536863030768,0.4042034875952103,-0.4915386754400173
-36.149253731343286,0.14908791556406215,0.4101275657293993,-0.49884761471305916
-36.14179104477612,0.15223840877463665,0.4160890563948258,-0.5060401011689526
-36.134328358208954,0.15541230071290527,0.42208230326095025,-0.5131324514597715
-36.12686567164179,0.15860828202391203,0.42810564563387327,-0.5201412984356477
-36.11940298507463,0.16182503949825489,0.4341535603000708,-0.5270835473802379
-36.11194029850746,0.1650592899889763,0.44021231005697076,-0.5339763197938496
-36.1044776119403,0.16830989916984743,0.4462615082724658,-0.5408368814819997
-36.09701492537313,0.17158194292671752,0.45228069725117503,-0.5476825543012568
-36.08955223880597,0.17488159470416062,0.45825708238150636,-0.5545306126078337
-36.082089552238806,0.1782065640997341,0.4641862432430824,-0.5613981647166129
-36.07462686567164,0.18154618045310336,0.47006339547538056,-0.5683020184630312
-36.06716417910448,0.1848920226757692,0.4758770036828491,-0.5752585306392067
-36.059701492537314,0.18824470105699953,0.48161480929199935,-0.5822834427052784
-36.05223880597015,0.19160895263230113,0.48727225196587387,-0.5893917074140534
-36.04477611940298,0.1949855165532374,0.49284728813319273,-0.5965973112487101
-36.03731343283582,0.1983694200569178,0.498326347419506,-0.6039130970922929
-36.02985074626866,0.20175293557579932,0.5036781330465815,-0.6113505923241616
-36.02238805970149,0.20512771625502021,0.5088534126361292,-0.6189198492126917
-36.014925373134325,0.2084869517349806,0.51377780854751,-0.6266293053342865
-36.007462686567166,0.2118292400703371,0.5183489978787005,-0.634485671317689
-36.0,0.215159612343125,0.5224671925495593,-0.6424938520912619
-35.992537313432834,0.21848408320435966,0.5260929551911473,-0.6506569065808261
-35.98507462686567,0.22180260383207231,0.5292786537954286,-0.6589760499697134
-35.97761194029851,0.22510868596662226,0.5321361864870908,-0.6674507019840248
-35.97014925373134,0.22839573675167676,0.5347723978753832,-0.6760785836326222
-35.96268656716418,0.23166108614879208,0.5372499016794019,-0.6848558628665447
-35.95522388059702,0.23490270567204294,0.5395859545621603,-0.6937773472463846
-35.94776119402985,0.2381146220698182,0.5417594686577605,-0.7028367197909651
-35.940298507462686,0.24128705848848206,0.5437084356081028,-0.7120268128001139
-35.93283582089552,0.24440980870712123,0.5453360487916153,-0.7213399129431781
-35.92537313432836,0.24747665987189593,0.5465501881519113,-0.7307680893604394
-35.917910447761194,0.2504897583917469,0.5473228314108327,-0.7403035352796241
-35.91044776119403,0.25345936054009455,0.547718020186995,-0.7499389124718917
-35.90298507462687,0.25639590698684095,0.5478586924928905,-0.7596676866529196
-35.8955223880597,0.25930120648949334,0.5478648742205936,-0.7694844416022113
-35.88805970149254,0.2621677090698031,0.5478155211452853,-0.7793851607848419
-35.88059701492537,0.26498410845534415,0.5477482679210719,-0.7893674667119001
-35.87313432835821,0.267739155285778,0.547676520035944,-0.7994308092412916
-35.865671641791046,0.27042175959303694,0.5476037474863608,-0.8095765950026178
-35.85820895522388,0.27302246177291395,0.5475299214889685,-0.8198082522310474
-35.850746268656714,0.27553753667426995,0.5474513829435089,-0.8301312286306729
-35.843283582089555,0.2779700481405622,0.5473541304716039,-0.840552922568852
-35.83582089552239,0.2803248720843852,0.5471987855227033,-0.8510825489302057
-35.82835820895522,0.28260344289705513,0.5469023887947928,-0.8617309424818537
-35.82089552238806,0.2848043902433519,0.5463372216799008,-0.8725103053112342
-35.8134328358209,0.2869273725486573,0.5453682181503215,-0.8834339084976377
-35.80597014925373,0.2889726048234506,0.5439164682192054,-0.8945157593483314
-35.798507462686565,0.29093593746766644,0.5419977358096618,-0.9057702454823537
-35.791044776119406,0.29280759095739706,0.5397004383039808,-0.9172117675465866
-35.78358208955224,0.2945777937510403,0.5371262235537637,-0.9288543726270292
-35.776119402985074,0.2962427194123953,0.5343415006915716,-0.9407113997948496
-35.76865671641791,0.2978036102411797,0.5313579531784394,-0.9527951490328328
-35.76119402985075,0.2992623118164088,0.5281296359480673,-0.9651165855601919
-35.75373134328358,0.3006206205826409,0.5245606018742917,-0.9776850903120691
-35.74626865671642,0.30188200571498097,0.5205339870174619,-0.9905082620839541
-35.73880597014925,0.30304940869079827,0.5159629078026406,-1.0035917712620082
-35.73134328358209,0.30412060794673945,0.5108337984771156,-1.0169392638750459
-35.723880597014926,0.3050884799172294,0.5052084310380125,-1.0305523165283643
-35.71641791044776,0.3059471423012525,0.4991848869355765,-1.0444304425694795
-35.708955223880594,0.30669618740937676,0.49285235350653245,-1.058571146365337
-35.701492537313435,0.30733745591604167,0.4862705548090957,-1.0729700190658957
-35.69402985074627,0.3078691341339629,0.4794741998660958,-1.0876208677544263
-35.6865671641791,0.3082842756857327,0.47248445741699474,-1.10251586914792
-35.67910447761194,0.30857381587939897,0.4653179414038505,-1.117645737770329
-35.67164179104478,0.3087299621824251,0.4579932805274668,-1.1329998979017226
-35.66417910447761,0.30874725219552623,0.4505331253720434,-1.148566649982783
-35.656716417910445,0.30862226720628727,0.4429602412854869,-1.1643333245051943
-35.649253731343286,0.30835529324457667,0.43529252171355687,-1.1802864175959167
-35.64179104477612,0.30795342268170806,0.42754108288198545,-1.1964117026805692
-35.634328358208954,0.3074297631617184,0.41971157498528155,-1.2126943136733823
-35.62686567164179,0.3067978822168418,0.4118091604206546,-1.229118797491901
-35.61940298507463,0.3060671241929598,0.40384481260628424,-1.2456691360686896
-35.61194029850746,0.3052419061076407,0.39583651750393595,-1.2623287395947238
-35.6044776119403,0.304322773586979,0.3878037334287969,-1.2790804137263048
-35.59701492537313,0.3033075229618833,0.379761782880846,-1.2959063049646884
-35.58955223880597,0.30219214046454007,0.37172163255073476,-1.312787830535384
-35.582089552238806,0.30097203637302555,0.36369329350759344,-1.329705600600332
-35.57462686567164,0.2996412795227685,0.35568809883836644,-1.3466393408182267
-35.56716417910448,0.2981871351700895,0.3477181561983462,-1.3635678226920371
-35.559701492537314,0.2965891967879853,0.33979601071417137,-1.3804688085964019
-35.55223880597015,0.29484037065919205,0.33193709086521817,-1.3973190179828914
-35.54477611940298,0.2929777404193383,0.32416225195098736,-1.41409412046814
-35.53731343283582,0.29107950946832034,0.3164954402851447,-1.4307687597734284
-35.52985074626866,0.2892186700686412,0.30895677838266505,-1.4473166101354624
-35.52238805970149,0.2874231520926021,0.3015570483936823,-1.4637104648081602
-35.51492537313433,0.28567993732360397,0.29429807493348253,-1.4799223550507927
-35.507462686567166,0.2839633650815555,0.2871772798668928,-1.4959236967969773
-35.5,0.28225138167986485,0.2801911897732896,-1.511685460279478
-35.492537313432834,0.28051928882323585,0.2733372725454404,-1.527178355578614
-35.48507462686567,0.27871930468879885,0.2666175724955735,-1.5423730258108779
-35.47761194029851,0.27676334989972695,0.2600433668961876,-1.5572402405053378
-35.47014925373134,0.2745366876846435,0.2536351986997611,-1.5717510832932762
-35.46268656716418,0.27195887460236584,0.24741516187648238,-1.5858771287776352
-35.45522388059702,0.2690551767857602,0.2413957046212457,-1.5995906040757077
-35.44776119402985,0.2659655523506117,0.23557457465871906,-1.6128645323589312
-35.440298507462686,0.2628688862006741,0.2299423865659845,-1.6256728579560225
-35.43283582089552,0.25988765217000437,0.2244964968121064,-1.6379905535171209
-35.42537313432836,0.2570490842828576,0.2192465952699504,-1.6497937099628524
-35.417910447761194,0.25431230882129185,0.21420635809250968,-1.661059611475958
-35.41044776119403,0.25161832266027984,0.20938180141372295,-1.6717667999052253
-35.40298507462687,0.24892405678900248,0.20476902446961756,-1.681895133488727
-35.3955223880597,0.24621138243553994,0.20036073354324427,-1.6914258440286905
-35.38805970149254,0.2434805311167394,0.19615167622253177,-1.700341596022715
-35.38059701492537,0.24073975155409622,0.19213877092268167,-1.7086265504572982
-35.37313432835821,0.23799912886615726,0.18832093182644563,-1.7162664345381482
-35.365671641791046,0.23526930261964496,0.18470094385369568,-1.7232486177652606
-35.35820895522388,0.23256137608602215,0.18128505741928694,-1.729562195335035
-35.350746268656714,0.22988450922374415,0.17807818594584632,-1.7351980798965574
-35.343283582089555,0.22724236245798557,0.17507869343785407,-1.7401491004557799
-35.33582089552239,0.22463189302631517,0.17227693993562485,-1.7444101043051525
-35.32835820895522,0.22204609623218025,0.16965854139410047,-1.7479780563719844
-35.32089552238806,0.2194795489905915,0.16721065680027283,-1.7508521302128561
-35.3134328358209,0.21693327448257727,0.16492742652894993,-1.7530337860286738
-35.30597014925373,0.21441403540464402,0.162811144494241,-1.7545268338953894
-35.298507462686565,0.21192807492687615,0.16086755447510276,-1.7553374827378874
-35.291044776119406,0.20947701753178433,0.1590977961425434,-1.7554743749011683
-35.28358208955224,0.20706156897348377,0.15749401943164737,-1.7549486041277373
-35.276119402985074,0.20468738321381694,0.15604233055824202,-1.753773714173442
-35.26865671641791,0.20236361381000167,0.15472908968188384,-1.7519656761447469
-35.26119402985075,0.20009588833082065,0.15354545934276756,-1.7495428434375957
-35.25373134328358,0.19788455093865007,0.152488698185782,-1.746525883765325
-35.24626865671642,0.19573023725463676,0.1515600324131776,-1.7429376885079515
-35.23880597014925,0.19363702170598568,0.1507605286906514,-1.7388032603531092
-35.23134328358209,0.19160852660248465,0.15008888063052508,-1.7341495803769678
-35.223880597014926,0.18964408352235831,0.1495431321564523,-1.7290054549908933
-35.21641791044776,0.18774116467777985,0.14912320072225185,-1.7234013424403114
-35.208955223880594,0.18590008123215288,0.14883060283760324,-1.7173691593695013
-35.201492537313435,0.18412414433186158,0.1486651238012449,-1.7109420698421514
-35.19402985074627,0.18241566546037463,0.14862149176202816,-1.7041542602283453
-35.1865671641791,0.18077363717714556,0.14868930272578396,-1.69704070340287
-35.17910447761194,0.17919676836048803,0.14885551287986598,-1.6896369159047475
-35.17164179104478,0.1776875921102627,0.14910683182228404,-1.681978711837332
-35.16417910447761,0.17625031190818943,0.14943145989184856,-1.6741019569905335
-35.156716417910445,0.17488430777863317,0.14982010966428702,-1.6660423269524471
-35.149253731343286,0.17358329143520781,0.15026490960710015,-1.6578350746112367
-35.14179104477612,0.17234183729108082,0.15075672156986658,-1.6495148138591231
-35.134328358208954,0.17115887651988174,0.15128549747020062,-1.641115325203693
-35.12686567164179,0.17003397993454183,0.1518456166851351,-1.6326693853339267
-35.11940298507463,0.1689667721408017,0.1524388429232496,-1.6242086194568415
-35.11194029850746,0.167965162495205,0.15306961923261367,-1.6157633747464575
-35.1044776119403,0.16705066955254072,0.15373894674028904,-1.6073626144000983
-35.09701492537313,0.16625025675235428,0.15444343321909515,-1.59903383198053
-35.08955223880597,0.16558145785937825,0.15517669691539798,-1.5908029843963116
-35.082089552238806,0.16504042410463202,0.15592997262657454,-1.5826944406548817
-35.07462686567164,0.16459130202414554,0.15669358373182585,-1.5747309436239425
-35.06716417910448,0.16415980268689032,0.15745926979274558,-1.5669335827215312
-35.059701492537314,0.16365124466505673,0.1582215201403175,-1.5593217753386277
-35.05223880597015,0.16300014690697495,0.15897926643711424,-1.5519132544197354
-35.04477611940298,0.16221856985748315,0.15973781612892357,-1.544724060609331
-35.03731343283582,0.1614022342186061,0.1605063524924168,-1.5377685390964881
-35.02985074626866,0.16068857545090542,0.16129082603769038,-1.5310593421537038
-35.02238805970149,0.16019129288030534,0.16208925835490315,-1.5246074386968806
-35.01492537313433,0.15994586155647011,0.1628930846491461,-1.518422132762414
-35.007462686567166,0.15990006873640542,0.16369148044811777,-1.5125110928765901
-35.0,0.15995704240008415,0.16447573412366714,-1.5068803936501276
-34.992537313432834,0.16003447980995242,0.16524318023352422,-1.5015345701924034
-34.98507462686567,0.1600953675475899,0.16599756989777956,-1.4964766855291312
-34.97761194029851,0.16014100815673202,0.16674307596278562,-1.491708410873834
-34.97014925373134,0.16018795932425534,0.16747783670581307,-1.4872301181278502
-34.96268656716418,0.16025016662265348,0.16819697203794162,-1.483040983443024
-34.95522388059702,0.1603342192414548,0.16890262222159813,-1.4791390998853877
-34.94776119402985,0.16044450083595754,0.1696059817377046,-1.4755215959106829
-34.940298507462686,0.16058805144370616,0.17031535934200906,-1.4721847559574308
-34.93283582089552,0.1607714850020593,0.1710243593795509,-1.4691241411266982
-34.92537313432836,0.1609947814938963,0.17171602973855246,-1.4663347098552755
-34.917910447761194,0.16125148546292933,0.1723787716064439,-1.4638109367085375
-34.91044776119403,0.1615351865691723,0.17301509799673992,-1.4615469222171842
-34.90298507462687,0.16184360511676446,0.17363391746911438,-1.4595364854573534
-34.8955223880597,0.1621764166479625,0.17423707348717615,-1.4577732398592087
-34.88805970149254,0.16253228403835748,0.17481628218763784,-1.4562506635342636
-34.88059701492537,0.1629100940427465,0.17536273612604175,-1.454962173448114
-34.87313432835821,0.1633108198360154,0.17587812131090852,-1.4539012001199805
-34.865671641791046,0.1637354874135237,0.17637620170969587,-1.4530612534514564
-34.85820895522388,0.16418303395840395,0.1768738796492598,-1.4524359759961782
-34.850746268656714,0.16465230142163964,0.17737969768032813,-1.4520191868015309
-34.843283582089555,0.1651435438471474,0.17788948178212746,-1.4518049198969973
-34.83582089552239,0.1656551047348352,0.17839183634582828,-1.451787459771467
-34.82835820895522,0.1661796324524089,0.17887726427941442,-1.4519613753662461
-34.82089552238806,0.16670573069414868,0.1793423185230458,-1.452321553666613
-34.8134328358209,0.16722509843948663,0.17978678367475504,-1.4528632330063613
-34.80597014925373,0.16774119135734938,0.18021083070170588,-1.4535820362905767
-34.798507462686565,0.1682722068687826,0.18061752819785937,-1.4544740054277772
-34.791044776119406,0.16884120231751612,0.18101549493669847,-1.4555356383479912
-34.78358208955224,0.16945749112738467,0.18141427788934872,-1.4567639286495617
-34.776119402985074,0.17010736680307859,0.18181581487303575,-1.4581564073989544
-34.76865671641791,0.17076612270003502,0.18221182878607148,-1.4597111868908648
-34.76119402985075,0.17141877860532223,0.18259051302056695,-1.4614270047821807
-34.75373134328358,0.17206800039488893,0.18294543252696152,-1.4633032643796278
-34.74626865671642,0.1727261839276657,0.18327728315910316,-1.4653400666549443
-34.73880597014925,0.17340504344711738,0.18358892304038765,-1.4675382319788595
-34.73134328358209,0.17411006659576905,0.18388152884159883,-1.4698993108952068
-34.723880597014926,0.17483945154924904,0.18415550246183163,-1.4724255822656
-34.71641791044776,0.1755886802376252,0.18441312583727323,-1.4751200357492888
-34.708955223880594,0.1763576511134253,0.18466009758000193,-1.477986334534481
-34.701492537313435,0.17715040039697091,0.18490385824020894,-1.4810287537739364
-34.69402985074627,0.17796565358834218,0.1851486041916505,-1.4842520920906057
-34.6865671641791,0.17878984130598252,0.18539138262606564,-1.48766155797329
-34.67910447761194,0.17960024007735736,0.18562455050029833,-1.4912626366183226
-34.67164179104478,0.18037321397191153,0.18584270704161757,-1.4950609439611267
-34.66417910447761,0.1810909857428821,0.18604587358101332,-1.4990620748988759
-34.656716417910445,0.18174622561368914,0.18623502029889066,-1.503271453313111
-34.649253731343286,0.18234409325395734,0.18640758550281322,-1.5076941913289077
-34.64179104477612,0.182906053881816,0.18656170505020317,-1.51233496418591
-34.634328358208954,0.1834837145708438,0.18670248926348967,-1.5171979069749524
-34.62686567164179,0.1841834232652153,0.18683713301087462,-1.5222865400595806
-34.61940298507463,0.185169603928046,0.18696373925427742,-1.5276037286121318
-34.61194029850746,0.18659357000412213,0.1870719564874889,-1.5331516777895629
-34.6044776119403,0.1884543661224475,0.18715627666149665,-1.5389319612907348
-34.59701492537313,0.19052198410542026,0.1872224780360112,-1.544945579324323
-34.58955223880597,0.19245337263066362,0.1872779148254922,-1.5511930414298751
-34.582089552238806,0.19402234356121867,0.18731943845624202,-1.5576744684561314
-34.57462686567164,0.19523816791386173,0.18733553120262728,-1.5643897061733565
-34.56716417910448,0.19627027076216938,0.1873200248561507,-1.5713384416879306
-34.559701492537314,0.197302750871666,0.18728030629834408,-1.5785203137426966
-34.55223880597015,0.19844728123136593,0.18722986255010388,-1.5859350089244297
-34.54477611940298,0.1997331528821215,0.18717406645298085,-1.593582337685232
-34.53731343283582,0.2011383498234255,0.18710557441091624,-1.601462286668994
-34.52985074626866,0.20262812231406443,0.18701416474339708,-1.6095750459274065
-34.52238805970149,0.20417941534106432,0.1868989471961957,-1.6179210107829693
-34.51492537313433,0.20578322377300765,0.1867683130712416,-1.626500759330918
-34.507462686567166,0.20743662846721292,0.18662835449714915,-1.6353150083751513
-34.5,0.20913887015051758,0.18647580078341705,-1.6443645522998045
-34.492537313432834,0.21089316826860702,0.18630478713909263,-1.6536501902755723
-34.48507462686567,0.21270443435175995,0.1861163430109261,-1.6631726471085022
-34.47761194029851,0.21457271084600607,0.18591658541999279,-1.6729324920383202
-34.47014925373134,0.2164930029353741,0.18570742211696223,-1.6829300586022902
-34.46268656716418,0.2184618574977292,0.18548368127939002,-1.6931653683451264
-34.45522388059702,0.2204791417819449,0.18523897371861409,-1.7036380616573708
-34.44776119402985,0.22254422446588762,0.1849712024576806,-1.7143473387752455
-34.440298507462686,0.2246564384216609,0.18468289400756635,-1.7252919120852817
-34.43283582089552,0.22682003580982302,0.1843791059758609,-1.736469968978342
-34.42537313432836,0.2290446665124129,0.18406490781166052,-1.7478791441477597
-34.417910447761194,0.23133937159356474,0.1837424334288759,-1.7595165004628968
-34.41044776119403,0.2337066279362188,0.1834094925430981,-1.771378517112979
-34.40298507462687,0.23614256441278986,0.18306102764092547,-1.7834610833986644
-34.3955223880597,0.23864297233922932,0.18269165901938755,-1.7957594971172886
-34.38805970149254,0.24120888291322543,0.18229796991327996,-1.808268467114221
-34.38059701492537,0.24384541562553233,0.1818805672754743,-1.8209821195693865
-34.37313432835821,0.24655450468140153,0.1814446594376752,-1.8338940075949064
-34.365671641791046,0.2493297198677854,0.18099794327405905,-1.8469971239293927
-34.35820895522388,0.25216137938571304,0.18054740830743293,-1.8602839162459768
-34.350746268656714,0.2550477507026627,0.18009816334742199,-1.8737463043112426
-34.343283582089555,0.2579969333586919,0.1796535608721698,-1.8873756992435664
-34.33582089552239,0.2610157556042666,0.17921296257902639,-1.9011630260839696
-34.32835820895522,0.26410141268635057,0.17876839424315227,-1.915098749632294
-34.32089552238806,0.26724651191453663,0.17830515044082682,-1.9291729014967862
-34.3134328358209,0.27044762937408084,0.17780805890117157,-1.9433751081250263
-34.30597014925373,0.27370599934804085,0.1772698140056139,-1.957694623910488
-34.298507462686565,0.27702347528803273,0.1766961302334282,-1.9721203721887761
-34.291044776119406,0.28040056695159704,0.176103941261249,-1.986640987528305
-34.28358208955224,0.2838358789868472,0.17551268756730337,-2.00124484726335
-34.276119402985074,0.28732488503538833,0.1749345670061028,-2.0159200893877443
-34.26865671641791,0.29086024669865024,0.1743712851285112,-2.0306546269161005
-34.26119402985075,0.29443550081617303,0.17381820691770733,-2.0454361685242732
-34.25373134328358,0.2980491977942548,0.1732700852299032,-2.0602522446701887
-34.24626865671642,0.30170510435279646,0.17272375035592172,-2.075090232275159
-34.23880597014925,0.3054081259910854,0.17217790107654712,-2.0899373736135494
-34.23134328358209,0.30915873813040107,0.1716321343433538,-2.1047807897524677
-34.223880597014926,0.3129488820570304,0.17108628506397922,-2.1196074910498433
-34.21641791044776,0.3167634122788387,0.1705399319308772,-2.1344043870175824
-34.208955223880594,0.3205884503810464,0.1699916911786507,-2.1491582969815455
-34.201492537313435,0.3244194964326726,0.16943799004969703,-2.1638559626108984
-34.19402985074627,0.32826134952491653,0.1688721976348311,-2.178484064012918
-34.1865671641791,0.3321223959251734,0.1682860879005086,-2.1930292410862133
-34.17910447761194,0.33600981035917726,0.16767465294222686,-2.207478120443675
-34.17164179104478,0.3399260580057497,0.16704149805076873,-2.2218173470999707
-34.16417910447761,0.3438654715743546,0.16639981886770341,-2.236033620789238
-34.156716417910445,0.3478135634564794,0.165767250376154,-2.2501137377483555
-34.149253731343286,0.3517516281783483,0.16515820689072414,-2.264044637984038
-34.14179104477612,0.3556640701123655,0.16457946341137383,-2.277813456351042
-34.134328358208954,0.35954368085217575,0.16403134172356973,-2.2914075754249286
-34.12686567164179,0.36339209986698423,0.16351065385901414,-2.3048146792126145
-34.11940298507463,0.36721583185165824,0.16301046538217592,-2.31802280739071
-34.11194029850746,0.37101973740670147,0.16251866098472464,-2.3310204092759927
-34.1044776119403,0.3748010829666145,0.16202145038064703,-2.343796396044117
-34.09701492537313,0.37854855291972733,0.16151110664382423,-2.3563401896224687
-34.08955223880597,0.38224720368566445,0.16099044992914707,-2.368641767281247
-34.082089552238806,0.38588437603213893,0.1604699948250736,-2.380691701589527
-34.07462686567164,0.38945242715781647,0.15996087866542985,-2.3924811956143874
-34.06716417910448,0.39294838812599253,0.15946857007147844,-2.4040021130321803
-34.059701492537314,0.39637106636550107,0.15899213936124185,-2.415247002457699
-34.05223880597015,0.3997154285782115,0.1585299401993444,-2.426209115246331
-34.04477611940298,0.40296918645376495,0.1580839735010381,-2.436882416859838
-34.03731343283582,0.40611834922835743,0.15765499643668485,-2.44726159211762
-34.02985074626866,0.4091573077439601,0.15723536861140797,-2.457342043393328
-34.02238805970149,0.41209058304420965,0.1568137578020269,-2.467119870944874
-34.01492537313433,0.41492433055696315,0.1563878715627548,-2.4765918100883377
-34.007462686567166,0.417658997880043,0.15596673912543818,-2.485755085393171
-34.0,0.4202899754486648,0.15555890848511042,-2.4946071535267094
-33.992537313432834,0.42281065602295204,0.15516331496000269,-2.50314534664067
-33.98507462686567,0.42521271193278837,0.1547735352602263,-2.5113664648948584
-33.97761194029851,0.42748632161569433,0.15438635136554124,-2.5192664367989095
-33.97014925373134,0.429623214634219,0.1540027651209196,-2.5268406326213175
-33.96268656716418,0.43161913176354877,0.1536224508500217,-2.5340863129064033
-33.95522388059702,0.4334720293511682,0.15324083535990807,-2.5410037231355056
-33.94776119402985,0.43517938775998477,0.15285237513846803,-2.547590277880385
-33.940298507462686,0.43673951940535005,0.15245490503081385,-2.5538389279699416
-33.93283582089552,0.4381546723877361,0.15204978279370118,-2.5597392325431376
-33.92537313432836,0.4394319254598487,0.15163916851672377,-2.565277290844934
-33.917910447761194,0.44058034040946814,0.1512249422214354,-2.5704350935870597
-33.91044776119403,0.44160437877132985,0.1508102054390794,-2.575189653180802
-33.90298507462687,0.4424977385545258,0.15039933995167695,-2.579512008392297
-33.8955223880597,0.44324409660824193,0.1499930716796322,-2.5833661961080066
-33.88805970149254,0.4438244256621757,0.1495837300673244,-2.586708299671115
-33.88059701492537,0.44422281497023214,0.14915960872066905,-2.589485672284111
-33.87313432835821,0.4444276204988469,0.14871482417715612,-2.5916364262740363
-33.865671641791046,0.4444332278638716,0.14825070087789308,-2.593089291873216
-33.85820895522388,0.44424304377726076,0.14776686739444325,-2.593763964241985
-33.850746268656714,0.4438675518473303,0.14725618260909895,-2.5935720664525714
-33.843283582089555,0.4433183841071837,0.146711057053176,-2.5924188486838133
-33.83582089552239,0.4426062933442536,0.1461327919458901,-2.590205723722489
-33.82835820895522,0.4417428276534305,0.14553254951352823,-2.586833704020952
-33.82089552238806,0.4407385474762054,0.14492288310994858,-2.582207756093303
-33.8134328358209,0.43959950007125365,0.14430922048795514,-2.576242024190767
-33.80597014925373,0.438328971488503,0.1436898971618533,-2.568865798995168
-33.798507462686565,0.4369313526305959,0.14306207069194202,-2.5600300227153587
-33.791044776119406,0.43541097224951225,0.14242420708601902,-2.5497140357258017
-33.78358208955224,0.433768454339042,0.14177373008133579,-2.537932190138995
-33.776119402985074,0.43200160214782346,0.14110538676851136,-2.5247398915160315
-33.76865671641791,0.43010919340231507,0.1404121313971132,-2.510238589933202
-33.76119402985075,0.428091614793437,0.13968724378424685,-2.494579233133571
-33.75373134328358,0.4259489943566913,0.13892775305090646,-2.477963723537679
-33.74626865671642,0.4236818150308922,0.13813688385067224,-2.4606439914063984
-33.73880597014925,0.42126738602790004,0.13732078080639765,-2.4429184094711793
-33.73134328358209,0.4185943455580892,0.13648297064774514,-2.4251254263405553
-33.723880597014926,0.4151136225238878,0.13562482984269278,-2.4076344775075933
-33.71641791044776,0.40894058554431845,0.1347502763828126,-2.39083442916832
-33.708955223880594,0.3954436793441769,0.1338623252847724,-2.3751200052424366
-33.701492537313435,0.3669157762313025,0.13295130888330772,-2.3608768271290934
-33.69402985074627,0.3162211988226413,0.13198703114415045,-2.3484658431283383
-33.6865671641791,0.24454338040901402,0.13093049803453316,-2.3382080222311528
-33.67910447761194,0.16649394757914734,0.12977344137915667,-2.330370220298644
-33.67164179104478,0.10531671563935688,0.12858238061999278,-2.325153089825955
-33.66417910447761,0.0809793414970899,0.12748479130299453,-2.3226818006120116
-33.656716417910445,0.10072509573757665,0.12657469040164632,-2.3230001746020497
-33.649253731343286,0.15637217831938058,0.1258283262762055,-2.3260686237179184
-33.64179104477612,0.22773345437593678,0.12513075090035464,-2.331766030132669
-33.634328358208954,0.2920840254893541,0.12437724225208453,-2.3398954462874824
-33.62686567164179,0.3354931858015951,0.12353587115195276,-2.350193241399779
-33.61940298507463,0.35712750060322557,0.12263152634511248,-2.3623411033862896
-33.61194029850746,0.36411301348207276,0.12170009207915783,-2.375980136214092
-33.6044776119403,0.36401637929417796,0.1207633781869609,-2.390726184810366
-33.59701492537313,0.36136501005783245,0.11983113957414397,-2.4061854798492996
-33.58955223880597,0.3580046510834319,0.11890811465683586,-2.4219697237056943
-33.582089552238806,0.3544828223490028,0.11799421910887992,-2.4377098309620213
-33.57462686567164,0.3509210665405416,0.11708480715218135,-2.453067680387483
-33.56716417910448,0.3473511382314048,0.11617800101515931,-2.4677454141979442
-33.559701492537314,0.3437789923770697,0.11527997656164406,-2.4814920169671155
-33.55223880597015,0.34021086572040227,0.11440066953712699,-2.4941071035201023
-33.54477611940298,0.33665461563452337,0.11354587298200296,-2.5054420268490505
-33.53731343283582,0.3331192867746145,0.11271567196826922,-2.51539857070677
-33.52985074626866,0.32961150642637793,0.11190938780147737,-2.5239256084830886
-33.52238805970149,0.32613177057334414,0.11112930263841535,-2.5310141852642607
-33.51492537313433,0.32267544415458627,0.11037831793756159,-2.5366915122833067
-33.507462686567166,0.3192388344867071,0.10965515472388167,-2.541014355950627
-33.5,0.3158255704444409,0.1089533950982336,-2.544062264790308
-33.492537313432834,0.3124475115136852,0.10826563662180368,-2.5459310147465803
-33.48507462686567,0.3091184991976563,0.10758834583740139,-2.5467265741825638
-33.47761194029851,0.30584497422790535,0.10692337019369647,-2.5465598038756707
-33.47014925373134,0.30262182630886325,0.10627484161502367,-2.5455420230231915
-33.46268656716418,0.29943758757144456,0.10564381179231452,-2.5437814952104234
-33.45522388059702,0.2962839717050834,0.10502645734829606,-2.5413808221373384
-33.44776119402985,0.2931607134484491,0.10441989636683274,-2.538435180912916
-33.440298507462686,0.29007301838326377,0.1038295553581349,-2.535031304855468
-33.43283582089552,0.2870265611950156,0.10326701757749036,-2.5312470878882323
-33.42537313432836,0.284025445957286,0.1027386995872597,-2.5271516849436155
-33.417910447761194,0.2810729399334204,0.10223948604429813,-2.5228059868621293
-33.41044776119403,0.2781716962764759,0.10176006523170468,-2.518263360751139
-33.40298507462687,0.2753219145313161,0.10129816959615336,-2.513570560737858
-33.3955223880597,0.2725198679713155,0.1008586427083233,-2.5087687104582446
-33.38805970149254,0.2697613372058438,0.10044330848948048,-2.5038942477153774
-33.38059701492537,0.26704944661359825,0.1000453234915208,-2.498979736105735
-33.37313432835821,0.26439607722296404,0.09965503993801698,-2.494054453174664
-33.365671641791046,0.2618103636605176,0.099268240832637,-2.4891444297445617
-33.35820895522388,0.25928708595193745,0.09888652394801928,-2.4842713246836396
-33.350746268656714,0.2568116271892458,0.0985116883129691,-2.4794535255366847
-33.343283582089555,0.2543759918642412,0.09814230143231063,-2.4747119470307912
-33.33582089552239,0.2519843425379813,0.09777484573553767,-2.470069261141394
-33.32835820895522,0.24964158141547074,0.09740545885487921,-2.465547165667871
-33.32089552238806,0.24734316344037152,0.09703062321982903,-2.4611658437662793
-33.3134328358209,0.24508111795871249,0.09664890633521131,-2.456944156508678
-33.30597014925373,0.24285618343026738,0.09626210722983132,-2.452899922503277
-33.298507462686565,0.24067808806418753,0.09587182367632752,-2.449050157772862
-33.291044776119406,0.23855447766769072,0.09547383867836784,-2.4454112290463974
-33.28358208955224,0.23648374197338104,0.09505850445952502,-2.441998906510931
-33.276119402985074,0.23445869911474707,0.09461897757169495,-2.4388283418571226
-33.26865671641791,0.23247389989187356,0.09415708193614364,-2.43591401261278
-33.26119402985075,0.23052812219964786,0.09367766112355018,-2.4332696604698603
-33.25373134328358,0.22862131601719235,0.09317844758058862,-2.4309082354619567
-33.24626865671642,0.2267517297129153,0.09265012959035793,-2.4288418465862875
-33.23880597014925,0.2249168997325703,0.09208759180971342,-2.427081718175226
-33.23134328358209,0.22311553406804996,0.09149725080101558,-2.42563815053303
-33.223880597014926,0.22134635377561293,0.0908906715604317,-2.4245204830426323
-33.21641791044776,0.21960514366026804,0.0902732163111114,-2.4237370577836868
-33.208955223880594,0.21788523227385712,0.08964168263467487,-2.4232951822641744
-33.201492537313435,0.21618358287250758,0.08899124817775701,-2.423201090749088
-33.19402985074627,0.214505594505933,0.08832067483378202,-2.423459904326393
-33.1865671641791,0.21286041512940343,0.08763056904001583,-2.424075590155157
-33.17910447761194,0.2112514514548732,0.0869194971122482,-2.425050919810839
-33.17164179104478,0.20967442475123996,0.08618267279393732,-2.4263874257283518
-33.16417910447761,0.20812390555757543,0.08541283521122835,-2.428085354965555
-33.156716417910445,0.2065976894274014,0.0846030452757331,-2.430143621345989
-33.149253731343286,0.2050945622379111,0.08375240728891822,-2.432559758857449
-33.14179104477612,0.2036115628071023,0.08287073893923194,-2.435329879103987
-33.134328358208954,0.20214599286561646,0.0819748860888444,-2.438448634000472
-33.12686567164179,0.20069961476078035,0.08107728541911575,-2.441909183965922
-33.11940298507463,0.19927777752142994,0.08017732639891766,-2.4457031721877245
-33.11194029850746,0.19788187468568538,0.07926367374090834,-2.449820705892524
-33.1044776119403,0.19650352867498233,0.07832400466866836,-2.454250345551295
-33.09701492537313,0.19512920408709766,0.07735303158866684,-2.458979102441055
-33.08955223880597,0.19375219902830446,0.07635484168052073,-2.463992444440101
-33.082089552238806,0.19237911374988734,0.07533990748980869,-2.4692743100692027
-33.07462686567164,0.19102309566927045,0.07431787165856656,-2.474807131235772
-33.06716417910448,0.1896911919290362,0.07329134061028676,-2.480571864408658
-33.059701492537314,0.1883787113165041,0.07225780924801703,-2.486548028622662
-33.05223880597015,0.18707452445675274,0.07121767398684281,-2.4927137489875753
-33.04477611940298,0.1857703570200268,0.07017715393636355,-2.4990458053112365
-33.03731343283582,0.18446546284238075,0.06914183576027118,-2.505519684799949
-33.02985074626866,0.18316401947397798,0.06811019260632817,-2.5121096370655827
-33.02238805970149,0.18186910012281862,0.06707714683866534,-2.5187887308763415
-33.01492537313433,0.18057957313294581,0.06604397478403769,-2.5255289132955347
-33.007462686567166,0.1792919365259019,0.06502151024992528,-2.5323010708050875
-33.0,0.17800240953602914,0.06402099215205363,-2.5390750910609796
-32.992537313432834,0.17670750859562367,0.06304249512004156,-2.545819925645752
-32.98507462686567,0.1754061852804172,0.06207490721914835,-2.552503656082596
-32.97761194029851,0.17410190078320867,0.061108126109126436,-2.559093564624673
-32.97014925373134,0.1728001630901435,0.0601435723835282,-2.565556209995173
-32.96268656716418,0.17150350530108247,0.05919278056786277,-2.5718575082966684
-32.95522388059702,0.1702093502006674,0.05826843040547583,-2.5779628200109146
-32.94776119402985,0.16891267400085247,0.05737714887405084,-2.5838370445738503
-32.940298507462686,0.16761083466534496,0.0565177892429472,-2.5894447246631307
-32.93283582089552,0.16630604213014122,0.05568472942087523,-2.5947501625134333
-32.92537313432836,0.16500279710926916,0.054873268861359466,-2.599717548990424
-32.917910447761194,0.16370227039308505,0.054082943513268554,-2.6043111039278624
-32.91044776119403,0.1623999420244316,0.05331712012880591,-2.6084952264326517
-32.90298507462687,0.1610893896285078,0.052580842041501395,-2.612234656119503
-32.8955223880597,0.15976677961918226,0.05187828446116274,-2.615494646318691
-32.88805970149254,0.15843151439572475,0.05120975490817791,-2.618241147076116
-32.88059701492537,0.1570856939568955,0.05057093565052593,-2.620440993756139
-32.87313432835821,0.15573371939082928,0.04995710921939226,-2.6220620988921137
-32.865671641791046,0.15437915949852396,0.04936867467814167,-2.6230736468611604
-32.85820895522388,0.15302008145112103,0.048811823777288696,-2.62344628934627
-32.850746268656714,0.1516494425225955,0.04829445729545583,-2.623152337082798
-32.843283582089555,0.1502616939502401,0.04782290659156199,-2.6221659436040174
-32.83582089552239,0.14885750019167926,0.0474012327783425,-2.6204632781568944
-32.82835820895522,0.14744104750205267,0.04702949094307324,-2.6180226847634405
-32.82089552238806,0.14601449139051612,0.046701122380192354,-2.6148248238195118
-32.8134328358209,0.14457563792003914,0.04640488804008255,-2.6108527938318167
-32.80597014925373,0.14312035928047742,0.04613190386818406,-2.6060922324692224
-32.798507462686565,0.14164788776539744,0.04588180333431238,-2.600531395984529
-32.791044776119406,0.1401634289565213,0.04566215101469098,-2.5941612152113005
-32.78358208955224,0.1386731783951942,0.04548130023376327,-2.5869753263457467
-32.776119402985074,0.13717712806475613,0.04534146072409322,-2.5789700754183196
-32.76865671641791,0.13566949281791976,0.04523974658448444,-2.570144494959789
-32.76119402985075,0.13414617764789383,0.04517554092631145,-2.560500249788503
-32.75373134328358,0.13261014373668034,0.045153034855047264,-2.5500415476272944
-32.74626865671642,0.1310693800724822,0.04517481720285982,-2.5387750149144583
-32.73880597014925,0.1295300122592959,0.04523661312906037,-2.5267095513765137
-32.73134328358209,0.12799167594014016,0.04533096101369697,-2.513856186616705
-32.723880597014926,0.1264494255775597,0.045453111537184676,-2.5002279476120193
-32.71641791044776,0.12489880474145282,0.04560081173017139,-2.4858397135039234
-32.708955223880594,0.12333728582147692,0.045771724569193956,-2.4707080247208992
-32.701492537313435,0.12176162798170041,0.04596446358701684,-2.4548508481448668
-32.69402985074627,0.12016731126496598,0.046179903480585635,-2.4382873339061666
-32.6865671641791,0.11855234333351454,0.046418646810907,-2.421037590229043
-32.67910447761194,0.11692000215727347,0.04667871516813973,-2.4031224775926088
-32.67164179104478,0.1152767628971634,0.046956891706464665,-2.3845634158074347
-32.66417910447761,0.11362840589926984,0.047250660533306045,-2.3653822008877157
-32.656716417910445,0.11197822883815302,0.0475580221926568,-2.3456008310430967
-32.649253731343286,0.11032756214979494,0.04787768073358435,-2.3252413427662435
-32.64179104477612,0.10867679381899453,0.048210560393760434,-2.3043256596722252
-32.634328358208954,0.1070260070774402,0.04855884381687451,-2.2828754573727865
-32.62686567164179,0.10537522033588585,0.048922210406494436,-2.2609120487553254
-32.61940298507463,0.1037244335943315,0.04929738828308426,-2.2384562934977428
-32.61194029850746,0.10207364685277714,0.04968240932580171,-2.2155285326603327
-32.6044776119403,0.1004228601112228,0.05007802961579478,-2.192148546890828
-32.59701492537313,0.09877207336966845,0.0504833156620477,-2.1683355379607923
-32.58955223880597,0.09712128662811412,0.0508940803441483,-2.1441081360255607
-32.582089552238806,0.09547049988655974,0.051309258980327656,-2.119484436164831
-32.57462686567164,0.09381971314500541,0.05173516339614277,-2.094482067276345
-32.56716417910448,0.09216894481420501,0.05217855655333642,-2.069118294632139
-32.559701492537314,0.09051827812584695,0.05263745605700659,-2.0434101547668857
-32.55223880597015,0.0888681010647301,0.053102492630719644,-2.017374619549215
-32.54477611940298,0.08721974406683654,0.05356574180140782,-1.9910287861972247
-32.53731343283582,0.08557652321748041,0.054025037130961164,-1.9643900894419482
-32.52985074626866,0.0839442836836817,0.05448163008682377,-1.937476528272462
-32.52238805970149,0.08232982379022541,0.054937433593760555,-1.9103068941202441
-32.51492537313433,0.08073746560066447,0.055394612949531866,-1.8829009855921683
-32.507462686567166,0.0791677104645671,0.05585629975193711,-1.8552797979530309
-32.5,0.07762052603365523,0.05632691517759746,-1.8274656769320332
-32.492537313432834,0.07609936163665602,0.05680964073749285,-1.7994824231577993
-32.48507462686567,0.074611951911182,0.05730167256998349,-1.771355331744305
-32.47761194029851,0.07317164013028712,0.057793704402474125,-1.743111155579106
-32.47014925373134,0.0717955991624064,0.05827642996236952,-1.7147779870533777
-32.46268656716418,0.07048392700729851,0.05874704538802987,-1.6863850585245017
-32.45522388059702,0.06917387297590834,0.05920873219043511,-1.6579624673456443
-32.44776119402985,0.06771382159452091,0.059665893287085874,-1.6295408366177635
-32.440298507462686,0.0659339055737199,0.06012159598872083,-1.601150928402385
-32.43283582089552,0.0638124052185347,0.06057770334997655,-1.5728232321584563
-32.42537313432836,0.06157936449759482,0.0610351936065867,-1.544587553687441
-32.417910447761194,0.05959456061720661,0.06149336718985279,-1.5164726275023483
-32.41044776119403,0.05808780794805066,0.06194759543774879,-1.4885057738220926
-32.40298507462687,0.05702795239184155,0.06238924652583765,-1.4607126233162222
-32.3955223880597,0.05621779643871941,0.06281203949001213,-1.4331169315898302
-32.38805970149254,0.055460098344884336,0.06321883404680453,-1.4057404954384294
-32.38059701492537,0.05463936877773622,0.06361759874033422,-1.3786031702710508
-32.37313432835821,0.05371612928502003,0.06401018884164561,-1.3517229828898552
-32.365671641791046,0.05269769638714305,0.06438950262763107,-1.3251163336200216
-32.35820895522388,0.051616769157917894,0.06474820958725716,-1.2987982762765777
-32.350746268656714,0.050514179436872864,0.06508608228867405,-1.272782853525872
-32.343283582089555,0.04942191401351201,0.06540750938430372,-1.247083459920202
-32.33582089552239,0.04835243394491049,0.06571525583295951,-1.2217132068812768
-32.32835820895522,0.04730325232312127,0.06600863987049584,-1.1966852658256717
-32.32089552238806,0.04627057726988807,0.06628504785411866,-1.1720131670821154
-32.3134328358209,0.045256670436753646,0.0665401231701106,-1.1477110378628668
-32.30597014925373,0.04426673579907328,0.06676844296391996,-1.1237937693979418
-32.298507462686565,0.04330416284222134,0.0669679356611232,-1.1002771075332936
-32.291044776119406,0.04236956047907244,0.06714328071334508,-1.0771776656928251
-32.28358208955224,0.04146067664008864,0.06730055070685721,-1.0545128654372455
-32.276119402985074,0.04057235899112933,0.06743756222765147,-1.0323008141494905
-32.26865671641791,0.03969919231980607,0.06754399264704027,-1.0105601303946283
-32.26119402985075,0.03883901591954916,0.06761241064868835,-0.9893097291194115
-32.25373134328358,0.03799313650355289,0.06764537888908058,-0.9685685841014696
-32.24626865671642,0.03716479892590382,0.06764984981747342,-0.9483554889076792
-32.23880597014925,0.036359736004597666,0.06762696617944661,-0.9286888341290472
-32.23134328358209,0.035586565250374756,0.06756877860947164,-0.9095864107976454
-32.223880597014926,0.03485236140684166,0.06746475554319224,-0.891065245090146
-32.21641791044776,0.03415617404050934,0.06731133007974834,-0.8731414686422773
-32.208955223880594,0.033488341234524044,0.06711436829331485,-0.8558302288759807
-32.201492537313435,0.0328369754495578,0.06688216557877161,-0.8391456400683206
-32.19402985074627,0.032194405956696266,0.06661808759910803,-0.8231007683373268
-32.1865671641791,0.031559263892082724,0.06632117436873004,-0.807707639146623
-32.17910447761194,0.030935554342393142,0.06599061832246396,-0.7929772600996944
-32.17164179104478,0.030329293286875725,0.06562682914207557,-0.7789196583857284
-32.16417910447761,0.029743332282784342,0.06522985126236852,-0.7655439319144732
-32.156716417910445,0.029174762934236504,0.06479971616138026,-0.7528583073504989
-32.149253731343286,0.028617562886044952,0.06433858899399841,-0.7408701943410623
-32.14179104477612,0.02806728222810623,0.06385060577842014,-0.7295862229774025
-32.134328358208954,0.027523874550239802,0.06333808915524734,-0.7190122496846466
-32.12686567164179,0.026991549830373142,0.06279883714143703,-0.7091533238810003
-32.11940298507463,0.026475775957309218,0.06222892148004,-0.7000136307079359
-32.11194029850746,0.025978787702826463,0.06162708552951679,-0.6915964449534069
-32.1044776119403,0.025498400460083122,0.06099500297534695,-0.6839041179292036
-32.09701492537313,0.02503293581091022,0.06033416324103765,-0.6769380785231839
-32.08955223880597,0.024585575259823016,0.0596433358607325,-0.670698814070401
-32.082089552238806,0.02415997354413395,0.0589191537121972,-0.6651858259424883
-32.07462686567164,0.02375289513994518,0.058160267637886044,-0.6603975827011614
-32.06716417910448,0.0233561560225983,0.05737120351059504,-0.6563314924202024
-32.059701492537314,0.02296528390708496,0.0565600752484407,-0.6529839029768851
-32.05223880597015,0.022581987603139012,0.055732569561877804,-0.6503501286763546
-32.04477611940298,0.02220968332133235,0.05489002692184942,-0.6484244964922953
-32.03731343283582,0.021850463024115332,0.05403196026542617,-0.6472004066524969
-32.02985074626866,0.021504711650186373,0.05315754208098946,-0.6466704062070526
-32.02238805970149,0.021170374711123933,0.05226680381250555,-0.646826274166339
-32.01492537313433,0.020843262197032142,0.051363483901844004,-0.6476591118124149
-32.007462686567166,0.020519027336911622,0.05045436883815132,-0.6491594284276727
-32.0,0.020194466226043706,0.04954266621390268,-0.6513172198337714
-31.992537313432834,0.019868599184279384,0.048623557754981735,-0.6541220445057735
-31.98507462686567,0.01954491509135629,0.04768946812389127,-0.657563095286825
-31.97761194029851,0.01923172268674939,0.0467385709271085,-0.6616292565622763
-31.970149253731343,0.01893734141651551,0.04577541981523009,-0.6663091426340185
-31.962686567164177,0.018663033285005258,0.044805177092020414,-0.6715911186538318
-31.955223880597014,0.0184011259478819,0.04383133671874733,-0.6774633006309451
-31.94776119402985,0.018140956736172283,0.04285870191886986,-0.6839135313306852
-31.940298507462686,0.017876132426765307,0.04189370762267061,-0.6909293370040108
-31.932835820895523,0.017606119040956426,0.04093966117278377,-0.6984978679069864
-31.92537313432836,0.017333399250270873,0.03999459971665025,-0.7066058140184712
-31.917910447761194,0.017061169086826547,0.03905525242987692,-0.7152392874866155
-31.91044776119403,0.016793567033924504,0.03811925692054142,-0.7243836780761299
-31.902985074626866,0.016536271795207884,0.037182515256734106,-0.734023498283175
-31.895522388059703,0.01629444650636919,0.03623992622649721,-0.7441422291852169
-31.888059701492537,0.016067868352107505,0.03529188783805268,-0.754722166380972
-31.88059701492537,0.01584822859294785,0.03434703037138587,-0.7657442633818189
-31.87313432835821,0.01562396012915065,0.03341688318354324,-0.7771879780282642
-31.865671641791046,0.015389663911002306,0.032509636196632156,-0.7890311344112388
-31.85820895522388,0.015150777416091093,0.03162815528356937,-0.8012498126814102
-31.850746268656714,0.014918790888407234,0.03077000311289958,-0.8138182761394788
-31.843283582089555,0.014702033084546444,0.029927526787547586,-0.8267089412745136
-31.83582089552239,0.014500718837503786,0.029090637819907655,-0.8398923947960864
-31.828358208955223,0.014309368223661412,0.028252950897577147,-0.853337466268656
-31.82089552238806,0.014121703269178158,0.027415717630872874,-0.8670113718650577
-31.813432835820898,0.013932580720478656,0.02658600162254379,-0.8808799435593255
-31.80597014925373,0.013738147435814153,0.02577172191033294,-0.8949079467129997
-31.798507462686565,0.01353740545360587,0.024978402287985535,-0.9090594818213427
-31.791044776119403,0.013333747093209235,0.024209517046167556,-0.923298470327259
-31.78358208955224,0.013132985093880209,0.02346757697153222,-0.9375892252252437
-31.776119402985074,0.012938710290286676,0.022753094636057306,-0.9518970922899063
-31.768656716417908,0.012750197422024689,0.022063146297379144,-0.9661891368201502
-31.761194029850746,0.012564905372573596,0.021391633275377686,-0.9804348575974485
-31.753731343283583,0.012381020614853895,0.020731337393211677,-0.9946069089835026
-31.746268656716417,0.012197505431179131,0.020078232055254212,-1.0086817907580579
-31.738805970149254,0.012013894981001071,0.019435384833473346,-1.0226404575199257
-31.731343283582092,0.011829890170085079,0.01880954678798844,-1.0364688223444505
-31.723880597014926,0.011644065295945829,0.01820169342104694,-1.050158140677438
-31.71641791044776,0.011453027417519773,0.01760477536090741,-1.0637052372885194
-31.708955223880597,0.0112511034900396,0.017013077351697818,-1.0771125226030667
-31.701492537313435,0.01103150156465936,0.016429617592567485,-1.0903877684579384
-31.69402985074627,0.010790229117629568,0.01586274781482327,-1.1035436502142602
-31.686567164179102,0.010528407410813012,0.015319409072722952,-1.116597079286782
-31.67910447761194,0.010250000934178464,0.014802807593684682,-1.12956834716005
-31.671641791044777,0.009960102563600656,0.014312697519696573,-1.1424800935992752
-31.66417910447761,0.00966601328674385,0.013846452217127233,-1.1553561175178169
-31.656716417910445,0.009376586673155333,0.013401748936573246,-1.1682200751711507
-31.649253731343286,0.00909997758234646,0.01297766539138131,-1.1810941378798483
-31.64179104477612,0.008844099993761604,0.012570967895227842,-1.1939976826686305
-31.634328358208954,0.008618019894547494,0.012173001156388717,-1.2069460656627737
-31.62686567164179,0.00842902222402135,0.01177421820373847,-1.2199495108734915
-31.61940298507463,0.00827684358757143,0.011372681220051431,-1.2330121555927287
-31.611940298507463,0.008152273790755678,0.010976667307015707,-1.2461313069463165
-31.604477611940297,0.008042559193975753,0.010597983072520255,-1.2592969531310527
-31.597014925373134,0.007937981147889179,0.010243063566125695,-1.2724915413331495
-31.58955223880597,0.007834042920861331,0.009911212933984037,-1.2856900114422134
-31.582089552238806,0.007729686530264898,0.009599573052699541,-1.29886006686536
-31.57462686567164,0.007625021217093855,0.009306967251488371,-1.3119626526891075
-31.567164179104477,0.007520243697904805,0.009032993631255584,-1.3249525985830775
-31.559701492537314,0.007415438854918725,0.008775351996693386,-1.3377793885641935
-31.55223880597015,0.0073106269983121,0.008528279448662883,-1.3503880370019468
-31.544776119402986,0.007205815141705481,0.008284033193848989,-1.362720050968719
-31.537313432835823,0.007101003285098863,0.00803750042858478,-1.3747144373296558
-31.529850746268657,0.006996191428492243,0.007789710693808279,-1.3863086983965136
-31.52238805970149,0.006891379571885618,0.007546036736882304,-1.3974397705817487
-31.51492537313433,0.006786567715278991,0.007311566469013031,-1.4080448804007613
-31.507462686567166,0.006681755858672364,0.007089805550102336,-1.418062306043082
-31.5,0.0065769440020657394,0.006884277094782737,-1.4274320415402952
-31.492537313432834,0.0064721321454591155,0.006697260472796805,-1.4360963657441814
-31.48507462686567,0.006367320288852487,0.006526285543665939,-1.444000312315264
-31.47761194029851,0.006262508432245858,0.006366138482695007,-1.4510920249531032
-31.470149253731343,0.006157696575639231,0.0062148617874427554,-1.457322985793121
-31.462686567164177,0.006052884719032607,0.0060729343312668944,-1.4626481272530494
-31.455223880597014,0.005948072862425982,0.005937143159221211,-1.4670258582723383
-31.44776119402985,0.005843261005819355,0.0058024811527156855,-1.4704180364843906
-31.440298507462686,0.005738449149212726,0.005670781062770258,-1.4727898910525323
-31.432835820895523,0.0056336372926060994,0.005549849625496729,-1.4741098643921264
-31.42537313432836,0.005528825435999475,0.005442234259271793,-1.4743493425204528
-31.417910447761194,0.00542401357939285,0.005340931673853369,-1.4734822931579035
-31.41044776119403,0.005319201722786224,0.005238600645619103,-1.4714848607821385
-31.402985074626866,0.005214389866179596,0.005137145008350566,-1.4683349433833268
-31.395522388059703,0.005109578009572971,0.005046101281813693,-1.4640117471653544
-31.388059701492537,0.005004766152966351,0.0049727921546672375,-1.4584953208102727
-31.38059701492537,0.004899954296359733,0.004914687130873549,-1.4517660950014206
-31.37313432835821,0.004795142439753114,0.0048614926021393855,-1.443804469220184
-31.365671641791046,0.004690330583146489,0.004804883012840973,-1.4345904776736622
-31.35820895522388,0.004585518726539861,0.004745551331486413,-1.4241035371862372
-31.350746268656714,0.004480706869933233,0.004689528142096708,-1.4123222680637377
-31.343283582089555,0.004375895013326609,0.004638725086214448,-1.3992244217911607
-31.33582089552239,0.004271083156719984,0.004588022835634019,-1.3847870087410503
-31.328358208955223,0.004166271300113358,0.004532622564394115,-1.3689867152774724
-31.32089552238806,0.0040614594435067295,0.00447578316119329,-1.3518006379713583
-31.313432835820898,0.003956647586900102,0.004427025421473921,-1.3332073144899128
-31.30597014925373,0.0038518357302934772,0.004393288433624203,-1.3131880234232287
-31.298507462686565,0.0037470238736868524,0.004373207974589956,-1.2917283265934212
-31.291044776119403,0.003642212017080226,0.004358475464645622,-1.2688198229536163
-31.28358208955224,0.0035374001604735962,0.004338413264731922,-1.2444621023770823
-31.276119402985074,0.0034325883038669697,0.004304795341304581,-1.2186649053274217
-31.268656716417908,0.0033277764472603453,0.004256642260614467,-1.1914504474974836
-31.261194029850746,0.0032229645906537204,0.004202194330265548,-1.1628557826041328
-31.253731343283583,0.0031181527340470934,0.00415416031399781,-1.1329350316587385
-31.246268656716417,0.003013340877440466,0.004121165308720269,-1.10176132039534
-31.238805970149254,0.002908529020833841,0.004103613646080852,-1.069428313097606
-31.231343283582092,0.002803717164227221,0.004096852050137938,-1.0360512718856054
-31.223880597014926,0.0026989053076206036,0.004096852050137938,-1.0017675679011113
-31.21641791044776,0.0025940934510139835,0.004103613646080852,-0.9667365375785483
-31.208955223880597,0.0024892815944073587,0.004121165308720269,-0.931138567155186
-31.201492537313435,0.0023844583406673414,0.00415416031399781,-0.8951733335721217
-31.19402985074627,0.0022795791790359396,0.004202194330265548,-0.8951733335721217
-31.186567164179102,0.0021744426493776055,0.00425662400149392,-0.8951733335721217
-31.17910447761194,0.002068423070262078,0.004304676276882203,-0.8951733335721217
-31.171641791044777,0.0019602168922808172,0.004337808605702668,-0.8951733335721217
-31.16417910447761,0.0018484082776149882,0.004356083991793717,-0.8951733335721217
-31.156716417910445,0.0017338106364997094,0.0043658417196177895,-0.8951733335721217
-31.149253731343286,0.0016225181379676558,0.004375599447441862,-0.8951733335721217
-31.14179104477612,0.0015256841797634492,0.004393874833532911,-0.8951733335721217
-31.134328358208954,0.001453749624137926,0.004427007162353375,-0.8951733335721217
-31.12686567164179,0.0014096414840755324,0.004475059437741658,-0.8951733335721217
-31.11940298507463,0.0013877909030803393,0.0045295073680905774,-0.8951733335721217
-31.111940298507463,0.0013791598644344075,0.004577660448780693,-0.8951733335721217
-31.104477611940297,0.0013764819348956985,0.004611278372208034,-0.8951733335721217
-31.097014925373134,0.001375939559482958,0.004631340572121734,-0.8951733335721217
-31.08955223880597,0.0013764221731036362,0.004646073082066069,-0.8951733335721217
-31.082089552238806,0.0013788150952565381,0.004666153541100316,-0.8951733335721217
-31.07462686567164,0.001386242523504534,0.004699890528950034,-0.8951733335721217
-31.067164179104477,0.0014040599976263648,0.004748648268669402,-0.8951733335721217
-31.059701492537314,0.0014373474216261282,0.004805505930990772,-0.8951733335721217
-31.05223880597015,0.0014857803377605397,0.004861025266653054,-0.8951733335721217
-31.044776119402986,0.0015406804325097004,0.004912313917142191,-0.8951733335721217
-31.037313432835823,0.0015892334018404025,0.0049653893814539775,-0.8951733335721217
-31.029850746268657,0.0016231305062776819,0.0050281741667865965,-0.8951733335721217
-31.02238805970149,0.0016433593133063514,0.005102785102351047,-0.8951733335721217
-31.01492537313433,0.0016582141698023433,0.005185041701075379,-0.8951733335721217
-31.007462686567166,0.0016784429768310128,0.005268617778136032,-0.8951733335721217
-31.0,0.0017123584920222287,0.005348221754941291,-0.8951733335721217
-30.992537313432834,0.0017610315145492215,0.005421897412272245,-0.8951733335721217
-30.98507462686567,0.0018165412897358981,0.0054927068867722285,-0.8951733335721217
-30.97761194029851,0.0018673855387771488,0.005566400803223729,-0.8951733335721217
-30.970149253731343,0.0019081003910249078,0.005646123844451366,-0.8951733335721217
-30.962686567164177,0.0019437353392685692,0.005730304580541273,-0.8951733335721217
-30.955223880597014,0.001984450191516329,0.005814952652117509,-0.8951733335721217
-30.94776119402985,0.002035294440557579,0.0058969298426541274,-0.8951733335721217
-30.940298507462686,0.002090785804990319,0.005977403614169086,-0.8951733335721217
-30.932835820895523,0.002139338774321021,0.0060636114073013385,-0.8951733335721217
-30.92537313432836,0.002172644609074721,0.006163556992208012,-0.8951733335721217
-30.917910447761194,0.0021904620831965514,0.00627601653637295,-0.8951733335721217
-30.91044776119403,0.0021978895114445475,0.006388860869842933,-0.8951733335721217
-30.902985074626866,0.0022003008443513866,0.00649057500945171,-0.8951733335721217
-30.895522388059703,0.0022009105247889024,0.006581775843824771,-0.8951733335721217
-30.888059701492537,0.0022010305779851923,0.006672673151851736,-0.8951733335721217
-30.88059701492537,0.00220104898873913,0.006770597538753901,-0.8951733335721217
-30.87313432835821,0.00220104898873913,0.006872657835051693,-0.8951733335721217
-30.865671641791046,0.00220104898873913,0.006970582221953855,-0.8951733335721217
-30.85820895522388,0.00220104898873913,0.007061461270860275,-0.8951733335721217
-30.850746268656714,0.00220104898873913,0.007152561299931505,-0.8951733335721217
-30.843283582089555,0.00220104898873913,0.007253808104053952,-0.8951733335721217
-30.83582089552239,0.00220104898873913,0.007364966429003115,-0.8951733335721217
-30.828358208955223,0.00220104898873913,0.007472936785654668,-0.8951733335721217
-30.82089552238806,0.00220104898873913,0.007564364712294363,-0.8951733335721217
-30.813432835820898,0.00220104898873913,0.007640223009331132,-0.8951733335721217
-30.80597014925373,0.00220104898873913,0.007716081306367901,-0.8951733335721217
-30.798507462686565,0.00220104898873913,0.007807490973887053,-0.8951733335721217
-30.791044776119403,0.00220104898873913,0.007915360525236772,-0.8951733335721217
-30.78358208955224,0.00220104898873913,0.008026033255579058,-0.8951733335721217
-30.776119402985074,0.00220104898873913,0.008125493245878856,-0.8951733335721217
-30.768656716417908,0.00220104898873913,0.008211600233709275,-0.8951733335721217
-30.761194029850746,0.00220104898873913,0.008292055746103687,-0.8951733335721217
-30.753731343283583,0.00220104898873913,0.008374032936640307,-0.8951733335721217
-30.746268656716417,0.00220104898873913,0.008458681008216543,-0.8951733335721217
-30.738805970149254,0.00220104898873913,0.008542843485185903,-0.8951733335721217
-30.731343283582092,0.00220104898873913,0.008622447461991162,-0.8951733335721217
-30.723880597014926,0.00220104898873913,0.008695536719413408,-0.8951733335721217
-30.71641791044776,0.00220104898873913,0.008763972980182035,-0.8951733335721217
-30.708955223880597,0.00220104898873913,0.008830401446963197,-0.8951733335721217
-30.701492537313435,0.00220104898873913,0.00889292109661537,-0.8951733335721217
-30.69402985074627,0.00220104898873913,0.008945756317707462,-0.8951733335721217
-30.686567164179102,0.00220104898873913,0.008986740496106971,-0.8951733335721217
-30.67910447761194,0.00220104898873913,0.00902220101465294,-0.8951733335721217
-30.671641791044777,0.00220104898873913,0.009062598793143741,-0.8951733335721217
-30.66417910447761,0.00220104898873913,0.009113024282263382,-0.8951733335721217
-30.656716417910445,0.00220104898873913,0.00916805861252101,-0.8951733335721217
-30.649253731343286,0.00220104898873913,0.009216211693211124,-0.8951733335721217
-30.64179104477612,0.00220104898873913,0.009249243216729758,-0.8951733335721217
-30.634328358208954,0.00220104898873913,0.009266913943791553,-0.8951733335721217
-30.62686567164179,0.00220104898873913,0.00927428019876372,-0.8951733335721217
-30.61940298507463,0.00220104898873913,0.009276671671615624,-0.8951733335721217
-30.611940298507463,0.00220104898873913,0.009277276330644879,-0.8951733335721217
-30.604477611940297,0.00220104898873913,0.00927737713594671,-0.8951733335721217
-30.597014925373134,0.00220104898873913,0.009277276330644879,-0.8951733335721217
-30.58955223880597,0.00220104898873913,0.009276671671615624,-0.8951733335721217
-30.582089552238806,0.00220104898873913,0.00927428019876372,-0.8951733335721217
-30.57462686567164,0.00220104898873913,0.009266913943791553,-0.8951733335721217
-30.567164179104477,0.00220104898873913,0.009249224957609213,-0.8951733335721217
-30.559701492537314,0.00220104898873913,0.009216092628788747,-0.8951733335721217
-30.55223880597015,0.00220104898873913,0.009167453953491755,-0.8951733335721217
-30.544776119402986,0.00220104898873913,0.009110632809411476,-0.8951733335721217
-30.537313432835823,0.00220104898873913,0.009055232538171571,-0.8951733335721217
-30.529850746268657,0.00220104898873913,0.009004530287591146,-0.8951733335721217
-30.52238805970149,0.00220104898873913,0.008953727231708885,-0.8951733335721217
-30.51492537313433,0.00220104898873913,0.00889770404231918,-0.8951733335721217
-30.507462686567166,0.00220104898873913,0.008838372360964618,-0.8951733335721217
-30.5,0.00220104898873913,0.008781762771666207,-0.8951733335721217
-30.492537313432834,0.00220104898873913,0.008728568242932042,-0.8951733335721217
-30.48507462686567,0.00220104898873913,0.008670481478258898,-0.8951733335721217
-30.47761194029851,0.00220104898873913,0.008597273156414276,-0.8951733335721217
-30.470149253731343,0.00220104898873913,0.00850671502448428,-0.8951733335721217
-30.462686567164177,0.00220104898873913,0.008407046201038394,-0.8951733335721217
-30.455223880597014,0.00220104898873913,0.008309726473165482,-0.8951733335721217
-30.44776119402985,0.00220104898873913,0.008218948229560897,-0.8951733335721217
-30.440298507462686,0.00220104898873913,0.008127747395187837,-0.8951733335721217
-30.432835820895523,0.00220104898873913,0.00802591419115668,-0.8951733335721217
-30.42537313432836,0.00220104898873913,0.007912483457777992,-0.8951733335721217
-30.417910447761194,0.00220104898873913,0.0077977515051835256,-0.8951733335721217
-30.41044776119403,0.00220104898873913,0.007691007806092847,-0.8951733335721217
-30.402985074626866,0.00220104898873913,0.00758928262990595,-0.8951733335721217
-30.395522388059703,0.00220104898873913,0.007481970790027108,-0.8951733335721217
-30.388059701492537,0.00220104898873913,0.007364966429003115,-0.8951733335721217
-30.38059701492537,0.00220104898873913,0.007244755840560965,-0.8951733335721217
-30.37313432835821,0.00220104898873913,0.007127506058776995,-0.8951733335721217
-30.365671641791046,0.00220104898873913,0.0070099344915263845,-0.8951733335721217
-30.35820895522388,0.0022010305779851923,0.006885815085955242,-0.8951733335721217
-30.350746268656714,0.0022009105247889024,0.00675744028785035,-0.8951733335721217
-30.343283582089555,0.0022003008443513866,0.0066333026231586625,-0.8951733335721217
-30.33582089552239,0.0021978895114445475,0.00651563025060622,-0.8951733335721217
-30.328358208955223,0.002190443672442615,0.006397894874215374,-0.8951733335721217
-30.32089552238806,0.002172506145124494,0.006275897471950572,-0.8951733335721217
-30.313432835820898,0.002138609040687215,0.006153881810565225,-0.8951733335721217
-30.30597014925373,0.0020877647916459643,0.006036045628872548,-0.8951733335721217
-30.298507462686565,0.0020254556794027444,0.0059178876617132295,-0.8951733335721217
-30.291044776119403,0.0019591868783925656,0.005791963183198889,-0.8951733335721217
-30.28358208955224,0.001892491977196748,0.00565859534385319,-0.8951733335721217
-30.276119402985074,0.00182563190650299,0.005524052401770042,-0.8951733335721217
-30.268656716417908,0.001760911461352931,0.005390551897274431,-0.8951733335721217
-30.261194029850746,0.0017026397840636844,0.005256008955191284,-0.8951733335721217
-30.253731343283583,0.0016509067947506379,0.005122641115845585,-0.8951733335721217
-30.246268656716417,0.0015995617902364629,0.0049967348964517905,-0.8951733335721217
-30.238805970149254,0.0015430733546626027,0.004878677734594304,-0.8951733335721217
-30.231343283582092,0.001483369004853701,0.004761327147508503,-0.8951733335721217
-30.223880597014926,0.0014268989800337775,0.004641098299945807,-0.8951733335721217
-30.21641791044776,0.0013756735823945855,0.004524093938921813,-0.8951733335721217
-30.208955223880597,0.0013245469168172309,0.00441680035816352,-0.8951733335721217
-30.201492537313435,0.0012686684356011811,0.0043151759872784535,-0.8951733335721217
-30.19402985074627,0.0012112988253101587,0.004208936141915197,-0.8951733335721217
-30.186567164179102,0.0011619995764826536,0.004096091808445214,-0.8951733335721217
-30.17910447761194,0.001127903508264433,0.003988121451793663,-0.8951733335721217
-30.171641791044777,0.0011085720645119597,0.0038983795336747858,-0.8951733335721217
-30.16417910447761,0.0010984749460870309,0.00382749601875828,-0.8951733335721217
-30.156716417910445,0.0010920634579367093,0.0037620612582335163,-0.8951733335721217
-30.149253731343286,0.0010862794909554838,0.003686580527959365,-0.8951733335721217
-30.14179104477612,0.0010801781833609447,0.0035960223960293685,-0.8951733335721217
-30.134328358208954,0.0010737465794421696,0.0034986259810130095,-0.8951733335721217
-30.12686567164179,0.0010671533274107133,0.0034086542489917206,-0.8951733335721217
-30.11940298507463,0.0010605016188239389,0.003335564991569474,-0.8951733335721217
-30.111940298507463,0.0010538351301053435,0.003277496486016878,-0.8951733335721217
-30.104477611940297,0.0010471657310062278,0.0032243019572827138,-0.8951733335721217
-30.097014925373134,0.001040495885585797,0.003167692367984301,-0.8951733335721217
-30.08955223880597,0.0010338260401653592,0.0031083606866297406,-0.8951733335721217
-30.082089552238806,0.001027156194744919,0.0030523374972400365,-0.8951733335721217
-30.07462686567164,0.0010204863493244814,0.0030015344413577764,-0.8951733335721217
-30.067164179104477,0.0010138165039040507,0.0029508139316568025,-0.8951733335721217
-30.059701492537314,0.001007146658483627,0.00289529459599452,-0.8951733335721217
-30.05223880597015,0.0010004768130632083,0.002837868792884988,-0.8951733335721217
-30.044776119402986,0.0009938069676427917,0.002786838644736092,-0.8951733335721217
-30.037313432835823,0.0009871371222223758,0.00274634006094346,-0.8951733335721217
-30.029850746268657,0.0009804672768019603,0.0027109803476993237,-0.8951733335721217
-30.02238805970149,0.0009737974313815445,0.002670600828329069,-0.8951733335721217
-30.01492537313433,0.000967127585961129,0.002620175339209427,-0.8951733335721217
-30.007462686567166,0.0009604577405407137,0.0025651410089517998,-0.8951733335721217
-30.0,0.000953787895120298,0.002516987928261685,-0.8951733335721217
-29.992537313432834,0.0009471180496998825,0.0024839564047430523,-0.8951733335721217
-29.98507462686567,0.0009404482042794668,0.002466285677681257,-0.8951733335721217
-29.97761194029851,0.000933778358859051,0.002458919422709089,-0.8951733335721217
-29.970149253731343,0.0009271085134386342,0.0024565279498571842,-0.8951733335721217
-29.962686567164177,0.0009204386680182154,0.002455923290827931,-0.8951733335721217
-29.955223880597014,0.0009137688225977917,0.0024558042264055525,-0.8951733335721217
-29.94776119402985,0.0009070989771773611,0.0024557859672850067,-0.8951733335721217
-29.940298507462686,0.0009004291317569236,0.0024557859672850067,-0.8951733335721217
-29.932835820895523,0.0008937592863364831,0.0024557859672850067,-0.8951733335721217
-29.92537313432836,0.0008870894409160455,0.0024557859672850067,-0.8951733335721217
-29.917910447761194,0.0008804195954956149,0.0024558042264055525,-0.8951733335721217
-29.91044776119403,0.0008737497500751911,0.002455923290827931,-0.8951733335721217
-29.902985074626866,0.0008670799046547722,0.0024565279498571842,-0.8951733335721217
-29.895522388059703,0.0008604100592343555,0.002458919422709089,-0.8951733335721217
-29.888059701492537,0.0008537402138139399,0.002466285677681257,-0.8951733335721217
-29.88059701492537,0.0008470703683935242,0.0024839564047430523,-0.8951733335721217
-29.87313432835821,0.0008404005229731087,0.0025169696691411387,-0.8951733335721217
-29.865671641791046,0.0008337306775526932,0.002565003685408876,-0.8951733335721217
-29.85820895522388,0.0008270608321322776,0.0026194516157577955,-0.8951733335721217
-29.850746268656714,0.000820390986711862,0.0026676046964479103,-0.8951733335721217
-29.843283582089555,0.0008137211412914465,0.002701222619875251,-0.8951733335721217
-29.83582089552239,0.0008070512958710309,0.002721284819788951,-0.8951733335721217
-29.828358208955223,0.0008003814504506154,0.002736017329733286,-0.8951733335721217
-29.82089552238806,0.0007937116050301994,0.0027560795296469862,-0.8951733335721217
-29.813432835820898,0.0007870417596097829,0.002789697453074327,-0.8951733335721217
-29.80597014925373,0.000780371914189364,0.0028378505337644418,-0.8951733335721217
-29.798507462686565,0.0007737020687689403,0.0028922984641133608,-0.8951733335721217
-29.791044776119403,0.0007670322233485096,0.0029403324803810985,-0.8951733335721217
-29.78358208955224,0.0007603623779280721,0.0029733457447791854,-0.8951733335721217
-29.776119402985074,0.0007536925325076317,0.00299101647184098,-0.8951733335721217
-29.768656716417908,0.000747022687087194,0.002998382726813148,-0.8951733335721217
-29.761194029850746,0.0007403528416667634,0.0030007741996650526,-0.8951733335721217
-29.753731343283583,0.0007336829962463397,0.003001378858694306,-0.8951733335721217
-29.746268656716417,0.0007270131508259209,0.003001497923116684,-0.8951733335721217
-29.738805970149254,0.0007203433054055041,0.0030015344413577764,-0.8951733335721217
-29.731343283582092,0.0007136734599850885,0.0030016535057801543,-0.8951733335721217
-29.723880597014926,0.0007070036145646727,0.0030022581648094077,-0.8951733335721217
-29.71641791044776,0.0007003337691442572,0.003004649637661313,-0.8951733335721217
-29.708955223880597,0.0006936639237238416,0.0030120158926334804,-0.8951733335721217
-29.701492537313435,0.000686994078303426,0.0030296866196952757,-0.8951733335721217
-29.69402985074627,0.0006803242328830106,0.0030626998840933626,-0.8951733335721217
-29.686567164179102,0.0006736543874625951,0.0031107339003611,-0.8951733335721217
-29.67910447761194,0.0006669845420421796,0.0031651635715894723,-0.8951733335721217
-29.671641791044777,0.0006603146966217638,0.00321319758785721,-0.8951733335721217
-29.66417910447761,0.000653644851201348,0.003246210852255297,-0.8951733335721217
-29.656716417910445,0.0006469750057809314,0.003263881579317092,-0.8951733335721217
-29.649253731343286,0.0006403051603605125,0.00327124783428926,-0.8951733335721217
-29.64179104477612,0.0006336353149400889,0.0032736393071411646,-0.8951733335721217
-29.634328358208954,0.0006269654695196582,0.003274243966170418,-0.8951733335721217
-29.62686567164179,0.0006202956240992206,0.0032743630305927963,-0.8951733335721217
-29.61940298507463,0.0006136257786787802,0.003274381289713342,-0.8951733335721217
-29.611940298507463,0.0006069559332583426,0.003274381289713342,-0.8951733335721217
-29.604477611940297,0.000600286087837912,0.003274381289713342,-0.8951733335721217
-29.597014925373134,0.0005936162424174884,0.003274381289713342,-0.8951733335721217
-29.58955223880597,0.0005869463969970693,0.003274381289713342,-0.8951733335721217
-29.582089552238806,0.0005802765515766526,0.003274381289713342,-0.8951733335721217
-29.57462686567164,0.0005736067061562369,0.0032743630305927963,-0.8951733335721217
-29.567164179104477,0.0005669368607358212,0.003274243966170418,-0.8951733335721217
-29.559701492537314,0.0005602670153154058,0.0032736393071411646,-0.8951733335721217
-29.55223880597015,0.0005535971698949903,0.00327124783428926,-0.8951733335721217
-29.544776119402986,0.0005469273244745747,0.003263881579317092,-0.8951733335721217
-29.537313432835823,0.0005402574790541591,0.003246210852255297,-0.8951733335721217
-29.529850746268657,0.0005335876336337435,0.00321319758785721,-0.8951733335721217
-29.52238805970149,0.0005269177882133281,0.0031651635715894723,-0.8951733335721217
-29.51492537313433,0.000520247942792912,0.0031107339003611,-0.8951733335721217
-29.507462686567166,0.0005135780973724956,0.0030626998840933626,-0.8951733335721217
-29.5,0.0005069082519520766,0.0030296866196952757,-0.8951733335721217
-29.492537313432834,0.000500238406531653,0.0030120158926334804,-0.8951733335721217
-29.48507462686567,0.0004935685611112223,0.003004649637661313,-0.8951733335721217
-29.47761194029851,0.0004868987156907847,0.0030022581648094077,-0.8951733335721217
-29.470149253731343,0.00048022887027034426,0.0030016535057801543,-0.8951733335721217
-29.462686567164177,0.00047355902484990666,0.0030015344413577764,-0.8951733335721217
-29.455223880597014,0.00046688917942947606,0.003001497923116684,-0.8951733335721217
-29.44776119402985,0.0004602193340090524,0.003001378858694306,-0.8951733335721217
-29.440298507462686,0.00045354948858863345,0.0030007741996650526,-0.8951733335721217
-29.432835820895523,0.0004468796431682168,0.002998382726813148,-0.8951733335721217
-29.42537313432836,0.00044020979774780103,0.00299101647184098,-0.8951733335721217
-29.417910447761194,0.0004335399523273854,0.0029733457447791854,-0.8951733335721217
-29.41044776119403,0.00042687010690696986,0.0029403324803810985,-0.8951733335721217
-29.402985074626866,0.00042020026148655433,0.0028922984641133608,-0.8951733335721217
-29.395522388059703,0.0004135304160661388,0.002837868792884988,-0.8951733335721217
-29.388059701492537,0.00040686057064572327,0.002789816517496705,-0.8951733335721217
-29.38059701492537,0.0004001907252253077,0.00275668418867624,-0.8951733335721217
-29.37313432835821,0.0003935208798048922,0.0027384088025851913,-0.8951733335721217
-29.365671641791046,0.00038685103438447656,0.002728651074761119,-0.8951733335721217
-29.35820895522388,0.00038018118896406076,0.0027188933469370464,-0.8951733335721217
-29.350746268656714,0.0003735113435436441,0.0027006179608459976,-0.8951733335721217
-29.343283582089555,0.0003668414981232252,0.002667485632025533,-0.8951733335721217
-29.33582089552239,0.00036017165270280153,0.0026194333566372493,-0.8951733335721217
-29.328358208955223,0.0003535018072823709,0.002565003685408876,-0.8951733335721217
-29.32089552238806,0.00034683196186193334,0.0025169696691411387,-0.8951733335721217
-29.313432835820898,0.0003401621164414928,0.0024839564047430523,-0.8951733335721217
-29.30597014925373,0.0003334922710210552,0.002466285677681257,-0.8951733335721217
-29.298507462686565,0.0003268224256006246,0.002458919422709089,-0.8951733335721217
-29.291044776119403,0.00032015258018020095,0.0024565279498571842,-0.8951733335721217
-29.28358208955224,0.000313482734759782,0.002455923290827931,-0.8951733335721217
-29.276119402985074,0.0003068128893393654,0.0024558042264055525,-0.8951733335721217
-29.268656716417908,0.0003001430439189496,0.0024557859672850067,-0.8951733335721217
-29.261194029850746,0.00029347319849853395,0.0024557859672850067,-0.8951733335721217
-29.253731343283583,0.0002868033530781184,0.0024557859672850067,-0.8951733335721217
-29.246268656716417,0.0002801335076577029,0.0024557859672850067,-0.8951733335721217
-29.238805970149254,0.0002734636622372873,0.0024557859672850067,-0.8951733335721217
-29.231343283582092,0.00026679381681687177,0.0024557859672850067,-0.8951733335721217
-29.223880597014926,0.00026012397139645624,0.0024557859672850067,-0.8951733335721217
-29.21641791044776,0.00025345412597604076,0.0024557859672850067,-0.8951733335721217
-29.208955223880597,0.0002467842805556251,0.0024557859672850067,-0.8951733335721217
-29.201492537313435,0.00024011443513520932,0.0024557859672850067,-0.8951733335721217
-29.19402985074627,0.00023344458971479267,0.0024557859672850067,-0.8951733335721217
-29.186567164179102,0.00022677474429437373,0.0024557859672850067,-0.8951733335721217
-29.17910447761194,0.00022010489887395012,0.0024557859672850067,-0.8951733335721217
-29.171641791044777,0.00021343505345351943,0.0024557859672850067,-0.8951733335721217
-29.16417910447761,0.00020676520803308187,0.0024557859672850067,-0.8951733335721217
-29.156716417910445,0.0002000953626126414,0.0024557859672850067,-0.8951733335721217
-29.149253731343286,0.0001934255171922038,0.0024557859672850067,-0.8951733335721217
-29.14179104477612,0.00018675567177177315,0.0024557859672850067,-0.8951733335721217
-29.134328358208954,0.00018008582635134948,0.0024557859672850067,-0.8951733335721217
-29.12686567164179,0.0001734159809309306,0.0024557859672850067,-0.8951733335721217
-29.11940298507463,0.00016674613551051392,0.0024557859672850067,-0.8951733335721217
-29.111940298507463,0.0001600762900900981,0.0024557859672850067,-0.8951733335721217
-29.104477611940297,0.00015340644466968253,0.0024557859672850067,-0.8951733335721217
-29.097014925373134,0.00014673659924926697,0.0024557859672850067,-0.8951733335721217
-29.08955223880597,0.00014006675382885144,0.0024557859672850067,-0.8951733335721217
-29.082089552238806,0.00013339690840843588,0.0024557859672850067,-0.8951733335721217
-29.07462686567164,0.00012672706298802038,0.0024557859672850067,-0.8951733335721217
-29.067164179104477,0.00012005721756760481,0.0024557859672850067,-0.8951733335721217
-29.059701492537314,0.00011338737214718922,0.0024557859672850067,-0.8951733335721217
-29.05223880597015,0.00010671752672677342,0.0024557859672850067,-0.8951733335721217
-29.044776119402986,0.00010004768130635678,0.0024557859672850067,-0.8951733335721217
-29.037313432835823,9.337783588593786e-05,0.0024557859672850067,-0.8951733335721217
-29.029850746268657,8.670799046551421e-05,0.0024557859672850067,-0.8951733335721217
-29.02238805970149,8.003814504508354e-05,0.0024558042264055525,-0.8951733335721217
-29.01492537313433,7.336829962464597e-05,0.002455923290827931,-0.8951733335721217
-29.007462686567166,6.669845420420547e-05,0.0024565279498571842,-0.8951733335721217
-29.0,6.0028608783767906e-05,0.002458919422709089,-0.8951733335721217
-28.992537313432834,5.335876336333723e-05,0.002466285677681257,-0.8951733335721217
-28.98507462686567,4.668936426422115e-05,0.0024839564047430523,-0.8951733335721217
-28.97761194029851,4.002287554562591e-05,0.0025169696691411387,-0.8951733335721217
-28.970149253731343,3.337116695885152e-05,0.002565003685408876,-0.8951733335721217
-28.962686567164177,2.6777914927395196e-05,0.0026194516157577955,-0.8951733335721217
-28.955223880597014,2.036472176255702e-05,0.0026676046964479103,-0.8951733335721217
-28.94776119402985,1.4383467364308325e-05,0.002701222619875251,-0.8951733335721217
-28.940298507462686,9.209180820598628e-06,0.002721284819788951,-0.8951733335721217
-28.932835820895523,5.2090255771160236e-06,0.002736017329733286,-0.8951733335721217
-28.92537313432836,2.5393354001830896e-06,0.0027560795296469862,-0.8951733335721217
-28.917910447761194,1.043776523477249e-06,0.002789697453074327,-0.8951733335721217
-28.91044776119403,3.5518550131039324e-07,0.0028378505337644418,-0.8951733335721217
-28.902985074626866,9.85332457329795e-08,0.0028922984641133608,-0.8951733335721217
-28.895522388059703,2.1939856773484365e-08,0.0029403324803810985,-0.8951733335721217
-28.888059701492537,3.8030231312444945e-09,0.0029733640038997317,-0.8951733335721217
-28.88059701492537,4.4632130755724317e-10,0.002991153795383904,-0.8951733335721217
-28.87313432835821,0.0,0.0029991247093853254,-0.8951733335721217
-28.865671641791046,1.8410753936753025e-08,0.003003907655089136,-0.8951733335721217
-28.85820895522388,1.3846395022722505e-07,0.0030118785690905563,-0.8951733335721217
-28.850746268656714,7.481443877430753e-07,0.0030296683605747295,-0.8951733335721217
-28.843283582089555,3.1594772945820476e-06,0.003062718143213909,-0.8951733335721217
-28.83582089552239,1.0586905542577943e-05,0.0031108712239040232,-0.8951733335721217
-28.828358208955223,2.8404379664408627e-05,0.00316590555416165,-0.8951733335721217
-28.82089552238806,6.169180366417204e-05,0.0032163310432812924,-0.8951733335721217
-28.813432835820898,0.00011012471979858367,0.0032567105626515468,-0.8951733335721217
-28.80597014925373,0.00016500640379380754,0.0032920520167751374,-0.8951733335721217
-28.798507462686565,0.0002134393199282192,0.003332431536145392,-0.8951733335721217
-28.791044776119403,0.0002467267439279826,0.0033828570252650344,-0.8951733335721217
-28.78358208955224,0.00026454421804981325,0.0034378913555226614,-0.8951733335721217
-28.776119402985074,0.00027197164629780914,0.0034860626953333224,-0.8951733335721217
-28.768656716417908,0.00027438297920464813,0.003519213283274333,-0.8951733335721217
-28.761194029850746,0.00027501107039610076,0.003537488669365382,-0.8951733335721217
-28.753731343283583,0.0002752511767886817,0.003547246397189454,-0.8951733335721217
-28.746268656716417,0.00027587926798013426,0.0035570041250135268,-0.8951733335721217
-28.738805970149254,0.00027829060088697326,0.0035752795111045755,-0.8951733335721217
-28.731343283582092,0.00028571802913496914,0.0036084300990455865,-0.8951733335721217
-28.723880597014926,0.0003035355032567998,0.0036566014388562476,-0.8951733335721217
-28.71641791044776,0.0003368229272565633,0.003711635769113874,-0.8951733335721217
-28.708955223880597,0.00038525584339097493,0.0037620612582335163,-0.8951733335721217
-28.701492537313435,0.00044013752738619874,0.0038024407776037707,-0.8951733335721217
-28.69402985074627,0.0004885704435206103,0.0038377822317273613,-0.8951733335721217
-28.686567164179102,0.0005218578675203738,0.0038781617510976157,-0.8951733335721217
-28.67910447761194,0.0005396753416422045,0.003928587240217258,-0.8951733335721217
-28.671641791044777,0.0005471027698902003,0.003983639829595431,-0.8951733335721217
-28.66417910447761,0.0005495141027970393,0.004031911974707925,-0.8951733335721217
-28.656716417910445,0.0005501237832345551,0.00406554815725581,-0.8951733335721217
-28.649253731343286,0.0005502622471847824,0.00408561035716951,-0.8951733335721217
-28.64179104477612,0.0005504007111350096,0.004100342867113845,-0.8951733335721217
-28.634328358208954,0.0005510103915725255,0.0041204050670275464,-0.8951733335721217
-28.62686567164179,0.0005534217244793644,0.004154022990454887,-0.8951733335721217
-28.61940298507463,0.0005608491527273604,0.004202176071145001,-0.8951733335721217
-28.611940298507463,0.000578666626849191,0.00425662400149392,-0.8951733335721217
-28.604477611940297,0.0006119540508489544,0.004304658017761658,-0.8951733335721217
-28.597014925373134,0.0006603869669833662,0.00433768954128029,-0.8951733335721217
-28.58955223880597,0.00071526865097859,0.004355479332764463,-0.8951733335721217
-28.582089552238806,0.0007637015671130016,0.004363450246765883,-0.8951733335721217
-28.57462686567164,0.0007969889911127651,0.004368233192469694,-0.8951733335721217
-28.567164179104477,0.0008148064652345957,0.004376185847350569,-0.8951733335721217
-28.559701492537314,0.0008222338934825916,0.004393856574412364,-0.8951733335721217
-28.55223880597015,0.0008246452263894306,0.0044262834389017435,-0.8951733335721217
-28.544776119402986,0.0008252549068269465,0.004471925982317576,-0.8951733335721217
-28.537313432835823,0.000825374960023237,0.004518989398573781,-0.8951733335721217
-28.529850746268657,0.0008253933707771736,0.004549352687779725,-0.8951733335721217
-28.52238805970149,0.000825374960023237,0.004549352687779725,-0.8951733335721217
-28.51492537313433,0.0008252549068269465,0.004518989398573781,-0.8951733335721217
-28.507462686567166,0.0008246452263894306,0.004471925982317576,-0.8951733335721217
-28.5,0.0008222338934825916,0.0044262834389017435,-0.8951733335721217
-28.492537313432834,0.0008148064652345957,0.004393856574412364,-0.8951733335721217
-28.48507462686567,0.0007969889911127651,0.004376185847350569,-0.8951733335721217
-28.47761194029851,0.0007637015671130016,0.004368233192469694,-0.8951733335721217
-28.470149253731343,0.00071526865097859,0.004363450246765883,-0.8951733335721217
-28.462686567164177,0.0006603869669833662,0.004355479332764463,-0.8951733335721217
-28.455223880597014,0.0006119540508489544,0.00433768954128029,-0.8951733335721217
-28.44776119402985,0.000578666626849191,0.004304658017761658,-0.8951733335721217
-28.440298507462686,0.0005608491527273604,0.00425662400149392,-0.8951733335721217
-28.432835820895523,0.0005534217244793644,0.004202176071145001,-0.8951733335721217
-28.42537313432836,0.0005510103915725255,0.004154022990454887,-0.8951733335721217
-28.417910447761194,0.0005504007111350096,0.0041204050670275464,-0.8951733335721217
-28.41044776119403,0.0005502622471847824,0.004100342867113845,-0.8951733335721217
-28.402985074626866,0.0005501237832345551,0.00408561035716951,-0.8951733335721217
-28.395522388059703,0.0005495141027970393,0.004065529898135264,-0.8951733335721217
-28.388059701492537,0.0005471027698902003,0.004031792910285546,-0.8951733335721217
-28.38059701492537,0.0005396753416422045,0.003983035170566178,-0.8951733335721217
-28.37313432835821,0.0005218578675203738,0.003926195767365354,-0.8951733335721217
-28.365671641791046,0.0004885704435206103,0.0038707954961254487,-0.8951733335721217
-28.35820895522388,0.00044013752738619874,0.00382009324554502,-0.8951733335721217
-28.350746268656714,0.00038525584339097493,0.0037692901896627606,-0.8951733335721217
-28.343283582089555,0.0003368229272565633,0.0037132852593936014,-0.8951733335721217
-28.33582089552239,0.0003035170925028631,0.0036540726424614187,-0.8951733335721217
-28.328358208955223,0.00028557956518474194,0.00359806771219226,-0.8951733335721217
-28.32089552238806,0.00027754245649923016,0.003547246397189454,-0.8951733335721217
-28.313432835820898,0.00027271979068555223,0.003496425082186648,-0.8951733335721217
-28.30597014925373,0.0002646826820000405,0.00344042015191749,-0.8951733335721217
-28.298507462686565,0.00024674515468191933,0.0033812075349853063,-0.8951733335721217
-28.291044776119403,0.0002134393199282192,0.003325202604716148,-0.8951733335721217
-28.28358208955224,0.00016500640379380754,0.003274381289713342,-0.8951733335721217
-28.276119402985074,0.00011012471979858367,0.003223559974710536,-0.8951733335721217
-28.268656716417908,6.169180366417204e-05,0.003167555044441378,-0.8951733335721217
-28.261194029850746,2.8404379664408627e-05,0.0031083424275091943,-0.8951733335721217
-28.253731343283583,1.0586905542577943e-05,0.0030523374972400365,-0.8951733335721217
-28.246268656716417,3.1594772945820476e-06,0.00300151618223723,-0.8951733335721217
-28.238805970149254,7.481443877430753e-07,0.0029506948672344247,-0.8951733335721217
-28.231343283582092,1.3846395022722505e-07,0.0028946899369652656,-0.8951733335721217
-28.223880597014926,1.8410753936753025e-08,0.0028354773200330832,-0.8951733335721217
-28.21641791044776,0.0,0.0027794723897639245,-0.8951733335721217
-28.208955223880597,0.0,0.0027286693338816645,-0.8951733335721217
-28.201492537313435,0.0,0.0026779670833012364,-0.8951733335721217
-28.19402985074627,0.0,0.0026225668120613316,-0.8951733335721217
-28.186567164179102,0.0,0.0025657274088605074,-0.8951733335721217
-28.17910447761194,0.0,0.0025169696691411387,-0.8951733335721217
-28.171641791044777,0.0,0.0024832326812914206,-0.8951733335721217
-28.16417910447761,0.0,0.002463152222257174,-0.8951733335721217
-28.156716417910445,0.0,0.0024484197123128388,-0.8951733335721217
-28.149253731343286,0.0,0.002428357512399139,-0.8951733335721217
-28.14179104477612,0.0,0.0023947395889717983,-0.8951733335721217
-28.134328358208954,0.0,0.0023465865082816836,-0.8951733335721217
-28.12686567164179,0.0,0.002292138577932764,-0.8951733335721217
-28.11940298507463,0.0,0.002244086302544481,-0.8951733335721217
-28.111940298507463,0.0,0.002210953973724016,-0.8951733335721217
-28.104477611940297,0.0,0.002192678587632967,-0.8951733335721217
-28.097014925373134,0.0,0.0021829208598088947,-0.8951733335721217
-28.08955223880597,0.0,0.002173163131984822,-0.8951733335721217
-28.082089552238806,0.0,0.0021548877458937737,-0.8951733335721217
-28.07462686567164,0.0,0.002121755417073309,-0.8951733335721217
-28.067164179104477,0.0,0.0020737031416850258,-0.8951733335721217
-28.059701492537314,0.0,0.002019273470456652,-0.8951733335721217
-28.05223880597015,0.0,0.0019712394541889153,-0.8951733335721217
-28.044776119402986,0.0,0.0019382261897908282,-0.8951733335721217
-28.037313432835823,0.0,0.0019205554627290333,-0.8951733335721217
-28.029850746268657,0.0,0.0019131892077568656,-0.8951733335721217
-28.02238805970149,0.0,0.0019107977349049606,-0.8951733335721217
-28.01492537313433,0.0,0.0019102113349962532,-0.8951733335721217
-28.007462686567166,0.0,0.0019102113349962532,-0.8951733335721217
-28.0,0.0,0.0019107977349049606,-0.8951733335721217
-27.992537313432834,0.0,0.0019131892077568656,-0.8951733335721217
-27.98507462686567,0.0,0.0019205554627290333,-0.8951733335721217
-27.97761194029851,0.0,0.0019382261897908282,-0.8951733335721217
-27.970149253731343,0.0,0.0019712394541889153,-0.8951733335721217
-27.962686567164177,0.0,0.002019273470456652,-0.8951733335721217
-27.955223880597014,0.0,0.0020737031416850258,-0.8951733335721217
-27.94776119402985,0.0,0.0021217371579527627,-0.8951733335721217
-27.940298507462686,0.0,0.0021547504223508496,-0.8951733335721217
-27.932835820895523,0.0,0.0021724211494126445,-0.8951733335721217
-27.92537313432836,0.0,0.002179787404384812,-0.8951733335721217
-27.917910447761194,0.0,0.002182178877236717,-0.8951733335721217
-27.91044776119403,0.0,0.0021827835362659706,-0.8951733335721217
-27.902985074626866,0.0,0.0021829208598088947,-0.8951733335721217
-27.895522388059703,0.0,0.0021830581833518184,-0.8951733335721217
-27.888059701492537,0.0,0.0021836628423810723,-0.8951733335721217
-27.88059701492537,0.0,0.0021860543152329766,-0.8951733335721217
-27.87313432835821,0.0,0.0021934205702051446,-0.8951733335721217
-27.865671641791046,0.0,0.00221109129726694,-0.8951733335721217
-27.85820895522388,0.0,0.002244104561665027,-0.8951733335721217
-27.850746268656714,0.0,0.002292138577932764,-0.8951733335721217
-27.843283582089555,0.0,0.0023465682491611373,-0.8951733335721217
-27.83582089552239,0.0,0.002394602265428874,-0.8951733335721217
-27.828358208955223,0.0,0.0024276155298269615,-0.8951733335721217
-27.82089552238806,0.0,0.002445286256888757,-0.8951733335721217
-27.813432835820898,0.0,0.0024526525118609243,-0.8951733335721217
-27.80597014925373,0.0,0.002455043984712829,-0.8951733335721217
-27.798507462686565,0.0,0.002455648643742083,-0.8951733335721217
-27.791044776119403,0.0,0.0024557677081644604,-0.8951733335721217
-27.78358208955224,0.0,0.0024557859672850067,-0.8951733335721217
-27.776119402985074,0.0,0.0024557859672850067,-0.8951733335721217
-27.768656716417908,0.0,0.0024557859672850067,-0.8951733335721217
-27.761194029850746,0.0,0.0024557859672850067,-0.8951733335721217
-27.753731343283583,0.0,0.0024557859672850067,-0.8951733335721217
-27.746268656716417,0.0,0.0024557859672850067,-0.8951733335721217
-27.738805970149254,0.0,0.0024557859672850067,-0.8951733335721217
-27.731343283582092,0.0,0.0024557859672850067,-0.8951733335721217
-27.723880597014926,0.0,0.0024557859672850067,-0.8951733335721217
-27.71641791044776,0.0,0.0024557859672850067,-0.8951733335721217
-27.708955223880597,0.0,0.0024557677081644604,-0.8951733335721217
-27.701492537313435,0.0,0.002455648643742083,-0.8951733335721217
-27.69402985074627,0.0,0.002455043984712829,-0.8951733335721217
-27.686567164179102,0.0,0.0024526525118609243,-0.8951733335721217
-27.67910447761194,0.0,0.002445286256888757,-0.8951733335721217
-27.671641791044777,0.0,0.0024276155298269615,-0.8951733335721217
-27.66417910447761,0.0,0.002394602265428874,-0.8951733335721217
-27.656716417910445,0.0,0.002346549990040591,-0.8951733335721217
-27.649253731343286,0.0,0.0022920012543898405,-0.8951733335721217
-27.64179104477612,0.0,0.0022433625790928492,-0.8951733335721217
-27.634328358208954,0.0,0.002207957841842857,-0.8951733335721217
-27.62686567164179,0.0,0.0021829208598088947,-0.8951733335721217
-27.61940298507463,0.0,0.002157883877774932,-0.8951733335721217
-27.611940298507463,0.0,0.0021224791405249402,-0.8951733335721217
-27.604477611940297,0.0,0.0020738404652279495,-0.8951733335721217
-27.597014925373134,0.0,0.0020192917295771984,-0.8951733335721217
-27.58955223880597,0.0,0.001971221195068369,-0.8951733335721217
-27.582089552238806,0.0,0.0019380888662479047,-0.8951733335721217
-27.57462686567164,0.0,0.0019198134801568557,-0.8951733335721217
-27.567164179104477,0.0,0.001910055752332783,-0.8951733335721217
-27.559701492537314,0.0,0.0019002980245087103,-0.8951733335721217
-27.55223880597015,0.0,0.0018820226384176615,-0.8951733335721217
-27.544776119402986,0.0,0.0018488720504766507,-0.8951733335721217
-27.537313432835823,0.0,0.00180070071066599,-0.8951733335721217
-27.529850746268657,0.0,0.0017456663804083631,-0.8951733335721217
-27.52238805970149,0.0,0.0016952408912887208,-0.8951733335721217
-27.51492537313433,0.0,0.0016548613719184662,-0.8951733335721217
-27.507462686567166,0.0,0.0016195016586743297,-0.8951733335721217
-27.5,0.0,0.0015790030748816975,-0.8951733335721217
-27.492537313432834,0.0,0.0015279546676122556,-0.8951733335721217
-27.48507462686567,0.0,0.0014703732818392536,-0.8951733335721217
-27.47761194029851,0.0,0.0014140111583029623,-0.8951733335721217
-27.470149253731343,0.0,0.0013597081168121219,-0.8951733335721217
-27.462686567164177,0.0,0.0012968749246762626,-0.8951733335721217
-27.455223880597014,0.0,0.0012090896755507733,-0.8951733335721217
-27.44776119402985,0.0,0.0010840146182506496,-0.8951733335721217
-27.440298507462686,0.0,0.0009218009924966235,-0.8951733335721217
-27.432835820895523,0.0,0.0007399395146144162,-0.8951733335721217
-27.42537313432836,0.0,0.0005702128874054763,-0.8951733335721217
-27.417910447761194,0.0,0.0004434834076806674,-0.8951733335721217
-27.41044776119403,0.0,0.00037046480787755796,-0.8951733335721217
-27.402985074626866,0.0,0.00033542985479982895,-0.8951733335721217
-27.395522388059703,0.0,0.0003094040136337884,-0.8951733335721217
-27.388059701492537,0.0,0.0002724410800004994,-0.8951733335721217
-27.38059701492537,0.0,0.0002275154702666733,-0.8951733335721217
-27.37313432835821,0.0,0.00019547492025505644,-0.8951733335721217
