source_run_id,model_family,seed,particle_index,eof_scenario_id,eof_draw_id,latitude_deg,longitude_deg,impact_time_unix_s,baseline_weight,conditional_weight,relative_log_likelihood,nearest_surface_distance_nm,surface_cell_id,source_cell_status,support_status,used_likelihood_floor
source:bto-bfo-medium:370023,bto-bfo-medium,370023,20,arc1-current-polar-best-glide-equal-feed,0,-37.788306230942,89.673424781656,1394238947.312535,1.9269149892350609e-4,1.4882943822573256e-22,-1.2692414374632884e2,1.485589802074,a096_x+025,grid_node,supported,false
source:bto-bfo-medium:370023,bto-bfo-medium,370023,83,arc1-current-polar-best-glide-equal-feed,1,-38.003728377188,89.891597881528,1394239150.788009,5.1087309251304878e-4,1.8869109862945720e-105,-3.1877642687528567e2,2.089779121137,a096_x+040,grid_node,supported,false
source:bto-bfo-medium:370023,bto-bfo-medium,370023,146,arc1-current-polar-best-glide-equal-feed,2,-38.619054809879,88.727851073297,1394239037.456540,8.2884971606620871e-4,2.8100473791297688e-86,-2.7511296750468819e2,2.579558714252,a109_x+040,grid_node,supported,false
source:bto-bfo-medium:370023,bto-bfo-medium,370023,209,arc1-current-polar-best-glide-equal-feed,3,-38.096166683526,89.541792731379,1394239069.791663,4.6960642028373833e-4,4.8557536266163927e-73,-2.4406425440819592e2,0.376502863258,a099_x+035,grid_node,supported,false
source:bto-bfo-medium:370023,bto-bfo-medium,370023,266,arc1-current-polar-best-glide-equal-feed,4,-38.208835080822,89.355378435158,1394239106.586720,2.9462681944802585e-4,1.7070586026733977e-57,-2.0780210005934345e2,0.833053370312,a101_x+035,grid_node,supported,false
source:bto-bfo-medium:370023,bto-bfo-medium,370023,319,arc1-current-polar-best-glide-equal-feed,5,-38.697240197305,87.547126568552,1394238671.268104,1.8469634014462883e-4,2.0496851262152437e-170,-4.6734430469247383e2,1.473152427421,a118_x+010,grid_node,supported,false
source:bto-bfo-medium:370023,bto-bfo-medium,370023,378,arc1-current-polar-best-glide-equal-feed,6,-38.204929200583,89.514388024675,1394239120.621308,5.7702042087312533e-4,1.9061343282104520e-55,-2.0375879248876291e2,0.288151667364,a100_x+040,grid_node,supported,false
source:bto-bfo-medium:370023,bto-bfo-medium,370023,428,arc1-current-polar-best-glide-equal-feed,7,-38.122887569254,89.460572578325,1394239094.010070,2.7735695452739206e-4,3.3648042043616105e-64,-2.2318119349323791e2,1.295961621361,a100_x+035,grid_node,supported,false
source:bto-bfo-medium:370023,bto-bfo-medium,370023,490,arc1-current-polar-best-glide-equal-feed,8,-38.154063547501,89.721119195215,1394239126.421938,8.1812064266489513e-4,4.3083502758724451e-72,-2.4243639343799344e2,1.742496346000,a098_x+045,grid_node,supported,false
source:bto-bfo-medium:370023,bto-bfo-medium,370023,552,arc1-current-polar-best-glide-equal-feed,9,-38.569761971464,88.396676326189,1394238962.568478,2.5229641573214082e-4,5.1941333001699025e-121,-3.5389968312027770e2,1.628575982649,a111_x+025,grid_node,supported,false
source:bto-bfo-medium:370023,bto-bfo-medium,370023,607,arc1-current-polar-best-glide-equal-feed,10,-38.184716740325,89.063660899965,1394238950.326375,2.8309231968650018e-4,9.6683031683013815e-41,-1.6918672105090940e2,1.324802529602,a103_x+025,grid_node,supported,false
source:bto-bfo-medium:370023,bto-bfo-medium,370023,664,arc1-current-polar-best-glide-equal-feed,11,-38.089768312109,89.251337969121,1394238977.364993,2.3749967257405682e-4,8.1306024051325749e-44,-1.7609208731518598e2,1.782492251573,a101_x+025,grid_node,supported,false
source:bto-bfo-medium:370023,bto-bfo-medium,370023,728,arc1-current-polar-best-glide-equal-feed,12,-38.605791787078,88.726357714583,1394239069.434391,6.1897898998271414e-4,8.3673959386541151e-119,-3.4971516667487350e2,2.888329232394,a109_x+035,grid_node,supported,false
source:bto-bfo-medium:370023,bto-bfo-medium,370023,784,arc1-current-polar-best-glide-equal-feed,13,-37.943666359570,89.950153330086,1394239089.226188,7.5986540600844049e-4,3.1640117678274055e-77,-2.5418416470759121e2,1.330907502798,a095_x+040,grid_node,supported,false
source:bto-bfo-medium:370023,bto-bfo-medium,370023,841,arc1-current-polar-best-glide-equal-feed,14,-38.011459676126,88.789707270491,1394238728.285880,8.1838982253139948e-5,4.0381935761582114e-25,-1.3197739554923760e2,0.178535645127,a104_x+010,grid_node,supported,false
source:bto-bfo-medium:370023,bto-bfo-medium,370023,905,arc1-current-polar-best-glide-equal-feed,15,-38.499297722862,88.862459653526,1394239073.142311,4.7168186339473624e-4,9.9738253595156604e-74,-2.4565144942026046e2,0.906270041216,a107_x+035,grid_node,supported,false
source:bto-bfo-medium:370023,bto-bfo-medium,370023,959,arc1-current-polar-best-glide-equal-feed,16,-37.905008689031,89.792222403961,1394239090.694234,2.4420528829475623e-4,6.3849167266210621e-79,-2.5695210511219045e2,2.341107326760,a096_x+035,grid_node,supported,false
source:bto-bfo-medium:370023,bto-bfo-medium,370023,1013,arc1-current-polar-best-glide-equal-feed,17,-38.307613838220,89.241072992071,1394239147.316939,2.3071510124328130e-4,3.2767151767368223e-55,-2.0230033428198271e2,2.681292091498,a103_x+035,grid_node,supported,false
source:bto-bfo-medium:370023,bto-bfo-medium,370023,1071,arc1-current-polar-best-glide-equal-feed,18,-38.322418581126,89.310137008061,1394239133.016864,4.8258960951054339e-4,6.2099698820673421e-56,-2.0470158778036651e2,1.158175712472,a102_x+040,grid_node,supported,false
source:bto-bfo-medium:370023,bto-bfo-medium,370023,1131,arc1-current-polar-best-glide-equal-feed,19,-38.059735925669,89.038456344668,1394238893.822489,9.9923869701507709e-5,8.3034516253495577e-38,-1.6138978283600213e2,2.401355137368,a102_x+020,grid_node,supported,false
source:bto-bfo-medium:370023,bto-bfo-medium,370023,1191,arc1-current-polar-best-glide-equal-feed,20,-37.815087681699,89.710209173606,1394238995.049147,1.8664169256663238e-4,1.4415673970764581e-22,-1.2692414374632884e2,2.432378670915,a096_x+025,grid_node,supported,false
source:bto-bfo-medium:370023,bto-bfo-medium,370023,1249,arc1-current-polar-best-glide-equal-feed,21,-37.924815108444,89.465089974448,1394238998.139425,1.0229637083635960e-4,5.2647125757073940e-43,-1.7338181863878640e2,1.546099619402,a098_x+025,grid_node,supported,false
source:bto-bfo-medium:370023,bto-bfo-medium,370023,1301,arc1-current-polar-best-glide-equal-feed,22,-38.146820470884,89.108437546270,1394238993.381170,1.2628633151186590e-4,4.3129906894736092e-41,-1.6918672105090940e2,2.383813874244,a103_x+025,grid_node,supported,false
source:bto-bfo-medium:370023,bto-bfo-medium,370023,1353,arc1-current-polar-best-glide-equal-feed,23,-38.264827560384,89.149980799683,1394239040.150323,3.7336310816802915e-4,7.9093597245418889e-52,-1.9499274142471037e2,2.416241821706,a103_x+030,grid_node,supported,false
source:bto-bfo-medium:370023,bto-bfo-medium,370023,1415,arc1-current-polar-best-glide-equal-feed,24,-37.931720387312,89.346848818777,1394238900.565894,1.9475196001595536e-4,1.1358488009499297e-10,-9.9574009461218878e1,2.290834119895,a099_x+020,grid_node,supported,false
source:bto-bfo-medium:370023,bto-bfo-medium,370023,1480,arc1-current-polar-best-glide-equal-feed,25,-37.994961230074,89.718618438577,1394239092.167880,3.8809411262825331e-4,1.1269757818100710e-85,-2.7296525502327205e2,0.804337780761,a097_x+035,grid_node,supported,false
source:bto-bfo-medium:370023,bto-bfo-medium,370023,1538,arc1-current-polar-best-glide-equal-feed,26,-38.166586796776,89.490855038829,1394239098.121206,4.8649426795681366e-4,5.9019899501287134e-64,-2.2318119349323791e2,2.340503195813,a100_x+035,grid_node,supported,false
source:bto-bfo-medium:370023,bto-bfo-medium,370023,1604,arc1-current-polar-best-glide-equal-feed,27,-38.003950923542,89.380732149624,1394238956.037336,2.8075781750660182e-4,1.7179531449616367e-71,-2.3998371248671029e2,2.675736448321,a100_x+025,grid_node,supported,false
source:bto-bfo-medium:370023,bto-bfo-medium,370023,1665,arc1-current-polar-best-glide-equal-feed,28,-38.029993496368,89.382751976766,1394238960.398520,3.5360522040441396e-4,3.2228455025570319e-37,-1.6129737686524533e2,2.810812830428,a100_x+030,grid_node,supported,false
source:bto-bfo-medium:370023,bto-bfo-medium,370023,1718,arc1-current-polar-best-glide-equal-feed,29,-37.905014171044,90.021667725991,1394239113.377978,6.5597961160410265e-4,1.7344514859246242e-86,-2.7536156848510115e2,0.226868705331,a094_x+040,grid_node,supported,false
source:bto-bfo-medium:370023,bto-bfo-medium,370023,1769,arc1-current-polar-best-glide-equal-feed,30,-37.825935495813,89.833158078520,1394239044.162722,2.5962880979716495e-4,1.9018004939665875e-75,-2.4901414586101004e2,1.298043153062,a095_x+030,grid_node,supported,false
source:bto-bfo-medium:370023,bto-bfo-medium,370023,1820,arc1-current-polar-best-glide-equal-feed,31,-37.693667113030,90.033272530419,1394239066.336433,1.6792203289414857e-4,3.9960928563552562e-60,-2.1329710025956146e2,2.076182971691,a092_x+030,grid_node,supported,false
source:bto-bfo-medium:370023,bto-bfo-medium,370023,1877,arc1-current-polar-best-glide-equal-feed,32,-38.394980837375,88.978407091948,1394239065.932768,3.6010543307696177e-4,5.0612779043046132e-50,-1.9079784450225770e2,1.741960093981,a105_x+035,grid_node,supported,false
source:bto-bfo-medium:370023,bto-bfo-medium,370023,1937,arc1-current-polar-best-glide-equal-feed,33,-37.804437873084,90.084350027093,1394239100.658051,4.8640601810138610e-4,6.8103442988960801e-74,-2.4606370990414865e2,2.156939430877,a093_x+035,grid_node,supported,false
source:bto-bfo-medium:370023,bto-bfo-medium,370023,1994,arc1-current-polar-best-glide-equal-feed,34,-38.119909931491,89.282576056629,1394238917.985563,6.6916878164822991e-4,1.7390810908807474e-47,-1.8557799081944603e2,0.990408027101,a101_x+030,grid_node,supported,false
source:bto-bfo-medium:370023,bto-bfo-medium,370023,2058,arc1-current-polar-best-glide-equal-feed,35,-37.673846323131,89.469512011542,1394238780.990993,9.2977403028783064e-5,1.4294677032046878e-12,-1.0320988745791566e2,3.039071057760,a096_x+015,grid_node,supported,false
source:bto-bfo-medium:370023,bto-bfo-medium,370023,2114,arc1-current-polar-best-glide-equal-feed,36,-38.017148778226,89.508914716369,1394239024.185352,3.1833191939319833e-4,1.1617230408432843e-71,-2.4050054392561012e2,1.859171726587,a099_x+030,grid_node,supported,false
source:bto-bfo-medium:370023,bto-bfo-medium,370023,2175,arc1-current-polar-best-glide-equal-feed,37,-38.070458830290,88.789889901133,1394238860.535582,1.7030918884780109e-5,4.2041513675759039e-37,-1.5799841842884888e2,3.021690459364,a104_x+015,grid_node,supported,false
source:bto-bfo-medium:370023,bto-bfo-medium,370023,2243,arc1-current-polar-best-glide-equal-feed,38,-38.151494416007,88.846722319553,1394238758.040772,4.7173199548414295e-4,8.3983795274083631e-42,-1.7214075814605627e2,2.593962083979,a105_x+020,grid_node,supported,false
source:bto-bfo-medium:370023,bto-bfo-medium,370023,2307,arc1-current-polar-best-glide-equal-feed,39,-38.880650735880,88.089540348975,1394239039.416760,4.5088627985625227e-4,4.2408155182807186e-175,-4.7902266283660100e2,2.469344772429,a115_x+035,grid_node,supported,false
source:bto-bfo-medium:370023,bto-bfo-medium,370023,2360,arc1-current-polar-best-glide-equal-feed,40,-38.358516328133,88.683479722891,1394238981.490596,9.7317605693121015e-5,1.7452895700843996e-60,-2.1357997700620948e2,1.781823392799,a107_x+025,grid_node,supported,false
source:bto-bfo-medium:370023,bto-bfo-medium,370023,2425,arc1-current-polar-best-glide-equal-feed,41,-37.970056755302,89.418742145407,1394238972.165529,1.9073395440570952e-4,3.6397952051187709e-44,-1.7667650821817557e2,0.771660040319,a099_x+025,grid_node,supported,false
source:bto-bfo-medium:370023,bto-bfo-medium,370023,2490,arc1-current-polar-best-glide-equal-feed,42,-37.890075765499,89.679272757361,1394238998.527630,3.4166712649050636e-4,5.5545435169238430e-40,-1.6762643641994413e2,2.182831958373,a096_x+030,grid_node,supported,false
source:bto-bfo-medium:370023,bto-bfo-medium,370023,2546,arc1-current-polar-best-glide-equal-feed,43,-39.337426367302,87.132241176334,1394239013.181437,3.9302955941053768e-4,4.0244519939068021e-267,-6.9077552789821368e2,2.112637361927,a126_x+030,grid_node,supported,true
source:bto-bfo-medium:370023,bto-bfo-medium,370023,2606,arc1-current-polar-best-glide-equal-feed,44,-38.255314317624,89.155880867957,1394239009.748074,4.9227784263443527e-4,1.0428460811036839e-51,-1.9499274142471037e2,2.133651009066,a103_x+030,grid_node,supported,false
source:bto-bfo-medium:370023,bto-bfo-medium,370023,2662,arc1-current-polar-best-glide-equal-feed,45,-38.286270793564,89.010101640780,1394239009.014666,2.9812830589650094e-4,2.7185435824311654e-45,-1.7971756884200190e2,1.419545741038,a104_x+030,grid_node,supported,false
source:bto-bfo-medium:370023,bto-bfo-medium,370023,2713,arc1-current-polar-best-glide-equal-feed,46,-37.778005989860,90.064477598840,1394239060.614368,5.3346987508892576e-4,7.4693021616507124e-74,-2.4606370990414865e2,1.121279239772,a093_x+035,grid_node,supported,false
source:bto-bfo-medium:370023,bto-bfo-medium,370023,2772,arc1-current-polar-best-glide-equal-feed,47,-37.784782911975,89.770104540837,1394239036.723233,1.0125855468546619e-4,5.8519739544298939e-37,-1.5945035859747921e2,1.948854972658,a095_x+025,grid_node,supported,false
source:bto-bfo-medium:370023,bto-bfo-medium,370023,2828,arc1-current-polar-best-glide-equal-feed,48,-37.862197079436,90.234094748395,1394239158.157692,7.5328831601998195e-4,1.2910977744162900e-72,-2.4355889389147683e2,1.133463666254,a092_x+045,grid_node,supported,false
source:bto-bfo-medium:370023,bto-bfo-medium,370023,2891,arc1-current-polar-best-glide-equal-feed,49,-38.190997245160,88.897135504998,1394238894.045813,1.9766021273175891e-4,2.3417584266180488e-38,-1.6333769287744056e2,2.953418396610,a104_x+020,grid_node,supported,false
source:bto-bfo-medium:370023,bto-bfo-medium,370023,2946,arc1-current-polar-best-glide-equal-feed,50,-38.117177468368,89.642426355062,1394239098.051588,6.5976592077779384e-4,3.1619541835563236e-89,-2.8167458013011202e2,1.887959980351,a098_x+040,grid_node,supported,false
source:bto-bfo-medium:370023,bto-bfo-medium,370023,3002,arc1-current-polar-best-glide-equal-feed,51,-37.770517581045,90.301913456612,1394239156.892853,5.7591576225987510e-4,1.9283198245218627e-66,-2.2907374047100882e2,1.797428858712,a091_x+040,grid_node,supported,false
source:bto-bfo-medium:370023,bto-bfo-medium,370023,3065,arc1-current-polar-best-glide-equal-feed,52,-38.874062325129,88.163086269615,1394239077.234962,3.8536851383175284e-4,3.6245874996142252e-175,-4.7902266283660100e2,1.055884518199,a115_x+035,grid_node,supported,false
source:bto-bfo-medium:370023,bto-bfo-medium,370023,3126,arc1-current-polar-best-glide-equal-feed,53,-38.486665089690,88.665575922017,1394238987.866646,3.8970123675939676e-4,3.1080918482322949e-65,-2.2590321444230148e2,1.631857642989,a108_x+030,grid_node,supported,false
source:bto-bfo-medium:370023,bto-bfo-medium,370023,3187,arc1-current-polar-best-glide-equal-feed,54,-38.423302634959,89.018137792909,1394239047.921959,6.6680302079036898e-4,9.3719091289816058e-50,-1.9079784450225770e2,1.699117762887,a105_x+035,grid_node,supported,false
source:bto-bfo-medium:370023,bto-bfo-medium,370023,3240,arc1-current-polar-best-glide-equal-feed,55,-38.200488458282,89.170263452839,1394239024.751161,2.6055217350297397e-4,5.8459317579879628e-49,-1.8802753868266777e2,2.198942712572,a102_x+030,grid_node,supported,false
source:bto-bfo-medium:370023,bto-bfo-medium,370023,3295,arc1-current-polar-best-glide-equal-feed,56,-37.757872168140,89.960344675359,1394239008.836850,4.5327892058458962e-4,6.7891127139817638e-69,-2.3448337080969756e2,2.363584312009,a093_x+030,grid_node,supported,false
source:bto-bfo-medium:370023,bto-bfo-medium,370023,3346,arc1-current-polar-best-glide-equal-feed,57,-38.540668075953,88.681782179773,1394239071.952555,2.5473216755852259e-4,3.4434850597001787e-119,-3.4971516667487350e2,3.276476493495,a109_x+035,grid_node,supported,false
source:bto-bfo-medium:370023,bto-bfo-medium,370023,3402,arc1-current-polar-best-glide-equal-feed,58,-37.901597867897,89.623849101447,1394238964.719018,3.9482027107195985e-4,2.0667996710924676e-57,-2.0790359158977330e2,1.673823021559,a097_x+030,grid_node,supported,false
source:bto-bfo-medium:370023,bto-bfo-medium,370023,3461,arc1-current-polar-best-glide-equal-feed,59,-37.601468995533,90.147267474156,1394239026.140406,2.4940853346316807e-4,1.2745045566043933e-49,-1.8950701628129951e2,1.005836169657,a091_x+030,grid_node,supported,false
source:bto-bfo-medium:370023,bto-bfo-medium,370023,3519,arc1-current-polar-best-glide-equal-feed,60,-38.245639252422,89.092108142365,1394238981.843450,4.3562608018395100e-4,9.2283444673285475e-52,-1.9499274142471037e2,1.761221551843,a103_x+030,grid_node,supported,false
source:bto-bfo-medium:370023,bto-bfo-medium,370023,3586,arc1-current-polar-best-glide-equal-feed,61,-38.174278004289,89.264428796231,1394239029.346136,3.3436174415050048e-4,7.5019751802734875e-49,-1.8802753868266777e2,2.611645640184,a102_x+030,grid_node,supported,false
source:bto-bfo-medium:370023,bto-bfo-medium,370023,3646,arc1-current-polar-best-glide-equal-feed,62,-37.851817757342,89.876140808026,1394239114.895683,1.5805193499720489e-4,1.9585035808778684e-81,-2.6230394750754471e2,2.539922527942,a095_x+035,grid_node,supported,false
source:bto-bfo-medium:370023,bto-bfo-medium,370023,3705,arc1-current-polar-best-glide-equal-feed,63,-38.221341678915,89.083966047317,1394239052.771636,1.0629646656063920e-4,2.2517944946437457e-52,-1.9499274142471037e2,1.955661292445,a103_x+030,grid_node,supported,false
source:bto-bfo-medium:370023,bto-bfo-medium,370023,3763,arc1-current-polar-best-glide-equal-feed,64,-38.128737805662,89.594164293063,1394239066.597077,7.5005148651633824e-4,2.0993075644747739e-68,-2.3385813261330085e2,1.876418410179,a099_x+040,grid_node,supported,false
source:bto-bfo-medium:370023,bto-bfo-medium,370023,3821,arc1-current-polar-best-glide-equal-feed,65,-38.375587797836,88.942444319556,1394239018.716749,4.4582449118640643e-4,2.8666790407427049e-61,-2.1690827379456579e2,2.928803573530,a105_x+030,grid_node,supported,false
source:bto-bfo-medium:370023,bto-bfo-medium,370023,3881,arc1-current-polar-best-glide-equal-feed,66,-38.077947526314,89.140119892372,1394238959.090917,1.1005803638110361e-4,7.5782184006380484e-43,-1.7309070069232942e2,2.173275132246,a102_x+025,grid_node,supported,false
source:bto-bfo-medium:370023,bto-bfo-medium,370023,3943,arc1-current-polar-best-glide-equal-feed,67,-38.777092021457,88.611488147583,1394239129.410949,7.2937419013210133e-4,4.2360996874638500e-97,-2.9990310994824279e2,3.063107063666,a111_x+045,grid_node,supported,false
source:bto-bfo-medium:370023,bto-bfo-medium,370023,4006,arc1-current-polar-best-glide-equal-feed,68,-37.768025391142,89.083658239104,1394238664.549997,7.6784302413546315e-5,1.0842039564259445e-12,-1.0329498729852673e2,1.556858830145,a100_x+005,grid_node,supported,false
source:bto-bfo-medium:370023,bto-bfo-medium,370023,4071,arc1-current-polar-best-glide-equal-feed,69,-37.846963414012,89.896602469232,1394239087.615394,2.7759525636676647e-4,4.7969277381649608e-55,-2.0210418059269742e2,2.816633143628,a094_x+035,grid_node,supported,false
source:bto-bfo-medium:370023,bto-bfo-medium,370023,4137,arc1-current-polar-best-glide-equal-feed,70,-39.009969535212,87.904748372137,1394239068.555730,4.1617578292266503e-4,1.1078780755913898e-186,-5.0561330047681156e2,2.069194004559,a118_x+035,grid_node,supported,false
source:bto-bfo-medium:370023,bto-bfo-medium,370023,4196,arc1-current-polar-best-glide-equal-feed,71,-37.717475922451,89.835521145598,1394238964.159005,2.2269031900810170e-4,2.6892273986551302e-32,-1.4950306313415925e2,0.592115617560,a094_x+025,grid_node,supported,false
source:bto-bfo-medium:370023,bto-bfo-medium,370023,4252,arc1-current-polar-best-glide-equal-feed,72,-37.707785229479,90.289606275999,1394239121.724226,4.9517280485211301e-4,1.6579708331191415e-66,-2.2907374047100882e2,2.601585637329,a091_x+040,grid_node,supported,false
source:bto-bfo-medium:370023,bto-bfo-medium,370023,4309,arc1-current-polar-best-glide-equal-feed,73,-38.035833445134,89.489667453507,1394238993.827737,4.7820630576397925e-4,1.7451698992094174e-71,-2.4050054392561012e2,1.017318936443,a099_x+030,grid_node,supported,false
source:bto-bfo-medium:370023,bto-bfo-medium,370023,4366,arc1-current-polar-best-glide-equal-feed,74,-37.725734308718,89.961393213170,1394239005.312331,3.4450371227691883e-4,5.1599013914363232e-69,-2.3448337080969756e2,0.919967143497,a093_x+030,grid_node,supported,false
source:bto-bfo-medium:370023,bto-bfo-medium,370023,4424,arc1-current-polar-best-glide-equal-feed,75,-37.702272798288,89.856951948159,1394238954.217708,2.4675149850017785e-4,2.9797922665948710e-32,-1.4950306313415925e2,1.389144291457,a094_x+025,grid_node,supported,false
source:bto-bfo-medium:370023,bto-bfo-medium,370023,4485,arc1-current-polar-best-glide-equal-feed,76,-38.332642095602,89.175584901823,1394239107.897046,3.5746330025341602e-4,5.0768476565029963e-55,-2.0230033428198271e2,2.148868765928,a103_x+035,grid_node,supported,false
source:bto-bfo-medium:370023,bto-bfo-medium,370023,4548,arc1-current-polar-best-glide-equal-feed,77,-38.581193473173,88.310994607774,1394238913.385799,3.1978312326951376e-4,6.2791326313658649e-128,-3.7006511507055950e2,1.874411005000,a112_x+025,grid_node,supported,false
source:bto-bfo-medium:370023,bto-bfo-medium,370023,4609,arc1-current-polar-best-glide-equal-feed,78,-38.373403558154,88.652336970145,1394238957.373341,1.3629860457417005e-4,1.0948985900648943e-59,-2.1208051883622826e2,2.175990529266,a108_x+025,grid_node,supported,false
source:bto-bfo-medium:370023,bto-bfo-medium,370023,4669,arc1-current-polar-best-glide-equal-feed,79,-38.151856243705,89.672255724472,1394239082.161489,8.9776954105816222e-4,4.3025959159450881e-89,-2.8167458013011202e2,2.550775596353,a098_x+040,grid_node,supported,false
source:bto-bfo-medium:370023,bto-bfo-medium,370023,4724,arc1-current-polar-best-glide-equal-feed,80,-38.439245807890,88.905787002585,1394239039.351000,5.0380962764958327e-4,8.8044040278292262e-60,-2.1360586399543325e2,1.186538446175,a106_x+035,grid_node,supported,false
source:bto-bfo-medium:370023,bto-bfo-medium,370023,4787,arc1-current-polar-best-glide-equal-feed,81,-38.150361593508,89.252240422590,1394238993.332954,3.8036265173040795e-4,9.8851218622650178e-48,-1.8557799081944603e2,2.586588724519,a101_x+030,grid_node,supported,false
source:bto-bfo-medium:370023,bto-bfo-medium,370023,4845,arc1-current-polar-best-glide-equal-feed,82,-38.914419699661,87.881752658069,1394239011.323553,2.8987055863744215e-4,2.3447253749327881e-180,-4.9068639492459846e2,0.764136478357,a117_x+030,grid_node,supported,false
source:bto-bfo-medium:370023,bto-bfo-medium,370023,4908,arc1-current-polar-best-glide-equal-feed,83,-38.837246621694,88.223974862355,1394238976.744539,8.5850848459093564e-4,3.0687072717785422e-155,-4.3393844158459672e2,0.320010633503,a114_x+035,grid_node,supported,false
source:bto-bfo-medium:370023,bto-bfo-medium,370023,4966,arc1-current-polar-best-glide-equal-feed,84,-37.881359232311,90.202767963252,1394239145.105537,8.1998713118252111e-4,9.6966834186671690e-88,-2.7846880491448655e2,2.694073575567,a093_x+045,grid_node,supported,false
source:bto-bfo-medium:370023,bto-bfo-medium,370023,5022,arc1-current-polar-best-glide-equal-feed,85,-38.003069748475,88.797775002409,1394238748.188082,5.2764330953096124e-5,2.6035585541132055e-25,-1.3197739554923760e2,0.455396852178,a104_x+010,grid_node,supported,false
source:bto-bfo-medium:370023,bto-bfo-medium,370023,5093,arc1-current-polar-best-glide-equal-feed,86,-38.414936170200,88.744966945678,1394238981.899837,3.1545825055303038e-4,4.0285844651766486e-49,-1.8859109283312725e2,1.901067920282,a107_x+030,grid_node,supported,false
source:bto-bfo-medium:370023,bto-bfo-medium,370023,5156,arc1-current-polar-best-glide-equal-feed,87,-37.911162040369,89.742490439761,1394239051.425559,3.3248829099066351e-4,5.4053215483304268e-40,-1.6762643641994413e2,2.264537184343,a096_x+030,grid_node,supported,false
source:bto-bfo-medium:370023,bto-bfo-medium,370023,5212,arc1-current-polar-best-glide-equal-feed,88,-38.465426533298,88.792407284364,1394239022.752725,4.4178294153553584e-4,5.6418238931142243e-49,-1.8859109283312725e2,2.465611093372,a107_x+030,grid_node,supported,false
source:bto-bfo-medium:370023,bto-bfo-medium,370023,5271,arc1-current-polar-best-glide-equal-feed,89,-37.921927454709,89.560866846659,1394238996.497070,2.2617018989593872e-4,2.9787411554829677e-50,-1.9086285363398414e2,3.306558672692,a098_x+030,grid_node,supported,false
source:bto-bfo-medium:370023,bto-bfo-medium,370023,5327,arc1-current-polar-best-glide-equal-feed,90,-38.559872052608,88.897841674174,1394239104.637284,6.3654611406305185e-4,2.1197988677085189e-89,-2.8203862092681055e2,0.442292956624,a107_x+040,grid_node,supported,false
source:bto-bfo-medium:370023,bto-bfo-medium,370023,5382,arc1-current-polar-best-glide-equal-feed,91,-38.162691261791,89.532589962037,1394239128.960495,4.0300044802731147e-4,1.3312752209127412e-55,-2.0375879248876291e2,2.950783635545,a100_x+040,grid_node,supported,false
source:bto-bfo-medium:370023,bto-bfo-medium,370023,5437,arc1-current-polar-best-glide-equal-feed,92,-37.914790885509,89.825242732336,1394239020.398569,6.9687884819489079e-4,8.6353875999798831e-81,-2.6230394750754471e2,2.417816324234,a095_x+035,grid_node,supported,false
source:bto-bfo-medium:370023,bto-bfo-medium,370023,5493,arc1-current-polar-best-glide-equal-feed,93,-38.426848315784,89.156411168147,1394239093.936309,7.5510488923864316e-4,9.0022097760540864e-55,-2.0247537869854168e2,0.824699499563,a104_x+040,grid_node,supported,false
source:bto-bfo-medium:370023,bto-bfo-medium,370023,5553,arc1-current-polar-best-glide-equal-feed,94,-37.670487173541,90.058553088499,1394239049.104031,2.0748168750114813e-4,4.9375062638177759e-60,-2.1329710025956146e2,0.280901850055,a092_x+030,grid_node,supported,false
source:bto-bfo-medium:370023,bto-bfo-medium,370023,5613,arc1-current-polar-best-glide-equal-feed,95,-39.170256080020,87.377477955503,1394238930.260857,6.1429619682121716e-4,2.5940750958941750e-214,-5.6962426907847714e2,1.311070179699,a123_x+030,grid_node,supported,false
source:bto-bfo-medium:370023,bto-bfo-medium,370023,5668,arc1-current-polar-best-glide-equal-feed,96,-37.680436515431,90.240386768087,1394239078.371400,5.0151080909887485e-4,4.3886527071171013e-70,-2.3732337138673219e2,1.430823165398,a091_x+035,grid_node,supported,false
source:bto-bfo-medium:370023,bto-bfo-medium,370023,5724,arc1-current-polar-best-glide-equal-feed,97,-38.447622771728,88.550579351733,1394238946.698937,2.0611661176272016e-4,4.2001199273155965e-104,-3.1476599067351987e2,0.670593583311,a109_x+025,grid_node,supported,false
source:bto-bfo-medium:370023,bto-bfo-medium,370023,5786,arc1-current-polar-best-glide-equal-feed,98,-38.075177028890,89.522852063147,1394238990.088213,7.3809170024855171e-4,7.6319047088239632e-73,-2.4406425440819592e2,1.223309886757,a099_x+035,grid_node,supported,false
source:bto-bfo-medium:370023,bto-bfo-medium,370023,5846,arc1-current-polar-best-glide-equal-feed,99,-38.387713107865,88.782090541517,1394238987.886650,2.7638554372394063e-4,3.5296033814100371e-49,-1.8859109283312725e2,2.238605599500,a107_x+030,grid_node,supported,false
source:bto-bfo-medium:370023,bto-bfo-medium,370023,5909,arc1-current-polar-best-glide-equal-feed,100,-37.651420893142,90.264979429646,1394239128.391681,2.1896736226974326e-4,3.6357076801600409e-65,-2.2516996195150057e2,1.721904307092,a090_x+035,grid_node,supported,false
source:bto-bfo-medium:370023,bto-bfo-medium,370023,5966,arc1-current-polar-best-glide-equal-feed,101,-38.204365003031,89.534199143173,1394239134.184266,5.4562613107398696e-4,1.8024261554470177e-55,-2.0375879248876291e2,0.985072138692,a100_x+040,grid_node,supported,false
source:bto-bfo-medium:370023,bto-bfo-medium,370023,6024,arc1-current-polar-best-glide-equal-feed,102,-37.792318897199,90.122159810602,1394239122.599524,4.0380827638935809e-4,4.0485969615710232e-78,-2.5560801905960369e2,3.400159722055,a092_x+040,grid_node,supported,false
source:bto-bfo-medium:370023,bto-bfo-medium,370023,6083,arc1-current-polar-best-glide-equal-feed,103,-38.305871747958,89.424303127779,1394239132.551082,7.0407601334620108e-4,1.5326434019199844e-37,-1.6272935280231178e2,2.567459403364,a101_x+040,grid_node,supported,false
source:bto-bfo-medium:370023,bto-bfo-medium,370023,6136,arc1-current-polar-best-glide-equal-feed,104,-38.014060235627,89.932150473076,1394239149.563326,6.6530023054913302e-4,1.3348531846026440e-92,-2.8945305765300662e2,3.051260418233,a095_x+045,grid_node,supported,false
source:bto-bfo-medium:370023,bto-bfo-medium,370023,6186,arc1-current-polar-best-glide-equal-feed,105,-38.163569331165,89.731191877812,1394239102.696223,9.3302029247017135e-4,4.9134296640709085e-72,-2.4243639343799344e2,0.999696268629,a098_x+045,grid_node,supported,false
source:bto-bfo-medium:370023,bto-bfo-medium,370023,6241,arc1-current-polar-best-glide-equal-feed,106,-38.513378218364,88.296920885970,1394238879.787935,1.9470378901811385e-4,1.6875836138198325e-127,-3.6858030048776385e2,1.710083445490,a111_x+020,grid_node,supported,false
source:bto-bfo-medium:370023,bto-bfo-medium,370023,6305,arc1-current-polar-best-glide-equal-feed,107,-37.700403381940,89.585357710617,1394238857.615877,1.0988630856477667e-4,2.5799177275673855e-10,-9.8181351688852388e1,2.654860462967,a096_x+020,grid_node,supported,false
source:bto-bfo-medium:370023,bto-bfo-medium,370023,6369,arc1-current-polar-best-glide-equal-feed,108,-38.178804546394,89.294797368238,1394239002.477018,5.5348027137460342e-4,1.4384219654603046e-47,-1.8557799081944603e2,2.989945115735,a101_x+030,grid_node,supported,false
source:bto-bfo-medium:370023,bto-bfo-medium,370023,6426,arc1-current-polar-best-glide-equal-feed,109,-37.862273838677,89.653040805388,1394238960.894431,3.3625410168159334e-4,2.5971311310540201e-22,-1.2692414374632884e2,3.129741286087,a096_x+025,grid_node,supported,false
source:bto-bfo-medium:370023,bto-bfo-medium,370023,6484,arc1-current-polar-best-glide-equal-feed,110,-37.875300210685,89.558298387271,1394238936.377616,2.7266196129941339e-4,1.4580798567944862e-31,-1.4801506226619924e2,1.218880017529,a097_x+025,grid_node,supported,false
source:bto-bfo-medium:370023,bto-bfo-medium,370023,6552,arc1-current-polar-best-glide-equal-feed,111,-38.087280173314,89.643497887220,1394239126.611301,3.8249502209067256e-4,1.8331224714718360e-89,-2.8167458013011202e2,2.247687694386,a098_x+040,grid_node,supported,false
source:bto-bfo-medium:370023,bto-bfo-medium,370023,6623,arc1-current-polar-best-glide-equal-feed,112,-38.525860244240,88.475965294008,1394238921.638525,4.1186197432762988e-4,1.4546425764453330e-95,-2.9579532389136460e2,1.506163468263,a110_x+025,grid_node,supported,false
source:bto-bfo-medium:370023,bto-bfo-medium,370023,6690,arc1-current-polar-best-glide-equal-feed,113,-38.185516187785,88.626995263560,1394238853.126010,3.0574823704651818e-5,1.5723941132197077e-51,-1.9180322928351302e2,2.630518281322,a107_x+015,grid_node,supported,false
source:bto-bfo-medium:370023,bto-bfo-medium,370023,6752,arc1-current-polar-best-glide-equal-feed,114,-38.750445962387,88.181322171990,1394238999.760331,3.2091266516265978e-4,1.5993745687369856e-176,-4.8196034471962923e2,1.078621148944,a114_x+030,grid_node,supported,false
source:bto-bfo-medium:370023,bto-bfo-medium,370023,6813,arc1-current-polar-best-glide-equal-feed,115,-37.749515599696,90.269254700253,1394239127.840032,5.8057213228798852e-4,1.9439105952976427e-66,-2.2907374047100882e2,0.268603304619,a091_x+040,grid_node,supported,false
source:bto-bfo-medium:370023,bto-bfo-medium,370023,6867,arc1-current-polar-best-glide-equal-feed,116,-38.212369853383,89.571175671458,1394239104.276344,8.2507580448124647e-4,2.7255626619206630e-55,-2.0375879248876291e2,2.680010307557,a100_x+040,grid_node,supported,false
source:bto-bfo-medium:370023,bto-bfo-medium,370023,6925,arc1-current-polar-best-glide-equal-feed,117,-38.318434352799,88.931655627634,1394238980.695839,3.5660650271089015e-4,2.2930018590801028e-61,-2.1690827379456579e2,1.169865566264,a105_x+030,grid_node,supported,false
source:bto-bfo-medium:370023,bto-bfo-medium,370023,6982,arc1-current-polar-best-glide-equal-feed,118,-38.015788450498,89.556862904140,1394239019.916686,4.3226633882900560e-4,5.6931001127617013e-50,-1.9086285363398414e2,2.341653790805,a098_x+030,grid_node,supported,false
source:bto-bfo-medium:370023,bto-bfo-medium,370023,7050,arc1-current-polar-best-glide-equal-feed,119,-38.558840346948,88.751548163627,1394239062.486218,5.1043259556666576e-4,1.3310615531307740e-87,-2.7767799689513566e2,1.054888288160,a108_x+035,grid_node,supported,false
source:bto-bfo-medium:370023,bto-bfo-medium,370023,7107,arc1-current-polar-best-glide-equal-feed,120,-38.365311272879,88.243266913138,1394238754.812918,1.0613746067061194e-4,6.5741317048636486e-143,-4.0345507283767307e2,2.836324429368,a111_x+010,grid_node,supported,false
source:bto-bfo-medium:370023,bto-bfo-medium,370023,7169,arc1-current-polar-best-glide-equal-feed,121,-38.340073732570,89.439037941706,1394239141.432191,8.1067036171992288e-4,9.7668617152849774e-54,-2.0016227333212166e2,2.367336766137,a101_x+045,grid_node,supported,false
source:bto-bfo-medium:370023,bto-bfo-medium,370023,7228,arc1-current-polar-best-glide-equal-feed,122,-38.030677749524,89.584723906863,1394239019.299469,5.7709914367109788e-4,1.6814894010708808e-81,-2.6375153865746205e2,1.758258367244,a098_x+035,grid_node,supported,false
source:bto-bfo-medium:370023,bto-bfo-medium,370023,7286,arc1-current-polar-best-glide-equal-feed,123,-38.172827929543,89.410157949381,1394238987.477015,8.5174758156527893e-4,1.0333124144621580e-63,-2.2318119349323791e2,2.631719696107,a100_x+035,grid_node,supported,false
source:bto-bfo-medium:370023,bto-bfo-medium,370023,7343,arc1-current-polar-best-glide-equal-feed,124,-38.328961928002,89.178073545991,1394239086.725150,4.5616782789305359e-4,6.4786918443630398e-55,-2.0230033428198271e2,1.908734431960,a103_x+035,grid_node,supported,false
source:bto-bfo-medium:370023,bto-bfo-medium,370023,7400,arc1-current-polar-best-glide-equal-feed,125,-38.020386413782,89.969098562494,1394239129.408497,8.6034989318496105e-4,1.7261993037978666e-92,-2.8945305765300662e2,1.266770963631,a095_x+045,grid_node,supported,false
source:bto-bfo-medium:370023,bto-bfo-medium,370023,7455,arc1-current-polar-best-glide-equal-feed,126,-37.873954728115,89.816861875662,1394239035.778395,4.3268697188942755e-4,5.3616489026826895e-81,-2.6230394750754471e2,2.729309803079,a095_x+035,grid_node,supported,false
source:bto-bfo-medium:370023,bto-bfo-medium,370023,7505,arc1-current-polar-best-glide-equal-feed,127,-38.124980846302,89.267884128271,1394239049.348767,1.3564003414854288e-4,3.5251049514463332e-48,-1.8557799081944603e2,1.534280290474,a101_x+030,grid_node,supported,false
source:bto-bfo-medium:370023,bto-bfo-medium,370023,7563,arc1-current-polar-best-glide-equal-feed,128,-38.276533309144,89.135933131388,1394239026.326349,4.5720303587734053e-4,6.4933943137502547e-55,-2.0230033428198271e2,2.663141229294,a103_x+035,grid_node,supported,false
source:bto-bfo-medium:370023,bto-bfo-medium,370023,7624,arc1-current-polar-best-glide-equal-feed,129,-37.720971095966,90.058242582364,1394239055.590630,3.3532662337204647e-4,7.9798719745576814e-60,-2.1329710025956146e2,3.115820258089,a092_x+030,grid_node,supported,false
source:bto-bfo-medium:370023,bto-bfo-medium,370023,7683,arc1-current-polar-best-glide-equal-feed,130,-37.804678292271,90.189967045022,1394239148.063232,4.8339557108561620e-4,4.8465421705400483e-78,-2.5560801905960369e2,0.286114179844,a092_x+040,grid_node,supported,false
source:bto-bfo-medium:370023,bto-bfo-medium,370023,7738,arc1-current-polar-best-glide-equal-feed,131,-37.938161404304,90.088241620871,1394239166.338009,6.5062965419294158e-4,5.1079693563985245e-102,-3.1111463013513821e2,2.199311705684,a094_x+045,grid_node,supported,false
source:bto-bfo-medium:370023,bto-bfo-medium,370023,7791,arc1-current-polar-best-glide-equal-feed,132,-38.424284290678,88.979973940704,1394239118.652493,2.3044183779611488e-4,3.2388574976472513e-50,-1.9079784450225770e2,2.419863258228,a105_x+035,grid_node,supported,false
source:bto-bfo-medium:370023,bto-bfo-medium,370023,7849,arc1-current-polar-best-glide-equal-feed,133,-37.980097869308,89.901794605984,1394239157.794610,4.0814952538090568e-4,1.6994982152458240e-77,-2.5418416470759121e2,1.844340818390,a095_x+040,grid_node,supported,false
source:bto-bfo-medium:370023,bto-bfo-medium,370023,7909,arc1-current-polar-best-glide-equal-feed,134,-37.956333666569,89.472850317954,1394238972.334249,2.4940900335812804e-4,1.2835907136673035e-42,-1.7338181863878640e2,2.912724556275,a098_x+025,grid_node,supported,false
source:bto-bfo-medium:370023,bto-bfo-medium,370023,7964,arc1-current-polar-best-glide-equal-feed,135,-37.760133703818,89.719541562046,1394238949.691924,1.8857796936171250e-4,1.0898371683379779e-36,-1.5945035859747921e2,1.109888528238,a095_x+025,grid_node,supported,false
source:bto-bfo-medium:370023,bto-bfo-medium,370023,8024,arc1-current-polar-best-glide-equal-feed,136,-38.622898272024,88.636854544273,1394239103.816426,2.9946053697291495e-4,4.0481258999183578e-119,-3.4971516667487350e2,2.231904572926,a109_x+035,grid_node,supported,false
source:bto-bfo-medium:370023,bto-bfo-medium,370023,8080,arc1-current-polar-best-glide-equal-feed,137,-37.830205240634,88.926038905909,1394238664.044067,4.5304461470519077e-5,1.6514806386594093e-21,-1.2306983222142719e2,1.443151602421,a102_x+005,grid_node,supported,false
source:bto-bfo-medium:370023,bto-bfo-medium,370023,8143,arc1-current-polar-best-glide-equal-feed,138,-38.595528390208,88.195063080539,1394238922.939739,1.4642715144180755e-4,8.5653689886315943e-155,-4.3114330224324090e2,3.001207699836,a113_x+020,grid_node,supported,false
source:bto-bfo-medium:370023,bto-bfo-medium,370023,8208,arc1-current-polar-best-glide-equal-feed,139,-37.833260229648,89.789827239054,1394238996.660789,3.8966595125775207e-4,2.8543323029632794e-75,-2.4901414586101004e2,0.844442185314,a095_x+030,grid_node,supported,false
source:bto-bfo-medium:370023,bto-bfo-medium,370023,8268,arc1-current-polar-best-glide-equal-feed,140,-38.303593296451,88.899333732859,1394238942.659731,3.9310679617345350e-4,2.0024307611446865e-48,-1.8720761595749718e2,2.635469461775,a105_x+025,grid_node,supported,false
source:bto-bfo-medium:370023,bto-bfo-medium,370023,8328,arc1-current-polar-best-glide-equal-feed,141,-38.325295922466,89.009547971085,1394238957.281622,6.8814626689022048e-4,4.4248230396897618e-61,-2.1690827379456579e2,2.639961810994,a105_x+030,grid_node,supported,false
source:bto-bfo-medium:370023,bto-bfo-medium,370023,8394,arc1-current-polar-best-glide-equal-feed,142,-37.420480011461,89.716738110764,1394238702.503323,7.1852552502284770e-5,1.6800840924775655e-16,-1.1200094577401882e2,2.296002160430,a093_x+010,grid_node,supported,false
source:bto-bfo-medium:370023,bto-bfo-medium,370023,8462,arc1-current-polar-best-glide-equal-feed,143,-37.806098009877,89.801636111598,1394238971.887641,4.2424217482359025e-4,3.1076057324737043e-75,-2.4901414586101004e2,1.275627084142,a095_x+030,grid_node,supported,false
source:bto-bfo-medium:370023,bto-bfo-medium,370023,8534,arc1-current-polar-best-glide-equal-feed,144,-38.113605445682,89.396545211507,1394239050.303205,3.1025281019634958e-4,2.8277209054023929e-37,-1.6129737686524533e2,2.256841680991,a100_x+030,grid_node,supported,false
source:bto-bfo-medium:370023,bto-bfo-medium,370023,8599,arc1-current-polar-best-glide-equal-feed,145,-38.152519379717,89.804690026342,1394239150.590829,8.6712680767897174e-4,1.3465762643266410e-85,-2.7359116485627379e2,1.896144852067,a097_x+045,grid_node,supported,false
source:bto-bfo-medium:370023,bto-bfo-medium,370023,8656,arc1-current-polar-best-glide-equal-feed,146,-38.045847015385,89.551921666441,1394239027.806250,5.1499363662229844e-4,5.3250596897765723e-73,-2.4406425440819592e2,2.962120099647,a099_x+035,grid_node,supported,false
source:bto-bfo-medium:370023,bto-bfo-medium,370023,8712,arc1-current-polar-best-glide-equal-feed,147,-38.581468901262,88.648924766444,1394239029.225182,5.4435591025374646e-4,7.3586365714398601e-119,-3.4971516667487350e2,1.121243301754,a109_x+035,grid_node,supported,false
source:bto-bfo-medium:370023,bto-bfo-medium,370023,8778,arc1-current-polar-best-glide-equal-feed,148,-37.795167414863,90.058808396364,1394239092.538843,4.2495751081206539e-4,5.9499818121674306e-74,-2.4606370990414865e2,0.829230671119,a093_x+035,grid_node,supported,false
source:bto-bfo-medium:370023,bto-bfo-medium,370023,8830,arc1-current-polar-best-glide-equal-feed,149,-37.909986110517,89.981617406592,1394239159.104254,3.2574247360232501e-4,8.6128365481774036e-87,-2.7536156848510115e2,1.772862135698,a094_x+040,grid_node,supported,false
source:bto-bfo-medium:370023,bto-bfo-medium,370023,8886,arc1-current-polar-best-glide-equal-feed,150,-37.702461055416,89.921629370067,1394239037.867147,1.2053944905942972e-4,1.4423130131412977e-52,-1.9556396582506849e2,2.809407613261,a093_x+025,grid_node,supported,false
source:bto-bfo-medium:370023,bto-bfo-medium,370023,8950,arc1-current-polar-best-glide-equal-feed,151,-38.363478003592,89.035442292120,1394239032.787841,5.3689852684383880e-4,7.5461028942255836e-50,-1.9079784450225770e2,2.118591202604,a105_x+035,grid_node,supported,false
source:bto-bfo-medium:370023,bto-bfo-medium,370023,9004,arc1-current-polar-best-glide-equal-feed,152,-38.011972354925,89.467078741032,1394239067.847762,1.0455149514850093e-4,3.8155105871933058e-72,-2.4050054392561012e2,0.910191787445,a099_x+030,grid_node,supported,false
source:bto-bfo-medium:370023,bto-bfo-medium,370023,9062,arc1-current-polar-best-glide-equal-feed,153,-38.312875093736,89.249455245438,1394239116.598228,3.9428317089184049e-4,5.5997793080345621e-55,-2.0230033428198271e2,3.144038695083,a103_x+035,grid_node,supported,false
source:bto-bfo-medium:370023,bto-bfo-medium,370023,9118,arc1-current-polar-best-glide-equal-feed,154,-38.335202440661,89.339222796831,1394239158.301939,4.6583243974552754e-4,5.9943383858672400e-56,-2.0470158778036651e2,1.186311910483,a102_x+040,grid_node,supported,false
source:bto-bfo-medium:370023,bto-bfo-medium,370023,9180,arc1-current-polar-best-glide-equal-feed,155,-37.958626193610,89.151609007318,1394238780.439383,3.2604145934025692e-4,1.3811625803639602e-37,-1.6206355939190055e2,2.455695405725,a101_x+020,grid_node,supported,false
source:bto-bfo-medium:370023,bto-bfo-medium,370023,9236,arc1-current-polar-best-glide-equal-feed,156,-37.915391018578,89.885331409375,1394239102.618680,4.1587465250666328e-4,5.1533187249179576e-81,-2.6230394750754471e2,1.520588357695,a095_x+035,grid_node,supported,false
source:bto-bfo-medium:370023,bto-bfo-medium,370023,9301,arc1-current-polar-best-glide-equal-feed,157,-38.344927183682,89.387696811062,1394239129.999657,7.7479353121564793e-4,3.6985630553320172e-59,-2.1260098468437653e2,2.339340493891,a102_x+045,grid_node,supported,false
source:bto-bfo-medium:370023,bto-bfo-medium,370023,9363,arc1-current-polar-best-glide-equal-feed,158,-37.908571537343,89.532926617027,1394238945.487491,3.0414016312552654e-4,1.5652662244939797e-42,-1.7338181863878640e2,1.941708742248,a098_x+025,grid_node,supported,false
source:bto-bfo-medium:370023,bto-bfo-medium,370023,9416,arc1-current-polar-best-glide-equal-feed,159,-37.767411161645,90.128365932604,1394239122.019267,3.3201734422346060e-4,9.6752361528769301e-68,-2.3151521588159665e2,1.949566788850,a092_x+035,grid_node,supported,false
source:bto-bfo-medium:370023,bto-bfo-medium,370023,9470,arc1-current-polar-best-glide-equal-feed,160,-38.896598507317,88.016419117038,1394239029.991249,4.0637623798780119e-4,3.6177634685885404e-173,-4.7447245650045573e2,2.376231924418,a116_x+030,grid_node,supported,false
source:bto-bfo-medium:370023,bto-bfo-medium,370023,9532,arc1-current-polar-best-glide-equal-feed,161,-37.842247683949,89.820187722619,1394239052.484397,2.4876790986348523e-4,1.8222435878015170e-75,-2.4901414586101004e2,1.136927072570,a095_x+030,grid_node,supported,false
source:bto-bfo-medium:370023,bto-bfo-medium,370023,9591,arc1-current-polar-best-glide-equal-feed,162,-37.977240898474,89.524526975295,1394238953.777731,5.0728838032169368e-4,6.6811668542957430e-50,-1.9086285363398414e2,1.447362411026,a098_x+030,grid_node,supported,false
source:bto-bfo-medium:370023,bto-bfo-medium,370023,9650,arc1-current-polar-best-glide-equal-feed,163,-37.784689012934,89.831811870563,1394238973.959584,3.9356004799354728e-4,2.8828568534608254e-75,-2.4901414586101004e2,2.828238505416,a095_x+030,grid_node,supported,false
source:bto-bfo-medium:370023,bto-bfo-medium,370023,9710,arc1-current-polar-best-glide-equal-feed,164,-38.055749209534,89.551160529336,1394239059.236282,3.9192232598685096e-4,4.0524962469907642e-73,-2.4406425440819592e2,2.384016056012,a099_x+035,grid_node,supported,false
source:bto-bfo-medium:370023,bto-bfo-medium,370023,9766,arc1-current-polar-best-glide-equal-feed,165,-38.368366304285,89.315525407905,1394239068.885572,9.3654800710749064e-4,8.8803314258626054e-68,-2.3263796022338332e2,3.217512556679,a103_x+040,grid_node,supported,false
source:bto-bfo-medium:370023,bto-bfo-medium,370023,9835,arc1-current-polar-best-glide-equal-feed,166,-38.409708988210,89.046786366562,1394239068.051524,5.6113081314107408e-4,7.8866874118181671e-50,-1.9079784450225770e2,1.717126096858,a105_x+035,grid_node,supported,false
source:bto-bfo-medium:370023,bto-bfo-medium,370023,9892,arc1-current-polar-best-glide-equal-feed,167,-38.430959075091,89.256504619148,1394239118.834326,8.5788988459396950e-4,2.6488786833990551e-69,-2.3606252275209371e2,2.471680206183,a103_x+045,grid_node,supported,false
source:bto-bfo-medium:370023,bto-bfo-medium,370023,9951,arc1-current-polar-best-glide-equal-feed,168,-38.351198343791,89.280680989323,1394239106.044723,6.8488641790767223e-4,6.4940807453918254e-68,-2.3263796022338332e2,1.783740748772,a103_x+040,grid_node,supported,false
source:bto-bfo-medium:370023,bto-bfo-medium,370023,10007,arc1-current-polar-best-glide-equal-feed,169,-38.167610804089,89.754798154753,1394239134.924544,8.8267407530824094e-4,4.6482986708079558e-72,-2.4243639343799344e2,0.726271437339,a098_x+045,grid_node,supported,false
source:bto-bfo-medium:370023,bto-bfo-medium,370023,10066,arc1-current-polar-best-glide-equal-feed,170,-37.712695318167,90.095533395460,1394239084.492521,2.5909655539143006e-4,7.5502692959375938e-68,-2.3151521588159665e2,2.063851030096,a092_x+035,grid_node,supported,false
source:bto-bfo-medium:370023,bto-bfo-medium,370023,10120,arc1-current-polar-best-glide-equal-feed,171,-37.955867644142,89.926807649312,1394239101.348702,6.9293996568497139e-4,2.8853402043162219e-77,-2.5418416470759121e2,0.352894299828,a095_x+040,grid_node,supported,false
source:bto-bfo-medium:370023,bto-bfo-medium,370023,10169,arc1-current-polar-best-glide-equal-feed,172,-37.994378464587,89.853561959511,1394239051.029638,8.8884439436974657e-4,3.2829488916561585e-105,-3.1877642687528567e2,0.984526952246,a096_x+040,grid_node,supported,false
source:bto-bfo-medium:370023,bto-bfo-medium,370023,10224,arc1-current-polar-best-glide-equal-feed,173,-38.353216074453,88.437690494951,1394238886.663727,4.9946632659657287e-5,3.4662434287685227e-77,-2.5137074782296867e2,2.019860433796,a109_x+015,grid_node,supported,false
source:bto-bfo-medium:370023,bto-bfo-medium,370023,10283,arc1-current-polar-best-glide-equal-feed,174,-37.760854946241,89.718394676780,1394238979.196803,1.2043367339448795e-4,6.9601499066431218e-37,-1.5945035859747921e2,1.164402924630,a095_x+025,grid_node,supported,false
source:bto-bfo-medium:370023,bto-bfo-medium,370023,10346,arc1-current-polar-best-glide-equal-feed,175,-38.215244911626,88.974281369536,1394238898.699688,4.0739524890615270e-4,3.6116687154524035e-45,-1.7974575510887684e2,0.262945236753,a104_x+025,grid_node,supported,false
source:bto-bfo-medium:370023,bto-bfo-medium,370023,10400,arc1-current-polar-best-glide-equal-feed,176,-37.775930657157,89.977726614552,1394239044.379255,3.9266790903189270e-4,5.4978835707525067e-74,-2.4606370990414865e2,3.230950864211,a093_x+035,grid_node,supported,false
source:bto-bfo-medium:370023,bto-bfo-medium,370023,10459,arc1-current-polar-best-glide-equal-feed,177,-38.499272716186,88.923383404299,1394239106.834904,4.3229401492433331e-4,4.3844113167107369e-47,-1.8421636194608013e2,3.315264913555,a106_x+040,grid_node,supported,false
source:bto-bfo-medium:370023,bto-bfo-medium,370023,10517,arc1-current-polar-best-glide-equal-feed,178,-38.382232965338,89.034602936900,1394239032.181413,6.2049512751758448e-4,8.7210521979607839e-50,-1.9079784450225770e2,1.187340551465,a105_x+035,grid_node,supported,false
source:bto-bfo-medium:370023,bto-bfo-medium,370023,10579,arc1-current-polar-best-glide-equal-feed,179,-38.421474378613,88.797665812916,1394239006.126106,3.5193454194724769e-4,4.4944078208833337e-49,-1.8859109283312725e2,0.708289142323,a107_x+030,grid_node,supported,false
source:bto-bfo-medium:370023,bto-bfo-medium,370023,10642,arc1-current-polar-best-glide-equal-feed,180,-38.041943778253,89.484707919786,1394238974.514034,5.8117782855498449e-4,2.1209549942293044e-71,-2.4050054392561012e2,1.106189174024,a099_x+030,grid_node,supported,false
source:bto-bfo-medium:370023,bto-bfo-medium,370023,10700,arc1-current-polar-best-glide-equal-feed,181,-38.181260844680,89.124756607792,1394238990.801860,2.3799936875521885e-4,5.0418013470462428e-52,-1.9499274142471037e2,2.938776484557,a103_x+030,grid_node,supported,false
source:bto-bfo-medium:370023,bto-bfo-medium,370023,10762,arc1-current-polar-best-glide-equal-feed,182,-37.923233240068,90.044828841987,1394239158.927815,5.1649463545110769e-4,1.3656444073614572e-86,-2.7536156848510115e2,1.523842993402,a094_x+040,grid_node,supported,false
source:bto-bfo-medium:370023,bto-bfo-medium,370023,10818,arc1-current-polar-best-glide-equal-feed,183,-38.762075888946,87.927157715894,1394238920.629927,2.0665908562063091e-4,2.7407888616867675e-188,-5.0861263420040655e2,1.902633940248,a116_x+025,grid_node,supported,false
source:bto-bfo-medium:370023,bto-bfo-medium,370023,10885,arc1-current-polar-best-glide-equal-feed,184,-38.034851851137,89.787148173113,1394239063.229676,8.3984545243875311e-4,6.7491317865833016e-86,-2.7424993401080098e2,1.848779370124,a097_x+040,grid_node,supported,false
source:bto-bfo-medium:370023,bto-bfo-medium,370023,10941,arc1-current-polar-best-glide-equal-feed,185,-38.055224790338,89.402511176254,1394239046.435555,1.6670547686502944e-4,1.5193949788173912e-37,-1.6129737686524533e2,1.457559397778,a100_x+030,grid_node,supported,false
source:bto-bfo-medium:370023,bto-bfo-medium,370023,11000,arc1-current-polar-best-glide-equal-feed,186,-38.289662982946,89.274136926040,1394239065.089175,6.3425534846374648e-4,1.3191892458234560e-52,-1.9731367112268248e2,2.472508770425,a102_x+035,grid_node,supported,false
source:bto-bfo-medium:370023,bto-bfo-medium,370023,11063,arc1-current-polar-best-glide-equal-feed,187,-38.332438836492,89.447032091802,1394239139.683965,8.0657506979425525e-4,9.7175221170827977e-54,-2.0016227333212166e2,1.918948771000,a101_x+045,grid_node,supported,false
source:bto-bfo-medium:370023,bto-bfo-medium,370023,11123,arc1-current-polar-best-glide-equal-feed,188,-37.968285088921,90.149628140384,1394239161.236495,9.0259480157281068e-4,1.0673552929500639e-87,-2.7846880491448655e2,3.132700733933,a093_x+045,grid_node,supported,false
source:bto-bfo-medium:370023,bto-bfo-medium,370023,11189,arc1-current-polar-best-glide-equal-feed,189,-38.441573143984,88.799447502962,1394239035.269612,3.0342997273032524e-4,3.8749763947126821e-49,-1.8859109283312725e2,1.252680652858,a107_x+030,grid_node,supported,false
source:bto-bfo-medium:370023,bto-bfo-medium,370023,11244,arc1-current-polar-best-glide-equal-feed,190,-37.721211719594,89.873551395204,1394238997.268111,1.9698248275644274e-4,2.3787773624073151e-32,-1.4950306313415925e2,2.238076694956,a094_x+025,grid_node,supported,false
source:bto-bfo-medium:370023,bto-bfo-medium,370023,11297,arc1-current-polar-best-glide-equal-feed,191,-37.549412905113,90.238126332474,1394239050.211990,1.8320277045916555e-4,4.4796466029679244e-45,-1.7873119059539883e2,1.161685854968,a090_x+030,grid_node,supported,false
source:bto-bfo-medium:370023,bto-bfo-medium,370023,11356,arc1-current-polar-best-glide-equal-feed,192,-38.375744388527,88.904967336679,1394238958.386639,6.3186880839950419e-4,1.3636823107003631e-56,-2.0648707037236599e2,1.719956063317,a106_x+030,grid_node,supported,false
source:bto-bfo-medium:370023,bto-bfo-medium,370023,11419,arc1-current-polar-best-glide-equal-feed,193,-38.875413684956,87.797313218052,1394238981.250888,1.4367670952409182e-4,3.2104021821661758e-179,-4.8736771312511524e2,2.421029704908,a118_x+025,grid_node,supported,false
source:bto-bfo-medium:370023,bto-bfo-medium,370023,11475,arc1-current-polar-best-glide-equal-feed,194,-38.419199205059,88.909629389321,1394238976.033295,7.3977530930347489e-4,1.2928059241953153e-59,-2.1360586399543325e2,1.767753172448,a106_x+035,grid_node,supported,false
source:bto-bfo-medium:370023,bto-bfo-medium,370023,11533,arc1-current-polar-best-glide-equal-feed,195,-38.207699400926,89.149475766145,1394238974.488431,4.4653873828202575e-4,9.4595192581966164e-52,-1.9499274142471037e2,1.812423759864,a103_x+030,grid_node,supported,false
source:bto-bfo-medium:370023,bto-bfo-medium,370023,11591,arc1-current-polar-best-glide-equal-feed,196,-37.868039154442,89.752988828611,1394238965.397880,5.7298386434108330e-4,9.3151010507480255e-40,-1.6762643641994413e2,1.552863918198,a096_x+030,grid_node,supported,false
source:bto-bfo-medium:370023,bto-bfo-medium,370023,11647,arc1-current-polar-best-glide-equal-feed,197,-38.153387994601,88.496722108491,1394238665.296098,1.4743887237114123e-4,2.8558947740962517e-62,-2.1810811622691264e2,1.826709170746,a107_x+010,grid_node,supported,false
source:bto-bfo-medium:370023,bto-bfo-medium,370023,11709,arc1-current-polar-best-glide-equal-feed,198,-37.735253625870,89.768294455796,1394238980.559025,1.2375000164405899e-4,7.1518084445426933e-37,-1.5945035859747921e2,1.934037637806,a095_x+025,grid_node,supported,false
source:bto-bfo-medium:370023,bto-bfo-medium,370023,11765,arc1-current-polar-best-glide-equal-feed,199,-37.821447670025,89.817193133652,1394239040.323353,2.3579967889015714e-4,1.7272503238019694e-75,-2.4901414586101004e2,0.636535560111,a095_x+030,grid_node,supported,false
source:bto-bfo-medium:370023,bto-bfo-medium,370023,11826,arc1-current-polar-best-glide-equal-feed,200,-38.178055853500,88.752754003412,1394238847.725894,1.0324500340676805e-4,1.2170870761900631e-38,-1.6334269000597146e2,3.258492795375,a105_x+015,grid_node,supported,false
source:bto-bfo-medium:370023,bto-bfo-medium,370023,11886,arc1-current-polar-best-glide-equal-feed,201,-38.618387715734,88.529456876627,1394239003.205727,5.5020767809963096e-4,1.2096505039289367e-107,-3.2390038127170106e2,2.648758536292,a110_x+035,grid_node,supported,false
source:bto-bfo-medium:370023,bto-bfo-medium,370023,11947,arc1-current-polar-best-glide-equal-feed,202,-37.796254188345,89.894035874625,1394239043.557777,2.8071914614937311e-4,1.0343238312325040e-82,-2.6581939640106884e2,1.253168702168,a094_x+030,grid_node,supported,false
source:bto-bfo-medium:370023,bto-bfo-medium,370023,12003,arc1-current-polar-best-glide-equal-feed,203,-37.932826656253,89.807167946056,1394239084.541080,3.9156168417546055e-4,1.0237651953622469e-78,-2.5695210511219045e2,1.224187942663,a096_x+035,grid_node,supported,false
source:bto-bfo-medium:370023,bto-bfo-medium,370023,12058,arc1-current-polar-best-glide-equal-feed,204,-38.154602896955,89.457103547620,1394239074.161318,4.7955962580518546e-4,5.8178611309780579e-64,-2.2318119349323791e2,0.740153559862,a100_x+035,grid_node,supported,false
source:bto-bfo-medium:370023,bto-bfo-medium,370023,12114,arc1-current-polar-best-glide-equal-feed,205,-38.042654666810,89.511962281416,1394239065.376897,2.3649982301113411e-4,8.6308433684912717e-72,-2.4050054392561012e2,2.137936541655,a099_x+030,grid_node,supported,false
source:bto-bfo-medium:370023,bto-bfo-medium,370023,12167,arc1-current-polar-best-glide-equal-feed,206,-37.714990567456,89.804058889380,1394238965.890381,1.6212014408937579e-4,1.9577767695559506e-32,-1.4950306313415925e2,1.236756545567,a094_x+025,grid_node,supported,false
source:bto-bfo-medium:370023,bto-bfo-medium,370023,12234,arc1-current-polar-best-glide-equal-feed,207,-38.045696918719,89.882829445836,1394239164.148812,5.8095072247866619e-4,2.0798352389466153e-95,-2.9578177309014421e2,2.300217171400,a096_x+045,grid_node,supported,false
source:bto-bfo-medium:370023,bto-bfo-medium,370023,12286,arc1-current-polar-best-glide-equal-feed,208,-38.026441011167,89.594260535818,1394239092.751667,2.4190311380804409e-4,7.0483126931495246e-82,-2.6375153865746205e2,1.522992490661,a098_x+035,grid_node,supported,false
source:bto-bfo-medium:370023,bto-bfo-medium,370023,12336,arc1-current-polar-best-glide-equal-feed,209,-38.309225131402,89.404763256227,1394239143.455917,5.9998438065036758e-4,1.3060551486316176e-37,-1.6272935280231178e2,2.929528816036,a101_x+040,grid_node,supported,false
source:bto-bfo-medium:370023,bto-bfo-medium,370023,12395,arc1-current-polar-best-glide-equal-feed,210,-38.226403409822,89.296007854956,1394239037.616153,5.6648315625256937e-4,1.1782296979892952e-52,-1.9731367112268248e2,1.759541383083,a102_x+035,grid_node,supported,false
source:bto-bfo-medium:370023,bto-bfo-medium,370023,12458,arc1-current-polar-best-glide-equal-feed,211,-38.210439048590,89.336979129888,1394239079.633926,4.0011724536067131e-4,2.3182668402372852e-57,-2.0780210005934345e2,1.479080089268,a101_x+035,grid_node,supported,false
source:bto-bfo-medium:370023,bto-bfo-medium,370023,12511,arc1-current-polar-best-glide-equal-feed,212,-37.783571818568,90.224904604141,1394239130.356132,5.8247559227392884e-4,5.8399221882112577e-78,-2.5560801905960369e2,1.823898423421,a092_x+040,grid_node,supported,false
source:bto-bfo-medium:370023,bto-bfo-medium,370023,12568,arc1-current-polar-best-glide-equal-feed,213,-38.224473770796,89.242092364315,1394239053.710250,3.6006680800802727e-4,7.4890383195455480e-53,-1.9731367112268248e2,2.004008846045,a102_x+035,grid_node,supported,false
source:bto-bfo-medium:370023,bto-bfo-medium,370023,12623,arc1-current-polar-best-glide-equal-feed,214,-38.010945471679,88.957427237357,1394238783.738975,1.4527238270263269e-4,4.3434542560835553e-39,-1.6471457116132262e2,1.337172626182,a103_x+015,grid_node,supported,false
source:bto-bfo-medium:370023,bto-bfo-medium,370023,12687,arc1-current-polar-best-glide-equal-feed,215,-38.106427943486,89.519290543338,1394239099.494674,3.2342505372178170e-4,3.3442310618311705e-73,-2.4406425440819592e2,1.074096810899,a099_x+035,grid_node,supported,false
source:bto-bfo-medium:370023,bto-bfo-medium,370023,12746,arc1-current-polar-best-glide-equal-feed,216,-37.726586938760,90.123181806192,1394239115.363673,2.2937386044192127e-4,6.6841275182872852e-68,-2.3151521588159665e2,0.565121868641,a092_x+035,grid_node,supported,false
source:bto-bfo-medium:370023,bto-bfo-medium,370023,12805,arc1-current-polar-best-glide-equal-feed,217,-38.428072895612,89.333998129688,1394239143.981169,8.7392189367176468e-4,2.6983801961932559e-69,-2.3606252275209371e2,1.208633942055,a103_x+045,grid_node,supported,false
source:bto-bfo-medium:370023,bto-bfo-medium,370023,12870,arc1-current-polar-best-glide-equal-feed,218,-37.900986463826,89.913415494607,1394239105.189262,4.1423099183880068e-4,5.1329512722587810e-81,-2.6230394750754471e2,2.161624441906,a095_x+035,grid_node,supported,false
source:bto-bfo-medium:370023,bto-bfo-medium,370023,12930,arc1-current-polar-best-glide-equal-feed,219,-38.134721337163,89.480545320913,1394239055.215672,5.5741141279695673e-4,6.7623336452272655e-64,-2.2318119349323791e2,1.475234719086,a100_x+035,grid_node,supported,false
source:bto-bfo-medium:370023,bto-bfo-medium,370023,12985,arc1-current-polar-best-glide-equal-feed,220,-38.012193254888,89.934714105816,1394239110.291265,8.6807864342897383e-4,1.7417062079029672e-92,-2.8945305765300662e2,2.965775212778,a095_x+045,grid_node,supported,false
source:bto-bfo-medium:370023,bto-bfo-medium,370023,13044,arc1-current-polar-best-glide-equal-feed,221,-38.525248999938,88.185486198125,1394238825.373170,2.2638558874599679e-4,4.2545990711052560e-151,-4.2306840019622325e2,1.727288587869,a112_x+020,grid_node,supported,false
source:bto-bfo-medium:370023,bto-bfo-medium,370023,13101,arc1-current-polar-best-glide-equal-feed,222,-38.189643844299,89.409969751154,1394239047.365499,6.5900974449885721e-4,3.8182819055643716e-57,-2.0780210005934345e2,2.273330878644,a101_x+035,grid_node,supported,false
source:bto-bfo-medium:370023,bto-bfo-medium,370023,13160,arc1-current-polar-best-glide-equal-feed,223,-38.365028426094,89.246518486147,1394239160.770314,3.4307379925320214e-4,3.2530196186180230e-68,-2.3263796022338332e2,0.038617271528,a103_x+040,grid_node,supported,false
source:bto-bfo-medium:370023,bto-bfo-medium,370023,13221,arc1-current-polar-best-glide-equal-feed,224,-38.710711973173,88.693097110895,1394239091.951201,8.2648948540216640e-4,8.1997247302370935e-104,-3.1548574827849774e2,2.678236721115,a110_x+040,grid_node,supported,false
source:bto-bfo-medium:370023,bto-bfo-medium,370023,13277,arc1-current-polar-best-glide-equal-feed,225,-38.503879526166,88.745381972679,1394239092.665881,1.8133616774361320e-4,4.7287262446010399e-88,-2.7767799689513566e2,2.376653538255,a108_x+035,grid_node,supported,false
source:bto-bfo-medium:370023,bto-bfo-medium,370023,13329,arc1-current-polar-best-glide-equal-feed,226,-38.447466916088,88.954837255876,1394239094.475836,3.5889860506913929e-4,6.2719887644759049e-60,-2.1360586399543325e2,1.172739134430,a106_x+035,grid_node,supported,false
source:bto-bfo-medium:370023,bto-bfo-medium,370023,13393,arc1-current-polar-best-glide-equal-feed,227,-37.708543598910,89.949864346539,1394239048.683556,1.3765144116638337e-4,2.0617132341282638e-69,-2.3448337080969756e2,1.639766977479,a093_x+030,grid_node,supported,false
source:bto-bfo-medium:370023,bto-bfo-medium,370023,13447,arc1-current-polar-best-glide-equal-feed,228,-38.204047569086,89.628060979172,1394239114.444823,8.5412054954534433e-4,1.2160750439320001e-74,-2.4834955272470131e2,2.056744659175,a099_x+045,grid_node,supported,false
source:bto-bfo-medium:370023,bto-bfo-medium,370023,13502,arc1-current-polar-best-glide-equal-feed,229,-37.864242900950,90.247493864113,1394239155.680373,8.0913783419925766e-4,1.3868210016189512e-72,-2.4355889389147683e2,0.487018686702,a092_x+045,grid_node,supported,false
source:bto-bfo-medium:370023,bto-bfo-medium,370023,13564,arc1-current-polar-best-glide-equal-feed,230,-38.319838737064,89.261803399879,1394239103.714457,5.1933389722622460e-4,4.9243147100354050e-68,-2.3263796022338332e2,2.810266666094,a103_x+040,grid_node,supported,false
source:bto-bfo-medium:370023,bto-bfo-medium,370023,13617,arc1-current-polar-best-glide-equal-feed,231,-37.914228333677,89.971298885857,1394239098.158144,6.5774509325102740e-4,1.7391195308023866e-86,-2.7536156848510115e2,2.287550941845,a094_x+040,grid_node,supported,false
source:bto-bfo-medium:370023,bto-bfo-medium,370023,13665,arc1-current-polar-best-glide-equal-feed,232,-38.048396534941,89.722709201869,1394239101.557080,5.5462019874882168e-4,4.4570162307686395e-86,-2.7424993401080098e2,2.108756007984,a097_x+040,grid_node,supported,false
source:bto-bfo-medium:370023,bto-bfo-medium,370023,13713,arc1-current-polar-best-glide-equal-feed,233,-37.925683689570,89.714547382406,1394239070.885104,2.3370392178650933e-4,3.7993664095600833e-40,-1.6762643641994413e2,2.946044552857,a096_x+030,grid_node,supported,false
source:bto-bfo-medium:370023,bto-bfo-medium,370023,13768,arc1-current-polar-best-glide-equal-feed,234,-38.311337505713,89.321311941302,1394239131.987482,4.7568476255651374e-4,6.1211182143567966e-56,-2.0470158778036651e2,0.631016666030,a102_x+040,grid_node,supported,false
source:bto-bfo-medium:370023,bto-bfo-medium,370023,13824,arc1-current-polar-best-glide-equal-feed,235,-38.372135639245,88.948917943455,1394239001.127693,5.2094280722833901e-4,3.3496944569667820e-61,-2.1690827379456579e2,2.683233574810,a105_x+030,grid_node,supported,false
source:bto-bfo-medium:370023,bto-bfo-medium,370023,13879,arc1-current-polar-best-glide-equal-feed,236,-38.715340649866,88.416533071227,1394239055.669814,4.3367880779681165e-4,2.2978636661119978e-138,-3.9440087916461016e2,1.555981218562,a112_x+035,grid_node,supported,false
source:bto-bfo-medium:370023,bto-bfo-medium,370023,13935,arc1-current-polar-best-glide-equal-feed,237,-38.245585513342,89.046398011033,1394238965.253190,4.0495182355922702e-4,3.6926355510601274e-45,-1.7971756884200190e2,2.032627296935,a104_x+030,grid_node,supported,false
source:bto-bfo-medium:370023,bto-bfo-medium,370023,13996,arc1-current-polar-best-glide-equal-feed,238,-38.478876657235,88.256473887722,1394238848.108847,1.4409468767916797e-4,1.2489322112947237e-127,-3.6858030048776385e2,2.437884896582,a111_x+020,grid_node,supported,false
source:bto-bfo-medium:370023,bto-bfo-medium,370023,14054,arc1-current-polar-best-glide-equal-feed,239,-37.760056261492,90.097011145183,1394239047.500969,6.1472584450211894e-4,1.7913575354761392e-67,-2.3151521588159665e2,2.128849928527,a092_x+035,grid_node,supported,false
source:bto-bfo-medium:370023,bto-bfo-medium,370023,14116,arc1-current-polar-best-glide-equal-feed,240,-38.096362560109,89.751861717831,1394239158.138126,4.9613477844083725e-4,3.9870180803874881e-86,-2.7424993401080098e2,2.261043487136,a097_x+040,grid_node,supported,false
source:bto-bfo-medium:370023,bto-bfo-medium,370023,14169,arc1-current-polar-best-glide-equal-feed,241,-37.934992206011,89.436119334332,1394238939.702312,2.2898683686818568e-4,4.3697788024426556e-44,-1.7667650821817557e2,2.002758604243,a099_x+025,grid_node,supported,false
source:bto-bfo-medium:370023,bto-bfo-medium,370023,14232,arc1-current-polar-best-glide-equal-feed,242,-38.419904553585,89.029312727509,1394239030.416754,7.6516160542511422e-4,1.0754337955053021e-49,-1.9079784450225770e2,1.627233954430,a105_x+035,grid_node,supported,false
source:bto-bfo-medium:370023,bto-bfo-medium,370023,14291,arc1-current-polar-best-glide-equal-feed,243,-37.924086102841,89.304065354110,1394238916.344335,9.3444808201242186e-5,1.4462624567737375e-13,-1.0550580656766603e2,2.331086908236,a100_x+020,grid_node,supported,false
source:bto-bfo-medium:370023,bto-bfo-medium,370023,14358,arc1-current-polar-best-glide-equal-feed,244,-38.329364445077,89.146457499559,1394239044.211330,6.0746494847188724e-4,3.7007106248719155e-52,-1.9623900644526350e2,2.393817053594,a104_x+035,grid_node,supported,false
source:bto-bfo-medium:370023,bto-bfo-medium,370023,14419,arc1-current-polar-best-glide-equal-feed,245,-38.119570322487,89.493078080711,1394239068.573138,4.5471638694265557e-4,5.5164710514792943e-64,-2.2318119349323791e2,2.432732889566,a100_x+035,grid_node,supported,false
source:bto-bfo-medium:370023,bto-bfo-medium,370023,14476,arc1-current-polar-best-glide-equal-feed,246,-38.407180964586,89.128059002980,1394239078.952498,6.9203446785731811e-4,8.2502968007435830e-55,-2.0247537869854168e2,1.659980088683,a104_x+040,grid_node,supported,false
source:bto-bfo-medium:370023,bto-bfo-medium,370023,14532,arc1-current-polar-best-glide-equal-feed,247,-37.819596878907,89.628987156908,1394238990.322909,1.0707955573006527e-4,8.2705206061494161e-23,-1.2692414374632884e2,1.539567119170,a096_x+025,grid_node,supported,false
source:bto-bfo-medium:370023,bto-bfo-medium,370023,14587,arc1-current-polar-best-glide-equal-feed,248,-37.567023536983,89.302423371131,1394238667.491674,1.9619088597271561e-5,2.0794578214723728e-9,-9.4371473636281834e1,1.899511260008,a097_x+005,grid_node,supported,false
source:bto-bfo-medium:370023,bto-bfo-medium,370023,14642,arc1-current-polar-best-glide-equal-feed,249,-38.514683922716,88.916333114901,1394239077.024544,6.4445287226098762e-4,2.1461296184663589e-89,-2.8203862092681055e2,2.748079812070,a107_x+040,grid_node,supported,false
source:bto-bfo-medium:370023,bto-bfo-medium,370023,14698,arc1-current-polar-best-glide-equal-feed,250,-37.713778341070,89.759525819285,1394238991.686157,7.1334091540782907e-5,4.1225676887870934e-37,-1.5945035859747921e2,2.911257173492,a095_x+025,grid_node,supported,false
source:bto-bfo-medium:370023,bto-bfo-medium,370023,14749,arc1-current-polar-best-glide-equal-feed,251,-37.701523862133,90.077220757579,1394239085.640359,1.9906949527351460e-4,4.7373187083922735e-60,-2.1329710025956146e2,2.030524780407,a092_x+030,grid_node,supported,false
source:bto-bfo-medium:370023,bto-bfo-medium,370023,14818,arc1-current-polar-best-glide-equal-feed,252,-37.897836723653,89.631539014538,1394239088.508553,5.7853537750110849e-5,3.0285089584893936e-58,-2.0790359158977330e2,1.777606521400,a097_x+030,grid_node,supported,false
source:bto-bfo-medium:370023,bto-bfo-medium,370023,14870,arc1-current-polar-best-glide-equal-feed,253,-38.253891838507,89.310896840855,1394239064.541427,5.8618156740084871e-4,1.2192004713687394e-52,-1.9731367112268248e2,1.883052485873,a102_x+035,grid_node,supported,false
source:bto-bfo-medium:370023,bto-bfo-medium,370023,14936,arc1-current-polar-best-glide-equal-feed,254,-38.114938611271,88.787458523264,1394238752.888418,2.4027360925104669e-4,2.8324267026932704e-38,-1.6334269000597146e2,1.103092903688,a105_x+015,grid_node,supported,false
source:bto-bfo-medium:370023,bto-bfo-medium,370023,14986,arc1-current-polar-best-glide-equal-feed,255,-38.109814965795,89.445844928460,1394239079.396368,2.7270362576027401e-4,3.3083515358985719e-64,-2.2318119349323791e2,2.019144603352,a100_x+035,grid_node,supported,false
source:bto-bfo-medium:370023,bto-bfo-medium,370023,15043,arc1-current-polar-best-glide-equal-feed,256,-37.578455229632,90.140196869392,1394239017.213823,2.0157435393061105e-4,1.0300667303233626e-49,-1.8950701628129951e2,2.403847739473,a091_x+030,grid_node,supported,false
source:bto-bfo-medium:370023,bto-bfo-medium,370023,15099,arc1-current-polar-best-glide-equal-feed,257,-38.223331150612,89.008267479553,1394238978.923233,2.0612918370058794e-4,1.8273907860046150e-45,-1.7974575510887684e2,1.642443991762,a104_x+025,grid_node,supported,false
source:bto-bfo-medium:370023,bto-bfo-medium,370023,15150,arc1-current-polar-best-glide-equal-feed,258,-37.806773100419,89.711469693615,1394238990.684897,1.7968514802144413e-4,1.3878370237887646e-22,-1.2692414374632884e2,2.485280550189,a096_x+025,grid_node,supported,false
source:bto-bfo-medium:370023,bto-bfo-medium,370023,15208,arc1-current-polar-best-glide-equal-feed,259,-37.911420149265,89.827957655591,1394239082.860116,3.7125809740388646e-4,4.6004518274849096e-81,-2.6230394750754471e2,2.204847992645,a095_x+035,grid_node,supported,false
source:bto-bfo-medium:370023,bto-bfo-medium,370023,15268,arc1-current-polar-best-glide-equal-feed,260,-37.877813503263,89.236812445999,1394238684.109620,6.1254099479169028e-4,1.0572588190429388e-14,-1.1000193962953652e2,1.830358446146,a100_x+015,grid_node,supported,false
source:bto-bfo-medium:370023,bto-bfo-medium,370023,15329,arc1-current-polar-best-glide-equal-feed,261,-37.546180738015,89.394126608013,1394238674.042921,3.4356517789945239e-5,2.1811686930016041e-10,-9.7186593842179036e1,0.645259836159,a096_x+005,grid_node,supported,false
source:bto-bfo-medium:370023,bto-bfo-medium,370023,15383,arc1-current-polar-best-glide-equal-feed,262,-38.100478764350,89.472066974235,1394239048.506816,4.3429457648084857e-4,5.2687203007555866e-64,-2.2318119349323791e2,2.746402553290,a100_x+035,grid_node,supported,false
source:bto-bfo-medium:370023,bto-bfo-medium,370023,15445,arc1-current-polar-best-glide-equal-feed,263,-38.907552359887,87.685898678283,1394238892.006783,3.5823298891555166e-4,1.2617107461215197e-188,-5.0993852452553000e2,2.067317630862,a119_x+025,grid_node,supported,false
source:bto-bfo-medium:370023,bto-bfo-medium,370023,15512,arc1-current-polar-best-glide-equal-feed,264,-38.351769592189,88.904461449972,1394238971.560406,4.7569206963230448e-4,1.0266258629557883e-56,-2.0648707037236599e2,2.245957218658,a106_x+030,grid_node,supported,false
source:bto-bfo-medium:370023,bto-bfo-medium,370023,15573,arc1-current-polar-best-glide-equal-feed,265,-37.938028929220,88.798839412538,1394238712.895976,3.3733989343840003e-5,1.0995145472640913e-23,-1.2778690628808306e2,2.836323675583,a103_x+005,grid_node,supported,false
source:bto-bfo-medium:370023,bto-bfo-medium,370023,15637,arc1-current-polar-best-glide-equal-feed,266,-38.604621250062,88.212706551785,1394238916.060125,2.0761367696944133e-4,3.4977518602985646e-172,-4.7153200658496309e2,2.825490917794,a113_x+025,grid_node,supported,false
source:bto-bfo-medium:370023,bto-bfo-medium,370023,15697,arc1-current-polar-best-glide-equal-feed,267,-38.673273360036,88.061104046701,1394238903.819429,2.0820131528341437e-4,2.7407126247113440e-150,-4.2112186345007211e2,2.604001817645,a114_x+025,grid_node,supported,false
source:bto-bfo-medium:370023,bto-bfo-medium,370023,15757,arc1-current-polar-best-glide-equal-feed,268,-38.827444636958,88.294025580149,1394239080.538089,4.7169769926321909e-4,1.6646371840570316e-142,-4.0401762632167322e2,2.675360261698,a113_x+035,grid_node,supported,false
source:bto-bfo-medium:370023,bto-bfo-medium,370023,15811,arc1-current-polar-best-glide-equal-feed,269,-37.815354844122,90.133000786012,1394239108.627663,6.0310281830144754e-4,5.2547162796416755e-72,-2.4193290037272126e2,2.569374752293,a093_x+040,grid_node,supported,false
source:bto-bfo-medium:370023,bto-bfo-medium,370023,15865,arc1-current-polar-best-glide-equal-feed,270,-38.051840295925,89.562403701072,1394238996.857183,7.0628843203432131e-4,2.0579072514471353e-81,-2.6375153865746205e2,2.687242426551,a098_x+035,grid_node,supported,false
source:bto-bfo-medium:370023,bto-bfo-medium,370023,15930,arc1-current-polar-best-glide-equal-feed,271,-37.990147574829,89.657117293017,1394239039.239614,4.8597710353897347e-4,1.4112154974307638e-85,-2.7296525502327205e2,2.120109416649,a097_x+035,grid_node,supported,false
source:bto-bfo-medium:370023,bto-bfo-medium,370023,15987,arc1-current-polar-best-glide-equal-feed,272,-37.931555064341,89.909995593172,1394239136.198567,3.6243516946675360e-4,1.5091477151080700e-77,-2.5418416470759121e2,2.009448571193,a095_x+040,grid_node,supported,false
source:bto-bfo-medium:370023,bto-bfo-medium,370023,16050,arc1-current-polar-best-glide-equal-feed,273,-38.021646515711,89.499861955292,1394238974.939274,5.3372345061502766e-4,1.9477746095954808e-71,-2.4050054392561012e2,1.374095378213,a099_x+030,grid_node,supported,false
source:bto-bfo-medium:370023,bto-bfo-medium,370023,16103,arc1-current-polar-best-glide-equal-feed,274,-37.749097751590,89.948930483181,1394239022.401263,3.3383156812506043e-4,5.0000563462411534e-69,-2.3448337080969756e2,2.210968013959,a093_x+030,grid_node,supported,false
source:bto-bfo-medium:370023,bto-bfo-medium,370023,16160,arc1-current-polar-best-glide-equal-feed,275,-37.710919965660,90.154306178977,1394239104.241263,2.9010815416547300e-4,8.4539707044253189e-68,-2.3151521588159665e2,1.887593958032,a092_x+035,grid_node,supported,false
source:bto-bfo-medium:370023,bto-bfo-medium,370023,16221,arc1-current-polar-best-glide-equal-feed,276,-38.154832934777,89.091599770396,1394238887.910320,4.8298026628250775e-4,1.6494971124251568e-40,-1.6918672105090940e2,1.467982538198,a103_x+025,grid_node,supported,false
source:bto-bfo-medium:370023,bto-bfo-medium,370023,16286,arc1-current-polar-best-glide-equal-feed,277,-38.033518798452,89.319283889721,1394238956.431666,2.5488746417820420e-4,1.5596528160287355e-71,-2.3998371248671029e2,1.430541212369,a100_x+025,grid_node,supported,false
source:bto-bfo-medium:370023,bto-bfo-medium,370023,16342,arc1-current-polar-best-glide-equal-feed,278,-38.238035895478,89.067569592322,1394239056.952305,1.1056960285295497e-4,2.3423170217722443e-52,-1.9499274142471037e2,2.696305043866,a103_x+030,grid_node,supported,false
source:bto-bfo-medium:370023,bto-bfo-medium,370023,16403,arc1-current-polar-best-glide-equal-feed,279,-38.415644767402,88.637850580603,1394238922.147303,3.4850735323752730e-4,2.7995899949171098e-59,-2.1208051883622826e2,0.540774738659,a108_x+025,grid_node,supported,false
source:bto-bfo-medium:370023,bto-bfo-medium,370023,16461,arc1-current-polar-best-glide-equal-feed,280,-38.208621882190,89.320410073349,1394239076.541075,3.5958008801534439e-4,2.0833958149045167e-57,-2.0780210005934345e2,2.122900836453,a101_x+035,grid_node,supported,false
source:bto-bfo-medium:370023,bto-bfo-medium,370023,16522,arc1-current-polar-best-glide-equal-feed,281,-38.313284812110,89.070362032681,1394239040.619881,3.7539496214719490e-4,2.2869272184941655e-52,-1.9623900644526350e2,2.443111963602,a104_x+035,grid_node,supported,false
source:bto-bfo-medium:370023,bto-bfo-medium,370023,16577,arc1-current-polar-best-glide-equal-feed,282,-38.359641493285,89.354722242263,1394239100.325860,8.8891662260963563e-4,4.2433423192061939e-59,-2.1260098468437653e2,2.378171995764,a102_x+045,grid_node,supported,false
source:bto-bfo-medium:370023,bto-bfo-medium,370023,16632,arc1-current-polar-best-glide-equal-feed,283,-37.783887978361,89.793245115285,1394238988.095086,2.5869259609891706e-4,1.8949426584468713e-75,-2.4901414586101004e2,2.661333131635,a095_x+030,grid_node,supported,false
source:bto-bfo-medium:370023,bto-bfo-medium,370023,16690,arc1-current-polar-best-glide-equal-feed,284,-38.044989851291,89.297413029099,1394238955.510920,2.5772755377939291e-4,1.5770312844385020e-71,-2.3998371248671029e2,2.461728890206,a100_x+025,grid_node,supported,false
source:bto-bfo-medium:370023,bto-bfo-medium,370023,16751,arc1-current-polar-best-glide-equal-feed,285,-38.371360373500,88.992635854812,1394239043.064036,4.1717263174824968e-4,5.8633567544558251e-50,-1.9079784450225770e2,1.782999101108,a105_x+035,grid_node,supported,false
source:bto-bfo-medium:370023,bto-bfo-medium,370023,16806,arc1-current-polar-best-glide-equal-feed,286,-38.484195252845,88.996438655361,1394239067.245291,7.5824763458551530e-4,7.6902973327719029e-47,-1.8421636194608013e2,1.635345933667,a106_x+040,grid_node,supported,false
source:bto-bfo-medium:370023,bto-bfo-medium,370023,16868,arc1-current-polar-best-glide-equal-feed,287,-38.490653327227,88.869782759715,1394239080.111308,4.1594727438056732e-4,8.7953041984284627e-74,-2.4565144942026046e2,1.156643530556,a107_x+035,grid_node,supported,false
source:bto-bfo-medium:370023,bto-bfo-medium,370023,16919,arc1-current-polar-best-glide-equal-feed,288,-37.773633137431,90.237331077976,1394239113.038072,6.8018582394165355e-4,2.2774438461602778e-66,-2.2907374047100882e2,2.297104149750,a091_x+040,grid_node,supported,false
source:bto-bfo-medium:370023,bto-bfo-medium,370023,16976,arc1-current-polar-best-glide-equal-feed,289,-38.165118533777,89.193655207679,1394239030.703173,1.8547900180068675e-4,4.1615372940044380e-49,-1.8802753868266777e2,1.223173822059,a102_x+030,grid_node,supported,false
source:bto-bfo-medium:370023,bto-bfo-medium,370023,17034,arc1-current-polar-best-glide-equal-feed,290,-37.746513727380,90.097960723411,1394239012.082905,7.3546004259815087e-4,2.1431861066730933e-67,-2.3151521588159665e2,1.614893264722,a092_x+035,grid_node,supported,false
source:bto-bfo-medium:370023,bto-bfo-medium,370023,17089,arc1-current-polar-best-glide-equal-feed,291,-38.119744446609,89.492384365175,1394239100.264088,3.0991165234955074e-4,3.7597471914245389e-64,-2.2318119349323791e2,2.400036235358,a100_x+035,grid_node,supported,false
source:bto-bfo-medium:370023,bto-bfo-medium,370023,17145,arc1-current-polar-best-glide-equal-feed,292,-38.194423237023,89.176767514728,1394238975.182727,4.5349034986033956e-4,1.0174828336864145e-48,-1.8802753868266777e2,1.751794189617,a102_x+030,grid_node,supported,false
source:bto-bfo-medium:370023,bto-bfo-medium,370023,17198,arc1-current-polar-best-glide-equal-feed,293,-37.695895842233,90.383820589477,1394239136.026169,6.1012393321806246e-4,4.5172386529563716e-69,-2.3518794462865662e2,1.294473322191,a090_x+040,grid_node,supported,false
source:bto-bfo-medium:370023,bto-bfo-medium,370023,17255,arc1-current-polar-best-glide-equal-feed,294,-38.098092017067,89.699548419897,1394239117.307407,6.1467925803782323e-4,2.9458745750412543e-89,-2.8167458013011202e2,1.118015560514,a098_x+040,grid_node,supported,false
source:bto-bfo-medium:370023,bto-bfo-medium,370023,17311,arc1-current-polar-best-glide-equal-feed,295,-37.940378005280,89.798328818622,1394239057.210766,5.3977421901643555e-4,1.4112771527851015e-78,-2.5695210511219045e2,0.650058104751,a096_x+035,grid_node,supported,false
source:bto-bfo-medium:370023,bto-bfo-medium,370023,17368,arc1-current-polar-best-glide-equal-feed,296,-38.091979991432,89.531798611998,1394239062.595338,4.7067915116389222e-4,4.8668457170069984e-73,-2.4406425440819592e2,0.158561478285,a099_x+035,grid_node,supported,false
source:bto-bfo-medium:370023,bto-bfo-medium,370023,17433,arc1-current-polar-best-glide-equal-feed,297,-38.272582848478,88.721037636857,1394238955.271811,5.2128220891473122e-5,1.5486433080579773e-46,-1.8083905348109414e2,2.179788595774,a106_x+020,grid_node,supported,false
source:bto-bfo-medium:370023,bto-bfo-medium,370023,17497,arc1-current-polar-best-glide-equal-feed,298,-38.340381822459,88.867442642693,1394238969.465812,3.5716405537258974e-4,7.7082188241464408e-57,-2.0648707037236599e2,2.156482617475,a106_x+030,grid_node,supported,false
source:bto-bfo-medium:370023,bto-bfo-medium,370023,17561,arc1-current-polar-best-glide-equal-feed,299,-37.890355823041,89.607308589569,1394239009.222205,1.7727510010139675e-4,9.4799161326809457e-32,-1.4801506226619924e2,2.347115413676,a097_x+025,grid_node,supported,false
source:bto-bfo-medium:370023,bto-bfo-medium,370023,17613,arc1-current-polar-best-glide-equal-feed,300,-38.280714288519,89.211759068059,1394239067.900484,4.3336548904195310e-4,6.1548432129737246e-55,-2.0230033428198271e2,1.601491822092,a103_x+035,grid_node,supported,false
source:bto-bfo-medium:370023,bto-bfo-medium,370023,17666,arc1-current-polar-best-glide-equal-feed,301,-38.470087189404,88.967087460889,1394239067.606623,6.2858719637224616e-4,1.0984973966061291e-59,-2.1360586399543325e2,2.341221252231,a106_x+035,grid_node,supported,false
source:bto-bfo-medium:370023,bto-bfo-medium,370023,17723,arc1-current-polar-best-glide-equal-feed,302,-37.994271941999,89.678962828189,1394239127.194035,1.6497873434476415e-4,4.7907719305785412e-86,-2.7296525502327205e2,1.077807316380,a097_x+035,grid_node,supported,false
source:bto-bfo-medium:370023,bto-bfo-medium,370023,17777,arc1-current-polar-best-glide-equal-feed,303,-38.013844234243,89.766677149467,1394239130.155146,3.6293675814802744e-4,2.9166175798456660e-86,-2.7424993401080098e2,2.778649577913,a097_x+040,grid_node,supported,false
source:bto-bfo-medium:370023,bto-bfo-medium,370023,17830,arc1-current-polar-best-glide-equal-feed,304,-37.939457283312,89.881233410349,1394239112.167914,4.5018794674981521e-4,1.8745424518439726e-77,-2.5418416470759121e2,2.695816695165,a095_x+040,grid_node,supported,false
source:bto-bfo-medium:370023,bto-bfo-medium,370023,17893,arc1-current-polar-best-glide-equal-feed,305,-38.310660699209,88.984394674239,1394239009.559546,3.2089987415285934e-4,2.0634060299445163e-61,-2.1690827379456579e2,1.772374354891,a105_x+030,grid_node,supported,false
source:bto-bfo-medium:370023,bto-bfo-medium,370023,17945,arc1-current-polar-best-glide-equal-feed,306,-38.011998961884,89.427101010504,1394239008.656153,2.1510323418684214e-4,7.8499945525757349e-72,-2.4050054392561012e2,2.279911084584,a099_x+030,grid_node,supported,false
source:bto-bfo-medium:370023,bto-bfo-medium,370023,18007,arc1-current-polar-best-glide-equal-feed,307,-37.533826158701,89.937203192962,1394238921.723785,7.8775843370231674e-5,6.5062281186863244e-24,-1.2915970073125106e2,0.263920172200,a092_x+020,grid_node,supported,false
source:bto-bfo-medium:370023,bto-bfo-medium,370023,18068,arc1-current-polar-best-glide-equal-feed,308,-38.548380414324,88.814335783632,1394239062.814360,6.1469746207932249e-4,1.6029543678975119e-87,-2.7767799689513566e2,2.651073200797,a108_x+035,grid_node,supported,false
source:bto-bfo-medium:370023,bto-bfo-medium,370023,18121,arc1-current-polar-best-glide-equal-feed,309,-38.239223004133,89.233419288503,1394239094.137336,2.2625615531551840e-4,4.7059072913858271e-53,-1.9731367112268248e2,1.882773994796,a102_x+035,grid_node,supported,false
source:bto-bfo-medium:370023,bto-bfo-medium,370023,18174,arc1-current-polar-best-glide-equal-feed,310,-38.101412390320,89.425550454927,1394239041.714136,3.6943266323888460e-4,3.3671007341333902e-37,-1.6129737686524533e2,2.317170769316,a100_x+030,grid_node,supported,false
source:bto-bfo-medium:370023,bto-bfo-medium,370023,18224,arc1-current-polar-best-glide-equal-feed,311,-37.754254110123,89.802326035397,1394238996.312934,1.7083839479990594e-4,9.8731592593941068e-37,-1.5945035859747921e2,2.844368425146,a095_x+025,grid_node,supported,false
source:bto-bfo-medium:370023,bto-bfo-medium,370023,18286,arc1-current-polar-best-glide-equal-feed,312,-37.955433699688,89.659415671442,1394239000.940377,5.3353938107741005e-4,2.7929645413892253e-57,-2.0790359158977330e2,1.974501569633,a097_x+030,grid_node,supported,false
source:bto-bfo-medium:370023,bto-bfo-medium,370023,18350,arc1-current-polar-best-glide-equal-feed,313,-38.156000377446,89.701934862963,1394239163.668100,5.7346959752346631e-4,3.0199799025322232e-72,-2.4243639343799344e2,2.355826067937,a098_x+045,grid_node,supported,false
source:bto-bfo-medium:370023,bto-bfo-medium,370023,18416,arc1-current-polar-best-glide-equal-feed,314,-38.071549521658,89.310131466851,1394238995.408605,2.2675076068788810e-4,7.7626224079939656e-44,-1.7609208731518598e2,3.485797318257,a101_x+025,grid_node,supported,false
source:bto-bfo-medium:370023,bto-bfo-medium,370023,18475,arc1-current-polar-best-glide-equal-feed,315,-38.158870256318,89.707326752999,1394239128.338877,8.0868664316797372e-4,4.2586693703733660e-72,-2.4243639343799344e2,2.048768654043,a098_x+045,grid_node,supported,false
source:bto-bfo-medium:370023,bto-bfo-medium,370023,18534,arc1-current-polar-best-glide-equal-feed,316,-37.888464843138,89.688962868212,1394238930.672004,6.6063366495502441e-4,1.0740039518667583e-39,-1.6762643641994413e2,1.721245283889,a096_x+030,grid_node,supported,false
source:bto-bfo-medium:370023,bto-bfo-medium,370023,18597,arc1-current-polar-best-glide-equal-feed,317,-38.218232151332,88.281708105349,1394238719.185038,2.1562609118392503e-5,9.3523331536291893e-94,-2.8868214564545957e2,2.160206566470,a109_x+005,grid_node,supported,false
source:bto-bfo-medium:370023,bto-bfo-medium,370023,18653,arc1-current-polar-best-glide-equal-feed,318,-38.797257944958,88.369492680403,1394239084.907031,4.9319406382205091e-4,1.7404985838954580e-142,-4.0401762632167322e2,2.606111386807,a113_x+035,grid_node,supported,false
source:bto-bfo-medium:370023,bto-bfo-medium,370023,18719,arc1-current-polar-best-glide-equal-feed,319,-38.196621982577,89.202685435928,1394238968.744877,5.5538841546110581e-4,1.2461084980838173e-48,-1.8802753868266777e2,0.991803789192,a102_x+030,grid_node,supported,false
source:bto-bfo-medium:370023,bto-bfo-medium,370023,18784,arc1-current-polar-best-glide-equal-feed,320,-38.626474913954,88.360081439124,1394239032.234605,1.4468950936382744e-4,8.6119532076038708e-152,-4.2421818511679504e2,2.772282318914,a112_x+030,grid_node,supported,false
source:bto-bfo-medium:370023,bto-bfo-medium,370023,18842,arc1-current-polar-best-glide-equal-feed,321,-38.283574964703,89.161830458215,1394239047.861836,4.3682692939861413e-4,6.2040040788595064e-55,-2.0230033428198271e2,1.404951819789,a103_x+035,grid_node,supported,false
source:bto-bfo-medium:370023,bto-bfo-medium,370023,18900,arc1-current-polar-best-glide-equal-feed,322,-38.774442318974,88.406641073852,1394239073.574186,5.4650601385831075e-4,2.8956829109000595e-138,-3.9440087916461016e2,2.152676565191,a112_x+035,grid_node,supported,false
source:bto-bfo-medium:370023,bto-bfo-medium,370023,18962,arc1-current-polar-best-glide-equal-feed,323,-38.351796936381,88.239413042942,1394238714.749920,1.5342451444216762e-4,9.5030817425314441e-143,-4.0345507283767307e2,2.492505532740,a111_x+010,grid_node,supported,false
source:bto-bfo-medium:370023,bto-bfo-medium,370023,19021,arc1-current-polar-best-glide-equal-feed,324,-38.639837830249,88.341254069497,1394238997.925646,2.4969751839457212e-4,1.4862054297673027e-151,-4.2421818511679504e2,1.833406286005,a112_x+030,grid_node,supported,false
source:bto-bfo-medium:370023,bto-bfo-medium,370023,19078,arc1-current-polar-best-glide-equal-feed,325,-38.294377356459,89.182574166620,1394239045.819030,5.3479463756431742e-4,7.5953836393945134e-55,-2.0230033428198271e2,0.245684822095,a103_x+035,grid_node,supported,false
source:bto-bfo-medium:370023,bto-bfo-medium,370023,19133,arc1-current-polar-best-glide-equal-feed,326,-38.638385913719,88.515916560700,1394239003.943262,6.0432503207249598e-4,1.3286293679293025e-107,-3.2390038127170106e2,2.816386738380,a110_x+035,grid_node,supported,false
source:bto-bfo-medium:370023,bto-bfo-medium,370023,19190,arc1-current-polar-best-glide-equal-feed,327,-37.796247444253,90.135726478450,1394239141.094669,3.5616426115574944e-4,3.5709162735065736e-78,-2.5560801905960369e2,2.732453387024,a092_x+040,grid_node,supported,false
source:bto-bfo-medium:370023,bto-bfo-medium,370023,19245,arc1-current-polar-best-glide-equal-feed,328,-37.949458117641,89.654397073297,1394239019.835826,4.1506273701043050e-4,2.1727646506264093e-57,-2.0790359158977330e2,1.545321925517,a097_x+030,grid_node,supported,false
source:bto-bfo-medium:370023,bto-bfo-medium,370023,19306,arc1-current-polar-best-glide-equal-feed,329,-38.071231371562,89.251388707443,1394238975.721873,1.8854429495339449e-4,6.4546560481850530e-44,-1.7609208731518598e2,0.857029874294,a101_x+025,grid_node,supported,false
source:bto-bfo-medium:370023,bto-bfo-medium,370023,19371,arc1-current-polar-best-glide-equal-feed,330,-38.353260445622,88.846039286144,1394238963.336767,3.8007794664716689e-4,8.2027402783639691e-57,-2.0648707037236599e2,1.738766414956,a106_x+030,grid_node,supported,false
source:bto-bfo-medium:370023,bto-bfo-medium,370023,19431,arc1-current-polar-best-glide-equal-feed,331,-37.811285501910,89.547955209435,1394238965.339786,6.8001788347513885e-5,8.2175459296350328e-21,-1.2187136133714279e2,1.982101825747,a097_x+020,grid_node,supported,false
source:bto-bfo-medium:370023,bto-bfo-medium,370023,19488,arc1-current-polar-best-glide-equal-feed,332,-38.122599277051,89.264621972882,1394239008.503883,2.5096855038344337e-4,6.5223404370801854e-48,-1.8557799081944603e2,1.713651250135,a101_x+030,grid_node,supported,false
source:bto-bfo-medium:370023,bto-bfo-medium,370023,19544,arc1-current-polar-best-glide-equal-feed,333,-37.994973959282,89.708447789714,1394239089.683718,3.7047286658348417e-4,1.0758059317876507e-85,-2.7296525502327205e2,0.330363749408,a097_x+035,grid_node,supported,false
source:bto-bfo-medium:370023,bto-bfo-medium,370023,19615,arc1-current-polar-best-glide-equal-feed,334,-38.186084202122,88.803211030513,1394238877.145251,1.1134235276087053e-4,1.9822597256746839e-42,-1.7214075814605627e2,1.318102416832,a105_x+020,grid_node,supported,false
source:bto-bfo-medium:370023,bto-bfo-medium,370023,19677,arc1-current-polar-best-glide-equal-feed,335,-38.105295045586,89.228823584107,1394239005.553326,1.6578791124835431e-4,5.6756103085466074e-44,-1.7609208731518598e2,2.618804961276,a101_x+025,grid_node,supported,false
source:bto-bfo-medium:370023,bto-bfo-medium,370023,19731,arc1-current-polar-best-glide-equal-feed,336,-37.881803897435,89.931614362053,1394239082.944028,5.0264021688705936e-4,8.6857708963049588e-55,-2.0210418059269742e2,2.659324120300,a094_x+035,grid_node,supported,false
source:bto-bfo-medium:370023,bto-bfo-medium,370023,19788,arc1-current-polar-best-glide-equal-feed,337,-38.177625618191,89.258674963935,1394239062.359270,2.0569544263832686e-4,4.6151275747429566e-49,-1.8802753868266777e2,2.317234302903,a102_x+030,grid_node,supported,false
source:bto-bfo-medium:370023,bto-bfo-medium,370023,19841,arc1-current-polar-best-glide-equal-feed,338,-38.508903873017,88.699626557968,1394238928.554553,8.2314279396104395e-4,6.5650379483426156e-65,-2.2590321444230148e2,2.068202819615,a108_x+030,grid_node,supported,false
source:bto-bfo-medium:370023,bto-bfo-medium,370023,19907,arc1-current-polar-best-glide-equal-feed,339,-37.790700054545,89.761103437087,1394238986.599985,2.2731019852787263e-4,1.3136799804158721e-36,-1.5945035859747921e2,2.010550319538,a095_x+025,grid_node,supported,false
source:bto-bfo-medium:370023,bto-bfo-medium,370023,19963,arc1-current-polar-best-glide-equal-feed,340,-38.449933793944,88.721045577501,1394238958.760572,5.0629355390383523e-4,4.0379827397690002e-65,-2.2590321444230148e2,1.870202669688,a108_x+030,grid_node,supported,false
source:bto-bfo-medium:370023,bto-bfo-medium,370023,20022,arc1-current-polar-best-glide-equal-feed,341,-38.710513281834,88.272222091879,1394239020.141352,2.8105602892904315e-4,2.4783719580547167e-105,-3.1790619892495533e2,0.916959646431,a113_x+030,grid_node,supported,false
source:bto-bfo-medium:370023,bto-bfo-medium,370023,20075,arc1-current-polar-best-glide-equal-feed,342,-38.004910559411,89.673369484183,1394239079.722557,3.7927400265424252e-4,1.1013633079018874e-85,-2.7296525502327205e2,1.506167804060,a097_x+035,grid_node,supported,false
source:bto-bfo-medium:370023,bto-bfo-medium,370023,20132,arc1-current-polar-best-glide-equal-feed,343,-37.644895008860,89.855809704593,1394238998.231629,5.2135094585213673e-5,6.2382171105272276e-53,-1.9556396582506849e2,2.935919910563,a093_x+025,grid_node,supported,false
source:bto-bfo-medium:370023,bto-bfo-medium,370023,20191,arc1-current-polar-best-glide-equal-feed,344,-38.160150076731,89.201784965317,1394239014.952187,2.2725018255083900e-4,5.0987448744783907e-49,-1.8802753868266777e2,1.311469557445,a102_x+030,grid_node,supported,false
source:bto-bfo-medium:370023,bto-bfo-medium,370023,20250,arc1-current-polar-best-glide-equal-feed,345,-38.446862729551,89.301762346067,1394239158.241330,8.2174277640901573e-4,2.5372684335789677e-69,-2.3606252275209371e2,0.912748227925,a103_x+045,grid_node,supported,false
source:bto-bfo-medium:370023,bto-bfo-medium,370023,20314,arc1-current-polar-best-glide-equal-feed,346,-37.495151097961,90.046360645848,1394238988.015643,3.6994433589306357e-5,9.9713859859913434e-1,-7.5017444956826949e1,1.456734504634,a091_x+020,grid_node,supported,false
source:bto-bfo-medium:370023,bto-bfo-medium,370023,20375,arc1-current-polar-best-glide-equal-feed,347,-38.008623730294,89.304831148004,1394238955.559292,1.7313431075383472e-4,1.0594064176087638e-71,-2.3998371248671029e2,0.944426449277,a100_x+025,grid_node,supported,false
source:bto-bfo-medium:370023,bto-bfo-medium,370023,20434,arc1-current-polar-best-glide-equal-feed,348,-38.501083310973,88.689040195210,1394239033.786775,2.9863834742616422e-4,2.3818128495648026e-65,-2.2590321444230148e2,1.633502787756,a108_x+030,grid_node,supported,false
source:bto-bfo-medium:370023,bto-bfo-medium,370023,20492,arc1-current-polar-best-glide-equal-feed,349,-38.325895739566,89.299209522252,1394239075.301369,7.8267400270996476e-4,1.0071460073986160e-55,-2.0470158778036651e2,1.713220037607,a102_x+040,grid_node,supported,false
source:bto-bfo-medium:370023,bto-bfo-medium,370023,20545,arc1-current-polar-best-glide-equal-feed,350,-37.969989433195,90.027669713641,1394239135.658816,7.9412569429334712e-4,6.2345294061500194e-102,-3.1111463013513821e2,2.599384314274,a094_x+045,grid_node,supported,false
source:bto-bfo-medium:370023,bto-bfo-medium,370023,20601,arc1-current-polar-best-glide-equal-feed,351,-37.655875130853,90.256684986116,1394239102.000452,3.3386083598695702e-4,5.5433850639674103e-65,-2.2516996195150057e2,2.196029400131,a090_x+035,grid_node,supported,false
source:bto-bfo-medium:370023,bto-bfo-medium,370023,20660,arc1-current-polar-best-glide-equal-feed,352,-37.884975599589,89.679258198332,1394239014.027458,2.7092805820676149e-4,4.4045258457341645e-40,-1.6762643641994413e2,2.092987295144,a096_x+030,grid_node,supported,false
source:bto-bfo-medium:370023,bto-bfo-medium,370023,20721,arc1-current-polar-best-glide-equal-feed,353,-37.663388540922,89.936554087688,1394239004.556186,1.3663769058325234e-4,1.6349362864321132e-52,-1.9556396582506849e2,1.076292022197,a093_x+025,grid_node,supported,false
source:bto-bfo-medium:370023,bto-bfo-medium,370023,20782,arc1-current-polar-best-glide-equal-feed,354,-38.345072381469,88.759755997431,1394238975.137395,1.6627567743085730e-4,2.9819805318054557e-60,-2.1357997700620948e2,1.958857090418,a107_x+025,grid_node,supported,false
source:bto-bfo-medium:370023,bto-bfo-medium,370023,20847,arc1-current-polar-best-glide-equal-feed,355,-38.410270177238,88.734561937606,1394238944.322241,4.3456336513464301e-4,5.5496257233632712e-49,-1.8859109283312725e2,2.456680417270,a107_x+030,grid_node,supported,false
source:bto-bfo-medium:370023,bto-bfo-medium,370023,20902,arc1-current-polar-best-glide-equal-feed,356,-37.734178159016,90.052171886303,1394239049.583341,3.9034143522924028e-4,5.4653097805261895e-74,-2.4606370990414865e2,3.229125364045,a093_x+035,grid_node,supported,false
source:bto-bfo-medium:370023,bto-bfo-medium,370023,20963,arc1-current-polar-best-glide-equal-feed,357,-38.831144162711,87.807393233299,1394239000.565365,5.6208680351873290e-5,9.7209462414636649e-180,-4.8762391697087844e2,1.607726045272,a117_x+025,grid_node,supported,false
source:bto-bfo-medium:370023,bto-bfo-medium,370023,21029,arc1-current-polar-best-glide-equal-feed,358,-38.239039330071,88.438555827073,1394238788.559151,4.3464926456552889e-5,1.4459753980110970e-62,-2.1756725797637355e2,2.153852065352,a108_x+010,grid_node,supported,false
source:bto-bfo-medium:370023,bto-bfo-medium,370023,21085,arc1-current-polar-best-glide-equal-feed,359,-38.128503928546,89.399967314044,1394239057.853083,3.2372674029252193e-4,3.9273473371405040e-64,-2.2318119349323791e2,2.575511545833,a100_x+035,grid_node,supported,false
source:bto-bfo-medium:370023,bto-bfo-medium,370023,21144,arc1-current-polar-best-glide-equal-feed,360,-38.604798151120,88.390675944162,1394238987.769981,2.6989107780254270e-4,1.8606576931044796e-141,-4.0104539854654831e2,2.079342265009,a111_x+030,grid_node,supported,false
source:bto-bfo-medium:370023,bto-bfo-medium,370023,21201,arc1-current-polar-best-glide-equal-feed,361,-38.021988238323,89.714626915589,1394239098.098752,4.4751660716890962e-4,1.2995311235763687e-85,-2.7296525502327205e2,1.816090143125,a097_x+035,grid_node,supported,false
source:bto-bfo-medium:370023,bto-bfo-medium,370023,21250,arc1-current-polar-best-glide-equal-feed,362,-38.115175917974,89.645109266579,1394239110.364029,5.8363905431080330e-4,2.7971131750626692e-89,-2.8167458013011202e2,1.739315821105,a098_x+040,grid_node,supported,false
source:bto-bfo-medium:370023,bto-bfo-medium,370023,21302,arc1-current-polar-best-glide-equal-feed,363,-38.089623329630,89.506129443420,1394239045.854119,4.7978311587958681e-4,4.9609811627235096e-73,-2.4406425440819592e2,1.368552046240,a099_x+035,grid_node,supported,false
source:bto-bfo-medium:370023,bto-bfo-medium,370023,21355,arc1-current-polar-best-glide-equal-feed,364,-38.694898641315,88.761462266523,1394239110.631208,8.2624188661384974e-4,6.9333775962917067e-85,-2.7190408538997963e2,2.467171661698,a109_x+045,grid_node,supported,false
source:bto-bfo-medium:370023,bto-bfo-medium,370023,21409,arc1-current-polar-best-glide-equal-feed,365,-37.763153520421,90.227670451207,1394239122.579280,5.5397169951267565e-4,1.8548452402182307e-66,-2.2907374047100882e2,2.387106917115,a091_x+040,grid_node,supported,false
source:bto-bfo-medium:370023,bto-bfo-medium,370023,21460,arc1-current-polar-best-glide-equal-feed,366,-37.941289101410,89.608782467283,1394239023.743167,2.7469939528557358e-4,1.4379925789627240e-57,-2.0790359158977330e2,1.658350090470,a097_x+030,grid_node,supported,false
source:bto-bfo-medium:370023,bto-bfo-medium,370023,21512,arc1-current-polar-best-glide-equal-feed,367,-37.768647653787,89.847818988711,1394239017.389687,2.2216401295869833e-4,8.1857449410719676e-83,-2.6581939640106884e2,2.150941770837,a094_x+030,grid_node,supported,false
source:bto-bfo-medium:370023,bto-bfo-medium,370023,21563,arc1-current-polar-best-glide-equal-feed,368,-37.954312193977,89.662650725576,1394239042.724276,3.4371464785556564e-4,1.7992726645184613e-57,-2.0790359158977330e2,1.999206975444,a097_x+030,grid_node,supported,false
source:bto-bfo-medium:370023,bto-bfo-medium,370023,21613,arc1-current-polar-best-glide-equal-feed,369,-37.729832215866,90.059770325978,1394239051.210099,3.9444194749401954e-4,1.1494336235750823e-67,-2.3151521588159665e2,3.285743990604,a092_x+035,grid_node,supported,false
source:bto-bfo-medium:370023,bto-bfo-medium,370023,21662,arc1-current-polar-best-glide-equal-feed,370,-37.690529155516,90.069221420334,1394239033.237805,3.4404304786551330e-4,8.1872994398577098e-60,-2.1329710025956146e2,1.296431648796,a092_x+030,grid_node,supported,false
source:bto-bfo-medium:370023,bto-bfo-medium,370023,21713,arc1-current-polar-best-glide-equal-feed,371,-37.838213835451,89.822905935522,1394239049.585460,2.6183164563964577e-4,1.9179364316409383e-75,-2.4901414586101004e2,1.049995007877,a095_x+030,grid_node,supported,false
source:bto-bfo-medium:370023,bto-bfo-medium,370023,21770,arc1-current-polar-best-glide-equal-feed,372,-38.374895710133,89.189506556371,1394239083.677008,6.8121576888425476e-4,8.1213184309204834e-55,-2.0247537869854168e2,2.669635189108,a104_x+040,grid_node,supported,false
source:bto-bfo-medium:370023,bto-bfo-medium,370023,21831,arc1-current-polar-best-glide-equal-feed,373,-38.049574126113,89.277897660623,1394238966.239651,2.0030364526266541e-4,6.8572275585837414e-44,-1.7609208731518598e2,2.061281547953,a101_x+025,grid_node,supported,false
source:bto-bfo-medium:370023,bto-bfo-medium,370023,21891,arc1-current-polar-best-glide-equal-feed,374,-38.710575179037,88.703055842510,1394239088.209303,8.6511108652732123e-4,2.9329842240761262e-86,-2.7511296750468819e2,3.135439476803,a109_x+040,grid_node,supported,false
source:bto-bfo-medium:370023,bto-bfo-medium,370023,21946,arc1-current-polar-best-glide-equal-feed,375,-38.480703532197,89.000718379130,1394239130.390202,4.0915981749333830e-4,4.1497797152595151e-47,-1.8421636194608013e2,1.875719824696,a106_x+040,grid_node,supported,false
source:bto-bfo-medium:370023,bto-bfo-medium,370023,22002,arc1-current-polar-best-glide-equal-feed,376,-38.219681799655,88.892065626399,1394238980.096938,7.1909735242282834e-5,3.6629808305674277e-49,-1.8720761595749718e2,2.427169911010,a105_x+025,grid_node,supported,false
source:bto-bfo-medium:370023,bto-bfo-medium,370023,22061,arc1-current-polar-best-glide-equal-feed,377,-37.850229167759,90.154510711266,1394239151.610889,5.5701468051493053e-4,4.8531593965097221e-72,-2.4193290037272126e2,2.199255127855,a093_x+040,grid_node,supported,false
source:bto-bfo-medium:370023,bto-bfo-medium,370023,22121,arc1-current-polar-best-glide-equal-feed,378,-38.592675135743,88.478530177533,1394238921.569338,7.0431470136233739e-4,4.2596518419723225e-115,-3.4130913553586254e2,2.005936029592,a110_x+030,grid_node,supported,false
source:bto-bfo-medium:370023,bto-bfo-medium,370023,22180,arc1-current-polar-best-glide-equal-feed,379,-37.835080697939,90.025892529568,1394239075.264866,5.8855466233504741e-4,8.2405639323046055e-74,-2.4606370990414865e2,2.980634852644,a093_x+035,grid_node,supported,false
source:bto-bfo-medium:370023,bto-bfo-medium,370023,22241,arc1-current-polar-best-glide-equal-feed,380,-37.845413114115,89.505989307871,1394238960.504363,8.1792672014824246e-5,9.8840788650224897e-21,-1.2187136133714279e2,3.120217840984,a097_x+020,grid_node,supported,false
source:bto-bfo-medium:370023,bto-bfo-medium,370023,22305,arc1-current-polar-best-glide-equal-feed,381,-37.912490743949,89.262011930111,1394238900.519004,6.9483755721184049e-5,1.0754128473223156e-13,-1.0550580656766603e2,1.863755917668,a100_x+020,grid_node,supported,false
source:bto-bfo-medium:370023,bto-bfo-medium,370023,22366,arc1-current-polar-best-glide-equal-feed,382,-38.118649621169,89.671845682109,1394239105.684897,6.8833069468264335e-4,3.2988519885296746e-89,-2.8167458013011202e2,0.686977634194,a098_x+040,grid_node,supported,false
source:bto-bfo-medium:370023,bto-bfo-medium,370023,22421,arc1-current-polar-best-glide-equal-feed,383,-38.147183161679,89.653174767709,1394239134.710914,5.9711480142713921e-4,2.8616962243368115e-89,-2.8167458013011202e2,2.599761325009,a098_x+040,grid_node,supported,false
source:bto-bfo-medium:370023,bto-bfo-medium,370023,22477,arc1-current-polar-best-glide-equal-feed,384,-37.927477026975,90.208331630380,1394239165.397451,8.7559408806095224e-4,1.0354258441763010e-87,-2.7846880491448655e2,1.771122341585,a093_x+045,grid_node,supported,false
source:bto-bfo-medium:370023,bto-bfo-medium,370023,22542,arc1-current-polar-best-glide-equal-feed,385,-37.787839953792,89.948042071398,1394239064.175360,2.8043451565992164e-4,1.0332750958599333e-82,-2.6581939640106884e2,2.747120615652,a094_x+030,grid_node,supported,false
source:bto-bfo-medium:370023,bto-bfo-medium,370023,22598,arc1-current-polar-best-glide-equal-feed,386,-37.803669671397,89.760653711090,1394238986.336319,2.6090752537304937e-4,1.9111671814146407e-75,-2.4901414586101004e2,2.562628693929,a095_x+030,grid_node,supported,false
source:bto-bfo-medium:370023,bto-bfo-medium,370023,22650,arc1-current-polar-best-glide-equal-feed,387,-37.900999241549,89.972164971473,1394239091.710055,6.3874091695210707e-4,1.6888712894891246e-86,-2.7536156848510115e2,2.258304004963,a094_x+040,grid_node,supported,false
source:bto-bfo-medium:370023,bto-bfo-medium,370023,22714,arc1-current-polar-best-glide-equal-feed,388,-38.112544828475,89.266034105475,1394239014.162361,2.0312617932522072e-4,5.2789805384710202e-48,-1.8557799081944603e2,1.886702966800,a101_x+030,grid_node,supported,false
source:bto-bfo-medium:370023,bto-bfo-medium,370023,22767,arc1-current-polar-best-glide-equal-feed,389,-38.027731823614,89.504522633242,1394239044.281961,2.6342733870554554e-4,9.6135382699169307e-72,-2.4050054392561012e2,1.561453053345,a099_x+030,grid_node,supported,false
source:bto-bfo-medium:370023,bto-bfo-medium,370023,22823,arc1-current-polar-best-glide-equal-feed,390,-38.548057785448,88.637695885943,1394238999.180542,5.2727802140016251e-4,5.2173124110318021e-112,-3.3390908797008245e2,2.007126870396,a109_x+030,grid_node,supported,false
source:bto-bfo-medium:370023,bto-bfo-medium,370023,22880,arc1-current-polar-best-glide-equal-feed,391,-38.071182905869,89.376404579879,1394238960.811275,5.0291083698499137e-4,4.5836538479566271e-37,-1.6129737686524533e2,0.636631979760,a100_x+030,grid_node,supported,false
source:bto-bfo-medium:370023,bto-bfo-medium,370023,22936,arc1-current-polar-best-glide-equal-feed,392,-38.422947239802,88.730689532254,1394239011.435140,2.1023261824741960e-4,2.6847922299073879e-49,-1.8859109283312725e2,2.477267526932,a107_x+030,grid_node,supported,false
source:bto-bfo-medium:370023,bto-bfo-medium,370023,23001,arc1-current-polar-best-glide-equal-feed,393,-38.232053498964,89.018551279176,1394238950.357157,3.6013069074952242e-4,3.1926556648527025e-45,-1.7974575510887684e2,2.321891739430,a104_x+025,grid_node,supported,false
source:bto-bfo-medium:370023,bto-bfo-medium,370023,23059,arc1-current-polar-best-glide-equal-feed,394,-38.027409227154,88.644419087301,1394238664.512335,7.9806564740349538e-5,4.7139502360485559e-44,-1.7554663560589489e2,2.236859023396,a105_x+005,grid_node,supported,false
source:bto-bfo-medium:370023,bto-bfo-medium,370023,23120,arc1-current-polar-best-glide-equal-feed,395,-38.030153141176,89.386338332232,1394238992.472682,2.4476886804796215e-4,2.2308840481826964e-37,-1.6129737686524533e2,2.791470083588,a100_x+030,grid_node,supported,false
source:bto-bfo-medium:370023,bto-bfo-medium,370023,23180,arc1-current-polar-best-glide-equal-feed,396,-38.091332841229,88.894199553514,1394238776.088137,2.8572075171618691e-4,7.0531325831508929e-36,-1.5799841842884888e2,2.127743428689,a104_x+015,grid_node,supported,false
source:bto-bfo-medium:370023,bto-bfo-medium,370023,23247,arc1-current-polar-best-glide-equal-feed,397,-38.792532221369,87.956930572646,1394238919.028440,3.5976318183607406e-4,4.7713117410742005e-188,-5.0861263420040655e2,1.220256822040,a116_x+025,grid_node,supported,false
source:bto-bfo-medium:370023,bto-bfo-medium,370023,23310,arc1-current-polar-best-glide-equal-feed,398,-38.079359434218,89.389413900378,1394239000.680254,3.8374553211526982e-4,3.4975517637708276e-37,-1.6129737686524533e2,0.177737195559,a100_x+030,grid_node,supported,false
source:bto-bfo-medium:370023,bto-bfo-medium,370023,23367,arc1-current-polar-best-glide-equal-feed,399,-37.890182778971,90.082635021881,1394239154.239979,5.1142807093227586e-4,4.4559722300125312e-72,-2.4193290037272126e2,2.518992697162,a093_x+040,grid_node,supported,false
source:bto-bfo-medium:370023,bto-bfo-medium,370023,23425,arc1-current-polar-best-glide-equal-feed,400,-37.891631753093,90.058765429245,1394239156.760850,4.4766100450633315e-4,1.1836439436857307e-86,-2.7536156848510115e2,2.129973498487,a094_x+040,grid_node,supported,false
source:bto-bfo-medium:370023,bto-bfo-medium,370023,23484,arc1-current-polar-best-glide-equal-feed,401,-37.930998067532,88.896175349302,1394238724.035355,6.5363001755793391e-5,2.9698468173680126e-28,-1.3896764060098269e2,1.970301265290,a103_x+010,grid_node,supported,false
source:bto-bfo-medium:370023,bto-bfo-medium,370023,23544,arc1-current-polar-best-glide-equal-feed,402,-37.881076737260,89.642197375940,1394238972.111169,3.3243427976171992e-4,1.7402223503011771e-57,-2.0790359158977330e2,2.756481861334,a097_x+030,grid_node,supported,false
source:bto-bfo-medium:370023,bto-bfo-medium,370023,23603,arc1-current-polar-best-glide-equal-feed,403,-37.981442184878,89.671393338163,1394239052.957345,4.2456703030316638e-4,1.2328884807510565e-85,-2.7296525502327205e2,1.607398103703,a097_x+035,grid_node,supported,false
source:bto-bfo-medium:370023,bto-bfo-medium,370023,23664,arc1-current-polar-best-glide-equal-feed,404,-38.551994148781,88.719191984238,1394239070.902945,3.7204829633836459e-4,9.7019506094436976e-88,-2.7767799689513566e2,1.936452844936,a108_x+035,grid_node,supported,false
source:bto-bfo-medium:370023,bto-bfo-medium,370023,23726,arc1-current-polar-best-glide-equal-feed,405,-38.154205715170,89.451404172924,1394239079.418314,4.4227898608920052e-4,5.3655845566577122e-64,-2.2318119349323791e2,0.662145668426,a100_x+035,grid_node,supported,false
source:bto-bfo-medium:370023,bto-bfo-medium,370023,23778,arc1-current-polar-best-glide-equal-feed,406,-38.185594924292,89.403384552288,1394239128.962717,2.2274549163596322e-4,1.2905804312596670e-57,-2.0780210005934345e2,2.030198938420,a101_x+035,grid_node,supported,false
source:bto-bfo-medium:370023,bto-bfo-medium,370023,23847,arc1-current-polar-best-glide-equal-feed,407,-38.221747233382,89.341835168529,1394239026.817858,7.2628750689613232e-4,4.2080871625468507e-57,-2.0780210005934345e2,1.820632851755,a101_x+035,grid_node,supported,false
source:bto-bfo-medium:370023,bto-bfo-medium,370023,23906,arc1-current-polar-best-glide-equal-feed,408,-37.641607629431,89.982171627379,1394239004.953560,1.4889291812664245e-4,4.2111094732926895e-55,-2.0161149334213221e2,2.429527803976,a092_x+025,grid_node,supported,false
source:bto-bfo-medium:370023,bto-bfo-medium,370023,23974,arc1-current-polar-best-glide-equal-feed,409,-37.930672156823,89.076214811912,1394238860.006104,2.9324645497395606e-5,1.1044583978049399e-51,-1.9211472496732932e2,1.710093416995,a101_x+015,grid_node,supported,false
source:bto-bfo-medium:370023,bto-bfo-medium,370023,24032,arc1-current-polar-best-glide-equal-feed,410,-38.059170614471,89.355423976133,1394238991.555701,2.8106396520036708e-4,2.5616865473333637e-37,-1.6129737686524533e2,1.861241908192,a100_x+030,grid_node,supported,false
source:bto-bfo-medium:370023,bto-bfo-medium,370023,24084,arc1-current-polar-best-glide-equal-feed,411,-37.795020628507,89.824497149457,1394238987.399241,3.6377907377499994e-4,2.6647089848792542e-75,-2.4901414586101004e2,2.119095210625,a095_x+030,grid_node,supported,false
source:bto-bfo-medium:370023,bto-bfo-medium,370023,24144,arc1-current-polar-best-glide-equal-feed,412,-38.771875638247,87.791946110839,1394238861.982221,2.0674582127446983e-4,9.1656124527224663e-187,-5.0510325580385967e2,0.607220043708,a117_x+020,grid_node,supported,false
source:bto-bfo-medium:370023,bto-bfo-medium,370023,24205,arc1-current-polar-best-glide-equal-feed,413,-38.273947101643,89.172404799921,1394239001.289078,6.6354502342897694e-4,9.4239520386887578e-55,-2.0230033428198271e2,1.556601273686,a103_x+035,grid_node,supported,false
source:bto-bfo-medium:370023,bto-bfo-medium,370023,24266,arc1-current-polar-best-glide-equal-feed,414,-38.337400783362,89.231424294208,1394239128.593143,3.8369953563780585e-4,3.6382321232383642e-68,-2.3263796022338332e2,1.830895302271,a103_x+040,grid_node,supported,false
source:bto-bfo-medium:370023,bto-bfo-medium,370023,24319,arc1-current-polar-best-glide-equal-feed,415,-38.402697193564,88.905152640017,1394239050.501774,3.0555310017111524e-4,6.5943650350208135e-57,-2.0648707037236599e2,2.345172231842,a106_x+030,grid_node,supported,false
source:bto-bfo-medium:370023,bto-bfo-medium,370023,24380,arc1-current-polar-best-glide-equal-feed,416,-37.908783974502,89.615995559184,1394238987.460697,3.1352893347952673e-4,1.6412569061717013e-57,-2.0790359158977330e2,1.528928276849,a097_x+030,grid_node,supported,false
source:bto-bfo-medium:370023,bto-bfo-medium,370023,24438,arc1-current-polar-best-glide-equal-feed,417,-38.065129778276,89.079932291833,1394238839.450659,3.2722681026710841e-4,2.7191821110280762e-37,-1.6138978283600213e2,1.177917997626,a102_x+020,grid_node,supported,false
source:bto-bfo-medium:370023,bto-bfo-medium,370023,24493,arc1-current-polar-best-glide-equal-feed,418,-38.509433796683,88.843936986484,1394239034.945103,6.8196557437865909e-4,1.4420324519372679e-73,-2.4565144942026046e2,1.022036280507,a107_x+035,grid_node,supported,false
source:bto-bfo-medium:370023,bto-bfo-medium,370023,24549,arc1-current-polar-best-glide-equal-feed,419,-38.081743980318,89.631497676647,1394239144.084677,2.5487752628703748e-4,7.4263471662169321e-82,-2.6375153865746205e2,2.386611264743,a098_x+035,grid_node,supported,false
source:bto-bfo-medium:370023,bto-bfo-medium,370023,24606,arc1-current-polar-best-glide-equal-feed,420,-37.695578963788,90.173378277899,1394239087.238427,3.5656646914965581e-4,3.1202645520493917e-70,-2.3732337138673219e2,1.902667063091,a091_x+035,grid_node,supported,false
source:bto-bfo-medium:370023,bto-bfo-medium,370023,24666,arc1-current-polar-best-glide-equal-feed,421,-38.222647030421,89.294553513057,1394239008.394748,6.9400421106448730e-4,1.4434610508370073e-52,-1.9731367112268248e2,1.895439837124,a102_x+035,grid_node,supported,false
source:bto-bfo-medium:370023,bto-bfo-medium,370023,24728,arc1-current-polar-best-glide-equal-feed,422,-37.508349262189,90.137681234596,1394238977.067019,1.4098761732812801e-4,7.4989816485719713e-39,-1.6413853545778548e2,1.320891559181,a090_x+025,grid_node,supported,false
source:bto-bfo-medium:370023,bto-bfo-medium,370023,24783,arc1-current-polar-best-glide-equal-feed,423,-38.266193422743,89.059396129406,1394238996.326719,3.8074366954202486e-4,3.4718885758674400e-45,-1.7971756884200190e2,1.237634538446,a104_x+030,grid_node,supported,false
source:bto-bfo-medium:370023,bto-bfo-medium,370023,24848,arc1-current-polar-best-glide-equal-feed,424,-37.830046567033,90.070828050022,1394239108.599867,5.0798789378524482e-4,4.4259986429045513e-72,-2.4193290037272126e2,2.264951504357,a093_x+040,grid_node,supported,false
source:bto-bfo-medium:370023,bto-bfo-medium,370023,24910,arc1-current-polar-best-glide-equal-feed,425,-38.594134031263,88.439220123407,1394238950.446280,4.8036558521965330e-4,3.3116912530746628e-141,-4.0104539854654831e2,1.800348300032,a111_x+030,grid_node,supported,false
source:bto-bfo-medium:370023,bto-bfo-medium,370023,24971,arc1-current-polar-best-glide-equal-feed,426,-38.835834009165,87.863162832452,1394238923.963479,3.1265628986491486e-4,5.4071986155978111e-179,-4.8762391697087844e2,1.225843242919,a117_x+025,grid_node,supported,false
source:bto-bfo-medium:370023,bto-bfo-medium,370023,25025,arc1-current-polar-best-glide-equal-feed,427,-37.702259866445,90.146706940252,1394239061.465093,4.3872386938155451e-4,1.2784744881621971e-67,-2.3151521588159665e2,2.141152805500,a092_x+035,grid_node,supported,false
source:bto-bfo-medium:370023,bto-bfo-medium,370023,25088,arc1-current-polar-best-glide-equal-feed,428,-38.327002595887,88.993282977340,1394239060.651964,2.0127684785173754e-4,1.2942225753185170e-61,-2.1690827379456579e2,1.870567201690,a105_x+030,grid_node,supported,false
source:bto-bfo-medium:370023,bto-bfo-medium,370023,25145,arc1-current-polar-best-glide-equal-feed,429,-37.910571371346,88.668653188986,1394238667.149359,1.0574383565282745e-5,6.2226538961933157e-39,-1.6173486856713237e2,2.203343091060,a104_x+000,grid_node,supported,false
source:bto-bfo-medium:370023,bto-bfo-medium,370023,25210,arc1-current-polar-best-glide-equal-feed,430,-38.378675757693,88.996423737789,1394239061.436486,3.6574682588337923e-4,5.1405676181994538e-50,-1.9079784450225770e2,1.330451990772,a105_x+035,grid_node,supported,false
source:bto-bfo-medium:370023,bto-bfo-medium,370023,25271,arc1-current-polar-best-glide-equal-feed,431,-38.513680802958,88.668873296831,1394238975.707184,5.6260339838198469e-4,4.4870861864328318e-65,-2.2590321444230148e2,2.688330422806,a108_x+030,grid_node,supported,false
source:bto-bfo-medium:370023,bto-bfo-medium,370023,25334,arc1-current-polar-best-glide-equal-feed,432,-37.577056663979,89.909100526282,1394239006.386808,2.3550383717103854e-5,1.9450654184170278e-24,-1.2915970073125106e2,2.659728307842,a092_x+020,grid_node,supported,false
source:bto-bfo-medium:370023,bto-bfo-medium,370023,25390,arc1-current-polar-best-glide-equal-feed,433,-38.094843798766,89.143719199466,1394238951.124996,1.6317430414127269e-4,1.1235622175492706e-42,-1.7309070069232942e2,1.144690182212,a102_x+025,grid_node,supported,false
source:bto-bfo-medium:370023,bto-bfo-medium,370023,25447,arc1-current-polar-best-glide-equal-feed,434,-37.656007051519,90.035474182805,1394239004.211903,2.7783278910882293e-4,6.6116733145961701e-60,-2.1329710025956146e2,1.584159477604,a092_x+030,grid_node,supported,false
source:bto-bfo-medium:370023,bto-bfo-medium,370023,25505,arc1-current-polar-best-glide-equal-feed,435,-38.079094834822,89.297031749182,1394238981.160750,2.7066684515164943e-4,9.2660527836872387e-44,-1.7609208731518598e2,2.997805701647,a101_x+025,grid_node,supported,false
source:bto-bfo-medium:370023,bto-bfo-medium,370023,25558,arc1-current-polar-best-glide-equal-feed,436,-37.618420399636,90.065064873859,1394239058.292422,8.7564896742820222e-5,2.0838090887217730e-60,-2.1329710025956146e2,3.054785986909,a092_x+030,grid_node,supported,false
source:bto-bfo-medium:370023,bto-bfo-medium,370023,25609,arc1-current-polar-best-glide-equal-feed,437,-38.139607386545,89.775690188799,1394239155.975263,7.4572050832920724e-4,1.1580423156626670e-85,-2.7359116485627379e2,2.580494988291,a097_x+045,grid_node,supported,false
source:bto-bfo-medium:370023,bto-bfo-medium,370023,25663,arc1-current-polar-best-glide-equal-feed,438,-38.568886167237,88.526061958940,1394239014.969701,2.9553210569151044e-4,1.7873599343245710e-115,-3.4130913553586254e2,0.646266670904,a110_x+030,grid_node,supported,false
source:bto-bfo-medium:370023,bto-bfo-medium,370023,25724,arc1-current-polar-best-glide-equal-feed,439,-39.099772339177,86.742565376784,1394238677.537591,1.4043392614172340e-4,7.2366846841602154e-250,-6.5001565916112645e2,1.143009776768,a127_x+010,grid_node,supported,false
source:bto-bfo-medium:370023,bto-bfo-medium,370023,25787,arc1-current-polar-best-glide-equal-feed,440,-37.892606949749,89.355355697327,1394238916.300090,9.2254806239328759e-5,5.3805625904984362e-11,-9.9574009461218878e1,0.486328389902,a099_x+020,grid_node,supported,false
source:bto-bfo-medium:370023,bto-bfo-medium,370023,25856,arc1-current-polar-best-glide-equal-feed,441,-38.308748016385,88.958598669836,1394238965.472692,4.4507310686668096e-4,2.8618475931137501e-61,-2.1690827379456579e2,1.156039330447,a105_x+030,grid_node,supported,false
source:bto-bfo-medium:370023,bto-bfo-medium,370023,25916,arc1-current-polar-best-glide-equal-feed,442,-37.873292778663,89.709422754768,1394238960.526022,5.1793440733487303e-4,8.4201521931717067e-40,-1.6762643641994413e2,0.647301434621,a096_x+030,grid_node,supported,false
source:bto-bfo-medium:370023,bto-bfo-medium,370023,25978,arc1-current-polar-best-glide-equal-feed,443,-38.176119199183,89.037627262339,1394238940.083281,2.3737324209351668e-4,8.1068835464849955e-41,-1.6918672105090940e2,1.410963637131,a103_x+025,grid_node,supported,false
source:bto-bfo-medium:370023,bto-bfo-medium,370023,26039,arc1-current-polar-best-glide-equal-feed,444,-37.773487950358,89.729834484411,1394238970.650334,1.7725345230909460e-4,1.0243900769349009e-36,-1.5945035859747921e2,0.999058821528,a095_x+025,grid_node,supported,false
source:bto-bfo-medium:370023,bto-bfo-medium,370023,26096,arc1-current-polar-best-glide-equal-feed,445,-38.202117471341,89.089351549118,1394238995.110492,2.2964876907472274e-4,4.8649014462693504e-52,-1.9499274142471037e2,2.343954995496,a103_x+030,grid_node,supported,false
source:bto-bfo-medium:370023,bto-bfo-medium,370023,26152,arc1-current-polar-best-glide-equal-feed,446,-38.248201998285,89.390796756848,1394239058.503946,7.8379912176023997e-4,1.7061858799694705e-37,-1.6272935280231178e2,1.848038453649,a101_x+040,grid_node,supported,false
source:bto-bfo-medium:370023,bto-bfo-medium,370023,26208,arc1-current-polar-best-glide-equal-feed,447,-38.625787373614,87.810940787011,1394238758.316666,1.4560471752857114e-4,5.4648156805174289e-176,-4.7994135350499630e2,1.831472261351,a116_x+015,grid_node,supported,false
source:bto-bfo-medium:370023,bto-bfo-medium,370023,26260,arc1-current-polar-best-glide-equal-feed,448,-37.769014638371,89.909422743218,1394239051.083612,2.0755984186216099e-4,7.6476469022405600e-83,-2.6581939640106884e2,0.898242903121,a094_x+030,grid_node,supported,false
source:bto-bfo-medium:370023,bto-bfo-medium,370023,26320,arc1-current-polar-best-glide-equal-feed,449,-38.009114909799,89.476521933534,1394239046.178354,1.6510123666613677e-4,6.0252176744442698e-72,-2.4050054392561012e2,1.083067836308,a099_x+030,grid_node,supported,false
source:bto-bfo-medium:370023,bto-bfo-medium,370023,26372,arc1-current-polar-best-glide-equal-feed,450,-38.144912694983,89.234092679462,1394239023.041839,2.1922227450318457e-4,4.9186250851286379e-49,-1.8802753868266777e2,2.455814833805,a102_x+030,grid_node,supported,false
source:bto-bfo-medium:370023,bto-bfo-medium,370023,26432,arc1-current-polar-best-glide-equal-feed,451,-38.435067247395,89.096384810662,1394239100.106062,6.2105561548956472e-4,2.8090565278782139e-67,-2.3107558519071165e2,1.880007207236,a105_x+040,grid_node,supported,false
source:bto-bfo-medium:370023,bto-bfo-medium,370023,26495,arc1-current-polar-best-glide-equal-feed,452,-38.195702078310,89.180079150222,1394239078.992604,1.0542598901099956e-4,2.3654116140759941e-49,-1.8802753868266777e2,1.653885672098,a102_x+030,grid_node,supported,false
source:bto-bfo-medium:370023,bto-bfo-medium,370023,26547,arc1-current-polar-best-glide-equal-feed,453,-37.758309921576,89.861496085382,1394239030.122549,1.7735445257757078e-4,6.5347141223694793e-83,-2.6581939640106884e2,1.787935433485,a094_x+030,grid_node,supported,false
source:bto-bfo-medium:370023,bto-bfo-medium,370023,26602,arc1-current-polar-best-glide-equal-feed,454,-38.354072890524,88.939301077189,1394239035.211290,2.7640483847802817e-4,1.7773001997181794e-61,-2.1690827379456579e2,1.726042045262,a105_x+030,grid_node,supported,false
source:bto-bfo-medium:370023,bto-bfo-medium,370023,26662,arc1-current-polar-best-glide-equal-feed,455,-37.908172840629,89.742374648717,1394239059.754719,2.8044160131331667e-4,4.5591892156879989e-40,-1.6762643641994413e2,2.100837710257,a096_x+030,grid_node,supported,false
source:bto-bfo-medium:370023,bto-bfo-medium,370023,26719,arc1-current-polar-best-glide-equal-feed,456,-38.369923444716,89.318762577700,1394239088.636662,9.0054806076130618e-4,1.1588265110709398e-55,-2.0470158778036651e2,3.309708275346,a102_x+040,grid_node,supported,false
source:bto-bfo-medium:370023,bto-bfo-medium,370023,26776,arc1-current-polar-best-glide-equal-feed,457,-38.128963249218,88.582253144180,1394238683.404262,1.6024749944829359e-4,4.9251760572073259e-50,-1.9001542611566981e2,2.268115251535,a106_x+010,grid_node,supported,false
source:bto-bfo-medium:370023,bto-bfo-medium,370023,26836,arc1-current-polar-best-glide-equal-feed,458,-38.195567727244,88.341350777008,1394238708.552169,3.3447974150202663e-5,1.4507362993462511e-93,-2.8868214564545957e2,2.005400099185,a109_x+005,grid_node,supported,false
source:bto-bfo-medium:370023,bto-bfo-medium,370023,26895,arc1-current-polar-best-glide-equal-feed,459,-38.093202268595,89.727535928872,1394239094.717213,7.7720438049323369e-4,3.7247826312122317e-89,-2.8167458013011202e2,2.404182611624,a098_x+040,grid_node,supported,false
source:bto-bfo-medium:370023,bto-bfo-medium,370023,26955,arc1-current-polar-best-glide-equal-feed,460,-38.229324580153,88.950038175935,1394238931.056483,2.8469439578859227e-4,2.5238925723729604e-45,-1.7974575510887684e2,1.664006504412,a104_x+025,grid_node,supported,false
source:bto-bfo-medium:370023,bto-bfo-medium,370023,27022,arc1-current-polar-best-glide-equal-feed,461,-38.424821227858,89.221150473987,1394239151.942205,5.8240863451477771e-4,6.9433594961537176e-55,-2.0247537869854168e2,2.845653378094,a104_x+040,grid_node,supported,false
source:bto-bfo-medium:370023,bto-bfo-medium,370023,27076,arc1-current-polar-best-glide-equal-feed,462,-37.974526347510,89.784524746646,1394239099.951953,4.1867800640433010e-4,1.0946627015434342e-78,-2.5695210511219045e2,1.856634921243,a096_x+035,grid_node,supported,false
source:bto-bfo-medium:370023,bto-bfo-medium,370023,27137,arc1-current-polar-best-glide-equal-feed,463,-38.168324633924,89.204873191268,1394238985.977393,3.7821531101563143e-4,8.4859046397411169e-49,-1.8802753868266777e2,0.799475284812,a102_x+030,grid_node,supported,false
source:bto-bfo-medium:370023,bto-bfo-medium,370023,27194,arc1-current-polar-best-glide-equal-feed,464,-37.740839696185,89.831809821944,1394239030.026831,1.0558421851309839e-4,1.2750440816454463e-32,-1.4950306313415925e2,1.912049656696,a094_x+025,grid_node,supported,false
source:bto-bfo-medium:370023,bto-bfo-medium,370023,27253,arc1-current-polar-best-glide-equal-feed,465,-38.082728310088,89.782413245346,1394239169.910180,4.4875736153802634e-4,3.6062856141266198e-86,-2.7424993401080098e2,1.594318086320,a097_x+040,grid_node,supported,false
source:bto-bfo-medium:370023,bto-bfo-medium,370023,27310,arc1-current-polar-best-glide-equal-feed,466,-38.239111959206,88.943637705011,1394238973.372911,1.6526449956342354e-4,1.4651143439957123e-45,-1.7974575510887684e2,2.288321538579,a104_x+025,grid_node,supported,false
source:bto-bfo-medium:370023,bto-bfo-medium,370023,27372,arc1-current-polar-best-glide-equal-feed,467,-39.085276843094,87.125850474793,1394238867.274512,1.1515960832510595e-4,7.8890839532169726e-222,-5.8525854167941293e2,1.603062928749,a124_x+020,grid_node,supported,false
source:bto-bfo-medium:370023,bto-bfo-medium,370023,27437,arc1-current-polar-best-glide-equal-feed,468,-38.302247742097,89.131533962307,1394238999.429529,6.8238355858223846e-4,9.6915050237840626e-55,-2.0230033428198271e2,2.560981326465,a103_x+035,grid_node,supported,false
source:bto-bfo-medium:370023,bto-bfo-medium,370023,27498,arc1-current-polar-best-glide-equal-feed,469,-38.066802719321,89.550464724651,1394239085.546455,3.0460581465108612e-4,3.1496391984734337e-73,-2.4406425440819592e2,1.755682104650,a099_x+035,grid_node,supported,false
source:bto-bfo-medium:370023,bto-bfo-medium,370023,27553,arc1-current-polar-best-glide-equal-feed,470,-38.107011865922,89.676211904492,1394239138.611958,4.6880345982317287e-4,2.2467590616169597e-89,-2.8167458013011202e2,0.300225679546,a098_x+040,grid_node,supported,false
source:bto-bfo-medium:370023,bto-bfo-medium,370023,27608,arc1-current-polar-best-glide-equal-feed,471,-37.981771392113,89.730053603175,1394239079.364908,4.2928471757474641e-4,1.2465880426053499e-85,-2.7296525502327205e2,1.514449590434,a097_x+035,grid_node,supported,false
source:bto-bfo-medium:370023,bto-bfo-medium,370023,27665,arc1-current-polar-best-glide-equal-feed,472,-37.973423602387,89.950712890241,1394239132.659712,6.4024191374310033e-4,2.6659102168904313e-77,-2.5418416470759121e2,1.196621653236,a095_x+040,grid_node,supported,false
source:bto-bfo-medium:370023,bto-bfo-medium,370023,27727,arc1-current-polar-best-glide-equal-feed,473,-38.776081074803,87.982683086441,1394238960.421610,2.0425626048666847e-4,6.9068049558474228e-165,-4.5471722057329470e2,2.611051413055,a115_x+025,grid_node,supported,false
source:bto-bfo-medium:370023,bto-bfo-medium,370023,27785,arc1-current-polar-best-glide-equal-feed,474,-38.006367328438,89.545285624765,1394239048.546234,2.5786223361532861e-4,3.3961365468550324e-50,-1.9086285363398414e2,1.834335262466,a098_x+030,grid_node,supported,false
source:bto-bfo-medium:370023,bto-bfo-medium,370023,27844,arc1-current-polar-best-glide-equal-feed,475,-38.611195914639,88.469957458097,1394238977.445678,4.9654350361285715e-4,3.4232235369939550e-141,-4.0104539854654831e2,2.070370585405,a111_x+030,grid_node,supported,false
source:bto-bfo-medium:370023,bto-bfo-medium,370023,27907,arc1-current-polar-best-glide-equal-feed,476,-37.565008261619,89.963009480268,1394238962.283391,8.0668821878858584e-5,6.6625723667957035e-24,-1.2915970073125106e2,2.084773165864,a092_x+020,grid_node,supported,false
source:bto-bfo-medium:370023,bto-bfo-medium,370023,27959,arc1-current-polar-best-glide-equal-feed,477,-38.198757433936,89.347219234540,1394239023.890545,6.6790178386235874e-4,3.8698021042998551e-57,-2.0780210005934345e2,0.738306765024,a101_x+035,grid_node,supported,false
source:bto-bfo-medium:370023,bto-bfo-medium,370023,28011,arc1-current-polar-best-glide-equal-feed,478,-37.896683264488,89.498576179256,1394238961.192602,1.6410056437617145e-4,8.4454834310195299e-43,-1.7338181863878640e2,0.871117351582,a098_x+025,grid_node,supported,false
source:bto-bfo-medium:370023,bto-bfo-medium,370023,28072,arc1-current-polar-best-glide-equal-feed,479,-37.589556902456,90.189349812317,1394239058.096485,1.8262875170415400e-4,4.4656107826608903e-45,-1.7873119059539883e2,2.290048710371,a090_x+030,grid_node,supported,false
source:bto-bfo-medium:370023,bto-bfo-medium,370023,28121,arc1-current-polar-best-glide-equal-feed,480,-37.893409867767,89.852010273554,1394239052.040234,5.1162115673161724e-4,6.3397633665760401e-81,-2.6230394750754471e2,0.792473494138,a095_x+035,grid_node,supported,false
source:bto-bfo-medium:370023,bto-bfo-medium,370023,28171,arc1-current-polar-best-glide-equal-feed,481,-38.082124181316,89.584717239706,1394239101.106184,3.6590992563730659e-4,3.7835267400195038e-73,-2.4406425440819592e2,2.456102430761,a099_x+035,grid_node,supported,false
source:bto-bfo-medium:370023,bto-bfo-medium,370023,28229,arc1-current-polar-best-glide-equal-feed,482,-38.127835277575,89.286813613277,1394239053.730398,1.5471048604917410e-4,4.0207207542823026e-48,-1.8557799081944603e2,0.624627065411,a101_x+030,grid_node,supported,false
source:bto-bfo-medium:370023,bto-bfo-medium,370023,28284,arc1-current-polar-best-glide-equal-feed,483,-37.796078616788,90.224238043548,1394239131.982785,6.2988491557357154e-4,6.3152498461218382e-78,-2.5560801905960369e2,1.503752787703,a092_x+040,grid_node,supported,false
source:bto-bfo-medium:370023,bto-bfo-medium,370023,28337,arc1-current-polar-best-glide-equal-feed,484,-38.332241309608,88.981117246041,1394239057.013096,2.0675776501432471e-4,1.3294652115232343e-61,-2.1690827379456579e2,1.326830187487,a105_x+030,grid_node,supported,false
source:bto-bfo-medium:370023,bto-bfo-medium,370023,28396,arc1-current-polar-best-glide-equal-feed,485,-38.446176567809,88.731331730744,1394238939.572420,6.0272318008082763e-4,4.8070645562422171e-65,-2.2590321444230148e2,2.357617949978,a108_x+030,grid_node,supported,false
source:bto-bfo-medium:370023,bto-bfo-medium,370023,28456,arc1-current-polar-best-glide-equal-feed,486,-38.857881252674,88.092131137407,1394239042.495437,3.4955817823786102e-4,3.2877730218042421e-175,-4.7902266283660100e2,2.730365679718,a115_x+035,grid_node,supported,false
source:bto-bfo-medium:370023,bto-bfo-medium,370023,28524,arc1-current-polar-best-glide-equal-feed,487,-38.034285623277,89.696426752230,1394239082.604748,5.2661594157355157e-4,1.5292254975199119e-85,-2.7296525502327205e2,2.461487879247,a097_x+035,grid_node,supported,false
source:bto-bfo-medium:370023,bto-bfo-medium,370023,28594,arc1-current-polar-best-glide-equal-feed,488,-37.713199034986,89.216054025505,1394238663.950548,1.1352416929509839e-4,4.6980305397573559e-13,-1.0452229057769991e2,2.840379972264,a099_x+010,grid_node,supported,false
source:bto-bfo-medium:370023,bto-bfo-medium,370023,28654,arc1-current-polar-best-glide-equal-feed,489,-38.253824339219,88.841276404734,1394238902.318356,2.5531642459880529e-4,1.3005459773749150e-48,-1.8720761595749718e2,2.408250281886,a105_x+025,grid_node,supported,false
source:bto-bfo-medium:370023,bto-bfo-medium,370023,28717,arc1-current-polar-best-glide-equal-feed,490,-37.630801292532,90.059638335930,1394239012.031835,2.1747499359695048e-4,5.1753200778393669e-60,-2.1329710025956146e2,2.321655146147,a092_x+030,grid_node,supported,false
source:bto-bfo-medium:370023,bto-bfo-medium,370023,28781,arc1-current-polar-best-glide-equal-feed,491,-38.625971988286,88.742359518473,1394239100.565620,5.6358494994555712e-4,1.9107208228625890e-86,-2.7511296750468819e2,2.271111849798,a109_x+040,grid_node,supported,false
source:bto-bfo-medium:370023,bto-bfo-medium,370023,28843,arc1-current-polar-best-glide-equal-feed,492,-38.634214072245,88.640959254883,1394239066.458028,5.4204367411015721e-4,7.3273796214784496e-119,-3.4971516667487350e2,2.702280778425,a109_x+035,grid_node,supported,false
source:bto-bfo-medium:370023,bto-bfo-medium,370023,28908,arc1-current-polar-best-glide-equal-feed,493,-37.818196210118,89.223669269865,1394238779.949073,9.2214781173058391e-5,4.0888638734152455e-24,-1.2978170751207250e2,2.816024175283,a099_x+015,grid_node,supported,false
source:bto-bfo-medium:370023,bto-bfo-medium,370023,28971,arc1-current-polar-best-glide-equal-feed,494,-37.880562281590,89.012480367215,1394238714.837769,1.0141210112962931e-4,6.6425493133970584e-21,-1.2248379555089161e2,2.106663133358,a101_x+010,grid_node,supported,false
source:bto-bfo-medium:370023,bto-bfo-medium,370023,29029,arc1-current-polar-best-glide-equal-feed,495,-38.034036654857,89.474021729224,1394239066.054681,1.5838185756420969e-4,5.7800001185753437e-72,-2.4050054392561012e2,0.454774550052,a099_x+030,grid_node,supported,false
source:bto-bfo-medium:370023,bto-bfo-medium,370023,29092,arc1-current-polar-best-glide-equal-feed,496,-37.950379302548,89.454520620541,1394238979.005028,1.8089971312224839e-4,3.4521273911678226e-44,-1.7667650821817557e2,2.263213350202,a099_x+025,grid_node,supported,false
source:bto-bfo-medium:370023,bto-bfo-medium,370023,29154,arc1-current-polar-best-glide-equal-feed,497,-38.700023676324,87.777358885211,1394238759.733471,2.9390019806778812e-4,1.1147679962674391e-193,-5.2137732888303640e2,2.707838679357,a117_x+015,grid_node,supported,false
source:bto-bfo-medium:370023,bto-bfo-medium,370023,29223,arc1-current-polar-best-glide-equal-feed,498,-37.904073271058,89.007712463713,1394238715.118056,1.3856135088380708e-4,7.7060123925184398e-29,-1.4106809203267323e2,2.176039534231,a102_x+010,grid_node,supported,false
source:bto-bfo-medium:370023,bto-bfo-medium,370023,29280,arc1-current-polar-best-glide-equal-feed,499,-37.972754414973,89.487323175881,1394238966.730779,3.4604755340916408e-4,4.5575683053913076e-50,-1.9086285363398414e2,3.217224506615,a098_x+030,grid_node,supported,false
source:bto-bfo-medium:370023,bto-bfo-medium,370023,29334,arc1-current-polar-best-glide-equal-feed,500,-38.215640443949,89.376207791510,1394239049.076983,6.7254164167787102e-4,3.8966852957689638e-57,-2.0780210005934345e2,1.337277065864,a101_x+035,grid_node,supported,false
source:bto-bfo-medium:370023,bto-bfo-medium,370023,29385,arc1-current-polar-best-glide-equal-feed,501,-37.961445856745,89.594155432476,1394239041.327282,2.3951251140344904e-4,3.1544642346490921e-50,-1.9086285363398414e2,2.065846194300,a098_x+030,grid_node,supported,false
source:bto-bfo-medium:370023,bto-bfo-medium,370023,29436,arc1-current-polar-best-glide-equal-feed,502,-37.797148428324,89.816693238946,1394239036.641647,1.8115899610527704e-4,1.3270032264473062e-75,-2.4901414586101004e2,1.869846427361,a095_x+030,grid_node,supported,false
source:bto-bfo-medium:370023,bto-bfo-medium,370023,29490,arc1-current-polar-best-glide-equal-feed,503,-38.454082622084,88.739128662308,1394239028.315100,2.6409810852209338e-4,2.1063345476060219e-65,-2.2590321444230148e2,2.344485739752,a108_x+030,grid_node,supported,false
source:bto-bfo-medium:370023,bto-bfo-medium,370023,29547,arc1-current-polar-best-glide-equal-feed,504,-38.054484445546,89.454586885727,1394238974.722302,5.6248051177391618e-4,2.0527208575208837e-71,-2.4050054392561012e2,1.849552982378,a099_x+030,grid_node,supported,false
source:bto-bfo-medium:370023,bto-bfo-medium,370023,29604,arc1-current-polar-best-glide-equal-feed,505,-38.041919861399,89.892318517933,1394239074.649789,9.4841926955077584e-4,3.3953926585918873e-95,-2.9578177309014421e2,2.278056534510,a096_x+045,grid_node,supported,false
source:bto-bfo-medium:370023,bto-bfo-medium,370023,29656,arc1-current-polar-best-glide-equal-feed,506,-38.174011283588,89.560657558892,1394239087.247754,7.4011816308630954e-4,2.0715053383717609e-68,-2.3385813261330085e2,1.952669942972,a099_x+040,grid_node,supported,false
source:bto-bfo-medium:370023,bto-bfo-medium,370023,29721,arc1-current-polar-best-glide-equal-feed,507,-38.073482407813,88.990374473612,1394238771.456699,4.3736157961111669e-4,3.7089678489356640e-33,-1.5215912670099760e2,1.385952890312,a103_x+020,grid_node,supported,false
source:bto-bfo-medium:370023,bto-bfo-medium,370023,29782,arc1-current-polar-best-glide-equal-feed,508,-38.164662728523,89.137747108474,1394238980.593028,2.5037178583904324e-4,1.7239741293183760e-42,-1.7309070069232942e2,3.103284270136,a102_x+025,grid_node,supported,false
source:bto-bfo-medium:370023,bto-bfo-medium,370023,29843,arc1-current-polar-best-glide-equal-feed,509,-38.371825451598,89.275161475492,1394239117.482525,6.8964049050195615e-4,6.5391587765656519e-68,-2.3263796022338332e2,1.370158710754,a103_x+040,grid_node,supported,false
source:bto-bfo-medium:370023,bto-bfo-medium,370023,29903,arc1-current-polar-best-glide-equal-feed,510,-38.040403090778,89.451214456325,1394239039.177888,2.2632418640833110e-4,8.2594928762362657e-72,-2.4050054392561012e2,1.264170594233,a099_x+030,grid_node,supported,false
source:bto-bfo-medium:370023,bto-bfo-medium,370023,29958,arc1-current-polar-best-glide-equal-feed,511,-38.416761205158,89.028946796642,1394239088.454863,4.4073584536254026e-4,6.1945374628426929e-50,-1.9079784450225770e2,1.448724708060,a105_x+035,grid_node,supported,false
source:bto-bfo-medium:370024,bto-bfo-medium,370024,17,arc1-current-polar-best-glide-equal-feed,0,-38.247361651134,88.965830614818,1394239016.796929,1.1110847651022960e-4,9.8500659914669344e-46,-1.7974575510887684e2,2.222089864931,a104_x+025,grid_node,supported,false
source:bto-bfo-medium:370024,bto-bfo-medium,370024,78,arc1-current-polar-best-glide-equal-feed,1,-37.786806261430,89.989333264279,1394239074.643216,3.1820448942014400e-4,4.4552946504742541e-74,-2.4606370990414865e2,2.603669260916,a093_x+035,grid_node,supported,false
source:bto-bfo-medium:370024,bto-bfo-medium,370024,136,arc1-current-polar-best-glide-equal-feed,2,-37.892538173619,89.646597593179,1394238984.320970,3.3343431514873948e-4,1.7454573216549510e-57,-2.0790359158977330e2,2.097120350316,a097_x+030,grid_node,supported,false
source:bto-bfo-medium:370024,bto-bfo-medium,370024,195,arc1-current-polar-best-glide-equal-feed,3,-38.245993383462,88.599931489114,1394238729.529066,4.0415698883575343e-4,2.0784880926893329e-50,-1.9180322928351302e2,1.409056496694,a107_x+015,grid_node,supported,false
source:bto-bfo-medium:370024,bto-bfo-medium,370024,255,arc1-current-polar-best-glide-equal-feed,4,-38.404251964343,88.782368509724,1394239024.733574,2.0549997719683177e-4,2.6243536641630495e-49,-1.8859109283312725e2,1.245648496275,a107_x+030,grid_node,supported,false
source:bto-bfo-medium:370024,bto-bfo-medium,370024,318,arc1-current-polar-best-glide-equal-feed,5,-38.043831122089,89.988155077989,1394239160.708289,8.2783483059625416e-4,1.6609613362591477e-92,-2.8945305765300662e2,1.056131651244,a095_x+045,grid_node,supported,false
source:bto-bfo-medium:370024,bto-bfo-medium,370024,373,arc1-current-polar-best-glide-equal-feed,6,-38.306125927187,89.164311217189,1394239061.762179,4.5528899695094615e-4,6.4662103090396541e-55,-2.0230033428198271e2,1.121966074086,a103_x+035,grid_node,supported,false
source:bto-bfo-medium:370024,bto-bfo-medium,370024,426,arc1-current-polar-best-glide-equal-feed,7,-37.921519522076,89.911261675623,1394239149.425969,2.6797021774650103e-4,1.1158040827664150e-77,-2.5418416470759121e2,2.522870741033,a095_x+040,grid_node,supported,false
source:bto-bfo-medium:370024,bto-bfo-medium,370024,486,arc1-current-polar-best-glide-equal-feed,8,-37.984686058709,89.755947254872,1394239064.981185,5.6247299247110135e-4,1.6333497979247775e-85,-2.7296525502327205e2,2.620000533712,a097_x+035,grid_node,supported,false
source:bto-bfo-medium:370024,bto-bfo-medium,370024,546,arc1-current-polar-best-glide-equal-feed,9,-37.651498480949,90.257749329116,1394239097.886175,3.4028239929084439e-4,5.6500079267563111e-65,-2.2516996195150057e2,1.998371470424,a090_x+035,grid_node,supported,false
source:bto-bfo-medium:370024,bto-bfo-medium,370024,612,arc1-current-polar-best-glide-equal-feed,10,-37.378167570098,89.765184236915,1394238679.212166,8.7969551777168848e-5,3.7911264894638312e-7,-9.0666235197325747e1,2.481062819509,a092_x+005,grid_node,supported,false
source:bto-bfo-medium:370024,bto-bfo-medium,370024,670,arc1-current-polar-best-glide-equal-feed,11,-37.684709416159,90.172170159612,1394239129.426385,1.5306425718684179e-4,1.3394444436260962e-70,-2.3732337138673219e2,1.826155448246,a091_x+035,grid_node,supported,false
source:bto-bfo-medium:370024,bto-bfo-medium,370024,729,arc1-current-polar-best-glide-equal-feed,12,-37.801715282001,89.802105519184,1394238901.586243,7.1837011341782675e-4,5.2621149309901092e-75,-2.4901414586101004e2,1.533381695742,a095_x+030,grid_node,supported,false
source:bto-bfo-medium:370024,bto-bfo-medium,370024,793,arc1-current-polar-best-glide-equal-feed,13,-38.055679407698,88.608581913334,1394238677.942857,7.1639345943177489e-5,4.4273158621164151e-44,-1.7550140703488830e2,2.557742882072,a106_x+005,grid_node,supported,false
source:bto-bfo-medium:370024,bto-bfo-medium,370024,860,arc1-current-polar-best-glide-equal-feed,14,-38.368894053637,89.169817287946,1394239079.417564,6.3390518628915157e-4,7.5572911080702269e-55,-2.0247537869854168e2,2.725691569173,a104_x+040,grid_node,supported,false
source:bto-bfo-medium:370024,bto-bfo-medium,370024,921,arc1-current-polar-best-glide-equal-feed,15,-37.991608822186,89.733377349368,1394239066.722843,5.2819047099707955e-4,1.5337977300540520e-85,-2.7296525502327205e2,1.502219808203,a097_x+035,grid_node,supported,false
source:bto-bfo-medium:370024,bto-bfo-medium,370024,971,arc1-current-polar-best-glide-equal-feed,16,-37.882393008422,89.933089704996,1394239055.476047,6.5107775827555738e-4,1.1250815303010306e-54,-2.0210418059269742e2,2.662480769867,a094_x+035,grid_node,supported,false
source:bto-bfo-medium:370024,bto-bfo-medium,370024,1029,arc1-current-polar-best-glide-equal-feed,17,-37.873727852297,89.982069959410,1394239111.178137,4.4041275441375895e-4,7.6104620285647737e-55,-2.0210418059269742e2,2.290904274394,a094_x+035,grid_node,supported,false
source:bto-bfo-medium:370024,bto-bfo-medium,370024,1084,arc1-current-polar-best-glide-equal-feed,18,-38.248693863197,89.185469909024,1394239013.726316,5.2089346344064310e-4,7.3979531808764718e-55,-2.0230033428198271e2,2.943638117548,a103_x+035,grid_node,supported,false
source:bto-bfo-medium:370024,bto-bfo-medium,370024,1137,arc1-current-polar-best-glide-equal-feed,19,-37.518810024758,90.290390795971,1394239064.897946,1.4993214728464203e-4,3.9727686727722677e-47,-1.8325603095672281e2,0.960841050829,a089_x+030,grid_node,supported,false
source:bto-bfo-medium:370024,bto-bfo-medium,370024,1197,arc1-current-polar-best-glide-equal-feed,20,-37.894148954620,89.950626017580,1394239128.511107,3.5580362239763383e-4,6.1483913232427297e-55,-2.0210418059269742e2,3.153194657508,a094_x+035,grid_node,supported,false
source:bto-bfo-medium:370024,bto-bfo-medium,370024,1254,arc1-current-polar-best-glide-equal-feed,21,-37.897682723965,90.123869891560,1394239162.215249,5.9458803293233465e-4,7.0312468337866779e-88,-2.7846880491448655e2,2.640046102394,a093_x+045,grid_node,supported,false
source:bto-bfo-medium:370024,bto-bfo-medium,370024,1309,arc1-current-polar-best-glide-equal-feed,22,-38.184493822092,89.297218397688,1394239047.810609,3.6343110933302137e-4,2.1057085123084883e-57,-2.0780210005934345e2,3.159369892705,a101_x+035,grid_node,supported,false
source:bto-bfo-medium:370024,bto-bfo-medium,370024,1369,arc1-current-polar-best-glide-equal-feed,23,-37.973176772099,89.524351331135,1394238945.101780,5.2691901310808432e-4,6.9397092104563743e-50,-1.9086285363398414e2,1.471758541445,a098_x+030,grid_node,supported,false
source:bto-bfo-medium:370024,bto-bfo-medium,370024,1429,arc1-current-polar-best-glide-equal-feed,24,-37.931675163992,89.598031313938,1394239050.292931,1.4557828243616858e-4,7.6207117086558290e-58,-2.0790359158977330e2,1.946105216205,a097_x+030,grid_node,supported,false
source:bto-bfo-medium:370024,bto-bfo-medium,370024,1482,arc1-current-polar-best-glide-equal-feed,25,-38.065862326909,89.489367532232,1394239061.029315,2.8693655947793729e-4,1.0471485644330686e-71,-2.4050054392561012e2,2.496820567751,a099_x+030,grid_node,supported,false
source:bto-bfo-medium:370024,bto-bfo-medium,370024,1542,arc1-current-polar-best-glide-equal-feed,26,-38.024537247037,89.429956617709,1394239001.076706,2.7739868045721790e-4,1.0123409528047722e-71,-2.4050054392561012e2,1.970731614298,a099_x+030,grid_node,supported,false
source:bto-bfo-medium:370024,bto-bfo-medium,370024,1608,arc1-current-polar-best-glide-equal-feed,27,-38.506641846841,88.437095926755,1394238917.427491,2.8305767724230734e-4,9.9972266091952332e-96,-2.9579532389136460e2,0.829969506193,a110_x+025,grid_node,supported,false
source:bto-bfo-medium:370024,bto-bfo-medium,370024,1673,arc1-current-polar-best-glide-equal-feed,28,-37.941166253495,90.020354876129,1394239128.268687,7.0996789545130722e-4,1.8771999151209692e-86,-2.7536156848510115e2,1.984264955999,a094_x+040,grid_node,supported,false
source:bto-bfo-medium:370024,bto-bfo-medium,370024,1737,arc1-current-polar-best-glide-equal-feed,29,-38.843279739926,87.932374393142,1394238965.047591,3.1012197337537928e-4,2.7608601123910900e-173,-4.7447245650045573e2,2.971662594076,a116_x+030,grid_node,supported,false
source:bto-bfo-medium:370024,bto-bfo-medium,370024,1791,arc1-current-polar-best-glide-equal-feed,30,-37.921639206084,89.060006534008,1394238753.131060,1.5153444945202303e-4,5.7072640577666343e-51,-1.9211472496732932e2,2.503349344034,a101_x+015,grid_node,supported,false
source:bto-bfo-medium:370024,bto-bfo-medium,370024,1847,arc1-current-polar-best-glide-equal-feed,31,-38.305652685921,89.256476659870,1394239050.158994,7.3434721241892478e-4,1.0429515202778848e-54,-2.0230033428198271e2,3.374265103671,a103_x+035,grid_node,supported,false
source:bto-bfo-medium:370024,bto-bfo-medium,370024,1907,arc1-current-polar-best-glide-equal-feed,32,-38.078903576095,89.543999382802,1394239099.890873,2.7194830115075791e-4,2.8119588926554737e-73,-2.4406425440819592e2,0.968612845762,a099_x+035,grid_node,supported,false
source:bto-bfo-medium:370024,bto-bfo-medium,370024,1967,arc1-current-polar-best-glide-equal-feed,33,-38.021174089774,89.887018449242,1394239149.175552,5.8492960587229004e-4,2.1604388951082198e-105,-3.1877642687528567e2,1.950402033459,a096_x+040,grid_node,supported,false
source:bto-bfo-medium:370024,bto-bfo-medium,370024,2024,arc1-current-polar-best-glide-equal-feed,34,-38.413004987768,88.603789730229,1394238934.321028,2.2757986313330552e-4,1.8281689093611898e-59,-2.1208051883622826e2,1.505490160515,a108_x+025,grid_node,supported,false
source:bto-bfo-medium:370024,bto-bfo-medium,370024,2082,arc1-current-polar-best-glide-equal-feed,35,-38.987830932317,87.747067641527,1394238991.565977,3.6438555448077396e-4,3.6706017444598004e-199,-5.3421610241278802e2,1.642999514824,a119_x+030,grid_node,supported,false
source:bto-bfo-medium:370024,bto-bfo-medium,370024,2150,arc1-current-polar-best-glide-equal-feed,36,-38.338472284944,88.939538227685,1394239049.588728,1.8374521217459828e-4,1.1814930740480974e-61,-2.1690827379456579e2,0.929311321734,a105_x+030,grid_node,supported,false
source:bto-bfo-medium:370024,bto-bfo-medium,370024,2203,arc1-current-polar-best-glide-equal-feed,37,-38.331919138968,89.416041950767,1394239116.988357,8.4239240305727004e-4,4.0212537850587340e-59,-2.1260098468437653e2,3.247672173107,a102_x+045,grid_node,supported,false
source:bto-bfo-medium:370024,bto-bfo-medium,370024,2260,arc1-current-polar-best-glide-equal-feed,38,-37.916353911458,89.447988229024,1394238973.363344,1.1651512324803122e-4,5.9964848176801741e-43,-1.7338181863878640e2,2.116528492931,a098_x+025,grid_node,supported,false
source:bto-bfo-medium:370024,bto-bfo-medium,370024,2317,arc1-current-polar-best-glide-equal-feed,39,-37.734901777305,89.828813267667,1394239024.414708,1.0378215345352665e-4,1.2532821893730250e-32,-1.4950306313415925e2,1.550893967979,a094_x+025,grid_node,supported,false
source:bto-bfo-medium:370024,bto-bfo-medium,370024,2378,arc1-current-polar-best-glide-equal-feed,40,-38.504338450214,88.676044846425,1394239004.707547,4.0849080570439053e-4,3.2579494841879369e-65,-2.2590321444230148e2,2.034490907103,a108_x+030,grid_node,supported,false
source:bto-bfo-medium:370024,bto-bfo-medium,370024,2432,arc1-current-polar-best-glide-equal-feed,41,-38.163712899838,89.329590057547,1394239037.733704,3.9539945005012846e-4,2.2909320813527695e-57,-2.0780210005934345e2,2.490923506896,a101_x+035,grid_node,supported,false
source:bto-bfo-medium:370024,bto-bfo-medium,370024,2495,arc1-current-polar-best-glide-equal-feed,42,-38.368026529273,89.250876577469,1394239124.807225,5.6990660780634206e-4,5.4038442457852669e-68,-2.3263796022338332e2,0.237577980220,a103_x+040,grid_node,supported,false
source:bto-bfo-medium:370024,bto-bfo-medium,370024,2559,arc1-current-polar-best-glide-equal-feed,43,-38.626109853834,88.500574883025,1394239032.209633,3.7443760579943268e-4,2.2645755287546151e-115,-3.4130913553586254e2,3.117235804501,a110_x+030,grid_node,supported,false
source:bto-bfo-medium:370024,bto-bfo-medium,370024,2617,arc1-current-polar-best-glide-equal-feed,44,-38.297306181806,88.885432961144,1394238941.352659,3.4126306656848278e-4,1.7383460901494196e-48,-1.8720761595749718e2,2.253097291587,a105_x+025,grid_node,supported,false
source:bto-bfo-medium:370024,bto-bfo-medium,370024,2675,arc1-current-polar-best-glide-equal-feed,45,-37.937157572703,89.846981704941,1394239092.826603,4.6227502704450233e-4,5.7282898550596952e-81,-2.6230394750754471e2,2.804396060653,a095_x+035,grid_node,supported,false
source:bto-bfo-medium:370024,bto-bfo-medium,370024,2731,arc1-current-polar-best-glide-equal-feed,46,-38.787541928416,88.019735467189,1394238962.621741,2.8857445325153661e-4,9.7579749041707099e-165,-4.5471722057329470e2,2.590406659992,a115_x+025,grid_node,supported,false
source:bto-bfo-medium:370024,bto-bfo-medium,370024,2784,arc1-current-polar-best-glide-equal-feed,47,-38.188298003867,89.429742616392,1394239072.426941,5.5561143717238251e-4,6.7404969274148311e-64,-2.2318119349323791e2,2.892407915034,a100_x+035,grid_node,supported,false
source:bto-bfo-medium:370024,bto-bfo-medium,370024,2839,arc1-current-polar-best-glide-equal-feed,48,-37.601869407503,89.425963686080,1394238695.108169,8.5195359949538803e-5,5.6726688015533377e-10,-9.7138950202497867e1,2.174593814096,a096_x+010,grid_node,supported,false
source:bto-bfo-medium:370024,bto-bfo-medium,370024,2898,arc1-current-polar-best-glide-equal-feed,49,-38.001776086833,89.419664454661,1394238972.019592,2.8809291974032122e-4,5.4977061172286553e-44,-1.7667650821817557e2,2.555702853424,a099_x+025,grid_node,supported,false
source:bto-bfo-medium:370024,bto-bfo-medium,370024,2961,arc1-current-polar-best-glide-equal-feed,50,-38.574708253323,88.396673322663,1394239007.496486,1.3586140201176199e-4,2.7970362969653919e-121,-3.5389968312027770e2,1.812028526793,a111_x+025,grid_node,supported,false
source:bto-bfo-medium:370024,bto-bfo-medium,370024,3017,arc1-current-polar-best-glide-equal-feed,51,-37.896814986210,90.081044612322,1394239088.880058,8.6611795836985571e-4,7.5463154835751747e-72,-2.4193290037272126e2,2.906807962501,a093_x+040,grid_node,supported,false
source:bto-bfo-medium:370024,bto-bfo-medium,370024,3073,arc1-current-polar-best-glide-equal-feed,52,-38.129120644198,89.596575033673,1394239129.630952,4.1286321804204001e-4,1.1555565082000187e-68,-2.3385813261330085e2,1.846190225737,a099_x+040,grid_node,supported,false
source:bto-bfo-medium:370024,bto-bfo-medium,370024,3128,arc1-current-polar-best-glide-equal-feed,53,-38.207767780354,89.500741425850,1394239139.227624,4.3963626498908859e-4,1.4522983005590877e-55,-2.0375879248876291e2,0.658127259899,a100_x+040,grid_node,supported,false
source:bto-bfo-medium:370024,bto-bfo-medium,370024,3182,arc1-current-polar-best-glide-equal-feed,54,-37.556408091427,90.185631830528,1394239055.184236,1.1952319611521581e-4,2.9225632238609814e-45,-1.7873119059539883e2,2.128159689580,a090_x+030,grid_node,supported,false
source:bto-bfo-medium:370024,bto-bfo-medium,370024,3238,arc1-current-polar-best-glide-equal-feed,55,-37.664060899957,90.055108762440,1394239049.832237,1.7652922572725010e-4,4.2009209018523619e-60,-2.1329710025956146e2,0.536928479664,a092_x+030,grid_node,supported,false
source:bto-bfo-medium:370024,bto-bfo-medium,370024,3300,arc1-current-polar-best-glide-equal-feed,56,-37.879339999005,89.592889494569,1394238870.731890,6.5680667977550651e-4,3.5123219426163143e-31,-1.4801506226619924e2,1.405382672284,a097_x+025,grid_node,supported,false
source:bto-bfo-medium:370024,bto-bfo-medium,370024,3363,arc1-current-polar-best-glide-equal-feed,57,-37.982746711037,89.577201931576,1394238978.657689,5.4475108861768405e-4,7.1745639330552055e-50,-1.9086285363398414e2,1.104833732645,a098_x+030,grid_node,supported,false
source:bto-bfo-medium:370024,bto-bfo-medium,370024,3420,arc1-current-polar-best-glide-equal-feed,58,-38.635050714501,88.299006867978,1394238930.222637,4.2010000734923777e-4,8.2489145693924272e-128,-3.7006511507055950e2,2.153256484721,a112_x+025,grid_node,supported,false
source:bto-bfo-medium:370024,bto-bfo-medium,370024,3480,arc1-current-polar-best-glide-equal-feed,59,-38.671097831689,88.181519440722,1394238986.542692,1.4089839978820808e-4,2.3737725142492045e-172,-4.7153200658496309e2,1.433131620910,a113_x+025,grid_node,supported,false
source:bto-bfo-medium:370024,bto-bfo-medium,370024,3541,arc1-current-polar-best-glide-equal-feed,60,-37.757682764293,90.105732214529,1394239099.760544,3.5533300666233767e-4,1.0354672164524368e-67,-2.3151521588159665e2,1.746323269436,a092_x+035,grid_node,supported,false
source:bto-bfo-medium:370024,bto-bfo-medium,370024,3603,arc1-current-polar-best-glide-equal-feed,61,-38.511960208463,88.424390579698,1394238961.108855,1.4748315866691282e-4,5.2089120938091674e-96,-2.9579532389136460e2,1.456650291024,a110_x+025,grid_node,supported,false
source:bto-bfo-medium:370024,bto-bfo-medium,370024,3664,arc1-current-polar-best-glide-equal-feed,62,-38.249852217179,88.368080280239,1394238721.721488,8.7079900091912649e-5,3.0684973257906757e-119,-3.4875707617999723e2,0.372235221703,a109_x+010,grid_node,supported,false
source:bto-bfo-medium:370024,bto-bfo-medium,370024,3731,arc1-current-polar-best-glide-equal-feed,63,-37.839616404460,89.384216379399,1394238914.582123,5.3126159363431257e-5,2.9374348027756936e-30,-1.4337649755171202e2,2.131400237804,a098_x+020,grid_node,supported,false
source:bto-bfo-medium:370024,bto-bfo-medium,370024,3800,arc1-current-polar-best-glide-equal-feed,64,-38.445304827648,88.548270474162,1394238843.815094,6.1060142145293386e-4,1.2442467280822743e-103,-3.1476599067351987e2,0.769075815146,a109_x+025,grid_node,supported,false
source:bto-bfo-medium:370024,bto-bfo-medium,370024,3857,arc1-current-polar-best-glide-equal-feed,65,-37.695945813535,89.397218811210,1394238763.827129,8.8107954306417284e-5,6.5198874174794266e-10,-9.7033368633518478e1,2.187650602653,a097_x+010,grid_node,supported,false
source:bto-bfo-medium:370024,bto-bfo-medium,370024,3913,arc1-current-polar-best-glide-equal-feed,66,-38.005958334019,89.944617008116,1394239165.489931,5.6457531955505494e-4,1.1327595101449303e-92,-2.8945305765300662e2,2.677551188795,a095_x+045,grid_node,supported,false
source:bto-bfo-medium:370024,bto-bfo-medium,370024,3972,arc1-current-polar-best-glide-equal-feed,67,-38.168864843879,88.934932956488,1394238895.589461,1.9187431674031971e-4,2.2732106369225979e-38,-1.6333769287744056e2,1.766337897146,a104_x+020,grid_node,supported,false
source:bto-bfo-medium:370024,bto-bfo-medium,370024,4034,arc1-current-polar-best-glide-equal-feed,68,-38.180438377467,89.411188927520,1394239076.630787,4.6156350233791298e-4,2.6742845366967595e-57,-2.0780210005934345e2,2.483231175929,a101_x+035,grid_node,supported,false
source:bto-bfo-medium:370024,bto-bfo-medium,370024,4089,arc1-current-polar-best-glide-equal-feed,69,-38.041910427225,89.835323201503,1394239128.391473,6.6196039441638493e-4,2.4449522964146151e-105,-3.1877642687528567e2,1.997654814511,a096_x+040,grid_node,supported,false
source:bto-bfo-medium:370024,bto-bfo-medium,370024,4147,arc1-current-polar-best-glide-equal-feed,70,-37.819986426753,89.779316031966,1394239028.323951,2.0882310469534188e-4,1.5296448956166202e-75,-2.4901414586101004e2,1.327531295996,a095_x+030,grid_node,supported,false
source:bto-bfo-medium:370024,bto-bfo-medium,370024,4201,arc1-current-polar-best-glide-equal-feed,71,-38.068111096436,89.991285255575,1394239163.470881,8.9405403781404294e-4,1.7938230362522042e-92,-2.8945305765300662e2,2.474596733988,a095_x+045,grid_node,supported,false
source:bto-bfo-medium:370024,bto-bfo-medium,370024,4257,arc1-current-polar-best-glide-equal-feed,72,-37.800428269440,89.627980750801,1394238962.699584,1.2511493330857144e-4,9.6635219207864253e-23,-1.2692414374632884e2,1.600320666192,a096_x+025,grid_node,supported,false
source:bto-bfo-medium:370024,bto-bfo-medium,370024,4309,arc1-current-polar-best-glide-equal-feed,73,-37.913890082083,89.748979606995,1394239036.097318,4.2133557334825055e-4,1.1016110947379272e-78,-2.5695210511219045e2,2.475923273408,a096_x+035,grid_node,supported,false
source:bto-bfo-medium:370024,bto-bfo-medium,370024,4365,arc1-current-polar-best-glide-equal-feed,74,-38.537265982201,88.691117906884,1394239006.879033,5.7755114477685190e-4,1.5060874451517046e-87,-2.7767799689513566e2,3.175494857758,a108_x+035,grid_node,supported,false
source:bto-bfo-medium:370024,bto-bfo-medium,370024,4429,arc1-current-polar-best-glide-equal-feed,75,-38.812229622501,88.100691449306,1394238971.674845,5.2102766759625277e-4,2.7927292208176042e-187,-5.0721600819797868e2,0.892090648955,a115_x+030,grid_node,supported,false
source:bto-bfo-medium:370024,bto-bfo-medium,370024,4487,arc1-current-polar-best-glide-equal-feed,76,-37.802437101757,90.004464865258,1394239076.621022,4.0073734553724679e-4,5.6108666319283394e-74,-2.4606370990414865e2,2.085211403382,a093_x+035,grid_node,supported,false
source:bto-bfo-medium:370024,bto-bfo-medium,370024,4541,arc1-current-polar-best-glide-equal-feed,77,-38.137317751698,89.118416617445,1394238936.263179,2.7333348844692798e-4,1.8820805274831592e-42,-1.7309070069232942e2,1.994658464854,a102_x+025,grid_node,supported,false
source:bto-bfo-medium:370024,bto-bfo-medium,370024,4595,arc1-current-polar-best-glide-equal-feed,78,-38.413974346092,88.878926540114,1394238996.965717,5.4855140870460725e-4,1.1838689338931056e-56,-2.0648707037236599e2,2.315809329126,a106_x+030,grid_node,supported,false
source:bto-bfo-medium:370024,bto-bfo-medium,370024,4650,arc1-current-polar-best-glide-equal-feed,79,-38.177655834884,89.135291632197,1394238997.338548,2.2758739455901156e-4,4.8212330917504419e-52,-1.9499274142471037e2,3.200650385353,a103_x+030,grid_node,supported,false
source:bto-bfo-medium:370024,bto-bfo-medium,370024,4707,arc1-current-polar-best-glide-equal-feed,80,-38.247167162179,88.741176086230,1394238940.981045,5.3406988627079002e-5,1.5866333844971901e-46,-1.8083905348109414e2,0.385013324774,a106_x+020,grid_node,supported,false
source:bto-bfo-medium:370024,bto-bfo-medium,370024,4772,arc1-current-polar-best-glide-equal-feed,81,-38.705412940661,88.123196921127,1394238935.661126,3.0241427800067026e-4,3.9809096713973837e-150,-4.2112186345007211e2,0.887993608124,a114_x+025,grid_node,supported,false
source:bto-bfo-medium:370024,bto-bfo-medium,370024,4837,arc1-current-polar-best-glide-equal-feed,82,-38.595391943724,88.422670481469,1394238888.861662,7.2778524901339432e-4,5.0174286365089303e-141,-4.0104539854654831e2,1.674571221758,a111_x+030,grid_node,supported,false
source:bto-bfo-medium:370024,bto-bfo-medium,370024,4906,arc1-current-polar-best-glide-equal-feed,83,-37.669586599261,89.242485627340,1394238669.920851,6.4589863027291763e-5,2.0990708934880910e-17,-1.1397432124113355e2,1.548482899613,a098_x+005,grid_node,supported,false
source:bto-bfo-medium:370024,bto-bfo-medium,370024,4965,arc1-current-polar-best-glide-equal-feed,84,-37.761297339126,89.917974180892,1394239062.339060,1.7311315164738003e-4,6.3784412536429387e-83,-2.6581939640106884e2,1.483871367791,a094_x+030,grid_node,supported,false
source:bto-bfo-medium:370024,bto-bfo-medium,370024,5019,arc1-current-polar-best-glide-equal-feed,85,-38.263748477607,89.406562384138,1394239065.344903,8.3131019473190034e-4,1.8096087080844326e-37,-1.6272935280231178e2,0.874108715083,a101_x+040,grid_node,supported,false
source:bto-bfo-medium:370024,bto-bfo-medium,370024,5074,arc1-current-polar-best-glide-equal-feed,86,-38.362452223957,88.616468052328,1394238920.652134,1.5422773121133427e-4,8.1933108452176671e-60,-2.1249402978906156e2,2.470322294663,a108_x+020,grid_node,supported,false
source:bto-bfo-medium:370024,bto-bfo-medium,370024,5131,arc1-current-polar-best-glide-equal-feed,87,-37.909181609077,89.475925277690,1394239015.115729,6.3934397180083122e-5,3.2904024072632929e-43,-1.7338181863878640e2,0.763645854536,a098_x+025,grid_node,supported,false
source:bto-bfo-medium:370024,bto-bfo-medium,370024,5185,arc1-current-polar-best-glide-equal-feed,88,-37.768922346992,90.026792772717,1394239039.657026,5.0849059081015135e-4,7.1195582852436199e-74,-2.4606370990414865e2,1.392237506829,a093_x+035,grid_node,supported,false
source:bto-bfo-medium:370024,bto-bfo-medium,370024,5241,arc1-current-polar-best-glide-equal-feed,89,-38.707035247987,87.663996342567,1394238744.082009,1.8552610632490346e-4,7.0370339034414045e-194,-5.2137732888303640e2,2.621188105445,a117_x+015,grid_node,supported,false
source:bto-bfo-medium:370024,bto-bfo-medium,370024,5298,arc1-current-polar-best-glide-equal-feed,90,-38.200291136434,89.167574663380,1394238995.510014,3.6497438174830848e-4,8.1888218410509336e-49,-1.8802753868266777e2,2.301543692119,a102_x+030,grid_node,supported,false
source:bto-bfo-medium:370024,bto-bfo-medium,370024,5358,arc1-current-polar-best-glide-equal-feed,91,-38.132002061293,89.182067081237,1394239007.792588,1.5481161454185786e-4,1.0659796090592575e-42,-1.7309070069232942e2,1.951585138120,a102_x+025,grid_node,supported,false
source:bto-bfo-medium:370024,bto-bfo-medium,370024,5420,arc1-current-polar-best-glide-equal-feed,92,-37.682760095281,90.410774718559,1394239138.302881,6.0718439010991766e-4,2.9675598416427485e-42,-1.7343347840653593e2,2.501348522544,a089_x+040,grid_node,supported,false
source:bto-bfo-medium:370024,bto-bfo-medium,370024,5476,arc1-current-polar-best-glide-equal-feed,93,-37.488643391504,90.107644702984,1394238972.136664,8.6761153844519323e-5,4.6147336398682449e-39,-1.6413853545778548e2,2.792479724056,a090_x+025,grid_node,supported,false
source:bto-bfo-medium:370024,bto-bfo-medium,370024,5537,arc1-current-polar-best-glide-equal-feed,94,-38.157029848234,89.184089435581,1394238940.849587,4.7865275184777071e-4,1.0739389679446441e-48,-1.8802753868266777e2,1.885029731058,a102_x+030,grid_node,supported,false
source:bto-bfo-medium:370024,bto-bfo-medium,370024,5598,arc1-current-polar-best-glide-equal-feed,95,-38.397563933457,88.239227968090,1394238670.721339,4.4057716728265143e-4,3.2431604825235286e-152,-4.2630828343032027e2,1.265643578256,a111_x+015,grid_node,supported,false
source:bto-bfo-medium:370024,bto-bfo-medium,370024,5667,arc1-current-polar-best-glide-equal-feed,96,-38.224724740751,89.461367781439,1394239114.664200,5.4906428737423155e-4,1.8137837911780608e-55,-2.0375879248876291e2,2.661698396458,a100_x+040,grid_node,supported,false
source:bto-bfo-medium:370024,bto-bfo-medium,370024,5728,arc1-current-polar-best-glide-equal-feed,97,-37.397145174081,89.674743772413,1394238680.343246,4.6579259845934153e-5,1.9498943169143663e-3,-8.1484947474701841e1,0.775959563791,a093_x+005,grid_node,supported,false
source:bto-bfo-medium:370024,bto-bfo-medium,370024,5790,arc1-current-polar-best-glide-equal-feed,98,-38.452291753728,88.577054501304,1394238998.596874,1.1757448241122605e-4,2.3958618487659747e-104,-3.1476599067351987e2,1.555219310535,a109_x+025,grid_node,supported,false
source:bto-bfo-medium:370024,bto-bfo-medium,370024,5850,arc1-current-polar-best-glide-equal-feed,99,-38.530686048094,88.826805288326,1394239105.033368,3.5096431882178066e-4,7.4212241237275812e-74,-2.4565144942026046e2,2.454606785457,a107_x+035,grid_node,supported,false
source:bto-bfo-medium:370024,bto-bfo-medium,370024,5908,arc1-current-polar-best-glide-equal-feed,100,-37.562676443030,90.104895790965,1394238998.117367,1.6077853156959030e-4,1.0350077857757567e-51,-1.9388127062720761e2,1.250704870942,a091_x+025,grid_node,supported,false
source:bto-bfo-medium:370024,bto-bfo-medium,370024,5968,arc1-current-polar-best-glide-equal-feed,101,-38.119902881729,89.384488996866,1394239034.616163,3.7529586451094145e-4,3.4205394017769431e-37,-1.6129737686524533e2,2.603377561803,a100_x+030,grid_node,supported,false
source:bto-bfo-medium:370024,bto-bfo-medium,370024,6028,arc1-current-polar-best-glide-equal-feed,102,-38.417782259215,88.964106724124,1394239080.584837,3.4273134449405664e-4,5.9894552710406682e-60,-2.1360586399543325e2,2.225775793817,a106_x+035,grid_node,supported,false
source:bto-bfo-medium:370024,bto-bfo-medium,370024,6086,arc1-current-polar-best-glide-equal-feed,103,-37.934996729676,89.776125108040,1394239041.035998,5.4190457575482593e-4,1.4168471183118486e-78,-2.5695210511219045e2,0.673059464499,a096_x+035,grid_node,supported,false
source:bto-bfo-medium:370024,bto-bfo-medium,370024,6149,arc1-current-polar-best-glide-equal-feed,104,-37.939267611368,89.861401071281,1394239020.863964,8.4574073332090952e-4,1.0480012501792933e-80,-2.6230394750754471e2,2.756951205261,a095_x+035,grid_node,supported,false
source:bto-bfo-medium:370024,bto-bfo-medium,370024,6207,arc1-current-polar-best-glide-equal-feed,105,-37.742476918347,90.367868789064,1394239151.084938,6.6506538628212548e-4,4.9240144601625086e-69,-2.3518794462865662e2,2.694335765461,a090_x+040,grid_node,supported,false
source:bto-bfo-medium:370024,bto-bfo-medium,370024,6258,arc1-current-polar-best-glide-equal-feed,106,-37.877443268696,89.955013057498,1394239099.361310,4.5288717392775779e-4,7.8260236695215529e-55,-2.0210418059269742e2,2.141399346217,a094_x+035,grid_node,supported,false
source:bto-bfo-medium:370024,bto-bfo-medium,370024,6318,arc1-current-polar-best-glide-equal-feed,107,-38.569633550823,88.603558910268,1394239017.739638,4.3704331163021010e-4,4.3244576890799772e-112,-3.3390908797008245e2,2.628907247108,a109_x+030,grid_node,supported,false
source:bto-bfo-medium:370024,bto-bfo-medium,370024,6373,arc1-current-polar-best-glide-equal-feed,108,-37.838579722521,89.670707820567,1394239010.022661,1.4368013937084931e-4,1.1097445681943428e-22,-1.2692414374632884e2,1.777816403547,a096_x+025,grid_node,supported,false
source:bto-bfo-medium:370024,bto-bfo-medium,370024,6427,arc1-current-polar-best-glide-equal-feed,109,-37.690780526980,90.115401800291,1394239081.247501,2.4492678789369925e-4,7.1373515699295982e-68,-2.3151521588159665e2,2.725223422328,a092_x+035,grid_node,supported,false
source:bto-bfo-medium:370024,bto-bfo-medium,370024,6489,arc1-current-polar-best-glide-equal-feed,110,-37.959498529282,89.404090008473,1394238954.919193,1.9248235006148309e-4,3.6731600149888846e-44,-1.7667650821817557e2,0.205462913567,a099_x+025,grid_node,supported,false
source:bto-bfo-medium:370024,bto-bfo-medium,370024,6547,arc1-current-polar-best-glide-equal-feed,111,-38.710255335331,88.093023114365,1394238938.825294,2.5356283142903958e-4,3.3378408407704408e-150,-4.2112186345007211e2,1.053725924868,a114_x+025,grid_node,supported,false
source:bto-bfo-medium:370024,bto-bfo-medium,370024,6609,arc1-current-polar-best-glide-equal-feed,112,-37.743451028371,89.978779651406,1394239000.218172,4.7340821545256468e-4,7.0906048979455035e-69,-2.3448337080969756e2,1.305265755941,a093_x+030,grid_node,supported,false
source:bto-bfo-medium:370024,bto-bfo-medium,370024,6667,arc1-current-polar-best-glide-equal-feed,113,-37.747193403116,89.922360920851,1394239022.170453,2.7071427307607171e-4,9.9746037254038254e-83,-2.6581939640106884e2,2.215026802837,a094_x+030,grid_node,supported,false
source:bto-bfo-medium:370024,bto-bfo-medium,370024,6721,arc1-current-polar-best-glide-equal-feed,114,-37.700786155746,89.939720589855,1394239014.628269,1.9750312033252733e-4,2.9581586180344785e-69,-2.3448337080969756e2,2.293377320753,a093_x+030,grid_node,supported,false
source:bto-bfo-medium:370024,bto-bfo-medium,370024,6782,arc1-current-polar-best-glide-equal-feed,115,-38.284319404106,89.206041312693,1394239087.046985,3.3496817637955532e-4,4.7573622244578875e-55,-2.0230033428198271e2,1.255896876468,a103_x+035,grid_node,supported,false
source:bto-bfo-medium:370024,bto-bfo-medium,370024,6839,arc1-current-polar-best-glide-equal-feed,116,-38.369067275590,88.985059830371,1394239054.881991,3.3132496168414299e-4,4.6567686951786427e-50,-1.9079784450225770e2,2.117145856367,a105_x+035,grid_node,supported,false
source:bto-bfo-medium:370024,bto-bfo-medium,370024,6897,arc1-current-polar-best-glide-equal-feed,117,-38.105023524873,89.614221377199,1394239087.938698,5.8791145900531909e-4,2.8175888429809909e-89,-2.8167458013011202e2,3.184335953742,a098_x+040,grid_node,supported,false
source:bto-bfo-medium:370024,bto-bfo-medium,370024,6955,arc1-current-polar-best-glide-equal-feed,118,-37.845088497700,89.644238524761,1394239001.643642,1.4928686336757895e-4,1.1530493111322318e-22,-1.2692414374632884e2,2.202574112366,a096_x+025,grid_node,supported,false
source:bto-bfo-medium:370024,bto-bfo-medium,370024,7011,arc1-current-polar-best-glide-equal-feed,119,-38.681178479487,87.533719436011,1394238711.272887,6.9371959698246433e-5,7.6986189254509480e-171,-4.6734430469247383e2,1.770095018973,a118_x+010,grid_node,supported,false
source:bto-bfo-medium:370024,bto-bfo-medium,370024,7080,arc1-current-polar-best-glide-equal-feed,120,-38.741476636806,88.182388690948,1394238978.952072,3.7029828125119499e-4,1.8455041454346983e-176,-4.8196034471962923e2,1.573624104162,a114_x+030,grid_node,supported,false
source:bto-bfo-medium:370024,bto-bfo-medium,370024,7146,arc1-current-polar-best-glide-equal-feed,121,-38.214003222017,89.052807512052,1394238998.329185,1.9176751814430575e-4,6.5493352320724406e-41,-1.6918672105090940e2,3.112650722197,a103_x+025,grid_node,supported,false
source:bto-bfo-medium:370024,bto-bfo-medium,370024,7209,arc1-current-polar-best-glide-equal-feed,122,-38.001743520748,89.697841629462,1394239061.021248,5.1148397742095295e-4,1.4852842044770771e-85,-2.7296525502327205e2,0.527808925602,a097_x+035,grid_node,supported,false
source:bto-bfo-medium:370024,bto-bfo-medium,370024,7263,arc1-current-polar-best-glide-equal-feed,123,-38.129456924018,89.504570408960,1394239097.066024,3.7859267115511382e-4,3.9146669563442045e-73,-2.4406425440819592e2,2.596960505530,a099_x+035,grid_node,supported,false
source:bto-bfo-medium:370024,bto-bfo-medium,370024,7318,arc1-current-polar-best-glide-equal-feed,124,-38.410404581198,88.795608815941,1394238988.284871,3.8855726992513968e-4,4.9621012565297073e-49,-1.8859109283312725e2,1.049883605254,a107_x+030,grid_node,supported,false
source:bto-bfo-medium:370024,bto-bfo-medium,370024,7379,arc1-current-polar-best-glide-equal-feed,125,-38.281241155187,89.276938755141,1394239091.842956,4.6163070911335564e-4,9.6014683751462718e-53,-1.9731367112268248e2,1.980223386869,a102_x+035,grid_node,supported,false
source:bto-bfo-medium:370024,bto-bfo-medium,370024,7437,arc1-current-polar-best-glide-equal-feed,126,-37.835515443502,89.893100283887,1394239039.596120,4.4592269552044345e-4,7.7056754326994767e-55,-2.0210418059269742e2,2.989433547939,a094_x+035,grid_node,supported,false
source:bto-bfo-medium:370024,bto-bfo-medium,370024,7494,arc1-current-polar-best-glide-equal-feed,127,-37.976294020735,89.977833947827,1394239142.832728,6.5868192434087483e-4,2.7426927761027276e-77,-2.5418416470759121e2,2.387129140442,a095_x+040,grid_node,supported,false
source:bto-bfo-medium:370024,bto-bfo-medium,370024,7548,arc1-current-polar-best-glide-equal-feed,128,-38.434240219029,88.967108694562,1394239089.113372,3.8011016895854422e-4,6.6426747702510632e-60,-2.1360586399543325e2,1.820779804121,a106_x+035,grid_node,supported,false
source:bto-bfo-medium:370024,bto-bfo-medium,370024,7603,arc1-current-polar-best-glide-equal-feed,129,-37.811649611610,89.937431374474,1394239076.641396,2.9280384176478923e-4,5.0597365703794746e-55,-2.0210418059269742e2,2.004730423947,a094_x+035,grid_node,supported,false
source:bto-bfo-medium:370024,bto-bfo-medium,370024,7660,arc1-current-polar-best-glide-equal-feed,130,-37.917407759449,89.958784300594,1394239134.353422,4.1726325268493566e-4,1.7374469627617246e-77,-2.5418416470759121e2,2.880711023986,a095_x+040,grid_node,supported,false
source:bto-bfo-medium:370024,bto-bfo-medium,370024,7718,arc1-current-polar-best-glide-equal-feed,131,-37.762068470667,89.009010185859,1394238688.942286,1.9249247283146947e-5,2.0310441515956959e-24,-1.2891477616444124e2,2.198681375714,a101_x+005,grid_node,supported,false
source:bto-bfo-medium:370024,bto-bfo-medium,370024,7779,arc1-current-polar-best-glide-equal-feed,132,-38.199410618490,89.091736299822,1394238953.825548,3.7221941029883058e-4,7.8851315197038830e-52,-1.9499274142471037e2,2.390620319261,a103_x+030,grid_node,supported,false
source:bto-bfo-medium:370024,bto-bfo-medium,370024,7840,arc1-current-polar-best-glide-equal-feed,133,-37.899819363422,89.787996232999,1394238974.897615,7.4256606637330090e-4,1.9414905102649947e-78,-2.5695210511219045e2,2.632376670392,a096_x+035,grid_node,supported,false
source:bto-bfo-medium:370024,bto-bfo-medium,370024,7897,arc1-current-polar-best-glide-equal-feed,134,-37.805065013047,89.967674712749,1394239097.991438,2.3895967381681901e-4,4.1292934995988116e-55,-2.0210418059269742e2,2.277059831580,a094_x+035,grid_node,supported,false
source:bto-bfo-medium:370024,bto-bfo-medium,370024,7958,arc1-current-polar-best-glide-equal-feed,135,-38.375227587785,88.957057439570,1394239042.133912,3.4209384824462902e-4,2.1996845936395024e-61,-2.1690827379456579e2,2.864591508079,a105_x+030,grid_node,supported,false
source:bto-bfo-medium:370024,bto-bfo-medium,370024,8026,arc1-current-polar-best-glide-equal-feed,136,-38.673567027973,88.131878402737,1394238931.603169,2.2884828861962340e-4,3.0125044739011167e-150,-4.2112186345007211e2,1.804487331828,a114_x+025,grid_node,supported,false
source:bto-bfo-medium:370024,bto-bfo-medium,370024,8079,arc1-current-polar-best-glide-equal-feed,137,-38.377131461935,89.131522156528,1394239064.344538,6.5584073819606079e-4,3.9954186561240823e-52,-1.9623900644526350e2,2.353027412307,a104_x+035,grid_node,supported,false
source:bto-bfo-medium:370024,bto-bfo-medium,370024,8138,arc1-current-polar-best-glide-equal-feed,138,-37.549700978028,89.547306965968,1394238688.912423,1.3179751576678330e-4,7.6625297797442452e-11,-9.9577172604633631e1,0.730170918424,a095_x+010,grid_node,supported,false
source:bto-bfo-medium:370024,bto-bfo-medium,370024,8195,arc1-current-polar-best-glide-equal-feed,139,-37.985781403533,89.318297609331,1394238966.593972,1.1469404804486984e-4,7.0181127028614387e-72,-2.3998371248671029e2,1.490049865321,a100_x+025,grid_node,supported,false
source:bto-bfo-medium:370024,bto-bfo-medium,370024,8257,arc1-current-polar-best-glide-equal-feed,140,-38.427320092810,88.536378890197,1394238899.232857,2.7322688935987411e-4,5.5676526645019769e-104,-3.1476599067351987e2,1.872439737658,a109_x+025,grid_node,supported,false
source:bto-bfo-medium:370024,bto-bfo-medium,370024,8319,arc1-current-polar-best-glide-equal-feed,141,-38.558835278783,88.917460121814,1394239101.368771,6.8993980613013290e-4,2.2976082761488999e-89,-2.8203862092681055e2,0.483039259128,a107_x+040,grid_node,supported,false
source:bto-bfo-medium:370024,bto-bfo-medium,370024,8380,arc1-current-polar-best-glide-equal-feed,142,-38.053223938110,89.719340054031,1394239117.987919,4.6470247499249737e-4,3.7344230848288103e-86,-2.7424993401080098e2,2.186782491805,a097_x+040,grid_node,supported,false
source:bto-bfo-medium:370024,bto-bfo-medium,370024,8433,arc1-current-polar-best-glide-equal-feed,143,-38.376386109081,89.296400411799,1394239116.813532,7.5596093749865213e-4,7.1680080669087134e-68,-2.3263796022338332e2,2.406515007151,a103_x+040,grid_node,supported,false
source:bto-bfo-medium:370024,bto-bfo-medium,370024,8484,arc1-current-polar-best-glide-equal-feed,144,-37.983541097280,89.960935993398,1394239136.660626,6.7842128987118328e-4,2.8248857333469235e-77,-2.5418416470759121e2,1.965366745091,a095_x+040,grid_node,supported,false
source:bto-bfo-medium:370024,bto-bfo-medium,370024,8538,arc1-current-polar-best-glide-equal-feed,145,-37.759694123350,89.965921192867,1394239042.950178,3.1340919463648879e-4,4.6941744946825475e-69,-2.3448337080969756e2,2.376282359325,a093_x+030,grid_node,supported,false
source:bto-bfo-medium:370024,bto-bfo-medium,370024,8594,arc1-current-polar-best-glide-equal-feed,146,-38.639696070496,88.626144224588,1394239027.054635,7.4940419261324334e-4,1.6475908921738412e-107,-3.2390038127170106e2,2.385267093560,a110_x+035,grid_node,supported,false
source:bto-bfo-medium:370024,bto-bfo-medium,370024,8649,arc1-current-polar-best-glide-equal-feed,147,-38.238609862985,89.277884799335,1394239036.667251,5.8984608443923522e-4,1.2268223092923419e-52,-1.9731367112268248e2,0.666523643604,a102_x+035,grid_node,supported,false
source:bto-bfo-medium:370024,bto-bfo-medium,370024,8700,arc1-current-polar-best-glide-equal-feed,148,-38.247260516172,89.138671322184,1394239043.724442,2.7408773039828993e-4,5.8063006450752761e-52,-1.9499274142471037e2,1.239536005665,a103_x+030,grid_node,supported,false
source:bto-bfo-medium:370024,bto-bfo-medium,370024,8765,arc1-current-polar-best-glide-equal-feed,149,-37.844091236562,89.690685068399,1394238974.725379,2.9510575806891622e-4,4.7975870319328786e-40,-1.6762643641994413e2,2.478200397365,a096_x+030,grid_node,supported,false
source:bto-bfo-medium:370024,bto-bfo-medium,370024,8824,arc1-current-polar-best-glide-equal-feed,150,-37.906214935737,89.636090649799,1394239025.509929,2.1266124236093124e-4,1.1132361177209270e-57,-2.0790359158977330e2,1.248148686580,a097_x+030,grid_node,supported,false
source:bto-bfo-medium:370024,bto-bfo-medium,370024,8881,arc1-current-polar-best-glide-equal-feed,151,-37.738705176534,89.945471994233,1394239066.693667,1.4438378265735127e-4,2.1625487751947628e-69,-2.3448337080969756e2,1.934147756230,a093_x+030,grid_node,supported,false
source:bto-bfo-medium:370024,bto-bfo-medium,370024,8936,arc1-current-polar-best-glide-equal-feed,152,-38.460668205467,88.551341270823,1394238965.688540,1.8212759082194708e-4,3.7112861354708891e-104,-3.1476599067351987e2,0.354727170101,a109_x+025,grid_node,supported,false
source:bto-bfo-medium:370024,bto-bfo-medium,370024,8994,arc1-current-polar-best-glide-equal-feed,153,-38.026970697448,89.833471649425,1394239112.083768,6.8039376340361403e-4,2.5130359887565302e-105,-3.1877642687528567e2,1.223311316441,a096_x+040,grid_node,supported,false
source:bto-bfo-medium:370024,bto-bfo-medium,370024,9053,arc1-current-polar-best-glide-equal-feed,154,-37.962906885674,89.598985716660,1394239001.452475,4.1094392546933722e-4,5.4122764098771853e-50,-1.9086285363398414e2,2.238512036530,a098_x+030,grid_node,supported,false
source:bto-bfo-medium:370024,bto-bfo-medium,370024,9110,arc1-current-polar-best-glide-equal-feed,155,-37.833904643938,90.187094119847,1394239144.658628,6.0446193866603925e-4,6.0603581237869559e-78,-2.5560801905960369e2,2.020317188299,a092_x+040,grid_node,supported,false
source:bto-bfo-medium:370024,bto-bfo-medium,370024,9170,arc1-current-polar-best-glide-equal-feed,156,-38.101523353226,89.672389906192,1394239106.502100,6.0649425757212732e-4,2.9066476376534151e-89,-2.8167458013011202e2,0.660264091609,a098_x+040,grid_node,supported,false
source:bto-bfo-medium:370024,bto-bfo-medium,370024,9231,arc1-current-polar-best-glide-equal-feed,157,-38.113632312150,89.211003770210,1394238956.554285,3.0475808675574579e-4,2.0984595189381270e-42,-1.7309070069232942e2,2.976234669834,a102_x+025,grid_node,supported,false
source:bto-bfo-medium:370024,bto-bfo-medium,370024,9291,arc1-current-polar-best-glide-equal-feed,158,-37.779670662806,89.656384209240,1394238951.916553,1.3884133804297711e-4,1.0723710417369693e-22,-1.2692414374632884e2,1.848888732724,a096_x+025,grid_node,supported,false
source:bto-bfo-medium:370024,bto-bfo-medium,370024,9359,arc1-current-polar-best-glide-equal-feed,159,-37.805621774722,89.366650830115,1394238914.025639,2.3993213148411799e-5,1.7470536520748059e-21,-1.2237793921208927e2,1.715033389226,a098_x+015,grid_node,supported,false
source:bto-bfo-medium:370024,bto-bfo-medium,370024,9421,arc1-current-polar-best-glide-equal-feed,160,-38.025146719684,89.873165705480,1394239120.673178,7.1488534778904264e-4,2.6404307379914334e-105,-3.1877642687528567e2,1.482396239394,a096_x+040,grid_node,supported,false
source:bto-bfo-medium:370024,bto-bfo-medium,370024,9477,arc1-current-polar-best-glide-equal-feed,161,-38.598383762451,88.918720374937,1394239091.500538,8.7159293353763871e-4,2.9025418155845041e-89,-2.8203862092681055e2,2.372281126752,a107_x+040,grid_node,supported,false
source:bto-bfo-medium:370024,bto-bfo-medium,370024,9536,arc1-current-polar-best-glide-equal-feed,162,-38.040121710128,89.243017308338,1394238962.784460,1.4032524122380412e-4,4.8039171230406801e-44,-1.7609208731518598e2,1.352227959550,a101_x+025,grid_node,supported,false
source:bto-bfo-medium:370024,bto-bfo-medium,370024,9592,arc1-current-polar-best-glide-equal-feed,163,-38.154646998270,89.152773859250,1394238993.874197,2.0491979760197022e-4,1.4110073484001334e-42,-1.7309070069232942e2,2.474223576408,a102_x+025,grid_node,supported,false
source:bto-bfo-medium:370024,bto-bfo-medium,370024,9652,arc1-current-polar-best-glide-equal-feed,164,-38.735638220329,88.566156267073,1394239109.116152,5.5301376465578768e-4,7.6541224356981900e-129,-3.7271742750114174e2,1.644232943379,a111_x+040,grid_node,supported,false
source:bto-bfo-medium:370024,bto-bfo-medium,370024,9717,arc1-current-polar-best-glide-equal-feed,165,-37.980791611426,89.662432856273,1394239082.445529,2.6733548464754096e-4,7.7630813509612117e-86,-2.7296525502327205e2,2.009638213925,a097_x+035,grid_node,supported,false
source:bto-bfo-medium:370024,bto-bfo-medium,370024,9784,arc1-current-polar-best-glide-equal-feed,166,-38.018006492308,88.604190623163,1394238699.766150,2.2331866086032011e-5,1.3801106591867968e-44,-1.7550140703488830e2,2.485319653926,a106_x+005,grid_node,supported,false
source:bto-bfo-medium:370024,bto-bfo-medium,370024,9839,arc1-current-polar-best-glide-equal-feed,167,-37.650919181187,90.099095747850,1394239048.848582,2.2056419066975155e-4,5.2488346616118865e-60,-2.1329710025956146e2,1.989351261283,a092_x+030,grid_node,supported,false
source:bto-bfo-medium:370024,bto-bfo-medium,370024,9891,arc1-current-polar-best-glide-equal-feed,168,-37.737670171174,90.041429960197,1394239042.274940,4.0917655456440571e-4,5.7290270101855529e-74,-2.4606370990414865e2,3.000073497455,a093_x+035,grid_node,supported,false
source:bto-bfo-medium:370024,bto-bfo-medium,370024,9946,arc1-current-polar-best-glide-equal-feed,169,-37.846762174723,90.027484752283,1394239106.889738,4.6377990632162495e-4,8.0142532914842610e-55,-2.0210418059269742e2,3.419207655882,a094_x+035,grid_node,supported,false
source:bto-bfo-medium:370024,bto-bfo-medium,370024,10008,arc1-current-polar-best-glide-equal-feed,170,-38.037133854912,89.658092318950,1394239038.309764,6.8013028272059361e-4,1.9816904500447199e-81,-2.6375153865746205e2,1.922656801741,a098_x+035,grid_node,supported,false
source:bto-bfo-medium:370024,bto-bfo-medium,370024,10072,arc1-current-polar-best-glide-equal-feed,171,-37.895847407711,89.559146312287,1394238988.106929,1.7367156028482117e-4,9.2872141952830999e-32,-1.4801506226619924e2,2.272530438856,a097_x+025,grid_node,supported,false
source:bto-bfo-medium:370024,bto-bfo-medium,370024,10127,arc1-current-polar-best-glide-equal-feed,172,-38.336124925446,88.441172426287,1394238784.617757,2.1170122426127319e-4,1.4691840838563878e-76,-2.5137074782296867e2,1.226192192602,a109_x+015,grid_node,supported,false
source:bto-bfo-medium:370024,bto-bfo-medium,370024,10190,arc1-current-polar-best-glide-equal-feed,173,-39.125266010013,87.504043140894,1394238985.533907,4.2915086148202959e-4,4.5104444483426803e-215,-5.7101501980933006e2,2.474122777547,a121_x+030,grid_node,supported,false
source:bto-bfo-medium:370024,bto-bfo-medium,370024,10249,arc1-current-polar-best-glide-equal-feed,174,-37.879475016493,90.058217629025,1394239116.467771,6.1957576591574004e-4,1.6381974208124969e-86,-2.7536156848510115e2,2.533656393686,a094_x+040,grid_node,supported,false
source:bto-bfo-medium:370024,bto-bfo-medium,370024,10308,arc1-current-polar-best-glide-equal-feed,175,-38.207286702420,88.885094937807,1394238919.419559,1.5440794592647741e-4,2.7489687881086007e-42,-1.7214075814605627e2,2.750191520275,a105_x+020,grid_node,supported,false
source:bto-bfo-medium:370024,bto-bfo-medium,370024,10367,arc1-current-polar-best-glide-equal-feed,176,-37.882685473923,89.584207207886,1394238976.575043,2.1839846837863977e-4,1.1679018443939742e-31,-1.4801506226619924e2,1.403841810682,a097_x+025,grid_node,supported,false
source:bto-bfo-medium:370024,bto-bfo-medium,370024,10425,arc1-current-polar-best-glide-equal-feed,177,-37.759695352085,89.783334522421,1394239023.810877,9.8641762543577455e-5,5.7007432805767201e-37,-1.5945035859747921e2,1.918870882767,a095_x+025,grid_node,supported,false
source:bto-bfo-medium:370024,bto-bfo-medium,370024,10486,arc1-current-polar-best-glide-equal-feed,178,-38.044045056764,89.098500685626,1394238920.233005,8.3784316879194335e-5,6.9622906343353318e-38,-1.6138978283600213e2,0.593915543808,a102_x+020,grid_node,supported,false
source:bto-bfo-medium:370024,bto-bfo-medium,370024,10546,arc1-current-polar-best-glide-equal-feed,179,-38.629690415531,88.375692084993,1394238999.918246,2.7565110703088011e-4,1.9003679450456114e-141,-4.0104539854654831e2,2.507896166120,a111_x+030,grid_node,supported,false
source:bto-bfo-medium:370024,bto-bfo-medium,370024,10603,arc1-current-polar-best-glide-equal-feed,180,-37.826203918015,89.963339249000,1394239104.329578,2.6515328012092061e-4,4.5819267264314490e-55,-2.0210418059269742e2,1.003885563547,a094_x+035,grid_node,supported,false
source:bto-bfo-medium:370024,bto-bfo-medium,370024,10663,arc1-current-polar-best-glide-equal-feed,181,-38.311546201220,89.262421981848,1394239071.995125,6.5971405831394118e-4,6.2553968826673621e-68,-2.3263796022338332e2,3.301608693939,a103_x+040,grid_node,supported,false
source:bto-bfo-medium:370024,bto-bfo-medium,370024,10723,arc1-current-polar-best-glide-equal-feed,182,-38.079707343386,89.406976429990,1394239056.662309,2.0484879335048799e-4,1.8670426064377516e-37,-1.6129737686524533e2,0.917480523209,a100_x+030,grid_node,supported,false
source:bto-bfo-medium:370024,bto-bfo-medium,370024,10784,arc1-current-polar-best-glide-equal-feed,183,-38.306661071430,89.333797314665,1394239123.112109,5.2262996461982774e-4,6.7252097347201454e-56,-2.0470158778036651e2,0.560816158514,a102_x+040,grid_node,supported,false
source:bto-bfo-medium:370024,bto-bfo-medium,370024,10846,arc1-current-polar-best-glide-equal-feed,184,-38.505276863869,88.731753576041,1394239063.509986,2.6844891350204952e-4,2.1410347235763899e-65,-2.2590321444230148e2,2.475585158563,a108_x+030,grid_node,supported,false
source:bto-bfo-medium:370024,bto-bfo-medium,370024,10907,arc1-current-polar-best-glide-equal-feed,185,-38.236370085004,89.557404879830,1394239119.355673,8.0164943672015102e-4,1.7842454109993315e-68,-2.3408727413365952e2,2.580396580495,a100_x+045,grid_node,supported,false
source:bto-bfo-medium:370024,bto-bfo-medium,370024,10963,arc1-current-polar-best-glide-equal-feed,186,-37.774440454270,90.122601597014,1394239064.297512,6.4884298485231055e-4,1.8907774590109316e-67,-2.3151521588159665e2,2.388954868947,a092_x+035,grid_node,supported,false
source:bto-bfo-medium:370024,bto-bfo-medium,370024,11018,arc1-current-polar-best-glide-equal-feed,187,-37.746287005699,90.291486853314,1394239137.877734,5.6303955594311803e-4,1.8852068459712895e-66,-2.2907374047100882e2,0.810564291878,a091_x+040,grid_node,supported,false
source:bto-bfo-medium:370024,bto-bfo-medium,370024,11076,arc1-current-polar-best-glide-equal-feed,188,-38.368671289731,89.131010937706,1394239047.330785,7.1236313190533185e-4,4.3397562569506763e-52,-1.9623900644526350e2,1.962381754698,a104_x+035,grid_node,supported,false
source:bto-bfo-medium:370024,bto-bfo-medium,370024,11131,arc1-current-polar-best-glide-equal-feed,189,-37.657153853047,90.034947230931,1394239053.736839,1.3067698512720914e-4,3.1097608679264352e-60,-2.1329710025956146e2,1.572763555390,a092_x+030,grid_node,supported,false
source:bto-bfo-medium:370024,bto-bfo-medium,370024,11185,arc1-current-polar-best-glide-equal-feed,190,-37.667340989733,90.105045504718,1394239061.927887,2.3245869577694388e-4,5.5318918999596323e-60,-2.1329710025956146e2,1.941495200870,a092_x+030,grid_node,supported,false
source:bto-bfo-medium:370024,bto-bfo-medium,370024,11240,arc1-current-polar-best-glide-equal-feed,191,-37.960565983276,89.784506712716,1394239076.414385,4.8815282247108435e-4,1.2763094292949401e-78,-2.5695210511219045e2,1.018720199027,a096_x+035,grid_node,supported,false
source:bto-bfo-medium:370024,bto-bfo-medium,370024,11293,arc1-current-polar-best-glide-equal-feed,192,-38.199154184602,89.393875410518,1394239077.456981,4.8741089854713462e-4,2.8240435441704624e-57,-2.0780210005934345e2,1.491060725898,a101_x+035,grid_node,supported,false
source:bto-bfo-medium:370024,bto-bfo-medium,370024,11350,arc1-current-polar-best-glide-equal-feed,193,-37.911104351816,89.468871395531,1394238952.823712,1.7498671750455506e-4,9.0057424784080073e-43,-1.7338181863878640e2,1.096439467594,a098_x+025,grid_node,supported,false
source:bto-bfo-medium:370024,bto-bfo-medium,370024,11402,arc1-current-polar-best-glide-equal-feed,194,-38.053713244074,89.579209455210,1394239044.452164,5.2115496127521862e-4,1.5184852608258901e-81,-2.6375153865746205e2,1.945616249089,a098_x+035,grid_node,supported,false
source:bto-bfo-medium:370024,bto-bfo-medium,370024,11454,arc1-current-polar-best-glide-equal-feed,195,-37.868269865021,89.624329521939,1394239024.875886,1.1695517050878626e-4,6.2542636110345554e-32,-1.4801506226619924e2,2.357219416095,a097_x+025,grid_node,supported,false
source:bto-bfo-medium:370024,bto-bfo-medium,370024,11510,arc1-current-polar-best-glide-equal-feed,196,-38.358812062769,89.261272717157,1394239099.159178,7.0349442021574744e-4,6.6705214899294337e-68,-2.3263796022338332e2,0.762957186620,a103_x+040,grid_node,supported,false
source:bto-bfo-medium:370024,bto-bfo-medium,370024,11570,arc1-current-polar-best-glide-equal-feed,197,-37.886359474921,89.781159128304,1394239036.511316,3.8337310490054989e-4,6.2325650590429296e-40,-1.6762643641994413e2,2.847660828853,a096_x+030,grid_node,supported,false
source:bto-bfo-medium:370024,bto-bfo-medium,370024,11627,arc1-current-polar-best-glide-equal-feed,198,-38.023319699787,89.776924486207,1394239029.811876,8.9833821715044871e-4,7.2191889577621281e-86,-2.7424993401080098e2,2.281900827665,a097_x+040,grid_node,supported,false
source:bto-bfo-medium:370024,bto-bfo-medium,370024,11691,arc1-current-polar-best-glide-equal-feed,199,-37.401769654856,89.730597394907,1394238669.432222,1.0655298188899739e-4,2.4914629145855460e-16,-1.1200094577401882e2,3.411361557234,a093_x+010,grid_node,supported,false
source:bto-bfo-medium:370024,bto-bfo-medium,370024,11746,arc1-current-polar-best-glide-equal-feed,200,-37.798225179622,90.152784368843,1394239062.099392,8.1202482944082576e-4,8.1413914706999409e-78,-2.5560801905960369e2,1.915966871971,a092_x+040,grid_node,supported,false
source:bto-bfo-medium:370024,bto-bfo-medium,370024,11800,arc1-current-polar-best-glide-equal-feed,201,-38.223877980160,89.370779631747,1394239082.302835,5.0997336873533636e-4,2.9547697927328749e-57,-2.0780210005934345e2,1.710402182292,a101_x+035,grid_node,supported,false
source:bto-bfo-medium:370024,bto-bfo-medium,370024,11858,arc1-current-polar-best-glide-equal-feed,202,-37.881375777544,89.067080264968,1394238828.117642,2.0291988429968173e-5,1.3291365853928297e-21,-1.2248379555089161e2,1.463169415187,a101_x+010,grid_node,supported,false
source:bto-bfo-medium:370024,bto-bfo-medium,370024,11918,arc1-current-polar-best-glide-equal-feed,203,-38.224552119870,89.653049422515,1394239153.790740,7.8462314324997777e-4,1.1171264102071686e-74,-2.4834955272470131e2,0.395002405465,a099_x+045,grid_node,supported,false
source:bto-bfo-medium:370024,bto-bfo-medium,370024,11980,arc1-current-polar-best-glide-equal-feed,204,-38.662699815728,88.448371926556,1394238986.068650,6.2153596591157803e-4,2.9060160579586276e-110,-3.3005358291321880e2,2.561761725282,a111_x+035,grid_node,supported,false
source:bto-bfo-medium:370024,bto-bfo-medium,370024,12043,arc1-current-polar-best-glide-equal-feed,205,-37.775700351622,90.078479161320,1394239070.211293,5.1139182442306674e-4,7.1601794927540019e-74,-2.4606370990414865e2,1.776534651026,a093_x+035,grid_node,supported,false
source:bto-bfo-medium:370024,bto-bfo-medium,370024,12098,arc1-current-polar-best-glide-equal-feed,206,-38.599806943312,88.109059203331,1394238940.495106,5.4663061253296667e-5,3.1975578645926612e-155,-4.3114330224324090e2,1.616562849649,a113_x+020,grid_node,supported,false
source:bto-bfo-medium:370024,bto-bfo-medium,370024,12158,arc1-current-polar-best-glide-equal-feed,207,-38.260801904451,89.183436993130,1394239062.302240,3.2524473810378900e-4,4.6192657687139863e-55,-2.0230033428198271e2,2.218959426359,a103_x+035,grid_node,supported,false
source:bto-bfo-medium:370024,bto-bfo-medium,370024,12218,arc1-current-polar-best-glide-equal-feed,208,-37.688401467612,90.157317841409,1394239037.294966,5.2812495999392793e-4,4.6215495126378396e-70,-2.3732337138673219e2,2.545714158651,a091_x+035,grid_node,supported,false
source:bto-bfo-medium:370024,bto-bfo-medium,370024,12277,arc1-current-polar-best-glide-equal-feed,209,-37.893171805603,88.965342024626,1394238710.955444,8.3914894790071231e-5,4.6668801584608586e-29,-1.4106809203267323e2,1.091178268586,a102_x+010,grid_node,supported,false
source:bto-bfo-medium:370024,bto-bfo-medium,370024,12343,arc1-current-polar-best-glide-equal-feed,210,-38.217129561169,89.185996278467,1394239012.906267,3.9443044898780210e-4,8.8497188760888004e-49,-1.8802753868266777e2,2.438402507076,a102_x+030,grid_node,supported,false
source:bto-bfo-medium:370024,bto-bfo-medium,370024,12406,arc1-current-polar-best-glide-equal-feed,211,-38.034193004288,89.904172971000,1394239124.009022,8.0744607388762873e-4,2.8907009373454389e-95,-2.9578177309014421e2,2.581650208479,a096_x+045,grid_node,supported,false
source:bto-bfo-medium:370024,bto-bfo-medium,370024,12464,arc1-current-polar-best-glide-equal-feed,212,-37.813783605296,89.665555381149,1394238970.487228,1.7706072739595894e-4,1.3675667446357504e-22,-1.2692414374632884e2,0.361207675468,a096_x+025,grid_node,supported,false
source:bto-bfo-medium:370024,bto-bfo-medium,370024,12522,arc1-current-polar-best-glide-equal-feed,213,-38.555121983423,88.069658689826,1394238844.530073,1.0167971754792199e-4,1.5126574762949587e-166,-4.5784089725997109e2,2.550351999855,a113_x+015,grid_node,supported,false
source:bto-bfo-medium:370024,bto-bfo-medium,370024,12591,arc1-current-polar-best-glide-equal-feed,214,-37.647249629797,89.973041774371,1394238987.077647,1.9369632380286921e-4,2.3176705269390334e-52,-1.9556396582506849e2,2.761082322224,a093_x+025,grid_node,supported,false
source:bto-bfo-medium:370024,bto-bfo-medium,370024,12654,arc1-current-polar-best-glide-equal-feed,215,-37.547265216252,89.943935635463,1394238987.048639,2.9683712624993422e-5,2.4516272690356074e-24,-1.2915970073125106e2,0.686534037671,a092_x+020,grid_node,supported,false
source:bto-bfo-medium:370024,bto-bfo-medium,370024,12715,arc1-current-polar-best-glide-equal-feed,216,-38.184214877190,88.955887047598,1394238878.239209,3.3600029539479319e-4,2.9787332044701682e-45,-1.7974575510887684e2,1.910443008590,a104_x+025,grid_node,supported,false
source:bto-bfo-medium:370024,bto-bfo-medium,370024,12773,arc1-current-polar-best-glide-equal-feed,217,-38.399378270076,89.069825766900,1394239092.151861,4.4832309329407270e-4,6.3011761491359076e-50,-1.9079784450225770e2,2.572777925254,a105_x+035,grid_node,supported,false
source:bto-bfo-medium:370024,bto-bfo-medium,370024,12827,arc1-current-polar-best-glide-equal-feed,218,-37.632782904902,90.046533702015,1394239045.299040,1.1725438616208023e-4,2.7903391046603506e-60,-2.1329710025956146e2,2.348741819265,a092_x+030,grid_node,supported,false
source:bto-bfo-medium:370024,bto-bfo-medium,370024,12890,arc1-current-polar-best-glide-equal-feed,219,-37.811163194575,89.604974750614,1394238934.395514,1.8315907707953501e-4,1.4146686646779573e-22,-1.2692414374632884e2,2.576193053618,a096_x+025,grid_node,supported,false
source:bto-bfo-medium:370024,bto-bfo-medium,370024,12953,arc1-current-polar-best-glide-equal-feed,220,-38.126267967541,89.758624240206,1394239134.814611,7.6509447719309376e-4,4.0291062588840135e-72,-2.4243639343799344e2,3.092778374958,a098_x+045,grid_node,supported,false
source:bto-bfo-medium:370024,bto-bfo-medium,370024,13008,arc1-current-polar-best-glide-equal-feed,221,-37.895415746600,89.897936744396,1394239069.910541,5.4930332327409815e-4,6.8067026552979330e-81,-2.6230394750754471e2,1.387529463348,a095_x+035,grid_node,supported,false
source:bto-bfo-medium:370024,bto-bfo-medium,370024,13069,arc1-current-polar-best-glide-equal-feed,222,-37.919719151593,90.064640496306,1394239168.849490,4.9044580574564842e-4,1.2967696579180268e-86,-2.7536156848510115e2,2.272422527902,a094_x+040,grid_node,supported,false
source:bto-bfo-medium:370024,bto-bfo-medium,370024,13131,arc1-current-polar-best-glide-equal-feed,223,-38.625748672814,88.014041742814,1394238853.515464,1.6162267777389570e-4,2.0369494551734261e-152,-4.2577055727652146e2,1.555177626471,a114_x+020,grid_node,supported,false
source:bto-bfo-medium:370024,bto-bfo-medium,370024,13188,arc1-current-polar-best-glide-equal-feed,224,-37.850844346333,89.794912235080,1394239071.559996,1.7075767431521158e-4,1.2508127646348790e-75,-2.4901414586101004e2,1.517498138715,a095_x+030,grid_node,supported,false
source:bto-bfo-medium:370024,bto-bfo-medium,370024,13239,arc1-current-polar-best-glide-equal-feed,225,-38.059383892666,89.502225182980,1394239070.455468,2.5774270231919492e-4,9.4060826970851226e-72,-2.4050054392561012e2,2.439735906800,a099_x+030,grid_node,supported,false
source:bto-bfo-medium:370024,bto-bfo-medium,370024,13292,arc1-current-polar-best-glide-equal-feed,226,-37.616321449622,90.159049598874,1394239040.851887,2.6002629548330753e-4,1.3287624678623220e-49,-1.8950701628129951e2,0.618474681614,a091_x+030,grid_node,supported,false
source:bto-bfo-medium:370024,bto-bfo-medium,370024,13351,arc1-current-polar-best-glide-equal-feed,227,-38.361117621762,89.200737749313,1394239124.221493,4.2723289075446719e-4,4.0510146165883327e-68,-2.3263796022338332e2,2.205628720300,a103_x+040,grid_node,supported,false
source:bto-bfo-medium:370024,bto-bfo-medium,370024,13400,arc1-current-polar-best-glide-equal-feed,228,-37.757057353404,90.056531515867,1394239080.504306,3.3878504087974894e-4,4.7434502984000708e-74,-2.4606370990414865e2,1.924382165726,a093_x+035,grid_node,supported,false
source:bto-bfo-medium:370024,bto-bfo-medium,370024,13455,arc1-current-polar-best-glide-equal-feed,229,-38.326276683914,89.314023437877,1394239056.412031,8.7934622570656621e-4,1.1315439599053509e-55,-2.0470158778036651e2,1.098793361321,a102_x+040,grid_node,supported,false
source:bto-bfo-medium:370024,bto-bfo-medium,370024,13514,arc1-current-polar-best-glide-equal-feed,230,-37.748478847075,90.018705919241,1394239089.496352,2.0578257913974926e-4,3.0821665445016888e-69,-2.3448337080969756e2,2.437110896975,a093_x+030,grid_node,supported,false
source:bto-bfo-medium:370024,bto-bfo-medium,370024,13566,arc1-current-polar-best-glide-equal-feed,231,-38.207250642779,89.497043156415,1394239081.772083,7.4287019579664687e-4,2.4540039319054324e-55,-2.0375879248876291e2,0.835345620589,a100_x+040,grid_node,supported,false
source:bto-bfo-medium:370024,bto-bfo-medium,370024,13623,arc1-current-polar-best-glide-equal-feed,232,-37.917797077024,89.181077803318,1394238886.243358,4.2681313712356609e-5,7.3668857618376123e-16,-1.1000193962953652e2,2.581546285134,a100_x+015,grid_node,supported,false
source:bto-bfo-medium:370024,bto-bfo-medium,370024,13682,arc1-current-polar-best-glide-equal-feed,233,-38.411500998486,88.674748618650,1394238996.198917,1.4649645688750895e-4,1.1768188280192320e-59,-2.1208051883622826e2,1.897212893346,a108_x+025,grid_node,supported,false
source:bto-bfo-medium:370024,bto-bfo-medium,370024,13733,arc1-current-polar-best-glide-equal-feed,234,-37.962147992751,89.698533046545,1394239016.784277,5.8525915191262796e-4,1.6995178974023978e-85,-2.7296525502327205e2,1.888494140626,a097_x+035,grid_node,supported,false
source:bto-bfo-medium:370024,bto-bfo-medium,370024,13793,arc1-current-polar-best-glide-equal-feed,235,-38.159864624431,89.408998748134,1394239081.073673,3.6538748371915339e-4,4.4327619025609325e-64,-2.2318119349323791e2,2.230804958452,a100_x+035,grid_node,supported,false
source:bto-bfo-medium:370024,bto-bfo-medium,370024,13851,arc1-current-polar-best-glide-equal-feed,236,-38.350262896443,88.739498929519,1394238924.033744,3.0578696894032977e-4,5.4839697684527784e-60,-2.1357997700620948e2,0.961315320468,a107_x+025,grid_node,supported,false
source:bto-bfo-medium:370024,bto-bfo-medium,370024,13909,arc1-current-polar-best-glide-equal-feed,237,-38.181465086292,89.529338398137,1394239087.718671,6.9792209712233016e-4,2.3055219878154216e-55,-2.0375879248876291e2,1.836299644513,a100_x+040,grid_node,supported,false
source:bto-bfo-medium:370024,bto-bfo-medium,370024,13964,arc1-current-polar-best-glide-equal-feed,238,-38.415225254965,89.182479279696,1394239105.407511,7.1494304569368170e-4,8.5234082933231884e-55,-2.0247537869854168e2,0.953399149462,a104_x+040,grid_node,supported,false
source:bto-bfo-medium:370024,bto-bfo-medium,370024,14027,arc1-current-polar-best-glide-equal-feed,239,-37.689941797855,90.149282294979,1394239126.851846,1.4244522029322666e-4,4.1509612951364244e-68,-2.3151521588159665e2,2.873791391645,a092_x+035,grid_node,supported,false
source:bto-bfo-medium:370024,bto-bfo-medium,370024,14088,arc1-current-polar-best-glide-equal-feed,240,-38.046879036135,89.484739144850,1394239001.932614,4.6596655284039597e-4,1.7005020474505665e-71,-2.4050054392561012e2,1.361965076963,a099_x+030,grid_node,supported,false
source:bto-bfo-medium:370024,bto-bfo-medium,370024,14142,arc1-current-polar-best-glide-equal-feed,241,-38.033841248107,89.715794430019,1394239099.279141,4.8708923043142585e-4,1.4144449720177077e-85,-2.7296525502327205e2,2.511868306920,a097_x+035,grid_node,supported,false
source:bto-bfo-medium:370024,bto-bfo-medium,370024,14198,arc1-current-polar-best-glide-equal-feed,242,-38.000960688978,89.579105420949,1394239057.137157,2.6749028669401955e-4,3.5229414010485458e-50,-1.9086285363398414e2,1.841774381180,a098_x+030,grid_node,supported,false
source:bto-bfo-medium:370024,bto-bfo-medium,370024,14253,arc1-current-polar-best-glide-equal-feed,243,-38.052435219609,89.301047707989,1394238982.838613,1.9912335155648975e-4,1.2184329935308992e-71,-2.3998371248671029e2,2.778398295657,a100_x+025,grid_node,supported,false
source:bto-bfo-medium:370024,bto-bfo-medium,370024,14313,arc1-current-polar-best-glide-equal-feed,244,-37.867340415127,89.559411897129,1394238979.130785,1.3819202056631672e-4,7.3899197598822310e-32,-1.4801506226619924e2,0.877290237930,a097_x+025,grid_node,supported,false
source:bto-bfo-medium:370024,bto-bfo-medium,370024,14379,arc1-current-polar-best-glide-equal-feed,245,-37.787647158237,89.441712818504,1394238865.560468,9.3814104737703895e-5,1.1336785888482721e-20,-1.2187136133714279e2,3.382533734588,a097_x+020,grid_node,supported,false
source:bto-bfo-medium:370024,bto-bfo-medium,370024,14436,arc1-current-polar-best-glide-equal-feed,246,-38.007809241211,89.674535214636,1394239097.666092,3.1106361472663270e-4,9.0328904508530316e-86,-2.7296525502327205e2,1.546700806791,a097_x+035,grid_node,supported,false
source:bto-bfo-medium:370024,bto-bfo-medium,370024,14487,arc1-current-polar-best-glide-equal-feed,247,-37.861622751621,89.865660989471,1394239062.764899,3.6834787932690051e-4,4.5643898044224297e-81,-2.6230394750754471e2,1.932318995458,a095_x+035,grid_node,supported,false
source:bto-bfo-medium:370024,bto-bfo-medium,370024,14536,arc1-current-polar-best-glide-equal-feed,248,-37.845965996801,90.018165347500,1394239068.961524,6.5305363636570678e-4,1.1284959057993291e-54,-2.0210418059269742e2,2.974890113495,a094_x+035,grid_node,supported,false
source:bto-bfo-medium:370024,bto-bfo-medium,370024,14594,arc1-current-polar-best-glide-equal-feed,249,-37.631485505847,89.866589826770,1394238990.216960,5.3966214612366918e-5,7.6141054419263851e-21,-1.2171645463801363e2,2.585439164232,a093_x+020,grid_node,supported,false
source:bto-bfo-medium:370024,bto-bfo-medium,370024,14656,arc1-current-polar-best-glide-equal-feed,250,-38.185809211126,89.183813349204,1394238979.897836,4.1851095009898817e-4,9.3900059299310487e-49,-1.8802753868266777e2,1.257758351971,a102_x+030,grid_node,supported,false
source:bto-bfo-medium:370024,bto-bfo-medium,370024,14723,arc1-current-polar-best-glide-equal-feed,251,-38.145121451634,89.126371392652,1394239002.760167,1.2465450947306603e-4,8.5832814074584487e-43,-1.7309070069232942e2,2.150159968340,a102_x+025,grid_node,supported,false
source:bto-bfo-medium:370024,bto-bfo-medium,370024,14784,arc1-current-polar-best-glide-equal-feed,252,-38.585594125093,88.639382488156,1394239031.558221,5.2626014124944613e-4,7.1140168565159129e-119,-3.4971516667487350e2,1.376532726689,a109_x+035,grid_node,supported,false
source:bto-bfo-medium:370024,bto-bfo-medium,370024,14840,arc1-current-polar-best-glide-equal-feed,253,-38.899376316818,88.019949788258,1394238944.908503,8.0581605134090559e-4,1.1326718200859240e-180,-4.9243640494285944e2,2.393855702309,a116_x+035,grid_node,supported,false
source:bto-bfo-medium:370024,bto-bfo-medium,370024,14899,arc1-current-polar-best-glide-equal-feed,254,-38.330017787229,88.916121536499,1394238975.062342,3.8832296318843214e-4,2.4969406607721122e-61,-2.1690827379456579e2,1.770072663355,a105_x+030,grid_node,supported,false
source:bto-bfo-medium:370024,bto-bfo-medium,370024,14953,arc1-current-polar-best-glide-equal-feed,255,-37.871963024706,89.882674784969,1394239020.383562,6.6537480328425025e-4,8.2450046238353315e-81,-2.6230394750754471e2,1.463634379570,a095_x+035,grid_node,supported,false
source:bto-bfo-medium:370024,bto-bfo-medium,370024,15008,arc1-current-polar-best-glide-equal-feed,256,-38.031978091864,89.901244565362,1394239145.424992,6.7897240870325084e-4,2.4307582162363967e-95,-2.9578177309014421e2,2.733934195715,a096_x+045,grid_node,supported,false
source:bto-bfo-medium:370024,bto-bfo-medium,370024,15062,arc1-current-polar-best-glide-equal-feed,257,-38.407771185624,88.891233193844,1394238976.124592,6.3470049907250834e-4,1.3697935895430525e-56,-2.0648707037236599e2,2.173418026602,a106_x+030,grid_node,supported,false
source:bto-bfo-medium:370024,bto-bfo-medium,370024,15118,arc1-current-polar-best-glide-equal-feed,258,-38.146502675361,89.641735470716,1394239141.183531,5.2143931045452532e-4,1.4594484625794434e-68,-2.3385813261330085e2,2.219515938162,a099_x+040,grid_node,supported,false
source:bto-bfo-medium:370024,bto-bfo-medium,370024,15173,arc1-current-polar-best-glide-equal-feed,259,-37.890802641349,89.938300960221,1394239089.770275,5.1824826406553909e-4,8.9554825456644375e-55,-2.0210418059269742e2,3.055950074103,a094_x+035,grid_node,supported,false
source:bto-bfo-medium:370024,bto-bfo-medium,370024,15228,arc1-current-polar-best-glide-equal-feed,260,-37.915503981063,90.049997437704,1394239128.670918,6.7944410478354368e-4,1.7964930865195480e-86,-2.7536156848510115e2,1.534945047379,a094_x+040,grid_node,supported,false
source:bto-bfo-medium:370024,bto-bfo-medium,370024,15287,arc1-current-polar-best-glide-equal-feed,261,-38.162566032447,89.287866850364,1394239084.762074,1.4446948003922499e-4,3.7545705633001849e-48,-1.8557799081944603e2,2.084472758532,a101_x+030,grid_node,supported,false
source:bto-bfo-medium:370024,bto-bfo-medium,370024,15342,arc1-current-polar-best-glide-equal-feed,262,-38.644480888673,88.779761213617,1394239117.769954,6.3302991861648270e-4,2.1461599482249963e-86,-2.7511296750468819e2,2.659432475926,a109_x+040,grid_node,supported,false
source:bto-bfo-medium:370024,bto-bfo-medium,370024,15406,arc1-current-polar-best-glide-equal-feed,263,-37.915296824854,89.955504201120,1394239141.451801,3.8215380900455187e-4,1.5912543711682214e-77,-2.5418416470759121e2,2.931360372844,a095_x+040,grid_node,supported,false
source:bto-bfo-medium:370024,bto-bfo-medium,370024,15466,arc1-current-polar-best-glide-equal-feed,264,-37.657203921843,90.351060888067,1394239122.660180,4.4385367253848846e-4,3.2862060586155830e-69,-2.3518794462865662e2,2.492377720097,a090_x+040,grid_node,supported,false
source:bto-bfo-medium:370024,bto-bfo-medium,370024,15527,arc1-current-polar-best-glide-equal-feed,265,-37.809331060799,89.842637532752,1394239063.227068,1.6661910467125516e-4,1.2204974317589495e-75,-2.4901414586101004e2,2.045630164381,a095_x+030,grid_node,supported,false
source:bto-bfo-medium:370024,bto-bfo-medium,370024,15586,arc1-current-polar-best-glide-equal-feed,266,-38.542837480045,88.680614656363,1394238979.562882,6.9484800208353015e-4,9.3929978960647016e-119,-3.4971516667487350e2,3.137557679155,a109_x+035,grid_node,supported,false
source:bto-bfo-medium:370024,bto-bfo-medium,370024,15648,arc1-current-polar-best-glide-equal-feed,267,-37.742134694397,90.005027079505,1394239038.435758,3.5743722101245926e-4,5.3536166616712639e-69,-2.3448337080969756e2,1.703448438898,a093_x+030,grid_node,supported,false
source:bto-bfo-medium:370024,bto-bfo-medium,370024,15701,arc1-current-polar-best-glide-equal-feed,268,-38.240078501439,89.210648544492,1394239014.016043,5.4183723893282631e-4,1.1269685944599133e-52,-1.9731367112268248e2,2.916138797664,a102_x+035,grid_node,supported,false
source:bto-bfo-medium:370024,bto-bfo-medium,370024,15757,arc1-current-polar-best-glide-equal-feed,269,-37.953775402145,89.686560124345,1394239049.074436,3.6333427209641131e-4,1.0550763642901640e-85,-2.7296525502327205e2,2.490745477876,a097_x+035,grid_node,supported,false
source:bto-bfo-medium:370024,bto-bfo-medium,370024,15806,arc1-current-polar-best-glide-equal-feed,270,-37.860970520408,89.872804766678,1394239052.640926,4.2387747708214280e-4,5.2524858789834138e-81,-2.6230394750754471e2,1.975448221052,a095_x+035,grid_node,supported,false
source:bto-bfo-medium:370024,bto-bfo-medium,370024,15862,arc1-current-polar-best-glide-equal-feed,271,-37.791866121682,89.917157804128,1394239061.443372,2.5291605041642397e-4,9.3188192481788061e-83,-2.6581939640106884e2,1.537252663405,a094_x+030,grid_node,supported,false
source:bto-bfo-medium:370024,bto-bfo-medium,370024,15914,arc1-current-polar-best-glide-equal-feed,272,-38.359166194413,89.414433252525,1394239116.832056,9.0974493794438187e-4,4.3427685979479642e-59,-2.1260098468437653e2,1.719184672644,a102_x+045,grid_node,supported,false
source:bto-bfo-medium:370024,bto-bfo-medium,370024,15974,arc1-current-polar-best-glide-equal-feed,273,-37.707180872823,90.289629167970,1394239135.171115,4.1794172681303984e-4,1.3993805520204069e-66,-2.2907374047100882e2,2.636848658835,a091_x+040,grid_node,supported,false
source:bto-bfo-medium:370024,bto-bfo-medium,370024,16029,arc1-current-polar-best-glide-equal-feed,274,-38.494958577050,88.885505571708,1394239121.873985,2.7262297911284173e-4,5.7646778341080399e-74,-2.4565144942026046e2,1.896474742309,a107_x+035,grid_node,supported,false
source:bto-bfo-medium:370024,bto-bfo-medium,370024,16088,arc1-current-polar-best-glide-equal-feed,275,-37.883257924131,90.231587486617,1394239156.535543,8.2599094584740005e-4,1.4157063758882509e-72,-2.4355889389147683e2,1.596178192191,a092_x+045,grid_node,supported,false
source:bto-bfo-medium:370024,bto-bfo-medium,370024,16146,arc1-current-polar-best-glide-equal-feed,276,-37.707361813898,90.086710999450,1394239028.474221,4.6846990078338403e-4,1.1148323967218314e-59,-2.1329710025956146e2,2.522032511359,a092_x+030,grid_node,supported,false
source:bto-bfo-medium:370024,bto-bfo-medium,370024,16200,arc1-current-polar-best-glide-equal-feed,277,-37.709366431646,90.015269511668,1394239041.675925,2.5667197942332915e-4,3.8443768719233707e-69,-2.3448337080969756e2,1.828323417573,a093_x+030,grid_node,supported,false
source:bto-bfo-medium:370024,bto-bfo-medium,370024,16255,arc1-current-polar-best-glide-equal-feed,278,-38.055768532479,89.680795424006,1394239110.063401,4.2938980397367720e-4,1.2511098174859485e-81,-2.6375153865746205e2,3.050597131091,a098_x+035,grid_node,supported,false
source:bto-bfo-medium:370024,bto-bfo-medium,370024,16308,arc1-current-polar-best-glide-equal-feed,279,-38.278383796121,89.448714340475,1394239094.635688,8.3142311147923597e-4,1.8098545069818575e-37,-1.6272935280231178e2,1.442549020880,a101_x+040,grid_node,supported,false
source:bto-bfo-medium:370024,bto-bfo-medium,370024,16357,arc1-current-polar-best-glide-equal-feed,280,-37.983561938183,90.023666960718,1394239122.671075,8.7867649083149784e-4,6.8983215880659256e-102,-3.1111463013513821e2,2.827451916497,a094_x+045,grid_node,supported,false
source:bto-bfo-medium:370024,bto-bfo-medium,370024,16412,arc1-current-polar-best-glide-equal-feed,281,-38.270323404773,89.444334917597,1394239123.479106,6.4885296285496308e-4,1.4124330235447279e-37,-1.6272935280231178e2,1.005315243501,a101_x+040,grid_node,supported,false
source:bto-bfo-medium:370024,bto-bfo-medium,370024,16469,arc1-current-polar-best-glide-equal-feed,282,-38.617096493961,88.636493538390,1394239075.699438,4.1066311970541509e-4,5.5513692315696886e-119,-3.4971516667487350e2,1.984870513413,a109_x+035,grid_node,supported,false
source:bto-bfo-medium:370024,bto-bfo-medium,370024,16522,arc1-current-polar-best-glide-equal-feed,283,-38.340565468535,89.261878121677,1394239117.741864,5.2662619908377831e-4,4.9934601856129305e-68,-2.3263796022338332e2,1.632910120667,a103_x+040,grid_node,supported,false
source:bto-bfo-medium:370024,bto-bfo-medium,370024,16575,arc1-current-polar-best-glide-equal-feed,284,-37.997130595545,89.982735965290,1394239130.151737,8.1561081284718673e-4,1.6364351625533245e-92,-2.8945305765300662e2,1.876917741439,a095_x+045,grid_node,supported,false
source:bto-bfo-medium:370024,bto-bfo-medium,370024,16637,arc1-current-polar-best-glide-equal-feed,285,-38.610906716389,88.306096135660,1394238896.786518,4.8649571592834876e-4,9.5526339653978617e-128,-3.7006511507055950e2,1.284488678790,a112_x+025,grid_node,supported,false
source:bto-bfo-medium:370024,bto-bfo-medium,370024,16696,arc1-current-polar-best-glide-equal-feed,286,-38.194061170285,89.635803363786,1394239125.333105,7.8774732617896848e-4,1.1215745421420167e-74,-2.4834955272470131e2,2.279507227690,a099_x+045,grid_node,supported,false
source:bto-bfo-medium:370024,bto-bfo-medium,370024,16750,arc1-current-polar-best-glide-equal-feed,287,-38.125351167157,89.797407022932,1394239154.078647,7.3945284699538543e-4,1.1483091556331769e-85,-2.7359116485627379e2,1.438133989660,a097_x+045,grid_node,supported,false
source:bto-bfo-medium:370024,bto-bfo-medium,370024,16805,arc1-current-polar-best-glide-equal-feed,288,-38.284594510871,89.331724485115,1394239111.440835,5.0192393272917876e-4,6.4587642251525376e-56,-2.0470158778036651e2,1.886750139543,a102_x+040,grid_node,supported,false
source:bto-bfo-medium:370024,bto-bfo-medium,370024,16861,arc1-current-polar-best-glide-equal-feed,289,-38.084282860610,89.714154395840,1394239134.795663,4.8512366348547122e-4,2.3249742810172751e-89,-2.8167458013011202e2,2.187487241769,a098_x+040,grid_node,supported,false
source:bto-bfo-medium:370024,bto-bfo-medium,370024,16916,arc1-current-polar-best-glide-equal-feed,290,-38.186600860884,89.608353639627,1394239128.614358,6.7691272112482229e-4,1.8946005994157835e-68,-2.3385813261330085e2,1.680126912445,a099_x+040,grid_node,supported,false
source:bto-bfo-medium:370024,bto-bfo-medium,370024,16973,arc1-current-polar-best-glide-equal-feed,291,-38.012756696385,89.889724546761,1394239130.377434,6.5657001520194375e-4,2.4250429179229842e-105,-3.1877642687528567e2,1.970222592501,a096_x+040,grid_node,supported,false
source:bto-bfo-medium:370024,bto-bfo-medium,370024,17035,arc1-current-polar-best-glide-equal-feed,292,-38.698390964247,88.357599692871,1394239006.891850,4.5922907691238409e-4,2.7333421333234948e-151,-4.2421818511679504e2,1.839094823955,a112_x+030,grid_node,supported,false
source:bto-bfo-medium:370024,bto-bfo-medium,370024,17096,arc1-current-polar-best-glide-equal-feed,293,-39.092806297478,87.657983723813,1394239053.323514,3.0577378518477984e-4,3.6957431500537418e-199,-5.3403390940894019e2,2.249144543008,a120_x+035,grid_node,supported,false
source:bto-bfo-medium:370024,bto-bfo-medium,370024,17160,arc1-current-polar-best-glide-equal-feed,294,-38.758095929312,88.143667580113,1394238947.884899,4.9733339423508672e-4,2.4786257112041897e-176,-4.8196034471962923e2,1.232966789135,a114_x+030,grid_node,supported,false
source:bto-bfo-medium:370024,bto-bfo-medium,370024,17223,arc1-current-polar-best-glide-equal-feed,295,-37.951562565988,89.208165119221,1394238839.530192,2.0645544495743047e-4,3.1953488351691714e-13,-1.0550580656766603e2,2.568869431740,a100_x+020,grid_node,supported,false
source:bto-bfo-medium:370024,bto-bfo-medium,370024,17284,arc1-current-polar-best-glide-equal-feed,296,-37.993396787171,89.358242091191,1394238967.376304,1.7509585782882008e-4,1.0714090966308199e-71,-2.3998371248671029e2,1.876197748034,a100_x+025,grid_node,supported,false
source:bto-bfo-medium:370024,bto-bfo-medium,370024,17343,arc1-current-polar-best-glide-equal-feed,297,-38.313479957369,89.245793159865,1394239089.202172,5.3533418537295564e-4,7.6030465296154028e-55,-2.0230033428198271e2,2.990580008824,a103_x+035,grid_node,supported,false
source:bto-bfo-medium:370024,bto-bfo-medium,370024,17397,arc1-current-polar-best-glide-equal-feed,298,-37.955594938541,89.781174672608,1394239028.971521,7.0701356054353437e-4,1.8485360166376571e-78,-2.5695210511219045e2,0.744801201952,a096_x+035,grid_node,supported,false
source:bto-bfo-medium:370024,bto-bfo-medium,370024,17453,arc1-current-polar-best-glide-equal-feed,299,-37.755206385121,89.367265320441,1394238786.797293,1.1499917693785704e-4,8.3736067700535943e-21,-1.2237793921208927e2,1.314375114751,a098_x+015,grid_node,supported,false
source:bto-bfo-medium:370024,bto-bfo-medium,370024,17517,arc1-current-polar-best-glide-equal-feed,300,-38.026099088063,88.828847752298,1394238762.534445,8.2234156686024533e-5,4.0576927294028026e-25,-1.3197739554923760e2,2.042914873005,a104_x+010,grid_node,supported,false
source:bto-bfo-medium:370024,bto-bfo-medium,370024,17582,arc1-current-polar-best-glide-equal-feed,301,-37.615640069739,89.252882418643,1394238673.321821,2.5532694676537884e-5,8.2977318290941877e-18,-1.1397432124113355e2,1.811582368681,a098_x+005,grid_node,supported,false
source:bto-bfo-medium:370024,bto-bfo-medium,370024,17648,arc1-current-polar-best-glide-equal-feed,302,-38.393769750634,88.804908469340,1394238952.126638,4.8848585466599855e-4,6.2382471281573226e-49,-1.8859109283312725e2,2.132418680028,a107_x+030,grid_node,supported,false
source:bto-bfo-medium:370024,bto-bfo-medium,370024,17712,arc1-current-polar-best-glide-equal-feed,303,-38.248387156880,88.883826579637,1394238974.253735,1.1653978151042577e-4,5.9363726515321563e-49,-1.8720761595749718e2,0.796133572777,a105_x+025,grid_node,supported,false
source:bto-bfo-medium:370024,bto-bfo-medium,370024,17776,arc1-current-polar-best-glide-equal-feed,304,-37.850142166854,90.069545719351,1394239113.467725,5.4430793687883705e-4,4.7424480374849038e-72,-2.4193290037272126e2,1.847907995537,a093_x+040,grid_node,supported,false
source:bto-bfo-medium:370024,bto-bfo-medium,370024,17838,arc1-current-polar-best-glide-equal-feed,305,-38.433232670480,88.352560603999,1394238873.203017,1.0525263755762373e-4,3.1478794702109850e-63,-2.1997630734471261e2,1.991966853784,a110_x+020,grid_node,supported,false
source:bto-bfo-medium:370024,bto-bfo-medium,370024,17901,arc1-current-polar-best-glide-equal-feed,306,-38.790165083149,88.401323078459,1394239008.652623,8.9171775173904784e-4,2.3214649628530481e-133,-3.8359858058899221e2,3.052442135224,a112_x+040,grid_node,supported,false
source:bto-bfo-medium:370024,bto-bfo-medium,370024,17956,arc1-current-polar-best-glide-equal-feed,307,-38.280636161173,89.245540272187,1394239074.163837,4.8646625409464074e-4,1.0118023480796141e-52,-1.9731367112268248e2,2.284371461613,a102_x+035,grid_node,supported,false
source:bto-bfo-medium:370024,bto-bfo-medium,370024,18016,arc1-current-polar-best-glide-equal-feed,308,-37.989730019042,89.667267447881,1394239035.833432,5.2233908743346620e-4,1.5168060588286741e-85,-2.7296525502327205e2,1.645896507708,a097_x+035,grid_node,supported,false
source:bto-bfo-medium:370024,bto-bfo-medium,370024,18073,arc1-current-polar-best-glide-equal-feed,309,-37.990940324955,89.519939268057,1394238982.747692,4.1878866400418824e-4,5.5155943826769094e-50,-1.9086285363398414e2,1.867837407986,a098_x+030,grid_node,supported,false
source:bto-bfo-medium:370024,bto-bfo-medium,370024,18128,arc1-current-polar-best-glide-equal-feed,310,-38.068446449227,89.163529237567,1394238959.195076,1.1331067402382827e-4,7.8021838578205656e-43,-1.7309070069232942e2,2.809125462532,a102_x+025,grid_node,supported,false
source:bto-bfo-medium:370024,bto-bfo-medium,370024,18187,arc1-current-polar-best-glide-equal-feed,311,-37.872196395961,90.092623585658,1394239119.689118,6.6284956374192290e-4,5.7752779258397415e-72,-2.4193290037272126e2,1.349023384011,a093_x+040,grid_node,supported,false
source:bto-bfo-medium:370024,bto-bfo-medium,370024,18245,arc1-current-polar-best-glide-equal-feed,312,-38.212478050619,88.481682494972,1394238676.766830,2.4593965163531497e-4,8.1818310682192855e-62,-2.1756725797637355e2,1.600658754282,a108_x+010,grid_node,supported,false
source:bto-bfo-medium:370024,bto-bfo-medium,370024,18310,arc1-current-polar-best-glide-equal-feed,313,-37.974468271603,89.323140435341,1394238931.498977,1.7747373664755246e-4,1.0859593037497301e-71,-2.3998371248671029e2,2.139374300552,a100_x+025,grid_node,supported,false
source:bto-bfo-medium:370024,bto-bfo-medium,370024,18374,arc1-current-polar-best-glide-equal-feed,314,-38.419992490915,88.730554128726,1394238967.786496,3.6523233683252851e-4,4.6642283591068485e-49,-1.8859109283312725e2,2.498714049419,a107_x+030,grid_node,supported,false
source:bto-bfo-medium:370024,bto-bfo-medium,370024,18433,arc1-current-polar-best-glide-equal-feed,315,-38.784769298043,88.339189206669,1394239060.816888,5.0146481852319765e-4,1.7696863578389664e-142,-4.0401762632167322e2,1.105288248650,a113_x+035,grid_node,supported,false
source:bto-bfo-medium:370024,bto-bfo-medium,370024,18490,arc1-current-polar-best-glide-equal-feed,316,-38.145027276116,89.188928947414,1394239012.954080,1.7765479728758677e-4,3.9859879403790723e-49,-1.8802753868266777e2,2.377284788509,a102_x+030,grid_node,supported,false
source:bto-bfo-medium:370024,bto-bfo-medium,370024,18547,arc1-current-polar-best-glide-equal-feed,317,-38.069935865178,89.337511361273,1394238953.950513,4.2832556390284978e-4,3.9038652078600342e-37,-1.6129737686524533e2,2.418175190029,a100_x+030,grid_node,supported,false
source:bto-bfo-medium:370024,bto-bfo-medium,370024,18609,arc1-current-polar-best-glide-equal-feed,318,-38.147751734617,89.105653123076,1394239021.983348,7.7807009037366161e-5,2.6573018753214064e-41,-1.6918672105090940e2,2.240951422748,a103_x+025,grid_node,supported,false
source:bto-bfo-medium:370024,bto-bfo-medium,370024,18669,arc1-current-polar-best-glide-equal-feed,319,-38.251509436384,88.988433659439,1394239011.841803,1.5296853018295788e-4,1.3561072604403024e-45,-1.7974575510887684e2,2.468747586135,a104_x+025,grid_node,supported,false
source:bto-bfo-medium:370024,bto-bfo-medium,370024,18732,arc1-current-polar-best-glide-equal-feed,320,-37.728347275283,89.928324928861,1394239008.151908,2.7359278123060681e-4,4.0978129472926694e-69,-2.3448337080969756e2,2.490310046887,a093_x+030,grid_node,supported,false
source:bto-bfo-medium:370024,bto-bfo-medium,370024,18791,arc1-current-polar-best-glide-equal-feed,321,-38.721718007943,88.629695419561,1394239078.054715,8.1534313102754423e-4,8.0891400957901089e-104,-3.1548574827849774e2,0.638680176386,a110_x+040,grid_node,supported,false
source:bto-bfo-medium:370024,bto-bfo-medium,370024,18846,arc1-current-polar-best-glide-equal-feed,322,-38.405116198685,89.133724344225,1394239081.059806,6.8878066991367689e-4,8.2115056710940578e-55,-2.0247537869854168e2,1.443536583333,a104_x+040,grid_node,supported,false
source:bto-bfo-medium:370024,bto-bfo-medium,370024,18903,arc1-current-polar-best-glide-equal-feed,323,-37.566522247740,89.505404830498,1394238715.453439,7.3466007725268807e-5,4.2712145879131107e-11,-9.9577172604633631e1,2.349888386947,a095_x+010,grid_node,supported,false
source:bto-bfo-medium:370024,bto-bfo-medium,370024,18961,arc1-current-polar-best-glide-equal-feed,324,-38.113831832046,89.519155905437,1394239081.911085,4.2360767268294510e-4,4.3801242999403758e-73,-2.4406425440819592e2,1.435984942925,a099_x+035,grid_node,supported,false
source:bto-bfo-medium:370024,bto-bfo-medium,370024,19013,arc1-current-polar-best-glide-equal-feed,325,-38.057513812504,89.812324330981,1394239115.823946,7.2809828961630527e-4,5.8511137923494202e-86,-2.7424993401080098e2,2.253740003336,a097_x+040,grid_node,supported,false
source:bto-bfo-medium:370024,bto-bfo-medium,370024,19071,arc1-current-polar-best-glide-equal-feed,326,-38.029396301185,89.836262203609,1394239144.326240,5.1532926854932831e-4,1.9033698831183993e-105,-3.1877642687528567e2,1.282223647394,a096_x+040,grid_node,supported,false
source:bto-bfo-medium:370024,bto-bfo-medium,370024,19129,arc1-current-polar-best-glide-equal-feed,327,-38.513282708134,88.992268002857,1394239098.619226,6.8394548576998038e-4,6.9367102580589608e-47,-1.8421636194608013e2,0.122864749811,a106_x+040,grid_node,supported,false
source:bto-bfo-medium:370024,bto-bfo-medium,370024,19193,arc1-current-polar-best-glide-equal-feed,328,-37.862841608468,90.023616356810,1394239100.525661,5.6207131362003547e-4,1.4861520203652764e-86,-2.7536156848510115e2,2.728372010733,a094_x+040,grid_node,supported,false
source:bto-bfo-medium:370024,bto-bfo-medium,370024,19255,arc1-current-polar-best-glide-equal-feed,329,-38.190044355315,89.669196737306,1394239099.141266,9.1986663667482460e-4,1.3096826451504698e-74,-2.4834955272470131e2,2.217209093281,a099_x+045,grid_node,supported,false
source:bto-bfo-medium:370024,bto-bfo-medium,370024,19306,arc1-current-polar-best-glide-equal-feed,330,-37.887407821307,89.941558553684,1394239092.730650,4.9183824179378343e-4,8.4991095872102732e-55,-2.0210418059269742e2,2.819666553521,a094_x+035,grid_node,supported,false
source:bto-bfo-medium:370024,bto-bfo-medium,370024,19363,arc1-current-polar-best-glide-equal-feed,331,-38.228609733691,89.483338180542,1394239076.417087,8.1134194732322652e-4,2.6801941175145106e-55,-2.0375879248876291e2,1.855057878000,a100_x+040,grid_node,supported,false
source:bto-bfo-medium:370024,bto-bfo-medium,370024,19421,arc1-current-polar-best-glide-equal-feed,332,-38.058183817225,89.374074506936,1394239053.519623,1.1771209944473810e-4,1.0728572102474613e-37,-1.6129737686524533e2,1.287376497830,a100_x+030,grid_node,supported,false
source:bto-bfo-medium:370024,bto-bfo-medium,370024,19479,arc1-current-polar-best-glide-equal-feed,333,-38.222248589386,89.591126089735,1394239161.342496,6.0188524419828564e-4,1.3396266943101465e-68,-2.3408727413365952e2,3.304961144596,a100_x+045,grid_node,supported,false
source:bto-bfo-medium:370024,bto-bfo-medium,370024,19537,arc1-current-polar-best-glide-equal-feed,334,-38.913951713277,88.275624280235,1394239089.097414,7.3802270622571849e-4,2.2060456924357943e-156,-4.3641985946102221e2,0.973303034455,a114_x+040,grid_node,supported,false
source:bto-bfo-medium:370024,bto-bfo-medium,370024,19595,arc1-current-polar-best-glide-equal-feed,335,-38.243306515062,89.133889260313,1394238947.168533,6.8600536032794343e-4,1.4532403039016298e-51,-1.9499274142471037e2,0.917867960583,a103_x+030,grid_node,supported,false
source:bto-bfo-medium:370024,bto-bfo-medium,370024,19653,arc1-current-polar-best-glide-equal-feed,336,-37.753386500512,90.148387079811,1394239104.564584,4.2112959936040751e-4,1.2272034565869161e-67,-2.3151521588159665e2,1.450282027971,a092_x+035,grid_node,supported,false
source:bto-bfo-medium:370024,bto-bfo-medium,370024,19709,arc1-current-polar-best-glide-equal-feed,337,-38.637306618836,88.123352721918,1394238900.611841,2.0615947536402262e-4,1.2059457276933754e-154,-4.3114330224324090e2,3.410273439672,a113_x+020,grid_node,supported,false
source:bto-bfo-medium:370024,bto-bfo-medium,370024,19772,arc1-current-polar-best-glide-equal-feed,338,-38.420914074364,88.480565470602,1394238886.861063,1.9869188981656383e-4,1.3926891062972100e-82,-2.6517630846696676e2,1.877554547067,a109_x+020,grid_node,supported,false
source:bto-bfo-medium:370024,bto-bfo-medium,370024,19835,arc1-current-polar-best-glide-equal-feed,339,-37.842333527561,89.960054578340,1394239092.544690,3.6358062513232011e-4,6.2827802196023804e-55,-2.0210418059269742e2,0.211670868202,a094_x+035,grid_node,supported,false
source:bto-bfo-medium:370024,bto-bfo-medium,370024,19889,arc1-current-polar-best-glide-equal-feed,340,-37.842497795398,90.065776766380,1394239097.999657,5.9497919214468106e-4,5.1839367221261143e-72,-2.4193290037272126e2,2.120440358554,a093_x+040,grid_node,supported,false
source:bto-bfo-medium:370024,bto-bfo-medium,370024,19948,arc1-current-polar-best-glide-equal-feed,341,-37.804036158161,90.229066094428,1394239145.193293,5.8657356458112703e-4,5.8810086126399313e-78,-2.5560801905960369e2,1.720659413543,a092_x+040,grid_node,supported,false
source:bto-bfo-medium:370024,bto-bfo-medium,370024,20011,arc1-current-polar-best-glide-equal-feed,342,-37.738354707068,89.710181231209,1394239000.704585,5.1349617674503558e-5,2.9676171671079626e-37,-1.5945035859747921e2,2.043604870052,a095_x+025,grid_node,supported,false
source:bto-bfo-medium:370024,bto-bfo-medium,370024,20074,arc1-current-polar-best-glide-equal-feed,343,-38.226638993110,88.800562098305,1394238903.007065,1.2872860281741108e-4,2.2917921040824734e-42,-1.7214075814605627e2,2.466770544873,a105_x+020,grid_node,supported,false
source:bto-bfo-medium:370024,bto-bfo-medium,370024,20137,arc1-current-polar-best-glide-equal-feed,344,-38.545273988291,88.654101338980,1394238998.054501,5.5374205861322210e-4,5.4791688590421141e-112,-3.3390908797008245e2,2.553324367175,a109_x+030,grid_node,supported,false
source:bto-bfo-medium:370024,bto-bfo-medium,370024,20190,arc1-current-polar-best-glide-equal-feed,345,-38.080322844631,89.590882095244,1394239097.246584,3.9073438882099651e-4,1.1384798273256054e-81,-2.6375153865746205e2,2.566299671524,a098_x+035,grid_node,supported,false
source:bto-bfo-medium:370024,bto-bfo-medium,370024,20246,arc1-current-polar-best-glide-equal-feed,346,-37.744627733638,90.170698229278,1394239117.412009,3.7293747310491744e-4,1.0867679611697659e-67,-2.3151521588159665e2,2.078793472358,a092_x+035,grid_node,supported,false
source:bto-bfo-medium:370024,bto-bfo-medium,370024,20302,arc1-current-polar-best-glide-equal-feed,347,-37.778478400309,89.665293335468,1394238921.167892,2.3202061531060422e-4,1.7920613014264034e-22,-1.2692414374632884e2,1.936530678764,a096_x+025,grid_node,supported,false
source:bto-bfo-medium:370024,bto-bfo-medium,370024,20366,arc1-current-polar-best-glide-equal-feed,348,-37.829597022862,89.821609962809,1394238999.042722,4.3043291753402512e-4,3.1529533868958380e-75,-2.4901414586101004e2,0.763575507059,a095_x+030,grid_node,supported,false
source:bto-bfo-medium:370024,bto-bfo-medium,370024,20423,arc1-current-polar-best-glide-equal-feed,349,-37.853600958284,89.727630565381,1394238995.067712,3.2548259659848512e-4,5.2914287229734831e-40,-1.6762643641994413e2,1.427488920050,a096_x+030,grid_node,supported,false
source:bto-bfo-medium:370024,bto-bfo-medium,370024,20486,arc1-current-polar-best-glide-equal-feed,350,-37.759660558068,89.949294708210,1394239034.427968,3.1141279550490544e-4,4.6642728643375549e-69,-2.3448337080969756e2,2.706125649609,a093_x+030,grid_node,supported,false
source:bto-bfo-medium:370024,bto-bfo-medium,370024,20547,arc1-current-polar-best-glide-equal-feed,351,-37.912180328363,89.506663165457,1394238949.678478,2.5092961467608292e-4,1.2914165841873845e-42,-1.7338181863878640e2,0.704811274802,a098_x+025,grid_node,supported,false
source:bto-bfo-medium:370024,bto-bfo-medium,370024,20612,arc1-current-polar-best-glide-equal-feed,352,-37.800702561908,89.729538795907,1394239005.097058,1.5542918560298308e-4,8.9826242210572758e-37,-1.5945035859747921e2,2.498554291081,a095_x+025,grid_node,supported,false
source:bto-bfo-medium:370024,bto-bfo-medium,370024,20670,arc1-current-polar-best-glide-equal-feed,353,-38.172627724985,89.163299047249,1394238983.369419,3.0943010909865890e-4,6.9425914869094633e-49,-1.8802753868266777e2,2.251324376645,a102_x+030,grid_node,supported,false
source:bto-bfo-medium:370024,bto-bfo-medium,370024,20727,arc1-current-polar-best-glide-equal-feed,354,-38.096855411303,89.600324749916,1394239080.184241,5.5952183816209745e-4,5.7854834974045492e-73,-2.4406425440819592e2,3.107533125514,a099_x+035,grid_node,supported,false
source:bto-bfo-medium:370024,bto-bfo-medium,370024,20787,arc1-current-polar-best-glide-equal-feed,355,-37.788077079024,90.010723587935,1394239075.463235,3.7163802481926566e-4,5.2034366545466504e-74,-2.4606370990414865e2,1.588540025947,a093_x+035,grid_node,supported,false
source:bto-bfo-medium:370024,bto-bfo-medium,370024,20849,arc1-current-polar-best-glide-equal-feed,356,-37.701292384691,89.902490369648,1394238986.458922,2.1817257153163372e-4,2.6105407108293052e-52,-1.9556396582506849e2,2.800894491779,a093_x+025,grid_node,supported,false
source:bto-bfo-medium:370024,bto-bfo-medium,370024,20914,arc1-current-polar-best-glide-equal-feed,357,-38.261391240459,89.395855400638,1394239086.987192,7.0317306527053580e-4,1.5306778507803191e-37,-1.6272935280231178e2,1.381926572066,a101_x+040,grid_node,supported,false
source:bto-bfo-medium:370024,bto-bfo-medium,370024,20968,arc1-current-polar-best-glide-equal-feed,358,-38.052545136404,89.765807577459,1394239117.755459,5.8466677752766786e-4,4.6984753222306999e-86,-2.7424993401080098e2,0.456231316870,a097_x+040,grid_node,supported,false
source:bto-bfo-medium:370024,bto-bfo-medium,370024,21030,arc1-current-polar-best-glide-equal-feed,359,-37.754552597082,89.171160962411,1394238690.596551,9.1787257788795187e-5,3.7984804727477575e-13,-1.0452229057769991e2,2.289070438506,a099_x+010,grid_node,supported,false
source:bto-bfo-medium:370024,bto-bfo-medium,370024,21091,arc1-current-polar-best-glide-equal-feed,360,-38.281232069513,89.238620112809,1394239084.394340,4.0780986569530334e-4,8.4820473405390849e-53,-1.9731367112268248e2,2.502769741094,a102_x+035,grid_node,supported,false
source:bto-bfo-medium:370024,bto-bfo-medium,370024,21148,arc1-current-polar-best-glide-equal-feed,361,-38.350582845319,88.804627299987,1394239015.904054,1.3551229874066522e-4,3.0550648107048608e-53,-1.9723308351946386e2,2.509174106384,a106_x+025,grid_node,supported,false
source:bto-bfo-medium:370024,bto-bfo-medium,370024,21209,arc1-current-polar-best-glide-equal-feed,362,-37.893339289067,89.615529077950,1394238999.176393,2.2110800804806224e-4,1.1574531294173176e-57,-2.0790359158977330e2,2.294192989330,a097_x+030,grid_node,supported,false
source:bto-bfo-medium:370024,bto-bfo-medium,370024,21261,arc1-current-polar-best-glide-equal-feed,363,-37.871664014908,89.752926671923,1394239012.535259,3.8362347927164010e-4,6.2366354399250507e-40,-1.6762643641994413e2,1.488639110028,a096_x+030,grid_node,supported,false
source:bto-bfo-medium:370024,bto-bfo-medium,370024,21324,arc1-current-polar-best-glide-equal-feed,364,-37.666905378476,89.965069012057,1394238946.538649,3.7843165236632316e-4,4.5281183965209802e-52,-1.9556396582506849e2,2.424758623941,a093_x+025,grid_node,supported,false
source:bto-bfo-medium:370024,bto-bfo-medium,370024,21386,arc1-current-polar-best-glide-equal-feed,365,-38.539319135783,88.282071871123,1394238925.946960,1.2362379046221682e-4,2.3233354516093727e-151,-4.2306840019622325e2,2.903866790815,a112_x+020,grid_node,supported,false
source:bto-bfo-medium:370024,bto-bfo-medium,370024,21457,arc1-current-polar-best-glide-equal-feed,366,-38.748496258773,88.444823189785,1394239072.947642,5.3027227727375044e-4,2.8096678398561895e-138,-3.9440087916461016e2,2.076339178004,a112_x+035,grid_node,supported,false
source:bto-bfo-medium:370024,bto-bfo-medium,370024,21512,arc1-current-polar-best-glide-equal-feed,367,-38.172764536190,89.451086319010,1394239088.417577,4.6605838353074860e-4,5.6540684586562153e-64,-2.2318119349323791e2,1.776375334360,a100_x+035,grid_node,supported,false
source:bto-bfo-medium:370024,bto-bfo-medium,370024,21572,arc1-current-polar-best-glide-equal-feed,368,-38.394848395512,88.744972778303,1394239005.019686,1.7968352862252765e-4,3.2224363329464592e-60,-2.1357997700620948e2,2.502342673043,a107_x+025,grid_node,supported,false
source:bto-bfo-medium:370024,bto-bfo-medium,370024,21634,arc1-current-polar-best-glide-equal-feed,369,-38.043304717236,89.609365730503,1394239090.547678,3.2727103197207794e-4,9.5356712546467524e-82,-2.6375153865746205e2,0.418566550856,a098_x+035,grid_node,supported,false
source:bto-bfo-medium:370024,bto-bfo-medium,370024,21689,arc1-current-polar-best-glide-equal-feed,370,-37.993634935971,89.618152039286,1394239048.234840,3.6127218857675425e-4,1.0526360377683988e-81,-2.6375153865746205e2,2.987550151235,a098_x+035,grid_node,supported,false
source:bto-bfo-medium:370024,bto-bfo-medium,370024,21747,arc1-current-polar-best-glide-equal-feed,371,-38.314422648329,89.046600966376,1394238980.918713,6.0919100533056588e-4,5.5550320625748933e-45,-1.7971756884200190e2,2.164960467163,a104_x+030,grid_node,supported,false
source:bto-bfo-medium:370024,bto-bfo-medium,370024,21805,arc1-current-polar-best-glide-equal-feed,372,-37.621147030448,90.059492444649,1394239013.558527,1.9157505798041586e-4,4.5589712526522965e-60,-2.1329710025956146e2,2.899747262570,a092_x+030,grid_node,supported,false
source:bto-bfo-medium:370024,bto-bfo-medium,370024,21868,arc1-current-polar-best-glide-equal-feed,373,-38.978751943401,87.100146270417,1394238701.275996,2.3703489486539018e-4,5.2933706154641085e-218,-5.7716911442436492e2,3.071287406548,a124_x+015,grid_node,supported,false
source:bto-bfo-medium:370024,bto-bfo-medium,370024,21926,arc1-current-polar-best-glide-equal-feed,374,-38.422113958342,88.846710402209,1394239044.226201,2.8546593137224391e-4,6.1608491469291400e-57,-2.0648707037236599e2,2.934985629882,a106_x+030,grid_node,supported,false
source:bto-bfo-medium:370024,bto-bfo-medium,370024,21984,arc1-current-polar-best-glide-equal-feed,375,-37.826067034904,90.049593326863,1394239082.772580,5.7158969438196670e-4,8.0030313597611198e-74,-2.4606370990414865e2,2.324331169133,a093_x+035,grid_node,supported,false
source:bto-bfo-medium:370024,bto-bfo-medium,370024,22040,arc1-current-polar-best-glide-equal-feed,376,-38.012625668011,89.771795739144,1394239077.109289,6.6711096644244436e-4,5.3610099521535535e-86,-2.7424993401080098e2,2.869669918011,a097_x+040,grid_node,supported,false
source:bto-bfo-medium:370024,bto-bfo-medium,370024,22094,arc1-current-polar-best-glide-equal-feed,377,-38.065168129710,89.617874527080,1394239056.452332,6.0544338190002983e-4,1.7640757931770381e-81,-2.6375153865746205e2,1.307437652824,a098_x+035,grid_node,supported,false
source:bto-bfo-medium:370024,bto-bfo-medium,370024,22157,arc1-current-polar-best-glide-equal-feed,378,-38.254334456533,88.768006050843,1394238914.368262,1.2159850718247974e-4,3.6124907237874824e-46,-1.8083905348109414e2,1.351489061505,a106_x+020,grid_node,supported,false
source:bto-bfo-medium:370024,bto-bfo-medium,370024,22218,arc1-current-polar-best-glide-equal-feed,379,-37.954198407242,89.027381490216,1394238764.491580,1.5337646247397368e-4,1.6150312342592367e-23,-1.2891681027654184e2,1.476750372780,a102_x+015,grid_node,supported,false
source:bto-bfo-medium:370024,bto-bfo-medium,370024,22282,arc1-current-polar-best-glide-equal-feed,380,-37.926339855626,89.471810566401,1394238953.425093,2.1989536701570584e-4,1.1316979230077502e-42,-1.7338181863878640e2,1.359867499574,a098_x+025,grid_node,supported,false
source:bto-bfo-medium:370024,bto-bfo-medium,370024,22339,arc1-current-polar-best-glide-equal-feed,381,-37.931894517254,89.432961044651,1394239001.299416,8.0294514170952519e-5,1.5322682769692713e-44,-1.7667650821817557e2,2.058349558262,a099_x+025,grid_node,supported,false
source:bto-bfo-medium:370024,bto-bfo-medium,370024,22398,arc1-current-polar-best-glide-equal-feed,382,-37.763526582786,89.528589685048,1394238943.522748,3.6004448135339251e-5,4.3508886076836310e-21,-1.2187136133714279e2,1.964679095479,a097_x+020,grid_node,supported,false
source:bto-bfo-medium:370024,bto-bfo-medium,370024,22469,arc1-current-polar-best-glide-equal-feed,383,-38.314278244641,88.652104505305,1394238819.436907,4.2052608501604109e-4,1.4795584751528113e-49,-1.8988024434785780e2,1.492621179653,a107_x+020,grid_node,supported,false
source:bto-bfo-medium:370024,bto-bfo-medium,370024,22533,arc1-current-polar-best-glide-equal-feed,384,-37.987005776521,89.827839419884,1394239116.440949,4.8146432028073701e-4,1.7782896158762972e-105,-3.1877642687528567e2,1.694414121378,a096_x+040,grid_node,supported,false
source:bto-bfo-medium:370024,bto-bfo-medium,370024,22595,arc1-current-polar-best-glide-equal-feed,385,-37.782566251880,89.797119780563,1394238964.165370,3.4982888569164752e-4,2.5625228114396374e-75,-2.4901414586101004e2,2.704629564806,a095_x+030,grid_node,supported,false
source:bto-bfo-medium:370024,bto-bfo-medium,370024,22652,arc1-current-polar-best-glide-equal-feed,386,-38.761338469265,88.582789500569,1394239126.713038,6.1010442065789359e-4,8.4442996408651975e-129,-3.7271742750114174e2,1.566724361000,a111_x+040,grid_node,supported,false
source:bto-bfo-medium:370024,bto-bfo-medium,370024,22711,arc1-current-polar-best-glide-equal-feed,387,-38.413039239358,88.616665943442,1394238996.538565,9.3499052861847651e-5,7.5108605455408089e-60,-2.1208051883622826e2,0.930009323018,a108_x+025,grid_node,supported,false
source:bto-bfo-medium:370024,bto-bfo-medium,370024,22765,arc1-current-polar-best-glide-equal-feed,388,-38.355708287153,89.326152117008,1394239122.627915,7.0862407551890031e-4,9.1185845694924014e-56,-2.0470158778036651e2,2.408229325836,a102_x+040,grid_node,supported,false
source:bto-bfo-medium:370024,bto-bfo-medium,370024,22827,arc1-current-polar-best-glide-equal-feed,389,-37.627412672381,90.122368093006,1394239023.321975,2.8437645562952416e-4,1.4531944174410650e-49,-1.8950701628129951e2,1.263755827083,a091_x+030,grid_node,supported,false
source:bto-bfo-medium:370024,bto-bfo-medium,370024,22883,arc1-current-polar-best-glide-equal-feed,390,-38.526072744926,88.713320537664,1394239024.189333,4.9178787386322141e-4,1.2824414758790252e-87,-2.7767799689513566e2,2.328290567638,a108_x+035,grid_node,supported,false
source:bto-bfo-medium:370024,bto-bfo-medium,370024,22941,arc1-current-polar-best-glide-equal-feed,391,-38.184786882825,89.370092915684,1394239082.806136,3.5590386757274013e-4,2.0620959083188498e-57,-2.0780210005934345e2,0.769993361541,a101_x+035,grid_node,supported,false
source:bto-bfo-medium:370024,bto-bfo-medium,370024,22996,arc1-current-polar-best-glide-equal-feed,392,-37.817904314667,89.827504231196,1394239045.268161,2.1518611377280251e-4,1.5762544140905847e-75,-2.4901414586101004e2,1.166566915972,a095_x+030,grid_node,supported,false
source:bto-bfo-medium:370024,bto-bfo-medium,370024,23057,arc1-current-polar-best-glide-equal-feed,393,-38.441472653209,89.153496392403,1394239126.104600,6.3260367450506186e-4,7.5417747443526862e-55,-2.0247537869854168e2,1.705937970649,a104_x+040,grid_node,supported,false
source:bto-bfo-medium:370024,bto-bfo-medium,370024,23116,arc1-current-polar-best-glide-equal-feed,394,-38.031535795466,89.185753555334,1394238896.776493,2.1247239484907865e-4,9.0006627292024192e-38,-1.6206355939190055e2,2.241142141398,a101_x+020,grid_node,supported,false
source:bto-bfo-medium:370024,bto-bfo-medium,370024,23169,arc1-current-polar-best-glide-equal-feed,395,-37.616964590361,90.232206438047,1394239103.567602,1.7202664455087788e-4,4.2063696523305563e-45,-1.7873119059539883e2,2.999176024947,a090_x+030,grid_node,supported,false
source:bto-bfo-medium:370024,bto-bfo-medium,370024,23225,arc1-current-polar-best-glide-equal-feed,396,-38.184001013800,89.214568149740,1394239035.802500,2.4206668405420611e-4,5.4311783196356048e-49,-1.8802753868266777e2,0.286626707444,a102_x+030,grid_node,supported,false
source:bto-bfo-medium:370024,bto-bfo-medium,370024,23288,arc1-current-polar-best-glide-equal-feed,397,-38.406627159921,89.102557517939,1394239108.081937,4.6816146084601644e-4,5.5813274945803658e-55,-2.0247537869854168e2,2.843672189286,a104_x+040,grid_node,supported,false
source:bto-bfo-medium:370024,bto-bfo-medium,370024,23351,arc1-current-polar-best-glide-equal-feed,398,-38.335003838961,89.358000880961,1394239127.483320,6.7002895710046575e-4,8.6219420429027518e-56,-2.0470158778036651e2,1.629142544361,a102_x+040,grid_node,supported,false
source:bto-bfo-medium:370024,bto-bfo-medium,370024,23412,arc1-current-polar-best-glide-equal-feed,399,-38.024958743045,89.030273814330,1394238807.918222,2.1386307238270317e-4,2.2519461994458526e-23,-1.2891681027654184e2,2.791862833886,a102_x+015,grid_node,supported,false
source:bto-bfo-medium:370024,bto-bfo-medium,370024,23465,arc1-current-polar-best-glide-equal-feed,400,-37.731547795836,89.953714404354,1394239018.310063,2.9523531700338082e-4,4.4219701231617764e-69,-2.3448337080969756e2,1.384315864513,a093_x+030,grid_node,supported,false
source:bto-bfo-medium:370024,bto-bfo-medium,370024,23519,arc1-current-polar-best-glide-equal-feed,401,-38.029022594022,89.202217053746,1394238847.470650,4.1645342407792697e-4,1.7641617939165320e-37,-1.6206355939190055e2,2.408979732126,a101_x+020,grid_node,supported,false
source:bto-bfo-medium:370024,bto-bfo-medium,370024,23580,arc1-current-polar-best-glide-equal-feed,402,-37.987545856489,88.962701342250,1394238804.759162,7.4162674896206641e-5,2.2173669897040474e-39,-1.6471457116132262e2,2.661441931170,a103_x+015,grid_node,supported,false
source:bto-bfo-medium:370024,bto-bfo-medium,370024,23635,arc1-current-polar-best-glide-equal-feed,403,-37.709868451167,89.957341873969,1394239019.009591,2.3570504273533348e-4,3.5303386716512260e-69,-2.3448337080969756e2,1.294384916625,a093_x+030,grid_node,supported,false
source:bto-bfo-medium:370024,bto-bfo-medium,370024,23690,arc1-current-polar-best-glide-equal-feed,404,-38.194988748344,89.040589828871,1394239084.508185,2.1548291148302618e-5,7.3592745932257130e-42,-1.6918672105090940e2,2.190371997794,a103_x+025,grid_node,supported,false
source:bto-bfo-medium:370024,bto-bfo-medium,370024,23752,arc1-current-polar-best-glide-equal-feed,405,-38.668931576367,88.155884710241,1394238963.089556,1.5862797467732415e-4,2.6724698566204894e-172,-4.7153200658496309e2,2.152492590745,a113_x+025,grid_node,supported,false
source:bto-bfo-medium:370024,bto-bfo-medium,370024,23813,arc1-current-polar-best-glide-equal-feed,406,-38.168794778064,89.871366066289,1394239162.179248,9.3693992093946382e-4,8.6997313594072381e-83,-2.6719770172920278e2,1.734837543548,a097_x+050,grid_node,supported,false
source:bto-bfo-medium:370024,bto-bfo-medium,370024,23870,arc1-current-polar-best-glide-equal-feed,407,-38.153349513133,89.823325527808,1394239141.453430,9.1605471104595868e-4,1.4225572543661369e-85,-2.7359116485627379e2,1.614138902410,a097_x+045,grid_node,supported,false
source:bto-bfo-medium:370024,bto-bfo-medium,370024,23924,arc1-current-polar-best-glide-equal-feed,408,-37.942756552350,89.536476661684,1394239011.030309,1.9220800293883613e-4,2.5314471771480320e-50,-1.9086285363398414e2,2.226731621869,a098_x+030,grid_node,supported,false
source:bto-bfo-medium:370024,bto-bfo-medium,370024,23984,arc1-current-polar-best-glide-equal-feed,409,-37.819686591867,90.091857782735,1394239142.606057,3.3697859575780326e-4,2.9360282513788916e-72,-2.4193290037272126e2,2.171559577249,a093_x+040,grid_node,supported,false
source:bto-bfo-medium:370024,bto-bfo-medium,370024,24042,arc1-current-polar-best-glide-equal-feed,410,-38.421795973412,89.097538788051,1394239082.647824,6.4740388929224668e-4,2.9282307027472461e-67,-2.3107558519071165e2,2.627091797208,a105_x+040,grid_node,supported,false
source:bto-bfo-medium:370024,bto-bfo-medium,370024,24100,arc1-current-polar-best-glide-equal-feed,411,-37.959798556417,89.617977917316,1394239001.023707,4.4438342124866471e-4,2.3262521612227275e-57,-2.0790359158977330e2,2.204863389084,a097_x+030,grid_node,supported,false
source:bto-bfo-medium:370024,bto-bfo-medium,370024,24157,arc1-current-polar-best-glide-equal-feed,412,-37.898911337442,89.776104136331,1394239060.430907,3.1686633453329512e-4,8.2846902030341677e-79,-2.5695210511219045e2,2.718170828718,a096_x+035,grid_node,supported,false
source:bto-bfo-medium:370024,bto-bfo-medium,370024,24214,arc1-current-polar-best-glide-equal-feed,413,-38.346856448874,88.684512840899,1394239017.232049,3.9512012734311669e-5,7.0860666194045407e-61,-2.1357997700620948e2,1.847044599329,a107_x+025,grid_node,supported,false
source:bto-bfo-medium:370024,bto-bfo-medium,370024,24275,arc1-current-polar-best-glide-equal-feed,414,-38.419950725814,88.720715779819,1394239007.059638,2.0335055099514210e-4,2.5969042473543123e-49,-1.8859109283312725e2,2.958930441698,a107_x+030,grid_node,supported,false
source:bto-bfo-medium:370024,bto-bfo-medium,370024,24337,arc1-current-polar-best-glide-equal-feed,415,-38.817934141864,87.866550970841,1394239010.053280,6.4719320655533770e-5,1.1192809241170952e-179,-4.8762391697087844e2,1.981618626449,a117_x+025,grid_node,supported,false
source:bto-bfo-medium:370024,bto-bfo-medium,370024,24404,arc1-current-polar-best-glide-equal-feed,416,-38.290890975270,88.817029609402,1394238945.888749,1.9313133254937460e-4,4.3540604314100044e-53,-1.9723308351946386e2,1.184874112111,a106_x+025,grid_node,supported,false
source:bto-bfo-medium:370024,bto-bfo-medium,370024,24467,arc1-current-polar-best-glide-equal-feed,417,-38.022334998401,89.370951837863,1394239048.534014,7.4369236377112903e-5,4.5506431363910749e-72,-2.3998371248671029e2,2.307816178975,a100_x+025,grid_node,supported,false
source:bto-bfo-medium:370024,bto-bfo-medium,370024,24522,arc1-current-polar-best-glide-equal-feed,418,-37.954711675169,89.335106588093,1394238948.940176,1.1313254539202687e-4,6.9225645746864691e-72,-2.3998371248671029e2,3.360496389419,a100_x+025,grid_node,supported,false
source:bto-bfo-medium:370024,bto-bfo-medium,370024,24580,arc1-current-polar-best-glide-equal-feed,419,-38.264689735865,88.827565863230,1394238971.191169,9.4167494323689507e-5,2.1229644902645635e-53,-1.9723308351946386e2,2.829103200831,a106_x+025,grid_node,supported,false
source:bto-bfo-medium:370024,bto-bfo-medium,370024,24636,arc1-current-polar-best-glide-equal-feed,420,-38.098010847050,89.736299462044,1394239156.721486,4.7199697410946646e-4,3.7930428412548645e-86,-2.7424993401080098e2,2.644047730912,a097_x+040,grid_node,supported,false
source:bto-bfo-medium:370024,bto-bfo-medium,370024,24689,arc1-current-polar-best-glide-equal-feed,421,-37.643017673208,90.151185807207,1394239049.114929,2.9115440709274760e-4,1.4878304818305650e-49,-1.8950701628129951e2,1.508169273111,a091_x+030,grid_node,supported,false
source:bto-bfo-medium:370024,bto-bfo-medium,370024,24743,arc1-current-polar-best-glide-equal-feed,422,-38.139087716615,89.202063032656,1394238972.406959,3.1144658090523488e-4,6.9878344661357889e-49,-1.8802753868266777e2,2.546832021898,a102_x+030,grid_node,supported,false
source:bto-bfo-medium:370024,bto-bfo-medium,370024,24802,arc1-current-polar-best-glide-equal-feed,423,-37.801409519548,90.203555069869,1394239117.773654,6.7198799672482082e-4,6.7373769207471065e-78,-2.5560801905960369e2,0.500366202141,a092_x+040,grid_node,supported,false
source:bto-bfo-medium:370024,bto-bfo-medium,370024,24852,arc1-current-polar-best-glide-equal-feed,424,-38.073061212366,89.694095348445,1394239080.489165,6.9592943707377124e-4,3.3352692609846032e-89,-2.8167458013011202e2,2.296990982810,a098_x+040,grid_node,supported,false
source:bto-bfo-medium:370024,bto-bfo-medium,370024,24910,arc1-current-polar-best-glide-equal-feed,425,-38.465962241000,88.447180320219,1394238915.438753,1.8877005048281874e-4,6.6671110640480988e-96,-2.9579532389136460e2,2.492444419111,a110_x+025,grid_node,supported,false
source:bto-bfo-medium:370024,bto-bfo-medium,370024,24970,arc1-current-polar-best-glide-equal-feed,426,-38.168856349296,89.270634522941,1394238975.448164,5.6756711581683762e-4,1.4750318096005643e-47,-1.8557799081944603e2,2.755191615434,a101_x+030,grid_node,supported,false
source:bto-bfo-medium:370024,bto-bfo-medium,370024,25032,arc1-current-polar-best-glide-equal-feed,427,-38.126612152394,89.282694403434,1394238988.898303,3.7387923979637501e-4,9.7166265676832221e-48,-1.8557799081944603e2,0.828378582873,a101_x+030,grid_node,supported,false
source:bto-bfo-medium:370024,bto-bfo-medium,370024,25094,arc1-current-polar-best-glide-equal-feed,428,-38.490939260495,88.396343619721,1394238955.931520,9.3029111927550541e-5,3.2856664488057043e-96,-2.9579532389136460e2,2.910059959486,a110_x+025,grid_node,supported,false
source:bto-bfo-medium:370024,bto-bfo-medium,370024,25151,arc1-current-polar-best-glide-equal-feed,429,-37.987816594552,89.878181310329,1394239089.265312,7.5244205825286768e-4,2.7791465377112487e-105,-3.1877642687528567e2,1.954975868996,a096_x+040,grid_node,supported,false
source:bto-bfo-medium:370024,bto-bfo-medium,370024,25206,arc1-current-polar-best-glide-equal-feed,430,-38.675566313775,88.791522818174,1394239109.224334,8.2694432426583784e-4,2.8035875334772623e-86,-2.7511296750468819e2,3.101502259442,a109_x+040,grid_node,supported,false
source:bto-bfo-medium:370024,bto-bfo-medium,370024,25266,arc1-current-polar-best-glide-equal-feed,431,-38.259598506949,89.459213376080,1394239128.496620,6.0974718419296167e-4,1.3273069682507438e-37,-1.6272935280231178e2,1.622631522171,a101_x+040,grid_node,supported,false
source:bto-bfo-medium:370024,bto-bfo-medium,370024,25330,arc1-current-polar-best-glide-equal-feed,432,-37.727698428025,89.664216852868,1394238924.055032,1.1266016986037874e-4,6.7098939843766706e-33,-1.5020991285477842e2,2.167837532071,a095_x+020,grid_node,supported,false
source:bto-bfo-medium:370024,bto-bfo-medium,370024,25392,arc1-current-polar-best-glide-equal-feed,433,-38.181064997244,89.443685197844,1394239068.538115,5.8972646043865254e-4,7.1543692743832193e-64,-2.2318119349323791e2,2.302328955916,a100_x+035,grid_node,supported,false
source:bto-bfo-medium:370024,bto-bfo-medium,370024,25447,arc1-current-polar-best-glide-equal-feed,434,-38.301561650189,89.449528678825,1394239138.900188,7.0100231242539973e-4,8.4455938823618151e-54,-2.0016227333212166e2,2.482069061070,a101_x+045,grid_node,supported,false
source:bto-bfo-medium:370024,bto-bfo-medium,370024,25500,arc1-current-polar-best-glide-equal-feed,435,-37.962122811574,89.945217847289,1394239117.493042,6.6561353140639731e-4,2.7715553695986389e-77,-2.5418416470759121e2,0.651694680163,a095_x+040,grid_node,supported,false
source:bto-bfo-medium:370024,bto-bfo-medium,370024,25555,arc1-current-polar-best-glide-equal-feed,436,-38.295469364977,89.161909888088,1394239000.144492,7.1613362928564170e-4,1.0170838055275415e-54,-2.0230033428198271e2,1.123475705338,a103_x+035,grid_node,supported,false
source:bto-bfo-medium:370024,bto-bfo-medium,370024,25613,arc1-current-polar-best-glide-equal-feed,437,-38.116362033748,89.911829175706,1394239163.012483,8.8764653942093779e-4,3.1778229735905841e-95,-2.9578177309014421e2,2.373323940860,a096_x+045,grid_node,supported,false
source:bto-bfo-medium:370024,bto-bfo-medium,370024,25678,arc1-current-polar-best-glide-equal-feed,438,-38.270009703713,89.306735653611,1394239089.750004,5.0249235728909284e-4,1.0451350791914379e-52,-1.9731367112268248e2,2.101190118552,a102_x+035,grid_node,supported,false
source:bto-bfo-medium:370024,bto-bfo-medium,370024,25736,arc1-current-polar-best-glide-equal-feed,439,-37.959769147916,89.592612043918,1394238997.652628,3.9522819173820969e-4,5.2052946547880869e-50,-1.9086285363398414e2,2.049135731876,a098_x+030,grid_node,supported,false
source:bto-bfo-medium:370024,bto-bfo-medium,370024,25795,arc1-current-polar-best-glide-equal-feed,440,-37.708178458709,90.011471436712,1394239042.184170,2.5056843780440222e-4,3.7529593580626054e-69,-2.3448337080969756e2,1.698123072670,a093_x+030,grid_node,supported,false
source:bto-bfo-medium:370024,bto-bfo-medium,370024,25848,arc1-current-polar-best-glide-equal-feed,441,-38.403106667034,88.726874639378,1394238937.268911,4.1774407818408074e-4,7.4918035377721203e-60,-2.1357997700620948e2,2.749046933583,a107_x+025,grid_node,supported,false
source:bto-bfo-medium:370024,bto-bfo-medium,370024,25913,arc1-current-polar-best-glide-equal-feed,442,-38.039436807906,89.496553153661,1394239067.788869,1.9542005038439124e-4,7.1316748759298659e-72,-2.4050054392561012e2,1.408204046183,a099_x+030,grid_node,supported,false
source:bto-bfo-medium:370024,bto-bfo-medium,370024,25976,arc1-current-polar-best-glide-equal-feed,443,-37.666124326303,89.409867294121,1394238668.210432,2.6660278220746330e-4,1.9728299662188695e-9,-9.7033368633518478e1,1.160533663098,a097_x+010,grid_node,supported,false
source:bto-bfo-medium:370024,bto-bfo-medium,370024,26041,arc1-current-polar-best-glide-equal-feed,444,-38.584215501939,88.942449406075,1394239125.695889,7.1751269504085225e-4,2.3894303411982551e-89,-2.8203862092681055e2,2.204391168272,a107_x+040,grid_node,supported,false
source:bto-bfo-medium:370024,bto-bfo-medium,370024,26097,arc1-current-polar-best-glide-equal-feed,445,-38.086887070677,89.689044734177,1394239110.840432,5.6974909058835771e-4,2.7305449763749567e-89,-2.8167458013011202e2,1.433385064235,a098_x+040,grid_node,supported,false
source:bto-bfo-medium:370024,bto-bfo-medium,370024,26157,arc1-current-polar-best-glide-equal-feed,446,-38.314614025558,89.070757875864,1394239063.365993,2.8004112695181584e-4,1.7060262925765292e-52,-1.9623900644526350e2,2.367524476909,a104_x+035,grid_node,supported,false
source:bto-bfo-medium:370024,bto-bfo-medium,370024,26217,arc1-current-polar-best-glide-equal-feed,447,-37.984950696264,90.004354881944,1394239137.177761,7.7907828822555063e-4,1.5631365905800465e-92,-2.8945305765300662e2,2.565537907870,a095_x+045,grid_node,supported,false
source:bto-bfo-medium:370024,bto-bfo-medium,370024,26282,arc1-current-polar-best-glide-equal-feed,448,-38.295170635931,88.993181054338,1394239069.843947,1.0551280013360183e-4,9.6213992430201551e-46,-1.7971756884200190e2,2.358017027859,a104_x+030,grid_node,supported,false
source:bto-bfo-medium:370024,bto-bfo-medium,370024,26332,arc1-current-polar-best-glide-equal-feed,449,-38.084662414737,89.826977172482,1394239099.854495,9.0549954664925162e-4,1.4061659564420255e-85,-2.7359116485627379e2,2.524108728062,a097_x+045,grid_node,supported,false
source:bto-bfo-medium:370024,bto-bfo-medium,370024,26384,arc1-current-polar-best-glide-equal-feed,450,-38.241500737404,88.122106182520,1394238687.703562,1.0904904526134861e-5,4.9665051103051222e-134,-3.8073671070613227e2,2.375975542306,a111_x+005,grid_node,supported,false
source:bto-bfo-medium:370024,bto-bfo-medium,370024,26447,arc1-current-polar-best-glide-equal-feed,451,-37.807228404245,89.796805173847,1394239001.848797,2.8493668349361090e-4,2.0871825659129225e-75,-2.4901414586101004e2,1.266633897719,a095_x+030,grid_node,supported,false
source:bto-bfo-medium:370024,bto-bfo-medium,370024,26502,arc1-current-polar-best-glide-equal-feed,452,-38.059466773634,89.525874543785,1394239084.720416,2.3727911119848156e-4,2.4534777527662844e-73,-2.4406425440819592e2,2.073080849235,a099_x+035,grid_node,supported,false
source:bto-bfo-medium:370024,bto-bfo-medium,370024,26558,arc1-current-polar-best-glide-equal-feed,453,-37.832471727014,89.890142323420,1394239028.448181,4.8605238706089305e-4,8.3991283144017060e-55,-2.0210418059269742e2,3.155879334135,a094_x+035,grid_node,supported,false
source:bto-bfo-medium:370024,bto-bfo-medium,370024,26617,arc1-current-polar-best-glide-equal-feed,454,-37.972576871920,89.587534591948,1394239014.258537,3.7237812205435250e-4,4.9043511794154727e-50,-1.9086285363398414e2,1.555817208743,a098_x+030,grid_node,supported,false
source:bto-bfo-medium:370024,bto-bfo-medium,370024,26676,arc1-current-polar-best-glide-equal-feed,455,-38.064966359538,89.720219267693,1394239125.627870,4.7235951062082139e-4,3.7959562423879300e-86,-2.7424993401080098e2,2.125911464041,a097_x+040,grid_node,supported,false
source:bto-bfo-medium:370024,bto-bfo-medium,370024,26740,arc1-current-polar-best-glide-equal-feed,456,-38.253711555230,89.214784489162,1394239005.223306,6.4959620366810506e-4,1.3510967279698021e-52,-1.9731367112268248e2,2.694348284078,a102_x+035,grid_node,supported,false
source:bto-bfo-medium:370024,bto-bfo-medium,370024,26802,arc1-current-polar-best-glide-equal-feed,457,-37.801219455530,90.198393945301,1394239129.895186,5.8598946798947668e-4,5.8751524382510040e-78,-2.5560801905960369e2,0.255909543999,a092_x+040,grid_node,supported,false
source:bto-bfo-medium:370024,bto-bfo-medium,370024,26855,arc1-current-polar-best-glide-equal-feed,458,-37.891367416905,89.985417482289,1394239105.003835,5.5132438830992106e-4,1.4577364717057024e-86,-2.7536156848510115e2,1.881566571078,a094_x+040,grid_node,supported,false
source:bto-bfo-medium:370024,bto-bfo-medium,370024,26911,arc1-current-polar-best-glide-equal-feed,459,-38.064011372821,89.637558792633,1394239093.131330,4.5343548358037472e-4,1.3211715319134113e-81,-2.6375153865746205e2,1.539009449258,a098_x+035,grid_node,supported,false
source:bto-bfo-medium:370024,bto-bfo-medium,370024,26970,arc1-current-polar-best-glide-equal-feed,460,-37.842585586938,89.843340422356,1394239051.994884,3.0006519292026550e-4,2.1980000315211206e-75,-2.4901414586101004e2,2.007644493679,a095_x+030,grid_node,supported,false
source:bto-bfo-medium:370024,bto-bfo-medium,370024,27028,arc1-current-polar-best-glide-equal-feed,461,-37.951063694096,89.856803738424,1394239129.695529,3.4263537218508032e-4,8.9584395746419919e-79,-2.5695210511219045e2,3.418423861177,a096_x+035,grid_node,supported,false
source:bto-bfo-medium:370024,bto-bfo-medium,370024,27088,arc1-current-polar-best-glide-equal-feed,462,-37.739618798179,89.727517315529,1394238981.429241,9.0887785043837404e-5,5.2526223834073929e-37,-1.5945035859747921e2,1.449024928342,a095_x+025,grid_node,supported,false
source:bto-bfo-medium:370024,bto-bfo-medium,370024,27148,arc1-current-polar-best-glide-equal-feed,463,-37.908764730891,89.849642852477,1394239066.987893,4.8774285319443307e-4,6.0438749107737972e-81,-2.6230394750754471e2,1.278400974215,a095_x+035,grid_node,supported,false
source:bto-bfo-medium:370024,bto-bfo-medium,370024,27211,arc1-current-polar-best-glide-equal-feed,464,-37.916284902031,89.827395449405,1394239073.870793,4.2506365027145657e-4,5.2671843667866696e-81,-2.6230394750754471e2,2.381386682703,a095_x+035,grid_node,supported,false
source:bto-bfo-medium:370024,bto-bfo-medium,370024,27269,arc1-current-polar-best-glide-equal-feed,465,-38.265631097915,89.277597569136,1394239128.298331,2.3309029978761509e-4,4.8480508289030712e-53,-1.9731367112268248e2,1.065505488009,a102_x+035,grid_node,supported,false
source:bto-bfo-medium:370024,bto-bfo-medium,370024,27324,arc1-current-polar-best-glide-equal-feed,466,-38.154511056747,89.650834821294,1394239157.613408,4.8033333545785306e-4,1.3443975816640280e-68,-2.3385813261330085e2,2.519707817513,a099_x+040,grid_node,supported,false
source:bto-bfo-medium:370024,bto-bfo-medium,370024,27378,arc1-current-polar-best-glide-equal-feed,467,-38.155892866245,89.139996857592,1394239035.502711,9.1777320865991423e-5,6.3194711137634934e-43,-1.7309070069232942e2,2.566714889649,a102_x+025,grid_node,supported,false
source:bto-bfo-medium:370024,bto-bfo-medium,370024,27439,arc1-current-polar-best-glide-equal-feed,468,-37.991391863113,89.674423287255,1394239060.629188,4.2633871098469019e-4,1.2380332153816681e-85,-2.7296525502327205e2,1.297827622399,a097_x+035,grid_node,supported,false
source:bto-bfo-medium:370024,bto-bfo-medium,370024,27494,arc1-current-polar-best-glide-equal-feed,469,-37.961409123583,89.860467769829,1394239069.382741,7.1949043168018621e-4,2.6574396263325046e-105,-3.1877642687528567e2,2.987719621658,a096_x+040,grid_node,supported,false
source:bto-bfo-medium:370024,bto-bfo-medium,370024,27549,arc1-current-polar-best-glide-equal-feed,470,-37.771098254240,89.922866929660,1394239014.368140,3.8452154800937678e-4,1.4167890084593575e-82,-2.6581939640106884e2,1.472709788843,a094_x+030,grid_node,supported,false
source:bto-bfo-medium:370024,bto-bfo-medium,370024,27608,arc1-current-polar-best-glide-equal-feed,471,-38.074539192214,89.856657224939,1394239167.138756,6.1730443559264859e-4,2.2099835125874862e-95,-2.9578177309014421e2,2.580357167975,a096_x+045,grid_node,supported,false
source:bto-bfo-medium:370024,bto-bfo-medium,370024,27681,arc1-current-polar-best-glide-equal-feed,472,-37.607841429894,89.503000275483,1394238792.315095,3.3952975731409464e-5,2.2607332871830344e-10,-9.7138950202497867e1,1.561227138663,a096_x+010,grid_node,supported,false
source:bto-bfo-medium:370024,bto-bfo-medium,370024,27739,arc1-current-polar-best-glide-equal-feed,473,-38.629058138009,88.681291042658,1394239084.665700,5.1138248884720111e-4,6.9128998391341240e-119,-3.4971516667487350e2,2.216351290136,a109_x+035,grid_node,supported,false
source:bto-bfo-medium:370024,bto-bfo-medium,370024,27794,arc1-current-polar-best-glide-equal-feed,474,-38.209334779259,89.172813498370,1394238991.165683,4.3382544027111648e-4,9.7336125989946483e-49,-1.8802753868266777e2,2.433371645873,a102_x+030,grid_node,supported,false
source:bto-bfo-medium:370024,bto-bfo-medium,370024,27850,arc1-current-polar-best-glide-equal-feed,475,-38.227997481752,89.332306018589,1394239107.909966,3.0712874239106555e-4,1.7794943542789915e-57,-2.0780210005934345e2,2.384999448385,a101_x+035,grid_node,supported,false
source:bto-bfo-medium:370024,bto-bfo-medium,370024,27911,arc1-current-polar-best-glide-equal-feed,476,-37.641317122116,90.048465279139,1394239030.402502,1.7062311618106719e-4,4.0603713756254036e-60,-2.1329710025956146e2,1.840137081402,a092_x+030,grid_node,supported,false
source:bto-bfo-medium:370024,bto-bfo-medium,370024,27970,arc1-current-polar-best-glide-equal-feed,477,-37.848936256529,89.856124711685,1394239055.352598,3.3229806446762316e-4,2.4341082318345234e-75,-2.4901414586101004e2,2.722050161886,a095_x+030,grid_node,supported,false
source:bto-bfo-medium:370024,bto-bfo-medium,370024,28026,arc1-current-polar-best-glide-equal-feed,478,-38.305865902367,89.404154454572,1394239125.952315,6.8267815427408400e-4,1.4860642160076120e-37,-1.6272935280231178e2,2.749886859394,a101_x+040,grid_node,supported,false
source:bto-bfo-medium:370024,bto-bfo-medium,370024,28085,arc1-current-polar-best-glide-equal-feed,479,-38.389258239424,88.651622522953,1394238940.729770,2.1536820436597590e-4,1.7300715883469273e-59,-2.1208051883622826e2,1.323599776914,a108_x+025,grid_node,supported,false
source:bto-bfo-medium:370024,bto-bfo-medium,370024,28140,arc1-current-polar-best-glide-equal-feed,480,-37.756880109087,89.799756948024,1394239016.002687,1.2784514992044891e-4,7.3884768537196333e-37,-1.5945035859747921e2,2.706424583607,a095_x+025,grid_node,supported,false
source:bto-bfo-medium:370024,bto-bfo-medium,370024,28195,arc1-current-polar-best-glide-equal-feed,481,-38.110883153376,89.394523982761,1394239031.475192,3.7915767098749590e-4,3.4557368618723662e-37,-1.6129737686524533e2,2.079895472812,a100_x+030,grid_node,supported,false
source:bto-bfo-medium:370024,bto-bfo-medium,370024,28251,arc1-current-polar-best-glide-equal-feed,482,-37.811641136068,89.635978903455,1394238907.950207,3.3031184735491878e-4,2.5512348471923558e-22,-1.2692414374632884e2,1.107690096930,a096_x+025,grid_node,supported,false
source:bto-bfo-medium:370024,bto-bfo-medium,370024,28313,arc1-current-polar-best-glide-equal-feed,483,-38.105414798557,89.156022569826,1394238905.419627,3.5542890052691327e-4,2.4473613401248295e-42,-1.7309070069232942e2,0.621040287356,a102_x+025,grid_node,supported,false
source:bto-bfo-medium:370024,bto-bfo-medium,370024,28372,arc1-current-polar-best-glide-equal-feed,484,-37.746855962846,89.766158031639,1394238987.678227,1.3333096261264698e-4,7.7055150841519315e-37,-1.5945035859747921e2,1.372392890392,a095_x+025,grid_node,supported,false
source:bto-bfo-medium:370024,bto-bfo-medium,370024,28432,arc1-current-polar-best-glide-equal-feed,485,-37.986753062901,89.496239303630,1394239033.547543,1.7868030394351312e-4,6.5207732366815287e-72,-2.4050054392561012e2,2.669182409704,a099_x+030,grid_node,supported,false
source:bto-bfo-medium:370024,bto-bfo-medium,370024,28495,arc1-current-polar-best-glide-equal-feed,486,-38.116779378399,89.742072087336,1394239158.329979,5.5835824885172309e-4,2.6759539183207388e-89,-2.8167458013011202e2,2.898338387864,a098_x+040,grid_node,supported,false
source:bto-bfo-medium:370024,bto-bfo-medium,370024,28556,arc1-current-polar-best-glide-equal-feed,487,-38.473473770264,88.354390241414,1394238909.182493,1.0986849801723749e-4,9.5227872998218329e-128,-3.6858030048776385e2,2.330736668085,a111_x+020,grid_node,supported,false
source:bto-bfo-medium:370024,bto-bfo-medium,370024,28618,arc1-current-polar-best-glide-equal-feed,488,-38.315852761424,89.006512230676,1394239059.798110,1.8937448789435913e-4,1.2176896649474993e-61,-2.1690827379456579e2,2.591272583960,a105_x+030,grid_node,supported,false
source:bto-bfo-medium:370024,bto-bfo-medium,370024,28682,arc1-current-polar-best-glide-equal-feed,489,-38.311377785622,88.842560281119,1394238976.694984,1.9544983517340674e-4,4.4063300471277600e-53,-1.9723308351946386e2,1.705088459592,a106_x+025,grid_node,supported,false
source:bto-bfo-medium:370024,bto-bfo-medium,370024,28743,arc1-current-polar-best-glide-equal-feed,490,-38.545693229530,88.893101695896,1394239103.536527,5.7084183083269170e-4,1.9009932507733146e-89,-2.8203862092681055e2,1.081559897721,a107_x+040,grid_node,supported,false
source:bto-bfo-medium:370024,bto-bfo-medium,370024,28800,arc1-current-polar-best-glide-equal-feed,491,-38.160010640048,89.627117046832,1394239104.527546,7.3871524354850171e-4,2.0675787284642901e-68,-2.3385813261330085e2,1.379460327311,a099_x+040,grid_node,supported,false
source:bto-bfo-medium:370024,bto-bfo-medium,370024,28857,arc1-current-polar-best-glide-equal-feed,492,-38.417626372989,88.876356446671,1394239054.472973,2.9280312066413299e-4,6.3191983978274936e-57,-2.0648707037236599e2,2.509670732917,a106_x+030,grid_node,supported,false
source:bto-bfo-medium:370024,bto-bfo-medium,370024,28911,arc1-current-polar-best-glide-equal-feed,493,-37.648339269609,89.941254707813,1394238993.804586,1.3522576869260495e-4,1.6180419557187351e-52,-1.9556396582506849e2,1.283502321939,a093_x+025,grid_node,supported,false
source:bto-bfo-medium:370024,bto-bfo-medium,370024,28971,arc1-current-polar-best-glide-equal-feed,494,-38.561951885410,88.419193012199,1394238950.735260,3.1262972199386387e-4,6.4362406612828156e-121,-3.5389968312027770e2,2.445471620173,a111_x+025,grid_node,supported,false
source:bto-bfo-medium:370024,bto-bfo-medium,370024,29025,arc1-current-polar-best-glide-equal-feed,495,-37.966278209204,89.906579576707,1394239106.321840,6.5299365052056628e-4,2.7190073113299582e-77,-2.5418416470759121e2,1.238446393041,a095_x+040,grid_node,supported,false
source:bto-bfo-medium:370024,bto-bfo-medium,370024,29077,arc1-current-polar-best-glide-equal-feed,496,-37.685514888907,90.281898660006,1394239156.320441,2.3033842569372042e-4,3.8245114461351075e-65,-2.2516996195150057e2,3.205609798479,a090_x+035,grid_node,supported,false
source:bto-bfo-medium:370024,bto-bfo-medium,370024,29132,arc1-current-polar-best-glide-equal-feed,497,-37.989001386033,89.820818041747,1394239117.622876,4.7040228606975000e-4,1.7374319661206932e-105,-3.1877642687528567e2,1.817060908061,a096_x+040,grid_node,supported,false
source:bto-bfo-medium:370024,bto-bfo-medium,370024,29184,arc1-current-polar-best-glide-equal-feed,498,-38.660929259261,88.759572145153,1394239083.924219,8.1885979664265984e-4,2.7761785771627287e-86,-2.7511296750468819e2,1.496735909224,a109_x+040,grid_node,supported,false
source:bto-bfo-medium:370024,bto-bfo-medium,370024,29241,arc1-current-polar-best-glide-equal-feed,499,-38.469483611694,88.862580523193,1394239054.701691,4.4562699784310070e-4,9.4228890209686392e-74,-2.4565144942026046e2,1.600562882967,a107_x+035,grid_node,supported,false
source:bto-bfo-medium:370024,bto-bfo-medium,370024,29296,arc1-current-polar-best-glide-equal-feed,500,-37.847876290041,89.967625679380,1394239074.926824,4.8941159453133197e-4,8.4571764082491482e-55,-2.0210418059269742e2,0.675701746951,a094_x+035,grid_node,supported,false
source:bto-bfo-medium:370024,bto-bfo-medium,370024,29354,arc1-current-polar-best-glide-equal-feed,501,-38.457016727546,89.070386282109,1394239085.978419,7.1616538655461931e-4,3.2392413883189208e-67,-2.3107558519071165e2,0.464870394838,a105_x+040,grid_node,supported,false
source:bto-bfo-medium:370024,bto-bfo-medium,370024,29409,arc1-current-polar-best-glide-equal-feed,502,-38.033335485658,89.562948822753,1394239079.151982,2.5519032820629756e-4,7.4354612520312787e-82,-2.6375153865746205e2,2.682378609837,a098_x+035,grid_node,supported,false
source:bto-bfo-medium:370024,bto-bfo-medium,370024,29466,arc1-current-polar-best-glide-equal-feed,503,-37.902683751472,89.524527786733,1394238938.997622,2.8614209559890414e-4,1.4726386447752434e-42,-1.7338181863878640e2,1.606564105606,a098_x+025,grid_node,supported,false
source:bto-bfo-medium:370024,bto-bfo-medium,370024,29526,arc1-current-polar-best-glide-equal-feed,504,-37.968478717201,89.826352839929,1394239074.543331,6.3370933684292214e-4,1.6568770368889943e-78,-2.5695210511219045e2,2.453696018178,a096_x+035,grid_node,supported,false
source:bto-bfo-medium:370024,bto-bfo-medium,370024,29593,arc1-current-polar-best-glide-equal-feed,505,-37.887654096527,89.951858020139,1394239045.797062,7.5791208005758200e-4,1.3096943829310349e-54,-2.0210418059269742e2,2.760096898967,a094_x+035,grid_node,supported,false
source:bto-bfo-medium:370024,bto-bfo-medium,370024,29650,arc1-current-polar-best-glide-equal-feed,506,-37.660900422839,89.965370660700,1394239018.205044,1.3544674911620202e-4,1.6206860937423753e-52,-1.9556396582506849e2,2.366380519467,a093_x+025,grid_node,supported,false
source:bto-bfo-medium:370024,bto-bfo-medium,370024,29702,arc1-current-polar-best-glide-equal-feed,507,-37.638973279519,89.961524901330,1394238995.446310,1.3860025364277465e-4,1.6584193059908641e-52,-1.9556396582506849e2,2.390897039366,a093_x+025,grid_node,supported,false
source:bto-bfo-medium:370024,bto-bfo-medium,370024,29772,arc1-current-polar-best-glide-equal-feed,508,-38.474773074866,87.842383815778,1394238694.706647,4.5314910072674508e-5,6.7916839811758650e-199,-5.3151618270099186e2,3.036763723677,a115_x+005,grid_node,supported,false
source:bto-bfo-medium:370024,bto-bfo-medium,370024,29832,arc1-current-polar-best-glide-equal-feed,509,-38.003195311482,89.549495730714,1394239076.017752,1.6402348887791340e-4,2.1602471882406235e-50,-1.9086285363398414e2,1.606152630930,a098_x+030,grid_node,supported,false
source:bto-bfo-medium:370024,bto-bfo-medium,370024,29892,arc1-current-polar-best-glide-equal-feed,510,-38.454140804660,88.509691849867,1394238996.302476,6.7817916004210489e-5,1.3819525656001087e-104,-3.1476599067351987e2,1.662377533266,a109_x+025,grid_node,supported,false
source:bto-bfo-medium:370024,bto-bfo-medium,370024,29951,arc1-current-polar-best-glide-equal-feed,511,-37.908291823683,89.114157673333,1394238772.674495,1.4709659833454951e-4,5.5401206242564903e-51,-1.9211472496732932e2,1.202067291738,a101_x+015,grid_node,supported,false
source:bto-bfo-medium:370025,bto-bfo-medium,370025,36,arc1-current-polar-best-glide-equal-feed,0,-38.479414647939,89.055435343353,1394239126.160410,5.5054074730014079e-4,2.4901152835520914e-67,-2.3107558519071165e2,1.441046443941,a105_x+040,grid_node,supported,false
source:bto-bfo-medium:370025,bto-bfo-medium,370025,90,arc1-current-polar-best-glide-equal-feed,1,-37.653041366741,90.118378649924,1394239022.268650,3.6792971829888681e-4,1.8801606182867619e-49,-1.8950701628129951e2,2.476526521141,a091_x+030,grid_node,supported,false
source:bto-bfo-medium:370025,bto-bfo-medium,370025,149,arc1-current-polar-best-glide-equal-feed,2,-38.227757199006,89.550459788053,1394239136.137698,6.6087184286920525e-4,2.1831298523794762e-55,-2.0375879248876291e2,2.013557232155,a100_x+040,grid_node,supported,false
source:bto-bfo-medium:370025,bto-bfo-medium,370025,213,arc1-current-polar-best-glide-equal-feed,3,-38.503997019287,88.565426450660,1394238975.487660,2.9621371142001126e-4,2.9309764681743787e-112,-3.3390908797008245e2,2.304117495729,a109_x+030,grid_node,supported,false
source:bto-bfo-medium:370025,bto-bfo-medium,370025,279,arc1-current-polar-best-glide-equal-feed,4,-38.042931453613,89.618593910126,1394239076.178406,4.1914708077130883e-4,1.2212656725209428e-81,-2.6375153865746205e2,0.032988820827,a098_x+035,grid_node,supported,false
source:bto-bfo-medium:370025,bto-bfo-medium,370025,347,arc1-current-polar-best-glide-equal-feed,5,-37.580357200798,90.447087907598,1394239142.032279,2.9445328484349972e-4,1.4375051409776240e-46,-1.8264493756889775e2,3.017742979364,a088_x+035,grid_node,supported,false
source:bto-bfo-medium:370025,bto-bfo-medium,370025,404,arc1-current-polar-best-glide-equal-feed,6,-37.980515068470,89.712234097956,1394239027.901951,6.3252503937860410e-4,1.8367720034211482e-85,-2.7296525502327205e2,0.924898821199,a097_x+035,grid_node,supported,false
source:bto-bfo-medium:370025,bto-bfo-medium,370025,462,arc1-current-polar-best-glide-equal-feed,7,-37.749906868809,89.858419103271,1394239065.625881,8.1938825979587312e-5,3.0190773082788726e-83,-2.6581939640106884e2,2.221976876522,a094_x+030,grid_node,supported,false
source:bto-bfo-medium:370025,bto-bfo-medium,370025,521,arc1-current-polar-best-glide-equal-feed,8,-38.517299944795,89.125823322067,1394239135.024473,8.1766925076022599e-4,1.1590701581329366e-54,-2.0230224683772846e2,0.988557378308,a105_x+045,grid_node,supported,false
source:bto-bfo-medium:370025,bto-bfo-medium,370025,574,arc1-current-polar-best-glide-equal-feed,9,-38.133229133394,89.629490688714,1394239140.064442,4.4765480641830368e-4,1.2529341495638399e-68,-2.3385813261330085e2,2.186415638552,a099_x+040,grid_node,supported,false
source:bto-bfo-medium:370025,bto-bfo-medium,370025,626,arc1-current-polar-best-glide-equal-feed,10,-37.950696701654,89.644730411750,1394239057.118872,2.3344931615578454e-4,1.2220572376832008e-57,-2.0790359158977330e2,1.457057176568,a097_x+030,grid_node,supported,false
source:bto-bfo-medium:370025,bto-bfo-medium,370025,677,arc1-current-polar-best-glide-equal-feed,11,-37.888162996586,89.732154450002,1394239046.991034,2.4738197362356260e-4,4.0217329419685473e-40,-1.6762643641994413e2,0.818504327742,a096_x+030,grid_node,supported,false
source:bto-bfo-medium:370025,bto-bfo-medium,370025,733,arc1-current-polar-best-glide-equal-feed,12,-38.333592620534,89.027352361792,1394239039.405616,3.6928830204179420e-4,3.3674304778398272e-45,-1.7971756884200190e2,3.327236465368,a104_x+030,grid_node,supported,false
source:bto-bfo-medium:370025,bto-bfo-medium,370025,795,arc1-current-polar-best-glide-equal-feed,13,-38.022071009437,89.742526661006,1394239119.924582,3.9794874557636179e-4,3.1979794858700166e-86,-2.7424993401080098e2,2.513736167233,a097_x+040,grid_node,supported,false
source:bto-bfo-medium:370025,bto-bfo-medium,370025,846,arc1-current-polar-best-glide-equal-feed,14,-37.737639111667,90.162210157882,1394239129.108114,2.7257796171126724e-4,7.9431276573653612e-68,-2.3151521588159665e2,1.601057928663,a092_x+035,grid_node,supported,false
source:bto-bfo-medium:370025,bto-bfo-medium,370025,899,arc1-current-polar-best-glide-equal-feed,15,-38.399863736345,88.999229570432,1394239002.780440,7.3912768712270705e-4,1.0388431519427827e-49,-1.9079784450225770e2,0.814352723569,a105_x+035,grid_node,supported,false
source:bto-bfo-medium:370025,bto-bfo-medium,370025,952,arc1-current-polar-best-glide-equal-feed,16,-37.867096155952,89.794846040662,1394239046.321725,3.1070361927950610e-4,2.2759273020764715e-75,-2.4901414586101004e2,2.458058844875,a095_x+030,grid_node,supported,false
source:bto-bfo-medium:370025,bto-bfo-medium,370025,1007,arc1-current-polar-best-glide-equal-feed,17,-38.120724892166,89.081779453206,1394238981.016130,8.5236123013135860e-5,2.9110244993373366e-41,-1.6918672105090940e2,2.684305660765,a103_x+025,grid_node,supported,false
source:bto-bfo-medium:370025,bto-bfo-medium,370025,1072,arc1-current-polar-best-glide-equal-feed,18,-38.798552503316,87.954688833901,1394238909.949923,4.1476183591038766e-4,5.5007241356074728e-188,-5.0861263420040655e2,1.152058885988,a116_x+025,grid_node,supported,false
source:bto-bfo-medium:370025,bto-bfo-medium,370025,1133,arc1-current-polar-best-glide-equal-feed,19,-38.739437295268,88.318480151320,1394239051.100006,3.2718727867965910e-4,1.1546550069913963e-142,-4.0401762632167322e2,2.810338470896,a113_x+035,grid_node,supported,false
source:bto-bfo-medium:370025,bto-bfo-medium,370025,1203,arc1-current-polar-best-glide-equal-feed,20,-37.705732276223,90.118557001465,1394239122.156758,1.5229665944018825e-4,4.4380396717661084e-68,-2.3151521588159665e2,1.818218152741,a092_x+035,grid_node,supported,false
source:bto-bfo-medium:370025,bto-bfo-medium,370025,1267,arc1-current-polar-best-glide-equal-feed,21,-38.220520034775,88.416965055871,1394238698.056536,1.2762476020077766e-4,4.2457742016855039e-62,-2.1756725797637355e2,1.818299837046,a108_x+010,grid_node,supported,false
source:bto-bfo-medium:370025,bto-bfo-medium,370025,1329,arc1-current-polar-best-glide-equal-feed,22,-38.160739517933,89.528584945083,1394239138.505583,3.3650643919882020e-4,1.1116183279096754e-55,-2.0375879248876291e2,3.015819025419,a100_x+040,grid_node,supported,false
source:bto-bfo-medium:370025,bto-bfo-medium,370025,1388,arc1-current-polar-best-glide-equal-feed,23,-37.964461875289,89.379135060925,1394238952.559797,1.7798059619171804e-4,3.3964215896495702e-44,-1.7667650821817557e2,1.406907791817,a099_x+025,grid_node,supported,false
source:bto-bfo-medium:370025,bto-bfo-medium,370025,1458,arc1-current-polar-best-glide-equal-feed,24,-38.118378772792,88.484957414174,1394238739.297090,1.9091508133792940e-5,1.9907979756581293e-49,-1.8649118963741526e2,1.921773839836,a107_x+005,grid_node,supported,false
source:bto-bfo-medium:370025,bto-bfo-medium,370025,1521,arc1-current-polar-best-glide-equal-feed,25,-38.238150483883,89.330343602159,1394239094.506633,4.0892870826481591e-4,8.5053181744240322e-53,-1.9731367112268248e2,2.841778745020,a102_x+035,grid_node,supported,false
source:bto-bfo-medium:370025,bto-bfo-medium,370025,1582,arc1-current-polar-best-glide-equal-feed,26,-38.028901872143,89.468222679501,1394238987.772336,4.2701511042031204e-4,1.5583523433940948e-71,-2.4050054392561012e2,0.204101243308,a099_x+030,grid_node,supported,false
source:bto-bfo-medium:370025,bto-bfo-medium,370025,1639,arc1-current-polar-best-glide-equal-feed,27,-39.564675131349,86.866529379200,1394238950.095618,9.4561729457836121e-4,0.0000000000000000e0,,,,,out_of_support,false
source:bto-bfo-medium:370025,bto-bfo-medium,370025,1702,arc1-current-polar-best-glide-equal-feed,28,-37.857095371333,88.943341626208,1394238723.816991,2.8277566140456286e-5,1.0308003113504296e-21,-1.2306983222142719e2,2.165194531417,a102_x+005,grid_node,supported,false
source:bto-bfo-medium:370025,bto-bfo-medium,370025,1758,arc1-current-polar-best-glide-equal-feed,29,-37.871412422973,89.864849042145,1394239072.515220,3.5855493931588557e-4,4.4430404006380167e-81,-2.6230394750754471e2,1.351635449559,a095_x+035,grid_node,supported,false
source:bto-bfo-medium:370025,bto-bfo-medium,370025,1806,arc1-current-polar-best-glide-equal-feed,30,-37.950034376528,89.869614317709,1394239094.344465,5.5913440956371311e-4,2.3281858045754639e-77,-2.5418416470759121e2,3.000781673436,a095_x+040,grid_node,supported,false
source:bto-bfo-medium:370025,bto-bfo-medium,370025,1860,arc1-current-polar-best-glide-equal-feed,31,-38.389147009806,88.942620007890,1394239061.217530,2.8999085917297756e-4,5.0677806624055589e-60,-2.1360586399543325e2,3.329608620297,a106_x+035,grid_node,supported,false
source:bto-bfo-medium:370025,bto-bfo-medium,370025,1911,arc1-current-polar-best-glide-equal-feed,32,-38.168115944097,89.419610665701,1394239082.577630,4.0659542359584887e-4,4.9326832028449501e-64,-2.2318119349323791e2,2.113775549935,a100_x+035,grid_node,supported,false
source:bto-bfo-medium:370025,bto-bfo-medium,370025,1969,arc1-current-polar-best-glide-equal-feed,33,-37.845849440384,89.588963707741,1394238885.374529,4.3806032344804162e-4,2.3425597418741994e-31,-1.4801506226619924e2,1.073611604823,a097_x+025,grid_node,supported,false
source:bto-bfo-medium:370025,bto-bfo-medium,370025,2038,arc1-current-polar-best-glide-equal-feed,34,-38.222661546186,89.456021581227,1394239113.787228,5.5176445744669050e-4,1.2010892845227707e-37,-1.6272935280231178e2,2.833183470845,a101_x+040,grid_node,supported,false
source:bto-bfo-medium:370025,bto-bfo-medium,370025,2104,arc1-current-polar-best-glide-equal-feed,35,-37.880379104481,89.514512451606,1394238903.800339,3.2653649044569002e-4,1.6805295765837154e-42,-1.7338181863878640e2,2.085852260733,a098_x+025,grid_node,supported,false
source:bto-bfo-medium:370025,bto-bfo-medium,370025,2164,arc1-current-polar-best-glide-equal-feed,36,-38.007450277117,89.379959955206,1394238900.685531,5.1840834477817025e-4,3.1721333859744742e-71,-2.3998371248671029e2,2.618486575488,a100_x+025,grid_node,supported,false
source:bto-bfo-medium:370025,bto-bfo-medium,370025,2231,arc1-current-polar-best-glide-equal-feed,37,-37.683786526830,90.135053058705,1394239092.074862,2.2432797946812894e-4,6.5370867360205920e-68,-2.3151521588159665e2,3.086302690344,a092_x+035,grid_node,supported,false
source:bto-bfo-medium:370025,bto-bfo-medium,370025,2281,arc1-current-polar-best-glide-equal-feed,38,-38.005594816408,89.391638335761,1394239019.583510,1.1962851178436531e-4,2.2828829032822811e-44,-1.7667650821817557e2,2.840568153768,a099_x+025,grid_node,supported,false
source:bto-bfo-medium:370025,bto-bfo-medium,370025,2335,arc1-current-polar-best-glide-equal-feed,39,-38.054755296678,89.569534947132,1394239082.805292,3.1685693013880302e-4,9.2322363588173549e-82,-2.6375153865746205e2,2.400686886888,a098_x+035,grid_node,supported,false
source:bto-bfo-medium:370025,bto-bfo-medium,370025,2396,arc1-current-polar-best-glide-equal-feed,40,-38.259552459082,89.261118020936,1394239073.574415,4.3417215531879290e-4,9.0303572452301253e-53,-1.9731367112268248e2,0.824339743287,a102_x+035,grid_node,supported,false
source:bto-bfo-medium:370025,bto-bfo-medium,370025,2455,arc1-current-polar-best-glide-equal-feed,41,-38.383763824023,89.386343486336,1394239110.663617,9.3406826204221955e-4,4.4588786895614628e-59,-2.1260098468437653e2,0.412217716465,a102_x+045,grid_node,supported,false
source:bto-bfo-medium:370025,bto-bfo-medium,370025,2508,arc1-current-polar-best-glide-equal-feed,42,-38.192237040078,89.450839790559,1394239111.959318,4.1289443264074996e-4,5.0091007282453701e-64,-2.2318119349323791e2,2.945556202450,a100_x+035,grid_node,supported,false
source:bto-bfo-medium:370025,bto-bfo-medium,370025,2572,arc1-current-polar-best-glide-equal-feed,43,-38.169236755811,89.307306062355,1394239044.409240,3.4570488467613601e-4,8.9844123702921295e-48,-1.8557799081944603e2,2.430735909816,a101_x+030,grid_node,supported,false
source:bto-bfo-medium:370025,bto-bfo-medium,370025,2632,arc1-current-polar-best-glide-equal-feed,44,-37.795666039424,90.055916788252,1394239070.522920,5.2931797433048192e-4,7.4111699169672481e-74,-2.4606370990414865e2,0.737800973443,a093_x+035,grid_node,supported,false
source:bto-bfo-medium:370025,bto-bfo-medium,370025,2691,arc1-current-polar-best-glide-equal-feed,45,-37.760866647097,89.486152242128,1394238763.725156,3.9744043853454227e-4,4.8027928931244127e-20,-1.2187136133714279e2,2.337045325095,a097_x+020,grid_node,supported,false
source:bto-bfo-medium:370025,bto-bfo-medium,370025,2761,arc1-current-polar-best-glide-equal-feed,46,-38.838728539550,88.328638613417,1394239089.830318,5.3557423168780504e-4,2.4117984316624696e-144,-4.0837903218227547e2,2.420532103473,a113_x+040,grid_node,supported,false
source:bto-bfo-medium:370025,bto-bfo-medium,370025,2821,arc1-current-polar-best-glide-equal-feed,47,-37.889081091238,89.739683490483,1394239032.346414,3.2792710973431847e-4,5.3311696097545883e-40,-1.6762643641994413e2,1.099589792684,a096_x+030,grid_node,supported,false
source:bto-bfo-medium:370025,bto-bfo-medium,370025,2879,arc1-current-polar-best-glide-equal-feed,48,-38.490309131818,89.044507231308,1394239167.553102,3.5062592776081416e-4,1.5858934798351138e-67,-2.3107558519071165e2,2.268416917578,a105_x+040,grid_node,supported,false
source:bto-bfo-medium:370025,bto-bfo-medium,370025,2945,arc1-current-polar-best-glide-equal-feed,49,-38.117540765888,89.186161552854,1394238955.640879,2.7560041042048832e-4,1.8976897736388563e-42,-1.7309070069232942e2,1.818051292877,a102_x+025,grid_node,supported,false
source:bto-bfo-medium:370025,bto-bfo-medium,370025,3003,arc1-current-polar-best-glide-equal-feed,50,-37.907020904048,89.676738189887,1394239043.150125,2.2017450645426485e-4,1.1525664482401474e-57,-2.0790359158977330e2,2.162205460608,a097_x+030,grid_node,supported,false
source:bto-bfo-medium:370025,bto-bfo-medium,370025,3057,arc1-current-polar-best-glide-equal-feed,51,-37.845445470548,89.502883385072,1394238917.190324,1.6300640218675411e-4,1.9698196611371542e-20,-1.2187136133714279e2,3.140343082547,a097_x+020,grid_node,supported,false
source:bto-bfo-medium:370025,bto-bfo-medium,370025,3111,arc1-current-polar-best-glide-equal-feed,52,-38.038206522766,89.722866446729,1394239098.565655,5.4105267697132620e-4,4.3479854653727270e-86,-2.7424993401080098e2,2.377388449192,a097_x+040,grid_node,supported,false
source:bto-bfo-medium:370025,bto-bfo-medium,370025,3160,arc1-current-polar-best-glide-equal-feed,53,-38.161040443833,89.573082478976,1394239114.136247,5.7007196284534004e-4,1.5955656450393637e-68,-2.3385813261330085e2,1.173661521960,a099_x+040,grid_node,supported,false
source:bto-bfo-medium:370025,bto-bfo-medium,370025,3214,arc1-current-polar-best-glide-equal-feed,54,-38.355095493823,89.029778522302,1394239021.372590,5.4692676949666917e-4,7.6870497344999631e-50,-1.9079784450225770e2,2.494114881936,a105_x+035,grid_node,supported,false
source:bto-bfo-medium:370025,bto-bfo-medium,370025,3266,arc1-current-polar-best-glide-equal-feed,55,-38.133413809695,89.403367637562,1394239027.510293,5.1187931706841820e-4,6.2099530950376678e-64,-2.2318119349323791e2,2.334288139881,a100_x+035,grid_node,supported,false
source:bto-bfo-medium:370025,bto-bfo-medium,370025,3331,arc1-current-polar-best-glide-equal-feed,56,-38.639859125257,88.525805392448,1394239023.995587,5.2467797519036897e-4,1.1535225740243277e-107,-3.2390038127170106e2,2.345701497256,a110_x+035,grid_node,supported,false
source:bto-bfo-medium:370025,bto-bfo-medium,370025,3386,arc1-current-polar-best-glide-equal-feed,57,-38.341721745451,89.464037311917,1394239131.173671,8.9279426757230874e-4,1.0756280929128571e-53,-2.0016227333212166e2,1.313877917915,a101_x+045,grid_node,supported,false
source:bto-bfo-medium:370025,bto-bfo-medium,370025,3450,arc1-current-polar-best-glide-equal-feed,58,-37.783583510567,90.093367995993,1394239098.090721,4.3282550601086962e-4,6.0601444216988370e-74,-2.4606370990414865e2,2.345568130627,a093_x+035,grid_node,supported,false
source:bto-bfo-medium:370025,bto-bfo-medium,370025,3514,arc1-current-polar-best-glide-equal-feed,59,-38.059530976495,89.743773229262,1394239108.904923,6.1217856842119868e-4,4.9195644546255312e-86,-2.7424993401080098e2,0.992908870361,a097_x+040,grid_node,supported,false
source:bto-bfo-medium:370025,bto-bfo-medium,370025,3566,arc1-current-polar-best-glide-equal-feed,60,-37.875002477500,89.528100367510,1394238903.181701,3.3541801656957658e-4,1.7936724698793151e-31,-1.4801506226619924e2,2.419611658286,a097_x+025,grid_node,supported,false
source:bto-bfo-medium:370025,bto-bfo-medium,370025,3623,arc1-current-polar-best-glide-equal-feed,61,-37.832341068133,89.794082560560,1394239037.852821,2.3176252210140789e-4,1.6976778476924746e-75,-2.4901414586101004e2,0.640101753335,a095_x+030,grid_node,supported,false
source:bto-bfo-medium:370025,bto-bfo-medium,370025,3673,arc1-current-polar-best-glide-equal-feed,62,-37.726025801573,89.827064726636,1394238988.809748,1.6040482326459590e-4,1.9370624081053709e-32,-1.4950306313415925e2,1.022087825701,a094_x+025,grid_node,supported,false
source:bto-bfo-medium:370025,bto-bfo-medium,370025,3735,arc1-current-polar-best-glide-equal-feed,63,-38.450283690663,88.745518851060,1394238954.040023,5.8082971438802025e-4,7.4175316708135780e-49,-1.8859109283312725e2,2.337190008545,a107_x+030,grid_node,supported,false
source:bto-bfo-medium:370025,bto-bfo-medium,370025,3802,arc1-current-polar-best-glide-equal-feed,64,-37.685431767211,89.382400132291,1394238758.227171,7.1149647797509393e-5,5.2649922142079016e-10,-9.7033368633518478e1,1.508933905821,a097_x+010,grid_node,supported,false
source:bto-bfo-medium:370025,bto-bfo-medium,370025,3861,arc1-current-polar-best-glide-equal-feed,65,-38.221575615584,89.308423534556,1394239099.199679,2.8343384199611886e-4,5.8951473908632123e-53,-1.9731367112268248e2,2.375735126100,a102_x+035,grid_node,supported,false
source:bto-bfo-medium:370025,bto-bfo-medium,370025,3925,arc1-current-polar-best-glide-equal-feed,66,-38.969966281158,87.787196025354,1394238977.518198,4.4524774067746805e-4,7.0941378722645194e-189,-5.1073175662853436e2,1.176134070552,a118_x+030,grid_node,supported,false
source:bto-bfo-medium:370025,bto-bfo-medium,370025,3985,arc1-current-polar-best-glide-equal-feed,67,-37.893883292204,89.643195002355,1394238899.910869,7.0639160128630081e-4,3.6978089428820883e-57,-2.0790359158977330e2,1.994039336203,a097_x+030,grid_node,supported,false
source:bto-bfo-medium:370025,bto-bfo-medium,370025,4045,arc1-current-polar-best-glide-equal-feed,68,-38.450311765961,88.509346365390,1394238977.156515,8.8986636637713594e-5,1.8133159797770481e-104,-3.1476599067351987e2,1.723841412923,a109_x+025,grid_node,supported,false
source:bto-bfo-medium:370025,bto-bfo-medium,370025,4103,arc1-current-polar-best-glide-equal-feed,69,-38.761088997359,87.454778803473,1394238686.270737,1.8166722575945320e-4,2.9546278057481506e-181,-4.9229051772262073e2,2.386684824497,a119_x+010,grid_node,supported,false
source:bto-bfo-medium:370025,bto-bfo-medium,370025,4166,arc1-current-polar-best-glide-equal-feed,70,-37.846782363818,89.794734537530,1394238980.061132,5.2598209438145885e-4,3.8528582698265367e-75,-2.4901414586101004e2,1.294321747374,a095_x+030,grid_node,supported,false
source:bto-bfo-medium:370025,bto-bfo-medium,370025,4218,arc1-current-polar-best-glide-equal-feed,71,-38.058608609618,89.421389259654,1394239038.501566,2.3332461118732778e-4,2.1265782584909806e-37,-1.6129737686524533e2,1.914999325407,a100_x+030,grid_node,supported,false
source:bto-bfo-medium:370025,bto-bfo-medium,370025,4272,arc1-current-polar-best-glide-equal-feed,72,-38.117638631914,89.321246865907,1394239081.439964,1.0676131121786879e-4,2.7745851669785534e-48,-1.8557799081944603e2,1.221919738051,a101_x+030,grid_node,supported,false
source:bto-bfo-medium:370025,bto-bfo-medium,370025,4337,arc1-current-polar-best-glide-equal-feed,73,-38.404537358265,88.331938137966,1394238777.266853,2.5747453179277344e-4,2.0558197815260661e-86,-2.7425637611418665e2,2.061728669408,a110_x+015,grid_node,supported,false
source:bto-bfo-medium:370025,bto-bfo-medium,370025,4400,arc1-current-polar-best-glide-equal-feed,74,-37.924690865228,89.727464118238,1394239068.763106,2.6458660237353574e-4,4.3014316653015011e-40,-1.6762643641994413e2,2.874372843407,a096_x+030,grid_node,supported,false
source:bto-bfo-medium:370025,bto-bfo-medium,370025,4464,arc1-current-polar-best-glide-equal-feed,75,-38.044229296002,89.626558372277,1394239092.607894,3.5530390564744686e-4,1.0352462970310160e-81,-2.6375153865746205e2,0.397588291798,a098_x+035,grid_node,supported,false
source:bto-bfo-medium:370025,bto-bfo-medium,370025,4521,arc1-current-polar-best-glide-equal-feed,76,-37.860891055466,89.857812561792,1394239046.791097,4.2308824263237623e-4,5.2427060651771283e-81,-2.6230394750754471e2,2.037565461342,a095_x+035,grid_node,supported,false
source:bto-bfo-medium:370025,bto-bfo-medium,370025,4573,arc1-current-polar-best-glide-equal-feed,77,-37.571614050478,90.342814662438,1394239101.104605,2.4751629357290831e-4,6.2910975285983060e-43,-1.7408731186385580e2,1.622469654048,a089_x+035,grid_node,supported,false
source:bto-bfo-medium:370025,bto-bfo-medium,370025,4628,arc1-current-polar-best-glide-equal-feed,78,-37.705793185001,89.912057949212,1394239016.200767,1.6205235434856244e-4,1.9390350736701910e-52,-1.9556396582506849e2,3.002486397786,a093_x+025,grid_node,supported,false
source:bto-bfo-medium:370025,bto-bfo-medium,370025,4682,arc1-current-polar-best-glide-equal-feed,79,-37.815477502916,89.897114059637,1394238978.099968,6.6963845068357842e-4,2.4673165950822108e-82,-2.6581939640106884e2,2.415427417955,a094_x+030,grid_node,supported,false
source:bto-bfo-medium:370025,bto-bfo-medium,370025,4734,arc1-current-polar-best-glide-equal-feed,80,-37.959821104759,89.601574825431,1394239008.476636,3.8276943503878872e-4,5.0412084357165231e-50,-1.9086285363398414e2,2.424643945643,a098_x+030,grid_node,supported,false
source:bto-bfo-medium:370025,bto-bfo-medium,370025,4789,arc1-current-polar-best-glide-equal-feed,81,-38.282124767083,89.447658009533,1394239151.660854,5.4955053168728794e-4,1.1962699771707623e-37,-1.6272935280231178e2,1.560369275018,a101_x+040,grid_node,supported,false
source:bto-bfo-medium:370025,bto-bfo-medium,370025,4844,arc1-current-polar-best-glide-equal-feed,82,-38.625242796530,88.602224388147,1394239039.652211,5.5654986656902784e-4,1.2235940234095943e-107,-3.2390038127170106e2,1.677441916212,a110_x+035,grid_node,supported,false
source:bto-bfo-medium:370025,bto-bfo-medium,370025,4896,arc1-current-polar-best-glide-equal-feed,83,-37.993010573982,89.703593374617,1394239078.058854,4.0409292776362427e-4,1.1734342994956360e-85,-2.7296525502327205e2,0.093385177749,a097_x+035,grid_node,supported,false
source:bto-bfo-medium:370025,bto-bfo-medium,370025,4949,arc1-current-polar-best-glide-equal-feed,84,-37.793484690533,89.833575087678,1394239040.620566,1.8128243139085178e-4,1.3279073991670390e-75,-2.4901414586101004e2,2.408801925501,a095_x+030,grid_node,supported,false
source:bto-bfo-medium:370025,bto-bfo-medium,370025,5005,arc1-current-polar-best-glide-equal-feed,85,-37.959793294490,89.551548736549,1394239030.282409,2.0363855710787051e-4,2.6819916063185838e-50,-1.9086285363398414e2,1.035565449503,a098_x+030,grid_node,supported,false
source:bto-bfo-medium:370025,bto-bfo-medium,370025,5067,arc1-current-polar-best-glide-equal-feed,86,-38.014751142139,89.787820516840,1394239058.063719,7.9710976185988578e-4,2.9441268075743528e-105,-3.1877642687528567e2,2.869117933529,a096_x+040,grid_node,supported,false
source:bto-bfo-medium:370025,bto-bfo-medium,370025,5120,arc1-current-polar-best-glide-equal-feed,87,-37.891657842970,89.979162127813,1394239122.021412,4.4767627432166997e-4,1.1836843180410399e-86,-2.7536156848510115e2,2.129664462573,a094_x+040,grid_node,supported,false
source:bto-bfo-medium:370025,bto-bfo-medium,370025,5182,arc1-current-polar-best-glide-equal-feed,88,-37.733221350737,90.162336279413,1394239109.297092,3.5827397556211166e-4,1.0440374219307593e-67,-2.3151521588159665e2,1.602209192228,a092_x+035,grid_node,supported,false
source:bto-bfo-medium:370025,bto-bfo-medium,370025,5233,arc1-current-polar-best-glide-equal-feed,89,-37.769809838916,90.007914170748,1394239088.906683,2.4494935282894092e-4,3.4296233321051148e-74,-2.4606370990414865e2,2.025869139249,a093_x+035,grid_node,supported,false
source:bto-bfo-medium:370025,bto-bfo-medium,370025,5282,arc1-current-polar-best-glide-equal-feed,90,-37.977254596264,89.899653865936,1394239084.829327,7.8663839400750315e-4,3.2754921016063819e-77,-2.5418416470759121e2,1.822749849262,a095_x+040,grid_node,supported,false
source:bto-bfo-medium:370025,bto-bfo-medium,370025,5339,arc1-current-polar-best-glide-equal-feed,91,-37.842375224834,89.098877510647,1394238716.252097,1.1921491218488926e-4,2.2034166611772344e-17,-1.1453867724245282e2,2.570156112118,a100_x+010,grid_node,supported,false
source:bto-bfo-medium:370025,bto-bfo-medium,370025,5406,arc1-current-polar-best-glide-equal-feed,92,-37.931456628055,89.987901953473,1394239119.665404,6.4813565907789370e-4,1.7137115804855690e-86,-2.7536156848510115e2,2.031198281613,a094_x+040,grid_node,supported,false
source:bto-bfo-medium:370025,bto-bfo-medium,370025,5464,arc1-current-polar-best-glide-equal-feed,93,-37.760095525805,90.094944269251,1394239105.203081,3.2199009978219550e-4,9.3830346772017425e-68,-2.3151521588159665e2,2.200830035118,a092_x+035,grid_node,supported,false
source:bto-bfo-medium:370025,bto-bfo-medium,370025,5514,arc1-current-polar-best-glide-equal-feed,94,-37.900464251322,89.892846522015,1394239088.548878,4.4396201140093207e-4,5.5013637708253518e-81,-2.6230394750754471e2,1.212283840724,a095_x+035,grid_node,supported,false
source:bto-bfo-medium:370025,bto-bfo-medium,370025,5574,arc1-current-polar-best-glide-equal-feed,95,-38.219749625794,89.074280076156,1394239040.549954,1.2292241960379748e-4,2.6040002710175622e-52,-1.9499274142471037e2,2.421528874928,a103_x+030,grid_node,supported,false
source:bto-bfo-medium:370025,bto-bfo-medium,370025,5643,arc1-current-polar-best-glide-equal-feed,96,-37.968990467999,89.504513965776,1394238934.507090,5.0529316210184342e-4,6.6548891267651071e-50,-1.9086285363398414e2,2.440044788569,a098_x+030,grid_node,supported,false
source:bto-bfo-medium:370025,bto-bfo-medium,370025,5713,arc1-current-polar-best-glide-equal-feed,97,-38.642619998340,88.300699833743,1394238989.388243,2.2349711147008923e-4,1.3302599991373468e-151,-4.2421818511679504e2,2.545537677806,a112_x+030,grid_node,supported,false
source:bto-bfo-medium:370025,bto-bfo-medium,370025,5768,arc1-current-polar-best-glide-equal-feed,98,-38.255468795021,89.170162933319,1394238974.890698,6.8910857919072231e-4,9.7870166611799644e-55,-2.0230033428198271e2,2.638874023718,a103_x+035,grid_node,supported,false
source:bto-bfo-medium:370025,bto-bfo-medium,370025,5836,arc1-current-polar-best-glide-equal-feed,99,-38.259227209605,89.528514048799,1394239136.646583,7.3635135333396582e-4,1.6389103052883200e-68,-2.3408727413365952e2,2.535350071171,a100_x+045,grid_node,supported,false
source:bto-bfo-medium:370025,bto-bfo-medium,370025,5887,arc1-current-polar-best-glide-equal-feed,100,-37.884838828563,89.857530937278,1394239068.779361,4.0281256449691834e-4,4.9914596110686274e-81,-2.6230394750754471e2,0.752113059590,a095_x+035,grid_node,supported,false
source:bto-bfo-medium:370025,bto-bfo-medium,370025,5938,arc1-current-polar-best-glide-equal-feed,101,-37.756480003399,90.212198582412,1394239120.942862,4.9212599110482619e-4,4.9340736899012298e-78,-2.5560801905960369e2,2.799625799414,a092_x+040,grid_node,supported,false
source:bto-bfo-medium:370025,bto-bfo-medium,370025,6012,arc1-current-polar-best-glide-equal-feed,102,-37.988701475413,88.962955459365,1394238787.649075,1.0328198506554755e-4,3.0879962816331573e-39,-1.6471457116132262e2,2.604109299295,a103_x+015,grid_node,supported,false
source:bto-bfo-medium:370025,bto-bfo-medium,370025,6074,arc1-current-polar-best-glide-equal-feed,103,-38.770567751142,88.369788903843,1394239066.800675,4.8048658896964846e-4,2.5458764758566058e-138,-3.9440087916461016e2,2.442118600440,a112_x+035,grid_node,supported,false
source:bto-bfo-medium:370025,bto-bfo-medium,370025,6127,arc1-current-polar-best-glide-equal-feed,104,-38.025165531648,89.787455300437,1394239136.044302,4.2053389607035773e-4,3.3794773515322115e-86,-2.7424993401080098e2,2.355946328029,a097_x+040,grid_node,supported,false
source:bto-bfo-medium:370025,bto-bfo-medium,370025,6190,arc1-current-polar-best-glide-equal-feed,105,-38.223656933101,89.274597216909,1394239030.827614,5.4331488535690284e-4,1.1300419548603883e-52,-1.9731367112268248e2,1.500453632665,a102_x+035,grid_node,supported,false
source:bto-bfo-medium:370025,bto-bfo-medium,370025,6249,arc1-current-polar-best-glide-equal-feed,106,-38.350985112891,88.905803714687,1394239014.699196,2.8575024945442872e-4,6.1669852235030226e-57,-2.0648707037236599e2,2.324566424977,a106_x+030,grid_node,supported,false
source:bto-bfo-medium:370025,bto-bfo-medium,370025,6312,arc1-current-polar-best-glide-equal-feed,107,-37.978071360719,89.608367506814,1394239013.092838,4.4456562989728701e-4,5.8550861132387073e-50,-1.9086285363398414e2,2.521936532683,a098_x+030,grid_node,supported,false
source:bto-bfo-medium:370025,bto-bfo-medium,370025,6372,arc1-current-polar-best-glide-equal-feed,108,-37.942037386100,89.955788039806,1394239108.953533,6.5975715723506966e-4,2.7471699499594829e-77,-2.5418416470759121e2,1.586087840820,a095_x+040,grid_node,supported,false
source:bto-bfo-medium:370025,bto-bfo-medium,370025,6426,arc1-current-polar-best-glide-equal-feed,109,-38.131483654123,89.818246699944,1394239164.782467,7.6049622271252728e-4,1.1809877788876791e-85,-2.7359116485627379e2,0.535243504469,a097_x+045,grid_node,supported,false
source:bto-bfo-medium:370025,bto-bfo-medium,370025,6488,arc1-current-polar-best-glide-equal-feed,110,-38.244668290192,89.375756680196,1394239063.322398,7.0721899839634684e-4,1.5394850997027707e-37,-1.6272935280231178e2,2.576045809604,a101_x+040,grid_node,supported,false
source:bto-bfo-medium:370025,bto-bfo-medium,370025,6551,arc1-current-polar-best-glide-equal-feed,111,-37.929050334335,89.463417738435,1394238966.801156,1.7363149886364060e-4,8.9359957555935777e-43,-1.7338181863878640e2,1.763082722593,a098_x+025,grid_node,supported,false
source:bto-bfo-medium:370025,bto-bfo-medium,370025,6611,arc1-current-polar-best-glide-equal-feed,112,-37.888637265653,89.810890280019,1394239102.656316,1.8794347375785335e-4,2.3289051561684136e-81,-2.6230394750754471e2,2.757566218768,a095_x+035,grid_node,supported,false
source:bto-bfo-medium:370025,bto-bfo-medium,370025,6667,arc1-current-polar-best-glide-equal-feed,113,-37.837404232164,89.467814163284,1394238918.816367,1.0540404501449203e-4,5.8279671237070783e-30,-1.4337649755171202e2,1.883837933324,a098_x+020,grid_node,supported,false
source:bto-bfo-medium:370025,bto-bfo-medium,370025,6720,arc1-current-polar-best-glide-equal-feed,114,-38.364439627213,88.879672468480,1394239000.355311,3.3372220221633531e-4,7.2023030382383250e-57,-2.0648707037236599e2,0.886686712585,a106_x+030,grid_node,supported,false
source:bto-bfo-medium:370025,bto-bfo-medium,370025,6778,arc1-current-polar-best-glide-equal-feed,115,-37.796162255838,89.366178032713,1394238787.041089,1.9534906694027981e-4,1.4224243277312111e-20,-1.2237793921208927e2,1.146731938565,a098_x+015,grid_node,supported,false
source:bto-bfo-medium:370025,bto-bfo-medium,370025,6837,arc1-current-polar-best-glide-equal-feed,116,-38.303099809321,89.218431169130,1394239098.015946,3.7766633515412957e-4,5.3637798543460076e-55,-2.0230033428198271e2,1.581247731497,a103_x+035,grid_node,supported,false
source:bto-bfo-medium:370025,bto-bfo-medium,370025,6901,arc1-current-polar-best-glide-equal-feed,117,-37.759533348935,89.817682280477,1394238990.692663,2.2756787063082842e-4,2.7481291305337550e-32,-1.4950306313415925e2,3.077042854186,a094_x+025,grid_node,supported,false
source:bto-bfo-medium:370025,bto-bfo-medium,370025,6955,arc1-current-polar-best-glide-equal-feed,118,-38.081245583173,89.345515374603,1394238969.281951,4.2027542632569519e-4,3.8304942614249048e-37,-1.6129737686524533e2,2.025147858954,a100_x+030,grid_node,supported,false
source:bto-bfo-medium:370025,bto-bfo-medium,370025,7014,arc1-current-polar-best-glide-equal-feed,119,-38.169979791978,89.583419104311,1394239122.061921,5.7964539243389218e-4,1.6223605698072059e-68,-2.3385813261330085e2,0.914809863897,a099_x+040,grid_node,supported,false
source:bto-bfo-medium:370025,bto-bfo-medium,370025,7079,arc1-current-polar-best-glide-equal-feed,120,-37.525049677538,90.252402442127,1394239057.299609,1.3329907745829661e-4,3.2594090035768335e-45,-1.7873119059539883e2,2.774539195231,a090_x+030,grid_node,supported,false
source:bto-bfo-medium:370025,bto-bfo-medium,370025,7131,arc1-current-polar-best-glide-equal-feed,121,-38.340322625598,89.349318754689,1394239121.744337,7.1115136358758716e-4,9.1511057479026526e-56,-2.0470158778036651e2,1.643604892946,a102_x+040,grid_node,supported,false
source:bto-bfo-medium:370025,bto-bfo-medium,370025,7185,arc1-current-polar-best-glide-equal-feed,122,-37.713685221839,90.068127306946,1394239042.191105,3.8040775876268439e-4,9.0526817779292221e-60,-2.1329710025956146e2,2.671489891351,a092_x+030,grid_node,supported,false
source:bto-bfo-medium:370025,bto-bfo-medium,370025,7246,arc1-current-polar-best-glide-equal-feed,123,-38.016685859033,89.946649185047,1394239130.441114,7.9922078689034922e-4,1.6035503425283231e-92,-2.8945305765300662e2,2.347996119716,a095_x+045,grid_node,supported,false
source:bto-bfo-medium:370025,bto-bfo-medium,370025,7308,arc1-current-polar-best-glide-equal-feed,124,-38.170154109532,89.336645387450,1394239023.010746,5.1923452189552358e-4,3.0084286252940873e-57,-2.0780210005934345e2,1.981003814938,a101_x+035,grid_node,supported,false
source:bto-bfo-medium:370025,bto-bfo-medium,370025,7361,arc1-current-polar-best-glide-equal-feed,125,-38.382083505992,88.875680476306,1394238989.603880,4.4289582388713273e-4,9.5584588523643625e-57,-2.0648707037236599e2,0.487174977095,a106_x+030,grid_node,supported,false
source:bto-bfo-medium:370025,bto-bfo-medium,370025,7413,arc1-current-polar-best-glide-equal-feed,126,-38.133014225682,89.343073538627,1394239016.801070,4.2227143424394164e-4,1.0974275648423272e-47,-1.8557799081944603e2,2.050621476374,a101_x+030,grid_node,supported,false
source:bto-bfo-medium:370025,bto-bfo-medium,370025,7462,arc1-current-polar-best-glide-equal-feed,127,-37.864040383271,89.863710176266,1394239083.973592,2.7930447138221654e-4,3.4610067087565543e-81,-2.6230394750754471e2,1.797497001816,a095_x+035,grid_node,supported,false
source:bto-bfo-medium:370025,bto-bfo-medium,370025,7510,arc1-current-polar-best-glide-equal-feed,128,-38.207566064887,89.397559698694,1394239095.625233,4.3839490009504043e-4,2.5400463779143514e-57,-2.0780210005934345e2,1.790399648444,a101_x+035,grid_node,supported,false
source:bto-bfo-medium:370025,bto-bfo-medium,370025,7559,arc1-current-polar-best-glide-equal-feed,129,-37.846418313657,90.107629200958,1394239085.929891,7.8375292703604274e-4,6.8286851593763116e-72,-2.4193290037272126e2,0.422990851222,a093_x+040,grid_node,supported,false
source:bto-bfo-medium:370025,bto-bfo-medium,370025,7611,arc1-current-polar-best-glide-equal-feed,130,-38.508888324110,88.858088763565,1394239053.434504,6.0704199070081078e-4,1.2836047495165008e-73,-2.4565144942026046e2,1.156407150080,a107_x+035,grid_node,supported,false
source:bto-bfo-medium:370025,bto-bfo-medium,370025,7669,arc1-current-polar-best-glide-equal-feed,131,-37.715287897571,89.875657438766,1394238975.297815,2.4832857950420707e-4,2.9988372321094130e-32,-1.4950306313415925e2,2.247379059149,a094_x+025,grid_node,supported,false
source:bto-bfo-medium:370025,bto-bfo-medium,370025,7724,arc1-current-polar-best-glide-equal-feed,132,-38.020105171380,89.487375797673,1394239058.967174,1.6501092208158770e-4,6.0219217268061781e-72,-2.4050054392561012e2,0.848104072919,a099_x+030,grid_node,supported,false
source:bto-bfo-medium:370025,bto-bfo-medium,370025,7776,arc1-current-polar-best-glide-equal-feed,133,-37.862203920542,89.921291716318,1394239095.658549,3.4159580679824300e-4,5.9028760877179055e-55,-2.0210418059269742e2,2.038641872948,a094_x+035,grid_node,supported,false
source:bto-bfo-medium:370025,bto-bfo-medium,370025,7831,arc1-current-polar-best-glide-equal-feed,134,-38.173924687699,89.408876643191,1394239089.381411,3.6666381356125123e-4,2.1244386997809923e-57,-2.0780210005934345e2,2.562777413997,a101_x+035,grid_node,supported,false
source:bto-bfo-medium:370025,bto-bfo-medium,370025,7888,arc1-current-polar-best-glide-equal-feed,135,-38.546851604287,88.440571702859,1394239004.804865,1.3986296933990065e-4,4.9397769823744005e-96,-2.9579532389136460e2,2.480832669368,a110_x+025,grid_node,supported,false
source:bto-bfo-medium:370025,bto-bfo-medium,370025,7962,arc1-current-polar-best-glide-equal-feed,136,-38.068441115983,89.862885051722,1394239164.588151,6.2559914881737033e-4,2.2396790378604608e-95,-2.9578177309014421e2,2.337412386888,a096_x+045,grid_node,supported,false
source:bto-bfo-medium:370025,bto-bfo-medium,370025,8013,arc1-current-polar-best-glide-equal-feed,137,-38.033860056916,89.912834991483,1394239150.171757,6.9212863320315817e-4,2.4778582167487704e-95,-2.9578177309014421e2,2.581529037742,a096_x+045,grid_node,supported,false
source:bto-bfo-medium:370025,bto-bfo-medium,370025,8068,arc1-current-polar-best-glide-equal-feed,138,-37.908018264339,89.660427628056,1394239021.991377,2.7419979597527260e-4,1.4353772834324091e-57,-2.0790359158977330e2,1.531995256272,a097_x+030,grid_node,supported,false
source:bto-bfo-medium:370025,bto-bfo-medium,370025,8121,arc1-current-polar-best-glide-equal-feed,139,-37.748791749296,90.082770358458,1394239098.200061,2.8976023310540479e-4,8.4438320219819459e-68,-2.3151521588159665e2,2.332263001721,a092_x+035,grid_node,supported,false
source:bto-bfo-medium:370025,bto-bfo-medium,370025,8175,arc1-current-polar-best-glide-equal-feed,140,-37.874155190145,90.075062689655,1394239110.036449,6.8341936826493428e-4,5.9544985884134791e-72,-2.4193290037272126e2,2.007089450149,a093_x+040,grid_node,supported,false
source:bto-bfo-medium:370025,bto-bfo-medium,370025,8238,arc1-current-polar-best-glide-equal-feed,141,-37.821648095484,89.877833306197,1394239050.759407,3.1187338828759826e-4,1.1491132053438812e-82,-2.6581939640106884e2,2.859051695676,a094_x+030,grid_node,supported,false
source:bto-bfo-medium:370025,bto-bfo-medium,370025,8290,arc1-current-polar-best-glide-equal-feed,142,-37.802761557289,89.619719415544,1394238960.754701,1.2352036615200394e-4,9.5403620847527515e-23,-1.2692414374632884e2,1.931409824215,a096_x+025,grid_node,supported,false
source:bto-bfo-medium:370025,bto-bfo-medium,370025,8341,arc1-current-polar-best-glide-equal-feed,143,-37.741164307711,90.170780119710,1394239086.616520,5.1840799380214195e-4,1.5106800445338415e-67,-2.3151521588159665e2,2.034322569868,a092_x+035,grid_node,supported,false
source:bto-bfo-medium:370025,bto-bfo-medium,370025,8402,arc1-current-polar-best-glide-equal-feed,144,-38.170876976150,88.762898851929,1394238810.483965,1.8571398693510436e-4,2.1892593918169943e-38,-1.6334269000597146e2,2.757325964716,a105_x+015,grid_node,supported,false
source:bto-bfo-medium:370025,bto-bfo-medium,370025,8462,arc1-current-polar-best-glide-equal-feed,145,-38.106281528784,89.547598069723,1394239130.148305,2.3313093179178258e-4,2.4105853724070543e-73,-2.4406425440819592e2,0.989592847596,a099_x+035,grid_node,supported,false
source:bto-bfo-medium:370025,bto-bfo-medium,370025,8514,arc1-current-polar-best-glide-equal-feed,146,-38.131021120713,89.734085051507,1394239119.125604,8.1172339971350609e-4,4.2746614016441122e-72,-2.4243639343799344e2,2.777442890268,a098_x+045,grid_node,supported,false
source:bto-bfo-medium:370025,bto-bfo-medium,370025,8576,arc1-current-polar-best-glide-equal-feed,147,-38.734212694960,88.537128972015,1394239106.301751,5.0087309809122133e-4,6.9324567715307761e-129,-3.7271742750114174e2,1.634483094792,a111_x+040,grid_node,supported,false
source:bto-bfo-medium:370025,bto-bfo-medium,370025,8642,arc1-current-polar-best-glide-equal-feed,148,-38.352572542831,89.374064036653,1394239094.564034,9.0883295706176170e-4,4.3384151558194630e-59,-2.1260098468437653e2,2.101955336984,a102_x+045,grid_node,supported,false
source:bto-bfo-medium:370025,bto-bfo-medium,370025,8692,arc1-current-polar-best-glide-equal-feed,149,-38.071878298049,89.670210013574,1394239071.489857,6.8417099722135140e-4,3.2789164744695336e-89,-2.8167458013011202e2,2.346976701340,a098_x+040,grid_node,supported,false
source:bto-bfo-medium:370025,bto-bfo-medium,370025,8742,arc1-current-polar-best-glide-equal-feed,150,-37.989355455474,89.774980716724,1394239106.459145,4.2714985489307261e-4,1.1168129373138660e-78,-2.5695210511219045e2,2.789161845027,a096_x+035,grid_node,supported,false
source:bto-bfo-medium:370025,bto-bfo-medium,370025,8795,arc1-current-polar-best-glide-equal-feed,151,-38.030472354677,89.462748847138,1394238994.201543,3.8841377858037757e-4,1.4174803356759267e-71,-2.4050054392561012e2,0.472559011705,a099_x+030,grid_node,supported,false
source:bto-bfo-medium:370025,bto-bfo-medium,370025,8852,arc1-current-polar-best-glide-equal-feed,152,-37.974695182833,89.808380080296,1394239105.710044,4.5227636618135763e-4,1.1825079447097180e-78,-2.5695210511219045e2,2.164536284768,a096_x+035,grid_node,supported,false
source:bto-bfo-medium:370025,bto-bfo-medium,370025,8913,arc1-current-polar-best-glide-equal-feed,153,-37.780820195177,90.268507225821,1394239154.826972,5.4227056333586306e-4,1.8156667104092577e-66,-2.2907374047100882e2,1.903224073291,a091_x+040,grid_node,supported,false
source:bto-bfo-medium:370025,bto-bfo-medium,370025,8965,arc1-current-polar-best-glide-equal-feed,154,-38.517421224337,88.564261937974,1394239044.230223,1.2087470328951013e-4,1.1960314370349179e-112,-3.3390908797008245e2,2.012457052075,a109_x+030,grid_node,supported,false
source:bto-bfo-medium:370025,bto-bfo-medium,370025,9020,arc1-current-polar-best-glide-equal-feed,155,-37.804558001058,89.813490885897,1394238973.041024,4.2948000666728629e-4,3.1459732433651190e-75,-2.4901414586101004e2,1.400526239239,a095_x+030,grid_node,supported,false
source:bto-bfo-medium:370025,bto-bfo-medium,370025,9081,arc1-current-polar-best-glide-equal-feed,156,-37.999621048405,89.875510244411,1394239112.059471,6.7715838839684070e-4,2.5010861234483742e-105,-3.1877642687528567e2,1.440322036782,a096_x+040,grid_node,supported,false
source:bto-bfo-medium:370025,bto-bfo-medium,370025,9134,arc1-current-polar-best-glide-equal-feed,157,-38.151616216560,89.214448423057,1394239025.838626,1.8852868319632100e-4,4.2299620900166501e-49,-1.8802753868266777e2,1.782184346888,a102_x+030,grid_node,supported,false
source:bto-bfo-medium:370025,bto-bfo-medium,370025,9192,arc1-current-polar-best-glide-equal-feed,158,-38.195362151948,89.283406804662,1394239101.554699,1.6261517640362539e-4,3.3822370191902497e-53,-1.9731367112268248e2,3.241018834790,a102_x+035,grid_node,supported,false
source:bto-bfo-medium:370025,bto-bfo-medium,370025,9248,arc1-current-polar-best-glide-equal-feed,159,-38.228202082156,89.363312455498,1394239110.692279,3.5880551025375637e-4,2.0789079355124361e-57,-2.0780210005934345e2,1.925289800117,a101_x+035,grid_node,supported,false
source:bto-bfo-medium:370025,bto-bfo-medium,370025,9301,arc1-current-polar-best-glide-equal-feed,160,-38.136648046478,89.320956972063,1394239091.535131,1.1310441880145042e-4,2.9394341372018832e-48,-1.8557799081944603e2,1.089840611599,a101_x+030,grid_node,supported,false
source:bto-bfo-medium:370025,bto-bfo-medium,370025,9361,arc1-current-polar-best-glide-equal-feed,161,-37.975915933050,89.420813643143,1394238951.909286,2.7656415993082404e-4,5.2777016360846441e-44,-1.7667650821817557e2,1.115155415052,a099_x+025,grid_node,supported,false
source:bto-bfo-medium:370025,bto-bfo-medium,370025,9432,arc1-current-polar-best-glide-equal-feed,162,-38.567197914732,88.132838863743,1394238825.611378,2.6199940068341332e-4,1.5325856711387444e-154,-4.3114330224324090e2,0.836038565008,a113_x+020,grid_node,supported,false
source:bto-bfo-medium:370025,bto-bfo-medium,370025,9497,arc1-current-polar-best-glide-equal-feed,163,-37.984461668891,89.466513129061,1394238978.565392,3.0414599102877881e-4,1.1099528009373350e-71,-2.4050054392561012e2,2.548320158920,a099_x+030,grid_node,supported,false
source:bto-bfo-medium:370025,bto-bfo-medium,370025,9551,arc1-current-polar-best-glide-equal-feed,164,-38.676833369911,88.420233661785,1394239061.915215,2.6693172350472660e-4,1.8402555909464625e-141,-4.0104539854654831e2,3.260162909651,a111_x+030,grid_node,supported,false
source:bto-bfo-medium:370025,bto-bfo-medium,370025,9616,arc1-current-polar-best-glide-equal-feed,165,-37.997893092701,89.453123104359,1394239055.950897,9.6656581373036671e-5,3.5273929753648932e-72,-2.4050054392561012e2,1.937537505231,a099_x+030,grid_node,supported,false
source:bto-bfo-medium:370025,bto-bfo-medium,370025,9669,arc1-current-polar-best-glide-equal-feed,166,-38.280786264790,89.089661525353,1394239027.839178,3.5977188236029350e-4,3.2806530697870905e-45,-1.7971756884200190e2,2.403617657393,a104_x+030,grid_node,supported,false
source:bto-bfo-medium:370025,bto-bfo-medium,370025,9726,arc1-current-polar-best-glide-equal-feed,167,-38.138524888232,89.620114395723,1394239109.343962,6.2507459419970863e-4,1.7495116636047975e-68,-2.3385813261330085e2,1.655313363951,a099_x+040,grid_node,supported,false
source:bto-bfo-medium:370025,bto-bfo-medium,370025,9782,arc1-current-polar-best-glide-equal-feed,168,-38.151714056003,89.428270497397,1394239057.858656,4.8609931472410402e-4,5.8971985061921677e-64,-2.2318119349323791e2,1.198441759563,a100_x+035,grid_node,supported,false
source:bto-bfo-medium:370025,bto-bfo-medium,370025,9833,arc1-current-polar-best-glide-equal-feed,169,-38.333262467227,89.181895621360,1394239029.821957,7.7079746655087198e-4,1.0947197401587927e-54,-2.0230033428198271e2,2.140948136039,a103_x+035,grid_node,supported,false
source:bto-bfo-medium:370025,bto-bfo-medium,370025,9885,arc1-current-polar-best-glide-equal-feed,170,-38.608805280823,88.222572998204,1394238960.387995,1.2366277705855685e-4,2.0833969843418345e-172,-4.7153200658496309e2,2.775063948733,a113_x+025,grid_node,supported,false
source:bto-bfo-medium:370025,bto-bfo-medium,370025,9948,arc1-current-polar-best-glide-equal-feed,171,-38.441292588645,88.772654610390,1394239011.281630,3.5402677768219128e-4,4.5211268823265992e-49,-1.8859109283312725e2,1.099437211882,a107_x+030,grid_node,supported,false
source:bto-bfo-medium:370025,bto-bfo-medium,370025,10007,arc1-current-polar-best-glide-equal-feed,172,-38.169929024759,89.312710396516,1394239033.379152,4.0255796649577442e-4,1.0461948714819557e-47,-1.8557799081944603e2,2.520522646362,a101_x+030,grid_node,supported,false
source:bto-bfo-medium:370025,bto-bfo-medium,370025,10071,arc1-current-polar-best-glide-equal-feed,173,-38.273385159181,89.084969676028,1394239053.885374,2.2056741387813932e-4,2.0112888163662909e-45,-1.7971756884200190e2,2.204913768243,a104_x+030,grid_node,supported,false
source:bto-bfo-medium:370025,bto-bfo-medium,370025,10135,arc1-current-polar-best-glide-equal-feed,174,-38.268705813285,89.451272774003,1394239090.953780,8.1968406411284458e-4,1.7843007696723787e-37,-1.6272935280231178e2,1.279261667651,a101_x+040,grid_node,supported,false
source:bto-bfo-medium:370025,bto-bfo-medium,370025,10186,arc1-current-polar-best-glide-equal-feed,175,-37.859325414901,90.000507399463,1394239106.377869,4.5810820823966394e-4,7.9162446792046816e-55,-2.0210418059269742e2,2.373416192649,a094_x+035,grid_node,supported,false
source:bto-bfo-medium:370025,bto-bfo-medium,370025,10243,arc1-current-polar-best-glide-equal-feed,176,-38.467706646532,88.562900553553,1394238946.932759,2.7480695903289487e-4,5.5998503707590455e-104,-3.1476599067351987e2,1.040260619643,a109_x+025,grid_node,supported,false
source:bto-bfo-medium:370025,bto-bfo-medium,370025,10303,arc1-current-polar-best-glide-equal-feed,177,-38.191798766405,89.870822809412,1394239152.280975,9.3984321194231384e-4,8.7266891730496231e-83,-2.6719770172920278e2,0.949372506003,a097_x+050,grid_node,supported,false
source:bto-bfo-medium:370025,bto-bfo-medium,370025,10367,arc1-current-polar-best-glide-equal-feed,178,-37.662477314617,89.816525521571,1394238932.944239,1.4577698123588280e-4,2.3136773435917290e-33,-1.5153235981047081e2,2.692664297691,a094_x+020,grid_node,supported,false
source:bto-bfo-medium:370025,bto-bfo-medium,370025,10428,arc1-current-polar-best-glide-equal-feed,179,-37.970103199723,89.923139695849,1394239117.971842,6.4050765110892764e-4,2.6670167235769660e-77,-2.5418416470759121e2,0.710645464243,a095_x+040,grid_node,supported,false
source:bto-bfo-medium:370025,bto-bfo-medium,370025,10481,arc1-current-polar-best-glide-equal-feed,180,-37.727085343605,90.205319098434,1394239061.184639,6.8778824453464432e-4,6.0187411448299151e-70,-2.3732337138673219e2,2.606983005510,a091_x+035,grid_node,supported,false
source:bto-bfo-medium:370025,bto-bfo-medium,370025,10536,arc1-current-polar-best-glide-equal-feed,181,-37.682245301278,89.835012747978,1394238977.341455,1.1162179875145713e-4,1.3479544186142595e-32,-1.4950306313415925e2,1.635793986298,a094_x+025,grid_node,supported,false
source:bto-bfo-medium:370025,bto-bfo-medium,370025,10593,arc1-current-polar-best-glide-equal-feed,182,-37.962777272398,89.330626184378,1394238948.053183,1.2459321309841729e-4,7.6238412231662080e-72,-2.3998371248671029e2,2.853786407590,a100_x+025,grid_node,supported,false
source:bto-bfo-medium:370025,bto-bfo-medium,370025,10659,arc1-current-polar-best-glide-equal-feed,183,-38.457424053350,88.635620295395,1394238991.166759,2.2573125616821686e-4,1.8133188882183383e-59,-2.1208051883622826e2,3.030604661045,a108_x+025,grid_node,supported,false
source:bto-bfo-medium:370025,bto-bfo-medium,370025,10723,arc1-current-polar-best-glide-equal-feed,184,-37.966544733923,89.872986429845,1394239161.820895,2.7580516764251825e-4,1.1484281152271150e-77,-2.5418416470759121e2,2.801117934517,a095_x+040,grid_node,supported,false
source:bto-bfo-medium:370025,bto-bfo-medium,370025,10781,arc1-current-polar-best-glide-equal-feed,185,-38.199292543672,89.302843615299,1394239072.293929,3.1238142626232739e-4,1.8099282408014493e-57,-2.0780210005934345e2,2.821606592440,a101_x+035,grid_node,supported,false
source:bto-bfo-medium:370025,bto-bfo-medium,370025,10841,arc1-current-polar-best-glide-equal-feed,186,-38.061435700623,89.526915244258,1394239070.057643,3.1545876822735219e-4,3.2618592755662415e-73,-2.4406425440819592e2,1.947529275859,a099_x+035,grid_node,supported,false
source:bto-bfo-medium:370025,bto-bfo-medium,370025,10898,arc1-current-polar-best-glide-equal-feed,187,-38.655103707758,88.656507812000,1394239068.470614,6.6797823460578278e-4,2.2646451474681537e-86,-2.7511296750468819e2,3.362482979788,a109_x+040,grid_node,supported,false
source:bto-bfo-medium:370025,bto-bfo-medium,370025,10957,arc1-current-polar-best-glide-equal-feed,188,-38.123517404422,89.330031819631,1394239036.511099,2.6729578071787709e-4,6.9466635423979319e-48,-1.8557799081944603e2,1.461687007863,a101_x+030,grid_node,supported,false
source:bto-bfo-medium:370025,bto-bfo-medium,370025,11014,arc1-current-polar-best-glide-equal-feed,189,-37.961388560112,89.967053749448,1394239098.142191,8.1333183519921505e-4,3.3866412095755487e-77,-2.5418416470759121e2,1.677731989806,a095_x+040,grid_node,supported,false
source:bto-bfo-medium:370025,bto-bfo-medium,370025,11070,arc1-current-polar-best-glide-equal-feed,190,-38.029280220333,89.307504880858,1394238988.204639,1.3958690096344822e-4,8.5413028793034198e-72,-2.3998371248671029e2,1.411131695655,a100_x+025,grid_node,supported,false
source:bto-bfo-medium:370025,bto-bfo-medium,370025,11127,arc1-current-polar-best-glide-equal-feed,191,-37.824987786417,90.238763571023,1394239148.730925,6.8027593297660248e-4,6.8204720812195642e-78,-2.5560801905960369e2,2.616501006803,a092_x+040,grid_node,supported,false
source:bto-bfo-medium:370025,bto-bfo-medium,370025,11186,arc1-current-polar-best-glide-equal-feed,192,-38.622290987170,88.650518088173,1394239033.860497,6.9644971534434151e-4,9.4146499541316632e-119,-3.4971516667487350e2,1.863276537851,a109_x+035,grid_node,supported,false
source:bto-bfo-medium:370025,bto-bfo-medium,370025,11239,arc1-current-polar-best-glide-equal-feed,193,-37.713481376670,90.244544245748,1394239148.039180,2.8645647500096189e-4,2.5067415530746061e-70,-2.3732337138673219e2,2.400832219174,a091_x+035,grid_node,supported,false
source:bto-bfo-medium:370025,bto-bfo-medium,370025,11305,arc1-current-polar-best-glide-equal-feed,194,-37.847271672696,89.551483073989,1394238921.086377,2.3068142120928186e-4,1.2335858364659225e-31,-1.4801506226619924e2,1.386755226231,a097_x+025,grid_node,supported,false
source:bto-bfo-medium:370025,bto-bfo-medium,370025,11371,arc1-current-polar-best-glide-equal-feed,195,-37.874255165288,89.099844601868,1394238714.818926,1.9337643661864186e-4,1.2666264696028831e-20,-1.2248379555089161e2,2.504943970983,a101_x+010,grid_node,supported,false
source:bto-bfo-medium:370025,bto-bfo-medium,370025,11442,arc1-current-polar-best-glide-equal-feed,196,-37.801291987423,89.756610018235,1394238976.618462,2.8152857213351354e-4,1.6270209234871343e-36,-1.5945035859747921e2,2.536499086238,a095_x+025,grid_node,supported,false
source:bto-bfo-medium:370025,bto-bfo-medium,370025,11500,arc1-current-polar-best-glide-equal-feed,197,-38.180093229756,89.311469594323,1394239056.619416,3.3145514816337076e-4,1.9204407905997814e-57,-2.0780210005934345e2,2.594150761927,a101_x+035,grid_node,supported,false
source:bto-bfo-medium:370025,bto-bfo-medium,370025,11555,arc1-current-polar-best-glide-equal-feed,198,-38.683366351642,88.698596788094,1394239123.856604,5.6689790303985027e-4,1.9219527204905849e-86,-2.7511296750468819e2,1.871121978832,a109_x+040,grid_node,supported,false
source:bto-bfo-medium:370025,bto-bfo-medium,370025,11625,arc1-current-polar-best-glide-equal-feed,199,-37.620808706412,90.066331785347,1394239012.734044,2.0153565076907180e-4,4.7960065779267397e-60,-2.1329710025956146e2,2.912808172963,a092_x+030,grid_node,supported,false
source:bto-bfo-medium:370025,bto-bfo-medium,370025,11685,arc1-current-polar-best-glide-equal-feed,200,-38.042199564241,89.746583007177,1394239129.676589,4.2380598723817985e-4,3.4057723971805688e-86,-2.7424993401080098e2,1.376191814319,a097_x+040,grid_node,supported,false
source:bto-bfo-medium:370025,bto-bfo-medium,370025,11749,arc1-current-polar-best-glide-equal-feed,201,-37.943412621060,89.200149140703,1394238923.808149,3.8664748210061956e-5,5.9842140845743337e-14,-1.0550580656766603e2,2.902880866270,a100_x+020,grid_node,supported,false
source:bto-bfo-medium:370025,bto-bfo-medium,370025,11810,arc1-current-polar-best-glide-equal-feed,202,-38.444138678488,88.779334938432,1394239062.373098,1.8027140970430504e-4,2.3021702535187431e-49,-1.8859109283312725e2,1.164876773974,a107_x+030,grid_node,supported,false
source:bto-bfo-medium:370025,bto-bfo-medium,370025,11859,arc1-current-polar-best-glide-equal-feed,203,-37.793205957316,90.137501141215,1394239105.687246,5.3808367624489295e-4,5.3948471690449358e-78,-2.5560801905960369e2,2.672857229814,a092_x+040,grid_node,supported,false
source:bto-bfo-medium:370025,bto-bfo-medium,370025,11921,arc1-current-polar-best-glide-equal-feed,204,-37.746564768295,89.672845740942,1394238942.592203,1.1676579456839229e-4,6.9544196811206379e-33,-1.5020991285477842e2,3.184818942857,a095_x+020,grid_node,supported,false
source:bto-bfo-medium:370025,bto-bfo-medium,370025,11984,arc1-current-polar-best-glide-equal-feed,205,-38.856120285235,87.984071622339,1394238979.114810,4.0024118944817917e-4,3.5631462139120234e-173,-4.7447245650045573e2,0.494099650101,a116_x+030,grid_node,supported,false
source:bto-bfo-medium:370025,bto-bfo-medium,370025,12049,arc1-current-polar-best-glide-equal-feed,206,-38.339236339718,89.233565117545,1394239074.047055,6.9277804726789794e-4,6.5689090336133496e-68,-2.3263796022338332e2,1.689798170981,a103_x+040,grid_node,supported,false
source:bto-bfo-medium:370025,bto-bfo-medium,370025,12114,arc1-current-polar-best-glide-equal-feed,207,-38.247340852402,88.986456163381,1394238959.134757,3.0534632483951587e-4,2.7069774911766167e-45,-1.7974575510887684e2,2.204389356848,a104_x+025,grid_node,supported,false
source:bto-bfo-medium:370025,bto-bfo-medium,370025,12169,arc1-current-polar-best-glide-equal-feed,208,-38.195364276351,89.479902213832,1394239071.494465,7.1554538235327344e-4,2.3637389030915232e-55,-2.0375879248876291e2,1.844791793700,a100_x+040,grid_node,supported,false
source:bto-bfo-medium:370025,bto-bfo-medium,370025,12221,arc1-current-polar-best-glide-equal-feed,209,-37.848926433765,89.780499370670,1394239059.027983,1.8816813581482708e-4,1.3783457002364049e-75,-2.4901414586101004e2,1.778173928880,a095_x+030,grid_node,supported,false
source:bto-bfo-medium:370025,bto-bfo-medium,370025,12279,arc1-current-polar-best-glide-equal-feed,210,-37.857171832161,89.802484166189,1394239078.971237,1.8132074337997005e-4,1.3281880373592411e-75,-2.4901414586101004e2,1.813378391691,a095_x+030,grid_node,supported,false
source:bto-bfo-medium:370025,bto-bfo-medium,370025,12334,arc1-current-polar-best-glide-equal-feed,211,-38.279432037061,88.937086807491,1394238989.482620,2.1210789991394578e-4,1.0804478264020337e-48,-1.8720761595749718e2,2.432738313714,a105_x+025,grid_node,supported,false
source:bto-bfo-medium:370025,bto-bfo-medium,370025,12391,arc1-current-polar-best-glide-equal-feed,212,-38.534245666076,88.415630932410,1394238902.814892,3.9520273144895239e-4,1.3958043114604767e-95,-2.9579532389136460e2,2.458376228648,a110_x+025,grid_node,supported,false
source:bto-bfo-medium:370025,bto-bfo-medium,370025,12457,arc1-current-polar-best-glide-equal-feed,213,-38.340856024393,88.981430303263,1394238984.947554,5.3953780521217058e-4,3.4692614436100635e-61,-2.1690827379456579e2,1.534557839548,a105_x+030,grid_node,supported,false
source:bto-bfo-medium:370025,bto-bfo-medium,370025,12516,arc1-current-polar-best-glide-equal-feed,214,-38.342201965863,88.807238207079,1394238935.221572,3.7132367008591976e-4,8.3713278307843581e-53,-1.9723308351946386e2,2.004695429630,a106_x+025,grid_node,supported,false
source:bto-bfo-medium:370025,bto-bfo-medium,370025,12580,arc1-current-polar-best-glide-equal-feed,215,-38.071170803816,89.336633648404,1394239007.424366,2.2923477568071690e-4,2.0893024853742833e-37,-1.6129737686524533e2,2.448049879458,a100_x+030,grid_node,supported,false
source:bto-bfo-medium:370025,bto-bfo-medium,370025,12635,arc1-current-polar-best-glide-equal-feed,216,-38.307195391585,88.897066600481,1394238986.248994,2.3593495308410820e-4,1.2018194859098209e-48,-1.8720761595749718e2,2.838419119067,a105_x+025,grid_node,supported,false
source:bto-bfo-medium:370025,bto-bfo-medium,370025,12695,arc1-current-polar-best-glide-equal-feed,217,-38.160094907485,89.590402839895,1394239115.094456,5.9325047307941703e-4,1.6604396206829060e-68,-2.3385813261330085e2,0.354119387656,a099_x+040,grid_node,supported,false
source:bto-bfo-medium:370025,bto-bfo-medium,370025,12753,arc1-current-polar-best-glide-equal-feed,218,-38.279545783190,88.987819530811,1394238998.343505,2.7106365191890855e-4,2.4717490314734711e-45,-1.7971756884200190e2,2.399348746143,a104_x+030,grid_node,supported,false
source:bto-bfo-medium:370025,bto-bfo-medium,370025,12810,arc1-current-polar-best-glide-equal-feed,219,-38.023790540055,89.368376122854,1394238941.787907,3.7770965825381479e-4,2.3112000978006370e-71,-2.3998371248671029e2,2.223516649214,a100_x+025,grid_node,supported,false
source:bto-bfo-medium:370025,bto-bfo-medium,370025,12865,arc1-current-polar-best-glide-equal-feed,220,-37.831624137035,89.756919627086,1394239062.870567,1.1284219937975122e-4,8.2657756929344828e-76,-2.4901414586101004e2,2.335212586282,a095_x+030,grid_node,supported,false
source:bto-bfo-medium:370025,bto-bfo-medium,370025,12924,arc1-current-polar-best-glide-equal-feed,221,-37.735750309218,89.734753485911,1394238913.594416,2.5652614611708016e-4,1.4825259262000155e-36,-1.5945035859747921e2,1.533088899994,a095_x+025,grid_node,supported,false
source:bto-bfo-medium:370025,bto-bfo-medium,370025,12978,arc1-current-polar-best-glide-equal-feed,222,-38.261415024537,89.321907661856,1394239100.237982,4.5334765283092061e-4,9.4291888855555980e-53,-1.9731367112268248e2,2.497199102898,a102_x+035,grid_node,supported,false
source:bto-bfo-medium:370025,bto-bfo-medium,370025,13041,arc1-current-polar-best-glide-equal-feed,223,-37.982579540416,89.877694795762,1394239107.143422,6.4238097480154072e-4,2.3726356633446473e-105,-3.1877642687528567e2,2.168445611355,a096_x+040,grid_node,supported,false
source:bto-bfo-medium:370025,bto-bfo-medium,370025,13092,arc1-current-polar-best-glide-equal-feed,224,-37.924025754547,89.984751040810,1394239114.103884,6.3731595506312316e-4,1.6851036003384407e-86,-2.7536156848510115e2,1.880729774149,a094_x+040,grid_node,supported,false
source:bto-bfo-medium:370025,bto-bfo-medium,370025,13161,arc1-current-polar-best-glide-equal-feed,225,-37.805661418559,89.700724901405,1394238966.834423,2.2204869110984570e-4,1.7150409925326826e-22,-1.2692414374632884e2,1.986460151924,a096_x+025,grid_node,supported,false
source:bto-bfo-medium:370025,bto-bfo-medium,370025,13226,arc1-current-polar-best-glide-equal-feed,226,-37.842543565118,89.550773030741,1394238961.417223,1.1799998401527580e-4,6.3101357803926084e-32,-1.4801506226619924e2,1.589419412964,a097_x+025,grid_node,supported,false
source:bto-bfo-medium:370025,bto-bfo-medium,370025,13294,arc1-current-polar-best-glide-equal-feed,227,-38.333240389598,88.925270958688,1394239034.241953,1.9493219952360926e-4,1.2534260943205584e-61,-2.1690827379456579e2,1.375539042187,a105_x+030,grid_node,supported,false
source:bto-bfo-medium:370025,bto-bfo-medium,370025,13355,arc1-current-polar-best-glide-equal-feed,228,-38.174774149808,89.148453903496,1394238962.444024,3.6514108100530856e-4,8.1925620227866723e-49,-1.8802753868266777e2,2.918719344193,a102_x+030,grid_node,supported,false
source:bto-bfo-medium:370025,bto-bfo-medium,370025,13416,arc1-current-polar-best-glide-equal-feed,229,-38.543790295624,88.881374458756,1394239118.333621,4.5707233050688281e-4,1.5221228867221513e-89,-2.8203862092681055e2,1.553454664531,a107_x+040,grid_node,supported,false
source:bto-bfo-medium:370025,bto-bfo-medium,370025,13481,arc1-current-polar-best-glide-equal-feed,230,-37.739879839528,90.098347155279,1394239112.914886,2.3040039768147753e-4,6.7140415886971648e-68,-2.3151521588159665e2,1.469712486422,a092_x+035,grid_node,supported,false
source:bto-bfo-medium:370025,bto-bfo-medium,370025,13547,arc1-current-polar-best-glide-equal-feed,231,-38.134123535379,89.088326719599,1394238951.946030,1.7517266519419337e-4,5.9825799434345789e-41,-1.6918672105090940e2,2.113728079173,a103_x+025,grid_node,supported,false
source:bto-bfo-medium:370025,bto-bfo-medium,370025,13615,arc1-current-polar-best-glide-equal-feed,232,-37.859546498605,89.459733585522,1394238917.559993,1.3888150021410062e-4,7.6789919896112452e-30,-1.4337649755171202e2,1.746708176661,a098_x+020,grid_node,supported,false
source:bto-bfo-medium:370025,bto-bfo-medium,370025,13682,arc1-current-polar-best-glide-equal-feed,233,-37.690823598285,90.008167647126,1394239045.678622,1.8511859185638068e-4,2.7726658542728885e-69,-2.3448337080969756e2,2.285407713915,a093_x+030,grid_node,supported,false
source:bto-bfo-medium:370025,bto-bfo-medium,370025,13744,arc1-current-polar-best-glide-equal-feed,234,-37.838938546487,88.900478833444,1394238693.447640,2.2108815427334988e-5,8.0593123583859557e-22,-1.2306983222142719e2,0.290337667332,a102_x+005,grid_node,supported,false
source:bto-bfo-medium:370025,bto-bfo-medium,370025,13820,arc1-current-polar-best-glide-equal-feed,235,-37.698790342132,90.223436053470,1394239136.990294,2.3925252548445407e-4,2.0936662273314461e-70,-2.3732337138673219e2,1.084247029291,a091_x+035,grid_node,supported,false
source:bto-bfo-medium:370025,bto-bfo-medium,370025,13880,arc1-current-polar-best-glide-equal-feed,236,-38.332609936108,88.632422036703,1394238954.833493,6.1370565411421367e-5,3.2602964150041526e-60,-2.1249402978906156e2,2.825898742217,a108_x+020,grid_node,supported,false
source:bto-bfo-medium:370025,bto-bfo-medium,370025,13946,arc1-current-polar-best-glide-equal-feed,237,-38.388926340168,88.755858818787,1394238954.886389,3.4756704837961923e-4,6.2332518368241260e-60,-2.1357997700620948e2,2.489803624805,a107_x+025,grid_node,supported,false
source:bto-bfo-medium:370025,bto-bfo-medium,370025,14008,arc1-current-polar-best-glide-equal-feed,238,-38.224200677164,89.069263904360,1394238945.633512,4.5568189754764243e-4,9.6532088168823128e-52,-1.9499274142471037e2,2.600395999535,a103_x+030,grid_node,supported,false
source:bto-bfo-medium:370025,bto-bfo-medium,370025,14072,arc1-current-polar-best-glide-equal-feed,239,-38.391126466656,89.008247041045,1394239060.873003,4.3201917653071980e-4,6.0720247782085635e-50,-1.9079784450225770e2,0.412959914209,a105_x+035,grid_node,supported,false
source:bto-bfo-medium:370025,bto-bfo-medium,370025,14127,arc1-current-polar-best-glide-equal-feed,240,-37.770262917456,89.793113064722,1394238996.657409,1.9090453011619206e-4,1.1032829191497340e-36,-1.5945035859747921e2,2.454024799500,a095_x+025,grid_node,supported,false
source:bto-bfo-medium:370025,bto-bfo-medium,370025,14192,arc1-current-polar-best-glide-equal-feed,241,-37.657677310360,90.033742168023,1394239015.331962,2.4018291901600655e-4,5.7157076433406372e-60,-2.1329710025956146e2,1.609862559539,a092_x+030,grid_node,supported,false
source:bto-bfo-medium:370025,bto-bfo-medium,370025,14253,arc1-current-polar-best-glide-equal-feed,242,-38.068895461152,88.727643632436,1394238668.514409,2.6260692808532070e-4,5.2081605807188115e-38,-1.6282247713604434e2,1.219093429336,a105_x+010,grid_node,supported,false
source:bto-bfo-medium:370025,bto-bfo-medium,370025,14320,arc1-current-polar-best-glide-equal-feed,243,-37.879871152527,89.592189700906,1394238956.617821,2.8508594847240448e-4,1.5245180403668292e-31,-1.4801506226619924e2,1.412746561507,a097_x+025,grid_node,supported,false
source:bto-bfo-medium:370025,bto-bfo-medium,370025,14381,arc1-current-polar-best-glide-equal-feed,244,-37.742767655363,89.040368230490,1394238697.139720,1.5719091246198815e-5,2.2195553498370519e-13,-1.0329498729852673e2,1.489064656654,a100_x+005,grid_node,supported,false
source:bto-bfo-medium:370025,bto-bfo-medium,370025,14453,arc1-current-polar-best-glide-equal-feed,245,-37.913926794265,89.462156957823,1394238935.034622,2.2316025168774844e-4,1.1485007472434499e-42,-1.7338181863878640e2,1.430543754464,a098_x+025,grid_node,supported,false
source:bto-bfo-medium:370025,bto-bfo-medium,370025,14517,arc1-current-polar-best-glide-equal-feed,246,-38.028991631842,89.345428944961,1394238973.173960,2.3157167031765080e-4,1.4169838006269379e-71,-2.3998371248671029e2,1.499954708954,a100_x+025,grid_node,supported,false
source:bto-bfo-medium:370025,bto-bfo-medium,370025,14573,arc1-current-polar-best-glide-equal-feed,247,-38.089978949293,89.893755195306,1394239162.664525,7.8391577637753024e-4,2.8064611902364889e-95,-2.9578177309014421e2,1.140298468802,a096_x+045,grid_node,supported,false
source:bto-bfo-medium:370025,bto-bfo-medium,370025,14628,arc1-current-polar-best-glide-equal-feed,248,-37.869231118982,90.009435971569,1394239131.621257,3.8794546355373966e-4,1.0257522853081781e-86,-2.7536156848510115e2,2.379114403294,a094_x+040,grid_node,supported,false
source:bto-bfo-medium:370025,bto-bfo-medium,370025,14683,arc1-current-polar-best-glide-equal-feed,249,-37.809877432272,90.098970981594,1394239057.616246,7.5811112315931522e-4,6.6052731636407238e-72,-2.4193290037272126e2,2.652869988866,a093_x+040,grid_node,supported,false
source:bto-bfo-medium:370025,bto-bfo-medium,370025,14745,arc1-current-polar-best-glide-equal-feed,250,-37.928068562893,89.442656897292,1394238958.451508,1.6510032046998768e-4,3.1506259946353547e-44,-1.7667650821817557e2,2.519895383359,a099_x+025,grid_node,supported,false
source:bto-bfo-medium:370025,bto-bfo-medium,370025,14804,arc1-current-polar-best-glide-equal-feed,251,-38.343364492481,89.290195038906,1394239105.775828,6.7409208221282948e-4,6.3917290477056794e-68,-2.3263796022338332e2,2.409426138651,a103_x+040,grid_node,supported,false
source:bto-bfo-medium:370025,bto-bfo-medium,370025,14864,arc1-current-polar-best-glide-equal-feed,252,-37.860860741520,90.002493045553,1394239074.095049,6.4043126734084803e-4,1.1066840805941250e-54,-2.0210418059269742e2,2.498999234428,a094_x+035,grid_node,supported,false
source:bto-bfo-medium:370025,bto-bfo-medium,370025,14925,arc1-current-polar-best-glide-equal-feed,253,-38.079034165759,88.578366209450,1394238687.738536,6.7696562761974049e-5,4.1836516258060073e-44,-1.7550140703488830e2,2.578875162658,a106_x+005,grid_node,supported,false
source:bto-bfo-medium:370025,bto-bfo-medium,370025,14996,arc1-current-polar-best-glide-equal-feed,254,-38.023969818241,89.358706160851,1394238989.253443,1.9639814168139125e-4,1.2017574725528054e-71,-2.3998371248671029e2,1.811501723151,a100_x+025,grid_node,supported,false
source:bto-bfo-medium:370025,bto-bfo-medium,370025,15051,arc1-current-polar-best-glide-equal-feed,255,-38.246733191204,89.313573073302,1394239094.904220,4.0197449114796516e-4,8.3606772430406121e-53,-1.9731367112268248e2,1.984580759091,a102_x+035,grid_node,supported,false
source:bto-bfo-medium:370025,bto-bfo-medium,370025,15120,arc1-current-polar-best-glide-equal-feed,256,-38.002213627851,89.480687091415,1394239039.506859,1.7689577741367466e-4,6.4556485834370847e-72,-2.4050054392561012e2,1.533798567602,a099_x+030,grid_node,supported,false
source:bto-bfo-medium:370025,bto-bfo-medium,370025,15188,arc1-current-polar-best-glide-equal-feed,257,-37.858107500407,89.327987730607,1394238864.898767,1.0355111314862618e-4,6.0393953260989337e-11,-9.9574009461218878e1,2.280587433426,a099_x+020,grid_node,supported,false
source:bto-bfo-medium:370025,bto-bfo-medium,370025,15250,arc1-current-polar-best-glide-equal-feed,258,-38.285061399030,89.264935665463,1394239072.099260,5.5344985712232312e-4,1.1511217073481975e-52,-1.9731367112268248e2,2.215242278680,a102_x+035,grid_node,supported,false
source:bto-bfo-medium:370025,bto-bfo-medium,370025,15304,arc1-current-polar-best-glide-equal-feed,259,-38.311506160258,89.196820402535,1394239095.215912,3.7962716000612305e-4,5.3916283329103383e-55,-2.0230033428198271e2,0.982603573087,a103_x+035,grid_node,supported,false
source:bto-bfo-medium:370025,bto-bfo-medium,370025,15359,arc1-current-polar-best-glide-equal-feed,260,-37.971594241242,89.836323822848,1394239025.176075,8.8260016266081070e-4,3.2598858069386021e-105,-3.1877642687528567e2,2.386362475016,a096_x+040,grid_node,supported,false
source:bto-bfo-medium:370025,bto-bfo-medium,370025,15424,arc1-current-polar-best-glide-equal-feed,261,-37.664146037536,90.427117564173,1394239155.135326,4.8317437590954699e-4,2.3614718985123946e-42,-1.7343347840653593e2,1.144061534658,a089_x+040,grid_node,supported,false
source:bto-bfo-medium:370025,bto-bfo-medium,370025,15485,arc1-current-polar-best-glide-equal-feed,262,-38.078854965030,89.712727013078,1394239092.146550,7.0160952895294835e-4,3.3624913252270194e-89,-2.8167458013011202e2,2.385849332560,a098_x+040,grid_node,supported,false
source:bto-bfo-medium:370025,bto-bfo-medium,370025,15544,arc1-current-polar-best-glide-equal-feed,263,-38.765300027898,88.308640836992,1394239063.092607,3.4550861970761006e-4,1.2193116410698948e-142,-4.0401762632167322e2,1.296503739750,a113_x+035,grid_node,supported,false
source:bto-bfo-medium:370025,bto-bfo-medium,370025,15599,arc1-current-polar-best-glide-equal-feed,264,-38.586739632042,88.911370515110,1394239149.180796,5.2915775926482532e-4,1.7621787238146131e-89,-2.8203862092681055e2,1.622895563923,a107_x+040,grid_node,supported,false
source:bto-bfo-medium:370025,bto-bfo-medium,370025,15668,arc1-current-polar-best-glide-equal-feed,265,-37.988213877437,89.472262706851,1394238988.979012,2.8156495397514285e-4,1.0275453845483516e-71,-2.4050054392561012e2,2.312206578300,a099_x+030,grid_node,supported,false
source:bto-bfo-medium:370025,bto-bfo-medium,370025,15727,arc1-current-polar-best-glide-equal-feed,266,-38.238297620143,89.271564975362,1394239056.142505,4.6781495259542712e-4,9.7300946061248902e-53,-1.9731367112268248e2,0.614508356644,a102_x+035,grid_node,supported,false
source:bto-bfo-medium:370025,bto-bfo-medium,370025,15781,arc1-current-polar-best-glide-equal-feed,267,-37.947875465775,89.507493850707,1394239018.808778,1.4469062908148081e-4,7.4465454471581516e-43,-1.7338181863878640e2,2.376514034810,a098_x+025,grid_node,supported,false
source:bto-bfo-medium:370025,bto-bfo-medium,370025,15851,arc1-current-polar-best-glide-equal-feed,268,-37.637346896934,89.413857377945,1394238711.730663,9.9521294767766915e-5,7.3644615022047288e-10,-9.7033368633518478e1,1.904006193743,a097_x+010,grid_node,supported,false
source:bto-bfo-medium:370025,bto-bfo-medium,370025,15910,arc1-current-polar-best-glide-equal-feed,269,-37.894121161865,89.775734377815,1394239036.387421,4.0090178112132084e-4,6.5175318800023469e-40,-1.6762643641994413e2,2.735060866444,a096_x+030,grid_node,supported,false
source:bto-bfo-medium:370025,bto-bfo-medium,370025,15965,arc1-current-polar-best-glide-equal-feed,270,-38.069575223769,89.538941861705,1394239056.001186,4.3451500630427628e-4,4.4929066693903567e-73,-2.4406425440819592e2,1.437568937265,a099_x+035,grid_node,supported,false
source:bto-bfo-medium:370025,bto-bfo-medium,370025,16024,arc1-current-polar-best-glide-equal-feed,271,-38.386377467611,88.779405162804,1394238953.756790,3.9989560774005267e-4,5.1068983937165995e-49,-1.8859109283312725e2,2.325283402047,a107_x+030,grid_node,supported,false
source:bto-bfo-medium:370025,bto-bfo-medium,370025,16078,arc1-current-polar-best-glide-equal-feed,272,-37.866928067745,89.821302502347,1394239064.369572,2.8382237730630212e-4,2.0790201895606286e-75,-2.4901414586101004e2,2.502215937284,a095_x+030,grid_node,supported,false
source:bto-bfo-medium:370025,bto-bfo-medium,370025,16145,arc1-current-polar-best-glide-equal-feed,273,-38.022876280054,89.537032526600,1394239060.221032,2.4231622737276793e-4,3.1913901626414278e-50,-1.9086285363398414e2,2.894877409020,a098_x+030,grid_node,supported,false
source:bto-bfo-medium:370025,bto-bfo-medium,370025,16197,arc1-current-polar-best-glide-equal-feed,274,-38.356152484747,89.036258439717,1394239075.695107,2.9795442316566002e-4,4.1877461430467007e-50,-1.9079784450225770e2,2.534767624583,a105_x+035,grid_node,supported,false
source:bto-bfo-medium:370025,bto-bfo-medium,370025,16248,arc1-current-polar-best-glide-equal-feed,275,-37.859151067441,89.793174514751,1394239082.290003,1.5920705314558271e-4,1.1662035987138146e-75,-2.4901414586101004e2,2.016558643125,a095_x+030,grid_node,supported,false
source:bto-bfo-medium:370025,bto-bfo-medium,370025,16316,arc1-current-polar-best-glide-equal-feed,276,-37.988337987820,89.536257654910,1394239003.290232,3.6198576628740381e-4,4.7674801893010148e-50,-1.9086285363398414e2,1.128880278768,a098_x+030,grid_node,supported,false
source:bto-bfo-medium:370025,bto-bfo-medium,370025,16374,arc1-current-polar-best-glide-equal-feed,277,-38.390560375506,88.993312053300,1394239040.091689,5.0791346412219144e-4,7.1387181562215076e-50,-1.9079784450225770e2,1.075450508482,a105_x+035,grid_node,supported,false
source:bto-bfo-medium:370025,bto-bfo-medium,370025,16441,arc1-current-polar-best-glide-equal-feed,278,-38.220301742064,88.875925677521,1394238930.213518,1.4830460225574458e-4,7.5544279688614998e-49,-1.8720761595749718e2,2.503357834999,a105_x+025,grid_node,supported,false
source:bto-bfo-medium:370025,bto-bfo-medium,370025,16502,arc1-current-polar-best-glide-equal-feed,279,-38.302183622169,89.194031293332,1394239107.017443,2.8971414406792539e-4,4.1146449784475455e-55,-2.0230033428198271e2,0.479981428132,a103_x+035,grid_node,supported,false
source:bto-bfo-medium:370025,bto-bfo-medium,370025,16562,arc1-current-polar-best-glide-equal-feed,280,-38.034147043425,89.525146648433,1394239076.566769,2.0452185039631932e-4,7.4638366901509372e-72,-2.4050054392561012e2,2.574481550358,a099_x+030,grid_node,supported,false
source:bto-bfo-medium:370025,bto-bfo-medium,370025,16622,arc1-current-polar-best-glide-equal-feed,281,-38.121557095600,89.677917306496,1394239101.333351,7.4250917549912730e-4,3.5585044935795335e-89,-2.8167458013011202e2,0.713784551213,a098_x+040,grid_node,supported,false
source:bto-bfo-medium:370025,bto-bfo-medium,370025,16673,arc1-current-polar-best-glide-equal-feed,282,-38.120326999101,89.593090634347,1394239095.705622,5.6483567743089249e-4,1.5809098863642830e-68,-2.3385813261330085e2,2.383939685516,a099_x+040,grid_node,supported,false
source:bto-bfo-medium:370025,bto-bfo-medium,370025,16725,arc1-current-polar-best-glide-equal-feed,283,-38.075366679549,89.280367077646,1394239041.479091,8.3244821544768200e-5,2.8498167552448575e-44,-1.7609208731518598e2,2.181609605134,a101_x+025,grid_node,supported,false
source:bto-bfo-medium:370025,bto-bfo-medium,370025,16780,arc1-current-polar-best-glide-equal-feed,284,-38.316464032368,88.981119204463,1394238961.850010,5.4963896308436809e-4,3.5342125132169592e-61,-2.1690827379456579e2,1.459407476002,a105_x+030,grid_node,supported,false
source:bto-bfo-medium:370025,bto-bfo-medium,370025,16836,arc1-current-polar-best-glide-equal-feed,285,-37.695762998670,89.671868028389,1394238885.600227,1.3915315708853235e-4,8.2877820334596428e-33,-1.5020991285477842e2,0.404180303754,a095_x+020,grid_node,supported,false
source:bto-bfo-medium:370025,bto-bfo-medium,370025,16906,arc1-current-polar-best-glide-equal-feed,286,-38.420692565717,87.897330566218,1394238709.284661,2.1301872426958040e-5,1.7635425145290755e-179,-4.8605801403970793e2,1.530850535447,a114_x+005,grid_node,supported,false
source:bto-bfo-medium:370025,bto-bfo-medium,370025,16975,arc1-current-polar-best-glide-equal-feed,287,-38.453684037457,88.828784037895,1394239032.026471,4.2273709836724205e-4,8.9388766440119966e-74,-2.4565144942026046e2,2.452876320885,a107_x+035,grid_node,supported,false
source:bto-bfo-medium:370025,bto-bfo-medium,370025,17034,arc1-current-polar-best-glide-equal-feed,288,-38.033659983534,89.279446748909,1394238939.501768,2.3746894762182594e-4,1.4530691576844989e-71,-2.3998371248671029e2,2.566669568856,a100_x+025,grid_node,supported,false
source:bto-bfo-medium:370025,bto-bfo-medium,370025,17102,arc1-current-polar-best-glide-equal-feed,289,-38.029745524552,89.933035535172,1394239129.851019,8.2707674855181455e-4,1.6594403263680523e-92,-2.8945305765300662e2,2.913658586981,a095_x+045,grid_node,supported,false
source:bto-bfo-medium:370025,bto-bfo-medium,370025,17171,arc1-current-polar-best-glide-equal-feed,290,-37.429222264659,89.564707479918,1394238669.169582,3.0055945839663355e-5,1.2665535953294222e-4,-8.3780913367027594e1,1.012702992742,a094_x+005,grid_node,supported,false
source:bto-bfo-medium:370025,bto-bfo-medium,370025,17240,arc1-current-polar-best-glide-equal-feed,291,-37.515153801918,90.376896482590,1394239068.239190,2.6988027600826806e-4,4.0339262357149291e-35,-1.5619752853553288e2,3.103337607694,a088_x+030,grid_node,supported,false
source:bto-bfo-medium:370025,bto-bfo-medium,370025,17299,arc1-current-polar-best-glide-equal-feed,292,-38.293069848542,89.453256031017,1394239145.081327,6.4378136226832857e-4,1.4013930860536718e-37,-1.6272935280231178e2,2.235527421110,a101_x+040,grid_node,supported,false
source:bto-bfo-medium:370025,bto-bfo-medium,370025,17356,arc1-current-polar-best-glide-equal-feed,293,-37.949163433744,88.902568318697,1394238698.424168,1.4008987802928421e-4,6.3651525669699239e-28,-1.3896764060098269e2,1.377436818320,a103_x+010,grid_node,supported,false
source:bto-bfo-medium:370025,bto-bfo-medium,370025,17421,arc1-current-polar-best-glide-equal-feed,294,-37.846818912243,89.834350088072,1394239021.859210,4.3211712104876263e-4,3.1652903038918786e-75,-2.4901414586101004e2,1.798123785328,a095_x+030,grid_node,supported,false
source:bto-bfo-medium:370025,bto-bfo-medium,370025,17478,arc1-current-polar-best-glide-equal-feed,295,-38.168457519138,89.316057529559,1394239055.884781,3.0573678227615821e-4,7.9456942915591713e-48,-1.8557799081944603e2,2.478737654817,a101_x+030,grid_node,supported,false
source:bto-bfo-medium:370025,bto-bfo-medium,370025,17544,arc1-current-polar-best-glide-equal-feed,296,-37.855393979451,90.145121044366,1394239156.720293,5.2100530416429233e-4,4.5394167801804572e-72,-2.4193290037272126e2,1.749488999643,a093_x+040,grid_node,supported,false
source:bto-bfo-medium:370025,bto-bfo-medium,370025,17595,arc1-current-polar-best-glide-equal-feed,297,-37.749902528520,90.331428335468,1394239148.466235,6.1387716699270480e-4,2.0554247487312163e-66,-2.2907374047100882e2,2.683095659237,a091_x+040,grid_node,supported,false
source:bto-bfo-medium:370025,bto-bfo-medium,370025,17645,arc1-current-polar-best-glide-equal-feed,298,-38.210249266505,89.418222376736,1394239100.558553,4.6639602801824240e-4,2.7022840397654239e-57,-2.0780210005934345e2,2.761751658615,a101_x+035,grid_node,supported,false
source:bto-bfo-medium:370025,bto-bfo-medium,370025,17696,arc1-current-polar-best-glide-equal-feed,299,-37.805657456234,90.247324853950,1394239097.990190,8.7570439631896359e-4,8.7798452024613970e-78,-2.5560801905960369e2,2.592253516383,a092_x+040,grid_node,supported,false
source:bto-bfo-medium:370025,bto-bfo-medium,370025,17753,arc1-current-polar-best-glide-equal-feed,300,-37.843598050544,89.418207545396,1394238912.350916,8.3977279385420519e-5,4.6432451745974897e-30,-1.4337649755171202e2,0.505932582137,a098_x+020,grid_node,supported,false
source:bto-bfo-medium:370025,bto-bfo-medium,370025,17814,arc1-current-polar-best-glide-equal-feed,301,-38.323964884051,88.441611127729,1394238875.865518,3.6122135644402426e-5,2.5068379717143132e-77,-2.5137074782296867e2,0.897785171524,a109_x+015,grid_node,supported,false
source:bto-bfo-medium:370025,bto-bfo-medium,370025,17876,arc1-current-polar-best-glide-equal-feed,302,-37.860056086460,89.743383097232,1394239022.333055,2.7820410805857191e-4,4.5228138880995607e-40,-1.6762643641994413e2,1.427386495700,a096_x+030,grid_node,supported,false
source:bto-bfo-medium:370025,bto-bfo-medium,370025,17929,arc1-current-polar-best-glide-equal-feed,303,-37.692945147306,89.966314905983,1394239014.125119,2.2134278454687763e-4,3.3152239040309097e-69,-2.3448337080969756e2,1.848382829006,a093_x+030,grid_node,supported,false
source:bto-bfo-medium:370025,bto-bfo-medium,370025,17986,arc1-current-polar-best-glide-equal-feed,304,-37.994039012979,89.642757816396,1394239055.404370,3.8855274863280968e-4,1.1283076022448226e-85,-2.7296525502327205e2,2.790098076660,a097_x+035,grid_node,supported,false
source:bto-bfo-medium:370025,bto-bfo-medium,370025,18038,arc1-current-polar-best-glide-equal-feed,305,-37.689897032274,89.809972284069,1394238995.145250,7.2598312318384450e-5,8.7670344832375434e-33,-1.4950306313415925e2,1.463671966277,a094_x+025,grid_node,supported,false
source:bto-bfo-medium:370025,bto-bfo-medium,370025,18101,arc1-current-polar-best-glide-equal-feed,306,-38.169415506806,89.658082993781,1394239109.425458,8.1937418431135328e-4,2.2933337966562248e-68,-2.3385813261330085e2,2.898561534922,a099_x+040,grid_node,supported,false
source:bto-bfo-medium:370025,bto-bfo-medium,370025,18159,arc1-current-polar-best-glide-equal-feed,307,-38.191631322814,88.514859630656,1394238687.865264,2.0643115861102197e-4,3.9985768855029340e-62,-2.1810811622691264e2,2.393982659213,a107_x+010,grid_node,supported,false
source:bto-bfo-medium:370025,bto-bfo-medium,370025,18222,arc1-current-polar-best-glide-equal-feed,308,-38.041406138626,89.380244168542,1394239005.229523,2.3581818677682802e-4,2.1493053236194639e-37,-1.6129737686524533e2,2.146021221803,a100_x+030,grid_node,supported,false
source:bto-bfo-medium:370025,bto-bfo-medium,370025,18286,arc1-current-polar-best-glide-equal-feed,309,-37.685220592401,89.962358014858,1394239004.832211,2.2236993526582012e-4,3.3306083432547119e-69,-2.3448337080969756e2,2.348717901424,a093_x+030,grid_node,supported,false
source:bto-bfo-medium:370025,bto-bfo-medium,370025,18342,arc1-current-polar-best-glide-equal-feed,310,-38.156249737002,89.185734826603,1394238960.374442,3.9340934565193828e-4,8.8268086837111799e-49,-1.8802753868266777e2,1.873090552513,a102_x+030,grid_node,supported,false
source:bto-bfo-medium:370025,bto-bfo-medium,370025,18404,arc1-current-polar-best-glide-equal-feed,311,-37.872996051408,89.793010610613,1394239040.390093,3.4730360464625427e-4,2.5440249384829608e-75,-2.4901414586101004e2,2.822697936418,a095_x+030,grid_node,supported,false
source:bto-bfo-medium:370025,bto-bfo-medium,370025,18461,arc1-current-polar-best-glide-equal-feed,312,-38.120216844752,89.612851592398,1394239113.821258,5.1156492255142203e-4,1.4318111902158749e-68,-2.3385813261330085e2,2.482284916094,a099_x+040,grid_node,supported,false
source:bto-bfo-medium:370025,bto-bfo-medium,370025,18517,arc1-current-polar-best-glide-equal-feed,313,-38.109503381773,89.707933295786,1394239094.931764,7.9476082662129717e-4,3.8089225913629126e-89,-2.8167458013011202e2,1.257099138066,a098_x+040,grid_node,supported,false
source:bto-bfo-medium:370025,bto-bfo-medium,370025,18572,arc1-current-polar-best-glide-equal-feed,314,-38.400425548957,89.086737009309,1394239095.658760,4.7119953472321595e-4,2.8705740618804021e-52,-1.9623900644526350e2,3.307656685892,a104_x+035,grid_node,supported,false
source:bto-bfo-medium:370025,bto-bfo-medium,370025,18623,arc1-current-polar-best-glide-equal-feed,315,-38.199144730500,88.271083420987,1394238668.304371,3.6510163954135317e-5,1.5835524120383271e-93,-2.8868214564545957e2,1.623598080929,a109_x+005,grid_node,supported,false
source:bto-bfo-medium:370025,bto-bfo-medium,370025,18690,arc1-current-polar-best-glide-equal-feed,316,-38.456100842541,88.868808950219,1394239083.956545,2.7168006032562693e-4,5.7447395917421502e-74,-2.4565144942026046e2,2.446393096777,a107_x+035,grid_node,supported,false
source:bto-bfo-medium:370025,bto-bfo-medium,370025,18747,arc1-current-polar-best-glide-equal-feed,317,-38.263966089867,89.430184006183,1394239115.235741,6.3789746365880808e-4,1.3885849258401335e-37,-1.6272935280231178e2,0.245679170464,a101_x+040,grid_node,supported,false
source:bto-bfo-medium:370025,bto-bfo-medium,370025,18806,arc1-current-polar-best-glide-equal-feed,318,-38.641108706489,88.078238749728,1394238965.737313,5.1239107051884781e-5,6.4577244128399155e-153,-4.2577055727652146e2,1.646827250380,a114_x+020,grid_node,supported,false
source:bto-bfo-medium:370025,bto-bfo-medium,370025,18866,arc1-current-polar-best-glide-equal-feed,319,-38.061254181512,89.590278607020,1394239091.384663,3.4176082079537354e-4,9.9578591334079409e-82,-2.6375153865746205e2,1.701377328809,a098_x+035,grid_node,supported,false
source:bto-bfo-medium:370025,bto-bfo-medium,370025,18927,arc1-current-polar-best-glide-equal-feed,320,-38.466115627030,88.569831753363,1394238957.534697,2.5243018251329749e-4,5.1438699227722983e-104,-3.1476599067351987e2,1.280812297100,a109_x+025,grid_node,supported,false
source:bto-bfo-medium:370025,bto-bfo-medium,370025,18988,arc1-current-polar-best-glide-equal-feed,321,-37.870500057635,89.750896672883,1394238991.522135,4.6211305210466764e-4,7.5126544482622156e-40,-1.6762643641994413e2,1.412515605943,a096_x+030,grid_node,supported,false
source:bto-bfo-medium:370025,bto-bfo-medium,370025,19047,arc1-current-polar-best-glide-equal-feed,322,-37.950163811056,89.722018639133,1394239013.532785,6.0950841157763063e-4,1.7699346532356614e-85,-2.7296525502327205e2,2.773692580431,a097_x+035,grid_node,supported,false
source:bto-bfo-medium:370025,bto-bfo-medium,370025,19106,arc1-current-polar-best-glide-equal-feed,323,-38.628785665283,88.529754705567,1394238968.771521,7.4707476918952221e-4,1.6424695746594965e-107,-3.2390038127170106e2,2.331279637459,a110_x+035,grid_node,supported,false
source:bto-bfo-medium:370025,bto-bfo-medium,370025,19165,arc1-current-polar-best-glide-equal-feed,324,-38.242782487750,89.226841485826,1394239033.586412,4.9442542820848381e-4,1.0283566537264596e-52,-1.9731367112268248e2,2.136097986369,a102_x+035,grid_node,supported,false
source:bto-bfo-medium:370025,bto-bfo-medium,370025,19219,arc1-current-polar-best-glide-equal-feed,325,-37.979569970270,89.372946349332,1394238953.887863,2.0440646410398863e-4,3.9007090806621948e-44,-1.7667650821817557e2,2.041301453648,a099_x+025,grid_node,supported,false
source:bto-bfo-medium:370025,bto-bfo-medium,370025,19282,arc1-current-polar-best-glide-equal-feed,326,-37.797412667581,89.872322665671,1394239044.026722,2.5026693182653674e-4,9.2212111396165687e-83,-2.6581939640106884e2,1.625785862382,a094_x+030,grid_node,supported,false
source:bto-bfo-medium:370025,bto-bfo-medium,370025,19343,arc1-current-polar-best-glide-equal-feed,327,-38.063770669624,89.676639962823,1394239104.588732,4.9017200483067133e-4,2.3491686559217452e-89,-2.8167458013011202e2,2.783022396893,a098_x+040,grid_node,supported,false
source:bto-bfo-medium:370025,bto-bfo-medium,370025,19391,arc1-current-polar-best-glide-equal-feed,328,-37.931659735957,89.733925441992,1394239083.456439,2.4431780332899428e-4,6.3878585102698953e-79,-2.5695210511219045e2,2.532903369775,a096_x+035,grid_node,supported,false
source:bto-bfo-medium:370025,bto-bfo-medium,370025,19440,arc1-current-polar-best-glide-equal-feed,329,-37.625545661069,90.010194686748,1394239024.549362,1.0995511666948644e-4,3.1098392003442677e-55,-2.0161149334213221e2,1.403315600711,a092_x+025,grid_node,supported,false
source:bto-bfo-medium:370025,bto-bfo-medium,370025,19491,arc1-current-polar-best-glide-equal-feed,330,-38.530403377795,88.823213595360,1394239067.606700,5.3491422858275065e-4,1.1310888783823338e-73,-2.4565144942026046e2,2.503754085419,a107_x+035,grid_node,supported,false
source:bto-bfo-medium:370025,bto-bfo-medium,370025,19542,arc1-current-polar-best-glide-equal-feed,331,-38.237856716565,89.378177885588,1394239070.730217,6.4698102675978864e-4,3.7485878901517024e-57,-2.0780210005934345e2,2.611382232522,a101_x+035,grid_node,supported,false
source:bto-bfo-medium:370025,bto-bfo-medium,370025,19592,arc1-current-polar-best-glide-equal-feed,332,-38.304756781550,88.978902240875,1394238991.571778,3.6668234184909050e-4,2.3577901276620075e-61,-2.1690827379456579e2,1.817584918876,a105_x+030,grid_node,supported,false
source:bto-bfo-medium:370025,bto-bfo-medium,370025,19660,arc1-current-polar-best-glide-equal-feed,333,-38.368034237578,89.183713220350,1394239063.031175,7.5085133554839427e-4,8.9514997579372049e-55,-2.0247537869854168e2,2.932988167572,a104_x+040,grid_node,supported,false
source:bto-bfo-medium:370025,bto-bfo-medium,370025,19717,arc1-current-polar-best-glide-equal-feed,334,-37.668816737304,90.184453750676,1394239058.087527,4.1916566841035380e-4,3.6680616090908008e-70,-2.3732337138673219e2,1.535822237539,a091_x+035,grid_node,supported,false
source:bto-bfo-medium:370025,bto-bfo-medium,370025,19771,arc1-current-polar-best-glide-equal-feed,335,-37.867695322365,89.416994673753,1394238900.454455,1.4001124095758635e-4,7.7414572575281262e-30,-1.4337649755171202e2,1.549834016087,a098_x+020,grid_node,supported,false
source:bto-bfo-medium:370025,bto-bfo-medium,370025,19831,arc1-current-polar-best-glide-equal-feed,336,-38.114742688116,89.745461528724,1394239138.601007,6.7323224490951005e-4,3.2264920728053447e-89,-2.8167458013011202e2,3.043054203225,a098_x+040,grid_node,supported,false
source:bto-bfo-medium:370025,bto-bfo-medium,370025,19881,arc1-current-polar-best-glide-equal-feed,337,-37.928867120520,90.063553773118,1394239125.212247,7.8240753450172710e-4,2.0687348917700293e-86,-2.7536156848510115e2,2.451313284343,a094_x+040,grid_node,supported,false
source:bto-bfo-medium:370025,bto-bfo-medium,370025,19935,arc1-current-polar-best-glide-equal-feed,338,-37.756560593316,90.381910873660,1394239164.898241,6.7341999805004113e-4,1.4170453182001565e-80,-2.6177441469695066e2,1.911523355178,a090_x+045,grid_node,supported,false
source:bto-bfo-medium:370025,bto-bfo-medium,370025,19987,arc1-current-polar-best-glide-equal-feed,339,-37.844881500202,90.195098822554,1394239158.358855,5.8660280690908618e-4,5.8813017973194945e-78,-2.5560801905960369e2,2.661221522945,a092_x+040,grid_node,supported,false
source:bto-bfo-medium:370025,bto-bfo-medium,370025,20040,arc1-current-polar-best-glide-equal-feed,340,-38.075633699306,89.725645406237,1394239116.205625,5.8209577689419733e-4,4.6778143517530453e-86,-2.7424993401080098e2,2.071003188700,a097_x+040,grid_node,supported,false
source:bto-bfo-medium:370025,bto-bfo-medium,370025,20092,arc1-current-polar-best-glide-equal-feed,341,-38.195878533068,89.397338724372,1394239083.335281,4.5625552281102231e-4,2.6435302688701660e-57,-2.0780210005934345e2,1.643578929646,a101_x+035,grid_node,supported,false
source:bto-bfo-medium:370025,bto-bfo-medium,370025,20145,arc1-current-polar-best-glide-equal-feed,342,-38.160029641704,89.417240044162,1394239056.864285,4.9665610093006817e-4,6.0252699968493542e-64,-2.2318119349323791e2,1.896498340881,a100_x+035,grid_node,supported,false
source:bto-bfo-medium:370025,bto-bfo-medium,370025,20205,arc1-current-polar-best-glide-equal-feed,343,-37.727778911092,89.931338219381,1394238997.903256,3.1948539267502525e-4,4.7851824623659518e-69,-2.3448337080969756e2,2.343635039975,a093_x+030,grid_node,supported,false
source:bto-bfo-medium:370025,bto-bfo-medium,370025,20265,arc1-current-polar-best-glide-equal-feed,344,-38.410126941585,88.611864812332,1394238918.778455,2.8236279057383733e-4,2.2682449483027379e-59,-2.1208051883622826e2,1.097757500855,a108_x+025,grid_node,supported,false
source:bto-bfo-medium:370025,bto-bfo-medium,370025,20326,arc1-current-polar-best-glide-equal-feed,345,-38.110565046190,89.220905592056,1394239004.327961,1.6182561725515090e-4,5.5399644917679377e-44,-1.7609208731518598e2,3.006217386711,a101_x+025,grid_node,supported,false
source:bto-bfo-medium:370025,bto-bfo-medium,370025,20386,arc1-current-polar-best-glide-equal-feed,346,-37.803673521221,89.599320794166,1394238965.069692,9.8925556511426100e-5,7.6407288769955093e-23,-1.2692414374632884e2,2.872460126226,a096_x+025,grid_node,supported,false
source:bto-bfo-medium:370025,bto-bfo-medium,370025,20455,arc1-current-polar-best-glide-equal-feed,347,-38.696627687289,88.214768378336,1394238973.179426,3.0629144039142736e-4,2.7008996026551101e-105,-3.1790619892495533e2,2.276072682406,a113_x+030,grid_node,supported,false
source:bto-bfo-medium:370025,bto-bfo-medium,370025,20514,arc1-current-polar-best-glide-equal-feed,348,-38.538076453524,88.133924717989,1394238776.403152,3.4160722426879826e-4,1.9982577658811859e-154,-4.3114330224324090e2,2.583200119835,a113_x+020,grid_node,supported,false
source:bto-bfo-medium:370025,bto-bfo-medium,370025,20575,arc1-current-polar-best-glide-equal-feed,349,-37.711051918157,89.917363631342,1394239018.469562,1.7924666867768173e-4,2.6847174708435359e-69,-2.3448337080969756e2,3.047641403745,a093_x+030,grid_node,supported,false
source:bto-bfo-medium:370025,bto-bfo-medium,370025,20630,arc1-current-polar-best-glide-equal-feed,350,-38.276855064011,89.044072733377,1394238918.238941,7.3229761634847174e-4,6.6776047291695630e-45,-1.7971756884200190e2,0.280542573374,a104_x+030,grid_node,supported,false
source:bto-bfo-medium:370025,bto-bfo-medium,370025,20692,arc1-current-polar-best-glide-equal-feed,351,-38.153242822956,89.218273693411,1394238999.289719,2.8942175640365531e-4,6.4936700180451750e-49,-1.8802753868266777e2,1.718311394481,a102_x+030,grid_node,supported,false
source:bto-bfo-medium:370025,bto-bfo-medium,370025,20749,arc1-current-polar-best-glide-equal-feed,352,-38.038350740761,89.526669820548,1394239071.471624,2.3359093973682397e-4,8.5246863507052331e-72,-2.4050054392561012e2,2.699414728183,a099_x+030,grid_node,supported,false
source:bto-bfo-medium:370025,bto-bfo-medium,370025,20813,arc1-current-polar-best-glide-equal-feed,353,-38.652128817953,88.085736115750,1394238932.793760,1.2039365225816634e-4,1.5173352387880159e-152,-4.2577055727652146e2,2.301794873048,a114_x+020,grid_node,supported,false
source:bto-bfo-medium:370025,bto-bfo-medium,370025,20870,arc1-current-polar-best-glide-equal-feed,354,-38.006228776424,89.641844974136,1394239034.862574,5.3430073767307576e-4,1.5567880098842219e-81,-2.6375153865746205e2,2.495601731274,a098_x+035,grid_node,supported,false
source:bto-bfo-medium:370025,bto-bfo-medium,370025,20929,arc1-current-polar-best-glide-equal-feed,355,-38.736579228707,88.153220174133,1394238954.863940,3.9951935253183416e-4,1.9911370336031499e-176,-4.8196034471962923e2,1.863206140933,a114_x+030,grid_node,supported,false
source:bto-bfo-medium:370025,bto-bfo-medium,370025,20991,arc1-current-polar-best-glide-equal-feed,356,-38.302307680833,89.105133166034,1394239052.754322,3.6064784530588840e-4,2.1970869534416584e-52,-1.9623900644526350e2,2.656435695456,a104_x+035,grid_node,supported,false
source:bto-bfo-medium:370025,bto-bfo-medium,370025,21042,arc1-current-polar-best-glide-equal-feed,357,-38.017263490238,89.988445981629,1394239139.336305,8.4637961101283914e-4,1.6981694387971582e-92,-2.8945305765300662e2,0.650507403400,a095_x+045,grid_node,supported,false
source:bto-bfo-medium:370025,bto-bfo-medium,370025,21095,arc1-current-polar-best-glide-equal-feed,358,-38.565593864356,88.851258724617,1394239096.991647,5.9428515420503552e-4,1.9790632118367822e-89,-2.8203862092681055e2,2.651334200639,a107_x+040,grid_node,supported,false
source:bto-bfo-medium:370025,bto-bfo-medium,370025,21160,arc1-current-polar-best-glide-equal-feed,359,-38.299711716491,89.502424123356,1394239120.284335,8.8755568263656874e-4,1.0693167070441930e-53,-2.0016227333212166e2,1.951739793469,a101_x+045,grid_node,supported,false
source:bto-bfo-medium:370025,bto-bfo-medium,370025,21218,arc1-current-polar-best-glide-equal-feed,360,-38.087593295441,89.532738541301,1394239082.050862,3.5618574789576660e-4,3.6829782609210566e-73,-2.4406425440819592e2,0.354338476132,a099_x+035,grid_node,supported,false
source:bto-bfo-medium:370025,bto-bfo-medium,370025,21269,arc1-current-polar-best-glide-equal-feed,361,-38.391523359210,89.137274688568,1394239066.229379,7.2051573226440517e-4,8.5898447503514627e-55,-2.0247537869854168e2,1.786212012866,a104_x+040,grid_node,supported,false
source:bto-bfo-medium:370025,bto-bfo-medium,370025,21318,arc1-current-polar-best-glide-equal-feed,362,-38.068805054351,89.657198822925,1394239069.718889,6.4526276100666737e-4,1.8800972162883419e-81,-2.6375153865746205e2,2.392506606141,a098_x+035,grid_node,supported,false
source:bto-bfo-medium:370025,bto-bfo-medium,370025,21370,arc1-current-polar-best-glide-equal-feed,363,-37.728080457993,90.016683134012,1394239079.803728,1.8101853230846843e-4,2.7112560574773123e-69,-2.3448337080969756e2,1.778869059265,a093_x+030,grid_node,supported,false
source:bto-bfo-medium:370025,bto-bfo-medium,370025,21422,arc1-current-polar-best-glide-equal-feed,364,-38.555121038031,89.014613334847,1394239123.638242,7.7373579731448798e-4,6.3995891430570878e-81,-2.6270820120478550e2,2.335968113027,a106_x+045,grid_node,supported,false
source:bto-bfo-medium:370025,bto-bfo-medium,370025,21484,arc1-current-polar-best-glide-equal-feed,365,-38.063755112619,89.354729045658,1394238986.066076,3.1386470765346996e-4,2.8606406328375842e-37,-1.6129737686524533e2,1.750689485653,a100_x+030,grid_node,supported,false
source:bto-bfo-medium:370025,bto-bfo-medium,370025,21542,arc1-current-polar-best-glide-equal-feed,366,-37.817716927321,89.930707987908,1394239050.202359,4.0775842042332298e-4,7.0461855256439818e-55,-2.0210418059269742e2,1.867080253830,a094_x+035,grid_node,supported,false
source:bto-bfo-medium:370025,bto-bfo-medium,370025,21601,arc1-current-polar-best-glide-equal-feed,367,-38.175984568031,89.399029043729,1394239093.605004,3.3530071835354767e-4,1.9427219043409553e-57,-2.0780210005934345e2,2.105977777190,a101_x+035,grid_node,supported,false
source:bto-bfo-medium:370025,bto-bfo-medium,370025,21649,arc1-current-polar-best-glide-equal-feed,368,-37.744910577058,90.067089068210,1394239100.810102,2.4031871401849849e-4,3.3647881050533114e-74,-2.4606370990414865e2,2.783319702191,a093_x+035,grid_node,supported,false
source:bto-bfo-medium:370025,bto-bfo-medium,370025,21696,arc1-current-polar-best-glide-equal-feed,369,-37.790901155101,90.042021691141,1394239096.306686,3.4989878120743903e-4,4.8990577441621269e-74,-2.4606370990414865e2,0.224004761904,a093_x+035,grid_node,supported,false
source:bto-bfo-medium:370025,bto-bfo-medium,370025,21754,arc1-current-polar-best-glide-equal-feed,370,-37.922786331421,88.932454524208,1394238773.323851,3.1164870359007361e-5,1.7332169155822727e-29,-1.4106809203267323e2,1.591104566217,a102_x+010,grid_node,supported,false
source:bto-bfo-medium:370025,bto-bfo-medium,370025,21820,arc1-current-polar-best-glide-equal-feed,371,-38.324455496065,88.872302793029,1394238996.925960,2.1482969764538941e-4,4.6363969007138726e-57,-2.0648707037236599e2,3.117532836788,a106_x+030,grid_node,supported,false
source:bto-bfo-medium:370025,bto-bfo-medium,370025,21874,arc1-current-polar-best-glide-equal-feed,372,-38.471121385004,89.006513510159,1394239101.969708,5.3906340565963251e-4,5.4672875742042877e-47,-1.8421636194608013e2,2.499830013180,a106_x+040,grid_node,supported,false
source:bto-bfo-medium:370025,bto-bfo-medium,370025,21933,arc1-current-polar-best-glide-equal-feed,373,-38.736896178276,88.267145877725,1394239012.548133,3.8910462916938584e-4,3.4311521633508918e-105,-3.1790619892495533e2,1.277553352954,a113_x+030,grid_node,supported,false
source:bto-bfo-medium:370025,bto-bfo-medium,370025,21997,arc1-current-polar-best-glide-equal-feed,374,-38.084009704489,89.208489836755,1394238914.639820,3.5909453201021021e-4,1.2293300592748178e-43,-1.7609208731518598e2,1.891035518803,a101_x+025,grid_node,supported,false
source:bto-bfo-medium:370025,bto-bfo-medium,370025,22057,arc1-current-polar-best-glide-equal-feed,375,-38.035376453119,89.217958570314,1394238930.808795,1.7225263607040223e-4,5.8969247491814166e-44,-1.7609208731518598e2,1.853076344387,a101_x+025,grid_node,supported,false
source:bto-bfo-medium:370025,bto-bfo-medium,370025,22117,arc1-current-polar-best-glide-equal-feed,376,-37.774526695766,90.078145327774,1394239097.290434,3.7261549637167984e-4,5.2171225826941508e-74,-2.4606370990414865e2,1.791757942072,a093_x+035,grid_node,supported,false
source:bto-bfo-medium:370025,bto-bfo-medium,370025,22172,arc1-current-polar-best-glide-equal-feed,377,-38.541211909942,88.710059295767,1394239035.257740,4.8920413001217705e-4,1.2757038142697211e-87,-2.7767799689513566e2,2.273152278731,a108_x+035,grid_node,supported,false
source:bto-bfo-medium:370025,bto-bfo-medium,370025,22224,arc1-current-polar-best-glide-equal-feed,378,-38.468509202047,88.989366747080,1394239088.663750,5.5628391409197147e-4,5.6419413733402555e-47,-1.8421636194608013e2,2.568977319808,a106_x+040,grid_node,supported,false
source:bto-bfo-medium:370025,bto-bfo-medium,370025,22281,arc1-current-polar-best-glide-equal-feed,379,-37.763302967170,90.074685184746,1394239079.813808,4.0871180491944205e-4,5.7225198844979036e-74,-2.4606370990414865e2,2.054220062401,a093_x+035,grid_node,supported,false
source:bto-bfo-medium:370025,bto-bfo-medium,370025,22346,arc1-current-polar-best-glide-equal-feed,380,-38.321475727604,88.804245768575,1394238982.808275,1.4557662971583261e-4,3.2819606990578355e-53,-1.9723308351946386e2,0.767476239316,a106_x+025,grid_node,supported,false
source:bto-bfo-medium:370025,bto-bfo-medium,370025,22399,arc1-current-polar-best-glide-equal-feed,381,-37.723333551476,89.955634038503,1394239033.367545,2.2155806425556900e-4,3.3184483165084088e-69,-2.3448337080969756e2,1.165571732966,a093_x+030,grid_node,supported,false
source:bto-bfo-medium:370025,bto-bfo-medium,370025,22451,arc1-current-polar-best-glide-equal-feed,382,-37.822381401760,89.704157134807,1394238999.949165,1.7585149997323272e-4,1.3582270156379997e-22,-1.2692414374632884e2,2.247379983606,a096_x+025,grid_node,supported,false
source:bto-bfo-medium:370025,bto-bfo-medium,370025,22517,arc1-current-polar-best-glide-equal-feed,383,-39.174863969008,86.590248286391,1394238704.111666,9.4430122418836775e-5,0.0000000000000000e0,,,,,out_of_support,false
source:bto-bfo-medium:370025,bto-bfo-medium,370025,22585,arc1-current-polar-best-glide-equal-feed,384,-37.781889872867,89.638024654634,1394238949.212924,1.2875271261612463e-4,9.9444936573482614e-23,-1.2692414374632884e2,1.985589530779,a096_x+025,grid_node,supported,false
source:bto-bfo-medium:370025,bto-bfo-medium,370025,22650,arc1-current-polar-best-glide-equal-feed,385,-38.727793299354,88.565353869682,1394239092.861458,6.0877575139567245e-4,8.4259098685672778e-129,-3.7271742750114174e2,2.056403104192,a111_x+040,grid_node,supported,false
source:bto-bfo-medium:370025,bto-bfo-medium,370025,22714,arc1-current-polar-best-glide-equal-feed,386,-37.851013128710,89.244009154817,1394238825.663276,7.9105413251138085e-5,3.5075859023852634e-24,-1.2978170751207250e2,2.305881615336,a099_x+015,grid_node,supported,false
source:bto-bfo-medium:370025,bto-bfo-medium,370025,22778,arc1-current-polar-best-glide-equal-feed,387,-38.509496000266,88.978970882225,1394239069.764911,7.9709162291311778e-4,8.0842607376075657e-47,-1.8421636194608013e2,0.633386006409,a106_x+040,grid_node,supported,false
source:bto-bfo-medium:370025,bto-bfo-medium,370025,22839,arc1-current-polar-best-glide-equal-feed,388,-37.905439888876,89.163690774654,1394238801.162812,1.3738160489120714e-4,2.3712357961428597e-15,-1.1000193962953652e2,2.365228987129,a100_x+015,grid_node,supported,false
source:bto-bfo-medium:370025,bto-bfo-medium,370025,22893,arc1-current-polar-best-glide-equal-feed,389,-37.966458662539,89.774032819242,1394239089.228635,4.1778469689915680e-4,1.0923270818517233e-78,-2.5695210511219045e2,1.470717281916,a096_x+035,grid_node,supported,false
source:bto-bfo-medium:370025,bto-bfo-medium,370025,22950,arc1-current-polar-best-glide-equal-feed,390,-37.595010587966,90.249738541496,1394239032.101461,4.1630412069138293e-4,1.0179405777448998e-44,-1.7873119059539883e2,1.962300354113,a090_x+030,grid_node,supported,false
source:bto-bfo-medium:370025,bto-bfo-medium,370025,23007,arc1-current-polar-best-glide-equal-feed,391,-37.838955639423,89.541557084930,1394238957.667930,1.1305730200344234e-4,6.0458222309099718e-32,-1.4801506226619924e2,2.062279666767,a097_x+025,grid_node,supported,false
source:bto-bfo-medium:370025,bto-bfo-medium,370025,23077,arc1-current-polar-best-glide-equal-feed,392,-38.296476082638,88.805135402015,1394238924.291587,2.5109078098343475e-4,5.6607305492094974e-53,-1.9723308351946386e2,0.743843478015,a106_x+025,grid_node,supported,false
source:bto-bfo-medium:370025,bto-bfo-medium,370025,23134,arc1-current-polar-best-glide-equal-feed,393,-38.529500128188,88.899338777574,1394239091.791479,5.7692101222000961e-4,1.9212378827594565e-89,-2.8203862092681055e2,1.862826366361,a107_x+040,grid_node,supported,false
source:bto-bfo-medium:370025,bto-bfo-medium,370025,23188,arc1-current-polar-best-glide-equal-feed,394,-37.943096922571,90.015406914330,1394239122.714338,7.3588669572050773e-4,1.9457308585299262e-86,-2.7536156848510115e2,2.105864437113,a094_x+040,grid_node,supported,false
source:bto-bfo-medium:370025,bto-bfo-medium,370025,23254,arc1-current-polar-best-glide-equal-feed,395,-37.558603201490,90.209899086529,1394239069.171336,1.1919408066863548e-4,2.9145157424360847e-45,-1.7873119059539883e2,1.012171259679,a090_x+030,grid_node,supported,false
source:bto-bfo-medium:370025,bto-bfo-medium,370025,23308,arc1-current-polar-best-glide-equal-feed,396,-38.187897712167,89.456426729074,1394239080.221327,5.8168228900997289e-4,7.0567800075486882e-64,-2.2318119349323791e2,2.696219282021,a100_x+035,grid_node,supported,false
source:bto-bfo-medium:370025,bto-bfo-medium,370025,23368,arc1-current-polar-best-glide-equal-feed,397,-38.787170698715,88.426742519843,1394239057.330386,7.3784758641879799e-4,1.9208850742921680e-133,-3.8359858058899221e2,2.070160633255,a112_x+040,grid_node,supported,false
source:bto-bfo-medium:370025,bto-bfo-medium,370025,23429,arc1-current-polar-best-glide-equal-feed,398,-38.067841719998,89.725644351845,1394239139.657724,4.2214962337812345e-4,3.3924615934539932e-86,-2.7424993401080098e2,1.906772645322,a097_x+040,grid_node,supported,false
source:bto-bfo-medium:370025,bto-bfo-medium,370025,23488,arc1-current-polar-best-glide-equal-feed,399,-37.945745415519,89.853214896773,1394239147.712120,2.3836779476922056e-4,2.9537390961377267e-81,-2.6230394750754471e2,3.209214300014,a095_x+035,grid_node,supported,false
source:bto-bfo-medium:370025,bto-bfo-medium,370025,23539,arc1-current-polar-best-glide-equal-feed,400,-37.875894455797,90.203484009036,1394239135.448791,8.4397887329132500e-4,1.4465367665836946e-72,-2.4355889389147683e2,2.622922587987,a092_x+045,grid_node,supported,false
source:bto-bfo-medium:370025,bto-bfo-medium,370025,23606,arc1-current-polar-best-glide-equal-feed,401,-38.539300547813,88.335393967747,1394238940.594085,1.5164697861728719e-4,3.1220206566171327e-121,-3.5389968312027770e2,1.782307472860,a111_x+025,grid_node,supported,false
source:bto-bfo-medium:370025,bto-bfo-medium,370025,23669,arc1-current-polar-best-glide-equal-feed,402,-38.267118525629,88.901040510841,1394238958.503981,2.1814404907956155e-4,1.1111951217572405e-48,-1.8720761595749718e2,0.608310408384,a105_x+025,grid_node,supported,false
source:bto-bfo-medium:370025,bto-bfo-medium,370025,23725,arc1-current-polar-best-glide-equal-feed,403,-37.572122309634,89.523909698803,1394238737.908585,6.6953765427371788e-5,3.8926016053372933e-11,-9.9577172604633631e1,1.600074808414,a095_x+010,grid_node,supported,false
source:bto-bfo-medium:370025,bto-bfo-medium,370025,23778,arc1-current-polar-best-glide-equal-feed,404,-37.970323642104,89.732318162767,1394239104.739852,2.7247095270097890e-4,7.9122087903161779e-86,-2.7296525502327205e2,2.008295875302,a097_x+035,grid_node,supported,false
source:bto-bfo-medium:370025,bto-bfo-medium,370025,23834,arc1-current-polar-best-glide-equal-feed,405,-39.003586342193,87.660618060459,1394238936.898477,4.9310728228240926e-4,4.9672673032571530e-199,-5.3421610241278802e2,2.754922107389,a119_x+030,grid_node,supported,false
source:bto-bfo-medium:370025,bto-bfo-medium,370025,23898,arc1-current-polar-best-glide-equal-feed,406,-38.238763674043,89.220308421297,1394239072.063362,2.8785845089630586e-4,5.9871749392668529e-53,-1.9731367112268248e2,2.486311003917,a102_x+035,grid_node,supported,false
source:bto-bfo-medium:370025,bto-bfo-medium,370025,23950,arc1-current-polar-best-glide-equal-feed,407,-38.145796232565,89.347269420590,1394239031.651936,4.0459310857931120e-4,1.0514839363812653e-47,-1.8557799081944603e2,2.448316889346,a101_x+030,grid_node,supported,false
source:bto-bfo-medium:370025,bto-bfo-medium,370025,24007,arc1-current-polar-best-glide-equal-feed,408,-38.591560055421,88.617551001535,1394239038.697630,4.6270155818757970e-4,6.2548280336556489e-119,-3.4971516667487350e2,2.310771153138,a109_x+035,grid_node,supported,false
source:bto-bfo-medium:370025,bto-bfo-medium,370025,24060,arc1-current-polar-best-glide-equal-feed,409,-38.050162791123,89.751704163368,1394239106.017175,6.0658029412235669e-4,4.8745758309322818e-86,-2.7424993401080098e2,0.858574811857,a097_x+040,grid_node,supported,false
source:bto-bfo-medium:370025,bto-bfo-medium,370025,24119,arc1-current-polar-best-glide-equal-feed,410,-38.699913464496,88.028901600732,1394238878.769086,3.1936542959563077e-4,1.0799153605386900e-164,-4.5471722057329470e2,2.697597337799,a115_x+025,grid_node,supported,false
source:bto-bfo-medium:370025,bto-bfo-medium,370025,24178,arc1-current-polar-best-glide-equal-feed,411,-38.264430727237,89.095983318817,1394239005.925588,4.0820735577780788e-4,8.6475035921269429e-52,-1.9499274142471037e2,2.439634920992,a103_x+030,grid_node,supported,false
source:bto-bfo-medium:370025,bto-bfo-medium,370025,24241,arc1-current-polar-best-glide-equal-feed,412,-38.087502792547,89.773535015195,1394239107.272563,7.9445419248281874e-4,6.3843603938083585e-86,-2.7424993401080098e2,1.696739249674,a097_x+040,grid_node,supported,false
source:bto-bfo-medium:370025,bto-bfo-medium,370025,24289,arc1-current-polar-best-glide-equal-feed,413,-38.152696824794,89.534303796100,1394239069.354292,6.8322423797004348e-4,1.9122658067977606e-68,-2.3385813261330085e2,3.032939715792,a099_x+040,grid_node,supported,false
source:bto-bfo-medium:370025,bto-bfo-medium,370025,24338,arc1-current-polar-best-glide-equal-feed,414,-38.602145412201,88.877622303790,1394239095.058796,8.0304086137882686e-4,1.2053328090846234e-93,-2.9204587552407565e2,2.729651217571,a108_x+040,grid_node,supported,false
source:bto-bfo-medium:370025,bto-bfo-medium,370025,24395,arc1-current-polar-best-glide-equal-feed,415,-37.861213283040,89.832116380700,1394239009.677361,5.4271985211683065e-4,3.9754635999281584e-75,-2.4901414586101004e2,2.398450878991,a095_x+030,grid_node,supported,false
source:bto-bfo-medium:370025,bto-bfo-medium,370025,24452,arc1-current-polar-best-glide-equal-feed,416,-37.922784490995,89.945888284013,1394239091.069482,6.6153075833145765e-4,2.7545550667131049e-77,-2.5418416470759121e2,2.353962877688,a095_x+040,grid_node,supported,false
source:bto-bfo-medium:370025,bto-bfo-medium,370025,24513,arc1-current-polar-best-glide-equal-feed,417,-38.505632623523,88.751720665996,1394238989.609029,6.6962110331870040e-4,1.7461794437384026e-87,-2.7767799689513566e2,2.213439558930,a108_x+035,grid_node,supported,false
source:bto-bfo-medium:370025,bto-bfo-medium,370025,24573,arc1-current-polar-best-glide-equal-feed,418,-37.792083580224,89.776347658003,1394239018.726595,1.6926660265415068e-4,9.7823216336022856e-37,-1.5945035859747921e2,2.474421720454,a095_x+025,grid_node,supported,false
source:bto-bfo-medium:370025,bto-bfo-medium,370025,24630,arc1-current-polar-best-glide-equal-feed,419,-38.474125704170,88.767687595259,1394239064.793847,2.3030610090790980e-4,2.9411422231831685e-49,-1.8859109283312725e2,3.040213538432,a107_x+030,grid_node,supported,false
source:bto-bfo-medium:370025,bto-bfo-medium,370025,24687,arc1-current-polar-best-glide-equal-feed,420,-38.411826398081,89.058753007998,1394239108.953096,3.8147497064956731e-4,5.3616265200343667e-50,-1.9079784450225770e2,2.273001967724,a105_x+035,grid_node,supported,false
source:bto-bfo-medium:370025,bto-bfo-medium,370025,24747,arc1-current-polar-best-glide-equal-feed,421,-38.400019465917,89.162497258217,1394239094.160349,6.6979973130006857e-4,7.9852187093999246e-55,-2.0247537869854168e2,0.833810828558,a104_x+040,grid_node,supported,false
source:bto-bfo-medium:370025,bto-bfo-medium,370025,24818,arc1-current-polar-best-glide-equal-feed,422,-37.672895741573,90.267697260086,1394239081.042499,5.2671044231222288e-4,8.7454366736904180e-65,-2.2516996195150057e2,2.681426741807,a090_x+035,grid_node,supported,false
source:bto-bfo-medium:370025,bto-bfo-medium,370025,24870,arc1-current-polar-best-glide-equal-feed,423,-37.883199016451,89.643084455160,1394239056.186930,9.6620801615196903e-5,5.0578923026619593e-58,-2.0790359158977330e2,2.632303595868,a097_x+030,grid_node,supported,false
source:bto-bfo-medium:370025,bto-bfo-medium,370025,24929,arc1-current-polar-best-glide-equal-feed,424,-38.439100510718,89.159245866460,1394239101.533936,7.7202851165874772e-4,9.2039698247145107e-55,-2.0247537869854168e2,1.519425111852,a104_x+040,grid_node,supported,false
source:bto-bfo-medium:370025,bto-bfo-medium,370025,24989,arc1-current-polar-best-glide-equal-feed,425,-39.086676977062,87.491750675236,1394238928.362847,5.1070095622852464e-4,5.3675490358550141e-215,-5.7101501980933006e2,2.478363872012,a121_x+030,grid_node,supported,false
source:bto-bfo-medium:370025,bto-bfo-medium,370025,25054,arc1-current-polar-best-glide-equal-feed,426,-37.977613328534,89.204566917684,1394238818.203013,3.5170855404267475e-4,1.4898924051579523e-37,-1.6206355939190055e2,1.762367883556,a101_x+020,grid_node,supported,false
source:bto-bfo-medium:370025,bto-bfo-medium,370025,25123,arc1-current-polar-best-glide-equal-feed,427,-38.568704405332,88.354584228020,1394238958.827655,2.0014430694884964e-4,4.1204557208855281e-121,-3.5389968312027770e2,1.058627389738,a111_x+025,grid_node,supported,false
source:bto-bfo-medium:370025,bto-bfo-medium,370025,25187,arc1-current-polar-best-glide-equal-feed,428,-37.927236084783,89.875437520050,1394239143.601802,2.4276927719904350e-4,3.0082801500017403e-81,-2.6230394750754471e2,2.037538792650,a095_x+035,grid_node,supported,false
source:bto-bfo-medium:370025,bto-bfo-medium,370025,25243,arc1-current-polar-best-glide-equal-feed,429,-38.909275301419,87.943597157306,1394239035.914748,2.8036372397581137e-4,2.2678258216591034e-180,-4.9068639492459846e2,2.147097664890,a117_x+030,grid_node,supported,false
source:bto-bfo-medium:370025,bto-bfo-medium,370025,25300,arc1-current-polar-best-glide-equal-feed,430,-38.003862679122,89.743052272759,1394239082.516122,5.1713776718126099e-4,1.5017020885108606e-85,-2.7296525502327205e2,2.052115317429,a097_x+035,grid_node,supported,false
source:bto-bfo-medium:370025,bto-bfo-medium,370025,25357,arc1-current-polar-best-glide-equal-feed,431,-38.437644152318,88.670496632509,1394238939.651896,4.2166130135219617e-4,3.3872420468121241e-59,-2.1208051883622826e2,2.491693723595,a108_x+025,grid_node,supported,false
source:bto-bfo-medium:370025,bto-bfo-medium,370025,25424,arc1-current-polar-best-glide-equal-feed,432,-37.974302594634,90.072549088514,1394239155.405835,8.0559264949796642e-4,6.3245542850020849e-102,-3.1111463013513821e2,0.461263367211,a094_x+045,grid_node,supported,false
source:bto-bfo-medium:370025,bto-bfo-medium,370025,25487,arc1-current-polar-best-glide-equal-feed,433,-37.956809691075,90.032633662442,1394239149.104315,6.8353762467663487e-4,5.3663235579458194e-102,-3.1111463013513821e2,2.579155403761,a094_x+045,grid_node,supported,false
source:bto-bfo-medium:370025,bto-bfo-medium,370025,25545,arc1-current-polar-best-glide-equal-feed,434,-38.829799709133,88.325454641190,1394239071.729438,5.9780706441586208e-4,2.1096814122117286e-142,-4.0401762632167322e2,2.658138695860,a113_x+035,grid_node,supported,false
source:bto-bfo-medium:370025,bto-bfo-medium,370025,25605,arc1-current-polar-best-glide-equal-feed,435,-38.262307116260,89.413107605194,1394239134.488736,4.7450387594423406e-4,1.0329072726040991e-37,-1.6272935280231178e2,0.566802839428,a101_x+040,grid_node,supported,false
source:bto-bfo-medium:370025,bto-bfo-medium,370025,25660,arc1-current-polar-best-glide-equal-feed,436,-38.060153275061,88.788292564963,1394238745.123673,1.3125876001958924e-4,6.4767213243938274e-25,-1.3197739554923760e2,3.082172210352,a104_x+010,grid_node,supported,false
source:bto-bfo-medium:370025,bto-bfo-medium,370025,25722,arc1-current-polar-best-glide-equal-feed,437,-37.931298075402,89.984455059915,1394239131.614542,5.6379467712573098e-4,1.4907087022199951e-86,-2.7536156848510115e2,2.146232958637,a094_x+040,grid_node,supported,false
source:bto-bfo-medium:370025,bto-bfo-medium,370025,25784,arc1-current-polar-best-glide-equal-feed,438,-37.977913332488,89.825958297310,1394239130.282556,3.6887454181500513e-4,1.3624390004398968e-105,-3.1877642687528567e2,2.206929522073,a096_x+040,grid_node,supported,false
source:bto-bfo-medium:370025,bto-bfo-medium,370025,25849,arc1-current-polar-best-glide-equal-feed,439,-39.041072930914,87.708325630031,1394238966.615772,6.1825833568848699e-4,6.2279640276592738e-199,-5.3421610241278802e2,2.229931541550,a119_x+030,grid_node,supported,false
source:bto-bfo-medium:370025,bto-bfo-medium,370025,25915,arc1-current-polar-best-glide-equal-feed,440,-37.721337969951,90.209441369157,1394239106.899990,4.3075361318764256e-4,3.7694661337673354e-70,-2.3732337138673219e2,2.250524600234,a091_x+035,grid_node,supported,false
source:bto-bfo-medium:370025,bto-bfo-medium,370025,25968,arc1-current-polar-best-glide-equal-feed,441,-37.884855599468,89.906182575221,1394239042.451319,6.5942665620476290e-4,8.1712980453303244e-81,-2.6230394750754471e2,1.852591257987,a095_x+035,grid_node,supported,false
source:bto-bfo-medium:370025,bto-bfo-medium,370025,26026,arc1-current-polar-best-glide-equal-feed,442,-38.420833029485,89.300306417547,1394239069.563067,9.4011504661975867e-4,2.9027626408165139e-69,-2.3606252275209371e2,0.824745413576,a103_x+045,grid_node,supported,false
source:bto-bfo-medium:370025,bto-bfo-medium,370025,26086,arc1-current-polar-best-glide-equal-feed,443,-38.325329441770,88.727068924166,1394238894.974427,3.0984313067872383e-4,5.5567127909118065e-60,-2.1357997700620948e2,1.952222464024,a107_x+025,grid_node,supported,false
source:bto-bfo-medium:370025,bto-bfo-medium,370025,26140,arc1-current-polar-best-glide-equal-feed,444,-37.762763998121,90.068711846988,1394239086.052923,3.6205483999162357e-4,5.0692590627254509e-74,-2.4606370990414865e2,1.890843725430,a093_x+035,grid_node,supported,false
source:bto-bfo-medium:370025,bto-bfo-medium,370025,26200,arc1-current-polar-best-glide-equal-feed,445,-37.830391633014,89.981218895966,1394239058.893907,5.4512561800272856e-4,9.4199311328528696e-55,-2.0210418059269742e2,1.392156413160,a094_x+035,grid_node,supported,false
source:bto-bfo-medium:370025,bto-bfo-medium,370025,26252,arc1-current-polar-best-glide-equal-feed,446,-37.865027769854,89.800496820141,1394239057.705614,2.6360283712008082e-4,1.9309105420065668e-75,-2.4901414586101004e2,2.292085249834,a095_x+030,grid_node,supported,false
source:bto-bfo-medium:370025,bto-bfo-medium,370025,26310,arc1-current-polar-best-glide-equal-feed,447,-37.932304516654,89.325674306656,1394238963.545187,5.4902003453083553e-5,3.2020409338537476e-11,-9.9574009461218878e1,2.501194962231,a099_x+020,grid_node,supported,false
source:bto-bfo-medium:370025,bto-bfo-medium,370025,26373,arc1-current-polar-best-glide-equal-feed,448,-37.987775125758,89.657932196801,1394239068.245752,3.2993369134537870e-4,9.5808533974233179e-86,-2.7296525502327205e2,2.100328626689,a097_x+035,grid_node,supported,false
source:bto-bfo-medium:370025,bto-bfo-medium,370025,26429,arc1-current-polar-best-glide-equal-feed,449,-37.888558038224,89.818230294418,1394239042.085466,4.5205106421990801e-4,5.6015994238222015e-81,-2.6230394750754471e2,2.412822479606,a095_x+035,grid_node,supported,false
source:bto-bfo-medium:370025,bto-bfo-medium,370025,26487,arc1-current-polar-best-glide-equal-feed,450,-38.316592567795,88.812747862256,1394238933.846316,2.9717161820643189e-4,6.6996026335597748e-53,-1.9723308351946386e2,0.551471164037,a106_x+025,grid_node,supported,false
source:bto-bfo-medium:370025,bto-bfo-medium,370025,26550,arc1-current-polar-best-glide-equal-feed,451,-38.156661564027,89.218055908429,1394238977.943186,3.8353678843642798e-4,8.6053010486653458e-49,-1.8802753868266777e2,1.516794853697,a102_x+030,grid_node,supported,false
source:bto-bfo-medium:370025,bto-bfo-medium,370025,26607,arc1-current-polar-best-glide-equal-feed,452,-38.307682928005,89.024029915080,1394239021.473535,3.4908720360750015e-4,3.1832226538243744e-45,-1.7971756884200190e2,1.861701184168,a104_x+030,grid_node,supported,false
source:bto-bfo-medium:370025,bto-bfo-medium,370025,26665,arc1-current-polar-best-glide-equal-feed,453,-37.874065007504,90.277676582582,1394239151.815566,8.9574522151351791e-4,1.5352616486215429e-72,-2.4355889389147683e2,1.067586735304,a092_x+045,grid_node,supported,false
source:bto-bfo-medium:370025,bto-bfo-medium,370025,26721,arc1-current-polar-best-glide-equal-feed,454,-38.398456540090,88.530531700378,1394238981.901639,4.2704622953667563e-5,2.9932909305462610e-83,-2.6517630846696676e2,2.262428349743,a109_x+020,grid_node,supported,false
source:bto-bfo-medium:370025,bto-bfo-medium,370025,26775,arc1-current-polar-best-glide-equal-feed,455,-37.992026563544,89.512390065571,1394238973.472720,4.4522005013448903e-4,5.8637050585312852e-50,-1.9086285363398414e2,2.218171813908,a098_x+030,grid_node,supported,false
source:bto-bfo-medium:370025,bto-bfo-medium,370025,26832,arc1-current-polar-best-glide-equal-feed,456,-37.931592304850,89.593718957237,1394238993.350855,3.3084339680410801e-4,1.7318944182914425e-57,-2.0790359158977330e2,2.147658524910,a097_x+030,grid_node,supported,false
source:bto-bfo-medium:370025,bto-bfo-medium,370025,26893,arc1-current-polar-best-glide-equal-feed,457,-38.843576877112,88.319941914086,1394239063.736208,6.9203828623958506e-4,3.1163875232443641e-144,-4.0837903218227547e2,2.714036115551,a113_x+040,grid_node,supported,false
source:bto-bfo-medium:370025,bto-bfo-medium,370025,26950,arc1-current-polar-best-glide-equal-feed,458,-38.078478719986,89.788307257654,1394239128.367763,6.8965958284582880e-4,5.5422142240461870e-86,-2.7424993401080098e2,1.567202235840,a097_x+040,grid_node,supported,false
source:bto-bfo-medium:370025,bto-bfo-medium,370025,27006,arc1-current-polar-best-glide-equal-feed,459,-37.726257865927,89.865510902007,1394238991.399006,2.1018257673245070e-4,2.5381828297990412e-32,-1.4950306313415925e2,2.017895280080,a094_x+025,grid_node,supported,false
source:bto-bfo-medium:370025,bto-bfo-medium,370025,27068,arc1-current-polar-best-glide-equal-feed,460,-37.815445516802,89.565122466058,1394238932.315302,1.4474190861489064e-4,7.7401798321844660e-32,-1.4801506226619924e2,2.739100720655,a097_x+025,grid_node,supported,false
source:bto-bfo-medium:370025,bto-bfo-medium,370025,27142,arc1-current-polar-best-glide-equal-feed,461,-38.787064688282,88.017401869794,1394238961.835593,2.8572664278597688e-4,9.6616778732256338e-165,-4.5471722057329470e2,2.566405635307,a115_x+025,grid_node,supported,false
source:bto-bfo-medium:370025,bto-bfo-medium,370025,27200,arc1-current-polar-best-glide-equal-feed,462,-37.767918875500,90.092590383846,1394239111.067261,3.1444699804911792e-4,4.4026846724220290e-74,-2.4606370990414865e2,2.582442825264,a093_x+035,grid_node,supported,false
source:bto-bfo-medium:370025,bto-bfo-medium,370025,27252,arc1-current-polar-best-glide-equal-feed,463,-37.971462179228,90.114678651001,1394239145.745472,9.0117919843497212e-4,7.0749860547620323e-102,-3.1111463013513821e2,1.543600015113,a094_x+045,grid_node,supported,false
source:bto-bfo-medium:370025,bto-bfo-medium,370025,27302,arc1-current-polar-best-glide-equal-feed,464,-38.056921756534,89.621122874533,1394239098.535386,3.6087993617383625e-4,1.0514931349149514e-81,-2.6375153865746205e2,0.823758694255,a098_x+035,grid_node,supported,false
source:bto-bfo-medium:370025,bto-bfo-medium,370025,27355,arc1-current-polar-best-glide-equal-feed,465,-38.090575511717,89.119077881042,1394238861.056145,4.0891624541882122e-4,2.8156568272962601e-42,-1.7309070069232942e2,1.944175812691,a102_x+025,grid_node,supported,false
source:bto-bfo-medium:370025,bto-bfo-medium,370025,27422,arc1-current-polar-best-glide-equal-feed,466,-38.573099421008,88.784320208574,1394239102.833648,4.3182983920603735e-4,1.1260881484727340e-87,-2.7767799689513566e2,2.221441094232,a108_x+035,grid_node,supported,false
source:bto-bfo-medium:370025,bto-bfo-medium,370025,27487,arc1-current-polar-best-glide-equal-feed,467,-37.918614134497,89.374295703758,1394238936.839315,1.1347314151742586e-4,6.6180762299916818e-11,-9.9574009461218878e1,2.040042127639,a099_x+020,grid_node,supported,false
source:bto-bfo-medium:370025,bto-bfo-medium,370025,27545,arc1-current-polar-best-glide-equal-feed,468,-38.094177403386,89.211845592400,1394239000.733865,1.2830072857281184e-4,4.3922680019236160e-44,-1.7609208731518598e2,2.267134532518,a101_x+025,grid_node,supported,false
source:bto-bfo-medium:370025,bto-bfo-medium,370025,27598,arc1-current-polar-best-glide-equal-feed,469,-37.705332787691,90.138910226389,1394239048.317663,4.8978976526443995e-4,1.4272843653030134e-67,-2.3151521588159665e2,1.843097726033,a092_x+035,grid_node,supported,false
source:bto-bfo-medium:370025,bto-bfo-medium,370025,27658,arc1-current-polar-best-glide-equal-feed,470,-38.416868534877,88.603214644547,1394238959.026666,1.6438199958709404e-4,1.3204949540185166e-59,-2.1208051883622826e2,1.602683537529,a108_x+025,grid_node,supported,false
source:bto-bfo-medium:370025,bto-bfo-medium,370025,27714,arc1-current-polar-best-glide-equal-feed,471,-37.860896602868,89.765873915736,1394239087.847017,1.1762720029128195e-4,1.9122864101765102e-40,-1.6762643641994413e2,2.282342756771,a096_x+030,grid_node,supported,false
source:bto-bfo-medium:370025,bto-bfo-medium,370025,27770,arc1-current-polar-best-glide-equal-feed,472,-38.048317039320,89.488961784253,1394238992.438873,5.2971141270519715e-4,1.9331330465078569e-71,-2.4050054392561012e2,1.536449455656,a099_x+030,grid_node,supported,false
source:bto-bfo-medium:370025,bto-bfo-medium,370025,27827,arc1-current-polar-best-glide-equal-feed,473,-37.826536908801,89.626653019530,1394238915.251229,3.2775976709247456e-4,2.5315233044471335e-22,-1.2692414374632884e2,1.826258286709,a096_x+025,grid_node,supported,false
source:bto-bfo-medium:370025,bto-bfo-medium,370025,27880,arc1-current-polar-best-glide-equal-feed,474,-37.878686021420,90.129985935839,1394239164.401556,5.2258462484498823e-4,4.5531770907607791e-72,-2.4193290037272126e2,1.831269239318,a093_x+040,grid_node,supported,false
source:bto-bfo-medium:370025,bto-bfo-medium,370025,27939,arc1-current-polar-best-glide-equal-feed,475,-38.949791676265,87.588273825029,1394238895.314709,3.0997206873758208e-4,2.5602885188299337e-190,-5.1369134190262980e2,2.071500871431,a120_x+025,grid_node,supported,false
source:bto-bfo-medium:370025,bto-bfo-medium,370025,27999,arc1-current-polar-best-glide-equal-feed,476,-37.566451180622,90.284583604804,1394239088.853777,1.7848702370262091e-4,4.3643378721803738e-45,-1.7873119059539883e2,2.680767933703,a090_x+030,grid_node,supported,false
source:bto-bfo-medium:370025,bto-bfo-medium,370025,28049,arc1-current-polar-best-glide-equal-feed,477,-37.811641476624,89.907008335932,1394239073.958560,2.4166420424912065e-4,8.9042393096230506e-83,-2.6581939640106884e2,2.283304078749,a094_x+030,grid_node,supported,false
source:bto-bfo-medium:370025,bto-bfo-medium,370025,28110,arc1-current-polar-best-glide-equal-feed,478,-38.035771194411,89.261998877654,1394238956.844821,1.6820954520083511e-4,5.7585129190007604e-44,-1.7609208731518598e2,1.968622996619,a101_x+025,grid_node,supported,false
source:bto-bfo-medium:370025,bto-bfo-medium,370025,28172,arc1-current-polar-best-glide-equal-feed,479,-38.114878599657,89.273382456592,1394239025.393317,1.9048835473518195e-4,4.9505402050732118e-48,-1.8557799081944603e2,1.519392673728,a101_x+030,grid_node,supported,false
source:bto-bfo-medium:370025,bto-bfo-medium,370025,28228,arc1-current-polar-best-glide-equal-feed,480,-38.642859065262,88.724971572742,1394239085.653244,6.6390638647105299e-4,2.2508403696448462e-86,-2.7511296750468819e2,1.157303056612,a109_x+040,grid_node,supported,false
source:bto-bfo-medium:370025,bto-bfo-medium,370025,28280,arc1-current-polar-best-glide-equal-feed,481,-38.015875671392,89.527875777167,1394239047.889543,2.5881252063130719e-4,3.4086521619558253e-50,-1.9086285363398414e2,2.675944970934,a098_x+030,grid_node,supported,false
source:bto-bfo-medium:370025,bto-bfo-medium,370025,28337,arc1-current-polar-best-glide-equal-feed,482,-38.282662504286,89.354827888737,1394239102.951396,6.0415402111692134e-4,7.7742624402360063e-56,-2.0470158778036651e2,2.243218333202,a102_x+040,grid_node,supported,false
source:bto-bfo-medium:370025,bto-bfo-medium,370025,28388,arc1-current-polar-best-glide-equal-feed,483,-37.937411418632,89.986280258557,1394239087.603528,8.2337101869754377e-4,2.1770449288126542e-86,-2.7536156848510115e2,2.342343511697,a094_x+040,grid_node,supported,false
source:bto-bfo-medium:370025,bto-bfo-medium,370025,28440,arc1-current-polar-best-glide-equal-feed,484,-37.856120131000,89.981790239310,1394239104.272240,4.0995088312219074e-4,7.0840719264159102e-55,-2.0210418059269742e2,1.509178195782,a094_x+035,grid_node,supported,false
source:bto-bfo-medium:370025,bto-bfo-medium,370025,28495,arc1-current-polar-best-glide-equal-feed,485,-37.922520520527,89.358707062662,1394238926.980243,1.2456124085123875e-4,7.2647657078328369e-11,-9.9574009461218878e1,1.851719260838,a099_x+020,grid_node,supported,false
source:bto-bfo-medium:370025,bto-bfo-medium,370025,28554,arc1-current-polar-best-glide-equal-feed,486,-38.537608406339,88.718246256162,1394239070.860575,3.1408937202610798e-4,8.1905483893876794e-88,-2.7767799689513566e2,1.907413895451,a108_x+035,grid_node,supported,false
source:bto-bfo-medium:370025,bto-bfo-medium,370025,28617,arc1-current-polar-best-glide-equal-feed,487,-37.875499011007,89.726774379066,1394238989.059641,4.2738690257613967e-4,6.9481052312724263e-40,-1.6762643641994413e2,0.232413703688,a096_x+030,grid_node,supported,false
source:bto-bfo-medium:370025,bto-bfo-medium,370025,28672,arc1-current-polar-best-glide-equal-feed,488,-37.633332722437,90.025237968483,1394239019.314593,1.5376212198032438e-4,4.3488242197938510e-55,-2.0161149334213221e2,2.152054538071,a092_x+025,grid_node,supported,false
source:bto-bfo-medium:370025,bto-bfo-medium,370025,28724,arc1-current-polar-best-glide-equal-feed,489,-38.097874986557,89.551450607865,1394239121.823994,2.5387050468152114e-4,2.6250335824910915e-73,-2.4406425440819592e2,0.837391848908,a099_x+035,grid_node,supported,false
source:bto-bfo-medium:370025,bto-bfo-medium,370025,28790,arc1-current-polar-best-glide-equal-feed,490,-37.733805006681,89.737639813576,1394238925.229834,2.1867234599454020e-4,1.2637597655715172e-36,-1.5945035859747921e2,1.619568312040,a095_x+025,grid_node,supported,false
source:bto-bfo-medium:370025,bto-bfo-medium,370025,28851,arc1-current-polar-best-glide-equal-feed,491,-37.964411785232,89.928033148620,1394239118.339567,6.2799229534580702e-4,2.6149038985951663e-77,-2.5418416470759121e2,0.297844053594,a095_x+040,grid_node,supported,false
source:bto-bfo-medium:370025,bto-bfo-medium,370025,28914,arc1-current-polar-best-glide-equal-feed,492,-38.248859132530,89.221444573236,1394238981.405577,7.5594945963907822e-4,1.5723011243931805e-52,-1.9731367112268248e2,2.362481695021,a102_x+035,grid_node,supported,false
source:bto-bfo-medium:370025,bto-bfo-medium,370025,28976,arc1-current-polar-best-glide-equal-feed,493,-37.728313857024,89.641996541517,1394238842.497360,3.0593117032145931e-4,7.1826714359278022e-10,-9.8181351688852388e1,2.359705004136,a096_x+020,grid_node,supported,false
source:bto-bfo-medium:370025,bto-bfo-medium,370025,29032,arc1-current-polar-best-glide-equal-feed,494,-37.998884727027,89.500452882099,1394239024.965011,2.4600483406254204e-4,8.9777199984863281e-72,-2.4050054392561012e2,2.159797055056,a099_x+030,grid_node,supported,false
source:bto-bfo-medium:370025,bto-bfo-medium,370025,29092,arc1-current-polar-best-glide-equal-feed,495,-37.663191077689,90.318883854474,1394239108.404652,4.7188527692009266e-4,7.8351262383083202e-65,-2.2516996195150057e2,2.214343314452,a090_x+035,grid_node,supported,false
source:bto-bfo-medium:370025,bto-bfo-medium,370025,29150,arc1-current-polar-best-glide-equal-feed,496,-37.781530305998,89.723995034621,1394238953.994133,2.3654603448703830e-4,1.3670560844381764e-36,-1.5945035859747921e2,1.551774555307,a095_x+025,grid_node,supported,false
source:bto-bfo-medium:370025,bto-bfo-medium,370025,29199,arc1-current-polar-best-glide-equal-feed,497,-37.807286868128,89.775469405523,1394238994.896267,2.7198388209220782e-4,1.9923023246842976e-75,-2.4901414586101004e2,1.867086633860,a095_x+030,grid_node,supported,false
source:bto-bfo-medium:370025,bto-bfo-medium,370025,29256,arc1-current-polar-best-glide-equal-feed,498,-38.204938039451,89.586228602360,1394239157.361248,5.3011576097671844e-4,1.4837328464403396e-68,-2.3385813261330085e2,2.762428536621,a099_x+040,grid_node,supported,false
source:bto-bfo-medium:370025,bto-bfo-medium,370025,29314,arc1-current-polar-best-glide-equal-feed,499,-38.058337288943,89.403448667117,1394238999.360717,3.3774106677640262e-4,3.0782556797217351e-37,-1.6129737686524533e2,1.319844453000,a100_x+030,grid_node,supported,false
source:bto-bfo-medium:370025,bto-bfo-medium,370025,29375,arc1-current-polar-best-glide-equal-feed,500,-37.977563305366,89.401941495852,1394238946.922115,2.6856805901016910e-4,5.1251112392602176e-44,-1.7667650821817557e2,1.088354591109,a099_x+025,grid_node,supported,false
source:bto-bfo-medium:370025,bto-bfo-medium,370025,29436,arc1-current-polar-best-glide-equal-feed,501,-38.768016968618,88.431371698945,1394239116.343650,3.4813346415210877e-4,1.8445984075099877e-138,-3.9440087916461016e2,2.223281960558,a112_x+035,grid_node,supported,false
source:bto-bfo-medium:370025,bto-bfo-medium,370025,29495,arc1-current-polar-best-glide-equal-feed,502,-37.833796311320,89.659574242293,1394238926.350092,3.8250587707617926e-4,2.9543667012466074e-22,-1.2692414374632884e2,1.406010091025,a096_x+025,grid_node,supported,false
source:bto-bfo-medium:370025,bto-bfo-medium,370025,29552,arc1-current-polar-best-glide-equal-feed,503,-37.855340519737,89.798584929786,1394239096.369186,1.2435832692948728e-4,9.1093406686311783e-76,-2.4901414586101004e2,1.730882298148,a095_x+030,grid_node,supported,false
source:bto-bfo-medium:370025,bto-bfo-medium,370025,29602,arc1-current-polar-best-glide-equal-feed,504,-37.724111839291,90.056806362460,1394239074.460604,2.6073557370080372e-4,6.2048055606868578e-60,-2.1329710025956146e2,3.310249913614,a092_x+030,grid_node,supported,false
source:bto-bfo-medium:370025,bto-bfo-medium,370025,29652,arc1-current-polar-best-glide-equal-feed,505,-37.717541978307,90.107627576216,1394239074.063941,3.3940251088683901e-4,9.8904454867858862e-68,-2.3151521588159665e2,1.445436246436,a092_x+035,grid_node,supported,false
source:bto-bfo-medium:370025,bto-bfo-medium,370025,29697,arc1-current-polar-best-glide-equal-feed,506,-37.810623603919,90.042698195484,1394239064.995493,5.9123739055889956e-4,8.2781257678590869e-74,-2.4606370990414865e2,1.384786108147,a093_x+035,grid_node,supported,false
source:bto-bfo-medium:370025,bto-bfo-medium,370025,29751,arc1-current-polar-best-glide-equal-feed,507,-37.762075680327,90.098071996063,1394239082.161314,4.4043189464679970e-4,1.2834518027765868e-67,-2.3151521588159665e2,2.182539385391,a092_x+035,grid_node,supported,false
source:bto-bfo-medium:370025,bto-bfo-medium,370025,29802,arc1-current-polar-best-glide-equal-feed,508,-38.460432508989,88.926647049365,1394239036.956080,6.5980848939769859e-4,1.1530586560543859e-59,-2.1360586399543325e2,1.015851299315,a106_x+035,grid_node,supported,false
source:bto-bfo-medium:370025,bto-bfo-medium,370025,29866,arc1-current-polar-best-glide-equal-feed,509,-38.325409869785,89.146204729834,1394239092.287737,3.3309409762225824e-4,4.7307457512692098e-55,-2.0230033428198271e2,2.490895720939,a103_x+035,grid_node,supported,false
source:bto-bfo-medium:370025,bto-bfo-medium,370025,29921,arc1-current-polar-best-glide-equal-feed,510,-38.081989899009,89.711426140113,1394239099.840775,6.6865105576368634e-4,3.2045365432316045e-89,-2.8167458013011202e2,2.201276723633,a098_x+040,grid_node,supported,false
source:bto-bfo-medium:370025,bto-bfo-medium,370025,29976,arc1-current-polar-best-glide-equal-feed,511,-37.645622238282,90.199846748934,1394239072.874048,3.0866403711685820e-4,2.7010769010474407e-70,-2.3732337138673219e2,2.352211759537,a091_x+035,grid_node,supported,false
source:bto-bfo-medium:370026,bto-bfo-medium,370026,7,arc1-current-polar-best-glide-equal-feed,0,-38.798521953235,88.077119714337,1394238988.096758,3.4398409498601301e-4,1.8437685622260288e-187,-5.0721600819797868e2,0.879502761820,a115_x+030,grid_node,supported,false
source:bto-bfo-medium:370026,bto-bfo-medium,370026,69,arc1-current-polar-best-glide-equal-feed,1,-38.040287261312,89.055137504764,1394238846.201389,1.8587078244741343e-4,1.5445449172738703e-37,-1.6138978283600213e2,1.511571188339,a102_x+020,grid_node,supported,false
source:bto-bfo-medium:370026,bto-bfo-medium,370026,131,arc1-current-polar-best-glide-equal-feed,2,-38.126914489441,89.399453841408,1394239024.733815,4.9844822520532235e-4,6.0470114646498000e-64,-2.2318119349323791e2,2.632226196284,a100_x+035,grid_node,supported,false
source:bto-bfo-medium:370026,bto-bfo-medium,370026,196,arc1-current-polar-best-glide-equal-feed,3,-38.029856756666,89.930634432051,1394239144.876196,7.5823568803418541e-4,2.7145250748153038e-95,-2.9578177309014421e2,2.966951925467,a096_x+045,grid_node,supported,false
source:bto-bfo-medium:370026,bto-bfo-medium,370026,252,arc1-current-polar-best-glide-equal-feed,4,-37.706206949049,90.316333898247,1394239151.864430,3.9790274863757148e-4,2.9459943765570775e-69,-2.3518794462865662e2,1.976139107153,a090_x+040,grid_node,supported,false
source:bto-bfo-medium:370026,bto-bfo-medium,370026,311,arc1-current-polar-best-glide-equal-feed,5,-38.182417503890,89.126198941291,1394238956.050019,3.7846386892364522e-4,8.0174147273058216e-52,-1.9499274142471037e2,2.871140981531,a103_x+030,grid_node,supported,false
source:bto-bfo-medium:370026,bto-bfo-medium,370026,369,arc1-current-polar-best-glide-equal-feed,6,-38.132469256682,89.191568275998,1394238978.968484,2.5705176952444233e-4,1.7699702027949016e-42,-1.7309070069232942e2,2.348833831380,a102_x+025,grid_node,supported,false
source:bto-bfo-medium:370026,bto-bfo-medium,370026,430,arc1-current-polar-best-glide-equal-feed,7,-38.624848590211,88.453487509211,1394239001.355594,4.2215802301572567e-4,2.9104021504729958e-141,-4.0104539854654831e2,1.180133357182,a111_x+030,grid_node,supported,false
source:bto-bfo-medium:370026,bto-bfo-medium,370026,497,arc1-current-polar-best-glide-equal-feed,8,-38.081733299099,89.806796459127,1394239133.191071,7.2352990388045398e-4,5.8144015171401916e-86,-2.7424993401080098e2,2.373663274417,a097_x+040,grid_node,supported,false
source:bto-bfo-medium:370026,bto-bfo-medium,370026,554,arc1-current-polar-best-glide-equal-feed,9,-38.220781376656,89.429087317581,1394239115.302310,4.7197608717887277e-4,1.0274047434747943e-37,-1.6272935280231178e2,2.548662755636,a101_x+040,grid_node,supported,false
source:bto-bfo-medium:370026,bto-bfo-medium,370026,609,arc1-current-polar-best-glide-equal-feed,10,-38.809926256346,88.526731351969,1394239098.291358,8.3821509853721009e-4,2.1821781374135790e-133,-3.8359858058899221e2,2.994980194903,a112_x+040,grid_node,supported,false
source:bto-bfo-medium:370026,bto-bfo-medium,370026,666,arc1-current-polar-best-glide-equal-feed,11,-38.586780970388,88.968938596647,1394239115.665497,8.5159784525289442e-4,2.1639500405585839e-79,-2.5928321347120897e2,2.436340268602,a107_x+045,grid_node,supported,false
source:bto-bfo-medium:370026,bto-bfo-medium,370026,720,arc1-current-polar-best-glide-equal-feed,12,-38.136231171927,89.805501013557,1394239155.397145,8.1096214095235941e-4,1.2593571789078807e-85,-2.7359116485627379e2,1.198958117825,a097_x+045,grid_node,supported,false
source:bto-bfo-medium:370026,bto-bfo-medium,370026,772,arc1-current-polar-best-glide-equal-feed,13,-38.322090606408,89.219191246493,1394239110.663779,3.9474462475913455e-4,5.6063330744858377e-55,-2.0230033428198271e2,2.156001705007,a103_x+035,grid_node,supported,false
source:bto-bfo-medium:370026,bto-bfo-medium,370026,831,arc1-current-polar-best-glide-equal-feed,14,-37.867714082216,89.718720742714,1394239029.852764,2.3170754580011335e-4,3.7669109684807296e-40,-1.6762643641994413e2,0.581748143025,a096_x+030,grid_node,supported,false
source:bto-bfo-medium:370026,bto-bfo-medium,370026,886,arc1-current-polar-best-glide-equal-feed,15,-38.658861556021,88.674309917543,1394239084.146578,6.4141994340016133e-4,2.1746046308945463e-86,-2.7511296750468819e2,2.509214929801,a109_x+040,grid_node,supported,false
source:bto-bfo-medium:370026,bto-bfo-medium,370026,938,arc1-current-polar-best-glide-equal-feed,16,-38.210758566215,89.071303577839,1394238990.730282,2.4179177238000687e-4,5.1221399874552534e-52,-1.9499274142471037e2,2.740431407619,a103_x+030,grid_node,supported,false
source:bto-bfo-medium:370026,bto-bfo-medium,370026,996,arc1-current-polar-best-glide-equal-feed,17,-38.113109101387,89.093636370007,1394238878.464532,3.7296468448351792e-4,2.5681067259405045e-42,-1.7309070069232942e2,2.568284459786,a102_x+025,grid_node,supported,false
source:bto-bfo-medium:370026,bto-bfo-medium,370026,1056,arc1-current-polar-best-glide-equal-feed,18,-38.241883749098,89.236073280518,1394239040.077292,4.8196303540649037e-4,1.0024360925495947e-52,-1.9731367112268248e2,1.719687666470,a102_x+035,grid_node,supported,false
source:bto-bfo-medium:370026,bto-bfo-medium,370026,1117,arc1-current-polar-best-glide-equal-feed,19,-38.274018152322,89.534095464007,1394239143.538185,7.7828917825862286e-4,1.7322520682106321e-68,-2.3408727413365952e2,2.060637898689,a100_x+045,grid_node,supported,false
source:bto-bfo-medium:370026,bto-bfo-medium,370026,1177,arc1-current-polar-best-glide-equal-feed,20,-37.982429904240,89.861139214975,1394239143.069414,4.0706485314897069e-4,1.5034950064855379e-105,-3.1877642687528567e2,1.777444628115,a096_x+040,grid_node,supported,false
source:bto-bfo-medium:370026,bto-bfo-medium,370026,1235,arc1-current-polar-best-glide-equal-feed,21,-38.126187778477,89.724409966557,1394239133.344838,7.0739630796001188e-4,3.3902246917354462e-89,-2.8167458013011202e2,2.255746853400,a098_x+040,grid_node,supported,false
source:bto-bfo-medium:370026,bto-bfo-medium,370026,1289,arc1-current-polar-best-glide-equal-feed,22,-37.906674701016,90.040050101803,1394239118.906139,6.9169630254174914e-4,1.8288886705158175e-86,-2.7536156848510115e2,1.002513005854,a094_x+040,grid_node,supported,false
source:bto-bfo-medium:370026,bto-bfo-medium,370026,1351,arc1-current-polar-best-glide-equal-feed,23,-38.653931585297,87.577261201438,1394238735.315390,4.3000745952648306e-5,4.7720485054703288e-171,-4.6734430469247383e2,1.690650209647,a118_x+010,grid_node,supported,false
source:bto-bfo-medium:370026,bto-bfo-medium,370026,1416,arc1-current-polar-best-glide-equal-feed,24,-38.325020000823,89.148146545428,1394239049.481490,5.7220671363165650e-4,8.1267260473360150e-55,-2.0230033428198271e2,2.407546656184,a103_x+035,grid_node,supported,false
source:bto-bfo-medium:370026,bto-bfo-medium,370026,1479,arc1-current-polar-best-glide-equal-feed,25,-37.627925004957,90.081644767056,1394239022.687666,2.2310453946494888e-4,5.3092881321791067e-60,-2.1329710025956146e2,2.617639333546,a092_x+030,grid_node,supported,false
source:bto-bfo-medium:370026,bto-bfo-medium,370026,1536,arc1-current-polar-best-glide-equal-feed,26,-37.769611970537,89.315887160117,1394238839.178666,3.2928770253343143e-5,2.3976917128018119e-21,-1.2237793921208927e2,2.409057645082,a098_x+015,grid_node,supported,false
source:bto-bfo-medium:370026,bto-bfo-medium,370026,1597,arc1-current-polar-best-glide-equal-feed,27,-38.077913542598,89.287172745350,1394238959.512498,3.2800057261250153e-4,1.1228824931270011e-43,-1.7609208731518598e2,2.536944790005,a101_x+025,grid_node,supported,false
source:bto-bfo-medium:370026,bto-bfo-medium,370026,1654,arc1-current-polar-best-glide-equal-feed,28,-38.693427650915,88.168508676688,1394238962.268141,2.5032637339225731e-4,3.2952368764839709e-150,-4.2112186345007211e2,2.858826040105,a114_x+025,grid_node,supported,false
source:bto-bfo-medium:370026,bto-bfo-medium,370026,1719,arc1-current-polar-best-glide-equal-feed,29,-37.888011569322,89.529730177935,1394238957.735505,2.0011488065699786e-4,1.0298970727577618e-42,-1.7338181863878640e2,2.230791169565,a098_x+025,grid_node,supported,false
source:bto-bfo-medium:370026,bto-bfo-medium,370026,1785,arc1-current-polar-best-glide-equal-feed,30,-37.979721416878,89.624122150826,1394239060.551784,2.8245912888106455e-4,1.4786131246084235e-57,-2.0790359158977330e2,3.245237782915,a097_x+030,grid_node,supported,false
source:bto-bfo-medium:370026,bto-bfo-medium,370026,1844,arc1-current-polar-best-glide-equal-feed,31,-37.781255929348,90.047385508560,1394239122.536869,2.2307155061382884e-4,3.1233044132526911e-74,-2.4606370990414865e2,0.409285403381,a093_x+035,grid_node,supported,false
source:bto-bfo-medium:370026,bto-bfo-medium,370026,1904,arc1-current-polar-best-glide-equal-feed,32,-38.305242302175,88.543245148708,1394238804.737193,2.3321207344009296e-4,1.2389334885138855e-59,-2.1249402978906156e2,2.483445432871,a108_x+020,grid_node,supported,false
source:bto-bfo-medium:370026,bto-bfo-medium,370026,1964,arc1-current-polar-best-glide-equal-feed,33,-37.863993980309,89.432174193136,1394238914.491135,1.2205866599089038e-4,6.7488291598358313e-30,-1.4337649755171202e2,1.231549787169,a098_x+020,grid_node,supported,false
source:bto-bfo-medium:370026,bto-bfo-medium,370026,2027,arc1-current-polar-best-glide-equal-feed,34,-38.058237695236,89.755592833629,1394239125.434046,5.5112103937547934e-4,4.4288964288641883e-86,-2.7424993401080098e2,0.447742866955,a097_x+040,grid_node,supported,false
source:bto-bfo-medium:370026,bto-bfo-medium,370026,2083,arc1-current-polar-best-glide-equal-feed,35,-38.702232516969,88.036852791102,1394238869.505551,3.9214266083459912e-4,1.3260072747823140e-164,-4.5471722057329470e2,2.640165858921,a115_x+025,grid_node,supported,false
source:bto-bfo-medium:370026,bto-bfo-medium,370026,2142,arc1-current-polar-best-glide-equal-feed,36,-37.884630170990,89.739791567703,1394239061.053534,2.1219139730745704e-4,3.4496334557194267e-40,-1.6762643641994413e2,0.949299290909,a096_x+030,grid_node,supported,false
source:bto-bfo-medium:370026,bto-bfo-medium,370026,2199,arc1-current-polar-best-glide-equal-feed,37,-38.235248101701,89.366335533505,1394239154.439877,2.0754074401627148e-4,1.2024845977768203e-57,-2.0780210005934345e2,2.354893366972,a101_x+035,grid_node,supported,false
source:bto-bfo-medium:370026,bto-bfo-medium,370026,2257,arc1-current-polar-best-glide-equal-feed,38,-37.999095222168,89.429396580595,1394238993.536056,2.3568378236663010e-4,4.4975772858858929e-44,-1.7667650821817557e2,2.541348339427,a099_x+025,grid_node,supported,false
source:bto-bfo-medium:370026,bto-bfo-medium,370026,2323,arc1-current-polar-best-glide-equal-feed,39,-38.107235963068,89.342919809377,1394239008.084855,3.6306865581301877e-4,9.4356737990779788e-48,-1.8557799081944603e2,2.420312248569,a101_x+030,grid_node,supported,false
source:bto-bfo-medium:370026,bto-bfo-medium,370026,2381,arc1-current-polar-best-glide-equal-feed,40,-37.718447624030,89.244496573563,1394238676.919580,1.3074897078704141e-4,5.4108535795811889e-13,-1.0452229057769991e2,2.801804708695,a099_x+010,grid_node,supported,false
source:bto-bfo-medium:370026,bto-bfo-medium,370026,2443,arc1-current-polar-best-glide-equal-feed,41,-37.874257971843,89.724273873500,1394239028.241102,2.6621479249606549e-4,4.3279014430126455e-40,-1.6762643641994413e2,0.190204903208,a096_x+030,grid_node,supported,false
source:bto-bfo-medium:370026,bto-bfo-medium,370026,2502,arc1-current-polar-best-glide-equal-feed,42,-38.438713721831,89.197757245175,1394239125.023222,7.4653852675458520e-4,8.9000833123027898e-55,-2.0247537869854168e2,2.236657022770,a104_x+040,grid_node,supported,false
source:bto-bfo-medium:370026,bto-bfo-medium,370026,2554,arc1-current-polar-best-glide-equal-feed,43,-37.806238631105,90.042947438548,1394239076.867511,5.1639178464560245e-4,7.2301857207383198e-74,-2.4606370990414865e2,1.121251838991,a093_x+035,grid_node,supported,false
source:bto-bfo-medium:370026,bto-bfo-medium,370026,2606,arc1-current-polar-best-glide-equal-feed,44,-37.986639012456,89.860006613214,1394239096.922180,6.8828871475500454e-4,2.5421960104125850e-105,-3.1877642687528567e2,1.522171537891,a096_x+040,grid_node,supported,false
source:bto-bfo-medium:370026,bto-bfo-medium,370026,2666,arc1-current-polar-best-glide-equal-feed,45,-38.521795578054,88.717047442298,1394239079.496541,2.3519147316611940e-4,6.1331178744193267e-88,-2.7767799689513566e2,2.295780265066,a108_x+035,grid_node,supported,false
source:bto-bfo-medium:370026,bto-bfo-medium,370026,2726,arc1-current-polar-best-glide-equal-feed,46,-38.105337652828,88.895211218780,1394238763.139035,3.8832030993811683e-4,4.6005837262685574e-38,-1.6333769287744056e2,2.499151371542,a104_x+020,grid_node,supported,false
source:bto-bfo-medium:370026,bto-bfo-medium,370026,2787,arc1-current-polar-best-glide-equal-feed,47,-37.812909572152,89.526662477371,1394238892.273971,1.9303949867480503e-4,2.3327488660847129e-20,-1.2187136133714279e2,1.332284007737,a097_x+020,grid_node,supported,false
source:bto-bfo-medium:370026,bto-bfo-medium,370026,2848,arc1-current-polar-best-glide-equal-feed,48,-38.502770258526,89.017573384507,1394239114.170669,6.3940672452505727e-4,6.4849893410605145e-47,-1.8421636194608013e2,1.293047637017,a106_x+040,grid_node,supported,false
source:bto-bfo-medium:370026,bto-bfo-medium,370026,2906,arc1-current-polar-best-glide-equal-feed,49,-37.828641945224,90.031628964032,1394239097.506289,4.7373032646070770e-4,6.6328674152082481e-74,-2.4606370990414865e2,2.535862947461,a093_x+035,grid_node,supported,false
source:bto-bfo-medium:370026,bto-bfo-medium,370026,2964,arc1-current-polar-best-glide-equal-feed,50,-37.908685015434,89.788681879017,1394239092.467376,2.4355168326185061e-4,6.3678277694720751e-79,-2.5695210511219045e2,2.103186050259,a096_x+035,grid_node,supported,false
source:bto-bfo-medium:370026,bto-bfo-medium,370026,3017,arc1-current-polar-best-glide-equal-feed,51,-37.973870901356,89.601376245963,1394239071.973295,1.8196517748704670e-4,2.3965455540131982e-50,-1.9086285363398414e2,2.197096062441,a098_x+030,grid_node,supported,false
source:bto-bfo-medium:370026,bto-bfo-medium,370026,3074,arc1-current-polar-best-glide-equal-feed,52,-38.050115503521,89.383561245167,1394238987.217501,3.2278665245986292e-4,2.9419574461483865e-37,-1.6129737686524533e2,1.605399848802,a100_x+030,grid_node,supported,false
source:bto-bfo-medium:370026,bto-bfo-medium,370026,3141,arc1-current-polar-best-glide-equal-feed,53,-38.002863432052,89.365870697686,1394238987.746443,1.5937643196941759e-4,9.7522215041505660e-72,-2.3998371248671029e2,1.994877824890,a100_x+025,grid_node,supported,false
source:bto-bfo-medium:370026,bto-bfo-medium,370026,3197,arc1-current-polar-best-glide-equal-feed,54,-37.799146175075,90.181414512080,1394239078.246736,8.2698435005785836e-4,8.2913761868581882e-78,-2.5560801905960369e2,0.559179331265,a092_x+040,grid_node,supported,false
source:bto-bfo-medium:370026,bto-bfo-medium,370026,3253,arc1-current-polar-best-glide-equal-feed,55,-38.518316333075,88.676259841528,1394239077.897339,1.7445495412223578e-4,1.3913787528619861e-65,-2.2590321444230148e2,2.797715420263,a108_x+030,grid_node,supported,false
source:bto-bfo-medium:370026,bto-bfo-medium,370026,3310,arc1-current-polar-best-glide-equal-feed,56,-38.027258533098,89.484441826353,1394239041.858228,2.4265044820656392e-4,8.8553047740190394e-72,-2.4050054392561012e2,0.611407122490,a099_x+030,grid_node,supported,false
source:bto-bfo-medium:370026,bto-bfo-medium,370026,3369,arc1-current-polar-best-glide-equal-feed,57,-37.832785659162,89.987465048706,1394239106.446764,3.4815892281280344e-4,6.0162886642550751e-55,-2.0210418059269742e2,1.602545152027,a094_x+035,grid_node,supported,false
source:bto-bfo-medium:370026,bto-bfo-medium,370026,3420,arc1-current-polar-best-glide-equal-feed,58,-37.695082633445,90.178071358795,1394239107.390338,2.7973932871049116e-4,2.4479607218004750e-70,-2.3732337138673219e2,1.685359521944,a091_x+035,grid_node,supported,false
source:bto-bfo-medium:370026,bto-bfo-medium,370026,3474,arc1-current-polar-best-glide-equal-feed,59,-38.089511969947,89.343060529882,1394239025.858337,2.3278523611973623e-4,2.1216622606197050e-37,-1.6129737686524533e2,2.258573833194,a100_x+030,grid_node,supported,false
source:bto-bfo-medium:370026,bto-bfo-medium,370026,3527,arc1-current-polar-best-glide-equal-feed,60,-37.896508803983,89.584708436286,1394239029.794948,1.1485737794212710e-4,6.1420826133406003e-32,-1.4801506226619924e2,2.215838584240,a097_x+025,grid_node,supported,false
source:bto-bfo-medium:370026,bto-bfo-medium,370026,3582,arc1-current-polar-best-glide-equal-feed,61,-38.214337946330,89.202848759896,1394239037.718522,3.1929663654839364e-4,7.1639638338909848e-49,-1.8802753868266777e2,2.023921542160,a102_x+030,grid_node,supported,false
source:bto-bfo-medium:370026,bto-bfo-medium,370026,3634,arc1-current-polar-best-glide-equal-feed,62,-38.157796651895,89.300986396327,1394239039.386971,3.2043890147702550e-4,8.3277829095475412e-48,-1.8557799081944603e2,1.719510283734,a101_x+030,grid_node,supported,false
source:bto-bfo-medium:370026,bto-bfo-medium,370026,3695,arc1-current-polar-best-glide-equal-feed,63,-38.155774159485,88.638843178901,1394238748.489540,1.4546817128398593e-4,2.6304277798040388e-50,-1.9054587746743763e2,2.337304204460,a106_x+015,grid_node,supported,false
source:bto-bfo-medium:370026,bto-bfo-medium,370026,3749,arc1-current-polar-best-glide-equal-feed,64,-38.004645603534,89.862717851495,1394239083.365849,8.2116350629663057e-4,3.0329693700509916e-105,-3.1877642687528567e2,0.764093304000,a096_x+040,grid_node,supported,false
source:bto-bfo-medium:370026,bto-bfo-medium,370026,3803,arc1-current-polar-best-glide-equal-feed,65,-38.098855602915,89.506649149520,1394239099.605764,2.7454645402055593e-4,2.8388239219121429e-73,-2.4406425440819592e2,1.367632459742,a099_x+035,grid_node,supported,false
source:bto-bfo-medium:370026,bto-bfo-medium,370026,3860,arc1-current-polar-best-glide-equal-feed,66,-38.013280972393,89.705229838248,1394239105.417799,3.5561489285060760e-4,1.0326602719621952e-85,-2.7296525502327205e2,1.199137536688,a097_x+035,grid_node,supported,false
source:bto-bfo-medium:370026,bto-bfo-medium,370026,3913,arc1-current-polar-best-glide-equal-feed,67,-37.937132033119,89.818138631784,1394239067.201104,5.3473152164895362e-4,1.3980926705841680e-78,-2.5695210511219045e2,1.606254009882,a096_x+035,grid_node,supported,false
source:bto-bfo-medium:370026,bto-bfo-medium,370026,3965,arc1-current-polar-best-glide-equal-feed,68,-37.951769099451,89.958237716314,1394239118.049450,6.6840116019343501e-4,2.7831628072011798e-77,-2.5418416470759121e2,1.360517546596,a095_x+040,grid_node,supported,false
source:bto-bfo-medium:370026,bto-bfo-medium,370026,4018,arc1-current-polar-best-glide-equal-feed,69,-38.388520146065,89.059916012058,1394239091.871352,4.0070902822370491e-4,5.6319609878549248e-50,-1.9079784450225770e2,2.130429923789,a105_x+035,grid_node,supported,false
source:bto-bfo-medium:370026,bto-bfo-medium,370026,4072,arc1-current-polar-best-glide-equal-feed,70,-37.996541769987,90.082828274840,1394239161.824127,8.7708502270065559e-4,6.8858272752237064e-102,-3.1111463013513821e2,1.324225265891,a094_x+045,grid_node,supported,false
source:bto-bfo-medium:370026,bto-bfo-medium,370026,4128,arc1-current-polar-best-glide-equal-feed,71,-37.938735282268,89.821693561268,1394239087.127803,4.3803063361645949e-4,1.1452614883484363e-78,-2.5695210511219045e2,1.751401044130,a096_x+035,grid_node,supported,false
source:bto-bfo-medium:370026,bto-bfo-medium,370026,4188,arc1-current-polar-best-glide-equal-feed,72,-37.759594283352,89.608696851803,1394238938.968381,8.5946951273673338e-5,2.0178679775252161e-10,-9.8181351688852388e1,1.117774949955,a096_x+020,grid_node,supported,false
source:bto-bfo-medium:370026,bto-bfo-medium,370026,4251,arc1-current-polar-best-glide-equal-feed,73,-37.963153563540,89.723292600344,1394239075.070531,3.7160160708181477e-4,1.0790836501661613e-85,-2.7296525502327205e2,2.088610340310,a097_x+035,grid_node,supported,false
source:bto-bfo-medium:370026,bto-bfo-medium,370026,4308,arc1-current-polar-best-glide-equal-feed,74,-37.732030595142,90.092061300278,1394239085.172208,3.1763429832901721e-4,9.2561033333193916e-68,-2.3151521588159665e2,1.746805829882,a092_x+035,grid_node,supported,false
source:bto-bfo-medium:370026,bto-bfo-medium,370026,4367,arc1-current-polar-best-glide-equal-feed,75,-38.025512076873,89.321954845400,1394239033.106996,6.8609814371155072e-5,4.1982249121660711e-72,-2.3998371248671029e2,0.935724368471,a100_x+025,grid_node,supported,false
source:bto-bfo-medium:370026,bto-bfo-medium,370026,4425,arc1-current-polar-best-glide-equal-feed,76,-37.974255703064,89.890712114895,1394239109.431686,6.3854790526592250e-4,2.6588565167032461e-77,-2.5418416470759121e2,2.109488085600,a095_x+040,grid_node,supported,false
source:bto-bfo-medium:370026,bto-bfo-medium,370026,4485,arc1-current-polar-best-glide-equal-feed,77,-37.972040973490,89.919152139803,1394239099.868332,7.6004519657534746e-4,3.1647603997099470e-77,-2.5418416470759121e2,0.917785917212,a095_x+040,grid_node,supported,false
source:bto-bfo-medium:370026,bto-bfo-medium,370026,4540,arc1-current-polar-best-glide-equal-feed,78,-37.983773321825,89.593960472327,1394239045.550997,2.9164198654987731e-4,3.8410278047810925e-50,-1.9086285363398414e2,1.885791593686,a098_x+030,grid_node,supported,false
source:bto-bfo-medium:370026,bto-bfo-medium,370026,4598,arc1-current-polar-best-glide-equal-feed,79,-38.302011618110,89.278590378992,1394239128.425369,3.6719272519018169e-4,4.7250411517520679e-56,-2.0470158778036651e2,2.711679193980,a102_x+040,grid_node,supported,false
source:bto-bfo-medium:370026,bto-bfo-medium,370026,4658,arc1-current-polar-best-glide-equal-feed,80,-37.751220562482,89.975993240633,1394238981.729462,5.9843467181435166e-4,8.9632238659201682e-69,-2.3448337080969756e2,1.780934788367,a093_x+030,grid_node,supported,false
source:bto-bfo-medium:370026,bto-bfo-medium,370026,4719,arc1-current-polar-best-glide-equal-feed,81,-38.343797978900,88.808093656018,1394238976.111117,2.3269975540963903e-4,5.2461130157058547e-53,-1.9723308351946386e2,2.101546999592,a106_x+025,grid_node,supported,false
source:bto-bfo-medium:370026,bto-bfo-medium,370026,4778,arc1-current-polar-best-glide-equal-feed,82,-37.955013438454,89.988998269460,1394239165.999961,4.7662671365013022e-4,1.9846311187815860e-77,-2.5418416470759121e2,2.734288822858,a095_x+040,grid_node,supported,false
source:bto-bfo-medium:370026,bto-bfo-medium,370026,4834,arc1-current-polar-best-glide-equal-feed,83,-37.920879141682,90.148034055609,1394239153.884622,8.1176272227944258e-4,9.5994264174214686e-88,-2.7846880491448655e2,1.158093987797,a093_x+045,grid_node,supported,false
source:bto-bfo-medium:370026,bto-bfo-medium,370026,4889,arc1-current-polar-best-glide-equal-feed,84,-38.186950778540,89.229558721736,1394239038.766128,2.7393934271352364e-4,6.1462956988652639e-49,-1.8802753868266777e2,0.998246949966,a102_x+030,grid_node,supported,false
source:bto-bfo-medium:370026,bto-bfo-medium,370026,4949,arc1-current-polar-best-glide-equal-feed,85,-38.130171389402,89.773229904942,1394239135.546938,8.2541786249995660e-4,1.2818057197064493e-85,-2.7359116485627379e2,2.586112319125,a097_x+045,grid_node,supported,false
source:bto-bfo-medium:370026,bto-bfo-medium,370026,5010,arc1-current-polar-best-glide-equal-feed,86,-38.938894870336,88.054139722469,1394239073.117118,4.2922010396708409e-4,6.0332071515437066e-181,-4.9243640494285944e2,0.495053386049,a116_x+035,grid_node,supported,false
source:bto-bfo-medium:370026,bto-bfo-medium,370026,5070,arc1-current-polar-best-glide-equal-feed,87,-38.120169009656,89.175202616833,1394238964.415954,2.3571978444182840e-4,1.6230854797971019e-42,-1.7309070069232942e2,1.343967807524,a102_x+025,grid_node,supported,false
source:bto-bfo-medium:370026,bto-bfo-medium,370026,5132,arc1-current-polar-best-glide-equal-feed,88,-38.361855546406,89.205524537227,1394239127.490399,4.3014681040163302e-4,4.0786443504821326e-68,-2.3263796022338332e2,1.976810022709,a103_x+040,grid_node,supported,false
source:bto-bfo-medium:370026,bto-bfo-medium,370026,5192,arc1-current-polar-best-glide-equal-feed,89,-38.196658713464,88.811116543496,1394238931.860369,5.5942934764710075e-5,9.9596805501582719e-43,-1.7214075814605627e2,0.917880197367,a105_x+020,grid_node,supported,false
source:bto-bfo-medium:370026,bto-bfo-medium,370026,5255,arc1-current-polar-best-glide-equal-feed,90,-37.985549682176,88.689795510314,1394238686.800250,4.0443498730335105e-5,2.3888841852392456e-44,-1.7554663560589489e2,2.169193318129,a105_x+005,grid_node,supported,false
source:bto-bfo-medium:370026,bto-bfo-medium,370026,5321,arc1-current-polar-best-glide-equal-feed,91,-37.967945670123,89.474283637721,1394239006.604977,1.7995428958566623e-4,3.4340857788813511e-44,-1.7667650821817557e2,3.155885819644,a099_x+025,grid_node,supported,false
source:bto-bfo-medium:370026,bto-bfo-medium,370026,5385,arc1-current-polar-best-glide-equal-feed,92,-38.471590594996,89.029294293166,1394239072.830705,7.6774735979709592e-4,3.4725484787691511e-67,-2.3107558519071165e2,2.319638444962,a105_x+040,grid_node,supported,false
source:bto-bfo-medium:370026,bto-bfo-medium,370026,5438,arc1-current-polar-best-glide-equal-feed,93,-37.709358456285,89.977967123022,1394239066.834895,1.3099019115852975e-4,1.9619424857753521e-69,-2.3448337080969756e2,0.749993500456,a093_x+030,grid_node,supported,false
source:bto-bfo-medium:370026,bto-bfo-medium,370026,5496,arc1-current-polar-best-glide-equal-feed,94,-37.692173149215,90.280710078097,1394239139.877015,3.2769785657578828e-4,2.8676392597836198e-70,-2.3732337138673219e2,3.368838500840,a091_x+035,grid_node,supported,false
source:bto-bfo-medium:370026,bto-bfo-medium,370026,5554,arc1-current-polar-best-glide-equal-feed,95,-37.838238490314,89.865381154459,1394239064.054480,2.9267980728885730e-4,2.1439015281504031e-75,-2.4901414586101004e2,2.902440552044,a095_x+030,grid_node,supported,false
source:bto-bfo-medium:370026,bto-bfo-medium,370026,5607,arc1-current-polar-best-glide-equal-feed,96,-38.106579093577,89.521371363468,1394239083.603104,4.1034974282036979e-4,4.2430366490245446e-73,-2.4406425440819592e2,1.017081117606,a099_x+035,grid_node,supported,false
source:bto-bfo-medium:370026,bto-bfo-medium,370026,5662,arc1-current-polar-best-glide-equal-feed,97,-38.395690195606,88.979431461924,1394239086.609416,2.8032532591635168e-4,3.9399693749530248e-50,-1.9079784450225770e2,1.694129937912,a105_x+035,grid_node,supported,false
source:bto-bfo-medium:370026,bto-bfo-medium,370026,5728,arc1-current-polar-best-glide-equal-feed,98,-38.189411014221,89.533822225532,1394239041.383858,9.3262164259592668e-4,3.0808305284831134e-55,-2.0375879248876291e2,1.523839246810,a100_x+040,grid_node,supported,false
source:bto-bfo-medium:370026,bto-bfo-medium,370026,5787,arc1-current-polar-best-glide-equal-feed,99,-38.870122199996,88.200654704399,1394239051.868695,6.0520213478703364e-4,2.1632729614802558e-155,-4.3393844158459672e2,2.560606181685,a114_x+035,grid_node,supported,false
source:bto-bfo-medium:370026,bto-bfo-medium,370026,5842,arc1-current-polar-best-glide-equal-feed,100,-38.826297511613,87.720008549289,1394238873.416678,2.2194293494040893e-4,6.4569165573570126e-200,-5.3545809900307552e2,1.463885410206,a118_x+020,grid_node,supported,false
source:bto-bfo-medium:370026,bto-bfo-medium,370026,5898,arc1-current-polar-best-glide-equal-feed,101,-37.838636782662,90.021785717091,1394239085.608415,5.4949985291598931e-4,9.4955191996782703e-55,-2.0210418059269742e2,3.141743587250,a094_x+035,grid_node,supported,false
source:bto-bfo-medium:370026,bto-bfo-medium,370026,5954,arc1-current-polar-best-glide-equal-feed,102,-37.802498562985,89.850479164895,1394239058.640518,1.7964784819599836e-4,6.6192154389029483e-83,-2.6581939640106884e2,2.565894183060,a094_x+030,grid_node,supported,false
source:bto-bfo-medium:370026,bto-bfo-medium,370026,6011,arc1-current-polar-best-glide-equal-feed,103,-38.384285393918,88.737337108612,1394238992.365940,1.8403857964866820e-4,3.3005396224690956e-60,-2.1357997700620948e2,1.774910863079,a107_x+025,grid_node,supported,false
source:bto-bfo-medium:370026,bto-bfo-medium,370026,6070,arc1-current-polar-best-glide-equal-feed,104,-38.014364925034,89.590559843588,1394239019.436573,5.3688930967953877e-4,1.5643303125206469e-81,-2.6375153865746205e2,2.179139611761,a098_x+035,grid_node,supported,false
source:bto-bfo-medium:370026,bto-bfo-medium,370026,6123,arc1-current-polar-best-glide-equal-feed,105,-37.944228001211,89.737408202501,1394239026.967340,5.7088618402889590e-4,1.4926215442981640e-78,-2.5695210511219045e2,2.264380589221,a096_x+035,grid_node,supported,false
source:bto-bfo-medium:370026,bto-bfo-medium,370026,6182,arc1-current-polar-best-glide-equal-feed,106,-37.791671741711,90.166589527833,1394239156.618180,3.3363610307419192e-4,3.3450481135611016e-78,-2.5560801905960369e2,1.365146223551,a092_x+040,grid_node,supported,false
source:bto-bfo-medium:370026,bto-bfo-medium,370026,6241,arc1-current-polar-best-glide-equal-feed,107,-39.095899019915,87.343502705448,1394238983.391742,1.0855764643788446e-4,1.5004962458551901e-213,-5.6613592225522632e2,2.283472785927,a123_x+025,grid_node,supported,false
source:bto-bfo-medium:370026,bto-bfo-medium,370026,6303,arc1-current-polar-best-glide-equal-feed,108,-38.599441070274,88.767140150241,1394239140.598825,3.1411858928196025e-4,4.7147967160080749e-94,-2.9204587552407565e2,2.567166278852,a108_x+040,grid_node,supported,false
source:bto-bfo-medium:370026,bto-bfo-medium,370026,6358,arc1-current-polar-best-glide-equal-feed,109,-38.254541827811,89.594152663364,1394239143.656384,8.3383294356793500e-4,1.8558768146686931e-68,-2.3408727413365952e2,1.517657327822,a100_x+045,grid_node,supported,false
source:bto-bfo-medium:370026,bto-bfo-medium,370026,6412,arc1-current-polar-best-glide-equal-feed,110,-37.711170296128,89.348040302828,1394238749.939560,9.2368205577245474e-5,6.0897298329492380e-12,-1.0175401221754208e2,2.156267542008,a098_x+010,grid_node,supported,false
source:bto-bfo-medium:370026,bto-bfo-medium,370026,6477,arc1-current-polar-best-glide-equal-feed,111,-38.175461760346,89.189029474886,1394238986.297657,3.7174925112550770e-4,8.3408275737833984e-49,-1.8802753868266777e2,1.035362145137,a102_x+030,grid_node,supported,false
source:bto-bfo-medium:370026,bto-bfo-medium,370026,6537,arc1-current-polar-best-glide-equal-feed,112,-37.569145969744,89.387372150612,1394238665.162395,5.7903125009505769e-5,3.6760560039834700e-10,-9.7186593842179036e1,1.788912976410,a096_x+005,grid_node,supported,false
source:bto-bfo-medium:370026,bto-bfo-medium,370026,6600,arc1-current-polar-best-glide-equal-feed,113,-38.951933563353,87.856172347019,1394239006.198517,3.9953646204559740e-4,6.3658194928418393e-189,-5.1073175662853436e2,2.291436327300,a118_x+030,grid_node,supported,false
source:bto-bfo-medium:370026,bto-bfo-medium,370026,6670,arc1-current-polar-best-glide-equal-feed,114,-37.849173119272,89.915221893126,1394239045.030441,5.3368838569198100e-4,9.2222923920570348e-55,-2.0210418059269742e2,1.967286150022,a094_x+035,grid_node,supported,false
source:bto-bfo-medium:370026,bto-bfo-medium,370026,6735,arc1-current-polar-best-glide-equal-feed,115,-38.039388207769,89.799866196112,1394239107.407211,6.8826640151798725e-4,5.5310183970558874e-86,-2.7424993401080098e2,2.073815034868,a097_x+040,grid_node,supported,false
source:bto-bfo-medium:370026,bto-bfo-medium,370026,6799,arc1-current-polar-best-glide-equal-feed,116,-37.703668466735,90.411537195851,1394239152.541151,6.2373697494538273e-4,4.6180269599331305e-69,-2.3518794462865662e2,2.620483304337,a090_x+040,grid_node,supported,false
source:bto-bfo-medium:370026,bto-bfo-medium,370026,6855,arc1-current-polar-best-glide-equal-feed,117,-38.306818983483,89.317049217829,1394239115.034326,5.4969394615848942e-4,7.0734694297731009e-56,-2.0470158778036651e2,0.943953265237,a102_x+040,grid_node,supported,false
source:bto-bfo-medium:370026,bto-bfo-medium,370026,6916,arc1-current-polar-best-glide-equal-feed,118,-38.189432896027,89.683399524085,1394239154.374797,7.3961952331363641e-4,1.0530514044947814e-74,-2.4834955272470131e2,2.457613288395,a099_x+045,grid_node,supported,false
source:bto-bfo-medium:370026,bto-bfo-medium,370026,6971,arc1-current-polar-best-glide-equal-feed,119,-38.108973393089,89.425386089848,1394238997.873858,6.1342311070815107e-4,7.4418493146510103e-64,-2.2318119349323791e2,2.388671248943,a100_x+035,grid_node,supported,false
source:bto-bfo-medium:370026,bto-bfo-medium,370026,7028,arc1-current-polar-best-glide-equal-feed,120,-37.947443416749,89.993788841462,1394239126.180175,7.0250633569467744e-4,1.8574710802939969e-86,-2.7536156848510115e2,2.644229147927,a094_x+040,grid_node,supported,false
source:bto-bfo-medium:370026,bto-bfo-medium,370026,7083,arc1-current-polar-best-glide-equal-feed,121,-37.838194814796,89.302153280902,1394238925.399258,1.7009791243024960e-5,7.5422529905931125e-25,-1.2978170751207250e2,1.168181136500,a099_x+015,grid_node,supported,false
source:bto-bfo-medium:370026,bto-bfo-medium,370026,7148,arc1-current-polar-best-glide-equal-feed,122,-38.404943120553,88.975491472138,1394239067.664444,3.8641863550249267e-4,5.4311096752109172e-50,-1.9079784450225770e2,1.970071448980,a105_x+035,grid_node,supported,false
source:bto-bfo-medium:370026,bto-bfo-medium,370026,7204,arc1-current-polar-best-glide-equal-feed,123,-37.708594085118,89.503526924878,1394238812.905230,1.2723944580434303e-4,1.9562245494710735e-12,-1.0320988745791566e2,2.359765449514,a096_x+015,grid_node,supported,false
source:bto-bfo-medium:370026,bto-bfo-medium,370026,7264,arc1-current-polar-best-glide-equal-feed,124,-38.712192378336,88.305347702689,1394239011.063664,3.9307632444939727e-4,3.4661748534721668e-105,-3.1790619892495533e2,2.380943419298,a113_x+030,grid_node,supported,false
source:bto-bfo-medium:370026,bto-bfo-medium,370026,7320,arc1-current-polar-best-glide-equal-feed,125,-37.947340003569,89.917176736794,1394239135.904088,4.3683576563410001e-4,1.8189451607418731e-77,-2.5418416470759121e2,1.038435000206,a095_x+040,grid_node,supported,false
source:bto-bfo-medium:370026,bto-bfo-medium,370026,7381,arc1-current-polar-best-glide-equal-feed,126,-38.368217849106,89.053001066171,1394239102.473920,2.5897972992055363e-4,3.6399572578221474e-50,-1.9079784450225770e2,2.393616154126,a105_x+035,grid_node,supported,false
source:bto-bfo-medium:370026,bto-bfo-medium,370026,7439,arc1-current-polar-best-glide-equal-feed,127,-38.281202672980,88.963490922133,1394239013.462379,1.9002216737234082e-4,1.2218542840326647e-61,-2.1690827379456579e2,2.824304680652,a105_x+030,grid_node,supported,false
source:bto-bfo-medium:370026,bto-bfo-medium,370026,7494,arc1-current-polar-best-glide-equal-feed,128,-38.389612307200,88.916539835326,1394239044.985720,3.1656166665284245e-4,6.8319489634839759e-57,-2.0648707037236599e2,2.401257699869,a106_x+030,grid_node,supported,false
source:bto-bfo-medium:370026,bto-bfo-medium,370026,7555,arc1-current-polar-best-glide-equal-feed,129,-37.599372522766,90.203455184246,1394239039.131747,3.0589304111714653e-4,7.4796506574521782e-45,-1.7873119059539883e2,2.268283295810,a090_x+030,grid_node,supported,false
source:bto-bfo-medium:370026,bto-bfo-medium,370026,7609,arc1-current-polar-best-glide-equal-feed,130,-37.743922986852,89.893447589458,1394239027.371293,1.9869898154187802e-4,7.3211640413383630e-83,-2.6581939640106884e2,1.892215812226,a094_x+030,grid_node,supported,false
source:bto-bfo-medium:370026,bto-bfo-medium,370026,7675,arc1-current-polar-best-glide-equal-feed,131,-37.652182560817,89.898696676617,1394239020.143787,6.2007225812832237e-5,7.4194655273848713e-53,-1.9556396582506849e2,0.851563149833,a093_x+025,grid_node,supported,false
source:bto-bfo-medium:370026,bto-bfo-medium,370026,7738,arc1-current-polar-best-glide-equal-feed,132,-37.902376507675,90.003074340287,1394239124.074864,5.5008987927962071e-4,1.4544723519310387e-86,-2.7536156848510115e2,0.828573721132,a094_x+040,grid_node,supported,false
source:bto-bfo-medium:370026,bto-bfo-medium,370026,7793,arc1-current-polar-best-glide-equal-feed,133,-37.673298428286,90.193249992020,1394239064.867443,4.2888300168586496e-4,3.7530966675816465e-70,-2.3732337138673219e2,1.039872416406,a091_x+035,grid_node,supported,false
source:bto-bfo-medium:370026,bto-bfo-medium,370026,7851,arc1-current-polar-best-glide-equal-feed,134,-38.063801917989,89.456673251163,1394239035.832546,3.3787496524538817e-4,1.2330435879565583e-71,-2.4050054392561012e2,2.334620990001,a099_x+030,grid_node,supported,false
source:bto-bfo-medium:370026,bto-bfo-medium,370026,7905,arc1-current-polar-best-glide-equal-feed,135,-38.258341731877,89.100976747855,1394239036.680058,2.7381571510984282e-4,5.8005382472383593e-52,-1.9499274142471037e2,2.004815534328,a103_x+030,grid_node,supported,false
source:bto-bfo-medium:370026,bto-bfo-medium,370026,7966,arc1-current-polar-best-glide-equal-feed,136,-38.074387879991,89.256095432778,1394238988.255023,1.7478390977515617e-4,5.9835807847407854e-44,-1.7609208731518598e2,1.149231296492,a101_x+025,grid_node,supported,false
source:bto-bfo-medium:370026,bto-bfo-medium,370026,8021,arc1-current-polar-best-glide-equal-feed,137,-38.019968710769,89.466741468724,1394239066.605353,1.2652703711434990e-4,4.6174877651465479e-72,-2.4050054392561012e2,0.464408037084,a099_x+030,grid_node,supported,false
source:bto-bfo-medium:370026,bto-bfo-medium,370026,8074,arc1-current-polar-best-glide-equal-feed,138,-38.379482937973,89.155605347826,1394239098.167496,5.5057895221646391e-4,6.5638923767664171e-55,-2.0247537869854168e2,2.090523364818,a104_x+040,grid_node,supported,false
source:bto-bfo-medium:370026,bto-bfo-medium,370026,8133,arc1-current-polar-best-glide-equal-feed,139,-37.821878946092,89.664461478160,1394238982.880605,1.7489698060227504e-4,1.3508545792539949e-22,-1.2692414374632884e2,0.732909197308,a096_x+025,grid_node,supported,false
source:bto-bfo-medium:370026,bto-bfo-medium,370026,8194,arc1-current-polar-best-glide-equal-feed,140,-37.914218268707,90.049517566091,1394239089.120062,8.8008190315072522e-4,2.3269920858094326e-86,-2.7536156848510115e2,1.492462749144,a094_x+040,grid_node,supported,false
source:bto-bfo-medium:370026,bto-bfo-medium,370026,8247,arc1-current-polar-best-glide-equal-feed,141,-37.884527005228,89.890522404253,1394239098.396447,3.3907154055679429e-4,4.2016114916024191e-81,-2.6230394750754471e2,1.170672698467,a095_x+035,grid_node,supported,false
source:bto-bfo-medium:370026,bto-bfo-medium,370026,8301,arc1-current-polar-best-glide-equal-feed,142,-38.072485320708,89.602214111994,1394239116.274108,2.9709469571964007e-4,8.6564256323290208e-82,-2.6375153865746205e2,1.903469141498,a098_x+035,grid_node,supported,false
source:bto-bfo-medium:370026,bto-bfo-medium,370026,8357,arc1-current-polar-best-glide-equal-feed,143,-37.614831988822,89.975242670711,1394238993.283212,1.1638836930777047e-4,3.2917896347236383e-55,-2.0161149334213221e2,1.350279336203,a092_x+025,grid_node,supported,false
source:bto-bfo-medium:370026,bto-bfo-medium,370026,8417,arc1-current-polar-best-glide-equal-feed,144,-38.306995422296,88.990948554769,1394238973.827618,4.8820640547720057e-4,3.1391973698293384e-61,-2.1690827379456579e2,2.151531356576,a105_x+030,grid_node,supported,false
source:bto-bfo-medium:370026,bto-bfo-medium,370026,8477,arc1-current-polar-best-glide-equal-feed,145,-38.359228206939,88.968237128302,1394238973.327176,6.6041629962894420e-4,4.2465176358370516e-61,-2.1690827379456579e2,2.020877178682,a105_x+030,grid_node,supported,false
source:bto-bfo-medium:370026,bto-bfo-medium,370026,8546,arc1-current-polar-best-glide-equal-feed,146,-37.977751735846,89.257332305799,1394238922.314091,1.2581748875175642e-4,1.9473003785864453e-13,-1.0550580656766603e2,2.063986414077,a100_x+020,grid_node,supported,false
source:bto-bfo-medium:370026,bto-bfo-medium,370026,8610,arc1-current-polar-best-glide-equal-feed,147,-38.323724862859,89.390566773192,1394239126.620082,7.3814980078090416e-4,9.4985220173982851e-56,-2.0470158778036651e2,2.736285753367,a102_x+040,grid_node,supported,false
source:bto-bfo-medium:370026,bto-bfo-medium,370026,8663,arc1-current-polar-best-glide-equal-feed,148,-38.185036667986,89.524815149691,1394239077.380532,7.6391129398194744e-4,2.5235112805250719e-55,-2.0375879248876291e2,1.560831757533,a100_x+040,grid_node,supported,false
source:bto-bfo-medium:370026,bto-bfo-medium,370026,8721,arc1-current-polar-best-glide-equal-feed,149,-38.471331855153,89.087184691964,1394239088.636107,8.0955983309967329e-4,3.6616677752506510e-67,-2.3107558519071165e2,0.702632681726,a105_x+040,grid_node,supported,false
source:bto-bfo-medium:370026,bto-bfo-medium,370026,8776,arc1-current-polar-best-glide-equal-feed,150,-37.675926282675,90.128382720779,1394239044.265059,3.7965907777271087e-4,9.0348651835002569e-60,-2.1329710025956146e2,3.072789028652,a092_x+030,grid_node,supported,false
source:bto-bfo-medium:370026,bto-bfo-medium,370026,8838,arc1-current-polar-best-glide-equal-feed,151,-38.348720251287,88.894424110768,1394238957.539998,5.0253028264338412e-4,1.0845473742687444e-56,-2.0648707037236599e2,2.058486367095,a106_x+030,grid_node,supported,false
source:bto-bfo-medium:370026,bto-bfo-medium,370026,8896,arc1-current-polar-best-glide-equal-feed,152,-38.044308077289,89.600854841352,1394239081.241723,3.6079560812788026e-4,1.0512474289265263e-81,-2.6375153865746205e2,0.822793213678,a098_x+035,grid_node,supported,false
source:bto-bfo-medium:370026,bto-bfo-medium,370026,8951,arc1-current-polar-best-glide-equal-feed,153,-38.218682012355,89.552282856011,1394239141.900895,6.0803078157422978e-4,2.0085742262180906e-55,-2.0375879248876291e2,1.863190062249,a100_x+040,grid_node,supported,false
source:bto-bfo-medium:370026,bto-bfo-medium,370026,9007,arc1-current-polar-best-glide-equal-feed,154,-37.981385732121,89.837342534556,1394239110.974340,5.2375015853894447e-4,1.9344724603898654e-105,-3.1877642687528567e2,1.805972036226,a096_x+040,grid_node,supported,false
source:bto-bfo-medium:370026,bto-bfo-medium,370026,9071,arc1-current-polar-best-glide-equal-feed,155,-38.245853230522,88.754661493531,1394238887.474333,1.5652573787038862e-4,4.6501210351390826e-46,-1.8083905348109414e2,0.546329074542,a106_x+020,grid_node,supported,false
source:bto-bfo-medium:370026,bto-bfo-medium,370026,9137,arc1-current-polar-best-glide-equal-feed,156,-38.102748434122,89.195423215264,1394238945.520174,2.8507160817362021e-4,1.9629051885680690e-42,-1.7309070069232942e2,2.333357157498,a102_x+025,grid_node,supported,false
source:bto-bfo-medium:370026,bto-bfo-medium,370026,9199,arc1-current-polar-best-glide-equal-feed,157,-38.206801339313,89.042452325697,1394238958.847013,2.8660692588686963e-4,9.7883356661807409e-41,-1.6918672105090940e2,2.807259721102,a103_x+025,grid_node,supported,false
source:bto-bfo-medium:370026,bto-bfo-medium,370026,9255,arc1-current-polar-best-glide-equal-feed,158,-38.690556813989,88.192056836521,1394238968.112908,2.6311572778034940e-4,4.4328174316422629e-172,-4.7153200658496309e2,2.469717409796,a113_x+025,grid_node,supported,false
source:bto-bfo-medium:370026,bto-bfo-medium,370026,9322,arc1-current-polar-best-glide-equal-feed,159,-37.669697609918,89.406248316457,1394238764.426318,6.3252101793357581e-5,4.6805828810577952e-10,-9.7033368633518478e1,1.088580874783,a097_x+010,grid_node,supported,false
source:bto-bfo-medium:370026,bto-bfo-medium,370026,9386,arc1-current-polar-best-glide-equal-feed,160,-37.943032614989,88.743553563553,1394238729.384020,1.3653502381050290e-5,3.8274739146814504e-43,-1.7168676203486203e2,0.658164730009,a104_x+005,grid_node,supported,false
source:bto-bfo-medium:370026,bto-bfo-medium,370026,9450,arc1-current-polar-best-glide-equal-feed,161,-37.747354538440,90.191358357543,1394239119.348415,4.3194489173325394e-4,1.2587200353411430e-67,-2.3151521588159665e2,3.068554115527,a092_x+035,grid_node,supported,false
source:bto-bfo-medium:370026,bto-bfo-medium,370026,9509,arc1-current-polar-best-glide-equal-feed,162,-37.702937624101,90.080131395011,1394239102.412066,1.5757081824517542e-4,3.7497617811506147e-60,-2.1329710025956146e2,2.155938970608,a092_x+030,grid_node,supported,false
source:bto-bfo-medium:370026,bto-bfo-medium,370026,9562,arc1-current-polar-best-glide-equal-feed,163,-37.771102393328,90.159059291612,1394239109.497199,5.0306235514387251e-4,5.0437220869451652e-78,-2.5560801905960369e2,2.395127757181,a092_x+040,grid_node,supported,false
source:bto-bfo-medium:370026,bto-bfo-medium,370026,9620,arc1-current-polar-best-glide-equal-feed,164,-38.409548662192,88.965459045928,1394239026.814385,6.0822389614932529e-4,8.5485801759417463e-50,-1.9079784450225770e2,2.506301526082,a105_x+035,grid_node,supported,false
source:bto-bfo-medium:370026,bto-bfo-medium,370026,9679,arc1-current-polar-best-glide-equal-feed,165,-38.217810070585,89.101825719783,1394239018.946310,2.1505556467617455e-4,4.5557576112283739e-52,-1.9499274142471037e2,1.278388725640,a103_x+030,grid_node,supported,false
source:bto-bfo-medium:370026,bto-bfo-medium,370026,9745,arc1-current-polar-best-glide-equal-feed,166,-38.086964540727,89.097411706021,1394238906.003368,2.0219202782095099e-4,1.6801708411191231e-37,-1.6138978283600213e2,2.507057719546,a102_x+020,grid_node,supported,false
source:bto-bfo-medium:370026,bto-bfo-medium,370026,9809,arc1-current-polar-best-glide-equal-feed,167,-38.437264170609,88.984115418128,1394239081.147070,4.6967605209315746e-4,8.2078973840099814e-60,-2.1360586399543325e2,2.558344798982,a106_x+035,grid_node,supported,false
source:bto-bfo-medium:370026,bto-bfo-medium,370026,9870,arc1-current-polar-best-glide-equal-feed,168,-38.181482574438,89.540026886167,1394239104.923093,6.3441179979296968e-4,2.0957215135944980e-55,-2.0375879248876291e2,2.081020500800,a100_x+040,grid_node,supported,false
source:bto-bfo-medium:370026,bto-bfo-medium,370026,9930,arc1-current-polar-best-glide-equal-feed,169,-37.930237638500,90.106550131207,1394239164.831135,6.8496211274957173e-4,5.3775069421924502e-102,-3.1111463013513821e2,2.894533684477,a094_x+045,grid_node,supported,false
source:bto-bfo-medium:370026,bto-bfo-medium,370026,9987,arc1-current-polar-best-glide-equal-feed,170,-37.929750409687,89.745404478066,1394239094.498806,2.2674291528754158e-4,5.9283508664841147e-79,-2.5695210511219045e2,2.061052781425,a096_x+035,grid_node,supported,false
source:bto-bfo-medium:370026,bto-bfo-medium,370026,10041,arc1-current-polar-best-glide-equal-feed,171,-38.157848180298,89.685639135870,1394239140.708854,6.9815480430176580e-4,3.3459344211495205e-89,-2.8167458013011202e2,2.881469202309,a098_x+040,grid_node,supported,false
source:bto-bfo-medium:370026,bto-bfo-medium,370026,10100,arc1-current-polar-best-glide-equal-feed,172,-37.809789172667,89.930171316039,1394239107.280004,1.6798536512868393e-4,2.9028365546956038e-55,-2.0210418059269742e2,2.269133422391,a094_x+035,grid_node,supported,false
source:bto-bfo-medium:370026,bto-bfo-medium,370026,10157,arc1-current-polar-best-glide-equal-feed,173,-38.414555330384,89.107601369146,1394239075.722858,7.1166752763479808e-4,8.4843582207946235e-55,-2.0247537869854168e2,2.572748554606,a104_x+040,grid_node,supported,false
source:bto-bfo-medium:370026,bto-bfo-medium,370026,10212,arc1-current-polar-best-glide-equal-feed,174,-37.922130611074,89.499886806734,1394239005.175162,1.2119504485543905e-4,6.2373383488309898e-43,-1.7338181863878640e2,0.806489624318,a098_x+025,grid_node,supported,false
source:bto-bfo-medium:370026,bto-bfo-medium,370026,10267,arc1-current-polar-best-glide-equal-feed,175,-37.977548732135,89.664957199480,1394239043.350093,4.4103206749319316e-4,1.2807008477929166e-85,-2.7296525502327205e2,1.985938400410,a097_x+035,grid_node,supported,false
source:bto-bfo-medium:370026,bto-bfo-medium,370026,10319,arc1-current-polar-best-glide-equal-feed,176,-38.308113043372,88.954690386219,1394239005.794482,2.7574679382578928e-4,1.7730689319216461e-61,-2.1690827379456579e2,1.170868760870,a105_x+030,grid_node,supported,false
source:bto-bfo-medium:370026,bto-bfo-medium,370026,10374,arc1-current-polar-best-glide-equal-feed,177,-37.833725530583,90.005400506081,1394239110.298263,3.5585797627552397e-4,6.1493305742513892e-55,-2.0210418059269742e2,2.408297447363,a094_x+035,grid_node,supported,false
source:bto-bfo-medium:370026,bto-bfo-medium,370026,10431,arc1-current-polar-best-glide-equal-feed,178,-39.058979783734,87.625508865364,1394239008.158454,3.3158874133990506e-4,1.0203627817208353e-198,-5.3309939764655417e2,0.542685193327,a120_x+030,grid_node,supported,false
source:bto-bfo-medium:370026,bto-bfo-medium,370026,10485,arc1-current-polar-best-glide-equal-feed,179,-37.869907544651,89.991681213728,1394239108.964413,4.7705948823098174e-4,8.2437283756262515e-55,-2.0210418059269742e2,2.402101417954,a094_x+035,grid_node,supported,false
source:bto-bfo-medium:370026,bto-bfo-medium,370026,10545,arc1-current-polar-best-glide-equal-feed,180,-37.843137808001,89.924443970673,1394239045.619797,5.2893825111834363e-4,9.1402086684569749e-55,-2.0210418059269742e2,1.481630378541,a094_x+035,grid_node,supported,false
source:bto-bfo-medium:370026,bto-bfo-medium,370026,10600,arc1-current-polar-best-glide-equal-feed,181,-37.814580126162,89.853052514478,1394239028.674413,3.3688382017892408e-4,2.4676992361755853e-75,-2.4901414586101004e2,2.362338125874,a095_x+030,grid_node,supported,false
source:bto-bfo-medium:370026,bto-bfo-medium,370026,10662,arc1-current-polar-best-glide-equal-feed,182,-38.383999187450,88.818788162786,1394238984.732538,3.5486686376482910e-4,7.6586414511512013e-57,-2.0648707037236599e2,2.381981311693,a106_x+030,grid_node,supported,false
source:bto-bfo-medium:370026,bto-bfo-medium,370026,10720,arc1-current-polar-best-glide-equal-feed,183,-38.046393779463,89.426702674656,1394238997.395296,3.5928282882604452e-4,1.3111696157337539e-71,-2.4050054392561012e2,2.426812740524,a099_x+030,grid_node,supported,false
source:bto-bfo-medium:370026,bto-bfo-medium,370026,10782,arc1-current-polar-best-glide-equal-feed,184,-37.858390975084,89.950215894657,1394239044.812020,6.6375082848068516e-4,1.1469809686381123e-54,-2.0210418059269742e2,1.029966246194,a094_x+035,grid_node,supported,false
source:bto-bfo-medium:370026,bto-bfo-medium,370026,10841,arc1-current-polar-best-glide-equal-feed,185,-37.815180859069,89.960264389463,1394239095.719576,2.7983196197347768e-4,4.8355786694069091e-55,-2.0210418059269742e2,1.612025296645,a094_x+035,grid_node,supported,false
source:bto-bfo-medium:370026,bto-bfo-medium,370026,10895,arc1-current-polar-best-glide-equal-feed,186,-37.650460006063,90.229665533953,1394239054.323610,4.8253195154409945e-4,4.2225713125098741e-70,-2.3732337138673219e2,2.201094959576,a091_x+035,grid_node,supported,false
source:bto-bfo-medium:370026,bto-bfo-medium,370026,10953,arc1-current-polar-best-glide-equal-feed,187,-38.814653263061,87.897418802703,1394238950.864696,2.1790221251321296e-4,2.8898993489668911e-188,-5.0861263420040655e2,2.011504727523,a116_x+025,grid_node,supported,false
source:bto-bfo-medium:370026,bto-bfo-medium,370026,11017,arc1-current-polar-best-glide-equal-feed,188,-38.204453905384,89.263897301937,1394239033.912945,4.3791342402015200e-4,9.1081719841757540e-53,-1.9731367112268248e2,2.670980170944,a102_x+035,grid_node,supported,false
source:bto-bfo-medium:370026,bto-bfo-medium,370026,11073,arc1-current-polar-best-glide-equal-feed,189,-37.872824346696,89.972647771187,1394239133.949489,3.1204373891847596e-4,5.3922076563191418e-55,-2.0210418059269742e2,2.030667537799,a094_x+035,grid_node,supported,false
source:bto-bfo-medium:370026,bto-bfo-medium,370026,11133,arc1-current-polar-best-glide-equal-feed,190,-38.453865975147,88.807475934995,1394239048.311077,3.0459763913625004e-4,3.8898881706296739e-49,-1.8859109283312725e2,2.073696411015,a107_x+030,grid_node,supported,false
source:bto-bfo-medium:370026,bto-bfo-medium,370026,11197,arc1-current-polar-best-glide-equal-feed,191,-38.782163736742,88.160048077395,1394239005.988088,3.7562455064358229e-4,1.8720493732713204e-176,-4.8196034471962923e2,1.085128745145,a114_x+030,grid_node,supported,false
source:bto-bfo-medium:370026,bto-bfo-medium,370026,11259,arc1-current-polar-best-glide-equal-feed,192,-37.805138626972,90.210581949474,1394239128.221483,6.6764283121309236e-4,6.6938121279556760e-78,-2.5560801905960369e2,0.875031135538,a092_x+040,grid_node,supported,false
source:bto-bfo-medium:370026,bto-bfo-medium,370026,11316,arc1-current-polar-best-glide-equal-feed,193,-38.272231777738,88.882936001862,1394239017.781276,7.6882051063411705e-5,3.9162636089694919e-49,-1.8720761595749718e2,0.837680055223,a105_x+025,grid_node,supported,false
source:bto-bfo-medium:370026,bto-bfo-medium,370026,11375,arc1-current-polar-best-glide-equal-feed,194,-38.695989892000,88.476097135393,1394239071.634618,4.0403194400617120e-4,1.8890673776023656e-110,-3.3005358291321880e2,0.663450976858,a111_x+035,grid_node,supported,false
source:bto-bfo-medium:370026,bto-bfo-medium,370026,11442,arc1-current-polar-best-glide-equal-feed,195,-38.243589623775,89.013016687398,1394238939.996500,4.3837776957412431e-4,3.9974368370441616e-45,-1.7971756884200190e2,2.441846956485,a104_x+030,grid_node,supported,false
source:bto-bfo-medium:370026,bto-bfo-medium,370026,11502,arc1-current-polar-best-glide-equal-feed,196,-38.066601156879,89.343155252032,1394238990.691916,2.9012680302240490e-4,2.6442874944623620e-37,-1.6129737686524533e2,2.201755984672,a100_x+030,grid_node,supported,false
source:bto-bfo-medium:370026,bto-bfo-medium,370026,11562,arc1-current-polar-best-glide-equal-feed,197,-37.974858543715,89.264763777733,1394238926.813761,1.2308630005757913e-4,1.9050292696100455e-13,-1.0550580656766603e2,1.887522400081,a100_x+020,grid_node,supported,false
source:bto-bfo-medium:370026,bto-bfo-medium,370026,11620,arc1-current-polar-best-glide-equal-feed,198,-38.442596800575,88.998939913314,1394239067.352078,6.1707152156718990e-4,8.6729334539537328e-50,-1.9079784450225770e2,2.956275127974,a105_x+035,grid_node,supported,false
source:bto-bfo-medium:370026,bto-bfo-medium,370026,11676,arc1-current-polar-best-glide-equal-feed,199,-38.026113070276,89.370463141914,1394238985.526280,2.3238539476737430e-4,1.4219629691144455e-71,-2.3998371248671029e2,2.368644032537,a100_x+025,grid_node,supported,false
source:bto-bfo-medium:370026,bto-bfo-medium,370026,11738,arc1-current-polar-best-glide-equal-feed,200,-38.195345874578,89.078002472492,1394238953.019547,3.3774200422097115e-4,1.1534725114034268e-40,-1.6918672105090940e2,2.098916011967,a103_x+025,grid_node,supported,false
source:bto-bfo-medium:370026,bto-bfo-medium,370026,11803,arc1-current-polar-best-glide-equal-feed,201,-37.502191089217,89.413831492899,1394238664.885172,2.2747584658879671e-5,1.4441603134143182e-10,-9.7186593842179036e1,2.524368873710,a096_x+005,grid_node,supported,false
source:bto-bfo-medium:370026,bto-bfo-medium,370026,11861,arc1-current-polar-best-glide-equal-feed,202,-38.087651367681,89.297395326923,1394239017.885582,1.8154491740715679e-4,4.7181121066442236e-48,-1.8557799081944603e2,2.495642778653,a101_x+030,grid_node,supported,false
source:bto-bfo-medium:370026,bto-bfo-medium,370026,11914,arc1-current-polar-best-glide-equal-feed,203,-37.843388164080,89.935144084293,1394239077.393149,3.9918570694875863e-4,6.8980465134876712e-55,-2.0210418059269742e2,0.976830664734,a094_x+035,grid_node,supported,false
source:bto-bfo-medium:370026,bto-bfo-medium,370026,11966,arc1-current-polar-best-glide-equal-feed,204,-38.794960741427,88.233363001326,1394238993.633717,6.6509398641825877e-4,2.3773542011182360e-155,-4.3393844158459672e2,2.330917014577,a114_x+035,grid_node,supported,false
source:bto-bfo-medium:370026,bto-bfo-medium,370026,12026,arc1-current-polar-best-glide-equal-feed,205,-38.189081528763,89.261421761946,1394239101.534765,1.2279796206161845e-4,2.7551814156100570e-49,-1.8802753868266777e2,2.484431339748,a102_x+030,grid_node,supported,false
source:bto-bfo-medium:370026,bto-bfo-medium,370026,12087,arc1-current-polar-best-glide-equal-feed,206,-38.261283555409,88.758674086093,1394238897.539529,1.6950137892132118e-4,5.0356058903219518e-46,-1.8083905348109414e2,1.368801869284,a106_x+020,grid_node,supported,false
source:bto-bfo-medium:370026,bto-bfo-medium,370026,12151,arc1-current-polar-best-glide-equal-feed,207,-37.839249883258,89.530455590258,1394238923.378765,1.7807564096905599e-4,9.5227256433331619e-32,-1.4801506226619924e2,2.487079341907,a097_x+025,grid_node,supported,false
source:bto-bfo-medium:370026,bto-bfo-medium,370026,12208,arc1-current-polar-best-glide-equal-feed,208,-38.409208775106,88.613856189342,1394238984.754515,1.0781660315419879e-4,8.6610018604320924e-60,-2.1208051883622826e2,0.996649221043,a108_x+025,grid_node,supported,false
source:bto-bfo-medium:370026,bto-bfo-medium,370026,12270,arc1-current-polar-best-glide-equal-feed,209,-38.083170613731,89.621702294463,1394239096.117732,4.8605774599554911e-4,1.4162227706678265e-81,-2.6375153865746205e2,2.393890750847,a098_x+035,grid_node,supported,false
source:bto-bfo-medium:370026,bto-bfo-medium,370026,12331,arc1-current-polar-best-glide-equal-feed,210,-38.136624083902,89.676739580534,1394239116.392367,7.1990680108192885e-4,3.4501817231906923e-89,-2.8167458013011202e2,1.614594582374,a098_x+040,grid_node,supported,false
source:bto-bfo-medium:370026,bto-bfo-medium,370026,12386,arc1-current-polar-best-glide-equal-feed,211,-38.090637450036,89.598887038152,1394239147.205956,2.2172545975823206e-4,6.4603979163676218e-82,-2.6375153865746205e2,2.980061165621,a098_x+035,grid_node,supported,false
source:bto-bfo-medium:370026,bto-bfo-medium,370026,12442,arc1-current-polar-best-glide-equal-feed,212,-38.138117451669,89.233833833202,1394238963.626052,4.1956142766493915e-4,9.4135751831876651e-49,-1.8802753868266777e2,2.818003793582,a102_x+030,grid_node,supported,false
source:bto-bfo-medium:370026,bto-bfo-medium,370026,12507,arc1-current-polar-best-glide-equal-feed,213,-37.521956887102,90.187586121488,1394239022.275238,1.3307637160979652e-4,7.0781908898981288e-39,-1.6413853545778548e2,1.667333889436,a090_x+025,grid_node,supported,false
source:bto-bfo-medium:370026,bto-bfo-medium,370026,12572,arc1-current-polar-best-glide-equal-feed,214,-38.513641563539,89.165579203474,1394239148.200444,8.3954111327561661e-4,1.1900741650964032e-54,-2.0230224683772846e2,1.586184109250,a105_x+045,grid_node,supported,false
source:bto-bfo-medium:370026,bto-bfo-medium,370026,12632,arc1-current-polar-best-glide-equal-feed,215,-38.446458000309,88.712315567953,1394238968.500075,4.3256334942298356e-4,3.4499418871891756e-65,-2.2590321444230148e2,1.839741647761,a108_x+030,grid_node,supported,false
source:bto-bfo-medium:370026,bto-bfo-medium,370026,12692,arc1-current-polar-best-glide-equal-feed,216,-37.947042885343,89.877016795877,1394239103.553463,5.3252571353531205e-4,2.2173895679068185e-77,-2.5418416470759121e2,2.706371966096,a095_x+040,grid_node,supported,false
source:bto-bfo-medium:370026,bto-bfo-medium,370026,12748,arc1-current-polar-best-glide-equal-feed,217,-38.581171341782,88.447641306225,1394238993.003930,2.7852199928007232e-4,1.9201601804653148e-141,-4.0104539854654831e2,2.663125861599,a111_x+030,grid_node,supported,false
source:bto-bfo-medium:370026,bto-bfo-medium,370026,12804,arc1-current-polar-best-glide-equal-feed,218,-38.494065029453,88.083458130328,1394238811.650063,7.6584687673627295e-5,1.1393265360382979e-166,-4.5784089725997109e2,1.219694038047,a113_x+015,grid_node,supported,false
source:bto-bfo-medium:370026,bto-bfo-medium,370026,12869,arc1-current-polar-best-glide-equal-feed,219,-38.361751960247,88.888366548030,1394238957.263003,5.5714599374777905e-4,1.2024175367602840e-56,-2.0648707037236599e2,1.281589136889,a106_x+030,grid_node,supported,false
source:bto-bfo-medium:370026,bto-bfo-medium,370026,12933,arc1-current-polar-best-glide-equal-feed,220,-38.993897851896,87.896036926850,1394239084.037279,2.7832306571018135e-4,7.4090813325626165e-187,-5.0561330047681156e2,2.458474340209,a118_x+035,grid_node,supported,false
source:bto-bfo-medium:370026,bto-bfo-medium,370026,12985,arc1-current-polar-best-glide-equal-feed,221,-38.160052686172,89.652742037825,1394239110.896402,7.9210458684444442e-4,2.2170093399067298e-68,-2.3385813261330085e2,2.589189128540,a099_x+040,grid_node,supported,false
source:bto-bfo-medium:370026,bto-bfo-medium,370026,13043,arc1-current-polar-best-glide-equal-feed,222,-37.521504151526,89.913655094571,1394238937.004366,3.7687594088153245e-5,3.1126811709215320e-24,-1.2915970073125106e2,1.435637343046,a092_x+020,grid_node,supported,false
source:bto-bfo-medium:370026,bto-bfo-medium,370026,13103,arc1-current-polar-best-glide-equal-feed,223,-38.207899099399,89.253211450483,1394239032.090788,4.3267818468718653e-4,8.9992841136346896e-53,-1.9731367112268248e2,2.588385139657,a102_x+035,grid_node,supported,false
source:bto-bfo-medium:370026,bto-bfo-medium,370026,13169,arc1-current-polar-best-glide-equal-feed,224,-38.229524954899,89.201472588578,1394239046.728025,3.3946498743001914e-4,7.6164751345643537e-49,-1.8802753868266777e2,2.935450289196,a102_x+030,grid_node,supported,false
source:bto-bfo-medium:370026,bto-bfo-medium,370026,13222,arc1-current-polar-best-glide-equal-feed,225,-37.939241449860,89.765372323308,1394239054.760036,4.7328808662530669e-4,1.2374445459006482e-78,-2.5695210511219045e2,0.975919735948,a096_x+035,grid_node,supported,false
source:bto-bfo-medium:370026,bto-bfo-medium,370026,13275,arc1-current-polar-best-glide-equal-feed,226,-37.735576087839,89.777215723160,1394238981.651473,1.3579718004931321e-4,7.8480436858109537e-37,-1.5945035859747921e2,2.209537946184,a095_x+025,grid_node,supported,false
source:bto-bfo-medium:370026,bto-bfo-medium,370026,13338,arc1-current-polar-best-glide-equal-feed,227,-37.688913916496,89.030462076499,1394238663.829296,9.5790386636762383e-6,1.1445687781789696e-5,-8.5041286746529650e1,1.256132749598,a100_x+000,grid_node,supported,false
source:bto-bfo-medium:370026,bto-bfo-medium,370026,13393,arc1-current-polar-best-glide-equal-feed,228,-38.058038894536,88.894703547288,1394238708.281223,4.2862423303988248e-4,1.0580762950619075e-35,-1.5799841842884888e2,2.242776461698,a104_x+015,grid_node,supported,false
source:bto-bfo-medium:370026,bto-bfo-medium,370026,13458,arc1-current-polar-best-glide-equal-feed,229,-38.483884777624,88.534509952450,1394238899.613834,4.8886407697438670e-4,9.9617771410516766e-104,-3.1476599067351987e2,1.637596605678,a109_x+025,grid_node,supported,false
source:bto-bfo-medium:370026,bto-bfo-medium,370026,13521,arc1-current-polar-best-glide-equal-feed,230,-38.415551428605,88.591674994517,1394238944.979488,1.8961301704044391e-4,1.5231779200098484e-59,-2.1208051883622826e2,2.095494441733,a108_x+025,grid_node,supported,false
source:bto-bfo-medium:370026,bto-bfo-medium,370026,13581,arc1-current-polar-best-glide-equal-feed,231,-38.758351271247,87.952896048976,1394238896.828815,3.2087905437940749e-4,4.2556161300653855e-188,-5.0861263420040655e2,2.355324927745,a116_x+025,grid_node,supported,false
source:bto-bfo-medium:370026,bto-bfo-medium,370026,13644,arc1-current-polar-best-glide-equal-feed,232,-38.079980205183,89.431757348152,1394239032.537476,3.5504690182048030e-4,3.2359853438257083e-37,-1.6129737686524533e2,2.079619219137,a100_x+030,grid_node,supported,false
source:bto-bfo-medium:370026,bto-bfo-medium,370026,13701,arc1-current-polar-best-glide-equal-feed,233,-37.918030474829,89.671150446292,1394238991.265011,4.6439188861955232e-4,2.4309922083052746e-57,-2.0790359158977330e2,1.627671856215,a097_x+030,grid_node,supported,false
source:bto-bfo-medium:370026,bto-bfo-medium,370026,13755,arc1-current-polar-best-glide-equal-feed,234,-38.258887344618,89.235113046372,1394239013.112785,7.0470656635594319e-4,1.4657209057040793e-52,-1.9731367112268248e2,1.826835368108,a102_x+035,grid_node,supported,false
source:bto-bfo-medium:370026,bto-bfo-medium,370026,13814,arc1-current-polar-best-glide-equal-feed,235,-38.018605142441,89.330263836966,1394238979.130433,1.6809523671156292e-4,1.0285723942661396e-71,-2.3998371248671029e2,0.575400225818,a100_x+025,grid_node,supported,false
source:bto-bfo-medium:370026,bto-bfo-medium,370026,13872,arc1-current-polar-best-glide-equal-feed,236,-38.185159781056,89.366000138863,1394239079.187472,3.6543529320588546e-4,2.1173206911586844e-57,-2.0780210005934345e2,0.679641439089,a101_x+035,grid_node,supported,false
source:bto-bfo-medium:370026,bto-bfo-medium,370026,13933,arc1-current-polar-best-glide-equal-feed,237,-38.541388050996,88.813317922199,1394239040.530074,7.1797830159983102e-4,1.8722811229966785e-87,-2.7767799689513566e2,2.576998855410,a108_x+035,grid_node,supported,false
source:bto-bfo-medium:370026,bto-bfo-medium,370026,13994,arc1-current-polar-best-glide-equal-feed,238,-37.984421189589,89.229007714035,1394238903.140039,1.4976414863771066e-4,6.3442434099341898e-38,-1.6206355939190055e2,2.647059168320,a101_x+020,grid_node,supported,false
source:bto-bfo-medium:370026,bto-bfo-medium,370026,14047,arc1-current-polar-best-glide-equal-feed,239,-37.340723163360,90.292409554348,1394238995.969451,3.4376937527232657e-5,2.8630425139866312e-39,-1.6369013166613178e2,1.422510557492,a088_x+020,grid_node,supported,false
source:bto-bfo-medium:370026,bto-bfo-medium,370026,14101,arc1-current-polar-best-glide-equal-feed,240,-37.670835358833,90.017622670731,1394239053.543432,1.3583003001605833e-4,3.2323894802288561e-60,-2.1329710025956146e2,2.218762306351,a092_x+030,grid_node,supported,false
source:bto-bfo-medium:370026,bto-bfo-medium,370026,14151,arc1-current-polar-best-glide-equal-feed,241,-37.881010921054,89.778807477620,1394239040.535151,3.5763514387979493e-4,5.8141384284357631e-40,-1.6762643641994413e2,2.691076039356,a096_x+030,grid_node,supported,false
source:bto-bfo-medium:370026,bto-bfo-medium,370026,14209,arc1-current-polar-best-glide-equal-feed,242,-37.736428599958,89.812017314166,1394239025.253367,9.1481584965591293e-5,1.1047394689524457e-32,-1.4950306313415925e2,1.829845073090,a094_x+025,grid_node,supported,false
source:bto-bfo-medium:370026,bto-bfo-medium,370026,14265,arc1-current-polar-best-glide-equal-feed,243,-37.894467071913,90.109673929914,1394239165.615829,5.4407861045356078e-4,4.7404499614295207e-72,-2.4193290037272126e2,2.463935729553,a093_x+040,grid_node,supported,false
source:bto-bfo-medium:370026,bto-bfo-medium,370026,14318,arc1-current-polar-best-glide-equal-feed,244,-38.004471175353,89.851969419580,1394239125.534669,5.7485913287027830e-4,2.1232435790441013e-105,-3.1877642687528567e2,0.388641437806,a096_x+040,grid_node,supported,false
source:bto-bfo-medium:370026,bto-bfo-medium,370026,14376,arc1-current-polar-best-glide-equal-feed,245,-38.580735005571,88.036792573989,1394238805.438788,2.1658952422377547e-4,3.9104408322164394e-157,-4.3692402545238696e2,2.669499069092,a114_x+015,grid_node,supported,false
source:bto-bfo-medium:370026,bto-bfo-medium,370026,14439,arc1-current-polar-best-glide-equal-feed,246,-37.894037581314,89.169125744057,1394238778.617679,1.7722929021525221e-4,3.0590153420917911e-15,-1.1000193962953652e2,1.716876497676,a100_x+015,grid_node,supported,false
source:bto-bfo-medium:370026,bto-bfo-medium,370026,14493,arc1-current-polar-best-glide-equal-feed,247,-38.268432762310,89.251585255316,1394239045.539759,6.1751753604028198e-4,1.2843762289508120e-52,-1.9731367112268248e2,1.520936360476,a102_x+035,grid_node,supported,false
source:bto-bfo-medium:370026,bto-bfo-medium,370026,14546,arc1-current-polar-best-glide-equal-feed,248,-37.712723664159,90.100706664138,1394239070.046817,3.3489720046528073e-4,9.7591573386549675e-68,-2.3151521588159665e2,1.882073778630,a092_x+035,grid_node,supported,false
source:bto-bfo-medium:370026,bto-bfo-medium,370026,14600,arc1-current-polar-best-glide-equal-feed,249,-38.662226812615,88.294618322863,1394239076.805333,5.8665993606417949e-5,3.4918135671167328e-152,-4.2421818511679504e2,2.262750475647,a112_x+030,grid_node,supported,false
source:bto-bfo-medium:370026,bto-bfo-medium,370026,14664,arc1-current-polar-best-glide-equal-feed,250,-38.028970520332,89.838029894629,1394239168.532561,3.8841530846376438e-4,1.4346128686872659e-105,-3.1877642687528567e2,1.224117430885,a096_x+040,grid_node,supported,false
source:bto-bfo-medium:370026,bto-bfo-medium,370026,14721,arc1-current-polar-best-glide-equal-feed,251,-37.513771034685,90.275131930059,1394239110.635584,5.0023608429789358e-5,1.3254810797287531e-47,-1.8325603095672281e2,1.678236972275,a089_x+030,grid_node,supported,false
source:bto-bfo-medium:370026,bto-bfo-medium,370026,14774,arc1-current-polar-best-glide-equal-feed,252,-37.919544146055,89.857569355282,1394239114.549019,3.1157806641660655e-4,3.8609255800045049e-81,-2.6230394750754471e2,1.638463804763,a095_x+035,grid_node,supported,false
source:bto-bfo-medium:370026,bto-bfo-medium,370026,14825,arc1-current-polar-best-glide-equal-feed,253,-38.517374512492,88.988354148948,1394239090.615528,7.6203811690637069e-4,7.7287411534345864e-47,-1.8421636194608013e2,0.411855113850,a106_x+040,grid_node,supported,false
source:bto-bfo-medium:370026,bto-bfo-medium,370026,14879,arc1-current-polar-best-glide-equal-feed,254,-37.952067029204,89.861182703671,1394239109.417062,4.7622377610789975e-4,1.9829533227991695e-77,-2.5418416470759121e2,3.372177772512,a095_x+040,grid_node,supported,false
source:bto-bfo-medium:370026,bto-bfo-medium,370026,14934,arc1-current-polar-best-glide-equal-feed,255,-38.518844262645,89.165950086840,1394239135.173154,9.0164685765047438e-4,1.2781108802921835e-54,-2.0230224683772846e2,1.428708209744,a105_x+045,grid_node,supported,false
source:bto-bfo-medium:370026,bto-bfo-medium,370026,14991,arc1-current-polar-best-glide-equal-feed,256,-38.993362034256,87.591227389663,1394238877.373653,5.8483654617885565e-4,4.8305974814832919e-190,-5.1369134190262980e2,1.124184409365,a120_x+025,grid_node,supported,false
source:bto-bfo-medium:370026,bto-bfo-medium,370026,15049,arc1-current-polar-best-glide-equal-feed,257,-38.297221204911,89.194226070708,1394239021.202597,7.2632850012501078e-4,1.0315629999210544e-54,-2.0230033428198271e2,0.408546714066,a103_x+035,grid_node,supported,false
source:bto-bfo-medium:370026,bto-bfo-medium,370026,15109,arc1-current-polar-best-glide-equal-feed,258,-38.070678689542,89.041507899210,1394238926.278009,6.9761966748597379e-5,5.9160407271972388e-34,-1.5215912670099760e2,2.434865339147,a103_x+020,grid_node,supported,false
source:bto-bfo-medium:370026,bto-bfo-medium,370026,15164,arc1-current-polar-best-glide-equal-feed,259,-38.338958653043,89.234164963731,1394239075.702245,7.0113607108493047e-4,6.6481596657189914e-68,-2.3263796022338332e2,1.694710773355,a103_x+040,grid_node,supported,false
source:bto-bfo-medium:370026,bto-bfo-medium,370026,15222,arc1-current-polar-best-glide-equal-feed,260,-38.921716181824,88.017103200553,1394239053.121637,4.0273918538157375e-4,5.6609858461740639e-181,-4.9243640494285944e2,1.686981509347,a116_x+035,grid_node,supported,false
source:bto-bfo-medium:370026,bto-bfo-medium,370026,15287,arc1-current-polar-best-glide-equal-feed,261,-38.687970191722,88.254743849542,1394238988.214837,2.9555863734617721e-4,2.6062569856651037e-105,-3.1790619892495533e2,1.792761127944,a113_x+030,grid_node,supported,false
source:bto-bfo-medium:370026,bto-bfo-medium,370026,15352,arc1-current-polar-best-glide-equal-feed,262,-38.104707022415,88.979659434580,1394238879.463882,1.5002916787640858e-4,1.2722959354384567e-33,-1.5215912670099760e2,1.136679735009,a103_x+020,grid_node,supported,false
source:bto-bfo-medium:370026,bto-bfo-medium,370026,15413,arc1-current-polar-best-glide-equal-feed,263,-37.794406072537,89.769228288860,1394238958.167076,3.6048596588680951e-4,2.0833345783572710e-36,-1.5945035859747921e2,2.390397561047,a095_x+025,grid_node,supported,false
source:bto-bfo-medium:370026,bto-bfo-medium,370026,15474,arc1-current-polar-best-glide-equal-feed,264,-38.291835221269,89.293748044511,1394239096.014060,5.4420963432059196e-4,7.0028972279146669e-56,-2.0470158778036651e2,2.362251476098,a102_x+040,grid_node,supported,false
source:bto-bfo-medium:370026,bto-bfo-medium,370026,15531,arc1-current-polar-best-glide-equal-feed,265,-38.398775465269,89.241609443202,1394239086.036546,8.7608701189169965e-4,8.3070413523385127e-68,-2.3263796022338332e2,2.031158834922,a103_x+040,grid_node,supported,false
source:bto-bfo-medium:370026,bto-bfo-medium,370026,15588,arc1-current-polar-best-glide-equal-feed,266,-37.855187222076,90.119451159735,1394239133.584880,5.9174332940444485e-4,5.1557432862742367e-72,-2.4193290037272126e2,0.538918789662,a093_x+040,grid_node,supported,false
source:bto-bfo-medium:370026,bto-bfo-medium,370026,15645,arc1-current-polar-best-glide-equal-feed,267,-38.329506889639,88.699758801978,1394238953.367994,1.1441722364093980e-4,2.0519533504374680e-60,-2.1357997700620948e2,1.964702229405,a107_x+025,grid_node,supported,false
source:bto-bfo-medium:370026,bto-bfo-medium,370026,15709,arc1-current-polar-best-glide-equal-feed,268,-38.168463134978,89.001854973608,1394238896.721339,3.1534402184150442e-4,2.7956097704817693e-45,-1.7974575510887684e2,2.833163217123,a104_x+025,grid_node,supported,false
source:bto-bfo-medium:370026,bto-bfo-medium,370026,15769,arc1-current-polar-best-glide-equal-feed,269,-37.896412639430,89.470868989082,1394238928.477676,2.1124454784294196e-4,1.0871762296997068e-42,-1.7338181863878640e2,1.299818104605,a098_x+025,grid_node,supported,false
source:bto-bfo-medium:370026,bto-bfo-medium,370026,15829,arc1-current-polar-best-glide-equal-feed,270,-38.286250593939,88.278528353028,1394238677.383936,1.4730099503346079e-4,3.2701564220118636e-119,-3.4921907832164032e2,0.964283822512,a110_x+010,grid_node,supported,false
source:bto-bfo-medium:370026,bto-bfo-medium,370026,15885,arc1-current-polar-best-glide-equal-feed,271,-38.007443431668,89.985942506893,1394239127.385460,8.8515610107950176e-4,1.7759702855073247e-92,-2.8945305765300662e2,1.241259159328,a095_x+045,grid_node,supported,false
source:bto-bfo-medium:370026,bto-bfo-medium,370026,15937,arc1-current-polar-best-glide-equal-feed,272,-37.777201957135,89.877107867244,1394239059.645338,1.5597237583815331e-4,5.7468807367173362e-83,-2.6581939640106884e2,0.729849261365,a094_x+030,grid_node,supported,false
source:bto-bfo-medium:370026,bto-bfo-medium,370026,16004,arc1-current-polar-best-glide-equal-feed,273,-38.169481977246,89.484162532658,1394239116.191508,3.8658795378684473e-4,4.6899590979215041e-64,-2.2318119349323791e2,2.216715136822,a100_x+035,grid_node,supported,false
source:bto-bfo-medium:370026,bto-bfo-medium,370026,16066,arc1-current-polar-best-glide-equal-feed,274,-37.925788684305,90.036445650907,1394239163.348190,4.9154696600454734e-4,1.2996811951266309e-86,-2.7536156848510115e2,1.344865481841,a094_x+040,grid_node,supported,false
source:bto-bfo-medium:370026,bto-bfo-medium,370026,16128,arc1-current-polar-best-glide-equal-feed,275,-38.769365563054,88.580832679766,1394239089.898176,8.4296432167076899e-4,1.1667254125237557e-128,-3.7271742750114174e2,1.582194115205,a111_x+040,grid_node,supported,false
source:bto-bfo-medium:370026,bto-bfo-medium,370026,16194,arc1-current-polar-best-glide-equal-feed,276,-38.520562765381,88.822936987546,1394239097.582932,3.3788015082154718e-4,7.1445562746193960e-74,-2.4565144942026046e2,1.987954463294,a107_x+035,grid_node,supported,false
source:bto-bfo-medium:370026,bto-bfo-medium,370026,16258,arc1-current-polar-best-glide-equal-feed,277,-37.651068971940,89.653123223927,1394238923.697477,2.7178134085564242e-5,9.6445056295326783e-13,-1.0237344257262629e2,2.233070437497,a095_x+015,grid_node,supported,false
source:bto-bfo-medium:370026,bto-bfo-medium,370026,16319,arc1-current-polar-best-glide-equal-feed,278,-38.097451661699,89.193415041188,1394238959.837112,2.2280333890525948e-4,1.5341472718709388e-42,-1.7309070069232942e2,2.354714461525,a102_x+025,grid_node,supported,false
source:bto-bfo-medium:370026,bto-bfo-medium,370026,16375,arc1-current-polar-best-glide-equal-feed,279,-38.061519825358,89.711044969146,1394239063.051835,7.9391057042173805e-4,6.3799917603634364e-86,-2.7424993401080098e2,2.540912490795,a097_x+040,grid_node,supported,false
source:bto-bfo-medium:370026,bto-bfo-medium,370026,16431,arc1-current-polar-best-glide-equal-feed,280,-38.273986039709,88.994788025861,1394238960.970845,4.2268093380832449e-4,3.8543020481240640e-45,-1.7971756884200190e2,2.091577875669,a104_x+030,grid_node,supported,false
source:bto-bfo-medium:370026,bto-bfo-medium,370026,16491,arc1-current-polar-best-glide-equal-feed,281,-37.676123344379,90.227158386002,1394239134.238953,2.0114760551679422e-4,1.7602152684756331e-70,-2.3732337138673219e2,0.914360125336,a091_x+035,grid_node,supported,false
source:bto-bfo-medium:370026,bto-bfo-medium,370026,16549,arc1-current-polar-best-glide-equal-feed,282,-37.914197080606,89.636578695134,1394238935.705586,6.2320697830948112e-4,3.2623552339281838e-57,-2.0790359158977330e2,0.769316738668,a097_x+030,grid_node,supported,false
source:bto-bfo-medium:370026,bto-bfo-medium,370026,16605,arc1-current-polar-best-glide-equal-feed,283,-37.903694241629,89.973924146691,1394239115.273126,5.2910902125421144e-4,1.3989976394027431e-86,-2.7536156848510115e2,2.150503306690,a094_x+040,grid_node,supported,false
source:bto-bfo-medium:370026,bto-bfo-medium,370026,16665,arc1-current-polar-best-glide-equal-feed,284,-38.945245963847,87.850331573347,1394238982.723804,4.6507762330956774e-4,7.4100876425403933e-189,-5.1073175662853436e2,2.142027971861,a118_x+030,grid_node,supported,false
source:bto-bfo-medium:370026,bto-bfo-medium,370026,16728,arc1-current-polar-best-glide-equal-feed,285,-37.694276922988,89.863050872681,1394238968.294220,1.9589339547157567e-4,2.3656254509141121e-32,-1.4950306313415925e2,1.845453248869,a094_x+025,grid_node,supported,false
source:bto-bfo-medium:370026,bto-bfo-medium,370026,16799,arc1-current-polar-best-glide-equal-feed,286,-37.893851321707,89.612683844036,1394238999.125237,2.2605884316550878e-4,1.1833696923247865e-57,-2.0790359158977330e2,2.335400629313,a097_x+030,grid_node,supported,false
source:bto-bfo-medium:370026,bto-bfo-medium,370026,16854,arc1-current-polar-best-glide-equal-feed,287,-38.495473491918,88.698474745517,1394238998.221445,4.5186194796757484e-4,3.6038593274250566e-65,-2.2590321444230148e2,1.260022817371,a108_x+030,grid_node,supported,false
source:bto-bfo-medium:370026,bto-bfo-medium,370026,16916,arc1-current-polar-best-glide-equal-feed,288,-38.568921174553,88.543867133317,1394239029.656110,2.7925592327127558e-4,1.6889225876491019e-115,-3.4130913553586254e2,1.403634615888,a110_x+030,grid_node,supported,false
source:bto-bfo-medium:370026,bto-bfo-medium,370026,16979,arc1-current-polar-best-glide-equal-feed,289,-38.277587219602,89.375789463928,1394239080.367569,7.5770492180056187e-4,1.6493836276011788e-37,-1.6272935280231178e2,2.480920187391,a101_x+040,grid_node,supported,false
source:bto-bfo-medium:370026,bto-bfo-medium,370026,17035,arc1-current-polar-best-glide-equal-feed,290,-37.769565844270,90.035425856668,1394239101.382719,2.5888359750176314e-4,3.6247216660800929e-74,-2.4606370990414865e2,1.159450920123,a093_x+035,grid_node,supported,false
source:bto-bfo-medium:370026,bto-bfo-medium,370026,17090,arc1-current-polar-best-glide-equal-feed,291,-38.202808863814,89.060572722756,1394238951.843504,3.4043345206915778e-4,1.1626644717458209e-40,-1.6918672105090940e2,2.410296751271,a103_x+025,grid_node,supported,false
source:bto-bfo-medium:370026,bto-bfo-medium,370026,17146,arc1-current-polar-best-glide-equal-feed,292,-38.513917545701,88.688735575742,1394239070.536604,2.0104322957169388e-4,1.6034355655891614e-65,-2.2590321444230148e2,2.393527647577,a108_x+030,grid_node,supported,false
source:bto-bfo-medium:370026,bto-bfo-medium,370026,17205,arc1-current-polar-best-glide-equal-feed,293,-38.153108044210,89.488979721277,1394239074.997611,5.5434351265450186e-4,6.7251148802768416e-64,-2.2318119349323791e2,1.880190135045,a100_x+035,grid_node,supported,false
source:bto-bfo-medium:370026,bto-bfo-medium,370026,17266,arc1-current-polar-best-glide-equal-feed,294,-38.152247526126,89.270467060535,1394238958.636074,6.0256171599395699e-4,1.5659781435001347e-47,-1.8557799081944603e2,1.963561725755,a101_x+030,grid_node,supported,false
source:bto-bfo-medium:370026,bto-bfo-medium,370026,17325,arc1-current-polar-best-glide-equal-feed,295,-37.676572336567,90.101564500937,1394239021.471551,4.3166703261244698e-4,1.0272514664195142e-59,-2.1329710025956146e2,1.825457346057,a092_x+030,grid_node,supported,false
source:bto-bfo-medium:370026,bto-bfo-medium,370026,17379,arc1-current-polar-best-glide-equal-feed,296,-38.311052812856,88.988994138729,1394239048.545732,1.9338818215848002e-4,1.2434979672062625e-61,-2.1690827379456579e2,1.941647946437,a105_x+030,grid_node,supported,false
source:bto-bfo-medium:370026,bto-bfo-medium,370026,17447,arc1-current-polar-best-glide-equal-feed,297,-38.291066333362,89.274351044959,1394239030.954061,8.2718773463727273e-4,1.7204697862677170e-52,-1.9731367112268248e2,2.557168985499,a102_x+035,grid_node,supported,false
source:bto-bfo-medium:370026,bto-bfo-medium,370026,17507,arc1-current-polar-best-glide-equal-feed,298,-38.689305972374,88.039542459077,1394238924.035159,1.6916031654895964e-4,2.2267861974588848e-150,-4.2112186345007211e2,3.225166157112,a114_x+025,grid_node,supported,false
source:bto-bfo-medium:370026,bto-bfo-medium,370026,17566,arc1-current-polar-best-glide-equal-feed,299,-37.829150158914,89.564813995307,1394238933.074829,1.7334015829003225e-4,9.2694922302976264e-32,-1.4801506226619924e2,1.939606235633,a097_x+025,grid_node,supported,false
source:bto-bfo-medium:370026,bto-bfo-medium,370026,17621,arc1-current-polar-best-glide-equal-feed,300,-37.989732711818,89.677884632294,1394239045.236979,5.0346903124080247e-4,1.4620098234863886e-85,-2.7296525502327205e2,1.150335793219,a097_x+035,grid_node,supported,false
source:bto-bfo-medium:370026,bto-bfo-medium,370026,17673,arc1-current-polar-best-glide-equal-feed,301,-37.849117760062,89.839152480249,1394238995.624177,5.8501154288667417e-4,4.2852534050719394e-75,-2.4901414586101004e2,2.060861297688,a095_x+030,grid_node,supported,false
source:bto-bfo-medium:370026,bto-bfo-medium,370026,17726,arc1-current-polar-best-glide-equal-feed,302,-37.978527986635,89.570610886566,1394238995.664985,4.4006954198258123e-4,5.7958710499432783e-50,-1.9086285363398414e2,0.741087792382,a098_x+030,grid_node,supported,false
source:bto-bfo-medium:370026,bto-bfo-medium,370026,17791,arc1-current-polar-best-glide-equal-feed,303,-38.575629146817,88.879789903132,1394239148.209306,4.2752211621559726e-4,1.4237160165656099e-89,-2.8203862092681055e2,1.598426116614,a107_x+040,grid_node,supported,false
source:bto-bfo-medium:370026,bto-bfo-medium,370026,17854,arc1-current-polar-best-glide-equal-feed,304,-37.989112195293,89.897561530158,1394239105.127075,7.3449013539468914e-4,3.0583514045593649e-77,-2.5418416470759121e2,2.363066628747,a095_x+040,grid_node,supported,false
source:bto-bfo-medium:370026,bto-bfo-medium,370026,17914,arc1-current-polar-best-glide-equal-feed,305,-37.714540078673,89.738882831061,1394238984.425087,6.4604075714902982e-5,3.7336239847387722e-37,-1.5945035859747921e2,2.763380441982,a095_x+025,grid_node,supported,false
source:bto-bfo-medium:370026,bto-bfo-medium,370026,17969,arc1-current-polar-best-glide-equal-feed,306,-38.763797234521,87.932478078852,1394238967.466856,1.0403011593760499e-4,1.3796856895282530e-188,-5.0861263420040655e2,1.792770598394,a116_x+025,grid_node,supported,false
source:bto-bfo-medium:370026,bto-bfo-medium,370026,18031,arc1-current-polar-best-glide-equal-feed,307,-38.066565915628,89.634109828462,1394239074.127592,5.6565934444241018e-4,1.6481573447606269e-81,-2.6375153865746205e2,1.581186837788,a098_x+035,grid_node,supported,false
source:bto-bfo-medium:370026,bto-bfo-medium,370026,18097,arc1-current-polar-best-glide-equal-feed,308,-37.663285305043,89.290638455754,1394238712.200262,4.5693373345223963e-5,1.4849641339805371e-17,-1.1397432124113355e2,2.693430397813,a098_x+005,grid_node,supported,false
source:bto-bfo-medium:370026,bto-bfo-medium,370026,18157,arc1-current-polar-best-glide-equal-feed,309,-38.152978337691,89.375028996744,1394239097.895667,2.0606089414130184e-4,1.1939103937567593e-57,-2.0780210005934345e2,2.658080951493,a101_x+035,grid_node,supported,false
source:bto-bfo-medium:370026,bto-bfo-medium,370026,18216,arc1-current-polar-best-glide-equal-feed,310,-37.774280940309,89.955291120715,1394239059.569585,2.7840704142645828e-4,1.0258047649414322e-82,-2.6581939640106884e2,2.989132806250,a094_x+030,grid_node,supported,false
source:bto-bfo-medium:370026,bto-bfo-medium,370026,18276,arc1-current-polar-best-glide-equal-feed,311,-38.432768872479,88.701900948530,1394238966.936671,3.5785811132665434e-4,2.8541245798634231e-65,-2.2590321444230148e2,2.519862488265,a108_x+030,grid_node,supported,false
source:bto-bfo-medium:370026,bto-bfo-medium,370026,18336,arc1-current-polar-best-glide-equal-feed,312,-38.973892185453,87.887033732248,1394239011.015645,5.3957759690685431e-4,1.2198618687609747e-175,-4.8044825224545491e2,3.295482404761,a117_x+035,grid_node,supported,false
source:bto-bfo-medium:370026,bto-bfo-medium,370026,18394,arc1-current-polar-best-glide-equal-feed,313,-38.060045235182,89.584061712719,1394239102.820796,2.8483029489905149e-4,8.2990787151400616e-82,-2.6375153865746205e2,1.899265772531,a098_x+035,grid_node,supported,false
source:bto-bfo-medium:370026,bto-bfo-medium,370026,18451,arc1-current-polar-best-glide-equal-feed,314,-38.185360838077,89.654089098268,1394239138.011514,7.4583330018187718e-4,1.0618984214434976e-74,-2.4834955272470131e2,2.487061034287,a099_x+045,grid_node,supported,false
source:bto-bfo-medium:370026,bto-bfo-medium,370026,18506,arc1-current-polar-best-glide-equal-feed,315,-37.528845518460,90.274422994861,1394239060.178255,1.6352636740366049e-4,4.3329762253066039e-47,-1.8325603095672281e2,1.872180858441,a089_x+030,grid_node,supported,false
source:bto-bfo-medium:370026,bto-bfo-medium,370026,18572,arc1-current-polar-best-glide-equal-feed,316,-38.008045787441,89.859128672352,1394239124.020281,6.1374456026125422e-4,2.2668669979050632e-105,-3.1877642687528567e2,0.533274878496,a096_x+040,grid_node,supported,false
source:bto-bfo-medium:370026,bto-bfo-medium,370026,18629,arc1-current-polar-best-glide-equal-feed,317,-38.663217984816,88.511253100677,1394239054.634552,4.3564042606616460e-4,2.0368540890267726e-110,-3.3005358291321880e2,1.984948758109,a111_x+035,grid_node,supported,false
source:bto-bfo-medium:370026,bto-bfo-medium,370026,18685,arc1-current-polar-best-glide-equal-feed,318,-38.102474038933,89.288661835404,1394238959.753446,4.3860468510032564e-4,1.1398755219137770e-47,-1.8557799081944603e2,1.688877868775,a101_x+030,grid_node,supported,false
source:bto-bfo-medium:370026,bto-bfo-medium,370026,18744,arc1-current-polar-best-glide-equal-feed,319,-38.115187935596,89.341557815059,1394239066.731137,1.6648202270160445e-4,4.3266474108191957e-48,-1.8557799081944603e2,2.137944365257,a101_x+030,grid_node,supported,false
source:bto-bfo-medium:370026,bto-bfo-medium,370026,18801,arc1-current-polar-best-glide-equal-feed,320,-37.747704816122,89.775966373233,1394238955.291691,2.3629762242476893e-4,1.3656204517423713e-36,-1.5945035859747921e2,1.745521712775,a095_x+025,grid_node,supported,false
source:bto-bfo-medium:370026,bto-bfo-medium,370026,18862,arc1-current-polar-best-glide-equal-feed,321,-37.878332491974,89.808599766255,1394239089.381438,2.0807404040458442e-4,2.5783534584837943e-81,-2.6230394750754471e2,2.995332775880,a095_x+035,grid_node,supported,false
source:bto-bfo-medium:370026,bto-bfo-medium,370026,18917,arc1-current-polar-best-glide-equal-feed,322,-37.922221685493,89.877743511750,1394239089.971621,4.9475361991432550e-4,6.1307489609135017e-81,-2.6230394750754471e2,1.763996990624,a095_x+035,grid_node,supported,false
source:bto-bfo-medium:370026,bto-bfo-medium,370026,18967,arc1-current-polar-best-glide-equal-feed,323,-37.697314154601,90.153250376251,1394239105.832995,2.4310463346868653e-4,7.0842526138787603e-68,-2.3151521588159665e2,2.543091193654,a092_x+035,grid_node,supported,false
source:bto-bfo-medium:370026,bto-bfo-medium,370026,19019,arc1-current-polar-best-glide-equal-feed,324,-37.849288659677,89.851964363892,1394239064.059533,2.9970935901668395e-4,2.1953935215034447e-75,-2.4901414586101004e2,2.561919453499,a095_x+030,grid_node,supported,false
source:bto-bfo-medium:370026,bto-bfo-medium,370026,19073,arc1-current-polar-best-glide-equal-feed,325,-38.329732129105,89.262795949230,1394239117.869025,4.9684722332269218e-4,4.7110964709133014e-68,-2.3263796022338332e2,2.253441891707,a103_x+040,grid_node,supported,false
source:bto-bfo-medium:370026,bto-bfo-medium,370026,19138,arc1-current-polar-best-glide-equal-feed,326,-39.058060048565,87.289212928135,1394238914.416817,1.2719239865476538e-4,1.5306814052771372e-217,-5.7548476506663565e2,1.994919719773,a123_x+020,grid_node,supported,false
source:bto-bfo-medium:370026,bto-bfo-medium,370026,19196,arc1-current-polar-best-glide-equal-feed,327,-37.954478718050,90.069513282744,1394239149.656349,7.6961242308702410e-4,6.0420803879718844e-102,-3.1111463013513821e2,1.345176589354,a094_x+045,grid_node,supported,false
source:bto-bfo-medium:370026,bto-bfo-medium,370026,19259,arc1-current-polar-best-glide-equal-feed,328,-37.770904651714,89.289704851771,1394238772.700524,9.1212471032293919e-5,4.0444207844397338e-24,-1.2978170751207250e2,3.389204210942,a099_x+015,grid_node,supported,false
source:bto-bfo-medium:370026,bto-bfo-medium,370026,19319,arc1-current-polar-best-glide-equal-feed,329,-37.843838676688,89.708818644600,1394238980.407250,3.2316226435897503e-4,5.2537066672097600e-40,-1.6762643641994413e2,2.090009852505,a096_x+030,grid_node,supported,false
source:bto-bfo-medium:370026,bto-bfo-medium,370026,19377,arc1-current-polar-best-glide-equal-feed,330,-37.832541608330,89.802425088348,1394238963.776492,5.7341222890332948e-4,4.2002875606401142e-75,-2.4901414586101004e2,0.365174667435,a095_x+030,grid_node,supported,false
source:bto-bfo-medium:370026,bto-bfo-medium,370026,19439,arc1-current-polar-best-glide-equal-feed,331,-38.577718225942,88.834698201820,1394239126.414335,4.5324680265317562e-4,6.8030565831052659e-94,-2.9204587552407565e2,2.036599106309,a108_x+040,grid_node,supported,false
source:bto-bfo-medium:370026,bto-bfo-medium,370026,19498,arc1-current-polar-best-glide-equal-feed,332,-37.765350358184,90.100744659345,1394239094.641192,4.0623541894564767e-4,1.1838006900376736e-67,-2.3151521588159665e2,2.256155129933,a092_x+035,grid_node,supported,false
source:bto-bfo-medium:370026,bto-bfo-medium,370026,19562,arc1-current-polar-best-glide-equal-feed,333,-38.161390018588,89.525132304908,1394239080.679094,6.5263426247604722e-4,2.1559177569305315e-55,-2.0375879248876291e2,2.945565339707,a100_x+040,grid_node,supported,false
source:bto-bfo-medium:370026,bto-bfo-medium,370026,19620,arc1-current-polar-best-glide-equal-feed,334,-37.951362706420,89.856387255356,1394239147.449911,2.6570853316078220e-4,6.9471339856347438e-79,-2.5695210511219045e2,3.401279771810,a096_x+035,grid_node,supported,false
source:bto-bfo-medium:370026,bto-bfo-medium,370026,19675,arc1-current-polar-best-glide-equal-feed,335,-38.269269988548,89.402399175533,1394239114.414109,6.0425074950263722e-4,1.3153422454047533e-37,-1.6272935280231178e2,1.131565117659,a101_x+040,grid_node,supported,false
source:bto-bfo-medium:370026,bto-bfo-medium,370026,19733,arc1-current-polar-best-glide-equal-feed,336,-38.534546503405,88.697971279576,1394239069.902916,2.7710737004204249e-4,7.2261640333268645e-88,-2.7767799689513566e2,2.876467442363,a108_x+035,grid_node,supported,false
source:bto-bfo-medium:370026,bto-bfo-medium,370026,19788,arc1-current-polar-best-glide-equal-feed,337,-37.970231094378,89.967940699747,1394239136.609064,6.6346948773043197e-4,2.7626277629886099e-77,-2.5418416470759121e2,1.818063816686,a095_x+040,grid_node,supported,false
source:bto-bfo-medium:370026,bto-bfo-medium,370026,19848,arc1-current-polar-best-glide-equal-feed,338,-37.780308003295,89.770322526453,1394239020.326077,1.3647905916248123e-4,7.8874511099316815e-37,-1.5945035859747921e2,1.764149052037,a095_x+025,grid_node,supported,false
source:bto-bfo-medium:370026,bto-bfo-medium,370026,19901,arc1-current-polar-best-glide-equal-feed,339,-38.826520869893,88.511717130881,1394239110.106421,8.1339329069527681e-4,2.1175579623555616e-133,-3.8359858058899221e2,2.566805207420,a112_x+040,grid_node,supported,false
source:bto-bfo-medium:370026,bto-bfo-medium,370026,19959,arc1-current-polar-best-glide-equal-feed,340,-37.984005615920,89.993917502624,1394239149.335330,7.0824885598042844e-4,1.4210249711116727e-92,-2.8945305765300662e2,2.580100371553,a095_x+045,grid_node,supported,false
source:bto-bfo-medium:370026,bto-bfo-medium,370026,20021,arc1-current-polar-best-glide-equal-feed,341,-38.129687696483,89.529573869484,1394239137.230109,2.4771365195989275e-4,2.5613714206460924e-73,-2.4406425440819592e2,2.199011490414,a099_x+035,grid_node,supported,false
source:bto-bfo-medium:370026,bto-bfo-medium,370026,20077,arc1-current-polar-best-glide-equal-feed,342,-38.050967801271,89.051173364833,1394238826.875628,2.6749892340082365e-4,2.2228566376851833e-37,-1.6138978283600213e2,1.682452458021,a102_x+020,grid_node,supported,false
source:bto-bfo-medium:370026,bto-bfo-medium,370026,20142,arc1-current-polar-best-glide-equal-feed,343,-37.816814505180,89.796506738993,1394239035.303092,2.0488205228112212e-4,1.5007763912546283e-75,-2.4901414586101004e2,0.758669537422,a095_x+030,grid_node,supported,false
source:bto-bfo-medium:370026,bto-bfo-medium,370026,20203,arc1-current-polar-best-glide-equal-feed,344,-37.908918599697,89.569446308135,1394239007.006527,1.7681864080034142e-4,9.4555066364261894e-32,-1.4801506226619924e2,2.933477286043,a097_x+025,grid_node,supported,false
source:bto-bfo-medium:370026,bto-bfo-medium,370026,20263,arc1-current-polar-best-glide-equal-feed,345,-37.821490103784,89.536239773138,1394238894.553122,2.2237317805792278e-4,2.6872260989246763e-20,-1.2187136133714279e2,2.010286503569,a097_x+020,grid_node,supported,false
source:bto-bfo-medium:370026,bto-bfo-medium,370026,20327,arc1-current-polar-best-glide-equal-feed,346,-38.667213259750,88.512385852070,1394239042.865372,5.1765916789734247e-4,2.4203359692191522e-110,-3.3005358291321880e2,1.817238464151,a111_x+035,grid_node,supported,false
source:bto-bfo-medium:370026,bto-bfo-medium,370026,20382,arc1-current-polar-best-glide-equal-feed,347,-37.923165464249,89.891881844849,1394239079.766751,5.9225713886893946e-4,7.3389656842595594e-81,-2.6230394750754471e2,2.080697146353,a095_x+035,grid_node,supported,false
source:bto-bfo-medium:370026,bto-bfo-medium,370026,20433,arc1-current-polar-best-glide-equal-feed,348,-37.779431903844,89.924483072970,1394239075.700268,1.8852582475436470e-4,6.9463289562174733e-83,-2.6581939640106884e2,1.545052695945,a094_x+030,grid_node,supported,false
source:bto-bfo-medium:370026,bto-bfo-medium,370026,20496,arc1-current-polar-best-glide-equal-feed,349,-38.429108059801,88.653865602847,1394238956.855835,2.9532339598070065e-4,2.3723586230589270e-59,-2.1208051883622826e2,1.603245628184,a108_x+025,grid_node,supported,false
source:bto-bfo-medium:370026,bto-bfo-medium,370026,20557,arc1-current-polar-best-glide-equal-feed,350,-38.668613036865,88.271227046461,1394238977.876817,2.9846090214153862e-4,2.6318493620716959e-105,-3.1790619892495533e2,3.050725406756,a113_x+030,grid_node,supported,false
source:bto-bfo-medium:370026,bto-bfo-medium,370026,20614,arc1-current-polar-best-glide-equal-feed,351,-38.143981521546,89.700990270744,1394239135.815092,7.0764927537806202e-4,3.3914370480584654e-89,-2.8167458013011202e2,2.242948590333,a098_x+040,grid_node,supported,false
source:bto-bfo-medium:370026,bto-bfo-medium,370026,20675,arc1-current-polar-best-glide-equal-feed,352,-37.552919279380,90.042908720552,1394239034.871231,3.9193149199547711e-5,2.5230492015686271e-52,-1.9388127062720761e2,1.857984749647,a091_x+025,grid_node,supported,false
source:bto-bfo-medium:370026,bto-bfo-medium,370026,20731,arc1-current-polar-best-glide-equal-feed,353,-38.150307440990,89.133130681669,1394238882.596109,6.0660199403282699e-4,4.1768529988353027e-42,-1.7309070069232942e2,2.312583980329,a102_x+025,grid_node,supported,false
source:bto-bfo-medium:370026,bto-bfo-medium,370026,20793,arc1-current-polar-best-glide-equal-feed,354,-38.531473581750,88.525997493986,1394239011.901278,2.0333752174299188e-4,1.2297727810583647e-115,-3.4130913553586254e2,2.689396096976,a110_x+030,grid_node,supported,false
source:bto-bfo-medium:370026,bto-bfo-medium,370026,20856,arc1-current-polar-best-glide-equal-feed,355,-38.383373901094,89.276709506027,1394239144.011353,6.0401974067207328e-4,5.7273043605077908e-68,-2.3263796022338332e2,1.761417365123,a103_x+040,grid_node,supported,false
source:bto-bfo-medium:370026,bto-bfo-medium,370026,20914,arc1-current-polar-best-glide-equal-feed,356,-38.303047327480,88.416703990058,1394238768.029319,1.4728751644592779e-4,1.0221597710083774e-76,-2.5137074782296867e2,1.154353073392,a109_x+015,grid_node,supported,false
source:bto-bfo-medium:370026,bto-bfo-medium,370026,20977,arc1-current-polar-best-glide-equal-feed,357,-38.589269952002,88.808027265176,1394239132.569569,3.9543608676791256e-4,5.9353404316065426e-94,-2.9204587552407565e2,1.354440275776,a108_x+040,grid_node,supported,false
source:bto-bfo-medium:370026,bto-bfo-medium,370026,21039,arc1-current-polar-best-glide-equal-feed,358,-37.785907040657,89.885170804954,1394239017.013626,3.5298195760752218e-4,1.3005797992641866e-82,-2.6581939640106884e2,0.714953964816,a094_x+030,grid_node,supported,false
source:bto-bfo-medium:370026,bto-bfo-medium,370026,21098,arc1-current-polar-best-glide-equal-feed,359,-38.163600323460,89.265100909959,1394239046.721156,2.4119740902705535e-4,6.2684014065211340e-48,-1.8557799081944603e2,2.641593864034,a101_x+030,grid_node,supported,false
source:bto-bfo-medium:370026,bto-bfo-medium,370026,21153,arc1-current-polar-best-glide-equal-feed,360,-37.791843031821,89.209113330377,1394238713.920077,1.5511786854330615e-4,6.4193245209677610e-13,-1.0452229057769991e2,1.939723494188,a099_x+010,grid_node,supported,false
source:bto-bfo-medium:370026,bto-bfo-medium,370026,21213,arc1-current-polar-best-glide-equal-feed,361,-38.731253636954,88.253496193519,1394238967.671428,5.5589679939110600e-4,4.9019373269915382e-105,-3.1790619892495533e2,0.809289808869,a113_x+030,grid_node,supported,false
source:bto-bfo-medium:370026,bto-bfo-medium,370026,21273,arc1-current-polar-best-glide-equal-feed,362,-38.045125458134,89.687641422508,1394239058.844074,6.9381635795099316e-4,2.0147541717113970e-85,-2.7296525502327205e2,3.170278017773,a097_x+035,grid_node,supported,false
source:bto-bfo-medium:370026,bto-bfo-medium,370026,21325,arc1-current-polar-best-glide-equal-feed,363,-38.019872174946,89.778582643316,1394239059.435474,8.0869543904162446e-4,6.4988053188259634e-86,-2.7424993401080098e2,2.502086303928,a097_x+040,grid_node,supported,false
source:bto-bfo-medium:370026,bto-bfo-medium,370026,21382,arc1-current-polar-best-glide-equal-feed,364,-37.870407015174,89.632340077608,1394238986.785788,2.3059198096973805e-4,1.2331075482183105e-31,-1.4801506226619924e2,2.755446237195,a097_x+025,grid_node,supported,false
source:bto-bfo-medium:370026,bto-bfo-medium,370026,21436,arc1-current-polar-best-glide-equal-feed,365,-37.794269820734,89.704243100095,1394238965.160811,2.1402602841223575e-4,1.6530762255849688e-22,-1.2692414374632884e2,2.342254710839,a096_x+025,grid_node,supported,false
source:bto-bfo-medium:370026,bto-bfo-medium,370026,21494,arc1-current-polar-best-glide-equal-feed,366,-38.342036499621,89.071109951012,1394239026.279608,5.7702873398430947e-4,3.5152914947337881e-52,-1.9623900644526350e2,1.408644773468,a104_x+035,grid_node,supported,false
source:bto-bfo-medium:370026,bto-bfo-medium,370026,21550,arc1-current-polar-best-glide-equal-feed,367,-38.203717448134,89.270393216703,1394239001.894320,6.0706152349501339e-4,1.2626287429622176e-52,-1.9731367112268248e2,2.691267253759,a102_x+035,grid_node,supported,false
source:bto-bfo-medium:370026,bto-bfo-medium,370026,21615,arc1-current-polar-best-glide-equal-feed,368,-38.093424542888,89.547464459292,1394239079.083122,4.2952747097852145e-4,4.4413353072882251e-73,-2.4406425440819592e2,0.602498614198,a099_x+035,grid_node,supported,false
source:bto-bfo-medium:370026,bto-bfo-medium,370026,21679,arc1-current-polar-best-glide-equal-feed,369,-37.754649705959,89.912391208013,1394239025.119518,2.6977611136329613e-4,9.9400366846305764e-83,-2.6581939640106884e2,1.569527989041,a094_x+030,grid_node,supported,false
source:bto-bfo-medium:370026,bto-bfo-medium,370026,21731,arc1-current-polar-best-glide-equal-feed,370,-37.981650253124,89.463163494887,1394239002.869440,2.0946138260267966e-4,7.6441003717210928e-72,-2.4050054392561012e2,2.734843326647,a099_x+030,grid_node,supported,false
source:bto-bfo-medium:370026,bto-bfo-medium,370026,21789,arc1-current-polar-best-glide-equal-feed,371,-38.549014539175,88.719222941097,1394239004.062809,7.0968389373335351e-4,1.8506516904076701e-87,-2.7767799689513566e2,1.887996346947,a108_x+035,grid_node,supported,false
source:bto-bfo-medium:370026,bto-bfo-medium,370026,21846,arc1-current-polar-best-glide-equal-feed,372,-37.922434786277,89.660569852488,1394238995.106718,4.4732082074620610e-4,2.3416288193129903e-57,-2.0790359158977330e2,1.071018448588,a097_x+030,grid_node,supported,false
source:bto-bfo-medium:370026,bto-bfo-medium,370026,21905,arc1-current-polar-best-glide-equal-feed,373,-38.244776305967,88.853724584020,1394238916.532126,2.1115785042842718e-4,1.0756084078701555e-48,-1.8720761595749718e2,2.014344221266,a105_x+025,grid_node,supported,false
source:bto-bfo-medium:370026,bto-bfo-medium,370026,21966,arc1-current-polar-best-glide-equal-feed,374,-38.563160641658,88.647476672695,1394239022.699552,5.1364647760589373e-4,6.9435045779882209e-119,-3.4971516667487350e2,2.056961745657,a109_x+035,grid_node,supported,false
source:bto-bfo-medium:370026,bto-bfo-medium,370026,22035,arc1-current-polar-best-glide-equal-feed,375,-38.491811579379,87.857701154399,1394238666.749879,1.1521693346719183e-4,1.8103413346338562e-191,-5.1535086607705284e2,2.993756481779,a115_x+010,grid_node,supported,false
source:bto-bfo-medium:370026,bto-bfo-medium,370026,22101,arc1-current-polar-best-glide-equal-feed,376,-38.611366684723,88.917666712347,1394239112.661380,8.5177094920761644e-4,2.1643899058211951e-79,-2.5928321347120897e2,2.603231108970,a107_x+045,grid_node,supported,false
source:bto-bfo-medium:370026,bto-bfo-medium,370026,22157,arc1-current-polar-best-glide-equal-feed,377,-38.267574839451,88.611885912974,1394238871.876372,8.0564115120353906e-5,2.8345285480914100e-50,-1.8988024434785780e2,2.611976660580,a107_x+020,grid_node,supported,false
source:bto-bfo-medium:370026,bto-bfo-medium,370026,22216,arc1-current-polar-best-glide-equal-feed,378,-38.726877579151,88.274404074730,1394238988.875413,4.8395414290823059e-4,4.2675418895602790e-105,-3.1790619892495533e2,1.057316929756,a113_x+030,grid_node,supported,false
source:bto-bfo-medium:370026,bto-bfo-medium,370026,22280,arc1-current-polar-best-glide-equal-feed,379,-38.371734891496,89.015779162239,1394239039.884373,4.9006282709242231e-4,6.8878276489482412e-50,-1.9079784450225770e2,1.401931410632,a105_x+035,grid_node,supported,false
source:bto-bfo-medium:370026,bto-bfo-medium,370026,22334,arc1-current-polar-best-glide-equal-feed,380,-38.044642770617,89.456285302559,1394239035.718356,2.6810333957832640e-4,9.7841846180200171e-72,-2.4050054392561012e2,1.295300640589,a099_x+030,grid_node,supported,false
source:bto-bfo-medium:370026,bto-bfo-medium,370026,22386,arc1-current-polar-best-glide-equal-feed,381,-37.767647837079,89.999404641708,1394239074.216678,2.9396237690506574e-4,4.1158721790896899e-74,-2.4606370990414865e2,2.439656433614,a093_x+035,grid_node,supported,false
source:bto-bfo-medium:370026,bto-bfo-medium,370026,22445,arc1-current-polar-best-glide-equal-feed,382,-38.346110820332,88.910720326532,1394239004.382941,3.3143001292363944e-4,2.1311154732503605e-61,-2.1690827379456579e2,2.304182858686,a105_x+030,grid_node,supported,false
source:bto-bfo-medium:370026,bto-bfo-medium,370026,22505,arc1-current-polar-best-glide-equal-feed,383,-37.781102411286,90.022392846263,1394239099.582992,2.7100374760984943e-4,3.7944202144503054e-74,-2.4606370990414865e2,1.105514080372,a093_x+035,grid_node,supported,false
source:bto-bfo-medium:370026,bto-bfo-medium,370026,22562,arc1-current-polar-best-glide-equal-feed,384,-37.788101180134,89.015138092925,1394238680.023725,4.0819708697407139e-5,4.3070063675837897e-24,-1.2891477616444124e2,1.384405754048,a101_x+005,grid_node,supported,false
source:bto-bfo-medium:370026,bto-bfo-medium,370026,22620,arc1-current-polar-best-glide-equal-feed,385,-38.182332341928,89.631701081945,1394239147.092578,6.2883469570176528e-4,1.7600357538417310e-68,-2.3385813261330085e2,2.089894674056,a099_x+040,grid_node,supported,false
source:bto-bfo-medium:370026,bto-bfo-medium,370026,22678,arc1-current-polar-best-glide-equal-feed,386,-37.714118413318,89.777648964310,1394238976.628816,1.0723295802225966e-4,1.2949544014160793e-32,-1.4950306313415925e2,2.457771988302,a094_x+025,grid_node,supported,false
source:bto-bfo-medium:370026,bto-bfo-medium,370026,22733,arc1-current-polar-best-glide-equal-feed,387,-38.021411131708,89.368295534526,1394238993.624975,1.9057250889357560e-4,1.1661105072853851e-71,-2.3998371248671029e2,2.171087673449,a100_x+025,grid_node,supported,false
source:bto-bfo-medium:370026,bto-bfo-medium,370026,22795,arc1-current-polar-best-glide-equal-feed,388,-37.925638172462,89.269700222362,1394238919.592378,6.6677484200475435e-5,1.0319796676514438e-13,-1.0550580656766603e2,1.142918052509,a100_x+020,grid_node,supported,false
source:bto-bfo-medium:370026,bto-bfo-medium,370026,22854,arc1-current-polar-best-glide-equal-feed,389,-37.961901099304,89.571392044691,1394239033.390817,2.3880756857638642e-4,3.1451798890321803e-50,-1.9086285363398414e2,1.181450710996,a098_x+030,grid_node,supported,false
source:bto-bfo-medium:370026,bto-bfo-medium,370026,22911,arc1-current-polar-best-glide-equal-feed,390,-37.791400339908,89.512545500741,1394238897.631952,1.1620327542408963e-4,1.4042362358054082e-20,-1.2187136133714279e2,0.138493166191,a097_x+020,grid_node,supported,false
source:bto-bfo-medium:370026,bto-bfo-medium,370026,22970,arc1-current-polar-best-glide-equal-feed,391,-38.455117068993,89.110092897862,1394239155.899628,4.2906365267976341e-4,1.9406700855369532e-67,-2.3107558519071165e2,1.606544035204,a105_x+040,grid_node,supported,false
source:bto-bfo-medium:370026,bto-bfo-medium,370026,23028,arc1-current-polar-best-glide-equal-feed,392,-38.257463791579,88.952413790881,1394239036.408224,8.2135433956648718e-5,4.1838635489320748e-49,-1.8720761595749718e2,2.865508486917,a105_x+025,grid_node,supported,false
source:bto-bfo-medium:370026,bto-bfo-medium,370026,23081,arc1-current-polar-best-glide-equal-feed,393,-37.960075091413,89.581682358254,1394239068.567573,1.3737429094537061e-4,1.8092678541435538e-50,-1.9086285363398414e2,1.610098421131,a098_x+030,grid_node,supported,false
source:bto-bfo-medium:370026,bto-bfo-medium,370026,23133,arc1-current-polar-best-glide-equal-feed,394,-37.791484092275,89.796828628911,1394239046.584726,1.2356463924463758e-4,9.0512024507543276e-76,-2.4901414586101004e2,2.179670953819,a095_x+030,grid_node,supported,false
source:bto-bfo-medium:370026,bto-bfo-medium,370026,23190,arc1-current-polar-best-glide-equal-feed,395,-38.152615574148,89.744206916984,1394239110.059036,9.2702408615131268e-4,4.8818527109899415e-72,-2.4243639343799344e2,1.437552920400,a098_x+045,grid_node,supported,false
source:bto-bfo-medium:370026,bto-bfo-medium,370026,23248,arc1-current-polar-best-glide-equal-feed,396,-37.911723149690,89.462577285406,1394238981.104654,1.1042636396037123e-4,5.6831250442090572e-43,-1.7338181863878640e2,1.396210129941,a098_x+025,grid_node,supported,false
source:bto-bfo-medium:370026,bto-bfo-medium,370026,23307,arc1-current-polar-best-glide-equal-feed,397,-38.184399057281,89.218680140219,1394239013.308084,3.5273409570943653e-4,7.9141901773827140e-49,-1.8802753868266777e2,0.465425469095,a102_x+030,grid_node,supported,false
source:bto-bfo-medium:370026,bto-bfo-medium,370026,23363,arc1-current-polar-best-glide-equal-feed,398,-37.810551766786,90.235267744947,1394239145.672293,6.4091331204842671e-4,6.4258209638272973e-78,-2.5560801905960369e2,2.089743996682,a092_x+040,grid_node,supported,false
source:bto-bfo-medium:370026,bto-bfo-medium,370026,23417,arc1-current-polar-best-glide-equal-feed,399,-38.298781607308,88.671904501510,1394238873.094508,2.0679876893070051e-4,7.2759070631948938e-50,-1.8988024434785780e2,0.790696338599,a107_x+020,grid_node,supported,false
source:bto-bfo-medium:370026,bto-bfo-medium,370026,23479,arc1-current-polar-best-glide-equal-feed,400,-38.142744364606,88.676923410457,1394238811.483858,5.5883756757843347e-5,1.0105178673667870e-50,-1.9054587746743763e2,1.888572506120,a106_x+015,grid_node,supported,false
source:bto-bfo-medium:370026,bto-bfo-medium,370026,23537,arc1-current-polar-best-glide-equal-feed,401,-38.174008628464,89.390872501651,1394239065.664656,4.5278109220262973e-4,2.6233995262902290e-57,-2.0780210005934345e2,1.886201411077,a101_x+035,grid_node,supported,false
source:bto-bfo-medium:370026,bto-bfo-medium,370026,23601,arc1-current-polar-best-glide-equal-feed,402,-38.365008071781,88.597183267244,1394238930.596551,1.2086234433112970e-4,6.4207827529391830e-60,-2.1249402978906156e2,1.913721766847,a108_x+020,grid_node,supported,false
source:bto-bfo-medium:370026,bto-bfo-medium,370026,23655,arc1-current-polar-best-glide-equal-feed,403,-38.053407430427,89.470483256908,1394239073.440241,1.8540655726207862e-4,6.7662416607599168e-72,-2.4050054392561012e2,1.603070347649,a099_x+030,grid_node,supported,false
source:bto-bfo-medium:370026,bto-bfo-medium,370026,23708,arc1-current-polar-best-glide-equal-feed,404,-38.422281472528,88.997379862310,1394239095.737176,3.6574547740741737e-4,5.1405486653845385e-50,-1.9079784450225770e2,1.840518266252,a105_x+035,grid_node,supported,false
source:bto-bfo-medium:370026,bto-bfo-medium,370026,23759,arc1-current-polar-best-glide-equal-feed,405,-37.710166702004,90.181560341997,1394239077.464575,4.8467488326736521e-4,4.2413238158214714e-70,-2.3732337138673219e2,2.096524583889,a091_x+035,grid_node,supported,false
source:bto-bfo-medium:370026,bto-bfo-medium,370026,23819,arc1-current-polar-best-glide-equal-feed,406,-38.675258161701,88.638287960711,1394239065.754924,7.3239391909736735e-4,7.2661886651536890e-104,-3.1548574827849774e2,2.225010138016,a110_x+040,grid_node,supported,false
source:bto-bfo-medium:370026,bto-bfo-medium,370026,23880,arc1-current-polar-best-glide-equal-feed,407,-38.016351605909,89.903325123301,1394239132.836399,7.1073386340636503e-4,2.6250972205173521e-105,-3.1877642687528567e2,2.633489570690,a096_x+040,grid_node,supported,false
source:bto-bfo-medium:370026,bto-bfo-medium,370026,23933,arc1-current-polar-best-glide-equal-feed,408,-38.041828817416,89.683155042944,1394239091.285662,5.0547525833119446e-4,1.4678356509600278e-85,-2.7296525502327205e2,3.031590678465,a097_x+035,grid_node,supported,false
source:bto-bfo-medium:370026,bto-bfo-medium,370026,23994,arc1-current-polar-best-glide-equal-feed,409,-38.821566225895,88.037022155846,1394238958.455704,4.8745617123932842e-4,2.6127846522400032e-187,-5.0721600819797868e2,2.153186435386,a115_x+030,grid_node,supported,false
source:bto-bfo-medium:370026,bto-bfo-medium,370026,24053,arc1-current-polar-best-glide-equal-feed,410,-38.681304339415,88.301926250959,1394239070.112872,9.7257443671867305e-5,5.7887856395114678e-152,-4.2421818511679504e2,1.978497518774,a112_x+030,grid_node,supported,false
source:bto-bfo-medium:370026,bto-bfo-medium,370026,24110,arc1-current-polar-best-glide-equal-feed,411,-38.220330050735,89.231936321769,1394239074.922323,2.3852409487857805e-4,4.9610684654965295e-53,-1.9731367112268248e2,2.521287187906,a102_x+035,grid_node,supported,false
source:bto-bfo-medium:370026,bto-bfo-medium,370026,24169,arc1-current-polar-best-glide-equal-feed,412,-37.886664135022,89.895329100567,1394239054.536712,5.9007540449183891e-4,7.3119306809224239e-81,-2.6230394750754471e2,1.329490742800,a095_x+035,grid_node,supported,false
source:bto-bfo-medium:370026,bto-bfo-medium,370026,24227,arc1-current-polar-best-glide-equal-feed,413,-38.271679800051,89.196286418618,1394239034.695106,5.4381634927122070e-4,7.7235138723565993e-55,-2.0230033428198271e2,1.642959395325,a103_x+035,grid_node,supported,false
source:bto-bfo-medium:370026,bto-bfo-medium,370026,24283,arc1-current-polar-best-glide-equal-feed,414,-38.163560480521,89.246650473137,1394239024.814739,2.9411922548154096e-4,6.5990657370497836e-49,-1.8802753868266777e2,2.033496602914,a102_x+030,grid_node,supported,false
source:bto-bfo-medium:370026,bto-bfo-medium,370026,24344,arc1-current-polar-best-glide-equal-feed,415,-37.432621359006,89.761386632867,1394238711.018747,1.1951240843373393e-4,2.7944852238451949e-16,-1.1200094577401882e2,2.368811125159,a093_x+010,grid_node,supported,false
source:bto-bfo-medium:370026,bto-bfo-medium,370026,24401,arc1-current-polar-best-glide-equal-feed,416,-38.233055342351,89.229128997576,1394239069.814202,2.9594836757421779e-4,6.1554373135134417e-53,-1.9731367112268248e2,2.205596503144,a102_x+035,grid_node,supported,false
source:bto-bfo-medium:370026,bto-bfo-medium,370026,24457,arc1-current-polar-best-glide-equal-feed,417,-38.466838046060,88.782956623122,1394238995.789290,5.4994025254563128e-4,7.0230553624661975e-49,-1.8859109283312725e2,2.512853589959,a107_x+030,grid_node,supported,false
source:bto-bfo-medium:370026,bto-bfo-medium,370026,24520,arc1-current-polar-best-glide-equal-feed,418,-37.990576846258,89.590350335091,1394239062.311389,2.4307066728016170e-4,3.2013264022604002e-50,-1.9086285363398414e2,1.861484521566,a098_x+030,grid_node,supported,false
source:bto-bfo-medium:370026,bto-bfo-medium,370026,24575,arc1-current-polar-best-glide-equal-feed,419,-37.869466601752,90.358009041300,1394239154.222997,9.6833006755898965e-4,6.3267862514181331e-80,-2.6064140003752573e2,2.264534572589,a091_x+050,grid_node,supported,false
source:bto-bfo-medium:370026,bto-bfo-medium,370026,24631,arc1-current-polar-best-glide-equal-feed,420,-38.287099322687,89.504149409763,1394239099.578457,9.4064108245683908e-4,1.1332733759478201e-53,-2.0016227333212166e2,2.695266368353,a101_x+045,grid_node,supported,false
source:bto-bfo-medium:370026,bto-bfo-medium,370026,24693,arc1-current-polar-best-glide-equal-feed,421,-38.708211787643,88.465814266280,1394239031.302133,6.5163705996720660e-4,3.0467549169873607e-110,-3.3005358291321880e2,1.484044421276,a111_x+035,grid_node,supported,false
source:bto-bfo-medium:370026,bto-bfo-medium,370026,24745,arc1-current-polar-best-glide-equal-feed,422,-38.027572802457,89.637853150535,1394239080.051910,3.8435308896068955e-4,1.1198866822865770e-81,-2.6375153865746205e2,1.328375467736,a098_x+035,grid_node,supported,false
source:bto-bfo-medium:370026,bto-bfo-medium,370026,24798,arc1-current-polar-best-glide-equal-feed,423,-37.858248328950,89.764611330918,1394239021.704220,3.2280104898010079e-4,5.2478343242614094e-40,-1.6762643641994413e2,2.301735738161,a096_x+030,grid_node,supported,false
source:bto-bfo-medium:370026,bto-bfo-medium,370026,24856,arc1-current-polar-best-glide-equal-feed,424,-38.523698203092,88.477850699149,1394238946.120078,3.1084772144559196e-4,1.0978734590489214e-95,-2.9579532389136460e2,1.475318469206,a110_x+025,grid_node,supported,false
source:bto-bfo-medium:370026,bto-bfo-medium,370026,24917,arc1-current-polar-best-glide-equal-feed,425,-37.840001576412,89.879929127159,1394239099.541686,1.8687840894432832e-4,2.3157073851243712e-81,-2.6230394750754471e2,3.268361451404,a095_x+035,grid_node,supported,false
source:bto-bfo-medium:370026,bto-bfo-medium,370026,24974,arc1-current-polar-best-glide-equal-feed,426,-37.853295762359,89.757686759346,1394239049.212877,1.9455033648921961e-4,3.1628395782805720e-40,-1.6762643641994413e2,2.201296755570,a096_x+030,grid_node,supported,false
source:bto-bfo-medium:370026,bto-bfo-medium,370026,25032,arc1-current-polar-best-glide-equal-feed,427,-38.101369676239,89.633980943546,1394239031.336759,8.9859627750288058e-4,4.3065580829467258e-89,-2.8167458013011202e2,2.295879550132,a098_x+040,grid_node,supported,false
source:bto-bfo-medium:370026,bto-bfo-medium,370026,25085,arc1-current-polar-best-glide-equal-feed,428,-37.989820139360,89.778561646500,1394239081.024120,5.7366434046054592e-4,1.4998852270764330e-78,-2.5695210511219045e2,2.792455743083,a096_x+035,grid_node,supported,false
source:bto-bfo-medium:370026,bto-bfo-medium,370026,25147,arc1-current-polar-best-glide-equal-feed,429,-38.819427512071,88.110334292835,1394238967.840606,5.9970643120901064e-4,3.2144505532239372e-187,-5.0721600819797868e2,1.401344113842,a115_x+030,grid_node,supported,false
source:bto-bfo-medium:370026,bto-bfo-medium,370026,25207,arc1-current-polar-best-glide-equal-feed,430,-38.196547002270,89.501744393374,1394239103.402170,6.1066124507146418e-4,2.0172637224469966e-55,-2.0375879248876291e2,0.993281165122,a100_x+040,grid_node,supported,false
source:bto-bfo-medium:370026,bto-bfo-medium,370026,25266,arc1-current-polar-best-glide-equal-feed,431,-37.885813995808,89.901389113520,1394239119.891757,2.7734728267135556e-4,3.4367541673449921e-81,-2.6230394750754471e2,1.618522285683,a095_x+035,grid_node,supported,false
source:bto-bfo-medium:370026,bto-bfo-medium,370026,25326,arc1-current-polar-best-glide-equal-feed,432,-38.219666553110,88.937860151593,1394238960.346258,1.5593449731400493e-4,1.3824013586828110e-45,-1.7974575510887684e2,1.909171011431,a104_x+025,grid_node,supported,false
source:bto-bfo-medium:370026,bto-bfo-medium,370026,25383,arc1-current-polar-best-glide-equal-feed,433,-38.391248324672,89.081347263219,1394239043.030236,7.2633148667521693e-4,4.4248522596730425e-52,-1.9623900644526350e2,2.839534514013,a104_x+035,grid_node,supported,false
source:bto-bfo-medium:370026,bto-bfo-medium,370026,25438,arc1-current-polar-best-glide-equal-feed,434,-38.463553888434,88.939644555857,1394239048.050815,6.5825797841460735e-4,1.1503490363100578e-59,-2.1360586399543325e2,1.266037957499,a106_x+035,grid_node,supported,false
source:bto-bfo-medium:370026,bto-bfo-medium,370026,25504,arc1-current-polar-best-glide-equal-feed,435,-37.659914021770,90.357143303841,1394239140.430314,3.8252289944558994e-4,2.8321249715653593e-69,-2.3518794462865662e2,2.314935080006,a090_x+040,grid_node,supported,false
source:bto-bfo-medium:370026,bto-bfo-medium,370026,25560,arc1-current-polar-best-glide-equal-feed,436,-37.927929555460,89.866598701766,1394239102.205177,4.2963782074869245e-4,5.3238652878988785e-81,-2.6230394750754471e2,2.056740782059,a095_x+035,grid_node,supported,false
source:bto-bfo-medium:370026,bto-bfo-medium,370026,25612,arc1-current-polar-best-glide-equal-feed,437,-38.066382921774,89.670890879841,1394239059.483708,7.3924346645586308e-4,3.5428534542541021e-89,-2.8167458013011202e2,2.663425346665,a098_x+040,grid_node,supported,false
source:bto-bfo-medium:370026,bto-bfo-medium,370026,25666,arc1-current-polar-best-glide-equal-feed,438,-37.965293195309,89.642639931017,1394239028.993964,4.1541255959958638e-4,2.1745958970572634e-57,-2.0790359158977330e2,2.312588174103,a097_x+030,grid_node,supported,false
source:bto-bfo-medium:370026,bto-bfo-medium,370026,25726,arc1-current-polar-best-glide-equal-feed,439,-37.693998897685,90.090398767076,1394239084.230221,2.0345678274227941e-4,4.8417243531464116e-60,-2.1329710025956146e2,1.934313041138,a092_x+030,grid_node,supported,false
source:bto-bfo-medium:370026,bto-bfo-medium,370026,25786,arc1-current-polar-best-glide-equal-feed,440,-38.133499776774,89.397185043490,1394239020.782437,5.4152496382698756e-4,6.5696044224190445e-64,-2.2318119349323791e2,2.616766081968,a100_x+035,grid_node,supported,false
source:bto-bfo-medium:370026,bto-bfo-medium,370026,25836,arc1-current-polar-best-glide-equal-feed,441,-37.941793273158,89.936064009556,1394239105.369369,6.4746161867623741e-4,2.6959724242076916e-77,-2.5418416470759121e2,1.133418592755,a095_x+040,grid_node,supported,false
source:bto-bfo-medium:370026,bto-bfo-medium,370026,25890,arc1-current-polar-best-glide-equal-feed,442,-38.139423632916,89.452302553334,1394239022.992792,6.8593859651631364e-4,8.3215835616050391e-64,-2.2318119349323791e2,0.231222021951,a100_x+035,grid_node,supported,false
source:bto-bfo-medium:370026,bto-bfo-medium,370026,25943,arc1-current-polar-best-glide-equal-feed,443,-37.928949757841,89.760962330452,1394239070.738616,3.4711902951744969e-4,9.0756679069917992e-79,-2.5695210511219045e2,1.447285009358,a096_x+035,grid_node,supported,false
source:bto-bfo-medium:370026,bto-bfo-medium,370026,25993,arc1-current-polar-best-glide-equal-feed,444,-37.945307534607,89.742465494826,1394239045.804154,4.8849787661653138e-4,1.2772115973029500e-78,-2.5695210511219045e2,2.027172944664,a096_x+035,grid_node,supported,false
source:bto-bfo-medium:370026,bto-bfo-medium,370026,26050,arc1-current-polar-best-glide-equal-feed,445,-38.561991702857,88.742085475184,1394239051.133300,5.7391562123910154e-4,1.4966070443139460e-87,-2.7767799689513566e2,1.419111430951,a108_x+035,grid_node,supported,false
source:bto-bfo-medium:370026,bto-bfo-medium,370026,26107,arc1-current-polar-best-glide-equal-feed,446,-38.163306658019,88.958632163849,1394238904.059351,1.9832804122191708e-4,2.3496704538932641e-38,-1.6333769287744056e2,2.360518237541,a104_x+020,grid_node,supported,false
source:bto-bfo-medium:370026,bto-bfo-medium,370026,26177,arc1-current-polar-best-glide-equal-feed,447,-38.033198006026,89.658831991247,1394239065.447644,5.3546460050537799e-4,1.5601791481977494e-81,-2.6375153865746205e2,2.015790196545,a098_x+035,grid_node,supported,false
source:bto-bfo-medium:370026,bto-bfo-medium,370026,26235,arc1-current-polar-best-glide-equal-feed,448,-38.164705821077,89.331786969553,1394239060.909902,3.0801682539816273e-4,1.7846398795234381e-57,-2.0780210005934345e2,2.380052995806,a101_x+035,grid_node,supported,false
source:bto-bfo-medium:370026,bto-bfo-medium,370026,26293,arc1-current-polar-best-glide-equal-feed,449,-38.461419506892,88.979594758504,1394239063.209056,6.6148200122921196e-4,1.1559832278572364e-59,-2.1360586399543325e2,2.546561747902,a106_x+035,grid_node,supported,false
source:bto-bfo-medium:370026,bto-bfo-medium,370026,26349,arc1-current-polar-best-glide-equal-feed,450,-37.959155734680,89.396040821991,1394238946.247000,2.1256680478790800e-4,4.0564336813817192e-44,-1.7667650821817557e2,0.585767555617,a099_x+025,grid_node,supported,false
source:bto-bfo-medium:370026,bto-bfo-medium,370026,26405,arc1-current-polar-best-glide-equal-feed,451,-38.173220846361,89.409630660581,1394239112.051653,2.6373695409214593e-4,1.5280836862351317e-57,-2.0780210005934345e2,2.615225331061,a101_x+035,grid_node,supported,false
source:bto-bfo-medium:370026,bto-bfo-medium,370026,26461,arc1-current-polar-best-glide-equal-feed,452,-37.993724140860,89.819914341551,1394239087.865885,6.5858870374553948e-4,2.4324989488758938e-105,-3.1877642687528567e2,1.664944201093,a096_x+040,grid_node,supported,false
source:bto-bfo-medium:370026,bto-bfo-medium,370026,26522,arc1-current-polar-best-glide-equal-feed,453,-38.837835578807,88.171882806990,1394238979.534694,7.7197972911943920e-4,2.7594133907054866e-155,-4.3393844158459672e2,2.683451630116,a114_x+035,grid_node,supported,false
source:bto-bfo-medium:370026,bto-bfo-medium,370026,26583,arc1-current-polar-best-glide-equal-feed,454,-38.098567991290,89.587548027290,1394239079.907376,5.5316995434522400e-4,5.7198047043825169e-73,-2.4406425440819592e2,2.516452921589,a099_x+035,grid_node,supported,false
source:bto-bfo-medium:370026,bto-bfo-medium,370026,26636,arc1-current-polar-best-glide-equal-feed,455,-37.649109785852,90.197781796981,1394239082.162385,2.7811752334509267e-4,2.4337685241884732e-70,-2.3732337138673219e2,2.173700062298,a091_x+035,grid_node,supported,false
source:bto-bfo-medium:370026,bto-bfo-medium,370026,26700,arc1-current-polar-best-glide-equal-feed,456,-38.302071919999,89.062441700519,1394239031.468262,3.6704248997556705e-4,3.3469515838225933e-45,-1.7971756884200190e2,1.784779223404,a104_x+030,grid_node,supported,false
source:bto-bfo-medium:370026,bto-bfo-medium,370026,26763,arc1-current-polar-best-glide-equal-feed,457,-38.508145969761,88.424506896947,1394238894.312333,3.6071017928502165e-4,1.2739811326399061e-95,-2.9579532389136460e2,1.422596434183,a110_x+025,grid_node,supported,false
source:bto-bfo-medium:370026,bto-bfo-medium,370026,26824,arc1-current-polar-best-glide-equal-feed,458,-38.578007071669,88.860447639055,1394239087.053875,7.2839521076723641e-4,2.4256708334501298e-89,-2.8203862092681055e2,2.451801563211,a107_x+040,grid_node,supported,false
source:bto-bfo-medium:370026,bto-bfo-medium,370026,26884,arc1-current-polar-best-glide-equal-feed,459,-37.583989848483,89.317549846753,1394238728.029872,9.2532185710690259e-6,9.8076307857027508e-10,-9.4371473636281834e1,0.658747721142,a097_x+005,grid_node,supported,false
source:bto-bfo-medium:370026,bto-bfo-medium,370026,26945,arc1-current-polar-best-glide-equal-feed,460,-38.630382769747,88.557673066630,1394239015.009544,6.2855782460123980e-4,1.3819059957568820e-107,-3.2390038127170106e2,1.165788197709,a110_x+035,grid_node,supported,false
source:bto-bfo-medium:370026,bto-bfo-medium,370026,27008,arc1-current-polar-best-glide-equal-feed,461,-38.600107553681,88.533221402880,1394238994.442860,5.2868105645506418e-4,3.1974303980716754e-115,-3.4130913553586254e2,1.705624036272,a110_x+030,grid_node,supported,false
source:bto-bfo-medium:370026,bto-bfo-medium,370026,27071,arc1-current-polar-best-glide-equal-feed,462,-37.925694385555,89.907772259722,1394239145.503770,2.8822509058580527e-4,1.2001435664601073e-77,-2.5418416470759121e2,2.367510897345,a095_x+040,grid_node,supported,false
source:bto-bfo-medium:370026,bto-bfo-medium,370026,27132,arc1-current-polar-best-glide-equal-feed,463,-38.474351982639,88.542915911375,1394238986.757890,1.5233557865376591e-4,3.1042024903815090e-104,-3.1476599067351987e2,0.996773623010,a109_x+025,grid_node,supported,false
source:bto-bfo-medium:370026,bto-bfo-medium,370026,27192,arc1-current-polar-best-glide-equal-feed,464,-38.515922008444,88.519079365041,1394238998.325160,1.8238382597508037e-4,6.4415579746457934e-96,-2.9579532389136460e2,3.068672089312,a110_x+025,grid_node,supported,false
source:bto-bfo-medium:370026,bto-bfo-medium,370026,27255,arc1-current-polar-best-glide-equal-feed,465,-38.772832245472,88.174577969942,1394238977.973132,5.0574807046231858e-4,2.5205630375330191e-176,-4.8196034471962923e2,0.539149098400,a114_x+030,grid_node,supported,false
source:bto-bfo-medium:370026,bto-bfo-medium,370026,27312,arc1-current-polar-best-glide-equal-feed,466,-38.557811816406,88.194562443132,1394238822.910317,3.6093504795696744e-4,6.7832671163974569e-151,-4.2306840019622325e2,1.901027146536,a112_x+020,grid_node,supported,false
source:bto-bfo-medium:370026,bto-bfo-medium,370026,27365,arc1-current-polar-best-glide-equal-feed,467,-37.948416708632,89.629991215739,1394239030.317954,3.1815850687486139e-4,1.6654917326784721e-57,-2.0790359158977330e2,1.355590595981,a097_x+030,grid_node,supported,false
source:bto-bfo-medium:370026,bto-bfo-medium,370026,27433,arc1-current-polar-best-glide-equal-feed,468,-37.763054661079,89.625843933414,1394238987.648664,4.2137520150165656e-5,9.8930737278389567e-11,-9.8181351688852388e1,1.818779361371,a096_x+020,grid_node,supported,false
source:bto-bfo-medium:370026,bto-bfo-medium,370026,27488,arc1-current-polar-best-glide-equal-feed,469,-38.431121647631,89.177088165156,1394239137.680562,6.0343904539889102e-4,7.1940798571969572e-55,-2.0247537869854168e2,1.246352127343,a104_x+040,grid_node,supported,false
source:bto-bfo-medium:370026,bto-bfo-medium,370026,27542,arc1-current-polar-best-glide-equal-feed,470,-38.026835858074,89.868839355450,1394239151.183814,5.5467912630148607e-4,2.0487086766266327e-105,-3.1877642687528567e2,1.395729557433,a096_x+040,grid_node,supported,false
source:bto-bfo-medium:370026,bto-bfo-medium,370026,27603,arc1-current-polar-best-glide-equal-feed,471,-38.979619579660,87.492634976804,1394238901.556230,2.3009286531200629e-4,5.5009910637860096e-194,-5.2183887475707968e2,2.941768772521,a121_x+025,grid_node,supported,false
source:bto-bfo-medium:370026,bto-bfo-medium,370026,27666,arc1-current-polar-best-glide-equal-feed,472,-38.418144860132,88.982696382023,1394239053.467295,5.3566551687503296e-4,7.5287729526650725e-50,-1.9079784450225770e2,2.070849211823,a105_x+035,grid_node,supported,false
source:bto-bfo-medium:370026,bto-bfo-medium,370026,27726,arc1-current-polar-best-glide-equal-feed,473,-38.481646431545,88.692115131233,1394239002.503586,3.7896616946298840e-4,3.0224735026719700e-65,-2.2590321444230148e2,0.477094171881,a108_x+030,grid_node,supported,false
source:bto-bfo-medium:370026,bto-bfo-medium,370026,27784,arc1-current-polar-best-glide-equal-feed,474,-38.225236760379,89.051930832125,1394238968.622638,3.3234944806016472e-4,3.0305960262028385e-45,-1.7971756884200190e2,3.281545838796,a104_x+030,grid_node,supported,false
source:bto-bfo-medium:370026,bto-bfo-medium,370026,27842,arc1-current-polar-best-glide-equal-feed,475,-38.017560073278,89.588259024559,1394239036.868924,4.4654040121427739e-4,1.3010813826812118e-81,-2.6375153865746205e2,2.100750855907,a098_x+035,grid_node,supported,false
source:bto-bfo-medium:370026,bto-bfo-medium,370026,27893,arc1-current-polar-best-glide-equal-feed,476,-38.426974635959,88.842911742901,1394239021.248614,4.1592037375473887e-4,5.3115439317923422e-49,-1.8859109283312725e2,2.806897029864,a107_x+030,grid_node,supported,false
source:bto-bfo-medium:370026,bto-bfo-medium,370026,27954,arc1-current-polar-best-glide-equal-feed,477,-38.546563116520,88.948665506885,1394239118.373957,6.2837683789083824e-4,2.0925938907284093e-89,-2.8203862092681055e2,2.102505933509,a107_x+040,grid_node,supported,false
source:bto-bfo-medium:370026,bto-bfo-medium,370026,28014,arc1-current-polar-best-glide-equal-feed,478,-38.080406453501,89.812081535098,1394239165.451000,5.5268346927948332e-4,4.4414523643626628e-86,-2.7424993401080098e2,2.547306013764,a097_x+040,grid_node,supported,false
source:bto-bfo-medium:370026,bto-bfo-medium,370026,28069,arc1-current-polar-best-glide-equal-feed,479,-38.013327849934,89.562073895726,1394239067.914379,2.3940870064486787e-4,3.1530970103517507e-50,-1.9086285363398414e2,2.217102804224,a098_x+030,grid_node,supported,false
source:bto-bfo-medium:370026,bto-bfo-medium,370026,28124,arc1-current-polar-best-glide-equal-feed,480,-37.998630496557,89.580559702352,1394239015.052842,4.6633159472921716e-4,6.1417515454226617e-50,-1.9086285363398414e2,1.779635033797,a098_x+030,grid_node,supported,false
source:bto-bfo-medium:370026,bto-bfo-medium,370026,28178,arc1-current-polar-best-glide-equal-feed,481,-37.860210325652,89.834764378969,1394239033.511970,4.3391988804673836e-4,3.1784957072904452e-75,-2.4901414586101004e2,2.416235230818,a095_x+030,grid_node,supported,false
source:bto-bfo-medium:370026,bto-bfo-medium,370026,28231,arc1-current-polar-best-glide-equal-feed,482,-37.823104110146,89.944216358901,1394239056.596712,4.4720466142192562e-4,7.7278281808144603e-55,-2.0210418059269742e2,1.245464347270,a094_x+035,grid_node,supported,false
source:bto-bfo-medium:370026,bto-bfo-medium,370026,28284,arc1-current-polar-best-glide-equal-feed,483,-37.714492021240,90.367185199268,1394239142.214737,6.1690852196691251e-4,4.5674704253426369e-69,-2.3518794462865662e2,1.081836190231,a090_x+040,grid_node,supported,false
source:bto-bfo-medium:370026,bto-bfo-medium,370026,28348,arc1-current-polar-best-glide-equal-feed,484,-38.075060021433,89.391830950248,1394239051.913323,1.8614601910324965e-4,1.6965808926680205e-37,-1.6129737686524533e2,0.205696741531,a100_x+030,grid_node,supported,false
source:bto-bfo-medium:370026,bto-bfo-medium,370026,28409,arc1-current-polar-best-glide-equal-feed,485,-37.824214484689,89.976221621744,1394239127.962495,2.0113303121924788e-4,3.4756379815152463e-55,-2.0210418059269742e2,1.436804073330,a094_x+035,grid_node,supported,false
source:bto-bfo-medium:370026,bto-bfo-medium,370026,28464,arc1-current-polar-best-glide-equal-feed,486,-37.814042838461,90.216924437656,1394239126.072295,7.2462676494391509e-4,7.2651351900382092e-78,-2.5560801905960369e2,1.390789311420,a092_x+040,grid_node,supported,false
source:bto-bfo-medium:370026,bto-bfo-medium,370026,28524,arc1-current-polar-best-glide-equal-feed,487,-37.993421540642,89.267209885397,1394238929.014702,1.5645483382328574e-4,9.5734493236272161e-72,-2.3998371248671029e2,2.898405648583,a100_x+025,grid_node,supported,false
source:bto-bfo-medium:370026,bto-bfo-medium,370026,28583,arc1-current-polar-best-glide-equal-feed,488,-38.418051049098,88.819450753489,1394238995.436284,4.4383357194242753e-4,5.6680116304346235e-49,-1.8859109283312725e2,1.751165927705,a107_x+030,grid_node,supported,false
source:bto-bfo-medium:370026,bto-bfo-medium,370026,28640,arc1-current-polar-best-glide-equal-feed,489,-37.867899879974,89.079543821027,1394238702.875706,1.8067283250009113e-4,1.1834171524943777e-20,-1.2248379555089161e2,1.473205479758,a101_x+010,grid_node,supported,false
source:bto-bfo-medium:370026,bto-bfo-medium,370026,28704,arc1-current-polar-best-glide-equal-feed,490,-37.647265347275,89.992924437308,1394239063.906785,6.6035713724325924e-5,1.8676752604420749e-55,-2.0161149334213221e2,2.639485902667,a092_x+025,grid_node,supported,false
source:bto-bfo-medium:370026,bto-bfo-medium,370026,28757,arc1-current-polar-best-glide-equal-feed,491,-38.149570785669,89.427527822836,1394239098.468176,2.9458877160199229e-4,3.5738549946697574e-64,-2.2318119349323791e2,1.182442949924,a100_x+035,grid_node,supported,false
source:bto-bfo-medium:370026,bto-bfo-medium,370026,28815,arc1-current-polar-best-glide-equal-feed,492,-38.044907598813,89.353507994183,1394239021.323833,1.5704781201559699e-4,9.6097335759919662e-72,-2.3998371248671029e2,2.495574570418,a100_x+025,grid_node,supported,false
source:bto-bfo-medium:370026,bto-bfo-medium,370026,28869,arc1-current-polar-best-glide-equal-feed,493,-38.497734156435,88.948365582352,1394239041.192438,8.4082702346018718e-4,8.5278338116715700e-47,-1.8421636194608013e2,2.216338918273,a106_x+040,grid_node,supported,false
source:bto-bfo-medium:370026,bto-bfo-medium,370026,28932,arc1-current-polar-best-glide-equal-feed,494,-37.862137524316,89.636023755186,1394238952.688684,3.3494381729762295e-4,1.7911366544569792e-31,-1.4801506226619924e2,2.864739236221,a097_x+025,grid_node,supported,false
source:bto-bfo-medium:370026,bto-bfo-medium,370026,28993,arc1-current-polar-best-glide-equal-feed,495,-37.914601442962,89.812245209218,1394239051.539899,4.9902895050651897e-4,1.3047458207831073e-78,-2.5695210511219045e2,2.161138842873,a096_x+035,grid_node,supported,false
source:bto-bfo-medium:370026,bto-bfo-medium,370026,29050,arc1-current-polar-best-glide-equal-feed,496,-38.341052489334,89.015475143151,1394239034.747369,4.0093963509855426e-4,2.5780666411606129e-61,-2.1690827379456579e2,3.025116939572,a105_x+030,grid_node,supported,false
source:bto-bfo-medium:370026,bto-bfo-medium,370026,29104,arc1-current-polar-best-glide-equal-feed,497,-38.203690150999,89.362446010248,1394239070.431323,4.8484767387648218e-4,2.8091923003738844e-57,-2.0780210005934345e2,0.453217857552,a101_x+035,grid_node,supported,false
source:bto-bfo-medium:370026,bto-bfo-medium,370026,29163,arc1-current-polar-best-glide-equal-feed,498,-38.310371729510,88.660264235222,1394238900.724445,1.4622013300442637e-4,5.1445378713288939e-50,-1.8988024434785780e2,1.219661119089,a107_x+020,grid_node,supported,false
source:bto-bfo-medium:370026,bto-bfo-medium,370026,29218,arc1-current-polar-best-glide-equal-feed,499,-38.136574052981,89.540967215932,1394239087.087115,5.5444328938525605e-4,5.7329710517138232e-73,-2.4406425440819592e2,2.615745839172,a099_x+035,grid_node,supported,false
source:bto-bfo-medium:370026,bto-bfo-medium,370026,29280,arc1-current-polar-best-glide-equal-feed,500,-38.326481706146,88.781752775010,1394238933.397573,2.7566016357589377e-4,6.2146364077664082e-53,-1.9723308351946386e2,1.576532898296,a106_x+025,grid_node,supported,false
source:bto-bfo-medium:370026,bto-bfo-medium,370026,29342,arc1-current-polar-best-glide-equal-feed,501,-37.709313453343,90.310576439763,1394239104.128257,6.7839408578889674e-4,5.0226975527730091e-69,-2.3518794462865662e2,2.288772203210,a090_x+040,grid_node,supported,false
source:bto-bfo-medium:370026,bto-bfo-medium,370026,29406,arc1-current-polar-best-glide-equal-feed,502,-38.037680009645,89.382564048032,1394238948.635987,4.4125684371739191e-4,4.0217240928192567e-37,-1.6129737686524533e2,2.352380050342,a100_x+030,grid_node,supported,false
source:bto-bfo-medium:370026,bto-bfo-medium,370026,29469,arc1-current-polar-best-glide-equal-feed,503,-38.269790279072,88.891070744586,1394238976.863784,1.6028193332001195e-4,8.1645363768809995e-49,-1.8720761595749718e2,0.582239975232,a105_x+025,grid_node,supported,false
source:bto-bfo-medium:370026,bto-bfo-medium,370026,29527,arc1-current-polar-best-glide-equal-feed,504,-37.576557990548,89.940058756744,1394238977.172338,5.9823657015547429e-5,4.9409354795214615e-24,-1.2915970073125106e2,2.325069246091,a092_x+020,grid_node,supported,false
source:bto-bfo-medium:370026,bto-bfo-medium,370026,29584,arc1-current-polar-best-glide-equal-feed,505,-38.043489761070,89.471534362801,1394239022.906390,3.4221374133434635e-4,1.2488775519561828e-71,-2.4050054392561012e2,1.006841079209,a099_x+030,grid_node,supported,false
source:bto-bfo-medium:370026,bto-bfo-medium,370026,29650,arc1-current-polar-best-glide-equal-feed,506,-38.922956017578,88.196192248740,1394239071.163606,7.1506240806386604e-4,1.7462729812129607e-165,-4.5734523837107986e2,1.620857123950,a115_x+040,grid_node,supported,false
source:bto-bfo-medium:370026,bto-bfo-medium,370026,29709,arc1-current-polar-best-glide-equal-feed,507,-37.802990037310,89.603563657535,1394238889.497242,3.0656937918927934e-4,2.3678547697667496e-22,-1.2692414374632884e2,2.679828446195,a096_x+025,grid_node,supported,false
source:bto-bfo-medium:370026,bto-bfo-medium,370026,29771,arc1-current-polar-best-glide-equal-feed,508,-38.048568983480,89.237540226652,1394238967.655940,1.4466306017860045e-4,4.9524187224098278e-44,-1.7609208731518598e2,0.818297332050,a101_x+025,grid_node,supported,false
source:bto-bfo-medium:370026,bto-bfo-medium,370026,29833,arc1-current-polar-best-glide-equal-feed,509,-38.017192371490,89.799998889680,1394239163.661466,2.8543452591160760e-4,1.0542531025875796e-105,-3.1877642687528567e2,2.318160258891,a096_x+040,grid_node,supported,false
source:bto-bfo-medium:370026,bto-bfo-medium,370026,29888,arc1-current-polar-best-glide-equal-feed,510,-38.151529724953,89.474616295050,1394239089.239365,4.3992802324369155e-4,5.3370634414024489e-64,-2.2318119349323791e2,1.213428445208,a100_x+035,grid_node,supported,false
source:bto-bfo-medium:370026,bto-bfo-medium,370026,29945,arc1-current-polar-best-glide-equal-feed,511,-38.755167328703,88.089836138625,1394239010.606212,1.5977163069279328e-4,5.4025834412297966e-165,-4.5471722057329470e2,3.292020783791,a115_x+025,grid_node,supported,false
source:bto-bfo-medium:370027,bto-bfo-medium,370027,56,arc1-current-polar-best-glide-equal-feed,0,-38.274805662228,88.765842505032,1394238915.683043,1.6449398718992387e-4,4.8868445559998834e-46,-1.8083905348109414e2,2.244837032828,a106_x+020,grid_node,supported,false
source:bto-bfo-medium:370027,bto-bfo-medium,370027,113,arc1-current-polar-best-glide-equal-feed,1,-38.196265363469,89.309955627684,1394239074.263649,3.2075605467640073e-4,1.8584505766336529e-57,-2.0780210005934345e2,2.479742455728,a101_x+035,grid_node,supported,false
source:bto-bfo-medium:370027,bto-bfo-medium,370027,172,arc1-current-polar-best-glide-equal-feed,2,-37.979163110610,89.503211769844,1394238989.474805,3.2156019155312767e-4,4.2350611147516334e-50,-1.9086285363398414e2,2.459947214387,a098_x+030,grid_node,supported,false
source:bto-bfo-medium:370027,bto-bfo-medium,370027,233,arc1-current-polar-best-glide-equal-feed,3,-38.000452824668,89.725646198094,1394239059.949466,5.9911413106004865e-4,1.7397509889350029e-85,-2.7296525502327205e2,1.206524439820,a097_x+035,grid_node,supported,false
source:bto-bfo-medium:370027,bto-bfo-medium,370027,292,arc1-current-polar-best-glide-equal-feed,4,-38.234887608878,89.667620478598,1394239163.363013,8.1597703532639780e-4,1.1617672816913795e-74,-2.4834955272470131e2,0.594760433041,a099_x+045,grid_node,supported,false
source:bto-bfo-medium:370027,bto-bfo-medium,370027,355,arc1-current-polar-best-glide-equal-feed,5,-38.013282559412,90.012987528499,1394239162.842789,7.7961974949490587e-4,1.5642229742404639e-92,-2.8945305765300662e2,1.198782645265,a095_x+045,grid_node,supported,false
source:bto-bfo-medium:370027,bto-bfo-medium,370027,412,arc1-current-polar-best-glide-equal-feed,6,-38.059976115594,89.903399009006,1394239158.342791,7.2840333373371013e-4,2.6077236210360945e-95,-2.9578177309014421e2,1.076962772822,a096_x+045,grid_node,supported,false
source:bto-bfo-medium:370027,bto-bfo-medium,370027,466,arc1-current-polar-best-glide-equal-feed,7,-38.179315346656,89.552353388938,1394239093.193186,7.1412183921579892e-4,1.9987446274992956e-68,-2.3385813261330085e2,2.446894613480,a099_x+040,grid_node,supported,false
source:bto-bfo-medium:370027,bto-bfo-medium,370027,526,arc1-current-polar-best-glide-equal-feed,8,-38.269742187250,89.073720865645,1394239035.682202,2.6216702125542607e-4,2.3906232956171002e-45,-1.7971756884200190e2,1.738953383526,a104_x+030,grid_node,supported,false
source:bto-bfo-medium:370027,bto-bfo-medium,370027,593,arc1-current-polar-best-glide-equal-feed,9,-38.245563464612,88.253119921624,1394238710.547753,3.1834241071161562e-5,4.4431358399846770e-111,-3.2895993939465285e2,2.021585218953,a110_x+005,grid_node,supported,false
source:bto-bfo-medium:370027,bto-bfo-medium,370027,650,arc1-current-polar-best-glide-equal-feed,10,-38.287592950522,89.361945604468,1394239097.934347,6.7238464160225423e-4,8.6522550242007714e-56,-2.0470158778036651e2,2.174150177568,a102_x+040,grid_node,supported,false
source:bto-bfo-medium:370027,bto-bfo-medium,370027,704,arc1-current-polar-best-glide-equal-feed,11,-38.229882881805,89.466060570545,1394239123.870478,5.3944247993916524e-4,1.7819990279565682e-55,-2.0375879248876291e2,2.584169853195,a100_x+040,grid_node,supported,false
source:bto-bfo-medium:370027,bto-bfo-medium,370027,762,arc1-current-polar-best-glide-equal-feed,12,-38.497809717588,88.627352202438,1394238979.962001,3.9225149312813179e-4,3.8812514466443202e-112,-3.3390908797008245e2,1.968158033787,a109_x+030,grid_node,supported,false
source:bto-bfo-medium:370027,bto-bfo-medium,370027,825,arc1-current-polar-best-glide-equal-feed,13,-38.405752032068,89.238808048467,1394239115.423840,7.6679146017866293e-4,7.2707028889404450e-68,-2.3263796022338332e2,2.464905162298,a103_x+040,grid_node,supported,false
source:bto-bfo-medium:370027,bto-bfo-medium,370027,876,arc1-current-polar-best-glide-equal-feed,14,-38.056440974295,89.670624999075,1394239113.690222,3.9697592291691286e-4,1.1566657379161446e-81,-2.6375153865746205e2,2.598739261471,a098_x+035,grid_node,supported,false
source:bto-bfo-medium:370027,bto-bfo-medium,370027,929,arc1-current-polar-best-glide-equal-feed,15,-37.872514556293,90.052771911657,1394239113.114143,6.0596636480675240e-4,1.6022133055161748e-86,-2.7536156848510115e2,2.671981590626,a094_x+040,grid_node,supported,false
source:bto-bfo-medium:370027,bto-bfo-medium,370027,982,arc1-current-polar-best-glide-equal-feed,16,-38.044900653604,88.954163351541,1394238840.640399,9.1329157189527920e-5,2.7306223600075339e-39,-1.6471457116132262e2,1.267427733622,a103_x+015,grid_node,supported,false
source:bto-bfo-medium:370027,bto-bfo-medium,370027,1048,arc1-current-polar-best-glide-equal-feed,17,-38.357312114002,88.543074630042,1394238903.667082,1.0367290544523925e-4,5.5075979777965366e-60,-2.1249402978906156e2,1.775274970983,a108_x+020,grid_node,supported,false
source:bto-bfo-medium:370027,bto-bfo-medium,370027,1107,arc1-current-polar-best-glide-equal-feed,18,-38.088065191142,88.577749233057,1394238671.288697,1.0166108507826278e-4,3.1245338860263662e-50,-1.9001542611566981e2,2.311330074754,a106_x+010,grid_node,supported,false
source:bto-bfo-medium:370027,bto-bfo-medium,370027,1170,arc1-current-polar-best-glide-equal-feed,19,-38.454599245241,88.113444741367,1394238732.762322,1.9074310643399156e-4,2.6452376764328922e-130,-3.7501804069542487e2,2.286158136166,a112_x+015,grid_node,supported,false
source:bto-bfo-medium:370027,bto-bfo-medium,370027,1229,arc1-current-polar-best-glide-equal-feed,20,-37.611518908596,90.013458645319,1394238978.870388,1.9184608388339621e-4,5.4259455145363421e-55,-2.0161149334213221e2,0.800492595914,a092_x+025,grid_node,supported,false
source:bto-bfo-medium:370027,bto-bfo-medium,370027,1284,arc1-current-polar-best-glide-equal-feed,21,-38.370340826944,89.005085724556,1394238973.289235,7.8322007935617479e-4,1.1008149607689971e-49,-1.9079784450225770e2,1.563206382193,a105_x+035,grid_node,supported,false
source:bto-bfo-medium:370027,bto-bfo-medium,370027,1345,arc1-current-polar-best-glide-equal-feed,22,-37.668229019586,89.820495936390,1394238992.440940,6.0752130860284425e-5,7.3364794466082774e-33,-1.4950306313415925e2,2.485250917470,a094_x+025,grid_node,supported,false
source:bto-bfo-medium:370027,bto-bfo-medium,370027,1402,arc1-current-polar-best-glide-equal-feed,23,-38.713428694080,88.220483392793,1394238981.432839,3.4384158160855743e-4,3.0320194059490688e-105,-3.1790619892495533e2,1.640310463664,a113_x+030,grid_node,supported,false
source:bto-bfo-medium:370027,bto-bfo-medium,370027,1462,arc1-current-polar-best-glide-equal-feed,24,-38.077813606406,89.732290284955,1394239111.105140,6.4587443513863384e-4,5.1903498050476180e-86,-2.7424993401080098e2,1.867440900395,a097_x+040,grid_node,supported,false
source:bto-bfo-medium:370027,bto-bfo-medium,370027,1521,arc1-current-polar-best-glide-equal-feed,25,-37.760185731066,90.136742939486,1394239097.537560,4.6184981349900326e-4,1.3458652358106039e-67,-2.3151521588159665e2,1.563472135056,a092_x+035,grid_node,supported,false
source:bto-bfo-medium:370027,bto-bfo-medium,370027,1573,arc1-current-polar-best-glide-equal-feed,26,-37.860390579305,89.824553968275,1394239060.770850,2.8788817387606733e-4,2.1088024542130173e-75,-2.4901414586101004e2,2.187980806519,a095_x+030,grid_node,supported,false
source:bto-bfo-medium:370027,bto-bfo-medium,370027,1627,arc1-current-polar-best-glide-equal-feed,27,-38.380809687206,89.055161825812,1394239057.931406,5.2425953136128267e-4,7.3684619516220031e-50,-1.9079784450225770e2,2.057057561431,a105_x+035,grid_node,supported,false
source:bto-bfo-medium:370027,bto-bfo-medium,370027,1687,arc1-current-polar-best-glide-equal-feed,28,-38.339656794064,89.123882275488,1394239066.943290,4.8798973197772418e-4,2.9728608876960479e-52,-1.9623900644526350e2,1.173132459203,a104_x+035,grid_node,supported,false
source:bto-bfo-medium:370027,bto-bfo-medium,370027,1745,arc1-current-polar-best-glide-equal-feed,29,-38.181643093226,89.332131828752,1394239075.922281,2.9751130915426017e-4,1.7237712460660882e-57,-2.0780210005934345e2,1.677091886515,a101_x+035,grid_node,supported,false
source:bto-bfo-medium:370027,bto-bfo-medium,370027,1810,arc1-current-polar-best-glide-equal-feed,30,-38.026049312778,89.388281869267,1394238973.092793,3.0309825018131215e-4,2.7625124745401903e-37,-1.6129737686524533e2,3.036848025611,a100_x+030,grid_node,supported,false
source:bto-bfo-medium:370027,bto-bfo-medium,370027,1875,arc1-current-polar-best-glide-equal-feed,31,-38.955101590154,87.616645424454,1394238906.983314,3.4248788350141552e-4,1.2062558625275415e-188,-5.0993852452553000e2,2.353712452191,a119_x+025,grid_node,supported,false
source:bto-bfo-medium:370027,bto-bfo-medium,370027,1934,arc1-current-polar-best-glide-equal-feed,32,-37.911132999146,90.031187309243,1394239116.564015,6.9077155780347546e-4,1.8264435870756234e-86,-2.7536156848510115e2,0.606134817442,a094_x+040,grid_node,supported,false
source:bto-bfo-medium:370027,bto-bfo-medium,370027,1993,arc1-current-polar-best-glide-equal-feed,33,-37.725844009305,90.148414260713,1394239114.261145,2.7853415210069921e-4,8.1166955434769533e-68,-2.3151521588159665e2,1.085314293929,a092_x+035,grid_node,supported,false
source:bto-bfo-medium:370027,bto-bfo-medium,370027,2045,arc1-current-polar-best-glide-equal-feed,34,-37.836278223759,89.937743225032,1394239100.247651,2.7267188536033685e-4,4.7118504380154160e-55,-2.0210418059269742e2,0.910883634064,a094_x+035,grid_node,supported,false
source:bto-bfo-medium:370027,bto-bfo-medium,370027,2101,arc1-current-polar-best-glide-equal-feed,35,-37.807404945233,90.079215710697,1394239111.336288,4.2356104591072849e-4,5.9304294085671773e-74,-2.4606370990414865e2,2.043443684966,a093_x+035,grid_node,supported,false
source:bto-bfo-medium:370027,bto-bfo-medium,370027,2163,arc1-current-polar-best-glide-equal-feed,36,-38.706460290922,87.651125828867,1394238802.801039,6.5191554988317028e-5,2.8681668157805718e-195,-5.2353156198011618e2,2.841687233219,a118_x+015,grid_node,supported,false
source:bto-bfo-medium:370027,bto-bfo-medium,370027,2226,arc1-current-polar-best-glide-equal-feed,37,-38.081387030332,89.589325783390,1394239095.726705,4.0352917371597511e-4,1.1757598951021923e-81,-2.6375153865746205e2,2.658728026056,a098_x+035,grid_node,supported,false
source:bto-bfo-medium:370027,bto-bfo-medium,370027,2284,arc1-current-polar-best-glide-equal-feed,38,-38.084732632052,89.484296455279,1394239056.153010,3.6735383199009781e-4,3.7984568031663836e-73,-2.4406425440819592e2,2.437251741832,a099_x+035,grid_node,supported,false
source:bto-bfo-medium:370027,bto-bfo-medium,370027,2337,arc1-current-polar-best-glide-equal-feed,39,-37.957926256154,89.960963171549,1394239163.678296,4.2811854709075444e-4,1.7826474403352928e-77,-2.5418416470759121e2,1.395856958336,a095_x+040,grid_node,supported,false
source:bto-bfo-medium:370027,bto-bfo-medium,370027,2397,arc1-current-polar-best-glide-equal-feed,40,-38.454400231542,88.618125367147,1394238966.713084,2.7490511251364807e-4,2.2083367693543027e-59,-2.1208051883622826e2,2.955350998854,a108_x+025,grid_node,supported,false
source:bto-bfo-medium:370027,bto-bfo-medium,370027,2460,arc1-current-polar-best-glide-equal-feed,41,-38.166445868410,89.411104694817,1394239040.779668,5.9293111661749712e-4,7.1932471190092784e-64,-2.2318119349323791e2,2.353202485901,a100_x+035,grid_node,supported,false
source:bto-bfo-medium:370027,bto-bfo-medium,370027,2524,arc1-current-polar-best-glide-equal-feed,42,-38.047168094822,89.459766351305,1394238987.117667,4.8603835078193420e-4,1.7737522266480765e-71,-2.4050054392561012e2,1.347888925437,a099_x+030,grid_node,supported,false
source:bto-bfo-medium:370027,bto-bfo-medium,370027,2584,arc1-current-polar-best-glide-equal-feed,43,-38.216499379391,89.227403794382,1394239019.054867,4.7571183081727828e-4,1.0673405107455616e-48,-1.8802753868266777e2,2.284022231011,a102_x+030,grid_node,supported,false
source:bto-bfo-medium:370027,bto-bfo-medium,370027,2645,arc1-current-polar-best-glide-equal-feed,44,-38.382411376364,89.079215667927,1394239071.105020,5.2659278452535580e-4,3.2080328545311140e-52,-1.9623900644526350e2,2.382935824358,a104_x+035,grid_node,supported,false
source:bto-bfo-medium:370027,bto-bfo-medium,370027,2704,arc1-current-polar-best-glide-equal-feed,45,-37.735264662253,89.622075974018,1394238912.181666,1.0626028509031315e-4,2.4947857182704101e-10,-9.8181351688852388e1,1.325924185891,a096_x+020,grid_node,supported,false
source:bto-bfo-medium:370027,bto-bfo-medium,370027,2765,arc1-current-polar-best-glide-equal-feed,46,-38.205592612957,89.498984864689,1394239099.582222,6.5881197504049922e-4,2.1763252668954082e-55,-2.0375879248876291e2,0.771448567499,a100_x+040,grid_node,supported,false
source:bto-bfo-medium:370027,bto-bfo-medium,370027,2822,arc1-current-polar-best-glide-equal-feed,47,-38.090309905087,89.616660093843,1394239075.089525,6.0914866900297000e-4,1.7748718601264874e-81,-2.6375153865746205e2,2.817822428333,a098_x+035,grid_node,supported,false
source:bto-bfo-medium:370027,bto-bfo-medium,370027,2886,arc1-current-polar-best-glide-equal-feed,48,-38.871577939131,87.944691369738,1394239042.014887,1.5911735995261959e-4,1.4165419093036193e-173,-4.7447245650045573e2,2.237525637907,a116_x+030,grid_node,supported,false
source:bto-bfo-medium:370027,bto-bfo-medium,370027,2940,arc1-current-polar-best-glide-equal-feed,49,-37.893584379522,90.222252995094,1394239147.401294,8.8689520615147497e-4,1.5200931734248297e-72,-2.4355889389147683e2,2.340881203121,a092_x+045,grid_node,supported,false
source:bto-bfo-medium:370027,bto-bfo-medium,370027,3006,arc1-current-polar-best-glide-equal-feed,50,-37.962230328092,89.487136947751,1394239035.847510,1.1156691089568849e-4,5.7418236250526394e-43,-1.7338181863878640e2,3.130586231333,a098_x+025,grid_node,supported,false
source:bto-bfo-medium:370027,bto-bfo-medium,370027,3060,arc1-current-polar-best-glide-equal-feed,51,-37.905461669275,89.890032188237,1394239062.505327,5.9935681493914058e-4,7.4269414563170402e-81,-2.6230394750754471e2,1.231199141400,a095_x+035,grid_node,supported,false
source:bto-bfo-medium:370027,bto-bfo-medium,370027,3115,arc1-current-polar-best-glide-equal-feed,52,-38.019543107797,89.730393939973,1394239062.892175,6.6858518976786112e-4,1.9414860788341658e-85,-2.7296525502327205e2,2.069980620178,a097_x+035,grid_node,supported,false
source:bto-bfo-medium:370027,bto-bfo-medium,370027,3172,arc1-current-polar-best-glide-equal-feed,53,-38.098536187624,89.595022803322,1394239087.531762,5.2322337917536500e-4,5.4101556350661447e-73,-2.4406425440819592e2,2.866960284583,a099_x+035,grid_node,supported,false
source:bto-bfo-medium:370027,bto-bfo-medium,370027,3229,arc1-current-polar-best-glide-equal-feed,54,-37.705739327310,89.928124848149,1394239024.600112,1.6355555716932656e-4,2.4496994283092116e-69,-2.3448337080969756e2,2.648627396514,a093_x+030,grid_node,supported,false
source:bto-bfo-medium:370027,bto-bfo-medium,370027,3287,arc1-current-polar-best-glide-equal-feed,55,-38.397417249244,88.469351527296,1394238961.484790,3.4690657180519667e-5,2.4315688169359173e-83,-2.6517630846696676e2,0.819646493423,a109_x+020,grid_node,supported,false
source:bto-bfo-medium:370027,bto-bfo-medium,370027,3342,arc1-current-polar-best-glide-equal-feed,56,-37.770689982969,90.301228952800,1394239145.448655,6.4729288159990099e-4,2.1673094880458262e-66,-2.2907374047100882e2,1.781772731405,a091_x+040,grid_node,supported,false
source:bto-bfo-medium:370027,bto-bfo-medium,370027,3398,arc1-current-polar-best-glide-equal-feed,57,-38.353524928796,89.012004155539,1394239072.424845,2.6668516764129008e-4,3.7482571003036628e-50,-1.9079784450225770e2,2.500358043602,a105_x+035,grid_node,supported,false
source:bto-bfo-medium:370027,bto-bfo-medium,370027,3453,arc1-current-polar-best-glide-equal-feed,58,-37.919543560226,89.476277253837,1394239001.464446,9.8518780877068459e-5,5.0702978061320012e-43,-1.7338181863878640e2,0.930980045662,a098_x+025,grid_node,supported,false
source:bto-bfo-medium:370027,bto-bfo-medium,370027,3508,arc1-current-polar-best-glide-equal-feed,59,-38.166868064143,89.131276755985,1394238984.121099,2.3214842779866086e-4,7.9284432106372319e-41,-1.6918672105090940e2,3.272787686528,a103_x+025,grid_node,supported,false
source:bto-bfo-medium:370027,bto-bfo-medium,370027,3570,arc1-current-polar-best-glide-equal-feed,60,-37.655203816456,89.779645843686,1394238991.638745,3.2855300788310359e-5,5.2145794491245534e-34,-1.5153235981047081e2,1.001575753183,a094_x+020,grid_node,supported,false
source:bto-bfo-medium:370027,bto-bfo-medium,370027,3624,arc1-current-polar-best-glide-equal-feed,61,-38.294037946891,89.012182734454,1394239051.268705,1.7655340547177890e-4,1.6099381303575405e-45,-1.7971756884200190e2,1.546055966327,a104_x+030,grid_node,supported,false
source:bto-bfo-medium:370027,bto-bfo-medium,370027,3687,arc1-current-polar-best-glide-equal-feed,62,-38.430446296767,88.132746689296,1394238757.406023,1.0841381718530560e-4,1.5034897943413863e-130,-3.7501804069542487e2,2.453923059916,a112_x+015,grid_node,supported,false
source:bto-bfo-medium:370027,bto-bfo-medium,370027,3751,arc1-current-polar-best-glide-equal-feed,63,-38.000904607371,89.280881844879,1394238941.625226,1.5918632857349734e-4,9.7405891040350218e-72,-2.3998371248671029e2,2.145363409991,a100_x+025,grid_node,supported,false
source:bto-bfo-medium:370027,bto-bfo-medium,370027,3810,arc1-current-polar-best-glide-equal-feed,64,-37.629765403391,90.091414304023,1394239007.826825,2.9888809088726454e-4,1.5273504417075907e-49,-1.8950701628129951e2,2.699124296833,a091_x+030,grid_node,supported,false
source:bto-bfo-medium:370027,bto-bfo-medium,370027,3866,arc1-current-polar-best-glide-equal-feed,65,-38.049495866200,89.915949195392,1394239155.750862,7.3797581631638264e-4,2.6419936302284102e-95,-2.9578177309014421e2,1.657000301120,a096_x+045,grid_node,supported,false
source:bto-bfo-medium:370027,bto-bfo-medium,370027,3927,arc1-current-polar-best-glide-equal-feed,66,-38.207827011443,88.893741018714,1394238934.735256,1.3072623530465451e-4,6.6590106660779544e-49,-1.8720761595749718e2,3.140321774273,a105_x+025,grid_node,supported,false
source:bto-bfo-medium:370027,bto-bfo-medium,370027,3992,arc1-current-polar-best-glide-equal-feed,67,-38.133800916155,89.401099774194,1394239122.652262,1.2579542706972724e-4,1.5261091347608312e-64,-2.2318119349323791e2,2.432609098586,a100_x+035,grid_node,supported,false
source:bto-bfo-medium:370027,bto-bfo-medium,370027,4053,arc1-current-polar-best-glide-equal-feed,68,-38.236857473593,88.360131054138,1394238704.105850,8.9910580389704434e-5,3.1682440516684854e-119,-3.4875707617999723e2,1.008587471998,a109_x+010,grid_node,supported,false
source:bto-bfo-medium:370027,bto-bfo-medium,370027,4113,arc1-current-polar-best-glide-equal-feed,69,-38.770907209763,88.367948660545,1394239091.592736,3.5212023450713196e-4,1.8657224619467539e-138,-3.9440087916461016e2,2.512331597413,a112_x+035,grid_node,supported,false
source:bto-bfo-medium:370027,bto-bfo-medium,370027,4174,arc1-current-polar-best-glide-equal-feed,70,-37.778468333644,89.807583746216,1394239034.120400,1.3900129667864872e-4,1.0181949179368207e-75,-2.4901414586101004e2,2.920142301322,a095_x+030,grid_node,supported,false
source:bto-bfo-medium:370027,bto-bfo-medium,370027,4243,arc1-current-polar-best-glide-equal-feed,71,-38.514409969685,88.732352980009,1394238980.439759,6.9793917873047016e-4,1.8200248481397575e-87,-2.7767799689513566e2,2.066553957504,a108_x+035,grid_node,supported,false
source:bto-bfo-medium:370027,bto-bfo-medium,370027,4300,arc1-current-polar-best-glide-equal-feed,72,-37.778792444932,90.019840433746,1394239079.626574,3.4219558015235264e-4,4.7912024762659292e-74,-2.4606370990414865e2,1.270734958669,a093_x+035,grid_node,supported,false
source:bto-bfo-medium:370027,bto-bfo-medium,370027,4355,arc1-current-polar-best-glide-equal-feed,73,-37.973290935832,89.887459013051,1394239073.129812,8.1059330892994887e-4,3.3752382304769135e-77,-2.5418416470759121e2,2.230888311709,a095_x+040,grid_node,supported,false
source:bto-bfo-medium:370027,bto-bfo-medium,370027,4409,arc1-current-polar-best-glide-equal-feed,74,-38.446263637448,88.946416164211,1394239061.472677,5.2117917410591911e-4,9.1079482564206388e-60,-2.1360586399543325e2,0.770251335916,a106_x+035,grid_node,supported,false
source:bto-bfo-medium:370027,bto-bfo-medium,370027,4471,arc1-current-polar-best-glide-equal-feed,75,-37.863586698826,89.997010651984,1394239103.968517,4.8517001572817841e-4,8.3838806780527975e-55,-2.0210418059269742e2,2.357896482812,a094_x+035,grid_node,supported,false
source:bto-bfo-medium:370027,bto-bfo-medium,370027,4529,arc1-current-polar-best-glide-equal-feed,76,-38.189404521782,89.189132776443,1394238997.427886,3.7324570413309159e-4,8.3744030456121436e-49,-1.8802753868266777e2,1.095086324181,a102_x+030,grid_node,supported,false
source:bto-bfo-medium:370027,bto-bfo-medium,370027,4586,arc1-current-polar-best-glide-equal-feed,77,-39.082303414573,87.280540251511,1394238909.121428,1.8859319899470575e-4,2.2696018466204570e-217,-5.7548476506663565e2,2.409624065325,a123_x+020,grid_node,supported,false
source:bto-bfo-medium:370027,bto-bfo-medium,370027,4646,arc1-current-polar-best-glide-equal-feed,78,-37.830283670684,90.234369949481,1394239148.423017,7.0048773756552197e-4,1.2006002744807962e-72,-2.4355889389147683e2,2.420028273880,a092_x+045,grid_node,supported,false
source:bto-bfo-medium:370027,bto-bfo-medium,370027,4709,arc1-current-polar-best-glide-equal-feed,79,-38.393200574100,89.014121613034,1394239045.221262,5.5203594238054652e-4,7.7588591032325219e-50,-1.9079784450225770e2,0.128599255451,a105_x+035,grid_node,supported,false
source:bto-bfo-medium:370027,bto-bfo-medium,370027,4767,arc1-current-polar-best-glide-equal-feed,80,-38.327588525651,89.250172044015,1394239053.964494,7.9643195699287883e-4,7.5517535487460850e-68,-2.3263796022338332e2,2.264690505328,a103_x+040,grid_node,supported,false
source:bto-bfo-medium:370027,bto-bfo-medium,370027,4829,arc1-current-polar-best-glide-equal-feed,81,-38.072484396809,89.028336658831,1394238902.375839,9.5559509389826202e-5,8.1037558969415841e-34,-1.5215912670099760e2,1.895429064644,a103_x+020,grid_node,supported,false
source:bto-bfo-medium:370027,bto-bfo-medium,370027,4891,arc1-current-polar-best-glide-equal-feed,82,-37.985634598360,89.894385212083,1394239139.817622,5.1952165123429978e-4,2.1632418124956027e-77,-2.5418416470759121e2,2.326812984556,a095_x+040,grid_node,supported,false
source:bto-bfo-medium:370027,bto-bfo-medium,370027,4952,arc1-current-polar-best-glide-equal-feed,83,-38.270921260050,89.506489175906,1394239134.402637,7.4258563463425881e-4,1.6527860560734121e-68,-2.3408727413365952e2,3.372814408412,a100_x+045,grid_node,supported,false
source:bto-bfo-medium:370027,bto-bfo-medium,370027,5011,arc1-current-polar-best-glide-equal-feed,84,-37.776755811040,90.041473634710,1394239090.234076,3.2876593402554870e-4,4.6031692066676760e-74,-2.4606370990414865e2,0.663188574582,a093_x+035,grid_node,supported,false
source:bto-bfo-medium:370027,bto-bfo-medium,370027,5070,arc1-current-polar-best-glide-equal-feed,85,-37.755979554765,89.304739444513,1394238767.810574,9.0725759458911540e-5,5.9814452445096878e-12,-1.0175401221754208e2,2.733390255870,a098_x+010,grid_node,supported,false
source:bto-bfo-medium:370027,bto-bfo-medium,370027,5129,arc1-current-polar-best-glide-equal-feed,86,-38.244681410289,89.288467546266,1394239104.922282,2.9381654341804664e-4,6.1110974509072274e-53,-1.9731367112268248e2,0.830694238097,a102_x+035,grid_node,supported,false
source:bto-bfo-medium:370027,bto-bfo-medium,370027,5190,arc1-current-polar-best-glide-equal-feed,87,-37.784952494762,89.779931157430,1394239030.802010,1.2660411546234839e-4,7.3167545054407993e-37,-1.5945035859747921e2,2.291002724742,a095_x+025,grid_node,supported,false
source:bto-bfo-medium:370027,bto-bfo-medium,370027,5246,arc1-current-polar-best-glide-equal-feed,88,-37.930160062144,89.576493943675,1394238967.809486,3.8832273567467854e-4,2.0327864630432948e-57,-2.0790359158977330e2,2.951382854290,a097_x+030,grid_node,supported,false
source:bto-bfo-medium:370027,bto-bfo-medium,370027,5309,arc1-current-polar-best-glide-equal-feed,89,-38.523448637593,88.986876046062,1394239123.098191,6.0207768761500271e-4,6.1063908728420932e-47,-1.8421636194608013e2,0.775747008477,a106_x+040,grid_node,supported,false
source:bto-bfo-medium:370027,bto-bfo-medium,370027,5366,arc1-current-polar-best-glide-equal-feed,90,-37.775373450241,89.826243582118,1394239024.569399,1.8049164365599058e-4,6.6503055075689433e-83,-2.6581939640106884e2,3.135899241877,a094_x+030,grid_node,supported,false
source:bto-bfo-medium:370027,bto-bfo-medium,370027,5424,arc1-current-polar-best-glide-equal-feed,91,-38.374807473881,89.156807688667,1394239065.781828,7.0533055095236945e-4,8.4088100496013302e-55,-2.0247537869854168e2,2.361587545831,a104_x+040,grid_node,supported,false
source:bto-bfo-medium:370027,bto-bfo-medium,370027,5484,arc1-current-polar-best-glide-equal-feed,92,-37.633890845146,89.883803383963,1394238955.313807,1.2417193225565675e-4,1.4857774376497661e-52,-1.9556396582506849e2,2.021133799835,a093_x+025,grid_node,supported,false
source:bto-bfo-medium:370027,bto-bfo-medium,370027,5543,arc1-current-polar-best-glide-equal-feed,93,-37.907812498398,89.779333350961,1394239018.552228,5.6379066683267848e-4,1.4740698222013515e-78,-2.5695210511219045e2,2.167230756475,a096_x+035,grid_node,supported,false
source:bto-bfo-medium:370027,bto-bfo-medium,370027,5598,arc1-current-polar-best-glide-equal-feed,94,-37.648063634159,90.080826439638,1394239028.243046,2.5147101893959655e-4,5.9843340688851084e-60,-2.1329710025956146e2,1.498134971867,a092_x+030,grid_node,supported,false
source:bto-bfo-medium:370027,bto-bfo-medium,370027,5655,arc1-current-polar-best-glide-equal-feed,95,-38.350043276545,89.245842107677,1394239080.558626,7.4216692061407417e-4,7.0372134459183705e-68,-2.3263796022338332e2,0.914989116053,a103_x+040,grid_node,supported,false
source:bto-bfo-medium:370027,bto-bfo-medium,370027,5707,arc1-current-polar-best-glide-equal-feed,96,-38.679707596890,88.236577351787,1394238952.994298,3.6678221293952128e-4,3.2343115169111982e-105,-3.1790619892495533e2,2.446849370540,a113_x+030,grid_node,supported,false
source:bto-bfo-medium:370027,bto-bfo-medium,370027,5772,arc1-current-polar-best-glide-equal-feed,97,-38.358840897330,89.122366296179,1394239119.620852,2.8081824978117969e-4,1.7107605685519746e-52,-1.9623900644526350e2,1.271835847523,a104_x+035,grid_node,supported,false
source:bto-bfo-medium:370027,bto-bfo-medium,370027,5833,arc1-current-polar-best-glide-equal-feed,98,-37.991485735887,89.373950994511,1394238975.022708,1.7903084636546507e-4,3.4164636191796415e-44,-1.7667650821817557e2,2.487806562516,a099_x+025,grid_node,supported,false
source:bto-bfo-medium:370027,bto-bfo-medium,370027,5888,arc1-current-polar-best-glide-equal-feed,99,-38.391807641043,89.074743211745,1394239095.011850,4.1508433763411443e-4,5.8340058036322616e-50,-1.9079784450225770e2,2.798276079225,a105_x+035,grid_node,supported,false
source:bto-bfo-medium:370027,bto-bfo-medium,370027,5955,arc1-current-polar-best-glide-equal-feed,100,-38.608921232413,88.224056562661,1394238911.945838,2.5895092386218020e-4,5.0846560610234851e-128,-3.7006511507055950e2,2.713604289640,a112_x+025,grid_node,supported,false
source:bto-bfo-medium:370027,bto-bfo-medium,370027,6012,arc1-current-polar-best-glide-equal-feed,101,-38.371911025358,89.150693002132,1394239120.591676,3.8285574334429300e-4,4.5643297569262706e-55,-2.0247537869854168e2,2.579708727802,a104_x+040,grid_node,supported,false
source:bto-bfo-medium:370027,bto-bfo-medium,370027,6069,arc1-current-polar-best-glide-equal-feed,102,-38.310714104426,89.567438655769,1394239151.988937,9.1001273498151963e-4,2.0254315314993915e-68,-2.3408727413365952e2,2.123565019265,a100_x+045,grid_node,supported,false
source:bto-bfo-medium:370027,bto-bfo-medium,370027,6134,arc1-current-polar-best-glide-equal-feed,103,-37.997395672245,89.280123761500,1394238944.880070,1.4133559366007951e-4,8.6483051399857086e-72,-2.3998371248671029e2,2.242608114152,a100_x+025,grid_node,supported,false
source:bto-bfo-medium:370027,bto-bfo-medium,370027,6196,arc1-current-polar-best-glide-equal-feed,104,-38.222723419328,88.913078359323,1394238956.742632,1.3751125537981172e-4,7.0046300510830281e-49,-1.8720761595749718e2,2.459994831184,a105_x+025,grid_node,supported,false
source:bto-bfo-medium:370027,bto-bfo-medium,370027,6254,arc1-current-polar-best-glide-equal-feed,105,-38.228127428802,89.273517263344,1394239071.212346,3.6013587121186608e-4,7.4904747668063056e-53,-1.9731367112268248e2,1.228649848163,a102_x+035,grid_node,supported,false
source:bto-bfo-medium:370027,bto-bfo-medium,370027,6305,arc1-current-polar-best-glide-equal-feed,106,-38.193386232838,89.336195092527,1394239064.317650,4.0338913097826825e-4,2.3372240434577072e-57,-2.0780210005934345e2,1.252603154436,a101_x+035,grid_node,supported,false
source:bto-bfo-medium:370027,bto-bfo-medium,370027,6357,arc1-current-polar-best-glide-equal-feed,107,-37.726940620653,90.067993593237,1394239088.579472,2.4126651768330992e-4,7.0306885317330956e-68,-2.3151521588159665e2,2.920742930941,a092_x+035,grid_node,supported,false
source:bto-bfo-medium:370027,bto-bfo-medium,370027,6419,arc1-current-polar-best-glide-equal-feed,108,-38.444324751265,88.819090292113,1394238987.091810,5.8418941499968364e-4,7.4604369924149457e-49,-1.8859109283312725e2,2.045218757314,a107_x+030,grid_node,supported,false
source:bto-bfo-medium:370027,bto-bfo-medium,370027,6479,arc1-current-polar-best-glide-equal-feed,109,-37.695872761626,90.133219276264,1394239127.551300,1.3520880891118846e-4,3.9400868024670579e-68,-2.3151521588159665e2,2.355639602561,a092_x+035,grid_node,supported,false
source:bto-bfo-medium:370027,bto-bfo-medium,370027,6542,arc1-current-polar-best-glide-equal-feed,110,-39.025957403649,87.480858177633,1394238941.500571,2.1556374758285006e-4,5.1536332842026585e-194,-5.2183887475707968e2,0.190376147683,a121_x+025,grid_node,supported,false
source:bto-bfo-medium:370027,bto-bfo-medium,370027,6599,arc1-current-polar-best-glide-equal-feed,111,-38.188944395376,89.159563205279,1394238966.167735,4.4827785407397508e-4,1.0057877116514579e-48,-1.8802753868266777e2,2.416264877458,a102_x+030,grid_node,supported,false
source:bto-bfo-medium:370027,bto-bfo-medium,370027,6658,arc1-current-polar-best-glide-equal-feed,112,-37.959308025668,89.534526590602,1394238985.428908,3.3237902616213512e-4,4.3775489816056035e-50,-1.9086285363398414e2,1.432877026458,a098_x+030,grid_node,supported,false
source:bto-bfo-medium:370027,bto-bfo-medium,370027,6719,arc1-current-polar-best-glide-equal-feed,113,-37.778849418873,90.058095182698,1394239113.332809,2.7758072768580287e-4,3.8865068603743344e-74,-2.4606370990414865e2,0.842818621817,a093_x+035,grid_node,supported,false
source:bto-bfo-medium:370027,bto-bfo-medium,370027,6774,arc1-current-polar-best-glide-equal-feed,114,-38.650824995679,88.744703537899,1394239093.157806,7.1393829974972852e-4,2.4204634557802331e-86,-2.7511296750468819e2,1.043507283210,a109_x+040,grid_node,supported,false
source:bto-bfo-medium:370027,bto-bfo-medium,370027,6827,arc1-current-polar-best-glide-equal-feed,115,-37.517804387334,89.613696464850,1394238686.570101,1.5569598225793045e-4,7.7301298277848588e-4,-8.3616931984326001e1,1.294095668653,a094_x+010,grid_node,supported,false
source:bto-bfo-medium:370027,bto-bfo-medium,370027,6881,arc1-current-polar-best-glide-equal-feed,116,-37.874701033107,89.837577408052,1394239078.827533,2.8450126449563432e-4,3.5254028701947074e-81,-2.6230394750754471e2,1.866202383062,a095_x+035,grid_node,supported,false
source:bto-bfo-medium:370027,bto-bfo-medium,370027,6942,arc1-current-polar-best-glide-equal-feed,117,-38.017064973378,89.836106893951,1394239109.600149,6.6419227603737305e-4,2.4531957565075638e-105,-3.1877642687528567e2,0.704275245082,a096_x+040,grid_node,supported,false
source:bto-bfo-medium:370027,bto-bfo-medium,370027,7003,arc1-current-polar-best-glide-equal-feed,118,-37.965449124999,90.047650306786,1394239161.771922,6.8726530603025252e-4,5.3955888734782931e-102,-3.1111463013513821e2,1.727181090032,a094_x+045,grid_node,supported,false
source:bto-bfo-medium:370027,bto-bfo-medium,370027,7061,arc1-current-polar-best-glide-equal-feed,119,-37.574719058835,90.456506442267,1394239096.766831,5.4499863511208043e-4,2.6606541007542344e-46,-1.8264493756889775e2,2.646725941083,a088_x+035,grid_node,supported,false
source:bto-bfo-medium:370027,bto-bfo-medium,370027,7119,arc1-current-polar-best-glide-equal-feed,120,-38.049681079972,89.120580719637,1394238928.289772,9.9377405406164769e-5,8.2580416561909426e-38,-1.6138978283600213e2,1.638100453135,a102_x+020,grid_node,supported,false
source:bto-bfo-medium:370027,bto-bfo-medium,370027,7181,arc1-current-polar-best-glide-equal-feed,121,-37.620684602330,90.026147869097,1394239033.233636,1.0174925695510531e-4,2.8777544644513500e-55,-2.0161149334213221e2,1.614856786137,a092_x+025,grid_node,supported,false
source:bto-bfo-medium:370027,bto-bfo-medium,370027,7236,arc1-current-polar-best-glide-equal-feed,122,-38.152988005572,88.966664560977,1394238966.156790,6.2309980820616839e-5,7.3821089551849894e-39,-1.6333769287744056e2,2.492586892137,a104_x+020,grid_node,supported,false
source:bto-bfo-medium:370027,bto-bfo-medium,370027,7289,arc1-current-polar-best-glide-equal-feed,123,-38.112538455546,89.427352033337,1394239061.137039,3.2104306045234790e-4,3.8947898077116034e-64,-2.2318119349323791e2,2.157408227793,a100_x+035,grid_node,supported,false
source:bto-bfo-medium:370027,bto-bfo-medium,370027,7353,arc1-current-polar-best-glide-equal-feed,124,-38.737629879239,88.429717430435,1394239063.949792,5.0892463791841526e-4,2.6965565603792958e-138,-3.9440087916461016e2,1.286648753777,a112_x+035,grid_node,supported,false
source:bto-bfo-medium:370027,bto-bfo-medium,370027,7407,arc1-current-polar-best-glide-equal-feed,125,-38.066067222721,89.559269868811,1394239092.726937,2.9657426855843403e-4,3.0665926143931715e-73,-2.4406425440819592e2,2.004368120140,a099_x+035,grid_node,supported,false
source:bto-bfo-medium:370027,bto-bfo-medium,370027,7467,arc1-current-polar-best-glide-equal-feed,126,-38.057269728905,89.214070978405,1394238997.914612,7.7394682423199897e-5,2.6495421414036958e-44,-1.7609208731518598e2,1.139622478749,a101_x+025,grid_node,supported,false
source:bto-bfo-medium:370027,bto-bfo-medium,370027,7527,arc1-current-polar-best-glide-equal-feed,127,-38.529467719119,89.152310654499,1394239134.578315,9.0162951697977305e-4,1.2780862993826084e-54,-2.0230224683772846e2,0.620369520052,a105_x+045,grid_node,supported,false
source:bto-bfo-medium:370027,bto-bfo-medium,370027,7588,arc1-current-polar-best-glide-equal-feed,128,-38.504203859587,89.050151579039,1394239110.888119,7.4034384666289710e-4,7.5087135780358291e-47,-1.8421636194608013e2,2.752142923370,a106_x+040,grid_node,supported,false
source:bto-bfo-medium:370027,bto-bfo-medium,370027,7645,arc1-current-polar-best-glide-equal-feed,129,-37.962386811054,89.858861262820,1394239129.959955,3.9432377521969743e-4,1.4564358047496667e-105,-3.1877642687528567e2,2.916049302637,a096_x+040,grid_node,supported,false
source:bto-bfo-medium:370027,bto-bfo-medium,370027,7704,arc1-current-polar-best-glide-equal-feed,130,-38.815899591892,88.439896671032,1394239053.330824,8.8331731742428705e-4,2.2995955833363817e-133,-3.8359858058899221e2,1.194683125689,a112_x+040,grid_node,supported,false
source:bto-bfo-medium:370027,bto-bfo-medium,370027,7761,arc1-current-polar-best-glide-equal-feed,131,-38.493718334901,88.816057491577,1394239044.147561,4.9909754205555246e-4,1.0553536415411678e-73,-2.4565144942026046e2,1.375211512202,a107_x+035,grid_node,supported,false
source:bto-bfo-medium:370027,bto-bfo-medium,370027,7815,arc1-current-polar-best-glide-equal-feed,132,-37.967392613131,89.614216217331,1394239014.298081,4.2837669564689773e-4,2.2424603763703257e-57,-2.0790359158977330e2,2.692784796254,a097_x+030,grid_node,supported,false
source:bto-bfo-medium:370027,bto-bfo-medium,370027,7877,arc1-current-polar-best-glide-equal-feed,133,-38.171748148894,89.321969422657,1394239088.034832,2.0518323369290750e-4,1.1888252564923520e-57,-2.0780210005934345e2,2.409419316490,a101_x+035,grid_node,supported,false
source:bto-bfo-medium:370027,bto-bfo-medium,370027,7932,arc1-current-polar-best-glide-equal-feed,134,-37.963652671419,89.846332421384,1394239095.455797,5.6070252067094012e-4,2.0709560981038440e-105,-3.1877642687528567e2,2.797465900932,a096_x+040,grid_node,supported,false
source:bto-bfo-medium:370027,bto-bfo-medium,370027,7992,arc1-current-polar-best-glide-equal-feed,135,-38.057912045340,89.561086509341,1394239036.509872,5.5080149445105341e-4,5.6953147118612634e-73,-2.4406425440819592e2,2.462608261817,a099_x+035,grid_node,supported,false
source:bto-bfo-medium:370027,bto-bfo-medium,370027,8049,arc1-current-polar-best-glide-equal-feed,136,-38.342784860821,89.232091765159,1394239093.078058,6.1356050345394528e-4,5.8177697022902352e-68,-2.3263796022338332e2,1.526432773349,a103_x+040,grid_node,supported,false
source:bto-bfo-medium:370027,bto-bfo-medium,370027,8103,arc1-current-polar-best-glide-equal-feed,137,-38.138301518539,89.542150360873,1394239146.190204,2.6154270534951845e-4,2.7043645170964942e-73,-2.4406425440819592e2,2.725462722006,a099_x+035,grid_node,supported,false
source:bto-bfo-medium:370027,bto-bfo-medium,370027,8159,arc1-current-polar-best-glide-equal-feed,138,-37.843869997123,89.734836853908,1394239005.828047,2.7796820037077446e-4,4.5189786946721843e-40,-1.6762643641994413e2,2.076340245698,a096_x+030,grid_node,supported,false
source:bto-bfo-medium:370027,bto-bfo-medium,370027,8216,arc1-current-polar-best-glide-equal-feed,139,-39.087481592577,87.795895965006,1394239044.638377,6.3679089486860124e-4,2.9679432198144673e-191,-5.1656613689969652e2,1.125372517822,a119_x+035,grid_node,supported,false
source:bto-bfo-medium:370027,bto-bfo-medium,370027,8276,arc1-current-polar-best-glide-equal-feed,140,-38.516460480780,88.710269492063,1394238953.015358,7.7790647279554889e-4,6.2042522289346959e-65,-2.2590321444230148e2,2.597282470480,a108_x+030,grid_node,supported,false
source:bto-bfo-medium:370027,bto-bfo-medium,370027,8334,arc1-current-polar-best-glide-equal-feed,141,-38.216267978231,89.183817255397,1394239003.834886,4.2712610175999187e-4,9.5833015298787065e-49,-1.8802753868266777e2,2.442494204777,a102_x+030,grid_node,supported,false
source:bto-bfo-medium:370027,bto-bfo-medium,370027,8389,arc1-current-polar-best-glide-equal-feed,142,-37.972483276355,89.642582806681,1394239024.753239,4.5219411874040705e-4,2.3671394919646762e-57,-2.0790359158977330e2,2.742899938990,a097_x+030,grid_node,supported,false
source:bto-bfo-medium:370027,bto-bfo-medium,370027,8451,arc1-current-polar-best-glide-equal-feed,143,-38.462449110775,88.776779604330,1394239028.987270,3.6106692588096326e-4,4.6110336500728478e-49,-1.8859109283312725e2,2.270034929647,a107_x+030,grid_node,supported,false
source:bto-bfo-medium:370027,bto-bfo-medium,370027,8513,arc1-current-polar-best-glide-equal-feed,144,-38.614465414955,88.875982492875,1394239109.843059,7.8112012444281841e-4,1.1724306434552108e-93,-2.9204587552407565e2,2.630066451773,a108_x+040,grid_node,supported,false
source:bto-bfo-medium:370027,bto-bfo-medium,370027,8579,arc1-current-polar-best-glide-equal-feed,145,-38.563651351506,88.492300050908,1394238965.552030,4.1422891004260696e-4,2.5052308808097332e-115,-3.4130913553586254e2,1.285978031308,a110_x+030,grid_node,supported,false
source:bto-bfo-medium:370027,bto-bfo-medium,370027,8636,arc1-current-polar-best-glide-equal-feed,146,-38.141043002167,89.194038948875,1394238995.732076,2.2599776501416329e-4,5.0706447540553876e-49,-1.8802753868266777e2,2.515463097235,a102_x+030,grid_node,supported,false
source:bto-bfo-medium:370027,bto-bfo-medium,370027,8694,arc1-current-polar-best-glide-equal-feed,147,-38.106819156320,89.164738037174,1394238979.521474,1.4800746440596068e-4,1.0191285680485015e-42,-1.7309070069232942e2,0.889625413173,a102_x+025,grid_node,supported,false
source:bto-bfo-medium:370027,bto-bfo-medium,370027,8757,arc1-current-polar-best-glide-equal-feed,148,-38.035772110766,89.338868343202,1394238950.902988,3.2662456861966136e-4,1.9986111512947938e-71,-2.3998371248671029e2,1.681714684765,a100_x+025,grid_node,supported,false
source:bto-bfo-medium:370027,bto-bfo-medium,370027,8816,arc1-current-polar-best-glide-equal-feed,149,-38.294826562046,88.813590918087,1394238955.258653,1.7040304228499277e-4,3.8416611847033589e-53,-1.9723308351946386e2,0.903772592524,a106_x+025,grid_node,supported,false
source:bto-bfo-medium:370027,bto-bfo-medium,370027,8881,arc1-current-polar-best-glide-equal-feed,150,-38.278935736779,88.869689090597,1394238941.349448,2.5823265850269172e-4,1.3154008629497118e-48,-1.8720761595749718e2,1.535307176587,a105_x+025,grid_node,supported,false
source:bto-bfo-medium:370027,bto-bfo-medium,370027,8936,arc1-current-polar-best-glide-equal-feed,151,-37.685687491352,90.082220452216,1394239023.411573,4.0381718859889583e-4,9.6097632622797608e-60,-2.1329710025956146e2,1.302443435334,a092_x+030,grid_node,supported,false
source:bto-bfo-medium:370027,bto-bfo-medium,370027,8996,arc1-current-polar-best-glide-equal-feed,152,-38.621865532751,88.517153908330,1394239026.366417,4.3383215516468128e-4,2.6237900973521450e-115,-3.4130913553586254e2,2.787954380353,a110_x+030,grid_node,supported,false
source:bto-bfo-medium:370027,bto-bfo-medium,370027,9059,arc1-current-polar-best-glide-equal-feed,153,-38.444688083307,88.939207481070,1394239045.627751,5.8047046296437509e-4,1.0144102457911386e-59,-2.1360586399543325e2,0.420189186303,a106_x+035,grid_node,supported,false
source:bto-bfo-medium:370027,bto-bfo-medium,370027,9126,arc1-current-polar-best-glide-equal-feed,154,-37.810162009966,89.637168482480,1394238995.478607,9.0664973361680127e-5,7.0027049078727650e-23,-1.2692414374632884e2,1.048763464549,a096_x+025,grid_node,supported,false
source:bto-bfo-medium:370027,bto-bfo-medium,370027,9184,arc1-current-polar-best-glide-equal-feed,155,-39.028261162295,86.918948332285,1394238701.555957,1.3137218840827484e-4,5.7068498897445656e-219,-5.7880631460101392e2,1.861211675645,a125_x+010,grid_node,supported,false
source:bto-bfo-medium:370027,bto-bfo-medium,370027,9246,arc1-current-polar-best-glide-equal-feed,156,-38.085590925135,89.244938443897,1394238952.293414,2.9684194185059074e-4,1.0162135299795196e-43,-1.7609208731518598e2,1.449622295250,a101_x+025,grid_node,supported,false
source:bto-bfo-medium:370027,bto-bfo-medium,370027,9308,arc1-current-polar-best-glide-equal-feed,157,-37.861062349540,90.257264295276,1394239167.067594,7.6433061246565005e-4,1.3100237076377119e-72,-2.4355889389147683e2,0.310569421638,a092_x+045,grid_node,supported,false
source:bto-bfo-medium:370027,bto-bfo-medium,370027,9369,arc1-current-polar-best-glide-equal-feed,158,-39.047909848642,87.467049688694,1394238959.102619,1.9996478365373661e-4,4.7806979432395939e-194,-5.2183887475707968e2,1.421834097636,a121_x+025,grid_node,supported,false
source:bto-bfo-medium:370027,bto-bfo-medium,370027,9426,arc1-current-polar-best-glide-equal-feed,159,-38.052761580287,88.678853770396,1394238671.407848,1.4335110847803206e-4,2.8430155968126146e-38,-1.6282247713604434e2,1.324620070413,a105_x+010,grid_node,supported,false
source:bto-bfo-medium:370027,bto-bfo-medium,370027,9492,arc1-current-polar-best-glide-equal-feed,160,-37.562489405180,90.060217428678,1394239023.461352,7.0107862131656279e-5,4.5131761337769636e-52,-1.9388127062720761e2,1.194058231820,a091_x+025,grid_node,supported,false
source:bto-bfo-medium:370027,bto-bfo-medium,370027,9556,arc1-current-polar-best-glide-equal-feed,161,-38.092658707346,89.560833800366,1394239123.282937,2.5146441988937079e-4,2.6001545466629015e-73,-2.4406425440819592e2,1.234754179268,a099_x+035,grid_node,supported,false
source:bto-bfo-medium:370027,bto-bfo-medium,370027,9612,arc1-current-polar-best-glide-equal-feed,162,-38.248103734007,89.113007523813,1394239010.306870,3.7108166924780251e-4,7.8610295046705812e-52,-1.9499274142471037e2,1.190535538533,a103_x+030,grid_node,supported,false
source:bto-bfo-medium:370027,bto-bfo-medium,370027,9669,arc1-current-polar-best-glide-equal-feed,163,-38.338218481143,89.141143971266,1394239048.205149,6.1854620680400966e-4,3.7682182737491643e-52,-1.9623900644526350e2,1.975951776559,a104_x+035,grid_node,supported,false
source:bto-bfo-medium:370027,bto-bfo-medium,370027,9728,arc1-current-polar-best-glide-equal-feed,164,-37.888464484996,89.803096108452,1394239035.134849,4.5544355040407630e-4,5.6436374813751505e-81,-2.6230394750754471e2,3.125910286283,a095_x+035,grid_node,supported,false
source:bto-bfo-medium:370027,bto-bfo-medium,370027,9792,arc1-current-polar-best-glide-equal-feed,165,-38.648383998304,88.311336682688,1394238968.112344,3.3729856175710653e-4,2.0076088747665002e-151,-4.2421818511679504e2,1.943015554643,a112_x+030,grid_node,supported,false
source:bto-bfo-medium:370027,bto-bfo-medium,370027,9852,arc1-current-polar-best-glide-equal-feed,166,-37.696447167878,89.931432277840,1394239010.621299,1.8658357958788074e-4,2.2325630901581838e-52,-1.9556396582506849e2,2.543663688044,a093_x+025,grid_node,supported,false
source:bto-bfo-medium:370027,bto-bfo-medium,370027,9917,arc1-current-polar-best-glide-equal-feed,167,-38.053514527481,89.241498864334,1394238947.986153,2.1375762908562403e-4,7.3178134282145667e-44,-1.7609208731518598e2,0.556971620660,a101_x+025,grid_node,supported,false
source:bto-bfo-medium:370027,bto-bfo-medium,370027,9980,arc1-current-polar-best-glide-equal-feed,168,-38.213639978053,89.016015735845,1394238928.615471,3.7253349360242253e-4,3.3026098559435980e-45,-1.7974575510887684e2,1.848393730858,a104_x+025,grid_node,supported,false
source:bto-bfo-medium:370027,bto-bfo-medium,370027,10037,arc1-current-polar-best-glide-equal-feed,169,-38.307070092220,89.530537846540,1394239142.556306,8.7500635442232363e-4,1.0541974231680250e-53,-2.0016227333212166e2,2.447100335340,a101_x+045,grid_node,supported,false
source:bto-bfo-medium:370027,bto-bfo-medium,370027,10096,arc1-current-polar-best-glide-equal-feed,170,-37.867554641264,89.579506175561,1394238962.240234,2.1130181097337488e-4,1.1299519478852065e-31,-1.4801506226619924e2,0.472406548539,a097_x+025,grid_node,supported,false
source:bto-bfo-medium:370027,bto-bfo-medium,370027,10163,arc1-current-polar-best-glide-equal-feed,171,-38.439595272933,88.684796569415,1394238947.833844,4.2826189045885025e-4,3.4156352741203612e-65,-2.2590321444230148e2,2.170587230035,a108_x+030,grid_node,supported,false
source:bto-bfo-medium:370027,bto-bfo-medium,370027,10225,arc1-current-polar-best-glide-equal-feed,172,-37.989488601373,88.904023080552,1394238750.771244,1.1386269460811717e-4,5.1734888563144995e-28,-1.3896764060098269e2,2.177700419614,a103_x+010,grid_node,supported,false
source:bto-bfo-medium:370027,bto-bfo-medium,370027,10285,arc1-current-polar-best-glide-equal-feed,173,-37.723352399532,89.799207878445,1394238992.780040,1.1671526772381847e-4,1.4094635869323192e-32,-1.4950306313415925e2,1.654454248915,a094_x+025,grid_node,supported,false
source:bto-bfo-medium:370027,bto-bfo-medium,370027,10347,arc1-current-polar-best-glide-equal-feed,174,-37.949779682944,89.450524985021,1394238992.485531,1.4721195417215428e-4,2.8092605042530504e-44,-1.7667650821817557e2,2.091549809229,a099_x+025,grid_node,supported,false
source:bto-bfo-medium:370027,bto-bfo-medium,370027,10406,arc1-current-polar-best-glide-equal-feed,175,-38.654495651344,88.785431973177,1394239092.632435,8.2195862678413536e-4,2.7866845342122133e-86,-2.7511296750468819e2,2.745215561499,a109_x+040,grid_node,supported,false
source:bto-bfo-medium:370027,bto-bfo-medium,370027,10465,arc1-current-polar-best-glide-equal-feed,176,-38.198701250847,89.237785158147,1394239019.223709,4.2334859906478198e-4,9.4985468234607231e-49,-1.8802753868266777e2,1.693466785649,a102_x+030,grid_node,supported,false
source:bto-bfo-medium:370027,bto-bfo-medium,370027,10525,arc1-current-polar-best-glide-equal-feed,177,-38.049116719709,89.105573533466,1394238932.351178,8.1275104545686246e-5,6.7537806627815714e-38,-1.6138978283600213e2,0.931953355957,a102_x+020,grid_node,supported,false
source:bto-bfo-medium:370027,bto-bfo-medium,370027,10584,arc1-current-polar-best-glide-equal-feed,178,-37.874874325860,89.677531971962,1394238971.849969,3.9771768837365020e-4,6.4657675153398254e-40,-1.6762643641994413e2,2.123154382720,a096_x+030,grid_node,supported,false
source:bto-bfo-medium:370027,bto-bfo-medium,370027,10647,arc1-current-polar-best-glide-equal-feed,179,-38.227993128383,89.479145491433,1394239152.135072,4.0303005395573259e-4,1.3313730213968271e-55,-2.0375879248876291e2,1.994644469057,a100_x+040,grid_node,supported,false
source:bto-bfo-medium:370027,bto-bfo-medium,370027,10705,arc1-current-polar-best-glide-equal-feed,180,-38.095298436709,89.908142831542,1394239145.407461,9.0653240507694588e-4,3.2454354016149169e-95,-2.9578177309014421e2,1.117671984821,a096_x+045,grid_node,supported,false
source:bto-bfo-medium:370027,bto-bfo-medium,370027,10762,arc1-current-polar-best-glide-equal-feed,181,-37.670632373277,89.910894085071,1394239019.916106,9.3053101069967437e-5,1.1134255186465705e-52,-1.9556396582506849e2,0.918127754479,a093_x+025,grid_node,supported,false
source:bto-bfo-medium:370027,bto-bfo-medium,370027,10821,arc1-current-polar-best-glide-equal-feed,182,-38.094671621752,89.658883284230,1394239134.643913,4.0458817447992974e-4,1.9390047752179245e-89,-2.8167458013011202e2,1.403231829028,a098_x+040,grid_node,supported,false
source:bto-bfo-medium:370027,bto-bfo-medium,370027,10883,arc1-current-polar-best-glide-equal-feed,183,-37.907559411022,89.877716004867,1394239102.726067,3.7557189854325076e-4,4.6539063769580412e-81,-2.6230394750754471e2,0.933876460572,a095_x+035,grid_node,supported,false
source:bto-bfo-medium:370027,bto-bfo-medium,370027,10938,arc1-current-polar-best-glide-equal-feed,184,-37.895378437022,89.700650301689,1394239000.636880,3.9789192493349464e-4,6.4686001102220426e-40,-1.6762643641994413e2,1.505347461833,a096_x+030,grid_node,supported,false
source:bto-bfo-medium:370027,bto-bfo-medium,370027,11001,arc1-current-polar-best-glide-equal-feed,185,-38.155692725335,89.771189088682,1394239114.064903,9.4653755752375135e-4,4.9846136797107403e-72,-2.4243639343799344e2,1.778602366199,a098_x+045,grid_node,supported,false
source:bto-bfo-medium:370027,bto-bfo-medium,370027,11057,arc1-current-polar-best-glide-equal-feed,186,-38.256509225056,89.494090258496,1394239128.645765,6.9221552090550844e-4,2.2866708338008139e-55,-2.0375879248876291e2,2.968605799779,a100_x+040,grid_node,supported,false
source:bto-bfo-medium:370027,bto-bfo-medium,370027,11117,arc1-current-polar-best-glide-equal-feed,187,-38.186780569702,89.651688530321,1394239152.070704,6.5897616478707236e-4,9.3823344839339664e-75,-2.4834955272470131e2,2.420747504260,a099_x+045,grid_node,supported,false
source:bto-bfo-medium:370027,bto-bfo-medium,370027,11172,arc1-current-polar-best-glide-equal-feed,188,-37.915248341040,90.024745492680,1394239123.484106,6.5505023132007270e-4,1.7319941458090117e-86,-2.7536156848510115e2,0.507203071635,a094_x+040,grid_node,supported,false
source:bto-bfo-medium:370027,bto-bfo-medium,370027,11232,arc1-current-polar-best-glide-equal-feed,189,-38.352510264266,88.558102602157,1394238877.657838,1.6738692145242811e-4,8.8923896377914253e-60,-2.1249402978906156e2,1.057070780973,a108_x+020,grid_node,supported,false
source:bto-bfo-medium:370027,bto-bfo-medium,370027,11290,arc1-current-polar-best-glide-equal-feed,190,-38.443741699500,89.022329706412,1394239126.043168,3.4212483377208059e-4,1.5474427308722647e-67,-2.3107558519071165e2,2.819982028729,a105_x+040,grid_node,supported,false
source:bto-bfo-medium:370027,bto-bfo-medium,370027,11346,arc1-current-polar-best-glide-equal-feed,191,-38.077741095651,89.658425141604,1394239138.329797,3.2126889402820416e-4,1.5396938391747179e-89,-2.8167458013011202e2,2.217458256738,a098_x+040,grid_node,supported,false
source:bto-bfo-medium:370027,bto-bfo-medium,370027,11401,arc1-current-polar-best-glide-equal-feed,192,-37.901500245497,89.818024987448,1394239077.542073,3.4897256227300839e-4,4.3243001919076828e-81,-2.6230394750754471e2,2.447441711892,a095_x+035,grid_node,supported,false
source:bto-bfo-medium:370027,bto-bfo-medium,370027,11465,arc1-current-polar-best-glide-equal-feed,193,-38.383394381348,88.992372025065,1394239069.296234,3.3929684176558269e-4,4.7688133821115366e-50,-1.9079784450225770e2,1.292094217110,a105_x+035,grid_node,supported,false
source:bto-bfo-medium:370027,bto-bfo-medium,370027,11522,arc1-current-polar-best-glide-equal-feed,194,-37.854193507461,90.249187380220,1394239156.958676,7.7349699680304379e-4,1.3257344231310303e-72,-2.4355889389147683e2,0.822244617220,a092_x+045,grid_node,supported,false
source:bto-bfo-medium:370027,bto-bfo-medium,370027,11578,arc1-current-polar-best-glide-equal-feed,195,-38.423156627298,89.225511503717,1394239111.513171,8.1672795983811833e-4,9.7368677242239474e-55,-2.0247537869854168e2,3.025753904847,a104_x+040,grid_node,supported,false
source:bto-bfo-medium:370027,bto-bfo-medium,370027,11633,arc1-current-polar-best-glide-equal-feed,196,-37.723839299858,90.223898348890,1394239072.809698,6.7146940693658919e-4,5.8759372221580556e-70,-2.3732337138673219e2,2.481932336730,a091_x+035,grid_node,supported,false
source:bto-bfo-medium:370027,bto-bfo-medium,370027,11693,arc1-current-polar-best-glide-equal-feed,197,-37.883245205015,89.750872741050,1394239031.767540,3.3509941127870358e-4,5.4477709973507750e-40,-1.6762643641994413e2,1.407356053233,a096_x+030,grid_node,supported,false
source:bto-bfo-medium:370027,bto-bfo-medium,370027,11753,arc1-current-polar-best-glide-equal-feed,198,-37.883842355294,90.033148926944,1394239130.451626,5.0193902305675656e-4,1.3271584497198619e-86,-2.7536156848510115e2,1.605870745632,a094_x+040,grid_node,supported,false
source:bto-bfo-medium:370027,bto-bfo-medium,370027,11813,arc1-current-polar-best-glide-equal-feed,199,-37.500095196122,89.538869274285,1394238744.312881,1.8671684956843588e-5,2.5554192787864284e-9,-9.4115869724374974e1,2.296029958901,a095_x+005,grid_node,supported,false
source:bto-bfo-medium:370027,bto-bfo-medium,370027,11873,arc1-current-polar-best-glide-equal-feed,200,-38.046870563416,89.451206202290,1394238996.863337,4.3021359526723485e-4,1.5700249194572070e-71,-2.4050054392561012e2,1.545181684845,a099_x+030,grid_node,supported,false
source:bto-bfo-medium:370027,bto-bfo-medium,370027,11940,arc1-current-polar-best-glide-equal-feed,201,-38.021980632266,88.884023438023,1394238823.000613,4.3666621787280896e-5,1.3055748843811038e-39,-1.6471457116132262e2,2.609398036893,a103_x+015,grid_node,supported,false
source:bto-bfo-medium:370027,bto-bfo-medium,370027,11996,arc1-current-polar-best-glide-equal-feed,202,-37.952442205834,89.560577310101,1394239029.941597,2.0009998253617048e-4,2.6353873313992444e-50,-1.9086285363398414e2,1.485923071172,a098_x+030,grid_node,supported,false
source:bto-bfo-medium:370027,bto-bfo-medium,370027,12054,arc1-current-polar-best-glide-equal-feed,203,-38.154864711731,89.796461060384,1394239153.664879,8.5305285062093868e-4,1.3247205722275403e-85,-2.7359116485627379e2,2.247483485318,a097_x+045,grid_node,supported,false
source:bto-bfo-medium:370027,bto-bfo-medium,370027,12112,arc1-current-polar-best-glide-equal-feed,204,-38.429882537364,88.963212756172,1394239033.538904,6.4313995855233758e-4,1.1239293040018242e-59,-2.1360586399543325e2,1.755892013949,a106_x+035,grid_node,supported,false
source:bto-bfo-medium:370027,bto-bfo-medium,370027,12170,arc1-current-polar-best-glide-equal-feed,205,-37.868214488835,89.900478883669,1394239091.114803,3.3933366353552789e-4,4.2048595935158283e-81,-2.6230394750754471e2,2.146543207462,a095_x+035,grid_node,supported,false
source:bto-bfo-medium:370027,bto-bfo-medium,370027,12225,arc1-current-polar-best-glide-equal-feed,206,-37.986673140620,89.694222498001,1394239091.911480,3.0509407001729123e-4,8.8595424897025506e-86,-2.7296525502327205e2,0.542169166226,a097_x+035,grid_node,supported,false
source:bto-bfo-medium:370027,bto-bfo-medium,370027,12285,arc1-current-polar-best-glide-equal-feed,207,-38.772826965314,87.814341425509,1394238929.716588,8.3213216556244038e-5,3.6890713882263322e-187,-5.0510325580385967e2,1.648230186104,a117_x+020,grid_node,supported,false
source:bto-bfo-medium:370027,bto-bfo-medium,370027,12349,arc1-current-polar-best-glide-equal-feed,208,-38.414651340442,88.943780781933,1394239076.251115,3.1717670051451127e-4,5.5428710891685285e-60,-2.1360586399543325e2,1.858550761015,a106_x+035,grid_node,supported,false
source:bto-bfo-medium:370027,bto-bfo-medium,370027,12410,arc1-current-polar-best-glide-equal-feed,209,-38.231558105876,88.218034659880,1394238683.614291,2.9129167021769013e-5,4.0655860365573578e-111,-3.2895993939465285e2,0.256605979323,a110_x+005,grid_node,supported,false
source:bto-bfo-medium:370027,bto-bfo-medium,370027,12475,arc1-current-polar-best-glide-equal-feed,210,-37.983188799877,89.260173495235,1394238907.125414,1.7979127159822164e-4,2.7826625274688990e-13,-1.0550580656766603e2,2.381948306943,a100_x+020,grid_node,supported,false
source:bto-bfo-medium:370027,bto-bfo-medium,370027,12541,arc1-current-polar-best-glide-equal-feed,211,-37.701087239180,90.062392928170,1394239071.988678,2.1363135540566807e-4,5.0838518240675558e-60,-2.1329710025956146e2,1.910883343328,a092_x+030,grid_node,supported,false
source:bto-bfo-medium:370027,bto-bfo-medium,370027,12597,arc1-current-polar-best-glide-equal-feed,212,-37.892024643579,89.375144919043,1394238892.404598,1.6297924746080106e-4,9.5054130799457192e-11,-9.9574009461218878e1,1.423491072657,a099_x+020,grid_node,supported,false
source:bto-bfo-medium:370027,bto-bfo-medium,370027,12658,arc1-current-polar-best-glide-equal-feed,213,-37.968810288004,89.511228195528,1394239012.251594,2.1861366532223189e-4,2.8792190621847041e-50,-1.9086285363398414e2,2.131494241402,a098_x+030,grid_node,supported,false
source:bto-bfo-medium:370027,bto-bfo-medium,370027,12715,arc1-current-polar-best-glide-equal-feed,214,-38.134413437757,88.653003245770,1394238685.775120,2.8507323638260473e-4,8.7616710601794832e-50,-1.9001542611566981e2,2.268977054082,a106_x+010,grid_node,supported,false
source:bto-bfo-medium:370027,bto-bfo-medium,370027,12779,arc1-current-polar-best-glide-equal-feed,215,-38.011204609344,89.837281169153,1394239123.187170,5.7081426522242378e-4,2.1083038507344920e-105,-3.1877642687528567e2,0.519862621054,a096_x+040,grid_node,supported,false
source:bto-bfo-medium:370027,bto-bfo-medium,370027,12841,arc1-current-polar-best-glide-equal-feed,216,-37.729572240293,89.814909846776,1394238994.870860,1.4246335323228379e-4,1.7203996766586067e-32,-1.4950306313415925e2,1.401002185883,a094_x+025,grid_node,supported,false
source:bto-bfo-medium:370027,bto-bfo-medium,370027,12895,arc1-current-polar-best-glide-equal-feed,217,-38.002927699932,89.270236608752,1394238931.967569,1.7195804662573777e-4,1.0522088739174925e-71,-2.3998371248671029e2,2.612546885399,a100_x+025,grid_node,supported,false
source:bto-bfo-medium:370027,bto-bfo-medium,370027,12957,arc1-current-polar-best-glide-equal-feed,218,-37.743655808759,89.888144482481,1394239009.666629,2.4064844737037573e-4,8.8668132358821190e-83,-2.6581939640106884e2,1.917783383427,a094_x+030,grid_node,supported,false
source:bto-bfo-medium:370027,bto-bfo-medium,370027,13014,arc1-current-polar-best-glide-equal-feed,219,-38.286693678262,89.044452284975,1394239011.264829,3.6529817431773149e-4,3.3310456867858358e-45,-1.7971756884200190e2,0.540390563409,a104_x+030,grid_node,supported,false
source:bto-bfo-medium:370027,bto-bfo-medium,370027,13074,arc1-current-polar-best-glide-equal-feed,220,-37.786124473554,90.029231587128,1394239081.665506,3.8068537235411208e-4,5.3301117971457076e-74,-2.4606370990414865e2,0.715521843025,a093_x+035,grid_node,supported,false
source:bto-bfo-medium:370027,bto-bfo-medium,370027,13126,arc1-current-polar-best-glide-equal-feed,221,-38.102259160028,88.958675168783,1394238878.492532,1.2300210566275848e-4,1.0430976942698191e-33,-1.5215912670099760e2,2.018677734694,a103_x+020,grid_node,supported,false
source:bto-bfo-medium:370027,bto-bfo-medium,370027,13189,arc1-current-polar-best-glide-equal-feed,222,-37.860390080877,89.703385262960,1394239034.120448,1.7819394612457711e-4,2.8969308179224325e-40,-1.6762643641994413e2,1.339167583128,a096_x+030,grid_node,supported,false
source:bto-bfo-medium:370027,bto-bfo-medium,370027,13245,arc1-current-polar-best-glide-equal-feed,223,-38.010735075512,89.550694071345,1394239093.300806,1.3970670451310681e-4,1.8399865633112930e-50,-1.9086285363398414e2,2.047428628914,a098_x+030,grid_node,supported,false
source:bto-bfo-medium:370027,bto-bfo-medium,370027,13304,arc1-current-polar-best-glide-equal-feed,224,-38.319172806286,89.495838169977,1394239146.891170,8.3157721588950745e-4,1.0018745049397201e-53,-2.0016227333212166e2,0.759965311051,a101_x+045,grid_node,supported,false
source:bto-bfo-medium:370027,bto-bfo-medium,370027,13360,arc1-current-polar-best-glide-equal-feed,225,-37.727409756277,90.377714918350,1394239136.096077,7.2369086636865155e-4,5.3580660852122301e-69,-2.3518794462865662e2,2.002298648894,a090_x+040,grid_node,supported,false
source:bto-bfo-medium:370027,bto-bfo-medium,370027,13417,arc1-current-polar-best-glide-equal-feed,226,-37.670928338964,89.984695573954,1394239037.511929,1.3627891360938306e-4,2.0411558160257655e-69,-2.3448337080969756e2,3.058346226825,a093_x+030,grid_node,supported,false
source:bto-bfo-medium:370027,bto-bfo-medium,370027,13477,arc1-current-polar-best-glide-equal-feed,227,-37.875551982150,89.827571361863,1394239050.467080,3.9973010613241980e-4,4.9532632691833422e-81,-2.6230394750754471e2,2.234601563616,a095_x+035,grid_node,supported,false
source:bto-bfo-medium:370027,bto-bfo-medium,370027,13539,arc1-current-polar-best-glide-equal-feed,228,-37.962787713767,90.166257091428,1394239158.905865,9.2131415174496784e-4,1.0894916906470578e-87,-2.7846880491448655e2,2.627356087753,a093_x+045,grid_node,supported,false
source:bto-bfo-medium:370027,bto-bfo-medium,370027,13601,arc1-current-polar-best-glide-equal-feed,229,-37.469941377000,90.089642501284,1394238981.402540,4.4855560946904713e-5,4.1862942390286716e-37,-1.5897109209472353e2,2.108616597857,a090_x+020,grid_node,supported,false
source:bto-bfo-medium:370027,bto-bfo-medium,370027,13665,arc1-current-polar-best-glide-equal-feed,230,-38.525884068600,88.859055879782,1394239019.731326,8.4813708421703255e-4,1.7934060678162160e-73,-2.4565144942026046e2,2.109568576779,a107_x+035,grid_node,supported,false
source:bto-bfo-medium:370027,bto-bfo-medium,370027,13730,arc1-current-polar-best-glide-equal-feed,231,-38.132773056973,89.656505131842,1394239129.260040,5.8266662998410212e-4,2.7924527931434953e-89,-2.8167458013011202e2,1.802342633451,a098_x+040,grid_node,supported,false
source:bto-bfo-medium:370027,bto-bfo-medium,370027,13784,arc1-current-polar-best-glide-equal-feed,232,-38.038289540774,89.837675709004,1394239148.268030,5.3317331357477223e-4,1.9692769060010880e-105,-3.1877642687528567e2,1.757136047123,a096_x+040,grid_node,supported,false
source:bto-bfo-medium:370027,bto-bfo-medium,370027,13842,arc1-current-polar-best-glide-equal-feed,233,-38.113239970415,89.590404591356,1394239076.221885,6.3582388173323806e-4,1.7795976790817172e-68,-2.3385813261330085e2,2.820897990375,a099_x+040,grid_node,supported,false
source:bto-bfo-medium:370027,bto-bfo-medium,370027,13897,arc1-current-polar-best-glide-equal-feed,234,-37.748097726960,90.234429919998,1394239102.541311,6.3581038483252533e-4,2.1288630213878983e-66,-2.2907374047100882e2,1.923799028708,a091_x+040,grid_node,supported,false
source:bto-bfo-medium:370027,bto-bfo-medium,370027,13957,arc1-current-polar-best-glide-equal-feed,235,-37.909855662873,89.668675637312,1394239025.421522,2.8469804107287780e-4,1.4903333510523859e-57,-2.0790359158977330e2,1.751159434058,a097_x+030,grid_node,supported,false
source:bto-bfo-medium:370027,bto-bfo-medium,370027,14014,arc1-current-polar-best-glide-equal-feed,236,-38.514146560699,89.040848324729,1394239078.920174,8.8942532775028004e-4,9.0207274163627719e-47,-1.8421636194608013e2,2.288985916471,a106_x+040,grid_node,supported,false
source:bto-bfo-medium:370027,bto-bfo-medium,370027,14080,arc1-current-polar-best-glide-equal-feed,237,-38.604932083446,88.605909452613,1394239095.571491,2.2711772343656910e-4,4.9932612637311555e-108,-3.2390038127170106e2,2.736875886465,a110_x+035,grid_node,supported,false
source:bto-bfo-medium:370027,bto-bfo-medium,370027,14134,arc1-current-polar-best-glide-equal-feed,238,-38.325042784523,89.004543636733,1394239042.076820,2.7980134697751561e-4,1.7991399593537931e-61,-2.1690827379456579e2,2.405530269429,a105_x+030,grid_node,supported,false
source:bto-bfo-medium:370027,bto-bfo-medium,370027,14189,arc1-current-polar-best-glide-equal-feed,239,-37.942371322368,89.732086151306,1394239071.128120,3.2404069446916766e-4,8.4722688221426776e-79,-2.5695210511219045e2,2.517194444219,a096_x+035,grid_node,supported,false
source:bto-bfo-medium:370027,bto-bfo-medium,370027,14245,arc1-current-polar-best-glide-equal-feed,240,-38.423224480603,89.233706719299,1394239122.661882,7.7810740873953744e-4,9.2764412224080006e-55,-2.0247537869854168e2,3.406117033832,a104_x+040,grid_node,supported,false
source:bto-bfo-medium:370027,bto-bfo-medium,370027,14301,arc1-current-polar-best-glide-equal-feed,241,-37.844580706222,89.928178920150,1394239053.608952,4.9984514996022128e-4,8.6374713171015512e-55,-2.0210418059269742e2,1.313092188166,a094_x+035,grid_node,supported,false
source:bto-bfo-medium:370027,bto-bfo-medium,370027,14352,arc1-current-polar-best-glide-equal-feed,242,-37.791025800513,90.052629902270,1394239069.978348,5.0911759463134949e-4,7.1283371895749941e-74,-2.4606370990414865e2,0.450188105980,a093_x+035,grid_node,supported,false
source:bto-bfo-medium:370027,bto-bfo-medium,370027,14407,arc1-current-polar-best-glide-equal-feed,243,-37.881228064794,89.710516739872,1394238997.876179,3.7950452150971417e-4,6.1696728077046999e-40,-1.6762643641994413e2,0.611436108893,a096_x+030,grid_node,supported,false
source:bto-bfo-medium:370027,bto-bfo-medium,370027,14459,arc1-current-polar-best-glide-equal-feed,244,-38.026509292528,89.261775907985,1394239007.325124,6.3698056725463057e-5,2.1806496303813910e-44,-1.7609208731518598e2,2.434140254773,a101_x+025,grid_node,supported,false
source:bto-bfo-medium:370027,bto-bfo-medium,370027,14521,arc1-current-polar-best-glide-equal-feed,245,-37.967459895659,89.160184833499,1394238801.097750,2.9609464463319123e-4,1.2543031927321400e-37,-1.6206355939190055e2,1.804327223047,a101_x+020,grid_node,supported,false
source:bto-bfo-medium:370027,bto-bfo-medium,370027,14584,arc1-current-polar-best-glide-equal-feed,246,-38.249695846204,89.196522136267,1394239037.535648,4.2953200629569649e-4,6.1003984409291751e-55,-2.0230033428198271e2,2.929244513351,a103_x+035,grid_node,supported,false
source:bto-bfo-medium:370027,bto-bfo-medium,370027,14640,arc1-current-polar-best-glide-equal-feed,247,-37.563276329270,90.150053201593,1394239006.720099,2.1014058950117760e-4,1.0738411197399571e-49,-1.8950701628129951e2,3.302732059056,a091_x+030,grid_node,supported,false
source:bto-bfo-medium:370027,bto-bfo-medium,370027,14704,arc1-current-polar-best-glide-equal-feed,248,-37.699734098120,89.326974887658,1394238727.974283,8.9606295497336136e-5,5.9076402697230952e-12,-1.0175401221754208e2,1.323432859922,a098_x+010,grid_node,supported,false
source:bto-bfo-medium:370027,bto-bfo-medium,370027,14767,arc1-current-polar-best-glide-equal-feed,249,-38.369256848130,88.730234175680,1394238996.473368,1.2990426843913596e-4,2.3296973163439149e-60,-2.1357997700620948e2,0.820089212662,a107_x+025,grid_node,supported,false
source:bto-bfo-medium:370027,bto-bfo-medium,370027,14829,arc1-current-polar-best-glide-equal-feed,250,-38.348896838002,89.010641463278,1394239058.191722,3.0614382753838020e-4,4.3028481315029417e-50,-1.9079784450225770e2,2.782167618632,a105_x+035,grid_node,supported,false
source:bto-bfo-medium:370027,bto-bfo-medium,370027,14883,arc1-current-polar-best-glide-equal-feed,251,-38.293864686723,89.029801983769,1394239030.028158,2.8183111743926428e-4,2.5699343554110708e-45,-1.7971756884200190e2,0.991995849417,a104_x+030,grid_node,supported,false
source:bto-bfo-medium:370027,bto-bfo-medium,370027,14939,arc1-current-polar-best-glide-equal-feed,252,-38.109426399726,89.355783443616,1394238961.574467,6.0751227181359111e-4,5.5370172157622180e-37,-1.6129737686524533e2,2.487900696737,a100_x+030,grid_node,supported,false
source:bto-bfo-medium:370027,bto-bfo-medium,370027,15004,arc1-current-polar-best-glide-equal-feed,253,-37.780402770137,89.248671952903,1394238722.799778,1.6060559156935063e-4,6.6464258556894874e-13,-1.0452229057769991e2,1.855757222768,a099_x+010,grid_node,supported,false
source:bto-bfo-medium:370027,bto-bfo-medium,370027,15062,arc1-current-polar-best-glide-equal-feed,254,-38.132511099634,89.308698963158,1394239013.804250,3.4710403677424721e-4,9.0207744813742456e-48,-1.8557799081944603e2,0.460189578070,a101_x+030,grid_node,supported,false
source:bto-bfo-medium:370027,bto-bfo-medium,370027,15117,arc1-current-polar-best-glide-equal-feed,255,-37.825165137269,89.857607942688,1394239012.819247,4.5528944612825218e-4,3.3350293221347943e-75,-2.4901414586101004e2,2.458439967928,a095_x+030,grid_node,supported,false
source:bto-bfo-medium:370027,bto-bfo-medium,370027,15167,arc1-current-polar-best-glide-equal-feed,256,-38.254982097927,88.992822413564,1394239049.428195,8.7078595962664887e-5,7.9404388492921579e-46,-1.7971756884200190e2,2.596763356997,a104_x+030,grid_node,supported,false
source:bto-bfo-medium:370027,bto-bfo-medium,370027,15227,arc1-current-polar-best-glide-equal-feed,257,-38.124370774725,89.253807314475,1394239005.180787,2.4106134360287617e-4,6.2648652462458683e-48,-1.8557799081944603e2,2.197362665836,a101_x+030,grid_node,supported,false
source:bto-bfo-medium:370027,bto-bfo-medium,370027,15284,arc1-current-polar-best-glide-equal-feed,258,-37.976834378619,90.016014550265,1394239160.693992,6.6878874178138167e-4,5.2505328905752234e-102,-3.1111463013513821e2,3.139952884700,a094_x+045,grid_node,supported,false
source:bto-bfo-medium:370027,bto-bfo-medium,370027,15337,arc1-current-polar-best-glide-equal-feed,259,-38.275958660181,89.398056376083,1394239125.286472,5.5879178350183448e-4,1.2163864750354324e-37,-1.6272935280231178e2,1.489374219148,a101_x+040,grid_node,supported,false
source:bto-bfo-medium:370027,bto-bfo-medium,370027,15395,arc1-current-polar-best-glide-equal-feed,260,-38.485016178132,88.497552520823,1394238903.866323,3.8229542764101564e-4,1.3502174041068934e-95,-2.9579532389136460e2,2.407248738833,a110_x+025,grid_node,supported,false
source:bto-bfo-medium:370027,bto-bfo-medium,370027,15449,arc1-current-polar-best-glide-equal-feed,261,-38.192852291380,89.562621061969,1394239072.014706,8.7798508167270242e-4,2.9003436330738970e-55,-2.0375879248876291e2,2.487734550482,a100_x+040,grid_node,supported,false
source:bto-bfo-medium:370027,bto-bfo-medium,370027,15514,arc1-current-polar-best-glide-equal-feed,262,-38.286577326346,88.173708123204,1394238678.199915,5.5931708942256534e-5,2.5473411309935744e-133,-3.8073671070613227e2,2.269034985765,a111_x+005,grid_node,supported,false
source:bto-bfo-medium:370027,bto-bfo-medium,370027,15571,arc1-current-polar-best-glide-equal-feed,263,-37.787386670805,90.064943346099,1394239104.743043,3.5488949017558816e-4,4.9689344420315918e-74,-2.4606370990414865e2,0.984487405544,a093_x+035,grid_node,supported,false
source:bto-bfo-medium:370027,bto-bfo-medium,370027,15634,arc1-current-polar-best-glide-equal-feed,264,-37.733413659692,90.085951161319,1394239087.743304,2.9118657548188927e-4,8.4853967160184879e-68,-2.3151521588159665e2,2.030229948731,a092_x+035,grid_node,supported,false
source:bto-bfo-medium:370027,bto-bfo-medium,370027,15688,arc1-current-polar-best-glide-equal-feed,265,-38.162165561267,89.156057317725,1394239000.675945,2.1078101722600467e-4,4.7292311018408068e-49,-1.8802753868266777e2,2.777968823668,a102_x+030,grid_node,supported,false
source:bto-bfo-medium:370027,bto-bfo-medium,370027,15742,arc1-current-polar-best-glide-equal-feed,266,-37.998684936704,89.538604340105,1394239006.380219,4.0098436408483352e-4,5.2811054743962116e-50,-1.9086285363398414e2,1.527838935730,a098_x+030,grid_node,supported,false
source:bto-bfo-medium:370027,bto-bfo-medium,370027,15801,arc1-current-polar-best-glide-equal-feed,267,-38.351393119624,88.168303964073,1394238731.339360,6.3599206138669379e-5,3.9393212805227849e-143,-4.0345507283767307e2,0.868832214426,a111_x+010,grid_node,supported,false
source:bto-bfo-medium:370027,bto-bfo-medium,370027,15861,arc1-current-polar-best-glide-equal-feed,268,-38.243973427083,89.055917786579,1394238978.727138,3.5799737199012103e-4,3.2644718361256338e-45,-1.7971756884200190e2,2.248209445811,a104_x+030,grid_node,supported,false
source:bto-bfo-medium:370027,bto-bfo-medium,370027,15924,arc1-current-polar-best-glide-equal-feed,269,-38.047614840302,89.350868052630,1394238949.436247,3.9838351153125565e-4,3.6309659313370668e-37,-1.6129737686524533e2,2.471719349645,a100_x+030,grid_node,supported,false
source:bto-bfo-medium:370027,bto-bfo-medium,370027,15982,arc1-current-polar-best-glide-equal-feed,270,-38.715826856885,88.467998197765,1394239073.460953,4.5280460291817167e-4,2.1171058786081172e-110,-3.3005358291321880e2,1.768696633998,a111_x+035,grid_node,supported,false
source:bto-bfo-medium:370027,bto-bfo-medium,370027,16037,arc1-current-polar-best-glide-equal-feed,271,-38.652217851478,88.506883002922,1394239031.358788,5.0680895277240077e-4,2.3696053580965262e-110,-3.3005358291321880e2,2.493427092705,a111_x+035,grid_node,supported,false
source:bto-bfo-medium:370027,bto-bfo-medium,370027,16093,arc1-current-polar-best-glide-equal-feed,272,-37.976219015031,89.805144550738,1394239084.321029,5.6632390242605172e-4,1.4806931424518814e-78,-2.5695210511219045e2,2.173196931402,a096_x+035,grid_node,supported,false
source:bto-bfo-medium:370027,bto-bfo-medium,370027,16149,arc1-current-polar-best-glide-equal-feed,273,-38.272248041452,89.329974052460,1394239083.843430,6.0227713333230236e-4,7.7501106218281205e-56,-2.0470158778036651e2,2.631267644239,a102_x+040,grid_node,supported,false
source:bto-bfo-medium:370027,bto-bfo-medium,370027,16214,arc1-current-polar-best-glide-equal-feed,274,-38.130876151481,88.907563165159,1394238830.504551,2.4457107794896902e-4,2.8975299316878327e-38,-1.6333769287744056e2,0.859800255303,a104_x+020,grid_node,supported,false
source:bto-bfo-medium:370027,bto-bfo-medium,370027,16275,arc1-current-polar-best-glide-equal-feed,275,-38.170078749267,89.609661927533,1394239119.000509,6.8644425896077961e-4,1.9212782740018161e-68,-2.3385813261330085e2,0.827900300789,a099_x+040,grid_node,supported,false
source:bto-bfo-medium:370027,bto-bfo-medium,370027,16332,arc1-current-polar-best-glide-equal-feed,276,-37.926173329628,89.880924261165,1394239065.353279,6.5342583264924655e-4,8.0969387252631538e-81,-2.6230394750754471e2,2.032604535536,a095_x+035,grid_node,supported,false
source:bto-bfo-medium:370027,bto-bfo-medium,370027,16393,arc1-current-polar-best-glide-equal-feed,277,-38.383270469482,88.550376841710,1394238945.100535,8.2244371375657420e-5,4.3692122983182595e-60,-2.1249402978906156e2,2.843702295053,a108_x+020,grid_node,supported,false
source:bto-bfo-medium:370027,bto-bfo-medium,370027,16455,arc1-current-polar-best-glide-equal-feed,278,-37.800033246857,89.975415058762,1394239018.653578,6.2199211312317720e-4,1.0748206793628722e-54,-2.0210418059269742e2,2.676174148532,a094_x+035,grid_node,supported,false
source:bto-bfo-medium:370027,bto-bfo-medium,370027,16513,arc1-current-polar-best-glide-equal-feed,279,-38.435035490444,88.666992359685,1394238954.755311,3.3773691187026218e-4,2.7130700991027135e-59,-2.1208051883622826e2,2.264988430352,a108_x+025,grid_node,supported,false
source:bto-bfo-medium:370027,bto-bfo-medium,370027,16578,arc1-current-polar-best-glide-equal-feed,280,-37.847620708708,89.601110969995,1394239029.566429,6.1749741455552603e-5,3.3021127607799980e-32,-1.4801506226619924e2,1.427861012465,a097_x+025,grid_node,supported,false
source:bto-bfo-medium:370027,bto-bfo-medium,370027,16636,arc1-current-polar-best-glide-equal-feed,281,-37.774661499730,89.982054309945,1394239071.216518,2.8041422796029587e-4,3.9261797092334194e-74,-2.4606370990414865e2,3.049319403294,a093_x+035,grid_node,supported,false
source:bto-bfo-medium:370027,bto-bfo-medium,370027,16688,arc1-current-polar-best-glide-equal-feed,282,-38.070497161645,89.478478499369,1394239087.995434,1.8813425196545448e-4,6.8657863684138588e-72,-2.4050054392561012e2,2.648816628731,a099_x+030,grid_node,supported,false
source:bto-bfo-medium:370027,bto-bfo-medium,370027,16747,arc1-current-polar-best-glide-equal-feed,283,-38.194683536921,88.698767410885,1394238742.147171,3.7739073172773967e-4,6.8241667975548993e-50,-1.9054587746743763e2,1.462102414855,a106_x+015,grid_node,supported,false
source:bto-bfo-medium:370027,bto-bfo-medium,370027,16809,arc1-current-polar-best-glide-equal-feed,284,-38.013582128809,89.500156265027,1394239051.575624,1.9550158403463716e-4,7.1346503714528584e-72,-2.4050054392561012e2,1.566933388553,a099_x+030,grid_node,supported,false
source:bto-bfo-medium:370027,bto-bfo-medium,370027,16866,arc1-current-polar-best-glide-equal-feed,285,-38.310096641212,89.329715172117,1394239108.214435,6.2064643819935265e-4,7.9864870951934156e-56,-2.0470158778036651e2,0.392710891981,a102_x+040,grid_node,supported,false
source:bto-bfo-medium:370027,bto-bfo-medium,370027,16921,arc1-current-polar-best-glide-equal-feed,286,-37.927360727272,89.937726223719,1394239127.104377,4.6463577107580957e-4,1.9347019035382371e-77,-2.5418416470759121e2,2.001284408056,a095_x+040,grid_node,supported,false
source:bto-bfo-medium:370027,bto-bfo-medium,370027,16976,arc1-current-polar-best-glide-equal-feed,287,-38.382910921487,89.117616628083,1394239108.630342,4.0405370885429831e-4,2.4615179149636634e-52,-1.9623900644526350e2,2.335381425242,a104_x+035,grid_node,supported,false
source:bto-bfo-medium:370027,bto-bfo-medium,370027,17030,arc1-current-polar-best-glide-equal-feed,288,-37.756869109717,90.103415996324,1394239073.575936,4.8037983591474738e-4,1.3998631205324969e-67,-2.3151521588159665e2,1.780496881212,a092_x+035,grid_node,supported,false
source:bto-bfo-medium:370027,bto-bfo-medium,370027,17091,arc1-current-polar-best-glide-equal-feed,289,-38.376855070149,88.969336686484,1394239027.053939,4.6493367426084594e-4,6.5346376820720652e-50,-1.9079784450225770e2,2.429504296040,a105_x+035,grid_node,supported,false
source:bto-bfo-medium:370027,bto-bfo-medium,370027,17150,arc1-current-polar-best-glide-equal-feed,290,-38.118666114083,89.549785232410,1394239094.007639,4.6701576451332904e-4,4.8289661177385222e-73,-2.4406425440819592e2,1.681944142809,a099_x+035,grid_node,supported,false
source:bto-bfo-medium:370027,bto-bfo-medium,370027,17202,arc1-current-polar-best-glide-equal-feed,291,-37.802257771967,90.143025237726,1394239104.118142,6.0897605408455737e-4,6.1056168146960480e-78,-2.5560801905960369e2,2.375755411518,a092_x+040,grid_node,supported,false
source:bto-bfo-medium:370027,bto-bfo-medium,370027,17259,arc1-current-polar-best-glide-equal-feed,292,-38.065946498778,89.522807690885,1394239049.733368,4.1595728149732892e-4,4.3010188764622019e-73,-2.4406425440819592e2,1.735277074242,a099_x+035,grid_node,supported,false
source:bto-bfo-medium:370027,bto-bfo-medium,370027,17314,arc1-current-polar-best-glide-equal-feed,293,-38.328966393521,88.970134543202,1394239023.358797,3.0662280862789375e-4,1.9716036159613914e-61,-2.1690827379456579e2,0.784249549633,a105_x+030,grid_node,supported,false
source:bto-bfo-medium:370027,bto-bfo-medium,370027,17381,arc1-current-polar-best-glide-equal-feed,294,-38.411802091407,88.141839945349,1394238766.594664,7.4020223118523697e-5,4.6503212454113544e-157,-4.3567707363506821e2,2.180603760375,a112_x+010,grid_node,supported,false
source:bto-bfo-medium:370027,bto-bfo-medium,370027,17439,arc1-current-polar-best-glide-equal-feed,295,-37.878986676030,89.616872408480,1394239010.803897,1.6102435050617130e-4,8.6108953668327842e-32,-1.4801506226619924e2,2.253565046319,a097_x+025,grid_node,supported,false
source:bto-bfo-medium:370027,bto-bfo-medium,370027,17493,arc1-current-polar-best-glide-equal-feed,296,-37.863912869864,89.851821883283,1394239035.417020,4.8475328173405312e-4,6.0068295787408167e-81,-2.6230394750754471e2,1.960579423197,a095_x+035,grid_node,supported,false
source:bto-bfo-medium:370027,bto-bfo-medium,370027,17549,arc1-current-polar-best-glide-equal-feed,297,-38.338082404388,88.926878872019,1394239003.548930,3.3381461683781692e-4,2.1464486238429534e-61,-2.1690827379456579e2,1.406209192399,a105_x+030,grid_node,supported,false
source:bto-bfo-medium:370027,bto-bfo-medium,370027,17600,arc1-current-polar-best-glide-equal-feed,298,-37.890285857901,89.645952423391,1394239006.456704,2.4891954131253912e-4,1.3030405574577567e-57,-2.0790359158977330e2,2.225362823358,a097_x+030,grid_node,supported,false
source:bto-bfo-medium:370027,bto-bfo-medium,370027,17654,arc1-current-polar-best-glide-equal-feed,299,-37.871273184995,89.587127837901,1394238998.270540,1.4049288452820313e-4,7.5129601495303327e-32,-1.4801506226619924e2,0.854703571051,a097_x+025,grid_node,supported,false
source:bto-bfo-medium:370027,bto-bfo-medium,370027,17713,arc1-current-polar-best-glide-equal-feed,300,-37.985746717762,89.771384455835,1394239110.892901,3.7532207739487120e-4,9.8130561650092909e-79,-2.5695210511219045e2,2.613466745996,a096_x+035,grid_node,supported,false
source:bto-bfo-medium:370027,bto-bfo-medium,370027,17775,arc1-current-polar-best-glide-equal-feed,301,-38.499601558567,89.011645930075,1394239138.917972,4.6473845694417951e-4,4.7134692584013162e-47,-1.8421636194608013e2,1.147582808112,a106_x+040,grid_node,supported,false
source:bto-bfo-medium:370027,bto-bfo-medium,370027,17838,arc1-current-polar-best-glide-equal-feed,302,-37.474842009638,89.688290187792,1394238707.643062,1.1737062293423617e-4,2.7444051693183800e-16,-1.1200094577401882e2,1.956645044463,a093_x+010,grid_node,supported,false
source:bto-bfo-medium:370027,bto-bfo-medium,370027,17897,arc1-current-polar-best-glide-equal-feed,303,-38.266696273678,88.945747947496,1394238975.467541,2.3713502521222239e-4,1.2079324846377194e-48,-1.8720761595749718e2,2.577239709676,a105_x+025,grid_node,supported,false
source:bto-bfo-medium:370027,bto-bfo-medium,370027,17954,arc1-current-polar-best-glide-equal-feed,304,-37.831560822919,89.920509095991,1394239098.083764,2.3672598032494565e-4,4.0906946185877866e-55,-2.0210418059269742e2,1.775491222140,a094_x+035,grid_node,supported,false
source:bto-bfo-medium:370027,bto-bfo-medium,370027,18005,arc1-current-polar-best-glide-equal-feed,305,-38.013654707806,89.892172648257,1394239112.723851,7.7509910745906911e-4,2.8628304030208809e-105,-3.1877642687528567e2,2.090316110613,a096_x+040,grid_node,supported,false
source:bto-bfo-medium:370027,bto-bfo-medium,370027,18066,arc1-current-polar-best-glide-equal-feed,306,-38.017745809546,89.483544726276,1394239066.279784,1.4198990552485746e-4,5.1817909159038163e-72,-2.4050054392561012e2,0.783040965435,a099_x+030,grid_node,supported,false
source:bto-bfo-medium:370027,bto-bfo-medium,370027,18122,arc1-current-polar-best-glide-equal-feed,307,-37.742882225850,90.121626889814,1394239042.092021,6.4238555459069822e-4,1.8719600195581662e-67,-2.3151521588159665e2,0.582208402961,a092_x+035,grid_node,supported,false
source:bto-bfo-medium:370027,bto-bfo-medium,370027,18176,arc1-current-polar-best-glide-equal-feed,308,-38.669872900624,87.896232982405,1394238812.275315,2.2793615349424572e-4,1.3447075090074043e-168,-4.6337099665621878e2,3.019705122963,a115_x+020,grid_node,supported,false
source:bto-bfo-medium:370027,bto-bfo-medium,370027,18237,arc1-current-polar-best-glide-equal-feed,309,-37.941311414040,89.439872124445,1394238986.926673,1.2776058353978326e-4,2.4380680452004205e-44,-1.7667650821817557e2,1.872754495626,a099_x+025,grid_node,supported,false
source:bto-bfo-medium:370027,bto-bfo-medium,370027,18300,arc1-current-polar-best-glide-equal-feed,310,-38.286914629596,89.406772300245,1394239075.326893,8.6765053997160202e-4,1.8887149257361416e-37,-1.6272935280231178e2,1.669500338902,a101_x+040,grid_node,supported,false
source:bto-bfo-medium:370027,bto-bfo-medium,370027,18354,arc1-current-polar-best-glide-equal-feed,311,-38.682553101718,88.433819908572,1394239049.546029,3.6524759819148487e-4,1.7077296306072220e-110,-3.3005358291321880e2,2.635312792218,a111_x+035,grid_node,supported,false
source:bto-bfo-medium:370027,bto-bfo-medium,370027,18420,arc1-current-polar-best-glide-equal-feed,312,-37.734408909529,89.148209063539,1394238664.351833,8.3304758581826045e-5,1.5986089035008891e-16,-1.1219854534151921e2,2.458045343205,a099_x+005,grid_node,supported,false
source:bto-bfo-medium:370027,bto-bfo-medium,370027,18477,arc1-current-polar-best-glide-equal-feed,313,-37.587420250423,90.340768395701,1394239120.721214,2.1281284719541776e-4,5.4090434117248550e-43,-1.7408731186385580e2,1.638333437193,a089_x+035,grid_node,supported,false
source:bto-bfo-medium:370027,bto-bfo-medium,370027,18532,arc1-current-polar-best-glide-equal-feed,314,-37.783104229135,89.738117389272,1394238961.094927,2.4777706025906539e-4,1.4319628673797442e-36,-1.5945035859747921e2,1.378873632125,a095_x+025,grid_node,supported,false
source:bto-bfo-medium:370027,bto-bfo-medium,370027,18597,arc1-current-polar-best-glide-equal-feed,315,-37.577343809489,90.259164223602,1394239077.479982,2.0234342977764689e-4,4.9476711272679342e-45,-1.7873119059539883e2,1.593842175444,a090_x+030,grid_node,supported,false
source:bto-bfo-medium:370027,bto-bfo-medium,370027,18656,arc1-current-polar-best-glide-equal-feed,316,-38.650238954083,87.905817557071,1394238803.650770,2.1609379315688080e-4,3.2503935184339279e-176,-4.8085572483235484e2,2.569333805626,a115_x+015,grid_node,supported,false
source:bto-bfo-medium:370027,bto-bfo-medium,370027,18714,arc1-current-polar-best-glide-equal-feed,317,-37.814308583200,89.967612642625,1394239097.859105,2.7066619776978669e-4,4.6771915660911021e-55,-2.0210418059269742e2,1.744348809329,a094_x+035,grid_node,supported,false
source:bto-bfo-medium:370027,bto-bfo-medium,370027,18769,arc1-current-polar-best-glide-equal-feed,318,-37.736595700430,89.807117091547,1394238998.196414,1.3727117804630376e-4,1.6576985236361286e-32,-1.4950306313415925e2,1.952153468700,a094_x+025,grid_node,supported,false
source:bto-bfo-medium:370027,bto-bfo-medium,370027,18822,arc1-current-polar-best-glide-equal-feed,319,-37.648409026892,90.339484984938,1394239133.973673,3.4114220326812884e-4,5.6642840083206365e-65,-2.2516996195150057e2,2.422094816634,a090_x+035,grid_node,supported,false
source:bto-bfo-medium:370027,bto-bfo-medium,370027,18887,arc1-current-polar-best-glide-equal-feed,320,-38.233604831093,89.063573883632,1394238922.582113,5.9539617827303543e-4,1.2612929476844881e-51,-1.9499274142471037e2,2.850825227313,a103_x+030,grid_node,supported,false
source:bto-bfo-medium:370027,bto-bfo-medium,370027,18950,arc1-current-polar-best-glide-equal-feed,321,-38.105833739836,89.720055834341,1394239137.528907,5.8197731571958970e-4,2.7891492273578581e-89,-2.8167458013011202e2,1.846339591621,a098_x+040,grid_node,supported,false
source:bto-bfo-medium:370027,bto-bfo-medium,370027,19007,arc1-current-polar-best-glide-equal-feed,322,-37.952557983749,89.711406823705,1394238999.681517,6.6495851272843176e-4,1.9309546714798613e-85,-2.7296525502327205e2,2.500632281612,a097_x+035,grid_node,supported,false
source:bto-bfo-medium:370027,bto-bfo-medium,370027,19062,arc1-current-polar-best-glide-equal-feed,323,-38.016443971443,89.474972569076,1394239002.696370,3.3319407545690048e-4,1.2159611114983863e-71,-2.4050054392561012e2,0.638095582873,a099_x+030,grid_node,supported,false
source:bto-bfo-medium:370027,bto-bfo-medium,370027,19123,arc1-current-polar-best-glide-equal-feed,324,-38.387614932322,88.791912968045,1394239022.151369,1.8240966632152876e-4,2.3294770282682229e-49,-1.8859109283312725e2,2.280164605130,a107_x+030,grid_node,supported,false
source:bto-bfo-medium:370027,bto-bfo-medium,370027,19178,arc1-current-polar-best-glide-equal-feed,325,-38.757392353265,88.302872083798,1394239088.244689,2.0784822315765016e-4,7.3350343122054186e-143,-4.0401762632167322e2,1.829594931472,a113_x+035,grid_node,supported,false
source:bto-bfo-medium:370027,bto-bfo-medium,370027,19234,arc1-current-polar-best-glide-equal-feed,326,-37.755600762560,90.154937442114,1394239099.811392,4.7642771772903698e-4,1.3883463496721415e-67,-2.3151521588159665e2,1.759133159534,a092_x+035,grid_node,supported,false
source:bto-bfo-medium:370027,bto-bfo-medium,370027,19291,arc1-current-polar-best-glide-equal-feed,327,-37.877133458557,89.636930687417,1394238984.093462,2.6151313659896576e-4,1.3689653351425165e-57,-2.0790359158977330e2,2.989332893284,a097_x+030,grid_node,supported,false
source:bto-bfo-medium:370027,bto-bfo-medium,370027,19348,arc1-current-polar-best-glide-equal-feed,328,-38.141833448874,89.394906022274,1394239070.450824,3.0970412108351431e-4,3.7572294897225914e-64,-2.2318119349323791e2,2.660123080711,a100_x+035,grid_node,supported,false
source:bto-bfo-medium:370027,bto-bfo-medium,370027,19404,arc1-current-polar-best-glide-equal-feed,329,-38.032831800182,89.721107975409,1394239142.898901,2.8255188958807651e-4,8.2049463341241708e-86,-2.7296525502327205e2,2.533264354982,a097_x+035,grid_node,supported,false
source:bto-bfo-medium:370027,bto-bfo-medium,370027,19456,arc1-current-polar-best-glide-equal-feed,330,-38.499212446352,89.073175937874,1394239108.821662,7.8781295177582898e-4,3.5633058614056976e-67,-2.3107558519071165e2,2.208370946222,a105_x+040,grid_node,supported,false
source:bto-bfo-medium:370027,bto-bfo-medium,370027,19516,arc1-current-polar-best-glide-equal-feed,331,-38.099015558570,89.647662435095,1394239094.622002,6.1433641302626385e-4,2.9442314768082091e-89,-2.8167458013011202e2,1.721380293399,a098_x+040,grid_node,supported,false
source:bto-bfo-medium:370027,bto-bfo-medium,370027,19578,arc1-current-polar-best-glide-equal-feed,332,-38.426390873010,88.620110069590,1394238961.020092,2.1083798933467396e-4,1.6936799754910721e-59,-2.1208051883622826e2,1.357411944230,a108_x+025,grid_node,supported,false
source:bto-bfo-medium:370027,bto-bfo-medium,370027,19638,arc1-current-polar-best-glide-equal-feed,333,-38.088241536521,89.541157078472,1394239112.671021,2.4418064316292481e-4,2.5248399348363667e-73,-2.4406425440819592e2,0.429428933285,a099_x+035,grid_node,supported,false
source:bto-bfo-medium:370027,bto-bfo-medium,370027,19693,arc1-current-polar-best-glide-equal-feed,334,-38.001224605548,89.899914558262,1394239055.139828,9.4734542262684361e-4,3.4990225791247786e-105,-3.1877642687528567e2,2.505505760480,a096_x+040,grid_node,supported,false
source:bto-bfo-medium:370027,bto-bfo-medium,370027,19753,arc1-current-polar-best-glide-equal-feed,335,-38.509701971845,89.054794346794,1394239116.836542,7.3602249218848769e-4,7.4648855470961359e-47,-1.8421636194608013e2,2.939024270004,a106_x+040,grid_node,supported,false
source:bto-bfo-medium:370027,bto-bfo-medium,370027,19817,arc1-current-polar-best-glide-equal-feed,336,-38.413981311024,88.885357482712,1394238979.012211,6.6364383712549295e-4,1.4322583252458177e-56,-2.0648707037236599e2,2.399022318739,a106_x+030,grid_node,supported,false
source:bto-bfo-medium:370027,bto-bfo-medium,370027,19877,arc1-current-polar-best-glide-equal-feed,337,-38.161209872987,89.691410782649,1394239149.809706,6.7117718239892031e-4,3.5345232086171163e-72,-2.4243639343799344e2,2.667527011370,a098_x+045,grid_node,supported,false
source:bto-bfo-medium:370027,bto-bfo-medium,370027,19931,arc1-current-polar-best-glide-equal-feed,338,-38.371219565830,89.139055743615,1394239097.254759,4.7812457910751061e-4,2.9127618216764591e-52,-1.9623900644526350e2,2.348387624596,a104_x+035,grid_node,supported,false
source:bto-bfo-medium:370027,bto-bfo-medium,370027,19991,arc1-current-polar-best-glide-equal-feed,339,-38.606898265784,88.452212908519,1394239008.921463,3.0330267217902319e-4,2.0910007656567175e-141,-4.0104539854654831e2,1.472209225526,a111_x+030,grid_node,supported,false
source:bto-bfo-medium:370027,bto-bfo-medium,370027,20050,arc1-current-polar-best-glide-equal-feed,340,-38.110596614318,89.320722131497,1394238994.827037,3.8225165221500418e-4,9.9342144845378622e-48,-1.8557799081944603e2,1.485962372000,a101_x+030,grid_node,supported,false
source:bto-bfo-medium:370027,bto-bfo-medium,370027,20110,arc1-current-polar-best-glide-equal-feed,341,-38.668778361899,88.170829045343,1394238915.448371,3.4503312769558979e-4,5.8129131080292961e-172,-4.7153200658496309e2,1.603072009884,a113_x+025,grid_node,supported,false
source:bto-bfo-medium:370027,bto-bfo-medium,370027,20172,arc1-current-polar-best-glide-equal-feed,342,-38.061948820349,89.872252718515,1394239166.754205,6.0335128913475500e-4,2.1600304880461032e-95,-2.9578177309014421e2,2.045384732866,a096_x+045,grid_node,supported,false
source:bto-bfo-medium:370027,bto-bfo-medium,370027,20236,arc1-current-polar-best-glide-equal-feed,343,-38.043004660487,89.603628361903,1394239071.973896,3.9637883064267445e-4,1.1549259946820621e-81,-2.6375153865746205e2,0.690218299110,a098_x+035,grid_node,supported,false
source:bto-bfo-medium:370027,bto-bfo-medium,370027,20297,arc1-current-polar-best-glide-equal-feed,344,-38.810141292150,88.170593683717,1394239044.856273,3.2790020202661506e-4,1.6341992733109157e-176,-4.8196034471962923e2,2.695249977191,a114_x+030,grid_node,supported,false
source:bto-bfo-medium:370027,bto-bfo-medium,370027,20357,arc1-current-polar-best-glide-equal-feed,345,-38.276482750965,89.156078263309,1394239068.858748,2.9958760814414429e-4,4.2548721651863627e-55,-2.0230033428198271e2,1.886519184747,a103_x+035,grid_node,supported,false
source:bto-bfo-medium:370027,bto-bfo-medium,370027,20416,arc1-current-polar-best-glide-equal-feed,346,-38.391987248511,89.268716113800,1394239145.378971,6.1139412393388455e-4,5.7972281304901082e-68,-2.3263796022338332e2,1.896215841881,a103_x+040,grid_node,supported,false
source:bto-bfo-medium:370027,bto-bfo-medium,370027,20475,arc1-current-polar-best-glide-equal-feed,347,-37.897968290859,89.402668746566,1394238998.787503,3.4733661315613044e-5,2.0257658795684481e-11,-9.9574009461218878e1,2.737064366065,a099_x+020,grid_node,supported,false
source:bto-bfo-medium:370027,bto-bfo-medium,370027,20536,arc1-current-polar-best-glide-equal-feed,348,-37.795103933807,89.989813417807,1394239086.075687,3.0827790683033985e-4,4.3163090239971319e-74,-2.4606370990414865e2,2.619459892774,a093_x+035,grid_node,supported,false
source:bto-bfo-medium:370027,bto-bfo-medium,370027,20597,arc1-current-polar-best-glide-equal-feed,349,-38.259957119900,89.460544707435,1394239135.667096,5.8314384450334480e-4,1.2693964127546919e-37,-1.6272935280231178e2,1.682315746548,a101_x+040,grid_node,supported,false
source:bto-bfo-medium:370027,bto-bfo-medium,370027,20657,arc1-current-polar-best-glide-equal-feed,350,-38.204376746001,89.008131329152,1394238934.199958,3.0053752082298595e-4,2.6643461471148319e-45,-1.7974575510887684e2,1.530760447607,a104_x+025,grid_node,supported,false
source:bto-bfo-medium:370027,bto-bfo-medium,370027,20719,arc1-current-polar-best-glide-equal-feed,351,-37.724561716190,89.825346217903,1394238978.348422,1.8627636649622397e-4,2.2494893838889174e-32,-1.4950306313415925e2,0.946088705428,a094_x+025,grid_node,supported,false
source:bto-bfo-medium:370027,bto-bfo-medium,370027,20781,arc1-current-polar-best-glide-equal-feed,352,-38.005752826832,89.550242967740,1394239035.461424,3.2787472636239441e-4,4.3182257648885896e-50,-1.9086285363398414e2,1.752789361563,a098_x+030,grid_node,supported,false
source:bto-bfo-medium:370027,bto-bfo-medium,370027,20841,arc1-current-polar-best-glide-equal-feed,353,-37.801470940575,89.734048631309,1394238989.829982,2.0234016780967280e-4,1.1693722033019913e-36,-1.5945035859747921e2,2.498373487853,a095_x+025,grid_node,supported,false
source:bto-bfo-medium:370027,bto-bfo-medium,370027,20898,arc1-current-polar-best-glide-equal-feed,354,-37.837908685208,89.704861006832,1394239005.764135,2.0690783163315962e-4,3.3637375846009780e-40,-1.6762643641994413e2,2.487279777128,a096_x+030,grid_node,supported,false
source:bto-bfo-medium:370027,bto-bfo-medium,370027,20950,arc1-current-polar-best-glide-equal-feed,355,-37.744534091538,89.826718720228,1394239008.831289,1.5475886352429687e-4,1.8688813138712181e-32,-1.4950306313415925e2,2.131949133050,a094_x+025,grid_node,supported,false
source:bto-bfo-medium:370027,bto-bfo-medium,370027,21009,arc1-current-polar-best-glide-equal-feed,356,-37.646646655821,90.198157010344,1394239065.782381,3.3624992062024188e-4,2.9424772061234669e-70,-2.3732337138673219e2,2.311422148393,a091_x+035,grid_node,supported,false
source:bto-bfo-medium:370027,bto-bfo-medium,370027,21068,arc1-current-polar-best-glide-equal-feed,357,-38.312523298612,89.154300446988,1394239016.307780,7.0105365495204484e-4,9.9566657687738182e-55,-2.0230033428198271e2,1.720929604101,a103_x+035,grid_node,supported,false
source:bto-bfo-medium:370027,bto-bfo-medium,370027,21124,arc1-current-polar-best-glide-equal-feed,358,-37.869330744680,89.629091122441,1394239013.074371,1.5726202158591505e-4,8.4097020655333401e-32,-1.4801506226619924e2,2.591183025358,a097_x+025,grid_node,supported,false
source:bto-bfo-medium:370027,bto-bfo-medium,370027,21182,arc1-current-polar-best-glide-equal-feed,359,-37.844817945319,89.946383601027,1394239085.855958,3.7829734105921569e-4,6.5370894025775464e-55,-2.0210418059269742e2,0.475493343213,a094_x+035,grid_node,supported,false
source:bto-bfo-medium:370027,bto-bfo-medium,370027,21241,arc1-current-polar-best-glide-equal-feed,360,-37.653842239275,90.226471637923,1394239082.046058,3.5167834471544072e-4,3.0774892416439120e-70,-2.3732337138673219e2,1.954283607942,a091_x+035,grid_node,supported,false
source:bto-bfo-medium:370027,bto-bfo-medium,370027,21297,arc1-current-polar-best-glide-equal-feed,361,-38.353429055052,89.333899871585,1394239126.304829,7.1337654951489078e-4,9.1797394717091187e-56,-2.0470158778036651e2,2.247771905883,a102_x+040,grid_node,supported,false
source:bto-bfo-medium:370027,bto-bfo-medium,370027,21350,arc1-current-polar-best-glide-equal-feed,362,-37.940429318570,89.954291168967,1394239093.839517,7.4057720463932520e-4,3.0836974179049443e-77,-2.5418416470759121e2,1.606311413930,a095_x+040,grid_node,supported,false
source:bto-bfo-medium:370027,bto-bfo-medium,370027,21404,arc1-current-polar-best-glide-equal-feed,363,-37.728296500615,89.869912101596,1394238994.560486,2.1568201953144685e-4,2.6045945728791561e-32,-1.4950306313415925e2,2.260097950992,a094_x+025,grid_node,supported,false
source:bto-bfo-medium:370027,bto-bfo-medium,370027,21460,arc1-current-polar-best-glide-equal-feed,364,-37.969293994160,89.755512263343,1394239071.800869,4.7928798455113491e-4,1.2531316953854548e-78,-2.5695210511219045e2,2.087330531587,a096_x+035,grid_node,supported,false
source:bto-bfo-medium:370027,bto-bfo-medium,370027,21518,arc1-current-polar-best-glide-equal-feed,365,-38.117554361102,89.058930393637,1394238890.741758,2.7136009931208818e-4,9.2676188136615048e-41,-1.6918672105090940e2,2.713840744801,a103_x+025,grid_node,supported,false
source:bto-bfo-medium:370027,bto-bfo-medium,370027,21578,arc1-current-polar-best-glide-equal-feed,366,-38.136329282865,89.653807158519,1394239134.263808,5.6015552841891106e-4,2.6845674514959662e-89,-2.8167458013011202e2,2.047816250181,a098_x+040,grid_node,supported,false
source:bto-bfo-medium:370027,bto-bfo-medium,370027,21636,arc1-current-polar-best-glide-equal-feed,367,-37.999870211292,88.978248251071,1394238817.239019,8.4253635121177596e-5,2.5190735035074160e-39,-1.6471457116132262e2,2.505325546356,a103_x+015,grid_node,supported,false
source:bto-bfo-medium:370027,bto-bfo-medium,370027,21696,arc1-current-polar-best-glide-equal-feed,368,-37.814842149874,89.744260215674,1394238992.836461,2.5383050825576308e-4,1.8593275005255976e-75,-2.4901414586101004e2,3.011023332777,a095_x+030,grid_node,supported,false
source:bto-bfo-medium:370027,bto-bfo-medium,370027,21752,arc1-current-polar-best-glide-equal-feed,369,-37.923164052101,89.551176242744,1394238993.756100,2.1549212322412547e-4,1.1090365003454292e-42,-1.7338181863878640e2,2.908952197970,a098_x+025,grid_node,supported,false
source:bto-bfo-medium:370027,bto-bfo-medium,370027,21816,arc1-current-polar-best-glide-equal-feed,370,-38.270610843978,89.175848408516,1394239035.254203,4.8769204659403936e-4,6.9264123676216612e-55,-2.0230033428198271e2,1.691097298657,a103_x+035,grid_node,supported,false
source:bto-bfo-medium:370027,bto-bfo-medium,370027,21872,arc1-current-polar-best-glide-equal-feed,371,-38.047603767097,89.768677148924,1394239113.323667,6.0649005976658860e-4,4.8738506932809382e-86,-2.7424993401080098e2,0.772711139996,a097_x+040,grid_node,supported,false
source:bto-bfo-medium:370027,bto-bfo-medium,370027,21931,arc1-current-polar-best-glide-equal-feed,372,-37.734382142626,89.829231462782,1394239014.950349,1.2216903650093827e-4,1.4753237666055321e-32,-1.4950306313415925e2,1.519709927572,a094_x+025,grid_node,supported,false
source:bto-bfo-medium:370027,bto-bfo-medium,370027,21995,arc1-current-polar-best-glide-equal-feed,373,-38.198212121414,89.062452256516,1394238957.797025,2.9509575070723942e-4,1.0078250037566094e-40,-1.6918672105090940e2,2.133201561371,a103_x+025,grid_node,supported,false
source:bto-bfo-medium:370027,bto-bfo-medium,370027,22056,arc1-current-polar-best-glide-equal-feed,374,-37.991524480962,89.251057063334,1394238879.239389,2.6843580881031666e-4,4.1546303086198667e-13,-1.0550580656766603e2,2.923396456956,a100_x+020,grid_node,supported,false
source:bto-bfo-medium:370027,bto-bfo-medium,370027,22117,arc1-current-polar-best-glide-equal-feed,375,-38.051403086804,89.355555196483,1394238977.873266,3.1207277456889323e-4,2.8443085111683425e-37,-1.6129737686524533e2,2.154207247981,a100_x+030,grid_node,supported,false
source:bto-bfo-medium:370027,bto-bfo-medium,370027,22173,arc1-current-polar-best-glide-equal-feed,376,-38.191799156534,89.040203367355,1394238951.651585,2.5855766641262595e-4,8.8303840532804677e-41,-1.6918672105090940e2,2.031997447880,a103_x+025,grid_node,supported,false
source:bto-bfo-medium:370027,bto-bfo-medium,370027,22232,arc1-current-polar-best-glide-equal-feed,377,-38.431342629614,89.185551168574,1394239141.332116,5.8547797845535997e-4,6.9799516019946038e-55,-2.0247537869854168e2,1.514573213404,a104_x+040,grid_node,supported,false
source:bto-bfo-medium:370027,bto-bfo-medium,370027,22293,arc1-current-polar-best-glide-equal-feed,378,-38.905150271310,87.893249237838,1394239007.507236,2.9154664412284382e-4,2.3582830131650246e-180,-4.9068639492459846e2,0.449916772905,a117_x+030,grid_node,supported,false
source:bto-bfo-medium:370027,bto-bfo-medium,370027,22350,arc1-current-polar-best-glide-equal-feed,379,-38.785797921373,87.751574089822,1394238862.409481,1.8472168087537062e-4,8.1892215672471656e-187,-5.0510325580385967e2,1.486898342079,a117_x+020,grid_node,supported,false
source:bto-bfo-medium:370027,bto-bfo-medium,370027,22414,arc1-current-polar-best-glide-equal-feed,380,-38.064343969017,89.295723090252,1394238925.106988,4.4663017481223939e-4,1.5290010020543778e-43,-1.7609208731518598e2,2.762343896189,a101_x+025,grid_node,supported,false
source:bto-bfo-medium:370027,bto-bfo-medium,370027,22474,arc1-current-polar-best-glide-equal-feed,381,-37.887189671739,89.923844930124,1394239077.701573,5.4551535853278961e-4,6.7597640176264418e-81,-2.6230394750754471e2,2.640679794739,a095_x+035,grid_node,supported,false
source:bto-bfo-medium:370027,bto-bfo-medium,370027,22536,arc1-current-polar-best-glide-equal-feed,382,-38.707464401957,87.724293953764,1394238720.760002,3.6219337029670993e-4,1.3738050546461375e-193,-5.2137732888303640e2,0.280541092006,a117_x+015,grid_node,supported,false
source:bto-bfo-medium:370027,bto-bfo-medium,370027,22599,arc1-current-polar-best-glide-equal-feed,383,-38.748411620848,88.347594288078,1394239026.064457,5.6575723950278388e-4,2.9976862625540308e-138,-3.9440087916461016e2,2.625814278476,a112_x+035,grid_node,supported,false
source:bto-bfo-medium:370027,bto-bfo-medium,370027,22656,arc1-current-polar-best-glide-equal-feed,384,-38.136290811750,89.705634636282,1394239122.730543,7.5630371928276383e-4,3.6246153884488761e-89,-2.8167458013011202e2,1.952977819226,a098_x+040,grid_node,supported,false
source:bto-bfo-medium:370027,bto-bfo-medium,370027,22710,arc1-current-polar-best-glide-equal-feed,385,-38.326240100256,89.381948505650,1394239145.436852,6.1136486016488798e-4,7.8670516185146922e-56,-2.0470158778036651e2,2.371791262294,a102_x+040,grid_node,supported,false
source:bto-bfo-medium:370027,bto-bfo-medium,370027,22767,arc1-current-polar-best-glide-equal-feed,386,-38.108528305025,88.969019606751,1394238924.427478,6.8681168329119403e-5,5.8243855207067748e-34,-1.5215912670099760e2,1.687373443036,a103_x+020,grid_node,supported,false
source:bto-bfo-medium:370027,bto-bfo-medium,370027,22832,arc1-current-polar-best-glide-equal-feed,387,-38.955003721820,87.812034899869,1394239013.961111,2.8460351584111274e-4,4.5345914102472650e-189,-5.1073175662853436e2,0.298807012215,a118_x+030,grid_node,supported,false
source:bto-bfo-medium:370027,bto-bfo-medium,370027,22891,arc1-current-polar-best-glide-equal-feed,388,-38.697154674764,88.436341989543,1394239020.349673,5.9402160024542511e-4,2.7773715501011377e-110,-3.3005358291321880e2,2.488796053421,a111_x+035,grid_node,supported,false
source:bto-bfo-medium:370027,bto-bfo-medium,370027,22950,arc1-current-polar-best-glide-equal-feed,389,-37.641647522564,90.320553322383,1394239120.493578,3.3518902317833626e-4,5.5654381239409645e-65,-2.2516996195150057e2,1.435327327875,a090_x+035,grid_node,supported,false
source:bto-bfo-medium:370027,bto-bfo-medium,370027,23003,arc1-current-polar-best-glide-equal-feed,390,-37.798560384212,90.062688135144,1394239114.811754,3.3779261920740335e-4,4.7295550482862844e-74,-2.4606370990414865e2,1.097077198915,a093_x+035,grid_node,supported,false
source:bto-bfo-medium:370027,bto-bfo-medium,370027,23058,arc1-current-polar-best-glide-equal-feed,391,-38.169814035867,89.372856810994,1394238984.694915,7.8575937506607165e-4,4.5526653118367305e-57,-2.0780210005934345e2,1.654458032016,a101_x+035,grid_node,supported,false
source:bto-bfo-medium:370027,bto-bfo-medium,370027,23114,arc1-current-polar-best-glide-equal-feed,392,-38.281436021666,89.255944235223,1394239070.722853,5.3205595111989489e-4,1.1066244700873259e-52,-1.9731367112268248e2,2.108021511084,a102_x+035,grid_node,supported,false
source:bto-bfo-medium:370027,bto-bfo-medium,370027,23169,arc1-current-polar-best-glide-equal-feed,393,-37.569526110126,90.196206451177,1394239051.151837,1.6835602011805773e-4,4.1166160954927591e-45,-1.7873119059539883e2,1.532302286747,a090_x+030,grid_node,supported,false
source:bto-bfo-medium:370027,bto-bfo-medium,370027,23223,arc1-current-polar-best-glide-equal-feed,394,-37.692298020148,89.729093481069,1394238970.784226,5.3822896485517447e-5,3.2056220916183307e-33,-1.5020991285477842e2,2.333509469912,a095_x+020,grid_node,supported,false
source:bto-bfo-medium:370027,bto-bfo-medium,370027,23282,arc1-current-polar-best-glide-equal-feed,395,-38.106796471750,89.616062144879,1394239119.693002,4.2858308769403472e-4,2.0540013426852996e-89,-2.8167458013011202e2,3.089325631298,a098_x+040,grid_node,supported,false
source:bto-bfo-medium:370027,bto-bfo-medium,370027,23339,arc1-current-polar-best-glide-equal-feed,396,-37.929313358462,90.053296910301,1394239135.153704,7.0734727225040179e-4,1.8702708220143463e-86,-2.7536156848510115e2,2.064094785298,a094_x+040,grid_node,supported,false
source:bto-bfo-medium:370027,bto-bfo-medium,370027,23393,arc1-current-polar-best-glide-equal-feed,397,-37.717586398934,89.859805731514,1394239012.697678,1.3292860468335464e-4,1.6052572351224152e-32,-1.4950306313415925e2,1.549969860727,a094_x+025,grid_node,supported,false
source:bto-bfo-medium:370027,bto-bfo-medium,370027,23451,arc1-current-polar-best-glide-equal-feed,398,-39.028490569111,87.947513520782,1394239065.846298,6.1266321229606468e-4,1.3850917743006442e-175,-4.8044825224545491e2,2.890855324432,a117_x+035,grid_node,supported,false
source:bto-bfo-medium:370027,bto-bfo-medium,370027,23508,arc1-current-polar-best-glide-equal-feed,399,-38.600028584978,87.964549748799,1394238786.621583,2.1429569431455676e-4,3.8690266125244612e-157,-4.3692402545238696e2,2.598578040560,a114_x+015,grid_node,supported,false
source:bto-bfo-medium:370027,bto-bfo-medium,370027,23566,arc1-current-polar-best-glide-equal-feed,400,-38.240651450248,89.400634066094,1394239076.349997,6.9091867479617792e-4,1.5040023067352548e-37,-1.6272935280231178e2,1.774302743130,a101_x+040,grid_node,supported,false
source:bto-bfo-medium:370027,bto-bfo-medium,370027,23624,arc1-current-polar-best-glide-equal-feed,401,-38.408763185282,88.748971876722,1394238996.171957,2.5702289873824309e-4,3.2823311967156317e-49,-1.8859109283312725e2,1.885514117316,a107_x+030,grid_node,supported,false
source:bto-bfo-medium:370027,bto-bfo-medium,370027,23681,arc1-current-polar-best-glide-equal-feed,402,-38.089030629324,89.142616955683,1394238912.276476,2.6255045087119532e-4,1.8078322340752965e-42,-1.7309070069232942e2,1.497463357846,a102_x+025,grid_node,supported,false
source:bto-bfo-medium:370027,bto-bfo-medium,370027,23745,arc1-current-polar-best-glide-equal-feed,403,-38.873046541588,87.562721675161,1394238865.008682,1.4742220909463806e-4,2.0610827642453984e-188,-5.0855987866114020e2,1.845990462113,a119_x+020,grid_node,supported,false
source:bto-bfo-medium:370027,bto-bfo-medium,370027,23805,arc1-current-polar-best-glide-equal-feed,404,-37.688528696038,89.714911100036,1394238943.837817,7.0662429283791805e-5,4.2085628821647124e-33,-1.5020991285477842e2,1.688159862411,a095_x+020,grid_node,supported,false
source:bto-bfo-medium:370027,bto-bfo-medium,370027,23864,arc1-current-polar-best-glide-equal-feed,405,-37.973792155023,89.386828937732,1394238991.036728,1.1792711008282950e-4,2.2504148837599285e-44,-1.7667650821817557e2,1.306954907545,a099_x+025,grid_node,supported,false
source:bto-bfo-medium:370027,bto-bfo-medium,370027,23921,arc1-current-polar-best-glide-equal-feed,406,-38.136629658481,89.813939658370,1394239157.385816,8.1306775447278047e-4,1.2626270226762102e-85,-2.7359116485627379e2,0.885765261325,a097_x+045,grid_node,supported,false
source:bto-bfo-medium:370027,bto-bfo-medium,370027,23979,arc1-current-polar-best-glide-equal-feed,407,-38.304912200590,89.321241034659,1394239062.167676,8.1964241868873080e-4,1.0547170170705373e-55,-2.0470158778036651e2,0.875525851930,a102_x+040,grid_node,supported,false
source:bto-bfo-medium:370027,bto-bfo-medium,370027,24038,arc1-current-polar-best-glide-equal-feed,408,-38.554251642720,88.236599778867,1394238884.972452,2.0273648341388975e-4,3.8101473631328543e-151,-4.2306840019622325e2,1.447305728032,a112_x+020,grid_node,supported,false
source:bto-bfo-medium:370027,bto-bfo-medium,370027,24096,arc1-current-polar-best-glide-equal-feed,409,-38.470485613097,88.964594919828,1394239065.170937,6.5392981979206565e-4,1.1427852949446639e-59,-2.1360586399543325e2,2.272969997558,a106_x+035,grid_node,supported,false
source:bto-bfo-medium:370027,bto-bfo-medium,370027,24152,arc1-current-polar-best-glide-equal-feed,410,-38.169093535047,89.348132587723,1394239101.297311,1.9732445491041744e-4,1.1432917373365215e-57,-2.0780210005934345e2,1.760010267458,a101_x+035,grid_node,supported,false
source:bto-bfo-medium:370027,bto-bfo-medium,370027,24205,arc1-current-polar-best-glide-equal-feed,411,-37.834149648146,89.808730253967,1394239042.767930,2.4406121160530829e-4,1.7877666702384747e-75,-2.4901414586101004e2,0.445980248523,a095_x+030,grid_node,supported,false
source:bto-bfo-medium:370027,bto-bfo-medium,370027,24264,arc1-current-polar-best-glide-equal-feed,412,-38.065083407592,89.346469817126,1394238953.713990,4.3975218950707861e-4,4.0080103019168384e-37,-1.6129737686524533e2,2.080094239131,a100_x+030,grid_node,supported,false
source:bto-bfo-medium:370027,bto-bfo-medium,370027,24332,arc1-current-polar-best-glide-equal-feed,413,-38.232224183359,89.232213227172,1394239025.587279,5.0580851552831292e-4,1.0520323647992314e-52,-1.9731367112268248e2,2.097434828077,a102_x+035,grid_node,supported,false
source:bto-bfo-medium:370027,bto-bfo-medium,370027,24391,arc1-current-polar-best-glide-equal-feed,414,-38.168957372267,89.773251759666,1394239150.369580,8.6503644666077891e-4,4.5554161810060103e-72,-2.4243639343799344e2,1.434323823641,a098_x+045,grid_node,supported,false
source:bto-bfo-medium:370027,bto-bfo-medium,370027,24448,arc1-current-polar-best-glide-equal-feed,415,-38.255433549028,89.413998866400,1394239119.904203,5.4080268992422621e-4,1.1772275418298838e-37,-1.6272935280231178e2,0.697067484462,a101_x+040,grid_node,supported,false
source:bto-bfo-medium:370027,bto-bfo-medium,370027,24507,arc1-current-polar-best-glide-equal-feed,416,-38.875006968051,88.134463344794,1394239000.352237,7.3107857180203174e-4,6.8761669868711155e-175,-4.7902266283660100e2,0.519023695290,a115_x+035,grid_node,supported,false
source:bto-bfo-medium:370027,bto-bfo-medium,370027,24569,arc1-current-polar-best-glide-equal-feed,417,-38.024595763239,89.185061791371,1394238913.622248,1.5217885020239660e-4,6.4465339422681990e-38,-1.6206355939190055e2,1.829373541453,a101_x+020,grid_node,supported,false
source:bto-bfo-medium:370027,bto-bfo-medium,370027,24626,arc1-current-polar-best-glide-equal-feed,418,-37.841725228398,89.689034580458,1394239030.316624,1.2605305327332696e-4,9.7359796410921178e-23,-1.2692414374632884e2,2.352356576388,a096_x+025,grid_node,supported,false
source:bto-bfo-medium:370027,bto-bfo-medium,370027,24680,arc1-current-polar-best-glide-equal-feed,419,-38.047156550080,89.771433692074,1394239118.730317,5.7870160822304359e-4,4.6505382718493586e-86,-2.7424993401080098e2,0.838627991424,a097_x+040,grid_node,supported,false
source:bto-bfo-medium:370027,bto-bfo-medium,370027,24734,arc1-current-polar-best-glide-equal-feed,420,-37.658822305025,90.130379677113,1394239035.873359,3.5847164986701710e-4,1.8318288665791890e-49,-1.8950701628129951e2,2.553069381367,a091_x+030,grid_node,supported,false
source:bto-bfo-medium:370027,bto-bfo-medium,370027,24801,arc1-current-polar-best-glide-equal-feed,421,-38.377575181157,88.966873468201,1394239103.190238,1.5014422547223233e-4,2.1102754389133170e-50,-1.9079784450225770e2,2.515154925247,a105_x+035,grid_node,supported,false
source:bto-bfo-medium:370027,bto-bfo-medium,370027,24861,arc1-current-polar-best-glide-equal-feed,422,-38.186021257656,89.483691046103,1394239083.912534,6.3044915527768421e-4,2.0826312788855504e-55,-2.0375879248876291e2,2.033386215184,a100_x+040,grid_node,supported,false
source:bto-bfo-medium:370027,bto-bfo-medium,370027,24921,arc1-current-polar-best-glide-equal-feed,423,-37.776984832673,89.989254488221,1394239089.639448,2.3712945519402653e-4,3.3201341537356486e-74,-2.4606370990414865e2,2.683781028348,a093_x+035,grid_node,supported,false
source:bto-bfo-medium:370027,bto-bfo-medium,370027,24982,arc1-current-polar-best-glide-equal-feed,424,-38.170535749733,89.299074207817,1394239067.297837,2.3607992027455650e-4,6.1354046474620957e-48,-1.8557799081944603e2,2.483976029290,a101_x+030,grid_node,supported,false
source:bto-bfo-medium:370027,bto-bfo-medium,370027,25039,arc1-current-polar-best-glide-equal-feed,425,-38.425295287425,88.376299464200,1394238771.259890,4.5208563469771069e-4,1.3520906661014900e-62,-2.1997630734471261e2,1.167398280779,a110_x+020,grid_node,supported,false
source:bto-bfo-medium:370027,bto-bfo-medium,370027,25099,arc1-current-polar-best-glide-equal-feed,426,-38.353607262461,88.892700793133,1394239061.209930,1.2480979616795050e-4,2.6936115372977998e-57,-2.0648707037236599e2,1.777638715625,a106_x+030,grid_node,supported,false
source:bto-bfo-medium:370027,bto-bfo-medium,370027,25154,arc1-current-polar-best-glide-equal-feed,427,-37.917129648461,89.795665392706,1394239092.955860,2.7713266733124232e-4,7.2458259012009288e-79,-2.5695210511219045e2,1.664892460429,a096_x+035,grid_node,supported,false
source:bto-bfo-medium:370027,bto-bfo-medium,370027,25207,arc1-current-polar-best-glide-equal-feed,428,-37.754611186657,89.635167972019,1394238944.153960,9.3468364091174060e-5,2.1944561850796132e-10,-9.8181351688852388e1,1.956654783931,a096_x+020,grid_node,supported,false
source:bto-bfo-medium:370027,bto-bfo-medium,370027,25269,arc1-current-polar-best-glide-equal-feed,429,-37.880983587172,89.749269228658,1394238977.624650,5.6338451972145803e-4,9.1590427902669537e-40,-1.6762643641994413e2,1.302628490549,a096_x+030,grid_node,supported,false
source:bto-bfo-medium:370027,bto-bfo-medium,370027,25327,arc1-current-polar-best-glide-equal-feed,430,-38.248499947476,89.312130676785,1394239103.183573,3.6097740260232329e-4,7.5079777987160140e-53,-1.9731367112268248e2,1.913603562724,a102_x+035,grid_node,supported,false
source:bto-bfo-medium:370027,bto-bfo-medium,370027,25388,arc1-current-polar-best-glide-equal-feed,431,-38.515719780762,88.848104090324,1394239098.847626,3.7852739052416404e-4,8.0040518405975946e-74,-2.4565144942026046e2,1.403810429724,a107_x+035,grid_node,supported,false
source:bto-bfo-medium:370027,bto-bfo-medium,370027,25445,arc1-current-polar-best-glide-equal-feed,432,-38.299292885908,89.013434624709,1394239099.422504,7.5713610967867063e-5,6.9040995815689412e-46,-1.7971756884200190e2,1.708572032240,a104_x+030,grid_node,supported,false
source:bto-bfo-medium:370027,bto-bfo-medium,370027,25505,arc1-current-polar-best-glide-equal-feed,433,-38.990349913759,87.877224330528,1394239019.811568,5.4278325245582526e-4,1.4449126784143629e-186,-5.0561330047681156e2,2.314270837084,a118_x+035,grid_node,supported,false
source:bto-bfo-medium:370027,bto-bfo-medium,370027,25568,arc1-current-polar-best-glide-equal-feed,434,-37.860332151984,89.654012399293,1394238978.316278,2.6665150722675747e-4,2.0595404698345403e-22,-1.2692414374632884e2,3.009532510009,a096_x+025,grid_node,supported,false
source:bto-bfo-medium:370027,bto-bfo-medium,370027,25626,arc1-current-polar-best-glide-equal-feed,435,-37.916165266016,89.595373393111,1394239021.483303,1.8455033739916328e-4,9.6608154287770306e-58,-2.0790359158977330e2,2.149928038779,a097_x+030,grid_node,supported,false
source:bto-bfo-medium:370027,bto-bfo-medium,370027,25682,arc1-current-polar-best-glide-equal-feed,436,-38.116539624566,89.345122854710,1394239093.721077,1.0249313470201172e-4,2.6636609087819275e-48,-1.8557799081944603e2,2.265303174021,a101_x+030,grid_node,supported,false
source:bto-bfo-medium:370027,bto-bfo-medium,370027,25734,arc1-current-polar-best-glide-equal-feed,437,-37.984371306219,89.551132510494,1394239095.378267,8.8908133338890056e-5,1.1709514678108945e-50,-1.9086285363398414e2,0.491252735022,a098_x+030,grid_node,supported,false
source:bto-bfo-medium:370027,bto-bfo-medium,370027,25791,arc1-current-polar-best-glide-equal-feed,438,-37.713226668893,89.802464069792,1394238988.398983,1.1124616098820567e-4,1.3434181847563781e-32,-1.4950306313415925e2,1.284815101726,a094_x+025,grid_node,supported,false
source:bto-bfo-medium:370027,bto-bfo-medium,370027,25853,arc1-current-polar-best-glide-equal-feed,439,-39.264409174975,86.952171349287,1394238854.590121,4.4011931806957338e-4,9.8994502362036240e-264,-6.8308084319010402e2,2.557017532232,a127_x+025,grid_node,supported,false
source:bto-bfo-medium:370027,bto-bfo-medium,370027,25907,arc1-current-polar-best-glide-equal-feed,440,-38.031009551227,89.339500353742,1394238978.783203,2.1418974630460982e-4,1.3106240515418274e-71,-2.3998371248671029e2,1.438289332995,a100_x+025,grid_node,supported,false
source:bto-bfo-medium:370027,bto-bfo-medium,370027,25973,arc1-current-polar-best-glide-equal-feed,441,-37.918042488675,89.837116230587,1394239075.116274,4.6421962534932271e-4,5.7523863822136848e-81,-2.6230394750754471e2,2.092027705509,a095_x+035,grid_node,supported,false
source:bto-bfo-medium:370027,bto-bfo-medium,370027,26028,arc1-current-polar-best-glide-equal-feed,442,-38.066907923979,89.834706670248,1394239111.784359,8.4030633827439577e-4,6.7528355385463899e-86,-2.7424993401080098e2,3.331466274234,a097_x+040,grid_node,supported,false
source:bto-bfo-medium:370027,bto-bfo-medium,370027,26081,arc1-current-polar-best-glide-equal-feed,443,-37.709704704811,89.838450640322,1394239030.961795,6.8672969307217508e-5,8.2930066933557816e-33,-1.4950306313415925e2,0.450558485189,a094_x+025,grid_node,supported,false
source:bto-bfo-medium:370027,bto-bfo-medium,370027,26133,arc1-current-polar-best-glide-equal-feed,444,-37.926977814925,89.831053772380,1394239088.226617,4.1010528573760639e-4,1.0722487284637630e-78,-2.5695210511219045e2,2.388860451188,a096_x+035,grid_node,supported,false
source:bto-bfo-medium:370027,bto-bfo-medium,370027,26185,arc1-current-polar-best-glide-equal-feed,445,-38.266845468035,89.310899667405,1394239104.457888,4.2985561520742676e-4,8.9405774222002300e-53,-1.9731367112268248e2,2.156656608828,a102_x+035,grid_node,supported,false
source:bto-bfo-medium:370027,bto-bfo-medium,370027,26240,arc1-current-polar-best-glide-equal-feed,446,-37.783105955751,90.320206125751,1394239154.937971,6.8670238450062185e-4,9.5814206773687039e-72,-2.4146201380242954e2,2.127478956564,a091_x+045,grid_node,supported,false
source:bto-bfo-medium:370027,bto-bfo-medium,370027,26295,arc1-current-polar-best-glide-equal-feed,447,-38.185845874701,89.555331429208,1394239132.761131,5.3026401984097979e-4,1.7516788222231644e-55,-2.0375879248876291e2,2.402915731738,a100_x+040,grid_node,supported,false
source:bto-bfo-medium:370027,bto-bfo-medium,370027,26352,arc1-current-polar-best-glide-equal-feed,448,-38.367027210447,89.427485970079,1394239129.691989,9.1755721000889314e-4,4.3800613471408167e-59,-2.1260098468437653e2,1.815949764629,a102_x+045,grid_node,supported,false
source:bto-bfo-medium:370027,bto-bfo-medium,370027,26414,arc1-current-polar-best-glide-equal-feed,449,-37.665640923110,89.996611384217,1394239031.278379,1.5453870992546750e-4,3.6776057561952036e-60,-2.1329710025956146e2,3.222977201070,a092_x+030,grid_node,supported,false
source:bto-bfo-medium:370027,bto-bfo-medium,370027,26474,arc1-current-polar-best-glide-equal-feed,450,-38.758132227668,87.946662660195,1394238935.964576,1.7736406544226405e-4,2.3522675210129843e-188,-5.0861263420040655e2,2.255565818307,a116_x+025,grid_node,supported,false
source:bto-bfo-medium:370027,bto-bfo-medium,370027,26538,arc1-current-polar-best-glide-equal-feed,451,-38.237088998110,89.094853352004,1394238989.444333,3.7449590722513808e-4,7.9333570479042966e-52,-1.9499274142471037e2,1.429354511351,a103_x+030,grid_node,supported,false
source:bto-bfo-medium:370027,bto-bfo-medium,370027,26599,arc1-current-polar-best-glide-equal-feed,452,-38.017270325772,89.406593637520,1394239013.084288,1.8500096340695152e-4,6.7514398863218280e-72,-2.4050054392561012e2,3.123461182381,a099_x+030,grid_node,supported,false
source:bto-bfo-medium:370027,bto-bfo-medium,370027,26657,arc1-current-polar-best-glide-equal-feed,453,-38.357199428971,89.095103704282,1394239094.891446,3.3647721576388897e-4,2.0498381191163828e-52,-1.9623900644526350e2,0.696305859770,a104_x+035,grid_node,supported,false
source:bto-bfo-medium:370027,bto-bfo-medium,370027,26715,arc1-current-polar-best-glide-equal-feed,454,-38.057940895243,89.867676230934,1394239129.307602,7.9167942955762015e-4,2.8342554916154993e-95,-2.9578177309014421e2,2.348333319930,a096_x+045,grid_node,supported,false
source:bto-bfo-medium:370027,bto-bfo-medium,370027,26770,arc1-current-polar-best-glide-equal-feed,455,-37.970201318665,89.828739582872,1394239077.712188,6.3240156219797697e-4,2.3357766790795813e-105,-3.1877642687528567e2,2.573283786108,a096_x+040,grid_node,supported,false
source:bto-bfo-medium:370027,bto-bfo-medium,370027,26822,arc1-current-polar-best-glide-equal-feed,456,-38.081847514419,89.483396670253,1394239046.367090,4.0387976157673923e-4,4.1761367227653066e-73,-2.4406425440819592e2,2.520470782827,a099_x+035,grid_node,supported,false
source:bto-bfo-medium:370027,bto-bfo-medium,370027,26874,arc1-current-polar-best-glide-equal-feed,457,-38.311821335267,89.144196744599,1394239041.589576,5.4356912401324654e-4,7.7200026728272934e-55,-2.0230033428198271e2,2.125600205997,a103_x+035,grid_node,supported,false
source:bto-bfo-medium:370027,bto-bfo-medium,370027,26929,arc1-current-polar-best-glide-equal-feed,458,-38.340717940466,89.146240756644,1394239056.926076,5.8774682309148277e-4,3.5805866962709738e-52,-1.9623900644526350e2,2.180730455883,a104_x+035,grid_node,supported,false
source:bto-bfo-medium:370027,bto-bfo-medium,370027,26987,arc1-current-polar-best-glide-equal-feed,459,-38.258453600458,89.243790125777,1394238977.449409,8.5139775052516106e-4,1.7708242573460690e-52,-1.9731367112268248e2,1.437871336581,a102_x+035,grid_node,supported,false
source:bto-bfo-medium:370027,bto-bfo-medium,370027,27043,arc1-current-polar-best-glide-equal-feed,460,-37.725539709969,90.020510086341,1394239053.778315,2.7416900581413986e-4,4.1064435133050081e-69,-2.3448337080969756e2,1.932917636601,a093_x+030,grid_node,supported,false
source:bto-bfo-medium:370027,bto-bfo-medium,370027,27100,arc1-current-polar-best-glide-equal-feed,461,-37.863577196421,90.126426743199,1394239130.442472,6.6040951827671347e-4,5.7540182894394073e-72,-2.4193290037272126e2,1.052885970854,a093_x+040,grid_node,supported,false
source:bto-bfo-medium:370027,bto-bfo-medium,370027,27153,arc1-current-polar-best-glide-equal-feed,462,-37.676400303163,90.238803998429,1394239092.637074,4.1081752957891502e-4,3.5950081844841683e-70,-2.3732337138673219e2,1.413696851475,a091_x+035,grid_node,supported,false
source:bto-bfo-medium:370027,bto-bfo-medium,370027,27208,arc1-current-polar-best-glide-equal-feed,463,-37.726338578657,90.191130911753,1394239127.217194,3.0627147807497012e-4,2.6801399431083922e-70,-2.3732337138673219e2,2.712433023245,a091_x+035,grid_node,supported,false
source:bto-bfo-medium:370027,bto-bfo-medium,370027,27266,arc1-current-polar-best-glide-equal-feed,464,-38.407187988240,89.075631037491,1394239057.458418,6.9283765981297245e-4,9.7378256943212512e-50,-1.9079784450225770e2,2.924580994338,a105_x+035,grid_node,supported,false
source:bto-bfo-medium:370027,bto-bfo-medium,370027,27325,arc1-current-polar-best-glide-equal-feed,465,-37.930065391418,89.562087480776,1394239019.806783,1.8109439041346994e-4,2.3850769811879408e-50,-1.9086285363398414e2,2.826082485213,a098_x+030,grid_node,supported,false
source:bto-bfo-medium:370027,bto-bfo-medium,370027,27380,arc1-current-polar-best-glide-equal-feed,466,-38.015892772332,89.646095309757,1394239020.737571,6.6822192478324584e-4,1.9469931577762820e-81,-2.6375153865746205e2,2.112987019414,a098_x+035,grid_node,supported,false
source:bto-bfo-medium:370027,bto-bfo-medium,370027,27432,arc1-current-polar-best-glide-equal-feed,467,-37.857755309787,89.916553532382,1394239092.332143,3.3250527579403147e-4,5.7457890362334271e-55,-2.0210418059269742e2,2.086792936845,a094_x+035,grid_node,supported,false
source:bto-bfo-medium:370027,bto-bfo-medium,370027,27489,arc1-current-polar-best-glide-equal-feed,468,-37.594314011514,90.257046114229,1394239084.163101,2.2266239568946903e-4,5.4445074272573060e-45,-1.7873119059539883e2,2.131634333705,a090_x+030,grid_node,supported,false
source:bto-bfo-medium:370027,bto-bfo-medium,370027,27549,arc1-current-polar-best-glide-equal-feed,469,-37.919378531420,89.586964009190,1394239063.413081,8.5917871645760165e-5,4.4976168112213081e-58,-2.0790359158977330e2,2.490546793343,a097_x+030,grid_node,supported,false
source:bto-bfo-medium:370027,bto-bfo-medium,370027,27607,arc1-current-polar-best-glide-equal-feed,470,-38.014557209087,89.669375444058,1394239068.978065,4.6834337293840116e-4,1.3600093938512931e-85,-2.7296525502327205e2,1.984913208562,a097_x+035,grid_node,supported,false
source:bto-bfo-medium:370027,bto-bfo-medium,370027,27664,arc1-current-polar-best-glide-equal-feed,471,-37.798221682736,89.989978842205,1394239064.991325,4.1150964402145922e-4,5.7616934285507331e-74,-2.4606370990414865e2,2.650432241790,a093_x+035,grid_node,supported,false
source:bto-bfo-medium:370027,bto-bfo-medium,370027,27720,arc1-current-polar-best-glide-equal-feed,472,-38.093159303170,89.697707594991,1394239096.627596,7.1803605411533474e-4,3.4412160946076328e-89,-2.8167458013011202e2,1.272081225047,a098_x+040,grid_node,supported,false
source:bto-bfo-medium:370027,bto-bfo-medium,370027,27777,arc1-current-polar-best-glide-equal-feed,473,-37.716085982297,89.146015256173,1394238690.978137,3.6829469475467626e-5,7.0675335739513402e-17,-1.1219854534151921e2,1.408530518770,a099_x+005,grid_node,supported,false
source:bto-bfo-medium:370027,bto-bfo-medium,370027,27843,arc1-current-polar-best-glide-equal-feed,474,-38.558924146570,88.222536884140,1394238927.359623,9.8446261986476295e-5,1.8501591780711560e-151,-4.2306840019622325e2,1.522116539256,a112_x+020,grid_node,supported,false
source:bto-bfo-medium:370027,bto-bfo-medium,370027,27903,arc1-current-polar-best-glide-equal-feed,475,-38.477490721137,88.514714440937,1394238952.062241,2.1460550491361898e-4,4.3731014690700092e-104,-3.1476599067351987e2,1.840621908401,a109_x+025,grid_node,supported,false
source:bto-bfo-medium:370027,bto-bfo-medium,370027,27960,arc1-current-polar-best-glide-equal-feed,476,-37.977794051824,90.082277752682,1394239145.641711,8.7991344056231055e-4,6.9080326445475762e-102,-3.1111463013513821e2,0.198361653908,a094_x+045,grid_node,supported,false
source:bto-bfo-medium:370027,bto-bfo-medium,370027,28018,arc1-current-polar-best-glide-equal-feed,477,-38.167684208321,89.291731492200,1394239015.158971,4.4473483736458247e-4,1.1558069762483991e-47,-1.8557799081944603e2,2.344614924407,a101_x+030,grid_node,supported,false
source:bto-bfo-medium:370027,bto-bfo-medium,370027,28072,arc1-current-polar-best-glide-equal-feed,478,-37.841699250506,89.854796970094,1394239045.939721,3.4502220543695982e-4,2.5273135182574256e-75,-2.4901414586101004e2,2.482418711942,a095_x+030,grid_node,supported,false
source:bto-bfo-medium:370027,bto-bfo-medium,370027,28132,arc1-current-polar-best-glide-equal-feed,479,-39.125686767425,87.570482635732,1394239048.446028,2.8657050773421929e-4,3.0119020411722319e-215,-5.7101501980933006e2,2.125269279755,a121_x+030,grid_node,supported,false
source:bto-bfo-medium:370027,bto-bfo-medium,370027,28198,arc1-current-polar-best-glide-equal-feed,480,-38.292303746534,89.348828181620,1394239113.284656,5.7270088540693407e-4,7.3695230475796202e-56,-2.0470158778036651e2,1.599083356165,a102_x+040,grid_node,supported,false
source:bto-bfo-medium:370027,bto-bfo-medium,370027,28258,arc1-current-polar-best-glide-equal-feed,481,-38.033326117198,89.370714905198,1394238950.719123,3.8751483239431026e-4,2.3711978207533251e-71,-2.3998371248671029e2,2.585166088852,a100_x+025,grid_node,supported,false
source:bto-bfo-medium:370027,bto-bfo-medium,370027,28314,arc1-current-polar-best-glide-equal-feed,482,-38.016437047190,89.898952345484,1394239157.355679,5.4777809772146900e-4,2.0232197110984280e-105,-3.1877642687528567e2,2.429622545045,a096_x+040,grid_node,supported,false
source:bto-bfo-medium:370027,bto-bfo-medium,370027,28367,arc1-current-polar-best-glide-equal-feed,483,-37.807300931043,90.108501125419,1394239134.287447,3.6996851419564936e-4,3.2234629245704341e-72,-2.4193290037272126e2,2.770436986918,a093_x+040,grid_node,supported,false
source:bto-bfo-medium:370027,bto-bfo-medium,370027,28421,arc1-current-polar-best-glide-equal-feed,484,-38.057224106738,89.540861477897,1394239033.514423,5.1526671003428030e-4,5.3278832823706662e-73,-2.4406425440819592e2,2.184590793500,a099_x+035,grid_node,supported,false
source:bto-bfo-medium:370027,bto-bfo-medium,370027,28476,arc1-current-polar-best-glide-equal-feed,485,-38.529753482902,88.905240358522,1394239085.624169,6.4179011661150435e-4,2.1372622225525357e-89,-2.8203862092681055e2,1.812565540909,a107_x+040,grid_node,supported,false
source:bto-bfo-medium:370027,bto-bfo-medium,370027,28531,arc1-current-polar-best-glide-equal-feed,486,-38.028387456088,89.858962947508,1394239142.654458,5.7584903134307540e-4,2.1268997714155365e-105,-3.1877642687528567e2,1.203608434104,a096_x+040,grid_node,supported,false
source:bto-bfo-medium:370027,bto-bfo-medium,370027,28584,arc1-current-polar-best-glide-equal-feed,487,-38.091107306979,89.642635890993,1394239076.416661,6.7266945787171491e-4,3.2237948937412560e-89,-2.8167458013011202e2,2.150757402397,a098_x+040,grid_node,supported,false
source:bto-bfo-medium:370027,bto-bfo-medium,370027,28637,arc1-current-polar-best-glide-equal-feed,488,-37.787445369145,89.866318311224,1394239014.812864,3.2264783430135317e-4,1.1888121942914214e-82,-2.6581939640106884e2,1.429490890621,a094_x+030,grid_node,supported,false
source:bto-bfo-medium:370027,bto-bfo-medium,370027,28691,arc1-current-polar-best-glide-equal-feed,489,-38.482354456619,89.027852845074,1394239069.850403,8.1435120349001005e-4,8.2593108141538505e-47,-1.8421636194608013e2,2.408967696899,a106_x+040,grid_node,supported,false
source:bto-bfo-medium:370027,bto-bfo-medium,370027,28746,arc1-current-polar-best-glide-equal-feed,490,-37.986685653473,89.722208081920,1394239062.274135,5.0824418996120598e-4,1.4758762750946165e-85,-2.7296525502327205e2,1.052275117764,a097_x+035,grid_node,supported,false
source:bto-bfo-medium:370027,bto-bfo-medium,370027,28807,arc1-current-polar-best-glide-equal-feed,491,-38.326368241290,89.012183247824,1394239008.512300,4.4841169456592974e-4,2.8833149184230259e-61,-2.1690827379456579e2,2.761437494044,a105_x+030,grid_node,supported,false
source:bto-bfo-medium:370027,bto-bfo-medium,370027,28864,arc1-current-polar-best-glide-equal-feed,492,-38.268685998893,89.053372383369,1394238999.163217,3.6650903402471203e-4,3.3420871572551660e-45,-1.7971756884200190e2,0.923564976414,a104_x+030,grid_node,supported,false
source:bto-bfo-medium:370027,bto-bfo-medium,370027,28925,arc1-current-polar-best-glide-equal-feed,493,-38.914710879366,87.575278194702,1394238873.955999,2.4897674446306751e-4,6.5637035411069523e-207,-5.5167473073429392e2,2.916034058279,a120_x+020,grid_node,supported,false
source:bto-bfo-medium:370027,bto-bfo-medium,370027,28989,arc1-current-polar-best-glide-equal-feed,494,-38.048722712957,89.287430088209,1394239006.671057,1.1866368804324915e-4,4.0623519895821805e-44,-1.7609208731518598e2,2.501973168116,a101_x+025,grid_node,supported,false
source:bto-bfo-medium:370027,bto-bfo-medium,370027,29051,arc1-current-polar-best-glide-equal-feed,495,-38.475015375329,88.612295076749,1394238941.389033,4.3075175905626440e-4,4.2622040126579035e-112,-3.3390908797008245e2,3.069566979151,a109_x+030,grid_node,supported,false
source:bto-bfo-medium:370027,bto-bfo-medium,370027,29119,arc1-current-polar-best-glide-equal-feed,496,-38.298771199368,89.183586603846,1394239104.446980,2.7056706271782490e-4,3.8427098874544299e-55,-2.0230033428198271e2,0.113085108465,a103_x+035,grid_node,supported,false
source:bto-bfo-medium:370027,bto-bfo-medium,370027,29179,arc1-current-polar-best-glide-equal-feed,497,-38.515023061121,88.763574161883,1394239003.796711,6.7447747086592919e-4,1.7588434549832066e-87,-2.7767799689513566e2,1.644645964910,a108_x+035,grid_node,supported,false
source:bto-bfo-medium:370027,bto-bfo-medium,370027,29238,arc1-current-polar-best-glide-equal-feed,498,-37.902083205333,89.718399042578,1394239044.995223,2.7065347554826617e-4,4.4000619063985843e-40,-1.6762643641994413e2,1.517383735115,a096_x+030,grid_node,supported,false
source:bto-bfo-medium:370027,bto-bfo-medium,370027,29299,arc1-current-polar-best-glide-equal-feed,499,-38.308487474086,88.292333676502,1394238755.540749,6.7124343328855718e-5,1.4901942947522222e-119,-3.4921907832164032e2,0.971545280976,a110_x+010,grid_node,supported,false
source:bto-bfo-medium:370027,bto-bfo-medium,370027,29365,arc1-current-polar-best-glide-equal-feed,500,-38.118619585258,89.507804523279,1394239120.355434,2.4489514334256359e-4,2.5322279020545562e-73,-2.4406425440819592e2,1.982390146697,a099_x+035,grid_node,supported,false
source:bto-bfo-medium:370027,bto-bfo-medium,370027,29421,arc1-current-polar-best-glide-equal-feed,501,-37.752255742271,90.328275798421,1394239131.641587,7.2360320978704436e-4,2.4228168526673956e-66,-2.2907374047100882e2,2.538586700977,a091_x+040,grid_node,supported,false
source:bto-bfo-medium:370027,bto-bfo-medium,370027,29478,arc1-current-polar-best-glide-equal-feed,502,-37.831392616234,89.898503846465,1394239037.831816,4.5606455469254705e-4,7.8809297443758841e-55,-2.0210418059269742e2,2.780389387122,a094_x+035,grid_node,supported,false
source:bto-bfo-medium:370027,bto-bfo-medium,370027,29536,arc1-current-polar-best-glide-equal-feed,503,-38.070986382081,89.534064641724,1394239057.950372,4.1644758844696099e-4,4.3060886745867748e-73,-2.4406425440819592e2,1.339248090845,a099_x+035,grid_node,supported,false
source:bto-bfo-medium:370027,bto-bfo-medium,370027,29600,arc1-current-polar-best-glide-equal-feed,504,-38.720988540101,88.021053200983,1394238964.526454,1.1764208285955947e-4,3.9779976338283843e-165,-4.5471722057329470e2,1.406080084635,a115_x+025,grid_node,supported,false
source:bto-bfo-medium:370027,bto-bfo-medium,370027,29655,arc1-current-polar-best-glide-equal-feed,505,-38.311457130711,89.007789339060,1394238995.944893,4.3983527727583914e-4,4.0107274174099811e-45,-1.7971756884200190e2,2.438368091480,a104_x+030,grid_node,supported,false
source:bto-bfo-medium:370027,bto-bfo-medium,370027,29712,arc1-current-polar-best-glide-equal-feed,506,-38.439436230258,88.644174739870,1394238941.465403,3.6371544150885370e-4,2.9217578957395997e-59,-2.1208051883622826e2,1.999170177978,a108_x+025,grid_node,supported,false
source:bto-bfo-medium:370027,bto-bfo-medium,370027,29767,arc1-current-polar-best-glide-equal-feed,507,-38.028282239981,89.733984471237,1394239097.006667,5.2926162957680947e-4,4.2532307309911655e-86,-2.7424993401080098e2,2.401549498947,a097_x+040,grid_node,supported,false
source:bto-bfo-medium:370027,bto-bfo-medium,370027,29823,arc1-current-polar-best-glide-equal-feed,508,-38.081368747813,89.592156891849,1394239097.196027,4.0068681101101576e-4,1.1674781244310812e-81,-2.6375153865746205e2,2.591558089264,a098_x+035,grid_node,supported,false
source:bto-bfo-medium:370027,bto-bfo-medium,370027,29876,arc1-current-polar-best-glide-equal-feed,509,-38.054555305537,89.777432185595,1394239127.477480,5.7685782254056405e-4,4.6357213165140264e-86,-2.7424993401080098e2,0.685176422262,a097_x+040,grid_node,supported,false
source:bto-bfo-medium:370027,bto-bfo-medium,370027,29933,arc1-current-polar-best-glide-equal-feed,510,-38.512614887969,88.357299991385,1394238876.584455,3.0722607789435575e-4,6.3249935487225115e-121,-3.5389968312027770e2,2.565604554724,a111_x+025,grid_node,supported,false
source:bto-bfo-medium:370027,bto-bfo-medium,370027,29997,arc1-current-polar-best-glide-equal-feed,511,-37.610607863138,90.243357141987,1394239112.800057,1.4649523550936959e-4,2.4323892260807692e-65,-2.2516996195150057e2,2.690424961686,a090_x+035,grid_node,supported,false
