source_run_id,model_family,seed,particle_index,eof_scenario_id,eof_draw_id,latitude_deg,longitude_deg,impact_time_unix_s,baseline_weight,conditional_weight,relative_log_likelihood,nearest_surface_distance_nm,surface_cell_id,source_cell_status,support_status,used_likelihood_floor
source:bto-bfo-medium:370023,bto-bfo-medium,370023,20,arc1-current-polar-best-glide-equal-feed,0,-37.788306230942,89.673424781656,1394238947.312535,1.9269149892350609e-4,5.5453099758860426e-6,-9.5671021134964036e0,26.638333483168,arc-167,supported,supported,false
source:bto-bfo-medium:370023,bto-bfo-medium,370023,83,arc1-current-polar-best-glide-equal-feed,1,-38.003728377188,89.891597881528,1394239150.788009,5.1087309251304878e-4,1.4701996051465537e-5,-9.5671021134964036e0,42.179339608731,arc-167,supported,supported,false
source:bto-bfo-medium:370023,bto-bfo-medium,370023,146,arc1-current-polar-best-glide-equal-feed,2,-38.619054809879,88.727851073297,1394239037.456540,8.2884971606620871e-4,1.8111284750611668e-3,-5.2372976342015818e0,37.843359176719,arc-169,supported,supported,false
source:bto-bfo-medium:370023,bto-bfo-medium,370023,209,arc1-current-polar-best-glide-equal-feed,3,-38.096166683526,89.541792731379,1394239069.791663,4.6960642028373833e-4,4.5162039983088868e-4,-6.0580171123982325e0,36.883790068669,arc-168,supported,supported,false
source:bto-bfo-medium:370023,bto-bfo-medium,370023,266,arc1-current-polar-best-glide-equal-feed,4,-38.208835080822,89.355378435158,1394239106.586720,2.9462681944802585e-4,2.8334255293959825e-4,-6.0580171123982325e0,35.363790830573,arc-168,supported,supported,false
source:bto-bfo-medium:370023,bto-bfo-medium,370023,319,arc1-current-polar-best-glide-equal-feed,5,-38.697240197305,87.547126568552,1394238671.268104,1.8469634014462883e-4,8.0079177483343539e-4,-4.5520762908770394e0,14.258557007953,arc-170,supported,supported,false
source:bto-bfo-medium:370023,bto-bfo-medium,370023,378,arc1-current-polar-best-glide-equal-feed,6,-38.204929200583,89.514388024675,1394239120.621308,5.7702042087312533e-4,5.5492042256972615e-4,-6.0580171123982325e0,40.120467995404,arc-168,supported,supported,false
source:bto-bfo-medium:370023,bto-bfo-medium,370023,428,arc1-current-polar-best-glide-equal-feed,7,-38.122887569254,89.460572578325,1394239094.010070,2.7735695452739206e-4,2.6673412732273891e-4,-6.0580171123982325e0,34.896594382126,arc-168,supported,supported,false
source:bto-bfo-medium:370023,bto-bfo-medium,370023,490,arc1-current-polar-best-glide-equal-feed,8,-38.154063547501,89.721119195215,1394239126.421938,8.1812064266489513e-4,7.8678645732096694e-4,-6.0580171123982325e0,45.836343674624,arc-168,supported,supported,false
source:bto-bfo-medium:370023,bto-bfo-medium,370023,552,arc1-current-polar-best-glide-equal-feed,9,-38.569761971464,88.396676326189,1394238962.568478,2.5229641573214082e-4,5.5129562552911552e-4,-5.2372976342015818e0,28.646305594320,arc-169,supported,supported,false
source:bto-bfo-medium:370023,bto-bfo-medium,370023,607,arc1-current-polar-best-glide-equal-feed,10,-38.184716740325,89.063660899965,1394238950.326375,2.8309231968650018e-4,2.7224982684142851e-4,-6.0580171123982325e0,27.959865996324,arc-168,supported,supported,false
source:bto-bfo-medium:370023,bto-bfo-medium,370023,664,arc1-current-polar-best-glide-equal-feed,11,-38.089768312109,89.251337969121,1394238977.364993,2.3749967257405682e-4,2.2840338729354211e-4,-6.0580171123982325e0,26.696734721603,arc-168,supported,supported,false
source:bto-bfo-medium:370023,bto-bfo-medium,370023,728,arc1-current-polar-best-glide-equal-feed,12,-38.605791787078,88.726357714583,1394239069.434391,6.1897898998271414e-4,1.3525376826367212e-3,-5.2372976342015818e0,37.155530753120,arc-169,supported,supported,false
source:bto-bfo-medium:370023,bto-bfo-medium,370023,784,arc1-current-polar-best-glide-equal-feed,13,-37.943666359570,89.950153330086,1394239089.226188,7.5986540600844049e-4,2.1867540809063076e-5,-9.5671021134964036e0,40.128856398204,arc-167,supported,supported,false
source:bto-bfo-medium:370023,bto-bfo-medium,370023,841,arc1-current-polar-best-glide-equal-feed,14,-38.011459676126,88.789707270491,1394238728.285880,8.1838982253139948e-5,7.8704532754438368e-5,-6.0580171123982325e0,17.609239167976,arc-168,supported,supported,false
source:bto-bfo-medium:370023,bto-bfo-medium,370023,905,arc1-current-polar-best-glide-equal-feed,15,-38.499297722862,88.862459653526,1394239073.142311,4.7168186339473624e-4,1.0306771389373057e-3,-5.2372976342015818e0,36.839922099128,arc-169,supported,supported,false
source:bto-bfo-medium:370023,bto-bfo-medium,370023,959,arc1-current-polar-best-glide-equal-feed,16,-37.905008689031,89.792222403961,1394239090.694234,2.4420528829475623e-4,7.0277829012198224e-6,-9.5671021134964036e0,34.951004449572,arc-167,supported,supported,false
source:bto-bfo-medium:370023,bto-bfo-medium,370023,1013,arc1-current-polar-best-glide-equal-feed,17,-38.307613838220,89.241072992071,1394239147.316939,2.3071510124328130e-4,2.2187866641081927e-4,-6.0580171123982325e0,37.756219273175,arc-168,supported,supported,false
source:bto-bfo-medium:370023,bto-bfo-medium,370023,1071,arc1-current-polar-best-glide-equal-feed,18,-38.322418581126,89.310137008061,1394239133.016864,4.8258960951054339e-4,4.6410633029612177e-4,-6.0580171123982325e0,39.996071516898,arc-168,supported,supported,false
source:bto-bfo-medium:370023,bto-bfo-medium,370023,1131,arc1-current-polar-best-glide-equal-feed,19,-38.059735925669,89.038456344668,1394238893.822489,9.9923869701507709e-5,9.6096765372113434e-5,-6.0580171123982325e0,20.416831930346,arc-168,supported,supported,false
source:bto-bfo-medium:370023,bto-bfo-medium,370023,1191,arc1-current-polar-best-glide-equal-feed,20,-37.815087681699,89.710209173606,1394238995.049147,1.8664169256663238e-4,5.3712075804489278e-6,-9.5671021134964036e0,28.627907908389,arc-167,supported,supported,false
source:bto-bfo-medium:370023,bto-bfo-medium,370023,1249,arc1-current-polar-best-glide-equal-feed,21,-37.924815108444,89.465089974448,1394238998.139425,1.0229637083635960e-4,9.8378399235793702e-5,-6.0580171123982325e0,28.595439629730,arc-168,supported,supported,false
source:bto-bfo-medium:370023,bto-bfo-medium,370023,1301,arc1-current-polar-best-glide-equal-feed,22,-38.146820470884,89.108437546270,1394238993.381170,1.2628633151186590e-4,1.2144953958701222e-4,-6.0580171123982325e0,26.436033885433,arc-168,supported,supported,false
source:bto-bfo-medium:370023,bto-bfo-medium,370023,1353,arc1-current-polar-best-glide-equal-feed,23,-38.264827560384,89.149980799683,1394239040.150323,3.7336310816802915e-4,3.5906322594795161e-4,-6.0580171123982325e0,33.763833717313,arc-168,supported,supported,false
source:bto-bfo-medium:370023,bto-bfo-medium,370023,1415,arc1-current-polar-best-glide-equal-feed,24,-37.931720387312,89.346848818777,1394238900.565894,1.9475196001595536e-4,1.8729292073373433e-4,-6.0580171123982325e0,23.764467706702,arc-168,supported,supported,false
source:bto-bfo-medium:370023,bto-bfo-medium,370023,1480,arc1-current-polar-best-glide-equal-feed,25,-37.994961230074,89.718618438577,1394239092.167880,3.8809411262825331e-4,1.1168640891596487e-5,-9.5671021134964036e0,39.216401575297,arc-167,supported,supported,false
source:bto-bfo-medium:370023,bto-bfo-medium,370023,1538,arc1-current-polar-best-glide-equal-feed,26,-38.166586796776,89.490855038829,1394239098.121206,4.8649426795681366e-4,4.6786143953769088e-4,-6.0580171123982325e0,37.723719353943,arc-168,supported,supported,false
source:bto-bfo-medium:370023,bto-bfo-medium,370023,1604,arc1-current-polar-best-glide-equal-feed,27,-38.003950923542,89.380732149624,1394238956.037336,2.8075781750660182e-4,2.7000473656507587e-4,-6.0580171123982325e0,27.468790114655,arc-168,supported,supported,false
source:bto-bfo-medium:370023,bto-bfo-medium,370023,1665,arc1-current-polar-best-glide-equal-feed,28,-38.029993496368,89.382751976766,1394238960.398520,3.5360522040441396e-4,3.4006206926396427e-4,-6.0580171123982325e0,28.489272494472,arc-168,supported,supported,false
source:bto-bfo-medium:370023,bto-bfo-medium,370023,1718,arc1-current-polar-best-glide-equal-feed,29,-37.905014171044,90.021667725991,1394239113.377978,6.5597961160410265e-4,1.8877897076560255e-5,-9.5671021134964036e0,39.919443890169,arc-167,supported,supported,false
source:bto-bfo-medium:370023,bto-bfo-medium,370023,1769,arc1-current-polar-best-glide-equal-feed,30,-37.825935495813,89.833158078520,1394239044.162722,2.5962880979716495e-4,7.4716437260533675e-6,-9.5671021134964036e0,31.307239886301,arc-167,supported,supported,false
source:bto-bfo-medium:370023,bto-bfo-medium,370023,1820,arc1-current-polar-best-glide-equal-feed,31,-37.693667113030,90.033272530419,1394239066.336433,1.6792203289414857e-4,4.8324899094206650e-6,-9.5671021134964036e0,30.731499078241,arc-167,supported,supported,false
source:bto-bfo-medium:370023,bto-bfo-medium,370023,1877,arc1-current-polar-best-glide-equal-feed,32,-38.394980837375,88.978407091948,1394239065.932768,3.6010543307696177e-4,7.8687027482533529e-4,-5.2372976342015818e0,37.927865963194,arc-169,supported,supported,false
source:bto-bfo-medium:370023,bto-bfo-medium,370023,1937,arc1-current-polar-best-glide-equal-feed,33,-37.804437873084,90.084350027093,1394239100.658051,4.8640601810138610e-4,1.3997878264361707e-5,-9.5671021134964036e0,37.090492361994,arc-167,supported,supported,false
source:bto-bfo-medium:370023,bto-bfo-medium,370023,1994,arc1-current-polar-best-glide-equal-feed,34,-38.119909931491,89.282576056629,1394238917.985563,6.6916878164822991e-4,6.4353948257292860e-4,-6.0580171123982325e0,29.030497272762,arc-168,supported,supported,false
source:bto-bfo-medium:370023,bto-bfo-medium,370023,2058,arc1-current-polar-best-glide-equal-feed,35,-37.673846323131,89.469512011542,1394238780.990993,9.2977403028783064e-5,2.6757201196102803e-6,-9.5671021134964036e0,19.459943428760,arc-167,supported,supported,false
source:bto-bfo-medium:370023,bto-bfo-medium,370023,2114,arc1-current-polar-best-glide-equal-feed,36,-38.017148778226,89.508914716369,1394239024.185352,3.1833191939319833e-4,3.0613974278381192e-4,-6.0580171123982325e0,32.974924446257,arc-168,supported,supported,false
source:bto-bfo-medium:370023,bto-bfo-medium,370023,2175,arc1-current-polar-best-glide-equal-feed,37,-38.070458830290,88.789889901133,1394238860.535582,1.7030918884780109e-5,1.6378631262291065e-5,-6.0580171123982325e0,20.982796343470,arc-168,supported,supported,false
source:bto-bfo-medium:370023,bto-bfo-medium,370023,2243,arc1-current-polar-best-glide-equal-feed,38,-38.151494416007,88.846722319553,1394238758.040772,4.7173199548414295e-4,4.5366456507312994e-4,-6.0580171123982325e0,25.222932285995,arc-168,supported,supported,false
source:bto-bfo-medium:370023,bto-bfo-medium,370023,2307,arc1-current-polar-best-glide-equal-feed,39,-38.880650735880,88.089540348975,1394239039.416760,4.5088627985625227e-4,1.9549170493112964e-3,-4.5520762908770394e0,33.790457131794,arc-170,supported,supported,false
source:bto-bfo-medium:370023,bto-bfo-medium,370023,2360,arc1-current-polar-best-glide-equal-feed,40,-38.358516328133,88.683479722891,1394238981.490596,9.7317605693121015e-5,2.1264975227608905e-4,-5.2372976342015818e0,24.981442509204,arc-169,supported,supported,false
source:bto-bfo-medium:370023,bto-bfo-medium,370023,2425,arc1-current-polar-best-glide-equal-feed,41,-37.970056755302,89.418742145407,1394238972.165529,1.9073395440570952e-4,1.8342880554739259e-4,-6.0580171123982325e0,27.863299261447,arc-168,supported,supported,false
source:bto-bfo-medium:370023,bto-bfo-medium,370023,2490,arc1-current-polar-best-glide-equal-feed,42,-37.890075765499,89.679272757361,1394238998.527630,3.4166712649050636e-4,9.8325568877963191e-6,-9.5671021134964036e0,32.673964936475,arc-167,supported,supported,false
source:bto-bfo-medium:370023,bto-bfo-medium,370023,2546,arc1-current-polar-best-glide-equal-feed,43,-39.337426367302,87.132241176334,1394239013.181437,3.9302955941053768e-4,5.6777733778349957e-10,-1.9466630226633967e1,32.738308438298,arc-171,supported,supported,false
source:bto-bfo-medium:370023,bto-bfo-medium,370023,2606,arc1-current-polar-best-glide-equal-feed,44,-38.255314317624,89.155880867957,1394239009.748074,4.9227784263443527e-4,4.7342350214062785e-4,-6.0580171123982325e0,33.321595940531,arc-168,supported,supported,false
source:bto-bfo-medium:370023,bto-bfo-medium,370023,2662,arc1-current-polar-best-glide-equal-feed,45,-38.286270793564,89.010101640780,1394239009.014666,2.9812830589650094e-4,2.8670993175206700e-4,-6.0580171123982325e0,33.444948659564,arc-168,supported,supported,false
source:bto-bfo-medium:370023,bto-bfo-medium,370023,2713,arc1-current-polar-best-glide-equal-feed,46,-37.778005989860,90.064477598840,1394239060.614368,5.3346987508892576e-4,1.5352290249917316e-5,-9.5671021134964036e0,35.293343404564,arc-167,supported,supported,false
source:bto-bfo-medium:370023,bto-bfo-medium,370023,2772,arc1-current-polar-best-glide-equal-feed,47,-37.784782911975,89.770104540837,1394239036.723233,1.0125855468546619e-4,2.9140365640314216e-6,-9.5671021134964036e0,27.830953003885,arc-167,supported,supported,false
source:bto-bfo-medium:370023,bto-bfo-medium,370023,2828,arc1-current-polar-best-glide-equal-feed,48,-37.862197079436,90.234094748395,1394239158.157692,7.5328831601998195e-4,2.1678264152183713e-5,-9.5671021134964036e0,44.585385964972,arc-167,supported,supported,false
source:bto-bfo-medium:370023,bto-bfo-medium,370023,2891,arc1-current-polar-best-glide-equal-feed,49,-38.190997245160,88.897135504998,1394238894.045813,1.9766021273175891e-4,1.9008978678494137e-4,-6.0580171123982325e0,27.412355998403,arc-168,supported,supported,false
source:bto-bfo-medium:370023,bto-bfo-medium,370023,2946,arc1-current-polar-best-glide-equal-feed,50,-38.117177468368,89.642426355062,1394239098.051588,6.5976592077779384e-4,6.3449675316711095e-4,-6.0580171123982325e0,41.514116384681,arc-168,supported,supported,false
source:bto-bfo-medium:370023,bto-bfo-medium,370023,3002,arc1-current-polar-best-glide-equal-feed,51,-37.770517581045,90.301913456612,1394239156.892853,5.7591576225987510e-4,1.6573805484784173e-5,-9.5671021134964036e0,43.656002516008,arc-167,supported,supported,false
source:bto-bfo-medium:370023,bto-bfo-medium,370023,3065,arc1-current-polar-best-glide-equal-feed,52,-38.874062325129,88.163086269615,1394239077.234962,3.8536851383175284e-4,1.6708503044218393e-3,-4.5520762908770394e0,35.927315538706,arc-170,supported,supported,false
source:bto-bfo-medium:370023,bto-bfo-medium,370023,3126,arc1-current-polar-best-glide-equal-feed,53,-38.486665089690,88.665575922017,1394238987.866646,3.8970123675939676e-4,8.5154038540458099e-4,-5.2372976342015818e0,29.750021184354,arc-169,supported,supported,false
source:bto-bfo-medium:370023,bto-bfo-medium,370023,3187,arc1-current-polar-best-glide-equal-feed,54,-38.423302634959,89.018137792909,1394239047.921959,6.6680302079036898e-4,1.4570384893680434e-3,-5.2372976342015818e0,40.372882418623,arc-169,supported,supported,false
source:bto-bfo-medium:370023,bto-bfo-medium,370023,3240,arc1-current-polar-best-glide-equal-feed,55,-38.200488458282,89.170263452839,1394239024.751161,2.6055217350297397e-4,2.5057297279522481e-4,-6.0580171123982325e0,30.522045321902,arc-168,supported,supported,false
source:bto-bfo-medium:370023,bto-bfo-medium,370023,3295,arc1-current-polar-best-glide-equal-feed,56,-37.757872168140,89.960344675359,1394239008.836850,4.5327892058458962e-4,1.3044540803403066e-5,-9.5671021134964036e0,31.097445328136,arc-167,supported,supported,false
source:bto-bfo-medium:370023,bto-bfo-medium,370023,3346,arc1-current-polar-best-glide-equal-feed,57,-38.540668075953,88.681782179773,1394239071.952555,2.5473216755852259e-4,5.5661801317724005e-4,-5.2372976342015818e0,32.767473696664,arc-169,supported,supported,false
source:bto-bfo-medium:370023,bto-bfo-medium,370023,3402,arc1-current-polar-best-glide-equal-feed,58,-37.901597867897,89.623849101447,1394238964.719018,3.9482027107195985e-4,1.1362207466799095e-5,-9.5671021134964036e0,32.963508872568,arc-167,supported,supported,false
source:bto-bfo-medium:370023,bto-bfo-medium,370023,3461,arc1-current-polar-best-glide-equal-feed,59,-37.601468995533,90.147267474156,1394239026.140406,2.4940853346316807e-4,7.1775228093142318e-6,-9.5671021134964036e0,32.118705503342,arc-167,supported,supported,false
source:bto-bfo-medium:370023,bto-bfo-medium,370023,3519,arc1-current-polar-best-glide-equal-feed,60,-38.245639252422,89.092108142365,1394238981.843450,4.3562608018395100e-4,4.1894151359891745e-4,-6.0580171123982325e0,31.841779630652,arc-168,supported,supported,false
source:bto-bfo-medium:370023,bto-bfo-medium,370023,3586,arc1-current-polar-best-glide-equal-feed,61,-38.174278004289,89.264428796231,1394239029.346136,3.3436174415050048e-4,3.2155562202527927e-4,-6.0580171123982325e0,31.222603379351,arc-168,supported,supported,false
source:bto-bfo-medium:370023,bto-bfo-medium,370023,3646,arc1-current-polar-best-glide-equal-feed,62,-37.851817757342,89.876140808026,1394239114.895683,1.5805193499720489e-4,4.5484464895673527e-6,-9.5671021134964036e0,33.612154251299,arc-167,supported,supported,false
source:bto-bfo-medium:370023,bto-bfo-medium,370023,3705,arc1-current-polar-best-glide-equal-feed,63,-38.221341678915,89.083966047317,1394239052.771636,1.0629646656063920e-4,1.0222529048840790e-4,-6.0580171123982325e0,30.333408016262,arc-168,supported,supported,false
source:bto-bfo-medium:370023,bto-bfo-medium,370023,3763,arc1-current-polar-best-glide-equal-feed,64,-38.128737805662,89.594164293063,1394239066.597077,7.5005148651633824e-4,7.2132436355873018e-4,-6.0580171123982325e0,40.034662432408,arc-168,supported,supported,false
source:bto-bfo-medium:370023,bto-bfo-medium,370023,3821,arc1-current-polar-best-glide-equal-feed,65,-38.375587797836,88.942444319556,1394239018.716749,4.4582449118640643e-4,9.7417591538736549e-4,-5.2372976342015818e0,35.891192738522,arc-169,supported,supported,false
source:bto-bfo-medium:370023,bto-bfo-medium,370023,3881,arc1-current-polar-best-glide-equal-feed,66,-38.077947526314,89.140119892372,1394238959.090917,1.1005803638110361e-4,1.0584279142735060e-4,-6.0580171123982325e0,23.270068157434,arc-168,supported,supported,false
source:bto-bfo-medium:370023,bto-bfo-medium,370023,3943,arc1-current-polar-best-glide-equal-feed,67,-38.777092021457,88.611488147583,1394239129.410949,7.2937419013210133e-4,1.5937634279377675e-3,-5.2372976342015818e0,43.581034271574,arc-169,supported,supported,false
source:bto-bfo-medium:370023,bto-bfo-medium,370023,4006,arc1-current-polar-best-glide-equal-feed,68,-37.768025391142,89.083658239104,1394238664.549997,7.6784302413546315e-5,7.3843448170468813e-5,-6.0580171123982325e0,8.379915103631,arc-168,supported,supported,false
source:bto-bfo-medium:370023,bto-bfo-medium,370023,4071,arc1-current-polar-best-glide-equal-feed,69,-37.846963414012,89.896602469232,1394239087.615394,2.7759525636676647e-4,7.9886852974264283e-6,-9.5671021134964036e0,33.820287047510,arc-167,supported,supported,false
source:bto-bfo-medium:370023,bto-bfo-medium,370023,4137,arc1-current-polar-best-glide-equal-feed,70,-39.009969535212,87.904748372137,1394239068.555730,4.1617578292266503e-4,1.8044220236760732e-3,-4.5520762908770394e0,35.658367529325,arc-170,supported,supported,false
source:bto-bfo-medium:370023,bto-bfo-medium,370023,4196,arc1-current-polar-best-glide-equal-feed,71,-37.717475922451,89.835521145598,1394238964.159005,2.2269031900810170e-4,6.4086213166004157e-6,-9.5671021134964036e0,25.656953839486,arc-167,supported,supported,false
source:bto-bfo-medium:370023,bto-bfo-medium,370023,4252,arc1-current-polar-best-glide-equal-feed,72,-37.707785229479,90.289606275999,1394239121.724226,4.9517280485211301e-4,1.4250170401258549e-5,-9.5671021134964036e0,41.132295435337,arc-167,supported,supported,false
source:bto-bfo-medium:370023,bto-bfo-medium,370023,4309,arc1-current-polar-best-glide-equal-feed,73,-38.035833445134,89.489667453507,1394238993.827737,4.7820630576397925e-4,4.5989090796563607e-4,-6.0580171123982325e0,32.798242045396,arc-168,supported,supported,false
source:bto-bfo-medium:370023,bto-bfo-medium,370023,4366,arc1-current-polar-best-glide-equal-feed,74,-37.725734308718,89.961393213170,1394239005.312331,3.4450371227691883e-4,9.9141886543595854e-6,-9.5671021134964036e0,29.660531276970,arc-167,supported,supported,false
source:bto-bfo-medium:370023,bto-bfo-medium,370023,4424,arc1-current-polar-best-glide-equal-feed,75,-37.702272798288,89.856951948159,1394238954.217708,2.4675149850017785e-4,7.1010581880472780e-6,-9.5671021134964036e0,25.464679793557,arc-167,supported,supported,false
source:bto-bfo-medium:370023,bto-bfo-medium,370023,4485,arc1-current-polar-best-glide-equal-feed,76,-38.332642095602,89.175584901823,1394239107.897046,3.5746330025341602e-4,3.4377238387791920e-4,-6.0580171123982325e0,38.005144443676,arc-168,supported,supported,false
source:bto-bfo-medium:370023,bto-bfo-medium,370023,4548,arc1-current-polar-best-glide-equal-feed,77,-38.581193473173,88.310994607774,1394238913.385799,3.1978312326951376e-4,6.9876155975077568e-4,-5.2372976342015818e0,28.730961381104,arc-169,supported,supported,false
source:bto-bfo-medium:370023,bto-bfo-medium,370023,4609,arc1-current-polar-best-glide-equal-feed,78,-38.373403558154,88.652336970145,1394238957.373341,1.3629860457417005e-4,2.9782755434480061e-4,-5.2372976342015818e0,24.417387365078,arc-169,supported,supported,false
source:bto-bfo-medium:370023,bto-bfo-medium,370023,4669,arc1-current-polar-best-glide-equal-feed,79,-38.151856243705,89.672255724472,1394239082.161489,8.9776954105816222e-4,8.6338478686834243e-4,-6.0580171123982325e0,43.846301333385,arc-168,supported,supported,false
source:bto-bfo-medium:370023,bto-bfo-medium,370023,4724,arc1-current-polar-best-glide-equal-feed,80,-38.439245807890,88.905787002585,1394239039.351000,5.0380962764958327e-4,1.1008798639357150e-3,-5.2372976342015818e0,36.318588041834,arc-169,supported,supported,false
source:bto-bfo-medium:370023,bto-bfo-medium,370023,4787,arc1-current-polar-best-glide-equal-feed,81,-38.150361593508,89.252240422590,1394238993.332954,3.8036265173040795e-4,3.6579468558252235e-4,-6.0580171123982325e0,29.703121107468,arc-168,supported,supported,false
source:bto-bfo-medium:370023,bto-bfo-medium,370023,4845,arc1-current-polar-best-glide-equal-feed,82,-38.914419699661,87.881752658069,1394239011.323553,2.8987055863744215e-4,1.2567978279454130e-3,-4.5520762908770394e0,29.991787419584,arc-170,supported,supported,false
source:bto-bfo-medium:370023,bto-bfo-medium,370023,4908,arc1-current-polar-best-glide-equal-feed,83,-38.837246621694,88.223974862355,1394238976.744539,8.5850848459093564e-4,3.7222531456053399e-3,-4.5520762908770394e0,36.671641616307,arc-170,supported,supported,false
source:bto-bfo-medium:370023,bto-bfo-medium,370023,4966,arc1-current-polar-best-glide-equal-feed,84,-37.881359232311,90.202767963252,1394239145.105537,8.1998713118252111e-4,2.3597734430669859e-5,-9.5671021134964036e0,44.316148095882,arc-167,supported,supported,false
source:bto-bfo-medium:370023,bto-bfo-medium,370023,5022,arc1-current-polar-best-glide-equal-feed,85,-38.003069748475,88.797775002409,1394238748.188082,5.2764330953096124e-5,5.0743446453412561e-5,-6.0580171123982325e0,17.008779817887,arc-168,supported,supported,false
source:bto-bfo-medium:370023,bto-bfo-medium,370023,5093,arc1-current-polar-best-glide-equal-feed,86,-38.414936170200,88.744966945678,1394238981.899837,3.1545825055303038e-4,6.8931123362288142e-4,-5.2372976342015818e0,29.354666344273,arc-169,supported,supported,false
source:bto-bfo-medium:370023,bto-bfo-medium,370023,5156,arc1-current-polar-best-glide-equal-feed,87,-37.911162040369,89.742490439761,1394239051.425559,3.3248829099066351e-4,9.5684067392498338e-6,-9.5671021134964036e0,34.595275570098,arc-167,supported,supported,false
source:bto-bfo-medium:370023,bto-bfo-medium,370023,5212,arc1-current-polar-best-glide-equal-feed,88,-38.465426533298,88.792407284364,1394239022.752725,4.4178294153553584e-4,9.6534468155307584e-4,-5.2372976342015818e0,33.014609519326,arc-169,supported,supported,false
source:bto-bfo-medium:370023,bto-bfo-medium,370023,5271,arc1-current-polar-best-glide-equal-feed,89,-37.921927454709,89.560866846659,1394238996.497070,2.2617018989593872e-4,2.1750782608320488e-4,-6.0580171123982325e0,32.750153373988,arc-168,supported,supported,false
source:bto-bfo-medium:370023,bto-bfo-medium,370023,5327,arc1-current-polar-best-glide-equal-feed,90,-38.559872052608,88.897841674174,1394239104.637284,6.3654611406305185e-4,1.3909237953784077e-3,-5.2372976342015818e0,40.484573155112,arc-169,supported,supported,false
source:bto-bfo-medium:370023,bto-bfo-medium,370023,5382,arc1-current-polar-best-glide-equal-feed,91,-38.162691261791,89.532589962037,1394239128.960495,4.0300044802731147e-4,3.8756544972309902e-4,-6.0580171123982325e0,39.028179242036,arc-168,supported,supported,false
source:bto-bfo-medium:370023,bto-bfo-medium,370023,5437,arc1-current-polar-best-glide-equal-feed,92,-37.914790885509,89.825242732336,1394239020.398569,6.9687884819489079e-4,2.0054902527968713e-5,-9.5671021134964036e0,36.048480876877,arc-167,supported,supported,false
source:bto-bfo-medium:370023,bto-bfo-medium,370023,5493,arc1-current-polar-best-glide-equal-feed,93,-38.426848315784,89.156411168147,1394239093.936309,7.5510488923864316e-4,7.2618421993926032e-4,-6.0580171123982325e0,43.135250550673,arc-168,supported,supported,false
source:bto-bfo-medium:370023,bto-bfo-medium,370023,5553,arc1-current-polar-best-glide-equal-feed,94,-37.670487173541,90.058553088499,1394239049.104031,2.0748168750114813e-4,5.9709446339951200e-6,-9.5671021134964036e0,30.775306805961,arc-167,supported,supported,false
source:bto-bfo-medium:370023,bto-bfo-medium,370023,5613,arc1-current-polar-best-glide-equal-feed,95,-39.170256080020,87.377477955503,1394238930.260857,6.1429619682121716e-4,8.8742297084417909e-10,-1.9466630226633967e1,29.755224844244,arc-171,supported,supported,false
source:bto-bfo-medium:370023,bto-bfo-medium,370023,5668,arc1-current-polar-best-glide-equal-feed,96,-37.680436515431,90.240386768087,1394239078.371400,5.0151080909887485e-4,1.4432566606452448e-5,-9.5671021134964036e0,38.283921381529,arc-167,supported,supported,false
source:bto-bfo-medium:370023,bto-bfo-medium,370023,5724,arc1-current-polar-best-glide-equal-feed,97,-38.447622771728,88.550579351733,1394238946.698937,2.0611661176272016e-4,4.5038763663733986e-4,-5.2372976342015818e0,24.646458370113,arc-169,supported,supported,false
source:bto-bfo-medium:370023,bto-bfo-medium,370023,5786,arc1-current-polar-best-glide-equal-feed,98,-38.075177028890,89.522852063147,1394238990.088213,7.3809170024855171e-4,7.0982263951312131e-4,-6.0580171123982325e0,35.423526964007,arc-168,supported,supported,false
source:bto-bfo-medium:370023,bto-bfo-medium,370023,5846,arc1-current-polar-best-glide-equal-feed,99,-38.387713107865,88.782090541517,1394238987.886650,2.7638554372394063e-4,6.0393303952547455e-4,-5.2372976342015818e0,29.764837707466,arc-169,supported,supported,false
source:bto-bfo-medium:370023,bto-bfo-medium,370023,5909,arc1-current-polar-best-glide-equal-feed,100,-37.651420893142,90.264979429646,1394239128.391681,2.1896736226974326e-4,6.3014814102924227e-6,-9.5671021134964036e0,38.468125292194,arc-167,supported,supported,false
source:bto-bfo-medium:370023,bto-bfo-medium,370023,5966,arc1-current-polar-best-glide-equal-feed,101,-38.204365003031,89.534199143173,1394239134.184266,5.4562613107398696e-4,5.2472854039118386e-4,-6.0580171123982325e0,40.768516135666,arc-168,supported,supported,false
source:bto-bfo-medium:370023,bto-bfo-medium,370023,6024,arc1-current-polar-best-glide-equal-feed,102,-37.792318897199,90.122159810602,1394239122.599524,4.0380827638935809e-4,1.1620865870663954e-5,-9.5671021134964036e0,37.843723682105,arc-167,supported,supported,false
source:bto-bfo-medium:370023,bto-bfo-medium,370023,6083,arc1-current-polar-best-glide-equal-feed,103,-38.305871747958,89.424303127779,1394239132.551082,7.0407601334620108e-4,6.7710976026824220e-4,-6.0580171123982325e0,41.988334191082,arc-168,supported,supported,false
source:bto-bfo-medium:370023,bto-bfo-medium,370023,6136,arc1-current-polar-best-glide-equal-feed,104,-38.014060235627,89.932150473076,1394239149.563326,6.6530023054913302e-4,1.9146127494124449e-5,-9.5671021134964036e0,43.523020492779,arc-167,supported,supported,false
source:bto-bfo-medium:370023,bto-bfo-medium,370023,6186,arc1-current-polar-best-glide-equal-feed,105,-38.163569331165,89.731191877812,1394239102.696223,9.3302029247017135e-4,8.9728542740347801e-4,-6.0580171123982325e0,46.546810884741,arc-168,supported,supported,false
source:bto-bfo-medium:370023,bto-bfo-medium,370023,6241,arc1-current-polar-best-glide-equal-feed,106,-38.513378218364,88.296920885970,1394238879.787935,1.9470378901811385e-4,4.2544935427695705e-4,-5.2372976342015818e0,24.623103630860,arc-169,supported,supported,false
source:bto-bfo-medium:370023,bto-bfo-medium,370023,6305,arc1-current-polar-best-glide-equal-feed,107,-37.700403381940,89.585357710617,1394238857.615877,1.0988630856477667e-4,3.1623275884082702e-6,-9.5671021134964036e0,20.762628190502,arc-167,supported,supported,false
source:bto-bfo-medium:370023,bto-bfo-medium,370023,6369,arc1-current-polar-best-glide-equal-feed,108,-38.178804546394,89.294797368238,1394239002.477018,5.5348027137460342e-4,5.3228186553684338e-4,-6.0580171123982325e0,32.237517168018,arc-168,supported,supported,false
source:bto-bfo-medium:370023,bto-bfo-medium,370023,6426,arc1-current-polar-best-glide-equal-feed,109,-37.862273838677,89.653040805388,1394238960.894431,3.3625410168159334e-4,9.6767799041708163e-6,-9.5671021134964036e0,30.811217297571,arc-167,supported,supported,false
source:bto-bfo-medium:370023,bto-bfo-medium,370023,6484,arc1-current-polar-best-glide-equal-feed,110,-37.875300210685,89.558298387271,1394238936.377616,2.7266196129941339e-4,7.8467140610002573e-6,-9.5671021134964036e0,31.192462974737,arc-167,supported,supported,false
source:bto-bfo-medium:370023,bto-bfo-medium,370023,6552,arc1-current-polar-best-glide-equal-feed,111,-38.087280173314,89.643497887220,1394239126.611301,3.8249502209067256e-4,3.6784538572863268e-4,-6.0580171123982325e0,40.597763535868,arc-168,supported,supported,false
source:bto-bfo-medium:370023,bto-bfo-medium,370023,6623,arc1-current-polar-best-glide-equal-feed,112,-38.525860244240,88.475965294008,1394238921.638525,4.1186197432762988e-4,8.9996405263906287e-4,-5.2372976342015818e0,27.215542303228,arc-169,supported,supported,false
source:bto-bfo-medium:370023,bto-bfo-medium,370023,6690,arc1-current-polar-best-glide-equal-feed,113,-38.185516187785,88.626995263560,1394238853.126010,3.0574823704651818e-5,6.6809377813729917e-5,-5.2372976342015818e0,17.806581787486,arc-169,supported,supported,false
source:bto-bfo-medium:370023,bto-bfo-medium,370023,6752,arc1-current-polar-best-glide-equal-feed,114,-38.750445962387,88.181322171990,1394238999.760331,3.2091266516265978e-4,1.3913877367624043e-3,-4.5520762908770394e0,32.050033947491,arc-170,supported,supported,false
source:bto-bfo-medium:370023,bto-bfo-medium,370023,6813,arc1-current-polar-best-glide-equal-feed,115,-37.749515599696,90.269254700253,1394239127.840032,5.8057213228798852e-4,1.6707807323539727e-5,-9.5671021134964036e0,41.664371808413,arc-167,supported,supported,false
source:bto-bfo-medium:370023,bto-bfo-medium,370023,6867,arc1-current-polar-best-glide-equal-feed,116,-38.212369853383,89.571175671458,1394239104.276344,8.2507580448124647e-4,7.9347523503931936e-4,-6.0580171123982325e0,42.372266094209,arc-168,supported,supported,false
source:bto-bfo-medium:370023,bto-bfo-medium,370023,6925,arc1-current-polar-best-glide-equal-feed,117,-38.318434352799,88.931655627634,1394238980.695839,3.5660650271089015e-4,7.7922472425637993e-4,-5.2372976342015818e0,34.008424614091,arc-169,supported,supported,false
source:bto-bfo-medium:370023,bto-bfo-medium,370023,6982,arc1-current-polar-best-glide-equal-feed,118,-38.015788450498,89.556862904140,1394239019.916686,4.3226633882900560e-4,4.1571045101435565e-4,-6.0580171123982325e0,34.903708871741,arc-168,supported,supported,false
source:bto-bfo-medium:370023,bto-bfo-medium,370023,7050,arc1-current-polar-best-glide-equal-feed,119,-38.558840346948,88.751548163627,1394239062.486218,5.1043259556666576e-4,1.1153517827305651e-3,-5.2372976342015818e0,35.664895623917,arc-169,supported,supported,false
source:bto-bfo-medium:370023,bto-bfo-medium,370023,7107,arc1-current-polar-best-glide-equal-feed,120,-38.365311272879,88.243266913138,1394238754.812918,1.0613746067061194e-4,2.3192211273662851e-4,-5.2372976342015818e0,15.716949045859,arc-169,supported,supported,false
source:bto-bfo-medium:370023,bto-bfo-medium,370023,7169,arc1-current-polar-best-glide-equal-feed,121,-38.340073732570,89.439037941706,1394239141.432191,8.1067036171992288e-4,7.7962152363631279e-4,-6.0580171123982325e0,44.068800717355,arc-168,supported,supported,false
source:bto-bfo-medium:370023,bto-bfo-medium,370023,7228,arc1-current-polar-best-glide-equal-feed,122,-38.030677749524,89.584723906863,1394239019.299469,5.7709914367109788e-4,5.5499613026868547e-4,-6.0580171123982325e0,36.489242420211,arc-168,supported,supported,false
source:bto-bfo-medium:370023,bto-bfo-medium,370023,7286,arc1-current-polar-best-glide-equal-feed,123,-38.172827929543,89.410157949381,1394238987.477015,8.5174758156527893e-4,8.1912547769062965e-4,-6.0580171123982325e0,35.325662630645,arc-168,supported,supported,false
source:bto-bfo-medium:370023,bto-bfo-medium,370023,7343,arc1-current-polar-best-glide-equal-feed,124,-38.328961928002,89.178073545991,1394239086.725150,4.5616782789305359e-4,4.3869650823464862e-4,-6.0580171123982325e0,37.835491579055,arc-168,supported,supported,false
source:bto-bfo-medium:370023,bto-bfo-medium,370023,7400,arc1-current-polar-best-glide-equal-feed,125,-38.020386413782,89.969098562494,1394239129.408497,8.6034989318496105e-4,2.4759301121659713e-5,-9.5671021134964036e0,44.626025208046,arc-167,supported,supported,false
source:bto-bfo-medium:370023,bto-bfo-medium,370023,7455,arc1-current-polar-best-glide-equal-feed,126,-37.873954728115,89.816861875662,1394239035.778395,4.3268697188942755e-4,1.2451942068325826e-5,-9.5671021134964036e0,33.625853789089,arc-167,supported,supported,false
source:bto-bfo-medium:370023,bto-bfo-medium,370023,7505,arc1-current-polar-best-glide-equal-feed,127,-38.124980846302,89.267884128271,1394239049.348767,1.3564003414854288e-4,1.3044499352932217e-4,-6.0580171123982325e0,28.861909818103,arc-168,supported,supported,false
source:bto-bfo-medium:370023,bto-bfo-medium,370023,7563,arc1-current-polar-best-glide-equal-feed,128,-38.276533309144,89.135933131388,1394239026.326349,4.5720303587734053e-4,4.3969206754469666e-4,-6.0580171123982325e0,34.215706796547,arc-168,supported,supported,false
source:bto-bfo-medium:370023,bto-bfo-medium,370023,7624,arc1-current-polar-best-glide-equal-feed,129,-37.720971095966,90.058242582364,1394239055.590630,3.3532662337204647e-4,9.6500887696314897e-6,-9.5671021134964036e0,32.706480140555,arc-167,supported,supported,false
source:bto-bfo-medium:370023,bto-bfo-medium,370023,7683,arc1-current-polar-best-glide-equal-feed,130,-37.804678292271,90.189967045022,1394239148.063232,4.8339557108561620e-4,1.3911243088644604e-5,-9.5671021134964036e0,40.718916680392,arc-167,supported,supported,false
source:bto-bfo-medium:370023,bto-bfo-medium,370023,7738,arc1-current-polar-best-glide-equal-feed,131,-37.938161404304,90.088241620871,1394239166.338009,6.5062965419294158e-4,1.8723935057641915e-5,-9.5671021134964036e0,43.369973050536,arc-167,supported,supported,false
source:bto-bfo-medium:370023,bto-bfo-medium,370023,7791,arc1-current-polar-best-glide-equal-feed,132,-38.424284290678,88.979973940704,1394239118.652493,2.3044183779611488e-4,5.0354095101678422e-4,-5.2372976342015818e0,38.827818831672,arc-169,supported,supported,false
source:bto-bfo-medium:370023,bto-bfo-medium,370023,7849,arc1-current-polar-best-glide-equal-feed,133,-37.980097869308,89.901794605984,1394239157.794610,4.0814952538090568e-4,1.1745799100594283e-5,-9.5671021134964036e0,41.071346089415,arc-167,supported,supported,false
source:bto-bfo-medium:370023,bto-bfo-medium,370023,7909,arc1-current-polar-best-glide-equal-feed,134,-37.956333666569,89.472850317954,1394238972.334249,2.4940900335812804e-4,2.3985658831062110e-4,-6.0580171123982325e0,29.726005094766,arc-168,supported,supported,false
source:bto-bfo-medium:370023,bto-bfo-medium,370023,7964,arc1-current-polar-best-glide-equal-feed,135,-37.760133703818,89.719541562046,1394238949.691924,1.8857796936171250e-4,5.4269300959092137e-6,-9.5671021134964036e0,25.604065185186,arc-167,supported,supported,false
source:bto-bfo-medium:370023,bto-bfo-medium,370023,8024,arc1-current-polar-best-glide-equal-feed,136,-38.622898272024,88.636854544273,1394239103.816426,2.9946053697291495e-4,6.5435445673173111e-4,-5.2372976342015818e0,35.746882326833,arc-169,supported,supported,false
source:bto-bfo-medium:370023,bto-bfo-medium,370023,8080,arc1-current-polar-best-glide-equal-feed,137,-37.830205240634,88.926038905909,1394238664.044067,4.5304461470519077e-5,4.3569291474074513e-5,-6.0580171123982325e0,5.777887526567,arc-168,supported,supported,false
source:bto-bfo-medium:370023,bto-bfo-medium,370023,8143,arc1-current-polar-best-glide-equal-feed,138,-38.595528390208,88.195063080539,1394238922.939739,1.4642715144180755e-4,6.3486725505805476e-4,-4.5520762908770394e0,28.824024725935,arc-170,supported,supported,false
source:bto-bfo-medium:370023,bto-bfo-medium,370023,8208,arc1-current-polar-best-glide-equal-feed,139,-37.833260229648,89.789827239054,1394238996.660789,3.8966595125775207e-4,1.1213875541185792e-5,-9.5671021134964036e0,30.879613769488,arc-167,supported,supported,false
source:bto-bfo-medium:370023,bto-bfo-medium,370023,8268,arc1-current-polar-best-glide-equal-feed,140,-38.303593296451,88.899333732859,1394238942.659731,3.9310679617345350e-4,8.5898191009687902e-4,-5.2372976342015818e0,32.263600503705,arc-169,supported,supported,false
source:bto-bfo-medium:370023,bto-bfo-medium,370023,8328,arc1-current-polar-best-glide-equal-feed,141,-38.325295922466,89.009547971085,1394238957.281622,6.8814626689022048e-4,6.6179012630900480e-4,-6.0580171123982325e0,35.763429445210,arc-168,supported,supported,false
source:bto-bfo-medium:370023,bto-bfo-medium,370023,8394,arc1-current-polar-best-glide-equal-feed,142,-37.420480011461,89.716738110764,1394238702.503323,7.1852552502284770e-5,2.0677854415464738e-6,-9.5671021134964036e0,8.917925374269,arc-167,supported,supported,false
source:bto-bfo-medium:370023,bto-bfo-medium,370023,8462,arc1-current-polar-best-glide-equal-feed,143,-37.806098009877,89.801636111598,1394238971.887641,4.2424217482359025e-4,1.2208916207428296e-5,-9.5671021134964036e0,29.597070806293,arc-167,supported,supported,false
source:bto-bfo-medium:370023,bto-bfo-medium,370023,8534,arc1-current-polar-best-glide-equal-feed,144,-38.113605445682,89.396545211507,1394239050.303205,3.1025281019634958e-4,2.9837006509594367e-4,-6.0580171123982325e0,32.309256911350,arc-168,supported,supported,false
source:bto-bfo-medium:370023,bto-bfo-medium,370023,8599,arc1-current-polar-best-glide-equal-feed,145,-38.152519379717,89.804690026342,1394239150.590829,8.6712680767897174e-4,8.3391567634753686e-4,-6.0580171123982325e0,49.143434585756,arc-168,supported,supported,false
source:bto-bfo-medium:370023,bto-bfo-medium,370023,8656,arc1-current-polar-best-glide-equal-feed,146,-38.045847015385,89.551921666441,1394239027.806250,5.1499363662229844e-4,4.9526927664489547e-4,-6.0580171123982325e0,35.606696188375,arc-168,supported,supported,false
source:bto-bfo-medium:370023,bto-bfo-medium,370023,8712,arc1-current-polar-best-glide-equal-feed,147,-38.581468901262,88.648924766444,1394239029.225182,5.4435591025374646e-4,1.1894779843896904e-3,-5.2372976342015818e0,33.904173032946,arc-169,supported,supported,false
source:bto-bfo-medium:370023,bto-bfo-medium,370023,8778,arc1-current-polar-best-glide-equal-feed,148,-37.795167414863,90.058808396364,1394239092.538843,4.2495751081206539e-4,1.2229502272797831e-5,-9.5671021134964036e0,35.855278604814,arc-167,supported,supported,false
source:bto-bfo-medium:370023,bto-bfo-medium,370023,8830,arc1-current-polar-best-glide-equal-feed,149,-37.909986110517,89.981617406592,1394239159.104254,3.2574247360232501e-4,9.3742744154677903e-6,-9.5671021134964036e0,39.130942795633,arc-167,supported,supported,false
source:bto-bfo-medium:370023,bto-bfo-medium,370023,8886,arc1-current-polar-best-glide-equal-feed,150,-37.702461055416,89.921629370067,1394239037.867147,1.2053944905942972e-4,3.4689055463853694e-6,-9.5671021134964036e0,27.365704583252,arc-167,supported,supported,false
source:bto-bfo-medium:370023,bto-bfo-medium,370023,8950,arc1-current-polar-best-glide-equal-feed,151,-38.363478003592,89.035442292120,1394239032.787841,5.3689852684383880e-4,5.1633520516036703e-4,-6.0580171123982325e0,38.205209825183,arc-168,supported,supported,false
source:bto-bfo-medium:370023,bto-bfo-medium,370023,9004,arc1-current-polar-best-glide-equal-feed,152,-38.011972354925,89.467078741032,1394239067.847762,1.0455149514850093e-4,1.0054715183270724e-4,-6.0580171123982325e0,31.124768985734,arc-168,supported,supported,false
source:bto-bfo-medium:370023,bto-bfo-medium,370023,9062,arc1-current-polar-best-glide-equal-feed,153,-38.312875093736,89.249455245438,1394239116.598228,3.9428317089184049e-4,3.7918204605715385e-4,-6.0580171123982325e0,38.207827046208,arc-168,supported,supported,false
source:bto-bfo-medium:370023,bto-bfo-medium,370023,9118,arc1-current-polar-best-glide-equal-feed,154,-38.335202440661,89.339222796831,1394239158.301939,4.6583243974552754e-4,4.4799096350718820e-4,-6.0580171123982325e0,41.328445239387,arc-168,supported,supported,false
source:bto-bfo-medium:370023,bto-bfo-medium,370023,9180,arc1-current-polar-best-glide-equal-feed,155,-37.958626193610,89.151609007318,1394238780.439383,3.2604145934025692e-4,3.1355400579857084e-4,-6.0580171123982325e0,17.598087338101,arc-168,supported,supported,false
source:bto-bfo-medium:370023,bto-bfo-medium,370023,9236,arc1-current-polar-best-glide-equal-feed,156,-37.915391018578,89.885331409375,1394239102.618680,4.1587465250666328e-4,1.1968114172897815e-5,-9.5671021134964036e0,37.219307473483,arc-167,supported,supported,false
source:bto-bfo-medium:370023,bto-bfo-medium,370023,9301,arc1-current-polar-best-glide-equal-feed,157,-38.344927183682,89.387696811062,1394239129.999657,7.7479353121564793e-4,7.4511878296420705e-4,-6.0580171123982325e0,42.991184876997,arc-168,supported,supported,false
source:bto-bfo-medium:370023,bto-bfo-medium,370023,9363,arc1-current-polar-best-glide-equal-feed,158,-37.908571537343,89.532926617027,1394238945.487491,3.0414016312552654e-4,2.9249153363872417e-4,-6.0580171123982325e0,31.234275983373,arc-168,supported,supported,false
source:bto-bfo-medium:370023,bto-bfo-medium,370023,9416,arc1-current-polar-best-glide-equal-feed,159,-37.767411161645,90.128365932604,1394239122.019267,3.3201734422346060e-4,9.5548537500371737e-6,-9.5671021134964036e0,37.046854343223,arc-167,supported,supported,false
source:bto-bfo-medium:370023,bto-bfo-medium,370023,9470,arc1-current-polar-best-glide-equal-feed,160,-38.896598507317,88.016419117038,1394239029.991249,4.0637623798780119e-4,1.7619339322780269e-3,-4.5520762908770394e0,32.349936415121,arc-170,supported,supported,false
source:bto-bfo-medium:370023,bto-bfo-medium,370023,9532,arc1-current-polar-best-glide-equal-feed,161,-37.842247683949,89.820187722619,1394239052.484397,2.4876790986348523e-4,7.1590868302598600e-6,-9.5671021134964036e0,31.937687839588,arc-167,supported,supported,false
source:bto-bfo-medium:370023,bto-bfo-medium,370023,9591,arc1-current-polar-best-glide-equal-feed,162,-37.977240898474,89.524526975295,1394238953.777731,5.0728838032169368e-4,4.8785913321206913e-4,-6.0580171123982325e0,32.475143681351,arc-168,supported,supported,false
source:bto-bfo-medium:370023,bto-bfo-medium,370023,9650,arc1-current-polar-best-glide-equal-feed,163,-37.784689012934,89.831811870563,1394238973.959584,3.9356004799354728e-4,1.1325940544554967e-5,-9.5671021134964036e0,29.066303609994,arc-167,supported,supported,false
source:bto-bfo-medium:370023,bto-bfo-medium,370023,9710,arc1-current-polar-best-glide-equal-feed,164,-38.055749209534,89.551160529336,1394239059.236282,3.9192232598685096e-4,3.7691162198738516e-4,-6.0580171123982325e0,35.890153878326,arc-168,supported,supported,false
source:bto-bfo-medium:370023,bto-bfo-medium,370023,9766,arc1-current-polar-best-glide-equal-feed,165,-38.368366304285,89.315525407905,1394239068.885572,9.3654800710749064e-4,9.0067802985987718e-4,-6.0580171123982325e0,42.561157037440,arc-168,supported,supported,false
source:bto-bfo-medium:370023,bto-bfo-medium,370023,9835,arc1-current-polar-best-glide-equal-feed,166,-38.409708988210,89.046786366562,1394239068.051524,5.6113081314107408e-4,5.3963939001320973e-4,-6.0580171123982325e0,41.030083941238,arc-168,supported,supported,false
source:bto-bfo-medium:370023,bto-bfo-medium,370023,9892,arc1-current-polar-best-glide-equal-feed,167,-38.430959075091,89.256504619148,1394239118.834326,8.5788988459396950e-4,8.2503252927655906e-4,-6.0580171123982325e0,44.863613192347,arc-168,supported,supported,false
source:bto-bfo-medium:370023,bto-bfo-medium,370023,9951,arc1-current-polar-best-glide-equal-feed,168,-38.351198343791,89.280680989323,1394239106.044723,6.8488641790767223e-4,6.5865513019886380e-4,-6.0580171123982325e0,40.915015759308,arc-168,supported,supported,false
source:bto-bfo-medium:370023,bto-bfo-medium,370023,10007,arc1-current-polar-best-glide-equal-feed,169,-38.167610804089,89.754798154753,1394239134.924544,8.8267407530824094e-4,8.4886748049613854e-4,-6.0580171123982325e0,47.612912122142,arc-168,supported,supported,false
source:bto-bfo-medium:370023,bto-bfo-medium,370023,10066,arc1-current-polar-best-glide-equal-feed,170,-37.712695318167,90.095533395460,1394239084.492521,2.5909655539143006e-4,7.4563264147951255e-6,-9.5671021134964036e0,33.728067402779,arc-167,supported,supported,false
source:bto-bfo-medium:370023,bto-bfo-medium,370023,10120,arc1-current-polar-best-glide-equal-feed,171,-37.955867644142,89.926807649312,1394239101.348702,6.9293996568497139e-4,1.9941548671684771e-5,-9.5671021134964036e0,40.266163030285,arc-167,supported,supported,false
source:bto-bfo-medium:370023,bto-bfo-medium,370023,10169,arc1-current-polar-best-glide-equal-feed,172,-37.994378464587,89.853561959511,1394239051.029638,8.8884439436974657e-4,2.5579320907486457e-5,-9.5671021134964036e0,40.988860386355,arc-167,supported,supported,false
source:bto-bfo-medium:370023,bto-bfo-medium,370023,10224,arc1-current-polar-best-glide-equal-feed,173,-38.353216074453,88.437690494951,1394238886.663727,4.9946632659657287e-5,1.0913892698504527e-4,-5.2372976342015818e0,17.046560044206,arc-169,supported,supported,false
source:bto-bfo-medium:370023,bto-bfo-medium,370023,10283,arc1-current-polar-best-glide-equal-feed,174,-37.760854946241,89.718394676780,1394238979.196803,1.2043367339448795e-4,3.4658615156248943e-6,-9.5671021134964036e0,25.627828113168,arc-167,supported,supported,false
source:bto-bfo-medium:370023,bto-bfo-medium,370023,10346,arc1-current-polar-best-glide-equal-feed,175,-38.215244911626,88.974281369536,1394238898.699688,4.0739524890615270e-4,3.9179192884338063e-4,-6.0580171123982325e0,29.007643397391,arc-168,supported,supported,false
source:bto-bfo-medium:370023,bto-bfo-medium,370023,10400,arc1-current-polar-best-glide-equal-feed,176,-37.775930657157,89.977726614552,1394239044.379255,3.9266790903189270e-4,1.1300266412008499e-5,-9.5671021134964036e0,32.459110099166,arc-167,supported,supported,false
source:bto-bfo-medium:370023,bto-bfo-medium,370023,10459,arc1-current-polar-best-glide-equal-feed,177,-38.499272716186,88.923383404299,1394239106.834904,4.3229401492433331e-4,9.4461032543254866e-4,-5.2372976342015818e0,39.078476053446,arc-169,supported,supported,false
source:bto-bfo-medium:370023,bto-bfo-medium,370023,10517,arc1-current-polar-best-glide-equal-feed,178,-38.382232965338,89.034602936900,1394239032.181413,6.2049512751758448e-4,5.9673003919600285e-4,-6.0580171123982325e0,39.312516104972,arc-168,supported,supported,false
source:bto-bfo-medium:370023,bto-bfo-medium,370023,10579,arc1-current-polar-best-glide-equal-feed,179,-38.421474378613,88.797665812916,1394239006.126106,3.5193454194724769e-4,7.6901597228435726e-4,-5.2372976342015818e0,31.546762079253,arc-169,supported,supported,false
source:bto-bfo-medium:370023,bto-bfo-medium,370023,10642,arc1-current-polar-best-glide-equal-feed,180,-38.041943778253,89.484707919786,1394238974.514034,5.8117782855498449e-4,5.5891860070026963e-4,-6.0580171123982325e0,32.806464832646,arc-168,supported,supported,false
source:bto-bfo-medium:370023,bto-bfo-medium,370023,10700,arc1-current-polar-best-glide-equal-feed,181,-38.181260844680,89.124756607792,1394238990.801860,2.3799936875521885e-4,2.2888394501035104e-4,-6.0580171123982325e0,28.642676125451,arc-168,supported,supported,false
source:bto-bfo-medium:370023,bto-bfo-medium,370023,10762,arc1-current-polar-best-glide-equal-feed,182,-37.923233240068,90.044828841987,1394239158.927815,5.1649463545110769e-4,1.4863773806625640e-5,-9.5671021134964036e0,41.443141856956,arc-167,supported,supported,false
source:bto-bfo-medium:370023,bto-bfo-medium,370023,10818,arc1-current-polar-best-glide-equal-feed,183,-38.762075888946,87.927157715894,1394238920.629927,2.0665908562063091e-4,8.9601610854882208e-4,-4.5520762908770394e0,23.426151932551,arc-170,supported,supported,false
source:bto-bfo-medium:370023,bto-bfo-medium,370023,10885,arc1-current-polar-best-glide-equal-feed,184,-38.034851851137,89.787148173113,1394239063.229676,8.3984545243875311e-4,2.4169220705787042e-5,-9.5671021134964036e0,42.316483415190,arc-167,supported,supported,false
source:bto-bfo-medium:370023,bto-bfo-medium,370023,10941,arc1-current-polar-best-glide-equal-feed,185,-38.055224790338,89.402511176254,1394239046.435555,1.6670547686502944e-4,1.6032062353469183e-4,-6.0580171123982325e0,30.168091874459,arc-168,supported,supported,false
source:bto-bfo-medium:370023,bto-bfo-medium,370023,11000,arc1-current-polar-best-glide-equal-feed,186,-38.289662982946,89.274136926040,1394239065.089175,6.3425534846374648e-4,6.0996324090928497e-4,-6.0580171123982325e0,37.465867933492,arc-168,supported,supported,false
source:bto-bfo-medium:370023,bto-bfo-medium,370023,11063,arc1-current-polar-best-glide-equal-feed,187,-38.332438836492,89.447032091802,1394239139.683965,8.0657506979425525e-4,7.7568308221599160e-4,-6.0580171123982325e0,43.908800971096,arc-168,supported,supported,false
source:bto-bfo-medium:370023,bto-bfo-medium,370023,11123,arc1-current-polar-best-glide-equal-feed,188,-37.968285088921,90.149628140384,1394239161.236495,9.0259480157281068e-4,2.5975032553623562e-5,-9.5671021134964036e0,46.568813615987,arc-167,supported,supported,false
source:bto-bfo-medium:370023,bto-bfo-medium,370023,11189,arc1-current-polar-best-glide-equal-feed,189,-38.441573143984,88.799447502962,1394239035.269612,3.0342997273032524e-4,6.6302811371781551e-4,-5.2372976342015818e0,32.352783454050,arc-169,supported,supported,false
source:bto-bfo-medium:370023,bto-bfo-medium,370023,11244,arc1-current-polar-best-glide-equal-feed,190,-37.721211719594,89.873551395204,1394238997.268111,1.9698248275644274e-4,5.6687966662075250e-6,-9.5671021134964036e0,26.848312879528,arc-167,supported,supported,false
source:bto-bfo-medium:370023,bto-bfo-medium,370023,11297,arc1-current-polar-best-glide-equal-feed,191,-37.549412905113,90.238126332474,1394239050.211990,1.8320277045916555e-4,5.2722416728953059e-6,-9.5671021134964036e0,34.867284226142,arc-167,supported,supported,false
source:bto-bfo-medium:370023,bto-bfo-medium,370023,11356,arc1-current-polar-best-glide-equal-feed,192,-38.375744388527,88.904967336679,1394238958.386639,6.3186880839950419e-4,1.3807033642078196e-3,-5.2372976342015818e0,34.330544410806,arc-169,supported,supported,false
source:bto-bfo-medium:370023,bto-bfo-medium,370023,11419,arc1-current-polar-best-glide-equal-feed,193,-38.875413684956,87.797313218052,1394238981.250888,1.4367670952409182e-4,6.2294210665966659e-4,-4.5520762908770394e0,26.293335166943,arc-170,supported,supported,false
source:bto-bfo-medium:370023,bto-bfo-medium,370023,11475,arc1-current-polar-best-glide-equal-feed,194,-38.419199205059,88.909629389321,1394238976.033295,7.3977530930347489e-4,1.6164910258830078e-3,-5.2372976342015818e0,35.822969868683,arc-169,supported,supported,false
source:bto-bfo-medium:370023,bto-bfo-medium,370023,11533,arc1-current-polar-best-glide-equal-feed,195,-38.207699400926,89.149475766145,1394238974.488431,4.4653873828202575e-4,4.2943621469455532e-4,-6.0580171123982325e0,30.543895218063,arc-168,supported,supported,false
source:bto-bfo-medium:370023,bto-bfo-medium,370023,11591,arc1-current-polar-best-glide-equal-feed,196,-37.868039154442,89.752988828611,1394238965.397880,5.7298386434108330e-4,1.6489430808847876e-5,-9.5671021134964036e0,32.255224469538,arc-167,supported,supported,false
source:bto-bfo-medium:370023,bto-bfo-medium,370023,11647,arc1-current-polar-best-glide-equal-feed,197,-38.153387994601,88.496722108491,1394238665.296098,1.4743887237114123e-4,3.2217027394258323e-4,-5.2372976342015818e0,11.365524473522,arc-169,supported,supported,false
source:bto-bfo-medium:370023,bto-bfo-medium,370023,11709,arc1-current-polar-best-glide-equal-feed,198,-37.735253625870,89.768294455796,1394238980.559025,1.2375000164405899e-4,3.5612993954919217e-6,-9.5671021134964036e0,25.069792548822,arc-167,supported,supported,false
source:bto-bfo-medium:370023,bto-bfo-medium,370023,11765,arc1-current-polar-best-glide-equal-feed,199,-37.821447670025,89.817193133652,1394239040.323353,2.3579967889015714e-4,6.7858847897560238e-6,-9.5671021134964036e0,30.741099391923,arc-167,supported,supported,false
source:bto-bfo-medium:370023,bto-bfo-medium,370023,11826,arc1-current-polar-best-glide-equal-feed,200,-38.178055853500,88.752754003412,1394238847.725894,1.0324500340676805e-4,2.2560177309977885e-4,-5.2372976342015818e0,23.485228703376,arc-169,supported,supported,false
source:bto-bfo-medium:370023,bto-bfo-medium,370023,11886,arc1-current-polar-best-glide-equal-feed,201,-38.618387715734,88.529456876627,1394239003.205727,5.5020767809963096e-4,1.2022647455717165e-3,-5.2372976342015818e0,33.306272782254,arc-169,supported,supported,false
source:bto-bfo-medium:370023,bto-bfo-medium,370023,11947,arc1-current-polar-best-glide-equal-feed,202,-37.796254188345,89.894035874625,1394239043.557777,2.8071914614937311e-4,8.0785851491159625e-6,-9.5671021134964036e0,31.139707244242,arc-167,supported,supported,false
source:bto-bfo-medium:370023,bto-bfo-medium,370023,12003,arc1-current-polar-best-glide-equal-feed,203,-37.932826656253,89.807167946056,1394239084.541080,3.9156168417546055e-4,1.1268431277785055e-5,-9.5671021134964036e0,36.761777943668,arc-167,supported,supported,false
source:bto-bfo-medium:370023,bto-bfo-medium,370023,12058,arc1-current-polar-best-glide-equal-feed,204,-38.154602896955,89.457103547620,1394239074.161318,4.7955962580518546e-4,4.6119239557677096e-4,-6.0580171123982325e0,36.074823356878,arc-168,supported,supported,false
source:bto-bfo-medium:370023,bto-bfo-medium,370023,12114,arc1-current-polar-best-glide-equal-feed,205,-38.042654666810,89.511962281416,1394239065.376897,2.3649982301113411e-4,2.2744183217020061e-4,-6.0580171123982325e0,33.905146444028,arc-168,supported,supported,false
source:bto-bfo-medium:370023,bto-bfo-medium,370023,12167,arc1-current-polar-best-glide-equal-feed,206,-37.714990567456,89.804058889380,1394238965.890381,1.6212014408937579e-4,4.6655221290679885e-6,-9.5671021134964036e0,24.761312015359,arc-167,supported,supported,false
source:bto-bfo-medium:370023,bto-bfo-medium,370023,12234,arc1-current-polar-best-glide-equal-feed,207,-38.045696918719,89.882829445836,1394239164.148812,5.8095072247866619e-4,1.6718702458887531e-5,-9.5671021134964036e0,44.361333250344,arc-167,supported,supported,false
source:bto-bfo-medium:370023,bto-bfo-medium,370023,12286,arc1-current-polar-best-glide-equal-feed,208,-38.026441011167,89.594260535818,1394239092.751667,2.4190311380804409e-4,2.3263817584162790e-4,-6.0580171123982325e0,36.763450877207,arc-168,supported,supported,false
source:bto-bfo-medium:370023,bto-bfo-medium,370023,12336,arc1-current-polar-best-glide-equal-feed,209,-38.309225131402,89.404763256227,1394239143.455917,5.9998438065036758e-4,5.7700485806367111e-4,-6.0580171123982325e0,41.628550961325,arc-168,supported,supported,false
source:bto-bfo-medium:370023,bto-bfo-medium,370023,12395,arc1-current-polar-best-glide-equal-feed,210,-38.226403409822,89.296007854956,1394239037.616153,5.6648315625256937e-4,5.4478673730583218e-4,-6.0580171123982325e0,34.666007088265,arc-168,supported,supported,false
source:bto-bfo-medium:370023,bto-bfo-medium,370023,12458,arc1-current-polar-best-glide-equal-feed,211,-38.210439048590,89.336979129888,1394239079.633926,4.0011724536067131e-4,3.8479267429912848e-4,-6.0580171123982325e0,34.932990379648,arc-168,supported,supported,false
source:bto-bfo-medium:370023,bto-bfo-medium,370023,12511,arc1-current-polar-best-glide-equal-feed,212,-37.783571818568,90.224904604141,1394239130.356132,5.8247559227392884e-4,1.6762585431072766e-5,-9.5671021134964036e0,41.181095982543,arc-167,supported,supported,false
source:bto-bfo-medium:370023,bto-bfo-medium,370023,12568,arc1-current-polar-best-glide-equal-feed,213,-38.224473770796,89.242092364315,1394239053.710250,3.6006680800802727e-4,3.4627617676130851e-4,-6.0580171123982325e0,33.297880539818,arc-168,supported,supported,false
source:bto-bfo-medium:370023,bto-bfo-medium,370023,12623,arc1-current-polar-best-glide-equal-feed,214,-38.010945471679,88.957427237357,1394238783.738975,1.4527238270263269e-4,1.3970842119430171e-4,-6.0580171123982325e0,16.730006334868,arc-168,supported,supported,false
source:bto-bfo-medium:370023,bto-bfo-medium,370023,12687,arc1-current-polar-best-glide-equal-feed,215,-38.106427943486,89.519290543338,1394239099.494674,3.2342505372178170e-4,3.1103780904210003e-4,-6.0580171123982325e0,36.400552783661,arc-168,supported,supported,false
source:bto-bfo-medium:370023,bto-bfo-medium,370023,12746,arc1-current-polar-best-glide-equal-feed,216,-37.726586938760,90.123181806192,1394239115.363673,2.2937386044192127e-4,6.6009614519684018e-6,-9.5671021134964036e0,35.273079748795,arc-167,supported,supported,false
source:bto-bfo-medium:370023,bto-bfo-medium,370023,12805,arc1-current-polar-best-glide-equal-feed,217,-38.428072895612,89.333998129688,1394239143.981169,8.7392189367176468e-4,8.4045050917860473e-4,-6.0580171123982325e0,46.161251099832,arc-168,supported,supported,false
source:bto-bfo-medium:370023,bto-bfo-medium,370023,12870,arc1-current-polar-best-glide-equal-feed,218,-37.900986463826,89.913415494607,1394239105.189262,4.1423099183880068e-4,1.1920812616008249e-5,-9.5671021134964036e0,37.047714320519,arc-167,supported,supported,false
source:bto-bfo-medium:370023,bto-bfo-medium,370023,12930,arc1-current-polar-best-glide-equal-feed,219,-38.134721337163,89.480545320913,1394239055.215672,5.5741141279695673e-4,5.3606244345117912e-4,-6.0580171123982325e0,36.073605202473,arc-168,supported,supported,false
source:bto-bfo-medium:370023,bto-bfo-medium,370023,12985,arc1-current-polar-best-glide-equal-feed,220,-38.012193254888,89.934714105816,1394239110.291265,8.6807864342897383e-4,2.4981720460700037e-5,-9.5671021134964036e0,43.472646129224,arc-167,supported,supported,false
source:bto-bfo-medium:370023,bto-bfo-medium,370023,13044,arc1-current-polar-best-glide-equal-feed,221,-38.525248999938,88.185486198125,1394238825.373170,2.2638558874599679e-4,4.9467759736628730e-4,-5.2372976342015818e0,25.559798347541,arc-169,supported,supported,false
source:bto-bfo-medium:370023,bto-bfo-medium,370023,13101,arc1-current-polar-best-glide-equal-feed,222,-38.189643844299,89.409969751154,1394239047.365499,6.5900974449885721e-4,6.3376953859191484e-4,-6.0580171123982325e0,36.076382923621,arc-168,supported,supported,false
source:bto-bfo-medium:370023,bto-bfo-medium,370023,13160,arc1-current-polar-best-glide-equal-feed,223,-38.365028426094,89.246518486147,1394239160.770314,3.4307379925320214e-4,3.2993400366336160e-4,-6.0580171123982325e0,41.018228995246,arc-168,supported,supported,false
source:bto-bfo-medium:370023,bto-bfo-medium,370023,13221,arc1-current-polar-best-glide-equal-feed,224,-38.710711973173,88.693097110895,1394239091.951201,8.2648948540216640e-4,1.8059711095213106e-3,-5.2372976342015818e0,41.635104124889,arc-169,supported,supported,false
source:bto-bfo-medium:370023,bto-bfo-medium,370023,13277,arc1-current-polar-best-glide-equal-feed,225,-38.503879526166,88.745381972679,1394239092.665881,1.8133616774361320e-4,3.9623962051606903e-4,-5.2372976342015818e0,33.012380449090,arc-169,supported,supported,false
source:bto-bfo-medium:370023,bto-bfo-medium,370023,13329,arc1-current-polar-best-glide-equal-feed,226,-38.447466916088,88.954837255876,1394239094.475836,3.5889860506913929e-4,7.8423322189872971e-4,-5.2372976342015818e0,38.525012546863,arc-169,supported,supported,false
source:bto-bfo-medium:370023,bto-bfo-medium,370023,13393,arc1-current-polar-best-glide-equal-feed,227,-37.708543598910,89.949864346539,1394239048.683556,1.3765144116638337e-4,3.9613574763775965e-6,-9.5671021134964036e0,28.526689801505,arc-167,supported,supported,false
source:bto-bfo-medium:370023,bto-bfo-medium,370023,13447,arc1-current-polar-best-glide-equal-feed,228,-38.204047569086,89.628060979172,1394239114.444823,8.5412054954534433e-4,8.2140756051925776e-4,-6.0580171123982325e0,44.071431170154,arc-168,supported,supported,false
source:bto-bfo-medium:370023,bto-bfo-medium,370023,13502,arc1-current-polar-best-glide-equal-feed,229,-37.864242900950,90.247493864113,1394239155.680373,8.0913783419925766e-4,2.3285511446631914e-5,-9.5671021134964036e0,45.136279690187,arc-167,supported,supported,false
source:bto-bfo-medium:370023,bto-bfo-medium,370023,13564,arc1-current-polar-best-glide-equal-feed,230,-38.319838737064,89.261803399879,1394239103.714457,5.1933389722622460e-4,4.9944330439377291e-4,-6.0580171123982325e0,38.832828034690,arc-168,supported,supported,false
source:bto-bfo-medium:370023,bto-bfo-medium,370023,13617,arc1-current-polar-best-glide-equal-feed,231,-37.914228333677,89.971298885857,1394239098.158144,6.5774509325102740e-4,1.8928704419092900e-5,-9.5671021134964036e0,39.092852736440,arc-167,supported,supported,false
source:bto-bfo-medium:370023,bto-bfo-medium,370023,13665,arc1-current-polar-best-glide-equal-feed,232,-38.048396534941,89.722709201869,1394239101.557080,5.5462019874882168e-4,1.5960957998311311e-5,-9.5671021134964036e0,42.397842191748,arc-167,supported,supported,false
source:bto-bfo-medium:370023,bto-bfo-medium,370023,13713,arc1-current-polar-best-glide-equal-feed,233,-37.925683689570,89.714547382406,1394239070.885104,2.3370392178650933e-4,6.7255727218193833e-6,-9.5671021134964036e0,35.113656292035,arc-167,supported,supported,false
source:bto-bfo-medium:370023,bto-bfo-medium,370023,13768,arc1-current-polar-best-glide-equal-feed,234,-38.311337505713,89.321311941302,1394239131.987482,4.7568476255651374e-4,4.5746594037073310e-4,-6.0580171123982325e0,39.665990965336,arc-168,supported,supported,false
source:bto-bfo-medium:370023,bto-bfo-medium,370023,13824,arc1-current-polar-best-glide-equal-feed,235,-38.372135639245,88.948917943455,1394239001.127693,5.2094280722833901e-4,1.1383177598557307e-3,-5.2372976342015818e0,36.071152656530,arc-169,supported,supported,false
source:bto-bfo-medium:370023,bto-bfo-medium,370023,13879,arc1-current-polar-best-glide-equal-feed,236,-38.715340649866,88.416533071227,1394239055.669814,4.3367880779681165e-4,9.4763625130884707e-4,-5.2372976342015818e0,37.392753421144,arc-169,supported,supported,false
source:bto-bfo-medium:370023,bto-bfo-medium,370023,13935,arc1-current-polar-best-glide-equal-feed,237,-38.245585513342,89.046398011033,1394238965.253190,4.0495182355922702e-4,3.8944208717922964e-4,-6.0580171123982325e0,31.330002725380,arc-168,supported,supported,false
source:bto-bfo-medium:370023,bto-bfo-medium,370023,13996,arc1-current-polar-best-glide-equal-feed,238,-38.478876657235,88.256473887722,1394238848.108847,1.4409468767916797e-4,3.1486285981901656e-4,-5.2372976342015818e0,22.506958963049,arc-169,supported,supported,false
source:bto-bfo-medium:370023,bto-bfo-medium,370023,14054,arc1-current-polar-best-glide-equal-feed,239,-37.760056261492,90.097011145183,1394239047.500969,6.1472584450211894e-4,1.7690688883508019e-5,-9.5671021134964036e0,35.647676675210,arc-167,supported,supported,false
source:bto-bfo-medium:370023,bto-bfo-medium,370023,14116,arc1-current-polar-best-glide-equal-feed,240,-38.096362560109,89.751861717831,1394239158.138126,4.9613477844083725e-4,4.7713271652904461e-4,-6.0580171123982325e0,45.313591372269,arc-168,supported,supported,false
source:bto-bfo-medium:370023,bto-bfo-medium,370023,14169,arc1-current-polar-best-glide-equal-feed,241,-37.934992206011,89.436119334332,1394238939.702312,2.2898683686818568e-4,2.2021659490927852e-4,-6.0580171123982325e0,27.600730259331,arc-168,supported,supported,false
source:bto-bfo-medium:370023,bto-bfo-medium,370023,14232,arc1-current-polar-best-glide-equal-feed,242,-38.419904553585,89.029312727509,1394239030.416754,7.6516160542511422e-4,1.6719628959832361e-3,-5.2372976342015818e0,40.742684424516,arc-169,supported,supported,false
source:bto-bfo-medium:370023,bto-bfo-medium,370023,14291,arc1-current-polar-best-glide-equal-feed,243,-37.924086102841,89.304065354110,1394238916.344335,9.3444808201242186e-5,8.9865853231877195e-5,-6.0580171123982325e0,21.786368945898,arc-168,supported,supported,false
source:bto-bfo-medium:370023,bto-bfo-medium,370023,14358,arc1-current-polar-best-glide-equal-feed,244,-38.329364445077,89.146457499559,1394239044.211330,6.0746494847188724e-4,5.8419891863140268e-4,-6.0580171123982325e0,37.388455625608,arc-168,supported,supported,false
source:bto-bfo-medium:370023,bto-bfo-medium,370023,14419,arc1-current-polar-best-glide-equal-feed,245,-38.119570322487,89.493078080711,1394239068.573138,4.5471638694265557e-4,4.3730065776490076e-4,-6.0580171123982325e0,35.928733875418,arc-168,supported,supported,false
source:bto-bfo-medium:370023,bto-bfo-medium,370023,14476,arc1-current-polar-best-glide-equal-feed,246,-38.407180964586,89.128059002980,1394239078.952498,6.9203446785731811e-4,6.6552940839616735e-4,-6.0580171123982325e0,41.650801029478,arc-168,supported,supported,false
source:bto-bfo-medium:370023,bto-bfo-medium,370023,14532,arc1-current-polar-best-glide-equal-feed,247,-37.819596878907,89.628987156908,1394238990.322909,1.0707955573006527e-4,3.0815543597961038e-6,-9.5671021134964036e0,28.107006444002,arc-167,supported,supported,false
source:bto-bfo-medium:370023,bto-bfo-medium,370023,14587,arc1-current-polar-best-glide-equal-feed,248,-37.567023536983,89.302423371131,1394238667.491674,1.9619088597271561e-5,5.6460159542082590e-7,-9.5671021134964036e0,17.269503960967,arc-167,supported,supported,false
source:bto-bfo-medium:370023,bto-bfo-medium,370023,14642,arc1-current-polar-best-glide-equal-feed,249,-38.514683922716,88.916333114901,1394239077.024544,6.4445287226098762e-4,1.4082009381946826e-3,-5.2372976342015818e0,39.384966379280,arc-169,supported,supported,false
source:bto-bfo-medium:370023,bto-bfo-medium,370023,14698,arc1-current-polar-best-glide-equal-feed,250,-37.713778341070,89.759525819285,1394238991.686157,7.1334091540782907e-5,2.0528650804616027e-6,-9.5671021134964036e0,23.725029928339,arc-167,supported,supported,false
source:bto-bfo-medium:370023,bto-bfo-medium,370023,14749,arc1-current-polar-best-glide-equal-feed,251,-37.701523862133,90.077220757579,1394239085.640359,1.9906949527351460e-4,5.7288570808878223e-6,-9.5671021134964036e0,32.630099328729,arc-167,supported,supported,false
source:bto-bfo-medium:370023,bto-bfo-medium,370023,14818,arc1-current-polar-best-glide-equal-feed,252,-37.897836723653,89.631539014538,1394239088.508553,5.7853537750110849e-5,1.6649193234691949e-6,-9.5671021134964036e0,32.781118183062,arc-167,supported,supported,false
source:bto-bfo-medium:370023,bto-bfo-medium,370023,14870,arc1-current-polar-best-glide-equal-feed,253,-38.253891838507,89.310896840855,1394239064.541427,5.8618156740084871e-4,5.6373069534082661e-4,-6.0580171123982325e0,36.440082072323,arc-168,supported,supported,false
source:bto-bfo-medium:370023,bto-bfo-medium,370023,14936,arc1-current-polar-best-glide-equal-feed,254,-38.114938611271,88.787458523264,1394238752.888418,2.4027360925104669e-4,2.3107108163726678e-4,-6.0580171123982325e0,23.589120366466,arc-168,supported,supported,false
source:bto-bfo-medium:370023,bto-bfo-medium,370023,14986,arc1-current-polar-best-glide-equal-feed,255,-38.109814965795,89.445844928460,1394239079.396368,2.7270362576027401e-4,2.6225902198435643e-4,-6.0580171123982325e0,33.855136228223,arc-168,supported,supported,false
source:bto-bfo-medium:370023,bto-bfo-medium,370023,15043,arc1-current-polar-best-glide-equal-feed,256,-37.578455229632,90.140196869392,1394239017.213823,2.0157435393061105e-4,5.8009423455569153e-6,-9.5671021134964036e0,31.207346471742,arc-167,supported,supported,false
source:bto-bfo-medium:370023,bto-bfo-medium,370023,15099,arc1-current-polar-best-glide-equal-feed,257,-38.223331150612,89.008267479553,1394238978.923233,2.0612918370058794e-4,1.9823439446042378e-4,-6.0580171123982325e0,29.693881191494,arc-168,supported,supported,false
source:bto-bfo-medium:370023,bto-bfo-medium,370023,15150,arc1-current-polar-best-glide-equal-feed,258,-37.806773100419,89.711469693615,1394238990.684897,1.7968514802144413e-4,5.1710109133430088e-6,-9.5671021134964036e0,28.163978232745,arc-167,supported,supported,false
source:bto-bfo-medium:370023,bto-bfo-medium,370023,15208,arc1-current-polar-best-glide-equal-feed,259,-37.911420149265,89.827957655591,1394239082.860116,3.7125809740388646e-4,1.0684131073055334e-5,-9.5671021134964036e0,35.907836699341,arc-167,supported,supported,false
source:bto-bfo-medium:370023,bto-bfo-medium,370023,15268,arc1-current-polar-best-glide-equal-feed,260,-37.877813503263,89.236812445999,1394238684.109620,6.1254099479169028e-4,5.8908055135508731e-4,-6.0580171123982325e0,17.633926789909,arc-168,supported,supported,false
source:bto-bfo-medium:370023,bto-bfo-medium,370023,15329,arc1-current-polar-best-glide-equal-feed,261,-37.546180738015,89.394126608013,1394238674.042921,3.4356517789945239e-5,9.8871793463457442e-7,-9.5671021134964036e0,13.590560458500,arc-167,supported,supported,false
source:bto-bfo-medium:370023,bto-bfo-medium,370023,15383,arc1-current-polar-best-glide-equal-feed,262,-38.100478764350,89.472066974235,1394239048.506816,4.3429457648084857e-4,4.1766100675574424e-4,-6.0580171123982325e0,34.432969831748,arc-168,supported,supported,false
source:bto-bfo-medium:370023,bto-bfo-medium,370023,15445,arc1-current-polar-best-glide-equal-feed,263,-38.907552359887,87.685898678283,1394238892.006783,3.5823298891555166e-4,1.5531982429805257e-3,-4.5520762908770394e0,26.895958672542,arc-170,supported,supported,false
source:bto-bfo-medium:370023,bto-bfo-medium,370023,15512,arc1-current-polar-best-glide-equal-feed,264,-38.351769592189,88.904461449972,1394238971.560406,4.7569206963230448e-4,1.0394398839403427e-3,-5.2372976342015818e0,33.653509033705,arc-169,supported,supported,false
source:bto-bfo-medium:370023,bto-bfo-medium,370023,15573,arc1-current-polar-best-glide-equal-feed,265,-37.938028929220,88.798839412538,1394238712.895976,3.3733989343840003e-5,3.2441970759579787e-5,-6.0580171123982325e0,13.346575745187,arc-168,supported,supported,false
source:bto-bfo-medium:370023,bto-bfo-medium,370023,15637,arc1-current-polar-best-glide-equal-feed,266,-38.604621250062,88.212706551785,1394238916.060125,2.0761367696944133e-4,9.0015495017316586e-4,-4.5520762908770394e0,29.770284422022,arc-170,supported,supported,false
source:bto-bfo-medium:370023,bto-bfo-medium,370023,15697,arc1-current-polar-best-glide-equal-feed,267,-38.673273360036,88.061104046701,1394238903.819429,2.0820131528341437e-4,9.0270278586952084e-4,-4.5520762908770394e0,24.830026663273,arc-170,supported,supported,false
source:bto-bfo-medium:370023,bto-bfo-medium,370023,15757,arc1-current-polar-best-glide-equal-feed,268,-38.827444636958,88.294025580149,1394239080.538089,4.7169769926321909e-4,2.0451495545718646e-3,-4.5520762908770394e0,38.992700773633,arc-170,supported,supported,false
source:bto-bfo-medium:370023,bto-bfo-medium,370023,15811,arc1-current-polar-best-glide-equal-feed,269,-37.815354844122,90.133000786012,1394239108.627663,6.0310281830144754e-4,1.7356199383448887e-5,-9.5671021134964036e0,39.175837821153,arc-167,supported,supported,false
source:bto-bfo-medium:370023,bto-bfo-medium,370023,15865,arc1-current-polar-best-glide-equal-feed,270,-38.051840295925,89.562403701072,1394238996.857183,7.0628843203432131e-4,6.7923744287513345e-4,-6.0580171123982325e0,36.217278000619,arc-168,supported,supported,false
source:bto-bfo-medium:370023,bto-bfo-medium,370023,15930,arc1-current-polar-best-glide-equal-feed,271,-37.990147574829,89.657117293017,1394239039.239614,4.8597710353897347e-4,1.3985534885359328e-5,-9.5671021134964036e0,38.433060628895,arc-167,supported,supported,false
source:bto-bfo-medium:370023,bto-bfo-medium,370023,15987,arc1-current-polar-best-glide-equal-feed,272,-37.931555064341,89.909995593172,1394239136.198567,3.6243516946675360e-4,1.0430223295184318e-5,-9.5671021134964036e0,38.604502753019,arc-167,supported,supported,false
source:bto-bfo-medium:370023,bto-bfo-medium,370023,16050,arc1-current-polar-best-glide-equal-feed,273,-38.021646515711,89.499861955292,1394238974.939274,5.3372345061502766e-4,5.1328173499042592e-4,-6.0580171123982325e0,32.748363917520,arc-168,supported,supported,false
source:bto-bfo-medium:370023,bto-bfo-medium,370023,16103,arc1-current-polar-best-glide-equal-feed,274,-37.749097751590,89.948930483181,1394239022.401263,3.3383156812506043e-4,9.6070638057803153e-6,-9.5671021134964036e0,30.346841783542,arc-167,supported,supported,false
source:bto-bfo-medium:370023,bto-bfo-medium,370023,16160,arc1-current-polar-best-glide-equal-feed,275,-37.710919965660,90.154306178977,1394239104.241263,2.9010815416547300e-4,8.3487836794414653e-6,-9.5671021134964036e0,35.869954603701,arc-167,supported,supported,false
source:bto-bfo-medium:370023,bto-bfo-medium,370023,16221,arc1-current-polar-best-glide-equal-feed,276,-38.154832934777,89.091599770396,1394238887.910320,4.8298026628250775e-4,4.6448202483506055e-4,-6.0580171123982325e0,26.621909267963,arc-168,supported,supported,false
source:bto-bfo-medium:370023,bto-bfo-medium,370023,16286,arc1-current-polar-best-glide-equal-feed,277,-38.033518798452,89.319283889721,1394238956.431666,2.5488746417820420e-4,2.4512522297819180e-4,-6.0580171123982325e0,26.345960817132,arc-168,supported,supported,false
source:bto-bfo-medium:370023,bto-bfo-medium,370023,16342,arc1-current-polar-best-glide-equal-feed,278,-38.238035895478,89.067569592322,1394239056.952305,1.1056960285295497e-4,1.0633476480032534e-4,-6.0580171123982325e0,31.107645277518,arc-168,supported,supported,false
source:bto-bfo-medium:370023,bto-bfo-medium,370023,16403,arc1-current-polar-best-glide-equal-feed,279,-38.415644767402,88.637850580603,1394238922.147303,3.4850735323752730e-4,7.6152718518427581e-4,-5.2372976342015818e0,25.689630163085,arc-169,supported,supported,false
source:bto-bfo-medium:370023,bto-bfo-medium,370023,16461,arc1-current-polar-best-glide-equal-feed,280,-38.208621882190,89.320410073349,1394239076.541075,3.5958008801534439e-4,3.4580809824234717e-4,-6.0580171123982325e0,34.397512404957,arc-168,supported,supported,false
source:bto-bfo-medium:370023,bto-bfo-medium,370023,16522,arc1-current-polar-best-glide-equal-feed,281,-38.313284812110,89.070362032681,1394239040.619881,3.7539496214719490e-4,3.6101725951059833e-4,-6.0580171123982325e0,35.540559386312,arc-168,supported,supported,false
source:bto-bfo-medium:370023,bto-bfo-medium,370023,16577,arc1-current-polar-best-glide-equal-feed,282,-38.359641493285,89.354722242263,1394239100.325860,8.8891662260963563e-4,8.5487093697894331e-4,-6.0580171123982325e0,42.965192119283,arc-168,supported,supported,false
source:bto-bfo-medium:370023,bto-bfo-medium,370023,16632,arc1-current-polar-best-glide-equal-feed,283,-37.783887978361,89.793245115285,1394238988.095086,2.5869259609891706e-4,7.4447012029557809e-6,-9.5671021134964036e0,28.217812183757,arc-167,supported,supported,false
source:bto-bfo-medium:370023,bto-bfo-medium,370023,16690,arc1-current-polar-best-glide-equal-feed,284,-38.044989851291,89.297413029099,1394238955.510920,2.5772755377939291e-4,2.4785653657579846e-4,-6.0580171123982325e0,26.083537826716,arc-168,supported,supported,false
source:bto-bfo-medium:370023,bto-bfo-medium,370023,16751,arc1-current-polar-best-glide-equal-feed,285,-38.371360373500,88.992635854812,1394239043.064036,4.1717263174824968e-4,9.1156842758103489e-4,-5.2372976342015818e0,37.907783323808,arc-169,supported,supported,false
source:bto-bfo-medium:370023,bto-bfo-medium,370023,16806,arc1-current-polar-best-glide-equal-feed,286,-38.484195252845,88.996438655361,1394239067.245291,7.5824763458551530e-4,1.6568551035564363e-3,-5.2372976342015818e0,41.362258295431,arc-169,supported,supported,false
source:bto-bfo-medium:370023,bto-bfo-medium,370023,16868,arc1-current-polar-best-glide-equal-feed,287,-38.490653327227,88.869782759715,1394239080.111308,4.1594727438056732e-4,9.0889088594988321e-4,-5.2372976342015818e0,36.776069273624,arc-169,supported,supported,false
source:bto-bfo-medium:370023,bto-bfo-medium,370023,16919,arc1-current-polar-best-glide-equal-feed,288,-37.773633137431,90.237331077976,1394239113.038072,6.8018582394165355e-4,1.9574507728839884e-5,-9.5671021134964036e0,41.281436495990,arc-167,supported,supported,false
source:bto-bfo-medium:370023,bto-bfo-medium,370023,16976,arc1-current-polar-best-glide-equal-feed,289,-38.165118533777,89.193655207679,1394239030.703173,1.8547900180068675e-4,1.7837511868523505e-4,-6.0580171123982325e0,29.080058340085,arc-168,supported,supported,false
source:bto-bfo-medium:370023,bto-bfo-medium,370023,17034,arc1-current-polar-best-glide-equal-feed,290,-37.746513727380,90.097960723411,1394239012.082905,7.3546004259815087e-4,2.1165198952051893e-5,-9.5671021134964036e0,35.134566332543,arc-167,supported,supported,false
source:bto-bfo-medium:370023,bto-bfo-medium,370023,17089,arc1-current-polar-best-glide-equal-feed,291,-38.119744446609,89.492384365175,1394239100.264088,3.0991165234955074e-4,2.9804197366336990e-4,-6.0580171123982325e0,35.910294430458,arc-168,supported,supported,false
source:bto-bfo-medium:370023,bto-bfo-medium,370023,17145,arc1-current-polar-best-glide-equal-feed,292,-38.194423237023,89.176767514728,1394238975.182727,4.5349034986033956e-4,4.3612157814970187e-4,-6.0580171123982325e0,30.314702751991,arc-168,supported,supported,false
source:bto-bfo-medium:370023,bto-bfo-medium,370023,17198,arc1-current-polar-best-glide-equal-feed,293,-37.695895842233,90.383820589477,1394239136.026169,6.1012393321806246e-4,1.7558254268103643e-5,-9.5671021134964036e0,44.712201523237,arc-167,supported,supported,false
source:bto-bfo-medium:370023,bto-bfo-medium,370023,17255,arc1-current-polar-best-glide-equal-feed,294,-38.098092017067,89.699548419897,1394239117.307407,6.1467925803782323e-4,5.9113691868835079e-4,-6.0580171123982325e0,43.207262905383,arc-168,supported,supported,false
source:bto-bfo-medium:370023,bto-bfo-medium,370023,17311,arc1-current-polar-best-glide-equal-feed,295,-37.940378005280,89.798328818622,1394239057.210766,5.3977421901643555e-4,1.5533717772501017e-5,-9.5671021134964036e0,37.052280717460,arc-167,supported,supported,false
source:bto-bfo-medium:370023,bto-bfo-medium,370023,17368,arc1-current-polar-best-glide-equal-feed,296,-38.091979991432,89.531798611998,1394239062.595338,4.7067915116389222e-4,4.5265204490233663e-4,-6.0580171123982325e0,36.353888937374,arc-168,supported,supported,false
source:bto-bfo-medium:370023,bto-bfo-medium,370023,17433,arc1-current-polar-best-glide-equal-feed,297,-38.272582848478,88.721037636857,1394238955.271811,5.2128220891473122e-5,1.1390593901498530e-4,-5.2372976342015818e0,23.806620565472,arc-169,supported,supported,false
source:bto-bfo-medium:370023,bto-bfo-medium,370023,17497,arc1-current-polar-best-glide-equal-feed,298,-38.340381822459,88.867442642693,1394238969.465812,3.5716405537258974e-4,7.8044303860502068e-4,-5.2372976342015818e0,31.787507129134,arc-169,supported,supported,false
source:bto-bfo-medium:370023,bto-bfo-medium,370023,17561,arc1-current-polar-best-glide-equal-feed,299,-37.890355823041,89.607308589569,1394239009.222205,1.7727510010139675e-4,5.1016541288036482e-6,-9.5671021134964036e0,32.214780308077,arc-167,supported,supported,false
source:bto-bfo-medium:370023,bto-bfo-medium,370023,17613,arc1-current-polar-best-glide-equal-feed,300,-38.280714288519,89.211759068059,1394239067.900484,4.3336548904195310e-4,4.1676750355283166e-4,-6.0580171123982325e0,35.719481428380,arc-168,supported,supported,false
source:bto-bfo-medium:370023,bto-bfo-medium,370023,17666,arc1-current-polar-best-glide-equal-feed,301,-38.470087189404,88.967087460889,1394239067.606623,6.2858719637224616e-4,1.3735326782903796e-3,-5.2372976342015818e0,39.744134816830,arc-169,supported,supported,false
source:bto-bfo-medium:370023,bto-bfo-medium,370023,17723,arc1-current-polar-best-glide-equal-feed,302,-37.994271941999,89.678962828189,1394239127.194035,1.6497873434476415e-4,4.7477871441243534e-6,-9.5671021134964036e0,38.830692118583,arc-167,supported,supported,false
source:bto-bfo-medium:370023,bto-bfo-medium,370023,17777,arc1-current-polar-best-glide-equal-feed,303,-38.013844234243,89.766677149467,1394239130.155146,3.6293675814802744e-4,1.0444658102809932e-5,-9.5671021134964036e0,40.845444650450,arc-167,supported,supported,false
source:bto-bfo-medium:370023,bto-bfo-medium,370023,17830,arc1-current-polar-best-glide-equal-feed,304,-37.939457283312,89.881233410349,1394239112.167914,4.5018794674981521e-4,1.2955588212671591e-5,-9.5671021134964036e0,38.446951049155,arc-167,supported,supported,false
source:bto-bfo-medium:370023,bto-bfo-medium,370023,17893,arc1-current-polar-best-glide-equal-feed,305,-38.310660699209,88.984394674239,1394239009.559546,3.2089987415285934e-4,3.0860934435911625e-4,-6.0580171123982325e0,34.755417301590,arc-168,supported,supported,false
source:bto-bfo-medium:370023,bto-bfo-medium,370023,17945,arc1-current-polar-best-glide-equal-feed,306,-38.011998961884,89.427101010504,1394239008.656153,2.1510323418684214e-4,2.0686473700611579e-4,-6.0580171123982325e0,29.542423825287,arc-168,supported,supported,false
source:bto-bfo-medium:370023,bto-bfo-medium,370023,18007,arc1-current-polar-best-glide-equal-feed,307,-37.533826158701,89.937203192962,1394238921.723785,7.8775843370231674e-5,2.2670251284577643e-6,-9.5671021134964036e0,21.392629598291,arc-167,supported,supported,false
source:bto-bfo-medium:370023,bto-bfo-medium,370023,18068,arc1-current-polar-best-glide-equal-feed,308,-38.548380414324,88.814335783632,1394239062.814360,6.1469746207932249e-4,1.3431820697285036e-3,-5.2372976342015818e0,37.183621934194,arc-169,supported,supported,false
source:bto-bfo-medium:370023,bto-bfo-medium,370023,18121,arc1-current-polar-best-glide-equal-feed,309,-38.239223004133,89.233419288503,1394239094.137336,2.2625615531551840e-4,2.1759049900990537e-4,-6.0580171123982325e0,33.895941773158,arc-168,supported,supported,false
source:bto-bfo-medium:370023,bto-bfo-medium,370023,18174,arc1-current-polar-best-glide-equal-feed,310,-38.101412390320,89.425550454927,1394239041.714136,3.6943266323888460e-4,3.5528331785099451e-4,-6.0580171123982325e0,32.804032359621,arc-168,supported,supported,false
source:bto-bfo-medium:370023,bto-bfo-medium,370023,18224,arc1-current-polar-best-glide-equal-feed,311,-37.754254110123,89.802326035397,1394238996.312934,1.7083839479990594e-4,4.9164174872309889e-6,-9.5671021134964036e0,26.800572038514,arc-167,supported,supported,false
source:bto-bfo-medium:370023,bto-bfo-medium,370023,18286,arc1-current-polar-best-glide-equal-feed,312,-37.955433699688,89.659415671442,1394239000.940377,5.3353938107741005e-4,1.5354290505525240e-5,-9.5671021134964036e0,36.384661190139,arc-167,supported,supported,false
source:bto-bfo-medium:370023,bto-bfo-medium,370023,18350,arc1-current-polar-best-glide-equal-feed,313,-38.156000377446,89.701934862963,1394239163.668100,5.7346959752346631e-4,5.5150559646932292e-4,-6.0580171123982325e0,45.144839678791,arc-168,supported,supported,false
source:bto-bfo-medium:370023,bto-bfo-medium,370023,18416,arc1-current-polar-best-glide-equal-feed,314,-38.071549521658,89.310131466851,1394238995.408605,2.2675076068788810e-4,2.1806616089692376e-4,-6.0580171123982325e0,27.650707452275,arc-168,supported,supported,false
source:bto-bfo-medium:370023,bto-bfo-medium,370023,18475,arc1-current-polar-best-glide-equal-feed,315,-38.158870256318,89.707326752999,1394239128.338877,8.0868664316797372e-4,7.7771378190432804e-4,-6.0580171123982325e0,45.452226966648,arc-168,supported,supported,false
source:bto-bfo-medium:370023,bto-bfo-medium,370023,18534,arc1-current-polar-best-glide-equal-feed,316,-37.888464843138,89.688962868212,1394238930.672004,6.6063366495502441e-4,1.9011832245570644e-5,-9.5671021134964036e0,32.670172313978,arc-167,supported,supported,false
source:bto-bfo-medium:370023,bto-bfo-medium,370023,18597,arc1-current-polar-best-glide-equal-feed,317,-38.218232151332,88.281708105349,1394238719.185038,2.1562609118392503e-5,4.7116690292519476e-5,-5.2372976342015818e0,6.903240530941,arc-169,supported,supported,false
source:bto-bfo-medium:370023,bto-bfo-medium,370023,18653,arc1-current-polar-best-glide-equal-feed,318,-38.797257944958,88.369492680403,1394239084.907031,4.9319406382205091e-4,2.1383517908157112e-3,-4.5520762908770394e0,41.066268489932,arc-170,supported,supported,false
source:bto-bfo-medium:370023,bto-bfo-medium,370023,18719,arc1-current-polar-best-glide-equal-feed,319,-38.196621982577,89.202685435928,1394238968.744877,5.5538841546110581e-4,5.3411692732062486e-4,-6.0580171123982325e0,30.959753791216,arc-168,supported,supported,false
source:bto-bfo-medium:370023,bto-bfo-medium,370023,18784,arc1-current-polar-best-glide-equal-feed,320,-38.626474913954,88.360081439124,1394239032.234605,1.4468950936382744e-4,3.1616261111263298e-4,-5.2372976342015818e0,31.687572343951,arc-169,supported,supported,false
source:bto-bfo-medium:370023,bto-bfo-medium,370023,18842,arc1-current-polar-best-glide-equal-feed,321,-38.283574964703,89.161830458215,1394239047.861836,4.3682692939861413e-4,4.2009637004686615e-4,-6.0580171123982325e0,35.011725343398,arc-168,supported,supported,false
source:bto-bfo-medium:370023,bto-bfo-medium,370023,18900,arc1-current-polar-best-glide-equal-feed,322,-38.774442318974,88.406641073852,1394239073.574186,5.4650601385831075e-4,1.1941761990202507e-3,-5.2372976342015818e0,40.801906452866,arc-169,supported,supported,false
source:bto-bfo-medium:370023,bto-bfo-medium,370023,18962,arc1-current-polar-best-glide-equal-feed,323,-38.351796936381,88.239413042942,1394238714.749920,1.5342451444216762e-4,3.3524956514124785e-4,-5.2372976342015818e0,14.920517780271,arc-169,supported,supported,false
source:bto-bfo-medium:370023,bto-bfo-medium,370023,19021,arc1-current-polar-best-glide-equal-feed,324,-38.639837830249,88.341254069497,1394238997.925646,2.4969751839457212e-4,5.4561674686077165e-4,-5.2372976342015818e0,32.370886602885,arc-169,supported,supported,false
source:bto-bfo-medium:370023,bto-bfo-medium,370023,19078,arc1-current-polar-best-glide-equal-feed,325,-38.294377356459,89.182574166620,1394239045.819030,5.3479463756431742e-4,5.1431189526387274e-4,-6.0580171123982325e0,35.959781821158,arc-168,supported,supported,false
source:bto-bfo-medium:370023,bto-bfo-medium,370023,19133,arc1-current-polar-best-glide-equal-feed,326,-38.638385913719,88.515916560700,1394239003.943262,6.0432503207249598e-4,1.3205171607868665e-3,-5.2372976342015818e0,34.195953435695,arc-169,supported,supported,false
source:bto-bfo-medium:370023,bto-bfo-medium,370023,19190,arc1-current-polar-best-glide-equal-feed,327,-37.796247444253,90.135726478450,1394239141.094669,3.5616426115574944e-4,1.0249757988675479e-5,-9.5671021134964036e0,38.473254355841,arc-167,supported,supported,false
source:bto-bfo-medium:370023,bto-bfo-medium,370023,19245,arc1-current-polar-best-glide-equal-feed,328,-37.949458117641,89.654397073297,1394239019.835826,4.1506273701043050e-4,1.1944748725402805e-5,-9.5671021134964036e0,35.995586974628,arc-167,supported,supported,false
source:bto-bfo-medium:370023,bto-bfo-medium,370023,19306,arc1-current-polar-best-glide-equal-feed,329,-38.071231371562,89.251388707443,1394238975.721873,1.8854429495339449e-4,1.8132301049299254e-4,-6.0580171123982325e0,25.819148728388,arc-168,supported,supported,false
source:bto-bfo-medium:370023,bto-bfo-medium,370023,19371,arc1-current-polar-best-glide-equal-feed,330,-38.353260445622,88.846039286144,1394238963.336767,3.8007794664716689e-4,8.3051243014538919e-4,-5.2372976342015818e0,31.247991004898,arc-169,supported,supported,false
source:bto-bfo-medium:370023,bto-bfo-medium,370023,19431,arc1-current-polar-best-glide-equal-feed,331,-37.811285501910,89.547955209435,1394238965.339786,6.8001788347513885e-5,1.9569674708444444e-6,-9.5671021134964036e0,27.345469706907,arc-167,supported,supported,false
source:bto-bfo-medium:370023,bto-bfo-medium,370023,19488,arc1-current-polar-best-glide-equal-feed,332,-38.122599277051,89.264621972882,1394239008.503883,2.5096855038344337e-4,2.4135640437085009e-4,-6.0580171123982325e0,28.655831289956,arc-168,supported,supported,false
source:bto-bfo-medium:370023,bto-bfo-medium,370023,19544,arc1-current-polar-best-glide-equal-feed,333,-37.994973959282,89.708447789714,1394239089.683718,3.7047286658348417e-4,1.0661533561872576e-5,-9.5671021134964036e0,39.120338807735,arc-167,supported,supported,false
source:bto-bfo-medium:370023,bto-bfo-medium,370023,19615,arc1-current-polar-best-glide-equal-feed,334,-38.186084202122,88.803211030513,1394238877.145251,1.1134235276087053e-4,2.4329537871182607e-4,-5.2372976342015818e0,25.914668343381,arc-169,supported,supported,false
source:bto-bfo-medium:370023,bto-bfo-medium,370023,19677,arc1-current-polar-best-glide-equal-feed,335,-38.105295045586,89.228823584107,1394239005.553326,1.6578791124835431e-4,1.5943820086588865e-4,-6.0580171123982325e0,26.836115528428,arc-168,supported,supported,false
source:bto-bfo-medium:370023,bto-bfo-medium,370023,19731,arc1-current-polar-best-glide-equal-feed,336,-37.881803897435,89.931614362053,1394239082.944028,5.0264021688705936e-4,1.4465068903178852e-5,-9.5671021134964036e0,36.460075972325,arc-167,supported,supported,false
source:bto-bfo-medium:370023,bto-bfo-medium,370023,19788,arc1-current-polar-best-glide-equal-feed,337,-38.177625618191,89.258674963935,1394239062.359270,2.0569544263832686e-4,1.9781726576818175e-4,-6.0580171123982325e0,31.248726086226,arc-168,supported,supported,false
source:bto-bfo-medium:370023,bto-bfo-medium,370023,19841,arc1-current-polar-best-glide-equal-feed,338,-38.508903873017,88.699626557968,1394238928.554553,8.2314279396104395e-4,1.7986582178730779e-3,-5.2372976342015818e0,31.800941380182,arc-169,supported,supported,false
source:bto-bfo-medium:370023,bto-bfo-medium,370023,19907,arc1-current-polar-best-glide-equal-feed,339,-37.790700054545,89.761103437087,1394238986.599985,2.2731019852787263e-4,6.5415730250644813e-6,-9.5671021134964036e0,28.002241778221,arc-167,supported,supported,false
source:bto-bfo-medium:370023,bto-bfo-medium,370023,19963,arc1-current-polar-best-glide-equal-feed,340,-38.449933793944,88.721045577501,1394238958.760572,5.0629355390383523e-4,1.1063075180469803e-3,-5.2372976342015818e0,29.908148002483,arc-169,supported,supported,false
source:bto-bfo-medium:370023,bto-bfo-medium,370023,20022,arc1-current-polar-best-glide-equal-feed,341,-38.710513281834,88.272222091879,1394239020.141352,2.8105602892904315e-4,1.2185804876127158e-3,-4.5520762908770394e0,34.640321340003,arc-170,supported,supported,false
source:bto-bfo-medium:370023,bto-bfo-medium,370023,20075,arc1-current-polar-best-glide-equal-feed,342,-38.004910559411,89.673369484183,1394239079.722557,3.7927400265424252e-4,1.0914814209565674e-5,-9.5671021134964036e0,39.420397370856,arc-167,supported,supported,false
source:bto-bfo-medium:370023,bto-bfo-medium,370023,20132,arc1-current-polar-best-glide-equal-feed,343,-37.644895008860,89.855809704593,1394238998.231629,5.2135094585213673e-5,1.5003529564732647e-6,-9.5671021134964036e0,22.706270037108,arc-167,supported,supported,false
source:bto-bfo-medium:370023,bto-bfo-medium,370023,20191,arc1-current-polar-best-glide-equal-feed,344,-38.160150076731,89.201784965317,1394239014.952187,2.2725018255083900e-4,2.1854645480196428e-4,-6.0580171123982325e0,28.995390054200,arc-168,supported,supported,false
source:bto-bfo-medium:370023,bto-bfo-medium,370023,20250,arc1-current-polar-best-glide-equal-feed,345,-38.446862729551,89.301762346067,1394239158.241330,8.2174277640901573e-4,7.9026986261336541e-4,-6.0580171123982325e0,46.557364902694,arc-168,supported,supported,false
source:bto-bfo-medium:370023,bto-bfo-medium,370023,20314,arc1-current-polar-best-glide-equal-feed,346,-37.495151097961,90.046360645848,1394238988.015643,3.6994433589306357e-5,1.0646323412351042e-6,-9.5671021134964036e0,25.172027111767,arc-167,supported,supported,false
source:bto-bfo-medium:370023,bto-bfo-medium,370023,20375,arc1-current-polar-best-glide-equal-feed,347,-38.008623730294,89.304831148004,1394238955.559292,1.7313431075383472e-4,1.6650323179110020e-4,-6.0580171123982325e0,24.836631925087,arc-168,supported,supported,false
source:bto-bfo-medium:370023,bto-bfo-medium,370023,20434,arc1-current-polar-best-glide-equal-feed,348,-38.501083310973,88.689040195210,1394239033.786775,2.9863834742616422e-4,6.5255788146464260e-4,-5.2372976342015818e0,31.121231594808,arc-169,supported,supported,false
source:bto-bfo-medium:370023,bto-bfo-medium,370023,20492,arc1-current-polar-best-glide-equal-feed,349,-38.325895739566,89.299209522252,1394239075.301369,7.8267400270996476e-4,7.5269743081354638e-4,-6.0580171123982325e0,39.940813154539,arc-168,supported,supported,false
source:bto-bfo-medium:370023,bto-bfo-medium,370023,20545,arc1-current-polar-best-glide-equal-feed,350,-37.969989433195,90.027669713641,1394239135.658816,7.9412569429334712e-4,2.2853489434012198e-5,-9.5671021134964036e0,43.341827109754,arc-167,supported,supported,false
source:bto-bfo-medium:370023,bto-bfo-medium,370023,20601,arc1-current-polar-best-glide-equal-feed,351,-37.655875130853,90.256684986116,1394239102.000452,3.3386083598695702e-4,9.6079060814772796e-6,-9.5671021134964036e0,38.242403127503,arc-167,supported,supported,false
source:bto-bfo-medium:370023,bto-bfo-medium,370023,20660,arc1-current-polar-best-glide-equal-feed,352,-37.884975599589,89.679258198332,1394239014.027458,2.7092805820676149e-4,7.7968154916776984e-6,-9.5671021134964036e0,32.373312779456,arc-167,supported,supported,false
source:bto-bfo-medium:370023,bto-bfo-medium,370023,20721,arc1-current-polar-best-glide-equal-feed,353,-37.663388540922,89.936554087688,1394239004.556186,1.3663769058325234e-4,3.9321835831176322e-6,-9.5671021134964036e0,26.128142721101,arc-167,supported,supported,false
source:bto-bfo-medium:370023,bto-bfo-medium,370023,20782,arc1-current-polar-best-glide-equal-feed,354,-38.345072381469,88.759755997431,1394238975.137395,1.6627567743085730e-4,3.6333078031850998e-4,-5.2372976342015818e0,27.482932516918,arc-169,supported,supported,false
source:bto-bfo-medium:370023,bto-bfo-medium,370023,20847,arc1-current-polar-best-glide-equal-feed,355,-38.410270177238,88.734561937606,1394238944.322241,4.3456336513464301e-4,9.4956910711046832e-4,-5.2372976342015818e0,28.798638692576,arc-169,supported,supported,false
source:bto-bfo-medium:370023,bto-bfo-medium,370023,20902,arc1-current-polar-best-glide-equal-feed,356,-37.734178159016,90.052171886303,1394239049.583341,3.9034143522924028e-4,1.1233314738174590e-5,-9.5671021134964036e0,33.031230849489,arc-167,supported,supported,false
source:bto-bfo-medium:370023,bto-bfo-medium,370023,20963,arc1-current-polar-best-glide-equal-feed,357,-38.831144162711,87.807393233299,1394239000.565365,5.6208680351873290e-5,2.4370514794594799e-4,-4.5520762908770394e0,23.998444610994,arc-170,supported,supported,false
source:bto-bfo-medium:370023,bto-bfo-medium,370023,21029,arc1-current-polar-best-glide-equal-feed,358,-38.239039330071,88.438555827073,1394238788.559151,4.3464926456552889e-5,9.4975680688553501e-5,-5.2372976342015818e0,11.543726974835,arc-169,supported,supported,false
source:bto-bfo-medium:370023,bto-bfo-medium,370023,21085,arc1-current-polar-best-glide-equal-feed,359,-38.128503928546,89.399967314044,1394239057.853083,3.2372674029252193e-4,3.1132794095643584e-4,-6.0580171123982325e0,33.056801361580,arc-168,supported,supported,false
source:bto-bfo-medium:370023,bto-bfo-medium,370023,21144,arc1-current-polar-best-glide-equal-feed,360,-38.604798151120,88.390675944162,1394238987.769981,2.6989107780254270e-4,5.8974191183059754e-4,-5.2372976342015818e0,30.646583683163,arc-169,supported,supported,false
source:bto-bfo-medium:370023,bto-bfo-medium,370023,21201,arc1-current-polar-best-glide-equal-feed,361,-38.021988238323,89.714626915589,1394239098.098752,4.4751660716890962e-4,1.2878711930584819e-5,-9.5671021134964036e0,40.768157514357,arc-167,supported,supported,false
source:bto-bfo-medium:370023,bto-bfo-medium,370023,21250,arc1-current-polar-best-glide-equal-feed,362,-38.115175917974,89.645109266579,1394239110.364029,5.8363905431080330e-4,5.6128556101406899e-4,-6.0580171123982325e0,41.554204726371,arc-168,supported,supported,false
source:bto-bfo-medium:370023,bto-bfo-medium,370023,21302,arc1-current-polar-best-glide-equal-feed,363,-38.089623329630,89.506129443420,1394239045.854119,4.7978311587958681e-4,4.6140732593632269e-4,-6.0580171123982325e0,35.294396521582,arc-168,supported,supported,false
source:bto-bfo-medium:370023,bto-bfo-medium,370023,21355,arc1-current-polar-best-glide-equal-feed,364,-38.694898641315,88.761462266523,1394239110.631208,8.2624188661384974e-4,1.8054300787322317e-3,-5.2372976342015818e0,42.490407920483,arc-169,supported,supported,false
source:bto-bfo-medium:370023,bto-bfo-medium,370023,21409,arc1-current-polar-best-glide-equal-feed,365,-37.763153520421,90.227670451207,1394239122.579280,5.5397169951267565e-4,1.5942295372800347e-5,-9.5671021134964036e0,40.536375993231,arc-167,supported,supported,false
source:bto-bfo-medium:370023,bto-bfo-medium,370023,21460,arc1-current-polar-best-glide-equal-feed,366,-37.941289101410,89.608782467283,1394239023.743167,2.7469939528557358e-4,7.9053476959648335e-6,-9.5671021134964036e0,35.267821555347,arc-167,supported,supported,false
source:bto-bfo-medium:370023,bto-bfo-medium,370023,21512,arc1-current-polar-best-glide-equal-feed,367,-37.768647653787,89.847818988711,1394239017.389687,2.2216401295869833e-4,6.3934751881908688e-6,-9.5671021134964036e0,28.589306533479,arc-167,supported,supported,false
source:bto-bfo-medium:370023,bto-bfo-medium,370023,21563,arc1-current-polar-best-glide-equal-feed,368,-37.954312193977,89.662650725576,1394239042.724276,3.4371464785556564e-4,9.8914808191318518e-6,-9.5671021134964036e0,36.340699467627,arc-167,supported,supported,false
source:bto-bfo-medium:370023,bto-bfo-medium,370023,21613,arc1-current-polar-best-glide-equal-feed,369,-37.729832215866,90.059770325978,1394239051.210099,3.9444194749401954e-4,1.1351320004079725e-5,-9.5671021134964036e0,33.117809357952,arc-167,supported,supported,false
source:bto-bfo-medium:370023,bto-bfo-medium,370023,21662,arc1-current-polar-best-glide-equal-feed,370,-37.690529155516,90.069221420334,1394239033.237805,3.4404304786551330e-4,9.9009315725974370e-6,-9.5671021134964036e0,31.918848467095,arc-167,supported,supported,false
source:bto-bfo-medium:370023,bto-bfo-medium,370023,21713,arc1-current-polar-best-glide-equal-feed,371,-37.838213835451,89.822905935522,1394239049.585460,2.6183164563964577e-4,7.5350373248410344e-6,-9.5671021134964036e0,31.769441391190,arc-167,supported,supported,false
source:bto-bfo-medium:370023,bto-bfo-medium,370023,21770,arc1-current-polar-best-glide-equal-feed,372,-38.374895710133,89.189506556371,1394239083.677008,6.8121576888425476e-4,6.5512506777213415e-4,-6.0580171123982325e0,40.617054195488,arc-168,supported,supported,false
source:bto-bfo-medium:370023,bto-bfo-medium,370023,21831,arc1-current-polar-best-glide-equal-feed,373,-38.049574126113,89.277897660623,1394238966.239651,2.0030364526266541e-4,1.9263197531765489e-4,-6.0580171123982325e0,25.647073297651,arc-168,supported,supported,false
source:bto-bfo-medium:370023,bto-bfo-medium,370023,21891,arc1-current-polar-best-glide-equal-feed,374,-38.710575179037,88.703055842510,1394239088.209303,8.6511108652732123e-4,1.8903635876682595e-3,-5.2372976342015818e0,41.856953193246,arc-169,supported,supported,false
source:bto-bfo-medium:370023,bto-bfo-medium,370023,21946,arc1-current-polar-best-glide-equal-feed,375,-38.480703532197,89.000718379130,1394239130.390202,4.0915981749333830e-4,8.9405954052811738e-4,-5.2372976342015818e0,41.416456693768,arc-169,supported,supported,false
source:bto-bfo-medium:370023,bto-bfo-medium,370023,22002,arc1-current-polar-best-glide-equal-feed,376,-38.219681799655,88.892065626399,1394238980.096938,7.1909735242282834e-5,6.9155577903366408e-5,-6.0580171123982325e0,29.140921472486,arc-168,supported,supported,false
source:bto-bfo-medium:370023,bto-bfo-medium,370023,22061,arc1-current-polar-best-glide-equal-feed,377,-37.850229167759,90.154510711266,1394239151.610889,5.5701468051493053e-4,1.6029866817324399e-5,-9.5671021134964036e0,41.379371822428,arc-167,supported,supported,false
source:bto-bfo-medium:370023,bto-bfo-medium,370023,22121,arc1-current-polar-best-glide-equal-feed,378,-38.592675135743,88.478530177533,1394238921.569338,7.0431470136233739e-4,1.5390056681151539e-3,-5.2372976342015818e0,31.020851602471,arc-169,supported,supported,false
source:bto-bfo-medium:370023,bto-bfo-medium,370023,22180,arc1-current-polar-best-glide-equal-feed,379,-37.835080697939,90.025892529568,1394239075.264866,5.8855466233504741e-4,1.6937529982557173e-5,-9.5671021134964036e0,36.658758479183,arc-167,supported,supported,false
source:bto-bfo-medium:370023,bto-bfo-medium,370023,22241,arc1-current-polar-best-glide-equal-feed,380,-37.845413114115,89.505989307871,1394238960.504363,8.1792672014824246e-5,7.8659996207574787e-5,-6.0580171123982325e0,28.945392740010,arc-168,supported,supported,false
source:bto-bfo-medium:370023,bto-bfo-medium,370023,22305,arc1-current-polar-best-glide-equal-feed,381,-37.912490743949,89.262011930111,1394238900.519004,6.9483755721184049e-5,6.6822513886400452e-5,-6.0580171123982325e0,19.728255792743,arc-168,supported,supported,false
source:bto-bfo-medium:370023,bto-bfo-medium,370023,22366,arc1-current-polar-best-glide-equal-feed,382,-38.118649621169,89.671845682109,1394239105.684897,6.8833069468264335e-4,6.6196749047984311e-4,-6.0580171123982325e0,42.728972086432,arc-168,supported,supported,false
source:bto-bfo-medium:370023,bto-bfo-medium,370023,22421,arc1-current-polar-best-glide-equal-feed,383,-38.147183161679,89.653174767709,1394239134.710914,5.9711480142713921e-4,5.7424518430248660e-4,-6.0580171123982325e0,42.946402859862,arc-168,supported,supported,false
source:bto-bfo-medium:370023,bto-bfo-medium,370023,22477,arc1-current-polar-best-glide-equal-feed,384,-37.927477026975,90.208331630380,1394239165.397451,8.7559408806095224e-4,2.5198001253177932e-5,-9.5671021134964036e0,46.499950744379,arc-167,supported,supported,false
source:bto-bfo-medium:370023,bto-bfo-medium,370023,22542,arc1-current-polar-best-glide-equal-feed,385,-37.787839953792,89.948042071398,1394239064.175360,2.8043451565992164e-4,8.0703940026387466e-6,-9.5671021134964036e0,32.161908208027,arc-167,supported,supported,false
source:bto-bfo-medium:370023,bto-bfo-medium,370023,22598,arc1-current-polar-best-glide-equal-feed,386,-37.803669671397,89.760653711090,1394238986.336319,2.6090752537304937e-4,7.5084428286546217e-6,-9.5671021134964036e0,28.721845366199,arc-167,supported,supported,false
source:bto-bfo-medium:370023,bto-bfo-medium,370023,22650,arc1-current-polar-best-glide-equal-feed,387,-37.900999241549,89.972164971473,1394239091.710055,6.3874091695210707e-4,1.8381798878357437e-5,-9.5671021134964036e0,38.436361158075,arc-167,supported,supported,false
source:bto-bfo-medium:370023,bto-bfo-medium,370023,22714,arc1-current-polar-best-glide-equal-feed,388,-38.112544828475,89.266034105475,1394239014.162361,2.0312617932522072e-4,1.9534640575729272e-4,-6.0580171123982325e0,28.207608391008,arc-168,supported,supported,false
source:bto-bfo-medium:370023,bto-bfo-medium,370023,22767,arc1-current-polar-best-glide-equal-feed,389,-38.027731823614,89.504522633242,1394239044.281961,2.6342733870554554e-4,2.5333801859161895e-4,-6.0580171123982325e0,33.128045804188,arc-168,supported,supported,false
source:bto-bfo-medium:370023,bto-bfo-medium,370023,22823,arc1-current-polar-best-glide-equal-feed,390,-38.548057785448,88.637695885943,1394238999.180542,5.2727802140016251e-4,1.1521609048309822e-3,-5.2372976342015818e0,31.934165358430,arc-169,supported,supported,false
source:bto-bfo-medium:370023,bto-bfo-medium,370023,22880,arc1-current-polar-best-glide-equal-feed,391,-38.071182905869,89.376404579879,1394238960.811275,5.0291083698499137e-4,4.8364925066658770e-4,-6.0580171123982325e0,29.864458269692,arc-168,supported,supported,false
source:bto-bfo-medium:370023,bto-bfo-medium,370023,22936,arc1-current-polar-best-glide-equal-feed,392,-38.422947239802,88.730689532254,1394239011.435140,2.1023261824741960e-4,4.5938156690416285e-4,-5.2372976342015818e0,29.151026184602,arc-169,supported,supported,false
source:bto-bfo-medium:370023,bto-bfo-medium,370023,23001,arc1-current-polar-best-glide-equal-feed,393,-38.232053498964,89.018551279176,1394238950.357157,3.6013069074952242e-4,3.4633761278094150e-4,-6.0580171123982325e0,30.288470076140,arc-168,supported,supported,false
source:bto-bfo-medium:370023,bto-bfo-medium,370023,23059,arc1-current-polar-best-glide-equal-feed,394,-38.027409227154,88.644419087301,1394238664.512335,7.9806564740349538e-5,1.7438618738274808e-4,-5.2372976342015818e0,18.544247795151,arc-169,supported,supported,false
source:bto-bfo-medium:370023,bto-bfo-medium,370023,23120,arc1-current-polar-best-glide-equal-feed,395,-38.030153141176,89.386338332232,1394238992.472682,2.4476886804796215e-4,2.3539417111713304e-4,-6.0580171123982325e0,28.628388080539,arc-168,supported,supported,false
source:bto-bfo-medium:370023,bto-bfo-medium,370023,23180,arc1-current-polar-best-glide-equal-feed,396,-38.091332841229,88.894199553514,1394238776.088137,2.8572075171618691e-4,2.7477758939513933e-4,-6.0580171123982325e0,21.436197541524,arc-168,supported,supported,false
source:bto-bfo-medium:370023,bto-bfo-medium,370023,23247,arc1-current-polar-best-glide-equal-feed,397,-38.792532221369,87.956930572646,1394238919.028440,3.5976318183607406e-4,1.5598327323467099e-3,-4.5520762908770394e0,25.722375596078,arc-170,supported,supported,false
source:bto-bfo-medium:370023,bto-bfo-medium,370023,23310,arc1-current-polar-best-glide-equal-feed,398,-38.079359434218,89.389413900378,1394239000.680254,3.8374553211526982e-4,3.6904800096749574e-4,-6.0580171123982325e0,30.649552887018,arc-168,supported,supported,false
source:bto-bfo-medium:370023,bto-bfo-medium,370023,23367,arc1-current-polar-best-glide-equal-feed,399,-37.890182778971,90.082635021881,1394239154.239979,5.1142807093227586e-4,1.4717967318395965e-5,-9.5671021134964036e0,40.922239546766,arc-167,supported,supported,false
source:bto-bfo-medium:370023,bto-bfo-medium,370023,23425,arc1-current-polar-best-glide-equal-feed,400,-37.891631753093,90.058765429245,1394239156.760850,4.4766100450633315e-4,1.2882867422654634e-5,-9.5671021134964036e0,40.296715045962,arc-167,supported,supported,false
source:bto-bfo-medium:370023,bto-bfo-medium,370023,23484,arc1-current-polar-best-glide-equal-feed,401,-37.930998067532,88.896175349302,1394238724.035355,6.5363001755793391e-5,6.2859585627604586e-5,-6.0580171123982325e0,11.817207314642,arc-168,supported,supported,false
source:bto-bfo-medium:370023,bto-bfo-medium,370023,23544,arc1-current-polar-best-glide-equal-feed,402,-37.881076737260,89.642197375940,1394238972.111169,3.3243427976171992e-4,9.5668523945675626e-6,-9.5671021134964036e0,31.849472658465,arc-167,supported,supported,false
source:bto-bfo-medium:370023,bto-bfo-medium,370023,23603,arc1-current-polar-best-glide-equal-feed,403,-37.981442184878,89.671393338163,1394239052.957345,4.2456703030316638e-4,1.2218264955773078e-5,-9.5671021134964036e0,38.013604853802,arc-167,supported,supported,false
source:bto-bfo-medium:370023,bto-bfo-medium,370023,23664,arc1-current-polar-best-glide-equal-feed,404,-38.551994148781,88.719191984238,1394239070.902945,3.7204829633836459e-4,8.1296675444910435e-4,-5.2372976342015818e0,34.382320558827,arc-169,supported,supported,false
source:bto-bfo-medium:370023,bto-bfo-medium,370023,23726,arc1-current-polar-best-glide-equal-feed,405,-38.154205715170,89.451404172924,1394239079.418314,4.4227898608920052e-4,4.2533961186842301e-4,-6.0580171123982325e0,35.865646965631,arc-168,supported,supported,false
source:bto-bfo-medium:370023,bto-bfo-medium,370023,23778,arc1-current-polar-best-glide-equal-feed,406,-38.185594924292,89.403384552288,1394239128.962717,2.2274549163596322e-4,2.1421429445615475e-4,-6.0580171123982325e0,35.689216792345,arc-168,supported,supported,false
source:bto-bfo-medium:370023,bto-bfo-medium,370023,23847,arc1-current-polar-best-glide-equal-feed,407,-38.221747233382,89.341835168529,1394239026.817858,7.2628750689613232e-4,6.9847054914289226e-4,-6.0580171123982325e0,35.620204604530,arc-168,supported,supported,false
source:bto-bfo-medium:370023,bto-bfo-medium,370023,23906,arc1-current-polar-best-glide-equal-feed,408,-37.641607629431,89.982171627379,1394239004.953560,1.4889291812664245e-4,4.2848666850332626e-6,-9.5671021134964036e0,26.856304694815,arc-167,supported,supported,false
source:bto-bfo-medium:370023,bto-bfo-medium,370023,23974,arc1-current-polar-best-glide-equal-feed,409,-37.930672156823,89.076214811912,1394238860.006104,2.9324645497395606e-5,2.8201505670282438e-5,-6.0580171123982325e0,14.108036343219,arc-168,supported,supported,false
source:bto-bfo-medium:370023,bto-bfo-medium,370023,24032,arc1-current-polar-best-glide-equal-feed,410,-38.059170614471,89.355423976133,1394238991.555701,2.8106396520036708e-4,2.7029915874052663e-4,-6.0580171123982325e0,28.646210758091,arc-168,supported,supported,false
source:bto-bfo-medium:370023,bto-bfo-medium,370023,24084,arc1-current-polar-best-glide-equal-feed,411,-37.795020628507,89.824497149457,1394238987.399241,3.6377907377499994e-4,1.0468898410634565e-5,-9.5671021134964036e0,29.459937711225,arc-167,supported,supported,false
source:bto-bfo-medium:370023,bto-bfo-medium,370023,24144,arc1-current-polar-best-glide-equal-feed,412,-38.771875638247,87.791946110839,1394238861.982221,2.0674582127446983e-4,8.9639217013252556e-4,-4.5520762908770394e0,20.458910560058,arc-170,supported,supported,false
source:bto-bfo-medium:370023,bto-bfo-medium,370023,24205,arc1-current-polar-best-glide-equal-feed,413,-38.273947101643,89.172404799921,1394239001.289078,6.6354502342897694e-4,6.3813111542582559e-4,-6.0580171123982325e0,34.642874305222,arc-168,supported,supported,false
source:bto-bfo-medium:370023,bto-bfo-medium,370023,24266,arc1-current-polar-best-glide-equal-feed,414,-38.337400783362,89.231424294208,1394239128.593143,3.8369953563780585e-4,3.6900376616438011e-4,-6.0580171123982325e0,39.213664369221,arc-168,supported,supported,false
source:bto-bfo-medium:370023,bto-bfo-medium,370023,24319,arc1-current-polar-best-glide-equal-feed,415,-38.402697193564,88.905152640017,1394239050.501774,3.0555310017111524e-4,6.6766738244128029e-4,-5.2372976342015818e0,35.130995254447,arc-169,supported,supported,false
source:bto-bfo-medium:370023,bto-bfo-medium,370023,24380,arc1-current-polar-best-glide-equal-feed,416,-37.908783974502,89.615995559184,1394238987.460697,3.1352893347952673e-4,9.0227910015019044e-6,-9.5671021134964036e0,33.354384247052,arc-167,supported,supported,false
source:bto-bfo-medium:370023,bto-bfo-medium,370023,24438,arc1-current-polar-best-glide-equal-feed,417,-38.065129778276,89.079932291833,1394238839.450659,3.2722681026710841e-4,3.1469395754625112e-4,-6.0580171123982325e0,21.376349287998,arc-168,supported,supported,false
source:bto-bfo-medium:370023,bto-bfo-medium,370023,24493,arc1-current-polar-best-glide-equal-feed,418,-38.509433796683,88.843936986484,1394239034.945103,6.8196557437865909e-4,1.4901703491323524e-3,-5.2372976342015818e0,36.577377749799,arc-169,supported,supported,false
source:bto-bfo-medium:370023,bto-bfo-medium,370023,24549,arc1-current-polar-best-glide-equal-feed,419,-38.081743980318,89.631497676647,1394239144.084677,2.5487752628703748e-4,2.4511566571025771e-4,-6.0580171123982325e0,39.940496144898,arc-168,supported,supported,false
source:bto-bfo-medium:370023,bto-bfo-medium,370023,24606,arc1-current-polar-best-glide-equal-feed,420,-37.695578963788,90.173378277899,1394239087.238427,3.5656646914965581e-4,1.0261332801334316e-5,-9.5671021134964036e0,36.078028255930,arc-167,supported,supported,false
source:bto-bfo-medium:370023,bto-bfo-medium,370023,24666,arc1-current-polar-best-glide-equal-feed,421,-38.222647030421,89.294553513057,1394239008.394748,6.9400421106448730e-4,6.6742371004189116e-4,-6.0580171123982325e0,34.438135836510,arc-168,supported,supported,false
source:bto-bfo-medium:370023,bto-bfo-medium,370023,24728,arc1-current-polar-best-glide-equal-feed,422,-37.508349262189,90.137681234596,1394238977.067019,1.4098761732812801e-4,4.0573665429653155e-6,-9.5671021134964036e0,29.548056188387,arc-167,supported,supported,false
source:bto-bfo-medium:370023,bto-bfo-medium,370023,24783,arc1-current-polar-best-glide-equal-feed,423,-38.266193422743,89.059396129406,1394238996.326719,3.8074366954202486e-4,3.6616111033523579e-4,-6.0580171123982325e0,32.667931699931,arc-168,supported,supported,false
source:bto-bfo-medium:370023,bto-bfo-medium,370023,24848,arc1-current-polar-best-glide-equal-feed,424,-37.830046567033,90.070828050022,1394239108.599867,5.0798789378524482e-4,1.4618965293092219e-5,-9.5671021134964036e0,37.792619474636,arc-167,supported,supported,false
source:bto-bfo-medium:370023,bto-bfo-medium,370023,24910,arc1-current-polar-best-glide-equal-feed,425,-38.594134031263,88.439220123407,1394238950.446280,4.8036558521965330e-4,1.0496520333744550e-3,-5.2372976342015818e0,30.553848871647,arc-169,supported,supported,false
source:bto-bfo-medium:370023,bto-bfo-medium,370023,24971,arc1-current-polar-best-glide-equal-feed,426,-38.835834009165,87.863162832452,1394238923.963479,3.1265628986491486e-4,1.3555903981513917e-3,-4.5520762908770394e0,25.395372611591,arc-170,supported,supported,false
source:bto-bfo-medium:370023,bto-bfo-medium,370023,25025,arc1-current-polar-best-glide-equal-feed,427,-37.702259866445,90.146706940252,1394239061.465093,4.3872386938155451e-4,1.2625672970174142e-5,-9.5671021134964036e0,35.271871613273,arc-167,supported,supported,false
source:bto-bfo-medium:370023,bto-bfo-medium,370023,25088,arc1-current-polar-best-glide-equal-feed,428,-38.327002595887,88.993282977340,1394239060.651964,2.0127684785173754e-4,1.9356790405160974e-4,-6.0580171123982325e0,35.774517578947,arc-168,supported,supported,false
source:bto-bfo-medium:370023,bto-bfo-medium,370023,25145,arc1-current-polar-best-glide-equal-feed,429,-37.910571371346,88.668653188986,1394238667.149359,1.0574383565282745e-5,1.0169382545563879e-5,-6.0580171123982325e0,15.657063265983,arc-168,supported,supported,false
source:bto-bfo-medium:370023,bto-bfo-medium,370023,25210,arc1-current-polar-best-glide-equal-feed,430,-38.378675757693,88.996423737789,1394239061.436486,3.6574682588337923e-4,7.9919734323431063e-4,-5.2372976342015818e0,38.255348074186,arc-169,supported,supported,false
source:bto-bfo-medium:370023,bto-bfo-medium,370023,25271,arc1-current-polar-best-glide-equal-feed,431,-38.513680802958,88.668873296831,1394238975.707184,5.6260339838198469e-4,1.2293507679676883e-3,-5.2372976342015818e0,31.112357331240,arc-169,supported,supported,false
source:bto-bfo-medium:370023,bto-bfo-medium,370023,25334,arc1-current-polar-best-glide-equal-feed,432,-37.577056663979,89.909100526282,1394239006.386808,2.3550383717103854e-5,6.7773710045321069e-7,-9.5671021134964036e0,21.721641493089,arc-167,supported,supported,false
source:bto-bfo-medium:370023,bto-bfo-medium,370023,25390,arc1-current-polar-best-glide-equal-feed,433,-38.094843798766,89.143719199466,1394238951.124996,1.6317430414127269e-4,1.5692469543726210e-4,-6.0580171123982325e0,24.249420693549,arc-168,supported,supported,false
source:bto-bfo-medium:370023,bto-bfo-medium,370023,25447,arc1-current-polar-best-glide-equal-feed,434,-37.656007051519,90.035474182805,1394239004.211903,2.7783278910882293e-4,7.9955210566139448e-6,-9.5671021134964036e0,29.375741724887,arc-167,supported,supported,false
source:bto-bfo-medium:370023,bto-bfo-medium,370023,25505,arc1-current-polar-best-glide-equal-feed,435,-38.079094834822,89.297031749182,1394238981.160750,2.7066684515164943e-4,2.6030025048315119e-4,-6.0580171123982325e0,27.569077865116,arc-168,supported,supported,false
source:bto-bfo-medium:370023,bto-bfo-medium,370023,25558,arc1-current-polar-best-glide-equal-feed,436,-37.618420399636,90.065064873859,1394239058.292422,8.7564896742820222e-5,2.5199580581297567e-6,-9.5671021134964036e0,29.229505961483,arc-167,supported,supported,false
source:bto-bfo-medium:370023,bto-bfo-medium,370023,25609,arc1-current-polar-best-glide-equal-feed,437,-38.139607386545,89.775690188799,1394239155.975263,7.4572050832920724e-4,7.1715926270821541e-4,-6.0580171123982325e0,47.570103137906,arc-168,supported,supported,false
source:bto-bfo-medium:370023,bto-bfo-medium,370023,25663,arc1-current-polar-best-glide-equal-feed,438,-38.568886167237,88.526061958940,1394239014.969701,2.9553210569151044e-4,6.4577039906945602e-4,-5.2372976342015818e0,30.507776472653,arc-169,supported,supported,false
source:bto-bfo-medium:370023,bto-bfo-medium,370023,25724,arc1-current-polar-best-glide-equal-feed,439,-39.099772339177,86.742565376784,1394238677.537591,1.4043392614172340e-4,2.0287329237734230e-10,-1.9466630226633967e1,19.318909869628,arc-171,supported,supported,false
source:bto-bfo-medium:370023,bto-bfo-medium,370023,25787,arc1-current-polar-best-glide-equal-feed,440,-37.892606949749,89.355355697327,1394238916.300090,9.2254806239328759e-5,8.8721428584713786e-5,-6.0580171123982325e0,23.058562088297,arc-168,supported,supported,false
source:bto-bfo-medium:370023,bto-bfo-medium,370023,25856,arc1-current-polar-best-glide-equal-feed,441,-38.308748016385,88.958598669836,1394238965.472692,4.4507310686668096e-4,4.2802671725752537e-4,-6.0580171123982325e0,34.542345793928,arc-168,supported,supported,false
source:bto-bfo-medium:370023,bto-bfo-medium,370023,25916,arc1-current-polar-best-glide-equal-feed,442,-37.873292778663,89.709422754768,1394238960.526022,5.1793440733487303e-4,1.4905207816089717e-5,-9.5671021134964036e0,31.997981519886,arc-167,supported,supported,false
source:bto-bfo-medium:370023,bto-bfo-medium,370023,25978,arc1-current-polar-best-glide-equal-feed,443,-38.176119199183,89.037627262339,1394238940.083281,2.3737324209351668e-4,2.2828179912586362e-4,-6.0580171123982325e0,27.165765467099,arc-168,supported,supported,false
source:bto-bfo-medium:370023,bto-bfo-medium,370023,26039,arc1-current-polar-best-glide-equal-feed,444,-37.773487950358,89.729834484411,1394238970.650334,1.7725345230909460e-4,5.1010311448148485e-6,-9.5671021134964036e0,26.520620198441,arc-167,supported,supported,false
source:bto-bfo-medium:370023,bto-bfo-medium,370023,26096,arc1-current-polar-best-glide-equal-feed,445,-38.202117471341,89.089351549118,1394238995.110492,2.2964876907472274e-4,2.2085317497902413e-4,-6.0580171123982325e0,29.295200985299,arc-168,supported,supported,false
source:bto-bfo-medium:370023,bto-bfo-medium,370023,26152,arc1-current-polar-best-glide-equal-feed,446,-38.248201998285,89.390796756848,1394239058.503946,7.8379912176023997e-4,7.5377945757765165e-4,-6.0580171123982325e0,38.257472578767,arc-168,supported,supported,false
source:bto-bfo-medium:370023,bto-bfo-medium,370023,26208,arc1-current-polar-best-glide-equal-feed,447,-38.625787373614,87.810940787011,1394238758.316666,1.4560471752857114e-4,6.3130141118400678e-4,-4.5520762908770394e0,13.709222975959,arc-170,supported,supported,false
source:bto-bfo-medium:370023,bto-bfo-medium,370023,26260,arc1-current-polar-best-glide-equal-feed,448,-37.769014638371,89.909422743218,1394239051.083612,2.0755984186216099e-4,5.9731937739945632e-6,-9.5671021134964036e0,30.175963110608,arc-167,supported,supported,false
source:bto-bfo-medium:370023,bto-bfo-medium,370023,26320,arc1-current-polar-best-glide-equal-feed,449,-38.009114909799,89.476521933534,1394239046.178354,1.6510123666613677e-4,1.5877782605843330e-4,-6.0580171123982325e0,31.413854257626,arc-168,supported,supported,false
source:bto-bfo-medium:370023,bto-bfo-medium,370023,26372,arc1-current-polar-best-glide-equal-feed,450,-38.144912694983,89.234092679462,1394239023.041839,2.1922227450318457e-4,2.1082601724896680e-4,-6.0580171123982325e0,28.967925231087,arc-168,supported,supported,false
source:bto-bfo-medium:370023,bto-bfo-medium,370023,26432,arc1-current-polar-best-glide-equal-feed,451,-38.435067247395,89.096384810662,1394239100.106062,6.2105561548956472e-4,5.9726906036580111e-4,-6.0580171123982325e0,42.947554251777,arc-168,supported,supported,false
source:bto-bfo-medium:370023,bto-bfo-medium,370023,26495,arc1-current-polar-best-glide-equal-feed,452,-38.195702078310,89.180079150222,1394239078.992604,1.0542598901099956e-4,1.0138815240419166e-4,-6.0580171123982325e0,30.449526131793,arc-168,supported,supported,false
source:bto-bfo-medium:370023,bto-bfo-medium,370023,26547,arc1-current-polar-best-glide-equal-feed,453,-37.758309921576,89.861496085382,1394239030.122549,1.7735445257757078e-4,5.1039377483727399e-6,-9.5671021134964036e0,28.389623839539,arc-167,supported,supported,false
source:bto-bfo-medium:370023,bto-bfo-medium,370023,26602,arc1-current-polar-best-glide-equal-feed,454,-38.354072890524,88.939301077189,1394239035.211290,2.7640483847802817e-4,6.0397520070122200e-4,-5.2372976342015818e0,35.193354504506,arc-169,supported,supported,false
source:bto-bfo-medium:370023,bto-bfo-medium,370023,26662,arc1-current-polar-best-glide-equal-feed,455,-37.908172840629,89.742374648717,1394239059.754719,2.8044160131331667e-4,8.0705979148231002e-6,-9.5671021134964036e0,34.420911765998,arc-167,supported,supported,false
source:bto-bfo-medium:370023,bto-bfo-medium,370023,26719,arc1-current-polar-best-glide-equal-feed,456,-38.369923444716,89.318762577700,1394239088.636662,9.0054806076130618e-4,8.6605688870739677e-4,-6.0580171123982325e0,42.713314233191,arc-168,supported,supported,false
source:bto-bfo-medium:370023,bto-bfo-medium,370023,26776,arc1-current-polar-best-glide-equal-feed,457,-38.128963249218,88.582253144180,1394238683.404262,1.6024749944829359e-4,3.5015854343970067e-4,-5.2372976342015818e0,15.089255620113,arc-169,supported,supported,false
source:bto-bfo-medium:370023,bto-bfo-medium,370023,26836,arc1-current-polar-best-glide-equal-feed,458,-38.195567727244,88.341350777008,1394238708.552169,3.3447974150202663e-5,7.3087529913206726e-5,-5.2372976342015818e0,6.586889944071,arc-169,supported,supported,false
source:bto-bfo-medium:370023,bto-bfo-medium,370023,26895,arc1-current-polar-best-glide-equal-feed,459,-38.093202268595,89.727535928872,1394239094.717213,7.7720438049323369e-4,7.4743729622903305e-4,-6.0580171123982325e0,44.213828995090,arc-168,supported,supported,false
source:bto-bfo-medium:370023,bto-bfo-medium,370023,26955,arc1-current-polar-best-glide-equal-feed,460,-38.229324580153,88.950038175935,1394238931.056483,2.8469439578859227e-4,2.7379054310622996e-4,-6.0580171123982325e0,29.757878521810,arc-168,supported,supported,false
source:bto-bfo-medium:370023,bto-bfo-medium,370023,27022,arc1-current-polar-best-glide-equal-feed,461,-38.424821227858,89.221150473987,1394239151.942205,5.8240863451477771e-4,5.6010226654397812e-4,-6.0580171123982325e0,43.937619288725,arc-168,supported,supported,false
source:bto-bfo-medium:370023,bto-bfo-medium,370023,27076,arc1-current-polar-best-glide-equal-feed,462,-37.974526347510,89.784524746646,1394239099.951953,4.1867800640433010e-4,1.2048789586299617e-5,-9.5671021134964036e0,38.804259811422,arc-167,supported,supported,false
source:bto-bfo-medium:370023,bto-bfo-medium,370023,27137,arc1-current-polar-best-glide-equal-feed,463,-38.168324633924,89.204873191268,1394238985.977393,3.7821531101563143e-4,3.6372958844949212e-4,-6.0580171123982325e0,29.496827240103,arc-168,supported,supported,false
source:bto-bfo-medium:370023,bto-bfo-medium,370023,27194,arc1-current-polar-best-glide-equal-feed,464,-37.740839696185,89.831809821944,1394239030.026831,1.0558421851309839e-4,3.0385212813630275e-6,-9.5671021134964036e0,26.763927499978,arc-167,supported,supported,false
source:bto-bfo-medium:370023,bto-bfo-medium,370023,27253,arc1-current-polar-best-glide-equal-feed,465,-38.082728310088,89.782413245346,1394239169.910180,4.4875736153802634e-4,1.2914418578875566e-5,-9.5671021134964036e0,45.035494549279,arc-167,supported,supported,false
source:bto-bfo-medium:370023,bto-bfo-medium,370023,27310,arc1-current-polar-best-glide-equal-feed,466,-38.239111959206,88.943637705011,1394238973.372911,1.6526449956342354e-4,1.5893483595388048e-4,-6.0580171123982325e0,30.328142262412,arc-168,supported,supported,false
source:bto-bfo-medium:370023,bto-bfo-medium,370023,27372,arc1-current-polar-best-glide-equal-feed,467,-39.085276843094,87.125850474793,1394238867.274512,1.1515960832510595e-4,1.6636157324421875e-10,-1.9466630226633967e1,18.574644108725,arc-171,supported,supported,false
source:bto-bfo-medium:370023,bto-bfo-medium,370023,27437,arc1-current-polar-best-glide-equal-feed,468,-38.302247742097,89.131533962307,1394238999.429529,6.8238355858223846e-4,6.5624813088954877e-4,-6.0580171123982325e0,35.625449025021,arc-168,supported,supported,false
source:bto-bfo-medium:370023,bto-bfo-medium,370023,27498,arc1-current-polar-best-glide-equal-feed,469,-38.066802719321,89.550464724651,1394239085.546455,3.0460581465108612e-4,2.9293935061709513e-4,-6.0580171123982325e0,36.221612498924,arc-168,supported,supported,false
source:bto-bfo-medium:370023,bto-bfo-medium,370023,27553,arc1-current-polar-best-glide-equal-feed,470,-38.107011865922,89.676211904492,1394239138.611958,4.6880345982317287e-4,4.5084819291764020e-4,-6.0580171123982325e0,42.534179120562,arc-168,supported,supported,false
source:bto-bfo-medium:370023,bto-bfo-medium,370023,27608,arc1-current-polar-best-glide-equal-feed,471,-37.981771392113,89.730053603175,1394239079.364908,4.2928471757474641e-4,1.2354031392986733e-5,-9.5671021134964036e0,38.560000750803,arc-167,supported,supported,false
source:bto-bfo-medium:370023,bto-bfo-medium,370023,27665,arc1-current-polar-best-glide-equal-feed,472,-37.973423602387,89.950712890241,1394239132.659712,6.4024191374310033e-4,1.8424994829011004e-5,-9.5671021134964036e0,41.719305094987,arc-167,supported,supported,false
source:bto-bfo-medium:370023,bto-bfo-medium,370023,27727,arc1-current-polar-best-glide-equal-feed,473,-38.776081074803,87.982683086441,1394238960.421610,2.0425626048666847e-4,8.8559812949123265e-4,-4.5520762908770394e0,25.789292034006,arc-170,supported,supported,false
source:bto-bfo-medium:370023,bto-bfo-medium,370023,27785,arc1-current-polar-best-glide-equal-feed,474,-38.006367328438,89.545285624765,1394239048.546234,2.5786223361532861e-4,2.4798605814689990e-4,-6.0580171123982325e0,34.152343423266,arc-168,supported,supported,false
source:bto-bfo-medium:370023,bto-bfo-medium,370023,27844,arc1-current-polar-best-glide-equal-feed,475,-38.611195914639,88.469957458097,1394238977.445678,4.9654350361285715e-4,1.0850025777508336e-3,-5.2372976342015818e0,31.949525717401,arc-169,supported,supported,false
source:bto-bfo-medium:370023,bto-bfo-medium,370023,27907,arc1-current-polar-best-glide-equal-feed,476,-37.565008261619,89.963009480268,1394238962.283391,8.0668821878858584e-5,2.3215015981861654e-6,-9.5671021134964036e0,23.411728645195,arc-167,supported,supported,false
source:bto-bfo-medium:370023,bto-bfo-medium,370023,27959,arc1-current-polar-best-glide-equal-feed,477,-38.198757433936,89.347219234540,1394239023.890545,6.6790178386235874e-4,6.4232101105736830e-4,-6.0580171123982325e0,34.648465886550,arc-168,supported,supported,false
source:bto-bfo-medium:370023,bto-bfo-medium,370023,28011,arc1-current-polar-best-glide-equal-feed,478,-37.896683264488,89.498576179256,1394238961.192602,1.6410056437617145e-4,1.5781547971866031e-4,-6.0580171123982325e0,29.462623647460,arc-168,supported,supported,false
source:bto-bfo-medium:370023,bto-bfo-medium,370023,28072,arc1-current-polar-best-glide-equal-feed,479,-37.589556902456,90.189349812317,1394239058.096485,1.8262875170415400e-4,5.2557224598200318e-6,-9.5671021134964036e0,33.609768459309,arc-167,supported,supported,false
source:bto-bfo-medium:370023,bto-bfo-medium,370023,28121,arc1-current-polar-best-glide-equal-feed,480,-37.893409867767,89.852010273554,1394239052.040234,5.1162115673161724e-4,1.4723523975618917e-5,-9.5671021134964036e0,35.357575987017,arc-167,supported,supported,false
source:bto-bfo-medium:370023,bto-bfo-medium,370023,28171,arc1-current-polar-best-glide-equal-feed,481,-38.082124181316,89.584717239706,1394239101.106184,3.6590992563730659e-4,3.5189550180886558e-4,-6.0580171123982325e0,38.080146619981,arc-168,supported,supported,false
source:bto-bfo-medium:370023,bto-bfo-medium,370023,28229,arc1-current-polar-best-glide-equal-feed,482,-38.127835277575,89.286813613277,1394239053.730398,1.5471048604917410e-4,1.4878504328229408e-4,-6.0580171123982325e0,29.530634595858,arc-168,supported,supported,false
source:bto-bfo-medium:370023,bto-bfo-medium,370023,28284,arc1-current-polar-best-glide-equal-feed,483,-37.796078616788,90.224238043548,1394239131.982785,6.2988491557357154e-4,1.8126939307150536e-5,-9.5671021134964036e0,41.626914132424,arc-167,supported,supported,false
source:bto-bfo-medium:370023,bto-bfo-medium,370023,28337,arc1-current-polar-best-glide-equal-feed,484,-38.332241309608,88.981117246041,1394239057.013096,2.0675776501432471e-4,1.9883890098327861e-4,-6.0580171123982325e0,36.030714113379,arc-168,supported,supported,false
source:bto-bfo-medium:370023,bto-bfo-medium,370023,28396,arc1-current-polar-best-glide-equal-feed,485,-38.446176567809,88.731331730744,1394238939.572420,6.0272318008082763e-4,1.3170169366826547e-3,-5.2372976342015818e0,30.104971685405,arc-169,supported,supported,false
source:bto-bfo-medium:370023,bto-bfo-medium,370023,28456,arc1-current-polar-best-glide-equal-feed,486,-38.857881252674,88.092131137407,1394239042.495437,3.4955817823786102e-4,1.5155866853638874e-3,-4.5520762908770394e0,32.878248716404,arc-170,supported,supported,false
source:bto-bfo-medium:370023,bto-bfo-medium,370023,28524,arc1-current-polar-best-glide-equal-feed,487,-38.034285623277,89.696426752230,1394239082.604748,5.2661594157355157e-4,5.0644644497634637e-4,-6.0580171123982325e0,41.285809639267,arc-168,supported,supported,false
source:bto-bfo-medium:370023,bto-bfo-medium,370023,28594,arc1-current-polar-best-glide-equal-feed,488,-37.713199034986,89.216054025505,1394238663.950548,1.1352416929509839e-4,1.0917617075282833e-4,-6.0580171123982325e0,14.483436085113,arc-168,supported,supported,false
source:bto-bfo-medium:370023,bto-bfo-medium,370023,28654,arc1-current-polar-best-glide-equal-feed,489,-38.253824339219,88.841276404734,1394238902.318356,2.5531642459880529e-4,5.5789467955221698e-4,-5.2372976342015818e0,28.673502985716,arc-169,supported,supported,false
source:bto-bfo-medium:370023,bto-bfo-medium,370023,28717,arc1-current-polar-best-glide-equal-feed,490,-37.630801292532,90.059638335930,1394239012.031835,2.1747499359695048e-4,6.2585337611477110e-6,-9.5671021134964036e0,29.421040598110,arc-167,supported,supported,false
source:bto-bfo-medium:370023,bto-bfo-medium,370023,28781,arc1-current-polar-best-glide-equal-feed,491,-38.625971988286,88.742359518473,1394239100.565620,5.6358494994555712e-4,1.2314955669005562e-3,-5.2372976342015818e0,38.577178615082,arc-169,supported,supported,false
source:bto-bfo-medium:370023,bto-bfo-medium,370023,28843,arc1-current-polar-best-glide-equal-feed,492,-38.634214072245,88.640959254883,1394239066.458028,5.4204367411015721e-4,1.1844254921953327e-3,-5.2372976342015818e0,36.433418637417,arc-169,supported,supported,false
source:bto-bfo-medium:370023,bto-bfo-medium,370023,28908,arc1-current-polar-best-glide-equal-feed,493,-37.818196210118,89.223669269865,1394238779.949073,9.2214781173058391e-5,8.8682936486540688e-5,-6.0580171123982325e0,15.606876295524,arc-168,supported,supported,false
source:bto-bfo-medium:370023,bto-bfo-medium,370023,28971,arc1-current-polar-best-glide-equal-feed,494,-37.880562281590,89.012480367215,1394238714.837769,1.0141210112962931e-4,9.7527997236880262e-5,-6.0580171123982325e0,9.970306467014,arc-168,supported,supported,false
source:bto-bfo-medium:370023,bto-bfo-medium,370023,29029,arc1-current-polar-best-glide-equal-feed,495,-38.034036654857,89.474021729224,1394239066.054681,1.5838185756420969e-4,1.5231580052906720e-4,-6.0580171123982325e0,32.122133915045,arc-168,supported,supported,false
source:bto-bfo-medium:370023,bto-bfo-medium,370023,29092,arc1-current-polar-best-glide-equal-feed,496,-37.950379302548,89.454520620541,1394238979.005028,1.8089971312224839e-4,1.7397121768522776e-4,-6.0580171123982325e0,28.789893634663,arc-168,supported,supported,false
source:bto-bfo-medium:370023,bto-bfo-medium,370023,29154,arc1-current-polar-best-glide-equal-feed,497,-38.700023676324,87.777358885211,1394238759.733471,2.9390019806778812e-4,1.2742692196840836e-3,-4.5520762908770394e0,16.317196003454,arc-170,supported,supported,false
source:bto-bfo-medium:370023,bto-bfo-medium,370023,29223,arc1-current-polar-best-glide-equal-feed,498,-37.904073271058,89.007712463713,1394238715.118056,1.3856135088380708e-4,1.3325442324541384e-4,-6.0580171123982325e0,11.137225388647,arc-168,supported,supported,false
source:bto-bfo-medium:370023,bto-bfo-medium,370023,29280,arc1-current-polar-best-glide-equal-feed,499,-37.972754414973,89.487323175881,1394238966.730779,3.4604755340916408e-4,3.3279386243638019e-4,-6.0580171123982325e0,30.783746063930,arc-168,supported,supported,false
source:bto-bfo-medium:370023,bto-bfo-medium,370023,29334,arc1-current-polar-best-glide-equal-feed,500,-38.215640443949,89.376207791510,1394239049.076983,6.7254164167787102e-4,6.4678316138430398e-4,-6.0580171123982325e0,36.281007926999,arc-168,supported,supported,false
source:bto-bfo-medium:370023,bto-bfo-medium,370023,29385,arc1-current-polar-best-glide-equal-feed,501,-37.961445856745,89.594155432476,1394239041.327282,2.3951251140344904e-4,2.3033913399048039e-4,-6.0580171123982325e0,35.080201079118,arc-168,supported,supported,false
source:bto-bfo-medium:370023,bto-bfo-medium,370023,29436,arc1-current-polar-best-glide-equal-feed,502,-37.797148428324,89.816693238946,1394239036.641647,1.8115899610527704e-4,5.2134255737088084e-6,-9.5671021134964036e0,29.411197044911,arc-167,supported,supported,false
source:bto-bfo-medium:370023,bto-bfo-medium,370023,29490,arc1-current-polar-best-glide-equal-feed,503,-38.454082622084,88.739128662308,1394239028.315100,2.6409810852209338e-4,5.7708363202956024e-4,-5.2372976342015818e0,30.696777645988,arc-169,supported,supported,false
source:bto-bfo-medium:370023,bto-bfo-medium,370023,29547,arc1-current-polar-best-glide-equal-feed,504,-38.054484445546,89.454586885727,1394238974.722302,5.6248051177391618e-4,5.4093739491665007e-4,-6.0580171123982325e0,32.079870243956,arc-168,supported,supported,false
source:bto-bfo-medium:370023,bto-bfo-medium,370023,29604,arc1-current-polar-best-glide-equal-feed,505,-38.041919861399,89.892318517933,1394239074.649789,9.4841926955077584e-4,2.7293777183446272e-5,-9.5671021134964036e0,44.314009348481,arc-167,supported,supported,false
source:bto-bfo-medium:370023,bto-bfo-medium,370023,29656,arc1-current-polar-best-glide-equal-feed,506,-38.174011283588,89.560657558892,1394239087.247754,7.4011816308630954e-4,7.1177148841616161e-4,-6.0580171123982325e0,40.475600878300,arc-168,supported,supported,false
source:bto-bfo-medium:370023,bto-bfo-medium,370023,29721,arc1-current-polar-best-glide-equal-feed,507,-38.073482407813,88.990374473612,1394238771.456699,4.3736157961111669e-4,4.2061054304857722e-4,-6.0580171123982325e0,20.680973686284,arc-168,supported,supported,false
source:bto-bfo-medium:370023,bto-bfo-medium,370023,29782,arc1-current-polar-best-glide-equal-feed,508,-38.164662728523,89.137747108474,1394238980.593028,2.5037178583904324e-4,2.4078249602865951e-4,-6.0580171123982325e0,27.941352373146,arc-168,supported,supported,false
source:bto-bfo-medium:370023,bto-bfo-medium,370023,29843,arc1-current-polar-best-glide-equal-feed,509,-38.371825451598,89.275161475492,1394239117.482525,6.8964049050195615e-4,6.6322712085554677e-4,-6.0580171123982325e0,41.930464065876,arc-168,supported,supported,false
source:bto-bfo-medium:370023,bto-bfo-medium,370023,29903,arc1-current-polar-best-glide-equal-feed,510,-38.040403090778,89.451214456325,1394239039.177888,2.2632418640833110e-4,2.1765592449816558e-4,-6.0580171123982325e0,31.453069154315,arc-168,supported,supported,false
source:bto-bfo-medium:370023,bto-bfo-medium,370023,29958,arc1-current-polar-best-glide-equal-feed,511,-38.416761205158,89.028946796642,1394239088.454863,4.4073584536254026e-4,9.6305666038557099e-4,-5.2372976342015818e0,40.640579904658,arc-169,supported,supported,false
source:bto-bfo-medium:370024,bto-bfo-medium,370024,17,arc1-current-polar-best-glide-equal-feed,0,-38.247361651134,88.965830614818,1394239016.796929,1.1110847651022960e-4,1.0685299948802330e-4,-6.0580171123982325e0,30.891238773016,arc-168,supported,supported,false
source:bto-bfo-medium:370024,bto-bfo-medium,370024,78,arc1-current-polar-best-glide-equal-feed,1,-37.786806261430,89.989333264279,1394239074.643216,3.1820448942014400e-4,9.1573449758348032e-6,-9.5671021134964036e0,33.313223956424,arc-167,supported,supported,false
source:bto-bfo-medium:370024,bto-bfo-medium,370024,136,arc1-current-polar-best-glide-equal-feed,2,-37.892538173619,89.646597593179,1394238984.320970,3.3343431514873948e-4,9.5956315894923661e-6,-9.5671021134964036e0,32.560279931196,arc-167,supported,supported,false
source:bto-bfo-medium:370024,bto-bfo-medium,370024,195,arc1-current-polar-best-glide-equal-feed,3,-38.245993383462,88.599931489114,1394238729.529066,4.0415698883575343e-4,8.8312780554411117e-4,-5.2372976342015818e0,17.984371919975,arc-169,supported,supported,false
source:bto-bfo-medium:370024,bto-bfo-medium,370024,255,arc1-current-polar-best-glide-equal-feed,4,-38.404251964343,88.782368509724,1394239024.733574,2.0549997719683177e-4,4.4904022178113664e-4,-5.2372976342015818e0,30.352230201199,arc-169,supported,supported,false
source:bto-bfo-medium:370024,bto-bfo-medium,370024,318,arc1-current-polar-best-glide-equal-feed,5,-38.043831122089,89.988155077989,1394239160.708289,8.2783483059625416e-4,2.3823576909917000e-5,-9.5671021134964036e0,46.288941306141,arc-167,supported,supported,false
source:bto-bfo-medium:370024,bto-bfo-medium,370024,373,arc1-current-polar-best-glide-equal-feed,6,-38.306125927187,89.164311217189,1394239061.762179,4.5528899695094615e-4,4.3785133669457826e-4,-6.0580171123982325e0,36.327018363858,arc-168,supported,supported,false
source:bto-bfo-medium:370024,bto-bfo-medium,370024,426,arc1-current-polar-best-glide-equal-feed,7,-37.921519522076,89.911261675623,1394239149.425969,2.6797021774650103e-4,7.7116942367028079e-6,-9.5671021134964036e0,38.093683081747,arc-167,supported,supported,false
source:bto-bfo-medium:370024,bto-bfo-medium,370024,486,arc1-current-polar-best-glide-equal-feed,8,-37.984686058709,89.755947254872,1394239064.981185,5.6247299247110135e-4,1.6186947082469206e-5,-9.5671021134964036e0,39.023222975324,arc-167,supported,supported,false
source:bto-bfo-medium:370024,bto-bfo-medium,370024,546,arc1-current-polar-best-glide-equal-feed,9,-37.651498480949,90.257749329116,1394239097.886175,3.4028239929084439e-4,9.7927069639695658e-6,-9.5671021134964036e0,38.165071983964,arc-167,supported,supported,false
source:bto-bfo-medium:370024,bto-bfo-medium,370024,612,arc1-current-polar-best-glide-equal-feed,10,-37.378167570098,89.765184236915,1394238679.212166,8.7969551777168848e-5,2.5316032921504772e-6,-9.5671021134964036e0,10.429564661491,arc-167,supported,supported,false
source:bto-bfo-medium:370024,bto-bfo-medium,370024,670,arc1-current-polar-best-glide-equal-feed,11,-37.684709416159,90.172170159612,1394239129.426385,1.5306425718684179e-4,4.4049102169614990e-6,-9.5671021134964036e0,35.666989002029,arc-167,supported,supported,false
source:bto-bfo-medium:370024,bto-bfo-medium,370024,729,arc1-current-polar-best-glide-equal-feed,12,-37.801715282001,89.802105519184,1394238901.586243,7.1837011341782675e-4,2.0673381952857401e-5,-9.5671021134964036e0,29.366232744986,arc-167,supported,supported,false
source:bto-bfo-medium:370024,bto-bfo-medium,370024,793,arc1-current-polar-best-glide-equal-feed,13,-38.055679407698,88.608581913334,1394238677.942857,7.1639345943177489e-5,1.5653990929530827e-4,-5.2372976342015818e0,16.524245526256,arc-169,supported,supported,false
source:bto-bfo-medium:370024,bto-bfo-medium,370024,860,arc1-current-polar-best-glide-equal-feed,14,-38.368894053637,89.169817287946,1394239079.417564,6.3390518628915157e-4,6.0962649001648219e-4,-6.0580171123982325e0,39.983089821382,arc-168,supported,supported,false
source:bto-bfo-medium:370024,bto-bfo-medium,370024,921,arc1-current-polar-best-glide-equal-feed,15,-37.991608822186,89.733377349368,1394239066.722843,5.2819047099707955e-4,1.5200358626878396e-5,-9.5671021134964036e0,39.170889931687,arc-167,supported,supported,false
source:bto-bfo-medium:370024,bto-bfo-medium,370024,971,arc1-current-polar-best-glide-equal-feed,16,-37.882393008422,89.933089704996,1394239055.476047,6.5107775827555738e-4,1.8736830676044580e-5,-9.5671021134964036e0,36.525768352014,arc-167,supported,supported,false
source:bto-bfo-medium:370024,bto-bfo-medium,370024,1029,arc1-current-polar-best-glide-equal-feed,17,-37.873727852297,89.982069959410,1394239111.178137,4.4041275441375895e-4,1.2674276001805174e-5,-9.5671021134964036e0,37.312246416098,arc-167,supported,supported,false
source:bto-bfo-medium:370024,bto-bfo-medium,370024,1084,arc1-current-polar-best-glide-equal-feed,18,-38.248693863197,89.185469909024,1394239013.726316,5.2089346344064310e-4,5.0094313890815777e-4,-6.0580171123982325e0,33.464616038542,arc-168,supported,supported,false
source:bto-bfo-medium:370024,bto-bfo-medium,370024,1137,arc1-current-polar-best-glide-equal-feed,19,-37.518810024758,90.290390795971,1394239064.897946,1.4993214728464203e-4,1.0883475280486212e-3,-4.0367312205080452e0,33.543989776155,arc-166,supported,supported,false
source:bto-bfo-medium:370024,bto-bfo-medium,370024,1197,arc1-current-polar-best-glide-equal-feed,20,-37.894148954620,89.950626017580,1394239128.511107,3.5580362239763383e-4,1.0239379462823308e-5,-9.5671021134964036e0,37.555405284276,arc-167,supported,supported,false
source:bto-bfo-medium:370024,bto-bfo-medium,370024,1254,arc1-current-polar-best-glide-equal-feed,21,-37.897682723965,90.123869891560,1394239162.215249,5.9458803293233465e-4,1.7111159386803207e-5,-9.5671021134964036e0,42.510259278828,arc-167,supported,supported,false
source:bto-bfo-medium:370024,bto-bfo-medium,370024,1309,arc1-current-polar-best-glide-equal-feed,22,-38.184493822092,89.297218397688,1394239047.810609,3.6343110933302137e-4,3.4951162466814772e-4,-6.0580171123982325e0,32.584248530138,arc-168,supported,supported,false
source:bto-bfo-medium:370024,bto-bfo-medium,370024,1369,arc1-current-polar-best-glide-equal-feed,23,-37.973176772099,89.524351331135,1394238945.101780,5.2691901310808432e-4,5.0673790881008301e-4,-6.0580171123982325e0,32.359662752423,arc-168,supported,supported,false
source:bto-bfo-medium:370024,bto-bfo-medium,370024,1429,arc1-current-polar-best-glide-equal-feed,24,-37.931675163992,89.598031313938,1394239050.292931,1.4557828243616858e-4,1.4000260490644979e-4,-6.0580171123982325e0,34.604415913868,arc-168,supported,supported,false
source:bto-bfo-medium:370024,bto-bfo-medium,370024,1482,arc1-current-polar-best-glide-equal-feed,25,-38.065862326909,89.489367532232,1394239061.029315,2.8693655947793729e-4,2.7594683147480991e-4,-6.0580171123982325e0,33.809927783861,arc-168,supported,supported,false
source:bto-bfo-medium:370024,bto-bfo-medium,370024,1542,arc1-current-polar-best-glide-equal-feed,26,-38.024537247037,89.429956617709,1394239001.076706,2.7739868045721790e-4,2.6677425514105130e-4,-6.0580171123982325e0,30.081865689679,arc-168,supported,supported,false
source:bto-bfo-medium:370024,bto-bfo-medium,370024,1608,arc1-current-polar-best-glide-equal-feed,27,-38.506641846841,88.437095926755,1394238917.427491,2.8305767724230734e-4,6.1851239060720770e-4,-5.2372976342015818e0,25.503793799642,arc-169,supported,supported,false
source:bto-bfo-medium:370024,bto-bfo-medium,370024,1673,arc1-current-polar-best-glide-equal-feed,28,-37.941166253495,90.020354876129,1394239128.268687,7.0996789545130722e-4,2.0431581440797414e-5,-9.5671021134964036e0,41.693680288337,arc-167,supported,supported,false
source:bto-bfo-medium:370024,bto-bfo-medium,370024,1737,arc1-current-polar-best-glide-equal-feed,29,-38.843279739926,87.932374393142,1394238965.047591,3.1012197337537928e-4,1.3446023092804607e-3,-4.5520762908770394e0,27.462915375725,arc-170,supported,supported,false
source:bto-bfo-medium:370024,bto-bfo-medium,370024,1791,arc1-current-polar-best-glide-equal-feed,30,-37.921639206084,89.060006534008,1394238753.131060,1.5153444945202303e-4,1.4573064952631354e-4,-6.0580171123982325e0,13.236597782451,arc-168,supported,supported,false
source:bto-bfo-medium:370024,bto-bfo-medium,370024,1847,arc1-current-polar-best-glide-equal-feed,31,-38.305652685921,89.256476659870,1394239050.158994,7.3434721241892478e-4,7.0622156632132690e-4,-6.0580171123982325e0,37.955794095820,arc-168,supported,supported,false
source:bto-bfo-medium:370024,bto-bfo-medium,370024,1907,arc1-current-polar-best-glide-equal-feed,32,-38.078903576095,89.543999382802,1394239099.890873,2.7194830115075791e-4,2.6153262645947108e-4,-6.0580171123982325e0,36.372250655896,arc-168,supported,supported,false
source:bto-bfo-medium:370024,bto-bfo-medium,370024,1967,arc1-current-polar-best-glide-equal-feed,33,-38.021174089774,89.887018449242,1394239149.175552,5.8492960587229004e-4,1.6833207467664833e-5,-9.5671021134964036e0,43.064768962767,arc-167,supported,supported,false
source:bto-bfo-medium:370024,bto-bfo-medium,370024,2024,arc1-current-polar-best-glide-equal-feed,34,-38.413004987768,88.603789730229,1394238934.321028,2.2757986313330552e-4,4.9728721924099440e-4,-5.2372976342015818e0,24.496855598600,arc-169,supported,supported,false
source:bto-bfo-medium:370024,bto-bfo-medium,370024,2082,arc1-current-polar-best-glide-equal-feed,35,-38.987830932317,87.747067641527,1394238991.565977,3.6438555448077396e-4,1.5798740498475978e-3,-4.5520762908770394e0,32.144241750779,arc-170,supported,supported,false
source:bto-bfo-medium:370024,bto-bfo-medium,370024,2150,arc1-current-polar-best-glide-equal-feed,36,-38.338472284944,88.939538227685,1394239049.588728,1.8374521217459828e-4,4.0150364954578532e-4,-5.2372976342015818e0,34.817523043111,arc-169,supported,supported,false
source:bto-bfo-medium:370024,bto-bfo-medium,370024,2203,arc1-current-polar-best-glide-equal-feed,37,-38.331919138968,89.416041950767,1394239116.988357,8.4239240305727004e-4,8.1012860440315656e-4,-6.0580171123982325e0,43.055464758424,arc-168,supported,supported,false
source:bto-bfo-medium:370024,bto-bfo-medium,370024,2260,arc1-current-polar-best-glide-equal-feed,38,-37.916353911458,89.447988229024,1394238973.363344,1.1651512324803122e-4,1.1205257056713041e-4,-6.0580171123982325e0,27.650738060592,arc-168,supported,supported,false
source:bto-bfo-medium:370024,bto-bfo-medium,370024,2317,arc1-current-polar-best-glide-equal-feed,39,-37.734901777305,89.828813267667,1394239024.414708,1.0378215345352665e-4,2.9866611349223909e-6,-9.5671021134964036e0,26.384443565319,arc-167,supported,supported,false
source:bto-bfo-medium:370024,bto-bfo-medium,370024,2378,arc1-current-polar-best-glide-equal-feed,40,-38.504338450214,88.676044846425,1394239004.707547,4.0849080570439053e-4,8.9259767563557089e-4,-5.2372976342015818e0,30.882732533310,arc-169,supported,supported,false
source:bto-bfo-medium:370024,bto-bfo-medium,370024,2432,arc1-current-polar-best-glide-equal-feed,41,-38.163712899838,89.329590057547,1394239037.733704,3.9539945005012846e-4,3.8025557149891451e-4,-6.0580171123982325e0,32.468308869899,arc-168,supported,supported,false
source:bto-bfo-medium:370024,bto-bfo-medium,370024,2495,arc1-current-polar-best-glide-equal-feed,42,-38.368026529273,89.250876577469,1394239124.807225,5.6990660780634206e-4,5.4807906997577760e-4,-6.0580171123982325e0,41.263772962316,arc-168,supported,supported,false
source:bto-bfo-medium:370024,bto-bfo-medium,370024,2559,arc1-current-polar-best-glide-equal-feed,43,-38.626109853834,88.500574883025,1394239032.209633,3.7443760579943268e-4,8.1818766038270442e-4,-5.2372976342015818e0,33.257445174247,arc-169,supported,supported,false
source:bto-bfo-medium:370024,bto-bfo-medium,370024,2617,arc1-current-polar-best-glide-equal-feed,44,-38.297306181806,88.885432961144,1394238941.352659,3.4126306656848278e-4,7.4569761606759291e-4,-5.2372976342015818e0,31.515841513785,arc-169,supported,supported,false
source:bto-bfo-medium:370024,bto-bfo-medium,370024,2675,arc1-current-polar-best-glide-equal-feed,45,-37.937157572703,89.846981704941,1394239092.826603,4.6227502704450233e-4,1.3303432343377502e-5,-9.5671021134964036e0,37.678200861096,arc-167,supported,supported,false
source:bto-bfo-medium:370024,bto-bfo-medium,370024,2731,arc1-current-polar-best-glide-equal-feed,46,-38.787541928416,88.019735467189,1394238962.621741,2.8857445325153661e-4,1.2511782767862633e-3,-4.5520762908770394e0,27.493956936271,arc-170,supported,supported,false
source:bto-bfo-medium:370024,bto-bfo-medium,370024,2784,arc1-current-polar-best-glide-equal-feed,47,-38.188298003867,89.429742616392,1394239072.426941,5.5561143717238251e-4,5.3433140725545449e-4,-6.0580171123982325e0,36.634478671546,arc-168,supported,supported,false
source:bto-bfo-medium:370024,bto-bfo-medium,370024,2839,arc1-current-polar-best-glide-equal-feed,48,-37.601869407503,89.425963686080,1394238695.108169,8.5195359949538803e-5,2.4517671099487633e-6,-9.5671021134964036e0,15.882756299856,arc-167,supported,supported,false
source:bto-bfo-medium:370024,bto-bfo-medium,370024,2898,arc1-current-polar-best-glide-equal-feed,49,-38.001776086833,89.419664454661,1394238972.019592,2.8809291974032122e-4,2.7705890290630962e-4,-6.0580171123982325e0,28.908318622875,arc-168,supported,supported,false
source:bto-bfo-medium:370024,bto-bfo-medium,370024,2961,arc1-current-polar-best-glide-equal-feed,50,-38.574708253323,88.396673322663,1394239007.496486,1.3586140201176199e-4,2.9687221829919632e-4,-5.2372976342015818e0,28.936170187358,arc-169,supported,supported,false
source:bto-bfo-medium:370024,bto-bfo-medium,370024,3017,arc1-current-polar-best-glide-equal-feed,51,-37.896814986210,90.081044612322,1394239088.880058,8.6611795836985571e-4,2.4925295519907877e-5,-9.5671021134964036e0,41.187915543473,arc-167,supported,supported,false
source:bto-bfo-medium:370024,bto-bfo-medium,370024,3073,arc1-current-polar-best-glide-equal-feed,52,-38.129120644198,89.596575033673,1394239129.630952,4.1286321804204001e-4,3.9705047366037901e-4,-6.0580171123982325e0,40.140293861662,arc-168,supported,supported,false
source:bto-bfo-medium:370024,bto-bfo-medium,370024,3128,arc1-current-polar-best-glide-equal-feed,53,-38.207767780354,89.500741425850,1394239139.227624,4.3963626498908859e-4,4.2279810751856100e-4,-6.0580171123982325e0,39.785401733557,arc-168,supported,supported,false
source:bto-bfo-medium:370024,bto-bfo-medium,370024,3182,arc1-current-polar-best-glide-equal-feed,54,-37.556408091427,90.185631830528,1394239055.184236,1.1952319611521581e-4,3.4396596397363686e-6,-9.5671021134964036e0,32.670165284360,arc-167,supported,supported,false
source:bto-bfo-medium:370024,bto-bfo-medium,370024,3238,arc1-current-polar-best-glide-equal-feed,55,-37.664060899957,90.055108762440,1394239049.832237,1.7652922572725010e-4,5.0801892243796520e-6,-9.5671021134964036e0,30.410475378606,arc-167,supported,supported,false
source:bto-bfo-medium:370024,bto-bfo-medium,370024,3300,arc1-current-polar-best-glide-equal-feed,56,-37.879339999005,89.592889494569,1394238870.731890,6.5680667977550651e-4,1.8901698590416595e-5,-9.5671021134964036e0,31.502516428328,arc-167,supported,supported,false
source:bto-bfo-medium:370024,bto-bfo-medium,370024,3363,arc1-current-polar-best-glide-equal-feed,57,-37.982746711037,89.577201931576,1394238978.657689,5.4475108861768405e-4,5.2388701223714902e-4,-6.0580171123982325e0,34.863809856068,arc-168,supported,supported,false
source:bto-bfo-medium:370024,bto-bfo-medium,370024,3420,arc1-current-polar-best-glide-equal-feed,58,-38.635050714501,88.299006867978,1394238930.222637,4.2010000734923777e-4,9.1796506765387130e-4,-5.2372976342015818e0,31.922249923476,arc-169,supported,supported,false
source:bto-bfo-medium:370024,bto-bfo-medium,370024,3480,arc1-current-polar-best-glide-equal-feed,59,-38.671097831689,88.181519440722,1394238986.542692,1.4089839978820808e-4,6.1089613118070940e-4,-4.5520762908770394e0,29.789102569380,arc-170,supported,supported,false
source:bto-bfo-medium:370024,bto-bfo-medium,370024,3541,arc1-current-polar-best-glide-equal-feed,60,-37.757682764293,90.105732214529,1394239099.760544,3.5533300666233767e-4,1.0225836000105286e-5,-9.5671021134964036e0,35.857088655092,arc-167,supported,supported,false
source:bto-bfo-medium:370024,bto-bfo-medium,370024,3603,arc1-current-polar-best-glide-equal-feed,61,-38.511960208463,88.424390579698,1394238961.108855,1.4748315866691282e-4,3.2226704440624165e-4,-5.2372976342015818e0,25.624094529167,arc-169,supported,supported,false
source:bto-bfo-medium:370024,bto-bfo-medium,370024,3664,arc1-current-polar-best-glide-equal-feed,62,-38.249852217179,88.368080280239,1394238721.721488,8.7079900091912649e-5,1.9027923108963971e-4,-5.2372976342015818e0,10.028404694201,arc-169,supported,supported,false
source:bto-bfo-medium:370024,bto-bfo-medium,370024,3731,arc1-current-polar-best-glide-equal-feed,63,-37.839616404460,89.384216379399,1394238914.582123,5.3126159363431257e-5,5.1091416762777049e-5,-6.0580171123982325e0,23.264202336544,arc-168,supported,supported,false
source:bto-bfo-medium:370024,bto-bfo-medium,370024,3800,arc1-current-polar-best-glide-equal-feed,64,-38.445304827648,88.548270474162,1394238843.815094,6.1060142145293386e-4,1.3342317670745200e-3,-5.2372976342015818e0,24.470542619975,arc-169,supported,supported,false
source:bto-bfo-medium:370024,bto-bfo-medium,370024,3857,arc1-current-polar-best-glide-equal-feed,65,-37.695945813535,89.397218811210,1394238763.827129,8.8107954306417284e-5,2.5355862645722767e-6,-9.5671021134964036e0,21.652632535409,arc-167,supported,supported,false
source:bto-bfo-medium:370024,bto-bfo-medium,370024,3913,arc1-current-polar-best-glide-equal-feed,66,-38.005958334019,89.944617008116,1394239165.489931,5.6457531955505494e-4,1.6247448222459046e-5,-9.5671021134964036e0,43.336248651734,arc-167,supported,supported,false
source:bto-bfo-medium:370024,bto-bfo-medium,370024,3972,arc1-current-polar-best-glide-equal-feed,67,-38.168864843879,88.934932956488,1394238895.589461,1.9187431674031971e-4,1.8452549177497347e-4,-6.0580171123982325e0,26.096196503218,arc-168,supported,supported,false
source:bto-bfo-medium:370024,bto-bfo-medium,370024,4034,arc1-current-polar-best-glide-equal-feed,68,-38.180438377467,89.411188927520,1394239076.630787,4.6156350233791298e-4,4.4388552726184208e-4,-6.0580171123982325e0,35.698771076045,arc-168,supported,supported,false
source:bto-bfo-medium:370024,bto-bfo-medium,370024,4089,arc1-current-polar-best-glide-equal-feed,69,-38.041910427225,89.835323201503,1394239128.391473,6.6196039441638493e-4,1.9050013100244961e-5,-9.5671021134964036e0,43.388376427196,arc-167,supported,supported,false
source:bto-bfo-medium:370024,bto-bfo-medium,370024,4147,arc1-current-polar-best-glide-equal-feed,70,-37.819986426753,89.779316031966,1394239028.323951,2.0882310469534188e-4,6.0095481748380843e-6,-9.5671021134964036e0,29.954678925035,arc-167,supported,supported,false
source:bto-bfo-medium:370024,bto-bfo-medium,370024,4201,arc1-current-polar-best-glide-equal-feed,71,-38.068111096436,89.991285255575,1394239163.470881,8.9405403781404294e-4,2.5729244946293799e-5,-9.5671021134964036e0,47.658309243942,arc-167,supported,supported,false
source:bto-bfo-medium:370024,bto-bfo-medium,370024,4257,arc1-current-polar-best-glide-equal-feed,72,-37.800428269440,89.627980750801,1394238962.699584,1.2511493330857144e-4,3.6005796399132301e-6,-9.5671021134964036e0,26.960626027285,arc-167,supported,supported,false
source:bto-bfo-medium:370024,bto-bfo-medium,370024,4309,arc1-current-polar-best-glide-equal-feed,73,-37.913890082083,89.748979606995,1394239036.097318,4.2133557334825055e-4,1.2125269517007734e-5,-9.5671021134964036e0,34.836303319122,arc-167,supported,supported,false
source:bto-bfo-medium:370024,bto-bfo-medium,370024,4365,arc1-current-polar-best-glide-equal-feed,74,-38.537265982201,88.691117906884,1394239006.879033,5.7755114477685190e-4,1.2620132502114217e-3,-5.2372976342015818e0,32.871625065722,arc-169,supported,supported,false
source:bto-bfo-medium:370024,bto-bfo-medium,370024,4429,arc1-current-polar-best-glide-equal-feed,75,-38.812229622501,88.100691449306,1394238971.674845,5.2102766759625277e-4,2.2590305273239696e-3,-4.5520762908770394e0,31.268560948633,arc-170,supported,supported,false
source:bto-bfo-medium:370024,bto-bfo-medium,370024,4487,arc1-current-polar-best-glide-equal-feed,76,-37.802437101757,90.004464865258,1394239076.621022,4.0073734553724679e-4,1.1532490080426172e-5,-9.5671021134964036e0,34.494273334471,arc-167,supported,supported,false
source:bto-bfo-medium:370024,bto-bfo-medium,370024,4541,arc1-current-polar-best-glide-equal-feed,77,-38.137317751698,89.118416617445,1394238936.263179,2.7333348844692798e-4,2.6286476080328774e-4,-6.0580171123982325e0,26.076041638279,arc-168,supported,supported,false
source:bto-bfo-medium:370024,bto-bfo-medium,370024,4595,arc1-current-polar-best-glide-equal-feed,78,-38.413974346092,88.878926540114,1394238996.965717,5.4855140870460725e-4,1.1986456134111391e-3,-5.2372976342015818e0,34.432708352823,arc-169,supported,supported,false
source:bto-bfo-medium:370024,bto-bfo-medium,370024,4650,arc1-current-polar-best-glide-equal-feed,79,-38.177655834884,89.135291632197,1394238997.338548,2.2758739455901156e-4,2.1887075152232568e-4,-6.0580171123982325e0,28.620401033163,arc-168,supported,supported,false
source:bto-bfo-medium:370024,bto-bfo-medium,370024,4707,arc1-current-polar-best-glide-equal-feed,80,-38.247167162179,88.741176086230,1394238940.981045,5.3406988627079002e-5,1.1670018821849245e-4,-5.2372976342015818e0,24.088247819870,arc-169,supported,supported,false
source:bto-bfo-medium:370024,bto-bfo-medium,370024,4772,arc1-current-polar-best-glide-equal-feed,81,-38.705412940661,88.123196921127,1394238935.661126,3.0241427800067026e-4,1.3111838936575230e-3,-4.5520762908770394e0,28.316496634454,arc-170,supported,supported,false
source:bto-bfo-medium:370024,bto-bfo-medium,370024,4837,arc1-current-polar-best-glide-equal-feed,82,-38.595391943724,88.422670481469,1394238888.861662,7.2778524901339432e-4,1.5902914155216383e-3,-5.2372976342015818e0,30.426375973712,arc-169,supported,supported,false
source:bto-bfo-medium:370024,bto-bfo-medium,370024,4906,arc1-current-polar-best-glide-equal-feed,83,-37.669586599261,89.242485627340,1394238669.920851,6.4589863027291763e-5,6.2116058268077252e-5,-6.0580171123982325e0,16.164453271598,arc-168,supported,supported,false
source:bto-bfo-medium:370024,bto-bfo-medium,370024,4965,arc1-current-polar-best-glide-equal-feed,84,-37.761297339126,89.917974180892,1394239062.339060,1.7311315164738003e-4,4.9818808413980504e-6,-9.5671021134964036e0,30.033262745279,arc-167,supported,supported,false
source:bto-bfo-medium:370024,bto-bfo-medium,370024,5019,arc1-current-polar-best-glide-equal-feed,85,-38.263748477607,89.406562384138,1394239065.344903,8.3131019473190034e-4,7.9947084688806840e-4,-6.0580171123982325e0,39.449918519824,arc-168,supported,supported,false
source:bto-bfo-medium:370024,bto-bfo-medium,370024,5074,arc1-current-polar-best-glide-equal-feed,86,-38.362452223957,88.616468052328,1394238920.652134,1.5422773121133427e-4,3.3700468278692722e-4,-5.2372976342015818e0,22.724141176360,arc-169,supported,supported,false
source:bto-bfo-medium:370024,bto-bfo-medium,370024,5131,arc1-current-polar-best-glide-equal-feed,87,-37.909181609077,89.475925277690,1394239015.115729,6.3934397180083122e-5,6.1485696894795653e-5,-6.0580171123982325e0,28.714031008153,arc-168,supported,supported,false
source:bto-bfo-medium:370024,bto-bfo-medium,370024,5185,arc1-current-polar-best-glide-equal-feed,88,-37.768922346992,90.026792772717,1394239039.657026,5.0849059081015135e-4,1.4633431996826600e-5,-9.5671021134964036e0,33.666907258328,arc-167,supported,supported,false
source:bto-bfo-medium:370024,bto-bfo-medium,370024,5241,arc1-current-polar-best-glide-equal-feed,89,-38.707035247987,87.663996342567,1394238744.082009,1.8552610632490346e-4,8.0438940937063610e-4,-4.5520762908770394e0,14.849060007470,arc-170,supported,supported,false
source:bto-bfo-medium:370024,bto-bfo-medium,370024,5298,arc1-current-polar-best-glide-equal-feed,90,-38.200291136434,89.167574663380,1394238995.510014,3.6497438174830848e-4,3.5099578943918904e-4,-6.0580171123982325e0,30.460481804811,arc-168,supported,supported,false
source:bto-bfo-medium:370024,bto-bfo-medium,370024,5358,arc1-current-polar-best-glide-equal-feed,91,-38.132002061293,89.182067081237,1394239007.792588,1.5481161454185786e-4,1.4888229853334543e-4,-6.0580171123982325e0,27.065978090476,arc-168,supported,supported,false
source:bto-bfo-medium:370024,bto-bfo-medium,370024,5420,arc1-current-polar-best-glide-equal-feed,92,-37.682760095281,90.410774718559,1394239138.302881,6.0718439010991766e-4,4.4075112776933356e-3,-4.0367312205080452e0,44.391997848476,arc-166,supported,supported,false
source:bto-bfo-medium:370024,bto-bfo-medium,370024,5476,arc1-current-polar-best-glide-equal-feed,93,-37.488643391504,90.107644702984,1394238972.136664,8.6761153844519323e-5,2.4968278031008890e-6,-9.5671021134964036e0,27.831568178805,arc-167,supported,supported,false
source:bto-bfo-medium:370024,bto-bfo-medium,370024,5537,arc1-current-polar-best-glide-equal-feed,94,-38.157029848234,89.184089435581,1394238940.849587,4.7865275184777071e-4,4.6032025507452526e-4,-6.0580171123982325e0,28.441788996622,arc-168,supported,supported,false
source:bto-bfo-medium:370024,bto-bfo-medium,370024,5598,arc1-current-polar-best-glide-equal-feed,95,-38.397563933457,88.239227968090,1394238670.721339,4.4057716728265143e-4,9.6270993119777814e-4,-5.2372976342015818e0,17.661703585648,arc-169,supported,supported,false
source:bto-bfo-medium:370024,bto-bfo-medium,370024,5667,arc1-current-polar-best-glide-equal-feed,96,-38.224724740751,89.461367781439,1394239114.664200,5.4906428737423155e-4,5.2803501461285058e-4,-6.0580171123982325e0,39.259001525674,arc-168,supported,supported,false
source:bto-bfo-medium:370024,bto-bfo-medium,370024,5728,arc1-current-polar-best-glide-equal-feed,97,-37.397145174081,89.674743772413,1394238680.343246,4.6579259845934153e-5,1.3404661634584321e-6,-9.5671021134964036e0,6.517044563771,arc-167,supported,supported,false
source:bto-bfo-medium:370024,bto-bfo-medium,370024,5790,arc1-current-polar-best-glide-equal-feed,98,-38.452291753728,88.577054501304,1394238998.596874,1.1757448241122605e-4,2.5691327258479718e-4,-5.2372976342015818e0,25.579293007250,arc-169,supported,supported,false
source:bto-bfo-medium:370024,bto-bfo-medium,370024,5850,arc1-current-polar-best-glide-equal-feed,99,-38.530686048094,88.826805288326,1394239105.033368,3.5096431882178066e-4,7.6689592724406145e-4,-5.2372976342015818e0,36.851219198524,arc-169,supported,supported,false
source:bto-bfo-medium:370024,bto-bfo-medium,370024,5908,arc1-current-polar-best-glide-equal-feed,100,-37.562676443030,90.104895790965,1394238998.117367,1.6077853156959030e-4,4.6269129671106333e-6,-9.5671021134964036e0,29.284313116591,arc-167,supported,supported,false
source:bto-bfo-medium:370024,bto-bfo-medium,370024,5968,arc1-current-polar-best-glide-equal-feed,101,-38.119902881729,89.384488996866,1394239034.616163,3.7529586451094145e-4,3.6092195733376721e-4,-6.0580171123982325e0,32.176549766263,arc-168,supported,supported,false
source:bto-bfo-medium:370024,bto-bfo-medium,370024,6028,arc1-current-polar-best-glide-equal-feed,102,-38.417782259215,88.964106724124,1394239080.584837,3.4273134449405664e-4,7.4890596603594602e-4,-5.2372976342015818e0,37.985953320021,arc-169,supported,supported,false
source:bto-bfo-medium:370024,bto-bfo-medium,370024,6086,arc1-current-polar-best-glide-equal-feed,103,-37.934996729676,89.776125108040,1394239041.035998,5.4190457575482593e-4,1.5595025554834916e-5,-9.5671021134964036e0,36.418969706087,arc-167,supported,supported,false
source:bto-bfo-medium:370024,bto-bfo-medium,370024,6149,arc1-current-polar-best-glide-equal-feed,104,-37.939267611368,89.861401071281,1394239020.863964,8.4574073332090952e-4,2.4338876139831054e-5,-9.5671021134964036e0,38.058216307511,arc-167,supported,supported,false
source:bto-bfo-medium:370024,bto-bfo-medium,370024,6207,arc1-current-polar-best-glide-equal-feed,105,-37.742476918347,90.367868789064,1394239151.084938,6.6506538628212548e-4,1.9139369104346514e-5,-9.5671021134964036e0,45.391649736228,arc-167,supported,supported,false
source:bto-bfo-medium:370024,bto-bfo-medium,370024,6258,arc1-current-polar-best-glide-equal-feed,106,-37.877443268696,89.955013057498,1394239099.361310,4.5288717392775779e-4,1.3033267048949530e-5,-9.5671021134964036e0,36.806059745471,arc-167,supported,supported,false
source:bto-bfo-medium:370024,bto-bfo-medium,370024,6318,arc1-current-polar-best-glide-equal-feed,107,-38.569633550823,88.603558910268,1394239017.739638,4.3704331163021010e-4,9.5498806500800629e-4,-5.2372976342015818e0,32.194720131561,arc-169,supported,supported,false
source:bto-bfo-medium:370024,bto-bfo-medium,370024,6373,arc1-current-polar-best-glide-equal-feed,108,-37.838579722521,89.670707820567,1394239010.022661,1.4368013937084931e-4,4.1348524176780411e-6,-9.5671021134964036e0,29.562136924066,arc-167,supported,supported,false
source:bto-bfo-medium:370024,bto-bfo-medium,370024,6427,arc1-current-polar-best-glide-equal-feed,109,-37.690780526980,90.115401800291,1394239081.247501,2.4492678789369925e-4,7.0485463440596632e-6,-9.5671021134964036e0,33.664826854617,arc-167,supported,supported,false
source:bto-bfo-medium:370024,bto-bfo-medium,370024,6489,arc1-current-polar-best-glide-equal-feed,110,-37.959498529282,89.404090008473,1394238954.919193,1.9248235006148309e-4,1.8511023729750816e-4,-6.0580171123982325e0,26.945233905625,arc-168,supported,supported,false
source:bto-bfo-medium:370024,bto-bfo-medium,370024,6547,arc1-current-polar-best-glide-equal-feed,111,-38.710255335331,88.093023114365,1394238938.825294,2.5356283142903958e-4,1.0993776576885613e-3,-4.5520762908770394e0,27.265349498155,arc-170,supported,supported,false
source:bto-bfo-medium:370024,bto-bfo-medium,370024,6609,arc1-current-polar-best-glide-equal-feed,112,-37.743451028371,89.978779651406,1394239000.218172,4.7340821545256468e-4,1.3623825204959605e-5,-9.5671021134964036e0,31.004149492543,arc-167,supported,supported,false
source:bto-bfo-medium:370024,bto-bfo-medium,370024,6667,arc1-current-polar-best-glide-equal-feed,113,-37.747193403116,89.922360920851,1394239022.170453,2.7071427307607171e-4,7.7906631454427147e-6,-9.5671021134964036e0,29.477666099919,arc-167,supported,supported,false
source:bto-bfo-medium:370024,bto-bfo-medium,370024,6721,arc1-current-polar-best-glide-equal-feed,114,-37.700786155746,89.939720589855,1394239014.628269,1.9750312033252733e-4,5.6837796662911212e-6,-9.5671021134964036e0,27.858026401675,arc-167,supported,supported,false
source:bto-bfo-medium:370024,bto-bfo-medium,370024,6782,arc1-current-polar-best-glide-equal-feed,115,-38.284319404106,89.206041312693,1394239087.046985,3.3496817637955532e-4,3.2213882777785583e-4,-6.0580171123982325e0,35.812319718590,arc-168,supported,supported,false
source:bto-bfo-medium:370024,bto-bfo-medium,370024,6839,arc1-current-polar-best-glide-equal-feed,116,-38.369067275590,88.985059830371,1394239054.881991,3.3132496168414299e-4,7.2398175564648132e-4,-5.2372976342015818e0,37.526316774152,arc-169,supported,supported,false
source:bto-bfo-medium:370024,bto-bfo-medium,370024,6897,arc1-current-polar-best-glide-equal-feed,117,-38.105023524873,89.614221377199,1394239087.938698,5.8791145900531909e-4,5.6539433174852903e-4,-6.0580171123982325e0,40.000189250762,arc-168,supported,supported,false
source:bto-bfo-medium:370024,bto-bfo-medium,370024,6955,arc1-current-polar-best-glide-equal-feed,118,-37.845088497700,89.644238524761,1394239001.643642,1.4928686336757895e-4,4.2962037107283295e-6,-9.5671021134964036e0,29.726439321123,arc-167,supported,supported,false
source:bto-bfo-medium:370024,bto-bfo-medium,370024,7011,arc1-current-polar-best-glide-equal-feed,119,-38.681178479487,87.533719436011,1394238711.272887,6.9371959698246433e-5,3.0077745280134504e-4,-4.5520762908770394e0,13.455235731923,arc-170,supported,supported,false
source:bto-bfo-medium:370024,bto-bfo-medium,370024,7080,arc1-current-polar-best-glide-equal-feed,120,-38.741476636806,88.182388690948,1394238978.952072,3.7029828125119499e-4,1.6055099826488806e-3,-4.5520762908770394e0,31.808457382329,arc-170,supported,supported,false
source:bto-bfo-medium:370024,bto-bfo-medium,370024,7146,arc1-current-polar-best-glide-equal-feed,121,-38.214003222017,89.052807512052,1394238998.329185,1.9176751814430575e-4,1.8442278358669090e-4,-6.0580171123982325e0,29.542710800871,arc-168,supported,supported,false
source:bto-bfo-medium:370024,bto-bfo-medium,370024,7209,arc1-current-polar-best-glide-equal-feed,122,-38.001743520748,89.697841629462,1394239061.021248,5.1148397742095295e-4,1.4719576205197468e-5,-9.5671021134964036e0,39.425178076382,arc-167,supported,supported,false
source:bto-bfo-medium:370024,bto-bfo-medium,370024,7263,arc1-current-polar-best-glide-equal-feed,123,-38.129456924018,89.504570408960,1394239097.066024,3.7859267115511382e-4,3.6409249561964997e-4,-6.0580171123982325e0,36.725999381173,arc-168,supported,supported,false
source:bto-bfo-medium:370024,bto-bfo-medium,370024,7318,arc1-current-polar-best-glide-equal-feed,124,-38.410404581198,88.795608815941,1394238988.284871,3.8855726992513968e-4,8.4904069110790876e-4,-5.2372976342015818e0,31.073092238992,arc-169,supported,supported,false
source:bto-bfo-medium:370024,bto-bfo-medium,370024,7379,arc1-current-polar-best-glide-equal-feed,125,-38.281241155187,89.276938755141,1394239091.842956,4.6163070911335564e-4,4.4395016000425391e-4,-6.0580171123982325e0,37.078737588906,arc-168,supported,supported,false
source:bto-bfo-medium:370024,bto-bfo-medium,370024,7437,arc1-current-polar-best-glide-equal-feed,126,-37.835515443502,89.893100283887,1394239039.596120,4.4592269552044345e-4,1.2832842059758625e-5,-9.5671021134964036e0,33.140599994110,arc-167,supported,supported,false
source:bto-bfo-medium:370024,bto-bfo-medium,370024,7494,arc1-current-polar-best-glide-equal-feed,127,-37.976294020735,89.977833947827,1394239142.832728,6.5868192434087483e-4,1.8955664709594957e-5,-9.5671021134964036e0,42.476414707987,arc-167,supported,supported,false
source:bto-bfo-medium:370024,bto-bfo-medium,370024,7548,arc1-current-polar-best-glide-equal-feed,128,-38.434240219029,88.967108694562,1394239089.113372,3.8011016895854422e-4,8.3058283946632638e-4,-5.2372976342015818e0,38.603643140597,arc-169,supported,supported,false
source:bto-bfo-medium:370024,bto-bfo-medium,370024,7603,arc1-current-polar-best-glide-equal-feed,129,-37.811649611610,89.937431374474,1394239076.641396,2.9280384176478923e-4,8.4263606531007696e-6,-9.5671021134964036e0,33.038330557961,arc-167,supported,supported,false
source:bto-bfo-medium:370024,bto-bfo-medium,370024,7660,arc1-current-polar-best-glide-equal-feed,130,-37.917407759449,89.958784300594,1394239134.353422,4.1726325268493566e-4,1.2008075553986804e-5,-9.5671021134964036e0,38.955079920641,arc-167,supported,supported,false
source:bto-bfo-medium:370024,bto-bfo-medium,370024,7718,arc1-current-polar-best-glide-equal-feed,131,-37.762068470667,89.009010185859,1394238688.942286,1.9249247283146947e-5,1.8511997236336616e-5,-6.0580171123982325e0,4.879732751317,arc-168,supported,supported,false
source:bto-bfo-medium:370024,bto-bfo-medium,370024,7779,arc1-current-polar-best-glide-equal-feed,132,-38.199410618490,89.091736299822,1394238953.825548,3.7221941029883058e-4,3.5796333193742838e-4,-6.0580171123982325e0,29.172223517580,arc-168,supported,supported,false
source:bto-bfo-medium:370024,bto-bfo-medium,370024,7840,arc1-current-polar-best-glide-equal-feed,133,-37.899819363422,89.787996232999,1394238974.897615,7.4256606637330090e-4,2.1369697358828284e-5,-9.5671021134964036e0,34.590660844874,arc-167,supported,supported,false
source:bto-bfo-medium:370024,bto-bfo-medium,370024,7897,arc1-current-polar-best-glide-equal-feed,134,-37.805065013047,89.967674712749,1394239097.991438,2.3895967381681901e-4,6.8768236816555753e-6,-9.5671021134964036e0,33.547284400647,arc-167,supported,supported,false
source:bto-bfo-medium:370024,bto-bfo-medium,370024,7958,arc1-current-polar-best-glide-equal-feed,135,-38.375227587785,88.957057439570,1394239042.133912,3.4209384824462902e-4,7.4751296608951089e-4,-5.2372976342015818e0,36.496876808161,arc-169,supported,supported,false
source:bto-bfo-medium:370024,bto-bfo-medium,370024,8026,arc1-current-polar-best-glide-equal-feed,136,-38.673567027973,88.131878402737,1394238931.603169,2.2884828861962340e-4,9.9222229887066830e-4,-4.5520762908770394e0,27.754873103457,arc-170,supported,supported,false
source:bto-bfo-medium:370024,bto-bfo-medium,370024,8079,arc1-current-polar-best-glide-equal-feed,137,-38.377131461935,89.131522156528,1394239064.344538,6.5584073819606079e-4,6.3072190586859985e-4,-6.0580171123982325e0,39.946695848858,arc-168,supported,supported,false
source:bto-bfo-medium:370024,bto-bfo-medium,370024,8138,arc1-current-polar-best-glide-equal-feed,138,-37.549700978028,89.547306965968,1394238688.912423,1.3179751576678330e-4,3.7928921777118563e-6,-9.5671021134964036e0,11.639928369840,arc-167,supported,supported,false
source:bto-bfo-medium:370024,bto-bfo-medium,370024,8195,arc1-current-polar-best-glide-equal-feed,139,-37.985781403533,89.318297609331,1394238966.593972,1.1469404804486984e-4,1.1030124291092641e-4,-6.0580171123982325e0,24.451604014921,arc-168,supported,supported,false
source:bto-bfo-medium:370024,bto-bfo-medium,370024,8257,arc1-current-polar-best-glide-equal-feed,140,-38.427320092810,88.536378890197,1394238899.232857,2.7322688935987411e-4,5.9703102972713843e-4,-5.2372976342015818e0,23.261166659115,arc-169,supported,supported,false
source:bto-bfo-medium:370024,bto-bfo-medium,370024,8319,arc1-current-polar-best-glide-equal-feed,141,-38.558835278783,88.917460121814,1394239101.368771,6.8993980613013290e-4,1.5075949291399016e-3,-5.2372976342015818e0,41.129013347617,arc-169,supported,supported,false
source:bto-bfo-medium:370024,bto-bfo-medium,370024,8380,arc1-current-polar-best-glide-equal-feed,142,-38.053223938110,89.719340054031,1394239117.987919,4.6470247499249737e-4,1.3373289868993121e-5,-9.5671021134964036e0,42.651335402009,arc-167,supported,supported,false
source:bto-bfo-medium:370024,bto-bfo-medium,370024,8433,arc1-current-polar-best-glide-equal-feed,143,-38.376386109081,89.296400411799,1394239116.813532,7.5596093749865213e-4,7.2700748137854358e-4,-6.0580171123982325e0,42.598512732697,arc-168,supported,supported,false
source:bto-bfo-medium:370024,bto-bfo-medium,370024,8484,arc1-current-polar-best-glide-equal-feed,144,-37.983541097280,89.960935993398,1394239136.660626,6.7842128987118328e-4,1.9523727655829725e-5,-9.5671021134964036e0,42.481544693655,arc-167,supported,supported,false
source:bto-bfo-medium:370024,bto-bfo-medium,370024,8538,arc1-current-polar-best-glide-equal-feed,145,-37.759694123350,89.965921192867,1394239042.950178,3.1340919463648879e-4,9.0193451359369549e-6,-9.5671021134964036e0,31.349840931018,arc-167,supported,supported,false
source:bto-bfo-medium:370024,bto-bfo-medium,370024,8594,arc1-current-polar-best-glide-equal-feed,146,-38.639696070496,88.626144224588,1394239027.054635,7.4940419261324334e-4,1.6375312028986063e-3,-5.2372976342015818e0,36.389503470551,arc-169,supported,supported,false
source:bto-bfo-medium:370024,bto-bfo-medium,370024,8649,arc1-current-polar-best-glide-equal-feed,147,-38.238609862985,89.277884799335,1394239036.667251,5.8984608443923522e-4,5.6725486063878626e-4,-6.0580171123982325e0,34.858091748269,arc-168,supported,supported,false
source:bto-bfo-medium:370024,bto-bfo-medium,370024,8700,arc1-current-polar-best-glide-equal-feed,148,-38.247260516172,89.138671322184,1394239043.724442,2.7408773039828993e-4,2.6359011513604476e-4,-6.0580171123982325e0,32.591886793471,arc-168,supported,supported,false
source:bto-bfo-medium:370024,bto-bfo-medium,370024,8765,arc1-current-polar-best-glide-equal-feed,149,-37.844091236562,89.690685068399,1394238974.725379,2.9510575806891622e-4,8.4926056069064413e-6,-9.5671021134964036e0,30.086001968259,arc-167,supported,supported,false
source:bto-bfo-medium:370024,bto-bfo-medium,370024,8824,arc1-current-polar-best-glide-equal-feed,150,-37.906214935737,89.636090649799,1394239025.509929,2.1266124236093124e-4,6.1200027782052517e-6,-9.5671021134964036e0,33.306901228870,arc-167,supported,supported,false
source:bto-bfo-medium:370024,bto-bfo-medium,370024,8881,arc1-current-polar-best-glide-equal-feed,151,-37.738705176534,89.945471994233,1394239066.693667,1.4438378265735127e-4,4.1551019884058857e-6,-9.5671021134964036e0,29.759947844909,arc-167,supported,supported,false
source:bto-bfo-medium:370024,bto-bfo-medium,370024,8936,arc1-current-polar-best-glide-equal-feed,152,-38.460668205467,88.551341270823,1394238965.688540,1.8212759082194708e-4,3.9796896764041133e-4,-5.2372976342015818e0,25.324128552587,arc-169,supported,supported,false
source:bto-bfo-medium:370024,bto-bfo-medium,370024,8994,arc1-current-polar-best-glide-equal-feed,153,-38.026970697448,89.833471649425,1394239112.083768,6.8039376340361403e-4,1.9580491847388073e-5,-9.5671021134964036e0,42.510059957554,arc-167,supported,supported,false
source:bto-bfo-medium:370024,bto-bfo-medium,370024,9053,arc1-current-polar-best-glide-equal-feed,154,-37.962906885674,89.598985716660,1394239001.452475,4.1094392546933722e-4,3.9520469037966329e-4,-6.0580171123982325e0,35.325000862730,arc-168,supported,supported,false
source:bto-bfo-medium:370024,bto-bfo-medium,370024,9110,arc1-current-polar-best-glide-equal-feed,155,-37.833904643938,90.187094119847,1394239144.658628,6.0446193866603925e-4,1.7395312389255070e-5,-9.5671021134964036e0,41.797077283922,arc-167,supported,supported,false
source:bto-bfo-medium:370024,bto-bfo-medium,370024,9170,arc1-current-polar-best-glide-equal-feed,156,-38.101523353226,89.672389906192,1394239106.502100,6.0649425757212732e-4,5.8326540538855413e-4,-6.0580171123982325e0,42.208509661713,arc-168,supported,supported,false
source:bto-bfo-medium:370024,bto-bfo-medium,370024,9231,arc1-current-polar-best-glide-equal-feed,157,-38.113632312150,89.211003770210,1394238956.554285,3.0475808675574579e-4,2.9308579066948610e-4,-6.0580171123982325e0,26.797234169707,arc-168,supported,supported,false
source:bto-bfo-medium:370024,bto-bfo-medium,370024,9291,arc1-current-polar-best-glide-equal-feed,158,-37.779670662806,89.656384209240,1394238951.916553,1.3884133804297711e-4,3.9956005387696094e-6,-9.5671021134964036e0,25.960700421775,arc-167,supported,supported,false
source:bto-bfo-medium:370024,bto-bfo-medium,370024,9359,arc1-current-polar-best-glide-equal-feed,159,-37.805621774722,89.366650830115,1394238914.025639,2.3993213148411799e-5,2.3074268253756854e-5,-6.0580171123982325e0,21.982443702073,arc-168,supported,supported,false
source:bto-bfo-medium:370024,bto-bfo-medium,370024,9421,arc1-current-polar-best-glide-equal-feed,160,-38.025146719684,89.873165705480,1394239120.673178,7.1488534778904264e-4,2.0573096752353600e-5,-9.5671021134964036e0,43.045696091571,arc-167,supported,supported,false
source:bto-bfo-medium:370024,bto-bfo-medium,370024,9477,arc1-current-polar-best-glide-equal-feed,161,-38.598383762451,88.918720374937,1394239091.500538,8.7159293353763871e-4,1.9045271416441129e-3,-5.2372976342015818e0,42.778943280629,arc-169,supported,supported,false
source:bto-bfo-medium:370024,bto-bfo-medium,370024,9536,arc1-current-polar-best-glide-equal-feed,162,-38.040121710128,89.243017308338,1394238962.784460,1.4032524122380412e-4,1.3495075623022693e-4,-6.0580171123982325e0,24.127362921439,arc-168,supported,supported,false
source:bto-bfo-medium:370024,bto-bfo-medium,370024,9592,arc1-current-polar-best-glide-equal-feed,163,-38.154646998270,89.152773859250,1394238993.874197,2.0491979760197022e-4,1.9707132809289489e-4,-6.0580171123982325e0,27.671965671434,arc-168,supported,supported,false
source:bto-bfo-medium:370024,bto-bfo-medium,370024,9652,arc1-current-polar-best-glide-equal-feed,164,-38.735638220329,88.566156267073,1394239109.116152,5.5301376465578768e-4,1.2083963556414664e-3,-5.2372976342015818e0,40.489772451523,arc-169,supported,supported,false
source:bto-bfo-medium:370024,bto-bfo-medium,370024,9717,arc1-current-polar-best-glide-equal-feed,165,-37.980791611426,89.662432856273,1394239082.445529,2.6733548464754096e-4,7.6934277755182101e-6,-9.5671021134964036e0,37.911816581022,arc-167,supported,supported,false
source:bto-bfo-medium:370024,bto-bfo-medium,370024,9784,arc1-current-polar-best-glide-equal-feed,166,-38.018006492308,88.604190623163,1394238699.766150,2.2331866086032011e-5,4.8797602008751315e-5,-5.2372976342015818e0,16.874028066171,arc-169,supported,supported,false
source:bto-bfo-medium:370024,bto-bfo-medium,370024,9839,arc1-current-polar-best-glide-equal-feed,167,-37.650919181187,90.099095747850,1394239048.848582,2.2056419066975155e-4,6.3474352199094173e-6,-9.5671021134964036e0,31.651765148355,arc-167,supported,supported,false
source:bto-bfo-medium:370024,bto-bfo-medium,370024,9891,arc1-current-polar-best-glide-equal-feed,168,-37.737670171174,90.041429960197,1394239042.274940,4.0917655456440571e-4,1.1775355127760024e-5,-9.5671021134964036e0,32.807651912070,arc-167,supported,supported,false
source:bto-bfo-medium:370024,bto-bfo-medium,370024,9946,arc1-current-polar-best-glide-equal-feed,169,-37.846762174723,90.027484752283,1394239106.889738,4.6377990632162495e-4,1.3346740024902387e-5,-9.5671021134964036e0,37.256989849978,arc-167,supported,supported,false
source:bto-bfo-medium:370024,bto-bfo-medium,370024,10008,arc1-current-polar-best-glide-equal-feed,170,-38.037133854912,89.658092318950,1394239038.309764,6.8013028272059361e-4,6.5408115594710499e-4,-6.0580171123982325e0,39.736061276181,arc-168,supported,supported,false
source:bto-bfo-medium:370024,bto-bfo-medium,370024,10072,arc1-current-polar-best-glide-equal-feed,171,-37.895847407711,89.559146312287,1394238988.106929,1.7367156028482117e-4,1.6701990455687384e-4,-6.0580171123982325e0,32.173277672948,arc-168,supported,supported,false
source:bto-bfo-medium:370024,bto-bfo-medium,370024,10127,arc1-current-polar-best-glide-equal-feed,172,-38.336124925446,88.441172426287,1394238784.617757,2.1170122426127319e-4,4.6259063378176299e-4,-5.2372976342015818e0,16.237771087997,arc-169,supported,supported,false
source:bto-bfo-medium:370024,bto-bfo-medium,370024,10190,arc1-current-polar-best-glide-equal-feed,173,-39.125266010013,87.504043140894,1394238985.533907,4.2915086148202959e-4,6.1995879904097768e-10,-1.9466630226633967e1,32.514514872414,arc-171,supported,supported,false
source:bto-bfo-medium:370024,bto-bfo-medium,370024,10249,arc1-current-polar-best-glide-equal-feed,174,-37.879475016493,90.058217629025,1394239116.467771,6.1957576591574004e-4,1.7830260778207378e-5,-9.5671021134964036e0,39.701765453190,arc-167,supported,supported,false
source:bto-bfo-medium:370024,bto-bfo-medium,370024,10308,arc1-current-polar-best-glide-equal-feed,175,-38.207286702420,88.885094937807,1394238919.419559,1.5440794592647741e-4,1.4849409050721334e-4,-6.0580171123982325e0,28.410156575185,arc-168,supported,supported,false
source:bto-bfo-medium:370024,bto-bfo-medium,370024,10367,arc1-current-polar-best-glide-equal-feed,176,-37.882685473923,89.584207207886,1394238976.575043,2.1839846837863977e-4,6.2851096814554946e-6,-9.5671021134964036e0,31.678069655849,arc-167,supported,supported,false
source:bto-bfo-medium:370024,bto-bfo-medium,370024,10425,arc1-current-polar-best-glide-equal-feed,177,-37.759695352085,89.783334522421,1394239023.810877,9.8641762543577455e-5,2.8387300577750336e-6,-9.5671021134964036e0,26.701440740012,arc-167,supported,supported,false
source:bto-bfo-medium:370024,bto-bfo-medium,370024,10486,arc1-current-polar-best-glide-equal-feed,178,-38.044045056764,89.098500685626,1394238920.233005,8.3784316879194335e-5,8.0575360672618718e-5,-6.0580171123982325e0,20.568788956219,arc-168,supported,supported,false
source:bto-bfo-medium:370024,bto-bfo-medium,370024,10546,arc1-current-polar-best-glide-equal-feed,179,-38.629690415531,88.375692084993,1394238999.918246,2.7565110703088011e-4,6.0232821396765843e-4,-5.2372976342015818e0,31.990782786584,arc-169,supported,supported,false
source:bto-bfo-medium:370024,bto-bfo-medium,370024,10603,arc1-current-polar-best-glide-equal-feed,180,-37.826203918015,89.963339249000,1394239104.329578,2.6515328012092061e-4,7.6306279083808669e-6,-9.5671021134964036e0,34.455731576758,arc-167,supported,supported,false
source:bto-bfo-medium:370024,bto-bfo-medium,370024,10663,arc1-current-polar-best-glide-equal-feed,181,-38.311546201220,89.262421981848,1394239071.995125,6.5971405831394118e-4,6.3444687704606586e-4,-6.0580171123982325e0,38.395904644657,arc-168,supported,supported,false
source:bto-bfo-medium:370024,bto-bfo-medium,370024,10723,arc1-current-polar-best-glide-equal-feed,182,-38.079707343386,89.406976429990,1394239056.662309,2.0484879335048799e-4,1.9700304331854126e-4,-6.0580171123982325e0,31.281946490041,arc-168,supported,supported,false
source:bto-bfo-medium:370024,bto-bfo-medium,370024,10784,arc1-current-polar-best-glide-equal-feed,183,-38.306661071430,89.333797314665,1394239123.112109,5.2262996461982774e-4,5.0261313174253242e-4,-6.0580171123982325e0,39.714569298870,arc-168,supported,supported,false
source:bto-bfo-medium:370024,bto-bfo-medium,370024,10846,arc1-current-polar-best-glide-equal-feed,184,-38.505276863869,88.731753576041,1394239063.509986,2.6844891350204952e-4,5.8659062302671605e-4,-5.2372976342015818e0,32.636667218152,arc-169,supported,supported,false
source:bto-bfo-medium:370024,bto-bfo-medium,370024,10907,arc1-current-polar-best-glide-equal-feed,185,-38.236370085004,89.557404879830,1394239119.355673,8.0164943672015102e-4,7.7094610188040873e-4,-6.0580171123982325e0,42.890864946132,arc-168,supported,supported,false
source:bto-bfo-medium:370024,bto-bfo-medium,370024,10963,arc1-current-polar-best-glide-equal-feed,186,-37.774440454270,90.122601597014,1394239064.297512,6.4884298485231055e-4,1.8672517971919032e-5,-9.5671021134964036e0,37.126350689807,arc-167,supported,supported,false
source:bto-bfo-medium:370024,bto-bfo-medium,370024,11018,arc1-current-polar-best-glide-equal-feed,187,-37.746287005699,90.291486853314,1394239137.877734,5.6303955594311803e-4,1.6203251746094213e-5,-9.5671021134964036e0,42.433301575442,arc-167,supported,supported,false
source:bto-bfo-medium:370024,bto-bfo-medium,370024,11076,arc1-current-polar-best-glide-equal-feed,188,-38.368671289731,89.131010937706,1394239047.330785,7.1236313190533185e-4,6.8507948051793469e-4,-6.0580171123982325e0,39.450175876262,arc-168,supported,supported,false
source:bto-bfo-medium:370024,bto-bfo-medium,370024,11131,arc1-current-polar-best-glide-equal-feed,189,-37.657153853047,90.034947230931,1394239053.736839,1.3067698512720914e-4,3.7606453491354661e-6,-9.5671021134964036e0,29.398107379799,arc-167,supported,supported,false
source:bto-bfo-medium:370024,bto-bfo-medium,370024,11185,arc1-current-polar-best-glide-equal-feed,190,-37.667340989733,90.105045504718,1394239061.927887,2.3245869577694388e-4,6.6897373878702618e-6,-9.5671021134964036e0,32.442788136036,arc-167,supported,supported,false
source:bto-bfo-medium:370024,bto-bfo-medium,370024,11240,arc1-current-polar-best-glide-equal-feed,191,-37.960565983276,89.784506712716,1394239076.414385,4.8815282247108435e-4,1.4048148108912801e-5,-9.5671021134964036e0,38.002714387933,arc-167,supported,supported,false
source:bto-bfo-medium:370024,bto-bfo-medium,370024,11293,arc1-current-polar-best-glide-equal-feed,192,-38.199154184602,89.393875410518,1394239077.456981,4.8741089854713462e-4,4.6874296299183793e-4,-6.0580171123982325e0,36.022896295328,arc-168,supported,supported,false
source:bto-bfo-medium:370024,bto-bfo-medium,370024,11350,arc1-current-polar-best-glide-equal-feed,193,-37.911104351816,89.468871395531,1394238952.823712,1.7498671750455506e-4,1.6828469099028297e-4,-6.0580171123982325e0,28.445328768221,arc-168,supported,supported,false
source:bto-bfo-medium:370024,bto-bfo-medium,370024,11402,arc1-current-polar-best-glide-equal-feed,194,-38.053713244074,89.579209455210,1394239044.452164,5.2115496127521862e-4,5.0119462132301599e-4,-6.0580171123982325e0,36.954737201502,arc-168,supported,supported,false
source:bto-bfo-medium:370024,bto-bfo-medium,370024,11454,arc1-current-polar-best-glide-equal-feed,195,-37.868269865021,89.624329521939,1394239024.875886,1.1695517050878626e-4,3.3657565454472142e-6,-9.5671021134964036e0,30.977870084248,arc-167,supported,supported,false
source:bto-bfo-medium:370024,bto-bfo-medium,370024,11510,arc1-current-polar-best-glide-equal-feed,196,-38.358812062769,89.261272717157,1394239099.159178,7.0349442021574744e-4,6.7655044227178901e-4,-6.0580171123982325e0,40.950413957354,arc-168,supported,supported,false
source:bto-bfo-medium:370024,bto-bfo-medium,370024,11570,arc1-current-polar-best-glide-equal-feed,197,-37.886359474921,89.781159128304,1394239036.511316,3.8337310490054989e-4,1.1032778897710275e-5,-9.5671021134964036e0,33.720891547511,arc-167,supported,supported,false
source:bto-bfo-medium:370024,bto-bfo-medium,370024,11627,arc1-current-polar-best-glide-equal-feed,198,-38.023319699787,89.776924486207,1394239029.811876,8.9833821715044871e-4,2.5852535815612774e-5,-9.5671021134964036e0,41.520430107602,arc-167,supported,supported,false
source:bto-bfo-medium:370024,bto-bfo-medium,370024,11691,arc1-current-polar-best-glide-equal-feed,199,-37.401769654856,89.730597394907,1394238669.432222,1.0655298188899739e-4,3.0664005248307341e-6,-9.5671021134964036e0,9.118317812921,arc-167,supported,supported,false
source:bto-bfo-medium:370024,bto-bfo-medium,370024,11746,arc1-current-polar-best-glide-equal-feed,200,-37.798225179622,90.152784368843,1394239062.099392,8.1202482944082576e-4,2.3368593905395465e-5,-9.5671021134964036e0,39.147015176985,arc-167,supported,supported,false
source:bto-bfo-medium:370024,bto-bfo-medium,370024,11800,arc1-current-polar-best-glide-equal-feed,201,-38.223877980160,89.370779631747,1394239082.302835,5.0997336873533636e-4,4.9044128602884231e-4,-6.0580171123982325e0,36.522009241024,arc-168,supported,supported,false
source:bto-bfo-medium:370024,bto-bfo-medium,370024,11858,arc1-current-polar-best-glide-equal-feed,202,-37.881375777544,89.067080264968,1394238828.117642,2.0291988429968173e-5,1.9514801187277007e-5,-6.0580171123982325e0,11.471499505367,arc-168,supported,supported,false
source:bto-bfo-medium:370024,bto-bfo-medium,370024,11918,arc1-current-polar-best-glide-equal-feed,203,-38.224552119870,89.653049422515,1394239153.790740,7.8462314324997777e-4,7.5457191887841378e-4,-6.0580171123982325e0,45.764643080360,arc-168,supported,supported,false
source:bto-bfo-medium:370024,bto-bfo-medium,370024,11980,arc1-current-polar-best-glide-equal-feed,204,-38.662699815728,88.448371926556,1394238986.068650,6.2153596591157803e-4,1.3581249583817013e-3,-5.2372976342015818e0,34.640362144327,arc-169,supported,supported,false
source:bto-bfo-medium:370024,bto-bfo-medium,370024,12043,arc1-current-polar-best-glide-equal-feed,205,-37.775700351622,90.078479161320,1394239070.211293,5.1139182442306674e-4,1.4716924209954602e-5,-9.5671021134964036e0,35.662501840421,arc-167,supported,supported,false
source:bto-bfo-medium:370024,bto-bfo-medium,370024,12098,arc1-current-polar-best-glide-equal-feed,206,-38.599806943312,88.109059203331,1394238940.495106,5.4663061253296667e-5,2.3700377497777494e-4,-4.5520762908770394e0,25.045169590126,arc-170,supported,supported,false
source:bto-bfo-medium:370024,bto-bfo-medium,370024,12158,arc1-current-polar-best-glide-equal-feed,207,-38.260801904451,89.183436993130,1394239062.302240,3.2524473810378900e-4,3.1278779914588014e-4,-6.0580171123982325e0,34.099605735490,arc-168,supported,supported,false
source:bto-bfo-medium:370024,bto-bfo-medium,370024,12218,arc1-current-polar-best-glide-equal-feed,208,-37.688401467612,90.157317841409,1394239037.294966,5.2812495999392793e-4,1.5198473339663667e-5,-9.5671021134964036e0,35.204839939998,arc-167,supported,supported,false
source:bto-bfo-medium:370024,bto-bfo-medium,370024,12277,arc1-current-polar-best-glide-equal-feed,209,-37.893171805603,88.965342024626,1394238710.955444,8.3914894790071231e-5,8.0700937423216969e-5,-6.0580171123982325e0,9.848472862394,arc-168,supported,supported,false
source:bto-bfo-medium:370024,bto-bfo-medium,370024,12343,arc1-current-polar-best-glide-equal-feed,210,-38.217129561169,89.185996278467,1394239012.906267,3.9443044898780210e-4,3.7932368337238574e-4,-6.0580171123982325e0,31.736326868039,arc-168,supported,supported,false
source:bto-bfo-medium:370024,bto-bfo-medium,370024,12406,arc1-current-polar-best-glide-equal-feed,211,-38.034193004288,89.904172971000,1394239124.009022,8.0744607388762873e-4,2.3236825669702001e-5,-9.5671021134964036e0,44.096176584655,arc-167,supported,supported,false
source:bto-bfo-medium:370024,bto-bfo-medium,370024,12464,arc1-current-polar-best-glide-equal-feed,212,-37.813783605296,89.665555381149,1394238970.487228,1.7706072739595894e-4,5.0954848732388568e-6,-9.5671021134964036e0,28.054477464702,arc-167,supported,supported,false
source:bto-bfo-medium:370024,bto-bfo-medium,370024,12522,arc1-current-polar-best-glide-equal-feed,213,-38.555121983423,88.069658689826,1394238844.530073,1.0167971754792199e-4,4.4085487246797928e-4,-4.5520762908770394e0,22.512292154070,arc-170,supported,supported,false
source:bto-bfo-medium:370024,bto-bfo-medium,370024,12591,arc1-current-polar-best-glide-equal-feed,214,-37.647249629797,89.973041774371,1394238987.077647,1.9369632380286921e-4,5.5742270036671220e-6,-9.5671021134964036e0,26.743000901776,arc-167,supported,supported,false
source:bto-bfo-medium:370024,bto-bfo-medium,370024,12654,arc1-current-polar-best-glide-equal-feed,215,-37.547265216252,89.943935635463,1394238987.048639,2.9683712624993422e-5,8.5424312260944269e-7,-9.5671021134964036e0,22.078844714974,arc-167,supported,supported,false
source:bto-bfo-medium:370024,bto-bfo-medium,370024,12715,arc1-current-polar-best-glide-equal-feed,216,-38.184214877190,88.955887047598,1394238878.239209,3.3600029539479319e-4,3.2313141642699097e-4,-6.0580171123982325e0,27.074587377937,arc-168,supported,supported,false
source:bto-bfo-medium:370024,bto-bfo-medium,370024,12773,arc1-current-polar-best-glide-equal-feed,217,-38.399378270076,89.069825766900,1394239092.151861,4.4832309329407270e-4,4.3115222855035862e-4,-6.0580171123982325e0,40.603061333881,arc-168,supported,supported,false
source:bto-bfo-medium:370024,bto-bfo-medium,370024,12827,arc1-current-polar-best-glide-equal-feed,218,-37.632782904902,90.046533702015,1394239045.299040,1.1725438616208023e-4,3.3743674263445015e-6,-9.5671021134964036e0,28.974296029517,arc-167,supported,supported,false
source:bto-bfo-medium:370024,bto-bfo-medium,370024,12890,arc1-current-polar-best-glide-equal-feed,219,-37.811163194575,89.604974750614,1394238934.395514,1.8315907707953501e-4,5.2709842571021996e-6,-9.5671021134964036e0,27.470173222808,arc-167,supported,supported,false
source:bto-bfo-medium:370024,bto-bfo-medium,370024,12953,arc1-current-polar-best-glide-equal-feed,220,-38.126267967541,89.758624240206,1394239134.814611,7.6509447719309376e-4,7.3579120466363561e-4,-6.0580171123982325e0,46.470106204146,arc-168,supported,supported,false
source:bto-bfo-medium:370024,bto-bfo-medium,370024,13008,arc1-current-polar-best-glide-equal-feed,221,-37.895415746600,89.897936744396,1394239069.910541,5.4930332327409815e-4,1.5807948017200362e-5,-9.5671021134964036e0,36.411051495672,arc-167,supported,supported,false
source:bto-bfo-medium:370024,bto-bfo-medium,370024,13069,arc1-current-polar-best-glide-equal-feed,222,-37.919719151593,90.064640496306,1394239168.849490,4.9044580574564842e-4,1.4114135986416559e-5,-9.5671021134964036e0,41.816005364941,arc-167,supported,supported,false
source:bto-bfo-medium:370024,bto-bfo-medium,370024,13131,arc1-current-polar-best-glide-equal-feed,223,-38.625748672814,88.014041742814,1394238853.515464,1.6162267777389570e-4,7.0075081556321905e-4,-4.5520762908770394e0,21.528578220853,arc-170,supported,supported,false
source:bto-bfo-medium:370024,bto-bfo-medium,370024,13188,arc1-current-polar-best-glide-equal-feed,224,-37.850844346333,89.794912235080,1394239071.559996,1.7075767431521158e-4,4.9140944988711592e-6,-9.5671021134964036e0,31.949543320282,arc-167,supported,supported,false
source:bto-bfo-medium:370024,bto-bfo-medium,370024,13239,arc1-current-polar-best-glide-equal-feed,225,-38.059383892666,89.502225182980,1394239070.455468,2.5774270231919492e-4,2.4787110492347593e-4,-6.0580171123982325e0,34.081351513877,arc-168,supported,supported,false
source:bto-bfo-medium:370024,bto-bfo-medium,370024,13292,arc1-current-polar-best-glide-equal-feed,226,-37.616321449622,90.159049598874,1394239040.851887,2.6002629548330753e-4,7.4830826393056508e-6,-9.5671021134964036e0,33.028639057706,arc-167,supported,supported,false
source:bto-bfo-medium:370024,bto-bfo-medium,370024,13351,arc1-current-polar-best-glide-equal-feed,227,-38.361117621762,89.200737749313,1394239124.221493,4.2723289075446719e-4,4.1086978501456427e-4,-6.0580171123982325e0,40.013238589387,arc-168,supported,supported,false
source:bto-bfo-medium:370024,bto-bfo-medium,370024,13400,arc1-current-polar-best-glide-equal-feed,228,-37.757057353404,90.056531515867,1394239080.504306,3.3878504087974894e-4,9.7496157192550236e-6,-9.5671021134964036e0,34.134647223083,arc-167,supported,supported,false
source:bto-bfo-medium:370024,bto-bfo-medium,370024,13455,arc1-current-polar-best-glide-equal-feed,229,-38.326276683914,89.314023437877,1394239056.412031,8.7934622570656621e-4,8.4566708820427497e-4,-6.0580171123982325e0,40.286746540314,arc-168,supported,supported,false
source:bto-bfo-medium:370024,bto-bfo-medium,370024,13514,arc1-current-polar-best-glide-equal-feed,230,-37.748478847075,90.018705919241,1394239089.496352,2.0578257913974926e-4,5.9220473935915929e-6,-9.5671021134964036e0,32.509120453745,arc-167,supported,supported,false
source:bto-bfo-medium:370024,bto-bfo-medium,370024,13566,arc1-current-polar-best-glide-equal-feed,231,-38.207250642779,89.497043156415,1394239081.772083,7.4287019579664687e-4,7.1441811771956769e-4,-6.0580171123982325e0,39.640892896421,arc-168,supported,supported,false
source:bto-bfo-medium:370024,bto-bfo-medium,370024,13623,arc1-current-polar-best-glide-equal-feed,232,-37.917797077024,89.181077803318,1394238886.243358,4.2681313712356609e-5,4.1046610803224473e-5,-6.0580171123982325e0,16.837519144682,arc-168,supported,supported,false
source:bto-bfo-medium:370024,bto-bfo-medium,370024,13682,arc1-current-polar-best-glide-equal-feed,233,-38.411500998486,88.674748618650,1394238996.198917,1.4649645688750895e-4,3.2011099168108254e-4,-5.2372976342015818e0,26.739705828588,arc-169,supported,supported,false
source:bto-bfo-medium:370024,bto-bfo-medium,370024,13733,arc1-current-polar-best-glide-equal-feed,234,-37.962147992751,89.698533046545,1394239016.784277,5.8525915191262796e-4,1.6842691201795340e-5,-9.5671021134964036e0,37.095851913134,arc-167,supported,supported,false
source:bto-bfo-medium:370024,bto-bfo-medium,370024,13793,arc1-current-polar-best-glide-equal-feed,235,-38.159864624431,89.408998748134,1394239081.073673,3.6538748371915339e-4,3.5139306952137187e-4,-6.0580171123982325e0,34.714026165321,arc-168,supported,supported,false
source:bto-bfo-medium:370024,bto-bfo-medium,370024,13851,arc1-current-polar-best-glide-equal-feed,236,-38.350262896443,88.739498929519,1394238924.033744,3.0578696894032977e-4,6.6817841161718712e-4,-5.2372976342015818e0,26.845031623755,arc-169,supported,supported,false
source:bto-bfo-medium:370024,bto-bfo-medium,370024,13909,arc1-current-polar-best-glide-equal-feed,237,-38.181465086292,89.529338398137,1394239087.718671,6.9792209712233016e-4,6.7119154027484550e-4,-6.0580171123982325e0,39.663293697220,arc-168,supported,supported,false
source:bto-bfo-medium:370024,bto-bfo-medium,370024,13964,arc1-current-polar-best-glide-equal-feed,238,-38.415225254965,89.182479279696,1394239105.407511,7.1494304569368170e-4,6.8756058308872101e-4,-6.0580171123982325e0,42.814695038390,arc-168,supported,supported,false
source:bto-bfo-medium:370024,bto-bfo-medium,370024,14027,arc1-current-polar-best-glide-equal-feed,239,-37.689941797855,90.149282294979,1394239126.851846,1.4244522029322666e-4,4.0993136984360994e-6,-9.5671021134964036e0,34.943138781059,arc-167,supported,supported,false
source:bto-bfo-medium:370024,bto-bfo-medium,370024,14088,arc1-current-polar-best-glide-equal-feed,240,-38.046879036135,89.484739144850,1394239001.932614,4.6596655284039597e-4,4.4811994004351891e-4,-6.0580171123982325e0,32.974520040843,arc-168,supported,supported,false
source:bto-bfo-medium:370024,bto-bfo-medium,370024,14142,arc1-current-polar-best-glide-equal-feed,241,-38.033841248107,89.715794430019,1394239099.279141,4.8708923043142585e-4,1.4017539869417359e-5,-9.5671021134964036e0,41.477046417695,arc-167,supported,supported,false
source:bto-bfo-medium:370024,bto-bfo-medium,370024,14198,arc1-current-polar-best-glide-equal-feed,242,-38.000960688978,89.579105420949,1394239057.137157,2.6749028669401955e-4,2.5724535485405344e-4,-6.0580171123982325e0,35.421989572264,arc-168,supported,supported,false
source:bto-bfo-medium:370024,bto-bfo-medium,370024,14253,arc1-current-polar-best-glide-equal-feed,243,-38.052435219609,89.301047707989,1394238982.838613,1.9912335155648975e-4,1.9149688709807976e-4,-6.0580171123982325e0,26.523458096638,arc-168,supported,supported,false
source:bto-bfo-medium:370024,bto-bfo-medium,370024,14313,arc1-current-polar-best-glide-equal-feed,244,-37.867340415127,89.559411897129,1394238979.130785,1.3819202056631672e-4,3.9769143657886651e-6,-9.5671021134964036e0,30.715463323857,arc-167,supported,supported,false
source:bto-bfo-medium:370024,bto-bfo-medium,370024,14379,arc1-current-polar-best-glide-equal-feed,245,-37.787647158237,89.441712818504,1394238865.560468,9.3814104737703895e-5,9.0221005636633984e-5,-6.0580171123982325e0,25.331388767626,arc-168,supported,supported,false
source:bto-bfo-medium:370024,bto-bfo-medium,370024,14436,arc1-current-polar-best-glide-equal-feed,246,-38.007809241211,89.674535214636,1394239097.666092,3.1106361472663270e-4,8.9518436231768071e-6,-9.5671021134964036e0,39.600785165595,arc-167,supported,supported,false
source:bto-bfo-medium:370024,bto-bfo-medium,370024,14487,arc1-current-polar-best-glide-equal-feed,247,-37.861622751621,89.865660989471,1394239062.764899,3.6834787932690051e-4,1.0600380303434086e-5,-9.5671021134964036e0,33.909623087059,arc-167,supported,supported,false
source:bto-bfo-medium:370024,bto-bfo-medium,370024,14536,arc1-current-polar-best-glide-equal-feed,248,-37.845965996801,90.018165347500,1394239068.961524,6.5305363636570678e-4,1.8793692844566036e-5,-9.5671021134964036e0,36.949500858721,arc-167,supported,supported,false
source:bto-bfo-medium:370024,bto-bfo-medium,370024,14594,arc1-current-polar-best-glide-equal-feed,249,-37.631485505847,89.866589826770,1394238990.216960,5.3966214612366918e-5,1.5530492519006468e-6,-9.5671021134964036e0,22.441441288852,arc-167,supported,supported,false
source:bto-bfo-medium:370024,bto-bfo-medium,370024,14656,arc1-current-polar-best-glide-equal-feed,250,-38.185809211126,89.183813349204,1394238979.897836,4.1851095009898817e-4,4.0248189644236641e-4,-6.0580171123982325e0,29.986205171299,arc-168,supported,supported,false
source:bto-bfo-medium:370024,bto-bfo-medium,370024,14723,arc1-current-polar-best-glide-equal-feed,251,-38.145121451634,89.126371392652,1394239002.760167,1.2465450947306603e-4,1.1988021666086829e-4,-6.0580171123982325e0,26.651884207964,arc-168,supported,supported,false
source:bto-bfo-medium:370024,bto-bfo-medium,370024,14784,arc1-current-polar-best-glide-equal-feed,252,-38.585594125093,88.639382488156,1394239031.558221,5.2626014124944613e-4,1.1499367239096055e-3,-5.2372976342015818e0,33.877186656619,arc-169,supported,supported,false
source:bto-bfo-medium:370024,bto-bfo-medium,370024,14840,arc1-current-polar-best-glide-equal-feed,253,-38.899376316818,88.019949788258,1394238944.908503,8.0581605134090559e-4,3.4937934635697202e-3,-4.5520762908770394e0,32.582290514058,arc-170,supported,supported,false
source:bto-bfo-medium:370024,bto-bfo-medium,370024,14899,arc1-current-polar-best-glide-equal-feed,254,-38.330017787229,88.916121536499,1394238975.062342,3.8832296318843214e-4,8.4852870492449809e-4,-5.2372976342015818e0,33.603696083085,arc-169,supported,supported,false
source:bto-bfo-medium:370024,bto-bfo-medium,370024,14953,arc1-current-polar-best-glide-equal-feed,255,-37.871963024706,89.882674784969,1394239020.383562,6.6537480328425025e-4,1.9148273561461488e-5,-9.5671021134964036e0,34.828069864662,arc-167,supported,supported,false
source:bto-bfo-medium:370024,bto-bfo-medium,370024,15008,arc1-current-polar-best-glide-equal-feed,256,-38.031978091864,89.901244565362,1394239145.424992,6.7897240870325084e-4,1.9539587850879513e-5,-9.5671021134964036e0,43.920191213802,arc-167,supported,supported,false
source:bto-bfo-medium:370024,bto-bfo-medium,370024,15062,arc1-current-polar-best-glide-equal-feed,257,-38.407771185624,88.891233193844,1394238976.124592,6.3470049907250834e-4,1.3868909221100925e-3,-5.2372976342015818e0,34.726362669189,arc-169,supported,supported,false
source:bto-bfo-medium:370024,bto-bfo-medium,370024,15118,arc1-current-polar-best-glide-equal-feed,258,-38.146502675361,89.641735470716,1394239141.183531,5.2143931045452532e-4,5.0146807987150115e-4,-6.0580171123982325e0,42.481424478185,arc-168,supported,supported,false
source:bto-bfo-medium:370024,bto-bfo-medium,370024,15173,arc1-current-polar-best-glide-equal-feed,259,-37.890802641349,89.938300960221,1394239089.770275,5.1824826406553909e-4,1.4914240040496567e-5,-9.5671021134964036e0,37.086411563085,arc-167,supported,supported,false
source:bto-bfo-medium:370024,bto-bfo-medium,370024,15228,arc1-current-polar-best-glide-equal-feed,260,-37.915503981063,90.049997437704,1394239128.670918,6.7944410478354368e-4,1.9553162403956566e-5,-9.5671021134964036e0,41.204968178303,arc-167,supported,supported,false
source:bto-bfo-medium:370024,bto-bfo-medium,370024,15287,arc1-current-polar-best-glide-equal-feed,261,-38.162566032447,89.287866850364,1394239084.762074,1.4446948003922499e-4,1.3893626986456848e-4,-6.0580171123982325e0,31.248949540963,arc-168,supported,supported,false
source:bto-bfo-medium:370024,bto-bfo-medium,370024,15342,arc1-current-polar-best-glide-equal-feed,262,-38.644480888673,88.779761213617,1394239117.769954,6.3302991861648270e-4,1.3832405186954100e-3,-5.2372976342015818e0,40.512488925475,arc-169,supported,supported,false
source:bto-bfo-medium:370024,bto-bfo-medium,370024,15406,arc1-current-polar-best-glide-equal-feed,263,-37.915296824854,89.955504201120,1394239141.451801,3.8215380900455187e-4,1.0997689785147424e-5,-9.5671021134964036e0,38.767476043206,arc-167,supported,supported,false
source:bto-bfo-medium:370024,bto-bfo-medium,370024,15466,arc1-current-polar-best-glide-equal-feed,264,-37.657203921843,90.351060888067,1394239122.660180,4.4385367253848846e-4,3.2219044152384229e-3,-4.0367312205080452e0,42.245487488796,arc-166,supported,supported,false
source:bto-bfo-medium:370024,bto-bfo-medium,370024,15527,arc1-current-polar-best-glide-equal-feed,265,-37.809331060799,89.842637532752,1394239063.227068,1.6661910467125516e-4,4.7949940109890185e-6,-9.5671021134964036e0,30.615765638215,arc-167,supported,supported,false
source:bto-bfo-medium:370024,bto-bfo-medium,370024,15586,arc1-current-polar-best-glide-equal-feed,266,-38.542837480045,88.680614656363,1394238979.562882,6.9484800208353015e-4,1.5183198811789364e-3,-5.2372976342015818e0,32.838729175380,arc-169,supported,supported,false
source:bto-bfo-medium:370024,bto-bfo-medium,370024,15648,arc1-current-polar-best-glide-equal-feed,267,-37.742134694397,90.005027079505,1394239038.435758,3.5743722101245926e-4,1.0286391452174106e-5,-9.5671021134964036e0,31.785892940883,arc-167,supported,supported,false
source:bto-bfo-medium:370024,bto-bfo-medium,370024,15701,arc1-current-polar-best-glide-equal-feed,268,-38.240078501439,89.210648544492,1394239014.016043,5.4183723893282631e-4,5.2108476358192848e-4,-6.0580171123982325e0,33.473263639944,arc-168,supported,supported,false
source:bto-bfo-medium:370024,bto-bfo-medium,370024,15757,arc1-current-polar-best-glide-equal-feed,269,-37.953775402145,89.686560124345,1394239049.074436,3.6333427209641131e-4,1.0456097829398013e-5,-9.5671021134964036e0,36.496081123850,arc-167,supported,supported,false
source:bto-bfo-medium:370024,bto-bfo-medium,370024,15806,arc1-current-polar-best-glide-equal-feed,270,-37.860970520408,89.872804766678,1394239052.640926,4.2387747708214280e-4,1.2198420871437181e-5,-9.5671021134964036e0,34.027295211108,arc-167,supported,supported,false
source:bto-bfo-medium:370024,bto-bfo-medium,370024,15862,arc1-current-polar-best-glide-equal-feed,271,-37.791866121682,89.917157804128,1394239061.443372,2.5291605041642397e-4,7.2784627514504224e-6,-9.5671021134964036e0,31.515613711331,arc-167,supported,supported,false
source:bto-bfo-medium:370024,bto-bfo-medium,370024,15914,arc1-current-polar-best-glide-equal-feed,272,-38.359166194413,89.414433252525,1394239116.832056,9.0974493794438187e-4,8.7490152364255421e-4,-6.0580171123982325e0,44.384241307185,arc-168,supported,supported,false
source:bto-bfo-medium:370024,bto-bfo-medium,370024,15974,arc1-current-polar-best-glide-equal-feed,273,-37.707180872823,90.289629167970,1394239135.171115,4.1794172681303984e-4,1.2027600802230622e-5,-9.5671021134964036e0,41.114724492779,arc-167,supported,supported,false
source:bto-bfo-medium:370024,bto-bfo-medium,370024,16029,arc1-current-polar-best-glide-equal-feed,274,-38.494958577050,88.885505571708,1394239121.873985,2.7262297911284173e-4,5.9571141891762679e-4,-5.2372976342015818e0,37.514137314449,arc-169,supported,supported,false
source:bto-bfo-medium:370024,bto-bfo-medium,370024,16088,arc1-current-polar-best-glide-equal-feed,275,-37.883257924131,90.231587486617,1394239156.535543,8.2599094584740005e-4,2.3770513269074847e-5,-9.5671021134964036e0,45.368252966379,arc-167,supported,supported,false
source:bto-bfo-medium:370024,bto-bfo-medium,370024,16146,arc1-current-polar-best-glide-equal-feed,276,-37.707361813898,90.086710999450,1394239028.474221,4.6846990078338403e-4,1.3481709513545825e-5,-9.5671021134964036e0,33.200957617436,arc-167,supported,supported,false
source:bto-bfo-medium:370024,bto-bfo-medium,370024,16200,arc1-current-polar-best-glide-equal-feed,277,-37.709366431646,90.015269511668,1394239041.675925,2.5667197942332915e-4,7.3865515395239511e-6,-9.5671021134964036e0,30.734345336236,arc-167,supported,supported,false
source:bto-bfo-medium:370024,bto-bfo-medium,370024,16255,arc1-current-polar-best-glide-equal-feed,278,-38.055768532479,89.680795424006,1394239110.063401,4.2938980397367720e-4,4.1294408802318070e-4,-6.0580171123982325e0,41.203322804031,arc-168,supported,supported,false
source:bto-bfo-medium:370024,bto-bfo-medium,370024,16308,arc1-current-polar-best-glide-equal-feed,279,-38.278383796121,89.448714340475,1394239094.635688,8.3142311147923597e-4,7.9957943890124512e-4,-6.0580171123982325e0,41.352493221935,arc-168,supported,supported,false
source:bto-bfo-medium:370024,bto-bfo-medium,370024,16357,arc1-current-polar-best-glide-equal-feed,280,-37.983561938183,90.023666960718,1394239122.671075,8.7867649083149784e-4,2.5286707184309737e-5,-9.5671021134964036e0,43.938037664089,arc-167,supported,supported,false
source:bto-bfo-medium:370024,bto-bfo-medium,370024,16412,arc1-current-polar-best-glide-equal-feed,281,-38.270323404773,89.444334917597,1394239123.479106,6.4885296285496308e-4,6.2400176373006509e-4,-6.0580171123982325e0,40.844323384268,arc-168,supported,supported,false
source:bto-bfo-medium:370024,bto-bfo-medium,370024,16469,arc1-current-polar-best-glide-equal-feed,282,-38.617096493961,88.636493538390,1394239075.699438,4.1066311970541509e-4,8.9734442244354597e-4,-5.2372976342015818e0,35.435682639314,arc-169,supported,supported,false
source:bto-bfo-medium:370024,bto-bfo-medium,370024,16522,arc1-current-polar-best-glide-equal-feed,283,-38.340565468535,89.261878121677,1394239117.741864,5.2662619908377831e-4,5.0645630962186554e-4,-6.0580171123982325e0,39.962886975601,arc-168,supported,supported,false
source:bto-bfo-medium:370024,bto-bfo-medium,370024,16575,arc1-current-polar-best-glide-equal-feed,284,-37.997130595545,89.982735965290,1394239130.151737,8.1561081284718673e-4,2.3471791968972467e-5,-9.5671021134964036e0,43.685956587185,arc-167,supported,supported,false
source:bto-bfo-medium:370024,bto-bfo-medium,370024,16637,arc1-current-polar-best-glide-equal-feed,285,-38.610906716389,88.306096135660,1394238896.786518,4.8649571592834876e-4,1.0630470482573208e-3,-5.2372976342015818e0,30.494299291022,arc-169,supported,supported,false
source:bto-bfo-medium:370024,bto-bfo-medium,370024,16696,arc1-current-polar-best-glide-equal-feed,286,-38.194061170285,89.635803363786,1394239125.333105,7.8774732617896848e-4,7.5757644497216647e-4,-6.0580171123982325e0,43.976986629625,arc-168,supported,supported,false
source:bto-bfo-medium:370024,bto-bfo-medium,370024,16750,arc1-current-polar-best-glide-equal-feed,287,-38.125351167157,89.797407022932,1394239154.078647,7.3945284699538543e-4,2.1280104581928827e-5,-9.5671021134964036e0,47.690354096671,arc-167,supported,supported,false
source:bto-bfo-medium:370024,bto-bfo-medium,370024,16805,arc1-current-polar-best-glide-equal-feed,288,-38.284594510871,89.331724485115,1394239111.440835,5.0192393272917876e-4,4.8270014504248694e-4,-6.0580171123982325e0,38.525429685215,arc-168,supported,supported,false
source:bto-bfo-medium:370024,bto-bfo-medium,370024,16861,arc1-current-polar-best-glide-equal-feed,289,-38.084282860610,89.714154395840,1394239134.795663,4.8512366348547122e-4,4.6654332949357374e-4,-6.0580171123982325e0,43.401741703729,arc-168,supported,supported,false
source:bto-bfo-medium:370024,bto-bfo-medium,370024,16916,arc1-current-polar-best-glide-equal-feed,290,-38.186600860884,89.608353639627,1394239128.614358,6.7691272112482229e-4,6.5098682760831271e-4,-6.0580171123982325e0,42.687965342084,arc-168,supported,supported,false
source:bto-bfo-medium:370024,bto-bfo-medium,370024,16973,arc1-current-polar-best-glide-equal-feed,291,-38.012756696385,89.889724546761,1394239130.377434,6.5657001520194375e-4,1.8894887815535253e-5,-9.5671021134964036e0,42.645463442749,arc-167,supported,supported,false
source:bto-bfo-medium:370024,bto-bfo-medium,370024,17035,arc1-current-polar-best-glide-equal-feed,292,-38.698390964247,88.357599692871,1394239006.891850,4.5922907691238409e-4,1.0034664205707902e-3,-5.2372976342015818e0,35.952115423427,arc-169,supported,supported,false
source:bto-bfo-medium:370024,bto-bfo-medium,370024,17096,arc1-current-polar-best-glide-equal-feed,293,-39.092806297478,87.657983723813,1394239053.323514,3.0577378518477984e-4,4.4172612863159430e-10,-1.9466630226633967e1,37.723057539598,arc-171,supported,supported,false
source:bto-bfo-medium:370024,bto-bfo-medium,370024,17160,arc1-current-polar-best-glide-equal-feed,294,-38.758095929312,88.143667580113,1394238947.884899,4.9733339423508672e-4,2.1562987720362427e-3,-4.5520762908770394e0,30.833314786725,arc-170,supported,supported,false
source:bto-bfo-medium:370024,bto-bfo-medium,370024,17223,arc1-current-polar-best-glide-equal-feed,295,-37.951562565988,89.208165119221,1394238839.530192,2.0645544495743047e-4,1.9854815984543639e-4,-6.0580171123982325e0,19.144800516771,arc-168,supported,supported,false
source:bto-bfo-medium:370024,bto-bfo-medium,370024,17284,arc1-current-polar-best-glide-equal-feed,296,-37.993396787171,89.358242091191,1394238967.376304,1.7509585782882008e-4,1.6838965121815307e-4,-6.0580171123982325e0,26.235569402795,arc-168,supported,supported,false
source:bto-bfo-medium:370024,bto-bfo-medium,370024,17343,arc1-current-polar-best-glide-equal-feed,297,-38.313479957369,89.245793159865,1394239089.202172,5.3533418537295564e-4,5.1483077828280081e-4,-6.0580171123982325e0,38.168898891064,arc-168,supported,supported,false
source:bto-bfo-medium:370024,bto-bfo-medium,370024,17397,arc1-current-polar-best-glide-equal-feed,298,-37.955594938541,89.781174672608,1394239028.971521,7.0701356054353437e-4,2.0346561069230923e-5,-9.5671021134964036e0,37.670956441740,arc-167,supported,supported,false
source:bto-bfo-medium:370024,bto-bfo-medium,370024,17453,arc1-current-polar-best-glide-equal-feed,299,-37.755206385121,89.367265320441,1394238786.797293,1.1499917693785704e-4,1.1059468530587404e-4,-6.0580171123982325e0,21.636725342953,arc-168,supported,supported,false
source:bto-bfo-medium:370024,bto-bfo-medium,370024,17517,arc1-current-polar-best-glide-equal-feed,300,-38.026099088063,88.828847752298,1394238762.534445,8.2234156686024533e-5,7.9084571926974479e-5,-6.0580171123982325e0,17.943421485466,arc-168,supported,supported,false
source:bto-bfo-medium:370024,bto-bfo-medium,370024,17582,arc1-current-polar-best-glide-equal-feed,301,-37.615640069739,89.252882418643,1394238673.321821,2.5532694676537884e-5,2.4554787329378711e-5,-6.0580171123982325e0,17.691554589888,arc-168,supported,supported,false
source:bto-bfo-medium:370024,bto-bfo-medium,370024,17648,arc1-current-polar-best-glide-equal-feed,302,-38.393769750634,88.804908469340,1394238952.126638,4.8848585466599855e-4,1.0673957219278466e-3,-5.2372976342015818e0,30.856071825906,arc-169,supported,supported,false
source:bto-bfo-medium:370024,bto-bfo-medium,370024,17712,arc1-current-polar-best-glide-equal-feed,303,-38.248387156880,88.883826579637,1394238974.253735,1.1653978151042577e-4,2.5465233646056841e-4,-5.2372976342015818e0,30.493590618430,arc-169,supported,supported,false
source:bto-bfo-medium:370024,bto-bfo-medium,370024,17776,arc1-current-polar-best-glide-equal-feed,304,-37.850142166854,90.069545719351,1394239113.467725,5.4430793687883705e-4,1.5664189905577372e-5,-9.5671021134964036e0,38.668436539795,arc-167,supported,supported,false
source:bto-bfo-medium:370024,bto-bfo-medium,370024,17838,arc1-current-polar-best-glide-equal-feed,305,-38.433232670480,88.352560603999,1394238873.203017,1.0525263755762373e-4,2.2998867618683884e-4,-5.2372976342015818e0,20.195690101496,arc-169,supported,supported,false
source:bto-bfo-medium:370024,bto-bfo-medium,370024,17901,arc1-current-polar-best-glide-equal-feed,306,-38.790165083149,88.401323078459,1394239008.652623,8.9171775173904784e-4,1.9485020994603375e-3,-5.2372976342015818e0,41.693954512753,arc-169,supported,supported,false
source:bto-bfo-medium:370024,bto-bfo-medium,370024,17956,arc1-current-polar-best-glide-equal-feed,307,-38.280636161173,89.245540272187,1394239074.163837,4.8646625409464074e-4,4.6783449861207939e-4,-6.0580171123982325e0,36.378703554527,arc-168,supported,supported,false
source:bto-bfo-medium:370024,bto-bfo-medium,370024,18016,arc1-current-polar-best-glide-equal-feed,308,-37.989730019042,89.667267447881,1394239035.833432,5.2233908743346620e-4,1.5031966477617460e-5,-9.5671021134964036e0,38.476054504856,arc-167,supported,supported,false
source:bto-bfo-medium:370024,bto-bfo-medium,370024,18073,arc1-current-polar-best-glide-equal-feed,309,-37.990940324955,89.519939268057,1394238982.747692,4.1878866400418824e-4,4.0274897384907915e-4,-6.0580171123982325e0,32.658023236199,arc-168,supported,supported,false
source:bto-bfo-medium:370024,bto-bfo-medium,370024,18128,arc1-current-polar-best-glide-equal-feed,310,-38.068446449227,89.163529237567,1394238959.195076,1.1331067402382827e-4,1.0897085239343526e-4,-6.0580171123982325e0,23.312846383681,arc-168,supported,supported,false
source:bto-bfo-medium:370024,bto-bfo-medium,370024,18187,arc1-current-polar-best-glide-equal-feed,311,-37.872196395961,90.092623585658,1394239119.689118,6.6284956374192290e-4,1.9075601772078975e-5,-9.5671021134964036e0,40.385953753789,arc-167,supported,supported,false
source:bto-bfo-medium:370024,bto-bfo-medium,370024,18245,arc1-current-polar-best-glide-equal-feed,312,-38.212478050619,88.481682494972,1394238676.766830,2.4593965163531497e-4,5.3740539157977058e-4,-5.2372976342015818e0,12.149301445524,arc-169,supported,supported,false
source:bto-bfo-medium:370024,bto-bfo-medium,370024,18310,arc1-current-polar-best-glide-equal-feed,313,-37.974468271603,89.323140435341,1394238931.498977,1.7747373664755246e-4,1.7067645679933870e-4,-6.0580171123982325e0,24.223984535324,arc-168,supported,supported,false
source:bto-bfo-medium:370024,bto-bfo-medium,370024,18374,arc1-current-polar-best-glide-equal-feed,314,-38.419992490915,88.730554128726,1394238967.786496,3.6523233683252851e-4,7.9807312764728483e-4,-5.2372976342015818e0,29.030325560235,arc-169,supported,supported,false
source:bto-bfo-medium:370024,bto-bfo-medium,370024,18433,arc1-current-polar-best-glide-equal-feed,315,-38.784769298043,88.339189206669,1394239060.816888,5.0146481852319765e-4,2.1742114745060140e-3,-4.5520762908770394e0,39.462388440592,arc-170,supported,supported,false
source:bto-bfo-medium:370024,bto-bfo-medium,370024,18490,arc1-current-polar-best-glide-equal-feed,316,-38.145027276116,89.188928947414,1394239012.954080,1.7765479728758677e-4,1.7085058278040253e-4,-6.0580171123982325e0,27.908369871473,arc-168,supported,supported,false
source:bto-bfo-medium:370024,bto-bfo-medium,370024,18547,arc1-current-polar-best-glide-equal-feed,317,-38.069935865178,89.337511361273,1394238953.950513,4.2832556390284978e-4,4.1192060856135238e-4,-6.0580171123982325e0,28.482255954133,arc-168,supported,supported,false
source:bto-bfo-medium:370024,bto-bfo-medium,370024,18609,arc1-current-polar-best-glide-equal-feed,318,-38.147751734617,89.105653123076,1394239021.983348,7.7807009037366161e-5,7.4826984924672790e-5,-6.0580171123982325e0,26.442426356995,arc-168,supported,supported,false
source:bto-bfo-medium:370024,bto-bfo-medium,370024,18669,arc1-current-polar-best-glide-equal-feed,319,-38.251509436384,88.988433659439,1394239011.841803,1.5296853018295788e-4,1.4710980467649921e-4,-6.0580171123982325e0,31.244653787928,arc-168,supported,supported,false
source:bto-bfo-medium:370024,bto-bfo-medium,370024,18732,arc1-current-polar-best-glide-equal-feed,320,-37.728347275283,89.928324928861,1394239008.151908,2.7359278123060681e-4,7.8735013613172751e-6,-9.5671021134964036e0,28.762940269758,arc-167,supported,supported,false
source:bto-bfo-medium:370024,bto-bfo-medium,370024,18791,arc1-current-polar-best-glide-equal-feed,321,-38.721718007943,88.629695419561,1394239078.054715,8.1534313102754423e-4,1.7816150900769006e-3,-5.2372976342015818e0,40.872722786054,arc-169,supported,supported,false
source:bto-bfo-medium:370024,bto-bfo-medium,370024,18846,arc1-current-polar-best-glide-equal-feed,322,-38.405116198685,89.133724344225,1394239081.059806,6.8878066991367689e-4,6.6240023156892425e-4,-6.0580171123982325e0,41.597225382646,arc-168,supported,supported,false
source:bto-bfo-medium:370024,bto-bfo-medium,370024,18903,arc1-current-polar-best-glide-equal-feed,323,-37.566522247740,89.505404830498,1394238715.453439,7.3466007725268807e-5,2.1142177408105457e-6,-9.5671021134964036e0,12.814884544936,arc-167,supported,supported,false
source:bto-bfo-medium:370024,bto-bfo-medium,370024,18961,arc1-current-polar-best-glide-equal-feed,324,-38.113831832046,89.519155905437,1394239081.911085,4.2360767268294510e-4,4.0738341352512477e-4,-6.0580171123982325e0,36.668739592879,arc-168,supported,supported,false
source:bto-bfo-medium:370024,bto-bfo-medium,370024,19013,arc1-current-polar-best-glide-equal-feed,325,-38.057513812504,89.812324330981,1394239115.823946,7.2809828961630527e-4,2.0953341125015873e-5,-9.5671021134964036e0,43.954396439529,arc-167,supported,supported,false
source:bto-bfo-medium:370024,bto-bfo-medium,370024,19071,arc1-current-polar-best-glide-equal-feed,326,-38.029396301185,89.836262203609,1394239144.326240,5.1532926854932831e-4,1.4830236672179649e-5,-9.5671021134964036e0,42.690343766908,arc-167,supported,supported,false
source:bto-bfo-medium:370024,bto-bfo-medium,370024,19129,arc1-current-polar-best-glide-equal-feed,327,-38.513282708134,88.992268002857,1394239098.619226,6.8394548576998038e-4,1.4944966749178491e-3,-5.2372976342015818e0,42.185433588770,arc-169,supported,supported,false
source:bto-bfo-medium:370024,bto-bfo-medium,370024,19193,arc1-current-polar-best-glide-equal-feed,328,-37.862841608468,90.023616356810,1394239100.525661,5.6207131362003547e-4,1.6175387497576453e-5,-9.5671021134964036e0,37.913902748572,arc-167,supported,supported,false
source:bto-bfo-medium:370024,bto-bfo-medium,370024,19255,arc1-current-polar-best-glide-equal-feed,329,-38.190044355315,89.669196737306,1394239099.141266,9.1986663667482460e-4,8.8463555927360132e-4,-6.0580171123982325e0,45.072898687961,arc-168,supported,supported,false
source:bto-bfo-medium:370024,bto-bfo-medium,370024,19306,arc1-current-polar-best-glide-equal-feed,330,-37.887407821307,89.941558553684,1394239092.730650,4.9183824179378343e-4,1.4154207756845683e-5,-9.5671021134964036e0,36.988293942361,arc-167,supported,supported,false
source:bto-bfo-medium:370024,bto-bfo-medium,370024,19363,arc1-current-polar-best-glide-equal-feed,331,-38.228609733691,89.483338180542,1394239076.417087,8.1134194732322652e-4,7.8026738737578430e-4,-6.0580171123982325e0,40.126448297375,arc-168,supported,supported,false
source:bto-bfo-medium:370024,bto-bfo-medium,370024,19421,arc1-current-polar-best-glide-equal-feed,332,-38.058183817225,89.374074506936,1394239053.519623,1.1771209944473810e-4,1.1320370233449059e-4,-6.0580171123982325e0,29.260761220804,arc-168,supported,supported,false
source:bto-bfo-medium:370024,bto-bfo-medium,370024,19479,arc1-current-polar-best-glide-equal-feed,333,-38.222248589386,89.591126089735,1394239161.342496,6.0188524419828564e-4,5.7883291815496150e-4,-6.0580171123982325e0,43.467615104344,arc-168,supported,supported,false
source:bto-bfo-medium:370024,bto-bfo-medium,370024,19537,arc1-current-polar-best-glide-equal-feed,334,-38.913951713277,88.275624280235,1394239089.097414,7.3802270622571849e-4,3.1998604429469240e-3,-4.5520762908770394e0,41.446417075126,arc-170,supported,supported,false
source:bto-bfo-medium:370024,bto-bfo-medium,370024,19595,arc1-current-polar-best-glide-equal-feed,335,-38.243306515062,89.133889260313,1394238947.168533,6.8600536032794343e-4,6.5973121689913840e-4,-6.0580171123982325e0,32.293679998682,arc-168,supported,supported,false
source:bto-bfo-medium:370024,bto-bfo-medium,370024,19653,arc1-current-polar-best-glide-equal-feed,336,-37.753386500512,90.148387079811,1394239104.564584,4.2112959936040751e-4,1.2119341961220686e-5,-9.5671021134964036e0,37.218617473598,arc-167,supported,supported,false
source:bto-bfo-medium:370024,bto-bfo-medium,370024,19709,arc1-current-polar-best-glide-equal-feed,337,-38.637306618836,88.123352721918,1394238900.611841,2.0615947536402262e-4,8.9384993793709783e-4,-4.5520762908770394e0,26.475706988133,arc-170,supported,supported,false
source:bto-bfo-medium:370024,bto-bfo-medium,370024,19772,arc1-current-polar-best-glide-equal-feed,338,-38.420914074364,88.480565470602,1394238886.861063,1.9869188981656383e-4,4.3416379644600029e-4,-5.2372976342015818e0,21.581525207721,arc-169,supported,supported,false
source:bto-bfo-medium:370024,bto-bfo-medium,370024,19835,arc1-current-polar-best-glide-equal-feed,339,-37.842333527561,89.960054578340,1394239092.544690,3.6358062513232011e-4,1.0463187420559239e-5,-9.5671021134964036e0,35.165411437697,arc-167,supported,supported,false
source:bto-bfo-medium:370024,bto-bfo-medium,370024,19889,arc1-current-polar-best-glide-equal-feed,340,-37.842497795398,90.065776766380,1394239097.999657,5.9497919214468106e-4,1.7122416235675606e-5,-9.5671021134964036e0,38.202387335021,arc-167,supported,supported,false
source:bto-bfo-medium:370024,bto-bfo-medium,370024,19948,arc1-current-polar-best-glide-equal-feed,341,-37.804036158161,90.229066094428,1394239145.193293,5.8657356458112703e-4,1.6880517601630198e-5,-9.5671021134964036e0,42.107026635990,arc-167,supported,supported,false
source:bto-bfo-medium:370024,bto-bfo-medium,370024,20011,arc1-current-polar-best-glide-equal-feed,342,-37.738354707068,89.710181231209,1394239000.704585,5.1349617674503558e-5,1.4777483632601641e-6,-9.5671021134964036e0,24.223007683361,arc-167,supported,supported,false
source:bto-bfo-medium:370024,bto-bfo-medium,370024,20074,arc1-current-polar-best-glide-equal-feed,343,-38.226638993110,88.800562098305,1394238903.007065,1.2872860281741108e-4,2.8128626166872998e-4,-5.2372976342015818e0,26.358578861466,arc-169,supported,supported,false
source:bto-bfo-medium:370024,bto-bfo-medium,370024,20137,arc1-current-polar-best-glide-equal-feed,344,-38.545273988291,88.654101338980,1394238998.054501,5.5374205861322210e-4,1.2099877586412605e-3,-5.2372976342015818e0,32.228733472963,arc-169,supported,supported,false
source:bto-bfo-medium:370024,bto-bfo-medium,370024,20190,arc1-current-polar-best-glide-equal-feed,345,-38.080322844631,89.590882095244,1394239097.246584,3.9073438882099651e-4,3.7576918305417563e-4,-6.0580171123982325e0,38.266325628836,arc-168,supported,supported,false
source:bto-bfo-medium:370024,bto-bfo-medium,370024,20246,arc1-current-polar-best-glide-equal-feed,346,-37.744627733638,90.170698229278,1394239117.412009,3.7293747310491744e-4,1.0732460443474953e-5,-9.5671021134964036e0,37.713143241407,arc-167,supported,supported,false
source:bto-bfo-medium:370024,bto-bfo-medium,370024,20302,arc1-current-polar-best-glide-equal-feed,347,-37.778478400309,89.665293335468,1394238921.167892,2.3202061531060422e-4,6.6771302308664441e-6,-9.5671021134964036e0,25.978000151918,arc-167,supported,supported,false
source:bto-bfo-medium:370024,bto-bfo-medium,370024,20366,arc1-current-polar-best-glide-equal-feed,348,-37.829597022862,89.821609962809,1394238999.042722,4.3043291753402512e-4,1.2387074494130606e-5,-9.5671021134964036e0,31.273165944612,arc-167,supported,supported,false
source:bto-bfo-medium:370024,bto-bfo-medium,370024,20423,arc1-current-polar-best-glide-equal-feed,349,-37.853600958284,89.727630565381,1394238995.067712,3.2548259659848512e-4,9.3667956291697572e-6,-9.5671021134964036e0,31.077868406736,arc-167,supported,supported,false
source:bto-bfo-medium:370024,bto-bfo-medium,370024,20486,arc1-current-polar-best-glide-equal-feed,350,-37.759660558068,89.949294708210,1394239034.427968,3.1141279550490544e-4,8.9618924092621351e-6,-9.5671021134964036e0,30.852736545413,arc-167,supported,supported,false
source:bto-bfo-medium:370024,bto-bfo-medium,370024,20547,arc1-current-polar-best-glide-equal-feed,351,-37.912180328363,89.506663165457,1394238949.678478,2.5092961467608292e-4,2.4131895990892085e-4,-6.0580171123982325e0,30.138614459854,arc-168,supported,supported,false
source:bto-bfo-medium:370024,bto-bfo-medium,370024,20612,arc1-current-polar-best-glide-equal-feed,352,-37.800702561908,89.729538795907,1394239005.097058,1.5542918560298308e-4,4.4729685444515571e-6,-9.5671021134964036e0,28.065826932875,arc-167,supported,supported,false
source:bto-bfo-medium:370024,bto-bfo-medium,370024,20670,arc1-current-polar-best-glide-equal-feed,353,-38.172627724985,89.163299047249,1394238983.369419,3.0943010909865890e-4,2.9757887361594668e-4,-6.0580171123982325e0,28.860366622842,arc-168,supported,supported,false
source:bto-bfo-medium:370024,bto-bfo-medium,370024,20727,arc1-current-polar-best-glide-equal-feed,354,-38.096855411303,89.600324749916,1394239080.184241,5.5952183816209745e-4,5.3809203909989704e-4,-6.0580171123982325e0,39.181968990951,arc-168,supported,supported,false
source:bto-bfo-medium:370024,bto-bfo-medium,370024,20787,arc1-current-polar-best-glide-equal-feed,355,-37.788077079024,90.010723587935,1394239075.463235,3.7163802481926566e-4,1.0695064691291651e-5,-9.5671021134964036e0,34.021573199669,arc-167,supported,supported,false
source:bto-bfo-medium:370024,bto-bfo-medium,370024,20849,arc1-current-polar-best-glide-equal-feed,356,-37.701292384691,89.902490369648,1394238986.458922,2.1817257153163372e-4,6.2786087821100654e-6,-9.5671021134964036e0,26.728531577113,arc-167,supported,supported,false
source:bto-bfo-medium:370024,bto-bfo-medium,370024,20914,arc1-current-polar-best-glide-equal-feed,357,-38.261391240459,89.395855400638,1394239086.987192,7.0317306527053580e-4,6.7624139528568434e-4,-6.0580171123982325e0,39.037203182829,arc-168,supported,supported,false
source:bto-bfo-medium:370024,bto-bfo-medium,370024,20968,arc1-current-polar-best-glide-equal-feed,358,-38.052545136404,89.765807577459,1394239117.755459,5.8466677752766786e-4,1.6825643747160703e-5,-9.5671021134964036e0,43.086397436530,arc-167,supported,supported,false
source:bto-bfo-medium:370024,bto-bfo-medium,370024,21030,arc1-current-polar-best-glide-equal-feed,359,-37.754552597082,89.171160962411,1394238690.596551,9.1787257788795187e-5,8.8271787333977266e-5,-6.0580171123982325e0,12.349289380978,arc-168,supported,supported,false
source:bto-bfo-medium:370024,bto-bfo-medium,370024,21091,arc1-current-polar-best-glide-equal-feed,360,-38.281232069513,89.238620112809,1394239084.394340,4.0780986569530334e-4,3.9219066572602270e-4,-6.0580171123982325e0,36.270374540490,arc-168,supported,supported,false
source:bto-bfo-medium:370024,bto-bfo-medium,370024,21148,arc1-current-polar-best-glide-equal-feed,361,-38.350582845319,88.804627299987,1394239015.904054,1.3551229874066522e-4,2.9610938896745549e-4,-5.2372976342015818e0,29.467399617182,arc-169,supported,supported,false
source:bto-bfo-medium:370024,bto-bfo-medium,370024,21209,arc1-current-polar-best-glide-equal-feed,362,-37.893339289067,89.615529077950,1394238999.176393,2.2110800804806224e-4,6.3630852924339237e-6,-9.5671021134964036e0,32.429355618160,arc-167,supported,supported,false
source:bto-bfo-medium:370024,bto-bfo-medium,370024,21261,arc1-current-polar-best-glide-equal-feed,363,-37.871664014908,89.752926671923,1394239012.535259,3.8362347927164010e-4,1.1039984215565357e-5,-9.5671021134964036e0,32.461835624724,arc-167,supported,supported,false
source:bto-bfo-medium:370024,bto-bfo-medium,370024,21324,arc1-current-polar-best-glide-equal-feed,364,-37.666905378476,89.965069012057,1394238946.538649,3.7843165236632316e-4,1.0890572904262224e-5,-9.5671021134964036e0,27.249894573050,arc-167,supported,supported,false
source:bto-bfo-medium:370024,bto-bfo-medium,370024,21386,arc1-current-polar-best-glide-equal-feed,365,-38.539319135783,88.282071871123,1394238925.946960,1.2362379046221682e-4,2.7013168100455825e-4,-5.2372976342015818e0,26.146132964898,arc-169,supported,supported,false
source:bto-bfo-medium:370024,bto-bfo-medium,370024,21457,arc1-current-polar-best-glide-equal-feed,366,-38.748496258773,88.444823189785,1394239072.947642,5.3027227727375044e-4,1.1587036857105017e-3,-5.2372976342015818e0,39.611780314241,arc-169,supported,supported,false
source:bto-bfo-medium:370024,bto-bfo-medium,370024,21512,arc1-current-polar-best-glide-equal-feed,367,-38.172764536190,89.451086319010,1394239088.417577,4.6605838353074860e-4,4.4820825359994076e-4,-6.0580171123982325e0,36.644226954548,arc-168,supported,supported,false
source:bto-bfo-medium:370024,bto-bfo-medium,370024,21572,arc1-current-polar-best-glide-equal-feed,368,-38.394848395512,88.744972778303,1394239005.019686,1.7968352862252765e-4,3.9262842090632098e-4,-5.2372976342015818e0,28.605651850812,arc-169,supported,supported,false
source:bto-bfo-medium:370024,bto-bfo-medium,370024,21634,arc1-current-polar-best-glide-equal-feed,369,-38.043304717236,89.609365730503,1394239090.547678,3.2727103197207794e-4,3.1473648555101620e-4,-6.0580171123982325e0,37.875996732139,arc-168,supported,supported,false
source:bto-bfo-medium:370024,bto-bfo-medium,370024,21689,arc1-current-polar-best-glide-equal-feed,370,-37.993634935971,89.618152039286,1394239048.234840,3.6127218857675425e-4,3.4743539101154768e-4,-6.0580171123982325e0,36.896682893027,arc-168,supported,supported,false
source:bto-bfo-medium:370024,bto-bfo-medium,370024,21747,arc1-current-polar-best-glide-equal-feed,371,-38.314422648329,89.046600966376,1394238980.918713,6.0919100533056588e-4,5.8585886716485010e-4,-6.0580171123982325e0,35.388422700660,arc-168,supported,supported,false
source:bto-bfo-medium:370024,bto-bfo-medium,370024,21805,arc1-current-polar-best-glide-equal-feed,372,-37.621147030448,90.059492444649,1394239013.558527,1.9157505798041586e-4,5.5131808413170930e-6,-9.5671021134964036e0,29.095242231771,arc-167,supported,supported,false
source:bto-bfo-medium:370024,bto-bfo-medium,370024,21868,arc1-current-polar-best-glide-equal-feed,373,-38.978751943401,87.100146270417,1394238701.275996,2.3703489486539018e-4,3.4242473204893028e-10,-1.9466630226633967e1,12.564837418785,arc-171,supported,supported,false
source:bto-bfo-medium:370024,bto-bfo-medium,370024,21926,arc1-current-polar-best-glide-equal-feed,374,-38.422113958342,88.846710402209,1394239044.226201,2.8546593137224391e-4,6.2377469274155900e-4,-5.2372976342015818e0,33.440280991395,arc-169,supported,supported,false
source:bto-bfo-medium:370024,bto-bfo-medium,370024,21984,arc1-current-polar-best-glide-equal-feed,375,-37.826067034904,90.049593326863,1394239082.772580,5.7158969438196670e-4,1.6449309139622387e-5,-9.5671021134964036e0,36.953655318794,arc-167,supported,supported,false
source:bto-bfo-medium:370024,bto-bfo-medium,370024,22040,arc1-current-polar-best-glide-equal-feed,376,-38.012625668011,89.771795739144,1394239077.109289,6.6711096644244436e-4,1.9198237171349236e-5,-9.5671021134964036e0,40.837235216953,arc-167,supported,supported,false
source:bto-bfo-medium:370024,bto-bfo-medium,370024,22094,arc1-current-polar-best-glide-equal-feed,377,-38.065168129710,89.617874527080,1394239056.452332,6.0544338190002983e-4,5.8225477846629234e-4,-6.0580171123982325e0,38.877253357557,arc-168,supported,supported,false
source:bto-bfo-medium:370024,bto-bfo-medium,370024,22157,arc1-current-polar-best-glide-equal-feed,378,-38.254334456533,88.768006050843,1394238914.368262,1.2159850718247974e-4,2.6570621261517882e-4,-5.2372976342015818e0,25.423741432884,arc-169,supported,supported,false
source:bto-bfo-medium:370024,bto-bfo-medium,370024,22218,arc1-current-polar-best-glide-equal-feed,379,-37.954198407242,89.027381490216,1394238764.491580,1.5337646247397368e-4,1.4750211307863130e-4,-6.0580171123982325e0,14.270245188407,arc-168,supported,supported,false
source:bto-bfo-medium:370024,bto-bfo-medium,370024,22282,arc1-current-polar-best-glide-equal-feed,380,-37.926339855626,89.471810566401,1394238953.425093,2.1989536701570584e-4,2.1147333018273025e-4,-6.0580171123982325e0,28.923963193933,arc-168,supported,supported,false
source:bto-bfo-medium:370024,bto-bfo-medium,370024,22339,arc1-current-polar-best-glide-equal-feed,381,-37.931894517254,89.432961044651,1394239001.299416,8.0294514170952519e-5,7.7219218110779770e-5,-6.0580171123982325e0,27.385527573345,arc-168,supported,supported,false
source:bto-bfo-medium:370024,bto-bfo-medium,370024,22398,arc1-current-polar-best-glide-equal-feed,382,-37.763526582786,89.528589685048,1394238943.522748,3.6004448135339251e-5,1.0361423650579777e-6,-9.5671021134964036e0,24.496202907908,arc-167,supported,supported,false
source:bto-bfo-medium:370024,bto-bfo-medium,370024,22469,arc1-current-polar-best-glide-equal-feed,383,-38.314278244641,88.652104505305,1394238819.436907,4.2052608501604109e-4,9.1889609456982115e-4,-5.2372976342015818e0,22.223173372622,arc-169,supported,supported,false
source:bto-bfo-medium:370024,bto-bfo-medium,370024,22533,arc1-current-polar-best-glide-equal-feed,384,-37.987005776521,89.827839419884,1394239116.440949,4.8146432028073701e-4,1.3855665212017633e-5,-9.5671021134964036e0,40.154756051964,arc-167,supported,supported,false
source:bto-bfo-medium:370024,bto-bfo-medium,370024,22595,arc1-current-polar-best-glide-equal-feed,385,-37.782566251880,89.797119780563,1394238964.165370,3.4982888569164752e-4,1.0067437435053048e-5,-9.5671021134964036e0,28.222421111841,arc-167,supported,supported,false
source:bto-bfo-medium:370024,bto-bfo-medium,370024,22652,arc1-current-polar-best-glide-equal-feed,386,-38.761338469265,88.582789500569,1394239126.713038,6.1010442065789359e-4,1.3331457652643274e-3,-5.2372976342015818e0,42.208679562081,arc-169,supported,supported,false
source:bto-bfo-medium:370024,bto-bfo-medium,370024,22711,arc1-current-polar-best-glide-equal-feed,387,-38.413039239358,88.616665943442,1394238996.538565,9.3499052861847651e-5,2.0430579120306398e-4,-5.2372976342015818e0,24.899146090383,arc-169,supported,supported,false
source:bto-bfo-medium:370024,bto-bfo-medium,370024,22765,arc1-current-polar-best-glide-equal-feed,388,-38.355708287153,89.326152117008,1394239122.627915,7.0862407551890031e-4,6.8148363074396702e-4,-6.0580171123982325e0,42.114924256664,arc-168,supported,supported,false
source:bto-bfo-medium:370024,bto-bfo-medium,370024,22827,arc1-current-polar-best-glide-equal-feed,389,-37.627412672381,90.122368093006,1394239023.321975,2.8437645562952416e-4,8.1838358470371640e-6,-9.5671021134964036e0,31.834403742242,arc-167,supported,supported,false
source:bto-bfo-medium:370024,bto-bfo-medium,370024,22883,arc1-current-polar-best-glide-equal-feed,390,-38.526072744926,88.713320537664,1394239024.189333,4.9178787386322141e-4,1.0746109997729935e-3,-5.2372976342015818e0,33.003695049746,arc-169,supported,supported,false
source:bto-bfo-medium:370024,bto-bfo-medium,370024,22941,arc1-current-polar-best-glide-equal-feed,391,-38.184786882825,89.370092915684,1394239082.806136,3.5590386757274013e-4,3.4227267778290767e-4,-6.0580171123982325e0,34.645469474513,arc-168,supported,supported,false
source:bto-bfo-medium:370024,bto-bfo-medium,370024,22996,arc1-current-polar-best-glide-equal-feed,392,-37.817904314667,89.827504231196,1394239045.268161,2.1518611377280251e-4,6.1926639734644837e-6,-9.5671021134964036e0,30.756464390798,arc-167,supported,supported,false
source:bto-bfo-medium:370024,bto-bfo-medium,370024,23057,arc1-current-polar-best-glide-equal-feed,393,-38.441472653209,89.153496392403,1394239126.104600,6.3260367450506186e-4,6.0837482639578455e-4,-6.0580171123982325e0,43.945704452968,arc-168,supported,supported,false
source:bto-bfo-medium:370024,bto-bfo-medium,370024,23116,arc1-current-polar-best-glide-equal-feed,394,-38.031535795466,89.185753555334,1394238896.776493,2.1247239484907865e-4,2.0433465934471224e-4,-6.0580171123982325e0,22.041192937915,arc-168,supported,supported,false
source:bto-bfo-medium:370024,bto-bfo-medium,370024,23169,arc1-current-polar-best-glide-equal-feed,395,-37.616964590361,90.232206438047,1394239103.567602,1.7202664455087788e-4,4.9506131483510532e-6,-9.5671021134964036e0,36.152760574112,arc-167,supported,supported,false
source:bto-bfo-medium:370024,bto-bfo-medium,370024,23225,arc1-current-polar-best-glide-equal-feed,396,-38.184001013800,89.214568149740,1394239035.802500,2.4206668405420611e-4,2.3279548131442681e-4,-6.0580171123982325e0,30.542653472076,arc-168,supported,supported,false
source:bto-bfo-medium:370024,bto-bfo-medium,370024,23288,arc1-current-polar-best-glide-equal-feed,397,-38.406627159921,89.102557517939,1394239108.081937,4.6816146084601644e-4,4.5023078263057599e-4,-6.0580171123982325e0,41.339704991675,arc-168,supported,supported,false
source:bto-bfo-medium:370024,bto-bfo-medium,370024,23351,arc1-current-polar-best-glide-equal-feed,398,-38.335003838961,89.358000880961,1394239127.483320,6.7002895710046575e-4,6.4436671313214562e-4,-6.0580171123982325e0,41.759163855756,arc-168,supported,supported,false
source:bto-bfo-medium:370024,bto-bfo-medium,370024,23412,arc1-current-polar-best-glide-equal-feed,399,-38.024958743045,89.030273814330,1394238807.918222,2.1386307238270317e-4,2.0567207364878350e-4,-6.0580171123982325e0,18.308781746434,arc-168,supported,supported,false
source:bto-bfo-medium:370024,bto-bfo-medium,370024,23465,arc1-current-polar-best-glide-equal-feed,400,-37.731547795836,89.953714404354,1394239018.310063,2.9523531700338082e-4,8.4963340767961845e-6,-9.5671021134964036e0,29.683384999509,arc-167,supported,supported,false
source:bto-bfo-medium:370024,bto-bfo-medium,370024,23519,arc1-current-polar-best-glide-equal-feed,401,-38.029022594022,89.202217053746,1394238847.470650,4.1645342407792697e-4,4.0050317408219795e-4,-6.0580171123982325e0,22.389563808302,arc-168,supported,supported,false
source:bto-bfo-medium:370024,bto-bfo-medium,370024,23580,arc1-current-polar-best-glide-equal-feed,402,-37.987545856489,88.962701342250,1394238804.759162,7.4162674896206641e-5,7.1322229514912032e-5,-6.0580171123982325e0,15.374600481745,arc-168,supported,supported,false
source:bto-bfo-medium:370024,bto-bfo-medium,370024,23635,arc1-current-polar-best-glide-equal-feed,403,-37.709868451167,89.957341873969,1394239019.009591,2.3570504273533348e-4,6.7831613337844067e-6,-9.5671021134964036e0,28.824934858404,arc-167,supported,supported,false
source:bto-bfo-medium:370024,bto-bfo-medium,370024,23690,arc1-current-polar-best-glide-equal-feed,404,-38.194988748344,89.040589828871,1394239084.508185,2.1548291148302618e-5,2.0722987258540774e-5,-6.0580171123982325e0,28.302025767405,arc-168,supported,supported,false
source:bto-bfo-medium:370024,bto-bfo-medium,370024,23752,arc1-current-polar-best-glide-equal-feed,405,-38.668931576367,88.155884710241,1394238963.089556,1.5862797467732415e-4,6.8776661887624184e-4,-4.5520762908770394e0,28.644127184065,arc-170,supported,supported,false
source:bto-bfo-medium:370024,bto-bfo-medium,370024,23813,arc1-current-polar-best-glide-equal-feed,406,-38.168794778064,89.871366066289,1394239162.179248,9.3693992093946382e-4,2.6963422462420213e-5,-9.5671021134964036e0,51.160599574725,arc-167,supported,supported,false
source:bto-bfo-medium:370024,bto-bfo-medium,370024,23870,arc1-current-polar-best-glide-equal-feed,407,-38.153349513133,89.823325527808,1394239141.453430,9.1605471104595868e-4,2.6362384204801423e-5,-9.5671021134964036e0,49.629352804060,arc-167,supported,supported,false
source:bto-bfo-medium:370024,bto-bfo-medium,370024,23924,arc1-current-polar-best-glide-equal-feed,408,-37.942756552350,89.536476661684,1394239011.030309,1.9220800293883613e-4,1.8484639772489846e-4,-6.0580171123982325e0,32.127976946274,arc-168,supported,supported,false
source:bto-bfo-medium:370024,bto-bfo-medium,370024,23984,arc1-current-polar-best-glide-equal-feed,409,-37.819686591867,90.091857782735,1394239142.606057,3.3697859575780326e-4,9.6976295226060854e-6,-9.5671021134964036e0,38.000927612141,arc-167,supported,supported,false
source:bto-bfo-medium:370024,bto-bfo-medium,370024,24042,arc1-current-polar-best-glide-equal-feed,410,-38.421795973412,89.097538788051,1394239082.647824,6.4740388929224668e-4,6.2260818997657503e-4,-6.0580171123982325e0,42.179022978934,arc-168,supported,supported,false
source:bto-bfo-medium:370024,bto-bfo-medium,370024,24100,arc1-current-polar-best-glide-equal-feed,411,-37.959798556417,89.617977917316,1394239001.023707,4.4438342124866471e-4,4.2736344673754804e-4,-6.0580171123982325e0,36.086849462006,arc-168,supported,supported,false
source:bto-bfo-medium:370024,bto-bfo-medium,370024,24157,arc1-current-polar-best-glide-equal-feed,412,-37.898911337442,89.776104136331,1394239060.430907,3.1686633453329512e-4,9.1188353182485629e-6,-9.5671021134964036e0,34.356851947927,arc-167,supported,supported,false
source:bto-bfo-medium:370024,bto-bfo-medium,370024,24214,arc1-current-polar-best-glide-equal-feed,413,-38.346856448874,88.684512840899,1394239017.232049,3.9512012734311669e-5,8.6338126180132395e-5,-5.2372976342015818e0,24.600078683377,arc-169,supported,supported,false
source:bto-bfo-medium:370024,bto-bfo-medium,370024,24275,arc1-current-polar-best-glide-equal-feed,414,-38.419950725814,88.720715779819,1394239007.059638,2.0335055099514210e-4,4.4434348735092083e-4,-5.2372976342015818e0,28.679166138063,arc-169,supported,supported,false
source:bto-bfo-medium:370024,bto-bfo-medium,370024,24337,arc1-current-polar-best-glide-equal-feed,415,-38.817934141864,87.866550970841,1394239010.053280,6.4719320655533770e-5,2.8060490864721790e-4,-4.5520762908770394e0,24.536014496714,arc-170,supported,supported,false
source:bto-bfo-medium:370024,bto-bfo-medium,370024,24404,arc1-current-polar-best-glide-equal-feed,416,-38.290890975270,88.817029609402,1394238945.888749,1.9313133254937460e-4,4.2201336264768526e-4,-5.2372976342015818e0,28.386464519873,arc-169,supported,supported,false
source:bto-bfo-medium:370024,bto-bfo-medium,370024,24467,arc1-current-polar-best-glide-equal-feed,417,-38.022334998401,89.370951837863,1394239048.534014,7.4369236377112903e-5,7.1520879649508107e-5,-6.0580171123982325e0,27.766293785765,arc-168,supported,supported,false
source:bto-bfo-medium:370024,bto-bfo-medium,370024,24522,arc1-current-polar-best-glide-equal-feed,418,-37.954711675169,89.335106588093,1394238948.940176,1.1313254539202687e-4,1.0879954612409832e-4,-6.0580171123982325e0,24.011824475017,arc-168,supported,supported,false
source:bto-bfo-medium:370024,bto-bfo-medium,370024,24580,arc1-current-polar-best-glide-equal-feed,419,-38.264689735865,88.827565863230,1394238971.191169,9.4167494323689507e-5,2.0576640986768604e-4,-5.2372976342015818e0,28.273719598689,arc-169,supported,supported,false
source:bto-bfo-medium:370024,bto-bfo-medium,370024,24636,arc1-current-polar-best-glide-equal-feed,420,-38.098010847050,89.736299462044,1394239156.721486,4.7199697410946646e-4,4.5391939496375008e-4,-6.0580171123982325e0,44.715893352641,arc-168,supported,supported,false
source:bto-bfo-medium:370024,bto-bfo-medium,370024,24689,arc1-current-polar-best-glide-equal-feed,421,-37.643017673208,90.151185807207,1394239049.114929,2.9115440709274760e-4,8.3788929308995277e-6,-9.5671021134964036e0,33.490949181228,arc-167,supported,supported,false
source:bto-bfo-medium:370024,bto-bfo-medium,370024,24743,arc1-current-polar-best-glide-equal-feed,422,-38.139087716615,89.202063032656,1394238972.406959,3.1144658090523488e-4,2.9951811414631108e-4,-6.0580171123982325e0,27.894875816464,arc-168,supported,supported,false
source:bto-bfo-medium:370024,bto-bfo-medium,370024,24802,arc1-current-polar-best-glide-equal-feed,423,-37.801409519548,90.203555069869,1394239117.773654,6.7198799672482082e-4,1.9338589209859783e-5,-9.5671021134964036e0,41.078257509025,arc-167,supported,supported,false
source:bto-bfo-medium:370024,bto-bfo-medium,370024,24852,arc1-current-polar-best-glide-equal-feed,424,-38.073061212366,89.694095348445,1394239080.489165,6.9592943707377124e-4,6.6927519950737166e-4,-6.0580171123982325e0,42.246874969691,arc-168,supported,supported,false
source:bto-bfo-medium:370024,bto-bfo-medium,370024,24910,arc1-current-polar-best-glide-equal-feed,425,-38.465962241000,88.447180320219,1394238915.438753,1.8877005048281874e-4,4.1248347805533539e-4,-5.2372976342015818e0,23.373862864587,arc-169,supported,supported,false
source:bto-bfo-medium:370024,bto-bfo-medium,370024,24970,arc1-current-polar-best-glide-equal-feed,426,-38.168856349296,89.270634522941,1394238975.448164,5.6756711581683762e-4,5.4582918100053157e-4,-6.0580171123982325e0,31.107450437555,arc-168,supported,supported,false
source:bto-bfo-medium:370024,bto-bfo-medium,370024,25032,arc1-current-polar-best-glide-equal-feed,427,-38.126612152394,89.282694403434,1394238988.898303,3.7387923979637501e-4,3.5955958963100761e-4,-6.0580171123982325e0,29.355055708337,arc-168,supported,supported,false
source:bto-bfo-medium:370024,bto-bfo-medium,370024,25094,arc1-current-polar-best-glide-equal-feed,428,-38.490939260495,88.396343619721,1394238955.931520,9.3029111927550541e-5,2.0327891818711828e-4,-5.2372976342015818e0,24.045883166679,arc-169,supported,supported,false
source:bto-bfo-medium:370024,bto-bfo-medium,370024,25151,arc1-current-polar-best-glide-equal-feed,429,-37.987816594552,89.878181310329,1394239089.265312,7.5244205825286768e-4,2.1653910396754112e-5,-9.5671021134964036e0,41.053031473119,arc-167,supported,supported,false
source:bto-bfo-medium:370024,bto-bfo-medium,370024,25206,arc1-current-polar-best-glide-equal-feed,430,-38.675566313775,88.791522818174,1394239109.224334,8.2694432426583784e-4,1.8069649828394655e-3,-5.2372976342015818e0,42.341012233590,arc-169,supported,supported,false
source:bto-bfo-medium:370024,bto-bfo-medium,370024,25266,arc1-current-polar-best-glide-equal-feed,431,-38.259598506949,89.459213376080,1394239128.496620,6.0974718419296167e-4,5.8639374426482766e-4,-6.0580171123982325e0,40.783325296001,arc-168,supported,supported,false
source:bto-bfo-medium:370024,bto-bfo-medium,370024,25330,arc1-current-polar-best-glide-equal-feed,432,-37.727698428025,89.664216852868,1394238924.055032,1.1266016986037874e-4,3.2421542585009268e-6,-9.5671021134964036e0,22.997216776625,arc-167,supported,supported,false
source:bto-bfo-medium:370024,bto-bfo-medium,370024,25392,arc1-current-polar-best-glide-equal-feed,433,-38.181064997244,89.443685197844,1394239068.538115,5.8972646043865254e-4,5.6713981826151240e-4,-6.0580171123982325e0,36.762011303154,arc-168,supported,supported,false
source:bto-bfo-medium:370024,bto-bfo-medium,370024,25447,arc1-current-polar-best-glide-equal-feed,434,-38.301561650189,89.449528678825,1394239138.900188,7.0100231242539973e-4,6.7415378271160141e-4,-6.0580171123982325e0,42.480441592482,arc-168,supported,supported,false
source:bto-bfo-medium:370024,bto-bfo-medium,370024,25500,arc1-current-polar-best-glide-equal-feed,435,-37.962122811574,89.945217847289,1394239117.493042,6.6561353140639731e-4,1.9155143721508343e-5,-9.5671021134964036e0,40.997299167883,arc-167,supported,supported,false
source:bto-bfo-medium:370024,bto-bfo-medium,370024,25555,arc1-current-polar-best-glide-equal-feed,436,-38.295469364977,89.161909888088,1394239000.144492,7.1613362928564170e-4,6.8870556708938192e-4,-6.0580171123982325e0,35.685786148444,arc-168,supported,supported,false
source:bto-bfo-medium:370024,bto-bfo-medium,370024,25613,arc1-current-polar-best-glide-equal-feed,437,-38.116362033748,89.911829175706,1394239163.012483,8.8764653942093779e-4,2.5544848826287153e-5,-9.5671021134964036e0,48.813679563330,arc-167,supported,supported,false
source:bto-bfo-medium:370024,bto-bfo-medium,370024,25678,arc1-current-polar-best-glide-equal-feed,438,-38.270009703713,89.306735653611,1394239089.750004,5.0249235728909284e-4,4.8324679882730313e-4,-6.0580171123982325e0,37.171178833965,arc-168,supported,supported,false
source:bto-bfo-medium:370024,bto-bfo-medium,370024,25736,arc1-current-polar-best-glide-equal-feed,439,-37.959769147916,89.592612043918,1394238997.652628,3.9522819173820969e-4,3.8009087241482536e-4,-6.0580171123982325e0,34.974080582379,arc-168,supported,supported,false
source:bto-bfo-medium:370024,bto-bfo-medium,370024,25795,arc1-current-polar-best-glide-equal-feed,440,-37.708178458709,90.011471436712,1394239042.184170,2.5056843780440222e-4,7.2109027412284452e-6,-9.5671021134964036e0,30.554519699408,arc-167,supported,supported,false
source:bto-bfo-medium:370024,bto-bfo-medium,370024,25848,arc1-current-polar-best-glide-equal-feed,441,-38.403106667034,88.726874639378,1394238937.268911,4.1774407818408074e-4,9.1281710136573320e-4,-5.2372976342015818e0,28.246112888767,arc-169,supported,supported,false
source:bto-bfo-medium:370024,bto-bfo-medium,370024,25913,arc1-current-polar-best-glide-equal-feed,442,-38.039436807906,89.496553153661,1394239067.788869,1.9542005038439124e-4,1.8793542310653806e-4,-6.0580171123982325e0,33.189170830421,arc-168,supported,supported,false
source:bto-bfo-medium:370024,bto-bfo-medium,370024,25976,arc1-current-polar-best-glide-equal-feed,443,-37.666124326303,89.409867294121,1394238668.210432,2.6660278220746330e-4,7.6723419353383494e-6,-9.5671021134964036e0,19.764214551531,arc-167,supported,supported,false
source:bto-bfo-medium:370024,bto-bfo-medium,370024,26041,arc1-current-polar-best-glide-equal-feed,444,-38.584215501939,88.942449406075,1394239125.695889,7.1751269504085225e-4,1.5678447467822509e-3,-5.2372976342015818e0,43.018130218834,arc-169,supported,supported,false
source:bto-bfo-medium:370024,bto-bfo-medium,370024,26097,arc1-current-polar-best-glide-equal-feed,445,-38.086887070677,89.689044734177,1394239110.840432,5.6974909058835771e-4,5.4792758569895930e-4,-6.0580171123982325e0,42.441778647171,arc-168,supported,supported,false
source:bto-bfo-medium:370024,bto-bfo-medium,370024,26157,arc1-current-polar-best-glide-equal-feed,446,-38.314614025558,89.070757875864,1394239063.365993,2.8004112695181584e-4,2.6931549540284495e-4,-6.0580171123982325e0,35.622504242387,arc-168,supported,supported,false
source:bto-bfo-medium:370024,bto-bfo-medium,370024,26217,arc1-current-polar-best-glide-equal-feed,447,-37.984950696264,90.004354881944,1394239137.177761,7.7907828822555063e-4,2.2420452525559439e-5,-9.5671021134964036e0,43.545608144455,arc-167,supported,supported,false
source:bto-bfo-medium:370024,bto-bfo-medium,370024,26282,arc1-current-polar-best-glide-equal-feed,448,-38.295170635931,88.993181054338,1394239069.843947,1.0551280013360183e-4,1.0147163864331852e-4,-6.0580171123982325e0,33.874469751306,arc-168,supported,supported,false
source:bto-bfo-medium:370024,bto-bfo-medium,370024,26332,arc1-current-polar-best-glide-equal-feed,449,-38.084662414737,89.826977172482,1394239099.854495,9.0549954664925162e-4,2.6058625820268786e-5,-9.5671021134964036e0,45.714953351410,arc-167,supported,supported,false
source:bto-bfo-medium:370024,bto-bfo-medium,370024,26384,arc1-current-polar-best-glide-equal-feed,450,-38.241500737404,88.122106182520,1394238687.703562,1.0904904526134861e-5,2.3828424770225270e-5,-5.2372976342015818e0,10.639245317679,arc-169,supported,supported,false
source:bto-bfo-medium:370024,bto-bfo-medium,370024,26447,arc1-current-polar-best-glide-equal-feed,451,-37.807228404245,89.796805173847,1394239001.848797,2.8493668349361090e-4,8.1999581834186078e-6,-9.5671021134964036e0,29.566413652701,arc-167,supported,supported,false
source:bto-bfo-medium:370024,bto-bfo-medium,370024,26502,arc1-current-polar-best-glide-equal-feed,452,-38.059466773634,89.525874543785,1394239084.720416,2.3727911119848156e-4,2.2819127346306175e-4,-6.0580171123982325e0,35.008906852362,arc-168,supported,supported,false
source:bto-bfo-medium:370024,bto-bfo-medium,370024,26558,arc1-current-polar-best-glide-equal-feed,453,-37.832471727014,89.890142323420,1394239028.448181,4.8605238706089305e-4,1.3987701407844469e-5,-9.5671021134964036e0,32.912348480134,arc-167,supported,supported,false
source:bto-bfo-medium:370024,bto-bfo-medium,370024,26617,arc1-current-polar-best-glide-equal-feed,454,-37.972576871920,89.587534591948,1394239014.258537,3.7237812205435250e-4,3.5811596500075698e-4,-6.0580171123982325e0,35.055970382098,arc-168,supported,supported,false
source:bto-bfo-medium:370024,bto-bfo-medium,370024,26676,arc1-current-polar-best-glide-equal-feed,455,-38.064966359538,89.720219267693,1394239125.627870,4.7235951062082139e-4,4.5426804625372207e-4,-6.0580171123982325e0,43.112063600973,arc-168,supported,supported,false
source:bto-bfo-medium:370024,bto-bfo-medium,370024,26740,arc1-current-polar-best-glide-equal-feed,456,-38.253711555230,89.214784489162,1394239005.223306,6.4959620366810506e-4,6.2471653827041217e-4,-6.0580171123982325e0,34.297824642465,arc-168,supported,supported,false
source:bto-bfo-medium:370024,bto-bfo-medium,370024,26802,arc1-current-polar-best-glide-equal-feed,457,-37.801219455530,90.198393945301,1394239129.895186,5.8598946798947668e-4,1.6863708366792881e-5,-9.5671021134964036e0,40.884776041830,arc-167,supported,supported,false
source:bto-bfo-medium:370024,bto-bfo-medium,370024,26855,arc1-current-polar-best-glide-equal-feed,458,-37.891367416905,89.985417482289,1394239105.003835,5.5132438830992106e-4,1.5866110583622209e-5,-9.5671021134964036e0,38.284176714204,arc-167,supported,supported,false
source:bto-bfo-medium:370024,bto-bfo-medium,370024,26911,arc1-current-polar-best-glide-equal-feed,459,-38.064011372821,89.637558792633,1394239093.131330,4.5343548358037472e-4,4.3606881325930751e-4,-6.0580171123982325e0,39.647530731191,arc-168,supported,supported,false
source:bto-bfo-medium:370024,bto-bfo-medium,370024,26970,arc1-current-polar-best-glide-equal-feed,460,-37.842585586938,89.843340422356,1394239051.994884,3.0006519292026550e-4,8.6353290986514416e-6,-9.5671021134964036e0,32.417416026615,arc-167,supported,supported,false
source:bto-bfo-medium:370024,bto-bfo-medium,370024,27028,arc1-current-polar-best-glide-equal-feed,461,-37.951063694096,89.856803738424,1394239129.695529,3.4263537218508032e-4,9.8604212333394645e-6,-9.5671021134964036e0,38.627172910551,arc-167,supported,supported,false
source:bto-bfo-medium:370024,bto-bfo-medium,370024,27088,arc1-current-polar-best-glide-equal-feed,462,-37.739618798179,89.727517315529,1394238981.429241,9.0887785043837404e-5,2.6155847243154838e-6,-9.5671021134964036e0,24.568970508556,arc-167,supported,supported,false
source:bto-bfo-medium:370024,bto-bfo-medium,370024,27148,arc1-current-polar-best-glide-equal-feed,463,-37.908764730891,89.849642852477,1394239066.987893,4.8774285319443307e-4,1.4036349940688895e-5,-9.5671021134964036e0,36.155767759382,arc-167,supported,supported,false
source:bto-bfo-medium:370024,bto-bfo-medium,370024,27211,arc1-current-polar-best-glide-equal-feed,464,-37.916284902031,89.827395449405,1394239073.870793,4.2506365027145657e-4,1.2232556772899223e-5,-9.5671021134964036e0,36.169364380995,arc-167,supported,supported,false
source:bto-bfo-medium:370024,bto-bfo-medium,370024,27269,arc1-current-polar-best-glide-equal-feed,465,-38.265631097915,89.277597569136,1394239128.298331,2.3309029978761509e-4,2.2416289437265558e-4,-6.0580171123982325e0,36.267463823445,arc-168,supported,supported,false
source:bto-bfo-medium:370024,bto-bfo-medium,370024,27324,arc1-current-polar-best-glide-equal-feed,466,-38.154511056747,89.650834821294,1394239157.613408,4.8033333545785306e-4,4.6193647199395334e-4,-6.0580171123982325e0,43.110338028702,arc-168,supported,supported,false
source:bto-bfo-medium:370024,bto-bfo-medium,370024,27378,arc1-current-polar-best-glide-equal-feed,467,-38.155892866245,89.139996857592,1394239035.502711,9.1777320865991423e-5,8.8262230997317699e-5,-6.0580171123982325e0,27.497325666886,arc-168,supported,supported,false
source:bto-bfo-medium:370024,bto-bfo-medium,370024,27439,arc1-current-polar-best-glide-equal-feed,468,-37.991391863113,89.674423287255,1394239060.629188,4.2633871098469019e-4,1.2269250695217829e-5,-9.5671021134964036e0,38.625993952653,arc-167,supported,supported,false
source:bto-bfo-medium:370024,bto-bfo-medium,370024,27494,arc1-current-polar-best-glide-equal-feed,469,-37.961409123583,89.860467769829,1394239069.382741,7.1949043168018621e-4,2.0705622669604824e-5,-9.5671021134964036e0,39.267626759750,arc-167,supported,supported,false
source:bto-bfo-medium:370024,bto-bfo-medium,370024,27549,arc1-current-polar-best-glide-equal-feed,470,-37.771098254240,89.922866929660,1394239014.368140,3.8452154800937678e-4,1.1065828996254806e-5,-9.5671021134964036e0,30.646336564829,arc-167,supported,supported,false
source:bto-bfo-medium:370024,bto-bfo-medium,370024,27608,arc1-current-polar-best-glide-equal-feed,471,-38.074539192214,89.856657224939,1394239167.138756,6.1730443559264859e-4,1.7764896033163944e-5,-9.5671021134964036e0,45.566890498704,arc-167,supported,supported,false
source:bto-bfo-medium:370024,bto-bfo-medium,370024,27681,arc1-current-polar-best-glide-equal-feed,472,-37.607841429894,89.503000275483,1394238792.315095,3.3952975731409464e-5,9.7710473002830375e-7,-9.5671021134964036e0,15.284629157317,arc-167,supported,supported,false
source:bto-bfo-medium:370024,bto-bfo-medium,370024,27739,arc1-current-polar-best-glide-equal-feed,473,-38.629058138009,88.681291042658,1394239084.665700,5.1138248884720111e-4,1.1174274048069183e-3,-5.2372976342015818e0,37.131150370231,arc-169,supported,supported,false
source:bto-bfo-medium:370024,bto-bfo-medium,370024,27794,arc1-current-polar-best-glide-equal-feed,474,-38.209334779259,89.172813498370,1394238991.165683,4.3382544027111648e-4,4.1720983855730582e-4,-6.0580171123982325e0,31.056982814643,arc-168,supported,supported,false
source:bto-bfo-medium:370024,bto-bfo-medium,370024,27850,arc1-current-polar-best-glide-equal-feed,475,-38.227997481752,89.332306018589,1394239107.909966,3.0712874239106555e-4,2.9536564971663793e-4,-6.0580171123982325e0,35.675282851998,arc-168,supported,supported,false
source:bto-bfo-medium:370024,bto-bfo-medium,370024,27911,arc1-current-polar-best-glide-equal-feed,476,-37.641317122116,90.048465279139,1394239030.402502,1.7062311618106719e-4,4.9102221611303874e-6,-9.5671021134964036e0,29.344894385893,arc-167,supported,supported,false
source:bto-bfo-medium:370024,bto-bfo-medium,370024,27970,arc1-current-polar-best-glide-equal-feed,477,-37.848936256529,89.856124711685,1394239055.352598,3.3229806446762316e-4,9.5629323667850905e-6,-9.5671021134964036e0,33.026280125434,arc-167,supported,supported,false
source:bto-bfo-medium:370024,bto-bfo-medium,370024,28026,arc1-current-polar-best-glide-equal-feed,478,-38.305865902367,89.404154454572,1394239125.952315,6.8267815427408400e-4,6.5653144350707993e-4,-6.0580171123982325e0,41.445676382953,arc-168,supported,supported,false
source:bto-bfo-medium:370024,bto-bfo-medium,370024,28085,arc1-current-polar-best-glide-equal-feed,479,-38.389258239424,88.651622522953,1394238940.729770,2.1536820436597590e-4,4.7060339165134443e-4,-5.2372976342015818e0,25.031937115487,arc-169,supported,supported,false
source:bto-bfo-medium:370024,bto-bfo-medium,370024,28140,arc1-current-polar-best-glide-equal-feed,480,-37.756880109087,89.799756948024,1394239016.002687,1.2784514992044891e-4,3.6791502955921379e-6,-9.5671021134964036e0,26.886669858137,arc-167,supported,supported,false
source:bto-bfo-medium:370024,bto-bfo-medium,370024,28195,arc1-current-polar-best-glide-equal-feed,481,-38.110883153376,89.394523982761,1394239031.475192,3.7915767098749590e-4,3.6463585584468888e-4,-6.0580171123982325e0,32.126520044813,arc-168,supported,supported,false
source:bto-bfo-medium:370024,bto-bfo-medium,370024,28251,arc1-current-polar-best-glide-equal-feed,482,-37.811641136068,89.635978903455,1394238907.950207,3.3031184735491878e-4,9.5057726600471662e-6,-9.5671021134964036e0,27.682007487508,arc-167,supported,supported,false
source:bto-bfo-medium:370024,bto-bfo-medium,370024,28313,arc1-current-polar-best-glide-equal-feed,483,-38.105414798557,89.156022569826,1394238905.419627,3.5542890052691327e-4,3.4181590207057132e-4,-6.0580171123982325e0,25.079708420979,arc-168,supported,supported,false
source:bto-bfo-medium:370024,bto-bfo-medium,370024,28372,arc1-current-polar-best-glide-equal-feed,484,-37.746855962846,89.766158031639,1394238987.678227,1.3333096261264698e-4,3.8370219817736103e-6,-9.5671021134964036e0,25.662864370763,arc-167,supported,supported,false
source:bto-bfo-medium:370024,bto-bfo-medium,370024,28432,arc1-current-polar-best-glide-equal-feed,485,-37.986753062901,89.496239303630,1394239033.547543,1.7868030394351312e-4,1.7183681232491987e-4,-6.0580171123982325e0,31.550924249446,arc-168,supported,supported,false
source:bto-bfo-medium:370024,bto-bfo-medium,370024,28495,arc1-current-polar-best-glide-equal-feed,486,-38.116779378399,89.742072087336,1394239158.329979,5.5835824885172309e-4,5.3697301549440063e-4,-6.0580171123982325e0,45.508028559723,arc-168,supported,supported,false
source:bto-bfo-medium:370024,bto-bfo-medium,370024,28556,arc1-current-polar-best-glide-equal-feed,487,-38.473473770264,88.354390241414,1394238909.182493,1.0986849801723749e-4,2.4007484277804221e-4,-5.2372976342015818e0,22.581367317215,arc-169,supported,supported,false
source:bto-bfo-medium:370024,bto-bfo-medium,370024,28618,arc1-current-polar-best-glide-equal-feed,488,-38.315852761424,89.006512230676,1394239059.798110,1.8937448789435913e-4,1.8212140687715793e-4,-6.0580171123982325e0,35.182805847089,arc-168,supported,supported,false
source:bto-bfo-medium:370024,bto-bfo-medium,370024,28682,arc1-current-polar-best-glide-equal-feed,489,-38.311377785622,88.842560281119,1394238976.694984,1.9544983517340674e-4,4.2707954779620404e-4,-5.2372976342015818e0,29.982765386623,arc-169,supported,supported,false
source:bto-bfo-medium:370024,bto-bfo-medium,370024,28743,arc1-current-polar-best-glide-equal-feed,490,-38.545693229530,88.893101695896,1394239103.536527,5.7084183083269170e-4,1.2473526557793414e-3,-5.2372976342015818e0,39.749622471107,arc-169,supported,supported,false
source:bto-bfo-medium:370024,bto-bfo-medium,370024,28800,arc1-current-polar-best-glide-equal-feed,491,-38.160010640048,89.627117046832,1394239104.527546,7.3871524354850171e-4,7.1042230097913121e-4,-6.0580171123982325e0,42.401604696212,arc-168,supported,supported,false
source:bto-bfo-medium:370024,bto-bfo-medium,370024,28857,arc1-current-polar-best-glide-equal-feed,492,-38.417626372989,88.876356446671,1394239054.472973,2.9280312066413299e-4,6.3980726438376569e-4,-5.2372976342015818e0,34.449546406145,arc-169,supported,supported,false
source:bto-bfo-medium:370024,bto-bfo-medium,370024,28911,arc1-current-polar-best-glide-equal-feed,493,-37.648339269609,89.941254707813,1394238993.804586,1.3522576869260495e-4,3.8915510456724437e-6,-9.5671021134964036e0,25.661723953646,arc-167,supported,supported,false
source:bto-bfo-medium:370024,bto-bfo-medium,370024,28971,arc1-current-polar-best-glide-equal-feed,494,-38.561951885410,88.419193012199,1394238950.735260,3.1262972199386387e-4,6.8313058528973898e-4,-5.2372976342015818e0,28.442058054979,arc-169,supported,supported,false
source:bto-bfo-medium:370024,bto-bfo-medium,370024,29025,arc1-current-polar-best-glide-equal-feed,495,-37.966278209204,89.906579576707,1394239106.321840,6.5299365052056628e-4,1.8791966561324024e-5,-9.5671021134964036e0,40.411495974863,arc-167,supported,supported,false
source:bto-bfo-medium:370024,bto-bfo-medium,370024,29077,arc1-current-polar-best-glide-equal-feed,496,-37.685514888907,90.281898660006,1394239156.320441,2.3033842569372042e-4,6.6287198810795916e-6,-9.5671021134964036e0,40.146516714924,arc-167,supported,supported,false
source:bto-bfo-medium:370024,bto-bfo-medium,370024,29132,arc1-current-polar-best-glide-equal-feed,497,-37.989001386033,89.820818041747,1394239117.622876,4.7040228606975000e-4,1.3537320038481328e-5,-9.5671021134964036e0,40.159001422733,arc-167,supported,supported,false
source:bto-bfo-medium:370024,bto-bfo-medium,370024,29184,arc1-current-polar-best-glide-equal-feed,498,-38.660929259261,88.759572145153,1394239083.924219,8.1885979664265984e-4,1.7892993941302732e-3,-5.2372976342015818e0,40.755343669604,arc-169,supported,supported,false
source:bto-bfo-medium:370024,bto-bfo-medium,370024,29241,arc1-current-polar-best-glide-equal-feed,499,-38.469483611694,88.862580523193,1394239054.701691,4.4562699784310070e-4,9.7374437054785663e-4,-5.2372976342015818e0,35.722222130180,arc-169,supported,supported,false
source:bto-bfo-medium:370024,bto-bfo-medium,370024,29296,arc1-current-polar-best-glide-equal-feed,500,-37.847876290041,89.967625679380,1394239074.926824,4.8941159453133197e-4,1.4084373273499999e-5,-9.5671021134964036e0,35.642142456272,arc-167,supported,supported,false
source:bto-bfo-medium:370024,bto-bfo-medium,370024,29354,arc1-current-polar-best-glide-equal-feed,501,-38.457016727546,89.070386282109,1394239085.978419,7.1616538655461931e-4,1.5649007284435745e-3,-5.2372976342015818e0,43.498249349044,arc-169,supported,supported,false
source:bto-bfo-medium:370024,bto-bfo-medium,370024,29409,arc1-current-polar-best-glide-equal-feed,502,-38.033335485658,89.562948822753,1394239079.151982,2.5519032820629756e-4,2.4541648725302746e-4,-6.0580171123982325e0,35.671154404783,arc-168,supported,supported,false
source:bto-bfo-medium:370024,bto-bfo-medium,370024,29466,arc1-current-polar-best-glide-equal-feed,503,-37.902683751472,89.524527786733,1394238938.997622,2.8614209559890414e-4,2.7518279572231026e-4,-6.0580171123982325e0,30.742400560787,arc-168,supported,supported,false
source:bto-bfo-medium:370024,bto-bfo-medium,370024,29526,arc1-current-polar-best-glide-equal-feed,504,-37.968478717201,89.826352839929,1394239074.543331,6.3370933684292214e-4,1.8236999177645095e-5,-9.5671021134964036e0,39.083321015384,arc-167,supported,supported,false
source:bto-bfo-medium:370024,bto-bfo-medium,370024,29593,arc1-current-polar-best-glide-equal-feed,505,-37.887654096527,89.951858020139,1394239045.797062,7.5791208005758200e-4,2.1811327649987676e-5,-9.5671021134964036e0,37.250907648466,arc-167,supported,supported,false
source:bto-bfo-medium:370024,bto-bfo-medium,370024,29650,arc1-current-polar-best-glide-equal-feed,506,-37.660900422839,89.965370660700,1394239018.205044,1.3544674911620202e-4,3.8979104593170151e-6,-9.5671021134964036e0,27.015207201783,arc-167,supported,supported,false
source:bto-bfo-medium:370024,bto-bfo-medium,370024,29702,arc1-current-polar-best-glide-equal-feed,507,-37.638973279519,89.961524901330,1394238995.446310,1.3860025364277465e-4,3.9886625693369197e-6,-9.5671021134964036e0,26.003853415918,arc-167,supported,supported,false
source:bto-bfo-medium:370024,bto-bfo-medium,370024,29772,arc1-current-polar-best-glide-equal-feed,508,-38.474773074866,87.842383815778,1394238694.706647,4.5314910072674508e-5,1.9647280089631921e-4,-4.5520762908770394e0,11.185485425892,arc-170,supported,supported,false
source:bto-bfo-medium:370024,bto-bfo-medium,370024,29832,arc1-current-polar-best-glide-equal-feed,509,-38.003195311482,89.549495730714,1394239076.017752,1.6402348887791340e-4,1.5774135622750507e-4,-6.0580171123982325e0,34.238221572481,arc-168,supported,supported,false
source:bto-bfo-medium:370024,bto-bfo-medium,370024,29892,arc1-current-polar-best-glide-equal-feed,510,-38.454140804660,88.509691849867,1394238996.302476,6.7817916004210489e-5,1.4818966142315777e-4,-5.2372976342015818e0,23.988653260430,arc-169,supported,supported,false
source:bto-bfo-medium:370024,bto-bfo-medium,370024,29951,arc1-current-polar-best-glide-equal-feed,511,-37.908291823683,89.114157673333,1394238772.674495,1.4709659833454951e-4,1.4146276900020775e-4,-6.0580171123982325e0,14.157788876315,arc-168,supported,supported,false
source:bto-bfo-medium:370025,bto-bfo-medium,370025,36,arc1-current-polar-best-glide-equal-feed,0,-38.479414647939,89.055435343353,1394239126.160410,5.5054074730014079e-4,1.2029925386824775e-3,-5.2372976342015818e0,43.559534096053,arc-169,supported,supported,false
source:bto-bfo-medium:370025,bto-bfo-medium,370025,90,arc1-current-polar-best-glide-equal-feed,1,-37.653041366741,90.118378649924,1394239022.268650,3.6792971829888681e-4,1.0588346391543193e-5,-9.5671021134964036e0,32.486425689598,arc-167,supported,supported,false
source:bto-bfo-medium:370025,bto-bfo-medium,370025,149,arc1-current-polar-best-glide-equal-feed,2,-38.227757199006,89.550459788053,1394239136.137698,6.6087184286920525e-4,6.3556031821974219e-4,-6.0580171123982325e0,42.295203384637,arc-168,supported,supported,false
source:bto-bfo-medium:370025,bto-bfo-medium,370025,213,arc1-current-polar-best-glide-equal-feed,3,-38.503997019287,88.565426450660,1394238975.487660,2.9621371142001126e-4,6.4725978311547044e-4,-5.2372976342015818e0,27.888224129042,arc-169,supported,supported,false
source:bto-bfo-medium:370025,bto-bfo-medium,370025,279,arc1-current-polar-best-glide-equal-feed,4,-38.042931453613,89.618593910126,1394239076.178406,4.1914708077130883e-4,4.0309366318185165e-4,-6.0580171123982325e0,38.247144153063,arc-168,supported,supported,false
source:bto-bfo-medium:370025,bto-bfo-medium,370025,347,arc1-current-polar-best-glide-equal-feed,5,-37.580357200798,90.447087907598,1394239142.032279,2.9445328484349972e-4,2.1374168948359068e-3,-4.0367312205080452e0,39.030711525091,arc-166,supported,supported,false
source:bto-bfo-medium:370025,bto-bfo-medium,370025,404,arc1-current-polar-best-glide-equal-feed,6,-37.980515068470,89.712234097956,1394239027.901951,6.3252503937860410e-4,1.8202917256128070e-5,-9.5671021134964036e0,38.305462373449,arc-167,supported,supported,false
source:bto-bfo-medium:370025,bto-bfo-medium,370025,462,arc1-current-polar-best-glide-equal-feed,7,-37.749906868809,89.858419103271,1394239065.625881,8.1938825979587312e-5,2.3580500004173554e-6,-9.5671021134964036e0,27.884107393801,arc-167,supported,supported,false
source:bto-bfo-medium:370025,bto-bfo-medium,370025,521,arc1-current-polar-best-glide-equal-feed,8,-38.517299944795,89.125823322067,1394239135.024473,8.1766925076022599e-4,1.7866979194518780e-3,-5.2372976342015818e0,47.566316051826,arc-169,supported,supported,false
source:bto-bfo-medium:370025,bto-bfo-medium,370025,574,arc1-current-polar-best-glide-equal-feed,9,-38.133229133394,89.629490688714,1394239140.064442,4.4765480641830368e-4,4.3050953719649175e-4,-6.0580171123982325e0,41.549729971450,arc-168,supported,supported,false
source:bto-bfo-medium:370025,bto-bfo-medium,370025,626,arc1-current-polar-best-glide-equal-feed,10,-37.950696701654,89.644730411750,1394239057.118872,2.3344931615578454e-4,6.7182456360274975e-6,-9.5671021134964036e0,36.007921490894,arc-167,supported,supported,false
source:bto-bfo-medium:370025,bto-bfo-medium,370025,677,arc1-current-polar-best-glide-equal-feed,11,-37.888162996586,89.732154450002,1394239046.991034,2.4738197362356260e-4,7.1192021124589940e-6,-9.5671021134964036e0,33.133872889690,arc-167,supported,supported,false
source:bto-bfo-medium:370025,bto-bfo-medium,370025,733,arc1-current-polar-best-glide-equal-feed,12,-38.333592620534,89.027352361792,1394239039.405616,3.6928830204179420e-4,3.5514448571682001e-4,-6.0580171123982325e0,36.373860621003,arc-168,supported,supported,false
source:bto-bfo-medium:370025,bto-bfo-medium,370025,795,arc1-current-polar-best-glide-equal-feed,13,-38.022071009437,89.742526661006,1394239119.924582,3.9794874557636179e-4,1.1452239258421889e-5,-9.5671021134964036e0,41.050350056606,arc-167,supported,supported,false
source:bto-bfo-medium:370025,bto-bfo-medium,370025,846,arc1-current-polar-best-glide-equal-feed,14,-37.737639111667,90.162210157882,1394239129.108114,2.7257796171126724e-4,7.8442967060223525e-6,-9.5671021134964036e0,37.137252750228,arc-167,supported,supported,false
source:bto-bfo-medium:370025,bto-bfo-medium,370025,899,arc1-current-polar-best-glide-equal-feed,15,-38.399863736345,88.999229570432,1394239002.780440,7.3912768712270705e-4,1.6150758996545322e-3,-5.2372976342015818e0,38.933797406211,arc-169,supported,supported,false
source:bto-bfo-medium:370025,bto-bfo-medium,370025,952,arc1-current-polar-best-glide-equal-feed,16,-37.867096155952,89.794846040662,1394239046.321725,3.1070361927950610e-4,8.9414836106418480e-6,-9.5671021134964036e0,32.857603916761,arc-167,supported,supported,false
source:bto-bfo-medium:370025,bto-bfo-medium,370025,1007,arc1-current-polar-best-glide-equal-feed,17,-38.120724892166,89.081779453206,1394238981.016130,8.5236123013135860e-5,8.1971562339306866e-5,-6.0580171123982325e0,24.534228155402,arc-168,supported,supported,false
source:bto-bfo-medium:370025,bto-bfo-medium,370025,1072,arc1-current-polar-best-glide-equal-feed,18,-38.798552503316,87.954688833901,1394238909.949923,4.1476183591038766e-4,1.7982915441192211e-3,-4.5520762908770394e0,25.933431888876,arc-170,supported,supported,false
source:bto-bfo-medium:370025,bto-bfo-medium,370025,1133,arc1-current-polar-best-glide-equal-feed,19,-38.739437295268,88.318480151320,1394239051.100006,3.2718727867965910e-4,1.4185927094799856e-3,-4.5520762908770394e0,37.344476168049,arc-170,supported,supported,false
source:bto-bfo-medium:370025,bto-bfo-medium,370025,1203,arc1-current-polar-best-glide-equal-feed,20,-37.705732276223,90.118557001465,1394239122.156758,1.5229665944018825e-4,4.3828201534881997e-6,-9.5671021134964036e0,34.325206634624,arc-167,supported,supported,false
source:bto-bfo-medium:370025,bto-bfo-medium,370025,1267,arc1-current-polar-best-glide-equal-feed,21,-38.220520034775,88.416965055871,1394238698.056536,1.2762476020077766e-4,2.7887424323376063e-4,-5.2372976342015818e0,10.038321402252,arc-169,supported,supported,false
source:bto-bfo-medium:370025,bto-bfo-medium,370025,1329,arc1-current-polar-best-glide-equal-feed,22,-38.160739517933,89.528584945083,1394239138.505583,3.3650643919882020e-4,3.2361817482141062e-4,-6.0580171123982325e0,38.808625476971,arc-168,supported,supported,false
source:bto-bfo-medium:370025,bto-bfo-medium,370025,1388,arc1-current-polar-best-glide-equal-feed,23,-37.964461875289,89.379135060925,1394238952.559797,1.7798059619171804e-4,1.7116390352090547e-4,-6.0580171123982325e0,26.083988973153,arc-168,supported,supported,false
source:bto-bfo-medium:370025,bto-bfo-medium,370025,1458,arc1-current-polar-best-glide-equal-feed,24,-38.118378772792,88.484957414174,1394238739.297090,1.9091508133792940e-5,4.1717060816622477e-5,-5.2372976342015818e0,10.455179814066,arc-169,supported,supported,false
source:bto-bfo-medium:370025,bto-bfo-medium,370025,1521,arc1-current-polar-best-glide-equal-feed,25,-38.238150483883,89.330343602159,1394239094.506633,4.0892870826481591e-4,3.9326665639984260e-4,-6.0580171123982325e0,36.131388126807,arc-168,supported,supported,false
source:bto-bfo-medium:370025,bto-bfo-medium,370025,1582,arc1-current-polar-best-glide-equal-feed,26,-38.028901872143,89.468222679501,1394238987.772336,4.2701511042031204e-4,4.1066034571105801e-4,-6.0580171123982325e0,31.722784839395,arc-168,supported,supported,false
source:bto-bfo-medium:370025,bto-bfo-medium,370025,1639,arc1-current-polar-best-glide-equal-feed,27,-39.564675131349,86.866529379200,1394238950.095618,9.4561729457836121e-4,3.5615549761597429e-6,-1.1600604871222773e1,37.706986353777,arc-172,supported,supported,false
source:bto-bfo-medium:370025,bto-bfo-medium,370025,1702,arc1-current-polar-best-glide-equal-feed,28,-37.857095371333,88.943341626208,1394238723.816991,2.8277566140456286e-5,2.7194529663544948e-5,-6.0580171123982325e0,7.501565233097,arc-168,supported,supported,false
source:bto-bfo-medium:370025,bto-bfo-medium,370025,1758,arc1-current-polar-best-glide-equal-feed,29,-37.871412422973,89.864849042145,1394239072.515220,3.5855493931588557e-4,1.0318557346844336e-5,-9.5671021134964036e0,34.419660112095,arc-167,supported,supported,false
source:bto-bfo-medium:370025,bto-bfo-medium,370025,1806,arc1-current-polar-best-glide-equal-feed,30,-37.950034376528,89.869614317709,1394239094.344465,5.5913440956371311e-4,1.6090868754130419e-5,-9.5671021134964036e0,38.805559101769,arc-167,supported,supported,false
source:bto-bfo-medium:370025,bto-bfo-medium,370025,1860,arc1-current-polar-best-glide-equal-feed,31,-38.389147009806,88.942620007890,1394239061.217530,2.8999085917297756e-4,6.3366216139679350e-4,-5.2372976342015818e0,36.272890280000,arc-169,supported,supported,false
source:bto-bfo-medium:370025,bto-bfo-medium,370025,1911,arc1-current-polar-best-glide-equal-feed,32,-38.168115944097,89.419610665701,1394239082.577630,4.0659542359584887e-4,3.9102273700350747e-4,-6.0580171123982325e0,35.417908058882,arc-168,supported,supported,false
source:bto-bfo-medium:370025,bto-bfo-medium,370025,1969,arc1-current-polar-best-glide-equal-feed,33,-37.845849440384,89.588963707741,1394238885.374529,4.3806032344804162e-4,1.2606577328149894e-5,-9.5671021134964036e0,29.483804367857,arc-167,supported,supported,false
source:bto-bfo-medium:370025,bto-bfo-medium,370025,2038,arc1-current-polar-best-glide-equal-feed,34,-38.222661546186,89.456021581227,1394239113.787228,5.5176445744669050e-4,5.3063176762785142e-4,-6.0580171123982325e0,38.999066449659,arc-168,supported,supported,false
source:bto-bfo-medium:370025,bto-bfo-medium,370025,2104,arc1-current-polar-best-glide-equal-feed,35,-37.880379104481,89.514512451606,1394238903.800339,3.2653649044569002e-4,3.1403007711299001e-4,-6.0580171123982325e0,29.878791054900,arc-168,supported,supported,false
source:bto-bfo-medium:370025,bto-bfo-medium,370025,2164,arc1-current-polar-best-glide-equal-feed,36,-38.007450277117,89.379959955206,1394238900.685531,5.1840834477817025e-4,4.9855320079084044e-4,-6.0580171123982325e0,27.563147544903,arc-168,supported,supported,false
source:bto-bfo-medium:370025,bto-bfo-medium,370025,2231,arc1-current-polar-best-glide-equal-feed,37,-37.683786526830,90.135053058705,1394239092.074862,2.2432797946812894e-4,6.4557501984495967e-6,-9.5671021134964036e0,34.177237164111,arc-167,supported,supported,false
source:bto-bfo-medium:370025,bto-bfo-medium,370025,2281,arc1-current-polar-best-glide-equal-feed,38,-38.005594816408,89.391638335761,1394239019.583510,1.1962851178436531e-4,1.1504671569563726e-4,-6.0580171123982325e0,27.945421521998,arc-168,supported,supported,false
source:bto-bfo-medium:370025,bto-bfo-medium,370025,2335,arc1-current-polar-best-glide-equal-feed,39,-38.054755296678,89.569534947132,1394239082.805292,3.1685693013880302e-4,3.0472124591485129e-4,-6.0580171123982325e0,36.596190337251,arc-168,supported,supported,false
source:bto-bfo-medium:370025,bto-bfo-medium,370025,2396,arc1-current-polar-best-glide-equal-feed,40,-38.259552459082,89.261118020936,1394239073.574415,4.3417215531879290e-4,4.1754327434884500e-4,-6.0580171123982325e0,35.579034702706,arc-168,supported,supported,false
source:bto-bfo-medium:370025,bto-bfo-medium,370025,2455,arc1-current-polar-best-glide-equal-feed,41,-38.383763824023,89.386343486336,1394239110.663617,9.3406826204221955e-4,8.9829325952990645e-4,-6.0580171123982325e0,44.960350526991,arc-168,supported,supported,false
source:bto-bfo-medium:370025,bto-bfo-medium,370025,2508,arc1-current-polar-best-glide-equal-feed,42,-38.192237040078,89.450839790559,1394239111.959318,4.1289443264074996e-4,3.9708049273367365e-4,-6.0580171123982325e0,37.482180441303,arc-168,supported,supported,false
source:bto-bfo-medium:370025,bto-bfo-medium,370025,2572,arc1-current-polar-best-glide-equal-feed,43,-38.169236755811,89.307306062355,1394239044.409240,3.4570488467613601e-4,3.3246431798482400e-4,-6.0580171123982325e0,32.105884588843,arc-168,supported,supported,false
source:bto-bfo-medium:370025,bto-bfo-medium,370025,2632,arc1-current-polar-best-glide-equal-feed,44,-37.795666039424,90.055916788252,1394239070.522920,5.2931797433048192e-4,1.5232806116868865e-5,-9.5671021134964036e0,35.784255355114,arc-167,supported,supported,false
source:bto-bfo-medium:370025,bto-bfo-medium,370025,2691,arc1-current-polar-best-glide-equal-feed,45,-37.760866647097,89.486152242128,1394238763.725156,3.9744043853454227e-4,1.1437611108630321e-5,-9.5671021134964036e0,24.498281782434,arc-167,supported,supported,false
source:bto-bfo-medium:370025,bto-bfo-medium,370025,2761,arc1-current-polar-best-glide-equal-feed,46,-38.838728539550,88.328638613417,1394239089.830318,5.3557423168780504e-4,2.3221003687051312e-3,-4.5520762908770394e0,40.716257231095,arc-170,supported,supported,false
source:bto-bfo-medium:370025,bto-bfo-medium,370025,2821,arc1-current-polar-best-glide-equal-feed,47,-37.889081091238,89.739683490483,1394239032.346414,3.2792710973431847e-4,9.4371442597738954e-6,-9.5671021134964036e0,33.283084404372,arc-167,supported,supported,false
source:bto-bfo-medium:370025,bto-bfo-medium,370025,2879,arc1-current-polar-best-glide-equal-feed,48,-38.490309131818,89.044507231308,1394239167.553102,3.5062592776081416e-4,7.6615650527848392e-4,-5.2372976342015818e0,43.462767283440,arc-169,supported,supported,false
source:bto-bfo-medium:370025,bto-bfo-medium,370025,2945,arc1-current-polar-best-glide-equal-feed,49,-38.117540765888,89.186161552854,1394238955.640879,2.7560041042048832e-4,2.6504485920881247e-4,-6.0580171123982325e0,26.399075982258,arc-168,supported,supported,false
source:bto-bfo-medium:370025,bto-bfo-medium,370025,3003,arc1-current-polar-best-glide-equal-feed,50,-37.907020904048,89.676738189887,1394239043.150125,2.2017450645426485e-4,6.3362208187570487e-6,-9.5671021134964036e0,33.651109461086,arc-167,supported,supported,false
source:bto-bfo-medium:370025,bto-bfo-medium,370025,3057,arc1-current-polar-best-glide-equal-feed,51,-37.845445470548,89.502883385072,1394238917.190324,1.6300640218675411e-4,1.5676322416140892e-4,-6.0580171123982325e0,28.802434142554,arc-168,supported,supported,false
source:bto-bfo-medium:370025,bto-bfo-medium,370025,3111,arc1-current-polar-best-glide-equal-feed,52,-38.038206522766,89.722866446729,1394239098.565655,5.4105267697132620e-4,1.5570509461239842e-5,-9.5671021134964036e0,41.799570674874,arc-167,supported,supported,false
source:bto-bfo-medium:370025,bto-bfo-medium,370025,3160,arc1-current-polar-best-glide-equal-feed,53,-38.161040443833,89.573082478976,1394239114.136247,5.7007196284534004e-4,5.4823809188348795e-4,-6.0580171123982325e0,40.427936822283,arc-168,supported,supported,false
source:bto-bfo-medium:370025,bto-bfo-medium,370025,3214,arc1-current-polar-best-glide-equal-feed,54,-38.355095493823,89.029778522302,1394239021.372590,5.4692676949666917e-4,5.2597936410039186e-4,-6.0580171123982325e0,37.667500896319,arc-168,supported,supported,false
source:bto-bfo-medium:370025,bto-bfo-medium,370025,3266,arc1-current-polar-best-glide-equal-feed,55,-38.133413809695,89.403367637562,1394239027.510293,5.1187931706841820e-4,4.9227423615700184e-4,-6.0580171123982325e0,33.379794831614,arc-168,supported,supported,false
source:bto-bfo-medium:370025,bto-bfo-medium,370025,3331,arc1-current-polar-best-glide-equal-feed,56,-38.639859125257,88.525805392448,1394239023.995587,5.2467797519036897e-4,1.1464795157495194e-3,-5.2372976342015818e0,34.442449132455,arc-169,supported,supported,false
source:bto-bfo-medium:370025,bto-bfo-medium,370025,3386,arc1-current-polar-best-glide-equal-feed,57,-38.341721745451,89.464037311917,1394239131.173671,8.9279426757230874e-4,8.5860006735877616e-4,-6.0580171123982325e0,44.827880976830,arc-168,supported,supported,false
source:bto-bfo-medium:370025,bto-bfo-medium,370025,3450,arc1-current-polar-best-glide-equal-feed,58,-37.783583510567,90.093367995993,1394239098.090721,4.3282550601086962e-4,1.2455928827730993e-5,-9.5671021134964036e0,36.497670523616,arc-167,supported,supported,false
source:bto-bfo-medium:370025,bto-bfo-medium,370025,3514,arc1-current-polar-best-glide-equal-feed,59,-38.059530976495,89.743773229262,1394239108.904923,6.1217856842119868e-4,1.7617382922727273e-5,-9.5671021134964036e0,43.257090903676,arc-167,supported,supported,false
source:bto-bfo-medium:370025,bto-bfo-medium,370025,3566,arc1-current-polar-best-glide-equal-feed,60,-37.875002477500,89.528100367510,1394238903.181701,3.3541801656957658e-4,3.2257143899802262e-4,-6.0580171123982325e0,30.405590524231,arc-168,supported,supported,false
source:bto-bfo-medium:370025,bto-bfo-medium,370025,3623,arc1-current-polar-best-glide-equal-feed,61,-37.832341068133,89.794082560560,1394239037.852821,2.3176252210140789e-4,6.6697027789255821e-6,-9.5671021134964036e0,30.904399394690,arc-167,supported,supported,false
source:bto-bfo-medium:370025,bto-bfo-medium,370025,3673,arc1-current-polar-best-glide-equal-feed,62,-37.726025801573,89.827064726636,1394238988.809748,1.6040482326459590e-4,4.6161583235309682e-6,-9.5671021134964036e0,25.883800094780,arc-167,supported,supported,false
source:bto-bfo-medium:370025,bto-bfo-medium,370025,3735,arc1-current-polar-best-glide-equal-feed,63,-38.450283690663,88.745518851060,1394238954.040023,5.8082971438802025e-4,1.2691772881125746e-3,-5.2372976342015818e0,30.762853168449,arc-169,supported,supported,false
source:bto-bfo-medium:370025,bto-bfo-medium,370025,3802,arc1-current-polar-best-glide-equal-feed,64,-37.685431767211,89.382400132291,1394238758.227171,7.1149647797509393e-5,2.0475571258539683e-6,-9.5671021134964036e0,21.310123979652,arc-167,supported,supported,false
source:bto-bfo-medium:370025,bto-bfo-medium,370025,3861,arc1-current-polar-best-glide-equal-feed,65,-38.221575615584,89.308423534556,1394239099.199679,2.8343384199611886e-4,2.7257826877782274e-4,-6.0580171123982325e0,34.733359802864,arc-168,supported,supported,false
source:bto-bfo-medium:370025,bto-bfo-medium,370025,3925,arc1-current-polar-best-glide-equal-feed,66,-38.969966281158,87.787196025354,1394238977.518198,4.4524774067746805e-4,1.9304699173707785e-3,-4.5520762908770394e0,31.552199707058,arc-170,supported,supported,false
source:bto-bfo-medium:370025,bto-bfo-medium,370025,3985,arc1-current-polar-best-glide-equal-feed,67,-37.893883292204,89.643195002355,1394238899.910869,7.0639160128630081e-4,2.0328662215918744e-5,-9.5671021134964036e0,32.617455593498,arc-167,supported,supported,false
source:bto-bfo-medium:370025,bto-bfo-medium,370025,4045,arc1-current-polar-best-glide-equal-feed,68,-38.450311765961,88.509346365390,1394238977.156515,8.8986636637713594e-5,1.9444566172911642e-4,-5.2372976342015818e0,23.779715096231,arc-169,supported,supported,false
source:bto-bfo-medium:370025,bto-bfo-medium,370025,4103,arc1-current-polar-best-glide-equal-feed,69,-38.761088997359,87.454778803473,1394238686.270737,1.8166722575945320e-4,7.8765838040461883e-4,-4.5520762908770394e0,19.171659238538,arc-170,supported,supported,false
source:bto-bfo-medium:370025,bto-bfo-medium,370025,4166,arc1-current-polar-best-glide-equal-feed,70,-37.846782363818,89.794734537530,1394238980.061132,5.2598209438145885e-4,1.5136805574743133e-5,-9.5671021134964036e0,31.719796512045,arc-167,supported,supported,false
source:bto-bfo-medium:370025,bto-bfo-medium,370025,4218,arc1-current-polar-best-glide-equal-feed,71,-38.058608609618,89.421389259654,1394239038.501566,2.3332461118732778e-4,2.2438823159858027e-4,-6.0580171123982325e0,30.988732129304,arc-168,supported,supported,false
source:bto-bfo-medium:370025,bto-bfo-medium,370025,4272,arc1-current-polar-best-glide-equal-feed,72,-38.117638631914,89.321246865907,1394239081.439964,1.0676131121786879e-4,1.0267233150166841e-4,-6.0580171123982325e0,30.067913320910,arc-168,supported,supported,false
source:bto-bfo-medium:370025,bto-bfo-medium,370025,4337,arc1-current-polar-best-glide-equal-feed,73,-38.404537358265,88.331938137966,1394238777.266853,2.5747453179277344e-4,5.6261038291250851e-4,-5.2372976342015818e0,18.319460701859,arc-169,supported,supported,false
source:bto-bfo-medium:370025,bto-bfo-medium,370025,4400,arc1-current-polar-best-glide-equal-feed,74,-37.924690865228,89.727464118238,1394239068.763106,2.6458660237353574e-4,7.6143199561191225e-6,-9.5671021134964036e0,35.199024966372,arc-167,supported,supported,false
source:bto-bfo-medium:370025,bto-bfo-medium,370025,4464,arc1-current-polar-best-glide-equal-feed,75,-38.044229296002,89.626558372277,1394239092.607894,3.5530390564744686e-4,3.4169569452015616e-4,-6.0580171123982325e0,38.614999577417,arc-168,supported,supported,false
source:bto-bfo-medium:370025,bto-bfo-medium,370025,4521,arc1-current-polar-best-glide-equal-feed,76,-37.860891055466,89.857812561792,1394239046.791097,4.2308824263237623e-4,1.2175708143101725e-5,-9.5671021134964036e0,33.705678354862,arc-167,supported,supported,false
source:bto-bfo-medium:370025,bto-bfo-medium,370025,4573,arc1-current-polar-best-glide-equal-feed,77,-37.571614050478,90.342814662438,1394239101.104605,2.4751629357290831e-4,1.7967043835530082e-3,-4.0367312205080452e0,37.139386083591,arc-166,supported,supported,false
source:bto-bfo-medium:370025,bto-bfo-medium,370025,4628,arc1-current-polar-best-glide-equal-feed,78,-37.705793185001,89.912057949212,1394239016.200767,1.6205235434856244e-4,4.6635712639385195e-6,-9.5671021134964036e0,27.225846948166,arc-167,supported,supported,false
source:bto-bfo-medium:370025,bto-bfo-medium,370025,4682,arc1-current-polar-best-glide-equal-feed,79,-37.815477502916,89.897114059637,1394238978.099968,6.6963845068357842e-4,1.9270973559070363e-5,-9.5671021134964036e0,32.199703178314,arc-167,supported,supported,false
source:bto-bfo-medium:370025,bto-bfo-medium,370025,4734,arc1-current-polar-best-glide-equal-feed,80,-37.959821104759,89.601574825431,1394239008.476636,3.8276943503878872e-4,3.6810928860558256e-4,-6.0580171123982325e0,35.367540324592,arc-168,supported,supported,false
source:bto-bfo-medium:370025,bto-bfo-medium,370025,4789,arc1-current-polar-best-glide-equal-feed,81,-38.282124767083,89.447658009533,1394239151.660854,5.4955053168728794e-4,5.2850263567081127e-4,-6.0580171123982325e0,41.499147340210,arc-168,supported,supported,false
source:bto-bfo-medium:370025,bto-bfo-medium,370025,4844,arc1-current-polar-best-glide-equal-feed,82,-38.625242796530,88.602224388147,1394239039.652211,5.5654986656902784e-4,1.2161231301599932e-3,-5.2372976342015818e0,35.101387928163,arc-169,supported,supported,false
source:bto-bfo-medium:370025,bto-bfo-medium,370025,4896,arc1-current-polar-best-glide-equal-feed,83,-37.993010573982,89.703593374617,1394239078.058854,4.0409292776362427e-4,1.1629057618168053e-5,-9.5671021134964036e0,38.960414523658,arc-167,supported,supported,false
source:bto-bfo-medium:370025,bto-bfo-medium,370025,4949,arc1-current-polar-best-glide-equal-feed,84,-37.793484690533,89.833575087678,1394239040.620566,1.8128243139085178e-4,5.2169778161497124e-6,-9.5671021134964036e0,29.573174804374,arc-167,supported,supported,false
source:bto-bfo-medium:370025,bto-bfo-medium,370025,5005,arc1-current-polar-best-glide-equal-feed,85,-37.959793294490,89.551548736549,1394239030.282409,2.0363855710787051e-4,1.9583915936769933e-4,-6.0580171123982325e0,33.187713265447,arc-168,supported,supported,false
source:bto-bfo-medium:370025,bto-bfo-medium,370025,5067,arc1-current-polar-best-glide-equal-feed,86,-38.014751142139,89.787820516840,1394239058.063719,7.9710976185988578e-4,2.2939365457282029e-5,-9.5671021134964036e0,41.164289329850,arc-167,supported,supported,false
source:bto-bfo-medium:370025,bto-bfo-medium,370025,5120,arc1-current-polar-best-glide-equal-feed,87,-37.891657842970,89.979162127813,1394239122.021412,4.4767627432166997e-4,1.2883306860096342e-5,-9.5671021134964036e0,38.138219639489,arc-167,supported,supported,false
source:bto-bfo-medium:370025,bto-bfo-medium,370025,5182,arc1-current-polar-best-glide-equal-feed,88,-37.733221350737,90.162336279413,1394239109.297092,3.5827397556211166e-4,1.0310471722333815e-5,-9.5671021134964036e0,36.979545925901,arc-167,supported,supported,false
source:bto-bfo-medium:370025,bto-bfo-medium,370025,5233,arc1-current-polar-best-glide-equal-feed,89,-37.769809838916,90.007914170748,1394239088.906683,2.4494935282894092e-4,7.0491957217498836e-6,-9.5671021134964036e0,33.105843341942,arc-167,supported,supported,false
source:bto-bfo-medium:370025,bto-bfo-medium,370025,5282,arc1-current-polar-best-glide-equal-feed,90,-37.977254596264,89.899653865936,1394239084.829327,7.8663839400750315e-4,2.2638018584496317e-5,-9.5671021134964036e0,40.874095441017,arc-167,supported,supported,false
source:bto-bfo-medium:370025,bto-bfo-medium,370025,5339,arc1-current-polar-best-glide-equal-feed,91,-37.842375224834,89.098877510647,1394238716.252097,1.1921491218488926e-4,1.1464895704410007e-4,-6.0580171123982325e0,10.966910643939,arc-168,supported,supported,false
source:bto-bfo-medium:370025,bto-bfo-medium,370025,5406,arc1-current-polar-best-glide-equal-feed,92,-37.931456628055,89.987901953473,1394239119.665404,6.4813565907789370e-4,1.8652162425903884e-5,-9.5671021134964036e0,40.384958058241,arc-167,supported,supported,false
source:bto-bfo-medium:370025,bto-bfo-medium,370025,5464,arc1-current-polar-best-glide-equal-feed,93,-37.760095525805,90.094944269251,1394239105.203081,3.2199009978219550e-4,9.2662879391869750e-6,-9.5671021134964036e0,35.577288312540,arc-167,supported,supported,false
source:bto-bfo-medium:370025,bto-bfo-medium,370025,5514,arc1-current-polar-best-glide-equal-feed,94,-37.900464251322,89.892846522015,1394239088.548878,4.4396201140093207e-4,1.2776417146006735e-5,-9.5671021134964036e0,36.571722147449,arc-167,supported,supported,false
source:bto-bfo-medium:370025,bto-bfo-medium,370025,5574,arc1-current-polar-best-glide-equal-feed,95,-38.219749625794,89.074280076156,1394239040.549954,1.2292241960379748e-4,1.1821446618235174e-4,-6.0580171123982325e0,30.121416455555,arc-168,supported,supported,false
source:bto-bfo-medium:370025,bto-bfo-medium,370025,5643,arc1-current-polar-best-glide-equal-feed,96,-37.968990467999,89.504513965776,1394238934.507090,5.0529316210184342e-4,4.8594033225177945e-4,-6.0580171123982325e0,31.406438717110,arc-168,supported,supported,false
source:bto-bfo-medium:370025,bto-bfo-medium,370025,5713,arc1-current-polar-best-glide-equal-feed,97,-38.642619998340,88.300699833743,1394238989.388243,2.2349711147008923e-4,4.8836595444410366e-4,-5.2372976342015818e0,32.380233148783,arc-169,supported,supported,false
source:bto-bfo-medium:370025,bto-bfo-medium,370025,5768,arc1-current-polar-best-glide-equal-feed,98,-38.255468795021,89.170162933319,1394238974.890698,6.8910857919072231e-4,6.6271558185463438e-4,-6.0580171123982325e0,33.569971624240,arc-168,supported,supported,false
source:bto-bfo-medium:370025,bto-bfo-medium,370025,5836,arc1-current-polar-best-glide-equal-feed,99,-38.259227209605,89.528514048799,1394239136.646583,7.3635135333396582e-4,7.0814894823578571e-4,-6.0580171123982325e0,42.922361247707,arc-168,supported,supported,false
source:bto-bfo-medium:370025,bto-bfo-medium,370025,5887,arc1-current-polar-best-glide-equal-feed,100,-37.884838828563,89.857530937278,1394239068.779361,4.0281256449691834e-4,1.1592211098029429e-5,-9.5671021134964036e0,34.998248019553,arc-167,supported,supported,false
source:bto-bfo-medium:370025,bto-bfo-medium,370025,5938,arc1-current-polar-best-glide-equal-feed,101,-37.756480003399,90.212198582412,1394239120.942862,4.9212599110482619e-4,1.4162488657321270e-5,-9.5671021134964036e0,39.708698090688,arc-167,supported,supported,false
source:bto-bfo-medium:370025,bto-bfo-medium,370025,6012,arc1-current-polar-best-glide-equal-feed,102,-37.988701475413,88.962955459365,1394238787.649075,1.0328198506554755e-4,9.9326264241548798e-5,-6.0580171123982325e0,15.445010540576,arc-168,supported,supported,false
source:bto-bfo-medium:370025,bto-bfo-medium,370025,6074,arc1-current-polar-best-glide-equal-feed,103,-38.770567751142,88.369788903843,1394239066.800675,4.8048658896964846e-4,1.0499164399767104e-3,-5.2372976342015818e0,40.322955433368,arc-169,supported,supported,false
source:bto-bfo-medium:370025,bto-bfo-medium,370025,6127,arc1-current-polar-best-glide-equal-feed,104,-38.025165531648,89.787455300437,1394239136.044302,4.2053389607035773e-4,1.2102198706767669e-5,-9.5671021134964036e0,41.760646213256,arc-167,supported,supported,false
source:bto-bfo-medium:370025,bto-bfo-medium,370025,6190,arc1-current-polar-best-glide-equal-feed,105,-38.223656933101,89.274597216909,1394239030.827614,5.4331488535690284e-4,5.2250581585043705e-4,-6.0580171123982325e0,34.003783825135,arc-168,supported,supported,false
source:bto-bfo-medium:370025,bto-bfo-medium,370025,6249,arc1-current-polar-best-glide-equal-feed,106,-38.350985112891,88.905803714687,1394239014.699196,2.8575024945442872e-4,6.2439595925663205e-4,-5.2372976342015818e0,33.689704443552,arc-169,supported,supported,false
source:bto-bfo-medium:370025,bto-bfo-medium,370025,6312,arc1-current-polar-best-glide-equal-feed,107,-37.978071360719,89.608367506814,1394239013.092838,4.4456562989728701e-4,4.2753867675824052e-4,-6.0580171123982325e0,36.091298937022,arc-168,supported,supported,false
source:bto-bfo-medium:370025,bto-bfo-medium,370025,6372,arc1-current-polar-best-glide-equal-feed,108,-37.942037386100,89.955788039806,1394239108.953533,6.5975715723506966e-4,1.8986607951657489e-5,-9.5671021134964036e0,40.171398928306,arc-167,supported,supported,false
source:bto-bfo-medium:370025,bto-bfo-medium,370025,6426,arc1-current-polar-best-glide-equal-feed,109,-38.131483654123,89.818246699944,1394239164.782467,7.6049622271252728e-4,2.1885694563544487e-5,-9.5671021134964036e0,48.299956676794,arc-167,supported,supported,false
source:bto-bfo-medium:370025,bto-bfo-medium,370025,6488,arc1-current-polar-best-glide-equal-feed,110,-38.244668290192,89.375756680196,1394239063.322398,7.0721899839634684e-4,6.8013236835812239e-4,-6.0580171123982325e0,37.668240464352,arc-168,supported,supported,false
source:bto-bfo-medium:370025,bto-bfo-medium,370025,6551,arc1-current-polar-best-glide-equal-feed,111,-37.929050334335,89.463417738435,1394238966.801156,1.7363149886364060e-4,1.6698137749619093e-4,-6.0580171123982325e0,28.624841210935,arc-168,supported,supported,false
source:bto-bfo-medium:370025,bto-bfo-medium,370025,6611,arc1-current-polar-best-glide-equal-feed,112,-37.888637265653,89.810890280019,1394239102.656316,1.8794347375785335e-4,5.4086704694005601e-6,-9.5671021134964036e0,34.338316479945,arc-167,supported,supported,false
source:bto-bfo-medium:370025,bto-bfo-medium,370025,6667,arc1-current-polar-best-glide-equal-feed,113,-37.837404232164,89.467814163284,1394238918.816367,1.0540404501449203e-4,1.0136704886716863e-4,-6.0580171123982325e0,27.073490525144,arc-168,supported,supported,false
source:bto-bfo-medium:370025,bto-bfo-medium,370025,6720,arc1-current-polar-best-glide-equal-feed,114,-38.364439627213,88.879672468480,1394239000.355311,3.3372220221633531e-4,7.2921999184933663e-4,-5.2372976342015818e0,32.960469823238,arc-169,supported,supported,false
source:bto-bfo-medium:370025,bto-bfo-medium,370025,6778,arc1-current-polar-best-glide-equal-feed,115,-37.796162255838,89.366178032713,1394238787.041089,1.9534906694027981e-4,1.8786715834262873e-4,-6.0580171123982325e0,21.858591776421,arc-168,supported,supported,false
source:bto-bfo-medium:370025,bto-bfo-medium,370025,6837,arc1-current-polar-best-glide-equal-feed,116,-38.303099809321,89.218431169130,1394239098.015946,3.7766633515412957e-4,3.6320163847402295e-4,-6.0580171123982325e0,37.078398060638,arc-168,supported,supported,false
source:bto-bfo-medium:370025,bto-bfo-medium,370025,6901,arc1-current-polar-best-glide-equal-feed,117,-37.759533348935,89.817682280477,1394238990.692663,2.2756787063082842e-4,6.5489883583355943e-6,-9.5671021134964036e0,27.417594041143,arc-167,supported,supported,false
source:bto-bfo-medium:370025,bto-bfo-medium,370025,6955,arc1-current-polar-best-glide-equal-feed,118,-38.081245583173,89.345515374603,1394238969.281951,4.2027542632569519e-4,4.0417879287431090e-4,-6.0580171123982325e0,29.230139418879,arc-168,supported,supported,false
source:bto-bfo-medium:370025,bto-bfo-medium,370025,7014,arc1-current-polar-best-glide-equal-feed,119,-38.169979791978,89.583419104311,1394239122.061921,5.7964539243389218e-4,5.5744485719117355e-4,-6.0580171123982325e0,41.145227783318,arc-168,supported,supported,false
source:bto-bfo-medium:370025,bto-bfo-medium,370025,7079,arc1-current-polar-best-glide-equal-feed,120,-37.525049677538,90.252402442127,1394239057.299609,1.3329907745829661e-4,9.6760917568582919e-4,-4.0367312205080452e0,33.660131198963,arc-166,supported,supported,false
source:bto-bfo-medium:370025,bto-bfo-medium,370025,7131,arc1-current-polar-best-glide-equal-feed,121,-38.340322625598,89.349318754689,1394239121.744337,7.1115136358758716e-4,6.8391412317075038e-4,-6.0580171123982325e0,41.830408808584,arc-168,supported,supported,false
source:bto-bfo-medium:370025,bto-bfo-medium,370025,7185,arc1-current-polar-best-glide-equal-feed,122,-37.713685221839,90.068127306946,1394239042.191105,3.8040775876268439e-4,1.0947441643020139e-5,-9.5671021134964036e0,32.769657266224,arc-167,supported,supported,false
source:bto-bfo-medium:370025,bto-bfo-medium,370025,7246,arc1-current-polar-best-glide-equal-feed,123,-38.016685859033,89.946649185047,1394239130.441114,7.9922078689034922e-4,2.3000116908312119e-5,-9.5671021134964036e0,43.958164850090,arc-167,supported,supported,false
source:bto-bfo-medium:370025,bto-bfo-medium,370025,7308,arc1-current-polar-best-glide-equal-feed,124,-38.170154109532,89.336645387450,1394239023.010746,5.1923452189552358e-4,4.9934773515824713e-4,-6.0580171123982325e0,32.977937200437,arc-168,supported,supported,false
source:bto-bfo-medium:370025,bto-bfo-medium,370025,7361,arc1-current-polar-best-glide-equal-feed,125,-38.382083505992,88.875680476306,1394238989.603880,4.4289582388713273e-4,9.6777645281064016e-4,-5.2372976342015818e0,33.309813879508,arc-169,supported,supported,false
source:bto-bfo-medium:370025,bto-bfo-medium,370025,7413,arc1-current-polar-best-glide-equal-feed,126,-38.133014225682,89.343073538627,1394239016.801070,4.2227143424394164e-4,4.0609835328738917e-4,-6.0580171123982325e0,31.439123217489,arc-168,supported,supported,false
source:bto-bfo-medium:370025,bto-bfo-medium,370025,7462,arc1-current-polar-best-glide-equal-feed,127,-37.864040383271,89.863710176266,1394239083.973592,2.7930447138221654e-4,8.0378733889045399e-6,-9.5671021134964036e0,33.998542986716,arc-167,supported,supported,false
source:bto-bfo-medium:370025,bto-bfo-medium,370025,7510,arc1-current-polar-best-glide-equal-feed,128,-38.207566064887,89.397559698694,1394239095.625233,4.3839490009504043e-4,4.2160428714990602e-4,-6.0580171123982325e0,36.523952418404,arc-168,supported,supported,false
source:bto-bfo-medium:370025,bto-bfo-medium,370025,7559,arc1-current-polar-best-glide-equal-feed,129,-37.846418313657,90.107629200958,1394239085.929891,7.8375292703604274e-4,2.2554980106559681e-5,-9.5671021134964036e0,39.688174391396,arc-167,supported,supported,false
source:bto-bfo-medium:370025,bto-bfo-medium,370025,7611,arc1-current-polar-best-glide-equal-feed,130,-38.508888324110,88.858088763565,1394239053.434504,6.0704199070081078e-4,1.3264540164579506e-3,-5.2372976342015818e0,37.056334721303,arc-169,supported,supported,false
source:bto-bfo-medium:370025,bto-bfo-medium,370025,7669,arc1-current-polar-best-glide-equal-feed,131,-37.715287897571,89.875657438766,1394238975.297815,2.4832857950420707e-4,7.1464437036163407e-6,-9.5671021134964036e0,26.617415782725,arc-167,supported,supported,false
source:bto-bfo-medium:370025,bto-bfo-medium,370025,7724,arc1-current-polar-best-glide-equal-feed,132,-38.020105171380,89.487375797673,1394239058.967174,1.6501092208158770e-4,1.5869097054065743e-4,-6.0580171123982325e0,32.197593287803,arc-168,supported,supported,false
source:bto-bfo-medium:370025,bto-bfo-medium,370025,7776,arc1-current-polar-best-glide-equal-feed,133,-37.862203920542,89.921291716318,1394239095.658549,3.4159580679824300e-4,9.8305044371008385e-6,-9.5671021134964036e0,35.197013135812,arc-167,supported,supported,false
source:bto-bfo-medium:370025,bto-bfo-medium,370025,7831,arc1-current-polar-best-glide-equal-feed,134,-38.173924687699,89.408876643191,1394239089.381411,3.6666381356125123e-4,3.5262051567352666e-4,-6.0580171123982325e0,35.334231178835,arc-168,supported,supported,false
source:bto-bfo-medium:370025,bto-bfo-medium,370025,7888,arc1-current-polar-best-glide-equal-feed,135,-38.546851604287,88.440571702859,1394239004.804865,1.3986296933990065e-4,3.0561608632784562e-4,-5.2372976342015818e0,27.850184545466,arc-169,supported,supported,false
source:bto-bfo-medium:370025,bto-bfo-medium,370025,7962,arc1-current-polar-best-glide-equal-feed,136,-38.068441115983,89.862885051722,1394239164.588151,6.2559914881737033e-4,1.8003602754784395e-5,-9.5671021134964036e0,45.317144982369,arc-167,supported,supported,false
source:bto-bfo-medium:370025,bto-bfo-medium,370025,8013,arc1-current-polar-best-glide-equal-feed,137,-38.033860056916,89.912834991483,1394239150.171757,6.9212863320315817e-4,1.9918200002281638e-5,-9.5671021134964036e0,44.237145940405,arc-167,supported,supported,false
source:bto-bfo-medium:370025,bto-bfo-medium,370025,8068,arc1-current-polar-best-glide-equal-feed,138,-37.908018264339,89.660427628056,1394239021.991377,2.7419979597527260e-4,7.8909701388082636e-6,-9.5671021134964036e0,33.578300535642,arc-167,supported,supported,false
source:bto-bfo-medium:370025,bto-bfo-medium,370025,8121,arc1-current-polar-best-glide-equal-feed,139,-37.748791749296,90.082770358458,1394239098.200061,2.8976023310540479e-4,8.3387711457490485e-6,-9.5671021134964036e0,34.692195107315,arc-167,supported,supported,false
source:bto-bfo-medium:370025,bto-bfo-medium,370025,8175,arc1-current-polar-best-glide-equal-feed,140,-37.874155190145,90.075062689655,1394239110.036449,6.8341936826493428e-4,1.9667563238260583e-5,-9.5671021134964036e0,39.947211669075,arc-167,supported,supported,false
source:bto-bfo-medium:370025,bto-bfo-medium,370025,8238,arc1-current-polar-best-glide-equal-feed,141,-37.821648095484,89.877833306197,1394239050.759407,3.1187338828759826e-4,8.9751474296805273e-6,-9.5671021134964036e0,32.059179343802,arc-167,supported,supported,false
source:bto-bfo-medium:370025,bto-bfo-medium,370025,8290,arc1-current-polar-best-glide-equal-feed,142,-37.802761557289,89.619719415544,1394238960.754701,1.2352036615200394e-4,3.5546909047591995e-6,-9.5671021134964036e0,27.047223892650,arc-167,supported,supported,false
source:bto-bfo-medium:370025,bto-bfo-medium,370025,8341,arc1-current-polar-best-glide-equal-feed,143,-37.741164307711,90.170780119710,1394239086.616520,5.1840799380214195e-4,1.4918836771056945e-5,-9.5671021134964036e0,37.588402785603,arc-167,supported,supported,false
source:bto-bfo-medium:370025,bto-bfo-medium,370025,8402,arc1-current-polar-best-glide-equal-feed,144,-38.170876976150,88.762898851929,1394238810.483965,1.8571398693510436e-4,4.0580564055889371e-4,-5.2372976342015818e0,23.880771877414,arc-169,supported,supported,false
source:bto-bfo-medium:370025,bto-bfo-medium,370025,8462,arc1-current-polar-best-glide-equal-feed,145,-38.106281528784,89.547598069723,1394239130.148305,2.3313093179178258e-4,2.2420197016288172e-4,-6.0580171123982325e0,37.463318381545,arc-168,supported,supported,false
source:bto-bfo-medium:370025,bto-bfo-medium,370025,8514,arc1-current-polar-best-glide-equal-feed,146,-38.131021120713,89.734085051507,1394239119.125604,8.1172339971350609e-4,7.8063423006271095e-4,-6.0580171123982325e0,45.618771949763,arc-168,supported,supported,false
source:bto-bfo-medium:370025,bto-bfo-medium,370025,8576,arc1-current-polar-best-glide-equal-feed,147,-38.734212694960,88.537128972015,1394239106.301751,5.0087309809122133e-4,1.0944632214516593e-3,-5.2372976342015818e0,39.950479882971,arc-169,supported,supported,false
source:bto-bfo-medium:370025,bto-bfo-medium,370025,8642,arc1-current-polar-best-glide-equal-feed,148,-38.352572542831,89.374064036653,1394239094.564034,9.0883295706176170e-4,8.7402447181136812e-4,-6.0580171123982325e0,43.052020675715,arc-168,supported,supported,false
source:bto-bfo-medium:370025,bto-bfo-medium,370025,8692,arc1-current-polar-best-glide-equal-feed,149,-38.071878298049,89.670210013574,1394239071.489857,6.8417099722135140e-4,6.5796711026888015e-4,-6.0580171123982325e0,41.223754740067,arc-168,supported,supported,false
source:bto-bfo-medium:370025,bto-bfo-medium,370025,8742,arc1-current-polar-best-glide-equal-feed,150,-37.989355455474,89.774980716724,1394239106.459145,4.2714985489307261e-4,1.2292593937821468e-5,-9.5671021134964036e0,39.531161731795,arc-167,supported,supported,false
source:bto-bfo-medium:370025,bto-bfo-medium,370025,8795,arc1-current-polar-best-glide-equal-feed,151,-38.030472354677,89.462748847138,1394238994.201543,3.8841377858037757e-4,3.7353745265303123e-4,-6.0580171123982325e0,31.560439404763,arc-168,supported,supported,false
source:bto-bfo-medium:370025,bto-bfo-medium,370025,8852,arc1-current-polar-best-glide-equal-feed,152,-37.974695182833,89.808380080296,1394239105.710044,4.5227636618135763e-4,1.3015689115784933e-5,-9.5671021134964036e0,39.156769916521,arc-167,supported,supported,false
source:bto-bfo-medium:370025,bto-bfo-medium,370025,8913,arc1-current-polar-best-glide-equal-feed,153,-37.780820195177,90.268507225821,1394239154.826972,5.4227056333586306e-4,1.5605558010057439e-5,-9.5671021134964036e0,42.724341058902,arc-167,supported,supported,false
source:bto-bfo-medium:370025,bto-bfo-medium,370025,8965,arc1-current-polar-best-glide-equal-feed,154,-38.517421224337,88.564261937974,1394239044.230223,1.2087470328951013e-4,2.6412462090379037e-4,-5.2372976342015818e0,28.557301712375,arc-169,supported,supported,false
source:bto-bfo-medium:370025,bto-bfo-medium,370025,9020,arc1-current-polar-best-glide-equal-feed,155,-37.804558001058,89.813490885897,1394238973.041024,4.2948000666728629e-4,1.2359651456970276e-5,-9.5671021134964036e0,29.747416925858,arc-167,supported,supported,false
source:bto-bfo-medium:370025,bto-bfo-medium,370025,9081,arc1-current-polar-best-glide-equal-feed,156,-37.999621048405,89.875510244411,1394239112.059471,6.7715838839684070e-4,1.9487383654234702e-5,-9.5671021134964036e0,41.660997096208,arc-167,supported,supported,false
source:bto-bfo-medium:370025,bto-bfo-medium,370025,9134,arc1-current-polar-best-glide-equal-feed,157,-38.151616216560,89.214448423057,1394239025.838626,1.8852868319632100e-4,1.8130799666935842e-4,-6.0580171123982325e0,28.838025505267,arc-168,supported,supported,false
source:bto-bfo-medium:370025,bto-bfo-medium,370025,9192,arc1-current-polar-best-glide-equal-feed,158,-38.195362151948,89.283406804662,1394239101.554699,1.6261517640362539e-4,1.5638698240454793e-4,-6.0580171123982325e0,32.771418562291,arc-168,supported,supported,false
source:bto-bfo-medium:370025,bto-bfo-medium,370025,9248,arc1-current-polar-best-glide-equal-feed,159,-38.228202082156,89.363312455498,1394239110.692279,3.5880551025375637e-4,3.4506318696499042e-4,-6.0580171123982325e0,36.523145323869,arc-168,supported,supported,false
source:bto-bfo-medium:370025,bto-bfo-medium,370025,9301,arc1-current-polar-best-glide-equal-feed,160,-38.136648046478,89.320956972063,1394239091.535131,1.1310441880145042e-4,1.0877249678760428e-4,-6.0580171123982325e0,30.939474593503,arc-168,supported,supported,false
source:bto-bfo-medium:370025,bto-bfo-medium,370025,9361,arc1-current-polar-best-glide-equal-feed,161,-37.975915933050,89.420813643143,1394238951.909286,2.7656415993082404e-4,2.6597169691884988e-4,-6.0580171123982325e0,28.126735163913,arc-168,supported,supported,false
source:bto-bfo-medium:370025,bto-bfo-medium,370025,9432,arc1-current-polar-best-glide-equal-feed,162,-38.567197914732,88.132838863743,1394238825.611378,2.6199940068341332e-4,1.1359562669962758e-3,-4.5520762908770394e0,25.565807862884,arc-170,supported,supported,false
source:bto-bfo-medium:370025,bto-bfo-medium,370025,9497,arc1-current-polar-best-glide-equal-feed,163,-37.984461668891,89.466513129061,1394238978.565392,3.0414599102877881e-4,2.9249713833210842e-4,-6.0580171123982325e0,30.254114667241,arc-168,supported,supported,false
source:bto-bfo-medium:370025,bto-bfo-medium,370025,9551,arc1-current-polar-best-glide-equal-feed,164,-38.676833369911,88.420233661785,1394239061.915215,2.6693172350472660e-4,5.8327539476160791e-4,-5.2372976342015818e0,35.162600711006,arc-169,supported,supported,false
source:bto-bfo-medium:370025,bto-bfo-medium,370025,9616,arc1-current-polar-best-glide-equal-feed,165,-37.997893092701,89.453123104359,1394239055.950897,9.6656581373036671e-5,9.2954614844496596e-5,-6.0580171123982325e0,30.117936200445,arc-168,supported,supported,false
source:bto-bfo-medium:370025,bto-bfo-medium,370025,9669,arc1-current-polar-best-glide-equal-feed,166,-38.280786264790,89.089661525353,1394239027.839178,3.5977188236029350e-4,3.4599254682526670e-4,-6.0580171123982325e0,33.850575209646,arc-168,supported,supported,false
source:bto-bfo-medium:370025,bto-bfo-medium,370025,9726,arc1-current-polar-best-glide-equal-feed,167,-38.138524888232,89.620114395723,1394239109.343962,6.2507459419970863e-4,6.0113411138211894e-4,-6.0580171123982325e0,41.372179472814,arc-168,supported,supported,false
source:bto-bfo-medium:370025,bto-bfo-medium,370025,9782,arc1-current-polar-best-glide-equal-feed,168,-38.151714056003,89.428270497397,1394239057.858656,4.8609931472410402e-4,4.6748161309331841e-4,-6.0580171123982325e0,34.987553629739,arc-168,supported,supported,false
source:bto-bfo-medium:370025,bto-bfo-medium,370025,9833,arc1-current-polar-best-glide-equal-feed,169,-38.333262467227,89.181895621360,1394239029.821957,7.7079746655087198e-4,7.4127576838070597e-4,-6.0580171123982325e0,38.139050014105,arc-168,supported,supported,false
source:bto-bfo-medium:370025,bto-bfo-medium,370025,9885,arc1-current-polar-best-glide-equal-feed,170,-38.608805280823,88.222572998204,1394238960.387995,1.2366277705855685e-4,5.3616728216708532e-4,-4.5520762908770394e0,30.285255259567,arc-170,supported,supported,false
source:bto-bfo-medium:370025,bto-bfo-medium,370025,9948,arc1-current-polar-best-glide-equal-feed,171,-38.441292588645,88.772654610390,1394239011.281630,3.5402677768219128e-4,7.7358773920741441e-4,-5.2372976342015818e0,31.367431822809,arc-169,supported,supported,false
source:bto-bfo-medium:370025,bto-bfo-medium,370025,10007,arc1-current-polar-best-glide-equal-feed,172,-38.169929024759,89.312710396516,1394239033.379152,4.0255796649577442e-4,3.8713991532331415e-4,-6.0580171123982325e0,32.289178379282,arc-168,supported,supported,false
source:bto-bfo-medium:370025,bto-bfo-medium,370025,10071,arc1-current-polar-best-glide-equal-feed,173,-38.273385159181,89.084969676028,1394239053.885374,2.2056741387813932e-4,2.1211963751501488e-4,-6.0580171123982325e0,33.365323203985,arc-168,supported,supported,false
source:bto-bfo-medium:370025,bto-bfo-medium,370025,10135,arc1-current-polar-best-glide-equal-feed,174,-38.268705813285,89.451272774003,1394239090.953780,8.1968406411284458e-4,7.8828999941266261e-4,-6.0580171123982325e0,40.971536667780,arc-168,supported,supported,false
source:bto-bfo-medium:370025,bto-bfo-medium,370025,10186,arc1-current-polar-best-glide-equal-feed,175,-37.859325414901,90.000507399463,1394239106.377869,4.5810820823966394e-4,1.3183518896156095e-5,-9.5671021134964036e0,37.097201563718,arc-167,supported,supported,false
source:bto-bfo-medium:370025,bto-bfo-medium,370025,10243,arc1-current-polar-best-glide-equal-feed,176,-38.467706646532,88.562900553553,1394238946.932759,2.7480695903289487e-4,6.0048365705139026e-4,-5.2372976342015818e0,25.973037971494,arc-169,supported,supported,false
source:bto-bfo-medium:370025,bto-bfo-medium,370025,10303,arc1-current-polar-best-glide-equal-feed,177,-38.191798766405,89.870822809412,1394239152.280975,9.3984321194231384e-4,2.7046973883478962e-5,-9.5671021134964036e0,52.471730141473,arc-167,supported,supported,false
source:bto-bfo-medium:370025,bto-bfo-medium,370025,10367,arc1-current-polar-best-glide-equal-feed,178,-37.662477314617,89.816525521571,1394238932.944239,1.4577698123588280e-4,4.1951957030693782e-6,-9.5671021134964036e0,22.405357402671,arc-167,supported,supported,false
source:bto-bfo-medium:370025,bto-bfo-medium,370025,10428,arc1-current-polar-best-glide-equal-feed,179,-37.970103199723,89.923139695849,1394239117.971842,6.4050765110892764e-4,1.8432642265840964e-5,-9.5671021134964036e0,40.955781756240,arc-167,supported,supported,false
source:bto-bfo-medium:370025,bto-bfo-medium,370025,10481,arc1-current-polar-best-glide-equal-feed,180,-37.727085343605,90.205319098434,1394239061.184639,6.8778824453464432e-4,1.9793291530879517e-5,-9.5671021134964036e0,38.403024636466,arc-167,supported,supported,false
source:bto-bfo-medium:370025,bto-bfo-medium,370025,10536,arc1-current-polar-best-glide-equal-feed,181,-37.682245301278,89.835012747978,1394238977.341455,1.1162179875145713e-4,3.2122718314029850e-6,-9.5671021134964036e0,23.881436632416,arc-167,supported,supported,false
source:bto-bfo-medium:370025,bto-bfo-medium,370025,10593,arc1-current-polar-best-glide-equal-feed,182,-37.962777272398,89.330626184378,1394238948.053183,1.2459321309841729e-4,1.1982126794971075e-4,-6.0580171123982325e0,24.105752915728,arc-168,supported,supported,false
source:bto-bfo-medium:370025,bto-bfo-medium,370025,10659,arc1-current-polar-best-glide-equal-feed,183,-38.457424053350,88.635620295395,1394238991.166759,2.2573125616821686e-4,4.9324780817675625e-4,-5.2372976342015818e0,27.499713804899,arc-169,supported,supported,false
source:bto-bfo-medium:370025,bto-bfo-medium,370025,10723,arc1-current-polar-best-glide-equal-feed,184,-37.966544733923,89.872986429845,1394239161.820895,2.7580516764251825e-4,7.9371698080781368e-6,-9.5671021134964036e0,39.780039300939,arc-167,supported,supported,false
source:bto-bfo-medium:370025,bto-bfo-medium,370025,10781,arc1-current-polar-best-glide-equal-feed,185,-38.199292543672,89.302843615299,1394239072.293929,3.1238142626232739e-4,3.0041715473799437e-4,-6.0580171123982325e0,33.469862033472,arc-168,supported,supported,false
source:bto-bfo-medium:370025,bto-bfo-medium,370025,10841,arc1-current-polar-best-glide-equal-feed,186,-38.061435700623,89.526915244258,1394239070.057643,3.1545876822735219e-4,3.0337663388613114e-4,-6.0580171123982325e0,35.115463999828,arc-168,supported,supported,false
source:bto-bfo-medium:370025,bto-bfo-medium,370025,10898,arc1-current-polar-best-glide-equal-feed,187,-38.655103707758,88.656507812000,1394239068.470614,6.6797823460578278e-4,1.4596064617810438e-3,-5.2372976342015818e0,37.883992562612,arc-169,supported,supported,false
source:bto-bfo-medium:370025,bto-bfo-medium,370025,10957,arc1-current-polar-best-glide-equal-feed,188,-38.123517404422,89.330031819631,1394239036.511099,2.6729578071787709e-4,2.5705829849596135e-4,-6.0580171123982325e0,30.605519783099,arc-168,supported,supported,false
source:bto-bfo-medium:370025,bto-bfo-medium,370025,11014,arc1-current-polar-best-glide-equal-feed,189,-37.961388560112,89.967053749448,1394239098.142191,8.1333183519921505e-4,2.3406207147863467e-5,-9.5671021134964036e0,41.446354607252,arc-167,supported,supported,false
source:bto-bfo-medium:370025,bto-bfo-medium,370025,11070,arc1-current-polar-best-glide-equal-feed,190,-38.029280220333,89.307504880858,1394238988.204639,1.3958690096344822e-4,1.3424069455050886e-4,-6.0580171123982325e0,25.765102322628,arc-168,supported,supported,false
source:bto-bfo-medium:370025,bto-bfo-medium,370025,11127,arc1-current-polar-best-glide-equal-feed,191,-37.824987786417,90.238763571023,1394239148.730925,6.8027593297660248e-4,1.9577100902556515e-5,-9.5671021134964036e0,43.267564185263,arc-167,supported,supported,false
source:bto-bfo-medium:370025,bto-bfo-medium,370025,11186,arc1-current-polar-best-glide-equal-feed,192,-38.622290987170,88.650518088173,1394239033.860497,6.9644971534434151e-4,1.5218198021408542e-3,-5.2372976342015818e0,36.035304980821,arc-169,supported,supported,false
source:bto-bfo-medium:370025,bto-bfo-medium,370025,11239,arc1-current-polar-best-glide-equal-feed,193,-37.713481376670,90.244544245748,1394239148.039180,2.8645647500096189e-4,8.2436950117377896e-6,-9.5671021134964036e0,39.490860441485,arc-167,supported,supported,false
source:bto-bfo-medium:370025,bto-bfo-medium,370025,11305,arc1-current-polar-best-glide-equal-feed,194,-37.847271672696,89.551483073989,1394238921.086377,2.3068142120928186e-4,6.6385906665826114e-6,-9.5671021134964036e0,29.506443673241,arc-167,supported,supported,false
source:bto-bfo-medium:370025,bto-bfo-medium,370025,11371,arc1-current-polar-best-glide-equal-feed,195,-37.874255165288,89.099844601868,1394238714.818926,1.9337643661864186e-4,1.8597008015950169e-4,-6.0580171123982325e0,12.226673482578,arc-168,supported,supported,false
source:bto-bfo-medium:370025,bto-bfo-medium,370025,11442,arc1-current-polar-best-glide-equal-feed,196,-37.801291987423,89.756610018235,1394238976.618462,2.8152857213351354e-4,8.1018789529924602e-6,-9.5671021134964036e0,28.520907028049,arc-167,supported,supported,false
source:bto-bfo-medium:370025,bto-bfo-medium,370025,11500,arc1-current-polar-best-glide-equal-feed,197,-38.180093229756,89.311469594323,1394239056.619416,3.3145514816337076e-4,3.1876034924970426e-4,-6.0580171123982325e0,32.750453092918,arc-168,supported,supported,false
source:bto-bfo-medium:370025,bto-bfo-medium,370025,11555,arc1-current-polar-best-glide-equal-feed,198,-38.683366351642,88.698596788094,1394239123.856604,5.6689790303985027e-4,1.2387347365223952e-3,-5.2372976342015818e0,40.339040637935,arc-169,supported,supported,false
source:bto-bfo-medium:370025,bto-bfo-medium,370025,11625,arc1-current-polar-best-glide-equal-feed,199,-37.620808706412,90.066331785347,1394239012.734044,2.0153565076907180e-4,5.7998285391410600e-6,-9.5671021134964036e0,29.357474764404,arc-167,supported,supported,false
source:bto-bfo-medium:370025,bto-bfo-medium,370025,11685,arc1-current-polar-best-glide-equal-feed,200,-38.042199564241,89.746583007177,1394239129.676589,4.2380598723817985e-4,1.2196363524086004e-5,-9.5671021134964036e0,42.271079243780,arc-167,supported,supported,false
source:bto-bfo-medium:370025,bto-bfo-medium,370025,11749,arc1-current-polar-best-glide-equal-feed,201,-37.943412621060,89.200149140703,1394238923.808149,3.8664748210061956e-5,3.7183880568409476e-5,-6.0580171123982325e0,18.534153812214,arc-168,supported,supported,false
source:bto-bfo-medium:370025,bto-bfo-medium,370025,11810,arc1-current-polar-best-glide-equal-feed,202,-38.444138678488,88.779334938432,1394239062.373098,1.8027140970430504e-4,3.9391300621354657e-4,-5.2372976342015818e0,31.717948769341,arc-169,supported,supported,false
source:bto-bfo-medium:370025,bto-bfo-medium,370025,11859,arc1-current-polar-best-glide-equal-feed,203,-37.793205957316,90.137501141215,1394239105.687246,5.3808367624489295e-4,1.5485067034154701e-5,-9.5671021134964036e0,38.409977912691,arc-167,supported,supported,false
source:bto-bfo-medium:370025,bto-bfo-medium,370025,11921,arc1-current-polar-best-glide-equal-feed,204,-37.746564768295,89.672845740942,1394238942.592203,1.1676579456839229e-4,3.3603066512000445e-6,-9.5671021134964036e0,24.195553133036,arc-167,supported,supported,false
source:bto-bfo-medium:370025,bto-bfo-medium,370025,11984,arc1-current-polar-best-glide-equal-feed,205,-38.856120285235,87.984071622339,1394238979.114810,4.0024118944817917e-4,1.7353340743442632e-3,-4.5520762908770394e0,29.498861363896,arc-170,supported,supported,false
source:bto-bfo-medium:370025,bto-bfo-medium,370025,12049,arc1-current-polar-best-glide-equal-feed,206,-38.339236339718,89.233565117545,1394239074.047055,6.9277804726789794e-4,6.6624450856560117e-4,-6.0580171123982325e0,39.354304647879,arc-168,supported,supported,false
source:bto-bfo-medium:370025,bto-bfo-medium,370025,12114,arc1-current-polar-best-glide-equal-feed,207,-38.247340852402,88.986456163381,1394238959.134757,3.0534632483951587e-4,2.9365149911620515e-4,-6.0580171123982325e0,30.985326524915,arc-168,supported,supported,false
source:bto-bfo-medium:370025,bto-bfo-medium,370025,12169,arc1-current-polar-best-glide-equal-feed,208,-38.195364276351,89.479902213832,1394239071.494465,7.1554538235327344e-4,6.8813985013296841e-4,-6.0580171123982325e0,38.565145710150,arc-168,supported,supported,false
source:bto-bfo-medium:370025,bto-bfo-medium,370025,12221,arc1-current-polar-best-glide-equal-feed,209,-37.848926433765,89.780499370670,1394239059.027983,1.8816813581482708e-4,5.4151358337404473e-6,-9.5671021134964036e0,31.596505522091,arc-167,supported,supported,false
source:bto-bfo-medium:370025,bto-bfo-medium,370025,12279,arc1-current-polar-best-glide-equal-feed,210,-37.857171832161,89.802484166189,1394239078.971237,1.8132074337997005e-4,5.2180803653365752e-6,-9.5671021134964036e0,32.435512375364,arc-167,supported,supported,false
source:bto-bfo-medium:370025,bto-bfo-medium,370025,12334,arc1-current-polar-best-glide-equal-feed,211,-38.279432037061,88.937086807491,1394238989.482620,2.1210789991394578e-4,2.0398412463898659e-4,-6.0580171123982325e0,32.733697739630,arc-168,supported,supported,false
source:bto-bfo-medium:370025,bto-bfo-medium,370025,12391,arc1-current-polar-best-glide-equal-feed,212,-38.534245666076,88.415630932410,1394238902.814892,3.9520273144895239e-4,8.6356176092599831e-4,-5.2372976342015818e0,26.792808664796,arc-169,supported,supported,false
source:bto-bfo-medium:370025,bto-bfo-medium,370025,12457,arc1-current-polar-best-glide-equal-feed,213,-38.340856024393,88.981430303263,1394238984.947554,5.3953780521217058e-4,5.1887339863576892e-4,-6.0580171123982325e0,36.547164312161,arc-168,supported,supported,false
source:bto-bfo-medium:370025,bto-bfo-medium,370025,12516,arc1-current-polar-best-glide-equal-feed,214,-38.342201965863,88.807238207079,1394238935.221572,3.7132367008591976e-4,8.1138336579113571e-4,-5.2372976342015818e0,29.326638717347,arc-169,supported,supported,false
source:bto-bfo-medium:370025,bto-bfo-medium,370025,12580,arc1-current-polar-best-glide-equal-feed,215,-38.071170803816,89.336633648404,1394239007.424366,2.2923477568071690e-4,2.2045503761536695e-4,-6.0580171123982325e0,28.505257872019,arc-168,supported,supported,false
source:bto-bfo-medium:370025,bto-bfo-medium,370025,12635,arc1-current-polar-best-glide-equal-feed,216,-38.307195391585,88.897066600481,1394238986.248994,2.3593495308410820e-4,5.1554401661726014e-4,-5.2372976342015818e0,32.244798863729,arc-169,supported,supported,false
source:bto-bfo-medium:370025,bto-bfo-medium,370025,12695,arc1-current-polar-best-glide-equal-feed,217,-38.160094907485,89.590402839895,1394239115.094456,5.9325047307941703e-4,5.7052886050857070e-4,-6.0580171123982325e0,41.030624905719,arc-168,supported,supported,false
source:bto-bfo-medium:370025,bto-bfo-medium,370025,12753,arc1-current-polar-best-glide-equal-feed,218,-38.279545783190,88.987819530811,1394238998.343505,2.7106365191890855e-4,2.6068185947132708e-4,-6.0580171123982325e0,32.914066035605,arc-168,supported,supported,false
source:bto-bfo-medium:370025,bto-bfo-medium,370025,12810,arc1-current-polar-best-glide-equal-feed,219,-38.023790540055,89.368376122854,1394238941.787907,3.7770965825381479e-4,3.6324330229026706e-4,-6.0580171123982325e0,27.725319874194,arc-168,supported,supported,false
source:bto-bfo-medium:370025,bto-bfo-medium,370025,12865,arc1-current-polar-best-glide-equal-feed,220,-37.831624137035,89.756919627086,1394239062.870567,1.1284219937975122e-4,3.2473927361469114e-6,-9.5671021134964036e0,30.239474312409,arc-167,supported,supported,false
source:bto-bfo-medium:370025,bto-bfo-medium,370025,12924,arc1-current-polar-best-glide-equal-feed,221,-37.735750309218,89.734753485911,1394238913.594416,2.5652614611708016e-4,7.3823547228896960e-6,-9.5671021134964036e0,24.474068463388,arc-167,supported,supported,false
source:bto-bfo-medium:370025,bto-bfo-medium,370025,12978,arc1-current-polar-best-glide-equal-feed,222,-38.261415024537,89.321907661856,1394239100.237982,4.5334765283092061e-4,4.3598434644524201e-4,-6.0580171123982325e0,37.096305301038,arc-168,supported,supported,false
source:bto-bfo-medium:370025,bto-bfo-medium,370025,13041,arc1-current-polar-best-glide-equal-feed,223,-37.982579540416,89.877694795762,1394239107.143422,6.4238097480154072e-4,1.8486553105804046e-5,-9.5671021134964036e0,40.753912905014,arc-167,supported,supported,false
source:bto-bfo-medium:370025,bto-bfo-medium,370025,13092,arc1-current-polar-best-glide-equal-feed,224,-37.924025754547,89.984751040810,1394239114.103884,6.3731595506312316e-4,1.8340791073537894e-5,-9.5671021134964036e0,39.926327617588,arc-167,supported,supported,false
source:bto-bfo-medium:370025,bto-bfo-medium,370025,13161,arc1-current-polar-best-glide-equal-feed,225,-37.805661418559,89.700724901405,1394238966.834423,2.2204869110984570e-4,6.3901564356644184e-6,-9.5671021134964036e0,27.963011470983,arc-167,supported,supported,false
source:bto-bfo-medium:370025,bto-bfo-medium,370025,13226,arc1-current-polar-best-glide-equal-feed,226,-37.842543565118,89.550773030741,1394238961.417223,1.1799998401527580e-4,3.3958243729997717e-6,-9.5671021134964036e0,29.222421138355,arc-167,supported,supported,false
source:bto-bfo-medium:370025,bto-bfo-medium,370025,13294,arc1-current-polar-best-glide-equal-feed,227,-38.333240389598,88.925270958688,1394239034.241953,1.9493219952360926e-4,4.2594845654180333e-4,-5.2372976342015818e0,34.076035803849,arc-169,supported,supported,false
source:bto-bfo-medium:370025,bto-bfo-medium,370025,13355,arc1-current-polar-best-glide-equal-feed,228,-38.174774149808,89.148453903496,1394238962.444024,3.6514108100530856e-4,3.5115610408108114e-4,-6.0580171123982325e0,28.696730132331,arc-168,supported,supported,false
source:bto-bfo-medium:370025,bto-bfo-medium,370025,13416,arc1-current-polar-best-glide-equal-feed,229,-38.543790295624,88.881374458756,1394239118.333621,4.5707233050688281e-4,9.9875369068408784e-4,-5.2372976342015818e0,39.263197896498,arc-169,supported,supported,false
source:bto-bfo-medium:370025,bto-bfo-medium,370025,13481,arc1-current-polar-best-glide-equal-feed,230,-37.739879839528,90.098347155279,1394239112.914886,2.3040039768147753e-4,6.6305033218844785e-6,-9.5671021134964036e0,34.884591444986,arc-167,supported,supported,false
source:bto-bfo-medium:370025,bto-bfo-medium,370025,13547,arc1-current-polar-best-glide-equal-feed,231,-38.134123535379,89.088326719599,1394238951.946030,1.7517266519419337e-4,1.6846351684596757e-4,-6.0580171123982325e0,25.395629556840,arc-168,supported,supported,false
source:bto-bfo-medium:370025,bto-bfo-medium,370025,13615,arc1-current-polar-best-glide-equal-feed,232,-37.859546498605,89.459733585522,1394238917.559993,1.3888150021410062e-4,1.3356231079189455e-4,-6.0580171123982325e0,27.034883627079,arc-168,supported,supported,false
source:bto-bfo-medium:370025,bto-bfo-medium,370025,13682,arc1-current-polar-best-glide-equal-feed,233,-37.690823598285,90.008167647126,1394239045.678622,1.8511859185638068e-4,5.3273755193044226e-6,-9.5671021134964036e0,29.728415015920,arc-167,supported,supported,false
source:bto-bfo-medium:370025,bto-bfo-medium,370025,13744,arc1-current-polar-best-glide-equal-feed,234,-37.838938546487,88.900478833444,1394238693.447640,2.2108815427334988e-5,2.1262043344823774e-5,-6.0580171123982325e0,6.290179678329,arc-168,supported,supported,false
source:bto-bfo-medium:370025,bto-bfo-medium,370025,13820,arc1-current-polar-best-glide-equal-feed,235,-37.698790342132,90.223436053470,1394239136.990294,2.3925252548445407e-4,6.8852514186500145e-6,-9.5671021134964036e0,38.170986330692,arc-167,supported,supported,false
source:bto-bfo-medium:370025,bto-bfo-medium,370025,13880,arc1-current-polar-best-glide-equal-feed,236,-38.332609936108,88.632422036703,1394238954.833493,6.1370565411421367e-5,1.3410148594217601e-4,-5.2372976342015818e0,22.128733633147,arc-169,supported,supported,false
source:bto-bfo-medium:370025,bto-bfo-medium,370025,13946,arc1-current-polar-best-glide-equal-feed,237,-38.388926340168,88.755858818787,1394238954.886389,3.4756704837961923e-4,7.5947251487386270e-4,-5.2372976342015818e0,28.802149271021,arc-169,supported,supported,false
source:bto-bfo-medium:370025,bto-bfo-medium,370025,14008,arc1-current-polar-best-glide-equal-feed,238,-38.224200677164,89.069263904360,1394238945.633512,4.5568189754764243e-4,4.3822918911930956e-4,-6.0580171123982325e0,30.320834833520,arc-168,supported,supported,false
source:bto-bfo-medium:370025,bto-bfo-medium,370025,14072,arc1-current-polar-best-glide-equal-feed,239,-38.391126466656,89.008247041045,1394239060.873003,4.3201917653071980e-4,9.4400977308745537e-4,-5.2372976342015818e0,39.080341218379,arc-169,supported,supported,false
source:bto-bfo-medium:370025,bto-bfo-medium,370025,14127,arc1-current-polar-best-glide-equal-feed,240,-37.770262917456,89.793113064722,1394238996.657409,1.9090453011619206e-4,5.4938842720581350e-6,-9.5671021134964036e0,27.472601353047,arc-167,supported,supported,false
source:bto-bfo-medium:370025,bto-bfo-medium,370025,14192,arc1-current-polar-best-glide-equal-feed,241,-37.657677310360,90.033742168023,1394239015.331962,2.4018291901600655e-4,6.9120264479629096e-6,-9.5671021134964036e0,29.372205151837,arc-167,supported,supported,false
source:bto-bfo-medium:370025,bto-bfo-medium,370025,14253,arc1-current-polar-best-glide-equal-feed,242,-38.068895461152,88.727643632436,1394238668.514409,2.6260692808532070e-4,2.5254902986334012e-4,-6.0580171123982325e0,21.895091756704,arc-168,supported,supported,false
source:bto-bfo-medium:370025,bto-bfo-medium,370025,14320,arc1-current-polar-best-glide-equal-feed,243,-37.879871152527,89.592189700906,1394238956.617821,2.8508594847240448e-4,8.2042537573312164e-6,-9.5671021134964036e0,31.532120875875,arc-167,supported,supported,false
source:bto-bfo-medium:370025,bto-bfo-medium,370025,14381,arc1-current-polar-best-glide-equal-feed,244,-37.742767655363,89.040368230490,1394238697.139720,1.5719091246198815e-5,1.5117046886405965e-5,-6.0580171123982325e0,6.101634573042,arc-168,supported,supported,false
source:bto-bfo-medium:370025,bto-bfo-medium,370025,14453,arc1-current-polar-best-glide-equal-feed,245,-37.913926794265,89.462156957823,1394238935.034622,2.2316025168774844e-4,2.1461316911444402e-4,-6.0580171123982325e0,28.213839505497,arc-168,supported,supported,false
source:bto-bfo-medium:370025,bto-bfo-medium,370025,14517,arc1-current-polar-best-glide-equal-feed,246,-38.028991631842,89.345428944961,1394238973.173960,2.3157167031765080e-4,2.2270242871716891e-4,-6.0580171123982325e0,27.088333338204,arc-168,supported,supported,false
source:bto-bfo-medium:370025,bto-bfo-medium,370025,14573,arc1-current-polar-best-glide-equal-feed,247,-38.089978949293,89.893755195306,1394239162.664525,7.8391577637753024e-4,2.2559666613660253e-5,-9.5671021134964036e0,47.030196471995,arc-167,supported,supported,false
source:bto-bfo-medium:370025,bto-bfo-medium,370025,14628,arc1-current-polar-best-glide-equal-feed,248,-37.869231118982,90.009435971569,1394239131.621257,3.8794546355373966e-4,1.1164363042286019e-5,-9.5671021134964036e0,37.827151297117,arc-167,supported,supported,false
source:bto-bfo-medium:370025,bto-bfo-medium,370025,14683,arc1-current-polar-best-glide-equal-feed,249,-37.809877432272,90.098970981594,1394239057.616246,7.5811112315931522e-4,2.1817055747510660e-5,-9.5671021134964036e0,37.806323161828,arc-167,supported,supported,false
source:bto-bfo-medium:370025,bto-bfo-medium,370025,14745,arc1-current-polar-best-glide-equal-feed,250,-37.928068562893,89.442656897292,1394238958.451508,1.6510032046998768e-4,1.5877694495278091e-4,-6.0580171123982325e0,27.704258828281,arc-168,supported,supported,false
source:bto-bfo-medium:370025,bto-bfo-medium,370025,14804,arc1-current-polar-best-glide-equal-feed,251,-38.343364492481,89.290195038906,1394239105.775828,6.7409208221282948e-4,6.4827421973458991e-4,-6.0580171123982325e0,40.685911914047,arc-168,supported,supported,false
source:bto-bfo-medium:370025,bto-bfo-medium,370025,14864,arc1-current-polar-best-glide-equal-feed,252,-37.860860741520,90.002493045553,1394239074.095049,6.4043126734084803e-4,1.8430444080277577e-5,-9.5671021134964036e0,37.226939311968,arc-167,supported,supported,false
source:bto-bfo-medium:370025,bto-bfo-medium,370025,14925,arc1-current-polar-best-glide-equal-feed,253,-38.079034165759,88.578366209450,1394238687.738536,6.7696562761974049e-5,1.4792449114162768e-4,-5.2372976342015818e0,14.912404668337,arc-169,supported,supported,false
source:bto-bfo-medium:370025,bto-bfo-medium,370025,14996,arc1-current-polar-best-glide-equal-feed,254,-38.023969818241,89.358706160851,1394238989.253443,1.9639814168139125e-4,1.8887605330992276e-4,-6.0580171123982325e0,27.376375956908,arc-168,supported,supported,false
source:bto-bfo-medium:370025,bto-bfo-medium,370025,15051,arc1-current-polar-best-glide-equal-feed,255,-38.246733191204,89.313573073302,1394239094.904220,4.0197449114796516e-4,3.8657878719880966e-4,-6.0580171123982325e0,36.139870015528,arc-168,supported,supported,false
source:bto-bfo-medium:370025,bto-bfo-medium,370025,15120,arc1-current-polar-best-glide-equal-feed,256,-38.002213627851,89.480687091415,1394239039.506859,1.7689577741367466e-4,1.7012063352049112e-4,-6.0580171123982325e0,31.368900046343,arc-168,supported,supported,false
source:bto-bfo-medium:370025,bto-bfo-medium,370025,15188,arc1-current-polar-best-glide-equal-feed,257,-37.858107500407,89.327987730607,1394238864.898767,1.0355111314862618e-4,9.9585084664856170e-5,-6.0580171123982325e0,21.071002744739,arc-168,supported,supported,false
source:bto-bfo-medium:370025,bto-bfo-medium,370025,15250,arc1-current-polar-best-glide-equal-feed,258,-38.285061399030,89.264935665463,1394239072.099260,5.5344985712232312e-4,5.3225261615654938e-4,-6.0580171123982325e0,37.022404088063,arc-168,supported,supported,false
source:bto-bfo-medium:370025,bto-bfo-medium,370025,15304,arc1-current-polar-best-glide-equal-feed,259,-38.311506160258,89.196820402535,1394239095.215912,3.7962716000612305e-4,3.6508736333936998e-4,-6.0580171123982325e0,37.160970694538,arc-168,supported,supported,false
source:bto-bfo-medium:370025,bto-bfo-medium,370025,15359,arc1-current-polar-best-glide-equal-feed,260,-37.971594241242,89.836323822848,1394239025.176075,8.8260016266081070e-4,2.5399623304941717e-5,-9.5671021134964036e0,39.421300946365,arc-167,supported,supported,false
source:bto-bfo-medium:370025,bto-bfo-medium,370025,15424,arc1-current-polar-best-glide-equal-feed,261,-37.664146037536,90.427117564173,1394239155.135326,4.8317437590954699e-4,3.5073307970388563e-3,-4.0367312205080452e0,43.524179220435,arc-166,supported,supported,false
source:bto-bfo-medium:370025,bto-bfo-medium,370025,15485,arc1-current-polar-best-glide-equal-feed,262,-38.078854965030,89.712727013078,1394239092.146550,7.0160952895294835e-4,6.7473774272388144e-4,-6.0580171123982325e0,43.186882697960,arc-168,supported,supported,false
source:bto-bfo-medium:370025,bto-bfo-medium,370025,15544,arc1-current-polar-best-glide-equal-feed,263,-38.765300027898,88.308640836992,1394239063.092607,3.4550861970761006e-4,1.4980289299682354e-3,-4.5520762908770394e0,37.646580581774,arc-170,supported,supported,false
source:bto-bfo-medium:370025,bto-bfo-medium,370025,15599,arc1-current-polar-best-glide-equal-feed,264,-38.586739632042,88.911370515110,1394239149.180796,5.2915775926482532e-4,1.1562683403604280e-3,-5.2372976342015818e0,42.047287364454,arc-169,supported,supported,false
source:bto-bfo-medium:370025,bto-bfo-medium,370025,15668,arc1-current-polar-best-glide-equal-feed,265,-37.988213877437,89.472262706851,1394238988.979012,2.8156495397514285e-4,2.7078095954435357e-4,-6.0580171123982325e0,30.601977049152,arc-168,supported,supported,false
source:bto-bfo-medium:370025,bto-bfo-medium,370025,15727,arc1-current-polar-best-glide-equal-feed,266,-38.238297620143,89.271564975362,1394239056.142505,4.6781495259542712e-4,4.4989754571575459e-4,-6.0580171123982325e0,34.694308509256,arc-168,supported,supported,false
source:bto-bfo-medium:370025,bto-bfo-medium,370025,15781,arc1-current-polar-best-glide-equal-feed,267,-37.947875465775,89.507493850707,1394239018.808778,1.4469062908148081e-4,1.3914894885397720e-4,-6.0580171123982325e0,30.991436503379,arc-168,supported,supported,false
source:bto-bfo-medium:370025,bto-bfo-medium,370025,15851,arc1-current-polar-best-glide-equal-feed,268,-37.637346896934,89.413857377945,1394238711.730663,9.9521294767766915e-5,2.8640413914049939e-6,-9.5671021134964036e0,18.076931103537,arc-167,supported,supported,false
source:bto-bfo-medium:370025,bto-bfo-medium,370025,15910,arc1-current-polar-best-glide-equal-feed,269,-37.894121161865,89.775734377815,1394239036.387421,4.0090178112132084e-4,1.1537222236695882e-5,-9.5671021134964036e0,34.078550379709,arc-167,supported,supported,false
source:bto-bfo-medium:370025,bto-bfo-medium,370025,15965,arc1-current-polar-best-glide-equal-feed,270,-38.069575223769,89.538941861705,1394239056.001186,4.3451500630427628e-4,4.1787299407255074e-4,-6.0580171123982325e0,35.859827928107,arc-168,supported,supported,false
source:bto-bfo-medium:370025,bto-bfo-medium,370025,16024,arc1-current-polar-best-glide-equal-feed,271,-38.386377467611,88.779405162804,1394238953.756790,3.9989560774005267e-4,8.7381621564318161e-4,-5.2372976342015818e0,29.615289391876,arc-169,supported,supported,false
source:bto-bfo-medium:370025,bto-bfo-medium,370025,16078,arc1-current-polar-best-glide-equal-feed,272,-37.866928067745,89.821302502347,1394239064.369572,2.8382237730630212e-4,8.1678904832284436e-6,-9.5671021134964036e0,33.317877207146,arc-167,supported,supported,false
source:bto-bfo-medium:370025,bto-bfo-medium,370025,16145,arc1-current-polar-best-glide-equal-feed,273,-38.022876280054,89.537032526600,1394239060.221032,2.4231622737276793e-4,2.3303546707364179e-4,-6.0580171123982325e0,34.295747533703,arc-168,supported,supported,false
source:bto-bfo-medium:370025,bto-bfo-medium,370025,16197,arc1-current-polar-best-glide-equal-feed,274,-38.356152484747,89.036258439717,1394239075.695107,2.9795442316566002e-4,2.8654270876482887e-4,-6.0580171123982325e0,37.776595161971,arc-168,supported,supported,false
source:bto-bfo-medium:370025,bto-bfo-medium,370025,16248,arc1-current-polar-best-glide-equal-feed,275,-37.859151067441,89.793174514751,1394239082.290003,1.5920705314558271e-4,4.5816886835785483e-6,-9.5671021134964036e0,32.383963940677,arc-167,supported,supported,false
source:bto-bfo-medium:370025,bto-bfo-medium,370025,16316,arc1-current-polar-best-glide-equal-feed,276,-37.988337987820,89.536257654910,1394239003.290232,3.6198576628740381e-4,3.4812163855219973e-4,-6.0580171123982325e0,33.270854010167,arc-168,supported,supported,false
source:bto-bfo-medium:370025,bto-bfo-medium,370025,16374,arc1-current-polar-best-glide-equal-feed,277,-38.390560375506,88.993312053300,1394239040.091689,5.0791346412219144e-4,1.1098472013775504e-3,-5.2372976342015818e0,38.434464476904,arc-169,supported,supported,false
source:bto-bfo-medium:370025,bto-bfo-medium,370025,16441,arc1-current-polar-best-glide-equal-feed,278,-38.220301742064,88.875925677521,1394238930.213518,1.4830460225574458e-4,1.4262450612798731e-4,-6.0580171123982325e0,29.213141614534,arc-168,supported,supported,false
source:bto-bfo-medium:370025,bto-bfo-medium,370025,16502,arc1-current-polar-best-glide-equal-feed,279,-38.302183622169,89.194031293332,1394239107.017443,2.8971414406792539e-4,2.7861803401573100e-4,-6.0580171123982325e0,36.591860140997,arc-168,supported,supported,false
source:bto-bfo-medium:370025,bto-bfo-medium,370025,16562,arc1-current-polar-best-glide-equal-feed,280,-38.034147043425,89.525146648433,1394239076.566769,2.0452185039631932e-4,1.9668862234534771e-4,-6.0580171123982325e0,34.160148509199,arc-168,supported,supported,false
source:bto-bfo-medium:370025,bto-bfo-medium,370025,16622,arc1-current-polar-best-glide-equal-feed,281,-38.121557095600,89.677917306496,1394239101.333351,7.4250917549912730e-4,7.1407092457213437e-4,-6.0580171123982325e0,43.064654205609,arc-168,supported,supported,false
source:bto-bfo-medium:370025,bto-bfo-medium,370025,16673,arc1-current-polar-best-glide-equal-feed,282,-38.120326999101,89.593090634347,1394239095.705622,5.6483567743089249e-4,5.4320235725474793e-4,-6.0580171123982325e0,39.698444750521,arc-168,supported,supported,false
source:bto-bfo-medium:370025,bto-bfo-medium,370025,16725,arc1-current-polar-best-glide-equal-feed,283,-38.075366679549,89.280367077646,1394239041.479091,8.3244821544768200e-5,8.0056528118129327e-5,-6.0580171123982325e0,26.883172390804,arc-168,supported,supported,false
source:bto-bfo-medium:370025,bto-bfo-medium,370025,16780,arc1-current-polar-best-glide-equal-feed,284,-38.316464032368,88.981119204463,1394238961.850010,5.4963896308436809e-4,5.2858768012757748e-4,-6.0580171123982325e0,35.087459343153,arc-168,supported,supported,false
source:bto-bfo-medium:370025,bto-bfo-medium,370025,16836,arc1-current-polar-best-glide-equal-feed,285,-37.695762998670,89.671868028389,1394238885.600227,1.3915315708853235e-4,4.0045741223145437e-6,-9.5671021134964036e0,21.238919542404,arc-167,supported,supported,false
source:bto-bfo-medium:370025,bto-bfo-medium,370025,16906,arc1-current-polar-best-glide-equal-feed,286,-38.420692565717,87.897330566218,1394238709.284661,2.1301872426958040e-5,9.2358972650467220e-5,-4.5520762908770394e0,13.999649489828,arc-170,supported,supported,false
source:bto-bfo-medium:370025,bto-bfo-medium,370025,16975,arc1-current-polar-best-glide-equal-feed,287,-38.453684037457,88.828784037895,1394239032.026471,4.2273709836724205e-4,9.2372740374623799e-4,-5.2372976342015818e0,33.885750067817,arc-169,supported,supported,false
source:bto-bfo-medium:370025,bto-bfo-medium,370025,17034,arc1-current-polar-best-glide-equal-feed,288,-38.033659983534,89.279446748909,1394238939.501768,2.3746894762182594e-4,2.2837383911316817e-4,-6.0580171123982325e0,25.003182440427,arc-168,supported,supported,false
source:bto-bfo-medium:370025,bto-bfo-medium,370025,17102,arc1-current-polar-best-glide-equal-feed,289,-38.029745524552,89.933035535172,1394239129.851019,8.2707674855181455e-4,2.3801760691001957e-5,-9.5671021134964036e0,44.396403553013,arc-167,supported,supported,false
source:bto-bfo-medium:370025,bto-bfo-medium,370025,17171,arc1-current-polar-best-glide-equal-feed,290,-37.429222264659,89.564707479918,1394238669.169582,3.0055945839663355e-5,8.6495531577933975e-7,-9.5671021134964036e0,4.474087449141,arc-167,supported,supported,false
source:bto-bfo-medium:370025,bto-bfo-medium,370025,17240,arc1-current-polar-best-glide-equal-feed,291,-37.515153801918,90.376896482590,1394239068.239190,2.6988027600826806e-4,1.9590430510212872e-3,-4.0367312205080452e0,34.268091306713,arc-166,supported,supported,false
source:bto-bfo-medium:370025,bto-bfo-medium,370025,17299,arc1-current-polar-best-glide-equal-feed,292,-38.293069848542,89.453256031017,1394239145.081327,6.4378136226832857e-4,6.1912440646707384e-4,-6.0580171123982325e0,42.180608692914,arc-168,supported,supported,false
source:bto-bfo-medium:370025,bto-bfo-medium,370025,17356,arc1-current-polar-best-glide-equal-feed,293,-37.949163433744,88.902568318697,1394238698.424168,1.4008987802928421e-4,1.3472440749344786e-4,-6.0580171123982325e0,12.891392305644,arc-168,supported,supported,false
source:bto-bfo-medium:370025,bto-bfo-medium,370025,17421,arc1-current-polar-best-glide-equal-feed,294,-37.846818912243,89.834350088072,1394239021.859210,4.3211712104876263e-4,1.2435542800225447e-5,-9.5671021134964036e0,32.465100664397,arc-167,supported,supported,false
source:bto-bfo-medium:370025,bto-bfo-medium,370025,17478,arc1-current-polar-best-glide-equal-feed,295,-38.168457519138,89.316057529559,1394239055.884781,3.0573678227615821e-4,2.9402700195440488e-4,-6.0580171123982325e0,32.311312369324,arc-168,supported,supported,false
source:bto-bfo-medium:370025,bto-bfo-medium,370025,17544,arc1-current-polar-best-glide-equal-feed,296,-37.855393979451,90.145121044366,1394239156.720293,5.2100530416429233e-4,1.4993582627216524e-5,-9.5671021134964036e0,41.293449571126,arc-167,supported,supported,false
source:bto-bfo-medium:370025,bto-bfo-medium,370025,17595,arc1-current-polar-best-glide-equal-feed,297,-37.749902528520,90.331428335468,1394239148.466235,6.1387716699270480e-4,1.7666265492307253e-5,-9.5671021134964036e0,44.145757684618,arc-167,supported,supported,false
source:bto-bfo-medium:370025,bto-bfo-medium,370025,17645,arc1-current-polar-best-glide-equal-feed,298,-38.210249266505,89.418222376736,1394239100.558553,4.6639602801824240e-4,4.4853296623557871e-4,-6.0580171123982325e0,37.269775231432,arc-168,supported,supported,false
source:bto-bfo-medium:370025,bto-bfo-medium,370025,17696,arc1-current-polar-best-glide-equal-feed,299,-37.805657456234,90.247324853950,1394239097.990190,8.7570439631896359e-4,2.5201175723701918e-5,-9.5671021134964036e0,42.839855553022,arc-167,supported,supported,false
source:bto-bfo-medium:370025,bto-bfo-medium,370025,17753,arc1-current-polar-best-glide-equal-feed,300,-37.843598050544,89.418207545396,1394238912.350916,8.3977279385420519e-5,8.0760932676003140e-5,-6.0580171123982325e0,24.881717560809,arc-168,supported,supported,false
source:bto-bfo-medium:370025,bto-bfo-medium,370025,17814,arc1-current-polar-best-glide-equal-feed,301,-38.323964884051,88.441611127729,1394238875.865518,3.6122135644402426e-5,7.8930869103866990e-5,-5.2372976342015818e0,15.627242564485,arc-169,supported,supported,false
source:bto-bfo-medium:370025,bto-bfo-medium,370025,17876,arc1-current-polar-best-glide-equal-feed,302,-37.860056086460,89.743383097232,1394239022.333055,2.7820410805857191e-4,8.0062069389065142e-6,-9.5671021134964036e0,31.661923007305,arc-167,supported,supported,false
source:bto-bfo-medium:370025,bto-bfo-medium,370025,17929,arc1-current-polar-best-glide-equal-feed,303,-37.692945147306,89.966314905983,1394239014.125119,2.2134278454687763e-4,6.3698417319668553e-6,-9.5671021134964036e0,28.383461536571,arc-167,supported,supported,false
source:bto-bfo-medium:370025,bto-bfo-medium,370025,17986,arc1-current-polar-best-glide-equal-feed,304,-37.994039012979,89.642757816396,1394239055.404370,3.8855274863280968e-4,3.7367110012447334e-4,-6.0580171123982325e0,37.967346020027,arc-168,supported,supported,false
source:bto-bfo-medium:370025,bto-bfo-medium,370025,18038,arc1-current-polar-best-glide-equal-feed,305,-37.689897032274,89.809972284069,1394238995.145250,7.2598312318384450e-5,2.0892470491987950e-6,-9.5671021134964036e0,23.609313198574,arc-167,supported,supported,false
source:bto-bfo-medium:370025,bto-bfo-medium,370025,18101,arc1-current-polar-best-glide-equal-feed,306,-38.169415506806,89.658082993781,1394239109.425458,8.1937418431135328e-4,7.8799198806996313e-4,-6.0580171123982325e0,43.912309451108,arc-168,supported,supported,false
source:bto-bfo-medium:370025,bto-bfo-medium,370025,18159,arc1-current-polar-best-glide-equal-feed,307,-38.191631322814,88.514859630656,1394238687.865264,2.0643115861102197e-4,4.5107495635605060e-4,-5.2372976342015818e0,12.942439017480,arc-169,supported,supported,false
source:bto-bfo-medium:370025,bto-bfo-medium,370025,18222,arc1-current-polar-best-glide-equal-feed,308,-38.041406138626,89.380244168542,1394239005.229523,2.3581818677682802e-4,2.2678630274091695e-4,-6.0580171123982325e0,28.827994104679,arc-168,supported,supported,false
source:bto-bfo-medium:370025,bto-bfo-medium,370025,18286,arc1-current-polar-best-glide-equal-feed,309,-37.685220592401,89.962358014858,1394239004.832211,2.2236993526582012e-4,6.3994012567009854e-6,-9.5671021134964036e0,27.922018398449,arc-167,supported,supported,false
source:bto-bfo-medium:370025,bto-bfo-medium,370025,18342,arc1-current-polar-best-glide-equal-feed,310,-38.156249737002,89.185734826603,1394238960.374442,3.9340934565193828e-4,3.7834168849988593e-4,-6.0580171123982325e0,28.435446754904,arc-168,supported,supported,false
source:bto-bfo-medium:370025,bto-bfo-medium,370025,18404,arc1-current-polar-best-glide-equal-feed,311,-37.872996051408,89.793010610613,1394239040.390093,3.4730360464625427e-4,9.9947644512879509e-6,-9.5671021134964036e0,33.157887975258,arc-167,supported,supported,false
source:bto-bfo-medium:370025,bto-bfo-medium,370025,18461,arc1-current-polar-best-glide-equal-feed,312,-38.120216844752,89.612851592398,1394239113.821258,5.1156492255142203e-4,4.9197188301331048e-4,-6.0580171123982325e0,40.458452646725,arc-168,supported,supported,false
source:bto-bfo-medium:370025,bto-bfo-medium,370025,18517,arc1-current-polar-best-glide-equal-feed,313,-38.109503381773,89.707933295786,1394239094.931764,7.9476082662129717e-4,7.6432132693537405e-4,-6.0580171123982325e0,43.895327683313,arc-168,supported,supported,false
source:bto-bfo-medium:370025,bto-bfo-medium,370025,18572,arc1-current-polar-best-glide-equal-feed,314,-38.400425548957,89.086737009309,1394239095.658760,4.7119953472321595e-4,4.5315249766655826e-4,-6.0580171123982325e0,40.818819762429,arc-168,supported,supported,false
source:bto-bfo-medium:370025,bto-bfo-medium,370025,18623,arc1-current-polar-best-glide-equal-feed,315,-38.199144730500,88.271083420987,1394238668.304371,3.6510163954135317e-5,7.9778753958340362e-5,-5.2372976342015818e0,5.717377694975,arc-169,supported,supported,false
source:bto-bfo-medium:370025,bto-bfo-medium,370025,18690,arc1-current-polar-best-glide-equal-feed,316,-38.456100842541,88.868808950219,1394239083.956545,2.7168006032562693e-4,5.9365103688202700e-4,-5.2372976342015818e0,35.471828668467,arc-169,supported,supported,false
source:bto-bfo-medium:370025,bto-bfo-medium,370025,18747,arc1-current-polar-best-glide-equal-feed,317,-38.263966089867,89.430184006183,1394239115.235741,6.3789746365880808e-4,6.1346586235903010e-4,-6.0580171123982325e0,40.132849627407,arc-168,supported,supported,false
source:bto-bfo-medium:370025,bto-bfo-medium,370025,18806,arc1-current-polar-best-glide-equal-feed,318,-38.641108706489,88.078238749728,1394238965.737313,5.1239107051884781e-5,2.2215846532112511e-4,-4.5520762908770394e0,24.638871117530,arc-170,supported,supported,false
source:bto-bfo-medium:370025,bto-bfo-medium,370025,18866,arc1-current-polar-best-glide-equal-feed,319,-38.061254181512,89.590278607020,1394239091.384663,3.4176082079537354e-4,3.2867131254483864e-4,-6.0580171123982325e0,37.636712230022,arc-168,supported,supported,false
source:bto-bfo-medium:370025,bto-bfo-medium,370025,18927,arc1-current-polar-best-glide-equal-feed,320,-38.466115627030,88.569831753363,1394238957.534697,2.5243018251329749e-4,5.5158792076873988e-4,-5.2372976342015818e0,26.071793467761,arc-169,supported,supported,false
source:bto-bfo-medium:370025,bto-bfo-medium,370025,18988,arc1-current-polar-best-glide-equal-feed,321,-37.870500057635,89.750896672883,1394238991.522135,4.6211305210466764e-4,1.3298770999962100e-5,-9.5671021134964036e0,32.366335920509,arc-167,supported,supported,false
source:bto-bfo-medium:370025,bto-bfo-medium,370025,19047,arc1-current-polar-best-glide-equal-feed,322,-37.950163811056,89.722018639133,1394239013.532785,6.0950841157763063e-4,1.7540540677664436e-5,-9.5671021134964036e0,36.625381298805,arc-167,supported,supported,false
source:bto-bfo-medium:370025,bto-bfo-medium,370025,19106,arc1-current-polar-best-glide-equal-feed,323,-38.628785665283,88.529754705567,1394238968.771521,7.4707476918952221e-4,1.6324411545926266e-3,-5.2372976342015818e0,33.890736067754,arc-169,supported,supported,false
source:bto-bfo-medium:370025,bto-bfo-medium,370025,19165,arc1-current-polar-best-glide-equal-feed,324,-38.242782487750,89.226841485826,1394239033.586412,4.9442542820848381e-4,4.7548883475477066e-4,-6.0580171123982325e0,33.949324644853,arc-168,supported,supported,false
source:bto-bfo-medium:370025,bto-bfo-medium,370025,19219,arc1-current-polar-best-glide-equal-feed,325,-37.979569970270,89.372946349332,1394238953.887863,2.0440646410398863e-4,1.9657765537124685e-4,-6.0580171123982325e0,26.329382686557,arc-168,supported,supported,false
source:bto-bfo-medium:370025,bto-bfo-medium,370025,19282,arc1-current-polar-best-glide-equal-feed,326,-37.797412667581,89.872322665671,1394239044.026722,2.5026693182653674e-4,7.2022259489662816e-6,-9.5671021134964036e0,30.666683929033,arc-167,supported,supported,false
source:bto-bfo-medium:370025,bto-bfo-medium,370025,19343,arc1-current-polar-best-glide-equal-feed,327,-38.063770669624,89.676639962823,1394239104.588732,4.9017200483067133e-4,4.7139831834876178e-4,-6.0580171123982325e0,41.255693785666,arc-168,supported,supported,false
source:bto-bfo-medium:370025,bto-bfo-medium,370025,19391,arc1-current-polar-best-glide-equal-feed,328,-37.931659735957,89.733925441992,1394239083.456439,2.4431780332899428e-4,7.0310208787397848e-6,-9.5671021134964036e0,35.679746262977,arc-167,supported,supported,false
source:bto-bfo-medium:370025,bto-bfo-medium,370025,19440,arc1-current-polar-best-glide-equal-feed,329,-37.625545661069,90.010194686748,1394239024.549362,1.0995511666948644e-4,3.1643077601937432e-6,-9.5671021134964036e0,27.315600658239,arc-167,supported,supported,false
source:bto-bfo-medium:370025,bto-bfo-medium,370025,19491,arc1-current-polar-best-glide-equal-feed,330,-38.530403377795,88.823213595360,1394239067.606700,5.3491422858275065e-4,1.1688468636987621e-3,-5.2372976342015818e0,36.717972987045,arc-169,supported,supported,false
source:bto-bfo-medium:370025,bto-bfo-medium,370025,19542,arc1-current-polar-best-glide-equal-feed,331,-38.237856716565,89.378177885588,1394239070.730217,6.4698102675978864e-4,6.2220152316425309e-4,-6.0580171123982325e0,37.404512831681,arc-168,supported,supported,false
source:bto-bfo-medium:370025,bto-bfo-medium,370025,19592,arc1-current-polar-best-glide-equal-feed,332,-38.304756781550,88.978902240875,1394238991.571778,3.6668234184909050e-4,3.5263833432421096e-4,-6.0580171123982325e0,34.377899287029,arc-168,supported,supported,false
source:bto-bfo-medium:370025,bto-bfo-medium,370025,19660,arc1-current-polar-best-glide-equal-feed,333,-38.368034237578,89.183713220350,1394239063.031175,7.5085133554839427e-4,7.2209357821180758e-4,-6.0580171123982325e0,40.139138721390,arc-168,supported,supported,false
source:bto-bfo-medium:370025,bto-bfo-medium,370025,19717,arc1-current-polar-best-glide-equal-feed,334,-37.668816737304,90.184453750676,1394239058.087527,4.1916566841035380e-4,1.2062823609606152e-5,-9.5671021134964036e0,35.646155495301,arc-167,supported,supported,false
source:bto-bfo-medium:370025,bto-bfo-medium,370025,19771,arc1-current-polar-best-glide-equal-feed,335,-37.867695322365,89.416994673753,1394238900.454455,1.4001124095758635e-4,1.3464878223742974e-4,-6.0580171123982325e0,25.242521816038,arc-168,supported,supported,false
source:bto-bfo-medium:370025,bto-bfo-medium,370025,19831,arc1-current-polar-best-glide-equal-feed,336,-38.114742688116,89.745461528724,1394239138.601007,6.7323224490951005e-4,6.4744731437311705e-4,-6.0580171123982325e0,45.585846873353,arc-168,supported,supported,false
source:bto-bfo-medium:370025,bto-bfo-medium,370025,19881,arc1-current-polar-best-glide-equal-feed,337,-37.928867120520,90.063553773118,1394239125.212247,7.8240753450172710e-4,2.2516262162676824e-5,-9.5671021134964036e0,42.231063658524,arc-167,supported,supported,false
source:bto-bfo-medium:370025,bto-bfo-medium,370025,19935,arc1-current-polar-best-glide-equal-feed,338,-37.756560593316,90.381910873660,1394239164.898241,6.7341999805004113e-4,1.9379799596818101e-5,-9.5671021134964036e0,46.396872447840,arc-167,supported,supported,false
source:bto-bfo-medium:370025,bto-bfo-medium,370025,19987,arc1-current-polar-best-glide-equal-feed,339,-37.844881500202,90.195098822554,1394239158.358855,5.8660280690908618e-4,1.6881359142506980e-5,-9.5671021134964036e0,42.525387162969,arc-167,supported,supported,false
source:bto-bfo-medium:370025,bto-bfo-medium,370025,20040,arc1-current-polar-best-glide-equal-feed,340,-38.075633699306,89.725645406237,1394239116.205625,5.8209577689419733e-4,5.5980139143326033e-4,-6.0580171123982325e0,43.634841242900,arc-168,supported,supported,false
source:bto-bfo-medium:370025,bto-bfo-medium,370025,20092,arc1-current-polar-best-glide-equal-feed,341,-38.195878533068,89.397338724372,1394239083.335281,4.5625552281102231e-4,4.3878084441960168e-4,-6.0580171123982325e0,35.975556195334,arc-168,supported,supported,false
source:bto-bfo-medium:370025,bto-bfo-medium,370025,20145,arc1-current-polar-best-glide-equal-feed,342,-38.160029641704,89.417240044162,1394239056.864285,4.9665610093006817e-4,4.7763407226196887e-4,-6.0580171123982325e0,34.986763999157,arc-168,supported,supported,false
source:bto-bfo-medium:370025,bto-bfo-medium,370025,20205,arc1-current-polar-best-glide-equal-feed,343,-37.727778911092,89.931338219381,1394238997.903256,3.1948539267502525e-4,9.1942070358484350e-6,-9.5671021134964036e0,28.826953741140,arc-167,supported,supported,false
source:bto-bfo-medium:370025,bto-bfo-medium,370025,20265,arc1-current-polar-best-glide-equal-feed,344,-38.410126941585,88.611864812332,1394238918.778455,2.8236279057383733e-4,6.1699398623568961e-4,-5.2372976342015818e0,24.618166572871,arc-169,supported,supported,false
source:bto-bfo-medium:370025,bto-bfo-medium,370025,20326,arc1-current-polar-best-glide-equal-feed,345,-38.110565046190,89.220905592056,1394239004.327961,1.6182561725515090e-4,1.5562766353043926e-4,-6.0580171123982325e0,26.893161024208,arc-168,supported,supported,false
source:bto-bfo-medium:370025,bto-bfo-medium,370025,20386,arc1-current-polar-best-glide-equal-feed,346,-37.803673521221,89.599320794166,1394238965.069692,9.8925556511426100e-5,2.8468971306858737e-6,-9.5671021134964036e0,26.997243138765,arc-167,supported,supported,false
source:bto-bfo-medium:370025,bto-bfo-medium,370025,20455,arc1-current-polar-best-glide-equal-feed,347,-38.696627687289,88.214768378336,1394238973.179426,3.0629144039142736e-4,1.3279941875148919e-3,-4.5520762908770394e0,31.851192868384,arc-170,supported,supported,false
source:bto-bfo-medium:370025,bto-bfo-medium,370025,20514,arc1-current-polar-best-glide-equal-feed,348,-38.538076453524,88.133924717989,1394238776.403152,3.4160722426879826e-4,1.4811135683789004e-3,-4.5520762908770394e0,25.254719227832,arc-170,supported,supported,false
source:bto-bfo-medium:370025,bto-bfo-medium,370025,20575,arc1-current-polar-best-glide-equal-feed,349,-37.711051918157,89.917363631342,1394239018.469562,1.7924666867768173e-4,5.1583922773742821e-6,-9.5671021134964036e0,27.629770710637,arc-167,supported,supported,false
source:bto-bfo-medium:370025,bto-bfo-medium,370025,20630,arc1-current-polar-best-glide-equal-feed,350,-38.276855064011,89.044072733377,1394238918.238941,7.3229761634847174e-4,7.0425047019306223e-4,-6.0580171123982325e0,33.149572490510,arc-168,supported,supported,false
source:bto-bfo-medium:370025,bto-bfo-medium,370025,20692,arc1-current-polar-best-glide-equal-feed,351,-38.153242822956,89.218273693411,1394238999.289719,2.8942175640365531e-4,2.7833684485787465e-4,-6.0580171123982325e0,29.012804547770,arc-168,supported,supported,false
source:bto-bfo-medium:370025,bto-bfo-medium,370025,20749,arc1-current-polar-best-glide-equal-feed,352,-38.038350740761,89.526669820548,1394239071.471624,2.3359093973682397e-4,2.2464435971100469e-4,-6.0580171123982325e0,34.354145956634,arc-168,supported,supported,false
source:bto-bfo-medium:370025,bto-bfo-medium,370025,20813,arc1-current-polar-best-glide-equal-feed,353,-38.652128817953,88.085736115750,1394238932.793760,1.2039365225816634e-4,5.2199326957427089e-4,-4.5520762908770394e0,25.244259190673,arc-170,supported,supported,false
source:bto-bfo-medium:370025,bto-bfo-medium,370025,20870,arc1-current-polar-best-glide-equal-feed,354,-38.006228776424,89.641844974136,1394239034.862574,5.3430073767307576e-4,5.1383691183791316e-4,-6.0580171123982325e0,38.231713900687,arc-168,supported,supported,false
source:bto-bfo-medium:370025,bto-bfo-medium,370025,20929,arc1-current-polar-best-glide-equal-feed,355,-38.736579228707,88.153220174133,1394238954.863940,3.9951935253183416e-4,1.7322043909681467e-3,-4.5520762908770394e0,30.492799412784,arc-170,supported,supported,false
source:bto-bfo-medium:370025,bto-bfo-medium,370025,20991,arc1-current-polar-best-glide-equal-feed,356,-38.302307680833,89.105133166034,1394239052.754322,3.6064784530588840e-4,3.4683496021366880e-4,-6.0580171123982325e0,35.285632310311,arc-168,supported,supported,false
source:bto-bfo-medium:370025,bto-bfo-medium,370025,21042,arc1-current-polar-best-glide-equal-feed,357,-38.017263490238,89.988445981629,1394239139.336305,8.4637961101283914e-4,2.4357261874843886e-5,-9.5671021134964036e0,44.879433164378,arc-167,supported,supported,false
source:bto-bfo-medium:370025,bto-bfo-medium,370025,21095,arc1-current-polar-best-glide-equal-feed,358,-38.565593864356,88.851258724617,1394239096.991647,5.9428515420503552e-4,1.2985789151200953e-3,-5.2372976342015818e0,39.137820176034,arc-169,supported,supported,false
source:bto-bfo-medium:370025,bto-bfo-medium,370025,21160,arc1-current-polar-best-glide-equal-feed,359,-38.299711716491,89.502424123356,1394239120.284335,8.8755568263656874e-4,8.5356212128087226e-4,-6.0580171123982325e0,43.937206360041,arc-168,supported,supported,false
source:bto-bfo-medium:370025,bto-bfo-medium,370025,21218,arc1-current-polar-best-glide-equal-feed,360,-38.087593295441,89.532738541301,1394239082.050862,3.5618574789576660e-4,3.4254376203280492e-4,-6.0580171123982325e0,36.235869184164,arc-168,supported,supported,false
source:bto-bfo-medium:370025,bto-bfo-medium,370025,21269,arc1-current-polar-best-glide-equal-feed,361,-38.391523359210,89.137274688568,1394239066.229379,7.2051573226440517e-4,6.9291983464171605e-4,-6.0580171123982325e0,40.851505789955,arc-168,supported,supported,false
source:bto-bfo-medium:370025,bto-bfo-medium,370025,21318,arc1-current-polar-best-glide-equal-feed,362,-38.068805054351,89.657198822925,1394239069.718889,6.4526276100666737e-4,6.2054906733545240e-4,-6.0580171123982325e0,40.597108122854,arc-168,supported,supported,false
source:bto-bfo-medium:370025,bto-bfo-medium,370025,21370,arc1-current-polar-best-glide-equal-feed,363,-37.728080457993,90.016683134012,1394239079.803728,1.8101853230846843e-4,5.2093832817652530e-6,-9.5671021134964036e0,31.566331164772,arc-167,supported,supported,false
source:bto-bfo-medium:370025,bto-bfo-medium,370025,21422,arc1-current-polar-best-glide-equal-feed,364,-38.555121038031,89.014613334847,1394239123.638242,7.7373579731448798e-4,1.6906984553741291e-3,-5.2372976342015818e0,44.519022664887,arc-169,supported,supported,false
source:bto-bfo-medium:370025,bto-bfo-medium,370025,21484,arc1-current-polar-best-glide-equal-feed,365,-38.063755112619,89.354729045658,1394238986.066076,3.1386470765346996e-4,3.0184362615319520e-4,-6.0580171123982325e0,28.809730888394,arc-168,supported,supported,false
source:bto-bfo-medium:370025,bto-bfo-medium,370025,21542,arc1-current-polar-best-glide-equal-feed,366,-37.817716927321,89.930707987908,1394239050.202359,4.0775842042332298e-4,1.1734543813075061e-5,-9.5671021134964036e0,33.163786445634,arc-167,supported,supported,false
source:bto-bfo-medium:370025,bto-bfo-medium,370025,21601,arc1-current-polar-best-glide-equal-feed,367,-38.175984568031,89.399029043729,1394239093.605004,3.3530071835354767e-4,3.2245863332728582e-4,-6.0580171123982325e0,35.118793086361,arc-168,supported,supported,false
source:bto-bfo-medium:370025,bto-bfo-medium,370025,21649,arc1-current-polar-best-glide-equal-feed,368,-37.744910577058,90.067089068210,1394239100.810102,2.4031871401849849e-4,6.9159343805193336e-6,-9.5671021134964036e0,33.988623616541,arc-167,supported,supported,false
source:bto-bfo-medium:370025,bto-bfo-medium,370025,21696,arc1-current-polar-best-glide-equal-feed,369,-37.790901155101,90.042021691141,1394239096.306686,3.4989878120743903e-4,1.0069448900546588e-5,-9.5671021134964036e0,35.128680951284,arc-167,supported,supported,false
source:bto-bfo-medium:370025,bto-bfo-medium,370025,21754,arc1-current-polar-best-glide-equal-feed,370,-37.922786331421,88.932454524208,1394238773.323851,3.1164870359007361e-5,2.9971249549162325e-5,-6.0580171123982325e0,11.339919376660,arc-168,supported,supported,false
source:bto-bfo-medium:370025,bto-bfo-medium,370025,21820,arc1-current-polar-best-glide-equal-feed,371,-38.324455496065,88.872302793029,1394238996.925960,2.1482969764538941e-4,4.6942669479453078e-4,-5.2372976342015818e0,31.583222331412,arc-169,supported,supported,false
source:bto-bfo-medium:370025,bto-bfo-medium,370025,21874,arc1-current-polar-best-glide-equal-feed,372,-38.471121385004,89.006513510159,1394239101.969708,5.3906340565963251e-4,1.1779132753851620e-3,-5.2372976342015818e0,41.337893673595,arc-169,supported,supported,false
source:bto-bfo-medium:370025,bto-bfo-medium,370025,21933,arc1-current-polar-best-glide-equal-feed,373,-38.736896178276,88.267145877725,1394239012.548133,3.8910462916938584e-4,1.6870490576286585e-3,-4.5520762908770394e0,35.129945362043,arc-170,supported,supported,false
source:bto-bfo-medium:370025,bto-bfo-medium,370025,21997,arc1-current-polar-best-glide-equal-feed,374,-38.084009704489,89.208489836755,1394238914.639820,3.5909453201021021e-4,3.4534113912997711e-4,-6.0580171123982325e0,25.239397893729,arc-168,supported,supported,false
source:bto-bfo-medium:370025,bto-bfo-medium,370025,22057,arc1-current-polar-best-glide-equal-feed,375,-38.035376453119,89.217958570314,1394238930.808795,1.7225263607040223e-4,1.6565532542556975e-4,-6.0580171123982325e0,23.150878346336,arc-168,supported,supported,false
source:bto-bfo-medium:370025,bto-bfo-medium,370025,22117,arc1-current-polar-best-glide-equal-feed,376,-37.774526695766,90.078145327774,1394239097.290434,3.7261549637167984e-4,1.0723194540200557e-5,-9.5671021134964036e0,35.601615031047,arc-167,supported,supported,false
source:bto-bfo-medium:370025,bto-bfo-medium,370025,22172,arc1-current-polar-best-glide-equal-feed,377,-38.541211909942,88.710059295767,1394239035.257740,4.8920413001217705e-4,1.0689652331518735e-3,-5.2372976342015818e0,33.609000549087,arc-169,supported,supported,false
source:bto-bfo-medium:370025,bto-bfo-medium,370025,22224,arc1-current-polar-best-glide-equal-feed,378,-38.468509202047,88.989366747080,1394239088.663750,5.5628391409197147e-4,1.2155419945272322e-3,-5.2372976342015818e0,40.572251014951,arc-169,supported,supported,false
source:bto-bfo-medium:370025,bto-bfo-medium,370025,22281,arc1-current-polar-best-glide-equal-feed,379,-37.763302967170,90.074685184746,1394239079.813808,4.0871180491944205e-4,1.1761980480425304e-5,-9.5671021134964036e0,35.012396995637,arc-167,supported,supported,false
source:bto-bfo-medium:370025,bto-bfo-medium,370025,22346,arc1-current-polar-best-glide-equal-feed,380,-38.321475727604,88.804245768575,1394238982.808275,1.4557662971583261e-4,3.1810106738423404e-4,-5.2372976342015818e0,28.618042213380,arc-169,supported,supported,false
source:bto-bfo-medium:370025,bto-bfo-medium,370025,22399,arc1-current-polar-best-glide-equal-feed,381,-37.723333551476,89.955634038503,1394239033.367545,2.2155806425556900e-4,6.3760370894313996e-6,-9.5671021134964036e0,29.371281104747,arc-167,supported,supported,false
source:bto-bfo-medium:370025,bto-bfo-medium,370025,22451,arc1-current-polar-best-glide-equal-feed,382,-37.822381401760,89.704157134807,1394238999.949165,1.7585149997323272e-4,5.0606855129774206e-6,-9.5671021134964036e0,28.974881786413,arc-167,supported,supported,false
source:bto-bfo-medium:370025,bto-bfo-medium,370025,22517,arc1-current-polar-best-glide-equal-feed,383,-39.174863969008,86.590248286391,1394238704.111666,9.4430122418836775e-5,3.5565981536974932e-7,-1.1600604871222773e1,15.833103674020,arc-172,supported,supported,false
source:bto-bfo-medium:370025,bto-bfo-medium,370025,22585,arc1-current-polar-best-glide-equal-feed,384,-37.781889872867,89.638024654634,1394238949.212924,1.2875271261612463e-4,3.7052682950793405e-6,-9.5671021134964036e0,25.933423306697,arc-167,supported,supported,false
source:bto-bfo-medium:370025,bto-bfo-medium,370025,22650,arc1-current-polar-best-glide-equal-feed,385,-38.727793299354,88.565353869682,1394239092.861458,6.0877575139567245e-4,1.3302424756955415e-3,-5.2372976342015818e0,40.035905628286,arc-169,supported,supported,false
source:bto-bfo-medium:370025,bto-bfo-medium,370025,22714,arc1-current-polar-best-glide-equal-feed,386,-37.851013128710,89.244009154817,1394238825.663276,7.9105413251138085e-5,7.6075659995621678e-5,-6.0580171123982325e0,17.221738308103,arc-168,supported,supported,false
source:bto-bfo-medium:370025,bto-bfo-medium,370025,22778,arc1-current-polar-best-glide-equal-feed,387,-38.509496000266,88.978970882225,1394239069.764911,7.9709162291311778e-4,1.7417335223836256e-3,-5.2372976342015818e0,41.544884908977,arc-169,supported,supported,false
source:bto-bfo-medium:370025,bto-bfo-medium,370025,22839,arc1-current-polar-best-glide-equal-feed,388,-37.905439888876,89.163690774654,1394238801.162812,1.3738160489120714e-4,1.3211986176187417e-4,-6.0580171123982325e0,15.729310478154,arc-168,supported,supported,false
source:bto-bfo-medium:370025,bto-bfo-medium,370025,22893,arc1-current-polar-best-glide-equal-feed,389,-37.966458662539,89.774032819242,1394239089.228635,4.1778469689915680e-4,1.2023081767645106e-5,-9.5671021134964036e0,38.198027231111,arc-167,supported,supported,false
source:bto-bfo-medium:370025,bto-bfo-medium,370025,22950,arc1-current-polar-best-glide-equal-feed,390,-37.595010587966,90.249738541496,1394239032.101461,4.1630412069138293e-4,1.1980473484140710e-5,-9.5671021134964036e0,36.371321259603,arc-167,supported,supported,false
source:bto-bfo-medium:370025,bto-bfo-medium,370025,23007,arc1-current-polar-best-glide-equal-feed,391,-37.838955639423,89.541557084930,1394238957.667930,1.1305730200344234e-4,3.2535829974280647e-6,-9.5671021134964036e0,29.008631418114,arc-167,supported,supported,false
source:bto-bfo-medium:370025,bto-bfo-medium,370025,23077,arc1-current-polar-best-glide-equal-feed,392,-38.296476082638,88.805135402015,1394238924.291587,2.5109078098343475e-4,5.4866118000590524e-4,-5.2372976342015818e0,28.007544699733,arc-169,supported,supported,false
source:bto-bfo-medium:370025,bto-bfo-medium,370025,23134,arc1-current-polar-best-glide-equal-feed,393,-38.529500128188,88.899338777574,1394239091.791479,5.7692101222000961e-4,1.2606363407492629e-3,-5.2372976342015818e0,39.333258091297,arc-169,supported,supported,false
source:bto-bfo-medium:370025,bto-bfo-medium,370025,23188,arc1-current-polar-best-glide-equal-feed,394,-37.943096922571,90.015406914330,1394239122.714338,7.3588669572050773e-4,2.1177477250933015e-5,-9.5671021134964036e0,41.665485804640,arc-167,supported,supported,false
source:bto-bfo-medium:370025,bto-bfo-medium,370025,23254,arc1-current-polar-best-glide-equal-feed,395,-37.558603201490,90.209899086529,1394239069.171336,1.1919408066863548e-4,3.4301882973090501e-6,-9.5671021134964036e0,33.794836947340,arc-167,supported,supported,false
source:bto-bfo-medium:370025,bto-bfo-medium,370025,23308,arc1-current-polar-best-glide-equal-feed,396,-38.187897712167,89.456426729074,1394239080.221327,5.8168228900997289e-4,5.5940374021825820e-4,-6.0580171123982325e0,37.473421504484,arc-168,supported,supported,false
source:bto-bfo-medium:370025,bto-bfo-medium,370025,23368,arc1-current-polar-best-glide-equal-feed,397,-38.787170698715,88.426742519843,1394239057.330386,7.3784758641879799e-4,1.6122787377675751e-3,-5.2372976342015818e0,41.718457303608,arc-169,supported,supported,false
source:bto-bfo-medium:370025,bto-bfo-medium,370025,23429,arc1-current-polar-best-glide-equal-feed,398,-38.067841719998,89.725644351845,1394239139.657724,4.2214962337812345e-4,4.0598120780225866e-4,-6.0580171123982325e0,43.419039065763,arc-168,supported,supported,false
source:bto-bfo-medium:370025,bto-bfo-medium,370025,23488,arc1-current-polar-best-glide-equal-feed,399,-37.945745415519,89.853214896773,1394239147.712120,2.3836779476922056e-4,6.8597904819270086e-6,-9.5671021134964036e0,38.267223600622,arc-167,supported,supported,false
source:bto-bfo-medium:370025,bto-bfo-medium,370025,23539,arc1-current-polar-best-glide-equal-feed,400,-37.875894455797,90.203484009036,1394239135.448791,8.4397887329132500e-4,2.4288173020841607e-5,-9.5671021134964036e0,44.107997805025,arc-167,supported,supported,false
source:bto-bfo-medium:370025,bto-bfo-medium,370025,23606,arc1-current-polar-best-glide-equal-feed,401,-38.539300547813,88.335393967747,1394238940.594085,1.5164697861728719e-4,3.3136545239381026e-4,-5.2372976342015818e0,26.344915778087,arc-169,supported,supported,false
source:bto-bfo-medium:370025,bto-bfo-medium,370025,23669,arc1-current-polar-best-glide-equal-feed,402,-38.267118525629,88.901040510841,1394238958.503981,2.1814404907956155e-4,4.7666891994395638e-4,-5.2372976342015818e0,31.599832175498,arc-169,supported,supported,false
source:bto-bfo-medium:370025,bto-bfo-medium,370025,23725,arc1-current-polar-best-glide-equal-feed,403,-37.572122309634,89.523909698803,1394238737.908585,6.6953765427371788e-5,1.9268072822191662e-6,-9.5671021134964036e0,13.038467737820,arc-167,supported,supported,false
source:bto-bfo-medium:370025,bto-bfo-medium,370025,23778,arc1-current-polar-best-glide-equal-feed,404,-37.970323642104,89.732318162767,1394239104.739852,2.7247095270097890e-4,7.8412171818317617e-6,-9.5671021134964036e0,37.915244331969,arc-167,supported,supported,false
source:bto-bfo-medium:370025,bto-bfo-medium,370025,23834,arc1-current-polar-best-glide-equal-feed,405,-39.003586342193,87.660618060459,1394238936.898477,4.9310728228240926e-4,2.1379755302839759e-3,-4.5520762908770394e0,32.497375446761,arc-170,supported,supported,false
source:bto-bfo-medium:370025,bto-bfo-medium,370025,23898,arc1-current-polar-best-glide-equal-feed,406,-38.238763674043,89.220308421297,1394239072.063362,2.8785845089630586e-4,2.7683341426623068e-4,-6.0580171123982325e0,33.597535325066,arc-168,supported,supported,false
source:bto-bfo-medium:370025,bto-bfo-medium,370025,23950,arc1-current-polar-best-glide-equal-feed,407,-38.145796232565,89.347269420590,1394239031.651936,4.0459310857931120e-4,3.8909711105527243e-4,-6.0580171123982325e0,32.152705247513,arc-168,supported,supported,false
source:bto-bfo-medium:370025,bto-bfo-medium,370025,24007,arc1-current-polar-best-glide-equal-feed,408,-38.591560055421,88.617551001535,1394239038.697630,4.6270155818757970e-4,1.0110541769453370e-3,-5.2372976342015818e0,33.663518098777,arc-169,supported,supported,false
source:bto-bfo-medium:370025,bto-bfo-medium,370025,24060,arc1-current-polar-best-glide-equal-feed,409,-38.050162791123,89.751704163368,1394239106.017175,6.0658029412235669e-4,1.7456274796574669e-5,-9.5671021134964036e0,42.791447028112,arc-167,supported,supported,false
source:bto-bfo-medium:370025,bto-bfo-medium,370025,24119,arc1-current-polar-best-glide-equal-feed,410,-38.699913464496,88.028901600732,1394238878.769086,3.1936542959563077e-4,1.3846793552382422e-3,-4.5520762908770394e0,24.426377294900,arc-170,supported,supported,false
source:bto-bfo-medium:370025,bto-bfo-medium,370025,24178,arc1-current-polar-best-glide-equal-feed,411,-38.264430727237,89.095983318817,1394239005.925588,4.0820735577780788e-4,3.9257293185833241e-4,-6.0580171123982325e0,32.977938515395,arc-168,supported,supported,false
source:bto-bfo-medium:370025,bto-bfo-medium,370025,24241,arc1-current-polar-best-glide-equal-feed,412,-38.087502792547,89.773535015195,1394239107.272563,7.9445419248281874e-4,2.2862943012905481e-5,-9.5671021134964036e0,45.211712896882,arc-167,supported,supported,false
source:bto-bfo-medium:370025,bto-bfo-medium,370025,24289,arc1-current-polar-best-glide-equal-feed,413,-38.152696824794,89.534303796100,1394239069.354292,6.8322423797004348e-4,6.5705661208752871e-4,-6.0580171123982325e0,38.698865860032,arc-168,supported,supported,false
source:bto-bfo-medium:370025,bto-bfo-medium,370025,24338,arc1-current-polar-best-glide-equal-feed,414,-38.602145412201,88.877622303790,1394239095.058796,8.0304086137882686e-4,1.7547332676707604e-3,-5.2372976342015818e0,41.568750974133,arc-169,supported,supported,false
source:bto-bfo-medium:370025,bto-bfo-medium,370025,24395,arc1-current-polar-best-glide-equal-feed,415,-37.861213283040,89.832116380700,1394239009.677361,5.4271985211683065e-4,1.5618487721918511e-5,-9.5671021134964036e0,33.207970371354,arc-167,supported,supported,false
source:bto-bfo-medium:370025,bto-bfo-medium,370025,24452,arc1-current-polar-best-glide-equal-feed,416,-37.922784490995,89.945888284013,1394239091.069482,6.6153075833145765e-4,1.9037648957140285e-5,-9.5671021134964036e0,38.933226937512,arc-167,supported,supported,false
source:bto-bfo-medium:370025,bto-bfo-medium,370025,24513,arc1-current-polar-best-glide-equal-feed,417,-38.505632623523,88.751720665996,1394238989.609029,6.6962110331870040e-4,1.4631963119662787e-3,-5.2372976342015818e0,33.294056992731,arc-169,supported,supported,false
source:bto-bfo-medium:370025,bto-bfo-medium,370025,24573,arc1-current-polar-best-glide-equal-feed,418,-37.792083580224,89.776347658003,1394239018.726595,1.6926660265415068e-4,4.8711841753590538e-6,-9.5671021134964036e0,28.349196235368,arc-167,supported,supported,false
source:bto-bfo-medium:370025,bto-bfo-medium,370025,24630,arc1-current-polar-best-glide-equal-feed,419,-38.474125704170,88.767687595259,1394239064.793847,2.3030610090790980e-4,5.0324435087494999e-4,-5.2372976342015818e0,32.499397615988,arc-169,supported,supported,false
source:bto-bfo-medium:370025,bto-bfo-medium,370025,24687,arc1-current-polar-best-glide-equal-feed,420,-38.411826398081,89.058753007998,1394239108.953096,3.8147497064956731e-4,3.6686440246311075e-4,-6.0580171123982325e0,41.246825015477,arc-168,supported,supported,false
source:bto-bfo-medium:370025,bto-bfo-medium,370025,24747,arc1-current-polar-best-glide-equal-feed,421,-38.400019465917,89.162497258217,1394239094.160349,6.6979973130006857e-4,6.4414626672605927e-4,-6.0580171123982325e0,41.666694117226,arc-168,supported,supported,false
source:bto-bfo-medium:370025,bto-bfo-medium,370025,24818,arc1-current-polar-best-glide-equal-feed,422,-37.672895741573,90.267697260086,1394239081.042499,5.2671044231222288e-4,1.5157766100085121e-5,-9.5671021134964036e0,39.188496895837,arc-167,supported,supported,false
source:bto-bfo-medium:370025,bto-bfo-medium,370025,24870,arc1-current-polar-best-glide-equal-feed,423,-37.883199016451,89.643084455160,1394239056.186930,9.6620801615196903e-5,2.7805704873755353e-6,-9.5671021134964036e0,31.981546635794,arc-167,supported,supported,false
source:bto-bfo-medium:370025,bto-bfo-medium,370025,24929,arc1-current-polar-best-glide-equal-feed,424,-38.439100510718,89.159245866460,1394239101.533936,7.7202851165874772e-4,7.4245966421307712e-4,-6.0580171123982325e0,43.879698004102,arc-168,supported,supported,false
source:bto-bfo-medium:370025,bto-bfo-medium,370025,24989,arc1-current-polar-best-glide-equal-feed,425,-39.086676977062,87.491750675236,1394238928.362847,5.1070095622852464e-4,7.3776748437396137e-10,-1.9466630226633967e1,30.760659098035,arc-171,supported,supported,false
source:bto-bfo-medium:370025,bto-bfo-medium,370025,25054,arc1-current-polar-best-glide-equal-feed,426,-37.977613328534,89.204566917684,1394238818.203013,3.5170855404267475e-4,3.3823804560577641e-4,-6.0580171123982325e0,20.122023048507,arc-168,supported,supported,false
source:bto-bfo-medium:370025,bto-bfo-medium,370025,25123,arc1-current-polar-best-glide-equal-feed,427,-38.568704405332,88.354584228020,1394238958.827655,2.0014430694884964e-4,4.3733748882347279e-4,-5.2372976342015818e0,28.218695047552,arc-169,supported,supported,false
source:bto-bfo-medium:370025,bto-bfo-medium,370025,25187,arc1-current-polar-best-glide-equal-feed,428,-37.927236084783,89.875437520050,1394239143.601802,2.4276927719904350e-4,6.9864571203782919e-6,-9.5671021134964036e0,37.665375186770,arc-167,supported,supported,false
source:bto-bfo-medium:370025,bto-bfo-medium,370025,25243,arc1-current-polar-best-glide-equal-feed,429,-38.909275301419,87.943597157306,1394239035.914748,2.8036372397581137e-4,1.2155788465851225e-3,-4.5520762908770394e0,31.089304301617,arc-170,supported,supported,false
source:bto-bfo-medium:370025,bto-bfo-medium,370025,25300,arc1-current-polar-best-glide-equal-feed,430,-38.003862679122,89.743052272759,1394239082.516122,5.1713776718126099e-4,1.4882281965101503e-5,-9.5671021134964036e0,39.991841470201,arc-167,supported,supported,false
source:bto-bfo-medium:370025,bto-bfo-medium,370025,25357,arc1-current-polar-best-glide-equal-feed,431,-38.437644152318,88.670496632509,1394238939.651896,4.2166130135219617e-4,9.2137666805849157e-4,-5.2372976342015818e0,27.705125014804,arc-169,supported,supported,false
source:bto-bfo-medium:370025,bto-bfo-medium,370025,25424,arc1-current-polar-best-glide-equal-feed,432,-37.974302594634,90.072549088514,1394239155.405835,8.0559264949796642e-4,2.3183487495392505e-5,-9.5671021134964036e0,44.714242599482,arc-167,supported,supported,false
source:bto-bfo-medium:370025,bto-bfo-medium,370025,25487,arc1-current-polar-best-glide-equal-feed,433,-37.956809691075,90.032633662442,1394239149.104315,6.8353762467663487e-4,1.9670966442154714e-5,-9.5671021134964036e0,42.798129398103,arc-167,supported,supported,false
source:bto-bfo-medium:370025,bto-bfo-medium,370025,25545,arc1-current-polar-best-glide-equal-feed,434,-38.829799709133,88.325454641190,1394239071.729438,5.9780706441586208e-4,2.5919245597756674e-3,-4.5520762908770394e0,40.299068308927,arc-170,supported,supported,false
source:bto-bfo-medium:370025,bto-bfo-medium,370025,25605,arc1-current-polar-best-glide-equal-feed,435,-38.262307116260,89.413107605194,1394239134.488736,4.7450387594423406e-4,4.5633028195347708e-4,-6.0580171123982325e0,39.565078702914,arc-168,supported,supported,false
source:bto-bfo-medium:370025,bto-bfo-medium,370025,25660,arc1-current-polar-best-glide-equal-feed,436,-38.060153275061,88.788292564963,1394238745.123673,1.3125876001958924e-4,1.2623152308168358e-4,-6.0580171123982325e0,20.410622518158,arc-168,supported,supported,false
source:bto-bfo-medium:370025,bto-bfo-medium,370025,25722,arc1-current-polar-best-glide-equal-feed,437,-37.931298075402,89.984455059915,1394239131.614542,5.6379467712573098e-4,1.6224982756804848e-5,-9.5671021134964036e0,40.292274178724,arc-167,supported,supported,false
source:bto-bfo-medium:370025,bto-bfo-medium,370025,25784,arc1-current-polar-best-glide-equal-feed,438,-37.977913332488,89.825958297310,1394239130.282556,3.6887454181500513e-4,1.0615536689499507e-5,-9.5671021134964036e0,39.610378783353,arc-167,supported,supported,false
source:bto-bfo-medium:370025,bto-bfo-medium,370025,25849,arc1-current-polar-best-glide-equal-feed,439,-39.041072930914,87.708325630031,1394238966.615772,6.1825833568848699e-4,2.6805955632572798e-3,-4.5520762908770394e0,34.980171879578,arc-170,supported,supported,false
source:bto-bfo-medium:370025,bto-bfo-medium,370025,25915,arc1-current-polar-best-glide-equal-feed,440,-37.721337969951,90.209441369157,1394239106.899990,4.3075361318764256e-4,1.2396303530269540e-5,-9.5671021134964036e0,38.365572052729,arc-167,supported,supported,false
source:bto-bfo-medium:370025,bto-bfo-medium,370025,25968,arc1-current-polar-best-glide-equal-feed,441,-37.884855599468,89.906182575221,1394239042.451319,6.5942665620476290e-4,1.8977096734657056e-5,-9.5671021134964036e0,36.032125379401,arc-167,supported,supported,false
source:bto-bfo-medium:370025,bto-bfo-medium,370025,26026,arc1-current-polar-best-glide-equal-feed,442,-38.420833029485,89.300306417547,1394239069.563067,9.4011504661975867e-4,9.0410845104059630e-4,-6.0580171123982325e0,45.099374343549,arc-168,supported,supported,false
source:bto-bfo-medium:370025,bto-bfo-medium,370025,26086,arc1-current-polar-best-glide-equal-feed,443,-38.325329441770,88.727068924166,1394238894.974427,3.0984313067872383e-4,6.7704157448189172e-4,-5.2372976342015818e0,25.551356988557,arc-169,supported,supported,false
source:bto-bfo-medium:370025,bto-bfo-medium,370025,26140,arc1-current-polar-best-glide-equal-feed,444,-37.762763998121,90.068711846988,1394239086.052923,3.6205483999162357e-4,1.0419278106401499e-5,-9.5671021134964036e0,34.786911345534,arc-167,supported,supported,false
source:bto-bfo-medium:370025,bto-bfo-medium,370025,26200,arc1-current-polar-best-glide-equal-feed,445,-37.830391633014,89.981218895966,1394239058.893907,5.4512561800272856e-4,1.5687721277323083e-5,-9.5671021134964036e0,35.153131957233,arc-167,supported,supported,false
source:bto-bfo-medium:370025,bto-bfo-medium,370025,26252,arc1-current-polar-best-glide-equal-feed,446,-37.865027769854,89.800496820141,1394239057.705614,2.6360283712008082e-4,7.5860089859705013e-6,-9.5671021134964036e0,32.838838588363,arc-167,supported,supported,false
source:bto-bfo-medium:370025,bto-bfo-medium,370025,26310,arc1-current-polar-best-glide-equal-feed,447,-37.932304516654,89.325674306656,1394238963.545187,5.4902003453083553e-5,5.2799245666226789e-5,-6.0580171123982325e0,22.917313528497,arc-168,supported,supported,false
source:bto-bfo-medium:370025,bto-bfo-medium,370025,26373,arc1-current-polar-best-glide-equal-feed,448,-37.987775125758,89.657932196801,1394239068.245752,3.2993369134537870e-4,9.4948900196408226e-6,-9.5671021134964036e0,38.297168741113,arc-167,supported,supported,false
source:bto-bfo-medium:370025,bto-bfo-medium,370025,26429,arc1-current-polar-best-glide-equal-feed,449,-37.888558038224,89.818230294418,1394239042.085466,4.5205106421990801e-4,1.3009205336161086e-5,-9.5671021134964036e0,34.462310204234,arc-167,supported,supported,false
source:bto-bfo-medium:370025,bto-bfo-medium,370025,26487,arc1-current-polar-best-glide-equal-feed,450,-38.316592567795,88.812747862256,1394238933.846316,2.9717161820643189e-4,6.4935291559016636e-4,-5.2372976342015818e0,28.845437130198,arc-169,supported,supported,false
source:bto-bfo-medium:370025,bto-bfo-medium,370025,26550,arc1-current-polar-best-glide-equal-feed,451,-38.156661564027,89.218055908429,1394238977.943186,3.8353678843642798e-4,3.6884725221358444e-4,-6.0580171123982325e0,29.185536113182,arc-168,supported,supported,false
source:bto-bfo-medium:370025,bto-bfo-medium,370025,26607,arc1-current-polar-best-glide-equal-feed,452,-38.307682928005,89.024029915080,1394239021.473535,3.4908720360750015e-4,3.3571709342008197e-4,-6.0580171123982325e0,34.812461557541,arc-168,supported,supported,false
source:bto-bfo-medium:370025,bto-bfo-medium,370025,26665,arc1-current-polar-best-glide-equal-feed,453,-37.874065007504,90.277676582582,1394239151.815566,8.9574522151351791e-4,2.5777914129377433e-5,-9.5671021134964036e0,46.593963175381,arc-167,supported,supported,false
source:bto-bfo-medium:370025,bto-bfo-medium,370025,26721,arc1-current-polar-best-glide-equal-feed,454,-38.398456540090,88.530531700378,1394238981.901639,4.2704622953667563e-5,9.3314333284949668e-5,-5.2372976342015818e0,21.676871616894,arc-169,supported,supported,false
source:bto-bfo-medium:370025,bto-bfo-medium,370025,26775,arc1-current-polar-best-glide-equal-feed,455,-37.992026563544,89.512390065571,1394238973.472720,4.4522005013448903e-4,4.2816803256858914e-4,-6.0580171123982325e0,32.373761815190,arc-168,supported,supported,false
source:bto-bfo-medium:370025,bto-bfo-medium,370025,26832,arc1-current-polar-best-glide-equal-feed,456,-37.931592304850,89.593718957237,1394238993.350855,3.3084339680410801e-4,3.1817202809067890e-4,-6.0580171123982325e0,34.410630882217,arc-168,supported,supported,false
source:bto-bfo-medium:370025,bto-bfo-medium,370025,26893,arc1-current-polar-best-glide-equal-feed,457,-38.843576877112,88.319941914086,1394239063.736208,6.9203828623958506e-4,3.0004848339524742e-3,-4.5520762908770394e0,40.538935950329,arc-170,supported,supported,false
source:bto-bfo-medium:370025,bto-bfo-medium,370025,26950,arc1-current-polar-best-glide-equal-feed,458,-38.078478719986,89.788307257654,1394239128.367763,6.8965958284582880e-4,1.9847145235185320e-5,-9.5671021134964036e0,44.858633782241,arc-167,supported,supported,false
source:bto-bfo-medium:370025,bto-bfo-medium,370025,27006,arc1-current-polar-best-glide-equal-feed,459,-37.726257865927,89.865510902007,1394238991.399006,2.1018257673245070e-4,6.0486713011380903e-6,-9.5671021134964036e0,26.879312770049,arc-167,supported,supported,false
source:bto-bfo-medium:370025,bto-bfo-medium,370025,27068,arc1-current-polar-best-glide-equal-feed,460,-37.815445516802,89.565122466058,1394238932.315302,1.4474190861489064e-4,4.1654082004394213e-6,-9.5671021134964036e0,27.606653883308,arc-167,supported,supported,false
source:bto-bfo-medium:370025,bto-bfo-medium,370025,27142,arc1-current-polar-best-glide-equal-feed,461,-38.787064688282,88.017401869794,1394238961.835593,2.8572664278597688e-4,1.2388309655438259e-3,-4.5520762908770394e0,27.396341653819,arc-170,supported,supported,false
source:bto-bfo-medium:370025,bto-bfo-medium,370025,27200,arc1-current-polar-best-glide-equal-feed,462,-37.767918875500,90.092590383846,1394239111.067261,3.1444699804911792e-4,9.0492112257707636e-6,-9.5671021134964036e0,35.817305649245,arc-167,supported,supported,false
source:bto-bfo-medium:370025,bto-bfo-medium,370025,27252,arc1-current-polar-best-glide-equal-feed,463,-37.971462179228,90.114678651001,1394239145.745472,9.0117919843497212e-4,2.5934294076596685e-5,-9.5671021134964036e0,45.722177839692,arc-167,supported,supported,false
source:bto-bfo-medium:370025,bto-bfo-medium,370025,27302,arc1-current-polar-best-glide-equal-feed,464,-38.056921756534,89.621122874533,1394239098.535386,3.6087993617383625e-4,3.4705816195464237e-4,-6.0580171123982325e0,38.761724552405,arc-168,supported,supported,false
source:bto-bfo-medium:370025,bto-bfo-medium,370025,27355,arc1-current-polar-best-glide-equal-feed,465,-38.090575511717,89.119077881042,1394238861.056145,4.0891624541882122e-4,3.9325467088335890e-4,-6.0580171123982325e0,23.511497500359,arc-168,supported,supported,false
source:bto-bfo-medium:370025,bto-bfo-medium,370025,27422,arc1-current-polar-best-glide-equal-feed,466,-38.573099421008,88.784320208574,1394239102.833648,4.3182983920603735e-4,9.4359605005241382e-4,-5.2372976342015818e0,37.317035328242,arc-169,supported,supported,false
source:bto-bfo-medium:370025,bto-bfo-medium,370025,27487,arc1-current-polar-best-glide-equal-feed,467,-37.918614134497,89.374295703758,1394238936.839315,1.1347314151742586e-4,1.0912709734931497e-4,-6.0580171123982325e0,24.539009817666,arc-168,supported,supported,false
source:bto-bfo-medium:370025,bto-bfo-medium,370025,27545,arc1-current-polar-best-glide-equal-feed,468,-38.094177403386,89.211845592400,1394239000.733865,1.2830072857281184e-4,1.2338678483492197e-4,-6.0580171123982325e0,25.835500253784,arc-168,supported,supported,false
source:bto-bfo-medium:370025,bto-bfo-medium,370025,27598,arc1-current-polar-best-glide-equal-feed,469,-37.705332787691,90.138910226389,1394239048.317663,4.8978976526443995e-4,1.4095256337623792e-5,-9.5671021134964036e0,35.082312556911,arc-167,supported,supported,false
source:bto-bfo-medium:370025,bto-bfo-medium,370025,27658,arc1-current-polar-best-glide-equal-feed,470,-38.416868534877,88.603214644547,1394238959.026666,1.6438199958709404e-4,3.5919288439003011e-4,-5.2372976342015818e0,24.655116235916,arc-169,supported,supported,false
source:bto-bfo-medium:370025,bto-bfo-medium,370025,27714,arc1-current-polar-best-glide-equal-feed,471,-37.860896602868,89.765873915736,1394239087.847017,1.1762720029128195e-4,3.3850963371753656e-6,-9.5671021134964036e0,32.039311449601,arc-167,supported,supported,false
source:bto-bfo-medium:370025,bto-bfo-medium,370025,27770,arc1-current-polar-best-glide-equal-feed,472,-38.048317039320,89.488961784253,1394238992.438873,5.2971141270519715e-4,5.0942335894037195e-4,-6.0580171123982325e0,33.188006107929,arc-168,supported,supported,false
source:bto-bfo-medium:370025,bto-bfo-medium,370025,27827,arc1-current-polar-best-glide-equal-feed,473,-37.826536908801,89.626653019530,1394238915.251229,3.2775976709247456e-4,9.4323284436823929e-6,-9.5671021134964036e0,28.505119928143,arc-167,supported,supported,false
source:bto-bfo-medium:370025,bto-bfo-medium,370025,27880,arc1-current-polar-best-glide-equal-feed,474,-37.878686021420,90.129985935839,1394239164.401556,5.2258462484498823e-4,1.5039032596596086e-5,-9.5671021134964036e0,41.837879639316,arc-167,supported,supported,false
source:bto-bfo-medium:370025,bto-bfo-medium,370025,27939,arc1-current-polar-best-glide-equal-feed,475,-38.949791676265,87.588273825029,1394238895.314709,3.0997206873758208e-4,1.3439523646152692e-3,-4.5520762908770394e0,29.172616204444,arc-170,supported,supported,false
source:bto-bfo-medium:370025,bto-bfo-medium,370025,27999,arc1-current-polar-best-glide-equal-feed,476,-37.566451180622,90.284583604804,1394239088.853777,1.7848702370262091e-4,1.2956254849516272e-3,-4.0367312205080452e0,36.325003372207,arc-166,supported,supported,false
source:bto-bfo-medium:370025,bto-bfo-medium,370025,28049,arc1-current-polar-best-glide-equal-feed,477,-37.811641476624,89.907008335932,1394239073.958560,2.4166420424912065e-4,6.9546551359237683e-6,-9.5671021134964036e0,32.249305258993,arc-167,supported,supported,false
source:bto-bfo-medium:370025,bto-bfo-medium,370025,28110,arc1-current-polar-best-glide-equal-feed,478,-38.035771194411,89.261998877654,1394238956.844821,1.6820954520083511e-4,1.6176708575038967e-4,-6.0580171123982325e0,24.528187688912,arc-168,supported,supported,false
source:bto-bfo-medium:370025,bto-bfo-medium,370025,28172,arc1-current-polar-best-glide-equal-feed,479,-38.114878599657,89.273382456592,1394239025.393317,1.9048835473518195e-4,1.8319261239369840e-4,-6.0580171123982325e0,28.527567425905,arc-168,supported,supported,false
source:bto-bfo-medium:370025,bto-bfo-medium,370025,28228,arc1-current-polar-best-glide-equal-feed,480,-38.642859065262,88.724971572742,1394239085.653244,6.6390638647105299e-4,1.4507090224021241e-3,-5.2372976342015818e0,38.942180146952,arc-169,supported,supported,false
source:bto-bfo-medium:370025,bto-bfo-medium,370025,28280,arc1-current-polar-best-glide-equal-feed,481,-38.015875671392,89.527875777167,1394239047.889543,2.5881252063130719e-4,2.4889994897882468e-4,-6.0580171123982325e0,33.710504435417,arc-168,supported,supported,false
source:bto-bfo-medium:370025,bto-bfo-medium,370025,28337,arc1-current-polar-best-glide-equal-feed,482,-38.282662504286,89.354827888737,1394239102.951396,6.0415402111692134e-4,5.8101480046079219e-4,-6.0580171123982325e0,39.001785793334,arc-168,supported,supported,false
source:bto-bfo-medium:370025,bto-bfo-medium,370025,28388,arc1-current-polar-best-glide-equal-feed,483,-37.937411418632,89.986280258557,1394239087.603528,8.2337101869754377e-4,2.3695116543005663e-5,-9.5671021134964036e0,40.651382576855,arc-167,supported,supported,false
source:bto-bfo-medium:370025,bto-bfo-medium,370025,28440,arc1-current-polar-best-glide-equal-feed,484,-37.856120131000,89.981790239310,1394239104.272240,4.0995088312219074e-4,1.1797638891704387e-5,-9.5671021134964036e0,36.429784074906,arc-167,supported,supported,false
source:bto-bfo-medium:370025,bto-bfo-medium,370025,28495,arc1-current-polar-best-glide-equal-feed,485,-37.922520520527,89.358707062662,1394238926.980243,1.2456124085123875e-4,1.1979052024603678e-4,-6.0580171123982325e0,23.990152455150,arc-168,supported,supported,false
source:bto-bfo-medium:370025,bto-bfo-medium,370025,28554,arc1-current-polar-best-glide-equal-feed,486,-38.537608406339,88.718246256162,1394239070.860575,3.1408937202610798e-4,6.8632008235510345e-4,-5.2372976342015818e0,33.684074087060,arc-169,supported,supported,false
source:bto-bfo-medium:370025,bto-bfo-medium,370025,28617,arc1-current-polar-best-glide-equal-feed,487,-37.875499011007,89.726774379066,1394238989.059641,4.2738690257613967e-4,1.2299415737895785e-5,-9.5671021134964036e0,32.333191297981,arc-167,supported,supported,false
source:bto-bfo-medium:370025,bto-bfo-medium,370025,28672,arc1-current-polar-best-glide-equal-feed,488,-37.633332722437,90.025237968483,1394239019.314593,1.5376212198032438e-4,4.4249934931970419e-6,-9.5671021134964036e0,28.168990665781,arc-167,supported,supported,false
source:bto-bfo-medium:370025,bto-bfo-medium,370025,28724,arc1-current-polar-best-glide-equal-feed,489,-38.097874986557,89.551450607865,1394239121.823994,2.5387050468152114e-4,2.4414721323499802e-4,-6.0580171123982325e0,37.314165405482,arc-168,supported,supported,false
source:bto-bfo-medium:370025,bto-bfo-medium,370025,28790,arc1-current-polar-best-glide-equal-feed,490,-37.733805006681,89.737639813576,1394238925.229834,2.1867234599454020e-4,6.2929913798392283e-6,-9.5671021134964036e0,24.415644845841,arc-167,supported,supported,false
source:bto-bfo-medium:370025,bto-bfo-medium,370025,28851,arc1-current-polar-best-glide-equal-feed,491,-37.964411785232,89.928033148620,1394239118.339567,6.2799229534580702e-4,1.8072473148092015e-5,-9.5671021134964036e0,40.751080897671,arc-167,supported,supported,false
source:bto-bfo-medium:370025,bto-bfo-medium,370025,28914,arc1-current-polar-best-glide-equal-feed,492,-38.248859132530,89.221444573236,1394238981.405577,7.5594945963907822e-4,7.2699644312330307e-4,-6.0580171123982325e0,34.167220612298,arc-168,supported,supported,false
source:bto-bfo-medium:370025,bto-bfo-medium,370025,28976,arc1-current-polar-best-glide-equal-feed,493,-37.728313857024,89.641996541517,1394238842.497360,3.0593117032145931e-4,8.8041412319468095e-6,-9.5671021134964036e0,22.803078368654,arc-167,supported,supported,false
source:bto-bfo-medium:370025,bto-bfo-medium,370025,29032,arc1-current-polar-best-glide-equal-feed,494,-37.998884727027,89.500452882099,1394239024.965011,2.4600483406254204e-4,2.3658279938449127e-4,-6.0580171123982325e0,32.078283871974,arc-168,supported,supported,false
source:bto-bfo-medium:370025,bto-bfo-medium,370025,29092,arc1-current-polar-best-glide-equal-feed,495,-37.663191077689,90.318883854474,1394239108.404652,4.7188527692009266e-4,1.3579997810995884e-5,-9.5671021134964036e0,41.073275546400,arc-167,supported,supported,false
source:bto-bfo-medium:370025,bto-bfo-medium,370025,29150,arc1-current-polar-best-glide-equal-feed,496,-37.781530305998,89.723995034621,1394238953.994133,2.3654603448703830e-4,6.8073635428928773e-6,-9.5671021134964036e0,26.889856547577,arc-167,supported,supported,false
source:bto-bfo-medium:370025,bto-bfo-medium,370025,29199,arc1-current-polar-best-glide-equal-feed,497,-37.807286868128,89.775469405523,1394238994.896267,2.7198388209220782e-4,7.8272001778597735e-6,-9.5671021134964036e0,29.178746363282,arc-167,supported,supported,false
source:bto-bfo-medium:370025,bto-bfo-medium,370025,29256,arc1-current-polar-best-glide-equal-feed,498,-38.204938039451,89.586228602360,1394239157.361248,5.3011576097671844e-4,5.0981222059167796e-4,-6.0580171123982325e0,42.603450585143,arc-168,supported,supported,false
source:bto-bfo-medium:370025,bto-bfo-medium,370025,29314,arc1-current-polar-best-glide-equal-feed,499,-38.058337288943,89.403448667117,1394238999.360717,3.3774106677640262e-4,3.2480551591417749e-4,-6.0580171123982325e0,30.321382957479,arc-168,supported,supported,false
source:bto-bfo-medium:370025,bto-bfo-medium,370025,29375,arc1-current-polar-best-glide-equal-feed,500,-37.977563305366,89.401941495852,1394238946.922115,2.6856805901016910e-4,2.5828184827348337e-4,-6.0580171123982325e0,27.416097459862,arc-168,supported,supported,false
source:bto-bfo-medium:370025,bto-bfo-medium,370025,29436,arc1-current-polar-best-glide-equal-feed,501,-38.768016968618,88.431371698945,1394239116.343650,3.4813346415210877e-4,7.6071019610170741e-4,-5.2372976342015818e0,40.630131720050,arc-169,supported,supported,false
source:bto-bfo-medium:370025,bto-bfo-medium,370025,29495,arc1-current-polar-best-glide-equal-feed,502,-37.833796311320,89.659574242293,1394238926.350092,3.8250587707617926e-4,1.1007821662270637e-5,-9.5671021134964036e0,29.180040699582,arc-167,supported,supported,false
source:bto-bfo-medium:370025,bto-bfo-medium,370025,29552,arc1-current-polar-best-glide-equal-feed,503,-37.855340519737,89.798584929786,1394239096.369186,1.2435832692948728e-4,3.5788058879563661e-6,-9.5671021134964036e0,32.264699575670,arc-167,supported,supported,false
source:bto-bfo-medium:370025,bto-bfo-medium,370025,29602,arc1-current-polar-best-glide-equal-feed,504,-37.724111839291,90.056806362460,1394239074.460604,2.6073557370080372e-4,7.5034943730725052e-6,-9.5671021134964036e0,32.782285440962,arc-167,supported,supported,false
source:bto-bfo-medium:370025,bto-bfo-medium,370025,29652,arc1-current-polar-best-glide-equal-feed,505,-37.717541978307,90.107627576216,1394239074.063941,3.3940251088683901e-4,9.7673853801339631e-6,-9.5671021134964036e0,34.357244024587,arc-167,supported,supported,false
source:bto-bfo-medium:370025,bto-bfo-medium,370025,29697,arc1-current-polar-best-glide-equal-feed,506,-37.810623603919,90.042698195484,1394239064.995493,5.9123739055889956e-4,1.7014734009021414e-5,-9.5671021134964036e0,36.036869726282,arc-167,supported,supported,false
source:bto-bfo-medium:370025,bto-bfo-medium,370025,29751,arc1-current-polar-best-glide-equal-feed,507,-37.762075680327,90.098071996063,1394239082.161314,4.4043189464679970e-4,1.2674826822810880e-5,-9.5671021134964036e0,35.766987896010,arc-167,supported,supported,false
source:bto-bfo-medium:370025,bto-bfo-medium,370025,29802,arc1-current-polar-best-glide-equal-feed,508,-38.460432508989,88.926647049365,1394239036.956080,6.5980848939769859e-4,1.4417546632058075e-3,-5.2372976342015818e0,37.841681222785,arc-169,supported,supported,false
source:bto-bfo-medium:370025,bto-bfo-medium,370025,29866,arc1-current-polar-best-glide-equal-feed,509,-38.325409869785,89.146204729834,1394239092.287737,3.3309409762225824e-4,3.2033652661431124e-4,-6.0580171123982325e0,37.158271573800,arc-168,supported,supported,false
source:bto-bfo-medium:370025,bto-bfo-medium,370025,29921,arc1-current-polar-best-glide-equal-feed,510,-38.081989899009,89.711426140113,1394239099.840775,6.6865105576368634e-4,6.4304158569400806e-4,-6.0580171123982325e0,43.222590683458,arc-168,supported,supported,false
source:bto-bfo-medium:370025,bto-bfo-medium,370025,29976,arc1-current-polar-best-glide-equal-feed,511,-37.645622238282,90.199846748934,1394239072.874048,3.0866403711685820e-4,8.8827881550750016e-6,-9.5671021134964036e0,35.573842966397,arc-167,supported,supported,false
source:bto-bfo-medium:370026,bto-bfo-medium,370026,7,arc1-current-polar-best-glide-equal-feed,0,-38.798521953235,88.077119714337,1394238988.096758,3.4398409498601301e-4,1.4914190163303736e-3,-4.5520762908770394e0,29.898078631157,arc-170,supported,supported,false
source:bto-bfo-medium:370026,bto-bfo-medium,370026,69,arc1-current-polar-best-glide-equal-feed,1,-38.040287261312,89.055137504764,1394238846.201389,1.8587078244741343e-4,1.7875189405430647e-4,-6.0580171123982325e0,19.562844722591,arc-168,supported,supported,false
source:bto-bfo-medium:370026,bto-bfo-medium,370026,131,arc1-current-polar-best-glide-equal-feed,2,-38.126914489441,89.399453841408,1394239024.733815,4.9844822520532235e-4,4.7935755781663373e-4,-6.0580171123982325e0,32.971747967369,arc-168,supported,supported,false
source:bto-bfo-medium:370026,bto-bfo-medium,370026,196,arc1-current-polar-best-glide-equal-feed,3,-38.029856756666,89.930634432051,1394239144.876196,7.5823568803418541e-4,2.1820640497471722e-5,-9.5671021134964036e0,44.355663193991,arc-167,supported,supported,false
source:bto-bfo-medium:370026,bto-bfo-medium,370026,252,arc1-current-polar-best-glide-equal-feed,4,-37.706206949049,90.316333898247,1394239151.864430,3.9790274863757148e-4,1.1450915550396537e-5,-9.5671021134964036e0,42.182149075529,arc-167,supported,supported,false
source:bto-bfo-medium:370026,bto-bfo-medium,370026,311,arc1-current-polar-best-glide-equal-feed,5,-38.182417503890,89.126198941291,1394238956.050019,3.7846386892364522e-4,3.6396862653958150e-4,-6.0580171123982325e0,28.731676346560,arc-168,supported,supported,false
source:bto-bfo-medium:370026,bto-bfo-medium,370026,369,arc1-current-polar-best-glide-equal-feed,6,-38.132469256682,89.191568275998,1394238978.968484,2.5705176952444233e-4,2.4720663499388270e-4,-6.0580171123982325e0,27.305759689031,arc-168,supported,supported,false
source:bto-bfo-medium:370026,bto-bfo-medium,370026,430,arc1-current-polar-best-glide-equal-feed,7,-38.624848590211,88.453487509211,1394239001.355594,4.2215802301572567e-4,9.2246205993540221e-4,-5.2372976342015818e0,32.510597558723,arc-169,supported,supported,false
source:bto-bfo-medium:370026,bto-bfo-medium,370026,497,arc1-current-polar-best-glide-equal-feed,8,-38.081733299099,89.806796459127,1394239133.191071,7.2352990388045398e-4,2.0821871313756764e-5,-9.5671021134964036e0,45.277634183331,arc-167,supported,supported,false
source:bto-bfo-medium:370026,bto-bfo-medium,370026,554,arc1-current-polar-best-glide-equal-feed,9,-38.220781376656,89.429087317581,1394239115.302310,4.7197608717887277e-4,4.5389930800680334e-4,-6.0580171123982325e0,38.083603034796,arc-168,supported,supported,false
source:bto-bfo-medium:370026,bto-bfo-medium,370026,609,arc1-current-polar-best-glide-equal-feed,10,-38.809926256346,88.526731351969,1394239098.291358,8.3821509853721009e-4,1.8315928735453358e-3,-5.2372976342015818e0,44.138586600457,arc-169,supported,supported,false
source:bto-bfo-medium:370026,bto-bfo-medium,370026,666,arc1-current-polar-best-glide-equal-feed,11,-38.586780970388,88.968938596647,1394239115.665497,8.5159784525289442e-4,1.8608356580712717e-3,-5.2372976342015818e0,44.052636551127,arc-169,supported,supported,false
source:bto-bfo-medium:370026,bto-bfo-medium,370026,720,arc1-current-polar-best-glide-equal-feed,12,-38.136231171927,89.805501013557,1394239155.397145,8.1096214095235941e-4,2.3338011668455789e-5,-9.5671021134964036e0,48.418691796500,arc-167,supported,supported,false
source:bto-bfo-medium:370026,bto-bfo-medium,370026,772,arc1-current-polar-best-glide-equal-feed,13,-38.322090606408,89.219191246493,1394239110.663779,3.9474462475913455e-4,3.7962582614841609e-4,-6.0580171123982325e0,38.143607640564,arc-168,supported,supported,false
source:bto-bfo-medium:370026,bto-bfo-medium,370026,831,arc1-current-polar-best-glide-equal-feed,14,-37.867714082216,89.718720742714,1394239029.852764,2.3170754580011335e-4,6.6681206612207978e-6,-9.5671021134964036e0,31.782741513537,arc-167,supported,supported,false
source:bto-bfo-medium:370026,bto-bfo-medium,370026,886,arc1-current-polar-best-glide-equal-feed,15,-38.658861556021,88.674309917543,1394239084.146578,6.4141994340016133e-4,1.4015736525526635e-3,-5.2372976342015818e0,38.493978581910,arc-169,supported,supported,false
source:bto-bfo-medium:370026,bto-bfo-medium,370026,938,arc1-current-polar-best-glide-equal-feed,16,-38.210758566215,89.071303577839,1394238990.730282,2.4179177238000687e-4,2.3253109881270372e-4,-6.0580171123982325e0,29.563631166979,arc-168,supported,supported,false
source:bto-bfo-medium:370026,bto-bfo-medium,370026,996,arc1-current-polar-best-glide-equal-feed,17,-38.113109101387,89.093636370007,1394238878.464532,3.7296468448351792e-4,3.5868006197078040e-4,-6.0580171123982325e0,24.295552715044,arc-168,supported,supported,false
source:bto-bfo-medium:370026,bto-bfo-medium,370026,1056,arc1-current-polar-best-glide-equal-feed,18,-38.241883749098,89.236073280518,1394239040.077292,4.8196303540649037e-4,4.6350375410641570e-4,-6.0580171123982325e0,34.094942992762,arc-168,supported,supported,false
source:bto-bfo-medium:370026,bto-bfo-medium,370026,1117,arc1-current-polar-best-glide-equal-feed,19,-38.274018152322,89.534095464007,1394239143.538185,7.7828917825862286e-4,7.4848054602158216e-4,-6.0580171123982325e0,43.753374861986,arc-168,supported,supported,false
source:bto-bfo-medium:370026,bto-bfo-medium,370026,1177,arc1-current-polar-best-glide-equal-feed,20,-37.982429904240,89.861139214975,1394239143.069414,4.0706485314897069e-4,1.1714584211603752e-5,-9.5671021134964036e0,40.449984115584,arc-167,supported,supported,false
source:bto-bfo-medium:370026,bto-bfo-medium,370026,1235,arc1-current-polar-best-glide-equal-feed,21,-38.126187778477,89.724409966557,1394239133.344838,7.0739630796001188e-4,6.8030288692979754e-4,-6.0580171123982325e0,45.077586302804,arc-168,supported,supported,false
source:bto-bfo-medium:370026,bto-bfo-medium,370026,1289,arc1-current-polar-best-glide-equal-feed,22,-37.906674701016,90.040050101803,1394239118.906139,6.9169630254174914e-4,1.9905758314179293e-5,-9.5671021134964036e0,40.499817448635,arc-167,supported,supported,false
source:bto-bfo-medium:370026,bto-bfo-medium,370026,1351,arc1-current-polar-best-glide-equal-feed,23,-38.653931585297,87.577261201438,1394238735.315390,4.3000745952648306e-5,1.8643923124637147e-4,-4.5520762908770394e0,11.471968747124,arc-170,supported,supported,false
source:bto-bfo-medium:370026,bto-bfo-medium,370026,1416,arc1-current-polar-best-glide-equal-feed,24,-38.325020000823,89.148146545428,1394239049.481490,5.7220671363165650e-4,5.5029108128485315e-4,-6.0580171123982325e0,37.163395956850,arc-168,supported,supported,false
source:bto-bfo-medium:370026,bto-bfo-medium,370026,1479,arc1-current-polar-best-glide-equal-feed,25,-37.627925004957,90.081644767056,1394239022.687666,2.2310453946494888e-4,6.4205418260385981e-6,-9.5671021134964036e0,30.201128449250,arc-167,supported,supported,false
source:bto-bfo-medium:370026,bto-bfo-medium,370026,1536,arc1-current-polar-best-glide-equal-feed,26,-37.769611970537,89.315887160117,1394238839.178666,3.2928770253343143e-5,3.1667591722381068e-5,-6.0580171123982325e0,19.275209108255,arc-168,supported,supported,false
source:bto-bfo-medium:370026,bto-bfo-medium,370026,1597,arc1-current-polar-best-glide-equal-feed,27,-38.077913542598,89.287172745350,1394238959.512498,3.2800057261250153e-4,3.1543808463801803e-4,-6.0580171123982325e0,27.208874946623,arc-168,supported,supported,false
source:bto-bfo-medium:370026,bto-bfo-medium,370026,1654,arc1-current-polar-best-glide-equal-feed,28,-38.693427650915,88.168508676688,1394238962.268141,2.5032637339225731e-4,1.0853452790641699e-3,-4.5520762908770394e0,29.826181815305,arc-170,supported,supported,false
source:bto-bfo-medium:370026,bto-bfo-medium,370026,1719,arc1-current-polar-best-glide-equal-feed,29,-37.888011569322,89.529730177935,1394238957.735505,2.0011488065699786e-4,1.9245044043439248e-4,-6.0580171123982325e0,30.702631100684,arc-168,supported,supported,false
source:bto-bfo-medium:370026,bto-bfo-medium,370026,1785,arc1-current-polar-best-glide-equal-feed,30,-37.979721416878,89.624122150826,1394239060.551784,2.8245912888106455e-4,2.7164088737133502e-4,-6.0580171123982325e0,36.814524563975,arc-168,supported,supported,false
source:bto-bfo-medium:370026,bto-bfo-medium,370026,1844,arc1-current-polar-best-glide-equal-feed,31,-37.781255929348,90.047385508560,1394239122.536869,2.2307155061382884e-4,6.4195924670568302e-6,-9.5671021134964036e0,34.874548863897,arc-167,supported,supported,false
source:bto-bfo-medium:370026,bto-bfo-medium,370026,1904,arc1-current-polar-best-glide-equal-feed,32,-38.305242302175,88.543245148708,1394238804.737193,2.3321207344009296e-4,5.0959422287075835e-4,-5.2372976342015818e0,17.860275205913,arc-169,supported,supported,false
source:bto-bfo-medium:370026,bto-bfo-medium,370026,1964,arc1-current-polar-best-glide-equal-feed,33,-37.863993980309,89.432174193136,1394238914.491135,1.2205866599089038e-4,1.1738379450673710e-4,-6.0580171123982325e0,25.859554655878,arc-168,supported,supported,false
source:bto-bfo-medium:370026,bto-bfo-medium,370026,2027,arc1-current-polar-best-glide-equal-feed,34,-38.058237695236,89.755592833629,1394239125.434046,5.5112103937547934e-4,1.5860258572085442e-5,-9.5671021134964036e0,43.305381224268,arc-167,supported,supported,false
source:bto-bfo-medium:370026,bto-bfo-medium,370026,2083,arc1-current-polar-best-glide-equal-feed,35,-38.702232516969,88.036852791102,1394238869.505551,3.9214266083459912e-4,1.7002211148945537e-3,-4.5520762908770394e0,24.811122194230,arc-170,supported,supported,false
source:bto-bfo-medium:370026,bto-bfo-medium,370026,2142,arc1-current-polar-best-glide-equal-feed,36,-37.884630170990,89.739791567703,1394239061.053534,2.1219139730745704e-4,6.1064814943047632e-6,-9.5671021134964036e0,33.027591917982,arc-167,supported,supported,false
source:bto-bfo-medium:370026,bto-bfo-medium,370026,2199,arc1-current-polar-best-glide-equal-feed,37,-38.235248101701,89.366335533505,1394239154.439877,2.0754074401627148e-4,1.9959189173179715e-4,-6.0580171123982325e0,36.949666088424,arc-168,supported,supported,false
source:bto-bfo-medium:370026,bto-bfo-medium,370026,2257,arc1-current-polar-best-glide-equal-feed,38,-37.999095222168,89.429396580595,1394238993.536056,2.3568378236663010e-4,2.2665704604669256e-4,-6.0580171123982325e0,29.205708468475,arc-168,supported,supported,false
source:bto-bfo-medium:370026,bto-bfo-medium,370026,2323,arc1-current-polar-best-glide-equal-feed,39,-38.107235963068,89.342919809377,1394239008.084855,3.6306865581301877e-4,3.4916305319094209e-4,-6.0580171123982325e0,30.275641524780,arc-168,supported,supported,false
source:bto-bfo-medium:370026,bto-bfo-medium,370026,2381,arc1-current-polar-best-glide-equal-feed,40,-37.718447624030,89.244496573563,1394238676.919580,1.3074897078704141e-4,1.2574125887938916e-4,-6.0580171123982325e0,15.806303024857,arc-168,supported,supported,false
source:bto-bfo-medium:370026,bto-bfo-medium,370026,2443,arc1-current-polar-best-glide-equal-feed,41,-37.874257971843,89.724273873500,1394239028.241102,2.6621479249606549e-4,7.6611762989237680e-6,-9.5671021134964036e0,32.230250971328,arc-167,supported,supported,false
source:bto-bfo-medium:370026,bto-bfo-medium,370026,2502,arc1-current-polar-best-glide-equal-feed,42,-38.438713721831,89.197757245175,1394239125.023222,7.4653852675458520e-4,7.1794595086319211e-4,-6.0580171123982325e0,44.376288750214,arc-168,supported,supported,false
source:bto-bfo-medium:370026,bto-bfo-medium,370026,2554,arc1-current-polar-best-glide-equal-feed,43,-37.806238631105,90.042947438548,1394239076.867511,5.1639178464560245e-4,1.4860813947986455e-5,-9.5671021134964036e0,35.846033290021,arc-167,supported,supported,false
source:bto-bfo-medium:370026,bto-bfo-medium,370026,2606,arc1-current-polar-best-glide-equal-feed,44,-37.986639012456,89.860006613214,1394239096.922180,6.8828871475500454e-4,1.9807694151239458e-5,-9.5671021134964036e0,40.665348213889,arc-167,supported,supported,false
source:bto-bfo-medium:370026,bto-bfo-medium,370026,2666,arc1-current-polar-best-glide-equal-feed,45,-38.521795578054,88.717047442298,1394239079.496541,2.3519147316611940e-4,5.1391943061088923e-4,-5.2372976342015818e0,32.920814162006,arc-169,supported,supported,false
source:bto-bfo-medium:370026,bto-bfo-medium,370026,2726,arc1-current-polar-best-glide-equal-feed,46,-38.105337652828,88.895211218780,1394238763.139035,3.8832030993811683e-4,3.7344756387858912e-4,-6.0580171123982325e0,22.274613612496,arc-168,supported,supported,false
source:bto-bfo-medium:370026,bto-bfo-medium,370026,2787,arc1-current-polar-best-glide-equal-feed,47,-37.812909572152,89.526662477371,1394238892.273971,1.9303949867480503e-4,5.5553247741685963e-6,-9.5671021134964036e0,27.462508693183,arc-167,supported,supported,false
source:bto-bfo-medium:370026,bto-bfo-medium,370026,2848,arc1-current-polar-best-glide-equal-feed,48,-38.502770258526,89.017573384507,1394239114.170669,6.3940672452505727e-4,1.3971745462242728e-3,-5.2372976342015818e0,42.806116234078,arc-169,supported,supported,false
source:bto-bfo-medium:370026,bto-bfo-medium,370026,2906,arc1-current-polar-best-glide-equal-feed,49,-37.828641945224,90.031628964032,1394239097.506289,4.7373032646070770e-4,1.3633094972420959e-5,-9.5671021134964036e0,36.527851294713,arc-167,supported,supported,false
source:bto-bfo-medium:370026,bto-bfo-medium,370026,2964,arc1-current-polar-best-glide-equal-feed,50,-37.908685015434,89.788681879017,1394239092.467376,2.4355168326185061e-4,7.0089733401882806e-6,-9.5671021134964036e0,35.104076766727,arc-167,supported,supported,false
source:bto-bfo-medium:370026,bto-bfo-medium,370026,3017,arc1-current-polar-best-glide-equal-feed,51,-37.973870901356,89.601376245963,1394239071.973295,1.8196517748704670e-4,1.7499587455032140e-4,-6.0580171123982325e0,35.687116518753,arc-168,supported,supported,false
source:bto-bfo-medium:370026,bto-bfo-medium,370026,3074,arc1-current-polar-best-glide-equal-feed,52,-38.050115503521,89.383561245167,1394238987.217501,3.2278665245986292e-4,3.1042385867705637e-4,-6.0580171123982325e0,29.283588089980,arc-168,supported,supported,false
source:bto-bfo-medium:370026,bto-bfo-medium,370026,3141,arc1-current-polar-best-glide-equal-feed,53,-38.002863432052,89.365870697686,1394238987.746443,1.5937643196941759e-4,1.5327228253429653e-4,-6.0580171123982325e0,26.863559089089,arc-168,supported,supported,false
source:bto-bfo-medium:370026,bto-bfo-medium,370026,3197,arc1-current-polar-best-glide-equal-feed,54,-37.799146175075,90.181414512080,1394239078.246736,8.2698435005785836e-4,2.3799101630829885e-5,-9.5671021134964036e0,40.194871056474,arc-167,supported,supported,false
source:bto-bfo-medium:370026,bto-bfo-medium,370026,3253,arc1-current-polar-best-glide-equal-feed,55,-38.518316333075,88.676259841528,1394239077.897339,1.7445495412223578e-4,3.8120340624093514e-4,-5.2372976342015818e0,31.545297914213,arc-169,supported,supported,false
source:bto-bfo-medium:370026,bto-bfo-medium,370026,3310,arc1-current-polar-best-glide-equal-feed,56,-38.027258533098,89.484441826353,1394239041.858228,2.4265044820656392e-4,2.3335688718220749e-4,-6.0580171123982325e0,32.310417903311,arc-168,supported,supported,false
source:bto-bfo-medium:370026,bto-bfo-medium,370026,3369,arc1-current-polar-best-glide-equal-feed,57,-37.832785659162,89.987465048706,1394239106.446764,3.4815892281280344e-4,1.0019378948492166e-5,-9.5671021134964036e0,35.443824105941,arc-167,supported,supported,false
source:bto-bfo-medium:370026,bto-bfo-medium,370026,3420,arc1-current-polar-best-glide-equal-feed,58,-37.695082633445,90.178071358795,1394239107.390338,2.7973932871049116e-4,8.0503877898721260e-6,-9.5671021134964036e0,36.245897084524,arc-167,supported,supported,false
source:bto-bfo-medium:370026,bto-bfo-medium,370026,3474,arc1-current-polar-best-glide-equal-feed,59,-38.089511969947,89.343060529882,1394239025.858337,2.3278523611973623e-4,2.2386951470468111e-4,-6.0580171123982325e0,29.504251008108,arc-168,supported,supported,false
source:bto-bfo-medium:370026,bto-bfo-medium,370026,3527,arc1-current-polar-best-glide-equal-feed,60,-37.896508803983,89.584708436286,1394239029.794948,1.1485737794212710e-4,3.3053859005966346e-6,-9.5671021134964036e0,32.508109161606,arc-167,supported,supported,false
source:bto-bfo-medium:370026,bto-bfo-medium,370026,3582,arc1-current-polar-best-glide-equal-feed,61,-38.214337946330,89.202848759896,1394239037.718522,3.1929663654839364e-4,3.0706751107771591e-4,-6.0580171123982325e0,31.918938490888,arc-168,supported,supported,false
source:bto-bfo-medium:370026,bto-bfo-medium,370026,3634,arc1-current-polar-best-glide-equal-feed,62,-38.157796651895,89.300986396327,1394239039.386971,3.2043890147702550e-4,3.0816602702958443e-4,-6.0580171123982325e0,31.374534724055,arc-168,supported,supported,false
source:bto-bfo-medium:370026,bto-bfo-medium,370026,3695,arc1-current-polar-best-glide-equal-feed,63,-38.155774159485,88.638843178901,1394238748.489540,1.4546817128398593e-4,3.1786407369228855e-4,-5.2372976342015818e0,17.955374294040,arc-169,supported,supported,false
source:bto-bfo-medium:370026,bto-bfo-medium,370026,3749,arc1-current-polar-best-glide-equal-feed,64,-38.004645603534,89.862717851495,1394239083.365849,8.2116350629663057e-4,2.3631588361393830e-5,-9.5671021134964036e0,41.719415428598,arc-167,supported,supported,false
source:bto-bfo-medium:370026,bto-bfo-medium,370026,3803,arc1-current-polar-best-glide-equal-feed,65,-38.098855602915,89.506649149520,1394239099.605764,2.7454645402055593e-4,2.6403126955121329e-4,-6.0580171123982325e0,35.649954759085,arc-168,supported,supported,false
source:bto-bfo-medium:370026,bto-bfo-medium,370026,3860,arc1-current-polar-best-glide-equal-feed,66,-38.013280972393,89.705229838248,1394239105.417799,3.5561489285060760e-4,1.0233948170598580e-5,-9.5671021134964036e0,40.170286761227,arc-167,supported,supported,false
source:bto-bfo-medium:370026,bto-bfo-medium,370026,3913,arc1-current-polar-best-glide-equal-feed,67,-37.937132033119,89.818138631784,1394239067.201104,5.3473152164895362e-4,1.5388598137366713e-5,-9.5671021134964036e0,37.181962722373,arc-167,supported,supported,false
source:bto-bfo-medium:370026,bto-bfo-medium,370026,3965,arc1-current-polar-best-glide-equal-feed,68,-37.951769099451,89.958237716314,1394239118.049450,6.6840116019343501e-4,1.9235366594900183e-5,-9.5671021134964036e0,40.739243408210,arc-167,supported,supported,false
source:bto-bfo-medium:370026,bto-bfo-medium,370026,4018,arc1-current-polar-best-glide-equal-feed,69,-38.388520146065,89.059916012058,1394239091.871352,4.0070902822370491e-4,3.8536179175935152e-4,-6.0580171123982325e0,39.877828465603,arc-168,supported,supported,false
source:bto-bfo-medium:370026,bto-bfo-medium,370026,4072,arc1-current-polar-best-glide-equal-feed,70,-37.996541769987,90.082828274840,1394239161.824127,8.7708502270065559e-4,2.5240907633465184e-5,-9.5671021134964036e0,46.094394334903,arc-167,supported,supported,false
source:bto-bfo-medium:370026,bto-bfo-medium,370026,4128,arc1-current-polar-best-glide-equal-feed,71,-37.938735282268,89.821693561268,1394239087.127803,4.3803063361645949e-4,1.2605722908934812e-5,-9.5671021134964036e0,37.330756399907,arc-167,supported,supported,false
source:bto-bfo-medium:370026,bto-bfo-medium,370026,4188,arc1-current-polar-best-glide-equal-feed,72,-37.759594283352,89.608696851803,1394238938.968381,8.5946951273673338e-5,2.4733965377688619e-6,-9.5671021134964036e0,24.411006956183,arc-167,supported,supported,false
source:bto-bfo-medium:370026,bto-bfo-medium,370026,4251,arc1-current-polar-best-glide-equal-feed,73,-37.963153563540,89.723292600344,1394239075.070531,3.7160160708181477e-4,1.0694016655213693e-5,-9.5671021134964036e0,37.398903996530,arc-167,supported,supported,false
source:bto-bfo-medium:370026,bto-bfo-medium,370026,4308,arc1-current-polar-best-glide-equal-feed,74,-37.732030595142,90.092061300278,1394239085.172208,3.1763429832901721e-4,9.1409359159466008e-6,-9.5671021134964036e0,34.349936202534,arc-167,supported,supported,false
source:bto-bfo-medium:370026,bto-bfo-medium,370026,4367,arc1-current-polar-best-glide-equal-feed,75,-38.025512076873,89.321954845400,1394239033.106996,6.8609814371155072e-5,6.5982044666047045e-5,-6.0580171123982325e0,26.115589063813,arc-168,supported,supported,false
source:bto-bfo-medium:370026,bto-bfo-medium,370026,4425,arc1-current-polar-best-glide-equal-feed,76,-37.974255703064,89.890712114895,1394239109.431686,6.3854790526592250e-4,1.8376244353975989e-5,-9.5671021134964036e0,40.537542211989,arc-167,supported,supported,false
source:bto-bfo-medium:370026,bto-bfo-medium,370026,4485,arc1-current-polar-best-glide-equal-feed,77,-37.972040973490,89.919152139803,1394239099.868332,7.6004519657534746e-4,2.1872714853739639e-5,-9.5671021134964036e0,40.978636504046,arc-167,supported,supported,false
source:bto-bfo-medium:370026,bto-bfo-medium,370026,4540,arc1-current-polar-best-glide-equal-feed,78,-37.983773321825,89.593960472327,1394239045.550997,2.9164198654987731e-4,2.8047203974244955e-4,-6.0580171123982325e0,35.609285699446,arc-168,supported,supported,false
source:bto-bfo-medium:370026,bto-bfo-medium,370026,4598,arc1-current-polar-best-glide-equal-feed,79,-38.302011618110,89.278590378992,1394239128.425369,3.6719272519018169e-4,3.5312916988057189e-4,-6.0580171123982325e0,38.221263066978,arc-168,supported,supported,false
source:bto-bfo-medium:370026,bto-bfo-medium,370026,4658,arc1-current-polar-best-glide-equal-feed,80,-37.751220562482,89.975993240633,1394238981.729462,5.9843467181435166e-4,1.7221858639677591e-5,-9.5671021134964036e0,31.268637919093,arc-167,supported,supported,false
source:bto-bfo-medium:370026,bto-bfo-medium,370026,4719,arc1-current-polar-best-glide-equal-feed,81,-38.343797978900,88.808093656018,1394238976.111117,2.3269975540963903e-4,5.0847475120387273e-4,-5.2372976342015818e0,29.408410353308,arc-169,supported,supported,false
source:bto-bfo-medium:370026,bto-bfo-medium,370026,4778,arc1-current-polar-best-glide-equal-feed,82,-37.955013438454,89.988998269460,1394239165.999961,4.7662671365013022e-4,1.3716447714318043e-5,-9.5671021134964036e0,41.626292109026,arc-167,supported,supported,false
source:bto-bfo-medium:370026,bto-bfo-medium,370026,4834,arc1-current-polar-best-glide-equal-feed,83,-37.920879141682,90.148034055609,1394239153.884622,8.1176272227944258e-4,2.3361050939229935e-5,-9.5671021134964036e0,44.312844125689,arc-167,supported,supported,false
source:bto-bfo-medium:370026,bto-bfo-medium,370026,4889,arc1-current-polar-best-glide-equal-feed,84,-38.186950778540,89.229558721736,1394239038.766128,2.7393934271352364e-4,2.6344741072948313e-4,-6.0580171123982325e0,31.036215989599,arc-168,supported,supported,false
source:bto-bfo-medium:370026,bto-bfo-medium,370026,4949,arc1-current-polar-best-glide-equal-feed,85,-38.130171389402,89.773229904942,1394239135.546938,8.2541786249995660e-4,7.9380419216703896e-4,-6.0580171123982325e0,47.184569283727,arc-168,supported,supported,false
source:bto-bfo-medium:370026,bto-bfo-medium,370026,5010,arc1-current-polar-best-glide-equal-feed,86,-38.938894870336,88.054139722469,1394239073.117118,4.2922010396708409e-4,1.8609785585401520e-3,-4.5520762908770394e0,35.439185849323,arc-170,supported,supported,false
source:bto-bfo-medium:370026,bto-bfo-medium,370026,5070,arc1-current-polar-best-glide-equal-feed,87,-38.120169009656,89.175202616833,1394238964.415954,2.3571978444182840e-4,2.2669166923516127e-4,-6.0580171123982325e0,26.286727317111,arc-168,supported,supported,false
source:bto-bfo-medium:370026,bto-bfo-medium,370026,5132,arc1-current-polar-best-glide-equal-feed,88,-38.361855546406,89.205524537227,1394239127.490399,4.3014681040163302e-4,4.1367210095252175e-4,-6.0580171123982325e0,40.132496679316,arc-168,supported,supported,false
source:bto-bfo-medium:370026,bto-bfo-medium,370026,5192,arc1-current-polar-best-glide-equal-feed,89,-38.196658713464,88.811116543496,1394238931.860369,5.5942934764710075e-5,1.2224151153930339e-4,-5.2372976342015818e0,26.405748539013,arc-169,supported,supported,false
source:bto-bfo-medium:370026,bto-bfo-medium,370026,5255,arc1-current-polar-best-glide-equal-feed,90,-37.985549682176,88.689795510314,1394238686.800250,4.0443498730335105e-5,3.8894504585601991e-5,-6.0580171123982325e0,18.391885598610,arc-168,supported,supported,false
source:bto-bfo-medium:370026,bto-bfo-medium,370026,5321,arc1-current-polar-best-glide-equal-feed,91,-37.967945670123,89.474283637721,1394239006.604977,1.7995428958566623e-4,1.7306200406045922e-4,-6.0580171123982325e0,30.102999547302,arc-168,supported,supported,false
source:bto-bfo-medium:370026,bto-bfo-medium,370026,5385,arc1-current-polar-best-glide-equal-feed,92,-38.471590594996,89.029294293166,1394239072.830705,7.6774735979709592e-4,1.6776130558153906e-3,-5.2372976342015818e0,42.264645249371,arc-169,supported,supported,false
source:bto-bfo-medium:370026,bto-bfo-medium,370026,5438,arc1-current-polar-best-glide-equal-feed,93,-37.709358456285,89.977967123022,1394239066.834895,1.3099019115852975e-4,3.7696588476016306e-6,-9.5671021134964036e0,29.475089742016,arc-167,supported,supported,false
source:bto-bfo-medium:370026,bto-bfo-medium,370026,5496,arc1-current-polar-best-glide-equal-feed,94,-37.692173149215,90.280710078097,1394239139.877015,3.2769785657578828e-4,9.4305467719028356e-6,-9.5671021134964036e0,40.294778175816,arc-167,supported,supported,false
source:bto-bfo-medium:370026,bto-bfo-medium,370026,5554,arc1-current-polar-best-glide-equal-feed,95,-37.838238490314,89.865381154459,1394239064.054480,2.9267980728885730e-4,8.4227911670540135e-6,-9.5671021134964036e0,32.653198953298,arc-167,supported,supported,false
source:bto-bfo-medium:370026,bto-bfo-medium,370026,5607,arc1-current-polar-best-glide-equal-feed,96,-38.106579093577,89.521371363468,1394239083.603104,4.1034974282036979e-4,3.9463326504579122e-4,-6.0580171123982325e0,36.483975425075,arc-168,supported,supported,false
source:bto-bfo-medium:370026,bto-bfo-medium,370026,5662,arc1-current-polar-best-glide-equal-feed,97,-38.395690195606,88.979431461924,1394239086.609416,2.8032532591635168e-4,6.1254190018610207e-4,-5.2372976342015818e0,37.990209571006,arc-169,supported,supported,false
source:bto-bfo-medium:370026,bto-bfo-medium,370026,5728,arc1-current-polar-best-glide-equal-feed,98,-38.189411014221,89.533822225532,1394239041.383858,9.3262164259592668e-4,8.9690204589968573e-4,-6.0580171123982325e0,40.141708085334,arc-168,supported,supported,false
source:bto-bfo-medium:370026,bto-bfo-medium,370026,5787,arc1-current-polar-best-glide-equal-feed,99,-38.870122199996,88.200654704399,1394239051.868695,6.0520213478703364e-4,2.6239875206492368e-3,-4.5520762908770394e0,37.074261803095,arc-170,supported,supported,false
source:bto-bfo-medium:370026,bto-bfo-medium,370026,5842,arc1-current-polar-best-glide-equal-feed,100,-38.826297511613,87.720008549289,1394238873.416678,2.2194293494040893e-4,9.6228261287418018e-4,-4.5520762908770394e0,22.408330885508,arc-170,supported,supported,false
source:bto-bfo-medium:370026,bto-bfo-medium,370026,5898,arc1-current-polar-best-glide-equal-feed,101,-37.838636782662,90.021785717091,1394239085.608415,5.4949985291598931e-4,1.5813603781932213e-5,-9.5671021134964036e0,36.706075091709,arc-167,supported,supported,false
source:bto-bfo-medium:370026,bto-bfo-medium,370026,5954,arc1-current-polar-best-glide-equal-feed,102,-37.802498562985,89.850479164895,1394239058.640518,1.7964784819599836e-4,5.1699374923810025e-6,-9.5671021134964036e0,30.426272127361,arc-167,supported,supported,false
source:bto-bfo-medium:370026,bto-bfo-medium,370026,6011,arc1-current-polar-best-glide-equal-feed,103,-38.384285393918,88.737337108612,1394238992.365940,1.8403857964866820e-4,4.0214468998489718e-4,-5.2372976342015818e0,27.936109521240,arc-169,supported,supported,false
source:bto-bfo-medium:370026,bto-bfo-medium,370026,6070,arc1-current-polar-best-glide-equal-feed,104,-38.014364925034,89.590559843588,1394239019.436573,5.3688930967953877e-4,5.1632634101531560e-4,-6.0580171123982325e0,36.270262237080,arc-168,supported,supported,false
source:bto-bfo-medium:370026,bto-bfo-medium,370026,6123,arc1-current-polar-best-glide-equal-feed,105,-37.944228001211,89.737408202501,1394239026.967340,5.7088618402889590e-4,1.6429063394476315e-5,-9.5671021134964036e0,36.451682876961,arc-167,supported,supported,false
source:bto-bfo-medium:370026,bto-bfo-medium,370026,6182,arc1-current-polar-best-glide-equal-feed,106,-37.791671741711,90.166589527833,1394239156.618180,3.3363610307419192e-4,9.6014386780369179e-6,-9.5671021134964036e0,39.370429404307,arc-167,supported,supported,false
source:bto-bfo-medium:370026,bto-bfo-medium,370026,6241,arc1-current-polar-best-glide-equal-feed,107,-39.095899019915,87.343502705448,1394238983.391742,1.0855764643788446e-4,1.5682426426904490e-10,-1.9466630226633967e1,25.529622354069,arc-171,supported,supported,false
source:bto-bfo-medium:370026,bto-bfo-medium,370026,6303,arc1-current-polar-best-glide-equal-feed,108,-38.599441070274,88.767140150241,1394239140.598825,3.1411858928196025e-4,6.8638392529672655e-4,-5.2372976342015818e0,38.012757331642,arc-169,supported,supported,false
source:bto-bfo-medium:370026,bto-bfo-medium,370026,6358,arc1-current-polar-best-glide-equal-feed,109,-38.254541827811,89.594152663364,1394239143.656384,8.3383294356793500e-4,8.0189697393572414e-4,-6.0580171123982325e0,44.894271437964,arc-168,supported,supported,false
source:bto-bfo-medium:370026,bto-bfo-medium,370026,6412,arc1-current-polar-best-glide-equal-feed,110,-37.711170296128,89.348040302828,1394238749.939560,9.2368205577245474e-5,8.8830484705155165e-5,-6.0580171123982325e0,20.742410935931,arc-168,supported,supported,false
source:bto-bfo-medium:370026,bto-bfo-medium,370026,6477,arc1-current-polar-best-glide-equal-feed,111,-38.175461760346,89.189029474886,1394238986.297657,3.7174925112550770e-4,3.5751117995511133e-4,-6.0580171123982325e0,29.535224566587,arc-168,supported,supported,false
source:bto-bfo-medium:370026,bto-bfo-medium,370026,6537,arc1-current-polar-best-glide-equal-feed,112,-37.569145969744,89.387372150612,1394238665.162395,5.7903125009505769e-5,1.6663463543747393e-6,-9.5671021134964036e0,14.931238687739,arc-167,supported,supported,false
source:bto-bfo-medium:370026,bto-bfo-medium,370026,6600,arc1-current-polar-best-glide-equal-feed,113,-38.951933563353,87.856172347019,1394239006.198517,3.9953646204559740e-4,1.7322785730438839e-3,-4.5520762908770394e0,31.569437720336,arc-170,supported,supported,false
source:bto-bfo-medium:370026,bto-bfo-medium,370026,6670,arc1-current-polar-best-glide-equal-feed,114,-37.849173119272,89.915221893126,1394239045.030441,5.3368838569198100e-4,1.5358578586630264e-5,-9.5671021134964036e0,34.376829570704,arc-167,supported,supported,false
source:bto-bfo-medium:370026,bto-bfo-medium,370026,6735,arc1-current-polar-best-glide-equal-feed,115,-38.039388207769,89.799866196112,1394239107.407211,6.8826640151798725e-4,1.9807052016965153e-5,-9.5671021134964036e0,42.743741005261,arc-167,supported,supported,false
source:bto-bfo-medium:370026,bto-bfo-medium,370026,6799,arc1-current-polar-best-glide-equal-feed,116,-37.703668466735,90.411537195851,1394239152.541151,6.2373697494538273e-4,4.5276653948373609e-3,-4.0367312205080452e0,45.615350094523,arc-166,supported,supported,false
source:bto-bfo-medium:370026,bto-bfo-medium,370026,6855,arc1-current-polar-best-glide-equal-feed,117,-38.306818983483,89.317049217829,1394239115.034326,5.4969394615848942e-4,5.2864055733888905e-4,-6.0580171123982325e0,39.331132883675,arc-168,supported,supported,false
source:bto-bfo-medium:370026,bto-bfo-medium,370026,6916,arc1-current-polar-best-glide-equal-feed,118,-38.189432896027,89.683399524085,1394239154.374797,7.3961952331363641e-4,7.1129194664718367e-4,-6.0580171123982325e0,45.587277756381,arc-168,supported,supported,false
source:bto-bfo-medium:370026,bto-bfo-medium,370026,6971,arc1-current-polar-best-glide-equal-feed,119,-38.108973393089,89.425386089848,1394238997.873858,6.1342311070815107e-4,5.8992888205433233e-4,-6.0580171123982325e0,33.103893058588,arc-168,supported,supported,false
source:bto-bfo-medium:370026,bto-bfo-medium,370026,7028,arc1-current-polar-best-glide-equal-feed,120,-37.947443416749,89.993788841462,1394239126.180175,7.0250633569467744e-4,2.0216851356775785e-5,-9.5671021134964036e0,41.350793336948,arc-167,supported,supported,false
source:bto-bfo-medium:370026,bto-bfo-medium,370026,7083,arc1-current-polar-best-glide-equal-feed,121,-37.838194814796,89.302153280902,1394238925.399258,1.7009791243024960e-5,1.6358312813469221e-5,-6.0580171123982325e0,19.517445990383,arc-168,supported,supported,false
source:bto-bfo-medium:370026,bto-bfo-medium,370026,7148,arc1-current-polar-best-glide-equal-feed,122,-38.404943120553,88.975491472138,1394239067.664444,3.8641863550249267e-4,8.4436753791074703e-4,-5.2372976342015818e0,38.083903451382,arc-169,supported,supported,false
source:bto-bfo-medium:370026,bto-bfo-medium,370026,7204,arc1-current-polar-best-glide-equal-feed,123,-37.708594085118,89.503526924878,1394238812.905230,1.2723944580434303e-4,3.6617192356012240e-6,-9.5671021134964036e0,21.287458765849,arc-167,supported,supported,false
source:bto-bfo-medium:370026,bto-bfo-medium,370026,7264,arc1-current-polar-best-glide-equal-feed,124,-38.712192378336,88.305347702689,1394239011.063664,3.9307632444939727e-4,1.7042692197059763e-3,-4.5520762908770394e0,36.093239453219,arc-170,supported,supported,false
source:bto-bfo-medium:370026,bto-bfo-medium,370026,7320,arc1-current-polar-best-glide-equal-feed,125,-37.947340003569,89.917176736794,1394239135.904088,4.3683576563410001e-4,1.2571336787183405e-5,-9.5671021134964036e0,39.604457675786,arc-167,supported,supported,false
source:bto-bfo-medium:370026,bto-bfo-medium,370026,7381,arc1-current-polar-best-glide-equal-feed,126,-38.368217849106,89.053001066171,1394239102.473920,2.5897972992055363e-4,2.4906075411862513e-4,-6.0580171123982325e0,38.620785901528,arc-168,supported,supported,false
source:bto-bfo-medium:370026,bto-bfo-medium,370026,7439,arc1-current-polar-best-glide-equal-feed,127,-38.281202672980,88.963490922133,1394239013.462379,1.9002216737234082e-4,1.8274428010072133e-4,-6.0580171123982325e0,32.908264544768,arc-168,supported,supported,false
source:bto-bfo-medium:370026,bto-bfo-medium,370026,7494,arc1-current-polar-best-glide-equal-feed,128,-38.389612307200,88.916539835326,1394239044.985720,3.1656166665284245e-4,6.9172232007133356e-4,-5.2372976342015818e0,35.206962390580,arc-169,supported,supported,false
source:bto-bfo-medium:370026,bto-bfo-medium,370026,7555,arc1-current-polar-best-glide-equal-feed,129,-37.599372522766,90.203455184246,1394239039.131747,3.0589304111714653e-4,8.8030439429733651e-6,-9.5671021134964036e0,34.465648274360,arc-167,supported,supported,false
source:bto-bfo-medium:370026,bto-bfo-medium,370026,7609,arc1-current-polar-best-glide-equal-feed,130,-37.743922986852,89.893447589458,1394239027.371293,1.9869898154187802e-4,5.7181943713042362e-6,-9.5671021134964036e0,28.507133635191,arc-167,supported,supported,false
source:bto-bfo-medium:370026,bto-bfo-medium,370026,7675,arc1-current-polar-best-glide-equal-feed,131,-37.652182560817,89.898696676617,1394239020.143787,6.2007225812832237e-5,1.7844548918757255e-6,-9.5671021134964036e0,24.390962035155,arc-167,supported,supported,false
source:bto-bfo-medium:370026,bto-bfo-medium,370026,7738,arc1-current-polar-best-glide-equal-feed,132,-37.902376507675,90.003074340287,1394239124.074864,5.5008987927962071e-4,1.5830583664794480e-5,-9.5671021134964036e0,39.295717375246,arc-167,supported,supported,false
source:bto-bfo-medium:370026,bto-bfo-medium,370026,7793,arc1-current-polar-best-glide-equal-feed,133,-37.673298428286,90.193249992020,1394239064.867443,4.2888300168586496e-4,1.2342470742213163e-5,-9.5671021134964036e0,36.143204915472,arc-167,supported,supported,false
source:bto-bfo-medium:370026,bto-bfo-medium,370026,7851,arc1-current-polar-best-glide-equal-feed,134,-38.063801917989,89.456673251163,1394239035.832546,3.3787496524538817e-4,3.2493428604484019e-4,-6.0580171123982325e0,32.495010292375,arc-168,supported,supported,false
source:bto-bfo-medium:370026,bto-bfo-medium,370026,7905,arc1-current-polar-best-glide-equal-feed,135,-38.258341731877,89.100976747855,1394239036.680058,2.7381571510984282e-4,2.6332851808791633e-4,-6.0580171123982325e0,32.689253723955,arc-168,supported,supported,false
source:bto-bfo-medium:370026,bto-bfo-medium,370026,7966,arc1-current-polar-best-glide-equal-feed,136,-38.074387879991,89.256095432778,1394238988.255023,1.7478390977515617e-4,1.6808965083775569e-4,-6.0580171123982325e0,26.106097624924,arc-168,supported,supported,false
source:bto-bfo-medium:370026,bto-bfo-medium,370026,8021,arc1-current-polar-best-glide-equal-feed,137,-38.019968710769,89.466741468724,1394239066.605353,1.2652703711434990e-4,1.2168102611645465e-4,-6.0580171123982325e0,31.369695349465,arc-168,supported,supported,false
source:bto-bfo-medium:370026,bto-bfo-medium,370026,8074,arc1-current-polar-best-glide-equal-feed,138,-38.379482937973,89.155605347826,1394239098.167496,5.5057895221646391e-4,5.2949166748664581e-4,-6.0580171123982325e0,40.392398655008,arc-168,supported,supported,false
source:bto-bfo-medium:370026,bto-bfo-medium,370026,8133,arc1-current-polar-best-glide-equal-feed,139,-37.821878946092,89.664461478160,1394238982.880605,1.7489698060227504e-4,5.0332161859987078e-6,-9.5671021134964036e0,28.520825191639,arc-167,supported,supported,false
source:bto-bfo-medium:370026,bto-bfo-medium,370026,8194,arc1-current-polar-best-glide-equal-feed,140,-37.914218268707,90.049517566091,1394239089.120062,8.8008190315072522e-4,2.5327152388159302e-5,-9.5671021134964036e0,41.128939185354,arc-167,supported,supported,false
source:bto-bfo-medium:370026,bto-bfo-medium,370026,8247,arc1-current-polar-best-glide-equal-feed,141,-37.884527005228,89.890522404253,1394239098.396447,3.3907154055679429e-4,9.7578606575428144e-6,-9.5671021134964036e0,35.668983681877,arc-167,supported,supported,false
source:bto-bfo-medium:370026,bto-bfo-medium,370026,8301,arc1-current-polar-best-glide-equal-feed,142,-38.072485320708,89.602214111994,1394239116.274108,2.9709469571964007e-4,2.8571590905309893e-4,-6.0580171123982325e0,38.469639276084,arc-168,supported,supported,false
source:bto-bfo-medium:370026,bto-bfo-medium,370026,8357,arc1-current-polar-best-glide-equal-feed,143,-37.614831988822,89.975242670711,1394238993.283212,1.1638836930777047e-4,3.3494450404150965e-6,-9.5671021134964036e0,25.598787595827,arc-167,supported,supported,false
source:bto-bfo-medium:370026,bto-bfo-medium,370026,8417,arc1-current-polar-best-glide-equal-feed,144,-38.306995422296,88.990948554769,1394238973.827618,4.8820640547720057e-4,4.6950800184630538e-4,-6.0580171123982325e0,34.568422977413,arc-168,supported,supported,false
source:bto-bfo-medium:370026,bto-bfo-medium,370026,8477,arc1-current-polar-best-glide-equal-feed,145,-38.359228206939,88.968237128302,1394238973.327176,6.6041629962894420e-4,1.4430827959129849e-3,-5.2372976342015818e0,36.559927809453,arc-169,supported,supported,false
source:bto-bfo-medium:370026,bto-bfo-medium,370026,8546,arc1-current-polar-best-glide-equal-feed,146,-37.977751735846,89.257332305799,1394238922.314091,1.2581748875175642e-4,1.2099865359901718e-4,-6.0580171123982325e0,21.925145744154,arc-168,supported,supported,false
source:bto-bfo-medium:370026,bto-bfo-medium,370026,8610,arc1-current-polar-best-glide-equal-feed,147,-38.323724862859,89.390566773192,1394239126.620082,7.3814980078090416e-4,7.0987851478338611e-4,-6.0580171123982325e0,41.986112794616,arc-168,supported,supported,false
source:bto-bfo-medium:370026,bto-bfo-medium,370026,8663,arc1-current-polar-best-glide-equal-feed,148,-38.185036667986,89.524815149691,1394239077.380532,7.6391129398194744e-4,7.3465333760771266e-4,-6.0580171123982325e0,39.651292303347,arc-168,supported,supported,false
source:bto-bfo-medium:370026,bto-bfo-medium,370026,8721,arc1-current-polar-best-glide-equal-feed,149,-38.471331855153,89.087184691964,1394239088.636107,8.0955983309967329e-4,1.7689779432529383e-3,-5.2372976342015818e0,44.606534367021,arc-169,supported,supported,false
source:bto-bfo-medium:370026,bto-bfo-medium,370026,8776,arc1-current-polar-best-glide-equal-feed,150,-37.675926282675,90.128382720779,1394239044.265059,3.7965907777271087e-4,1.0925895969310330e-5,-9.5671021134964036e0,33.647524456302,arc-167,supported,supported,false
source:bto-bfo-medium:370026,bto-bfo-medium,370026,8838,arc1-current-polar-best-glide-equal-feed,151,-38.348720251287,88.894424110768,1394238957.539998,5.0253028264338412e-4,1.0980843533319937e-3,-5.2372976342015818e0,33.148518064962,arc-169,supported,supported,false
source:bto-bfo-medium:370026,bto-bfo-medium,370026,8896,arc1-current-polar-best-glide-equal-feed,152,-38.044308077289,89.600854841352,1394239081.241723,3.6079560812788026e-4,3.4697706368982609e-4,-6.0580171123982325e0,37.554427763901,arc-168,supported,supported,false
source:bto-bfo-medium:370026,bto-bfo-medium,370026,8951,arc1-current-polar-best-glide-equal-feed,153,-38.218682012355,89.552282856011,1394239141.900895,6.0803078157422978e-4,5.8474308021199404e-4,-6.0580171123982325e0,41.979114736217,arc-168,supported,supported,false
source:bto-bfo-medium:370026,bto-bfo-medium,370026,9007,arc1-current-polar-best-glide-equal-feed,154,-37.981385732121,89.837342534556,1394239110.974340,5.2375015853894447e-4,1.5072574531016829e-5,-9.5671021134964036e0,39.989444693149,arc-167,supported,supported,false
source:bto-bfo-medium:370026,bto-bfo-medium,370026,9071,arc1-current-polar-best-glide-equal-feed,155,-38.245853230522,88.754661493531,1394238887.474333,1.5652573787038862e-4,3.4202608198079633e-4,-5.2372976342015818e0,24.656768824473,arc-169,supported,supported,false
source:bto-bfo-medium:370026,bto-bfo-medium,370026,9137,arc1-current-polar-best-glide-equal-feed,156,-38.102748434122,89.195423215264,1394238945.520174,2.8507160817362021e-4,2.7415330818095901e-4,-6.0580171123982325e0,25.854720084067,arc-168,supported,supported,false
source:bto-bfo-medium:370026,bto-bfo-medium,370026,9199,arc1-current-polar-best-glide-equal-feed,157,-38.206801339313,89.042452325697,1394238958.847013,2.8660692588686963e-4,2.7562982291665241e-4,-6.0580171123982325e0,29.013624217228,arc-168,supported,supported,false
source:bto-bfo-medium:370026,bto-bfo-medium,370026,9255,arc1-current-polar-best-glide-equal-feed,158,-38.690556813989,88.192056836521,1394238968.112908,2.6311572778034940e-4,1.1407963496776656e-3,-4.5520762908770394e0,30.734678709039,arc-170,supported,supported,false
source:bto-bfo-medium:370026,bto-bfo-medium,370026,9322,arc1-current-polar-best-glide-equal-feed,159,-37.669697609918,89.406248316457,1394238764.426318,6.3252101793357581e-5,1.8202801526273092e-6,-9.5671021134964036e0,20.024144588809,arc-167,supported,supported,false
source:bto-bfo-medium:370026,bto-bfo-medium,370026,9386,arc1-current-polar-best-glide-equal-feed,160,-37.943032614989,88.743553563553,1394238729.384020,1.3653502381050290e-5,1.3130570490702131e-5,-6.0580171123982325e0,14.853651392641,arc-168,supported,supported,false
source:bto-bfo-medium:370026,bto-bfo-medium,370026,9450,arc1-current-polar-best-glide-equal-feed,161,-37.747354538440,90.191358357543,1394239119.348415,4.3194489173325394e-4,1.2430586354576512e-5,-9.5671021134964036e0,38.589427164262,arc-167,supported,supported,false
source:bto-bfo-medium:370026,bto-bfo-medium,370026,9509,arc1-current-polar-best-glide-equal-feed,162,-37.702937624101,90.080131395011,1394239102.412066,1.5757081824517542e-4,4.5346008267358260e-6,-9.5671021134964036e0,32.790851975051,arc-167,supported,supported,false
source:bto-bfo-medium:370026,bto-bfo-medium,370026,9562,arc1-current-polar-best-glide-equal-feed,163,-37.771102393328,90.159059291612,1394239109.497199,5.0306235514387251e-4,1.4477217272462355e-5,-9.5671021134964036e0,38.291034735053,arc-167,supported,supported,false
source:bto-bfo-medium:370026,bto-bfo-medium,370026,9620,arc1-current-polar-best-glide-equal-feed,164,-38.409548662192,88.965459045928,1394239026.814385,6.0822389614932529e-4,1.3290366108307807e-3,-5.2372976342015818e0,37.800641337325,arc-169,supported,supported,false
source:bto-bfo-medium:370026,bto-bfo-medium,370026,9679,arc1-current-polar-best-glide-equal-feed,165,-38.217810070585,89.101825719783,1394239018.946310,2.1505556467617455e-4,2.0681889324730511e-4,-6.0580171123982325e0,30.368091321317,arc-168,supported,supported,false
source:bto-bfo-medium:370026,bto-bfo-medium,370026,9745,arc1-current-polar-best-glide-equal-feed,166,-38.086964540727,89.097411706021,1394238906.003368,2.0219202782095099e-4,1.9444803244372940e-4,-6.0580171123982325e0,22.902398720493,arc-168,supported,supported,false
source:bto-bfo-medium:370026,bto-bfo-medium,370026,9809,arc1-current-polar-best-glide-equal-feed,167,-38.437264170609,88.984115418128,1394239081.147070,4.6967605209315746e-4,1.0262942189779066e-3,-5.2372976342015818e0,39.384983697575,arc-169,supported,supported,false
source:bto-bfo-medium:370026,bto-bfo-medium,370026,9870,arc1-current-polar-best-glide-equal-feed,168,-38.181482574438,89.540026886167,1394239104.923093,6.3441179979296968e-4,6.1011370012109729e-4,-6.0580171123982325e0,40.038102845870,arc-168,supported,supported,false
source:bto-bfo-medium:370026,bto-bfo-medium,370026,9930,arc1-current-polar-best-glide-equal-feed,169,-37.930237638500,90.106550131207,1394239164.831135,6.8496211274957173e-4,1.9711960611412401e-5,-9.5671021134964036e0,43.513411829669,arc-167,supported,supported,false
source:bto-bfo-medium:370026,bto-bfo-medium,370026,9987,arc1-current-polar-best-glide-equal-feed,170,-37.929750409687,89.745404478066,1394239094.498806,2.2674291528754158e-4,6.5252476478198444e-6,-9.5671021134964036e0,35.707924418293,arc-167,supported,supported,false
source:bto-bfo-medium:370026,bto-bfo-medium,370026,10041,arc1-current-polar-best-glide-equal-feed,171,-38.157848180298,89.685639135870,1394239140.708854,6.9815480430176580e-4,6.7141533472245339e-4,-6.0580171123982325e0,44.570733329686,arc-168,supported,supported,false
source:bto-bfo-medium:370026,bto-bfo-medium,370026,10100,arc1-current-polar-best-glide-equal-feed,172,-37.809789172667,89.930171316039,1394239107.280004,1.6798536512868393e-4,4.8343124956474903e-6,-9.5671021134964036e0,32.753179073401,arc-167,supported,supported,false
source:bto-bfo-medium:370026,bto-bfo-medium,370026,10157,arc1-current-polar-best-glide-equal-feed,173,-38.414555330384,89.107601369146,1394239075.722858,7.1166752763479808e-4,6.8441051803102280e-4,-6.0580171123982325e0,41.856269024781,arc-168,supported,supported,false
source:bto-bfo-medium:370026,bto-bfo-medium,370026,10212,arc1-current-polar-best-glide-equal-feed,174,-37.922130611074,89.499886806734,1394239005.175162,1.2119504485543905e-4,1.1655325023466522e-4,-6.0580171123982325e0,30.055162538335,arc-168,supported,supported,false
source:bto-bfo-medium:370026,bto-bfo-medium,370026,10267,arc1-current-polar-best-glide-equal-feed,175,-37.977548732135,89.664957199480,1394239043.350093,4.4103206749319316e-4,1.2692098702945427e-5,-9.5671021134964036e0,37.736558254309,arc-167,supported,supported,false
source:bto-bfo-medium:370026,bto-bfo-medium,370026,10319,arc1-current-polar-best-glide-equal-feed,176,-38.308113043372,88.954690386219,1394239005.794482,2.7574679382578928e-4,2.6518563610021588e-4,-6.0580171123982325e0,34.493054789996,arc-168,supported,supported,false
source:bto-bfo-medium:370026,bto-bfo-medium,370026,10374,arc1-current-polar-best-glide-equal-feed,177,-37.833725530583,90.005400506081,1394239110.298263,3.5585797627552397e-4,1.0240943668317467e-5,-9.5671021134964036e0,35.998098875875,arc-167,supported,supported,false
source:bto-bfo-medium:370026,bto-bfo-medium,370026,10431,arc1-current-polar-best-glide-equal-feed,178,-39.058979783734,87.625508865364,1394239008.158454,3.3158874133990506e-4,4.7901886331225653e-10,-1.9466630226633967e1,35.489455743814,arc-171,supported,supported,false
source:bto-bfo-medium:370026,bto-bfo-medium,370026,10485,arc1-current-polar-best-glide-equal-feed,179,-37.869907544651,89.991681213728,1394239108.964413,4.7705948823098174e-4,1.3728902177612547e-5,-9.5671021134964036e0,37.377507975659,arc-167,supported,supported,false
source:bto-bfo-medium:370026,bto-bfo-medium,370026,10545,arc1-current-polar-best-glide-equal-feed,180,-37.843137808001,89.924443970673,1394239045.619797,5.2893825111834363e-4,1.5221878375229403e-5,-9.5671021134964036e0,34.292227287357,arc-167,supported,supported,false
source:bto-bfo-medium:370026,bto-bfo-medium,370026,10600,arc1-current-polar-best-glide-equal-feed,181,-37.814580126162,89.853052514478,1394239028.674413,3.3688382017892408e-4,9.6949020542644100e-6,-9.5671021134964036e0,31.123801851085,arc-167,supported,supported,false
source:bto-bfo-medium:370026,bto-bfo-medium,370026,10662,arc1-current-polar-best-glide-equal-feed,182,-38.383999187450,88.818788162786,1394238984.732538,3.5486686376482910e-4,7.7542342038854474e-4,-5.2372976342015818e0,31.079134452601,arc-169,supported,supported,false
source:bto-bfo-medium:370026,bto-bfo-medium,370026,10720,arc1-current-polar-best-glide-equal-feed,183,-38.046393779463,89.426702674656,1394238997.395296,3.5928282882604452e-4,3.4552222413985112e-4,-6.0580171123982325e0,30.734530759582,arc-168,supported,supported,false
source:bto-bfo-medium:370026,bto-bfo-medium,370026,10782,arc1-current-polar-best-glide-equal-feed,184,-37.858390975084,89.950215894657,1394239044.812020,6.6375082848068516e-4,1.9101538527850228e-5,-9.5671021134964036e0,35.716505523405,arc-167,supported,supported,false
source:bto-bfo-medium:370026,bto-bfo-medium,370026,10841,arc1-current-polar-best-glide-equal-feed,185,-37.815180859069,89.960264389463,1394239095.719576,2.7983196197347768e-4,8.0530536062688420e-6,-9.5671021134964036e0,33.831305185404,arc-167,supported,supported,false
source:bto-bfo-medium:370026,bto-bfo-medium,370026,10895,arc1-current-polar-best-glide-equal-feed,186,-37.650460006063,90.229665533953,1394239054.323610,4.8253195154409945e-4,1.3886389693005969e-5,-9.5671021134964036e0,36.956480188424,arc-167,supported,supported,false
source:bto-bfo-medium:370026,bto-bfo-medium,370026,10953,arc1-current-polar-best-glide-equal-feed,187,-38.814653263061,87.897418802703,1394238950.864696,2.1790221251321296e-4,9.4476316835486970e-4,-4.5520762908770394e0,25.126140352441,arc-170,supported,supported,false
source:bto-bfo-medium:370026,bto-bfo-medium,370026,11017,arc1-current-polar-best-glide-equal-feed,188,-38.204453905384,89.263897301937,1394239033.912945,4.3791342402015200e-4,4.2114125170563175e-4,-6.0580171123982325e0,32.754227558233,arc-168,supported,supported,false
source:bto-bfo-medium:370026,bto-bfo-medium,370026,11073,arc1-current-polar-best-glide-equal-feed,189,-37.872824346696,89.972647771187,1394239133.949489,3.1204373891847596e-4,8.9800498102115215e-6,-9.5671021134964036e0,37.021013354107,arc-167,supported,supported,false
source:bto-bfo-medium:370026,bto-bfo-medium,370026,11133,arc1-current-polar-best-glide-equal-feed,190,-38.453865975147,88.807475934995,1394239048.311077,3.0459763913625004e-4,6.6557959420474836e-4,-5.2372976342015818e0,33.110116983014,arc-169,supported,supported,false
source:bto-bfo-medium:370026,bto-bfo-medium,370026,11197,arc1-current-polar-best-glide-equal-feed,191,-38.782163736742,88.160048077395,1394239005.988088,3.7562455064358229e-4,1.6286031999623973e-3,-4.5520762908770394e0,32.295768445431,arc-170,supported,supported,false
source:bto-bfo-medium:370026,bto-bfo-medium,370026,11259,arc1-current-polar-best-glide-equal-feed,192,-37.805138626972,90.210581949474,1394239128.221483,6.6764283121309236e-4,1.9213543269620188e-5,-9.5671021134964036e0,41.477226360760,arc-167,supported,supported,false
source:bto-bfo-medium:370026,bto-bfo-medium,370026,11316,arc1-current-polar-best-glide-equal-feed,193,-38.272231777738,88.882936001862,1394239017.781276,7.6882051063411705e-5,1.6799580093109265e-4,-5.2372976342015818e0,30.886632660283,arc-169,supported,supported,false
source:bto-bfo-medium:370026,bto-bfo-medium,370026,11375,arc1-current-polar-best-glide-equal-feed,194,-38.695989892000,88.476097135393,1394239071.634618,4.0403194400617120e-4,8.8285456873516365e-4,-5.2372976342015818e0,36.909110648100,arc-169,supported,supported,false
source:bto-bfo-medium:370026,bto-bfo-medium,370026,11442,arc1-current-polar-best-glide-equal-feed,195,-38.243589623775,89.013016687398,1394238939.996500,4.3837776957412431e-4,4.2158781273139023e-4,-6.0580171123982325e0,30.930195223754,arc-168,supported,supported,false
source:bto-bfo-medium:370026,bto-bfo-medium,370026,11502,arc1-current-polar-best-glide-equal-feed,196,-38.066601156879,89.343155252032,1394238990.691916,2.9012680302240490e-4,2.7901488804916438e-4,-6.0580171123982325e0,28.532086987526,arc-168,supported,supported,false
source:bto-bfo-medium:370026,bto-bfo-medium,370026,11562,arc1-current-polar-best-glide-equal-feed,197,-37.974858543715,89.264763777733,1394238926.813761,1.2308630005757913e-4,1.1837206998175596e-4,-6.0580171123982325e0,22.075555461555,arc-168,supported,supported,false
source:bto-bfo-medium:370026,bto-bfo-medium,370026,11620,arc1-current-polar-best-glide-equal-feed,198,-38.442596800575,88.998939913314,1394239067.352078,6.1707152156718990e-4,1.3483696527808000e-3,-5.2372976342015818e0,40.148513469215,arc-169,supported,supported,false
source:bto-bfo-medium:370026,bto-bfo-medium,370026,11676,arc1-current-polar-best-glide-equal-feed,199,-38.026113070276,89.370463141914,1394238985.526280,2.3238539476737430e-4,2.2348498735662330e-4,-6.0580171123982325e0,27.889529234839,arc-168,supported,supported,false
source:bto-bfo-medium:370026,bto-bfo-medium,370026,11738,arc1-current-polar-best-glide-equal-feed,200,-38.195345874578,89.078002472492,1394238953.019547,3.3774200422097115e-4,3.2480641745443085e-4,-6.0580171123982325e0,28.754797492008,arc-168,supported,supported,false
source:bto-bfo-medium:370026,bto-bfo-medium,370026,11803,arc1-current-polar-best-glide-equal-feed,201,-37.502191089217,89.413831492899,1394238664.885172,2.2747584658879671e-5,6.5463400742070640e-7,-9.5671021134964036e0,10.881224679382,arc-167,supported,supported,false
source:bto-bfo-medium:370026,bto-bfo-medium,370026,11861,arc1-current-polar-best-glide-equal-feed,202,-38.087651367681,89.297395326923,1394239017.885582,1.8154491740715679e-4,1.7459171051611129e-4,-6.0580171123982325e0,27.967122238843,arc-168,supported,supported,false
source:bto-bfo-medium:370026,bto-bfo-medium,370026,11914,arc1-current-polar-best-glide-equal-feed,203,-37.843388164080,89.935144084293,1394239077.393149,3.9918570694875863e-4,1.1487836751183419e-5,-9.5671021134964036e0,34.573155703440,arc-167,supported,supported,false
source:bto-bfo-medium:370026,bto-bfo-medium,370026,11966,arc1-current-polar-best-glide-equal-feed,204,-38.794960741427,88.233363001326,1394238993.633717,6.6509398641825877e-4,2.8836618711440714e-3,-4.5520762908770394e0,35.549347642449,arc-170,supported,supported,false
source:bto-bfo-medium:370026,bto-bfo-medium,370026,12026,arc1-current-polar-best-glide-equal-feed,205,-38.189081528763,89.261421761946,1394239101.534765,1.2279796206161845e-4,1.1809477538909787e-4,-6.0580171123982325e0,31.902773783278,arc-168,supported,supported,false
source:bto-bfo-medium:370026,bto-bfo-medium,370026,12087,arc1-current-polar-best-glide-equal-feed,206,-38.261283555409,88.758674086093,1394238897.539529,1.6950137892132118e-4,3.7037929551756653e-4,-5.2372976342015818e0,25.164934200450,arc-169,supported,supported,false
source:bto-bfo-medium:370026,bto-bfo-medium,370026,12151,arc1-current-polar-best-glide-equal-feed,207,-37.839249883258,89.530455590258,1394238923.378765,1.7807564096905599e-4,5.1246922352294080e-6,-9.5671021134964036e0,29.037048728093,arc-167,supported,supported,false
source:bto-bfo-medium:370026,bto-bfo-medium,370026,12208,arc1-current-polar-best-glide-equal-feed,208,-38.409208775106,88.613856189342,1394238984.754515,1.0781660315419879e-4,2.3559122513029933e-4,-5.2372976342015818e0,24.639794094071,arc-169,supported,supported,false
source:bto-bfo-medium:370026,bto-bfo-medium,370026,12270,arc1-current-polar-best-glide-equal-feed,209,-38.083170613731,89.621702294463,1394239096.117732,4.8605774599554911e-4,4.6744163645543710e-4,-6.0580171123982325e0,39.590351599574,arc-168,supported,supported,false
source:bto-bfo-medium:370026,bto-bfo-medium,370026,12331,arc1-current-polar-best-glide-equal-feed,210,-38.136624083902,89.676739580534,1394239116.392367,7.1990680108192885e-4,6.9233422564613791e-4,-6.0580171123982325e0,43.509852829034,arc-168,supported,supported,false
source:bto-bfo-medium:370026,bto-bfo-medium,370026,12386,arc1-current-polar-best-glide-equal-feed,211,-38.090637450036,89.598887038152,1394239147.205956,2.2172545975823206e-4,2.1323333000472570e-4,-6.0580171123982325e0,38.920192436027,arc-168,supported,supported,false
source:bto-bfo-medium:370026,bto-bfo-medium,370026,12442,arc1-current-polar-best-glide-equal-feed,212,-38.138117451669,89.233833833202,1394238963.626052,4.1956142766493915e-4,4.0349214050602650e-4,-6.0580171123982325e0,28.615603890022,arc-168,supported,supported,false
source:bto-bfo-medium:370026,bto-bfo-medium,370026,12507,arc1-current-polar-best-glide-equal-feed,213,-37.521956887102,90.187586121488,1394239022.275238,1.3307637160979652e-4,3.8296953169452925e-6,-9.5671021134964036e0,32.060780467036,arc-167,supported,supported,false
source:bto-bfo-medium:370026,bto-bfo-medium,370026,12572,arc1-current-polar-best-glide-equal-feed,214,-38.513641563539,89.165579203474,1394239148.200444,8.3954111327561661e-4,8.0738651959425271e-4,-6.0580171123982325e0,48.280476003954,arc-168,supported,supported,false
source:bto-bfo-medium:370026,bto-bfo-medium,370026,12632,arc1-current-polar-best-glide-equal-feed,215,-38.446458000309,88.712315567953,1394238968.500075,4.3256334942298356e-4,9.4519885115725661e-4,-5.2372976342015818e0,29.467806654731,arc-169,supported,supported,false
source:bto-bfo-medium:370026,bto-bfo-medium,370026,12692,arc1-current-polar-best-glide-equal-feed,216,-37.947042885343,89.877016795877,1394239103.553463,5.3252571353531205e-4,1.5325119002034785e-5,-9.5671021134964036e0,38.781004228604,arc-167,supported,supported,false
source:bto-bfo-medium:370026,bto-bfo-medium,370026,12748,arc1-current-polar-best-glide-equal-feed,217,-38.581171341782,88.447641306225,1394238993.003930,2.7852199928007232e-4,6.0860143165785915e-4,-5.2372976342015818e0,29.917250646768,arc-169,supported,supported,false
source:bto-bfo-medium:370026,bto-bfo-medium,370026,12804,arc1-current-polar-best-glide-equal-feed,218,-38.494065029453,88.083458130328,1394238811.650063,7.6584687673627295e-5,3.3204982794572051e-4,-4.5520762908770394e0,22.568376149773,arc-170,supported,supported,false
source:bto-bfo-medium:370026,bto-bfo-medium,370026,12869,arc1-current-polar-best-glide-equal-feed,219,-38.361751960247,88.888366548030,1394238957.263003,5.5714599374777905e-4,1.2174257341028628e-3,-5.2372976342015818e0,33.247085114085,arc-169,supported,supported,false
source:bto-bfo-medium:370026,bto-bfo-medium,370026,12933,arc1-current-polar-best-glide-equal-feed,220,-38.993897851896,87.896036926850,1394239084.037279,2.7832306571018135e-4,1.2067311219735642e-3,-4.5520762908770394e0,34.611334870368,arc-170,supported,supported,false
source:bto-bfo-medium:370026,bto-bfo-medium,370026,12985,arc1-current-polar-best-glide-equal-feed,221,-38.160052686172,89.652742037825,1394239110.896402,7.9210458684444442e-4,7.6176682167681273e-4,-6.0580171123982325e0,43.377643540649,arc-168,supported,supported,false
source:bto-bfo-medium:370026,bto-bfo-medium,370026,13043,arc1-current-polar-best-glide-equal-feed,222,-37.521504151526,89.913655094571,1394238937.004366,3.7687594088153245e-5,1.0845802364490582e-6,-9.5671021134964036e0,20.052056665708,arc-167,supported,supported,false
source:bto-bfo-medium:370026,bto-bfo-medium,370026,13103,arc1-current-polar-best-glide-equal-feed,223,-38.207899099399,89.253211450483,1394239032.090788,4.3267818468718653e-4,4.1610652309324246e-4,-6.0580171123982325e0,32.679679797749,arc-168,supported,supported,false
source:bto-bfo-medium:370026,bto-bfo-medium,370026,13169,arc1-current-polar-best-glide-equal-feed,224,-38.229524954899,89.201472588578,1394239046.728025,3.3946498743001914e-4,3.2646341005964638e-4,-6.0580171123982325e0,32.716258694407,arc-168,supported,supported,false
source:bto-bfo-medium:370026,bto-bfo-medium,370026,13222,arc1-current-polar-best-glide-equal-feed,225,-37.939241449860,89.765372323308,1394239054.760036,4.7328808662530669e-4,1.3620368116359930e-5,-9.5671021134964036e0,36.514641617270,arc-167,supported,supported,false
source:bto-bfo-medium:370026,bto-bfo-medium,370026,13275,arc1-current-polar-best-glide-equal-feed,226,-37.735576087839,89.777215723160,1394238981.651473,1.3579718004931321e-4,3.9079952225789923e-6,-9.5671021134964036e0,25.267502380387,arc-167,supported,supported,false
source:bto-bfo-medium:370026,bto-bfo-medium,370026,13338,arc1-current-polar-best-glide-equal-feed,227,-37.688913916496,89.030462076499,1394238663.829296,9.5790386636762383e-6,9.2121595541031255e-6,-6.0580171123982325e0,6.247567969648,arc-168,supported,supported,false
source:bto-bfo-medium:370026,bto-bfo-medium,370026,13393,arc1-current-polar-best-glide-equal-feed,228,-38.058038894536,88.894703547288,1394238708.281223,4.2862423303988248e-4,4.1220783861029963e-4,-6.0580171123982325e0,19.437944317380,arc-168,supported,supported,false
source:bto-bfo-medium:370026,bto-bfo-medium,370026,13458,arc1-current-polar-best-glide-equal-feed,229,-38.483884777624,88.534509952450,1394238899.613834,4.8886407697438670e-4,1.0682221795827703e-3,-5.2372976342015818e0,26.116392697087,arc-169,supported,supported,false
source:bto-bfo-medium:370026,bto-bfo-medium,370026,13521,arc1-current-polar-best-glide-equal-feed,230,-38.415551428605,88.591674994517,1394238944.979488,1.8961301704044391e-4,4.1432545339350070e-4,-5.2372976342015818e0,24.245226644861,arc-169,supported,supported,false
source:bto-bfo-medium:370026,bto-bfo-medium,370026,13581,arc1-current-polar-best-glide-equal-feed,231,-38.758351271247,87.952896048976,1394238896.828815,3.2087905437940749e-4,1.3912420097883177e-3,-4.5520762908770394e0,24.058745248476,arc-170,supported,supported,false
source:bto-bfo-medium:370026,bto-bfo-medium,370026,13644,arc1-current-polar-best-glide-equal-feed,232,-38.079980205183,89.431757348152,1394239032.537476,3.5504690182048030e-4,3.4144853399151046e-4,-6.0580171123982325e0,32.181311259205,arc-168,supported,supported,false
source:bto-bfo-medium:370026,bto-bfo-medium,370026,13701,arc1-current-polar-best-glide-equal-feed,233,-37.918030474829,89.671150446292,1394238991.265011,4.6439188861955232e-4,1.3364351759518180e-5,-9.5671021134964036e0,34.255052450224,arc-167,supported,supported,false
source:bto-bfo-medium:370026,bto-bfo-medium,370026,13755,arc1-current-polar-best-glide-equal-feed,234,-38.258887344618,89.235113046372,1394239013.112785,7.0470656635594319e-4,6.7771616297074842e-4,-6.0580171123982325e0,34.989320036787,arc-168,supported,supported,false
source:bto-bfo-medium:370026,bto-bfo-medium,370026,13814,arc1-current-polar-best-glide-equal-feed,235,-38.018605142441,89.330263836966,1394238979.130433,1.6809523671156292e-4,1.6165715529927279e-4,-6.0580171123982325e0,26.137904582770,arc-168,supported,supported,false
source:bto-bfo-medium:370026,bto-bfo-medium,370026,13872,arc1-current-polar-best-glide-equal-feed,236,-38.185159781056,89.366000138863,1394239079.187472,3.6543529320588546e-4,3.5143904789513593e-4,-6.0580171123982325e0,34.542103257657,arc-168,supported,supported,false
source:bto-bfo-medium:370026,bto-bfo-medium,370026,13933,arc1-current-polar-best-glide-equal-feed,237,-38.541388050996,88.813317922199,1394239040.530074,7.1797830159983102e-4,1.5688621487078317e-3,-5.2372976342015818e0,36.850809362899,arc-169,supported,supported,false
source:bto-bfo-medium:370026,bto-bfo-medium,370026,13994,arc1-current-polar-best-glide-equal-feed,238,-37.984421189589,89.229007714035,1394238903.140039,1.4976414863771066e-4,1.4402815158964241e-4,-6.0580171123982325e0,21.223109396072,arc-168,supported,supported,false
source:bto-bfo-medium:370026,bto-bfo-medium,370026,14047,arc1-current-polar-best-glide-equal-feed,239,-37.340723163360,90.292409554348,1394238995.969451,3.4376937527232657e-5,2.4953991293552293e-4,-4.0367312205080452e0,23.097739498797,arc-166,supported,supported,false
source:bto-bfo-medium:370026,bto-bfo-medium,370026,14101,arc1-current-polar-best-glide-equal-feed,240,-37.670835358833,90.017622670731,1394239053.543432,1.3583003001605833e-4,3.9089405847216837e-6,-9.5671021134964036e0,29.274450569175,arc-167,supported,supported,false
source:bto-bfo-medium:370026,bto-bfo-medium,370026,14151,arc1-current-polar-best-glide-equal-feed,241,-37.881010921054,89.778807477620,1394239040.535151,3.5763514387979493e-4,1.0292087311393789e-5,-9.5671021134964036e0,33.380976057231,arc-167,supported,supported,false
source:bto-bfo-medium:370026,bto-bfo-medium,370026,14209,arc1-current-polar-best-glide-equal-feed,242,-37.736428599958,89.812017314166,1394239025.253367,9.1481584965591293e-5,2.6326732032996609e-6,-9.5671021134964036e0,26.069373182893,arc-167,supported,supported,false
source:bto-bfo-medium:370026,bto-bfo-medium,370026,14265,arc1-current-polar-best-glide-equal-feed,243,-37.894467071913,90.109673929914,1394239165.615829,5.4407861045356078e-4,1.5657590309223018e-5,-9.5671021134964036e0,41.930197901732,arc-167,supported,supported,false
source:bto-bfo-medium:370026,bto-bfo-medium,370026,14318,arc1-current-polar-best-glide-equal-feed,244,-38.004471175353,89.851969419580,1394239125.534669,5.7485913287027830e-4,1.6543397617661443e-5,-9.5671021134964036e0,41.529512462012,arc-167,supported,supported,false
source:bto-bfo-medium:370026,bto-bfo-medium,370026,14376,arc1-current-polar-best-glide-equal-feed,245,-38.580735005571,88.036792573989,1394238805.438788,2.1658952422377547e-4,9.3907171835494777e-4,-4.5520762908770394e0,21.465679388763,arc-170,supported,supported,false
source:bto-bfo-medium:370026,bto-bfo-medium,370026,14439,arc1-current-polar-best-glide-equal-feed,246,-37.894037581314,89.169125744057,1394238778.617679,1.7722929021525221e-4,1.7044137271461521e-4,-6.0580171123982325e0,15.494239631665,arc-168,supported,supported,false
source:bto-bfo-medium:370026,bto-bfo-medium,370026,14493,arc1-current-polar-best-glide-equal-feed,247,-38.268432762310,89.251585255316,1394239045.539759,6.1751753604028198e-4,5.9386649007182369e-4,-6.0580171123982325e0,35.847537768549,arc-168,supported,supported,false
source:bto-bfo-medium:370026,bto-bfo-medium,370026,14546,arc1-current-polar-best-glide-equal-feed,248,-37.712723664159,90.100706664138,1394239070.046817,3.3489720046528073e-4,9.6377307614056019e-6,-9.5671021134964036e0,33.919720322120,arc-167,supported,supported,false
source:bto-bfo-medium:370026,bto-bfo-medium,370026,14600,arc1-current-polar-best-glide-equal-feed,249,-38.662226812615,88.294618322863,1394239076.805333,5.8665993606417949e-5,1.2819169685262050e-4,-5.2372976342015818e0,33.542481456951,arc-169,supported,supported,false
source:bto-bfo-medium:370026,bto-bfo-medium,370026,14664,arc1-current-polar-best-glide-equal-feed,250,-38.028970520332,89.838029894629,1394239168.532561,3.8841530846376438e-4,1.1177884322058232e-5,-9.5671021134964036e0,42.693130922046,arc-167,supported,supported,false
source:bto-bfo-medium:370026,bto-bfo-medium,370026,14721,arc1-current-polar-best-glide-equal-feed,251,-37.513771034685,90.275131930059,1394239110.635584,5.0023608429789358e-5,3.6311806083370998e-4,-4.0367312205080452e0,33.130296812707,arc-166,supported,supported,false
source:bto-bfo-medium:370026,bto-bfo-medium,370026,14774,arc1-current-polar-best-glide-equal-feed,252,-37.919544146055,89.857569355282,1394239114.549019,3.1157806641660655e-4,8.9666486047378067e-6,-9.5671021134964036e0,36.899002951267,arc-167,supported,supported,false
source:bto-bfo-medium:370026,bto-bfo-medium,370026,14825,arc1-current-polar-best-glide-equal-feed,253,-38.517374512492,88.988354148948,1394239090.615528,7.6203811690637069e-4,1.6651377274536842e-3,-5.2372976342015818e0,42.178967137703,arc-169,supported,supported,false
source:bto-bfo-medium:370026,bto-bfo-medium,370026,14879,arc1-current-polar-best-glide-equal-feed,254,-37.952067029204,89.861182703671,1394239109.417062,4.7622377610789975e-4,1.3704851906588756e-5,-9.5671021134964036e0,38.762230620997,arc-167,supported,supported,false
source:bto-bfo-medium:370026,bto-bfo-medium,370026,14934,arc1-current-polar-best-glide-equal-feed,255,-38.518844262645,89.165950086840,1394239135.173154,9.0164685765047438e-4,8.6711360145446531e-4,-6.0580171123982325e0,48.587378314315,arc-168,supported,supported,false
source:bto-bfo-medium:370026,bto-bfo-medium,370026,14991,arc1-current-polar-best-glide-equal-feed,256,-38.993362034256,87.591227389663,1394238877.373653,5.8483654617885565e-4,2.5356880132832555e-3,-4.5520762908770394e0,31.784672683369,arc-170,supported,supported,false
source:bto-bfo-medium:370026,bto-bfo-medium,370026,15049,arc1-current-polar-best-glide-equal-feed,257,-38.297221204911,89.194226070708,1394239021.202597,7.2632850012501078e-4,6.9850997232285064e-4,-6.0580171123982325e0,36.318088762051,arc-168,supported,supported,false
source:bto-bfo-medium:370026,bto-bfo-medium,370026,15109,arc1-current-polar-best-glide-equal-feed,258,-38.070678689542,89.041507899210,1394238926.278009,6.9761966748597379e-5,6.7090069375445624e-5,-6.0580171123982325e0,21.087315300919,arc-168,supported,supported,false
source:bto-bfo-medium:370026,bto-bfo-medium,370026,15164,arc1-current-polar-best-glide-equal-feed,259,-38.338958653043,89.234164963731,1394239075.702245,7.0113607108493047e-4,6.7428241838754022e-4,-6.0580171123982325e0,39.349900265395,arc-168,supported,supported,false
source:bto-bfo-medium:370026,bto-bfo-medium,370026,15222,arc1-current-polar-best-glide-equal-feed,260,-38.921716181824,88.017103200553,1394239053.121637,4.0273918538157375e-4,1.7461646874222666e-3,-4.5520762908770394e0,33.589049809153,arc-170,supported,supported,false
source:bto-bfo-medium:370026,bto-bfo-medium,370026,15287,arc1-current-polar-best-glide-equal-feed,261,-38.687970191722,88.254743849542,1394238988.214837,2.9555863734617721e-4,1.2814597494593607e-3,-4.5520762908770394e0,33.336362739632,arc-170,supported,supported,false
source:bto-bfo-medium:370026,bto-bfo-medium,370026,15352,arc1-current-polar-best-glide-equal-feed,262,-38.104707022415,88.979659434580,1394238879.463882,1.5002916787640858e-4,1.4428302053813590e-4,-6.0580171123982325e0,22.450088166344,arc-168,supported,supported,false
source:bto-bfo-medium:370026,bto-bfo-medium,370026,15413,arc1-current-polar-best-glide-equal-feed,263,-37.794406072537,89.769228288860,1394238958.167076,3.6048596588680951e-4,1.0374128770426943e-5,-9.5671021134964036e0,28.350730551225,arc-167,supported,supported,false
source:bto-bfo-medium:370026,bto-bfo-medium,370026,15474,arc1-current-polar-best-glide-equal-feed,264,-38.291835221269,89.293748044511,1394239096.014060,5.4420963432059196e-4,5.2336629574865770e-4,-6.0580171123982325e0,38.013307842756,arc-168,supported,supported,false
source:bto-bfo-medium:370026,bto-bfo-medium,370026,15531,arc1-current-polar-best-glide-equal-feed,265,-38.398775465269,89.241609443202,1394239086.036546,8.7608701189169965e-4,8.4253270293476639e-4,-6.0580171123982325e0,42.808835237358,arc-168,supported,supported,false
source:bto-bfo-medium:370026,bto-bfo-medium,370026,15588,arc1-current-polar-best-glide-equal-feed,266,-37.855187222076,90.119451159735,1394239133.584880,5.9174332940444485e-4,1.7029294006442495e-5,-9.5671021134964036e0,40.454783426168,arc-167,supported,supported,false
source:bto-bfo-medium:370026,bto-bfo-medium,370026,15645,arc1-current-polar-best-glide-equal-feed,267,-38.329506889639,88.699758801978,1394238953.367994,1.1441722364093980e-4,2.5001431231351772e-4,-5.2372976342015818e0,24.596671095974,arc-169,supported,supported,false
source:bto-bfo-medium:370026,bto-bfo-medium,370026,15709,arc1-current-polar-best-glide-equal-feed,268,-38.168463134978,89.001854973608,1394238896.721339,3.1534402184150442e-4,3.0326628230996567e-4,-6.0580171123982325e0,26.392977188719,arc-168,supported,supported,false
source:bto-bfo-medium:370026,bto-bfo-medium,370026,15769,arc1-current-polar-best-glide-equal-feed,269,-37.896412639430,89.470868989082,1394238928.477676,2.1124454784294196e-4,2.0315383912613950e-4,-6.0580171123982325e0,28.219999147062,arc-168,supported,supported,false
source:bto-bfo-medium:370026,bto-bfo-medium,370026,15829,arc1-current-polar-best-glide-equal-feed,270,-38.286250593939,88.278528353028,1394238677.383936,1.4730099503346079e-4,3.2186899668146116e-4,-5.2372976342015818e0,10.958838620958,arc-169,supported,supported,false
source:bto-bfo-medium:370026,bto-bfo-medium,370026,15885,arc1-current-polar-best-glide-equal-feed,271,-38.007443431668,89.985942506893,1394239127.385460,8.8515610107950176e-4,2.5473178552008145e-5,-9.5671021134964036e0,44.303276548211,arc-167,supported,supported,false
source:bto-bfo-medium:370026,bto-bfo-medium,370026,15937,arc1-current-polar-best-glide-equal-feed,272,-37.777201957135,89.877107867244,1394239059.645338,1.5597237583815331e-4,4.4886005689400414e-6,-9.5671021134964036e0,29.744097460511,arc-167,supported,supported,false
source:bto-bfo-medium:370026,bto-bfo-medium,370026,16004,arc1-current-polar-best-glide-equal-feed,273,-38.169481977246,89.484162532658,1394239116.191508,3.8658795378684473e-4,3.7178155731672333e-4,-6.0580171123982325e0,37.614352265942,arc-168,supported,supported,false
source:bto-bfo-medium:370026,bto-bfo-medium,370026,16066,arc1-current-polar-best-glide-equal-feed,274,-37.925788684305,90.036445650907,1394239163.348190,4.9154696600454734e-4,1.4145825370758043e-5,-9.5671021134964036e0,41.344151127012,arc-167,supported,supported,false
source:bto-bfo-medium:370026,bto-bfo-medium,370026,16128,arc1-current-polar-best-glide-equal-feed,275,-38.769365563054,88.580832679766,1394239089.898176,8.4296432167076899e-4,1.8419704523571269e-3,-5.2372976342015818e0,42.627112209334,arc-169,supported,supported,false
source:bto-bfo-medium:370026,bto-bfo-medium,370026,16194,arc1-current-polar-best-glide-equal-feed,276,-38.520562765381,88.822936987546,1394239097.582932,3.3788015082154718e-4,7.3830557029711712e-4,-5.2372976342015818e0,36.300403575021,arc-169,supported,supported,false
source:bto-bfo-medium:370026,bto-bfo-medium,370026,16258,arc1-current-polar-best-glide-equal-feed,277,-37.651068971940,89.653123223927,1394238923.697477,2.7178134085564242e-5,7.8213714103950344e-7,-9.5671021134964036e0,18.414029249374,arc-167,supported,supported,false
source:bto-bfo-medium:370026,bto-bfo-medium,370026,16319,arc1-current-polar-best-glide-equal-feed,278,-38.097451661699,89.193415041188,1394238959.837112,2.2280333890525948e-4,2.1426992616338934e-4,-6.0580171123982325e0,25.533878465158,arc-168,supported,supported,false
source:bto-bfo-medium:370026,bto-bfo-medium,370026,16375,arc1-current-polar-best-glide-equal-feed,279,-38.061519825358,89.711044969146,1394239063.051835,7.9391057042173805e-4,7.6350363571945842e-4,-6.0580171123982325e0,42.631738907782,arc-168,supported,supported,false
source:bto-bfo-medium:370026,bto-bfo-medium,370026,16431,arc1-current-polar-best-glide-equal-feed,280,-38.273986039709,88.994788025861,1394238960.970845,4.2268093380832449e-4,4.0649216893600282e-4,-6.0580171123982325e0,32.620071973966,arc-168,supported,supported,false
source:bto-bfo-medium:370026,bto-bfo-medium,370026,16491,arc1-current-polar-best-glide-equal-feed,281,-37.676123344379,90.227158386002,1394239134.238953,2.0114760551679422e-4,5.7886613043612413e-6,-9.5671021134964036e0,37.610807484275,arc-167,supported,supported,false
source:bto-bfo-medium:370026,bto-bfo-medium,370026,16549,arc1-current-polar-best-glide-equal-feed,282,-37.914197080606,89.636578695134,1394238935.705586,6.2320697830948112e-4,1.7934760449568405e-5,-9.5671021134964036e0,33.785281560617,arc-167,supported,supported,false
source:bto-bfo-medium:370026,bto-bfo-medium,370026,16605,arc1-current-polar-best-glide-equal-feed,283,-37.903694241629,89.973924146691,1394239115.273126,5.2910902125421144e-4,1.5226792828349091e-5,-9.5671021134964036e0,38.617815135466,arc-167,supported,supported,false
source:bto-bfo-medium:370026,bto-bfo-medium,370026,16665,arc1-current-polar-best-glide-equal-feed,284,-38.945245963847,87.850331573347,1394238982.723804,4.6507762330956774e-4,2.0164467531611527e-3,-4.5520762908770394e0,31.095189783068,arc-170,supported,supported,false
source:bto-bfo-medium:370026,bto-bfo-medium,370026,16728,arc1-current-polar-best-glide-equal-feed,285,-37.694276922988,89.863050872681,1394238968.294220,1.9589339547157567e-4,5.6374547200442362e-6,-9.5671021134964036e0,25.245778475092,arc-167,supported,supported,false
source:bto-bfo-medium:370026,bto-bfo-medium,370026,16799,arc1-current-polar-best-glide-equal-feed,286,-37.893851321707,89.612683844036,1394238999.125237,2.2605884316550878e-4,6.5055612995184074e-6,-9.5671021134964036e0,32.446928073126,arc-167,supported,supported,false
source:bto-bfo-medium:370026,bto-bfo-medium,370026,16854,arc1-current-polar-best-glide-equal-feed,287,-38.495473491918,88.698474745517,1394238998.221445,4.5186194796757484e-4,9.8736842746931664e-4,-5.2372976342015818e0,31.154535057902,arc-169,supported,supported,false
source:bto-bfo-medium:370026,bto-bfo-medium,370026,16916,arc1-current-polar-best-glide-equal-feed,288,-38.568921174553,88.543867133317,1394239029.656110,2.7925592327127558e-4,6.1020513690530442e-4,-5.2372976342015818e0,30.857923559817,arc-169,supported,supported,false
source:bto-bfo-medium:370026,bto-bfo-medium,370026,16979,arc1-current-polar-best-glide-equal-feed,289,-38.277587219602,89.375789463928,1394239080.367569,7.5770492180056187e-4,7.2868467073053693e-4,-6.0580171123982325e0,39.290126415789,arc-168,supported,supported,false
source:bto-bfo-medium:370026,bto-bfo-medium,370026,17035,arc1-current-polar-best-glide-equal-feed,290,-37.769565844270,90.035425856668,1394239101.382719,2.5888359750176314e-4,7.4501978750483896e-6,-9.5671021134964036e0,33.974274434914,arc-167,supported,supported,false
source:bto-bfo-medium:370026,bto-bfo-medium,370026,17090,arc1-current-polar-best-glide-equal-feed,291,-38.202808863814,89.060572722756,1394238951.843504,3.4043345206915778e-4,3.2739478230810415e-4,-6.0580171123982325e0,28.975200947241,arc-168,supported,supported,false
source:bto-bfo-medium:370026,bto-bfo-medium,370026,17146,arc1-current-polar-best-glide-equal-feed,292,-38.513917545701,88.688735575742,1394239070.536604,2.0104322957169388e-4,4.3930173436467515e-4,-5.2372976342015818e0,31.705145569161,arc-169,supported,supported,false
source:bto-bfo-medium:370026,bto-bfo-medium,370026,17205,arc1-current-polar-best-glide-equal-feed,293,-38.153108044210,89.488979721277,1394239074.997611,5.5434351265450186e-4,5.3311204450190680e-4,-6.0580171123982325e0,37.108415153766,arc-168,supported,supported,false
source:bto-bfo-medium:370026,bto-bfo-medium,370026,17266,arc1-current-polar-best-glide-equal-feed,294,-38.152247526126,89.270467060535,1394238958.636074,6.0256171599395699e-4,5.7948348094465053e-4,-6.0580171123982325e0,30.273138357411,arc-168,supported,supported,false
source:bto-bfo-medium:370026,bto-bfo-medium,370026,17325,arc1-current-polar-best-glide-equal-feed,295,-37.676572336567,90.101564500937,1394239021.471551,4.3166703261244698e-4,1.2422590075741618e-5,-9.5671021134964036e0,32.630137162289,arc-167,supported,supported,false
source:bto-bfo-medium:370026,bto-bfo-medium,370026,17379,arc1-current-polar-best-glide-equal-feed,296,-38.311052812856,88.988994138729,1394239048.545732,1.9338818215848002e-4,1.8598137584279907e-4,-6.0580171123982325e0,34.800854463629,arc-168,supported,supported,false
source:bto-bfo-medium:370026,bto-bfo-medium,370026,17447,arc1-current-polar-best-glide-equal-feed,297,-38.291066333362,89.274351044959,1394239030.954061,8.2718773463727273e-4,7.9550627784512947e-4,-6.0580171123982325e0,37.545381532857,arc-168,supported,supported,false
source:bto-bfo-medium:370026,bto-bfo-medium,370026,17507,arc1-current-polar-best-glide-equal-feed,298,-38.689305972374,88.039542459077,1394238924.035159,1.6916031654895964e-4,7.3343191323960047e-4,-4.5520762908770394e0,24.478755843009,arc-170,supported,supported,false
source:bto-bfo-medium:370026,bto-bfo-medium,370026,17566,arc1-current-polar-best-glide-equal-feed,299,-37.829150158914,89.564813995307,1394238933.074829,1.7334015829003225e-4,4.9884136786385326e-6,-9.5671021134964036e0,28.428748092769,arc-167,supported,supported,false
source:bto-bfo-medium:370026,bto-bfo-medium,370026,17621,arc1-current-polar-best-glide-equal-feed,300,-37.989732711818,89.677884632294,1394239045.236979,5.0346903124080247e-4,1.4488920668978799e-5,-9.5671021134964036e0,38.553500573292,arc-167,supported,supported,false
source:bto-bfo-medium:370026,bto-bfo-medium,370026,17673,arc1-current-polar-best-glide-equal-feed,301,-37.849117760062,89.839152480249,1394238995.624177,5.8501154288667417e-4,1.6835565465530879e-5,-9.5671021134964036e0,32.686381234439,arc-167,supported,supported,false
source:bto-bfo-medium:370026,bto-bfo-medium,370026,17726,arc1-current-polar-best-glide-equal-feed,302,-37.978527986635,89.570610886566,1394238995.664985,4.4006954198258123e-4,4.2321478991596222e-4,-6.0580171123982325e0,34.474036461891,arc-168,supported,supported,false
source:bto-bfo-medium:370026,bto-bfo-medium,370026,17791,arc1-current-polar-best-glide-equal-feed,303,-38.575629146817,88.879789903132,1394239148.209306,4.2752211621559726e-4,9.3418319797629811e-4,-5.2372976342015818e0,40.515282807336,arc-169,supported,supported,false
source:bto-bfo-medium:370026,bto-bfo-medium,370026,17854,arc1-current-polar-best-glide-equal-feed,304,-37.989112195293,89.897561530158,1394239105.127075,7.3449013539468914e-4,2.1137286791312606e-5,-9.5671021134964036e0,41.484568975476,arc-167,supported,supported,false
source:bto-bfo-medium:370026,bto-bfo-medium,370026,17914,arc1-current-polar-best-glide-equal-feed,305,-37.714540078673,89.738882831061,1394238984.425087,6.4604075714902982e-5,1.8591874968338100e-6,-9.5671021134964036e0,23.367806793171,arc-167,supported,supported,false
source:bto-bfo-medium:370026,bto-bfo-medium,370026,17969,arc1-current-polar-best-glide-equal-feed,306,-38.763797234521,87.932478078852,1394238967.466856,1.0403011593760499e-4,4.5104554379674533e-4,-4.5520762908770394e0,23.666409493311,arc-170,supported,supported,false
source:bto-bfo-medium:370026,bto-bfo-medium,370026,18031,arc1-current-polar-best-glide-equal-feed,307,-38.066565915628,89.634109828462,1394239074.127592,5.6565934444241018e-4,5.4399447765387783e-4,-6.0580171123982325e0,39.582494025194,arc-168,supported,supported,false
source:bto-bfo-medium:370026,bto-bfo-medium,370026,18097,arc1-current-polar-best-glide-equal-feed,308,-37.663285305043,89.290638455754,1394238712.200262,4.5693373345223963e-5,4.3943307945670194e-5,-6.0580171123982325e0,18.477247261896,arc-168,supported,supported,false
source:bto-bfo-medium:370026,bto-bfo-medium,370026,18157,arc1-current-polar-best-glide-equal-feed,309,-38.152978337691,89.375028996744,1394239097.895667,2.0606089414130184e-4,1.9816872040500855e-4,-6.0580171123982325e0,33.333212946304,arc-168,supported,supported,false
source:bto-bfo-medium:370026,bto-bfo-medium,370026,18216,arc1-current-polar-best-glide-equal-feed,310,-37.774280940309,89.955291120715,1394239059.569585,2.7840704142645828e-4,8.0120469911956422e-6,-9.5671021134964036e0,31.719505694399,arc-167,supported,supported,false
source:bto-bfo-medium:370026,bto-bfo-medium,370026,18276,arc1-current-polar-best-glide-equal-feed,311,-38.432768872479,88.701900948530,1394238966.936671,3.5785811132665434e-4,7.8195962777351084e-4,-5.2372976342015818e0,28.545201185859,arc-169,supported,supported,false
source:bto-bfo-medium:370026,bto-bfo-medium,370026,18336,arc1-current-polar-best-glide-equal-feed,312,-38.973892185453,87.887033732248,1394239011.015645,5.3957759690685431e-4,2.3394578427977878e-3,-4.5520762908770394e0,33.342055397658,arc-170,supported,supported,false
source:bto-bfo-medium:370026,bto-bfo-medium,370026,18394,arc1-current-polar-best-glide-equal-feed,313,-38.060045235182,89.584061712719,1394239102.820796,2.8483029489905149e-4,2.7392123725339509e-4,-6.0580171123982325e0,37.347834336786,arc-168,supported,supported,false
source:bto-bfo-medium:370026,bto-bfo-medium,370026,18451,arc1-current-polar-best-glide-equal-feed,314,-38.185360838077,89.654089098268,1394239138.011514,7.4583330018187718e-4,7.1726773461021733e-4,-6.0580171123982325e0,44.335200509843,arc-168,supported,supported,false
source:bto-bfo-medium:370026,bto-bfo-medium,370026,18506,arc1-current-polar-best-glide-equal-feed,315,-37.528845518460,90.274422994861,1394239060.178255,1.6352636740366049e-4,1.1870270716303872e-3,-4.0367312205080452e0,34.020797183633,arc-166,supported,supported,false
source:bto-bfo-medium:370026,bto-bfo-medium,370026,18572,arc1-current-polar-best-glide-equal-feed,316,-38.008045787441,89.859128672352,1394239124.020281,6.1374456026125422e-4,1.7662449312377754e-5,-9.5671021134964036e0,41.849510733058,arc-167,supported,supported,false
source:bto-bfo-medium:370026,bto-bfo-medium,370026,18629,arc1-current-polar-best-glide-equal-feed,317,-38.663217984816,88.511253100677,1394239054.634552,4.3564042606616460e-4,9.5192260459576984e-4,-5.2372976342015818e0,35.525346617044,arc-169,supported,supported,false
source:bto-bfo-medium:370026,bto-bfo-medium,370026,18685,arc1-current-polar-best-glide-equal-feed,318,-38.102474038933,89.288661835404,1394238959.753446,4.3860468510032564e-4,4.2180603734724823e-4,-6.0580171123982325e0,28.384774896793,arc-168,supported,supported,false
source:bto-bfo-medium:370026,bto-bfo-medium,370026,18744,arc1-current-polar-best-glide-equal-feed,319,-38.115187935596,89.341557815059,1394239066.731137,1.6648202270160445e-4,1.6010572771071914e-4,-6.0580171123982325e0,30.586510250604,arc-168,supported,supported,false
source:bto-bfo-medium:370026,bto-bfo-medium,370026,18801,arc1-current-polar-best-glide-equal-feed,320,-37.747704816122,89.775966373233,1394238955.291691,2.3629762242476893e-4,6.8002146967074932e-6,-9.5671021134964036e0,25.901201031981,arc-167,supported,supported,false
source:bto-bfo-medium:370026,bto-bfo-medium,370026,18862,arc1-current-polar-best-glide-equal-feed,321,-37.878332491974,89.808599766255,1394239089.381438,2.0807404040458442e-4,5.9879914704306822e-6,-9.5671021134964036e0,33.722880898985,arc-167,supported,supported,false
source:bto-bfo-medium:370026,bto-bfo-medium,370026,18917,arc1-current-polar-best-glide-equal-feed,322,-37.922221685493,89.877743511750,1394239089.971621,4.9475361991432550e-4,1.4238107023111403e-5,-9.5671021134964036e0,37.437295509644,arc-167,supported,supported,false
source:bto-bfo-medium:370026,bto-bfo-medium,370026,18967,arc1-current-polar-best-glide-equal-feed,323,-37.697314154601,90.153250376251,1394239105.832995,2.4310463346868653e-4,6.9961080623135568e-6,-9.5671021134964036e0,35.351710829264,arc-167,supported,supported,false
source:bto-bfo-medium:370026,bto-bfo-medium,370026,19019,arc1-current-polar-best-glide-equal-feed,324,-37.849288659677,89.851964363892,1394239064.059533,2.9970935901668395e-4,8.6250888477513620e-6,-9.5671021134964036e0,32.958059884359,arc-167,supported,supported,false
source:bto-bfo-medium:370026,bto-bfo-medium,370026,19073,arc1-current-polar-best-glide-equal-feed,325,-38.329732129105,89.262795949230,1394239117.869025,4.9684722332269218e-4,4.7781787462847252e-4,-6.0580171123982325e0,39.390395006986,arc-168,supported,supported,false
source:bto-bfo-medium:370026,bto-bfo-medium,370026,19138,arc1-current-polar-best-glide-equal-feed,326,-39.058060048565,87.289212928135,1394238914.416817,1.2719239865476538e-4,1.8374435144982639e-10,-1.9466630226633967e1,22.129174915581,arc-171,supported,supported,false
source:bto-bfo-medium:370026,bto-bfo-medium,370026,19196,arc1-current-polar-best-glide-equal-feed,327,-37.954478718050,90.069513282744,1394239149.656349,7.6961242308702410e-4,2.2148042187395550e-5,-9.5671021134964036e0,43.650699371359,arc-167,supported,supported,false
source:bto-bfo-medium:370026,bto-bfo-medium,370026,19259,arc1-current-polar-best-glide-equal-feed,328,-37.770904651714,89.289704851771,1394238772.700524,9.1212471032293919e-5,8.7719015025984354e-5,-6.0580171123982325e0,18.049268951951,arc-168,supported,supported,false
source:bto-bfo-medium:370026,bto-bfo-medium,370026,19319,arc1-current-polar-best-glide-equal-feed,329,-37.843838676688,89.708818644600,1394238980.407250,3.2316226435897503e-4,9.3000206983242961e-6,-9.5671021134964036e0,30.277006530464,arc-167,supported,supported,false
source:bto-bfo-medium:370026,bto-bfo-medium,370026,19377,arc1-current-polar-best-glide-equal-feed,330,-37.832541608330,89.802425088348,1394238963.776492,5.7341222890332948e-4,1.6501758359848392e-5,-9.5671021134964036e0,31.067735411777,arc-167,supported,supported,false
source:bto-bfo-medium:370026,bto-bfo-medium,370026,19439,arc1-current-polar-best-glide-equal-feed,331,-38.577718225942,88.834698201820,1394239126.414335,4.5324680265317562e-4,9.9039448841413695e-4,-5.2372976342015818e0,39.115438104977,arc-169,supported,supported,false
source:bto-bfo-medium:370026,bto-bfo-medium,370026,19498,arc1-current-polar-best-glide-equal-feed,332,-37.765350358184,90.100744659345,1394239094.641192,4.0623541894564767e-4,1.1690714607663156e-5,-9.5671021134964036e0,35.993727101834,arc-167,supported,supported,false
source:bto-bfo-medium:370026,bto-bfo-medium,370026,19562,arc1-current-polar-best-glide-equal-feed,333,-38.161390018588,89.525132304908,1394239080.679094,6.5263426247604722e-4,6.2763823881429172e-4,-6.0580171123982325e0,38.711612364237,arc-168,supported,supported,false
source:bto-bfo-medium:370026,bto-bfo-medium,370026,19620,arc1-current-polar-best-glide-equal-feed,334,-37.951362706420,89.856387255356,1394239147.449911,2.6570853316078220e-4,7.6466070783924501e-6,-9.5671021134964036e0,38.636267025457,arc-167,supported,supported,false
source:bto-bfo-medium:370026,bto-bfo-medium,370026,19675,arc1-current-polar-best-glide-equal-feed,335,-38.269269988548,89.402399175533,1394239114.414109,6.0425074950263722e-4,5.8110782412985884e-4,-6.0580171123982325e0,39.601217399758,arc-168,supported,supported,false
source:bto-bfo-medium:370026,bto-bfo-medium,370026,19733,arc1-current-polar-best-glide-equal-feed,336,-38.534546503405,88.697971279576,1394239069.902916,2.7710737004204249e-4,6.0551031001664091e-4,-5.2372976342015818e0,32.941991519230,arc-169,supported,supported,false
source:bto-bfo-medium:370026,bto-bfo-medium,370026,19788,arc1-current-polar-best-glide-equal-feed,337,-37.970231094378,89.967940699747,1394239136.609064,6.6346948773043197e-4,1.9093442054068435e-5,-9.5671021134964036e0,41.932318246066,arc-167,supported,supported,false
source:bto-bfo-medium:370026,bto-bfo-medium,370026,19848,arc1-current-polar-best-glide-equal-feed,338,-37.780308003295,89.770322526453,1394239020.326077,1.3647905916248123e-4,3.9276184600841484e-6,-9.5671021134964036e0,27.586604762057,arc-167,supported,supported,false
source:bto-bfo-medium:370026,bto-bfo-medium,370026,19901,arc1-current-polar-best-glide-equal-feed,339,-38.826520869893,88.511717130881,1394239110.106421,8.1339329069527681e-4,1.7773544728876334e-3,-5.2372976342015818e0,44.907818888546,arc-169,supported,supported,false
source:bto-bfo-medium:370026,bto-bfo-medium,370026,19959,arc1-current-polar-best-glide-equal-feed,340,-37.984005615920,89.993917502624,1394239149.335330,7.0824885598042844e-4,2.0382110619406412e-5,-9.5671021134964036e0,43.251515387514,arc-167,supported,supported,false
source:bto-bfo-medium:370026,bto-bfo-medium,370026,20021,arc1-current-polar-best-glide-equal-feed,341,-38.129687696483,89.529573869484,1394239137.230109,2.4771365195989275e-4,2.3822616921230031e-4,-6.0580171123982325e0,37.646753447284,arc-168,supported,supported,false
source:bto-bfo-medium:370026,bto-bfo-medium,370026,20077,arc1-current-polar-best-glide-equal-feed,342,-38.050967801271,89.051173364833,1394238826.875628,2.6749892340082365e-4,2.5725366077324801e-4,-6.0580171123982325e0,20.103279856646,arc-168,supported,supported,false
source:bto-bfo-medium:370026,bto-bfo-medium,370026,20142,arc1-current-polar-best-glide-equal-feed,343,-37.816814505180,89.796506738993,1394239035.303092,2.0488205228112212e-4,5.8961318726651578e-6,-9.5671021134964036e0,30.088998112643,arc-167,supported,supported,false
source:bto-bfo-medium:370026,bto-bfo-medium,370026,20203,arc1-current-polar-best-glide-equal-feed,344,-37.908918599697,89.569446308135,1394239007.006527,1.7681864080034142e-4,1.7004645125498011e-4,-6.0580171123982325e0,32.878225247242,arc-168,supported,supported,false
source:bto-bfo-medium:370026,bto-bfo-medium,370026,20263,arc1-current-polar-best-glide-equal-feed,345,-37.821490103784,89.536239773138,1394238894.553122,2.2237317805792278e-4,6.3994945783446449e-6,-9.5671021134964036e0,27.964165482329,arc-167,supported,supported,false
source:bto-bfo-medium:370026,bto-bfo-medium,370026,20327,arc1-current-polar-best-glide-equal-feed,346,-38.667213259750,88.512385852070,1394239042.865372,5.1765916789734247e-4,1.1311426440549748e-3,-5.2372976342015818e0,35.769374008310,arc-169,supported,supported,false
source:bto-bfo-medium:370026,bto-bfo-medium,370026,20382,arc1-current-polar-best-glide-equal-feed,347,-37.923165464249,89.891881844849,1394239079.766751,5.9225713886893946e-4,1.7044080505925265e-5,-9.5671021134964036e0,37.774400613941,arc-167,supported,supported,false
source:bto-bfo-medium:370026,bto-bfo-medium,370026,20433,arc1-current-polar-best-glide-equal-feed,348,-37.779431903844,89.924483072970,1394239075.700268,1.8852582475436470e-4,5.4254294691927981e-6,-9.5671021134964036e0,31.098391038853,arc-167,supported,supported,false
source:bto-bfo-medium:370026,bto-bfo-medium,370026,20496,arc1-current-polar-best-glide-equal-feed,349,-38.429108059801,88.653865602847,1394238956.855835,2.9532339598070065e-4,6.4531434522405748e-4,-5.2372976342015818e0,26.794555740088,arc-169,supported,supported,false
source:bto-bfo-medium:370026,bto-bfo-medium,370026,20557,arc1-current-polar-best-glide-equal-feed,350,-38.668613036865,88.271227046461,1394238977.876817,2.9846090214153862e-4,1.2940431594754670e-3,-4.5520762908770394e0,33.607813361774,arc-170,supported,supported,false
source:bto-bfo-medium:370026,bto-bfo-medium,370026,20614,arc1-current-polar-best-glide-equal-feed,351,-38.143981521546,89.700990270744,1394239135.815092,7.0764927537806202e-4,6.8054616564480102e-4,-6.0580171123982325e0,44.709593132667,arc-168,supported,supported,false
source:bto-bfo-medium:370026,bto-bfo-medium,370026,20675,arc1-current-polar-best-glide-equal-feed,352,-37.552919279380,90.042908720552,1394239034.871231,3.9193149199547711e-5,1.1279073672519389e-6,-9.5671021134964036e0,26.371710670135,arc-167,supported,supported,false
source:bto-bfo-medium:370026,bto-bfo-medium,370026,20731,arc1-current-polar-best-glide-equal-feed,353,-38.150307440990,89.133130681669,1394238882.596109,6.0660199403282699e-4,5.8336901552111567e-4,-6.0580171123982325e0,27.062029319364,arc-168,supported,supported,false
source:bto-bfo-medium:370026,bto-bfo-medium,370026,20793,arc1-current-polar-best-glide-equal-feed,354,-38.531473581750,88.525997493986,1394239011.901278,2.0333752174299188e-4,4.4431501699119147e-4,-5.2372976342015818e0,28.467454607421,arc-169,supported,supported,false
source:bto-bfo-medium:370026,bto-bfo-medium,370026,20856,arc1-current-polar-best-glide-equal-feed,355,-38.383373901094,89.276709506027,1394239144.011353,6.0401974067207328e-4,5.8088566298401952e-4,-6.0580171123982325e0,42.593086206332,arc-168,supported,supported,false
source:bto-bfo-medium:370026,bto-bfo-medium,370026,20914,arc1-current-polar-best-glide-equal-feed,356,-38.303047327480,88.416703990058,1394238768.029319,1.4728751644592779e-4,3.2183954447412863e-4,-5.2372976342015818e0,13.941816260782,arc-169,supported,supported,false
source:bto-bfo-medium:370026,bto-bfo-medium,370026,20977,arc1-current-polar-best-glide-equal-feed,357,-38.589269952002,88.808027265176,1394239132.569569,3.9543608676791256e-4,8.6407166815620354e-4,-5.2372976342015818e0,38.780885169319,arc-169,supported,supported,false
source:bto-bfo-medium:370026,bto-bfo-medium,370026,21039,arc1-current-polar-best-glide-equal-feed,358,-37.785907040657,89.885170804954,1394239017.013626,3.5298195760752218e-4,1.0158177095325875e-5,-9.5671021134964036e0,30.389986028485,arc-167,supported,supported,false
source:bto-bfo-medium:370026,bto-bfo-medium,370026,21098,arc1-current-polar-best-glide-equal-feed,359,-38.163600323460,89.265100909959,1394239046.721156,2.4119740902705535e-4,2.3195949969584580e-4,-6.0580171123982325e0,30.700423910447,arc-168,supported,supported,false
source:bto-bfo-medium:370026,bto-bfo-medium,370026,21153,arc1-current-polar-best-glide-equal-feed,360,-37.791843031821,89.209113330377,1394238713.920077,1.5511786854330615e-4,1.4917682294487351e-4,-6.0580171123982325e0,14.502582729486,arc-168,supported,supported,false
source:bto-bfo-medium:370026,bto-bfo-medium,370026,21213,arc1-current-polar-best-glide-equal-feed,361,-38.731253636954,88.253496193519,1394238967.671428,5.5589679939110600e-4,2.4102133494363969e-3,-4.5520762908770394e0,34.406454914401,arc-170,supported,supported,false
source:bto-bfo-medium:370026,bto-bfo-medium,370026,21273,arc1-current-polar-best-glide-equal-feed,362,-38.045125458134,89.687641422508,1394239058.844074,6.9381635795099316e-4,6.6724305174046834e-4,-6.0580171123982325e0,41.199504799476,arc-168,supported,supported,false
source:bto-bfo-medium:370026,bto-bfo-medium,370026,21325,arc1-current-polar-best-glide-equal-feed,363,-38.019872174946,89.778582643316,1394239059.435474,8.0869543904162446e-4,2.3272780120680308e-5,-9.5671021134964036e0,41.341510460085,arc-167,supported,supported,false
source:bto-bfo-medium:370026,bto-bfo-medium,370026,21382,arc1-current-polar-best-glide-equal-feed,364,-37.870407015174,89.632340077608,1394238986.785788,2.3059198096973805e-4,6.6360167395782494e-6,-9.5671021134964036e0,31.151820763069,arc-167,supported,supported,false
source:bto-bfo-medium:370026,bto-bfo-medium,370026,21436,arc1-current-polar-best-glide-equal-feed,365,-37.794269820734,89.704243100095,1394238965.160811,2.1402602841223575e-4,6.1592788321439540e-6,-9.5671021134964036e0,27.348053773714,arc-167,supported,supported,false
source:bto-bfo-medium:370026,bto-bfo-medium,370026,21494,arc1-current-polar-best-glide-equal-feed,366,-38.342036499621,89.071109951012,1394239026.279608,5.7702873398430947e-4,5.5492841728707815e-4,-6.0580171123982325e0,37.236783624989,arc-168,supported,supported,false
source:bto-bfo-medium:370026,bto-bfo-medium,370026,21550,arc1-current-polar-best-glide-equal-feed,367,-38.203717448134,89.270393216703,1394239001.894320,6.0706152349501339e-4,5.8381094491237332e-4,-6.0580171123982325e0,32.873668462392,arc-168,supported,supported,false
source:bto-bfo-medium:370026,bto-bfo-medium,370026,21615,arc1-current-polar-best-glide-equal-feed,368,-38.093424542888,89.547464459292,1394239079.083122,4.2952747097852145e-4,4.1307648235402029e-4,-6.0580171123982325e0,37.005675198228,arc-168,supported,supported,false
source:bto-bfo-medium:370026,bto-bfo-medium,370026,21679,arc1-current-polar-best-glide-equal-feed,369,-37.754649705959,89.912391208013,1394239025.119518,2.6977611136329613e-4,7.7636645620391252e-6,-9.5671021134964036e0,29.554583406462,arc-167,supported,supported,false
source:bto-bfo-medium:370026,bto-bfo-medium,370026,21731,arc1-current-polar-best-glide-equal-feed,370,-37.981650253124,89.463163494887,1394239002.869440,2.0946138260267966e-4,2.0143896947362195e-4,-6.0580171123982325e0,30.033036745956,arc-168,supported,supported,false
source:bto-bfo-medium:370026,bto-bfo-medium,370026,21789,arc1-current-polar-best-glide-equal-feed,371,-38.549014539175,88.719222941097,1394239004.062809,7.0968389373335351e-4,1.5507379484100436e-3,-5.2372976342015818e0,34.243757412448,arc-169,supported,supported,false
source:bto-bfo-medium:370026,bto-bfo-medium,370026,21846,arc1-current-polar-best-glide-equal-feed,372,-37.922434786277,89.660569852488,1394238995.106718,4.4732082074620610e-4,1.2873077554345934e-5,-9.5671021134964036e0,34.434160186771,arc-167,supported,supported,false
source:bto-bfo-medium:370026,bto-bfo-medium,370026,21905,arc1-current-polar-best-glide-equal-feed,373,-38.244776305967,88.853724584020,1394238916.532126,2.1115785042842718e-4,4.6140330174533395e-4,-5.2372976342015818e0,29.071111084277,arc-169,supported,supported,false
source:bto-bfo-medium:370026,bto-bfo-medium,370026,21966,arc1-current-polar-best-glide-equal-feed,374,-38.563160641658,88.647476672695,1394239022.699552,5.1364647760589373e-4,1.1223744711189490e-3,-5.2372976342015818e0,32.943936637451,arc-169,supported,supported,false
source:bto-bfo-medium:370026,bto-bfo-medium,370026,22035,arc1-current-polar-best-glide-equal-feed,375,-38.491811579379,87.857701154399,1394238666.749879,1.1521693346719183e-4,4.9954846192300987e-4,-4.5520762908770394e0,12.001730763164,arc-170,supported,supported,false
source:bto-bfo-medium:370026,bto-bfo-medium,370026,22101,arc1-current-polar-best-glide-equal-feed,376,-38.611366684723,88.917666712347,1394239112.661380,8.5177094920761644e-4,1.8612139093941178e-3,-5.2372976342015818e0,43.286145792112,arc-169,supported,supported,false
source:bto-bfo-medium:370026,bto-bfo-medium,370026,22157,arc1-current-polar-best-glide-equal-feed,377,-38.267574839451,88.611885912974,1394238871.876372,8.0564115120353906e-5,1.7604151890778140e-4,-5.2372976342015818e0,19.113107545802,arc-169,supported,supported,false
source:bto-bfo-medium:370026,bto-bfo-medium,370026,22216,arc1-current-polar-best-glide-equal-feed,378,-38.726877579151,88.274404074730,1394238988.875413,4.8395414290823059e-4,2.0982900729597720e-3,-4.5520762908770394e0,35.159513209577,arc-170,supported,supported,false
source:bto-bfo-medium:370026,bto-bfo-medium,370026,22280,arc1-current-polar-best-glide-equal-feed,379,-38.371734891496,89.015779162239,1394239039.884373,4.9006282709242231e-4,4.7129332213987078e-4,-6.0580171123982325e0,38.566248802027,arc-168,supported,supported,false
source:bto-bfo-medium:370026,bto-bfo-medium,370026,22334,arc1-current-polar-best-glide-equal-feed,380,-38.044642770617,89.456285302559,1394239035.718356,2.6810333957832640e-4,2.5783492768945225e-4,-6.0580171123982325e0,31.796222790407,arc-168,supported,supported,false
source:bto-bfo-medium:370026,bto-bfo-medium,370026,22386,arc1-current-polar-best-glide-equal-feed,381,-37.767647837079,89.999404641708,1394239074.216678,2.9396237690506574e-4,8.4597011819081002e-6,-9.5671021134964036e0,32.741801227194,arc-167,supported,supported,false
source:bto-bfo-medium:370026,bto-bfo-medium,370026,22445,arc1-current-polar-best-glide-equal-feed,382,-38.346110820332,88.910720326532,1394239004.382941,3.3143001292363944e-4,7.2421130424558749e-4,-5.2372976342015818e0,33.772049036849,arc-169,supported,supported,false
source:bto-bfo-medium:370026,bto-bfo-medium,370026,22505,arc1-current-polar-best-glide-equal-feed,383,-37.781102411286,90.022392846263,1394239099.582992,2.7100374760984943e-4,7.7989936946827844e-6,-9.5671021134964036e0,34.068987929241,arc-167,supported,supported,false
source:bto-bfo-medium:370026,bto-bfo-medium,370026,22562,arc1-current-polar-best-glide-equal-feed,384,-37.788101180134,89.015138092925,1394238680.023725,4.0819708697407139e-5,3.9256305635184701e-5,-6.0580171123982325e0,5.844715420837,arc-168,supported,supported,false
source:bto-bfo-medium:370026,bto-bfo-medium,370026,22620,arc1-current-polar-best-glide-equal-feed,385,-38.182332341928,89.631701081945,1394239147.092578,6.2883469570176528e-4,6.0475020023954449e-4,-6.0580171123982325e0,43.388255686938,arc-168,supported,supported,false
source:bto-bfo-medium:370026,bto-bfo-medium,370026,22678,arc1-current-polar-best-glide-equal-feed,386,-37.714118413318,89.777648964310,1394238976.628816,1.0723295802225966e-4,3.0859689980441818e-6,-9.5671021134964036e0,24.121425600311,arc-167,supported,supported,false
source:bto-bfo-medium:370026,bto-bfo-medium,370026,22733,arc1-current-polar-best-glide-equal-feed,387,-38.021411131708,89.368295534526,1394238993.624975,1.9057250889357560e-4,1.8327354343088099e-4,-6.0580171123982325e0,27.633360388787,arc-168,supported,supported,false
source:bto-bfo-medium:370026,bto-bfo-medium,370026,22795,arc1-current-polar-best-glide-equal-feed,388,-37.925638172462,89.269700222362,1394238919.592378,6.6677484200475435e-5,6.4123723129982227e-5,-6.0580171123982325e0,20.466259833406,arc-168,supported,supported,false
source:bto-bfo-medium:370026,bto-bfo-medium,370026,22854,arc1-current-polar-best-glide-equal-feed,389,-37.961901099304,89.571392044691,1394239033.390817,2.3880756857638642e-4,2.2966119061563559e-4,-6.0580171123982325e0,34.099075120913,arc-168,supported,supported,false
source:bto-bfo-medium:370026,bto-bfo-medium,370026,22911,arc1-current-polar-best-glide-equal-feed,390,-37.791400339908,89.512545500741,1394238897.631952,1.1620327542408963e-4,3.3441183759520305e-6,-9.5671021134964036e0,26.207241011043,arc-167,supported,supported,false
source:bto-bfo-medium:370026,bto-bfo-medium,370026,22970,arc1-current-polar-best-glide-equal-feed,391,-38.455117068993,89.110092897862,1394239155.899628,4.2906365267976341e-4,4.1263042838949525e-4,-6.0580171123982325e0,44.259076795739,arc-168,supported,supported,false
source:bto-bfo-medium:370026,bto-bfo-medium,370026,23028,arc1-current-polar-best-glide-equal-feed,392,-38.257463791579,88.952413790881,1394239036.408224,8.2135433956648718e-5,7.8989630298011740e-5,-6.0580171123982325e0,31.451051575820,arc-168,supported,supported,false
source:bto-bfo-medium:370026,bto-bfo-medium,370026,23081,arc1-current-polar-best-glide-equal-feed,393,-37.960075091413,89.581682358254,1394239068.567573,1.3737429094537061e-4,1.3211282794163584e-4,-6.0580171123982325e0,34.503905817451,arc-168,supported,supported,false
source:bto-bfo-medium:370026,bto-bfo-medium,370026,23133,arc1-current-polar-best-glide-equal-feed,394,-37.791484092275,89.796828628911,1394239046.584726,1.2356463924463758e-4,3.5559650036354599e-6,-9.5671021134964036e0,28.703377705623,arc-167,supported,supported,false
source:bto-bfo-medium:370026,bto-bfo-medium,370026,23190,arc1-current-polar-best-glide-equal-feed,395,-38.152615574148,89.744206916984,1394239110.059036,9.2702408615131268e-4,8.9151887699397711e-4,-6.0580171123982325e0,46.707101497670,arc-168,supported,supported,false
source:bto-bfo-medium:370026,bto-bfo-medium,370026,23248,arc1-current-polar-best-glide-equal-feed,396,-37.911723149690,89.462577285406,1394238981.104654,1.1042636396037123e-4,1.0619701198616893e-4,-6.0580171123982325e0,28.182431762689,arc-168,supported,supported,false
source:bto-bfo-medium:370026,bto-bfo-medium,370026,23307,arc1-current-polar-best-glide-equal-feed,397,-38.184399057281,89.218680140219,1394239013.308084,3.5273409570943653e-4,3.3922430882020677e-4,-6.0580171123982325e0,30.655370253976,arc-168,supported,supported,false
source:bto-bfo-medium:370026,bto-bfo-medium,370026,23363,arc1-current-polar-best-glide-equal-feed,398,-37.810551766786,90.235267744947,1394239145.672293,6.4091331204842671e-4,1.8444316447977724e-5,-9.5671021134964036e0,42.583043129826,arc-167,supported,supported,false
source:bto-bfo-medium:370026,bto-bfo-medium,370026,23417,arc1-current-polar-best-glide-equal-feed,399,-38.298781607308,88.671904501510,1394238873.094508,2.0679876893070051e-4,4.5187822563972252e-4,-5.2372976342015818e0,22.502716125760,arc-169,supported,supported,false
source:bto-bfo-medium:370026,bto-bfo-medium,370026,23479,arc1-current-polar-best-glide-equal-feed,400,-38.142744364606,88.676923410457,1394238811.483858,5.5883756757843347e-5,1.2211220103674041e-4,-5.2372976342015818e0,19.623043191489,arc-169,supported,supported,false
source:bto-bfo-medium:370026,bto-bfo-medium,370026,23537,arc1-current-polar-best-glide-equal-feed,401,-38.174008628464,89.390872501651,1394239065.664656,4.5278109220262973e-4,4.3543948520309247e-4,-6.0580171123982325e0,34.776756405250,arc-168,supported,supported,false
source:bto-bfo-medium:370026,bto-bfo-medium,370026,23601,arc1-current-polar-best-glide-equal-feed,402,-38.365008071781,88.597183267244,1394238930.596551,1.2086234433112970e-4,2.6409761521022324e-4,-5.2372976342015818e0,22.176254322161,arc-169,supported,supported,false
source:bto-bfo-medium:370026,bto-bfo-medium,370026,23655,arc1-current-polar-best-glide-equal-feed,403,-38.053407430427,89.470483256908,1394239073.440241,1.8540655726207862e-4,1.7830544878704244e-4,-6.0580171123982325e0,32.648444962029,arc-168,supported,supported,false
source:bto-bfo-medium:370026,bto-bfo-medium,370026,23708,arc1-current-polar-best-glide-equal-feed,404,-38.422281472528,88.997379862310,1394239095.737176,3.6574547740741737e-4,7.9919439666490831e-4,-5.2372976342015818e0,39.484876840157,arc-169,supported,supported,false
source:bto-bfo-medium:370026,bto-bfo-medium,370026,23759,arc1-current-polar-best-glide-equal-feed,405,-37.710166702004,90.181560341997,1394239077.464575,4.8467488326736521e-4,1.3948059360474748e-5,-9.5671021134964036e0,36.895583110089,arc-167,supported,supported,false
source:bto-bfo-medium:370026,bto-bfo-medium,370026,23819,arc1-current-polar-best-glide-equal-feed,406,-38.675258161701,88.638287960711,1394239065.754924,7.3239391909736735e-4,1.6003618703452974e-3,-5.2372976342015818e0,38.545136836725,arc-169,supported,supported,false
source:bto-bfo-medium:370026,bto-bfo-medium,370026,23880,arc1-current-polar-best-glide-equal-feed,407,-38.016351605909,89.903325123301,1394239132.836399,7.1073386340636503e-4,2.0453624601840415e-5,-9.5671021134964036e0,43.093748578112,arc-167,supported,supported,false
source:bto-bfo-medium:370026,bto-bfo-medium,370026,23933,arc1-current-polar-best-glide-equal-feed,408,-38.041828817416,89.683155042944,1394239091.285662,5.0547525833119446e-4,4.8611545415888093e-4,-6.0580171123982325e0,40.921178063279,arc-168,supported,supported,false
source:bto-bfo-medium:370026,bto-bfo-medium,370026,23994,arc1-current-polar-best-glide-equal-feed,409,-38.821566225895,88.037022155846,1394238958.455704,4.8745617123932842e-4,2.1134738902491711e-3,-4.5520762908770394e0,29.520499791692,arc-170,supported,supported,false
source:bto-bfo-medium:370026,bto-bfo-medium,370026,24053,arc1-current-polar-best-glide-equal-feed,410,-38.681304339415,88.301926250959,1394239070.112872,9.7257443671867305e-5,2.1251829159305114e-4,-5.2372976342015818e0,34.702704652211,arc-169,supported,supported,false
source:bto-bfo-medium:370026,bto-bfo-medium,370026,24110,arc1-current-polar-best-glide-equal-feed,411,-38.220330050735,89.231936321769,1394239074.922323,2.3852409487857805e-4,2.2938857401753155e-4,-6.0580171123982325e0,32.854455704896,arc-168,supported,supported,false
source:bto-bfo-medium:370026,bto-bfo-medium,370026,24169,arc1-current-polar-best-glide-equal-feed,412,-37.886664135022,89.895329100567,1394239054.536712,5.9007540449183891e-4,1.6981294168833778e-5,-9.5671021134964036e0,35.887615127421,arc-167,supported,supported,false
source:bto-bfo-medium:370026,bto-bfo-medium,370026,24227,arc1-current-polar-best-glide-equal-feed,413,-38.271679800051,89.196286418618,1394239034.695106,5.4381634927122070e-4,5.2298807359586589e-4,-6.0580171123982325e0,34.934522537296,arc-168,supported,supported,false
source:bto-bfo-medium:370026,bto-bfo-medium,370026,24283,arc1-current-polar-best-glide-equal-feed,414,-38.163560480521,89.246650473137,1394239024.814739,2.9411922548154096e-4,2.8285439992423454e-4,-6.0580171123982325e0,30.231972537641,arc-168,supported,supported,false
source:bto-bfo-medium:370026,bto-bfo-medium,370026,24344,arc1-current-polar-best-glide-equal-feed,415,-37.432621359006,89.761386632867,1394238711.018747,1.1951240843373393e-4,3.4393491899341197e-6,-9.5671021134964036e0,11.155354840727,arc-167,supported,supported,false
source:bto-bfo-medium:370026,bto-bfo-medium,370026,24401,arc1-current-polar-best-glide-equal-feed,416,-38.233055342351,89.229128997576,1394239069.814202,2.9594836757421779e-4,2.8461348550646128e-4,-6.0580171123982325e0,33.474202128883,arc-168,supported,supported,false
source:bto-bfo-medium:370026,bto-bfo-medium,370026,24457,arc1-current-polar-best-glide-equal-feed,417,-38.466838046060,88.782956623122,1394238995.789290,5.4994025254563128e-4,1.2016803911026018e-3,-5.2372976342015818e0,32.736360071853,arc-169,supported,supported,false
source:bto-bfo-medium:370026,bto-bfo-medium,370026,24520,arc1-current-polar-best-glide-equal-feed,418,-37.990576846258,89.590350335091,1394239062.311389,2.4307066728016170e-4,2.3376101178067472e-4,-6.0580171123982325e0,35.627024122389,arc-168,supported,supported,false
source:bto-bfo-medium:370026,bto-bfo-medium,370026,24575,arc1-current-polar-best-glide-equal-feed,419,-37.869466601752,90.358009041300,1394239154.222997,9.6833006755898965e-4,2.7866773643796863e-5,-9.5671021134964036e0,49.331448262826,arc-167,supported,supported,false
source:bto-bfo-medium:370026,bto-bfo-medium,370026,24631,arc1-current-polar-best-glide-equal-feed,420,-38.287099322687,89.504149409763,1394239099.578457,9.4064108245683908e-4,9.0461433959919846e-4,-6.0580171123982325e0,43.409241882787,arc-168,supported,supported,false
source:bto-bfo-medium:370026,bto-bfo-medium,370026,24693,arc1-current-polar-best-glide-equal-feed,421,-38.708211787643,88.465814266280,1394239031.302133,6.5163705996720660e-4,1.4238991844179800e-3,-5.2372976342015818e0,37.490780284174,arc-169,supported,supported,false
source:bto-bfo-medium:370026,bto-bfo-medium,370026,24745,arc1-current-polar-best-glide-equal-feed,422,-38.027572802457,89.637853150535,1394239080.051910,3.8435308896068955e-4,3.6963228826340338e-4,-6.0580171123982325e0,38.622731904140,arc-168,supported,supported,false
source:bto-bfo-medium:370026,bto-bfo-medium,370026,24798,arc1-current-polar-best-glide-equal-feed,423,-37.858248328950,89.764611330918,1394239021.704220,3.2280104898010079e-4,9.2896255783781538e-6,-9.5671021134964036e0,31.869494464354,arc-167,supported,supported,false
source:bto-bfo-medium:370026,bto-bfo-medium,370026,24856,arc1-current-polar-best-glide-equal-feed,424,-38.523698203092,88.477850699149,1394238946.120078,3.1084772144559196e-4,6.7923671662695228e-4,-5.2372976342015818e0,27.127646309861,arc-169,supported,supported,false
source:bto-bfo-medium:370026,bto-bfo-medium,370026,24917,arc1-current-polar-best-glide-equal-feed,425,-37.840001576412,89.879929127159,1394239099.541686,1.8687840894432832e-4,5.3780198461587418e-6,-9.5671021134964036e0,33.071389678837,arc-167,supported,supported,false
source:bto-bfo-medium:370026,bto-bfo-medium,370026,24974,arc1-current-polar-best-glide-equal-feed,426,-37.853295762359,89.757686759346,1394239049.212877,1.9455033648921961e-4,5.5988039315316568e-6,-9.5671021134964036e0,31.482620356279,arc-167,supported,supported,false
source:bto-bfo-medium:370026,bto-bfo-medium,370026,25032,arc1-current-polar-best-glide-equal-feed,427,-38.101369676239,89.633980943546,1394239031.336759,8.9859627750288058e-4,8.6417985914076338e-4,-6.0580171123982325e0,40.662874191705,arc-168,supported,supported,false
source:bto-bfo-medium:370026,bto-bfo-medium,370026,25085,arc1-current-polar-best-glide-equal-feed,428,-37.989820139360,89.778561646500,1394239081.024120,5.7366434046054592e-4,1.6509013670752499e-5,-9.5671021134964036e0,39.604651360886,arc-167,supported,supported,false
source:bto-bfo-medium:370026,bto-bfo-medium,370026,25147,arc1-current-polar-best-glide-equal-feed,429,-38.819427512071,88.110334292835,1394238967.840606,5.9970643120901064e-4,2.6001596840025698e-3,-4.5520762908770394e0,31.892906001921,arc-170,supported,supported,false
source:bto-bfo-medium:370026,bto-bfo-medium,370026,25207,arc1-current-polar-best-glide-equal-feed,430,-38.196547002270,89.501744393374,1394239103.402170,6.1066124507146418e-4,5.8727279642763642e-4,-6.0580171123982325e0,39.342327213433,arc-168,supported,supported,false
source:bto-bfo-medium:370026,bto-bfo-medium,370026,25266,arc1-current-polar-best-glide-equal-feed,431,-37.885813995808,89.901389113520,1394239119.891757,2.7734728267135556e-4,7.9815490666398890e-6,-9.5671021134964036e0,35.975888193810,arc-167,supported,supported,false
source:bto-bfo-medium:370026,bto-bfo-medium,370026,25326,arc1-current-polar-best-glide-equal-feed,432,-38.219666553110,88.937860151593,1394238960.346258,1.5593449731400493e-4,1.4996217466922533e-4,-6.0580171123982325e0,29.149458510731,arc-168,supported,supported,false
source:bto-bfo-medium:370026,bto-bfo-medium,370026,25383,arc1-current-polar-best-glide-equal-feed,433,-38.391248324672,89.081347263219,1394239043.030236,7.2633148667521693e-4,6.9851284448758249e-4,-6.0580171123982325e0,40.228045656350,arc-168,supported,supported,false
source:bto-bfo-medium:370026,bto-bfo-medium,370026,25438,arc1-current-polar-best-glide-equal-feed,434,-38.463553888434,88.939644555857,1394239048.050815,6.5825797841460735e-4,1.4383666248944723e-3,-5.2372976342015818e0,38.452800299937,arc-169,supported,supported,false
source:bto-bfo-medium:370026,bto-bfo-medium,370026,25504,arc1-current-polar-best-glide-equal-feed,435,-37.659914021770,90.357143303841,1394239140.430314,3.8252289944558994e-4,2.7767083949196778e-3,-4.0367312205080452e0,42.464100519555,arc-166,supported,supported,false
source:bto-bfo-medium:370026,bto-bfo-medium,370026,25560,arc1-current-polar-best-glide-equal-feed,436,-37.927929555460,89.866598701766,1394239102.205177,4.2963782074869245e-4,1.2364193058467207e-5,-9.5671021134964036e0,37.531954201128,arc-167,supported,supported,false
source:bto-bfo-medium:370026,bto-bfo-medium,370026,25612,arc1-current-polar-best-glide-equal-feed,437,-38.066382921774,89.670890879841,1394239059.483708,7.3924346645586308e-4,7.1093029284278282e-4,-6.0580171123982325e0,41.092062337106,arc-168,supported,supported,false
source:bto-bfo-medium:370026,bto-bfo-medium,370026,25666,arc1-current-polar-best-glide-equal-feed,438,-37.965293195309,89.642639931017,1394239028.993964,4.1541255959958638e-4,1.1954815981634997e-5,-9.5671021134964036e0,36.865102814739,arc-167,supported,supported,false
source:bto-bfo-medium:370026,bto-bfo-medium,370026,25726,arc1-current-polar-best-glide-equal-feed,439,-37.693998897685,90.090398767076,1394239084.230221,2.0345678274227941e-4,5.8551152142436850e-6,-9.5671021134964036e0,32.836426567018,arc-167,supported,supported,false
source:bto-bfo-medium:370026,bto-bfo-medium,370026,25786,arc1-current-polar-best-glide-equal-feed,440,-38.133499776774,89.397185043490,1394239020.782437,5.4152496382698756e-4,5.2078444867552094e-4,-6.0580171123982325e0,33.180201960093,arc-168,supported,supported,false
source:bto-bfo-medium:370026,bto-bfo-medium,370026,25836,arc1-current-polar-best-glide-equal-feed,441,-37.941793273158,89.936064009556,1394239105.369369,6.4746161867623741e-4,1.8632764772222551e-5,-9.5671021134964036e0,39.714936524444,arc-167,supported,supported,false
source:bto-bfo-medium:370026,bto-bfo-medium,370026,25890,arc1-current-polar-best-glide-equal-feed,442,-38.139423632916,89.452302553334,1394239022.992792,6.8593859651631364e-4,6.5966701015493653e-4,-6.0580171123982325e0,35.280551717014,arc-168,supported,supported,false
source:bto-bfo-medium:370026,bto-bfo-medium,370026,25943,arc1-current-polar-best-glide-equal-feed,443,-37.928949757841,89.760962330452,1394239070.738616,3.4711902951744969e-4,9.9894527156443188e-6,-9.5671021134964036e0,35.862878741846,arc-167,supported,supported,false
source:bto-bfo-medium:370026,bto-bfo-medium,370026,25993,arc1-current-polar-best-glide-equal-feed,444,-37.945307534607,89.742465494826,1394239045.804154,4.8849787661653138e-4,1.4058078138030148e-5,-9.5671021134964036e0,36.574373689338,arc-167,supported,supported,false
source:bto-bfo-medium:370026,bto-bfo-medium,370026,26050,arc1-current-polar-best-glide-equal-feed,445,-38.561991702857,88.742085475184,1394239051.133300,5.7391562123910154e-4,1.2540692284263577e-3,-5.2372976342015818e0,35.525750742138,arc-169,supported,supported,false
source:bto-bfo-medium:370026,bto-bfo-medium,370026,26107,arc1-current-polar-best-glide-equal-feed,446,-38.163306658019,88.958632163849,1394238904.059351,1.9832804122191708e-4,1.9073203730945819e-4,-6.0580171123982325e0,25.833820387732,arc-168,supported,supported,false
source:bto-bfo-medium:370026,bto-bfo-medium,370026,26177,arc1-current-polar-best-glide-equal-feed,447,-38.033198006026,89.658831991247,1394239065.447644,5.3546460050537799e-4,5.1495619848939268e-4,-6.0580171123982325e0,39.660698455644,arc-168,supported,supported,false
source:bto-bfo-medium:370026,bto-bfo-medium,370026,26235,arc1-current-polar-best-glide-equal-feed,448,-38.164705821077,89.331786969553,1394239060.909902,3.0801682539816273e-4,2.9621971896574639e-4,-6.0580171123982325e0,32.578860469625,arc-168,supported,supported,false
source:bto-bfo-medium:370026,bto-bfo-medium,370026,26293,arc1-current-polar-best-glide-equal-feed,449,-38.461419506892,88.979594758504,1394239063.209056,6.6148200122921196e-4,1.4454114720007609e-3,-5.2372976342015818e0,39.956419826916,arc-169,supported,supported,false
source:bto-bfo-medium:370026,bto-bfo-medium,370026,26349,arc1-current-polar-best-glide-equal-feed,450,-37.959155734680,89.396040821991,1394238946.247000,2.1256680478790800e-4,2.0442545336387449e-4,-6.0580171123982325e0,26.605294140304,arc-168,supported,supported,false
source:bto-bfo-medium:370026,bto-bfo-medium,370026,26405,arc1-current-polar-best-glide-equal-feed,451,-38.173220846361,89.409630660581,1394239112.051653,2.6373695409214593e-4,2.5363577564657095e-4,-6.0580171123982325e0,35.326552492925,arc-168,supported,supported,false
source:bto-bfo-medium:370026,bto-bfo-medium,370026,26461,arc1-current-polar-best-glide-equal-feed,452,-37.993724140860,89.819914341551,1394239087.865885,6.5858870374553948e-4,1.8952981990844262e-5,-9.5671021134964036e0,40.413664608234,arc-167,supported,supported,false
source:bto-bfo-medium:370026,bto-bfo-medium,370026,26522,arc1-current-polar-best-glide-equal-feed,453,-38.837835578807,88.171882806990,1394238979.534694,7.7197972911943920e-4,3.3470886154696130e-3,-4.5520762908770394e0,34.792723619240,arc-170,supported,supported,false
source:bto-bfo-medium:370026,bto-bfo-medium,370026,26583,arc1-current-polar-best-glide-equal-feed,454,-38.098567991290,89.587548027290,1394239079.907376,5.5316995434522400e-4,5.3198343371217195e-4,-6.0580171123982325e0,38.737656734575,arc-168,supported,supported,false
source:bto-bfo-medium:370026,bto-bfo-medium,370026,26636,arc1-current-polar-best-glide-equal-feed,455,-37.649109785852,90.197781796981,1394239082.162385,2.7811752334509267e-4,8.0037151887353971e-6,-9.5671021134964036e0,35.590583213450,arc-167,supported,supported,false
source:bto-bfo-medium:370026,bto-bfo-medium,370026,26700,arc1-current-polar-best-glide-equal-feed,456,-38.302071919999,89.062441700519,1394239031.468262,3.6704248997556705e-4,3.5298468870492711e-4,-6.0580171123982325e0,34.804427296557,arc-168,supported,supported,false
source:bto-bfo-medium:370026,bto-bfo-medium,370026,26763,arc1-current-polar-best-glide-equal-feed,457,-38.508145969761,88.424506896947,1394238894.312333,3.6071017928502165e-4,7.8819171230232556e-4,-5.2372976342015818e0,25.406994609701,arc-169,supported,supported,false
source:bto-bfo-medium:370026,bto-bfo-medium,370026,26824,arc1-current-polar-best-glide-equal-feed,458,-38.578007071669,88.860447639055,1394239087.053875,7.2839521076723641e-4,1.5916242495441026e-3,-5.2372976342015818e0,39.970018709907,arc-169,supported,supported,false
source:bto-bfo-medium:370026,bto-bfo-medium,370026,26884,arc1-current-polar-best-glide-equal-feed,459,-37.583989848483,89.317549846753,1394238728.029872,9.2532185710690259e-6,2.6629075770266643e-7,-9.5671021134964036e0,17.569713674998,arc-167,supported,supported,false
source:bto-bfo-medium:370026,bto-bfo-medium,370026,26945,arc1-current-polar-best-glide-equal-feed,460,-38.630382769747,88.557673066630,1394239015.009544,6.2855782460123980e-4,1.3734684977160230e-3,-5.2372976342015818e0,34.484653505129,arc-169,supported,supported,false
source:bto-bfo-medium:370026,bto-bfo-medium,370026,27008,arc1-current-polar-best-glide-equal-feed,461,-38.600107553681,88.533221402880,1394238994.442860,5.2868105645506418e-4,1.1552266918973052e-3,-5.2372976342015818e0,32.360819485698,arc-169,supported,supported,false
source:bto-bfo-medium:370026,bto-bfo-medium,370026,27071,arc1-current-polar-best-glide-equal-feed,462,-37.925694385555,89.907772259722,1394239145.503770,2.8822509058580527e-4,8.2945925432891566e-6,-9.5671021134964036e0,38.242720517598,arc-167,supported,supported,false
source:bto-bfo-medium:370026,bto-bfo-medium,370026,27132,arc1-current-polar-best-glide-equal-feed,463,-38.474351982639,88.542915911375,1394238986.757890,1.5233557865376591e-4,3.3287011977780099e-4,-5.2372976342015818e0,25.817676046159,arc-169,supported,supported,false
source:bto-bfo-medium:370026,bto-bfo-medium,370026,27192,arc1-current-polar-best-glide-equal-feed,464,-38.515922008444,88.519079365041,1394238998.325160,1.8238382597508037e-4,3.9852886984361645e-4,-5.2372976342015818e0,27.485465420398,arc-169,supported,supported,false
source:bto-bfo-medium:370026,bto-bfo-medium,370026,27255,arc1-current-polar-best-glide-equal-feed,465,-38.772832245472,88.174577969942,1394238977.973132,5.0574807046231858e-4,2.1927824592894796e-3,-4.5520762908770394e0,32.526751097547,arc-170,supported,supported,false
source:bto-bfo-medium:370026,bto-bfo-medium,370026,27312,arc1-current-polar-best-glide-equal-feed,466,-38.557811816406,88.194562443132,1394238822.910317,3.6093504795696744e-4,7.8868307526839263e-4,-5.2372976342015818e0,27.440951800367,arc-169,supported,supported,false
source:bto-bfo-medium:370026,bto-bfo-medium,370026,27365,arc1-current-polar-best-glide-equal-feed,467,-37.948416708632,89.629991215739,1394239030.317954,3.1815850687486139e-4,9.1560216820283838e-6,-9.5671021134964036e0,35.789492984654,arc-167,supported,supported,false
source:bto-bfo-medium:370026,bto-bfo-medium,370026,27433,arc1-current-polar-best-glide-equal-feed,468,-37.763054661079,89.625843933414,1394238987.648664,4.2137520150165656e-5,1.2126409943002830e-6,-9.5671021134964036e0,24.725715528753,arc-167,supported,supported,false
source:bto-bfo-medium:370026,bto-bfo-medium,370026,27488,arc1-current-polar-best-glide-equal-feed,469,-38.431121647631,89.177088165156,1394239137.680562,6.0343904539889102e-4,5.8032720845672405e-4,-6.0580171123982325e0,43.652472959482,arc-168,supported,supported,false
source:bto-bfo-medium:370026,bto-bfo-medium,370026,27542,arc1-current-polar-best-glide-equal-feed,470,-38.026835858074,89.868839355450,1394239151.183814,5.5467912630148607e-4,1.5962653825825655e-5,-9.5671021134964036e0,43.067245674133,arc-167,supported,supported,false
source:bto-bfo-medium:370026,bto-bfo-medium,370026,27603,arc1-current-polar-best-glide-equal-feed,471,-38.979619579660,87.492634976804,1394238901.556230,2.3009286531200629e-4,3.3239615540816648e-10,-1.9466630226633967e1,27.938413247541,arc-171,supported,supported,false
source:bto-bfo-medium:370026,bto-bfo-medium,370026,27666,arc1-current-polar-best-glide-equal-feed,472,-38.418144860132,88.982696382023,1394239053.467295,5.3566551687503296e-4,1.1704885118682161e-3,-5.2372976342015818e0,38.759949873030,arc-169,supported,supported,false
source:bto-bfo-medium:370026,bto-bfo-medium,370026,27726,arc1-current-polar-best-glide-equal-feed,473,-38.481646431545,88.692115131233,1394239002.503586,3.7896616946298840e-4,8.2808307380109855e-4,-5.2372976342015818e0,30.334547837220,arc-169,supported,supported,false
source:bto-bfo-medium:370026,bto-bfo-medium,370026,27784,arc1-current-polar-best-glide-equal-feed,474,-38.225236760379,89.051930832125,1394238968.622638,3.3234944806016472e-4,3.1962039728038232e-4,-6.0580171123982325e0,30.191021923994,arc-168,supported,supported,false
source:bto-bfo-medium:370026,bto-bfo-medium,370026,27842,arc1-current-polar-best-glide-equal-feed,475,-38.017560073278,89.588259024559,1394239036.868924,4.4654040121427739e-4,4.2943781393616691e-4,-6.0580171123982325e0,36.262520101754,arc-168,supported,supported,false
source:bto-bfo-medium:370026,bto-bfo-medium,370026,27893,arc1-current-polar-best-glide-equal-feed,476,-38.426974635959,88.842911742901,1394239021.248614,4.1592037375473887e-4,9.0883210510156953e-4,-5.2372976342015818e0,33.460925099289,arc-169,supported,supported,false
source:bto-bfo-medium:370026,bto-bfo-medium,370026,27954,arc1-current-polar-best-glide-equal-feed,477,-38.546563116520,88.948665506885,1394239118.373957,6.2837683789083824e-4,1.3730730216985228e-3,-5.2372976342015818e0,41.768972605806,arc-169,supported,supported,false
source:bto-bfo-medium:370026,bto-bfo-medium,370026,28014,arc1-current-polar-best-glide-equal-feed,478,-38.080406453501,89.812081535098,1394239165.451000,5.5268346927948332e-4,1.5905222455711310e-5,-9.5671021134964036e0,45.269769523589,arc-167,supported,supported,false
source:bto-bfo-medium:370026,bto-bfo-medium,370026,28069,arc1-current-polar-best-glide-equal-feed,479,-38.013327849934,89.562073895726,1394239067.914379,2.3940870064486787e-4,2.3023929920485531e-4,-6.0580171123982325e0,35.049731116490,arc-168,supported,supported,false
source:bto-bfo-medium:370026,bto-bfo-medium,370026,28124,arc1-current-polar-best-glide-equal-feed,480,-37.998630496557,89.580559702352,1394239015.052842,4.6633159472921716e-4,4.4847100075449692e-4,-6.0580171123982325e0,35.421117537116,arc-168,supported,supported,false
source:bto-bfo-medium:370026,bto-bfo-medium,370026,28178,arc1-current-polar-best-glide-equal-feed,481,-37.860210325652,89.834764378969,1394239033.511970,4.3391988804673836e-4,1.2487423147173424e-5,-9.5671021134964036e0,33.204453633503,arc-167,supported,supported,false
source:bto-bfo-medium:370026,bto-bfo-medium,370026,28231,arc1-current-polar-best-glide-equal-feed,482,-37.823104110146,89.944216358901,1394239056.596712,4.4720466142192562e-4,1.2869734700803754e-5,-9.5671021134964036e0,33.788259077657,arc-167,supported,supported,false
source:bto-bfo-medium:370026,bto-bfo-medium,370026,28284,arc1-current-polar-best-glide-equal-feed,483,-37.714492021240,90.367185199268,1394239142.214737,6.1690852196691251e-4,1.7753502360943606e-5,-9.5671021134964036e0,44.533695016827,arc-167,supported,supported,false
source:bto-bfo-medium:370026,bto-bfo-medium,370026,28348,arc1-current-polar-best-glide-equal-feed,484,-38.075060021433,89.391830950248,1394239051.913323,1.8614601910324965e-4,1.7901658909080483e-4,-6.0580171123982325e0,30.561318461941,arc-168,supported,supported,false
source:bto-bfo-medium:370026,bto-bfo-medium,370026,28409,arc1-current-polar-best-glide-equal-feed,485,-37.824214484689,89.976221621744,1394239127.962495,2.0113303121924788e-4,5.7882418826533665e-6,-9.5671021134964036e0,34.713788051247,arc-167,supported,supported,false
source:bto-bfo-medium:370026,bto-bfo-medium,370026,28464,arc1-current-polar-best-glide-equal-feed,486,-37.814042838461,90.216924437656,1394239126.072295,7.2462676494391509e-4,2.0853436975092939e-5,-9.5671021134964036e0,42.053246297067,arc-167,supported,supported,false
source:bto-bfo-medium:370026,bto-bfo-medium,370026,28524,arc1-current-polar-best-glide-equal-feed,487,-37.993421540642,89.267209885397,1394238929.014702,1.5645483382328574e-4,1.5046258218542985e-4,-6.0580171123982325e0,22.902967712559,arc-168,supported,supported,false
source:bto-bfo-medium:370026,bto-bfo-medium,370026,28583,arc1-current-polar-best-glide-equal-feed,488,-38.418051049098,88.819450753489,1394238995.436284,4.4383357194242753e-4,9.6982553622402222e-4,-5.2372976342015818e0,32.251049496467,arc-169,supported,supported,false
source:bto-bfo-medium:370026,bto-bfo-medium,370026,28640,arc1-current-polar-best-glide-equal-feed,489,-37.867899879974,89.079543821027,1394238702.875706,1.8067283250009113e-4,1.7375302663658190e-4,-6.0580171123982325e0,11.270870827409,arc-168,supported,supported,false
source:bto-bfo-medium:370026,bto-bfo-medium,370026,28704,arc1-current-polar-best-glide-equal-feed,490,-37.647265347275,89.992924437308,1394239063.906785,6.6035713724325924e-5,1.9003874282260206e-6,-9.5671021134964036e0,27.466823090586,arc-167,supported,supported,false
source:bto-bfo-medium:370026,bto-bfo-medium,370026,28757,arc1-current-polar-best-glide-equal-feed,491,-38.149570785669,89.427527822836,1394239098.468176,2.9458877160199229e-4,2.8330596233372879e-4,-6.0580171123982325e0,34.871195874538,arc-168,supported,supported,false
source:bto-bfo-medium:370026,bto-bfo-medium,370026,28815,arc1-current-polar-best-glide-equal-feed,492,-38.044907598813,89.353507994183,1394239021.323833,1.5704781201559699e-4,1.5103284919357849e-4,-6.0580171123982325e0,28.004331723897,arc-168,supported,supported,false
source:bto-bfo-medium:370026,bto-bfo-medium,370026,28869,arc1-current-polar-best-glide-equal-feed,493,-38.497734156435,88.948365582352,1394239041.192438,8.4082702346018718e-4,1.8373002189313935e-3,-5.2372976342015818e0,39.965679081586,arc-169,supported,supported,false
source:bto-bfo-medium:370026,bto-bfo-medium,370026,28932,arc1-current-polar-best-glide-equal-feed,494,-37.862137524316,89.636023755186,1394238952.688684,3.3494381729762295e-4,9.6390723088369919e-6,-9.5671021134964036e0,30.682801400758,arc-167,supported,supported,false
source:bto-bfo-medium:370026,bto-bfo-medium,370026,28993,arc1-current-polar-best-glide-equal-feed,495,-37.914601442962,89.812245209218,1394239051.539899,4.9902895050651897e-4,1.4361143241707211e-5,-9.5671021134964036e0,35.816825146092,arc-167,supported,supported,false
source:bto-bfo-medium:370026,bto-bfo-medium,370026,29050,arc1-current-polar-best-glide-equal-feed,496,-38.341052489334,89.015475143151,1394239034.747369,4.0093963509855426e-4,3.8558356634446102e-4,-6.0580171123982325e0,36.737920449588,arc-168,supported,supported,false
source:bto-bfo-medium:370026,bto-bfo-medium,370026,29104,arc1-current-polar-best-glide-equal-feed,497,-38.203690150999,89.362446010248,1394239070.431323,4.8484767387648218e-4,4.6627791034218035e-4,-6.0580171123982325e0,35.316799557548,arc-168,supported,supported,false
source:bto-bfo-medium:370026,bto-bfo-medium,370026,29163,arc1-current-polar-best-glide-equal-feed,498,-38.310371729510,88.660264235222,1394238900.724445,1.4622013300442637e-4,3.1950719337689172e-4,-5.2372976342015818e0,22.411009247930,arc-169,supported,supported,false
source:bto-bfo-medium:370026,bto-bfo-medium,370026,29218,arc1-current-polar-best-glide-equal-feed,499,-38.136574052981,89.540967215932,1394239087.087115,5.5444328938525605e-4,5.3320799976378289e-4,-6.0580171123982325e0,38.325151704096,arc-168,supported,supported,false
source:bto-bfo-medium:370026,bto-bfo-medium,370026,29280,arc1-current-polar-best-glide-equal-feed,500,-38.326481706146,88.781752775010,1394238933.397573,2.7566016357589377e-4,6.0234800352207591e-4,-5.2372976342015818e0,27.820260555023,arc-169,supported,supported,false
source:bto-bfo-medium:370026,bto-bfo-medium,370026,29342,arc1-current-polar-best-glide-equal-feed,501,-37.709313453343,90.310576439763,1394239104.128257,6.7839408578889674e-4,1.9522944771946759e-5,-9.5671021134964036e0,42.037962473083,arc-167,supported,supported,false
source:bto-bfo-medium:370026,bto-bfo-medium,370026,29406,arc1-current-polar-best-glide-equal-feed,502,-38.037680009645,89.382564048032,1394238948.635987,4.4125684371739191e-4,4.2435661775526461e-4,-6.0580171123982325e0,28.771048420355,arc-168,supported,supported,false
source:bto-bfo-medium:370026,bto-bfo-medium,370026,29469,arc1-current-polar-best-glide-equal-feed,503,-38.269790279072,88.891070744586,1394238976.863784,1.6028193332001195e-4,3.5023378526504839e-4,-5.2372976342015818e0,31.203092926482,arc-169,supported,supported,false
source:bto-bfo-medium:370026,bto-bfo-medium,370026,29527,arc1-current-polar-best-glide-equal-feed,504,-37.576557990548,89.940058756744,1394238977.172338,5.9823657015547429e-5,1.7216157635163382e-6,-9.5671021134964036e0,22.889465329714,arc-167,supported,supported,false
source:bto-bfo-medium:370026,bto-bfo-medium,370026,29584,arc1-current-polar-best-glide-equal-feed,505,-38.043489761070,89.471534362801,1394239022.906390,3.4221374133434635e-4,3.2910688613597256e-4,-6.0580171123982325e0,32.345178513448,arc-168,supported,supported,false
source:bto-bfo-medium:370026,bto-bfo-medium,370026,29650,arc1-current-polar-best-glide-equal-feed,506,-38.922956017578,88.196192248740,1394239071.163606,7.1506240806386604e-4,3.1003109992419945e-3,-4.5520762908770394e0,39.077094634376,arc-170,supported,supported,false
source:bto-bfo-medium:370026,bto-bfo-medium,370026,29709,arc1-current-polar-best-glide-equal-feed,507,-37.802990037310,89.603563657535,1394238889.497242,3.0656937918927934e-4,8.8225077194213095e-6,-9.5671021134964036e0,26.975257368269,arc-167,supported,supported,false
source:bto-bfo-medium:370026,bto-bfo-medium,370026,29771,arc1-current-polar-best-glide-equal-feed,508,-38.048568983480,89.237540226652,1394238967.655940,1.4466306017860045e-4,1.3912243584562797e-4,-6.0580171123982325e0,24.349534024750,arc-168,supported,supported,false
source:bto-bfo-medium:370026,bto-bfo-medium,370026,29833,arc1-current-polar-best-glide-equal-feed,509,-38.017192371490,89.799998889680,1394239163.661466,2.8543452591160760e-4,8.2142851804182508e-6,-9.5671021134964036e0,41.468192675101,arc-167,supported,supported,false
source:bto-bfo-medium:370026,bto-bfo-medium,370026,29888,arc1-current-polar-best-glide-equal-feed,510,-38.151529724953,89.474616295050,1394239089.239365,4.3992802324369155e-4,4.2307869137326703e-4,-6.0580171123982325e0,36.546111633537,arc-168,supported,supported,false
source:bto-bfo-medium:370026,bto-bfo-medium,370026,29945,arc1-current-polar-best-glide-equal-feed,511,-38.755167328703,88.089836138625,1394239010.606212,1.5977163069279328e-4,6.9272519211981186e-4,-4.5520762908770394e0,28.691919630961,arc-170,supported,supported,false
source:bto-bfo-medium:370027,bto-bfo-medium,370027,56,arc1-current-polar-best-glide-equal-feed,0,-38.274805662228,88.765842505032,1394238915.683043,1.6449398718992387e-4,3.5943758971164323e-4,-5.2372976342015818e0,25.788649105525,arc-169,supported,supported,false
source:bto-bfo-medium:370027,bto-bfo-medium,370027,113,arc1-current-polar-best-glide-equal-feed,1,-38.196265363469,89.309955627684,1394239074.263649,3.2075605467640073e-4,3.0847103319756427e-4,-6.0580171123982325e0,33.506673313017,arc-168,supported,supported,false
source:bto-bfo-medium:370027,bto-bfo-medium,370027,172,arc1-current-polar-best-glide-equal-feed,2,-37.979163110610,89.503211769844,1394238989.474805,3.2156019155312767e-4,3.0924437146999888e-4,-6.0580171123982325e0,31.628429786285,arc-168,supported,supported,false
source:bto-bfo-medium:370027,bto-bfo-medium,370027,233,arc1-current-polar-best-glide-equal-feed,3,-38.000452824668,89.725646198094,1394239059.949466,5.9911413106004865e-4,1.7241412237809396e-5,-9.5671021134964036e0,39.608681947455,arc-167,supported,supported,false
source:bto-bfo-medium:370027,bto-bfo-medium,370027,292,arc1-current-polar-best-glide-equal-feed,4,-38.234887608878,89.667620478598,1394239163.363013,8.1597703532639780e-4,7.8472495057515276e-4,-6.0580171123982325e0,46.689842036421,arc-168,supported,supported,false
source:bto-bfo-medium:370027,bto-bfo-medium,370027,355,arc1-current-polar-best-glide-equal-feed,5,-38.013282559412,90.012987528499,1394239162.842789,7.7961974949490587e-4,2.2436034793564422e-5,-9.5671021134964036e0,45.225863379572,arc-167,supported,supported,false
source:bto-bfo-medium:370027,bto-bfo-medium,370027,412,arc1-current-polar-best-glide-equal-feed,6,-38.059976115594,89.903399009006,1394239158.342791,7.2840333373371013e-4,2.0962119738482432e-5,-9.5671021134964036e0,45.515132428135,arc-167,supported,supported,false
source:bto-bfo-medium:370027,bto-bfo-medium,370027,466,arc1-current-polar-best-glide-equal-feed,7,-38.179315346656,89.552353388938,1394239093.193186,7.1412183921579892e-4,6.8677082898429176e-4,-6.0580171123982325e0,40.387286428176,arc-168,supported,supported,false
source:bto-bfo-medium:370027,bto-bfo-medium,370027,526,arc1-current-polar-best-glide-equal-feed,8,-38.269742187250,89.073720865645,1394239035.682202,2.6216702125542607e-4,2.5212597155360592e-4,-6.0580171123982325e0,33.026226836950,arc-168,supported,supported,false
source:bto-bfo-medium:370027,bto-bfo-medium,370027,593,arc1-current-polar-best-glide-equal-feed,9,-38.245563464612,88.253119921624,1394238710.547753,3.1834241071161562e-5,6.9561344316533354e-5,-5.2372976342015818e0,8.512270787158,arc-169,supported,supported,false
source:bto-bfo-medium:370027,bto-bfo-medium,370027,650,arc1-current-polar-best-glide-equal-feed,10,-38.287592950522,89.361945604468,1394239097.934347,6.7238464160225423e-4,6.4663217444319541e-4,-6.0580171123982325e0,39.432101478716,arc-168,supported,supported,false
source:bto-bfo-medium:370027,bto-bfo-medium,370027,704,arc1-current-polar-best-glide-equal-feed,11,-38.229882881805,89.466060570545,1394239123.870478,5.3944247993916524e-4,5.1878172433991363e-4,-6.0580171123982325e0,39.637553292578,arc-168,supported,supported,false
source:bto-bfo-medium:370027,bto-bfo-medium,370027,762,arc1-current-polar-best-glide-equal-feed,12,-38.497809717588,88.627352202438,1394238979.962001,3.9225149312813179e-4,8.5711297816608127e-4,-5.2372976342015818e0,29.177962511165,arc-169,supported,supported,false
source:bto-bfo-medium:370027,bto-bfo-medium,370027,825,arc1-current-polar-best-glide-equal-feed,13,-38.405752032068,89.238808048467,1394239115.423840,7.6679146017866293e-4,7.3742319285916805e-4,-6.0580171123982325e0,43.151497302552,arc-168,supported,supported,false
source:bto-bfo-medium:370027,bto-bfo-medium,370027,876,arc1-current-polar-best-glide-equal-feed,14,-38.056440974295,89.670624999075,1394239113.690222,3.9697592291691286e-4,3.8177166513747612e-4,-6.0580171123982325e0,40.797071441828,arc-168,supported,supported,false
source:bto-bfo-medium:370027,bto-bfo-medium,370027,929,arc1-current-polar-best-glide-equal-feed,15,-37.872514556293,90.052771911657,1394239113.114143,6.0596636480675240e-4,1.7438607030340410e-5,-9.5671021134964036e0,39.213396856006,arc-167,supported,supported,false
source:bto-bfo-medium:370027,bto-bfo-medium,370027,982,arc1-current-polar-best-glide-equal-feed,16,-38.044900653604,88.954163351541,1394238840.640399,9.1329157189527920e-5,8.7831232079901202e-5,-6.0580171123982325e0,18.736690147289,arc-168,supported,supported,false
source:bto-bfo-medium:370027,bto-bfo-medium,370027,1048,arc1-current-polar-best-glide-equal-feed,17,-38.357312114002,88.543074630042,1394238903.667082,1.0367290544523925e-4,2.2653678646998311e-4,-5.2372976342015818e0,20.098538298171,arc-169,supported,supported,false
source:bto-bfo-medium:370027,bto-bfo-medium,370027,1107,arc1-current-polar-best-glide-equal-feed,18,-38.088065191142,88.577749233057,1394238671.288697,1.0166108507826278e-4,2.2214073603682067e-4,-5.2372976342015818e0,14.837544118035,arc-169,supported,supported,false
source:bto-bfo-medium:370027,bto-bfo-medium,370027,1170,arc1-current-polar-best-glide-equal-feed,19,-38.454599245241,88.113444741367,1394238732.762322,1.9074310643399156e-4,4.1679482394445260e-4,-5.2372976342015818e0,22.216134510520,arc-169,supported,supported,false
source:bto-bfo-medium:370027,bto-bfo-medium,370027,1229,arc1-current-polar-best-glide-equal-feed,20,-37.611518908596,90.013458645319,1394238978.870388,1.9184608388339621e-4,5.5209804726029202e-6,-9.5671021134964036e0,26.954282564508,arc-167,supported,supported,false
source:bto-bfo-medium:370027,bto-bfo-medium,370027,1284,arc1-current-polar-best-glide-equal-feed,21,-38.370340826944,89.005085724556,1394238973.289235,7.8322007935617479e-4,1.7114226625955962e-3,-5.2372976342015818e0,38.415197899229,arc-169,supported,supported,false
source:bto-bfo-medium:370027,bto-bfo-medium,370027,1345,arc1-current-polar-best-glide-equal-feed,22,-37.668229019586,89.820495936390,1394238992.440940,6.0752130860284425e-5,1.7483355477431100e-6,-9.5671021134964036e0,22.796645522702,arc-167,supported,supported,false
source:bto-bfo-medium:370027,bto-bfo-medium,370027,1402,arc1-current-polar-best-glide-equal-feed,23,-38.713428694080,88.220483392793,1394238981.432839,3.4384158160855743e-4,1.4908011181068309e-3,-4.5520762908770394e0,32.541031504086,arc-170,supported,supported,false
source:bto-bfo-medium:370027,bto-bfo-medium,370027,1462,arc1-current-polar-best-glide-equal-feed,24,-38.077813606406,89.732290284955,1394239111.105140,6.4587443513863384e-4,6.2113731422500302e-4,-6.0580171123982325e0,43.973737214955,arc-168,supported,supported,false
source:bto-bfo-medium:370027,bto-bfo-medium,370027,1521,arc1-current-polar-best-glide-equal-feed,25,-37.760185731066,90.136742939486,1394239097.537560,4.6184981349900326e-4,1.3291195472893313e-5,-9.5671021134964036e0,37.060237860104,arc-167,supported,supported,false
source:bto-bfo-medium:370027,bto-bfo-medium,370027,1573,arc1-current-polar-best-glide-equal-feed,26,-37.860390579305,89.824553968275,1394239060.770850,2.8788817387606733e-4,8.2848966947333418e-6,-9.5671021134964036e0,33.018156144487,arc-167,supported,supported,false
source:bto-bfo-medium:370027,bto-bfo-medium,370027,1627,arc1-current-polar-best-glide-equal-feed,27,-38.380809687206,89.055161825812,1394239057.931406,5.2425953136128267e-4,5.0418028574967426e-4,-6.0580171123982325e0,39.383012477025,arc-168,supported,supported,false
source:bto-bfo-medium:370027,bto-bfo-medium,370027,1687,arc1-current-polar-best-glide-equal-feed,28,-38.339656794064,89.123882275488,1394239066.943290,4.8798973197772418e-4,4.6929962698548654e-4,-6.0580171123982325e0,37.681460820171,arc-168,supported,supported,false
source:bto-bfo-medium:370027,bto-bfo-medium,370027,1745,arc1-current-polar-best-glide-equal-feed,29,-38.181643093226,89.332131828752,1394239075.922281,2.9751130915426017e-4,2.8611656610928737e-4,-6.0580171123982325e0,33.399048571088,arc-168,supported,supported,false
source:bto-bfo-medium:370027,bto-bfo-medium,370027,1810,arc1-current-polar-best-glide-equal-feed,30,-38.026049312778,89.388281869267,1394238973.092793,3.0309825018131215e-4,2.9148952617006398e-4,-6.0580171123982325e0,28.549523438232,arc-168,supported,supported,false
source:bto-bfo-medium:370027,bto-bfo-medium,370027,1875,arc1-current-polar-best-glide-equal-feed,31,-38.955101590154,87.616645424454,1394238906.983314,3.4248788350141552e-4,1.4849318609848005e-3,-4.5520762908770394e0,29.486312292792,arc-170,supported,supported,false
source:bto-bfo-medium:370027,bto-bfo-medium,370027,1934,arc1-current-polar-best-glide-equal-feed,32,-37.911132999146,90.031187309243,1394239116.564015,6.9077155780347546e-4,1.9879145846836629e-5,-9.5671021134964036e0,40.477850850477,arc-167,supported,supported,false
source:bto-bfo-medium:370027,bto-bfo-medium,370027,1993,arc1-current-polar-best-glide-equal-feed,33,-37.725844009305,90.148414260713,1394239114.261145,2.7853415210069921e-4,8.0157050046204416e-6,-9.5671021134964036e0,36.185541506873,arc-167,supported,supported,false
source:bto-bfo-medium:370027,bto-bfo-medium,370027,2045,arc1-current-polar-best-glide-equal-feed,34,-37.836278223759,89.937743225032,1394239100.247651,2.7267188536033685e-4,7.8469996573775865e-6,-9.5671021134964036e0,34.279587246585,arc-167,supported,supported,false
source:bto-bfo-medium:370027,bto-bfo-medium,370027,2101,arc1-current-polar-best-glide-equal-feed,35,-37.807404945233,90.079215710697,1394239111.336288,4.2356104591072849e-4,1.2189314559319967e-5,-9.5671021134964036e0,37.052768862251,arc-167,supported,supported,false
source:bto-bfo-medium:370027,bto-bfo-medium,370027,2163,arc1-current-polar-best-glide-equal-feed,36,-38.706460290922,87.651125828867,1394238802.801039,6.5191554988317028e-5,2.8265238489493758e-4,-4.5520762908770394e0,14.713899358199,arc-170,supported,supported,false
source:bto-bfo-medium:370027,bto-bfo-medium,370027,2226,arc1-current-polar-best-glide-equal-feed,37,-38.081387030332,89.589325783390,1394239095.726705,4.0352917371597511e-4,3.8807392511142703e-4,-6.0580171123982325e0,38.238970337422,arc-168,supported,supported,false
source:bto-bfo-medium:370027,bto-bfo-medium,370027,2284,arc1-current-polar-best-glide-equal-feed,38,-38.084732632052,89.484296455279,1394239056.153010,3.6735383199009781e-4,3.5328410625761213e-4,-6.0580171123982325e0,34.295715615112,arc-168,supported,supported,false
source:bto-bfo-medium:370027,bto-bfo-medium,370027,2337,arc1-current-polar-best-glide-equal-feed,39,-37.957926256154,89.960963171549,1394239163.678296,4.2811854709075444e-4,1.2320471132909873e-5,-9.5671021134964036e0,41.125526956410,arc-167,supported,supported,false
source:bto-bfo-medium:370027,bto-bfo-medium,370027,2397,arc1-current-polar-best-glide-equal-feed,40,-38.454400231542,88.618125367147,1394238966.713084,2.7490511251364807e-4,6.0069813328329650e-4,-5.2372976342015818e0,26.840307517768,arc-169,supported,supported,false
source:bto-bfo-medium:370027,bto-bfo-medium,370027,2460,arc1-current-polar-best-glide-equal-feed,41,-38.166445868410,89.411104694817,1394239040.779668,5.9293111661749712e-4,5.7022173546344523e-4,-6.0580171123982325e0,35.072043404267,arc-168,supported,supported,false
source:bto-bfo-medium:370027,bto-bfo-medium,370027,2524,arc1-current-polar-best-glide-equal-feed,42,-38.047168094822,89.459766351305,1394238987.117667,4.8603835078193420e-4,4.6742298408240893e-4,-6.0580171123982325e0,32.018360715289,arc-168,supported,supported,false
source:bto-bfo-medium:370027,bto-bfo-medium,370027,2584,arc1-current-polar-best-glide-equal-feed,43,-38.216499379391,89.227403794382,1394239019.054867,4.7571183081727828e-4,4.5749197191166012e-4,-6.0580171123982325e0,32.551808800536,arc-168,supported,supported,false
source:bto-bfo-medium:370027,bto-bfo-medium,370027,2645,arc1-current-polar-best-glide-equal-feed,44,-38.382411376364,89.079215667927,1394239071.105020,5.2659278452535580e-4,5.0642417484775921e-4,-6.0580171123982325e0,39.688124836186,arc-168,supported,supported,false
source:bto-bfo-medium:370027,bto-bfo-medium,370027,2704,arc1-current-polar-best-glide-equal-feed,45,-37.735264662253,89.622075974018,1394238912.181666,1.0626028509031315e-4,3.0579772446823149e-6,-9.5671021134964036e0,23.049306522914,arc-167,supported,supported,false
source:bto-bfo-medium:370027,bto-bfo-medium,370027,2765,arc1-current-polar-best-glide-equal-feed,46,-38.205592612957,89.498984864689,1394239099.582222,6.5881197504049922e-4,6.3357934374363317e-4,-6.0580171123982325e0,39.634244428535,arc-168,supported,supported,false
source:bto-bfo-medium:370027,bto-bfo-medium,370027,2822,arc1-current-polar-best-glide-equal-feed,47,-38.090309905087,89.616660093843,1394239075.089525,6.0914866900297000e-4,5.8581815232712519e-4,-6.0580171123982325e0,39.615865054158,arc-168,supported,supported,false
source:bto-bfo-medium:370027,bto-bfo-medium,370027,2886,arc1-current-polar-best-glide-equal-feed,48,-38.871577939131,87.944691369738,1394239042.014887,1.5911735995261959e-4,6.8988845682318924e-4,-4.5520762908770394e0,29.196485203547,arc-170,supported,supported,false
source:bto-bfo-medium:370027,bto-bfo-medium,370027,2940,arc1-current-polar-best-glide-equal-feed,49,-37.893584379522,90.222252995094,1394239147.401294,8.8689520615147497e-4,2.5523226824809978e-5,-9.5671021134964036e0,45.487794332833,arc-167,supported,supported,false
source:bto-bfo-medium:370027,bto-bfo-medium,370027,3006,arc1-current-polar-best-glide-equal-feed,50,-37.962230328092,89.487136947751,1394239035.847510,1.1156691089568849e-4,1.0729387574421265e-4,-6.0580171123982325e0,30.489216303609,arc-168,supported,supported,false
source:bto-bfo-medium:370027,bto-bfo-medium,370027,3060,arc1-current-polar-best-glide-equal-feed,51,-37.905461669275,89.890032188237,1394239062.505327,5.9935681493914058e-4,1.7248396237328001e-5,-9.5671021134964036e0,36.780709412080,arc-167,supported,supported,false
source:bto-bfo-medium:370027,bto-bfo-medium,370027,3115,arc1-current-polar-best-glide-equal-feed,52,-38.019543107797,89.730393939973,1394239062.892175,6.6858518976786112e-4,1.9240662630483644e-5,-9.5671021134964036e0,40.776401574433,arc-167,supported,supported,false
source:bto-bfo-medium:370027,bto-bfo-medium,370027,3172,arc1-current-polar-best-glide-equal-feed,53,-38.098536187624,89.595022803322,1394239087.531762,5.2322337917536500e-4,5.0318381840110799e-4,-6.0580171123982325e0,39.029434739727,arc-168,supported,supported,false
source:bto-bfo-medium:370027,bto-bfo-medium,370027,3229,arc1-current-polar-best-glide-equal-feed,54,-37.705739327310,89.928124848149,1394239024.600112,1.6355555716932656e-4,4.7068307001063250e-6,-9.5671021134964036e0,27.716167291032,arc-167,supported,supported,false
source:bto-bfo-medium:370027,bto-bfo-medium,370027,3287,arc1-current-polar-best-glide-equal-feed,55,-38.397417249244,88.469351527296,1394238961.484790,3.4690657180519667e-5,7.5802930037084730e-5,-5.2372976342015818e0,20.090076667788,arc-169,supported,supported,false
source:bto-bfo-medium:370027,bto-bfo-medium,370027,3342,arc1-current-polar-best-glide-equal-feed,56,-37.770689982969,90.301228952800,1394239145.448655,6.4729288159990099e-4,1.8627908826848986e-5,-9.5671021134964036e0,43.635120475013,arc-167,supported,supported,false
source:bto-bfo-medium:370027,bto-bfo-medium,370027,3398,arc1-current-polar-best-glide-equal-feed,57,-38.353524928796,89.012004155539,1394239072.424845,2.6668516764129008e-4,2.5647107202315548e-4,-6.0580171123982325e0,37.459199723439,arc-168,supported,supported,false
source:bto-bfo-medium:370027,bto-bfo-medium,370027,3453,arc1-current-polar-best-glide-equal-feed,58,-37.919543560226,89.476277253837,1394239001.464446,9.8518780877068459e-5,9.4745491732567034e-5,-6.0580171123982325e0,28.960628789232,arc-168,supported,supported,false
source:bto-bfo-medium:370027,bto-bfo-medium,370027,3508,arc1-current-polar-best-glide-equal-feed,59,-38.166868064143,89.131276755985,1394238984.121099,2.3214842779866086e-4,2.2325709627052525e-4,-6.0580171123982325e0,27.948618009674,arc-168,supported,supported,false
source:bto-bfo-medium:370027,bto-bfo-medium,370027,3570,arc1-current-polar-best-glide-equal-feed,60,-37.655203816456,89.779645843686,1394238991.638745,3.2855300788310359e-5,9.4551564672025233e-7,-9.5671021134964036e0,21.079659165153,arc-167,supported,supported,false
source:bto-bfo-medium:370027,bto-bfo-medium,370027,3624,arc1-current-polar-best-glide-equal-feed,61,-38.294037946891,89.012182734454,1394239051.268705,1.7655340547177890e-4,1.6979137449290706e-4,-6.0580171123982325e0,33.920409025190,arc-168,supported,supported,false
source:bto-bfo-medium:370027,bto-bfo-medium,370027,3687,arc1-current-polar-best-glide-equal-feed,62,-38.430446296767,88.132746689296,1394238757.406023,1.0841381718530560e-4,2.3689620396600083e-4,-5.2372976342015818e0,20.555178869591,arc-169,supported,supported,false
source:bto-bfo-medium:370027,bto-bfo-medium,370027,3751,arc1-current-polar-best-glide-equal-feed,63,-38.000904607371,89.280881844879,1394238941.625226,1.5918632857349734e-4,1.5308946013671763e-4,-6.0580171123982325e0,23.683459217692,arc-168,supported,supported,false
source:bto-bfo-medium:370027,bto-bfo-medium,370027,3810,arc1-current-polar-best-glide-equal-feed,64,-37.629765403391,90.091414304023,1394239007.826825,2.9888809088726454e-4,8.6014542485272846e-6,-9.5671021134964036e0,30.652479006753,arc-167,supported,supported,false
source:bto-bfo-medium:370027,bto-bfo-medium,370027,3866,arc1-current-polar-best-glide-equal-feed,65,-38.049495866200,89.915949195392,1394239155.750862,7.3797581631638264e-4,2.1237598332277347e-5,-9.5671021134964036e0,45.158827553477,arc-167,supported,supported,false
source:bto-bfo-medium:370027,bto-bfo-medium,370027,3927,arc1-current-polar-best-glide-equal-feed,66,-38.207827011443,88.893741018714,1394238934.735256,1.3072623530465451e-4,1.2571939417055551e-4,-6.0580171123982325e0,28.426992484834,arc-168,supported,supported,false
source:bto-bfo-medium:370027,bto-bfo-medium,370027,3992,arc1-current-polar-best-glide-equal-feed,67,-38.133800916155,89.401099774194,1394239122.652262,1.2579542706972724e-4,1.2097743688385184e-4,-6.0580171123982325e0,33.321735347429,arc-168,supported,supported,false
source:bto-bfo-medium:370027,bto-bfo-medium,370027,4053,arc1-current-polar-best-glide-equal-feed,68,-38.236857473593,88.360131054138,1394238704.105850,8.9910580389704434e-5,1.9646458121011447e-4,-5.2372976342015818e0,9.164665971865,arc-169,supported,supported,false
source:bto-bfo-medium:370027,bto-bfo-medium,370027,4113,arc1-current-polar-best-glide-equal-feed,69,-38.770907209763,88.367948660545,1394239091.592736,3.5212023450713196e-4,1.5266950461764839e-3,-4.5520762908770394e0,40.260740958801,arc-170,supported,supported,false
source:bto-bfo-medium:370027,bto-bfo-medium,370027,4174,arc1-current-polar-best-glide-equal-feed,70,-37.778468333644,89.807583746216,1394239034.120400,1.3900129667864872e-4,4.0002038566278291e-6,-9.5671021134964036e0,28.213488558208,arc-167,supported,supported,false
source:bto-bfo-medium:370027,bto-bfo-medium,370027,4243,arc1-current-polar-best-glide-equal-feed,71,-38.514409969685,88.732352980009,1394238980.439759,6.9793917873047016e-4,1.5250744446880962e-3,-5.2372976342015818e0,33.061373519305,arc-169,supported,supported,false
source:bto-bfo-medium:370027,bto-bfo-medium,370027,4300,arc1-current-polar-best-glide-equal-feed,72,-37.778792444932,90.019840433746,1394239079.626574,3.4219558015235264e-4,9.8477648205759568e-6,-9.5671021134964036e0,33.884858343462,arc-167,supported,supported,false
source:bto-bfo-medium:370027,bto-bfo-medium,370027,4355,arc1-current-polar-best-glide-equal-feed,73,-37.973290935832,89.887459013051,1394239073.129812,8.1059330892994887e-4,2.3327397355397221e-5,-9.5671021134964036e0,40.422656364716,arc-167,supported,supported,false
source:bto-bfo-medium:370027,bto-bfo-medium,370027,4409,arc1-current-polar-best-glide-equal-feed,74,-38.446263637448,88.946416164211,1394239061.472677,5.2117917410591911e-4,1.1388342476752334e-3,-5.2372976342015818e0,38.151584853081,arc-169,supported,supported,false
source:bto-bfo-medium:370027,bto-bfo-medium,370027,4471,arc1-current-polar-best-glide-equal-feed,75,-37.863586698826,89.997010651984,1394239103.968517,4.8517001572817841e-4,1.3962308369848156e-5,-9.5671021134964036e0,37.210015077714,arc-167,supported,supported,false
source:bto-bfo-medium:370027,bto-bfo-medium,370027,4529,arc1-current-polar-best-glide-equal-feed,76,-38.189404521782,89.189132776443,1394238997.427886,3.7324570413309159e-4,3.5895031851119168e-4,-6.0580171123982325e0,30.289333354205,arc-168,supported,supported,false
source:bto-bfo-medium:370027,bto-bfo-medium,370027,4586,arc1-current-polar-best-glide-equal-feed,77,-39.082303414573,87.280540251511,1394238909.121428,1.8859319899470575e-4,2.7244501561125245e-10,-1.9466630226633967e1,22.826163838358,arc-171,supported,supported,false
source:bto-bfo-medium:370027,bto-bfo-medium,370027,4646,arc1-current-polar-best-glide-equal-feed,78,-37.830283670684,90.234369949481,1394239148.423017,7.0048773756552197e-4,2.0158759783429479e-5,-9.5671021134964036e0,43.316670367471,arc-167,supported,supported,false
source:bto-bfo-medium:370027,bto-bfo-medium,370027,4709,arc1-current-polar-best-glide-equal-feed,79,-38.393200574100,89.014121613034,1394239045.221262,5.5203594238054652e-4,1.2062597056168485e-3,-5.2372976342015818e0,39.383412678312,arc-169,supported,supported,false
source:bto-bfo-medium:370027,bto-bfo-medium,370027,4767,arc1-current-polar-best-glide-equal-feed,80,-38.327588525651,89.250172044015,1394239053.964494,7.9643195699287883e-4,7.6592845267723936e-4,-6.0580171123982325e0,39.025551954793,arc-168,supported,supported,false
source:bto-bfo-medium:370027,bto-bfo-medium,370027,4829,arc1-current-polar-best-glide-equal-feed,81,-38.072484396809,89.028336658831,1394238902.375839,9.5559509389826202e-5,9.1899560939140063e-5,-6.0580171123982325e0,21.019280767251,arc-168,supported,supported,false
source:bto-bfo-medium:370027,bto-bfo-medium,370027,4891,arc1-current-polar-best-glide-equal-feed,82,-37.985634598360,89.894385212083,1394239139.817622,5.1952165123429978e-4,1.4950885801256851e-5,-9.5671021134964036e0,41.233019896055,arc-167,supported,supported,false
source:bto-bfo-medium:370027,bto-bfo-medium,370027,4952,arc1-current-polar-best-glide-equal-feed,83,-38.270921260050,89.506489175906,1394239134.402637,7.4258563463425881e-4,7.1414445530699523e-4,-6.0580171123982325e0,42.746308112484,arc-168,supported,supported,false
source:bto-bfo-medium:370027,bto-bfo-medium,370027,5011,arc1-current-polar-best-glide-equal-feed,84,-37.776755811040,90.041473634710,1394239090.234076,3.2876593402554870e-4,9.4612840933221361e-6,-9.5671021134964036e0,34.485596462127,arc-167,supported,supported,false
source:bto-bfo-medium:370027,bto-bfo-medium,370027,5070,arc1-current-polar-best-glide-equal-feed,85,-37.755979554765,89.304739444513,1394238767.810574,9.0725759458911540e-5,8.7250944603862503e-5,-6.0580171123982325e0,18.676886918836,arc-168,supported,supported,false
source:bto-bfo-medium:370027,bto-bfo-medium,370027,5129,arc1-current-polar-best-glide-equal-feed,86,-38.244681410289,89.288467546266,1394239104.922282,2.9381654341804664e-4,2.8256331064471812e-4,-6.0580171123982325e0,35.423647978803,arc-168,supported,supported,false
source:bto-bfo-medium:370027,bto-bfo-medium,370027,5190,arc1-current-polar-best-glide-equal-feed,87,-37.784952494762,89.779931157430,1394239030.802010,1.2660411546234839e-4,3.6434355868511333e-6,-9.5671021134964036e0,28.020902070781,arc-167,supported,supported,false
source:bto-bfo-medium:370027,bto-bfo-medium,370027,5246,arc1-current-polar-best-glide-equal-feed,88,-37.930160062144,89.576493943675,1394238967.809486,3.8832273567467854e-4,3.7344989670895208e-4,-6.0580171123982325e0,33.614921372176,arc-168,supported,supported,false
source:bto-bfo-medium:370027,bto-bfo-medium,370027,5309,arc1-current-polar-best-glide-equal-feed,89,-38.523448637593,88.986876046062,1394239123.098191,6.0207768761500271e-4,1.3156064641173248e-3,-5.2372976342015818e0,42.337401828846,arc-169,supported,supported,false
source:bto-bfo-medium:370027,bto-bfo-medium,370027,5366,arc1-current-polar-best-glide-equal-feed,90,-37.775373450241,89.826243582118,1394239024.569399,1.8049164365599058e-4,5.1942203871015589e-6,-9.5671021134964036e0,28.448289408848,arc-167,supported,supported,false
source:bto-bfo-medium:370027,bto-bfo-medium,370027,5424,arc1-current-polar-best-glide-equal-feed,91,-38.374807473881,89.156807688667,1394239065.781828,7.0533055095236945e-4,6.7831624883149121e-4,-6.0580171123982325e0,40.139825913067,arc-168,supported,supported,false
source:bto-bfo-medium:370027,bto-bfo-medium,370027,5484,arc1-current-polar-best-glide-equal-feed,92,-37.633890845146,89.883803383963,1394238955.313807,1.2417193225565675e-4,3.5734417891247280e-6,-9.5671021134964036e0,23.107138640797,arc-167,supported,supported,false
source:bto-bfo-medium:370027,bto-bfo-medium,370027,5543,arc1-current-polar-best-glide-equal-feed,93,-37.907812498398,89.779333350961,1394239018.552228,5.6379066683267848e-4,1.6224867347883303e-5,-9.5671021134964036e0,34.912241020360,arc-167,supported,supported,false
source:bto-bfo-medium:370027,bto-bfo-medium,370027,5598,arc1-current-polar-best-glide-equal-feed,94,-37.648063634159,90.080826439638,1394239028.243046,2.5147101893959655e-4,7.2368773804886413e-6,-9.5671021134964036e0,30.837039750602,arc-167,supported,supported,false
source:bto-bfo-medium:370027,bto-bfo-medium,370027,5655,arc1-current-polar-best-glide-equal-feed,95,-38.350043276545,89.245842107677,1394239080.558626,7.4216692061407417e-4,7.1374177811809236e-4,-6.0580171123982325e0,40.177534720563,arc-168,supported,supported,false
source:bto-bfo-medium:370027,bto-bfo-medium,370027,5707,arc1-current-polar-best-glide-equal-feed,96,-38.679707596890,88.236577351787,1394238952.994298,3.6678221293952128e-4,1.5902652919228182e-3,-4.5520762908770394e0,32.357771378863,arc-170,supported,supported,false
source:bto-bfo-medium:370027,bto-bfo-medium,370027,5772,arc1-current-polar-best-glide-equal-feed,97,-38.358840897330,89.122366296179,1394239119.620852,2.8081824978117969e-4,2.7006285427136931e-4,-6.0580171123982325e0,38.774369922333,arc-168,supported,supported,false
source:bto-bfo-medium:370027,bto-bfo-medium,370027,5833,arc1-current-polar-best-glide-equal-feed,98,-37.991485735887,89.373950994511,1394238975.022708,1.7903084636546507e-4,1.7217392890152850e-4,-6.0580171123982325e0,26.773103264558,arc-168,supported,supported,false
source:bto-bfo-medium:370027,bto-bfo-medium,370027,5888,arc1-current-polar-best-glide-equal-feed,99,-38.391807641043,89.074743211745,1394239095.011850,4.1508433763411443e-4,3.9918652392485142e-4,-6.0580171123982325e0,40.200146591687,arc-168,supported,supported,false
source:bto-bfo-medium:370027,bto-bfo-medium,370027,5955,arc1-current-polar-best-glide-equal-feed,100,-38.608921232413,88.224056562661,1394238911.945838,2.5895092386218020e-4,1.1227389224495337e-3,-4.5520762908770394e0,30.353977965244,arc-170,supported,supported,false
source:bto-bfo-medium:370027,bto-bfo-medium,370027,6012,arc1-current-polar-best-glide-equal-feed,101,-38.371911025358,89.150693002132,1394239120.591676,3.8285574334429300e-4,3.6819229128560771e-4,-6.0580171123982325e0,39.890741023789,arc-168,supported,supported,false
source:bto-bfo-medium:370027,bto-bfo-medium,370027,6069,arc1-current-polar-best-glide-equal-feed,102,-38.310714104426,89.567438655769,1394239151.988937,9.1001273498151963e-4,8.7515906399924907e-4,-6.0580171123982325e0,46.440725635918,arc-168,supported,supported,false
source:bto-bfo-medium:370027,bto-bfo-medium,370027,6134,arc1-current-polar-best-glide-equal-feed,103,-37.997395672245,89.280123761500,1394238944.880070,1.4133559366007951e-4,1.3592241196475717e-4,-6.0580171123982325e0,23.515389682223,arc-168,supported,supported,false
source:bto-bfo-medium:370027,bto-bfo-medium,370027,6196,arc1-current-polar-best-glide-equal-feed,104,-38.222723419328,88.913078359323,1394238956.742632,1.3751125537981172e-4,1.3224454661066009e-4,-6.0580171123982325e0,29.307862592706,arc-168,supported,supported,false
source:bto-bfo-medium:370027,bto-bfo-medium,370027,6254,arc1-current-polar-best-glide-equal-feed,105,-38.228127428802,89.273517263344,1394239071.212346,3.6013587121186608e-4,3.4634259483053430e-4,-6.0580171123982325e0,34.210005692075,arc-168,supported,supported,false
source:bto-bfo-medium:370027,bto-bfo-medium,370027,6305,arc1-current-polar-best-glide-equal-feed,106,-38.193386232838,89.336195092527,1394239064.317650,4.0338913097826825e-4,3.8793924603877221e-4,-6.0580171123982325e0,34.080225280360,arc-168,supported,supported,false
source:bto-bfo-medium:370027,bto-bfo-medium,370027,6357,arc1-current-polar-best-glide-equal-feed,107,-37.726940620653,90.067993593237,1394239088.579472,2.4126651768330992e-4,6.9432104417209292e-6,-9.5671021134964036e0,33.290517397886,arc-167,supported,supported,false
source:bto-bfo-medium:370027,bto-bfo-medium,370027,6419,arc1-current-polar-best-glide-equal-feed,108,-38.444324751265,88.819090292113,1394238987.091810,5.8418941499968364e-4,1.2765186062399945e-3,-5.2372976342015818e0,33.180694790612,arc-169,supported,supported,false
source:bto-bfo-medium:370027,bto-bfo-medium,370027,6479,arc1-current-polar-best-glide-equal-feed,109,-37.695872761626,90.133219276264,1394239127.551300,1.3520880891118846e-4,3.8910629740885612e-6,-9.5671021134964036e0,34.528103714704,arc-167,supported,supported,false
source:bto-bfo-medium:370027,bto-bfo-medium,370027,6542,arc1-current-polar-best-glide-equal-feed,110,-39.025957403649,87.480858177633,1394238941.500571,2.1556374758285006e-4,3.1140713922074379e-10,-1.9466630226633967e1,28.541632112346,arc-171,supported,supported,false
source:bto-bfo-medium:370027,bto-bfo-medium,370027,6599,arc1-current-polar-best-glide-equal-feed,111,-38.188944395376,89.159563205279,1394238966.167735,4.4827785407397508e-4,4.3110872200149931e-4,-6.0580171123982325e0,29.685144919775,arc-168,supported,supported,false
source:bto-bfo-medium:370027,bto-bfo-medium,370027,6658,arc1-current-polar-best-glide-equal-feed,112,-37.959308025668,89.534526590602,1394238985.428908,3.3237902616213512e-4,3.1964884253509167e-4,-6.0580171123982325e0,32.440326574870,arc-168,supported,supported,false
source:bto-bfo-medium:370027,bto-bfo-medium,370027,6719,arc1-current-polar-best-glide-equal-feed,113,-37.778849418873,90.058095182698,1394239113.332809,2.7758072768580287e-4,7.9882671884805779e-6,-9.5671021134964036e0,35.119174958891,arc-167,supported,supported,false
source:bto-bfo-medium:370027,bto-bfo-medium,370027,6774,arc1-current-polar-best-glide-equal-feed,114,-38.650824995679,88.744703537899,1394239093.157806,7.1393829974972852e-4,1.5600342969897332e-3,-5.2372976342015818e0,39.859046320693,arc-169,supported,supported,false
source:bto-bfo-medium:370027,bto-bfo-medium,370027,6827,arc1-current-polar-best-glide-equal-feed,115,-37.517804387334,89.613696464850,1394238686.570101,1.5569598225793045e-4,4.4806464656908412e-6,-9.5671021134964036e0,10.210341341808,arc-167,supported,supported,false
source:bto-bfo-medium:370027,bto-bfo-medium,370027,6881,arc1-current-polar-best-glide-equal-feed,116,-37.874701033107,89.837577408052,1394239078.827533,2.8450126449563432e-4,8.1874276186212171e-6,-9.5671021134964036e0,34.053076369031,arc-167,supported,supported,false
source:bto-bfo-medium:370027,bto-bfo-medium,370027,6942,arc1-current-polar-best-glide-equal-feed,117,-38.017064973378,89.836106893951,1394239109.600149,6.6419227603737305e-4,1.9114242583574607e-5,-9.5671021134964036e0,41.987616550898,arc-167,supported,supported,false
source:bto-bfo-medium:370027,bto-bfo-medium,370027,7003,arc1-current-polar-best-glide-equal-feed,118,-37.965449124999,90.047650306786,1394239161.771922,6.8726530603025252e-4,1.9778242314274805e-5,-9.5671021134964036e0,43.619741982805,arc-167,supported,supported,false
source:bto-bfo-medium:370027,bto-bfo-medium,370027,7061,arc1-current-polar-best-glide-equal-feed,119,-37.574719058835,90.456506442267,1394239096.766831,5.4499863511208043e-4,3.9561090003468720e-3,-4.0367312205080452e0,38.866816967833,arc-166,supported,supported,false
source:bto-bfo-medium:370027,bto-bfo-medium,370027,7119,arc1-current-polar-best-glide-equal-feed,120,-38.049681079972,89.120580719637,1394238928.289772,9.9377405406164769e-5,9.5571230769313567e-5,-6.0580171123982325e0,21.338111757198,arc-168,supported,supported,false
source:bto-bfo-medium:370027,bto-bfo-medium,370027,7181,arc1-current-polar-best-glide-equal-feed,121,-37.620684602330,90.026147869097,1394239033.233636,1.0174925695510531e-4,2.9281580805810330e-6,-9.5671021134964036e0,27.763694304596,arc-167,supported,supported,false
source:bto-bfo-medium:370027,bto-bfo-medium,370027,7236,arc1-current-polar-best-glide-equal-feed,122,-38.152988005572,88.966664560977,1394238966.156790,6.2309980820616839e-5,5.9923496008975797e-5,-6.0580171123982325e0,25.252537213794,arc-168,supported,supported,false
source:bto-bfo-medium:370027,bto-bfo-medium,370027,7289,arc1-current-polar-best-glide-equal-feed,123,-38.112538455546,89.427352033337,1394239061.137039,3.2104306045234790e-4,3.0874704659450360e-4,-6.0580171123982325e0,33.317289110626,arc-168,supported,supported,false
source:bto-bfo-medium:370027,bto-bfo-medium,370027,7353,arc1-current-polar-best-glide-equal-feed,124,-38.737629879239,88.429717430435,1394239063.949792,5.0892463791841526e-4,1.1120567281712238e-3,-5.2372976342015818e0,38.826355932770,arc-169,supported,supported,false
source:bto-bfo-medium:370027,bto-bfo-medium,370027,7407,arc1-current-polar-best-glide-equal-feed,125,-38.066067222721,89.559269868811,1394239092.726937,2.9657426855843403e-4,2.8521541435695642e-4,-6.0580171123982325e0,36.546602361909,arc-168,supported,supported,false
source:bto-bfo-medium:370027,bto-bfo-medium,370027,7467,arc1-current-polar-best-glide-equal-feed,126,-38.057269728905,89.214070978405,1394238997.914612,7.7394682423199897e-5,7.4430450502851702e-5,-6.0580171123982325e0,24.079134283657,arc-168,supported,supported,false
source:bto-bfo-medium:370027,bto-bfo-medium,370027,7527,arc1-current-polar-best-glide-equal-feed,127,-38.529467719119,89.152310654499,1394239134.578315,9.0162951697977305e-4,1.9701604048414380e-3,-5.2372976342015818e0,49.009013725796,arc-169,supported,supported,false
source:bto-bfo-medium:370027,bto-bfo-medium,370027,7588,arc1-current-polar-best-glide-equal-feed,128,-38.504203859587,89.050151579039,1394239110.888119,7.4034384666289710e-4,1.6177333430133951e-3,-5.2372976342015818e0,44.133442529953,arc-169,supported,supported,false
source:bto-bfo-medium:370027,bto-bfo-medium,370027,7645,arc1-current-polar-best-glide-equal-feed,129,-37.962386811054,89.858861262820,1394239129.959955,3.9432377521969743e-4,1.1347919221505876e-5,-9.5671021134964036e0,39.293211346740,arc-167,supported,supported,false
source:bto-bfo-medium:370027,bto-bfo-medium,370027,7704,arc1-current-polar-best-glide-equal-feed,130,-38.815899591892,88.439896671032,1394239053.330824,8.8331731742428705e-4,1.9301462196241821e-3,-5.2372976342015818e0,43.528086029699,arc-169,supported,supported,false
source:bto-bfo-medium:370027,bto-bfo-medium,370027,7761,arc1-current-polar-best-glide-equal-feed,131,-38.493718334901,88.816057491577,1394239044.147561,4.9909754205555246e-4,1.0905834347630314e-3,-5.2372976342015818e0,34.971533195545,arc-169,supported,supported,false
source:bto-bfo-medium:370027,bto-bfo-medium,370027,7815,arc1-current-polar-best-glide-equal-feed,132,-37.967392613131,89.614216217331,1394239014.298081,4.2837669564689773e-4,4.1196978194930819e-4,-6.0580171123982325e0,36.094078799364,arc-168,supported,supported,false
source:bto-bfo-medium:370027,bto-bfo-medium,370027,7877,arc1-current-polar-best-glide-equal-feed,133,-38.171748148894,89.321969422657,1394239088.034832,2.0518323369290750e-4,1.9732467452850602e-4,-6.0580171123982325e0,32.636108457244,arc-168,supported,supported,false
source:bto-bfo-medium:370027,bto-bfo-medium,370027,7932,arc1-current-polar-best-glide-equal-feed,134,-37.963652671419,89.846332421384,1394239095.455797,5.6070252067094012e-4,1.6135996132425688e-5,-9.5671021134964036e0,39.144292615915,arc-167,supported,supported,false
source:bto-bfo-medium:370027,bto-bfo-medium,370027,7992,arc1-current-polar-best-glide-equal-feed,135,-38.057912045340,89.561086509341,1394239036.509872,5.5080149445105341e-4,5.2970568630884124e-4,-6.0580171123982325e0,36.356468281571,arc-168,supported,supported,false
source:bto-bfo-medium:370027,bto-bfo-medium,370027,8049,arc1-current-polar-best-glide-equal-feed,136,-38.342784860821,89.232091765159,1394239093.078058,6.1356050345394528e-4,5.9006101263029841e-4,-6.0580171123982325e0,39.524075260308,arc-168,supported,supported,false
source:bto-bfo-medium:370027,bto-bfo-medium,370027,8103,arc1-current-polar-best-glide-equal-feed,137,-38.138301518539,89.542150360873,1394239146.190204,2.6154270534951845e-4,2.5152556707260150e-4,-6.0580171123982325e0,38.433742653253,arc-168,supported,supported,false
source:bto-bfo-medium:370027,bto-bfo-medium,370027,8159,arc1-current-polar-best-glide-equal-feed,138,-37.843869997123,89.734836853908,1394239005.828047,2.7796820037077446e-4,7.9994179458173701e-6,-9.5671021134964036e0,30.614123589928,arc-167,supported,supported,false
source:bto-bfo-medium:370027,bto-bfo-medium,370027,8216,arc1-current-polar-best-glide-equal-feed,139,-39.087481592577,87.795895965006,1394239044.638377,6.3679089486860124e-4,2.7609475666939914e-3,-4.5520762908770394e0,38.482897284433,arc-170,supported,supported,false
source:bto-bfo-medium:370027,bto-bfo-medium,370027,8276,arc1-current-polar-best-glide-equal-feed,140,-38.516460480780,88.710269492063,1394238953.015358,7.7790647279554889e-4,1.6998118434559143e-3,-5.2372976342015818e0,32.470467417168,arc-169,supported,supported,false
source:bto-bfo-medium:370027,bto-bfo-medium,370027,8334,arc1-current-polar-best-glide-equal-feed,141,-38.216267978231,89.183817255397,1394239003.834886,4.2712610175999187e-4,4.1076708606007983e-4,-6.0580171123982325e0,31.647121969635,arc-168,supported,supported,false
source:bto-bfo-medium:370027,bto-bfo-medium,370027,8389,arc1-current-polar-best-glide-equal-feed,142,-37.972483276355,89.642582806681,1394239024.753239,4.5219411874040705e-4,1.3013322184408441e-5,-9.5671021134964036e0,37.293287102671,arc-167,supported,supported,false
source:bto-bfo-medium:370027,bto-bfo-medium,370027,8451,arc1-current-polar-best-glide-equal-feed,143,-38.462449110775,88.776779604330,1394239028.987270,3.6106692588096326e-4,7.8897124314581486e-4,-5.2372976342015818e0,32.344258191138,arc-169,supported,supported,false
source:bto-bfo-medium:370027,bto-bfo-medium,370027,8513,arc1-current-polar-best-glide-equal-feed,144,-38.614465414955,88.875982492875,1394239109.843059,7.8112012444281841e-4,1.7068340284123391e-3,-5.2372976342015818e0,42.049438154328,arc-169,supported,supported,false
source:bto-bfo-medium:370027,bto-bfo-medium,370027,8579,arc1-current-polar-best-glide-equal-feed,145,-38.563651351506,88.492300050908,1394238965.552030,4.1422891004260696e-4,9.0513606945820326e-4,-5.2372976342015818e0,29.607917011942,arc-169,supported,supported,false
source:bto-bfo-medium:370027,bto-bfo-medium,370027,8636,arc1-current-polar-best-glide-equal-feed,146,-38.141043002167,89.194038948875,1394238995.732076,2.2599776501416329e-4,2.1734200510911949e-4,-6.0580171123982325e0,27.812800129171,arc-168,supported,supported,false
source:bto-bfo-medium:370027,bto-bfo-medium,370027,8694,arc1-current-polar-best-glide-equal-feed,147,-38.106819156320,89.164738037174,1394238979.521474,1.4800746440596068e-4,1.4233874871767929e-4,-6.0580171123982325e0,25.346645437569,arc-168,supported,supported,false
source:bto-bfo-medium:370027,bto-bfo-medium,370027,8757,arc1-current-polar-best-glide-equal-feed,148,-38.035772110766,89.338868343202,1394238950.902988,3.2662456861966136e-4,3.1411478187516357e-4,-6.0580171123982325e0,27.122522957983,arc-168,supported,supported,false
source:bto-bfo-medium:370027,bto-bfo-medium,370027,8816,arc1-current-polar-best-glide-equal-feed,149,-38.294826562046,88.813590918087,1394238955.258653,1.7040304228499277e-4,3.7234952988118018e-4,-5.2372976342015818e0,28.331543526502,arc-169,supported,supported,false
source:bto-bfo-medium:370027,bto-bfo-medium,370027,8881,arc1-current-polar-best-glide-equal-feed,150,-38.278935736779,88.869689090597,1394238941.349448,2.5823265850269172e-4,5.6426697378226739e-4,-5.2372976342015818e0,30.431810289760,arc-169,supported,supported,false
source:bto-bfo-medium:370027,bto-bfo-medium,370027,8936,arc1-current-polar-best-glide-equal-feed,151,-37.685687491352,90.082220452216,1394239023.411573,4.0381718859889583e-4,1.1621122347803510e-5,-9.5671021134964036e0,32.223287057508,arc-167,supported,supported,false
source:bto-bfo-medium:370027,bto-bfo-medium,370027,8996,arc1-current-polar-best-glide-equal-feed,152,-38.621865532751,88.517153908330,1394239026.366417,4.3383215516468128e-4,9.4797133230017862e-4,-5.2372976342015818e0,33.288446548538,arc-169,supported,supported,false
source:bto-bfo-medium:370027,bto-bfo-medium,370027,9059,arc1-current-polar-best-glide-equal-feed,153,-38.444688083307,88.939207481070,1394239045.627751,5.8047046296437509e-4,1.2683922839429910e-3,-5.2372976342015818e0,37.814778393478,arc-169,supported,supported,false
source:bto-bfo-medium:370027,bto-bfo-medium,370027,9126,arc1-current-polar-best-glide-equal-feed,154,-37.810162009966,89.637168482480,1394238995.478607,9.0664973361680127e-5,2.6091726103887588e-6,-9.5671021134964036e0,27.602821592730,arc-167,supported,supported,false
source:bto-bfo-medium:370027,bto-bfo-medium,370027,9184,arc1-current-polar-best-glide-equal-feed,155,-39.028261162295,86.918948332285,1394238701.555957,1.3137218840827484e-4,1.8978254842997630e-10,-1.9466630226633967e1,12.859274887862,arc-171,supported,supported,false
source:bto-bfo-medium:370027,bto-bfo-medium,370027,9246,arc1-current-polar-best-glide-equal-feed,156,-38.085590925135,89.244938443897,1394238952.293414,2.9684194185059074e-4,2.8547283570812704e-4,-6.0580171123982325e0,26.314445040579,arc-168,supported,supported,false
source:bto-bfo-medium:370027,bto-bfo-medium,370027,9308,arc1-current-polar-best-glide-equal-feed,157,-37.861062349540,90.257264295276,1394239167.067594,7.6433061246565005e-4,2.1996041308825051e-5,-9.5671021134964036e0,45.352274336352,arc-167,supported,supported,false
source:bto-bfo-medium:370027,bto-bfo-medium,370027,9369,arc1-current-polar-best-glide-equal-feed,158,-39.047909848642,87.467049688694,1394238959.102619,1.9996478365373661e-4,2.8887260460422151e-10,-1.9466630226633967e1,28.584914237216,arc-171,supported,supported,false
source:bto-bfo-medium:370027,bto-bfo-medium,370027,9426,arc1-current-polar-best-glide-equal-feed,159,-38.052761580287,88.678853770396,1394238671.407848,1.4335110847803206e-4,3.1323805686796755e-4,-5.2372976342015818e0,19.829079226120,arc-169,supported,supported,false
source:bto-bfo-medium:370027,bto-bfo-medium,370027,9492,arc1-current-polar-best-glide-equal-feed,160,-37.562489405180,90.060217428678,1394239023.461352,7.0107862131656279e-5,2.0175764340338015e-6,-9.5671021134964036e0,27.365774472827,arc-167,supported,supported,false
source:bto-bfo-medium:370027,bto-bfo-medium,370027,9556,arc1-current-polar-best-glide-equal-feed,161,-38.092658707346,89.560833800366,1394239123.282937,2.5146441988937079e-4,2.4183328197485598e-4,-6.0580171123982325e0,37.496114584443,arc-168,supported,supported,false
source:bto-bfo-medium:370027,bto-bfo-medium,370027,9612,arc1-current-polar-best-glide-equal-feed,162,-38.248103734007,89.113007523813,1394239010.306870,3.7108166924780251e-4,3.5686916659774092e-4,-6.0580171123982325e0,32.261531040576,arc-168,supported,supported,false
source:bto-bfo-medium:370027,bto-bfo-medium,370027,9669,arc1-current-polar-best-glide-equal-feed,163,-38.338218481143,89.141143971266,1394239048.205149,6.1854620680400966e-4,5.9485576253817609e-4,-6.0580171123982325e0,37.823668403545,arc-168,supported,supported,false
source:bto-bfo-medium:370027,bto-bfo-medium,370027,9728,arc1-current-polar-best-glide-equal-feed,164,-37.888464484996,89.803096108452,1394239035.134849,4.5544355040407630e-4,1.3106834902515731e-5,-9.5671021134964036e0,34.195640504115,arc-167,supported,supported,false
source:bto-bfo-medium:370027,bto-bfo-medium,370027,9792,arc1-current-polar-best-glide-equal-feed,165,-38.648383998304,88.311336682688,1394238968.112344,3.3729856175710653e-4,7.3703473374499534e-4,-5.2372976342015818e0,32.755787974740,arc-169,supported,supported,false
source:bto-bfo-medium:370027,bto-bfo-medium,370027,9852,arc1-current-polar-best-glide-equal-feed,166,-37.696447167878,89.931432277840,1394239010.621299,1.8658357958788074e-4,5.3695351948864932e-6,-9.5671021134964036e0,27.401023085468,arc-167,supported,supported,false
source:bto-bfo-medium:370027,bto-bfo-medium,370027,9917,arc1-current-polar-best-glide-equal-feed,167,-38.053514527481,89.241498864334,1394238947.986153,2.1375762908562403e-4,2.0557066885121402e-4,-6.0580171123982325e0,24.697844570117,arc-168,supported,supported,false
source:bto-bfo-medium:370027,bto-bfo-medium,370027,9980,arc1-current-polar-best-glide-equal-feed,168,-38.213639978053,89.016015735845,1394238928.615471,3.7253349360242253e-4,3.5826538578725189e-4,-6.0580171123982325e0,29.178514324912,arc-168,supported,supported,false
source:bto-bfo-medium:370027,bto-bfo-medium,370027,10037,arc1-current-polar-best-glide-equal-feed,169,-38.307070092220,89.530537846540,1394239142.556306,8.7500635442232363e-4,8.4149343486405949e-4,-6.0580171123982325e0,45.128452157433,arc-168,supported,supported,false
source:bto-bfo-medium:370027,bto-bfo-medium,370027,10096,arc1-current-polar-best-glide-equal-feed,170,-37.867554641264,89.579506175561,1394238962.240234,2.1130181097337488e-4,6.0808808217252426e-6,-9.5671021134964036e0,30.759413338179,arc-167,supported,supported,false
source:bto-bfo-medium:370027,bto-bfo-medium,370027,10163,arc1-current-polar-best-glide-equal-feed,171,-38.439595272933,88.684796569415,1394238947.833844,4.2826189045885025e-4,9.3579968667274272e-4,-5.2372976342015818e0,28.258280063272,arc-169,supported,supported,false
source:bto-bfo-medium:370027,bto-bfo-medium,370027,10225,arc1-current-polar-best-glide-equal-feed,172,-37.989488601373,88.904023080552,1394238750.771244,1.1386269460811717e-4,1.0950173047819569e-4,-6.0580171123982325e0,15.309312591941,arc-168,supported,supported,false
source:bto-bfo-medium:370027,bto-bfo-medium,370027,10285,arc1-current-polar-best-glide-equal-feed,173,-37.723352399532,89.799207878445,1394238992.780040,1.1671526772381847e-4,3.3588525807463373e-6,-9.5671021134964036e0,25.088689435207,arc-167,supported,supported,false
source:bto-bfo-medium:370027,bto-bfo-medium,370027,10347,arc1-current-polar-best-glide-equal-feed,174,-37.949779682944,89.450524985021,1394238992.485531,1.4721195417215428e-4,1.4157370668600489e-4,-6.0580171123982325e0,28.604654206454,arc-168,supported,supported,false
source:bto-bfo-medium:370027,bto-bfo-medium,370027,10406,arc1-current-polar-best-glide-equal-feed,175,-38.654495651344,88.785431973177,1394239092.632435,8.2195862678413536e-4,1.7960706813730830e-3,-5.2372976342015818e0,41.153138283257,arc-169,supported,supported,false
source:bto-bfo-medium:370027,bto-bfo-medium,370027,10465,arc1-current-polar-best-glide-equal-feed,176,-38.198701250847,89.237785158147,1394239019.223709,4.2334859906478198e-4,4.0713426247870259e-4,-6.0580171123982325e0,31.841458778781,arc-168,supported,supported,false
source:bto-bfo-medium:370027,bto-bfo-medium,370027,10525,arc1-current-polar-best-glide-equal-feed,177,-38.049116719709,89.105573533466,1394238932.351178,8.1275104545686246e-5,7.8162251676717798e-5,-6.0580171123982325e0,20.988190579934,arc-168,supported,supported,false
source:bto-bfo-medium:370027,bto-bfo-medium,370027,10584,arc1-current-polar-best-glide-equal-feed,178,-37.874874325860,89.677531971962,1394238971.849969,3.9771768837365020e-4,1.1445589853448887e-5,-9.5671021134964036e0,31.762457785155,arc-167,supported,supported,false
source:bto-bfo-medium:370027,bto-bfo-medium,370027,10647,arc1-current-polar-best-glide-equal-feed,179,-38.227993128383,89.479145491433,1394239152.135072,4.0303005395573259e-4,3.8759392173850035e-4,-6.0580171123982325e0,39.965713723268,arc-168,supported,supported,false
source:bto-bfo-medium:370027,bto-bfo-medium,370027,10705,arc1-current-polar-best-glide-equal-feed,180,-38.095298436709,89.908142831542,1394239145.407461,9.0653240507694588e-4,2.6088349602453122e-5,-9.5671021134964036e0,47.570507887220,arc-167,supported,supported,false
source:bto-bfo-medium:370027,bto-bfo-medium,370027,10762,arc1-current-polar-best-glide-equal-feed,181,-37.670632373277,89.910894085071,1394239019.916106,9.3053101069967437e-5,2.6778985712040348e-6,-9.5671021134964036e0,25.597153232803,arc-167,supported,supported,false
source:bto-bfo-medium:370027,bto-bfo-medium,370027,10821,arc1-current-polar-best-glide-equal-feed,182,-38.094671621752,89.658883284230,1394239134.643913,4.0458817447992974e-4,3.8909236593289077e-4,-6.0580171123982325e0,41.449522537167,arc-168,supported,supported,false
source:bto-bfo-medium:370027,bto-bfo-medium,370027,10883,arc1-current-polar-best-glide-equal-feed,183,-37.907559411022,89.877716004867,1394239102.726067,3.7557189854325076e-4,1.0808274403849609e-5,-9.5671021134964036e0,36.639604038000,arc-167,supported,supported,false
source:bto-bfo-medium:370027,bto-bfo-medium,370027,10938,arc1-current-polar-best-glide-equal-feed,184,-37.895378437022,89.700650301689,1394239000.636880,3.9789192493349464e-4,1.1450604063929681e-5,-9.5671021134964036e0,33.193283879086,arc-167,supported,supported,false
source:bto-bfo-medium:370027,bto-bfo-medium,370027,11001,arc1-current-polar-best-glide-equal-feed,185,-38.155692725335,89.771189088682,1394239114.064903,9.4653755752375135e-4,9.1028497848378350e-4,-6.0580171123982325e0,47.886024623139,arc-168,supported,supported,false
source:bto-bfo-medium:370027,bto-bfo-medium,370027,11057,arc1-current-polar-best-glide-equal-feed,186,-38.256509225056,89.494090258496,1394239128.645765,6.9221552090550844e-4,6.6570352707615672e-4,-6.0580171123982325e0,41.710669925957,arc-168,supported,supported,false
source:bto-bfo-medium:370027,bto-bfo-medium,370027,11117,arc1-current-polar-best-glide-equal-feed,187,-38.186780569702,89.651688530321,1394239152.070704,6.5897616478707236e-4,6.3373724498985273e-4,-6.0580171123982325e0,44.297172681886,arc-168,supported,supported,false
source:bto-bfo-medium:370027,bto-bfo-medium,370027,11172,arc1-current-polar-best-glide-equal-feed,188,-37.915248341040,90.024745492680,1394239123.484106,6.5505023132007270e-4,1.8851151206663513e-5,-9.5671021134964036e0,40.509227764846,arc-167,supported,supported,false
source:bto-bfo-medium:370027,bto-bfo-medium,370027,11232,arc1-current-polar-best-glide-equal-feed,189,-38.352510264266,88.558102602157,1394238877.657838,1.6738692145242811e-4,3.6575897164342272e-4,-5.2372976342015818e0,20.357151981031,arc-169,supported,supported,false
source:bto-bfo-medium:370027,bto-bfo-medium,370027,11290,arc1-current-polar-best-glide-equal-feed,190,-38.443741699500,89.022329706412,1394239126.043168,3.4212483377208059e-4,7.4758067290052270e-4,-5.2372976342015818e0,41.136850336938,arc-169,supported,supported,false
source:bto-bfo-medium:370027,bto-bfo-medium,370027,11346,arc1-current-polar-best-glide-equal-feed,191,-38.077741095651,89.658425141604,1394239138.329797,3.2126889402820416e-4,3.0896423069893262e-4,-6.0580171123982325e0,40.913287646915,arc-168,supported,supported,false
source:bto-bfo-medium:370027,bto-bfo-medium,370027,11401,arc1-current-polar-best-glide-equal-feed,192,-37.901500245497,89.818024987448,1394239077.542073,3.4897256227300839e-4,1.0042794008526737e-5,-9.5671021134964036e0,35.180727816211,arc-167,supported,supported,false
source:bto-bfo-medium:370027,bto-bfo-medium,370027,11465,arc1-current-polar-best-glide-equal-feed,193,-38.383394381348,88.992372025065,1394239069.296234,3.3929684176558269e-4,7.4140119699441702e-4,-5.2372976342015818e0,38.205536892867,arc-169,supported,supported,false
source:bto-bfo-medium:370027,bto-bfo-medium,370027,11522,arc1-current-polar-best-glide-equal-feed,194,-37.854193507461,90.249187380220,1394239156.958676,7.7349699680304379e-4,2.2259833135620309e-5,-9.5671021134964036e0,44.792026556705,arc-167,supported,supported,false
source:bto-bfo-medium:370027,bto-bfo-medium,370027,11578,arc1-current-polar-best-glide-equal-feed,195,-38.423156627298,89.225511503717,1394239111.513171,8.1672795983811833e-4,7.8544711452687452e-4,-6.0580171123982325e0,43.912473657311,arc-168,supported,supported,false
source:bto-bfo-medium:370027,bto-bfo-medium,370027,11633,arc1-current-polar-best-glide-equal-feed,196,-37.723839299858,90.223898348890,1394239072.809698,6.7146940693658919e-4,1.9323665141376487e-5,-9.5671021134964036e0,39.016524187826,arc-167,supported,supported,false
source:bto-bfo-medium:370027,bto-bfo-medium,370027,11693,arc1-current-polar-best-glide-equal-feed,197,-37.883245205015,89.750872741050,1394239031.767540,3.3509941127870358e-4,9.6435500198947594e-6,-9.5671021134964036e0,33.097120210543,arc-167,supported,supported,false
source:bto-bfo-medium:370027,bto-bfo-medium,370027,11753,arc1-current-polar-best-glide-equal-feed,198,-37.883842355294,90.033148926944,1394239130.451626,5.0193902305675656e-4,1.4444889823333969e-5,-9.5671021134964036e0,39.196539604621,arc-167,supported,supported,false
source:bto-bfo-medium:370027,bto-bfo-medium,370027,11813,arc1-current-polar-best-glide-equal-feed,199,-37.500095196122,89.538869274285,1394238744.312881,1.8671684956843588e-5,5.3733704619158683e-7,-9.5671021134964036e0,8.673441698253,arc-167,supported,supported,false
source:bto-bfo-medium:370027,bto-bfo-medium,370027,11873,arc1-current-polar-best-glide-equal-feed,200,-38.046870563416,89.451206202290,1394238996.863337,4.3021359526723485e-4,4.1373632794432382e-4,-6.0580171123982325e0,31.680097985916,arc-168,supported,supported,false
source:bto-bfo-medium:370027,bto-bfo-medium,370027,11940,arc1-current-polar-best-glide-equal-feed,201,-38.021980632266,88.884023438023,1394238823.000613,4.3666621787280896e-5,4.1994181380485926e-5,-6.0580171123982325e0,17.307021533217,arc-168,supported,supported,false
source:bto-bfo-medium:370027,bto-bfo-medium,370027,11996,arc1-current-polar-best-glide-equal-feed,202,-37.952442205834,89.560577310101,1394239029.941597,2.0009998253617048e-4,1.9243611291459254e-4,-6.0580171123982325e0,33.405209698576,arc-168,supported,supported,false
source:bto-bfo-medium:370027,bto-bfo-medium,370027,12054,arc1-current-polar-best-glide-equal-feed,203,-38.154864711731,89.796461060384,1394239153.664879,8.5305285062093868e-4,8.2038075467863968e-4,-6.0580171123982325e0,48.880800931165,arc-168,supported,supported,false
source:bto-bfo-medium:370027,bto-bfo-medium,370027,12112,arc1-current-polar-best-glide-equal-feed,204,-38.429882537364,88.963212756172,1394239033.538904,6.4313995855233758e-4,1.4053320762563331e-3,-5.2372976342015818e0,38.312777919805,arc-169,supported,supported,false
source:bto-bfo-medium:370027,bto-bfo-medium,370027,12170,arc1-current-polar-best-glide-equal-feed,205,-37.868214488835,89.900478883669,1394239091.114803,3.3933366353552789e-4,9.7654040789029019e-6,-9.5671021134964036e0,35.024975286600,arc-167,supported,supported,false
source:bto-bfo-medium:370027,bto-bfo-medium,370027,12225,arc1-current-polar-best-glide-equal-feed,206,-37.986673140620,89.694222498001,1394239091.911480,3.0509407001729123e-4,8.7800510116026151e-6,-9.5671021134964036e0,38.504296437183,arc-167,supported,supported,false
source:bto-bfo-medium:370027,bto-bfo-medium,370027,12285,arc1-current-polar-best-glide-equal-feed,207,-38.772826965314,87.814341425509,1394238929.716588,8.3213216556244038e-5,3.6078927889688094e-4,-4.5520762908770394e0,20.981602734689,arc-170,supported,supported,false
source:bto-bfo-medium:370027,bto-bfo-medium,370027,12349,arc1-current-polar-best-glide-equal-feed,208,-38.414651340442,88.943780781933,1394239076.251115,3.1717670051451127e-4,6.9306623721144178e-4,-5.2372976342015818e0,37.062522318818,arc-169,supported,supported,false
source:bto-bfo-medium:370027,bto-bfo-medium,370027,12410,arc1-current-polar-best-glide-equal-feed,209,-38.231558105876,88.218034659880,1394238683.614291,2.9129167021769013e-5,6.3650457767333509e-5,-5.2372976342015818e0,7.961344941090,arc-169,supported,supported,false
source:bto-bfo-medium:370027,bto-bfo-medium,370027,12475,arc1-current-polar-best-glide-equal-feed,210,-37.983188799877,89.260173495235,1394238907.125414,1.7979127159822164e-4,1.7290522969475798e-4,-6.0580171123982325e0,22.243083298699,arc-168,supported,supported,false
source:bto-bfo-medium:370027,bto-bfo-medium,370027,12541,arc1-current-polar-best-glide-equal-feed,211,-37.701087239180,90.062392928170,1394239071.988678,2.1363135540566807e-4,6.1479208626810481e-6,-9.5671021134964036e0,32.071563772132,arc-167,supported,supported,false
source:bto-bfo-medium:370027,bto-bfo-medium,370027,12597,arc1-current-polar-best-glide-equal-feed,212,-37.892024643579,89.375144919043,1394238892.404598,1.6297924746080106e-4,1.5673710946692752e-4,-6.0580171123982325e0,23.903427493038,arc-168,supported,supported,false
source:bto-bfo-medium:370027,bto-bfo-medium,370027,12658,arc1-current-polar-best-glide-equal-feed,213,-37.968810288004,89.511228195528,1394239012.251594,2.1861366532223189e-4,2.1024071792218900e-4,-6.0580171123982325e0,31.686546538048,arc-168,supported,supported,false
source:bto-bfo-medium:370027,bto-bfo-medium,370027,12715,arc1-current-polar-best-glide-equal-feed,214,-38.134413437757,88.653003245770,1394238685.775120,2.8507323638260473e-4,6.2291661067437212e-4,-5.2372976342015818e0,18.446587059406,arc-169,supported,supported,false
source:bto-bfo-medium:370027,bto-bfo-medium,370027,12779,arc1-current-polar-best-glide-equal-feed,215,-38.011204609344,89.837281169153,1394239123.187170,5.7081426522242378e-4,1.6426993702366328e-5,-9.5671021134964036e0,41.673601723324,arc-167,supported,supported,false
source:bto-bfo-medium:370027,bto-bfo-medium,370027,12841,arc1-current-polar-best-glide-equal-feed,216,-37.729572240293,89.814909846776,1394238994.870860,1.4246335323228379e-4,4.0998355313576795e-6,-9.5671021134964036e0,25.777069992443,arc-167,supported,supported,false
source:bto-bfo-medium:370027,bto-bfo-medium,370027,12895,arc1-current-polar-best-glide-equal-feed,217,-38.002927699932,89.270236608752,1394238931.967569,1.7195804662573777e-4,1.6537201881595197e-4,-6.0580171123982325e0,23.397048714963,arc-168,supported,supported,false
source:bto-bfo-medium:370027,bto-bfo-medium,370027,12957,arc1-current-polar-best-glide-equal-feed,218,-37.743655808759,89.888144482481,1394239009.666629,2.4064844737037573e-4,6.9254235051344146e-6,-9.5671021134964036e0,28.349294347319,arc-167,supported,supported,false
source:bto-bfo-medium:370027,bto-bfo-medium,370027,13014,arc1-current-polar-best-glide-equal-feed,219,-38.286693678262,89.044452284975,1394239011.264829,3.6529817431773149e-4,3.5130718068800728e-4,-6.0580171123982325e0,33.733173056874,arc-168,supported,supported,false
source:bto-bfo-medium:370027,bto-bfo-medium,370027,13074,arc1-current-polar-best-glide-equal-feed,220,-37.786124473554,90.029231587128,1394239081.665506,3.8068537235411208e-4,1.0955430855967206e-5,-9.5671021134964036e0,34.509949030146,arc-167,supported,supported,false
source:bto-bfo-medium:370027,bto-bfo-medium,370027,13126,arc1-current-polar-best-glide-equal-feed,221,-38.102259160028,88.958675168783,1394238878.492532,1.2300210566275848e-4,1.1829110024920959e-4,-6.0580171123982325e0,22.184228728076,arc-168,supported,supported,false
source:bto-bfo-medium:370027,bto-bfo-medium,370027,13189,arc1-current-polar-best-glide-equal-feed,222,-37.860390080877,89.703385262960,1394239034.120448,1.7819394612457711e-4,5.1280968418818807e-6,-9.5671021134964036e0,31.177385861808,arc-167,supported,supported,false
source:bto-bfo-medium:370027,bto-bfo-medium,370027,13245,arc1-current-polar-best-glide-equal-feed,223,-38.010735075512,89.550694071345,1394239093.300806,1.3970670451310681e-4,1.3435590960009266e-4,-6.0580171123982325e0,34.502204823443,arc-168,supported,supported,false
source:bto-bfo-medium:370027,bto-bfo-medium,370027,13304,arc1-current-polar-best-glide-equal-feed,224,-38.319172806286,89.495838169977,1394239146.891170,8.3157721588950745e-4,7.9972764108157462e-4,-6.0580171123982325e0,44.650160593952,arc-168,supported,supported,false
source:bto-bfo-medium:370027,bto-bfo-medium,370027,13360,arc1-current-polar-best-glide-equal-feed,225,-37.727409756277,90.377714918350,1394239136.096077,7.2369086636865155e-4,2.0826503520660229e-5,-9.5671021134964036e0,45.346653402426,arc-167,supported,supported,false
source:bto-bfo-medium:370027,bto-bfo-medium,370027,13417,arc1-current-polar-best-glide-equal-feed,226,-37.670928338964,89.984695573954,1394239037.511929,1.3627891360938306e-4,3.9218586360212037e-6,-9.5671021134964036e0,28.099520397728,arc-167,supported,supported,false
source:bto-bfo-medium:370027,bto-bfo-medium,370027,13477,arc1-current-polar-best-glide-equal-feed,227,-37.875551982150,89.827571361863,1394239050.467080,3.9973010613241980e-4,1.1503503567004987e-5,-9.5671021134964036e0,33.910679615397,arc-167,supported,supported,false
source:bto-bfo-medium:370027,bto-bfo-medium,370027,13539,arc1-current-polar-best-glide-equal-feed,228,-37.962787713767,90.166257091428,1394239158.905865,9.2131415174496784e-4,2.6513741317796688e-5,-9.5671021134964036e0,46.801130052685,arc-167,supported,supported,false
source:bto-bfo-medium:370027,bto-bfo-medium,370027,13601,arc1-current-polar-best-glide-equal-feed,229,-37.469941377000,90.089642501284,1394238981.402540,4.4855560946904713e-5,1.2908612522214987e-6,-9.5671021134964036e0,26.703469109093,arc-167,supported,supported,false
source:bto-bfo-medium:370027,bto-bfo-medium,370027,13665,arc1-current-polar-best-glide-equal-feed,230,-38.525884068600,88.859055879782,1394239019.731326,8.4813708421703255e-4,1.8532735117183965e-3,-5.2372976342015818e0,37.764856243686,arc-169,supported,supported,false
source:bto-bfo-medium:370027,bto-bfo-medium,370027,13730,arc1-current-polar-best-glide-equal-feed,231,-38.132773056973,89.656505131842,1394239129.260040,5.8266662998410212e-4,5.6035038073487965e-4,-6.0580171123982325e0,42.586501851890,arc-168,supported,supported,false
source:bto-bfo-medium:370027,bto-bfo-medium,370027,13784,arc1-current-polar-best-glide-equal-feed,232,-38.038289540774,89.837675709004,1394239148.268030,5.3317331357477223e-4,1.5343755750304821e-5,-9.5671021134964036e0,43.217543949659,arc-167,supported,supported,false
source:bto-bfo-medium:370027,bto-bfo-medium,370027,13842,arc1-current-polar-best-glide-equal-feed,233,-38.113239970415,89.590404591356,1394239076.221885,6.3582388173323806e-4,6.1147169903872842e-4,-6.0580171123982325e0,39.349092603749,arc-168,supported,supported,false
source:bto-bfo-medium:370027,bto-bfo-medium,370027,13897,arc1-current-polar-best-glide-equal-feed,234,-37.748097726960,90.234429919998,1394239102.541311,6.3581038483252533e-4,1.8297463507631912e-5,-9.5671021134964036e0,40.260677575608,arc-167,supported,supported,false
source:bto-bfo-medium:370027,bto-bfo-medium,370027,13957,arc1-current-polar-best-glide-equal-feed,235,-37.909855662873,89.668675637312,1394239025.421522,2.8469804107287780e-4,8.1930904897022226e-6,-9.5671021134964036e0,33.751432360589,arc-167,supported,supported,false
source:bto-bfo-medium:370027,bto-bfo-medium,370027,14014,arc1-current-polar-best-glide-equal-feed,236,-38.514146560699,89.040848324729,1394239078.920174,8.8942532775028004e-4,1.9434928990196662e-3,-5.2372976342015818e0,44.094829306392,arc-169,supported,supported,false
source:bto-bfo-medium:370027,bto-bfo-medium,370027,14080,arc1-current-polar-best-glide-equal-feed,237,-38.604932083446,88.605909452613,1394239095.571491,2.2711772343656910e-4,4.9627739279358004e-4,-5.2372976342015818e0,34.101276891532,arc-169,supported,supported,false
source:bto-bfo-medium:370027,bto-bfo-medium,370027,14134,arc1-current-polar-best-glide-equal-feed,238,-38.325042784523,89.004543636733,1394239042.076820,2.7980134697751561e-4,2.6908489904984098e-4,-6.0580171123982325e0,35.718674227764,arc-168,supported,supported,false
source:bto-bfo-medium:370027,bto-bfo-medium,370027,14189,arc1-current-polar-best-glide-equal-feed,239,-37.942371322368,89.732086151306,1394239071.128120,3.2404069446916766e-4,9.3253003151231144e-6,-9.5671021134964036e0,36.281975843557,arc-167,supported,supported,false
source:bto-bfo-medium:370027,bto-bfo-medium,370027,14245,arc1-current-polar-best-glide-equal-feed,240,-38.423224480603,89.233706719299,1394239122.661882,7.7810740873953744e-4,7.4830573831167731e-4,-6.0580171123982325e0,44.048374470079,arc-168,supported,supported,false
source:bto-bfo-medium:370027,bto-bfo-medium,370027,14301,arc1-current-polar-best-glide-equal-feed,241,-37.844580706222,89.928178920150,1394239053.608952,4.9984514996022128e-4,1.4384631973686612e-5,-9.5671021134964036e0,34.458884533506,arc-167,supported,supported,false
source:bto-bfo-medium:370027,bto-bfo-medium,370027,14352,arc1-current-polar-best-glide-equal-feed,242,-37.791025800513,90.052629902270,1394239069.978348,5.0911759463134949e-4,1.4651476023491195e-5,-9.5671021134964036e0,35.473690609984,arc-167,supported,supported,false
source:bto-bfo-medium:370027,bto-bfo-medium,370027,14407,arc1-current-polar-best-glide-equal-feed,243,-37.881228064794,89.710516739872,1394238997.876179,3.7950452150971417e-4,1.0921448121886777e-5,-9.5671021134964036e0,32.472992580702,arc-167,supported,supported,false
source:bto-bfo-medium:370027,bto-bfo-medium,370027,14459,arc1-current-polar-best-glide-equal-feed,244,-38.026509292528,89.261775907985,1394239007.325124,6.3698056725463057e-5,6.1258408327175175e-5,-6.0580171123982325e0,24.114603190644,arc-168,supported,supported,false
source:bto-bfo-medium:370027,bto-bfo-medium,370027,14521,arc1-current-polar-best-glide-equal-feed,245,-37.967459895659,89.160184833499,1394238801.097750,2.9609464463319123e-4,2.8475416012462294e-4,-6.0580171123982325e0,18.265226061968,arc-168,supported,supported,false
source:bto-bfo-medium:370027,bto-bfo-medium,370027,14584,arc1-current-polar-best-glide-equal-feed,246,-38.249695846204,89.196522136267,1394239037.535648,4.2953200629569649e-4,4.1308084396763435e-4,-6.0580171123982325e0,33.725205823811,arc-168,supported,supported,false
source:bto-bfo-medium:370027,bto-bfo-medium,370027,14640,arc1-current-polar-best-glide-equal-feed,247,-37.563276329270,90.150053201593,1394239006.720099,2.1014058950117760e-4,6.0474629851836062e-6,-9.5671021134964036e0,31.260919072752,arc-167,supported,supported,false
source:bto-bfo-medium:370027,bto-bfo-medium,370027,14704,arc1-current-polar-best-glide-equal-feed,248,-37.699734098120,89.326974887658,1394238727.974283,8.9606295497336136e-5,8.6174356337421245e-5,-6.0580171123982325e0,19.806672467079,arc-168,supported,supported,false
source:bto-bfo-medium:370027,bto-bfo-medium,370027,14767,arc1-current-polar-best-glide-equal-feed,249,-38.369256848130,88.730234175680,1394238996.473368,1.2990426843913596e-4,2.8385522132858508e-4,-5.2372976342015818e0,27.132106672064,arc-169,supported,supported,false
source:bto-bfo-medium:370027,bto-bfo-medium,370027,14829,arc1-current-polar-best-glide-equal-feed,250,-38.348896838002,89.010641463278,1394239058.191722,3.0614382753838020e-4,2.9441845730112461e-4,-6.0580171123982325e0,37.175456290940,arc-168,supported,supported,false
source:bto-bfo-medium:370027,bto-bfo-medium,370027,14883,arc1-current-polar-best-glide-equal-feed,251,-38.293864686723,89.029801983769,1394239030.028158,2.8183111743926428e-4,2.7103692889420672e-4,-6.0580171123982325e0,34.036266739591,arc-168,supported,supported,false
source:bto-bfo-medium:370027,bto-bfo-medium,370027,14939,arc1-current-polar-best-glide-equal-feed,252,-38.109426399726,89.355783443616,1394238961.574467,6.0751227181359111e-4,5.8424442947959060e-4,-6.0580171123982325e0,30.785200291727,arc-168,supported,supported,false
source:bto-bfo-medium:370027,bto-bfo-medium,370027,15004,arc1-current-polar-best-glide-equal-feed,253,-37.780402770137,89.248671952903,1394238722.799778,1.6060559156935063e-4,1.5445436507405895e-4,-6.0580171123982325e0,16.203351027188,arc-168,supported,supported,false
source:bto-bfo-medium:370027,bto-bfo-medium,370027,15062,arc1-current-polar-best-glide-equal-feed,254,-38.132511099634,89.308698963158,1394239013.804250,3.4710403677424721e-4,3.3380988227585607e-4,-6.0580171123982325e0,30.384386766357,arc-168,supported,supported,false
source:bto-bfo-medium:370027,bto-bfo-medium,370027,15117,arc1-current-polar-best-glide-equal-feed,255,-37.825165137269,89.857607942688,1394239012.819247,4.5528944612825218e-4,1.3102400062458763e-5,-9.5671021134964036e0,31.786832238750,arc-167,supported,supported,false
source:bto-bfo-medium:370027,bto-bfo-medium,370027,15167,arc1-current-polar-best-glide-equal-feed,256,-38.254982097927,88.992822413564,1394239049.428195,8.7078595962664887e-5,8.3743468203884138e-5,-6.0580171123982325e0,31.476228828985,arc-168,supported,supported,false
source:bto-bfo-medium:370027,bto-bfo-medium,370027,15227,arc1-current-polar-best-glide-equal-feed,257,-38.124370774725,89.253807314475,1394239005.180787,2.4106134360287617e-4,2.3182864560480969e-4,-6.0580171123982325e0,28.447974897673,arc-168,supported,supported,false
source:bto-bfo-medium:370027,bto-bfo-medium,370027,15284,arc1-current-polar-best-glide-equal-feed,258,-37.976834378619,90.016014550265,1394239160.693992,6.6878874178138167e-4,1.9246520486266037e-5,-9.5671021134964036e0,43.405267648403,arc-167,supported,supported,false
source:bto-bfo-medium:370027,bto-bfo-medium,370027,15337,arc1-current-polar-best-glide-equal-feed,259,-38.275958660181,89.398056376083,1394239125.286472,5.5879178350183448e-4,5.3738994568012025e-4,-6.0580171123982325e0,39.807878083906,arc-168,supported,supported,false
source:bto-bfo-medium:370027,bto-bfo-medium,370027,15395,arc1-current-polar-best-glide-equal-feed,260,-38.485016178132,88.497552520823,1394238903.866323,3.8229542764101564e-4,8.3535787183767498e-4,-5.2372976342015818e0,25.374510064216,arc-169,supported,supported,false
source:bto-bfo-medium:370027,bto-bfo-medium,370027,15449,arc1-current-polar-best-glide-equal-feed,261,-38.192852291380,89.562621061969,1394239072.014706,8.7798508167270242e-4,8.4435807626097737e-4,-6.0580171123982325e0,41.288197510908,arc-168,supported,supported,false
source:bto-bfo-medium:370027,bto-bfo-medium,370027,15514,arc1-current-polar-best-glide-equal-feed,262,-38.286577326346,88.173708123204,1394238678.199915,5.5931708942256534e-5,1.2221698187330063e-4,-5.2372976342015818e0,11.763903677448,arc-169,supported,supported,false
source:bto-bfo-medium:370027,bto-bfo-medium,370027,15571,arc1-current-polar-best-glide-equal-feed,263,-37.787386670805,90.064943346099,1394239104.743043,3.5488949017558816e-4,1.0213072404346382e-5,-9.5671021134964036e0,35.714175475855,arc-167,supported,supported,false
source:bto-bfo-medium:370027,bto-bfo-medium,370027,15634,arc1-current-polar-best-glide-equal-feed,264,-37.733413659692,90.085951161319,1394239087.743304,2.9118657548188927e-4,8.3798186784815763e-6,-9.5671021134964036e0,34.186158333424,arc-167,supported,supported,false
source:bto-bfo-medium:370027,bto-bfo-medium,370027,15688,arc1-current-polar-best-glide-equal-feed,265,-38.162165561267,89.156057317725,1394239000.675945,2.1078101722600467e-4,2.0270806182516316e-4,-6.0580171123982325e0,28.147157464099,arc-168,supported,supported,false
source:bto-bfo-medium:370027,bto-bfo-medium,370027,15742,arc1-current-polar-best-glide-equal-feed,266,-37.998684936704,89.538604340105,1394239006.380219,4.0098436408483352e-4,3.8562658220155956e-4,-6.0580171123982325e0,33.656106267634,arc-168,supported,supported,false
source:bto-bfo-medium:370027,bto-bfo-medium,370027,15801,arc1-current-polar-best-glide-equal-feed,267,-38.351393119624,88.168303964073,1394238731.339360,6.3599206138669379e-5,1.3897131288855753e-4,-5.2372976342015818e0,15.525827604399,arc-169,supported,supported,false
source:bto-bfo-medium:370027,bto-bfo-medium,370027,15861,arc1-current-polar-best-glide-equal-feed,268,-38.243973427083,89.055917786579,1394238978.727138,3.5799737199012103e-4,3.4428600055957226e-4,-6.0580171123982325e0,31.329871165109,arc-168,supported,supported,false
source:bto-bfo-medium:370027,bto-bfo-medium,370027,15924,arc1-current-polar-best-glide-equal-feed,269,-38.047614840302,89.350868052630,1394238949.436247,3.9838351153125565e-4,3.8312534282446939e-4,-6.0580171123982325e0,28.019550269073,arc-168,supported,supported,false
source:bto-bfo-medium:370027,bto-bfo-medium,370027,15982,arc1-current-polar-best-glide-equal-feed,270,-38.715826856885,88.467998197765,1394239073.460953,4.5280460291817167e-4,9.8942823299267017e-4,-5.2372976342015818e0,37.958992744059,arc-169,supported,supported,false
source:bto-bfo-medium:370027,bto-bfo-medium,370027,16037,arc1-current-polar-best-glide-equal-feed,271,-38.652217851478,88.506883002922,1394239031.358788,5.0680895277240077e-4,1.1074337216865299e-3,-5.2372976342015818e0,34.834241437597,arc-169,supported,supported,false
source:bto-bfo-medium:370027,bto-bfo-medium,370027,16093,arc1-current-polar-best-glide-equal-feed,272,-37.976219015031,89.805144550738,1394239084.321029,5.6632390242605172e-4,1.6297769249034558e-5,-9.5671021134964036e0,39.195420165411,arc-167,supported,supported,false
source:bto-bfo-medium:370027,bto-bfo-medium,370027,16149,arc1-current-polar-best-glide-equal-feed,273,-38.272248041452,89.329974052460,1394239083.843430,6.0227713333230236e-4,5.7920979785623845e-4,-6.0580171123982325e0,37.849526099780,arc-168,supported,supported,false
source:bto-bfo-medium:370027,bto-bfo-medium,370027,16214,arc1-current-polar-best-glide-equal-feed,274,-38.130876151481,88.907563165159,1394238830.504551,2.4457107794896902e-4,2.3520395641875671e-4,-6.0580171123982325e0,23.794333011853,arc-168,supported,supported,false
source:bto-bfo-medium:370027,bto-bfo-medium,370027,16275,arc1-current-polar-best-glide-equal-feed,275,-38.170078749267,89.609661927533,1394239119.000509,6.8644425896077961e-4,6.6015330562596347e-4,-6.0580171123982325e0,42.115725611035,arc-168,supported,supported,false
source:bto-bfo-medium:370027,bto-bfo-medium,370027,16332,arc1-current-polar-best-glide-equal-feed,276,-37.926173329628,89.880924261165,1394239065.353279,6.5342583264924655e-4,1.8804403974925395e-5,-9.5671021134964036e0,37.715895405220,arc-167,supported,supported,false
source:bto-bfo-medium:370027,bto-bfo-medium,370027,16393,arc1-current-polar-best-glide-equal-feed,277,-38.383270469482,88.550376841710,1394238945.100535,8.2244371375657420e-5,1.7971306501607100e-4,-5.2372976342015818e0,21.514712774048,arc-169,supported,supported,false
source:bto-bfo-medium:370027,bto-bfo-medium,370027,16455,arc1-current-polar-best-glide-equal-feed,278,-37.800033246857,89.975415058762,1394239018.653578,6.2199211312317720e-4,1.7899798844751426e-5,-9.5671021134964036e0,33.527183119796,arc-167,supported,supported,false
source:bto-bfo-medium:370027,bto-bfo-medium,370027,16513,arc1-current-polar-best-glide-equal-feed,279,-38.435035490444,88.666992359685,1394238954.755311,3.3773691187026218e-4,7.3799257731614403e-4,-5.2372976342015818e0,27.478007164093,arc-169,supported,supported,false
source:bto-bfo-medium:370027,bto-bfo-medium,370027,16578,arc1-current-polar-best-glide-equal-feed,280,-37.847620708708,89.601110969995,1394239029.566429,6.1749741455552603e-5,1.7770449615828267e-6,-9.5671021134964036e0,29.633183851423,arc-167,supported,supported,false
source:bto-bfo-medium:370027,bto-bfo-medium,370027,16636,arc1-current-polar-best-glide-equal-feed,281,-37.774661499730,89.982054309945,1394239071.216518,2.8041422796029587e-4,8.0698101596370750e-6,-9.5671021134964036e0,32.530309691204,arc-167,supported,supported,false
source:bto-bfo-medium:370027,bto-bfo-medium,370027,16688,arc1-current-polar-best-glide-equal-feed,282,-38.070497161645,89.478478499369,1394239087.995434,1.8813425196545448e-4,1.8092867223405375e-4,-6.0580171123982325e0,33.559946743912,arc-168,supported,supported,false
source:bto-bfo-medium:370027,bto-bfo-medium,370027,16747,arc1-current-polar-best-glide-equal-feed,283,-38.194683536921,88.698767410885,1394238742.147171,3.7739073172773967e-4,8.2464056777414722e-4,-5.2372976342015818e0,21.218980653961,arc-169,supported,supported,false
source:bto-bfo-medium:370027,bto-bfo-medium,370027,16809,arc1-current-polar-best-glide-equal-feed,284,-38.013582128809,89.500156265027,1394239051.575624,1.9550158403463716e-4,1.8801383400156264e-4,-6.0580171123982325e0,32.509412159204,arc-168,supported,supported,false
source:bto-bfo-medium:370027,bto-bfo-medium,370027,16866,arc1-current-polar-best-glide-equal-feed,285,-38.310096641212,89.329715172117,1394239108.214435,6.2064643819935265e-4,5.9687555464819268e-4,-6.0580171123982325e0,39.796726224213,arc-168,supported,supported,false
source:bto-bfo-medium:370027,bto-bfo-medium,370027,16921,arc1-current-polar-best-glide-equal-feed,286,-37.927360727272,89.937726223719,1394239127.104377,4.6463577107580957e-4,1.3371370251902028e-5,-9.5671021134964036e0,38.987700480079,arc-167,supported,supported,false
source:bto-bfo-medium:370027,bto-bfo-medium,370027,16976,arc1-current-polar-best-glide-equal-feed,287,-38.382910921487,89.117616628083,1394239108.630342,4.0405370885429831e-4,3.8857837044833649e-4,-6.0580171123982325e0,40.117695471256,arc-168,supported,supported,false
source:bto-bfo-medium:370027,bto-bfo-medium,370027,17030,arc1-current-polar-best-glide-equal-feed,288,-37.756869109717,90.103415996324,1394239073.575936,4.8037983591474738e-4,1.3824455729466461e-5,-9.5671021134964036e0,35.742790460643,arc-167,supported,supported,false
source:bto-bfo-medium:370027,bto-bfo-medium,370027,17091,arc1-current-polar-best-glide-equal-feed,289,-38.376855070149,88.969336686484,1394239027.053939,4.6493367426084594e-4,1.0159315979078741e-3,-5.2372976342015818e0,37.058771908119,arc-169,supported,supported,false
source:bto-bfo-medium:370027,bto-bfo-medium,370027,17150,arc1-current-polar-best-glide-equal-feed,290,-38.118666114083,89.549785232410,1394239094.007639,4.6701576451332904e-4,4.4912896669811861e-4,-6.0580171123982325e0,37.991212825037,arc-168,supported,supported,false
source:bto-bfo-medium:370027,bto-bfo-medium,370027,17202,arc1-current-polar-best-glide-equal-feed,291,-37.802257771967,90.143025237726,1394239104.118142,6.0897605408455737e-4,1.7525220399740524e-5,-9.5671021134964036e0,38.972723111552,arc-167,supported,supported,false
source:bto-bfo-medium:370027,bto-bfo-medium,370027,17259,arc1-current-polar-best-glide-equal-feed,292,-38.065946498778,89.522807690885,1394239049.733368,4.1595728149732892e-4,4.0002603386233622e-4,-6.0580171123982325e0,35.106283321884,arc-168,supported,supported,false
source:bto-bfo-medium:370027,bto-bfo-medium,370027,17314,arc1-current-polar-best-glide-equal-feed,293,-38.328966393521,88.970134543202,1394239023.358797,3.0662280862789375e-4,2.9487909331846613e-4,-6.0580171123982325e0,35.791454062449,arc-168,supported,supported,false
source:bto-bfo-medium:370027,bto-bfo-medium,370027,17381,arc1-current-polar-best-glide-equal-feed,294,-38.411802091407,88.141839945349,1394238766.594664,7.4020223118523697e-5,1.6174238975021893e-4,-5.2372976342015818e0,19.358945872418,arc-169,supported,supported,false
source:bto-bfo-medium:370027,bto-bfo-medium,370027,17439,arc1-current-polar-best-glide-equal-feed,295,-37.878986676030,89.616872408480,1394239010.803897,1.6102435050617130e-4,4.6339871878671256e-6,-9.5671021134964036e0,31.578465443036,arc-167,supported,supported,false
source:bto-bfo-medium:370027,bto-bfo-medium,370027,17493,arc1-current-polar-best-glide-equal-feed,296,-37.863912869864,89.851821883283,1394239035.417020,4.8475328173405312e-4,1.3950315525390390e-5,-9.5671021134964036e0,33.746048933479,arc-167,supported,supported,false
source:bto-bfo-medium:370027,bto-bfo-medium,370027,17549,arc1-current-polar-best-glide-equal-feed,297,-38.338082404388,88.926878872019,1394239003.548930,3.3381461683781692e-4,7.2942192803780725e-4,-5.2372976342015818e0,34.262671862256,arc-169,supported,supported,false
source:bto-bfo-medium:370027,bto-bfo-medium,370027,17600,arc1-current-polar-best-glide-equal-feed,298,-37.890285857901,89.645952423391,1394239006.456704,2.4891954131253912e-4,7.1634505068714079e-6,-9.5671021134964036e0,32.422060268476,arc-167,supported,supported,false
source:bto-bfo-medium:370027,bto-bfo-medium,370027,17654,arc1-current-polar-best-glide-equal-feed,299,-37.871273184995,89.587127837901,1394238998.270540,1.4049288452820313e-4,4.0431290351035293e-6,-9.5671021134964036e0,31.001824549008,arc-167,supported,supported,false
source:bto-bfo-medium:370027,bto-bfo-medium,370027,17713,arc1-current-polar-best-glide-equal-feed,300,-37.985746717762,89.771384455835,1394239110.892901,3.7532207739487120e-4,1.0801085006735363e-5,-9.5671021134964036e0,39.276348621013,arc-167,supported,supported,false
source:bto-bfo-medium:370027,bto-bfo-medium,370027,17775,arc1-current-polar-best-glide-equal-feed,301,-38.499601558567,89.011645930075,1394239138.917972,4.6473845694417951e-4,1.0155050264387812e-3,-5.2372976342015818e0,42.468840589105,arc-169,supported,supported,false
source:bto-bfo-medium:370027,bto-bfo-medium,370027,17838,arc1-current-polar-best-glide-equal-feed,302,-37.474842009638,89.688290187792,1394238707.643062,1.1737062293423617e-4,3.3777125086953288e-6,-9.5671021134964036e0,9.774270488020,arc-167,supported,supported,false
source:bto-bfo-medium:370027,bto-bfo-medium,370027,17897,arc1-current-polar-best-glide-equal-feed,303,-38.266696273678,88.945747947496,1394238975.467541,2.3713502521222239e-4,2.2805270599908826e-4,-6.0580171123982325e0,31.987210175820,arc-168,supported,supported,false
source:bto-bfo-medium:370027,bto-bfo-medium,370027,17954,arc1-current-polar-best-glide-equal-feed,304,-37.831560822919,89.920509095991,1394239098.083764,2.3672598032494565e-4,6.8125420559857577e-6,-9.5671021134964036e0,33.602893046508,arc-167,supported,supported,false
source:bto-bfo-medium:370027,bto-bfo-medium,370027,18005,arc1-current-polar-best-glide-equal-feed,305,-38.013654707806,89.892172648257,1394239112.723851,7.7509910745906911e-4,2.2305938958933586e-5,-9.5671021134964036e0,42.739613192561,arc-167,supported,supported,false
source:bto-bfo-medium:370027,bto-bfo-medium,370027,18066,arc1-current-polar-best-glide-equal-feed,306,-38.017745809546,89.483544726276,1394239066.279784,1.4198990552485746e-4,1.3655166355336742e-4,-6.0580171123982325e0,31.968862854677,arc-168,supported,supported,false
source:bto-bfo-medium:370027,bto-bfo-medium,370027,18122,arc1-current-polar-best-glide-equal-feed,307,-37.742882225850,90.121626889814,1394239042.092021,6.4238555459069822e-4,1.8486684903785019e-5,-9.5671021134964036e0,35.839867684456,arc-167,supported,supported,false
source:bto-bfo-medium:370027,bto-bfo-medium,370027,18176,arc1-current-polar-best-glide-equal-feed,308,-38.669872900624,87.896232982405,1394238812.275315,2.2793615349424572e-4,9.8826753557992235e-4,-4.5520762908770394e0,18.433787960483,arc-170,supported,supported,false
source:bto-bfo-medium:370027,bto-bfo-medium,370027,18237,arc1-current-polar-best-glide-equal-feed,309,-37.941311414040,89.439872124445,1394238986.926673,1.2776058353978326e-4,1.2286732746541741e-4,-6.0580171123982325e0,27.926567591136,arc-168,supported,supported,false
source:bto-bfo-medium:370027,bto-bfo-medium,370027,18300,arc1-current-polar-best-glide-equal-feed,310,-38.286914629596,89.406772300245,1394239075.326893,8.6765053997160202e-4,8.3441934958790515e-4,-6.0580171123982325e0,40.582045131138,arc-168,supported,supported,false
source:bto-bfo-medium:370027,bto-bfo-medium,370027,18354,arc1-current-polar-best-glide-equal-feed,311,-38.682553101718,88.433819908572,1394239049.546029,3.6524759819148487e-4,7.9810647540772776e-4,-5.2372976342015818e0,35.636044341180,arc-169,supported,supported,false
source:bto-bfo-medium:370027,bto-bfo-medium,370027,18420,arc1-current-polar-best-glide-equal-feed,312,-37.734408909529,89.148209063539,1394238664.351833,8.3304758581826045e-5,8.0114169554599445e-5,-6.0580171123982325e0,11.202826852927,arc-168,supported,supported,false
source:bto-bfo-medium:370027,bto-bfo-medium,370027,18477,arc1-current-polar-best-glide-equal-feed,313,-37.587420250423,90.340768395701,1394239120.721214,2.1281284719541776e-4,1.5447943644961507e-3,-4.0367312205080452e0,38.045065363696,arc-166,supported,supported,false
source:bto-bfo-medium:370027,bto-bfo-medium,370027,18532,arc1-current-polar-best-glide-equal-feed,314,-37.783104229135,89.738117389272,1394238961.094927,2.4777706025906539e-4,7.1305719854084370e-6,-9.5671021134964036e0,27.195294659758,arc-167,supported,supported,false
source:bto-bfo-medium:370027,bto-bfo-medium,370027,18597,arc1-current-polar-best-glide-equal-feed,315,-37.577343809489,90.259164223602,1394239077.479982,2.0234342977764689e-4,5.8230749460639668e-6,-9.5671021134964036e0,36.387129552499,arc-167,supported,supported,false
source:bto-bfo-medium:370027,bto-bfo-medium,370027,18656,arc1-current-polar-best-glide-equal-feed,316,-38.650238954083,87.905817557071,1394238803.650770,2.1609379315688080e-4,9.3692236682698684e-4,-4.5520762908770394e0,18.017507878839,arc-170,supported,supported,false
source:bto-bfo-medium:370027,bto-bfo-medium,370027,18714,arc1-current-polar-best-glide-equal-feed,317,-37.814308583200,89.967612642625,1394239097.859105,2.7066619776978669e-4,7.7892796257907038e-6,-9.5671021134964036e0,33.992633240791,arc-167,supported,supported,false
source:bto-bfo-medium:370027,bto-bfo-medium,370027,18769,arc1-current-polar-best-glide-equal-feed,318,-37.736595700430,89.807117091547,1394238998.196414,1.3727117804630376e-4,3.9504141971721265e-6,-9.5671021134964036e0,25.966728395620,arc-167,supported,supported,false
source:bto-bfo-medium:370027,bto-bfo-medium,370027,18822,arc1-current-polar-best-glide-equal-feed,319,-37.648409026892,90.339484984938,1394239133.973673,3.4114220326812884e-4,9.8174505546270843e-6,-9.5671021134964036e0,41.572782078348,arc-167,supported,supported,false
source:bto-bfo-medium:370027,bto-bfo-medium,370027,18887,arc1-current-polar-best-glide-equal-feed,320,-38.233604831093,89.063573883632,1394238922.582113,5.9539617827303543e-4,5.7259238476123245e-4,-6.0580171123982325e0,30.804753013980,arc-168,supported,supported,false
source:bto-bfo-medium:370027,bto-bfo-medium,370027,18950,arc1-current-polar-best-glide-equal-feed,321,-38.105833739836,89.720055834341,1394239137.528907,5.8197731571958970e-4,5.5968746734549250e-4,-6.0580171123982325e0,44.278717475463,arc-168,supported,supported,false
source:bto-bfo-medium:370027,bto-bfo-medium,370027,19007,arc1-current-polar-best-glide-equal-feed,322,-37.952557983749,89.711406823705,1394238999.681517,6.6495851272843176e-4,1.9136293478349672e-5,-9.5671021134964036e0,36.655504599713,arc-167,supported,supported,false
source:bto-bfo-medium:370027,bto-bfo-medium,370027,19062,arc1-current-polar-best-glide-equal-feed,323,-38.016443971443,89.474972569076,1394239002.696370,3.3319407545690048e-4,3.2043267527775602e-4,-6.0580171123982325e0,31.583807962657,arc-168,supported,supported,false
source:bto-bfo-medium:370027,bto-bfo-medium,370027,19123,arc1-current-polar-best-glide-equal-feed,324,-38.387614932322,88.791912968045,1394239022.151369,1.8240966632152876e-4,3.9858533386399430e-4,-5.2372976342015818e0,30.142541010853,arc-169,supported,supported,false
source:bto-bfo-medium:370027,bto-bfo-medium,370027,19178,arc1-current-polar-best-glide-equal-feed,325,-38.757392353265,88.302872083798,1394239088.244689,2.0784822315765016e-4,9.0117187697414693e-4,-4.5520762908770394e0,37.183840178630,arc-170,supported,supported,false
source:bto-bfo-medium:370027,bto-bfo-medium,370027,19234,arc1-current-polar-best-glide-equal-feed,326,-37.755600762560,90.154937442114,1394239099.811392,4.7642771772903698e-4,1.3710720974567880e-5,-9.5671021134964036e0,37.542897473039,arc-167,supported,supported,false
source:bto-bfo-medium:370027,bto-bfo-medium,370027,19291,arc1-current-polar-best-glide-equal-feed,327,-37.877133458557,89.636930687417,1394238984.093462,2.6151313659896576e-4,7.5258712154352611e-6,-9.5671021134964036e0,31.580726108251,arc-167,supported,supported,false
source:bto-bfo-medium:370027,bto-bfo-medium,370027,19348,arc1-current-polar-best-glide-equal-feed,328,-38.141833448874,89.394906022274,1394239070.450824,3.0970412108351431e-4,2.9784239088660996e-4,-6.0580171123982325e0,33.468491250309,arc-168,supported,supported,false
source:bto-bfo-medium:370027,bto-bfo-medium,370027,19404,arc1-current-polar-best-glide-equal-feed,329,-38.032831800182,89.721107975409,1394239142.898901,2.8255188958807651e-4,8.1313281633675185e-6,-9.5671021134964036e0,41.466776498072,arc-167,supported,supported,false
source:bto-bfo-medium:370027,bto-bfo-medium,370027,19456,arc1-current-polar-best-glide-equal-feed,330,-38.499212446352,89.073175937874,1394239108.821662,7.8781295177582898e-4,1.7214585977721659e-3,-5.2372976342015818e0,44.889296680498,arc-169,supported,supported,false
source:bto-bfo-medium:370027,bto-bfo-medium,370027,19516,arc1-current-polar-best-glide-equal-feed,331,-38.099015558570,89.647662435095,1394239094.622002,6.1433641302626385e-4,5.9080720470976644e-4,-6.0580171123982325e0,41.134247765091,arc-168,supported,supported,false
source:bto-bfo-medium:370027,bto-bfo-medium,370027,19578,arc1-current-polar-best-glide-equal-feed,332,-38.426390873010,88.620110069590,1394238961.020092,2.1083798933467396e-4,4.6070436981143629e-4,-5.2372976342015818e0,25.607037151003,arc-169,supported,supported,false
source:bto-bfo-medium:370027,bto-bfo-medium,370027,19638,arc1-current-polar-best-glide-equal-feed,333,-38.088241536521,89.541157078472,1394239112.671021,2.4418064316292481e-4,2.3482847536363265e-4,-6.0580171123982325e0,36.582534330799,arc-168,supported,supported,false
source:bto-bfo-medium:370027,bto-bfo-medium,370027,19693,arc1-current-polar-best-glide-equal-feed,334,-38.001224605548,89.899914558262,1394239055.139828,9.4734542262684361e-4,2.7262873827080665e-5,-9.5671021134964036e0,42.195707834900,arc-167,supported,supported,false
source:bto-bfo-medium:370027,bto-bfo-medium,370027,19753,arc1-current-polar-best-glide-equal-feed,335,-38.509701971845,89.054794346794,1394239116.836542,7.3602249218848769e-4,1.6082907046342913e-3,-5.2372976342015818e0,44.495728209526,arc-169,supported,supported,false
source:bto-bfo-medium:370027,bto-bfo-medium,370027,19817,arc1-current-polar-best-glide-equal-feed,336,-38.413981311024,88.885357482712,1394238979.012211,6.6364383712549295e-4,1.4501353229887861e-3,-5.2372976342015818e0,34.688421494467,arc-169,supported,supported,false
source:bto-bfo-medium:370027,bto-bfo-medium,370027,19877,arc1-current-polar-best-glide-equal-feed,337,-38.161209872987,89.691410782649,1394239149.809706,6.7117718239892031e-4,6.4547096117047306e-4,-6.0580171123982325e0,44.909616153252,arc-168,supported,supported,false
source:bto-bfo-medium:370027,bto-bfo-medium,370027,19931,arc1-current-polar-best-glide-equal-feed,338,-38.371219565830,89.139055743615,1394239097.254759,4.7812457910751061e-4,4.5981231145656592e-4,-6.0580171123982325e0,39.698824036993,arc-168,supported,supported,false
source:bto-bfo-medium:370027,bto-bfo-medium,370027,19991,arc1-current-polar-best-glide-equal-feed,339,-38.606898265784,88.452212908519,1394239008.921463,3.0330267217902319e-4,6.6274994790695141e-4,-5.2372976342015818e0,31.458817323765,arc-169,supported,supported,false
source:bto-bfo-medium:370027,bto-bfo-medium,370027,20050,arc1-current-polar-best-glide-equal-feed,340,-38.110596614318,89.320722131497,1394238994.827037,3.8225165221500418e-4,3.6761133696820535e-4,-6.0580171123982325e0,29.730191550135,arc-168,supported,supported,false
source:bto-bfo-medium:370027,bto-bfo-medium,370027,20110,arc1-current-polar-best-glide-equal-feed,341,-38.668778361899,88.170829045343,1394238915.448371,3.4503312769558979e-4,1.4959673293326913e-3,-4.5520762908770394e0,29.275427973935,arc-170,supported,supported,false
source:bto-bfo-medium:370027,bto-bfo-medium,370027,20172,arc1-current-polar-best-glide-equal-feed,342,-38.061948820349,89.872252718515,1394239166.754205,6.0335128913475500e-4,1.7363349920957603e-5,-9.5671021134964036e0,45.099331240271,arc-167,supported,supported,false
source:bto-bfo-medium:370027,bto-bfo-medium,370027,20236,arc1-current-polar-best-glide-equal-feed,343,-38.043004660487,89.603628361903,1394239071.973896,3.9637883064267445e-4,3.8119744161756652e-4,-6.0580171123982325e0,37.630341782820,arc-168,supported,supported,false
source:bto-bfo-medium:370027,bto-bfo-medium,370027,20297,arc1-current-polar-best-glide-equal-feed,344,-38.810141292150,88.170593683717,1394239044.856273,3.2790020202661506e-4,1.4216837461073601e-3,-4.5520762908770394e0,33.700652766528,arc-170,supported,supported,false
source:bto-bfo-medium:370027,bto-bfo-medium,370027,20357,arc1-current-polar-best-glide-equal-feed,345,-38.276482750965,89.156078263309,1394239068.858748,2.9958760814414429e-4,2.8811334242979285e-4,-6.0580171123982325e0,34.519460696504,arc-168,supported,supported,false
source:bto-bfo-medium:370027,bto-bfo-medium,370027,20416,arc1-current-polar-best-glide-equal-feed,346,-38.391987248511,89.268716113800,1394239145.378971,6.1139412393388455e-4,5.8797760588205985e-4,-6.0580171123982325e0,42.916393382956,arc-168,supported,supported,false
source:bto-bfo-medium:370027,bto-bfo-medium,370027,20475,arc1-current-polar-best-glide-equal-feed,347,-37.897968290859,89.402668746566,1394238998.787503,3.4733661315613044e-5,3.3403355093548416e-5,-6.0580171123982325e0,25.243495842245,arc-168,supported,supported,false
source:bto-bfo-medium:370027,bto-bfo-medium,370027,20536,arc1-current-polar-best-glide-equal-feed,348,-37.795103933807,89.989813417807,1394239086.075687,3.0827790683033985e-4,8.8716760295179118e-6,-9.5671021134964036e0,33.715151022024,arc-167,supported,supported,false
source:bto-bfo-medium:370027,bto-bfo-medium,370027,20597,arc1-current-polar-best-glide-equal-feed,349,-38.259957119900,89.460544707435,1394239135.667096,5.8314384450334480e-4,5.6080931784194743e-4,-6.0580171123982325e0,40.839909862522,arc-168,supported,supported,false
source:bto-bfo-medium:370027,bto-bfo-medium,370027,20657,arc1-current-polar-best-glide-equal-feed,350,-38.204376746001,89.008131329152,1394238934.199958,3.0053752082298595e-4,2.8902687326176851e-4,-6.0580171123982325e0,28.568846992539,arc-168,supported,supported,false
source:bto-bfo-medium:370027,bto-bfo-medium,370027,20719,arc1-current-polar-best-glide-equal-feed,351,-37.724561716190,89.825346217903,1394238978.348422,1.8627636649622397e-4,5.3606941622960532e-6,-9.5671021134964036e0,25.766468103349,arc-167,supported,supported,false
source:bto-bfo-medium:370027,bto-bfo-medium,370027,20781,arc1-current-polar-best-glide-equal-feed,352,-38.005752826832,89.550242967740,1394239035.461424,3.2787472636239441e-4,3.1531705832462878e-4,-6.0580171123982325e0,34.341533953995,arc-168,supported,supported,false
source:bto-bfo-medium:370027,bto-bfo-medium,370027,20841,arc1-current-polar-best-glide-equal-feed,353,-37.801470940575,89.734048631309,1394238989.829982,2.0234016780967280e-4,5.8229810725737165e-6,-9.5671021134964036e0,28.176249256164,arc-167,supported,supported,false
source:bto-bfo-medium:370027,bto-bfo-medium,370027,20898,arc1-current-polar-best-glide-equal-feed,354,-37.837908685208,89.704861006832,1394239005.764135,2.0690783163315962e-4,5.9544301085113644e-6,-9.5671021134964036e0,29.885233912984,arc-167,supported,supported,false
source:bto-bfo-medium:370027,bto-bfo-medium,370027,20950,arc1-current-polar-best-glide-equal-feed,355,-37.744534091538,89.826718720228,1394239008.831289,1.5475886352429687e-4,4.4536778973251395e-6,-9.5671021134964036e0,26.835118139768,arc-167,supported,supported,false
source:bto-bfo-medium:370027,bto-bfo-medium,370027,21009,arc1-current-polar-best-glide-equal-feed,356,-37.646646655821,90.198157010344,1394239065.782381,3.3624992062024188e-4,9.6766595808490552e-6,-9.5671021134964036e0,35.533659047289,arc-167,supported,supported,false
source:bto-bfo-medium:370027,bto-bfo-medium,370027,21068,arc1-current-polar-best-glide-equal-feed,357,-38.312523298612,89.154300446988,1394239016.307780,7.0105365495204484e-4,6.7420315880913865e-4,-6.0580171123982325e0,36.538809315063,arc-168,supported,supported,false
source:bto-bfo-medium:370027,bto-bfo-medium,370027,21124,arc1-current-polar-best-glide-equal-feed,358,-37.869330744680,89.629091122441,1394239013.074371,1.5726202158591505e-4,4.5257142219572823e-6,-9.5671021134964036e0,31.068279819763,arc-167,supported,supported,false
source:bto-bfo-medium:370027,bto-bfo-medium,370027,21182,arc1-current-polar-best-glide-equal-feed,359,-37.844817945319,89.946383601027,1394239085.855958,3.7829734105921569e-4,1.0886707669753488e-5,-9.5671021134964036e0,34.932590357276,arc-167,supported,supported,false
source:bto-bfo-medium:370027,bto-bfo-medium,370027,21241,arc1-current-polar-best-glide-equal-feed,360,-37.653842239275,90.226471637923,1394239082.046058,3.5167834471544072e-4,1.0120661493363491e-5,-9.5671021134964036e0,36.920324492793,arc-167,supported,supported,false
source:bto-bfo-medium:370027,bto-bfo-medium,370027,21297,arc1-current-polar-best-glide-equal-feed,361,-38.353429055052,89.333899871585,1394239126.304829,7.1337654951489078e-4,6.8605408402899368e-4,-6.0580171123982325e0,42.165901830450,arc-168,supported,supported,false
source:bto-bfo-medium:370027,bto-bfo-medium,370027,21350,arc1-current-polar-best-glide-equal-feed,362,-37.940429318570,89.954291168967,1394239093.839517,7.4057720463932520e-4,2.1312461544712543e-5,-9.5671021134964036e0,40.052610910121,arc-167,supported,supported,false
source:bto-bfo-medium:370027,bto-bfo-medium,370027,21404,arc1-current-polar-best-glide-equal-feed,363,-37.728296500615,89.869912101596,1394238994.560486,2.1568201953144685e-4,6.2069352369393783e-6,-9.5671021134964036e0,27.098340574901,arc-167,supported,supported,false
source:bto-bfo-medium:370027,bto-bfo-medium,370027,21460,arc1-current-polar-best-glide-equal-feed,364,-37.969293994160,89.755512263343,1394239071.800869,4.7928798455113491e-4,1.3793034238157011e-5,-9.5671021134964036e0,38.124713509364,arc-167,supported,supported,false
source:bto-bfo-medium:370027,bto-bfo-medium,370027,21518,arc1-current-polar-best-glide-equal-feed,365,-38.117554361102,89.058930393637,1394238890.741758,2.7136009931208818e-4,2.6096695286965732e-4,-6.0580171123982325e0,24.019533776455,arc-168,supported,supported,false
source:bto-bfo-medium:370027,bto-bfo-medium,370027,21578,arc1-current-polar-best-glide-equal-feed,366,-38.136329282865,89.653807158519,1394239134.263808,5.6015552841891106e-4,5.3870145889228067e-4,-6.0580171123982325e0,42.600657134769,arc-168,supported,supported,false
source:bto-bfo-medium:370027,bto-bfo-medium,370027,21636,arc1-current-polar-best-glide-equal-feed,367,-37.999870211292,88.978248251071,1394238817.239019,8.4253635121177596e-5,8.1026703931436056e-5,-6.0580171123982325e0,16.231660569573,arc-168,supported,supported,false
source:bto-bfo-medium:370027,bto-bfo-medium,370027,21696,arc1-current-polar-best-glide-equal-feed,368,-37.814842149874,89.744260215674,1394238992.836461,2.5383050825576308e-4,7.3047791805993404e-6,-9.5671021134964036e0,29.091398093344,arc-167,supported,supported,false
source:bto-bfo-medium:370027,bto-bfo-medium,370027,21752,arc1-current-polar-best-glide-equal-feed,369,-37.923164052101,89.551176242744,1394238993.756100,2.1549212322412547e-4,2.0723873151496741e-4,-6.0580171123982325e0,32.344613361146,arc-168,supported,supported,false
source:bto-bfo-medium:370027,bto-bfo-medium,370027,21816,arc1-current-polar-best-glide-equal-feed,370,-38.270610843978,89.175848408516,1394239035.254203,4.8769204659403936e-4,4.6901334301193619e-4,-6.0580171123982325e0,34.514328579593,arc-168,supported,supported,false
source:bto-bfo-medium:370027,bto-bfo-medium,370027,21872,arc1-current-polar-best-glide-equal-feed,371,-38.047603767097,89.768677148924,1394239113.323667,6.0649005976658860e-4,1.7453678016353413e-5,-9.5671021134964036e0,42.831597142830,arc-167,supported,supported,false
source:bto-bfo-medium:370027,bto-bfo-medium,370027,21931,arc1-current-polar-best-glide-equal-feed,372,-37.734382142626,89.829231462782,1394239014.950349,1.2216903650093827e-4,3.5158021014823037e-6,-9.5671021134964036e0,26.367646294321,arc-167,supported,supported,false
source:bto-bfo-medium:370027,bto-bfo-medium,370027,21995,arc1-current-polar-best-glide-equal-feed,373,-38.198212121414,89.062452256516,1394238957.797025,2.9509575070723942e-4,2.8379352403716442e-4,-6.0580171123982325e0,28.729445590838,arc-168,supported,supported,false
source:bto-bfo-medium:370027,bto-bfo-medium,370027,22056,arc1-current-polar-best-glide-equal-feed,374,-37.991524480962,89.251057063334,1394238879.239389,2.6843580881031666e-4,2.5815466328291402e-4,-6.0580171123982325e0,22.267680493584,arc-168,supported,supported,false
source:bto-bfo-medium:370027,bto-bfo-medium,370027,22117,arc1-current-polar-best-glide-equal-feed,375,-38.051403086804,89.355555196483,1394238977.873266,3.1207277456889323e-4,3.0012032446656675e-4,-6.0580171123982325e0,28.336435283410,arc-168,supported,supported,false
source:bto-bfo-medium:370027,bto-bfo-medium,370027,22173,arc1-current-polar-best-glide-equal-feed,376,-38.191799156534,89.040203367355,1394238951.651585,2.5855766641262595e-4,2.4865485572803423e-4,-6.0580171123982325e0,28.111095279302,arc-168,supported,supported,false
source:bto-bfo-medium:370027,bto-bfo-medium,370027,22232,arc1-current-polar-best-glide-equal-feed,377,-38.431342629614,89.185551168574,1394239141.332116,5.8547797845535997e-4,5.6305405399361894e-4,-6.0580171123982325e0,43.781479882786,arc-168,supported,supported,false
source:bto-bfo-medium:370027,bto-bfo-medium,370027,22293,arc1-current-polar-best-glide-equal-feed,378,-38.905150271310,87.893249237838,1394239007.507236,2.9154664412284382e-4,1.2640648667485445e-3,-4.5520762908770394e0,29.732461729698,arc-170,supported,supported,false
source:bto-bfo-medium:370027,bto-bfo-medium,370027,22350,arc1-current-polar-best-glide-equal-feed,379,-38.785797921373,87.751574089822,1394238862.409481,1.8472168087537062e-4,8.0090164516833436e-4,-4.5520762908770394e0,20.505847187440,arc-170,supported,supported,false
source:bto-bfo-medium:370027,bto-bfo-medium,370027,22414,arc1-current-polar-best-glide-equal-feed,380,-38.064343969017,89.295723090252,1394238925.106988,4.4663017481223939e-4,4.2952414918725085e-4,-6.0580171123982325e0,26.870256441120,arc-168,supported,supported,false
source:bto-bfo-medium:370027,bto-bfo-medium,370027,22474,arc1-current-polar-best-glide-equal-feed,381,-37.887189671739,89.923844930124,1394239077.701573,5.4551535853278961e-4,1.5698937299106234e-5,-9.5671021134964036e0,36.558335711164,arc-167,supported,supported,false
source:bto-bfo-medium:370027,bto-bfo-medium,370027,22536,arc1-current-polar-best-glide-equal-feed,382,-38.707464401957,87.724293953764,1394238720.760002,3.6219337029670993e-4,1.5703693511505716e-3,-4.5520762908770394e0,15.651575743084,arc-170,supported,supported,false
source:bto-bfo-medium:370027,bto-bfo-medium,370027,22599,arc1-current-polar-best-glide-equal-feed,383,-38.748411620848,88.347594288078,1394239026.064457,5.6575723950278388e-4,2.4529654653228632e-3,-4.5520762908770394e0,38.806154125313,arc-170,supported,supported,false
source:bto-bfo-medium:370027,bto-bfo-medium,370027,22656,arc1-current-polar-best-glide-equal-feed,384,-38.136290811750,89.705634636282,1394239122.730543,7.5630371928276383e-4,7.2733713455130488e-4,-6.0580171123982325e0,44.643967192284,arc-168,supported,supported,false
source:bto-bfo-medium:370027,bto-bfo-medium,370027,22710,arc1-current-polar-best-glide-equal-feed,385,-38.326240100256,89.381948505650,1394239145.436852,6.1136486016488798e-4,5.8794946292130810e-4,-6.0580171123982325e0,41.895705451518,arc-168,supported,supported,false
source:bto-bfo-medium:370027,bto-bfo-medium,370027,22767,arc1-current-polar-best-glide-equal-feed,386,-38.108528305025,88.969019606751,1394238924.427478,6.8681168329119403e-5,6.6050665753054105e-5,-6.0580171123982325e0,22.611786581200,arc-168,supported,supported,false
source:bto-bfo-medium:370027,bto-bfo-medium,370027,22832,arc1-current-polar-best-glide-equal-feed,387,-38.955003721820,87.812034899869,1394239013.961111,2.8460351584111274e-4,1.2339614006199259e-3,-4.5520762908770394e0,31.032740467840,arc-170,supported,supported,false
source:bto-bfo-medium:370027,bto-bfo-medium,370027,22891,arc1-current-polar-best-glide-equal-feed,388,-38.697154674764,88.436341989543,1394239020.349673,5.9402160024542511e-4,1.2980030205137353e-3,-5.2372976342015818e0,36.516965556491,arc-169,supported,supported,false
source:bto-bfo-medium:370027,bto-bfo-medium,370027,22950,arc1-current-polar-best-glide-equal-feed,389,-37.641647522564,90.320553322383,1394239120.493578,3.3518902317833626e-4,9.6461288869634718e-6,-9.5671021134964036e0,40.585473704683,arc-167,supported,supported,false
source:bto-bfo-medium:370027,bto-bfo-medium,370027,23003,arc1-current-polar-best-glide-equal-feed,390,-37.798560384212,90.062688135144,1394239114.811754,3.3779261920740335e-4,9.7210556331552741e-6,-9.5671021134964036e0,36.129814353027,arc-167,supported,supported,false
source:bto-bfo-medium:370027,bto-bfo-medium,370027,23058,arc1-current-polar-best-glide-equal-feed,391,-38.169814035867,89.372856810994,1394238984.694915,7.8575937506607165e-4,7.5566463278716985e-4,-6.0580171123982325e0,34.033856312324,arc-168,supported,supported,false
source:bto-bfo-medium:370027,bto-bfo-medium,370027,23114,arc1-current-polar-best-glide-equal-feed,392,-38.281436021666,89.255944235223,1394239070.722853,5.3205595111989489e-4,5.1167810106171033e-4,-6.0580171123982325e0,36.637682718040,arc-168,supported,supported,false
source:bto-bfo-medium:370027,bto-bfo-medium,370027,23169,arc1-current-polar-best-glide-equal-feed,393,-37.569526110126,90.196206451177,1394239051.151837,1.6835602011805773e-4,4.8449792703711586e-6,-9.5671021134964036e0,33.430951792977,arc-167,supported,supported,false
source:bto-bfo-medium:370027,bto-bfo-medium,370027,23223,arc1-current-polar-best-glide-equal-feed,394,-37.692298020148,89.729093481069,1394238970.784226,5.3822896485517447e-5,1.5489248175432198e-6,-9.5671021134964036e0,21.956849935514,arc-167,supported,supported,false
source:bto-bfo-medium:370027,bto-bfo-medium,370027,23282,arc1-current-polar-best-glide-equal-feed,395,-38.106796471750,89.616062144879,1394239119.693002,4.2858308769403472e-4,4.1216826913948248e-4,-6.0580171123982325e0,40.131527738647,arc-168,supported,supported,false
source:bto-bfo-medium:370027,bto-bfo-medium,370027,23339,arc1-current-polar-best-glide-equal-feed,396,-37.929313358462,90.053296910301,1394239135.153704,7.0734727225040179e-4,2.0356164683648252e-5,-9.5671021134964036e0,41.972104006056,arc-167,supported,supported,false
source:bto-bfo-medium:370027,bto-bfo-medium,370027,23393,arc1-current-polar-best-glide-equal-feed,397,-37.717586398934,89.859805731514,1394239012.697678,1.3292860468335464e-4,3.8254428542477585e-6,-9.5671021134964036e0,26.296572228666,arc-167,supported,supported,false
source:bto-bfo-medium:370027,bto-bfo-medium,370027,23451,arc1-current-polar-best-glide-equal-feed,398,-39.028490569111,87.947513520782,1394239065.846298,6.1266321229606468e-4,2.6563366700473687e-3,-4.5520762908770394e0,37.494745183658,arc-170,supported,supported,false
source:bto-bfo-medium:370027,bto-bfo-medium,370027,23508,arc1-current-polar-best-glide-equal-feed,399,-38.600028584978,87.964549748799,1394238786.621583,2.1429569431455676e-4,9.2912631216698059e-4,-4.5520762908770394e0,18.763510011602,arc-170,supported,supported,false
source:bto-bfo-medium:370027,bto-bfo-medium,370027,23566,arc1-current-polar-best-glide-equal-feed,400,-38.240651450248,89.400634066094,1394239076.349997,6.9091867479617792e-4,6.6445635043393546e-4,-6.0580171123982325e0,38.173694217637,arc-168,supported,supported,false
source:bto-bfo-medium:370027,bto-bfo-medium,370027,23624,arc1-current-polar-best-glide-equal-feed,401,-38.408763185282,88.748971876722,1394238996.171957,2.5702289873824309e-4,5.6162351464256340e-4,-5.2372976342015818e0,29.268311001865,arc-169,supported,supported,false
source:bto-bfo-medium:370027,bto-bfo-medium,370027,23681,arc1-current-polar-best-glide-equal-feed,402,-38.089030629324,89.142616955683,1394238912.276476,2.6255045087119532e-4,2.5249471573788701e-4,-6.0580171123982325e0,23.914951275678,arc-168,supported,supported,false
source:bto-bfo-medium:370027,bto-bfo-medium,370027,23745,arc1-current-polar-best-glide-equal-feed,403,-38.873046541588,87.562721675161,1394238865.008682,1.4742220909463806e-4,6.3918154728088798e-4,-4.5520762908770394e0,24.633697990099,arc-170,supported,supported,false
source:bto-bfo-medium:370027,bto-bfo-medium,370027,23805,arc1-current-polar-best-glide-equal-feed,404,-37.688528696038,89.714911100036,1394238943.837817,7.0662429283791805e-5,2.0335358654473169e-6,-9.5671021134964036e0,21.490711971318,arc-167,supported,supported,false
source:bto-bfo-medium:370027,bto-bfo-medium,370027,23864,arc1-current-polar-best-glide-equal-feed,405,-37.973792155023,89.386828937732,1394238991.036728,1.1792711008282950e-4,1.1341047802185016e-4,-6.0580171123982325e0,26.690207732626,arc-168,supported,supported,false
source:bto-bfo-medium:370027,bto-bfo-medium,370027,23921,arc1-current-polar-best-glide-equal-feed,406,-38.136629658481,89.813939658370,1394239157.385816,8.1306775447278047e-4,2.3398607386094435e-5,-9.5671021134964036e0,48.544316590489,arc-167,supported,supported,false
source:bto-bfo-medium:370027,bto-bfo-medium,370027,23979,arc1-current-polar-best-glide-equal-feed,407,-38.304912200590,89.321241034659,1394239062.167676,8.1964241868873080e-4,7.8824994901667772e-4,-6.0580171123982325e0,39.328428056974,arc-168,supported,supported,false
source:bto-bfo-medium:370027,bto-bfo-medium,370027,24038,arc1-current-polar-best-glide-equal-feed,408,-38.554251642720,88.236599778867,1394238884.972452,2.0273648341388975e-4,4.4300168164059677e-4,-5.2372976342015818e0,27.061087619351,arc-169,supported,supported,false
source:bto-bfo-medium:370027,bto-bfo-medium,370027,24096,arc1-current-polar-best-glide-equal-feed,409,-38.470485613097,88.964594919828,1394239065.170937,6.5392981979206565e-4,1.4289091186977269e-3,-5.2372976342015818e0,39.659503854762,arc-169,supported,supported,false
source:bto-bfo-medium:370027,bto-bfo-medium,370027,24152,arc1-current-polar-best-glide-equal-feed,410,-38.169093535047,89.348132587723,1394239101.297311,1.9732445491041744e-4,1.8976688855576264e-4,-6.0580171123982325e0,33.262171037483,arc-168,supported,supported,false
source:bto-bfo-medium:370027,bto-bfo-medium,370027,24205,arc1-current-polar-best-glide-equal-feed,411,-37.834149648146,89.808730253967,1394239042.767930,2.4406121160530829e-4,7.0236366368140151e-6,-9.5671021134964036e0,31.274200915764,arc-167,supported,supported,false
source:bto-bfo-medium:370027,bto-bfo-medium,370027,24264,arc1-current-polar-best-glide-equal-feed,412,-38.065083407592,89.346469817126,1394238953.713990,4.3975218950707861e-4,4.2290959210417077e-4,-6.0580171123982325e0,28.581458356088,arc-168,supported,supported,false
source:bto-bfo-medium:370027,bto-bfo-medium,370027,24332,arc1-current-polar-best-glide-equal-feed,413,-38.232224183359,89.232213227172,1394239025.587279,5.0580851552831292e-4,4.8643594753824796e-4,-6.0580171123982325e0,33.495350498028,arc-168,supported,supported,false
source:bto-bfo-medium:370027,bto-bfo-medium,370027,24391,arc1-current-polar-best-glide-equal-feed,414,-38.168957372267,89.773251759666,1394239150.369580,8.6503644666077891e-4,8.3190537657723833e-4,-6.0580171123982325e0,48.390381951930,arc-168,supported,supported,false
source:bto-bfo-medium:370027,bto-bfo-medium,370027,24448,arc1-current-polar-best-glide-equal-feed,415,-38.255433549028,89.413998866400,1394239119.904203,5.4080268992422621e-4,5.2008983800866631e-4,-6.0580171123982325e0,39.261523258800,arc-168,supported,supported,false
source:bto-bfo-medium:370027,bto-bfo-medium,370027,24507,arc1-current-polar-best-glide-equal-feed,416,-38.875006968051,88.134463344794,1394239000.352237,7.3107857180203174e-4,3.1697526144676422e-3,-4.5520762908770394e0,35.001896542476,arc-170,supported,supported,false
source:bto-bfo-medium:370027,bto-bfo-medium,370027,24569,arc1-current-polar-best-glide-equal-feed,417,-38.024595763239,89.185061791371,1394238913.622248,1.5217885020239660e-4,1.4635036959819670e-4,-6.0580171123982325e0,21.686334162903,arc-168,supported,supported,false
source:bto-bfo-medium:370027,bto-bfo-medium,370027,24626,arc1-current-polar-best-glide-equal-feed,418,-37.841725228398,89.689034580458,1394239030.316624,1.2605305327332696e-4,3.6275770218849133e-6,-9.5671021134964036e0,29.929983822188,arc-167,supported,supported,false
source:bto-bfo-medium:370027,bto-bfo-medium,370027,24680,arc1-current-polar-best-glide-equal-feed,419,-38.047156550080,89.771433692074,1394239118.730317,5.7870160822304359e-4,1.6653977051755960e-5,-9.5671021134964036e0,42.837761461581,arc-167,supported,supported,false
source:bto-bfo-medium:370027,bto-bfo-medium,370027,24734,arc1-current-polar-best-glide-equal-feed,420,-37.658822305025,90.130379677113,1394239035.873359,3.5847164986701710e-4,1.0316160428379951e-5,-9.5671021134964036e0,33.153843079995,arc-167,supported,supported,false
source:bto-bfo-medium:370027,bto-bfo-medium,370027,24801,arc1-current-polar-best-glide-equal-feed,421,-38.377575181157,88.966873468201,1394239103.190238,1.5014422547223233e-4,3.2808177025066634e-4,-5.2372976342015818e0,36.973646014804,arc-169,supported,supported,false
source:bto-bfo-medium:370027,bto-bfo-medium,370027,24861,arc1-current-polar-best-glide-equal-feed,422,-38.186021257656,89.483691046103,1394239083.912534,6.3044915527768421e-4,6.0630282568863180e-4,-6.0580171123982325e0,38.292428005691,arc-168,supported,supported,false
source:bto-bfo-medium:370027,bto-bfo-medium,370027,24921,arc1-current-polar-best-glide-equal-feed,423,-37.776984832673,89.989254488221,1394239089.639448,2.3712945519402653e-4,6.8241533270020579e-6,-9.5671021134964036e0,32.855785938793,arc-167,supported,supported,false
source:bto-bfo-medium:370027,bto-bfo-medium,370027,24982,arc1-current-polar-best-glide-equal-feed,424,-38.170535749733,89.299074207817,1394239067.297837,2.3607992027455650e-4,2.2703801179298197e-4,-6.0580171123982325e0,31.944223124398,arc-168,supported,supported,false
source:bto-bfo-medium:370027,bto-bfo-medium,370027,25039,arc1-current-polar-best-glide-equal-feed,425,-38.425295287425,88.376299464200,1394238771.259890,4.5208563469771069e-4,9.8785720776155728e-4,-5.2372976342015818e0,19.995326472437,arc-169,supported,supported,false
source:bto-bfo-medium:370027,bto-bfo-medium,370027,25099,arc1-current-polar-best-glide-equal-feed,426,-38.353607262461,88.892700793133,1394239061.209930,1.2480979616795050e-4,2.7272323489376546e-4,-5.2372976342015818e0,33.206132172746,arc-169,supported,supported,false
source:bto-bfo-medium:370027,bto-bfo-medium,370027,25154,arc1-current-polar-best-glide-equal-feed,427,-37.917129648461,89.795665392706,1394239092.955860,2.7713266733124232e-4,7.9753728284915570e-6,-9.5671021134964036e0,35.691645431855,arc-167,supported,supported,false
source:bto-bfo-medium:370027,bto-bfo-medium,370027,25207,arc1-current-polar-best-glide-equal-feed,428,-37.754611186657,89.635167972019,1394238944.153960,9.3468364091174060e-5,2.6898490837433958e-6,-9.5671021134964036e0,24.296039485176,arc-167,supported,supported,false
source:bto-bfo-medium:370027,bto-bfo-medium,370027,25269,arc1-current-polar-best-glide-equal-feed,429,-37.880983587172,89.749269228658,1394238977.624650,5.6338451972145803e-4,1.6213179174610948e-5,-9.5671021134964036e0,32.945080688202,arc-167,supported,supported,false
source:bto-bfo-medium:370027,bto-bfo-medium,370027,25327,arc1-current-polar-best-glide-equal-feed,430,-38.248499947476,89.312130676785,1394239103.183573,3.6097740260232329e-4,3.4715189539929336e-4,-6.0580171123982325e0,36.194323579051,arc-168,supported,supported,false
source:bto-bfo-medium:370027,bto-bfo-medium,370027,25388,arc1-current-polar-best-glide-equal-feed,431,-38.515719780762,88.848104090324,1394239098.847626,3.7852739052416404e-4,8.2712429319834520e-4,-5.2372976342015818e0,36.974482073801,arc-169,supported,supported,false
source:bto-bfo-medium:370027,bto-bfo-medium,370027,25445,arc1-current-polar-best-glide-equal-feed,432,-38.299292885908,89.013434624709,1394239099.422504,7.5713610967867063e-5,7.2813764422744595e-5,-6.0580171123982325e0,34.241070229354,arc-168,supported,supported,false
source:bto-bfo-medium:370027,bto-bfo-medium,370027,25505,arc1-current-polar-best-glide-equal-feed,433,-38.990349913759,87.877224330528,1394239019.811568,5.4278325245582526e-4,2.3533566704332189e-3,-4.5520762908770394e0,34.076165108494,arc-170,supported,supported,false
source:bto-bfo-medium:370027,bto-bfo-medium,370027,25568,arc1-current-polar-best-glide-equal-feed,434,-37.860332151984,89.654012399293,1394238978.316278,2.6665150722675747e-4,7.6737441525460304e-6,-9.5671021134964036e0,30.703708592867,arc-167,supported,supported,false
source:bto-bfo-medium:370027,bto-bfo-medium,370027,25626,arc1-current-polar-best-glide-equal-feed,435,-37.916165266016,89.595373393111,1394239021.483303,1.8455033739916328e-4,5.3110221922087806e-6,-9.5671021134964036e0,33.716442323992,arc-167,supported,supported,false
source:bto-bfo-medium:370027,bto-bfo-medium,370027,25682,arc1-current-polar-best-glide-equal-feed,436,-38.116539624566,89.345122854710,1394239093.721077,1.0249313470201172e-4,9.8567627005772640e-5,-6.0580171123982325e0,30.759331410855,arc-168,supported,supported,false
source:bto-bfo-medium:370027,bto-bfo-medium,370027,25734,arc1-current-polar-best-glide-equal-feed,437,-37.984371306219,89.551132510494,1394239095.378267,8.8908133338890056e-5,8.5502933930219681e-5,-6.0580171123982325e0,33.793578398660,arc-168,supported,supported,false
source:bto-bfo-medium:370027,bto-bfo-medium,370027,25791,arc1-current-polar-best-glide-equal-feed,438,-37.713226668893,89.802464069792,1394238988.398983,1.1124616098820567e-4,3.2014616615329399e-6,-9.5671021134964036e0,24.631836136372,arc-167,supported,supported,false
source:bto-bfo-medium:370027,bto-bfo-medium,370027,25853,arc1-current-polar-best-glide-equal-feed,439,-39.264409174975,86.952171349287,1394238854.590121,4.4011931806957338e-4,6.3580402220996866e-10,-1.9466630226633967e1,27.032959637069,arc-171,supported,supported,false
source:bto-bfo-medium:370027,bto-bfo-medium,370027,25907,arc1-current-polar-best-glide-equal-feed,440,-38.031009551227,89.339500353742,1394238978.783203,2.1418974630460982e-4,2.0598623589370481e-4,-6.0580171123982325e0,26.955698020473,arc-168,supported,supported,false
source:bto-bfo-medium:370027,bto-bfo-medium,370027,25973,arc1-current-polar-best-glide-equal-feed,441,-37.918042488675,89.837116230587,1394239075.116274,4.6421962534932271e-4,1.3359394336714317e-5,-9.5671021134964036e0,36.439064399070,arc-167,supported,supported,false
source:bto-bfo-medium:370027,bto-bfo-medium,370027,26028,arc1-current-polar-best-glide-equal-feed,442,-38.066907923979,89.834706670248,1394239111.784359,8.4030633827439577e-4,2.4182484159734992e-5,-9.5671021134964036e0,44.806152439221,arc-167,supported,supported,false
source:bto-bfo-medium:370027,bto-bfo-medium,370027,26081,arc1-current-polar-best-glide-equal-feed,443,-37.709704704811,89.838450640322,1394239030.961795,6.8672969307217508e-5,1.9762828350004249e-6,-9.5671021134964036e0,25.339434640985,arc-167,supported,supported,false
source:bto-bfo-medium:370027,bto-bfo-medium,370027,26133,arc1-current-polar-best-glide-equal-feed,444,-37.926977814925,89.831053772380,1394239088.226617,4.1010528573760639e-4,1.1802082317430746e-5,-9.5671021134964036e0,36.830150163722,arc-167,supported,supported,false
source:bto-bfo-medium:370027,bto-bfo-medium,370027,26185,arc1-current-polar-best-glide-equal-feed,445,-38.266845468035,89.310899667405,1394239104.457888,4.2985561520742676e-4,4.1339205859288624e-4,-6.0580171123982325e0,37.106941118407,arc-168,supported,supported,false
source:bto-bfo-medium:370027,bto-bfo-medium,370027,26240,arc1-current-polar-best-glide-equal-feed,446,-37.783105955751,90.320206125751,1394239154.937971,6.8670238450062185e-4,1.9762042459110804e-5,-9.5671021134964036e0,44.799795759130,arc-167,supported,supported,false
source:bto-bfo-medium:370027,bto-bfo-medium,370027,26295,arc1-current-polar-best-glide-equal-feed,447,-38.185845874701,89.555331429208,1394239132.761131,5.3026401984097979e-4,5.0995480111158578e-4,-6.0580171123982325e0,40.751767730313,arc-168,supported,supported,false
source:bto-bfo-medium:370027,bto-bfo-medium,370027,26352,arc1-current-polar-best-glide-equal-feed,448,-38.367027210447,89.427485970079,1394239129.691989,9.1755721000889314e-4,8.8241458411398243e-4,-6.0580171123982325e0,45.113239917082,arc-168,supported,supported,false
source:bto-bfo-medium:370027,bto-bfo-medium,370027,26414,arc1-current-polar-best-glide-equal-feed,449,-37.665640923110,89.996611384217,1394239031.278379,1.5453870992546750e-4,4.4473422781896956e-6,-9.5671021134964036e0,28.312678328286,arc-167,supported,supported,false
source:bto-bfo-medium:370027,bto-bfo-medium,370027,26474,arc1-current-polar-best-glide-equal-feed,450,-38.758132227668,87.946662660195,1394238935.964576,1.7736406544226405e-4,7.6900107845106461e-4,-4.5520762908770394e0,23.851499041393,arc-170,supported,supported,false
source:bto-bfo-medium:370027,bto-bfo-medium,370027,26538,arc1-current-polar-best-glide-equal-feed,451,-38.237088998110,89.094853352004,1394238989.444333,3.7449590722513808e-4,3.6015263857308246e-4,-6.0580171123982325e0,31.383038985453,arc-168,supported,supported,false
source:bto-bfo-medium:370027,bto-bfo-medium,370027,26599,arc1-current-polar-best-glide-equal-feed,452,-38.017270325772,89.406593637520,1394239013.084288,1.8500096340695152e-4,1.7791538925823364e-4,-6.0580171123982325e0,28.928778641707,arc-168,supported,supported,false
source:bto-bfo-medium:370027,bto-bfo-medium,370027,26657,arc1-current-polar-best-glide-equal-feed,453,-38.357199428971,89.095103704282,1394239094.891446,3.3647721576388897e-4,3.2359007064992147e-4,-6.0580171123982325e0,38.368325040306,arc-168,supported,supported,false
source:bto-bfo-medium:370027,bto-bfo-medium,370027,26715,arc1-current-polar-best-glide-equal-feed,454,-38.057940895243,89.867676230934,1394239129.307602,7.9167942955762015e-4,2.2783090395557107e-5,-9.5671021134964036e0,44.799290929117,arc-167,supported,supported,false
source:bto-bfo-medium:370027,bto-bfo-medium,370027,26770,arc1-current-polar-best-glide-equal-feed,455,-37.970201318665,89.828739582872,1394239077.712188,6.3240156219797697e-4,1.8199363808024006e-5,-9.5671021134964036e0,39.219013597320,arc-167,supported,supported,false
source:bto-bfo-medium:370027,bto-bfo-medium,370027,26822,arc1-current-polar-best-glide-equal-feed,456,-38.081847514419,89.483396670253,1394239046.367090,4.0387976157673923e-4,3.8841108538653250e-4,-6.0580171123982325e0,34.156456754904,arc-168,supported,supported,false
source:bto-bfo-medium:370027,bto-bfo-medium,370027,26874,arc1-current-polar-best-glide-equal-feed,457,-38.311821335267,89.144196744599,1394239041.589576,5.4356912401324654e-4,5.2275031711505133e-4,-6.0580171123982325e0,36.351762904656,arc-168,supported,supported,false
source:bto-bfo-medium:370027,bto-bfo-medium,370027,26929,arc1-current-polar-best-glide-equal-feed,458,-38.340717940466,89.146240756644,1394239056.926076,5.8774682309148277e-4,5.6523600142334288e-4,-6.0580171123982325e0,38.036836199174,arc-168,supported,supported,false
source:bto-bfo-medium:370027,bto-bfo-medium,370027,26987,arc1-current-polar-best-glide-equal-feed,459,-38.258453600458,89.243790125777,1394238977.449409,8.5139775052516106e-4,8.1878904524978731e-4,-6.0580171123982325e0,35.147199535127,arc-168,supported,supported,false
source:bto-bfo-medium:370027,bto-bfo-medium,370027,27043,arc1-current-polar-best-glide-equal-feed,460,-37.725539709969,90.020510086341,1394239053.778315,2.7416900581413986e-4,7.8900840541151821e-6,-9.5671021134964036e0,31.588141443061,arc-167,supported,supported,false
source:bto-bfo-medium:370027,bto-bfo-medium,370027,27100,arc1-current-polar-best-glide-equal-feed,461,-37.863577196421,90.126426743199,1394239130.442472,6.6040951827671347e-4,1.9005381712888838e-5,-9.5671021134964036e0,41.049930208625,arc-167,supported,supported,false
source:bto-bfo-medium:370027,bto-bfo-medium,370027,27153,arc1-current-polar-best-glide-equal-feed,462,-37.676400303163,90.238803998429,1394239092.637074,4.1081752957891502e-4,1.1822579396443266e-5,-9.5671021134964036e0,38.096829581784,arc-167,supported,supported,false
source:bto-bfo-medium:370027,bto-bfo-medium,370027,27208,arc1-current-polar-best-glide-equal-feed,463,-37.726338578657,90.191130911753,1394239127.217194,3.0627147807497012e-4,8.8139346685589990e-6,-9.5671021134964036e0,37.828769405269,arc-167,supported,supported,false
source:bto-bfo-medium:370027,bto-bfo-medium,370027,27266,arc1-current-polar-best-glide-equal-feed,464,-38.407187988240,89.075631037491,1394239057.458418,6.9283765981297245e-4,6.6630183793819615e-4,-6.0580171123982325e0,41.114668162545,arc-168,supported,supported,false
source:bto-bfo-medium:370027,bto-bfo-medium,370027,27325,arc1-current-polar-best-glide-equal-feed,465,-37.930065391418,89.562087480776,1394239019.806783,1.8109439041346994e-4,1.7415843879699694e-4,-6.0580171123982325e0,32.973658886898,arc-168,supported,supported,false
source:bto-bfo-medium:370027,bto-bfo-medium,370027,27380,arc1-current-polar-best-glide-equal-feed,466,-38.015892772332,89.646095309757,1394239020.737571,6.6822192478324584e-4,6.4262889051652458e-4,-6.0580171123982325e0,38.661866602124,arc-168,supported,supported,false
source:bto-bfo-medium:370027,bto-bfo-medium,370027,27432,arc1-current-polar-best-glide-equal-feed,467,-37.857755309787,89.916553532382,1394239092.332143,3.3250527579403147e-4,9.5688955309198063e-6,-9.5671021134964036e0,34.853063729550,arc-167,supported,supported,false
source:bto-bfo-medium:370027,bto-bfo-medium,370027,27489,arc1-current-polar-best-glide-equal-feed,468,-37.594314011514,90.257046114229,1394239084.163101,2.2266239568946903e-4,6.4078177344069164e-6,-9.5671021134964036e0,36.675282678606,arc-167,supported,supported,false
source:bto-bfo-medium:370027,bto-bfo-medium,370027,27549,arc1-current-polar-best-glide-equal-feed,469,-37.919378531420,89.586964009190,1394239063.413081,8.5917871645760165e-5,8.2627199862030510e-5,-6.0580171123982325e0,33.865212134803,arc-168,supported,supported,false
source:bto-bfo-medium:370027,bto-bfo-medium,370027,27607,arc1-current-polar-best-glide-equal-feed,470,-38.014557209087,89.669375444058,1394239068.978065,4.6834337293840116e-4,4.5040572745319444e-4,-6.0580171123982325e0,39.623461013223,arc-168,supported,supported,false
source:bto-bfo-medium:370027,bto-bfo-medium,370027,27664,arc1-current-polar-best-glide-equal-feed,471,-37.798221682736,89.989978842205,1394239064.991325,4.1150964402145922e-4,1.1842497188064258e-5,-9.5671021134964036e0,33.866392215987,arc-167,supported,supported,false
source:bto-bfo-medium:370027,bto-bfo-medium,370027,27720,arc1-current-polar-best-glide-equal-feed,472,-38.093159303170,89.697707594991,1394239096.627596,7.1803605411533474e-4,6.9053512866504210e-4,-6.0580171123982325e0,42.984018321727,arc-168,supported,supported,false
source:bto-bfo-medium:370027,bto-bfo-medium,370027,27777,arc1-current-polar-best-glide-equal-feed,473,-37.716085982297,89.146015256173,1394238690.978137,3.6829469475467626e-5,3.5418893378886336e-5,-6.0580171123982325e0,11.155477648058,arc-168,supported,supported,false
source:bto-bfo-medium:370027,bto-bfo-medium,370027,27843,arc1-current-polar-best-glide-equal-feed,474,-38.558924146570,88.222536884140,1394238927.359623,9.8446261986476295e-5,2.1511599134431771e-4,-5.2372976342015818e0,27.380998404771,arc-169,supported,supported,false
source:bto-bfo-medium:370027,bto-bfo-medium,370027,27903,arc1-current-polar-best-glide-equal-feed,475,-38.477490721137,88.514714440937,1394238952.062241,2.1460550491361898e-4,4.6893680883264825e-4,-5.2372976342015818e0,25.334555953167,arc-169,supported,supported,false
source:bto-bfo-medium:370027,bto-bfo-medium,370027,27960,arc1-current-polar-best-glide-equal-feed,476,-37.977794051824,90.082277752682,1394239145.641711,8.7991344056231055e-4,2.5322304342047768e-5,-9.5671021134964036e0,45.146365752119,arc-167,supported,supported,false
source:bto-bfo-medium:370027,bto-bfo-medium,370027,28018,arc1-current-polar-best-glide-equal-feed,477,-38.167684208321,89.291731492200,1394239015.158971,4.4473483736458247e-4,4.2770140354546837e-4,-6.0580171123982325e0,31.605413721172,arc-168,supported,supported,false
source:bto-bfo-medium:370027,bto-bfo-medium,370027,28072,arc1-current-polar-best-glide-equal-feed,478,-37.841699250506,89.854796970094,1394239045.939721,3.4502220543695982e-4,9.9291099420596991e-6,-9.5671021134964036e0,32.609378282828,arc-167,supported,supported,false
source:bto-bfo-medium:370027,bto-bfo-medium,370027,28132,arc1-current-polar-best-glide-equal-feed,479,-39.125686767425,87.570482635732,1394239048.446028,2.8657050773421929e-4,4.1398474000945030e-10,-1.9466630226633967e1,35.112525810062,arc-171,supported,supported,false
source:bto-bfo-medium:370027,bto-bfo-medium,370027,28198,arc1-current-polar-best-glide-equal-feed,480,-38.292303746534,89.348828181620,1394239113.284656,5.7270088540693407e-4,5.5076632618163526e-4,-6.0580171123982325e0,39.340964315605,arc-168,supported,supported,false
source:bto-bfo-medium:370027,bto-bfo-medium,370027,28258,arc1-current-polar-best-glide-equal-feed,481,-38.033326117198,89.370714905198,1394238950.719123,3.8751483239431026e-4,3.7267293628689448e-4,-6.0580171123982325e0,28.171718485611,arc-168,supported,supported,false
source:bto-bfo-medium:370027,bto-bfo-medium,370027,28314,arc1-current-polar-best-glide-equal-feed,482,-38.016437047190,89.898952345484,1394239157.355679,5.4777809772146900e-4,1.5764054806966840e-5,-9.5671021134964036e0,43.017602287137,arc-167,supported,supported,false
source:bto-bfo-medium:370027,bto-bfo-medium,370027,28367,arc1-current-polar-best-glide-equal-feed,483,-37.807300931043,90.108501125419,1394239134.287447,3.6996851419564936e-4,1.0647019219811577e-5,-9.5671021134964036e0,38.011756673523,arc-167,supported,supported,false
source:bto-bfo-medium:370027,bto-bfo-medium,370027,28421,arc1-current-polar-best-glide-equal-feed,484,-38.057224106738,89.540861477897,1394239033.514423,5.1526671003428030e-4,4.9553189129021460e-4,-6.0580171123982325e0,35.527521269153,arc-168,supported,supported,false
source:bto-bfo-medium:370027,bto-bfo-medium,370027,28476,arc1-current-polar-best-glide-equal-feed,485,-38.529753482902,88.905240358522,1394239085.624169,6.4179011661150435e-4,1.4023825220386180e-3,-5.2372976342015818e0,39.554863144550,arc-169,supported,supported,false
source:bto-bfo-medium:370027,bto-bfo-medium,370027,28531,arc1-current-polar-best-glide-equal-feed,486,-38.028387456088,89.858962947508,1394239142.654458,5.7584903134307540e-4,1.6571885090679162e-5,-9.5671021134964036e0,42.991072203279,arc-167,supported,supported,false
source:bto-bfo-medium:370027,bto-bfo-medium,370027,28584,arc1-current-polar-best-glide-equal-feed,487,-38.091107306979,89.642635890993,1394239076.416661,6.7266945787171491e-4,6.4690608219218756e-4,-6.0580171123982325e0,40.682592909559,arc-168,supported,supported,false
source:bto-bfo-medium:370027,bto-bfo-medium,370027,28637,arc1-current-polar-best-glide-equal-feed,488,-37.787445369145,89.866318311224,1394239014.812864,3.2264783430135317e-4,9.2852163393029766e-6,-9.5671021134964036e0,30.006280457780,arc-167,supported,supported,false
source:bto-bfo-medium:370027,bto-bfo-medium,370027,28691,arc1-current-polar-best-glide-equal-feed,489,-38.482354456619,89.027852845074,1394239069.850403,8.1435120349001005e-4,1.7794476184911582e-3,-5.2372976342015818e0,42.545905904014,arc-169,supported,supported,false
source:bto-bfo-medium:370027,bto-bfo-medium,370027,28746,arc1-current-polar-best-glide-equal-feed,490,-37.986685653473,89.722208081920,1394239062.274135,5.0824418996120598e-4,1.4626341029693336e-5,-9.5671021134964036e0,38.766425236986,arc-167,supported,supported,false
source:bto-bfo-medium:370027,bto-bfo-medium,370027,28807,arc1-current-polar-best-glide-equal-feed,491,-38.326368241290,89.012183247824,1394239008.512300,4.4841169456592974e-4,4.3123743637566315e-4,-6.0580171123982325e0,35.843488851571,arc-168,supported,supported,false
source:bto-bfo-medium:370027,bto-bfo-medium,370027,28864,arc1-current-polar-best-glide-equal-feed,492,-38.268685998893,89.053372383369,1394238999.163217,3.6650903402471203e-4,3.5247166422440202e-4,-6.0580171123982325e0,32.754874738728,arc-168,supported,supported,false
source:bto-bfo-medium:370027,bto-bfo-medium,370027,28925,arc1-current-polar-best-glide-equal-feed,493,-38.914710879366,87.575278194702,1394238873.955999,2.4897674446306751e-4,1.0794936647618716e-3,-4.5520762908770394e0,27.091453483181,arc-170,supported,supported,false
source:bto-bfo-medium:370027,bto-bfo-medium,370027,28989,arc1-current-polar-best-glide-equal-feed,494,-38.048722712957,89.287430088209,1394239006.671057,1.1866368804324915e-4,1.1411884489807462e-4,-6.0580171123982325e0,25.917140478030,arc-168,supported,supported,false
source:bto-bfo-medium:370027,bto-bfo-medium,370027,29051,arc1-current-polar-best-glide-equal-feed,495,-38.475015375329,88.612295076749,1394238941.389033,4.3075175905626440e-4,9.4124032546229284e-4,-5.2372976342015818e0,27.655747531423,arc-169,supported,supported,false
source:bto-bfo-medium:370027,bto-bfo-medium,370027,29119,arc1-current-polar-best-glide-equal-feed,496,-38.298771199368,89.183586603846,1394239104.446980,2.7056706271782490e-4,2.6020428973663344e-4,-6.0580171123982325e0,36.223275548807,arc-168,supported,supported,false
source:bto-bfo-medium:370027,bto-bfo-medium,370027,29179,arc1-current-polar-best-glide-equal-feed,497,-38.515023061121,88.763574161883,1394239003.796711,6.7447747086592919e-4,1.4738080131946911e-3,-5.2372976342015818e0,34.086433266740,arc-169,supported,supported,false
source:bto-bfo-medium:370027,bto-bfo-medium,370027,29238,arc1-current-polar-best-glide-equal-feed,498,-37.902083205333,89.718399042578,1394239044.995223,2.7065347554826617e-4,7.7889135034536933e-6,-9.5671021134964036e0,33.778131711884,arc-167,supported,supported,false
source:bto-bfo-medium:370027,bto-bfo-medium,370027,29299,arc1-current-polar-best-glide-equal-feed,499,-38.308487474086,88.292333676502,1394238755.540749,6.7124343328855718e-5,1.4667412827220109e-4,-5.2372976342015818e0,12.344229692719,arc-169,supported,supported,false
source:bto-bfo-medium:370027,bto-bfo-medium,370027,29365,arc1-current-polar-best-glide-equal-feed,500,-38.118619585258,89.507804523279,1394239120.355434,2.4489514334256359e-4,2.3551561004252553e-4,-6.0580171123982325e0,36.429417357569,arc-168,supported,supported,false
source:bto-bfo-medium:370027,bto-bfo-medium,370027,29421,arc1-current-polar-best-glide-equal-feed,501,-37.752255742271,90.328275798421,1394239131.641587,7.2360320978704436e-4,2.0823980924078886e-5,-9.5671021134964036e0,44.094752482945,arc-167,supported,supported,false
source:bto-bfo-medium:370027,bto-bfo-medium,370027,29478,arc1-current-polar-best-glide-equal-feed,502,-37.831392616234,89.898503846465,1394239037.831816,4.5606455469254705e-4,1.3124706273568233e-5,-9.5671021134964036e0,33.054706469700,arc-167,supported,supported,false
source:bto-bfo-medium:370027,bto-bfo-medium,370027,29536,arc1-current-polar-best-glide-equal-feed,503,-38.070986382081,89.534064641724,1394239057.950372,4.1644758844696099e-4,4.0049756195707331e-4,-6.0580171123982325e0,35.716378838908,arc-168,supported,supported,false
source:bto-bfo-medium:370027,bto-bfo-medium,370027,29600,arc1-current-polar-best-glide-equal-feed,504,-38.720988540101,88.021053200983,1394238964.526454,1.1764208285955947e-4,5.1006323273346330e-4,-4.5520762908770394e0,24.888605027823,arc-170,supported,supported,false
source:bto-bfo-medium:370027,bto-bfo-medium,370027,29655,arc1-current-polar-best-glide-equal-feed,505,-38.311457130711,89.007789339060,1394238995.944893,4.3983527727583914e-4,4.2298949759465794e-4,-6.0580171123982325e0,34.928810278392,arc-168,supported,supported,false
source:bto-bfo-medium:370027,bto-bfo-medium,370027,29712,arc1-current-polar-best-glide-equal-feed,506,-38.439436230258,88.644174739870,1394238941.465403,3.6371544150885370e-4,7.9475854327675150e-4,-5.2372976342015818e0,26.942994799057,arc-169,supported,supported,false
source:bto-bfo-medium:370027,bto-bfo-medium,370027,29767,arc1-current-polar-best-glide-equal-feed,507,-38.028282239981,89.733984471237,1394239097.006667,5.2926162957680947e-4,1.5231184617599905e-5,-9.5671021134964036e0,41.325269555701,arc-167,supported,supported,false
source:bto-bfo-medium:370027,bto-bfo-medium,370027,29823,arc1-current-polar-best-glide-equal-feed,508,-38.081368747813,89.592156891849,1394239097.196027,4.0068681101101576e-4,3.8534042547038182e-4,-6.0580171123982325e0,38.350934431699,arc-168,supported,supported,false
source:bto-bfo-medium:370027,bto-bfo-medium,370027,29876,arc1-current-polar-best-glide-equal-feed,509,-38.054555305537,89.777432185595,1394239127.477480,5.7685782254056405e-4,1.6600916261863525e-5,-9.5671021134964036e0,43.338836416032,arc-167,supported,supported,false
source:bto-bfo-medium:370027,bto-bfo-medium,370027,29933,arc1-current-polar-best-glide-equal-feed,510,-38.512614887969,88.357299991385,1394238876.584455,3.0722607789435575e-4,6.7132302415047257e-4,-5.2372976342015818e0,24.917027711898,arc-169,supported,supported,false
source:bto-bfo-medium:370027,bto-bfo-medium,370027,29997,arc1-current-polar-best-glide-equal-feed,511,-37.610607863138,90.243357141987,1394239112.800057,1.4649523550936959e-4,4.2158657513602640e-6,-9.5671021134964036e0,36.471732467701,arc-167,supported,supported,false
