{"type": "FeatureCollection", "crs": {"type": "name", "properties": {"name": "EPSG:4326"}}, "features": [{"type": "Feature", "geometry": {"type": "MultiPolygon", "coordinates": [[[[151.540254187203, -24.0458357978243], [151.531372387298, -24.0584730256392], [151.537963413059, -24.0863178757039], [151.565518249273, -24.0968090010238], [151.614136305311, -24.0527820486432], [151.616072357312, -23.998263970943], [151.639845278803, -23.9773640305928], [151.683872398821, -23.98889099151], [151.788027269075, -24.0988908981402], [151.880800352975, -24.1811089866179], [151.90610028959, -24.1944461033498], [151.933445242948, -24.2179179468776], [151.944427212519, -24.2355549799506], [151.981218235506, -24.3372269628385], [151.987727286254, -24.3649998961738], [152.001354249199, -24.4073640465976], [152.009982412713, -24.4263909668591], [152.024691311723, -24.4538909854261], [152.052463406868, -24.5036089148025], [152.131772304383, -24.608190926843], [152.20356347292, -24.66721796555], [152.277191284085, -24.7099998700292], [152.311645264822, -24.7269460666406], [152.345382257559, -24.7376358430662], [152.39011831895, -24.7445819262471], [152.418309341617, -24.7602819014908], [152.445527225323, -24.7845820446927], [152.468018218538, -24.8122178500916], [152.487591303612, -24.8420819006369], [152.497727203874, -24.87736401341], [152.496900245304, -24.9116639347661], [152.493563409641, -24.9358358348491], [152.497591249404, -24.9726359102914], [152.507754139395, -24.9977729027086], [152.526091396661, -25.0355550019298], [152.56110025939, -25.0875000029861], [152.671491265623, -25.2451359418761], [152.722472347811, -25.261108999526], [152.809009295731, -25.2826359062355], [152.854127236632, -25.2822179845421], [152.907818355763, -25.2888909853167], [152.946627238126, -25.4363910239445], [152.934282371095, -25.5247268959289], [152.893327218599, -25.5623639882246], [152.898591389083, -25.679163965282], [152.920536217486, -25.7354179351348], [152.953509283566, -25.7641640074314], [152.984027290199, -25.7718089737011], [153.023027279955, -25.8368089566276], [153.037891244174, -25.8905550610432], [153.064700258641, -25.9005550068356], [153.099700236552, -25.9097179357744], [153.18191832503, -25.9494459776423], [153.185518352454, -25.9733268580461], [153.137482335773, -26.0677820222799], [153.100527195122, -26.1791639371095], [153.090518196874, -26.2183268710637], [153.072054205232, -26.308473066501], [153.076218334741, -26.347635832817], [153.090300267391, -26.3733359214912], [153.104127222546, -26.506390923422], [153.115154286756, -26.6694460980063], [153.131072359121, -26.6841640494713], [153.143036184833, -26.7299999842001], [153.155818251935, -26.955273020401], [153.157200260135, -27.0827820522615], [153.095654291878, -27.100417911868], [153.070527190107, -27.1198639272894], [153.055818291097, -27.1377819217576], [153.039982361384, -27.164999973101], [153.034563460966, -27.1766640619546], [153.064836213111, -27.3133358551158], [153.090236229651, -27.3333359143386], [153.174682395637, -27.3888910011027], [153.256100347635, -27.4797179747177], [153.268309260196, -27.5024999876121], [153.304691246307, -27.6049999348982], [153.312191373289, -27.646108979137], [153.318727246128, -27.6712459715543], [153.377445160245, -27.7527819407496], [153.403318251401, -27.7772269232387], [153.432736217058, -27.8483358048546], [153.423872354425, -27.9137459981238], [153.410245223843, -27.9819460240536], [153.450236289833, -28.0748639472406], [153.460236235625, -28.0927819417088], [153.489118262391, -28.1391640412501], [153.505954153157, -28.1501089628091], [153.526309269799, -28.1766640056095], [153.555736287911, -28.1830550391606], [153.577609367223, -28.2079179433433], [153.591491307663, -28.2738908975931], [153.584409270012, -28.3620819302902], [153.576918363124, -28.4069460671622], [153.569427288596, -28.4374999483407], [153.562191359203, -28.4594461178482], [153.559691372755, -28.4916639744498], [153.562745235366, -28.5299999498342], [153.57066345168, -28.5838908935372], [153.57844521061, -28.6055550958211], [153.591354179727, -28.6218089472282], [153.606900263228, -28.6349998835684], [153.624191291337, -28.6610359189227], [153.6060003821, -28.8621549923136], [153.579127329892, -28.8973640148907], [153.561918276797, -28.9127820229109], [153.532745230351, -28.9352730161262], [153.518582328516, -28.9502729348148], [153.491909268519, -28.9825000115099], [153.475936210869, -29.0023639486248], [153.448027323064, -29.0437549600873], [153.434145214986, -29.0755550626334], [153.3560823712, -29.2719460720679], [153.345245240916, -29.3004178884918], [153.337618211919, -29.3283358287524], [153.341282277084, -29.3565268514192], [153.359618360883, -29.3780550992332], [153.365509330089, -29.3983359522131], [153.34661819666, -29.5291640501023], [153.292209251339, -29.7813909400579], [153.253872437765, -29.9524999501498], [153.204954141953, -30.1147268250599], [153.170254236177, -30.2049999225117], [153.13802732712, -30.2588910338526], [153.032627241327, -30.5140269471324], [153.018582356689, -30.5686088949349], [153.013309301386, -30.6091640630104], [153.005245239957, -30.7208358240528], [153.003736329743, -30.7844460874289], [153.003872451851, -30.8136089079526], [153.005554196909, -30.8352819950538], [153.0216362193, -30.8838909986369], [153.057063338998, -30.8876358653481], [153.074982339295, -30.9486088467018], [153.052463350523, -31.034999949506], [152.9730183309, -31.2433269567337], [152.95412719747, -31.3594459879753], [152.886382308884, -31.53917293566], [152.861636248432, -31.6066640202173], [152.848845296512, -31.6566640844553], [152.828309298399, -31.7044459618307], [152.760254279395, -31.8105549889961], [152.684418339651, -31.8900000086194], [152.664700247651, -31.907499913756], [152.649991348642, -31.9225000000827], [152.62466341647, -31.9488909252184], [152.593563370479, -31.9841639855361], [152.557463351592, -32.0291640768778], [152.511854231163, -32.13104611026], [152.541354171834, -32.2636179792905], [152.529691256447, -32.4036090061186], [152.396945211468, -32.5008358981021], [152.377163417004, -32.5113908935244], [152.355809345139, -32.5283359166693], [152.327754276942, -32.5527819049869], [152.280818301237, -32.6013909085699], [152.227445191514, -32.6313820287677], [152.127445230676, -32.6822179363926], [152.119418217258, -32.725272923278], [152.144718321512, -32.7705549818435], [151.996609253798, -32.8130550867372], [151.952754298071, -32.8270820341024], [151.837600359164, -32.872217912276], [151.812136304884, -32.8887550720113], [151.66899133552, -33.0699999823654], [151.630527284655, -33.1644460941437], [151.593845226409, -33.2347268437236], [151.574127302048, -33.2672179503695], [151.552418340401, -33.2823640494498], [151.528736278741, -33.2767999744684], [151.501918211819, -33.2852819575914], [151.45456347623, -33.3168089777313], [151.444745250099, -33.3622179383111], [151.467391308524, -33.3751359598832], [151.486818213206, -33.3935459720692], [151.45470026889, -33.5006998872873], [151.340236328254, -33.6286089035684], [151.296936254519, -33.8975000229116], [151.272763348608, -33.969446089019], [151.236636172354, -33.99266396088], [151.178318242658, -33.9874998703191], [151.099718286515, -34.0137908831688], [151.155045217874, -34.0257268809621], [151.195263433441, -34.0568178744976], [151.114118228573, -34.166390974617], [151.085100247337, -34.1800000002887], [151.063872406933, -34.1924999325292], [151.023800371758, -34.2219460613809], [150.976345220969, -34.2774999746784], [150.959963461719, -34.2983358772883], [150.93414518821, -34.3316730532431], [150.840518323651, -34.5583358089943], [150.875245219156, -34.5841639731493], [150.881345233028, -34.599164059476], [150.873563474098, -34.6611090063246], [150.83134516879, -34.7859730448116], [150.800945179354, -34.7962549578275], [150.782482361178, -34.8047179978495], [150.766936277677, -34.8195819620681], [150.756100320859, -34.8377730389425], [150.746900343908, -34.8774999073438], [150.781918259092, -34.9616729909236], [150.851963477193, -35.0215640362124], [150.836763398655, -35.0883999912156], [150.809709297339, -35.1076359561427], [150.776918286196, -35.0783998777852], [150.789354180696, -35.0583268960045], [150.775391271071, -35.0120178866592], [150.748645288516, -35.0098640728132], [150.685182378998, -35.0421908941563], [150.677463316704, -35.0758358535966], [150.703309250494, -35.1269460170943], [150.647491307246, -35.1786088832888], [150.617191397734, -35.1883268618575], [150.556563415516, -35.212499935407], [150.540254243548, -35.2266640107085], [150.485791318771, -35.3108359208218], [150.480236296245, -35.3531910187901], [150.406645197816, -35.5277820391089], [150.355809290191, -35.5949998736218], [150.275272443856, -35.7358359639304], [150.162472311006, -35.9405550647451], [150.13748233717, -36.1116729596544], [150.144209317402, -36.2580550200336], [150.135591379809, -36.3281268925857], [150.098436246947, -36.3605549673195], [150.077191307461, -36.3888909969116], [150.065800301014, -36.427782021926], [150.051636225712, -36.5016639723962], [150.023318301031, -36.6280550260079], [149.97967238997, -36.7609730676407], [149.96637232125, -36.7947268241844], [149.938563345731, -36.8572268206629], [149.902463326844, -36.9233358970207], [149.906645225988, -37.0691729660538], [149.946700329719, -37.1165999536477], [150.006518284812, -37.1617998695618], [150.019718273607, -37.231381903691], [150.019136234249, -37.2644550496951], [149.989809296061, -37.256808909959], [149.947891398163, -37.2818729798184], [149.94941824565, -37.3983358367292], [149.956218316077, -37.4293089807057], [149.976500342523, -37.4737459757906], [149.979536267862, -37.5011088664213], [149.977754275242, -37.5126730429888], [149.971636324097, -37.5222178514374], [149.89941834905, -37.5520819019827], [149.823582409306, -37.5583358075974], [149.785518342861, -37.560417872352], [149.746609212936, -37.5988819232173], [149.672818289935, -37.6963909500626], [149.578645260563, -37.735572994756], [149.562763398019, -37.7372269118953], [149.505245269526, -37.7586089793175], [149.457182263117, -37.7833359290303], [149.309418194539, -37.7952819851072], [149.254700292266, -37.7936178420462], [149.080263331329, -37.7927819986592], [148.826218238931, -37.7977819715554], [148.774845218949, -37.8056909677758], [148.753054282289, -37.8119460468569], [148.658600291521, -37.8166640525296], [148.493836214513, -37.8116729644508], [148.309145168478, -37.8216730778812], [148.281372402781, -37.8261089486921], [148.206909251142, -37.8397179743639], [147.96399130288, -37.902363983596], [147.936918258462, -37.9111089908415], [147.846345256513, -37.9452729577278], [147.759154184868, -37.982500007319], [147.734127330658, -37.9963910002143], [147.654691363491, -38.0425000173492], [147.587736217824, -38.0830640702422], [147.541072318697, -38.113335816559], [147.429691242058, -38.1947178940116], [147.372463462692, -38.2380550157588], [147.21300932136, -38.3630640611711], [147.185591277806, -38.3882640855004], [147.114409305994, -38.4547179933558], [146.988145154397, -38.5695819184124], [146.96941830627, -38.5852730088387], [146.873563364202, -38.6516640524201], [146.835727285524, -38.6601358096212], [146.649845171044, -38.6737460087594], [146.501645243499, -38.7005550232269], [146.431091243875, -38.71721791151], [146.352736206944, -38.6978459921128], [146.261109264487, -38.7022268776388], [146.236909368848, -38.7061088722863], [146.219272335775, -38.7159730312469], [146.184691285385, -38.7574359594387], [146.296491289546, -38.9165640447363], [146.412063317785, -38.8531178990247], [146.419127250525, -38.8252819337774], [146.43295420568, -38.7926359295605], [146.469272321688, -38.8056268736903], [146.483718196576, -39.0762550586526], [146.4251092472, -39.1347268800918], [146.407472381765, -39.144446032127], [146.394136270862, -39.1472269799703], [146.385527218086, -39.1466640513514], [146.346909275478, -39.1299999896018], [146.319545211381, -39.0975729206963], [146.268582401741, -38.9819460748106], [146.247054153927, -38.9488910337175], [146.226627288194, -38.921672982374], [146.209136267875, -38.9019359472737], [146.193027255755, -38.8869460868688], [146.165800319594, -38.862782065775], [146.142345239872, -38.8459729971], [146.120654215498, -38.8355549619761], [146.089145300269, -38.8252819337774], [146.065245309126, -38.8199999936577], [146.038318277462, -38.8212550998427], [146.016100366652, -38.8322179586746], [146.002682280735, -38.8633999796788], [145.90441821205, -38.8569460818538], [145.82358229941, -38.7286089179572], [145.83440937141, -38.7047179792696], [145.843018256547, -38.7052730288994], [145.847472399907, -38.698608912942], [145.81614520434, -38.6522910187794], [145.784700326851, -38.6436179282634], [145.75360028086, -38.6397268811604], [145.727872364267, -38.6413910242215], [145.681918244703, -38.6619459654361], [145.658527202723, -38.6772268455198], [145.607463307331, -38.6836089942535], [145.566209256166, -38.6651359501556], [145.41607243843, -38.5458358190119], [145.416382401211, -38.5236088557473], [145.432191341196, -38.4522268917251], [145.495527181062, -38.4299999284604], [145.52032722097, -38.42311788302], [145.555254276323, -38.3743088872266], [145.485518350452, -38.2481909160209], [145.444272345914, -38.2269359182512], [145.255463438476, -38.2376359205989], [145.213009266412, -38.3491640158202], [145.030400285131, -38.4973909330935], [144.941654202804, -38.5108358411006], [144.901363399955, -38.5058358682044], [144.761109349005, -38.377782012636], [144.790391360192, -38.3769460016109], [144.813872423813, -38.3830550679385], [144.838863403477, -38.3838909113254], [144.880391375237, -38.377782012636], [144.910800249491, -38.3697179512065], [144.941072331084, -38.3608358160248], [144.985018314279, -38.340482040487], [145.119127256719, -38.1676359647762], [145.131272299178, -38.1370089934017], [145.114682333452, -38.07028200314], [145.099254267148, -38.0430639517966], [144.975509212738, -37.8919461161102], [144.948300381488, -37.8756909235985], [144.917682294931, -37.8685460216737], [144.824691281548, -37.9024999380659], [144.746918283975, -37.9627730305024], [144.691227242741, -38.0038909595587], [144.661100335712, -38.0233269166961], [144.526918303076, -38.1011089667248], [144.385936200014, -38.1130550228019], [144.36856336453, -38.1265269205373], [144.362872387534, -38.1458358080223], [144.374545193567, -38.1627820046337], [144.396227333124, -38.1702730791605], [144.513027310181, -38.1815269576715], [144.547054149131, -38.1761088954437], [144.590791255299, -38.1605551005918], [144.60995413003, -38.1494460613682], [144.637127254372, -38.1339549631522], [144.679291244948, -38.1361089446362], [144.706345178627, -38.1491640941446], [144.721209310483, -38.1780550057284], [144.710509308136, -38.2224998798024], [144.658872425841, -38.2849998762807], [144.633882284368, -38.2997268802011], [144.599536262544, -38.2977819433829], [144.570391379293, -38.2851460566724], [144.548600274995, -38.2837549960176], [144.395127292148, -38.3095819867062], [144.3632822626, -38.324446118563], [144.061645226754, -38.4845820439011], [143.998782293867, -38.537155017145], [143.905745180017, -38.6425639877551], [143.8423271975, -38.6965268481875], [143.769436155626, -38.7141640488986], [143.73190031672, -38.720272947588], [143.695172325646, -38.7402730068108], [143.683872346667, -38.7538909172999], [143.673154239409, -38.7839549600554], [143.542954281345, -38.8592358501696], [143.505463369441, -38.8512460524024], [143.484127234849, -38.8349999123462], [143.443863421729, -38.7944460853753], [143.387482382223, -38.7683359539967], [143.338854267901, -38.7577819644028], [143.179963390464, -38.7161089857168], [143.133163369229, -38.6784730668875], [143.096345188876, -38.6588909293582], [143.048172379535, -38.6370820554251], [143.017627215536, -38.6290268788128], [142.971636215598, -38.6292999612192], [142.859954228634, -38.598335869698], [142.803318211633, -38.5759729519635], [142.758882390015, -38.5455550252547], [142.741636288907, -38.5316729171768], [142.612182320228, -38.4552730429856], [142.535245166042, -38.4127729380919], [142.379336234487, -38.3638910197407], [142.268936175798, -38.3846550056211], [142.250382330154, -38.4016640665063], [142.227754209002, -38.402782044755], [142.160382315108, -38.4001358779152], [142.088291242075, -38.3697179512065], [142.062472298014, -38.3555639341887], [141.987745284063, -38.3105549580296], [141.964691362229, -38.292090966387], [141.821345227188, -38.2674999711442], [141.750945286945, -38.2670820494507], [141.721618348757, -38.2705550072221], [141.679409263542, -38.2829179791643], [141.620163457161, -38.321873041919], [141.619754252647, -38.3529819727273], [141.635800232855, -38.367499931982], [141.650218279824, -38.3998639689754], [141.571345241274, -38.4172178613583], [141.454127174885, -38.3724999048782], [141.392627307097, -38.3148640944641], [141.367463324951, -38.2894459730135], [141.289427303255, -38.2283358637236], [141.239682384151, -38.193055092055], [141.193027202203, -38.1605551005918], [141.146363303077, -38.135000018843], [141.125518348012, -38.1238909796193], [141.103572346142, -38.1138910338269], [141.02581829167, -38.0827819353805], [141.001918300527, -38.074173050243], [140.968045185682, -38.0642178638137], [140.939282349579, -38.0593000335688], [140.850645231993, -38.0547179823662], [140.822327307312, -38.0573639815681], [140.771791304183, -38.0738909153813], [140.698582252902, -38.0719459785631], [140.671645162954, -38.0676358363001], [140.586091244641, -38.0322179366953], [140.529972391068, -38.0002820473173], [140.355927200285, -37.8616639762332], [140.335236304601, -37.8193088782649], [140.238282327386, -37.6719459675735], [140.121354274847, -37.5307000021985], [140.080536250288, -37.504446037361], [140.049836188717, -37.4904179165293], [140.025463458234, -37.489864040366], [139.993836190531, -37.4924999812839], [139.841336179008, -37.3313909169843], [139.814418199799, -37.2997269365462], [139.797763358143, -37.2736089261786], [139.751372373784, -37.1997179232528], [139.763809274112, -37.1679820260852], [139.783036186584, -37.1479910193177], [139.780272337823, -37.1077820238444], [139.733718241628, -37.0143088833895], [139.75191820332, -36.921672927426], [139.793182312768, -36.8991639969378], [139.822891298104, -36.8745820541503], [139.84567230517, -36.8440268318672], [139.854672289911, -36.826109005037], [139.861754159924, -36.7947268241844], [139.865100215681, -36.7622179479038], [139.864963423021, -36.7322179428886], [139.860791246884, -36.6608269264109], [139.854400380971, -36.6349999357224], [139.826909247222, -36.5777820470018], [139.823500327191, -36.5545819447758], [139.673582277128, -36.2547178490939], [139.648036247835, -36.2097269778457], [139.508700350561, -36.056108988073], [139.494354220322, -36.0357820346255], [139.422927329298, -35.9591908854033], [139.407009256934, -35.9436089273567], [139.371845161358, -35.9106088715486], [139.324527306143, -35.8677820400681], [139.289354158112, -35.8384460494244], [139.189327207545, -35.7506358904086], [139.082600266476, -35.6797640490151], [139.10961832561, -35.6813358235029], [139.131436251998, -35.6925550009347], [139.34329136992, -35.8397179194157], [139.40387241348, -35.8872179972057], [139.476209243915, -35.9597268242939], [139.584000351414, -36.0884730250664], [139.612182321625, -36.1258269766722], [139.643036274939, -36.1852729429011], [139.660400225605, -36.2162460868776], [139.663300364112, -36.1872178797194], [139.649718328169, -36.146946019972], [139.604127312651, -36.0413910366081], [139.588563459516, -36.0208359277554], [139.566500278639, -35.995417973943], [139.538882410513, -35.9674998660444], [139.488554278584, -35.9194460797292], [139.448027273703, -35.8841730194116], [139.295809229403, -35.772772999671], [139.186245181739, -35.6765549535564], [139.154236202165, -35.6570549586785], [139.123245288554, -35.6377179079987], [139.099563394532, -35.612508998852], [139.097600352803, -35.5240269464758], [139.133709256507, -35.5050729487722], [139.159700364861, -35.5038909327831], [139.235136152546, -35.5572549900509], [139.23788239931, -35.5970179006359], [139.226072297703, -35.6826358566891], [139.241700356217, -35.6999268847981], [139.335827285122, -35.6913909222184], [139.361354203676, -35.603890893621], [139.37308233027, -35.470408917541], [139.356609208275, -35.3744460165598], [139.237182342755, -35.322226927269], [139.212463439669, -35.3166640257541], [139.189209357987, -35.3324999554677], [139.134691280286, -35.3790268942962], [139.079563335309, -35.3927819327215], [139.058591310592, -35.3927819327215], [139.02067241871, -35.3906909831496], [138.989818297759, -35.3974999383941], [138.969954193006, -35.408473023148], [138.955382254295, -35.4279178651027], [138.949554149363, -35.4488908956489], [138.95947228778, -35.4755909453747], [138.987318311311, -35.4849999669916], [139.016918331906, -35.4902819071114], [139.035809297697, -35.5098640446407], [138.991136268218, -35.5574268190665], [138.965518322195, -35.5605549453403], [138.900545161359, -35.5547179555907], [138.835509303887, -35.5452819442455], [138.807891268123, -35.5383358610646], [138.77719137419, -35.5358358746166], [138.721500332956, -35.5387549562245], [138.650545175445, -35.5630550994264], [138.62689127698, -35.5813910155881], [138.610382280439, -35.6034729719275], [138.591082277772, -35.6227729745951], [138.536282400486, -35.6534730361655], [138.202182253551, -35.6713910306336], [138.174972416472, -35.6695909331027], [138.150127281924, -35.660826982756], [138.137482342758, -35.6530549468339], [138.093154144777, -35.6191640623538], [138.128572379658, -35.5536088621594], [138.153027252793, -35.5329179664749], [138.194118192121, -35.5211088706961], [138.216372312752, -35.5133358289457], [138.258327258661, -35.4944460366206], [138.28553625755, -35.479026855134], [138.438782258458, -35.343817871719], [138.467472339642, -35.2116640920199], [138.455091262788, -35.1769358554103], [138.464963300738, -35.1130550241988], [138.475800263384, -35.0891640855111], [138.491482301355, -35.070282004537], [138.509154203145, -35.0456998941115], [138.514163396135, -35.0249999459717], [138.511654189593, -35.0049998867488], [138.498291256599, -34.9344358288408], [138.486354252977, -34.8938908866873], [138.481082371142, -34.8629179103487], [138.504527224941, -34.7732640679053], [138.496063346729, -34.7288820581054], [138.435245262947, -34.6422269253505], [138.419982320136, -34.6274910366127], [138.40304517598, -34.6138908957584], [138.290118308752, -34.5006999985803], [138.274982267956, -34.4801358372723], [138.265536198327, -34.4586089305626], [138.242463333391, -34.3830549580424], [138.235509203583, -34.3569460001302], [138.219682326325, -34.3148639845681], [138.151918327, -34.2069459750543], [138.09225426365, -34.134926818751], [138.068027210644, -34.1396550503454], [138.006927327276, -34.2571550839581], [138.019618199271, -34.2845179745888], [138.033718236832, -34.3018730404382], [138.019009337823, -34.3441639330281], [137.989963361029, -34.3730550122499], [137.972745255478, -34.3863909555155], [137.940672405802, -34.4072179733079], [137.924427271574, -34.4254179349998], [137.889145158802, -34.5252819413677], [137.887282364634, -34.6001998950733], [137.886654224809, -34.6574999264453], [137.875518195857, -34.7111089029245], [137.826909359912, -34.8391639319594], [137.809691254361, -34.8736088602409], [137.749118257427, -35.0497268956844], [137.753736183176, -35.0941640584074], [137.748172443471, -35.1327820010155], [137.674409348388, -35.1816640870048], [137.63105412173, -35.1725730747953], [137.595791287334, -35.1497268565223], [137.566909260568, -35.137500006688], [137.532200302335, -35.1288819014571], [137.459827262079, -35.1138910352239], [137.421082249818, -35.1199908814579], [137.233563317282, -35.1782000140507], [137.216627178954, -35.1910999307119], [137.205245224962, -35.2144460456916], [137.191082323127, -35.2351359355478], [137.166836159382, -35.248190917418], [137.137209316697, -35.2486090067496], [137.114136284124, -35.2447179596465], [137.076782332518, -35.2320819052981], [137.053863359325, -35.2280550713634], [137.027636216578, -35.2306910122813], [137.007200298389, -35.2405550036039], [136.966900275447, -35.2694460828258], [136.949827176821, -35.2866640207389], [136.892336205694, -35.3040269655772], [136.859682322488, -35.2911179964607], [136.831500352277, -35.2517999972974], [136.868363459631, -35.2023640351447], [136.894145188042, -35.1898550504488], [136.936645292936, -35.1472268700742], [136.960391392337, -35.0997909976628], [136.956636299704, -35.0596550923854], [136.977036175709, -34.9588910372519], [137.024082289621, -34.9020089275735], [137.05218228482, -34.9091640554201], [137.079409220981, -34.9224999986857], [137.107745250573, -34.9295820363364], [137.135236216684, -34.928200028137], [137.193309227169, -34.9106909029068], [137.281491375049, -34.9064550243062], [137.298645275221, -34.9288910322367], [137.38469137889, -34.9608269216147], [137.40637234498, -34.9566639655719], [137.434145278316, -34.9388909780291], [137.447054247432, -34.9170819364579], [137.454127232627, -34.8969460904033], [137.498563389522, -34.6586088522384], [137.481082259849, -34.471664080071], [137.493291340048, -34.2863909946776], [137.48718227372, -34.2424999967671], [137.469700305857, -34.1924999325292], [137.451709221193, -34.1604178627594], [137.466136152979, -34.1435460974485], [137.503327328024, -34.1505550449034], [137.514845236486, -34.1433358793163], [137.543872437816, -34.0955550077692], [137.555545243848, -34.0649999531241], [137.594972375392, -33.955835889881], [137.602891262258, -33.8840269517098], [137.632172435255, -33.8491639340968], [137.777754191516, -33.6973639791279], [137.890118297763, -33.6051358865741], [137.910663348331, -33.5980550223898], [137.932191260869, -33.595273068718], [137.948582407851, -33.5592999518453], [137.941654261943, -33.5102819113861], [137.916072358104, -33.4413819965392], [137.847472347753, -33.3227730371335], [137.814345222293, -33.2780550806534], [137.828309305384, -33.2231909979891], [137.844972361305, -33.2019460585032], [137.901918341086, -33.1674999567551], [137.954954163024, -33.1494460078171], [138.019563381624, -33.1480549471622], [138.046863407981, -33.1294358903104], [138.039427318739, -33.0780549913395], [138.008927249379, -33.0288178479307], [137.977736175919, -33.0216640611885], [137.954127204455, -33.0091730137654], [137.89636331856, -32.7872269225822], [137.843845162963, -32.6880460413248], [137.829954170068, -32.6313820287677], [137.816282280122, -32.5668730577305], [137.762972369949, -32.5324998785404], [137.755245261028, -32.5511088771083], [137.754427187276, -32.5761089092272], [137.755109306558, -32.6957639301523], [137.778454248071, -32.7066640923482], [137.791918266818, -32.7223550151365], [137.80122720851, -32.7409730661598], [137.807618242061, -32.8479179367123], [137.774845168192, -32.9927729819666], [137.722745269564, -32.9952820208701], [137.595518204928, -33.0297269491517], [137.488282314696, -33.1277819731713], [137.443027245859, -33.1944460991588], [137.385254139871, -33.3002820439179], [137.378572421917, -33.3208358116661], [137.375382269559, -33.3516639487173], [137.379409271132, -33.3833358081446], [137.361127166789, -33.4293730761882], [137.279436300023, -33.5618089907488], [137.226900374791, -33.6433359074888], [137.209963398273, -33.6661088679278], [137.165263379066, -33.7033268650636], [137.142063444478, -33.7137549584714], [137.020282269987, -33.7172639584265], [136.978427236364, -33.6885460493247], [136.949718212079, -33.6810358640585], [136.884282370186, -33.7624999165244], [136.902772345729, -33.7730550795847], [136.863863383442, -33.8069459640648], [136.661100283558, -33.8905549455592], [136.579954240499, -33.9319461246597], [136.413454271338, -34.040981944784], [136.356554224387, -34.0902088622709], [136.351345206825, -34.1221549775708], [136.318172316173, -34.1901359005508], [136.306091311454, -34.1988819136248], [136.256927258241, -34.2773640202085], [136.241336247739, -34.2972269514951], [136.206572304222, -34.332155012677], [136.184963422499, -34.337773067115], [136.148727281504, -34.3465269591779], [136.125872346052, -34.3620819274963], [136.04025422236, -34.4836089626817], [135.967191351471, -34.5155639627989], [135.936909211594, -34.5368729400253], [135.874972311372, -34.6383358782476], [135.803791345389, -34.8152089555311], [135.829127324188, -34.8247178894342], [135.872882367629, -34.8198639292917], [135.902209305817, -34.8069460753578], [135.953854234739, -34.7672178658519], [136.006663410015, -34.7425998808808], [136.019991306653, -34.7951460320343], [136.004636162907, -34.9917998979532], [135.956409206472, -35.0082358042977], [135.930118193622, -34.9667358280937], [135.846618344507, -34.890281974446], [135.81510926164, -34.8702819152232], [135.786654209023, -34.8602819694308], [135.75510925161, -34.8580550653889], [135.723982383529, -34.8677730439577], [135.705654178718, -34.8881999096914], [135.701082353437, -34.9102820336688], [135.679700286015, -34.9538179741598], [135.66525424349, -34.9580550262269], [135.643582329855, -34.9527819709244], [135.619418308761, -34.9208358556246], [135.606082365496, -34.8930550433003], [135.582454283292, -34.8658358184904], [135.474672395886, -34.7511088537321], [135.326354283506, -34.6248550956947], [135.248027242132, -34.5731999408512], [135.215863364987, -34.5650639626922], [135.147127232528, -34.5881269369819], [135.112318194372, -34.5947550107554], [135.15164524599, -34.5038909891281], [135.208509250758, -34.4358269176682], [135.210445135121, -34.4719358213727], [135.213227256431, -34.4980550052069], [135.344418290728, -34.6141639781646], [135.396518189356, -34.6440268552435], [135.495863355916, -34.6170820539443], [135.441082254093, -34.6045819540657], [135.394854213932, -34.5836089235196], [135.382191337494, -34.552226910305], [135.376827254723, -34.5259729454675], [135.393109269325, -34.495345974093], [135.34911819149, -34.2891729483494], [135.309963304163, -34.1938819407286], [135.27262728983, -34.1202730726646], [135.26108239164, -34.0065269582186], [135.19384527875, -33.9194460247812], [135.057463331801, -33.7905549847213], [135.033600221032, -33.7686089828518], [134.981627224419, -33.7344460217939], [134.930800369249, -33.702499906494], [134.840663393906, -33.6377820584292], [134.84816335325, -33.5958358296988], [134.862591290864, -33.5680550173746], [134.868427274786, -33.5414639323905], [134.863282294964, -33.4961089512672], [134.858000354844, -33.4719358777178], [134.828036224375, -33.3947179297745], [134.80859138242, -33.352781926966], [134.707472437505, -33.1772268201414], [134.689282366459, -33.1670820350617], [134.593563378861, -33.1399999381881], [134.408663455798, -33.1645089584177], [134.387754127716, -33.1822179082201], [134.329545162761, -33.2027819018901], [134.268718194161, -33.1455549607142], [134.269291348702, -33.1199998789653], [134.195663369899, -32.9544460590375], [134.129391349343, -32.8427729568907], [134.074509329405, -32.7208640421955], [134.154691285958, -32.7258269670796], [134.194000232666, -32.7568730336139], [134.208191297696, -32.807635851043], [134.224118254878, -32.7838909251091], [134.27651822564, -32.7287460486876], [134.297072328664, -32.6774999307201], [134.276363328069, -32.5885459771937], [134.223018213902, -32.522499932748], [134.205536246038, -32.5036178517739], [134.184145293799, -32.4866639438116], [134.14303624956, -32.4574999498215], [134.11411818061, -32.4534729482486], [133.955536260125, -32.495835925206], [133.890654126757, -32.5481909689668], [133.852872362812, -32.5418089878711], [133.854400216127, -32.460417857963], [133.883300347805, -32.4047179319118], [133.902818279955, -32.4156179264696], [133.934127202974, -32.4216730133405], [133.950791264724, -32.3982640340868], [133.90191823119, -32.3294460942531], [133.873563426135, -32.2991730068317], [133.826354200386, -32.2508359121884], [133.75665414906, -32.2138909974588], [133.725527280978, -32.2005550541933], [133.694972393971, -32.1811179235893], [133.66282729229, -32.1524268365777], [133.673691244664, -32.1156909665138], [133.605863375236, -32.0980551069073], [133.581345134913, -32.1149268722182], [133.566700273644, -32.1656910307518], [133.485109319163, -32.2098639958859], [133.41720919773, -32.213335947829], [133.226072300497, -32.1974909656599], [133.166654162186, -32.190835902158], [133.135954268254, -32.1844460420734], [133.084827173312, -32.1379179297786], [133.065518285827, -32.1198639808405], [133.026227276392, -32.1013909367424], [132.973572328135, -32.0916640733562], [132.859409297824, -32.0061089815771], [132.83288225058, -31.9779179589103], [132.785245212492, -31.9562460452755], [132.76443629961, -31.9508358620367], [132.584409279791, -31.9358359433482], [132.549136219474, -31.938890979426], [132.518309255889, -31.9447179108918], [132.488863294675, -31.9525000050978], [132.455382285261, -31.9699999102345], [132.414154217997, -32.0116730565585], [132.32774517792, -32.0377820144708], [132.264982324958, -32.0416730615738], [132.195936229719, -32.0269460576533], [132.172763452497, -32.0088909352488], [132.15469123101, -31.9899999694573], [132.137482345552, -31.9708359212595], [132.026918336837, -31.8819460054736], [131.815800323482, -31.747773025294], [131.769136256717, -31.7222179435452], [131.666654246704, -31.6705550773506], [131.492463378444, -31.5955549809937], [131.469118269292, -31.5858358289585], [131.364963399039, -31.5433358917029], [131.276918211458, -31.511672917093], [131.174145181765, -31.4784730367127], [131.148591273483, -31.4740269399799], [131.115172290153, -31.4774998977513], [131.090236295775, -31.4913908906466], [131.069427215255, -31.5083359137915], [131.041227307771, -31.5333359459105], [131.012482241303, -31.5488909142288], [130.843991234856, -31.6047269623881], [130.79358230138, -31.6102819849141], [130.763736188107, -31.6120819148069], [130.732182345877, -31.6108358610774], [130.70303628916, -31.6088909242591], [130.644436224602, -31.603890951363], [130.263309242131, -31.5761089655723], [130.23635421491, -31.576390932796], [130.148863406406, -31.5791640016502], [129.935791236139, -31.5933359559407], [129.885072339883, -31.6030178923259], [129.83829126175, -31.6144461144233], [129.701082356231, -31.6216639389059], [129.475527185168, -31.6386089620508], [129.231900295533, -31.6583359388674], [129.060245288267, -31.6824999599613], [129.029418324682, -31.6874999328574], [129.000272435603, -31.6926088704952], [128.978709319072, -31.696108985633], [128.952454180767, -31.7033269777537], [128.793027196802, -31.7694461123953], [128.773318324896, -31.779164090964], [128.704127222732, -31.8163909729173], [128.554409332518, -31.8883358655582], [128.182736298665, -32.0316729481433], [128.012345282401, -32.0895820086017], [127.949418311774, -32.1011089695188], [127.828327303193, -32.1194460591469], [127.737491277122, -32.1347269392307], [127.628863320407, -32.1708358429352], [127.538591228784, -32.2027819582351], [127.334718197278, -32.2669460977747], [127.267763386888, -32.2783359307555], [127.164991363024, -32.2938908990739], [127.124972301477, -32.2984908875494], [127.023036288638, -32.3036088776427], [126.990536297175, -32.3049999382975], [126.687191364733, -32.315835895115], [126.638600298423, -32.3141640407028], [126.573609200313, -32.3091640678067], [126.458882235555, -32.2997268829952], [126.399427216871, -32.2922269236509], [126.328600302479, -32.2722268644281], [126.303036168274, -32.2622178661802], [126.283054213962, -32.2563909347144], [126.261382300327, -32.2514000142737], [126.239154163596, -32.2469460385519], [126.208600282418, -32.240835966396], [126.179700318378, -32.2384729402463], [126.152900356367, -32.2434729131425], [126.130809347572, -32.2545819523661], [126.091791252905, -32.2784730586919], [126.069291374872, -32.2849998790747], [126.045254255793, -32.2847269643066], [126.012500292662, -32.2741729747128], [125.972272354088, -32.2667358796425], [125.806509321856, -32.3436089960883], [125.617754226236, -32.46777297802], [125.582836223338, -32.494517954747], [125.559972403068, -32.5163910340586], [125.540818245516, -32.5305549417221], [125.514991254828, -32.5468089607672], [125.444291242449, -32.573335840373], [125.39888228187, -32.5824999427783], [125.377763406208, -32.5841640858395], [125.336927276737, -32.5905549517525], [125.302336168064, -32.5987549676519], [125.2463723797, -32.6244460038706], [124.995536215123, -32.7422268312403], [124.927200234723, -32.7855550681701], [124.896663452628, -32.8133358804944], [124.879563364273, -32.8298639877742], [124.746645155003, -32.8977820464803], [124.704991287056, -32.9102819787207], [124.664700316569, -32.9163910450483], [124.580554222718, -32.9280549662636], [124.49748235358, -32.9369459862628], [124.453327158081, -32.9408358598993], [124.402772379489, -32.9455459865829], [124.352763430434, -32.9574999216489], [124.328872324108, -32.9647179137697], [124.301654272765, -32.9749999944237], [124.281936180766, -32.9855549898459], [124.190118298554, -33.0491640797556], [124.157763314017, -33.0797268457516], [124.141091373278, -33.0963909075013], [124.106372356762, -33.1394460620247], [124.090954181103, -33.1620818945274], [124.002491239467, -33.3936178887986], [123.964709307883, -33.5388910233845], [123.955945189899, -33.559581919069], [123.939145173679, -33.573335951666], [123.918318323525, -33.5830639885186], [123.859991341373, -33.6158358889216], [123.789982333095, -33.6772269596069], [123.769709191466, -33.695273029556], [123.752491253553, -33.7141639953475], [123.735882344726, -33.7524089432631], [123.734991348416, -33.7797269068928], [123.690809330826, -33.8205549897365], [123.648882380474, -33.8469460825103], [123.540818190568, -33.9058269408256], [123.470127230646, -33.9084729400274], [123.45150934726, -33.9002729241279], [123.429427223283, -33.8969459791102], [123.405545169413, -33.8958358798505], [123.369000239104, -33.8951460492173], [123.342754153255, -33.9038179662668], [123.305254188896, -33.9416639355904], [123.282691278951, -33.9711729287161], [123.236363326504, -33.9999999701976], [123.168054168195, -34.0186089687656], [123.139427286562, -33.9491640625727], [123.100682274301, -33.8869460333179], [123.080272340012, -33.8758269358104], [123.01782716118, -33.8575729946619], [122.914991267214, -33.8855640251185], [122.844982258936, -33.9069358666187], [122.817472349723, -33.9067999121489], [122.73027239326, -33.8933358934025], [122.593800257033, -33.8980550725415], [122.575682270355, -33.9133269001698], [122.433309274275, -33.9258358848657], [122.37706335105, -33.912355102313], [122.354427183271, -33.9129178632937], [122.29823624533, -33.9315908996021], [122.262272348551, -33.9658998734138], [122.251372353993, -34.0167359486768], [122.118318190253, -34.0286089145579], [122.0797093001, -34.0177729577405], [122.100918197402, -33.9802089556406], [122.086382300874, -33.9272269455206], [122.071518169018, -33.8931999389326], [122.052200229077, -33.8686089436898], [122.037200310389, -33.8530549811998], [122.013736178212, -33.8311089793303], [121.99386335628, -33.8247268305966], [121.916791253452, -33.8363909194501], [121.886018269324, -33.8587459581956], [121.861645203564, -33.8805549997668], [121.834709287082, -33.891946006214], [121.780954130211, -33.8995089974704], [121.67249129699, -33.8602820257759], [121.522618173928, -33.8215358400487], [121.461109253684, -33.8174999536586], [121.370818218959, -33.8152819344341], [121.336100208272, -33.8155550168402], [121.21970926809, -33.8388909058982], [121.05165412061, -33.8569460283027], [120.929700278914, -33.8627820122239], [120.884845194497, -33.8568089003664], [120.862482276763, -33.8566729458965], [120.834718228245, -33.8669459740951], [120.809700258853, -33.8795820284435], [120.791372389318, -33.8880549591111], [120.722763326512, -33.8944459926621], [120.693863362473, -33.8958358798505], [120.540263309973, -33.9172179472728], [120.48552730279, -33.9488819277111], [120.41699133018, -33.9739178343757], [120.369136194971, -33.9636179840869], [120.28803625238, -33.9455460978759], [120.253054211741, -33.9397179929437], [120.229982352634, -33.9374999737192], [120.028318287897, -33.9255550911085], [120.004991283657, -33.9288909209437], [119.97998236672, -33.9344358851859], [119.812909243019, -33.9780549741566], [119.78886340676, -33.991526871892], [119.770263293009, -34.0105640180753], [119.754572370221, -34.0322268792547], [119.738872394977, -34.0458359049264], [119.707772348986, -34.0640269818008], [119.67276331862, -34.0788909460196], [119.644145154166, -34.0897178503815], [119.616091259435, -34.0999999310355], [119.563591376387, -34.1497269128673], [119.480945140294, -34.2704179370277], [119.467482295014, -34.3318090077129], [119.325545157901, -34.4469460151758], [119.208600341557, -34.504446038758], [119.185254226577, -34.494999969129], [119.111363391289, -34.4747179426826], [119.078872284644, -34.466108889907], [118.935254240663, -34.4494460016238], [118.911654154016, -34.4530550815032], [118.890263369415, -34.462217842804], [118.764854171944, -34.5330549831182], [118.739700248082, -34.5499909538077], [118.721645125678, -34.56945507414], [118.719436158909, -34.574999870744], [118.754172274507, -34.606945986044], [118.735682298965, -34.6259730739435], [118.71914513923, -34.6397269389024], [118.699145247645, -34.6502730495072], [118.637891304896, -34.6804819315502], [118.612200268677, -34.6855549946422], [118.582072355819, -34.6906909220082], [118.518336196257, -34.7074999906832], [118.47706336963, -34.7237459631014], [118.444554158073, -34.7435460301139], [118.418054100557, -34.7741730014883], [118.399718184396, -34.8011089179701], [118.387618236576, -34.8402730253907], [118.281663436429, -34.9055549755408], [118.081672399571, -34.9938910151632], [117.83797241974, -35.0301358733377], [117.833809296059, -35.0506269444499], [117.857754214203, -35.0719459799601], [117.883045266001, -35.0826359240237], [117.949145122266, -35.0923639608764], [117.995882279226, -35.0969089640669], [117.934145203577, -35.1253460794116], [117.858445218303, -35.1140640377059], [117.809418293026, -35.0791730245362], [117.784145178501, -35.0652820316409], [117.748727278896, -35.0517999079836], [117.726645154919, -35.0480550412724], [117.664082294166, -35.0512550842755], [117.632763312864, -35.069445993512], [117.619563324068, -35.0908359399231], [117.609709223392, -35.1383358500751], [117.554154136627, -35.0986089816737], [117.533336171291, -35.0883359534751], [117.355127186275, -35.0247268635653], [117.332491353773, -35.0188910472821], [117.183872331068, -35.0119459699297], [116.948382257781, -35.0157640944748], [116.915327216688, -35.0417359244507], [116.895682382523, -35.0561088767801], [116.873027271643, -35.0566640940479], [116.838054115822, -35.0490268391292], [116.814700289491, -35.039726949892], [116.724427192039, -35.016946110464], [116.658045200913, -35.0322179380922], [116.601927185531, -35.0330549549457], [116.46053621323, -34.9995910446145], [116.375527286263, -34.9480550804345], [116.324709315911, -34.9183358691765], [116.268600352984, -34.8877819879979], [116.246372383891, -34.8777820422055], [116.216927260868, -34.8661089008966], [116.178863362061, -34.8544459855095], [116.092482317541, -34.838055006166], [115.973600275729, -34.8194550600537], [115.952472347611, -34.7694461109984], [115.943863294836, -34.7511088537321], [115.913318298475, -34.7031910218868], [115.814145128568, -34.607781997069], [115.788463312443, -34.5847178493128], [115.648036259011, -34.4677730329681], [115.495672369595, -34.3836090018439], [115.386100275304, -34.3338909048295], [115.314000317453, -34.3048640387757], [115.241018248111, -34.2979179555948], [115.204427217334, -34.3012549588963], [115.168309261174, -34.312773034996], [115.146654111346, -34.3439639408177], [115.122209296495, -34.3627819840514], [115.073882260135, -34.3238909590371], [115.008945141482, -34.2624358506114], [115.004572302584, -34.2248639695226], [115.00720924933, -34.2031908824212], [115.010272332035, -34.1758999085199], [114.97664514223, -34.0186089687656], [114.957763396532, -33.8661089572416], [114.953745279776, -33.6923640062318], [114.997100338796, -33.524108866541], [115.039709240793, -33.5337460435629], [115.081863340723, -33.5756909311887], [115.101300303689, -33.6111819209896], [115.155818213751, -33.6355640392047], [115.220536229454, -33.6532639365516], [115.26165415851, -33.6522178750325], [115.282491234586, -33.6505550730759], [115.315536217396, -33.6459730218732], [115.363600229633, -33.6330550003012], [115.396945116938, -33.6213820266302], [115.429700253535, -33.6051358865741], [115.667754183372, -33.3102729372549], [115.690254229043, -33.3027820303662], [115.704427189162, -33.2863908833846], [115.712627205061, -33.2640269598216], [115.714291348122, -33.2422179182505], [115.669436263706, -32.9819460776046], [115.65305416918, -32.9244460540223], [115.635536159132, -32.8674999066035], [115.619418262195, -32.8066640531861], [115.594363412429, -32.6706909754755], [115.617618164664, -32.6028460069652], [115.694500333565, -32.5222179655244], [115.69115411017, -32.5540640009001], [115.652772369594, -32.5861088550196], [115.633727176784, -32.607781942121], [115.632063368999, -32.6486088514981], [115.672709229267, -32.7457819316631], [115.700254174835, -32.7811089714373], [115.718245259499, -32.7703461048157], [115.715991365729, -32.7156640770889], [115.733600235607, -32.6444460630934], [115.761936265199, -32.5724999969861], [115.743872425615, -32.4488820122286], [115.732482257358, -32.3208358680111], [115.734982243807, -32.2648640330201], [115.755254211969, -32.1917999886641], [115.737763359288, -32.0952729855976], [115.744000333458, -31.9343089282233], [115.743309329358, -31.8933358384545], [115.739982384341, -31.8680550125784], [115.705818249816, -31.7163910120794], [115.693591232344, -31.6836088857545], [115.681663281178, -31.6605549639202], [115.639427206235, -31.5952818985874], [115.567209231188, -31.4836089640787], [115.45110025823, -31.3016639971694], [115.437754256681, -31.27958204083], [115.394991295303, -31.1841639635568], [115.375263312658, -31.1222178432417], [115.368591317711, -31.1022179516571], [115.310245224821, -30.9866640283291], [115.246936207045, -30.891946007611], [115.209354100034, -30.8473640056008], [115.167482302604, -30.7719459875503], [115.081100252256, -30.5888909213813], [115.047272399688, -30.5047178378016], [115.054491229999, -30.4772179868726], [115.023609281129, -30.2741729197647], [114.985263415099, -30.1455549621111], [114.957200300275, -30.0756269230179], [114.937191356235, -30.0602820051936], [114.93914517787, -29.7367998855922], [114.941936183997, -29.6705550224026], [114.947063394184, -29.62929996541], [114.961236186665, -29.5670819361553], [114.973445266864, -29.5376358073034], [114.979427263539, -29.5081910195561], [114.97804525534, -29.4877819234572], [114.928236130857, -29.3355549943395], [114.902772411853, -29.2991639557732], [114.903109196723, -29.2586089553359], [114.887345183739, -29.2058358222437], [114.834854185509, -29.0965269197131], [114.719991266281, -28.9680549748131], [114.691091302241, -28.9441640361254], [114.656018234134, -28.9188909216003], [114.61928236407, -28.8711088765868], [114.596645190463, -28.8283358569249], [114.591663322477, -28.7975000085228], [114.592209319652, -28.7677819707312], [114.596509235993, -28.7252820334755], [114.59192718479, -28.6811089007034], [114.584145258222, -28.6330549467501], [114.529982237942, -28.531946060119], [114.51416340731, -28.5058359287404], [114.502772400863, -28.4880550622084], [114.369709184667, -28.3208359257531], [114.307482270595, -28.2299269771248], [114.261518260385, -28.2082639483073], [114.23165420984, -28.1888910230819], [114.21012730313, -28.1662459704856], [114.197200229103, -28.1505550476974], [114.154291254971, -28.0909729593605], [114.145827209121, -28.0691729702447], [114.116654162675, -27.9477730047117], [114.094700281817, -27.8515269630405], [114.096509264165, -27.8199999429005], [114.107482348919, -27.7772269232387], [114.125263383089, -27.735690904851], [114.140963358333, -27.7072179149606], [114.135272381337, -27.6624999584804], [114.121372335986, -27.6033359594751], [114.093318273618, -27.5055550236901], [114.072772384858, -27.4511088627194], [114.02720919726, -27.3638909689836], [113.936918162535, -27.1988910252192], [113.799145154932, -26.9674998702353], [113.787200272321, -26.9505550147284], [113.68776340774, -26.8158358697364], [113.585818174808, -26.6908358767796], [113.535536143346, -26.6333269683799], [113.498382351589, -26.5963178482718], [113.446636169277, -26.5555549766351], [113.281091234166, -26.3994460528699], [113.224427221609, -26.23916394714], [113.253600268054, -26.1958268253928], [113.270472368642, -26.156455014411], [113.273609212095, -26.1283359084736], [113.270263323976, -26.1002820137432], [113.264163310104, -26.0640269296468], [113.267900297826, -26.0399998688511], [113.287654096733, -26.027773019017], [113.301654222008, -26.1261090044317], [113.303309312613, -26.1672178810325], [113.304154208456, -26.2224998853903], [113.334154213471, -26.2786179007731], [113.35775413248, -26.1863909816857], [113.365536226685, -26.1188910123111], [113.514300256316, -26.2841640384817], [113.534572392116, -26.3379178542483], [113.539700272855, -26.4005549786629], [113.546372267802, -26.5080550664832], [113.569718215143, -26.5697178784702], [113.64345415286, -26.6543088837434], [113.666654255086, -26.6594459845759], [113.674427296836, -26.6599998607393], [113.677463389813, -26.6341639852334], [113.741927266211, -26.5941640344258], [113.784009281773, -26.6034729761185], [113.815263387145, -26.5738908927968], [113.855818219944, -26.5075000168534], [113.863872390728, -26.4847178363208], [113.864700355126, -26.4591639280385], [113.86137240428, -26.3365269612313], [113.828800328449, -26.2848639273988], [113.789145209139, -26.2505549535871], [113.743591241634, -26.2266640148995], [113.652209218389, -26.1694459585409], [113.551227233772, -26.0750000144006], [113.532209198328, -25.9894358701659], [113.492763291322, -25.8587460736796], [113.446636169277, -25.7938909300403], [113.40360029313, -25.7373640454195], [113.391109245707, -25.7104179030158], [113.392491253907, -25.678335833246], [113.398036218149, -25.6549999441881], [113.408600266027, -25.6281909297208], [113.41970930525, -25.6097178856227], [113.469436287082, -25.5408359080488], [113.497754211763, -25.56028192347], [113.52970921188, -25.6236088785181], [113.59109123011, -25.7122178329088], [113.651654168759, -25.7638909250251], [113.697409301941, -25.7952089004994], [113.734082307731, -25.889026872452], [113.709845196441, -26.0075729675838], [113.681918203725, -26.0348639414851], [113.684282235703, -26.1195820164107], [113.71400932595, -26.1969459771078], [113.764845233575, -26.2011820233466], [113.798591278768, -26.1683269744638], [113.820827294488, -26.1341640134059], [113.863309294471, -26.0556909592775], [113.878863424599, -26.0288909972656], [113.905254182097, -26.121946048389], [113.926936154016, -26.2094460769864], [113.931236237995, -26.263608929629], [113.958882269315, -26.327781953986], [114.069291212822, -26.4616640821246], [114.194909287321, -26.3729178321597], [114.221445219382, -26.292500008851], [114.21012730313, -26.267090939856], [114.191227284884, -26.2536089838367], [114.182745134123, -26.2302819795962], [114.17185419202, -26.1826358890526], [114.19553625368, -26.0311088488519], [114.206382268781, -25.9891639612261], [114.239700333997, -26.0013909786985], [114.256945261638, -25.9705549626583], [114.258109340354, -25.8478460791217], [114.139427290753, -25.7319459831917], [114.053036187948, -25.6522179905164], [114.034291234911, -25.6337550047023], [113.951663439005, -25.4955550229498], [113.91511817342, -25.4316639658164], [113.868872363624, -25.3255549386511], [113.836927254153, -25.2486088996475], [113.806645114276, -25.1812460582092], [113.790818237018, -25.1674999046011], [113.745527293635, -25.1411089794653], [113.701082251923, -25.1224268907015], [113.651645116304, -25.0152820279388], [113.611100341789, -24.8891640567333], [113.602763365591, -24.844581887085], [113.614982336436, -24.8131998738704], [113.614145151944, -24.7537460286525], [113.604154258608, -24.7333268742698], [113.575000322901, -24.6919460887293], [113.551654207922, -24.6599999734294], [113.504436264993, -24.6063909969501], [113.484418268497, -24.5841640336853], [113.459436173652, -24.5622269166333], [113.425672358824, -24.5252820019038], [113.400272342284, -24.4724999839941], [113.394436190725, -24.4519460486079], [113.389709300235, -24.429446002937], [113.384082360979, -24.2307640517201], [113.424427143285, -24.1344460933195], [113.446372306964, -24.0113910371808], [113.488036233194, -23.8780550738547], [113.532209198328, -23.7572269217579], [113.601245235283, -23.6302819919828], [113.63540920217, -23.5990268807826], [113.671291291574, -23.5863909940723], [113.743036192004, -23.5272179426115], [113.763045136044, -23.4727729551072], [113.76833612862, -23.4416640242988], [113.782000307215, -23.3266639771343], [113.760272402466, -23.1938909424269], [113.782491319104, -23.1055550704425], [113.799145154932, -23.0849999615899], [113.813182328219, -23.0555550062046], [113.81832730804, -23.0305549740855], [113.807482298767, -22.9333269086356], [113.800809297993, -22.9133359018681], [113.766109224578, -22.8181909070012], [113.753045190252, -22.7938909314373], [113.736582294179, -22.7672909616357], [113.710400246071, -22.738326959856], [113.671100351819, -22.6861088763935], [113.65637234207, -22.6047179141236], [113.692509241331, -22.5378179213799], [113.733318213435, -22.4752820503558], [113.799709257017, -22.3341639928236], [113.820263360041, -22.2805550163444], [113.837772317633, -22.2316640455376], [113.863036212065, -22.1538908803264], [113.894991212182, -22.0552819801434], [113.933318302749, -21.9761088694598], [113.996372343029, -21.8802819229486], [114.013045121958, -21.8568089059543], [114.030272279965, -21.8416639803404], [114.089291272045, -21.8108358432892], [114.162972392114, -21.7988178704827], [114.175954116151, -21.8227818993663], [114.155400348403, -21.8465268253003], [114.135945112888, -21.8786088950699], [114.12664522365, -21.9102819279637], [114.077763305299, -22.1742359386848], [114.086109333952, -22.2005549470912], [114.121372335986, -22.2733358507572], [114.141936162018, -22.3013909189542], [114.118100208615, -22.3969459565257], [114.110263296763, -22.4865268764113], [114.137218323984, -22.5214549375931], [114.153872327449, -22.5277819334037], [114.197745220449, -22.5088909676123], [114.372482253522, -22.4424999240309], [114.390336210249, -22.3645089969744], [114.399991324544, -22.3355550534785], [114.408336179731, -22.3141639336009], [114.460818293144, -22.1902819188926], [114.518054119137, -22.0872269219768], [114.625400315215, -21.9229179823121], [114.630109268432, -21.9001358017796], [114.636227219577, -21.859164053115], [114.651091351433, -21.8400000049173], [114.696091275137, -21.8133358297372], [114.738872341426, -21.8008358974968], [114.839709319118, -21.7480550530535], [114.94275425775, -21.6886820093825], [114.981091238962, -21.687781960617], [115.023872305251, -21.6903459848056], [115.05275416438, -21.6811089598424], [115.159709260854, -21.630555019441], [115.245527209118, -21.5919459616502], [115.336645202412, -21.5663908799013], [115.4519272168, -21.5177820439565], [115.469709256798, -21.5036089161994], [115.49637242615, -21.472499985391], [115.521100214053, -21.4402819611513], [115.54942719119, -21.4044459722149], [115.619427147012, -21.3319460299442], [115.635272296819, -21.3194460977037], [115.67998237431, -21.2874999824037], [115.736645213401, -21.2674999231811], [115.786372362871, -21.2477729463644], [115.806509214754, -21.2365269468426], [115.822218242453, -21.2200000130292], [115.836927309101, -21.1905550576438], [115.862491275667, -21.145554966302], [115.877763438571, -21.1249998574493], [115.91054522962, -21.0826358746637], [115.92525412863, -21.0690268489918], [115.954436227531, -21.0522268327724], [115.987491268624, -21.0363909030588], [116.008609306095, -21.0299998695077], [116.129154149864, -20.9844460696406], [116.159854211434, -20.9658358976063], [116.171918284708, -20.9452819622201], [116.18552731038, -20.9019460139393], [116.248872370339, -20.8688909728463], [116.309418209906, -20.8616639282701], [116.475536131919, -20.8061088415062], [116.606300359706, -20.7300640247345], [116.70749122135, -20.6491640743539], [116.788509188928, -20.6656269704268], [116.83192727986, -20.7059729261983], [116.875745187574, -20.7174998871155], [116.898327208258, -20.7111088535645], [116.92581817437, -20.6969459517294], [116.950118317572, -20.6770089244185], [116.993318311383, -20.6522179369654], [117.045400272737, -20.6279179614016], [117.06667236959, -20.6216640557869], [117.1652633325, -20.6538178746479], [117.197554111659, -20.6881908862001], [117.267909292539, -20.7176358415854], [117.295391373834, -20.7240268751364], [117.317209300222, -20.7280550501758], [117.342336234356, -20.7305550366239], [117.38053625527, -20.7313908800109], [117.406236176306, -20.7298549800688], [117.48193616158, -20.7163909613224], [117.685391271393, -20.6763910105148], [117.737763414236, -20.6563909512919], [117.831518186639, -20.6181909303774], [117.85027235977, -20.6083358238722], [117.921918186105, -20.5545820081057], [117.933727281884, -20.5298639432103], [118.000545131976, -20.4680549508316], [118.069154194782, -20.4099998776196], [118.138454261687, -20.3645820322223], [118.178518250235, -20.3486818971302], [118.192200198465, -20.3734730522215], [118.234991323038, -20.3741729411386], [118.397491280354, -20.349726952821], [118.545254175466, -20.3252819703319], [118.657763288638, -20.3311089017977], [118.801091318767, -20.2858358956877], [118.820545213178, -20.2733357958092], [118.949982250412, -20.1169460782867], [118.962200215429, -20.0936088481244], [118.979882343141, -20.0413178421041], [119.080272397754, -19.9687459831038], [119.168872299689, -19.9569461074186], [119.188872358912, -19.9594460938666], [119.365809306298, -19.9994460446742], [119.43414511906, -20.0169459498108], [119.552627176451, -20.0666640468252], [119.581791338079, -20.0708358876853], [119.601382360426, -20.0661089971954], [119.692745272931, -20.0183358369993], [119.720836215674, -19.9980549840192], [119.785536294104, -19.9716640588835], [120.022491356431, -19.9330550010928], [120.164009230746, -19.9166640217493], [120.203872388893, -19.9147179114646], [120.239563370904, -19.908755025529], [120.33720919041, -19.8784730532902], [120.559418305716, -19.7919459960161], [120.878591288882, -19.6652729751807], [120.911100332801, -19.6505550237157], [120.993600220864, -19.6112549618254], [121.027482388165, -19.5922268680975], [121.076100276566, -19.5577819398159], [121.130672333722, -19.5180550714146], [121.208036294419, -19.4591639871775], [121.233600260986, -19.4384729238549], [121.276654242043, -19.3950000152759], [121.320263440368, -19.3472179702625], [121.333882356685, -19.3322178839358], [121.488591334978, -19.1230550333211], [121.503600306122, -19.0958358085113], [121.557209282601, -18.9936089436315], [121.639427203441, -18.8138908807641], [121.77734521797, -18.6367998739972], [121.764154113992, -18.6024268624452], [121.765000350939, -18.5561089682825], [121.800536267741, -18.4802819133559], [121.824145239205, -18.4583640746811], [121.848872356556, -18.4702729151081], [121.889845278686, -18.4737460405175], [121.939700335999, -18.4480550042988], [121.992754262848, -18.4099999903095], [122.013600223742, -18.3922179503111], [122.028591257613, -18.3761089381914], [122.043054231583, -18.3549999531754], [122.066672423141, -18.3174999888159], [122.091936149934, -18.3106908659333], [122.111645189478, -18.2994460398779], [122.128591218451, -18.288608909594], [122.314282393176, -18.1565268789864], [122.337491380219, -18.1313908923974], [122.355263361934, -18.1005550439953], [122.367618287249, -18.0605550931877], [122.369709236821, -18.038335841274], [122.361654227847, -18.0055550560535], [122.350963445593, -17.9886088594423], [122.332209272462, -17.9794460981414], [122.252772299466, -17.9583359396589], [122.211100326608, -17.8936088715006], [122.19984527463, -17.7045820345786], [122.191363291507, -17.6859730360106], [122.176372425274, -17.6630550686463], [122.146791347781, -17.5826359042332], [122.140827288379, -17.5580549672741], [122.138600216699, -17.5184729381601], [122.143882324457, -17.3630550184944], [122.174991255265, -17.2433269073736], [122.256654126475, -17.1077819772784], [122.284700309854, -17.0808358348747], [122.362491244701, -17.010835879052], [122.379154132984, -16.9961088751316], [122.399427274613, -16.9819459732964], [122.447409311837, -16.9541639875058], [122.52442726757, -16.9566639739539], [122.574291377338, -16.9533268030142], [122.527063376126, -16.8647269010791], [122.523882276224, -16.8447179570389], [122.566509283132, -16.7898639326585], [122.593936211503, -16.7793089372363], [122.616154122312, -16.7997178656971], [122.639709281958, -16.7997269181526], [122.676654196687, -16.78805495031], [122.752209342674, -16.7622179013376], [122.762209288466, -16.7336089569774], [122.736572399343, -16.6974269630768], [122.760554197861, -16.6005549608747], [122.788663413152, -16.5692358119342], [122.817209325601, -16.5687550259667], [122.841372340866, -16.5587550801743], [122.894291319074, -16.5023639823852], [122.894427273544, -16.4761088440813], [122.89942724644, -16.4472910226933], [122.920254264233, -16.4145819865643], [122.991654165527, -16.3897179089151], [123.060245123423, -16.455555076333], [123.039082326588, -16.4813178616433], [123.011936191974, -16.4754178399816], [122.989491299226, -16.4759730572495], [122.956227213467, -16.5868089749047], [122.977209296469, -16.6280549794419], [123.019709233724, -16.6702729494739], [123.068309184852, -16.6955549488164], [123.096100223098, -16.7161088842026], [123.116382249545, -16.7927820084381], [123.204709236712, -16.952217877221], [123.307745122888, -17.13750001507], [123.374418301331, -17.2469460455368], [123.434709331041, -17.3427820445035], [123.478045279322, -17.4091640356295], [123.535809332854, -17.4941640777788], [123.553445192461, -17.5149999803887], [123.575272338943, -17.5974998684519], [123.583736217155, -17.586599873894], [123.594018297809, -17.5097269250863], [123.568172364019, -17.4699998890469], [123.559982238766, -17.4458268154975], [123.563600203463, -17.3672179745372], [123.619009277473, -17.2061089102377], [123.574009186131, -17.0729179538369], [123.576518225035, -17.0300730174455], [123.592618184699, -16.9966639247614], [123.655754199992, -16.9947909046726], [123.727482336616, -17.0666640482222], [123.764982300976, -17.1186088816404], [123.782491258568, -17.1424999879661], [123.855818327046, -17.2063908774614], [123.891445271317, -17.2212459568626], [123.916027214104, -17.2082640651882], [123.877563330877, -17.1909639846239], [123.831927220721, -17.136182044611], [123.803036141499, -17.0394459968787], [123.796372360818, -16.9979818952204], [123.836927193617, -16.9438909593072], [123.891663368438, -16.8933358454394], [123.858318313494, -16.8763909899325], [123.782209291344, -16.8988908679654], [123.766372355802, -16.8881908656178], [123.754172328058, -16.8697178215198], [123.717754132126, -16.78805495031], [123.607754225495, -16.6733358645408], [123.6136002677, -16.5641639223085], [123.544563392555, -16.5683359308068], [123.501372283562, -16.5659729046569], [123.458882236952, -16.53778188199], [123.425182292227, -16.4995089385177], [123.493318280416, -16.4972178290972], [123.56302721656, -16.5155550863635], [123.617336249594, -16.5313910160771], [123.641100286268, -16.5294460792588], [123.708882390504, -16.430281961808], [123.717482390824, -16.3788910045531], [123.707482277394, -16.3401359340087], [123.679427209197, -16.3327819874181], [123.595745137506, -16.3190998715505], [123.560254147706, -16.2883359398778], [123.557200285094, -16.2005549498852], [123.570900338235, -16.1716640383013], [123.603182232577, -16.1562550827366], [123.726236282887, -16.1386089972081], [123.806400302166, -16.1989908867482], [123.783863376122, -16.2461089173904], [123.732700238996, -16.2595179508517], [123.839154265297, -16.3680550477358], [123.891372348759, -16.3788910045531], [123.892772294231, -16.3398640250688], [123.964427173022, -16.245555041227], [124.086245227886, -16.2624998967337], [124.113036137443, -16.2733358535512], [124.139972389201, -16.2852819096283], [124.166372366792, -16.3025000151794], [124.18248238474, -16.3386089188839], [124.202554193054, -16.3852089479083], [124.229845166956, -16.4042358681697], [124.333027233524, -16.4098639808917], [124.343863357979, -16.3920819408934], [124.384363373132, -16.3527818790029], [124.414991350334, -16.366108937451], [124.475809266479, -16.39583586006], [124.578600233444, -16.4055550120952], [124.664700316569, -16.3938909232417], [124.729145249866, -16.3848639487727], [124.762272375327, -16.3896550446411], [124.835818211478, -16.4299999945844], [124.847491352787, -16.428890901153], [124.893045152655, -16.4066999800722], [124.840818184375, -16.4038179464762], [124.815263437902, -16.3999999895692], [124.749154193906, -16.3758269160198], [124.69734514732, -16.3468729725238], [124.615254128495, -16.327782014522], [124.562345208571, -16.3241640498252], [124.502491378932, -16.3354179283361], [124.479982280806, -16.3474999388831], [124.417900206021, -16.3474999388831], [124.400545140171, -16.329445989945], [124.382200339192, -16.2824999559566], [124.376082388047, -16.2219460697629], [124.391936255034, -16.1723639272183], [124.430545145186, -16.1024999258655], [124.470836283311, -16.0933358234602], [124.499709257622, -16.143890937328], [124.518736177884, -16.1636088616891], [124.593045270141, -16.1141640147191], [124.585272396029, -16.0227819914741], [124.601645270461, -15.9561089806691], [124.614700252331, -15.9186088486715], [124.665263412826, -15.863054935374], [124.726718185976, -15.8089549470053], [124.69774513174, -15.7936088557147], [124.670118211159, -15.7869460808618], [124.616218215001, -15.802290998686], [124.577209340427, -15.8547179591762], [124.560809308629, -15.8808358019059], [124.550809195198, -15.8994459739402], [124.534709235534, -15.9363908886698], [124.487763369183, -15.9372178472395], [124.400200308674, -15.8642999832752], [124.377472275236, -15.7319460437277], [124.371927310994, -15.6683359479896], [124.457263299823, -15.4782640553768], [124.488936165079, -15.4652089058684], [124.538663314549, -15.4908359043466], [124.581791223992, -15.516808907789], [124.606645243357, -15.5074999660963], [124.656372392827, -15.4797179803057], [124.674145212732, -15.4549999154103], [124.660809269466, -15.3427819895555], [124.66331830837, -15.2630550027087], [124.705272416089, -15.2533358506734], [124.912491335714, -15.3561088803656], [124.941782231719, -15.3795818973597], [124.993727232775, -15.4318088656397], [125.181809261568, -15.5206820176191], [125.17699134361, -15.506946089933], [125.11970924951, -15.4627820096163], [125.101382385804, -15.450554992144], [125.076372295401, -15.4304179726229], [125.071100245927, -15.4077819724821], [125.096300270257, -15.3450729313378], [125.118600323717, -15.3231909672088], [125.097345158309, -15.3018088997866], [125.011382370759, -15.300554967068], [124.986363395538, -15.3094459870672], [124.961236293767, -15.3212460303906], [124.912100236111, -15.3360089088566], [124.900754156665, -15.2788909324223], [124.937472424732, -15.2283358185545], [124.975818290762, -15.2106268687519], [125.00436336502, -15.2281269415267], [125.044254183448, -15.1615640689297], [125.012772425585, -15.1536089722417], [124.930118310503, -15.201946066885], [124.881772331042, -15.2373550816725], [124.854427210046, -15.236108860305], [124.82485417918, -15.1602819730164], [124.85693624895, -15.1202820222089], [124.900536227182, -15.100417917456], [124.959154229012, -15.1172179336755], [124.980272434122, -15.1108357849419], [125.032900225013, -15.0747178287818], [125.018336165291, -15.0408358291192], [125.078327290503, -14.9997179000629], [125.147218320533, -15.1513909530172], [125.164709340852, -15.162364037771], [125.174563441529, -15.1194460111838], [125.161927219543, -15.079717969316], [125.161654137136, -15.0338909194047], [125.221100271003, -15.062499863765], [125.249154165734, -15.079717969316], [125.279291298685, -15.1011820117515], [125.281791285133, -15.1370820384285], [125.321654108004, -15.1560460944158], [125.41483622878, -15.1515269074871], [125.434772417901, -15.133126953585], [125.417136223018, -15.1191640439602], [125.387000263533, -15.1218729074361], [125.360191249066, -15.0987460630438], [125.389972318769, -15.0708358341343], [125.364991229752, -15.0527818851961], [125.281100281034, -14.9955549440202], [125.182891365271, -14.9483358276254], [125.216100298107, -14.9105550695089], [125.243045267044, -14.9019460167333], [125.201100211781, -14.8534729676201], [125.136027306296, -14.7474268047288], [125.243318181812, -14.5980550871167], [125.265000321369, -14.5772178434024], [125.336109202985, -14.5230549907598], [125.388318233992, -14.5449999868008], [125.553027158077, -14.5559729039165], [125.588882257753, -14.5494460835337], [125.594709189219, -14.4924999361148], [125.599427194892, -14.4269460770249], [125.579991237754, -14.3088909937824], [125.584718295882, -14.2611089487689], [125.592754194117, -14.2416639391759], [125.618318328321, -14.2224268007823], [125.728672286542, -14.2731909593158], [125.706791328242, -14.3395820028973], [125.642245141554, -14.6300999412362], [125.660809213121, -14.6116639451504], [125.705127185181, -14.483190994422], [125.713045233857, -14.4380549486104], [125.72279137562, -14.4043089034176], [125.843036147254, -14.4648639630778], [125.824991250772, -14.5725000053679], [125.843882384201, -14.6073640288093], [125.902772294972, -14.6436088869838], [125.908863424026, -14.6452819148623], [125.923863342715, -14.6174999290717], [125.990954107576, -14.5472178383872], [126.03761817434, -14.5152088588133], [126.066382351548, -14.3441640541], [126.143318332268, -14.1924998859631], [126.146654162103, -14.1299998894846], [126.081509339889, -13.9658999944856], [126.05359123199, -13.9516640024546], [126.017591293027, -13.9265268423994], [126.067491277341, -13.915554931112], [126.148036170302, -13.9274999813606], [126.217482249962, -13.9619460831087], [126.20886330654, -14.0372910109633], [126.184427208868, -14.0483358448084], [126.157272357075, -14.0590998848964], [126.191645200989, -14.1683999026096], [126.234136253427, -14.1797178188609], [126.280209228379, -14.2151358861038], [126.287772387273, -14.2330550540385], [126.313309196473, -14.1936089793942], [126.294572290062, -14.1405550525449], [126.309136182146, -14.0894460625137], [126.334154151538, -14.050417909563], [126.431372326342, -13.9749998915125], [126.502491266242, -13.9647179784966], [126.491091374977, -14.0091640260369], [126.455336187588, -14.0775358809823], [126.568327260194, -14.22055495416], [126.600536231978, -14.2297178830989], [126.703882248573, -14.1237459838698], [126.789145147206, -13.9713909792713], [126.761936148318, -13.8394460765999], [126.745954205851, -13.7954179507531], [126.857900222766, -13.7509729090411], [126.95583622376, -13.7282088334194], [127.017763400974, -13.7763908628536], [127.0747452553, -13.848572963355], [127.05754525466, -13.886317846926], [127.12841826952, -13.9714908915574], [127.153591304121, -13.9327819214805], [127.154163452834, -13.8999999627936], [127.241927176105, -13.8963908829143], [127.355554267526, -13.9294460916454], [127.425254151214, -13.9540268609664], [127.451236207112, -13.9933358076743], [127.521100208465, -14.0861088915741], [127.658036199215, -14.1759729521497], [127.731654119734, -14.2677819495436], [127.760536146501, -14.3005550234131], [127.779163417618, -14.3352819189181], [127.873309289624, -14.473335887917], [127.957200238342, -14.5816639401352], [127.982618192154, -14.5738908983847], [128.000118264929, -14.560690909589], [128.031372370301, -14.5830550007901], [128.123427292735, -14.656254999616], [128.169436229945, -14.7027819384446], [128.182736298665, -14.7416639110035], [128.188291321191, -14.8002819128344], [128.139982389743, -14.8677729973916], [128.087736143085, -15.0252820342672], [128.069409279379, -15.1008358391495], [128.069882353996, -15.1362460274034], [128.079727234579, -15.2060820331994], [128.073027244076, -15.3965269205046], [128.063172305209, -15.4316640263524], [128.053318204532, -15.4519460527988], [128.031782245367, -15.4726359426549], [128.020845202797, -15.4982268989494], [128.04358228869, -15.4913909539765], [128.06898230523, -15.4717999316299], [128.0860723353, -15.4531909330619], [128.097045252416, -15.4343088520878], [128.105809202763, -15.4027819995858], [128.113863373546, -15.3430550719617], [128.118836189076, -15.2905550212756], [128.118136300159, -15.2486639454685], [128.132136257796, -15.2140550671603], [128.181718232703, -15.2334088816464], [128.2220273081, -15.2729089357473], [128.257618210187, -15.3059730292958], [128.264572339995, -15.3511819976653], [128.287182356236, -15.4006908823758], [128.292754142568, -15.3422178874703], [128.291918299181, -15.3037550100713], [128.284972383638, -15.2811089516467], [128.246382268949, -15.2225999145574], [128.224409277351, -15.1905550604378], [128.192109278098, -15.0652088948788], [128.204682300534, -15.0380550489137], [128.220791312654, -15.0148639991433], [128.306291251511, -14.9127819735508], [128.326282258278, -14.916463975988], [128.328445292217, -14.9481909883382], [128.340382295839, -15.0191639154843], [128.353009297732, -15.0442358643327], [128.448291252897, -15.0470820233829], [128.458236213404, -15.0016640103476], [128.42990035145, -14.9583359410559], [128.418582267561, -14.9319460217485], [128.409427217611, -14.9045819576512], [128.387682381418, -14.7999999456107], [128.510254137019, -14.7641639566743], [128.535963445786, -14.7584729796785], [128.658018205597, -14.7824998728361], [128.902772293575, -14.8402729788245], [128.999972363468, -14.8710820051364], [129.063872305419, -14.8874999742081], [129.089418334712, -14.8994460302852], [129.185527248447, -14.9799999757018], [129.174409324406, -15.1624999922409], [129.191072380327, -15.1824998838257], [129.256382326034, -15.1041639576335], [129.237745164271, -15.0015268824113], [129.218427224331, -14.861391016296], [129.229618238568, -14.8392358021227], [129.332745152213, -14.8672179477617], [129.462036176694, -14.9305549610937], [129.4867723465, -14.9490268317252], [129.631300329892, -15.1074999551067], [129.668591249585, -15.1547269504904], [129.676609210547, -15.2032268216939], [129.731963299273, -15.1821909268738], [129.695800248473, -15.1309729721009], [129.663454148753, -15.0954999195731], [129.626482244295, -15.0216640695704], [129.613918274314, -14.946945940437], [129.636445142075, -14.9050178166175], [129.643809314588, -14.8727459805595], [129.647336251816, -14.8377729923764], [129.697209246401, -14.8538908893136], [129.80157232313, -14.8639550404845], [129.864682354523, -14.8430549324962], [129.928863425507, -14.7899999998184], [129.944427278643, -14.7677819213711], [129.805545177608, -14.8149998642993], [129.765827194024, -14.8227088683094], [129.718854170308, -14.7968089550628], [129.675382267557, -14.7660460292186], [129.603572323558, -14.6744460764905], [129.58656343031, -14.6280549244938], [129.623782265636, -14.6103909016925], [129.647582344494, -14.6090549939606], [129.670245166724, -14.6092179381589], [129.70342727747, -14.6019459665816], [129.768736217348, -14.5573639645714], [129.772754166466, -14.535590965184], [129.712463304395, -14.5588909796962], [129.659900221796, -14.5721819959605], [129.590518179878, -14.5680550821015], [129.540118298857, -14.5502819269206], [129.454954139043, -14.503054931537], [129.358509278628, -14.4136818828507], [129.370236231755, -14.3333358086335], [129.430545198738, -14.2222179237546], [129.492463323496, -14.1422269069569], [129.58108233617, -14.0861088915741], [129.69636334473, -14.0231909734022], [129.713854197411, -14.0133358668971], [129.73272722593, -13.9947178158736], [129.746609334008, -13.9641639346951], [129.787472285569, -13.7441639537965], [129.782336190565, -13.6984730259931], [129.788572326545, -13.6680549316464], [129.828854244576, -13.5169459807773], [129.899900261918, -13.4450357892155], [129.909500223289, -13.5079178328418], [129.944136258964, -13.5273640159011], [129.963863403419, -13.5308358002061], [129.993045167044, -13.5262639749254], [130.041172378831, -13.5098639431266], [130.114963301832, -13.4624999874446], [130.164154177135, -13.4291639849562], [130.264436272835, -13.3252820294709], [130.254700356993, -13.2880549798795], [130.192045127668, -13.2040269032251], [130.157882334248, -13.1763909301882], [130.124036209131, -13.1692358023416], [130.115782381413, -13.1476358054361], [130.115509299007, -13.0666639383261], [130.124545158293, -12.9702730573675], [130.14070027088, -12.9259269221134], [130.182191362267, -12.9079179001765], [130.196000212511, -12.9333358539889], [130.225727302758, -12.9467358349949], [130.263182340116, -12.9387550896831], [130.294982275025, -12.9201358651932], [130.32760933614, -12.894026907281], [130.340791387663, -12.8761089128129], [130.35300935268, -12.8387460763898], [130.353854248522, -12.7397910036046], [130.343982378211, -12.7061089961522], [130.35441818297, -12.6726358657276], [130.509000259248, -12.6044460657198], [130.55471817678, -12.6633460347742], [130.600800371825, -12.7073639346992], [130.627445268627, -12.7108358866422], [130.688827286857, -12.7010729810723], [130.644436224602, -12.6811089640333], [130.604127316842, -12.6766640407669], [130.586963358386, -12.6298358563374], [130.575518204844, -12.5708998450992], [130.591063450155, -12.5347269036543], [130.602327219311, -12.5068089633936], [130.609327281949, -12.4271550667426], [130.579272291649, -12.4046550210716], [130.594272377975, -12.3898639794109], [130.628445229679, -12.3851359154544], [130.656100313455, -12.3891639228557], [130.770400304065, -12.4295819629948], [130.896363377699, -12.640281887018], [130.896636292467, -12.6074999283312], [130.954127263594, -12.5363908790772], [130.847672399103, -12.4624269535938], [130.815800212189, -12.4447268886086], [130.825809210437, -12.4063909132241], [130.847182393042, -12.3730550783739], [130.88580033565, -12.3541639449443], [130.926091306136, -12.3481910007249], [130.979400210481, -12.355281923193], [131.026918225544, -12.3583357858044], [131.036100265222, -12.3266639263772], [131.026363343552, -12.2406909129046], [131.003018234401, -12.2077089620074], [130.998454120471, -12.1868088540191], [131.02431832681, -12.1495819720659], [131.11406336436, -12.1536818961966], [131.172763341204, -12.1933358420401], [131.213291351913, -12.217499863134], [131.344118276336, -12.2236089294615], [131.370791336333, -12.2477820030108], [131.414554258763, -12.278190877264], [131.436354247879, -12.2891639620178], [131.459972439436, -12.2951359004089], [131.492600338742, -12.2972179651635], [131.675536214248, -12.2883358299818], [131.736500310784, -12.2824998460606], [131.774427249292, -12.27472680431], [131.931500259564, -12.2680549770017], [131.975254129538, -12.2866639755697], [132.062663298305, -12.3090999835001], [132.223572370394, -12.1999999579974], [132.360927288666, -12.2023639899755], [132.384154212982, -12.2313910236674], [132.417345208545, -12.3071550466819], [132.396227171073, -12.3338178807575], [132.384018258512, -12.358745996147], [132.383609221636, -12.3799999880884], [132.406218232048, -12.3599999288655], [132.437618182536, -12.3255550005841], [132.444700220187, -12.3020819835898], [132.434354269431, -12.2533088623421], [132.427354206793, -12.2283909728745], [132.424563368304, -12.1855550889386], [132.444354215223, -12.1502820286211], [132.57815420071, -12.102917905301], [132.601336198025, -12.1172910252684], [132.682736212751, -12.1405549975968], [132.716282265733, -12.1459728921865], [132.748991301862, -12.1354178967643], [132.709827194442, -12.1306268008958], [132.638454115237, -12.0786088772818], [132.627591336329, -12.0327819950085], [132.624663369904, -11.8088909670069], [132.634982330932, -11.7449999098735], [132.646363446733, -11.728335848124], [132.691500330735, -11.6581908853758], [132.658036252766, -11.635691007343], [132.54025425193, -11.5474999746459], [132.489963335651, -11.4769459750218], [132.448436202081, -11.4513908932729], [132.396363293181, -11.4408358978506], [132.372745269262, -11.4377820352393], [132.229536262158, -11.4612550522335], [132.162472319388, -11.4920820158181], [132.105809312659, -11.5263909896299], [132.086772334114, -11.5247268465687], [132.062609318848, -11.5105550599163], [131.990236278592, -11.4297179738097], [131.970582391971, -11.3643729917475], [131.902772292178, -11.3227729356193], [131.865245170452, -11.3091639099476], [131.830382320477, -11.3132088487933], [131.797054196978, -11.3216640098261], [131.770954123883, -11.3176358347868], [131.764263353473, -11.3066909132277], [131.772763441508, -11.2952819695076], [131.874118253178, -11.1772268862653], [131.984327204474, -11.1274268142376], [132.005245249735, -11.1358358748028], [132.090236239429, -11.2299998517195], [132.165936224704, -11.4064550073096], [132.204954151732, -11.4097267994043], [132.235509206377, -11.3552819795379], [132.192472324403, -11.2222179251515], [132.170254245956, -11.1913909615668], [132.146682322503, -11.140000004312], [132.181227163071, -11.1317999884126], [132.276091364181, -11.1636089757761], [132.340518192567, -11.1301358453515], [132.45859138072, -11.2180549691087], [132.50344529167, -11.2644459534674], [132.513600302672, -11.3084729058479], [132.649700282397, -11.4902819182873], [132.671982398584, -11.5081268225596], [132.726345243438, -11.5195178290068], [132.772491308585, -11.4838908847362], [132.834136183299, -11.4002819032418], [132.874682298919, -11.3333639732252], [132.918027299655, -11.3369460633763], [132.942472282144, -11.3619460954953], [132.996509238601, -11.4197178603793], [133.051909260155, -11.502499883304], [133.073227289837, -11.5598639524165], [133.099118318266, -11.6108358145113], [133.14623618127, -11.687782021153], [133.161909334424, -11.7036088984112], [133.18304514153, -11.7166640479194], [133.204409271679, -11.7249998506507], [133.238282386525, -11.7349999640812], [133.25137240475, -11.736946074366], [133.307463430405, -11.6994459423684], [133.35669135372, -11.7014178689149], [133.40720036712, -11.774172956319], [133.548854195905, -11.8327819056946], [133.616772422249, -11.8345820032255], [133.665254188542, -11.8194459624291], [133.762209339224, -11.7676359100143], [133.783600291463, -11.7486089897529], [133.799427168721, -11.7183359023315], [133.832182305318, -11.7174998913065], [133.908327202014, -11.7361088898745], [133.919436241238, -11.7672268731382], [133.850100299786, -11.8061088456972], [133.834882283977, -11.8297909073572], [133.839400297439, -11.8541639731168], [133.871063439687, -11.8827729174771], [133.942672385647, -11.9122909630584], [133.998091350303, -11.8864550875524], [134.015118180824, -11.8642998733791], [134.027345198296, -11.8479179464911], [134.050400293596, -11.844445994548], [134.185518249543, -11.9463908922043], [134.173854160689, -11.9658359017972], [134.187745153585, -12.0461088858184], [134.206636287014, -12.061664021775], [134.369963370538, -12.0377819679046], [134.394718315808, -12.050281900145], [134.421082251215, -12.0587549984508], [134.494554158981, -12.0675000056962], [134.516082406795, -12.0666639946711], [134.598572404212, -12.0563909664726], [134.67268234245, -12.0011818846726], [134.771382270101, -11.9958359068124], [134.801363332015, -12.0433358169642], [134.870654178827, -12.1316639775977], [134.906918315379, -12.1413910086219], [134.997191245193, -12.1963908781179], [135.083863309392, -12.2666639163469], [135.192472323006, -12.2769459970009], [135.231354127927, -12.2944460697757], [135.226072355445, -12.2755549363461], [135.241909290987, -12.2238908966851], [135.266936312834, -12.1719460632669], [135.328309278608, -12.1116639183749], [135.379672407945, -12.0902729661352], [135.419491309643, -12.1020089717182], [135.437809288532, -12.1152818830716], [135.586091358728, -12.0983358540984], [135.662754257042, -12.0372178658192], [135.639282245876, -12.0246550693048], [135.612182379367, -12.0397178522675], [135.582536258305, -12.0577820271274], [135.572400358043, -12.0330550774147], [135.593227208198, -11.9577089760936], [135.685791247432, -11.9333359103339], [135.708454237301, -11.9359730247183], [135.733154197285, -11.9408358696782], [135.753536303656, -11.93505503868], [135.838009291732, -11.8724998892785], [135.880463463796, -11.8349999249191], [135.882263393689, -11.7945818847799], [135.876345267116, -11.7647909244306], [135.912754242955, -11.7655550187262], [135.935391248925, -11.7848639062112], [135.946627190163, -11.8041639088788], [135.916382265936, -11.8524999976938], [135.855527301779, -11.8944460587861], [135.746000302128, -11.9945088838979], [135.788300247173, -12.0436088993704], [135.673445206934, -12.1595089953004], [135.669145290593, -12.1908358555919], [135.674700313119, -12.2145819549924], [135.688718208028, -12.2374999223568], [135.735509344446, -12.2808358706374], [135.786363356982, -12.2587550877645], [135.8012273212, -12.218335874159], [135.883572311692, -12.1518088761076], [136.023036284447, -12.1119460532366], [135.938091227583, -12.2172549439225], [135.971836266947, -12.2677089720378], [135.998718203973, -12.2641639298988], [136.015682337857, -12.2458358927261], [136.045945199356, -12.2340267969473], [136.063472429497, -12.2641268818867], [135.983154183199, -12.3779179233338], [136.010527299751, -12.4447268886086], [136.034145156033, -12.4697178682723], [136.039700346197, -12.4716639785569], [136.049136189904, -12.4599998897035], [136.081082305204, -12.4455550206446], [136.156845154752, -12.4376357985025], [136.171018282509, -12.4611819056926], [136.24015423175, -12.4549999168073], [136.293727166046, -12.4143089619], [136.349118302783, -12.2911088988361], [136.363918229261, -12.2397179415813], [136.337463434023, -12.2056909349932], [136.312618299475, -12.2063909915483], [136.29039133621, -12.2134730291992], [136.242954122695, -12.2171550316363], [136.181918277067, -12.1915268596917], [136.17774526274, -12.1669460903706], [136.281645155499, -12.0655550688779], [136.451082311179, -11.9541639339548], [136.56219131124, -11.9344460095936], [136.539154153212, -12.0097268997077], [136.601900242369, -12.1830549348525], [136.615782350446, -12.2066639063166], [136.673236273561, -12.2845178730747], [136.718563426766, -12.2833998948259], [136.757200312475, -12.2562549336785], [136.754054248928, -12.2342998793535], [136.722736273454, -12.2159730156473], [136.688309282445, -12.2108999525552], [136.694000259441, -12.1915268596917], [136.775409326622, -12.1717358451347], [136.876400363694, -12.2227088806959], [136.931091276239, -12.2836089394918], [136.978363366261, -12.3581639567889], [136.957454205818, -12.3816639635114], [136.803863373411, -12.4774999624782], [136.745236151487, -12.5441639208277], [136.64358227351, -12.7041640593341], [136.620791375798, -12.8252818900053], [136.494418259459, -12.7791639880529], [136.484345223471, -12.8459459635996], [136.54608229912, -12.9580549247127], [136.545254167084, -13.0549998494727], [136.528318196395, -13.1500000050524], [136.476627167005, -13.2122178666692], [136.45800928362, -13.2524999523384], [136.44885423367, -13.2204819203091], [136.408445245986, -13.2393088483602], [136.367736186168, -13.2472178445805], [136.371063298824, -13.17444599337], [136.371827225482, -13.0691639247741], [136.356627314583, -13.0537549692095], [136.325454178396, -13.0613179604659], [136.309018272051, -13.1004178625079], [136.286100304687, -13.1663909843958], [136.243563319419, -13.2052820094102], [136.200236255956, -13.2391640090728], [136.159700366258, -13.2420819172144], [136.145600328696, -13.2034730270618], [136.097200369779, -13.1847178481021], [135.993291256927, -13.2247179665477], [135.927263317393, -13.2778459894215], [135.89150930347, -13.338472965811], [135.894636256277, -13.3660358486521], [135.934963436585, -13.3969459607166], [135.908600339368, -13.4558358714874], [135.864136186917, -13.4916639814347], [135.84427241744, -13.5811089468504], [135.845791385938, -13.6038909597449], [135.888991379749, -13.728681908036], [135.927400277691, -13.748955049665], [135.960236215834, -13.7466639402447], [135.982609359491, -13.7358358624162], [136.008045250576, -13.7155550094362], [136.025818238119, -13.6877819084629], [136.020263383231, -13.7624998699583], [135.988554140516, -13.8666639603053], [135.92468236176, -13.9619460831087], [135.908327256962, -14.0674998930061], [135.896945135332, -14.1427819565867], [135.869127274996, -14.1945819507176], [135.803863429756, -14.2308358613474], [135.773727302633, -14.2497179423217], [135.752772376998, -14.2711088945612], [135.621354193124, -14.4374998989806], [135.561372288004, -14.5308359114993], [135.551363457394, -14.5491639486719], [135.540527165301, -14.5736089311611], [135.531372282989, -14.6192358212242], [135.538300261259, -14.6466639230617], [135.505827259524, -14.6694461035943], [135.413300268302, -14.7294459459866], [135.372745267865, -14.7288908963567], [135.405545163825, -14.8302819178495], [135.412200227326, -14.8508358532356], [135.434009268898, -14.9023639384269], [135.451354276463, -14.9327820327736], [135.476409293867, -14.9645819676817], [135.542891364917, -15.0193089224095], [135.588291273042, -15.0391639747071], [135.608582351943, -15.0449999586282], [135.67053618361, -15.0644459740496], [135.851900284627, -15.1774999109294], [135.88217236622, -15.1969460939889], [135.915409294613, -15.2267999186123], [135.936918264049, -15.2536089330796], [135.944545293046, -15.2594460904674], [136.056636149248, -15.3155550533947], [136.212191364488, -15.3944460292166], [136.241072385426, -15.4184729223741], [136.252772348826, -15.4752819418566], [136.265118221685, -15.5404178792531], [136.27963618094, -15.5673640216568], [136.319963361248, -15.6030550036679], [136.341063461447, -15.6119460236671], [136.45745423399, -15.6580550408021], [136.568572286507, -15.7183358445895], [136.598300214944, -15.7391640358484], [136.671082292077, -15.8002820241274], [136.717472438245, -15.8631908898439], [136.765809197613, -15.9044459468364], [136.860782363464, -15.9122179827586], [136.920536280816, -15.9063908836546], [137.030545239902, -15.9147179692067], [137.136654267067, -15.9686089129096], [137.281372352024, -16.0619460988946], [137.302063415346, -16.0802820150562], [137.339145290374, -16.1074998987617], [137.369127190478, -16.1276359124544], [137.434145278316, -16.1563908695684], [137.488300251969, -16.1763909287913], [137.512618332444, -16.175690872236], [137.543727263252, -16.1748639136665], [137.585236291912, -16.1877819352385], [137.646636247414, -16.2080550768675], [137.737672433333, -16.2517358566458], [137.773863312051, -16.3005550783611], [137.791500345124, -16.3276358341302], [137.816227294837, -16.3740268184887], [137.858836196834, -16.4380550035585], [137.886654224809, -16.4566640021264], [137.933872335375, -16.493608916856], [137.971345142368, -16.5272268865679], [138.000272431412, -16.5547178526796], [138.0666542549, -16.6147269151654], [138.118836296178, -16.6547179811555], [138.147491341006, -16.6758269661715], [138.194827301132, -16.7073640445953], [138.290800260397, -16.7424999769765], [138.435245262947, -16.7788910155428], [138.46691829584, -16.7852818814558], [138.486909302607, -16.7877820355419], [138.514163396135, -16.7883359117053], [138.589691384755, -16.7836088535772], [138.639545268601, -16.7793089372363], [138.659000336478, -16.78805495031], [138.687336198432, -16.8126358872691], [138.843291230455, -16.8758359403026], [138.867736212944, -16.8805549518037], [138.906918257637, -16.8849998750701], [138.934145193798, -16.8852729574763], [138.987454265781, -16.8902819828278], [139.010545235627, -16.8991639503717], [139.031082407207, -16.9148639256153], [139.141354222777, -17.0741730600219], [139.143036303111, -17.1237550349283], [139.145827309238, -17.1472178260007], [139.150818229679, -17.1688909131018], [139.162754227472, -17.2030550476263], [139.213009269206, -17.2971549868025], [139.244109315197, -17.3291639663764], [139.260527284268, -17.3424999096419], [139.283600316842, -17.3541730509509], [139.336636306418, -17.3677730241671], [139.373836198643, -17.3716640712701], [139.412127247027, -17.3713178986679], [139.437191316886, -17.3791640306144], [139.535463432199, -17.4417359438223], [139.588718189449, -17.4891639372447], [139.616482405605, -17.5208357966719], [139.641663319195, -17.5345819502799], [139.664982276808, -17.5419459551543], [139.692472404729, -17.5497268758937], [139.746336191066, -17.5638909511953], [139.780272337823, -17.5708819613774], [139.81414528503, -17.5752819576426], [139.882718305653, -17.6141639302015], [139.951909240178, -17.6659729767878], [139.97933616855, -17.6972178620661], [140.018582250984, -17.7127729980226], [140.058582369429, -17.7184730274739], [140.132172294392, -17.7191640315737], [140.374391359566, -17.6797179569294], [140.396636260104, -17.6733358081958], [140.494963360701, -17.6408358167325], [140.534145237757, -17.6244460108555], [140.619963353658, -17.5799999633152], [140.637754278474, -17.5669459872733], [140.661100225816, -17.5483358152389], [140.758027213303, -17.4777729307974], [140.785809366731, -17.463472901026], [140.810945185682, -17.4583358001934], [140.833300224428, -17.4519461077468], [140.859682264746, -17.4111089724478], [140.877445194005, -17.3783358985783], [140.885800275114, -17.3597178475549], [140.94220025772, -17.1511088731035], [140.952454175179, -17.0969460204609], [140.954818207158, -17.0595089203754], [140.947754274418, -17.0231909720052], [140.956909324368, -17.0011088480277], [140.972472339313, -16.9813909236667], [141.051091238557, -16.8838909492769], [141.178863462178, -16.7249999042018], [141.194427315314, -16.7038909191857], [141.214282367611, -16.6677820154812], [141.268863309586, -16.5430549372925], [141.286100358238, -16.5033359478802], [141.298200306058, -16.4486819157101], [141.315518323895, -16.3574998846755], [141.326909330342, -16.3319459763931], [141.350254271855, -16.2563909980444], [141.413300265508, -16.1072268163555], [141.426572338671, -16.0743729409392], [141.400545188135, -15.9058358340249], [141.42276343422, -15.7419459895201], [141.43163618167, -15.679164025818], [141.435791258724, -15.6550000047241], [141.460509323619, -15.5361089104567], [141.471618195205, -15.5044461034849], [141.571627208498, -15.2786089651985], [141.634563399219, -15.1493088882626], [141.665527323102, -15.0265269145303], [141.65873630513, -14.9934730469037], [141.632445292281, -14.938055088076], [141.618009308039, -14.9141639817502], [141.606763308517, -14.8944460573891], [141.595245232418, -14.8616639310641], [141.566500333587, -14.7636089070445], [141.520954245071, -14.4812460576038], [141.522063338502, -14.449163987834], [141.536100344152, -14.3986088739663], [141.545254220635, -14.3736088418473], [141.56607235361, -14.3233358628412], [141.586345159963, -14.2797179473368], [141.593172387757, -14.2555549320713], [141.599118342248, -14.1924998859631], [141.600109250844, -14.14375492791], [141.593018328376, -14.1044459812022], [141.57817230143, -14.0654178282515], [141.551636201731, -14.0322179478712], [141.52262727295, -14.0094459932606], [141.501918272354, -13.9855550545728], [141.477463399219, -13.9484730119068], [141.469545182906, -13.9258358382996], [141.465791263739, -13.8970818870139], [141.465791263739, -13.8683269299], [141.468845293988, -13.8280550701526], [141.473845266885, -13.7969459717061], [141.479672365989, -13.7672269280863], [141.497463458442, -13.679999981895], [141.504700226026, -13.6502819441035], [141.517763422162, -13.6043088814384], [141.541927275617, -13.5327819104909], [141.561009348802, -13.492290947794], [141.612454285513, -13.4147179424311], [141.683163350347, -13.2809729422288], [141.688718205235, -13.2540267998251], [141.686627255663, -13.2329178148091], [141.67727238114, -13.2100729376405], [141.650800319182, -13.1931909464078], [141.630918277156, -13.1594460746814], [141.585663375957, -12.9863909543049], [141.593845286945, -12.9574998750829], [141.606763308517, -12.9345819077185], [141.642118343848, -12.9110460264502], [141.708591362443, -12.8709729854468], [141.723018294229, -12.8552818950205], [141.747745243942, -12.8244460466183], [141.76686335931, -12.7930549809483], [141.790682381268, -12.719581899716], [141.79691834961, -12.691246037762], [141.822872409951, -12.6917461021068], [141.856763462069, -12.7093358612458], [141.889418351104, -12.7634728976266], [141.892763401032, -12.7965269328913], [141.8911002638, -12.8213910105404], [141.889982285551, -12.8436089213496], [141.931918288359, -12.9072178436213], [141.940309244013, -12.8649998735892], [141.883863328578, -12.7041640593341], [141.839354249125, -12.6724999112577], [141.768863449051, -12.5699999639718], [141.727754237174, -12.5127819076131], [141.717745238926, -12.4933268397362], [141.747609289472, -12.4697178682723], [141.72802731958, -12.455554966437], [141.662200378084, -12.4511088697043], [141.653736164596, -12.5097178190797], [141.661436283789, -12.5319459558108], [141.685245247463, -12.5516640478101], [141.626891275583, -12.5695820422783], [141.592391362016, -12.5545179182112], [141.594118201714, -12.5316639885873], [141.606691391788, -12.5092910125688], [141.621891302687, -12.4824999353743], [141.660245215344, -12.401390940328], [141.66885426812, -12.3819460983731], [141.688291398724, -12.3319460341351], [141.75305417379, -12.2466640247621], [141.775818249411, -12.2136089836691], [141.759982319698, -12.1788909729813], [141.805391280277, -12.0516639083446], [141.820118284198, -12.0281908913502], [141.849118328162, -11.9884729077663], [141.892436171531, -11.9689999026167], [141.891082326527, -11.994446019624], [141.916927254488, -12.0888909579359], [142.023663415651, -12.0677819729198], [142.031645166791, -12.0435460350964], [141.97857229684, -11.9812460308283], [141.950518234472, -11.9653998751928], [141.946627187369, -11.9244460638013], [141.957736226592, -11.8508358546326], [141.968854150633, -11.8084730453134], [142.05581824034, -11.5502819283176], [142.08190926098, -11.4855550277973], [142.100254229597, -11.4469459700065], [142.122863407647, -11.3726358719209], [142.12911831909, -11.3369460633763], [142.158872399066, -11.149446073941], [142.158872399066, -11.1238909921921], [142.156918242154, -11.092499926522], [142.152891240581, -11.051246042996], [142.147418193068, -11.0247268747413], [142.138172450926, -10.9736088322547], [142.147691275475, -10.9491640174035], [142.184672400026, -10.922917931555], [142.211500357595, -10.9233358532486], [142.304409228326, -10.9077818907585], [142.343018286117, -10.8954179129879], [142.399554223193, -10.8219460052222], [142.411927253419, -10.7959730017799], [142.416927226316, -10.7688909049063], [142.424000379149, -10.7409729646457], [142.444427244882, -10.7097178534456], [142.518863406792, -10.706663990834], [142.55663628592, -10.7216639095225], [142.613145233268, -10.7507640334104], [142.582263452036, -10.7984178353049], [142.516300220794, -10.8582639535925], [142.509291273339, -10.9502819956522], [142.530609303021, -10.9354819015359], [142.554136299472, -10.8902819856218], [142.572682266128, -10.8702088362032], [142.608982277225, -10.8724999456236], [142.724409298539, -10.9629178823625], [142.744827279455, -10.9865268538267], [142.788300355672, -11.0805550439115], [142.804136285386, -11.1672269404729], [142.86078236067, -11.3616639606336], [142.865936225309, -11.3912549287727], [142.840100349803, -11.5112549488334], [142.85635420121, -11.6230549529946], [142.867463408072, -11.7158359158834], [142.866363367096, -11.7422179562018], [142.860509278264, -11.7780549509666], [142.859818274164, -11.8331909425707], [142.878018235856, -11.8586088963832], [142.968718307457, -11.9273639719428], [142.988282340075, -11.9355549353867], [143.014282333246, -11.9365269008817], [143.037472377188, -11.9327820341706], [143.060672311776, -11.9184729519437], [143.08260926119, -11.9063909413966], [143.103300324512, -11.903608987725], [143.131500231996, -11.9148640397024], [143.199127271024, -11.987499936443], [143.161100252591, -12.0458358034123], [143.147218312151, -12.0672178708344], [143.10217228798, -12.1402819151905], [143.081909204635, -12.2249999901163], [143.074982399831, -12.2922268770848], [143.077472327995, -12.3343000078294], [143.128982308275, -12.3490268441118], [143.160191319008, -12.3407639639384], [143.211763325372, -12.3641640583747], [143.222472380175, -12.3769459578388], [143.248582343916, -12.3831269408958], [143.275818332532, -12.4130550291814], [143.276991296066, -12.4591000085761], [143.271927285429, -12.4898639402488], [143.27934526976, -12.5176358677555], [143.323854181574, -12.562917926321], [143.361545253327, -12.5661820070646], [143.413182303259, -12.5933358530295], [143.429982319479, -12.6168088700238], [143.411100238505, -12.6777820190156], [143.391509216158, -12.7137460834329], [143.375109351997, -12.7427820019421], [143.366482361949, -12.7802819663015], [143.360227282868, -12.8280549588596], [143.36231823244, -12.8488908614694], [143.405818298385, -12.8704179358169], [143.475527234529, -12.8627820220029], [143.504427198568, -12.8591640573061], [143.514163449686, -12.8791639488907], [143.509982388732, -13.0016639553996], [143.505554229272, -13.0444460275169], [143.500654168662, -13.0731268886067], [143.49829131015, -13.0986088801596], [143.516936183264, -13.2691640140881], [143.521636251663, -13.3041639919994], [143.5285913873, -13.3405550305656], [143.544845238707, -13.3645088335274], [143.568591338108, -13.3774999452953], [143.594682358747, -13.43200897054], [143.58663623459, -13.5261089097162], [143.57803623427, -13.5613910224893], [143.553318337013, -13.641673058966], [143.530809238886, -13.7563909712688], [143.545536242807, -13.8022269059977], [143.601345301238, -13.9361088664982], [143.616054200247, -13.9558358433148], [143.639972296301, -13.9802819992704], [143.669282303045, -14.002917831773], [143.685727261845, -14.0232640635981], [143.693845302731, -14.0699998794542], [143.703309309633, -14.1424999893631], [143.698500276492, -14.1853819737665], [143.711909309953, -14.2394460875896], [143.737045296542, -14.3191640219809], [143.773036183049, -14.3952819289486], [143.782200285455, -14.4133358778867], [143.797763468039, -14.4324999260843], [143.816072394472, -14.4494459550576], [143.860382319904, -14.4783358608132], [143.887618308521, -14.4872178283569], [143.934418329755, -14.4919460599513], [143.963291304066, -14.493608861908], [144.011854207182, -14.4877088402463], [144.092327183413, -14.4372179317569], [144.153591352084, -14.3799998753983], [144.341918300089, -14.3013908668], [144.389163400384, -14.2805549641903], [144.435109305683, -14.2540269111181], [144.449127200592, -14.2366639662798], [144.462327189388, -14.2115268062244], [144.471072364271, -14.1888909737216], [144.476209297466, -14.1630549305776], [144.515945218323, -14.1716639833532], [144.559145212134, -14.2299998503225], [144.578582342737, -14.2631910135234], [144.567609257984, -14.3038910208862], [144.566927306339, -14.3584729686888], [144.614545233688, -14.4847178419088], [144.676772315398, -14.5573639645714], [144.78360034222, -14.5980550871167], [144.828172453585, -14.6138910168303], [144.849818215682, -14.6165269577483], [144.896609352099, -14.618226807717], [144.932327323838, -14.6897179041188], [144.940245204876, -14.7334729475594], [144.959336162878, -14.7537549740058], [144.995509271961, -14.7686088799406], [145.075863392805, -14.8031729988856], [145.206363423003, -14.8624999420892], [145.315800233376, -14.9455550474202], [145.30970927196, -15.0044459640193], [145.284700355024, -15.035000012836], [145.27136340593, -15.0563909650756], [145.254972426586, -15.0827818902113], [145.243009271427, -15.1049999686587], [145.234272310808, -15.1344460975105], [145.233991349413, -15.1597269233866], [145.237727331307, -15.1930550468858], [145.276918260818, -15.2569461040192], [145.285518261138, -15.3044460141711], [145.289427245514, -15.3311088482466], [145.248563455762, -15.4463908626348], [145.277772376754, -15.4894460171582], [145.304963438369, -15.5547179090245], [145.359545218533, -15.7343089022395], [145.361636168105, -15.7622179576827], [145.357182360022, -15.8188910226952], [145.353027282968, -15.8858359424401], [145.35919133458, -15.9154178581237], [145.376345234753, -15.9312549613038], [145.39510929853, -15.9444460652819], [145.409972424558, -15.9647178658065], [145.449827200802, -16.0379178646324], [145.462327300681, -16.0830550839106], [145.446209236106, -16.2874999288528], [145.4189913524, -16.3202818875396], [145.408863331127, -16.3381909971904], [145.402054208245, -16.4409729117], [145.411500277873, -16.4702089900577], [145.464418250253, -16.502226854449], [145.509427226412, -16.5611088862305], [145.616363379785, -16.698608979066], [145.668309219032, -16.7369459602789], [145.728300344245, -16.8163909799022], [145.773454159691, -16.8851358295399], [145.806091279091, -16.913054943267], [145.838854127038, -16.8862460964376], [145.931836255604, -16.8710357919789], [145.955445227068, -16.8990910278138], [145.91110026528, -16.9716640602805], [145.896091294136, -16.9980549854162], [145.878154188929, -17.0404179623736], [145.882809330327, -17.0717359378477], [145.953854174203, -17.1886088374631], [146.031918191455, -17.3644460791494], [146.085509230662, -17.5527819119717], [146.104263403793, -17.6916640130065], [146.08609127002, -17.7872269295671], [146.100800336667, -17.8897178243976], [146.093991381423, -17.9558359532109], [146.07905415937, -17.9867998770939], [146.063154191916, -18.0054179281173], [146.037200299213, -18.0508359411525], [146.001645271672, -18.1422179643975], [146.001372356904, -18.1761088488776], [146.00942719824, -18.2380549691926], [146.023318191135, -18.2688909852329], [146.211909336729, -18.4916640349857], [146.228300316072, -18.5049999782513], [146.257200280111, -18.5111088769406], [146.293309351454, -18.5144460478801], [146.333572326384, -18.5356269496257], [146.337463373487, -18.5669460985662], [146.332182271557, -18.6174998713296], [146.326218212155, -18.6473639218749], [146.304409338222, -18.6813909284629], [146.290800312551, -18.7105550900911], [146.281082333982, -18.747217869959], [146.268172359037, -18.853608864348], [146.277618261028, -18.8870179570321], [146.335663443594, -18.9604179480685], [146.379672291064, -18.9980550403643], [146.423582399713, -19.0255550589314], [146.448027214565, -19.0711088587985], [146.565245280953, -19.1436089687074], [146.634427330662, -19.1752820016011], [146.65441833743, -19.1838908867385], [146.699127241454, -19.1935359427494], [146.737745184062, -19.1811820232627], [146.763600337945, -19.1868089625182], [146.814700275521, -19.2430550533819], [146.885791387502, -19.3029910256718], [146.953582376556, -19.3058358436175], [147.072209273235, -19.3427819318135], [147.117736251012, -19.3902820096034], [147.139436160203, -19.4027819418439], [147.253327281574, -19.4258268112228], [147.431918313738, -19.4123639659427], [147.446500310733, -19.3827089600633], [147.438309347289, -19.363472995136], [147.42190931549, -19.3419460884265], [147.401491334574, -19.3079549563843], [147.427182370792, -19.3249998918153], [147.458863450313, -19.369999983157], [147.555254163634, -19.5354178486149], [147.565800274238, -19.575835888754], [147.576082354892, -19.6213910297257], [147.587736217824, -19.6763908992218], [147.594972314856, -19.7272179220293], [147.618563349047, -19.7731909846944], [147.669554154243, -19.8247178964191], [147.724136269683, -19.8369460873578], [147.770109332349, -19.8262549698276], [147.762209220946, -19.8036089114031], [147.754154211972, -19.7449999620276], [147.761363319275, -19.7099999841163], [147.821836236284, -19.710690988216], [147.851136184744, -19.7401359436012], [147.851345229409, -19.8162459715799], [147.86357241452, -19.8508359067868], [147.911927278798, -19.8938908936722], [147.942609235457, -19.9118088881403], [147.971772391257, -19.9186089585676], [148.00291820244, -19.9195819298908], [148.096927281785, -19.91305494187], [148.219972447278, -19.9472179029279], [148.269718204573, -19.9911089008384], [148.298782286277, -20.0379179745286], [148.266591251766, -20.0497909404098], [148.274691355379, -20.0766639926175], [148.333863401011, -20.1452819402408], [148.41345426575, -20.2063908760644], [148.466354133219, -20.1845089119354], [148.470445172532, -20.1256268801537], [148.439272371621, -20.0985459567465], [148.452991367863, -20.0636088431093], [148.522218344573, -20.0880549990649], [148.564145294926, -20.1211088666915], [148.63748225405, -20.1827819046004], [148.673036275763, -20.2161088546331], [148.768891385469, -20.2324639594309], [148.803318208839, -20.2766729667488], [148.83600025524, -20.3883358429737], [148.866672321254, -20.4448268530489], [148.89080935262, -20.4536089083065], [148.904009341415, -20.4547909242956], [148.934418215668, -20.5347269558083], [148.909145268781, -20.534445994413], [148.878572444501, -20.5213910125427], [148.85580920707, -20.5080550692773], [148.830536260183, -20.4749998605461], [148.790254174514, -20.456946079246], [148.741054246755, -20.4758268191157], [148.667209344297, -20.5616729305739], [148.691654159148, -20.6244460094585], [148.729127301417, -20.7174998871155], [148.849700308381, -20.8361088465213], [148.921354181343, -20.8830550481478], [149.028318330272, -20.9186089022226], [149.160518210439, -21.0152819180428], [149.214691289003, -21.0799999337457], [149.204954199695, -21.1544459863012], [149.2399633977, -21.278617847222], [149.289427187772, -21.3186089132122], [149.294436213123, -21.3397178982282], [149.328582410375, -21.4377819747033], [149.385527216689, -21.5313909019901], [149.443027240271, -21.5824998920213], [149.441654284527, -21.6294460936478], [149.429963373584, -21.7731908720044], [149.469972376847, -21.9122179799645], [149.5208092903, -22.0772268085464], [149.589963344452, -22.2333268474942], [149.653318295057, -22.3180549807038], [149.696636306064, -22.3505549721671], [149.703172346541, -22.3804178492459], [149.699482297477, -22.4524998698232], [149.669482292461, -22.4951729771989], [149.712736265729, -22.4784730409036], [149.736354289648, -22.4633358266407], [149.789427327237, -22.4223640779762], [149.814654173657, -22.3839179643837], [149.967727339721, -22.5471550262673], [149.977172403522, -22.5708359144609], [149.976900326944, -22.5861089155556], [150.038300282447, -22.6410088727656], [150.012209261807, -22.5458358823418], [149.986354275562, -22.4755549651239], [149.953309292753, -22.4108268911371], [149.92080930129, -22.3505549721671], [149.921372397547, -22.3033358557723], [149.959963350426, -22.2083358678307], [149.975527203562, -22.1817999357694], [149.999554264358, -22.1602819138774], [150.043727229492, -22.1490268619], [150.078991404992, -22.1627819003255], [150.155245266429, -22.272226924964], [150.187118291533, -22.3424999631928], [150.18580937353, -22.3747179874326], [150.20038231807, -22.3916640164059], [150.237518340192, -22.4092998760124], [150.3219003008, -22.4374999511346], [150.394427232799, -22.4738909897009], [150.418991405951, -22.5005549972428], [150.479945276566, -22.5386088377658], [150.557736211412, -22.5769459866166], [150.593018324185, -22.5861089155556], [150.53532719321, -22.4586820263466], [150.534427312082, -22.3834730529618], [150.561918278194, -22.3311089567457], [150.634554174934, -22.3430550128227], [150.705536322174, -22.4413909982376], [150.675809231927, -22.5049000082232], [150.683591326133, -22.5536089240923], [150.742191390691, -22.628890987673], [150.819118318955, -22.7319459845888], [150.804409252308, -22.7813909991969], [150.791072303214, -22.8569459775457], [150.771363431308, -22.9761089807529], [150.755754148257, -23.1303460578957], [150.812191346514, -23.2380550227437], [150.804963463747, -23.3077818961602], [150.797482279866, -23.3355549971335], [150.800400355646, -23.3806908753071], [150.867191383648, -23.5049998641643], [150.948436165526, -23.546181998599], [151.023182290216, -23.556526943527], [151.04144528382, -23.5826359014392], [151.052136233712, -23.6172268424744], [151.120236179718, -23.6651359571404], [151.142345293424, -23.706391014133], [151.15545425475, -23.771735828557], [151.168045214459, -23.7924999820754], [151.23898226706, -23.8279178816804], [151.271654255177, -23.8276359144568], [151.318300384669, -23.858335808389], [151.396945267813, -23.9488908730644], [151.424136329428, -23.9786089108559], [151.462800372504, -23.9954179795309], [151.492763329506, -23.9973639221776], [151.546572298196, -24.0359729799683], [151.540254187203, -24.0458357978243]]], [[[146.916700326101, -43.6178448029444], [146.863282289376, -43.6363909372383], [146.833591241313, -43.6480550260918], [146.815172344309, -43.6179090083229], [146.770400240735, -43.6106910162022], [146.686372331718, -43.6033358961452], [146.59954520231, -43.5561089007616], [146.514436195419, -43.5427820099514], [146.29608225267, -43.5347268333393], [146.275172421674, -43.5237550896901], [146.260272415272, -43.4951359194079], [146.231472363519, -43.4888908986105], [146.110363417665, -43.5154179458543], [146.038300340189, -43.4980550010159], [145.932682324913, -43.3763179153364], [145.99190935583, -43.3458359508872], [146.10260026656, -43.3579179614342], [146.156645269644, -43.3797179505499], [146.232527309855, -43.3909730025272], [146.234545169231, -43.3251448875646], [146.163236295405, -43.2823639889138], [146.139709298954, -43.3147179676233], [146.124682390538, -43.3333358510087], [145.858854186261, -43.3087550816877], [145.836909357858, -43.2972269473041], [145.758882388618, -43.1844358669086], [145.726900231134, -43.1333268768775], [145.595245174676, -42.9791640633969], [145.573772415061, -42.9638179721062], [145.547472349756, -42.961390908216], [145.511582381363, -42.9656551176493], [145.459691359763, -42.9044449284352], [145.423154140805, -42.8466639434577], [145.397763344359, -42.7755550618418], [145.353854241537, -42.6585358141966], [145.310518293257, -42.6236089264812], [145.259982290128, -42.6124269646997], [145.231354235029, -42.4563909634923], [145.19761824812, -42.3134729760673], [145.205227172206, -42.2569549762638], [145.223845223229, -42.239164051448], [145.25010924635, -42.2748640859146], [145.323027277953, -42.3199999640882], [145.378018262631, -42.3491639580783], [145.426363403902, -42.3745819118908], [145.439754164814, -42.3987449271564], [145.445663406569, -42.4573639348156], [145.459063387575, -42.5056269334346], [145.469418223149, -42.52305508948], [145.47525420707, -42.5202820206256], [145.552045180865, -42.3511088948965], [145.499682258115, -42.3234729218596], [145.458309351563, -42.3263909976393], [145.280272363202, -42.1811178630534], [145.260682346683, -42.1399999339971], [145.265118217495, -42.1113909896368], [145.262772290427, -42.0799999239668], [145.247882342308, -42.0348640457932], [145.184554213794, -41.9383269844429], [145.054963452455, -41.8466639998027], [144.954954271524, -41.7133359154655], [144.858582333666, -41.5444449245981], [144.78164517948, -41.3905550258857], [144.731627177969, -41.3061088598998], [144.685791243241, -41.2165909719263], [144.69539137225, -41.181108866943], [144.667754225747, -41.0752088844434], [144.653591323912, -41.0469549975026], [144.637209229386, -41.0319460263585], [144.618709363198, -40.9311088810292], [144.648863427594, -40.9012460039503], [144.680663362501, -40.8961179555733], [144.699691288591, -40.8754820451737], [144.708591361046, -40.8255639559491], [144.701354258186, -40.7591730800057], [144.762209222343, -40.728055096742], [144.985991285603, -40.7486819546859], [145.036100314582, -40.7791640867731], [145.080382412096, -40.8102730175815], [145.116345303047, -40.822364080584], [145.274991261272, -40.8027819430546], [145.335663332301, -40.842082004945], [145.539154149021, -40.8927730732827], [145.75137237099, -40.9877819460417], [145.872191302993, -41.042781983176], [146.169436221563, -41.1499910513171], [146.193172430318, -41.1569359610315], [146.229127274642, -41.1605550991948], [146.369691288373, -41.1708358387443], [146.405409260112, -41.1716730232358], [146.450382361725, -41.1648640679912], [146.499145257051, -41.1501358906044], [146.564700289608, -41.1752819354771], [146.586091241847, -41.186664057107], [146.581909342703, -41.1515269512593], [146.660382396831, -41.0887459933857], [146.731491278447, -41.0697269521132], [146.764163434202, -41.0730639554148], [146.784409250827, -41.0822909220941], [146.801091249849, -41.1075088836963], [146.806454159154, -41.1483639562682], [146.859127212322, -41.1683358522962], [146.942809284013, -41.16687304255], [146.912963338378, -41.1347909727802], [146.879836212918, -41.1268000015465], [146.843018200202, -41.1230549671973], [146.823018308618, -41.1081269652382], [146.818727277094, -41.0597910440612], [146.863772295437, -41.0283999783912], [147.017063390985, -40.9761089723709], [147.086091381313, -40.991946075551], [147.105809305674, -40.9977820594723], [147.124663391091, -41.0049998839549], [147.147354208879, -41.0088909310577], [147.171782259924, -41.0088909310577], [147.199127213282, -41.0022269827386], [147.356082373994, -40.9763909395945], [147.416500305718, -41.0177730662395], [147.461918318753, -41.001400024169], [147.488372443439, -40.9849999923701], [147.51749134279, -40.9533269594764], [147.541654190417, -40.9241730237702], [147.573163440923, -40.8790269196747], [147.589127278479, -40.8530550896988], [147.611618271694, -40.8423550873512], [147.674836262001, -40.8308358377851], [147.698791238429, -40.8573640584953], [147.803163367613, -40.8927819581001], [147.838163345525, -40.8912551106134], [147.876082405044, -40.8787461259175], [147.90178232608, -40.8631909899611], [147.921627320094, -40.8408359512155], [147.933591313444, -40.8220909981777], [147.944136250582, -40.7952729312548], [147.951154250492, -40.7613178413962], [147.971836261359, -40.744790907583], [148.014163363771, -40.745972923572], [148.079409271738, -40.7688908909365], [148.221072320616, -40.8490269146595], [148.273318231997, -40.901108876014], [148.307418328781, -40.9574820365302], [148.318863314684, -40.9723550532043], [148.328309216676, -40.9954178598559], [148.30218232149, -41.0755639418629], [148.290254202686, -41.1077819661026], [148.279845220018, -41.1308358879368], [148.264345236984, -41.1672178740475], [148.272000261538, -41.2184639920151], [148.313563437292, -41.2593090063031], [148.316927262684, -41.3347268567155], [148.287472416653, -41.423891028374], [148.273800359069, -41.4541639481574], [148.280400269648, -41.5392359070362], [148.296354216558, -41.5658358768378], [148.312191319738, -41.5912449458329], [148.31428226931, -41.6129178652961], [148.292209365426, -41.7288819989665], [148.270963420112, -41.7826448671886], [148.264709346859, -41.8145909824884], [148.298036296892, -42.0350000002631], [148.311491263183, -42.0634729901534], [148.333982256398, -42.0876358377809], [148.358718258567, -42.108681958523], [148.363845301115, -42.2224268995025], [148.346618310747, -42.2491730496959], [148.32455429168, -42.2706909039499], [148.311100331218, -42.2777819940561], [148.30276335502, -42.2763909334013], [148.275272388908, -42.2555640832469], [148.270809360731, -42.2316640921037], [148.297763382124, -42.2062447971867], [148.30969133329, -42.1405549836269], [148.238845308159, -41.9981910400033], [148.195263434838, -41.9454448966394], [148.079118252058, -42.1172179211026], [148.004009358598, -42.522499872212], [147.958727300033, -42.5563909243302], [147.943845230903, -42.6138909479124], [147.955518204574, -42.6665269530684], [147.954954270127, -42.7174999886297], [147.924836247914, -42.7411089600938], [147.89886341211, -42.7565358529313], [147.883182379968, -42.7722178909021], [147.842882357026, -42.8729179082953], [147.856418292502, -42.8888909659452], [147.89980034125, -42.8866268462531], [147.881836246314, -42.857226985507], [147.910872332461, -42.840826953708], [147.974200293338, -42.8695089882642], [147.999691337346, -42.9070820428196], [148.004772447065, -42.9768640691591], [147.967009290945, -42.9954449045323], [147.951491370639, -43.0822909770422], [147.979127176038, -43.1266641020247], [148.004700362698, -43.1708358936924], [147.995527207837, -43.2275909337183], [147.970791373307, -43.2290909591148], [147.899418294102, -43.183435905857], [147.827182381782, -43.20610895401], [147.789700354695, -43.2469449158426], [147.697209238019, -43.1636090167543], [147.631618330917, -43.0655549985631], [147.618972385923, -43.0177089158091], [147.673918275962, -42.9451358833424], [147.706500242439, -42.9383269280979], [147.730791333185, -42.9547179074413], [147.735791306082, -42.9788819285352], [147.719891338627, -43.0024999524547], [147.759982316904, -43.0398639623444], [147.78178230602, -43.0511089560379], [147.80887244952, -43.0547178682792], [147.867872330861, -43.0465269048352], [147.899418294102, -43.0268730182145], [147.8258092584, -42.9319449470023], [147.591627264927, -42.8267359686024], [147.557463465679, -42.8305550989759], [147.502118261771, -42.8607639810189], [147.521363446791, -42.9288909167527], [147.535945276148, -42.9490269304454], [147.552745292368, -42.9789550187311], [147.525609216038, -43.0183358821683], [147.476627217762, -43.0341729853485], [147.427127217869, -43.0417359766048], [147.403736175888, -43.0000730562026], [147.423018241283, -42.9911089460075], [147.408018322594, -42.8897269769702], [147.351627224806, -42.8613909473781], [147.317472310375, -42.8466639434577], [147.348572356366, -42.9047178432033], [147.340791267988, -42.9511089951999], [147.326082368979, -43.0086090187823], [147.29275424548, -43.0280550342036], [147.268191245793, -43.0604358350034], [147.241909285399, -43.1336090117391], [147.240309347716, -43.1554909758681], [147.262482331524, -43.2038909347855], [147.263318342549, -43.2248639653316], [147.247454249641, -43.2691730525736], [147.213291288583, -43.2856268961911], [147.178163402829, -43.2822179761602], [147.098300293874, -43.2444449293945], [147.041354146455, -43.1997179204589], [147.02574519868, -43.1818730161865], [147.022763420436, -43.1383359022291], [147.012072302906, -43.1187551058043], [146.991291385581, -43.1124269365272], [146.970091373096, -43.1370819695105], [146.964418333373, -43.1641640663842], [146.964145250967, -43.1843089648942], [146.969272293516, -43.2042999716616], [146.99399136424, -43.2237448136165], [147.01943630778, -43.2377819869036], [147.061100234011, -43.2583359222898], [147.095336285265, -43.2887179744527], [147.054963339765, -43.3625000126369], [147.002209317412, -43.422635977137], [146.952182263446, -43.528055006031], [146.937472358608, -43.6006268650314], [146.916700326101, -43.6178448029444]]], [[[130.958863374177, -11.9388909328599], [130.881618268868, -11.8708359138554], [130.861345294877, -11.8587460243196], [130.818300366275, -11.8504179329391], [130.678027204585, -11.7847178934575], [130.511654137439, -11.6627819890339], [130.493436238474, -11.6420089506983], [130.418582322509, -11.4486089396012], [130.364682326351, -11.2530549470202], [130.365100248044, -11.2155549826607], [130.371609298792, -11.1794460789561], [130.392682241625, -11.1633999311103], [130.531918226613, -11.2833359134305], [130.573300353258, -11.3494459956168], [130.70495423625, -11.3902819574494], [130.812745176111, -11.3683269031245], [130.845091275831, -11.3577819659861], [130.865100219872, -11.3443088947843], [130.899563420702, -11.3077819017481], [130.966063429025, -11.3274999937473], [131.004154149922, -11.3522178910047], [131.058300238759, -11.3076358889944], [131.121472296235, -11.2634729821441], [131.15171822629, -11.2607639510302], [131.162763395412, -11.2963908953009], [131.171918277723, -11.329026841234], [131.223509227189, -11.4020089105769], [131.227963370549, -11.3763460375529], [131.211363346539, -11.3424999124359], [131.193572421724, -11.2922269334297], [131.205109273286, -11.2420820299045], [131.226627295179, -11.2147179658072], [131.250654188336, -11.1970819385627], [131.271518254141, -11.1902820357736], [131.418382273954, -11.2483359355192], [131.52859122525, -11.3919461005105], [131.536100237049, -11.4272268721789], [131.537063317727, -11.4669460292294], [131.522200359337, -11.4822909470536], [131.457454180439, -11.5599999068864], [131.281918184354, -11.730835834572], [131.249500335542, -11.7354178857747], [131.126345199479, -11.8133358902732], [131.047763348247, -11.8786089556059], [130.968854267514, -11.9361089791882], [130.958863374177, -11.9388909328599]]], [[[137.910945147917, -35.7293818984673], [137.962191265885, -35.734446076742], [138.02844518153, -35.7481908892455], [138.062763375435, -35.7631909755721], [138.111909323737, -35.8175000086066], [138.112727229851, -35.869717924431], [138.040309262593, -35.9227089870064], [137.979945142688, -35.9062549757508], [137.95636332859, -35.8899999508774], [137.921082389284, -35.8755550818186], [137.823582247256, -35.8680549548363], [137.792754277843, -35.8661090121897], [137.760954175297, -35.8660459802775], [137.619691278477, -35.9199999558926], [137.601409341772, -35.940691019215], [137.610518291254, -35.975064030767], [137.614472370269, -36.0095820492446], [137.586363322616, -36.0330550662388], [137.491054210084, -36.0752819210882], [137.455445203086, -36.0853460722591], [137.394000320583, -36.040145988707], [137.357527307003, -36.0044461218785], [137.226072410393, -35.9840269674958], [137.18951825999, -35.9939910387424], [137.178509300691, -36.0305550797906], [137.150118285814, -36.0441729902798], [137.031645280878, -36.0355639375042], [136.899718315479, -36.0522268257875], [136.744691327779, -36.0611089609692], [136.712191336316, -36.0566640377028], [136.680254273471, -36.0131909614859], [136.612182323022, -35.9608268652697], [136.580536279857, -35.9441639769865], [136.53850924958, -35.9174999694443], [136.53387238073, -35.8822178566715], [136.581145141305, -35.7694460546533], [136.910518230113, -35.6888909357704], [136.947482255582, -35.6808268743408], [137.004009307841, -35.6784730682845], [137.02609126418, -35.6802820506328], [137.066654143607, -35.6752819100986], [137.120509212764, -35.6622178757729], [137.227172283731, -35.6247179114134], [137.317200294333, -35.5906909048254], [137.337600337976, -35.5887459680071], [137.526091236008, -35.6047178521906], [137.584963377144, -35.650835921781], [137.583863336168, -35.7316639554322], [137.597882404544, -35.7469460089824], [137.693300314179, -35.7575088833936], [137.791500345124, -35.8031999788352], [137.829682261128, -35.8119459919089], [137.850663338301, -35.8066640517891], [137.869400244712, -35.794308958836], [137.889845215356, -35.7690269594933], [137.910945147917, -35.7293818984673]]], [[[136.908782337961, -14.1792640226217], [136.911372346049, -14.1727819616019], [136.92413630824, -14.1544460454402], [136.96731819714, -14.1516639241304], [136.94165415065, -14.2777818953359], [136.926091303342, -14.2861089808879], [136.899991230247, -14.2950000008871], [136.889163320057, -14.2977819545587], [136.874254261199, -14.2951357877189], [136.86558234415, -14.2825729912044], [136.750672318626, -14.2616730508541], [136.734409247125, -14.2619459656223], [136.710782338388, -14.2649999958718], [136.700809214686, -14.2680550319498], [136.632172323961, -14.2786088539056], [136.378018266822, -14.2163909922888], [136.413027297189, -14.0444459711719], [136.405400268192, -13.9705549682462], [136.428318235557, -13.8869459867518], [136.45718232505, -13.8388910269702], [136.554136302266, -13.8213909541954], [136.592191316255, -13.8136088599894], [136.623991251163, -13.7895819668319], [136.624954164203, -13.7783357996719], [136.594972431736, -13.7269460158835], [136.678863380455, -13.6580549858541], [136.713291377292, -13.6519460871645], [136.721836224689, -13.6605549723021], [136.724118281654, -13.6808358252821], [136.714418240358, -13.7066639894371], [136.706909228558, -13.7136088991516], [136.684963394326, -13.7220819974572], [136.675663337451, -13.733055082211], [136.676636308775, -13.7505549873476], [136.712891392871, -13.8379178880087], [136.79248225761, -13.8549998714519], [136.808009230372, -13.8541640280648], [136.824982249073, -13.8438909998662], [136.83343623664, -13.835555029497], [136.841082376376, -13.8200729837363], [136.836000260828, -13.8020089765144], [136.830536265771, -13.7861088414224], [136.848572445074, -13.761390944165], [136.881363456216, -13.7527818913895], [136.898036235145, -13.7616640265712], [136.910672289494, -13.773126949748], [136.918454216062, -13.8095820260547], [136.873836171868, -13.8591640009611], [136.819972385531, -13.908335933163], [136.805254266428, -13.9102820434476], [136.789982271162, -13.9191640109913], [136.774991237291, -13.9316639432318], [136.767336212737, -13.9416640566623], [136.706082269988, -14.0755550696184], [136.699263424098, -14.1177730396503], [136.708018321989, -14.1677819887056], [136.72051825423, -14.1858359376437], [136.736636151167, -14.191664042576], [136.777772352772, -14.1980550761271], [136.87037243419, -14.2116639341608], [136.883027264001, -14.2083358156766], [136.895809331104, -14.1997178780837], [136.902482331878, -14.1919460097996], [136.908782337961, -14.1792640226217]]], [[[148.12884523389, -40.2744461092731], [148.115236208219, -40.2716639879632], [148.101072300555, -40.2672178912305], [148.064418237867, -40.2538910004204], [148.049136184316, -40.2455550300511], [148.038591247178, -40.2362460883584], [148.013182345821, -40.1613909989269], [148.018309220731, -40.1402089237149], [147.903872437462, -39.9755549849144], [147.809618271267, -39.9138179092653], [147.773863419153, -39.8947178988079], [147.760745237733, -39.8779819203288], [147.783872417401, -39.8502819095515], [147.881900284054, -39.7541729958165], [147.925809219238, -39.7374998816114], [147.967745222046, -39.7255549990008], [147.971072334702, -39.7363909558183], [147.978300385107, -39.7447178737321], [148.069427263218, -39.8388909031042], [148.165527292136, -39.9294459677795], [148.174409259679, -39.9361089102703], [148.186782289905, -39.9444460541062], [148.202754174089, -39.9502820380274], [148.243854165872, -39.9620819137127], [148.279418245869, -39.9658358328794], [148.288027298644, -39.9947178596458], [148.335236189117, -40.1922179625115], [148.331363414563, -40.2191639372771], [148.321345196222, -40.2319460043794], [148.303318237012, -40.2390268685637], [148.177463457567, -40.2569550889538], [148.12884523389, -40.2744461092731]]], [[[153.08163622933, -25.7958358668586], [153.074400299937, -25.7995819070362], [153.053591387055, -25.7977819771434], [153.038036251099, -25.7873639420193], [152.997745280612, -25.7377819671131], [152.994109211005, -25.7280549360888], [152.95412719747, -25.6152729081487], [152.943572369686, -25.5830550515472], [152.942200252132, -25.5713909626937], [152.943027210702, -25.5583358131853], [152.991909296691, -25.4483359065552], [152.996609365091, -25.4394460600224], [153.008882315393, -25.423055080679], [153.015809287834, -25.4155549536966], [153.032627241327, -25.3999999853782], [153.054982280072, -25.3608358779577], [153.064282336947, -25.338608914693], [153.063600385303, -25.2522268643443], [153.060672418878, -25.23777294283], [153.049409320273, -25.2308268596491], [153.09079127928, -25.1522178510509], [153.134982349325, -25.1244460911821], [153.171627191921, -25.0961088881235], [153.194427309726, -25.0755549527374], [153.211091371476, -25.0563909045396], [153.218845302487, -25.0427820465059], [153.231082378243, -25.0188909401801], [153.237182392115, -25.0033358042236], [153.240236254726, -24.9930550646742], [153.246609351005, -24.9641639854522], [153.248154135764, -24.9488909843574], [153.244845295657, -24.9319999406691], [153.237727215823, -24.9141639212142], [153.231900284357, -24.9052819536705], [153.189972328176, -24.8413908965372], [153.184145229072, -24.8330550938059], [153.178036330382, -24.8247179499702], [153.169127205472, -24.819172985728], [153.158600373245, -24.8149999714014], [153.173036189848, -24.7849999663862], [153.189145201968, -24.7583359588442], [153.196072342048, -24.7508358318618], [153.21941828939, -24.7311088550452], [153.236082351139, -24.7188908900284], [153.249691376811, -24.7108268285989], [153.281645203462, -24.6991640808499], [153.283600366202, -24.7247179891322], [153.28414518991, -24.7583359588442], [153.28387244278, -24.7841730078167], [153.28305420139, -24.8033358825479], [153.282200253091, -24.8163910320562], [153.281372456332, -24.8491639382876], [153.281918285868, -24.8622179143296], [153.28414518991, -24.8808357977149], [153.289982347297, -24.9041639754218], [153.295536196357, -24.9216640481966], [153.313018331859, -24.9502729925568], [153.320527343659, -24.9577729519011], [153.328854261572, -24.9633358534162], [153.349063365461, -24.9706909734731], [153.36107245345, -24.9787459824473], [153.368836275107, -25.0024999608367], [153.371063346787, -25.0141640496901], [153.366363446026, -25.0305550290336], [153.301091386521, -25.1713909517041], [153.254972311102, -25.2669459892755], [153.236636227302, -25.3047178625749], [153.184963470462, -25.4099999311706], [153.127163374745, -25.5363909847823], [153.085782421567, -25.6566639196112], [153.082736270306, -25.6677820112903], [153.081909311737, -25.6874999356514], [153.087463328434, -25.7063909014429], [153.095245255002, -25.7308268314766], [153.097472326682, -25.748608871475], [153.096345295978, -25.7677819721281], [153.091645227578, -25.7841729514716], [153.086363455097, -25.7930550866534], [153.08163622933, -25.7958358668586]]], [[[130.493563308127, -11.8386088371604], [130.32774529061, -11.7758999636541], [130.311645163308, -11.7763909755437], [130.23635421491, -11.7924999876635], [130.226072301894, -11.7952819413351], [130.202754182471, -11.8049999199039], [130.184691348715, -11.8138909399031], [130.174682350467, -11.8174998521444], [130.124118184144, -11.8305550016527], [130.096345250809, -11.8336088642642], [130.040527307561, -11.8229179143722], [130.024700262665, -11.7984729318829], [130.017491322999, -11.7724999284407], [130.072600324875, -11.6737550737877], [130.083163366924, -11.6734729389261], [130.097200372573, -11.68389097405], [130.108582326565, -11.6933358702125], [130.118991309234, -11.7006909902695], [130.156645165336, -11.7029178943114], [130.169963338966, -11.6948640588038], [130.185245224879, -11.6783357838859], [130.19357231043, -11.6672269123004], [130.196927251005, -11.6558359058531], [130.190800247405, -11.5280549650529], [130.173854218431, -11.4849999781674], [130.255672322488, -11.344164055497], [130.343991263028, -11.325555056929], [130.398182278866, -11.4358359249545], [130.398182278866, -11.4477819810316], [130.432191348181, -11.5561088597834], [130.491054269223, -11.6886089797225], [130.561645149222, -11.706663934489], [130.579127284723, -11.7177820261681], [130.604127316842, -11.735555013711], [130.615509270834, -11.7449999098735], [130.626345227652, -11.7552819905276], [130.636582381304, -11.7729178501341], [130.630245159572, -11.7924999876635], [130.613845127773, -11.8224999926787], [130.568845204069, -11.8319460623076], [130.493563308127, -11.8386088371604]]], [[[143.921627210198, -40.1363909668078], [143.913882331642, -40.1347268237467], [143.886309222879, -40.1167359067206], [143.873563365599, -40.0649999503302], [143.892345199011, -40.0542999479827], [143.891936162135, -39.9847179138535], [143.885545296221, -39.9701359168585], [143.870509335349, -39.9569459863466], [143.851627254375, -39.9452730126758], [143.840382260682, -39.9367999143701], [143.834827238155, -39.9275000251329], [143.83773626148, -39.8730550376285], [143.855236166617, -39.7119459733291], [143.871063379151, -39.7002820521135], [143.89971825634, -39.6886089108048], [143.91665422703, -39.680555075297], [143.92580927698, -39.6741729265634], [143.933591371186, -39.6669460496253], [143.941636321876, -39.655690997648], [143.945527201341, -39.6408359182466], [143.943845288645, -39.6288819831806], [143.935518203093, -39.6086090091897], [143.931918343307, -39.598335813353], [143.935454165353, -39.5830551009072], [143.977463425995, -39.5738909985019], [143.9877272341, -39.5769550870353], [144.066791380042, -39.6161089685339], [144.108582375925, -39.6624999528925], [144.112182403349, -39.6730549483147], [144.122191233959, -39.8122178431067], [144.122191233959, -39.8249999102088], [144.14645416151, -39.9294359094956], [144.136918237879, -39.9843088769774], [144.106063446376, -40.03639100597], [144.008882319584, -40.0877730784072], [143.95773628154, -40.1099998740339], [143.921627210198, -40.1363909668078]]], [[[139.148318243231, -16.7608358931382], [139.141509287986, -16.7570819739716], [139.138582327389, -16.7155550080392], [139.138582327389, -16.7024998585309], [139.160800238198, -16.6105550743052], [139.16498230498, -16.6005549608747], [139.222472437917, -16.5238908890947], [139.277463422596, -16.4813909518391], [139.289427248308, -16.4724999318399], [139.306636301403, -16.4624999860476], [139.318845213965, -16.4619459422461], [139.36468232216, -16.4619459422461], [139.451354218721, -16.4472179324974], [139.47967231104, -16.4422179596011], [139.534427261325, -16.4138909824645], [139.727327208077, -16.4442998567177], [139.733582287158, -16.4558358700904], [139.737872312854, -16.4808268497538], [139.732882398241, -16.5027819040788], [139.689145292073, -16.522499996078], [139.623836184557, -16.5358359393435], [139.580809360866, -16.5024999368551], [139.489136317942, -16.5380549643963], [139.50360029774, -16.5691729476602], [139.451782366337, -16.6599999212752], [139.441927259832, -16.6677820154812], [139.330263377778, -16.708890892082], [139.230809246477, -16.7288818988494], [139.185245220688, -16.7349998499942], [139.148318243231, -16.7608358931382]]], [[[113.20555419309, -26.1447178353616], [113.176091300432, -26.1230549741821], [113.027482336011, -25.9202729311967], [112.95249129211, -25.7844460338778], [112.907209233544, -25.6274999256211], [112.907491368406, -25.5838908949341], [112.908336264248, -25.5647268467364], [112.913882234319, -25.5397179298], [112.919709333423, -25.5269460886198], [112.943309252431, -25.4952819405436], [112.953872294481, -25.4877729287438], [113.003254109539, -25.4990269748928], [112.997482330996, -25.5133358894816], [112.987209302797, -25.5287550709682], [112.983045173288, -25.5436089769031], [112.983463430258, -25.5580550194282], [112.987200250342, -25.5708359130639], [113.026927286381, -25.6544460680247], [113.076100224411, -25.7858359210663], [113.099427228652, -25.8494460168043], [113.105263380211, -25.8763909857416], [113.159145271459, -25.9777729547789], [113.182482333983, -25.9980549812253], [113.190263422361, -26.0052820258015], [113.196927203042, -26.018890883835], [113.20693620129, -26.0427819901609], [113.22707238262, -26.1088179763228], [113.209154220514, -26.1408358407141], [113.20555419309, -26.1447178353616]]], [[[148.339145173493, -40.5033359367043], [148.339691338305, -40.4669460716045], [148.336091310881, -40.4547178806658], [148.329972353908, -40.4429180049805], [148.318300386066, -40.4352730387109], [148.292209365426, -40.4344358542194], [148.129945274866, -40.4472179213215], [148.114682332055, -40.4488820643826], [148.103854254227, -40.454445971726], [148.086636316314, -40.4580550516054], [148.068572309092, -40.4547178806658], [147.997036285689, -40.4281998858775], [147.993563327918, -40.4170819618365], [147.995518323019, -40.4013910390482], [147.998563468452, -40.3897269501947], [148.008045244988, -40.3791640757835], [148.065245196436, -40.3481909318069], [148.083591338519, -40.3447179740355], [148.099118311281, -40.3433269133807], [148.116909236097, -40.3436088806043], [148.133027300672, -40.3449999412591], [148.14831823904, -40.3472179604836], [148.187745202945, -40.3625000140338], [148.202609334801, -40.3612549661327], [148.288027298644, -40.3247179148127], [148.308872421348, -40.314164092857], [148.329127290428, -40.3051359449215], [148.343018283323, -40.3066639658746], [148.354672313893, -40.3155549858737], [148.479145252776, -40.4306909875082], [148.477191263503, -40.4413909898557], [148.463227180411, -40.4420819939555], [148.407609229373, -40.4619460987084], [148.358309221691, -40.4905550430687], [148.339145173493, -40.5033359367043]]], [[[151.227172333091, -23.7866639981542], [151.21732728487, -23.7843088509935], [151.178863401642, -23.7480549403635], [151.172482258737, -23.7402730137956], [151.159991378952, -23.7090358398684], [151.133572458259, -23.6612460835039], [151.066072321247, -23.6052819598638], [151.04748226578, -23.5752819548486], [151.038300226102, -23.5561088541954], [151.027772388046, -23.5258359344121], [151.018463446353, -23.4563910282192], [151.062745208591, -23.4470819188885], [151.130245177966, -23.4855550222094], [151.203036307554, -23.5288909704901], [151.222472432329, -23.5586088406435], [151.287063378379, -23.6724999620149], [151.29907229873, -23.7505550944496], [151.272354144094, -23.7799998821969], [151.227172333091, -23.7866639981542]]], [[[147.302763411365, -43.5133358810997], [147.239136216544, -43.4916730199203], [147.17553617909, -43.5016729657127], [147.123018191131, -43.4219448053992], [147.190245245738, -43.3544448360246], [147.289563422569, -43.2640268992857], [147.300263424917, -43.2627820190226], [147.307736226895, -43.2702819783669], [147.362454129167, -43.3741729863076], [147.364963335709, -43.3858359016947], [147.362727211574, -43.3980550401781], [147.320663468561, -43.5029178459758], [147.310518348205, -43.5119448204449], [147.302763411365, -43.5133358810997]]], [[[146.289982406436, -18.4938909390276], [146.233018321745, -18.4766639486592], [146.220518221866, -18.4683268048233], [146.214963366978, -18.4586089938927], [146.208863353106, -18.4449999682209], [146.206082405263, -18.4344459786271], [146.204127242523, -18.4227730049562], [146.207600367932, -18.4016640199402], [146.205809322857, -18.3863910188454], [146.201627256075, -18.3766639878213], [146.193300338161, -18.3641640555808], [146.157545150771, -18.3193730089047], [146.12744523347, -18.3094459856702], [146.118282304531, -18.3049998889375], [146.111082417321, -18.298054979223], [146.096345187479, -18.278617848619], [146.086000242551, -18.2543730259783], [146.114682277107, -18.2458268374767], [146.12744523347, -18.244999878907], [146.224972365226, -18.2805550740863], [146.269718317263, -18.3083358864106], [146.352191383236, -18.4229178442436], [146.323027221608, -18.4774999596842], [146.299409365326, -18.4894357898394], [146.289982406436, -18.4938909390276]]], [[[136.503327216731, -11.456390866169], [136.498982373389, -11.450555049886], [136.507200326561, -11.4098639273405], [136.643036276336, -11.2163909936858], [136.728700332856, -11.0451358032021], [136.736636151167, -11.0358359139649], [136.764163327101, -11.0186089235964], [136.773863368396, -11.0212460379808], [136.777954240072, -11.0347179357162], [136.728572425014, -11.196390934463], [136.724972397589, -11.2069460975233], [136.56219131124, -11.4324999274813], [136.540191329914, -11.4522178518425], [136.503327216731, -11.456390866169]]], [[[153.406918278825, -27.7311088536483], [153.397891304356, -27.7284729127304], [153.391663382641, -27.7116640116934], [153.389436310961, -27.6965269650685], [153.395263410065, -27.6113909684493], [153.396945155123, -27.599163950977], [153.408327276753, -27.5211178709976], [153.433591338822, -27.416108884808], [153.472200228975, -27.4074999996705], [153.540936193795, -27.4180549950928], [153.540800239325, -27.4311089711346], [153.525272428373, -27.465272938021], [153.51193631747, -27.4947178934062], [153.489963325872, -27.5652819513143], [153.474972459639, -27.6138909548974], [153.465518343383, -27.653055062318], [153.460782400437, -27.686526851638], [153.453991382466, -27.7263910156138], [153.406918278825, -27.7311088536483]]], [[[132.596072362816, -11.3447179316603], [132.591336252233, -11.3427818796594], [132.578309265919, -11.3283358371343], [132.566654229521, -11.3136088332138], [132.531645199154, -11.2180549691087], [132.512482324423, -11.1430550403899], [132.502200243769, -11.0513908822833], [132.578854257265, -11.0224999706994], [132.595245236609, -11.064999907955], [132.613591378692, -11.1144460960296], [132.6263452826, -11.1777819358951], [132.626063315376, -11.2249998788232], [132.624545185069, -11.2762550492463], [132.596072362816, -11.3447179316603]]], [[[137.054409356499, -15.8299998942809], [137.041072407406, -15.8283359188579], [137.004427229534, -15.7966640594307], [136.997191300141, -15.7891639324483], [136.94080036999, -15.7191639766256], [136.934418221256, -15.6988910026347], [136.935672321613, -15.6837549618381], [136.95303627228, -15.6474998777418], [136.994691313693, -15.5977819483655], [137.010191296726, -15.5930550578755], [137.055545272021, -15.6474998777418], [137.072754157479, -15.6927819363072], [137.093018246652, -15.7663909720093], [137.092318190097, -15.7876359114952], [137.067200308419, -15.8294460181175], [137.054409356499, -15.8299998942809]]], [[[136.201354234204, -13.8600000119861], [136.204409270282, -13.8241640230497], [136.188563449923, -13.7869460259139], [136.183163324968, -13.7759729411602], [136.172482265722, -13.7691639859156], [136.157745203517, -13.7711089227337], [136.146636164294, -13.786390976284], [136.15027240154, -13.8063908678688], [136.158582388009, -13.8212549997255], [136.162627326855, -13.8341639688421], [136.153736306856, -13.8388910269702], [136.120654276034, -13.8345818905356], [136.105100313544, -13.815281887868], [136.114045145362, -13.7319459887797], [136.183318222539, -13.6763909020157], [136.201763438719, -13.664581973875], [136.244554228015, -13.6720819332192], [136.28344525303, -13.7101359413802], [136.288863315257, -13.7302820133567], [136.274845252709, -13.7943088573218], [136.241909234642, -13.8466640687206], [136.210236201748, -13.8588909185548], [136.201354234204, -13.8600000119861]]], [[[124.522491270517, -15.4452819368415], [124.513891270197, -15.4172268686447], [124.460536265384, -15.3691640298739], [124.469154202977, -15.3247179823336], [124.494282310577, -15.2861820147388], [124.542209194878, -15.2616639420537], [124.559709267653, -15.2599999666307], [124.64651829215, -15.4006908823758], [124.626227213248, -15.4105550413363], [124.522491270517, -15.4452819368415]]], [[[115.368872279107, -20.8808358554569], [115.357345150552, -20.8609729241705], [115.334982232817, -20.8535358291001], [115.310054117427, -20.876046100693], [115.30193624418, -20.8686088379846], [115.298027259803, -20.856663955374], [115.299991307361, -20.8316729757105], [115.302763370387, -20.8159730004667], [115.312763316179, -20.80110886861], [115.341091299144, -20.7647268824991], [115.405254097579, -20.6861089890836], [115.42761818878, -20.6699999769637], [115.438172346012, -20.667217855654], [115.449991332437, -20.6736819794008], [115.464154234272, -20.742217952011], [115.463045140841, -20.7605639264564], [115.459718195823, -20.7727818914733], [115.454991305333, -20.7824998700421], [115.401927152562, -20.8577730488053], [115.378036213874, -20.8761089649669], [115.368872279107, -20.8808358554569]]], [[[145.35580923664, -38.4311179067091], [145.331909245496, -38.4274999420123], [145.28386333817, -38.4090268979143], [145.2735913158, -38.3744460151629], [145.271091329352, -38.3633359701109], [145.295672433949, -38.2987550823443], [145.305818224857, -38.2969549848133], [145.455582383177, -38.3247909500606], [145.486909243468, -38.3522269308872], [145.496491267567, -38.3623640046159], [145.494672394573, -38.3724999048782], [145.485509297996, -38.3766640343874], [145.462463422789, -38.3747179241026], [145.421354210912, -38.3774998777743], [145.408327224599, -38.3844461285933], [145.363282373894, -38.4233358125031], [145.35580923664, -38.4311179067091]]], [[[153.42526341508, -27.3627820431904], [153.405545155443, -27.3013909725052], [153.388027313033, -27.2630549971207], [153.376618201675, -27.2452820095779], [153.367463319363, -27.2266639585544], [153.358718312118, -27.1966639535393], [153.358354202243, -27.0615268868537], [153.368282398944, -27.0516640689977], [153.44442729564, -27.0193089168216], [153.459609269266, -27.0213178913803], [153.466372459319, -27.0341730486785], [153.463863420415, -27.0541729402631], [153.459136194649, -27.0699999851592], [153.451354268081, -27.0902820116058], [153.445254254209, -27.1055550127005], [153.421627345472, -27.1747179516698], [153.418582367678, -27.1855550819536], [153.416072322946, -27.1972178297025], [153.414427290624, -27.2088909710116], [153.413609216872, -27.2219459528819], [153.414982340254, -27.248055078432], [153.42526341508, -27.3627820431904]]], [[[158.879672424941, -54.753891021608], [158.83511825085, -54.7511089002982], [158.828854286951, -54.7361089816097], [158.829954160289, -54.7105550733273], [158.833863479941, -54.6688909794586], [158.848300302372, -54.6236089208933], [158.89108237449, -54.5200000478141], [158.910127232024, -54.4933269878166], [158.960372383112, -54.4763819646718], [158.95190934309, -54.5491640418042], [158.945527194356, -54.5763909779651], [158.94192733457, -54.5880550668185], [158.937191391625, -54.6023639814074], [158.931091377753, -54.616108961549], [158.906100398089, -54.6633269044772], [158.888309305635, -54.6874999780266], [158.884709278212, -54.69916406688], [158.882172411389, -54.7113909167143], [158.879672424941, -54.753891021608]]], [[[125.138318248078, -14.64860885988], [125.132754173097, -14.64860885988], [125.085963371956, -14.6209730544811], [125.086109217071, -14.6036089361762], [125.09248231335, -14.5444459429993], [125.115263320416, -14.4866639521934], [125.152209240974, -14.4416640284898], [125.162200301949, -14.4390269141054], [125.173309341172, -14.4458358693499], [125.208036236677, -14.4891639386416], [125.185254223783, -14.5988909305037], [125.149082288166, -14.6156909467232], [125.138318248078, -14.64860885988]]], [[[142.183318219745, -10.7702819655612], [142.150818228282, -10.7549999120109], [142.12065427324, -10.7205549837295], [142.115782375825, -10.7052819826347], [142.115800313098, -10.6574999376211], [142.123354251899, -10.6453460103447], [142.175809207945, -10.6186089126069], [142.216918252184, -10.6102819946929], [142.265809222991, -10.6836088955334], [142.259018205019, -10.720972905423], [142.211363397296, -10.7331268326993], [142.198854244962, -10.7463908592354], [142.190800241817, -10.757499898459], [142.183318219745, -10.7702819655612]]], [[[147.361636223053, -43.2630639862461], [147.293027327886, -43.1570820287333], [147.329127179135, -43.1026358677625], [147.35718241497, -43.0749998947256], [147.396518351406, -43.1197178512057], [147.431636178876, -43.2138910482159], [147.432736219852, -43.2419449429463], [147.429691242058, -43.2536179166173], [147.361636223053, -43.2630639862461]]], [[[136.182736183181, -11.6908358837645], [136.178318249643, -11.687782021153], [136.182618333622, -11.6444460728723], [136.273745211734, -11.5722178719031], [136.289763364023, -11.5721550076292], [136.348845220377, -11.5686089596618], [136.417482278739, -11.5202819233024], [136.428591317963, -11.5111089360796], [136.449127316076, -11.4902730334699], [136.481218270663, -11.4672179381691], [136.475936162906, -11.5069459800369], [136.472045283441, -11.5172178347689], [136.373291376332, -11.5924998983496], [136.343291371317, -11.6097178362627], [136.266663341721, -11.653335919405], [136.197209215435, -11.6852820347049], [136.182736183181, -11.6908358837645]]], [[[148.014163363771, -42.7530640686264], [148.009982302818, -42.7311090143015], [148.011109333522, -42.6522178708414], [148.012636181008, -42.6286088993774], [148.01873619488, -42.6197178793782], [148.076491363596, -42.5869448055087], [148.128009222865, -42.5902729239929], [148.172900349465, -42.6552819593749], [148.168163400692, -42.6655549875735], [148.154982354997, -42.6688909850466], [148.097745187899, -42.6661088637368], [148.041654162245, -42.7322179400946], [148.014163363771, -42.7530640686264]]], [[[142.279972292464, -10.2655549356056], [142.210527218633, -10.2367999784917], [142.20135423141, -10.2255549847981], [142.189418233617, -10.2041640325585], [142.212891250612, -10.1569460896303], [142.228572450392, -10.1455550831831], [142.284145139153, -10.1356909242225], [142.316927265478, -10.1516639818724], [142.330536291149, -10.1719460083188], [142.339963417677, -10.1913910179118], [142.338563304567, -10.202782024359], [142.288863312463, -10.2611088388728], [142.279972292464, -10.2655549356056]]], [[[139.42831823416, -17.1461089002074], [139.423309208808, -17.1436089137593], [139.414982290894, -17.1299998880876], [139.40801827044, -17.115835812786], [139.400118326676, -17.0887550570169], [139.502772333342, -16.9966639247614], [139.538027288749, -17.0186089208025], [139.554136300869, -17.0318729473385], [139.576082302738, -17.0958359212013], [139.570254197806, -17.1049998559686], [139.560791364371, -17.1094459527014], [139.517491290636, -17.1108358398899], [139.467609243595, -17.0997179158488], [139.452754164194, -17.1027820043822], [139.443845206921, -17.1083358534417], [139.434418248032, -17.1194460661319], [139.429700242359, -17.1319459983723], [139.42831823416, -17.1461089002074]]], [[[145.354127323944, -38.5700000077439], [145.336091312278, -38.552226852563], [145.319972409513, -38.5377819835043], [145.310245210851, -38.5324998757464], [145.298582295463, -38.5277820377119], [145.27136340593, -38.520835954531], [145.254972426586, -38.5205549931358], [145.241054276325, -38.5224999299541], [145.228572448995, -38.5258359274272], [145.18246343186, -38.5294460131349], [145.117054244419, -38.5311089827295], [145.120236182512, -38.5205549931358], [145.161654183702, -38.484173007025], [145.179409233972, -38.4716640223291], [145.19024519079, -38.4669460166564], [145.202454270989, -38.4636178981724], [145.264709348256, -38.4541730020098], [145.282900257493, -38.4524999741313], [145.293027272937, -38.4552730429856], [145.309691334687, -38.4659730453332], [145.362745261537, -38.5668090171961], [145.354127323944, -38.5700000077439]]], [[[136.52469134688, -15.6461089847249], [136.516391251057, -15.6441640479067], [136.498836192997, -15.6333358024402], [136.519436228851, -15.5497179361284], [136.576909262705, -15.5119460628291], [136.605518207065, -15.5248639167631], [136.61022732792, -15.5430549936375], [136.598436169414, -15.6130549494602], [136.587736167067, -15.634726863095], [136.52997244881, -15.6452820261554], [136.52469134688, -15.6461089847249]]], [[[144.888882410816, -40.7294359314749], [144.878572334605, -40.7262461143935], [144.870945305609, -40.7194358180444], [144.865936280257, -40.6711180017786], [144.926227309966, -40.6172180056202], [144.993282367919, -40.6666640260567], [145.016082318087, -40.6955460528232], [144.926363432074, -40.7224999065778], [144.888882410816, -40.7294359314749]]]]}, "properties": {"COUNTRY": "Australia", "ISO": "AU"}}, {"type": "Feature", "geometry": {"type": "MultiPolygon", "coordinates": [[[[109.648563315878, 2.07340905653022], [109.630809271436, 2.03166416111482], [109.547336244412, 1.90694496191514], [109.563872398318, 1.83360900861931], [109.583872289903, 1.80250007781086], [109.593872403334, 1.79528208569025], [109.603591220093, 1.79110907136362], [109.615809185109, 1.78916413454545], [109.66720919482, 1.70639116407601], [109.668727157489, 1.61700906293435], [109.698863284612, 1.58028207768791], [109.711645184076, 1.56583603516265], [109.721918212275, 1.55555395450858], [109.739963276395, 1.53916414863163], [109.82470917924, 1.46860914317897], [109.931663437524, 1.40694499008771], [109.979709177212, 1.31721805744831], [109.985409206663, 1.30188219207958], [109.99604517127, 1.28864498763373], [110.071663349169, 1.22000005028211], [110.083882320014, 1.2116640799129], [110.101091205472, 1.20139105171426], [110.115536242169, 1.19528215302478], [110.13720932927, 1.18971807804343], [110.1558181602, 1.18778219368056], [110.169436238327, 1.18778219368056], [110.184554174213, 1.18569107647051], [110.198863424078, 1.17610905237171], [110.332491245273, 1.00194500620181], [110.459991224678, 0.902782062217327], [110.522063408817, 0.865282097857976], [110.544436217198, 0.856664160264919], [110.555254236742, 0.853891091410734], [110.574436222213, 0.852782165617557], [110.598600243307, 0.856109110635219], [110.701927149162, 0.87805393903818], [110.807900221858, 0.908473206851444], [110.812609175075, 0.917500013682333], [110.813027264407, 0.934164075432014], [110.819563304883, 0.950000005145557], [110.885536259133, 1.00555391844306], [110.906936263828, 1.01513594254204], [110.941091345897, 1.0186090679515], [110.994709207193, 1.02000012860644], [111.006945109483, 1.02110905439958], [111.024145110123, 1.024718134279], [111.195245235398, 1.06236411139208], [111.21192723442, 1.06971805798276], [111.258327271234, 1.06721807153451], [111.311100236689, 1.0444449434575], [111.394709218183, 1.011664158237], [111.406372301208, 1.00889108938279], [111.419436167896, 1.00805407252931], [111.565127224175, 1.00028203660725], [111.635272354561, 1.02944502476884], [111.655254141235, 1.03694498411312], [111.669572275918, 1.0384731727044], [111.681927201233, 1.03360898664], [111.700272337488, 1.024718134279], [111.724427306126, 1.011664158237], [111.73275422404, 1.00610913571097], [111.79776342706, 0.993891170694154], [111.809982230268, 0.9952820637111], [111.827209220636, 0.998609008728686], [111.845836156477, 1.00750002872786], [111.860118248975, 1.02041805029995], [111.873872281572, 1.04110911362238], [111.879963410627, 1.05555398268113], [111.891236232239, 1.07569116984019], [111.945682225572, 1.12736409431863], [111.954709200041, 1.13221805446107], [111.965554209314, 1.13500000813275], [111.983318312039, 1.13778212944266], [112.041654179008, 1.13416416474592], [112.055254152225, 1.13416416474592], [112.074436137695, 1.1355540519342], [112.110809238989, 1.14055402483051], [112.132200191228, 1.14979104979374], [112.212900317037, 1.37610914168557], [112.214709299385, 1.39416409645202], [112.209836228503, 1.40319107092091], [112.191782279565, 1.40278203404488], [112.181509251367, 1.41139108682046], [112.18470929437, 1.42528207971576], [112.201372350291, 1.450136099081], [112.309709287327, 1.49944499158118], [112.472763288445, 1.56805405438711], [112.499718315666, 1.57055404083517], [112.680263337103, 1.56305391385297], [112.884145253426, 1.58805394597192], [112.976927222143, 1.57750012401619], [112.999709235038, 1.57278211834363], [113.038591207596, 1.55694501516348], [113.057482341026, 1.5397911149908], [113.126372365227, 1.43166422844939], [113.34081816179, 1.36528206968534], [113.359427160358, 1.35624503693248], [113.374418194229, 1.34389111744582], [113.456100343816, 1.2883360306818], [113.586927268239, 1.28360914019179], [113.616382281908, 1.25139111595217], [113.629963312023, 1.23778209028046], [113.64249123982, 1.22944494644475], [113.659082379012, 1.22583603420333], [113.790409200142, 1.30471812520789], [113.842482276679, 1.34860912311837], [113.865254231289, 1.37416420486722], [113.876082309118, 1.39055401074416], [113.888036244184, 1.40597319223076], [113.921791341832, 1.44083604220565], [113.930818316301, 1.44528213893857], [113.968600247884, 1.44860908395623], [113.987200193997, 1.45083598799816], [114.004991286451, 1.45360905685254], [114.033600230811, 1.45889116461028], [114.08440026389, 1.46999115137845], [114.231372410254, 1.44360911106004], [114.290818208845, 1.47000003619592], [114.389427276666, 1.50833601158035], [114.401654126501, 1.50971801977977], [114.413309330537, 1.50778213541707], [114.424427254578, 1.50471804688361], [114.443591302775, 1.49666421137595], [114.452472264491, 1.49194503223691], [114.475682257363, 1.47750016317814], [114.492336260828, 1.4633360878767], [114.511382291829, 1.44805403432651], [114.533336172688, 1.4355539344479], [114.543591263613, 1.43221810461279], [114.559982242957, 1.43291799352994], [114.576518229226, 1.44055407498223], [114.58887231635, 1.45208204172769], [114.674427240491, 1.64250010694259], [114.710818279058, 1.77055396251109], [114.783336158601, 1.863891148496], [114.844709292014, 1.89166408183137], [114.856509335337, 1.90069105630044], [114.861927229927, 1.91528210575086], [114.872482225349, 2.00778210724451], [114.872482225349, 2.02028203948487], [114.862618234027, 2.04645402930931], [114.848872415695, 2.04721812360487], [114.83915410185, 2.04389117858709], [114.800536159241, 2.06471802874143], [114.776382364069, 2.15013599258433], [114.778591330838, 2.1655540006045], [114.791509184772, 2.21680900338924], [114.804700288751, 2.24889107315914], [114.81372726322, 2.26069111648239], [114.873027216695, 2.2794449543377], [114.904291212712, 2.27666417413247], [114.929700281708, 2.28221802319205], [114.939418260276, 2.28555402066512], [114.949145123663, 2.29319110794574], [115.00166327926, 2.36055394938404], [115.090818230825, 2.42250006969907], [115.187482361827, 2.48305395589278], [115.203872335342, 2.48721808540204], [115.215682269311, 2.49278216038346], [115.230818310108, 2.50805398801174], [115.23609136541, 2.52965398491711], [115.199145277214, 2.58305391673058], [115.185254116681, 2.59694507726407], [115.169436291878, 2.60513604070814], [115.133600302942, 2.61152707425923], [115.123172377172, 2.60555396240146], [115.107618247044, 2.5972179920322], [115.092063278726, 2.60055398950532], [115.082363405068, 2.61360913901381], [115.118318249392, 2.85110902504903], [115.139709201631, 2.90610906218313], [115.152072341211, 2.92208211983302], [115.249709275899, 3.010836081149], [115.301372309732, 3.01639110367505], [115.305545156421, 3.00666407265083], [115.310254109638, 2.99778210510719], [115.318318171067, 2.98778215931468], [115.378036213874, 2.99180899324961], [115.487200277117, 3.0275001428987], [115.495527195031, 3.04000007513907], [115.498872412598, 3.05028215579317], [115.52859128858, 3.17610910731969], [115.513045205079, 3.18402698835747], [115.509991342467, 3.19833607058427], [115.511936279286, 3.2100001594378], [115.529982349235, 3.30166414990639], [115.534145137639, 3.3183360906451], [115.538882254051, 3.33360909173973], [115.553309185837, 3.37389117740895], [115.558872422628, 3.38916417850366], [115.570827195884, 3.41778217531954], [115.582972405982, 3.42798211332222], [115.596936153797, 3.42471803257858], [115.613872292124, 3.42041811623753], [115.627682315835, 3.43430910913286], [115.626082378152, 3.45778212612698], [115.601927241876, 3.53916420357961], [115.578872314213, 3.58555401447186], [115.574154140902, 3.5947181168771], [115.571382245514, 3.6127821240991], [115.571382245514, 3.66610913335476], [115.576927209757, 3.70860907061029], [115.58527240022, 3.74166411170359], [115.616382336856, 3.85416417241982], [115.662491353991, 4.07833599417863], [115.661100293336, 4.09778217723806], [115.659709232682, 4.10860002914455], [115.683309319328, 4.16736421136726], [115.690809278672, 4.18027318048382], [115.761382389036, 4.23971797324634], [115.770263350751, 4.2447181137805], [115.850536167134, 4.32166415278425], [115.857545114589, 4.34410016071466], [115.872482336642, 4.36110905396192], [115.888036131494, 4.36812705387223], [115.976091209721, 4.34305393155734], [115.986645199315, 4.33971810172222], [116.004154156907, 4.33000012315347], [116.030882369828, 4.30076421243393], [116.047618180669, 4.2811091523467], [116.061100304326, 4.27791799416081], [116.07415411273, 4.28360913879481], [116.140263356726, 4.33721811527414], [116.153318170958, 4.35500015527247], [116.314700317664, 4.35777305648866], [116.425809317725, 4.31000006393071], [116.441654132256, 4.29944506850847], [116.45416328459, 4.29458205591055], [116.465818320988, 4.29402700628081], [116.527618260911, 4.31930900562339], [116.533600257586, 4.33083596654052], [116.641936188794, 4.334718128826], [116.688763367395, 4.33075399152726], [116.839845160897, 4.33041804484701], [116.876918318746, 4.34527312424825], [116.889163441129, 4.34930901063847], [116.910536288458, 4.35221803396273], [116.924427281353, 4.35221803396273], [116.936918328776, 4.35082697330784], [117.043872419422, 4.33694503286801], [117.176654171309, 4.33555397221306], [117.191791217934, 4.33624497631268], [117.202772349315, 4.34597318080335], [117.211109325512, 4.35444493800458], [117.223600205297, 4.35874502198356], [117.239436135011, 4.35833598510756], [117.251791227964, 4.35389106184128], [117.40179125304, 4.2545821051031], [117.410809342692, 4.24250009455602], [117.420254238854, 4.22471805455769], [117.424427253181, 4.21471810876539], [117.439418287052, 4.19583602779123], [117.452763282773, 4.18860915085325], [117.475536243212, 4.18360901031896], [117.497754154021, 4.1788911722844], [117.528872304923, 4.17527320758767], [117.592054253046, 4.16981809734772], [117.545536199035, 4.14110907306325], [117.492754181125, 4.12471809371985], [117.40248225714, 4.15055396922583], [117.392763440381, 4.13971801240831], [117.392763440381, 4.10750015580675], [117.401509285816, 4.09555393209178], [117.415545117999, 4.08916407200702], [117.471100204763, 4.07610909013669], [117.545536199035, 4.02000012720947], [117.623872292865, 3.94694496767072], [117.564154250058, 3.93458216336654], [117.549145278914, 3.93666422812112], [117.535263338474, 3.93666422812112], [117.52255419393, 3.93166408758697], [117.61873619786, 3.87645399995858], [117.640972381219, 3.87305396474499], [117.662772370335, 3.87527315743597], [117.676654143136, 3.87527315743597], [117.694972289663, 3.87305396474499], [117.70901818013, 3.86666410466039], [117.782209294138, 3.78889110708712], [117.784382386362, 3.77402697523041], [117.770072298306, 3.73671811826391], [117.790900321927, 3.73282707116091], [117.831372341523, 3.71819109470931], [117.829436289522, 3.70430915426949], [117.760272344724, 3.63916416441748], [117.750545146062, 3.63528216976999], [117.698591260188, 3.62694502593421], [117.515545246475, 3.6138910498924], [117.355818190375, 3.63666417796942], [117.176936138532, 3.64805401095021], [117.163882330129, 3.64750013478692], [117.071872334696, 3.64270903891844], [117.051572370977, 3.63381801891927], [117.031382377828, 3.60069106109671], [117.054427247206, 3.60444498026333], [117.081100307204, 3.61194493960761], [117.097491286547, 3.61610906911688], [117.108600325771, 3.61860905556494], [117.124154120623, 3.62083595960678], [117.205263283307, 3.61347312819891], [117.208600286609, 3.59416407307572], [117.203327231306, 3.56847320449514], [117.203045264083, 3.55166413582003], [117.204991374368, 3.54000004696667], [117.212772295107, 3.52028212260545], [117.222763356082, 3.50305395877058], [117.237618267845, 3.48971801550498], [117.323327251367, 3.43583595661955], [117.351645176048, 3.44221810535327], [117.39595426329, 3.44458213733144], [117.442472317301, 3.43236417231468], [117.447745204966, 3.41694499082802], [117.443591301378, 3.38333607357151], [117.438872289877, 3.36778211108161], [117.43331827318, 3.35944496724573], [117.355818190375, 3.27666411778744], [117.311918307647, 3.2452821045727], [117.279500291197, 3.26263599695574], [117.262836229447, 3.25736411511981], [117.275400199428, 3.22000010523016], [117.345545162176, 3.17805404413786], [117.46192721754, 3.15778207597541], [117.618318276167, 3.08895391021985], [117.688727268866, 2.96798209230223], [117.672491354732, 2.87444508174497], [117.67165417024, 2.80110912844913], [117.718318237005, 2.79305395183696], [117.730818169245, 2.79083610025048], [117.762909291471, 2.77513595736872], [117.777209321242, 2.76221810343463], [117.789282279334, 2.74333602246065], [117.793872377163, 2.72389118050574], [117.794982308785, 2.68416414446624], [117.797209212827, 2.66555397243188], [117.800536157844, 2.64778215835554], [117.806091348009, 2.63278207202886], [117.810809186043, 2.6238910520297], [117.81638231348, 2.615554075832], [117.838882359151, 2.59028213477318], [117.877472306202, 2.55278217041387], [117.944427284231, 2.48889111328043], [117.955554260727, 2.47944504365153], [117.998027208255, 2.43971800761204], [118.054700273267, 2.373336016486], [118.091927155221, 2.31444493224911], [118.097627184672, 2.30180904553862], [118.096645160893, 2.27666417413247], [118.091927155221, 2.26778203895059], [118.073318324291, 2.2384732056733], [118.061100359274, 2.22333599141024], [117.939145176473, 2.11639112085788], [117.904709300647, 2.08083609331674], [117.84664517498, 2.10500011441063], [117.829291282597, 2.10416410338563], [117.842482386575, 2.08555393135128], [117.856172381431, 2.07906415898061], [117.868318262081, 2.03778211225961], [117.863600256408, 1.91110909142423], [117.871918289505, 1.87666416314289], [117.918454113151, 1.82347310835705], [118.051372322421, 1.73083597892707], [118.121372278244, 1.65971804485572], [118.1349913622, 1.64610901918399], [118.274700254166, 1.55971808401783], [118.287772335119, 1.55221812467345], [118.419982273569, 1.47750016317814], [118.450536154748, 1.39874497418816], [118.52692731176, 1.36319112011346], [118.541927230448, 1.36389117666864], [118.56121818066, 1.36860901470317], [118.576391269469, 1.36639116311669], [118.595545259383, 1.35833598650458], [118.716927287643, 1.25500002819358], [118.774991245672, 1.20347311646884], [118.783600298448, 1.18805393498218], [118.78054526237, 1.17819111712629], [118.795536296241, 1.15000009445941], [118.839427294152, 1.09805391993684], [118.906918211071, 1.07083603623141], [118.9224912843, 1.07250001165449], [118.953872291687, 1.06305394202536], [118.994427292124, 1.04860907296665], [119.005254196486, 1.03916417680419], [119.004818169881, 0.99498215921449], [119.009018173936, 0.98389105726368], [119.001927251468, 0.967082156226751], [118.976645252126, 0.937500072905138], [118.945536153679, 0.906664224502998], [118.934709249317, 0.897217987235925], [118.816936133298, 0.809445043870352], [118.808027176026, 0.804164109578877], [118.794563324918, 0.800282114931401], [118.777209264897, 0.801245027970829], [118.760682331084, 0.808891167706913], [118.743591295185, 0.819164195905555], [118.693172303425, 0.840691102615033], [118.676654254429, 0.844718104187901], [118.660536189854, 0.844445021781652], [118.645545155983, 0.842364130493535], [118.504991368174, 0.828609092068122], [118.343872413229, 0.84305396112688], [118.187763321825, 0.871945040348851], [118.165818325784, 0.877218095651112], [118.129436172036, 0.88889106932197], [118.110263406659, 0.897217987235925], [118.097209262979, 0.90471811421831], [118.07138227229, 0.919718032906818], [118.063027191181, 0.92528210788822], [118.030818219397, 0.961664093999111], [118.025272416965, 0.976664180325713], [118.015000226956, 1.00750002872786], [117.99941826891, 1.05333596345667], [117.992200276789, 1.06680903465848], [117.953472363611, 1.1000000302215], [117.906782312946, 1.12298203532634], [117.893054264249, 1.11778207021986], [117.888318321304, 1.10471803589405], [117.891372351553, 1.09208214918372], [117.900545171138, 1.07750015218863], [117.931372302361, 1.03278219570848], [117.985527276014, 0.936391147111795], [118.029845248074, 0.853745078657023], [118.033600340707, 0.840282065739006], [118.036372403733, 0.822500025740661], [118.034991233724, 0.810282060723858], [118.030818219397, 0.800554023871199], [118.021927199398, 0.788891108484159], [118.013045231854, 0.784164217994255], [118.000000308268, 0.784718094157529], [117.980191356438, 0.790553910440737], [117.959572377483, 0.809582171806746], [117.948582361285, 0.822500025740661], [117.936918272431, 0.83139104573984], [117.927200293862, 0.835554001782486], [117.916382274318, 0.838335955454344], [117.903318239992, 0.837500112067288], [117.834718229642, 0.818336063869531], [117.811509242598, 0.807500107052013], [117.796372363612, 0.795000007173424], [117.742200290875, 0.739718002815767], [117.734154166719, 0.727218070575361], [117.721091305859, 0.695000046335613], [117.721091305859, 0.670282149078442], [117.721645182023, 0.653891169734997], [117.720545141047, 0.641664152262517], [117.621645221185, 0.436664090052546], [117.569300235708, 0.398054026433542], [117.558591348543, 0.377782058270952], [117.522491329656, 0.297500021794122], [117.481372394771, 0.175000015285379], [117.467482240066, 0.103608998807714], [117.473600358849, 0.075553930610803], [117.492754181125, 0.0316641061668264], [117.505827267906, 0.024164146822547], [117.519991343208, 0.00736413060297306], [117.528809273011, -0.0327820005963475], [117.51749135676, -0.0574998978536967], [117.505254113365, -0.0724999841803618], [117.494136189325, -0.0819460538093037], [117.481509187431, -0.0968088445615698], [117.460682337277, -0.147781880122756], [117.459991333177, -0.164163974648821], [117.461382226194, -0.176663906889304], [117.443591301378, -0.217782003583577], [117.435400337935, -0.240281881616466], [117.433872316981, -0.256108926512641], [117.436100226852, -0.267781900183486], [117.465554234692, -0.334164058947415], [117.471100204763, -0.342499861678788], [117.455836256124, -0.434164019785455], [117.444782369823, -0.523972927438027], [117.511382290432, -0.481663929937225], [117.526382376759, -0.469163997696806], [117.593600211272, -0.426664060441176], [117.608036195513, -0.420554994113626], [117.619709336822, -0.418608883829002], [117.631354147298, -0.424026946056654], [117.635818181304, -0.439445959905186], [117.577209231928, -0.637781906157957], [117.574436163074, -0.648608978157941], [117.613600270494, -0.7391640428333], [117.621645221185, -0.751390892667598], [117.62526335352, -0.761946055727772], [117.623454203533, -0.777217883356167], [117.615263407727, -0.789582028764812], [117.453872376204, -0.861946016565761], [117.330554128305, -0.854999933384819], [117.290009186151, -0.806390929801766], [117.265854217513, -0.821645993623517], [117.257763333993, -0.868054915255129], [117.177754212285, -0.962499853567012], [117.144709229475, -1.0049999584607], [117.128309197677, -1.02971785571793], [117.073609232677, -1.11278201350455], [117.030272278568, -1.18999996144782], [117.026382237293, -1.19944603107689], [117.01999137138, -1.20721789936097], [117.004436235424, -1.2188908730318], [116.995527278152, -1.22360887870434], [116.923600322784, -1.25444606821105], [116.885818223563, -1.26471792294319], [116.826936191781, -1.27694594624388], [116.816936245988, -1.27389091016597], [116.740954125853, -1.10118196239148], [116.743172312715, -1.07833591175655], [116.751800308592, -1.05097302112581], [116.758882346243, -1.03583580686285], [116.754154114648, -1.02423592338784], [116.740254236935, -1.02791792582507], [116.732209286245, -1.04055498600189], [116.728318239142, -1.05028201702608], [116.718600260574, -1.08194599746424], [116.712491361884, -1.10305498248027], [116.710272336831, -1.11805506880694], [116.712763438462, -1.13416391328872], [116.726100219918, -1.15097298196372], [116.745245157376, -1.16610885512211], [116.753600238485, -1.17486392065143], [116.787482238147, -1.25139086449509], [116.76526332151, -1.34889100652293], [116.761109250285, -1.35916403472147], [116.755545175303, -1.36749983745273], [116.742482314444, -1.37499996443513], [116.684982290862, -1.39360896300304], [116.642491238423, -1.40583581283722], [116.625672279103, -1.4130549784244], [116.614436170226, -1.4188909623456], [116.593872344195, -1.43249998801729], [116.558318322482, -1.45860894592951], [116.539009267359, -1.47375504500986], [116.531791275238, -1.48360897804855], [116.531100271138, -1.50278191106373], [116.536927202604, -1.52778194318268], [116.54248222513, -1.54278202950923], [116.548027189372, -1.55110894742319], [116.561100276153, -1.5641639292935], [116.564991323256, -1.57360882545601], [116.563718279799, -1.58944592863606], [116.558872366283, -1.60166406129093], [116.550536228276, -1.61471786969474], [116.539700271458, -1.62444607418543], [116.522491218363, -1.63471792891755], [116.402772327335, -1.67916397645798], [116.306636256234, -1.72639097184162], [116.223936208323, -1.77902680935945], [116.230672408647, -1.79694597729417], [116.246372383891, -1.80860889268121], [116.261445225137, -1.81236398531422], [116.284709197466, -1.81069095743578], [116.301936187834, -1.80389088700861], [116.310254220931, -1.79833586448262], [116.323882357342, -1.7847179539935], [116.336109207176, -1.77639086844148], [116.383327150104, -1.76610895542552], [116.399572284332, -1.76583587301933], [116.425263320551, -1.77083584591549], [116.44545415189, -1.78319093886865], [116.460272350918, -1.91347303958334], [116.458036226782, -2.04499985292312], [116.454018277665, -2.0544460901902], [116.435527296294, -2.07360896492157], [116.419145201768, -2.08110892426583], [116.372482308469, -2.09610884295438], [116.32720930236, -2.14749996784724], [116.406509315058, -2.2116639397487], [116.417482232173, -2.21375505695875], [116.434982304948, -2.20721784301595], [116.463609186581, -2.18805496828464], [116.486927306004, -2.17694592906094], [116.50186335459, -2.17159089874532], [116.518600338898, -2.16749985943193], [116.52998229289, -2.16944596971672], [116.603954265, -2.18986395063302], [116.605554202683, -2.21055501395551], [116.604154257211, -2.22971788868683], [116.597209179858, -2.27083581774298], [116.59526340485, -2.27555499688203], [116.568600235498, -2.35916397837645], [116.565809229371, -2.3702819024175], [116.551936173748, -2.43860883036177], [116.547209283258, -2.48166398488519], [116.541091332113, -2.50305493712484], [116.534145248932, -2.52360887251108], [116.528054119878, -2.53778200026801], [116.514718176612, -2.55528190540475], [116.504172401284, -2.56194602136203], [116.481291314293, -2.56305494715526], [116.471791265208, -2.55360887752618], [116.469709200453, -2.53513583342823], [116.464909219767, -2.51791789551521], [116.44442720111, -2.50221792027135], [116.434982304948, -2.49805496422867], [116.421227266523, -2.49471796092718], [116.306582276778, -2.51799098571103], [116.30379127065, -2.61236400729353], [116.362200227815, -2.66528197967307], [116.374418192832, -2.82610890911086], [116.373872363296, -2.8458358859274], [116.371091247815, -2.85694593097952], [116.354709320927, -2.8952819063639], [116.344436292728, -2.9123640574452], [116.291363422777, -2.9823640132679], [116.27442728445, -2.99999987287447], [116.262209319433, -3.00805504948659], [116.244982329064, -3.01486400473118], [116.231936232012, -3.01221783789133], [116.222491335849, -3.00458192407718], [116.218318321523, -2.99166390250509], [116.215554137486, -2.96694600524774], [116.215000261322, -2.95389085573948], [116.21220020274, -2.9361089833792], [116.206100356506, -2.92194608154398], [116.151091266916, -2.82610890911086], [116.139582243272, -2.81499986988724], [116.131927218718, -2.8233358402565], [116.109991275133, -2.92333580109441], [116.110809181247, -2.9361089833792], [116.121091261901, -2.97528197561713], [116.177754100992, -3.05666405306964], [116.21081819454, -3.08555496465364], [116.216382269522, -3.14278190582968], [116.206645180214, -3.14694603533883], [116.171654254758, -3.16555503390668], [116.099272329684, -3.26516406277949], [116.094145119497, -3.27416404752017], [116.089427281463, -3.28305506751935], [116.01138237495, -3.43166403194028], [116.00721824544, -3.44110892810278], [116.005827184786, -3.45360886034338], [116.004436291769, -3.48639098666831], [116.00249135495, -3.5047178503745], [115.997754238539, -3.53416397922627], [115.989436205442, -3.57389101526571], [115.983872298099, -3.58889093395425], [115.975809242498, -3.60110889897112], [115.966236270854, -3.60875503870716], [115.953872293084, -3.61360883121159], [115.942200325241, -3.61555494149628], [115.903054155093, -3.61749987831445], [115.883882227906, -3.61971789753897], [115.854427214238, -3.62528197252045], [115.839427295549, -3.63055502782283], [115.830672397658, -3.6358357944763], [115.813309285181, -3.65249985622592], [115.804427149999, -3.66416394507933], [115.783863323967, -3.68471788046548], [115.772772389655, -3.69416395009455], [115.761382389036, -3.70305497009373], [115.748872398512, -3.71139094046298], [115.73526337284, -3.71833585017749], [115.548027245717, -3.79833591943055], [115.37830929628, -3.86110883067715], [115.317209245274, -3.8830550001847], [115.286372391044, -3.8930549459771], [115.174700294725, -3.93889088070591], [115.023882363535, -4.00249997061553], [114.985527277411, -4.01889094995903], [114.937482375914, -4.03944605881162], [114.928036138646, -4.04360884721638], [114.909418255261, -4.05249986721538], [114.891663372629, -4.06194593684445], [114.799709200672, -4.1194459604268], [114.758736278541, -4.14680885105741], [114.709018181527, -4.17583588474929], [114.684709321145, -4.18250000070651], [114.637072283057, -4.18507290971252], [114.624418291436, -4.17471790650069], [114.616091373522, -4.16249994148382], [114.611363309566, -4.14694597899382], [114.608600298995, -4.12916393899549], [114.60803619691, -4.08194599606725], [114.60720923834, -3.90221787491608], [114.60720923834, -3.71749983915236], [114.60803619691, -3.70444603074856], [114.607618275217, -3.68083588581806], [114.601927298221, -3.655835853699], [114.593600212669, -3.63666392651232], [114.581382247652, -3.61499989186644], [114.522218248646, -3.53694593289805], [114.481091267135, -3.49860895168513], [114.471645197506, -3.50278196601176], [114.459991334574, -3.5047178503745], [114.438727284349, -3.50347297011144], [114.426936293481, -3.49805507552169], [114.374991292425, -3.46111787214306], [114.318882329498, -3.44194594495628], [114.303591223492, -3.43639092243023], [114.294709255948, -3.43166403194028], [114.270263435269, -3.41528193741419], [114.209718266254, -3.38583580856251], [114.102200241161, -3.35639085317717], [114.032209337794, -3.36194604334122], [113.873309240264, -3.44249998875778], [113.854982376557, -3.45139100875679], [113.824154239506, -3.46166403695548], [113.777482293752, -3.46999983968676], [113.748027280083, -3.4747178453593], [113.717209201316, -3.47805501629899], [113.682745162295, -3.47805501629899], [113.671100351819, -3.47610890601424], [113.656936276517, -3.46999983968676], [113.638318225494, -3.46110898732564], [113.616782266329, -3.44833580504099], [113.609563436018, -3.43847298718485], [113.609563436018, -3.42610884177628], [113.624691262549, -3.38999993807171], [113.634991280476, -3.35916392203147], [113.637772395958, -3.34805505044591], [113.641663443061, -3.31805504543069], [113.641663443061, -3.25639089233925], [113.639163288974, -3.23860885234093], [113.632754150512, -3.21749986732488], [113.626645251823, -3.20305499826621], [113.614991221253, -3.18055495259535], [113.605818234031, -3.17263589809102], [113.509427185434, -3.17499993006919], [113.475272271003, -3.18055495259535], [113.461791320812, -3.18778199717144], [113.44914520818, -3.20916406459361], [113.447200271362, -3.22083586479806], [113.446372306964, -3.23389101430643], [113.439282222686, -3.24375500562895], [113.365818193909, -3.26083581560567], [113.308027150648, -3.22971783234176], [113.244982330461, -3.18333590043864], [113.228582298663, -3.16541790597046], [113.135272270044, -3.0669459660856], [113.064700333147, -2.99389097418499], [113.034709212949, -2.98971795985834], [112.975536161488, -3.05389098421541], [112.949709338438, -3.08278189579926], [112.943172292133, -3.10013578818223], [112.943591219655, -3.11610884583216], [112.946927217128, -3.12721788505581], [112.95692716292, -3.14110887795113], [112.969154180393, -3.14944602178697], [112.951663327712, -3.20721795430894], [112.925536264888, -3.22166399683409], [112.833882332704, -3.275554940537], [112.809145157069, -3.29194608751852], [112.760118231792, -3.3252460478231], [112.692054160333, -3.37347300425829], [112.67886339163, -3.38778191884722], [112.673309207295, -3.39610883676103], [112.663036179096, -3.40639091741502], [112.651654225104, -3.41528193741419], [112.641936246536, -3.41916393206179], [112.55046336346, -3.44652682269253], [112.531663425137, -3.4447178403442], [112.506945192604, -3.42833591345618], [112.471363342972, -3.40221790308857], [112.46027240866, -3.39278189174332], [112.433591302035, -3.36444602978925], [112.417209207509, -3.35360889950538], [112.367754134617, -3.33444602477415], [112.332763376799, -3.32139087526582], [112.305545157818, -3.31471787449113], [112.293054110394, -3.3133358662917], [112.245818230193, -3.3138909159215], [112.22942725085, -3.31805504543069], [112.193036212284, -3.32971796081768], [112.182745246812, -3.3330549641192], [112.173863279269, -3.33778202224732], [112.161654199069, -3.34610894016118], [112.151382344337, -3.35639085317717], [112.078045217575, -3.42694602626773], [111.969709286368, -3.53083586074218], [111.948591248896, -3.55055495856977], [111.91360032344, -3.57055501779257], [111.902482231761, -3.57333579799781], [111.896382385527, -3.57389101526571], [111.889427249891, -3.57389101526571], [111.86748225385, -3.56833582510167], [111.805945170411, -3.53889086971624], [111.804427207741, -3.52471790959738], [111.812763345749, -3.50555503486601], [111.820263305093, -3.49249988535763], [111.832763404972, -3.45694603128294], [111.840963420871, -3.42749990243107], [111.843600199979, -3.40639091741502], [111.84304515035, -3.37971785741753], [111.841663309788, -3.36721792517721], [111.838882361945, -3.34944594346269], [111.831936278764, -3.30833589339551], [111.828600281291, -3.29139087025062], [111.825000253867, -3.27416404752017], [111.816091296595, -3.19416397826705], [111.816091296595, -3.14639098570899], [111.819718313747, -3.12916399534055], [111.825000253867, -3.11416390901395], [111.832354200457, -3.08375503476071], [111.832763404972, -3.0669459660856], [111.830554102926, -3.04166396674311], [111.825818159981, -3.02583591601854], [111.810809188837, -2.99916402948742], [111.802463327822, -2.98694606447066], [111.794145127087, -2.97444596459207], [111.764163394621, -2.92249995770749], [111.756654215183, -2.9094459816655], [111.751936209511, -2.90055496166643], [111.729145144161, -2.80721794331937], [111.731091254446, -2.7883358623452], [111.73803616416, -2.77471795185608], [111.751682237844, -2.74982688447864], [111.728591267997, -2.75471789263323], [111.71138238254, -2.77194605646821], [111.706645266128, -2.78083590300088], [111.702472419439, -2.79055505503619], [111.682482250863, -2.88416398232301], [111.70331832111, -2.93299091538927], [111.696918235104, -2.94652685086504], [111.58804519154, -3.00889089287365], [111.579163391634, -3.0136088985462], [111.559982244354, -3.0216639075203], [111.54720034489, -3.0241640616065], [111.537618320791, -3.01999993209727], [111.526927203261, -3.00666398883176], [111.51888225257, -2.987499940634], [111.509163435811, -2.96971790063572], [111.500263363357, -2.95805498524868], [111.485809274204, -2.94528197060197], [111.46748224286, -2.9361089833792], [111.451100315972, -2.93221793627617], [111.42693612724, -2.92860885639688], [111.335818301584, -2.92110889705254], [111.324154212731, -2.92333580109441], [111.304982285544, -2.93139097770666], [111.230272370676, -2.966390955618], [111.164291369799, -3.00305507659045], [111.148882246596, -3.01555500883092], [111.140545270398, -3.0211088578904], [111.071927155137, -3.06221790212925], [111.06302725032, -3.0669459660856], [111.03914519645, -3.07721782081779], [110.962491350592, -3.09639092147108], [110.950818209283, -3.09833585828926], [110.9238633497, -3.09778198212592], [110.906936263828, -3.09444598465279], [110.756791231827, -3.03416400739878], [110.751936265856, -3.02513585946332], [110.756100227727, -3.01221783789133], [110.766936184544, -2.99583591100332], [110.776091234494, -2.98416394316086], [110.793727261739, -2.96778201627285], [110.821109263109, -2.95389085573948], [110.831382291308, -2.95055502590441], [110.869709214237, -2.94110895627535], [110.879963299334, -2.93778201125764], [110.964709202178, -2.90236394401478], [110.967200303809, -2.89443583705503], [110.961109174754, -2.88854604131529], [110.933591218914, -2.88694593599463], [110.912072358832, -2.88930896214448], [110.802754236208, -2.94110895627535], [110.789700260166, -2.94860891561968], [110.779427231968, -2.95889099627369], [110.75139127451, -2.99221794630661], [110.734991242711, -3.0177819128728], [110.721509286692, -3.04541788590974], [110.704018266372, -3.06221790212925], [110.67942727113, -3.07860888147276], [110.666091327864, -3.08166391755065], [110.653318313217, -3.07721782081779], [110.641100348201, -3.06889090290395], [110.621645112686, -3.05389098421541], [110.62352718523, -3.04360890356141], [110.641445179698, -3.03270890900348], [110.64346337435, -3.01666393462415], [110.616927274651, -2.91971783639771], [110.613600329633, -2.9094459816655], [110.606645193997, -2.89583578252741], [110.596791260958, -2.88180883516208], [110.586109195884, -2.87528201477927], [110.56971821654, -2.87110883281462], [110.5510912807, -2.86916406363434], [110.537491307483, -2.86916406363434], [110.508045178632, -2.87389095412432], [110.487491243245, -2.88083586383886], [110.360809337593, -2.94916396524951], [110.352482252041, -2.954717814309], [110.329991258825, -2.97305507157529], [110.322218217075, -2.9794459374882], [110.305254250829, -2.99639096063318], [110.283245217047, -3.0136088985462], [110.261936239821, -3.00249985932254], [110.240818202349, -2.98278193496146], [110.231936234806, -2.97110896129057], [110.205836161711, -2.90139097269145], [110.211927290765, -2.88701785272406], [110.227763388117, -2.86166393665207], [110.246372386685, -2.81860894976655], [110.248318161693, -2.80694603437958], [110.247627157594, -2.79041792709978], [110.241363361333, -2.77944601581242], [110.227827258219, -2.76449990894253], [110.224991325091, -2.70971796892952], [110.196927204439, -2.50778199525281], [110.139972339841, -2.29694594912167], [110.136654112002, -2.28666403610567], [110.132472380496, -2.27694605753687], [110.124418209713, -2.26471786659818], [110.09790926738, -2.24652678972375], [110.094709224376, -2.23597296776802], [110.095545235401, -2.18389100641343], [110.096936128418, -2.17166398894109], [110.101645249274, -2.15583593821657], [110.111927162289, -2.13194600535724], [110.125118266268, -2.08666394679188], [110.127763427279, -2.06194604953454], [110.125809270367, -2.04694596320786], [110.114700231144, -2.01610894133932], [110.091372388713, -1.95639089853245], [110.085272374841, -1.94221793841359], [110.067763417249, -1.92528196772418], [110.045536286346, -1.91333591164711], [110.000000256114, -1.89458190615385], [109.966663415435, -1.88194601944344], [109.948863438164, -1.87221781495276], [109.936372390741, -1.86416397944522], [109.912491342699, -1.83999995835126], [109.903591270244, -1.82833586949772], [109.906436255828, -1.7891640507263], [109.914554129076, -1.7749999754247], [109.931082236356, -1.7674998484423], [109.94831827918, -1.76055493872787], [109.957209299179, -1.755835927227], [109.979709177212, -1.74083584090027], [109.991927142229, -1.72916404069582], [110.000000256114, -1.71732694936044], [110.013318262106, -1.69555495580142], [110.031936145492, -1.65944605209677], [110.036654151164, -1.64360894891671], [110.069445162307, -1.46555502911048], [110.070827170506, -1.39347300853303], [110.070263403697, -1.37694607471981], [110.068045216834, -1.36528198586626], [110.057745198907, -1.33389092019622], [110.051091308872, -1.3202818945245], [110.045536286346, -1.31194609179329], [110.031100302105, -1.29889094228492], [110.007218248234, -1.28166395191641], [109.918054244214, -1.18249983446549], [109.87220925703, -1.09139089362684], [109.729709191298, -0.953608833567833], [109.676927173388, -0.98375501897476], [109.650818215476, -0.973608892790651], [109.614436229365, -0.956390954877517], [109.590809320629, -0.912217822105392], [109.575400197426, -0.88986395682629], [109.559709274637, -0.87833582244259], [109.549991296069, -0.874163981582513], [109.469991226816, -0.851663935911632], [109.441782266876, -0.848890867057384], [109.423309222778, -0.8509729318119], [109.414009333541, -0.855972904708142], [109.411509179455, -0.865835890202158], [109.415818315889, -0.875555042237463], [109.420536153924, -0.891255017481113], [109.415818315889, -0.907081894739233], [109.407909319669, -0.913608882760228], [109.391791255093, -0.918054979493043], [109.376645156013, -0.916108869208304], [109.290263273302, -0.87833582244259], [109.279982366115, -0.868054915255129], [109.271518320265, -0.852635901406635], [109.26776339527, -0.839164003671163], [109.247209292245, -0.709164037818089], [109.247754115953, -0.689163978595386], [109.25054512208, -0.678335900766866], [109.258191261817, -0.669308926297909], [109.471918226361, -0.744717891892892], [109.477482301342, -0.743335883693377], [109.486927197505, -0.7391640428333], [109.514427216072, -0.726946077816421], [109.416791287212, -0.612781874039013], [109.40610033732, -0.605554997100855], [109.368736159793, -0.584717921024607], [109.357482281282, -0.582217934576544], [109.286927275829, -0.586390948903173], [109.275818236606, -0.589164017757486], [109.263600271589, -0.59402686271732], [109.166227199213, -0.558890930336013], [109.151091326055, -0.546663912863787], [109.141382232304, -0.535972962971649], [109.124418266058, -0.511663934952322], [109.120245251731, -0.502217865323418], [109.099718306073, -0.399164041874092], [109.046945172981, -0.261663949038683], [109.042636204184, -0.248890934391914], [109.044009327566, -0.237363973474766], [109.053309216803, -0.222499841618121], [109.062063276504, -0.214308878174046], [109.071654185421, -0.210135863847543], [109.111927218634, -0.204999936481397], [109.175809223312, -0.212217928602187], [109.194427274336, -0.199163952560185], [109.19103612394, -0.132772908978774], [109.178036127354, 0.0311090565369233], [109.165545247569, 0.106391120117551], [109.121645197203, 0.207218039524935], [109.116927191531, 0.216109059524101], [109.099154203988, 0.239444948582038], [109.078600268602, 0.260000057434746], [109.064145173621, 0.273609083106448], [109.053309216803, 0.283335946492669], [109.037072296841, 0.292845048033714], [109.006100326331, 0.297500021794122], [108.986100267108, 0.298336032819118], [108.973036232782, 0.297500021794122], [108.95247240675, 0.297500021794122], [108.934709309853, 0.300282143103971], [108.925809237399, 0.305282116000098], [108.918591245278, 0.315136049038756], [108.915818176424, 0.332218032481933], [108.920254214873, 0.351664215541349], [108.93663614176, 0.386664193452586], [108.946154128119, 0.406391170269256], [108.94692727487, 0.426391061853904], [108.931927188543, 0.608609111169453], [108.921654160345, 0.646391042752611], [108.888891312397, 0.7580539189775], [108.884718298071, 0.767782123468177], [108.87580917316, 0.779445038855039], [108.858600287703, 0.796391067828387], [108.845491326376, 0.810564195585466], [108.847345235726, 0.824864225356811], [108.853863338929, 0.835554001782486], [108.893872342192, 0.867364162612543], [108.909418258055, 0.867782084306052], [108.923727172644, 0.8705539796939], [108.943036227767, 0.88889106932197], [108.962200275965, 0.910836065363113], [108.970263331566, 0.923335997603545], [108.978591255308, 0.942500045801303], [108.984709206453, 0.963609030817272], [108.984709206453, 0.977218056489165], [108.982754211351, 0.995835939874336], [108.979982315963, 1.00666418534086], [108.974427293437, 1.02194506542463], [108.959991309196, 1.05555398268113], [108.958600248541, 1.17666410200144], [109.06499124293, 1.20139105171426], [109.081382222273, 1.20555400775692], [109.095836143787, 1.2116640799129], [109.158727239869, 1.25889107529644], [109.174427215113, 1.27750007386449], [109.263600271589, 1.3945821857835], [109.243591327549, 1.40500005326936], [109.23205414071, 1.3959730788003], [109.173863280666, 1.3241641406293], [109.165545247569, 1.31166420838872], [109.149718202673, 1.27944501068266], [109.13985421135, 1.26194493790791], [109.055454145832, 1.21798219090601], [108.981236248682, 1.21444502775608], [108.982063374889, 1.22610911660963], [108.986645258454, 1.2383359664439], [108.998272299295, 1.25833602566673], [109.009018234472, 1.27430908331661], [109.025272421155, 1.29583599002609], [109.040263287389, 1.32194494793833], [109.056091338113, 1.35416414564441], [109.060672383488, 1.36652711758659], [109.06276333306, 1.38166416421143], [109.06276333306, 1.4227820932677], [109.060809176148, 1.44110912461195], [109.058591324561, 1.45971812317981], [109.058027222476, 1.49333609289187], [109.059418283131, 1.51250014108962], [109.062191351985, 1.52333609790696], [109.066936179748, 1.53221806545081], [109.076936125541, 1.54639102556956], [109.09360018729, 1.56028218610312], [109.105263437953, 1.56916415364675], [109.146382372838, 1.59666417221382], [109.158863361977, 1.60500014258326], [109.171918176209, 1.61250010192748], [109.200545225481, 1.62471806694423], [109.209427193024, 1.63028214192581], [109.23345425382, 1.64736412536882], [109.263045221959, 1.6794450216722], [109.274700258357, 1.69528212485237], [109.282763313958, 1.7083361008942], [109.331382375825, 1.79110907136362], [109.334991288066, 1.81528214491305], [109.337200254835, 1.88805399612345], [109.439700202121, 1.95416407830987], [109.575891209315, 1.98868209678716], [109.648563315878, 2.07340905653022]]], [[[103.466382317368, -0.764454926993215], [103.469709262386, -0.780281971889454], [103.548872314786, -0.869026880750081], [103.651382320356, -0.948054984508242], [103.660263282071, -0.95305495740433], [103.731372331325, -0.991390932788881], [103.741091315722, -0.99555506229808], [103.84595412152, -1.02486406321362], [103.8611002206, -1.01249991780491], [103.881654155986, -0.998890892133211], [103.924700258054, -0.987217918462365], [103.935809297278, -0.984446023074377], [103.954991282748, -0.983054962419592], [103.966663418229, -0.985281866461496], [104.108318252842, -1.02694596033008], [104.118045116228, -1.0311089163729], [104.218600294334, -1.06999994138716], [104.231654102738, -1.06249998204294], [104.346100273739, -1.02610894347664], [104.359154249781, -1.02694596033008], [104.369427277979, -1.03028195780327], [104.377763415987, -1.03930893227233], [104.383045188469, -1.05083589318941], [104.412772278716, -1.13166392684053], [104.413309223435, -1.14471790288251], [104.407209209563, -1.15916394540768], [104.401654187037, -1.16749991577694], [104.395118314198, -1.19166393687096], [104.394709277322, -1.2152819607905], [104.400272346475, -1.23721790437607], [104.404982305521, -1.25305500755616], [104.409145261563, -1.26278187094232], [104.416654105725, -1.27569100769694], [104.431927274458, -1.29471792795829], [104.439972392786, -1.30721786019871], [104.446927193146, -1.32083593832602], [104.450272410713, -1.33110896652461], [104.455263331154, -1.35389097941908], [104.457209273801, -1.37221784312527], [104.457209273801, -1.39278200443345], [104.455836150418, -1.40499996945028], [104.450272410713, -1.42694597131964], [104.446927193146, -1.44416390923277], [104.445536132492, -1.45986405211455], [104.450272410713, -1.50666390571116], [104.45166330373, -1.51889092318351], [104.460536218818, -1.57166405627572], [104.46331817249, -1.58249984545518], [104.488591287015, -1.6394459928739], [104.501100271711, -1.66139098891506], [104.517491251055, -1.69278188694711], [104.529982298477, -1.72166391371361], [104.536100249622, -1.74278195118501], [104.538882370932, -1.76055493872787], [104.53942719464, -1.77360891476986], [104.537345129885, -1.78875501385011], [104.530200227961, -1.80389088700861], [104.5161001904, -1.81194606362072], [104.502491332366, -1.82583588304967], [104.493591259911, -1.8441639202224], [104.483318231713, -1.86833582030534], [104.480818245265, -1.89597296680875], [104.483318231713, -1.9105549638038], [104.489436182858, -1.92500000050059], [104.496927257385, -1.93471781143126], [104.509782247044, -1.92965497426103], [104.524018239075, -1.89597296680875], [104.529982298477, -1.87083580675334], [104.538109224181, -1.8602819847976], [104.561782233386, -1.86444594666881], [104.580554176152, -1.87639099691751], [104.625682342974, -1.91347303958334], [104.635691341222, -1.9273640324788], [104.755254161212, -2.00110885501261], [104.773882270519, -1.9988910034262], [104.787491296191, -1.9988910034262], [104.799145159123, -2.00110885501261], [104.82178233273, -2.01278199632163], [104.846363269689, -2.03583591815585], [104.862763301488, -2.06055498887958], [104.87109122523, -2.07971786361087], [104.876645241928, -2.11555502601373], [104.879436248055, -2.14694609168379], [104.878591352212, -2.15999990008771], [104.875809230903, -2.17083585690507], [104.869709217031, -2.18528189943026], [104.859991238462, -2.20305505461113], [104.724427197627, -2.38444597771911], [104.727482233705, -2.39860887955416], [104.725272261108, -2.46610884892874], [104.717482287913, -2.56528201883521], [104.710054245298, -2.57652684489057], [104.671100188372, -2.59389096319541], [104.651091244331, -2.60139092253972], [104.641663279613, -2.60555505204895], [104.624418184334, -2.61583579159838], [104.599154122264, -2.63180884924839], [104.580554176152, -2.64749993967473], [104.573609266437, -2.65499989901894], [104.561918187856, -2.67055503497545], [104.542763359751, -2.69944594655931], [104.538036133985, -2.71528187627292], [104.531791280826, -2.77139100683838], [104.545536260967, -2.76528194051095], [104.553854126426, -2.75625496604192], [104.559418201407, -2.74471794684087], [104.564700309165, -2.72278200325531], [104.577209293861, -2.69389092403333], [104.593182351511, -2.67236401732379], [104.611363370102, -2.6597179046916], [104.653054118423, -2.63305507061598], [104.686654150862, -2.61860886045277], [104.708036218284, -2.61249996176337], [104.724436250083, -2.60500000241904], [104.736645162644, -2.59333591356553], [104.741654187996, -2.5844460670329], [104.745818317505, -2.57471786254222], [104.763609242321, -2.49694603843546], [104.766936187338, -2.47971787460046], [104.768336132811, -2.4674999095836], [104.782763399873, -2.39555501694275], [104.852200259438, -2.29652685396168], [104.864972268257, -2.28875498567755], [104.885054134855, -2.28812684585188], [104.991091245291, -2.33305502046425], [105.011518278662, -2.34333592765188], [105.023882256433, -2.35499984886724], [105.029427220675, -2.36333581923663], [105.038736162368, -2.37125504137891], [105.102763341609, -2.37083577858084], [105.167763324536, -2.36249997584958], [105.182745138313, -2.35721786809171], [105.203600319301, -2.3502820108327], [105.225272400573, -2.34471793585125], [105.238309277533, -2.3441640596879], [105.249418316756, -2.34694601335957], [105.279427206589, -2.35860892874666], [105.314418299683, -2.37139099584874], [105.325545108541, -2.37499990809005], [105.345545167764, -2.37874594826774], [105.522218252837, -2.39833579714799], [105.606372393316, -2.39333582425184], [105.616236217, -2.39721781889933], [105.62552722142, -2.40860882534657], [105.629700235747, -2.41805506261363], [105.632472298773, -2.43236397720251], [105.631091296402, -2.44805506762868], [105.628309175092, -2.45916393921431], [105.623600221875, -2.47499986892792], [105.618045199349, -2.48999995525447], [105.609709228979, -2.50916400345233], [105.606936160125, -2.51999996026969], [105.605818181877, -2.53249989251027], [105.605818181877, -2.55305500136284], [105.606936160125, -2.56528201883521], [105.610527302732, -2.58221782188656], [105.618591364161, -2.60139092253972], [105.62608227105, -2.61444607204811], [105.636927280323, -2.63125497308505], [105.660954173481, -2.65528186624261], [105.68109136064, -2.66944594154421], [105.700272340282, -2.67749994468982], [105.716091338551, -2.6822179503625], [105.734418202257, -2.68444602787083], [105.759509261845, -2.6850729942301], [105.779300276402, -2.69416400643957], [105.789082292711, -2.71041785784667], [105.791363343848, -2.73028196259958], [105.789982341477, -2.77666406214076], [105.787200220167, -2.81499986988724], [105.787200220167, -2.82889086278254], [105.788591280822, -2.84805507861842], [105.791363343848, -2.85889086779777], [105.801654141681, -2.88278197412348], [105.808591340045, -2.89666391456342], [105.820263307887, -2.91221787705336], [105.837200284405, -2.92944604088831], [105.852482337955, -2.94166400590526], [105.864700302972, -2.94999997627451], [105.883882288443, -2.95805498524868], [105.894709192805, -2.96083593309199], [105.916782264327, -2.96305495814482], [105.939972308269, -2.95528191639436], [105.959982258137, -2.95139086929129], [105.97706340339, -2.95458202747728], [105.988872331531, -2.96028188929045], [106.001100187194, -2.96833589243619], [106.021236200886, -2.98305501736763], [106.034154222458, -2.99528186720193], [106.041509174877, -3.00402687444727], [106.049145256329, -3.01694606948577], [106.055254155019, -3.03139093854453], [106.077209209344, -3.21889092797982], [106.077082307329, -3.24139097365071], [106.070263293801, -3.2586089115638], [106.059982218975, -3.26889099221773], [106.046863367003, -3.27610898433847], [106.024427191434, -3.28721785592399], [106.006654203891, -3.29694606041466], [105.99413616674, -3.30499989592233], [105.978736263631, -3.31694595199946], [105.954436120429, -3.34055492346352], [105.931091346553, -3.36583591697769], [105.914982334434, -3.38402682621416], [105.898882374769, -3.40889090386328], [105.889972411669, -3.42749990243107], [105.882472284686, -3.44721782679227], [105.876918267989, -3.46249988034255], [105.823036209103, -3.64778201819132], [105.816091299389, -3.6749999018968], [105.814145189104, -3.69360890046465], [105.815263334991, -3.71278200111783], [105.819445234135, -3.72221784482503], [105.825000256661, -3.73055498866075], [105.842345264226, -3.74721787694398], [105.874982215988, -3.76944601367513], [105.923027285124, -3.78999994906126], [105.942054205385, -3.80499986774981], [105.952072256089, -3.81902681511508], [105.956645254836, -3.83860895264434], [105.95623621796, -3.85528189921144], [105.953045227412, -3.86916400728939], [105.944972281165, -3.88833593447617], [105.935254134958, -3.90610892201891], [105.892763417796, -3.96971784429067], [105.883327238813, -3.98749988428898], [105.863309242317, -4.02916397815762], [105.857209228445, -4.04360884721638], [105.852482337955, -4.05944595039636], [105.847491249876, -4.08194599606725], [105.835818276206, -4.13860883515799], [105.828327201679, -4.15833581197467], [105.816091299389, -4.20083591686836], [105.812763348543, -4.21778194584159], [105.809982233062, -4.24249984309893], [105.809982233062, -4.28360888733768], [105.81110021131, -4.29583590480997], [105.817491244861, -4.3169460632924], [105.823609196006, -4.33139093235122], [105.828327201679, -4.34028195235039], [105.859991349755, -4.38944600556328], [105.901718307898, -4.45680884700159], [105.904427171373, -4.47610884966924], [105.904427171373, -4.54860895957813], [105.89777227551, -4.67833584302492], [105.87970022166, -4.71666393942042], [105.866654124608, -4.77194594377812], [105.864700302972, -4.78360885916523], [105.86415413816, -4.79639092626734], [105.868045185262, -4.82528200548933], [105.875527207334, -4.85860895552208], [105.88720923346, -4.88805491673594], [105.87970022166, -4.99666393034937], [105.8586002891, -5.1461089057953], [105.817491244861, -5.54110894388879], [105.823609196006, -5.55889098388713], [105.831100270533, -5.57194596575744], [105.83471823523, -5.58194607918784], [105.836645234775, -5.59708195234629], [105.83471823523, -5.61889099391749], [105.831100270533, -5.63583584942422], [105.800263416302, -5.77444604151931], [105.794709231967, -5.79610890269875], [105.788036231192, -5.81666401155139], [105.779163316104, -5.83499992771306], [105.728872399825, -5.89826401848711], [105.623600221875, -5.81916399799945], [105.34109135968, -5.51389089254531], [105.290400291343, -5.44971786818843], [105.271936132062, -5.44416401912883], [105.259572321929, -5.4490268640887], [105.171509197075, -5.58791784994094], [105.193036271423, -5.68166390516398], [105.214082224527, -5.75860893833931], [105.214145256439, -5.77125505097149], [105.198027191864, -5.77916404719185], [105.141591334711, -5.79534598186957], [105.059418173235, -5.75055493519357], [104.976645202765, -5.70333581879885], [104.893600323356, -5.66999998394863], [104.783336219137, -5.60389090759081], [104.758609269424, -5.58749992824745], [104.740809292153, -5.5705550727406], [104.725272261108, -5.54528195821542], [104.717209205507, -5.53597301652274], [104.694972351596, -5.5151359404465], [104.68137237838, -5.50833587001933], [104.671100188372, -5.50499987254619], [104.659991316786, -5.50222680369182], [104.62164511548, -5.49278190752931], [104.609991252548, -5.49333578369266], [104.565536152552, -5.49944602348655], [104.554427280967, -5.50222680369182], [104.543172396627, -5.50805507626216], [104.532209202519, -5.5243089276692], [104.52610030383, -5.54471785613003], [104.540818255295, -5.58139086191995], [104.549145173209, -5.60055507775571], [104.557209234638, -5.61278192758999], [104.579163283135, -5.63860891827857], [104.596936270678, -5.66194598080295], [104.614154208591, -5.68555495226702], [104.6277634019, -5.70610888765321], [104.632754154703, -5.71499990765238], [104.679154191517, -5.79833580674062], [104.688872337724, -5.81583587951526], [104.692745112278, -5.82555503155056], [104.714300182182, -5.91805503304415], [104.707354099002, -5.9283359402317], [104.69220028857, -5.93389096275773], [104.686100274698, -5.9344460123876], [104.631927196134, -5.93389096275773], [104.579163283135, -5.93166405871585], [104.560772381688, -5.92974594398782], [104.555945243636, -5.8724998920725], [104.546372271993, -5.85139090705644], [104.537491310277, -5.83971793338566], [104.527209229623, -5.82944607865347], [104.441363285803, -5.75305492164166], [104.342754217982, -5.66583585443949], [104.307754240071, -5.62083593073572], [104.311100295828, -5.61069097801799], [104.308863333502, -5.59930885638818], [104.29970928938, -5.58471780693765], [104.266100204486, -5.54999996388795], [104.2338722896, -5.52749991821707], [104.173600202992, -5.48639087397816], [104.095263270972, -5.42916393280223], [104.009718237476, -5.33028195021303], [104.002691352749, -5.27076406725462], [103.904982333693, -5.12499992077938], [103.891100225615, -5.11139089510766], [103.719836150314, -4.96028194423855], [103.708327294308, -4.9550000041188], [103.696636215726, -4.95278198489421], [103.626645144721, -4.9316639474228], [103.611609183849, -4.91943592412213], [103.569718275679, -4.91333591025011], [103.552754141795, -4.90999991277694], [103.443036202388, -4.86083585956402], [103.404709279459, -4.833335840997], [103.354709215221, -4.79305492879416], [103.30720930507, -4.74721782059897], [103.294145103106, -4.73221790191042], [103.283863357728, -4.722217956118], [103.262772309985, -4.70221789689523], [103.229563377149, -4.67389091975855], [103.129154211797, -4.59583578732368], [103.101091264611, -4.57583589573897], [103.051654128992, -4.54305494288049], [103.023036132176, -4.5308358043971], [102.873600209185, -4.41999988674184], [102.853045267971, -4.3997178602955], [102.823609197403, -4.37360890238323], [102.721791201761, -4.28999992088877], [102.67137237764, -4.2508358134682], [102.643336252544, -4.23028187808205], [102.599427149722, -4.19860884518841], [102.551372357579, -4.16444605176856], [102.539145172468, -4.15583582552643], [102.493872333997, -4.12555502675418], [102.449418239829, -4.09499997210925], [102.337772295049, -4.014999902856], [102.326100327206, -4.00610888285684], [102.305118244205, -3.9859730368023], [102.289982371046, -3.96319085626966], [102.279427207986, -3.93555505087079], [102.277482271168, -3.92389096201725], [102.281372312442, -3.91444606585475], [102.269145127332, -3.81055505791381], [102.255945138536, -3.77727303488224], [102.241091232601, -3.68389092189596], [102.236636251051, -3.67125503518554], [102.221227295487, -3.6490268984545], [102.2081823719, -3.63805498716716], [102.112763288798, -3.57944603779174], [101.995818304816, -3.5083358150713], [101.869709218428, -3.42139100374174], [101.654427243201, -3.26666392053784], [101.634718203658, -3.25249984523623], [101.626918172179, -3.24610897932331], [101.609154237092, -3.22305505748904], [101.491363351438, -3.05944600674145], [101.485809167102, -3.0511088629056], [101.470263418878, -3.02583591601854], [101.461109207118, -3.00389091997738], [101.404427257288, -2.88971783138249], [101.322218221266, -2.73221784696233], [101.313872360251, -2.71999988194545], [101.299845245247, -2.70666393868004], [101.279709231555, -2.69249986337848], [101.259436257564, -2.68194604142275], [101.247482322498, -2.67694606852643], [101.19941831026, -2.65639095967389], [101.181091278916, -2.64749993967473], [101.140545163296, -2.61944604494425], [101.12469129631, -2.60778195609085], [101.109709314894, -2.59528202385037], [101.095263272369, -2.58166394572312], [101.085536241345, -2.57083586789463], [101.028872396425, -2.4974999145988], [101.020536258418, -2.48528194958192], [101.006463378223, -2.45711791664349], [100.916382226355, -2.33583580066948], [100.905545263709, -2.31944599479255], [100.838318209102, -2.18721795143114], [100.833182281737, -2.16847299839338], [100.832900314513, -2.14278196217471], [100.841663426669, -2.12778187584803], [100.864427167015, -2.10236392203558], [100.874691310396, -2.08528193859234], [100.881509318096, -2.06805494822391], [100.882754198359, -2.04555507019104], [100.882200322196, -1.99971796199583], [100.876082371051, -1.96471781644647], [100.869709274773, -1.93666392171594], [100.866382329755, -1.92639089351742], [100.856091196645, -1.9024999548297], [100.845836273358, -1.88528201691669], [100.741091317119, -1.73610895041042], [100.700000210153, -1.68110891327628], [100.688309299209, -1.66555495078626], [100.675809199331, -1.65028194969143], [100.658045264243, -1.63389097034804], [100.648882335304, -1.61930897335299], [100.606091210732, -1.49555503412552], [100.582763368301, -1.41749990169075], [100.585409199865, -1.3824999237794], [100.566936155767, -1.33583585701458], [100.560454094747, -1.32534607279928], [100.437482354726, -1.24139091870268], [100.38220018273, -1.11166403525585], [100.381927267962, -1.04555495889804], [100.350400247822, -0.955208938888521], [100.335272253653, -0.874163981582513], [100.331382212378, -0.864717911953457], [100.318882280138, -0.842635787976186], [100.29359122834, -0.806390929801766], [100.211927183663, -0.723335824470674], [100.176936258207, -0.696663937939615], [100.163309295263, -0.683054912267887], [100.12998234523, -0.642917833524002], [100.116091352335, -0.622781987469347], [100.109291281907, -0.605554997100855], [100.098327249609, -0.57889098955883], [100.088591333768, -0.561108949560499], [100.05026340501, -0.510281926752947], [100.013318155004, -0.471390901738697], [100.003054179261, -0.461108821084568], [99.9927541613343, -0.450835792886027], [99.9147002023659, -0.398608824606184], [99.8169361980254, -0.310690874315194], [99.8083182604323, -0.298608863768335], [99.7522002450496, -0.165555035303784], [99.7488541892925, -0.151946009631967], [99.7527633413065, -0.132217859348884], [99.7652542210916, -0.103335832582514], [99.7681541919602, -0.0890909557341092], [99.7652542210916, -0.074445926826918], [99.7597092568493, -0.0594460081384355], [99.7549723080754, -0.0505549881392567], [99.7435722491727, -0.0344459760194147], [99.6597092960114, 0.0530540525780792], [99.6358181896857, 0.0769449912656896], [99.6083181711186, 0.0975001001183975], [99.5905451835755, 0.107218078687137], [99.350536258637, 0.230553928582872], [99.3410911948362, 0.234718058092198], [99.3163722917506, 0.237218044540261], [99.3041541590956, 0.236109118747097], [99.2930451198719, 0.233336049892734], [99.2785911983579, 0.226945016341619], [99.2631822427932, 0.218473091502285], [99.2500001912703, 0.214717998869393], [99.2369272721272, 0.213891040299641], [99.2197091665761, 0.217500120179064], [99.1683361465942, 0.238609105195008], [99.1547272885606, 0.245554014909537], [99.1395912477641, 0.257917992680165], [99.1351451510312, 0.268473155740416], [99.1580542335783, 0.317500081016914], [99.1125002660731, 0.345282066807729], [99.1227722884432, 0.37326421244671], [99.1348633514458, 0.39221804251219], [99.1369452485622, 0.412782036182189], [99.1225002118654, 0.508053933063696], [99.1033361636677, 0.5847180048438], [99.0355542270694, 0.775835958975832], [99.0241722730777, 0.792082099032031], [98.9641722630473, 0.937500072905138], [98.8805723340083, 1.18278205314641], [98.838618226289, 1.31110899112082], [98.7886181620511, 1.41444494943199], [98.7255723360364, 1.51583597092474], [98.7208541627256, 1.52471810610643], [98.7038362170229, 1.55979117421377], [98.7141912202347, 1.56860910401701], [98.7250092397795, 1.5679180999172], [98.739454108838, 1.55902707991805], [98.744736216596, 1.54750011900092], [98.7511272501471, 1.53971802479504], [98.7619633746026, 1.53513597359221], [98.7730722461881, 1.54458204322133], [98.8222542366739, 1.62194499809005], [98.8244633710809, 1.64610901918399], [98.8240541665669, 1.66971799064804], [98.7707092200382, 1.74860913410792], [98.7465451989444, 1.77250007279576], [98.7265451397216, 1.78450899314685], [98.7116823489694, 1.78194496895832], [98.5549823333906, 1.9050000250968], [98.5380361367791, 1.9219450482418], [98.522754083229, 1.93444498048217], [98.5063632715236, 1.94528211076601], [98.4563633749237, 1.97750013500573], [98.4391362169171, 1.98778204802169], [98.2410723472422, 2.08694499200618], [98.1443632892381, 2.1570270904802], [98.1383092081958, 2.16250013799298], [98.1097002638355, 2.18166418619075], [98.087754094328, 2.19389103602487], [98.0472002673571, 2.21528215590262], [97.9485823147185, 2.26721810450339], [97.9369091734097, 2.26916421478802], [97.9252452521943, 2.26721810450339], [97.9158001883937, 2.26305397499425], [97.899136126644, 2.2519449357706], [97.8902541591004, 2.24721804528058], [97.8715633531572, 2.24028218802156], [97.7621912510765, 2.26583609630392], [97.7502542474549, 2.27083606920013], [97.6594091689288, 2.39583606215711], [97.6546913308943, 2.40471802970075], [97.6519182620401, 2.41583595374173], [97.6505272013852, 2.42805391875866], [97.648318234616, 2.48083610430626], [97.6490092387158, 2.49721803119439], [97.6505272013852, 2.51305396090788], [97.6505272013852, 2.59778209411747], [97.6505272013852, 2.62527306022917], [97.6491361407303, 2.63750007770142], [97.6374822777987, 2.72166410882578], [97.6305271421624, 2.76360899645157], [97.6249722872743, 2.78528208355276], [97.6107912805284, 2.83278216134278], [97.6019093129847, 2.85805393476334], [97.5969272773613, 2.86694495476251], [97.5854003164442, 2.87916409324577], [97.5741450968287, 2.88083594765788], [97.5551723236621, 2.87750011782276], [97.5391362341001, 2.8795821825775], [97.4483002080293, 2.9155539583457], [97.4202451398326, 2.92847315338404], [97.381909164448, 2.96528211364382], [97.3605182122084, 2.99221803012563], [97.3371912079679, 3.02416414542558], [97.3180362122256, 3.05305405118104], [97.3105181479704, 3.06610903305134], [97.3024633066344, 3.08527308124916], [97.2933092625127, 3.11721802308261], [97.2908002236093, 3.12833594712355], [97.2894091629544, 3.14055391214038], [97.2894091629544, 3.16110902099306], [97.2841451601075, 3.17986419995282], [97.2567822694768, 3.22430907402668], [97.2469092256987, 3.23152706614729], [97.2091361789331, 3.23971802959137], [97.1802541521666, 3.2452821045727], [97.1683092695559, 3.25450907125212], [97.0769181938556, 3.40110906111436], [97.0358002647994, 3.48389108403927], [97.0274632886016, 3.50305395877058], [97.0055362298335, 3.53610899986364], [96.8802452171976, 3.67750013980208], [96.8692723000818, 3.68721811837077], [96.7960823595397, 3.73694493256437], [96.7877541005213, 3.74250012272864], [96.7227452327774, 3.75139114272781], [96.6827362295144, 3.75139114272781], [96.6349823476956, 3.75139114272781], [96.6107913368733, 3.74805397178801], [96.5896912366747, 3.74194507309874], [96.5710912905623, 3.73916412525534], [96.5583003386428, 3.73833599321932], [96.5396913400748, 3.74055401244379], [96.5188633164541, 3.74624498943974], [96.4888633114389, 3.76360910774456], [96.4594093035981, 3.78971806565686], [96.4280272903836, 3.81971807067197], [96.4141361298501, 3.83333598116104], [96.3916451366345, 3.85889106290989], [96.3485913232156, 3.9194449491037], [96.3319272614659, 3.94416418746539], [96.3216361283565, 3.96194505399739], [96.3149723476753, 3.97555391203093], [96.2985822065221, 4.00028203521027], [96.2841361639969, 4.02000012720947], [96.2683092867389, 4.03860912577732], [96.1944092313577, 4.11639117580591], [96.1856633859219, 4.12500006094348], [96.1749722683918, 4.13139109449457], [96.1580181927915, 4.13833600420905], [96.1416451507209, 4.13889105383878], [96.0949723667767, 4.17194508910357], [96.0660724027375, 4.19777308562055], [96.0208092872732, 4.21416423260195], [96.0091361459644, 4.22305391149666], [95.9417634138803, 4.28360913879481], [95.9038542450066, 4.33166409857655], [95.8283093249417, 4.42055401436244], [95.6638634249787, 4.57360907551617], [95.6447002149713, 4.58860899420465], [95.5885823672266, 4.63360908554659], [95.5310823436442, 4.6827731387595], [95.4227452389707, 4.84666415673058], [95.2835823441787, 5.11832700382376], [95.2985822628672, 5.14305395353641], [95.3034451078271, 5.15700915181037], [95.2999723176938, 5.17444501920647], [95.2321912192858, 5.28305403282007], [95.254700317412, 5.39278219814861], [95.2555361607991, 5.40583600655242], [95.2522003309639, 5.416109034751], [95.2396822938127, 5.45277315572348], [95.2238632955436, 5.47944504225456], [95.2335822799406, 5.57013606139969], [95.2832361715764, 5.56944505730007], [95.340527150493, 5.60971809051381], [95.4088632985308, 5.65055405234642], [95.419418293953, 5.65389105564786], [95.4321913085997, 5.65471801421756], [95.5980182109337, 5.62944506733032], [95.6091272501573, 5.62666411948707], [95.7385723340186, 5.58527310802458], [95.8330362154316, 5.53610905481166], [95.8881723746738, 5.5031271039145], [95.8949722774629, 5.48347321729375], [95.8928912185367, 5.46513596002751], [95.8969182201096, 5.45347321227866], [95.9091361851263, 5.43860908042188], [95.9324633570049, 5.41389118316454], [95.9674723873719, 5.38055400720986], [96.0585823340389, 5.30750002113761], [96.0708182363287, 5.29944501216347], [96.1044182687677, 5.28500014310476], [96.1196912698624, 5.27944495294065], [96.3477452539067, 5.22277306139456], [96.4019181648333, 5.2152731020501], [96.4141361298501, 5.21416417625699], [96.5607912726354, 5.20721809307616], [96.5813633129325, 5.20721809307616], [96.6533092114018, 5.2180540498935], [96.6916361343309, 5.22777320192871], [96.7199723315612, 5.24055392792637], [96.7335823630612, 5.24750001110719], [96.753582254646, 5.25694507490777], [96.7630271508086, 5.26110903677892], [96.7780272371351, 5.26666422694314], [96.8088542007199, 5.27694496649257], [96.8205271743907, 5.27889107677725], [96.8410822832434, 5.27889107677725], [96.9810823625269, 5.27055393294147], [97.0458002105917, 5.26347306875709], [97.0988633575346, 5.24471805743553], [97.1274541969842, 5.23250009241872], [97.1399724017735, 5.22416412204928], [97.149700270988, 5.21333604422096], [97.1535822656356, 5.20389114805833], [97.1581633110099, 5.18430901052908], [97.168018249877, 5.16347310791922], [97.1802541521666, 5.15528214447523], [97.1905182955479, 5.15194497353559], [97.2035823298735, 5.15110913014877], [97.2227452046048, 5.15250002316548], [97.2399633101559, 5.15610910304491], [97.2605271361879, 5.16277321900214], [97.381909164448, 5.20583608487669], [97.4305272204865, 5.22555400923773], [97.4488540841928, 5.23444502923688], [97.4874723620771, 5.25083600858034], [97.5017822824943, 5.25360907743471], [97.5148272060807, 5.24944494792555], [97.5491361798924, 5.2152731020501], [97.5655182744185, 5.19777319691355], [97.5819271910347, 5.17305395855174], [97.6052362580023, 5.14166423398614], [97.6285723146984, 5.11028205313345], [97.648318234616, 5.08916418330015], [97.6841272338242, 5.05500004877576], [97.7758002767483, 4.98889114005602], [97.8999823635911, 4.90083606182884], [97.9130272871773, 4.8863910251319], [97.922472350978, 4.87194498260687], [97.9458001934088, 4.82694505890311], [97.9541452162336, 4.80777313171633], [97.9644182444322, 4.78389107784601], [97.9674722746817, 4.77000008495064], [97.9670541853502, 4.75736419824016], [97.9649823465174, 4.74221809916002], [97.9733002119759, 4.69583599961862], [97.9760722750017, 4.68500004280127], [98.0172002623418, 4.5511090298453], [98.0646912876763, 4.5569450137665], [98.1205092309247, 4.53610911115669], [98.1576092108635, 4.51833595597583], [98.1966271378922, 4.48889116822841], [98.2767822723546, 4.42680909344365], [98.2816451173144, 4.41083603579358], [98.2851003054511, 4.34944496510836], [98.2644182945839, 4.31194500074889], [98.2652541379709, 4.19360912374924], [98.2705183084559, 4.14250013371821], [98.3835913560751, 4.08444506050614], [98.3980271726783, 4.07833599417863], [98.4699724005954, 4.04750014577649], [98.534409287265, 4.00916417039195], [98.5516362776335, 3.99889114219331], [98.6291361928004, 3.92583598265464], [98.6969182970369, 3.8430539597299], [98.7038541542959, 3.80889116630993], [98.7102542403023, 3.79486421894472], [98.7908182440028, 3.73833599321932], [98.8114451019467, 3.72471808273031], [98.8340003005405, 3.71305399387677], [98.8875271343686, 3.69110899783578], [98.90806330012, 3.68444504951656], [98.9305723982464, 3.67971799138855], [98.9628003131318, 3.67083602384469], [99.072509200083, 3.6288911362189], [99.2025002811187, 3.55389103986198], [99.2108271990325, 3.54833601733594], [99.2266723488396, 3.53666421713154], [99.2416722675281, 3.52444507864829], [99.2527911973975, 3.51471804762411], [99.5274822584784, 3.26778215024358], [99.5480361938646, 3.24721798893557], [99.5686001875346, 3.23360913090186], [99.5780452513352, 3.22944500139272], [99.618591199317, 3.215000132334], [99.6569182898843, 3.20555406270495], [99.7644182100664, 3.14471804164963], [99.9008003246531, 3.00778205089948], [99.9699723160778, 2.95389110719656], [99.9808092787236, 2.94374498101234], [99.9885722621904, 2.92444497834487], [99.9941272847164, 2.83000004003292], [99.9946912191637, 2.81000014844828], [99.9941272847164, 2.7969449989398], [99.9909361265305, 2.78291805157458], [99.9828182532824, 2.76895396848329], [99.9749722889741, 2.75471797645241], [99.9563632904061, 2.70471807985244], [99.955118242505, 2.69027321079374], [100.005191229301, 2.60110903913522], [100.019972380316, 2.60528205346184], [100.023145265953, 2.6288910249259], [100.009418223084, 2.6795820932636], [99.9998361989852, 2.68721800707775], [99.980045184428, 2.69471813406015], [99.976636264397, 2.7090270486488], [99.9880182183889, 2.71889103997142], [99.9974632821895, 2.72305399601424], [100.022200290186, 2.73278220050491], [100.033863373211, 2.73471808486761], [100.049754120572, 2.73013603366496], [100.06746340565, 2.71347314538171], [100.074982308096, 2.70055395034318], [100.076918192459, 2.68889103495632], [100.076372362922, 2.63471812402974], [100.077754203484, 2.62250015901298], [100.081918165355, 2.60610901203138], [100.088582281312, 2.58555407081683], [100.096918251681, 2.5663910284474], [100.121082272775, 2.52555406078642], [100.132945180373, 2.52687320471193], [100.133872386505, 2.54583608723289], [100.12967238245, 2.55528215686194], [100.126354154611, 2.56555401159402], [100.113300178569, 2.61416418864354], [100.112745128939, 2.62721799704736], [100.113863274826, 2.63971809692588], [100.118027236697, 2.65610907626932], [100.123582259223, 2.67110899495799], [100.13524517461, 2.68680913783976], [100.150254145755, 2.69916423079292], [100.169418193952, 2.70721806630058], [100.191491265474, 2.70944497034236], [100.205109175963, 2.70597318603752], [100.246836134106, 2.65340004515537], [100.284554195586, 2.57961800697142], [100.315509234652, 2.54920913271827], [100.323591233355, 2.53000015751934], [100.356627163708, 2.4327821503532], [100.367463288164, 2.38555398150299], [100.37301831069, 2.37055406281451], [100.385245160524, 2.34166415705885], [100.395518188723, 2.3177821031885], [100.405809321832, 2.30083607421539], [100.412191302928, 2.29305398000939], [100.428572391625, 2.27528216593299], [100.466082246631, 2.23694501708194], [100.483309236999, 2.22000016157517], [100.55190924735, 2.16527320684735], [100.571636224166, 2.15083604913945], [100.604691265259, 2.12889105309848], [100.613591337714, 2.12416416260846], [100.623863360084, 2.12055390926251], [100.638872331228, 2.1198640786294], [100.658863337996, 2.12736420561178], [100.671072250557, 2.12819116418131], [100.691645129044, 2.11721807942764], [100.69998227288, 2.11166423036803], [100.824282209282, 2.02721806438204], [100.850518236847, 1.99528217500409], [100.859700276525, 1.98360903369506], [100.87468225794, 1.95750007578294], [100.883591215212, 1.93916415962122], [100.888309220885, 1.92333594125853], [100.891082289739, 1.90555406889837], [100.891645218358, 1.89250009285638], [100.893863405221, 1.88083600400302], [100.904136265781, 1.8569450653152], [100.918582308306, 1.83694500609244], [100.92704518069, 1.82860903572315], [100.942463356348, 1.82055402674899], [100.949982258794, 1.86791798243092], [100.946618265764, 1.88166413603902], [100.894418287212, 2.02139113291621], [100.885518214758, 2.03986417701434], [100.873291197286, 2.05500005017274], [100.864272269444, 2.0630540533184], [100.821091218734, 2.10555399057409], [100.813582374572, 2.11860914008252], [100.801909233263, 2.14805392782978], [100.797736218937, 2.16444507481116], [100.795809219391, 2.1761089960267], [100.795245117306, 2.19250014300809], [100.797200280046, 2.21444497141107], [100.799972343072, 2.22555401063471], [100.808009247135, 2.24471805883252], [100.825382250258, 2.26847321068838], [100.841082225501, 2.2802821388292], [100.860791265045, 2.2877820981734], [100.883591215212, 2.29250010384595], [100.932191333978, 2.29860900253543], [101.057954247764, 2.28360908384678], [101.05580026628, 2.26958213648156], [101.050800293384, 2.25416412846157], [101.055527183874, 2.2383360777369], [101.063854101788, 2.2191641505501], [101.070936139439, 2.20930904404503], [101.194691252132, 2.12333603057244], [101.254436117029, 2.08639111584277], [101.270391237406, 2.07500010939553], [101.30164517514, 2.04471813715679], [101.313291326721, 2.02889109226061], [101.318036154484, 2.02000007226144], [101.323591344648, 2.00500015357277], [101.328309182682, 1.9816640968769], [101.329700243337, 1.96250004867916], [101.326772276912, 1.94110909643955], [101.325527229011, 1.92000011142341], [101.329700243337, 1.90360913208002], [101.33303624081, 1.89333610388144], [101.363863372033, 1.80083610238779], [101.371354111284, 1.78083604316498], [101.383872316073, 1.75221804634928], [101.400254242961, 1.72750014909196], [101.410518218704, 1.71721806843788], [101.429691319357, 1.70221798211139], [101.444118251143, 1.6961090834219], [101.535800178885, 1.65750002563122], [101.545518157454, 1.6536091461662], [101.575527214924, 1.64944501665712], [101.588582364433, 1.65000006628702], [101.60523620026, 1.65416419579612], [101.615518280914, 1.65750002563122], [101.631072411042, 1.66305404232882], [101.663300325928, 1.671945062328], [101.688018223185, 1.67471813118239], [101.708018282408, 1.67416408738075], [101.724409261751, 1.67000012550965], [101.758036116281, 1.65555391534638], [101.766918251462, 1.65083607731202], [101.783309230806, 1.63971798563289], [101.876354223646, 1.5550000783453], [101.98330932012, 1.46250007685169], [102.018863341833, 1.4355539344479], [102.035518183489, 1.42471797763055], [102.052463374272, 1.41444494943199], [102.084700341612, 1.39860901971825], [102.125936120228, 1.38166416421143], [102.135527196782, 1.37333607283118], [102.198572352245, 1.19528215302478], [102.198009255988, 1.15971807302809], [102.191645212165, 1.12471809511685], [102.187472365476, 1.10833600059077], [102.187472365476, 1.0944450076954], [102.188854206038, 1.08221799022317], [102.194409228564, 1.0602820466375], [102.201372410827, 1.0397180529675], [102.210800207907, 1.01500015571014], [102.221072397915, 0.997782050159164], [102.235518272803, 0.978054067514161], [102.425663423249, 0.79750016125967], [102.465263389636, 0.768335999631629], [102.491909292267, 0.753891130572859], [102.510245208429, 0.745000110573693], [102.519972407091, 0.740835981064367], [102.54524518634, 0.731944961065201], [102.562472344347, 0.728609131230082], [102.575527158579, 0.728053913962403], [102.605527163594, 0.731944961065201], [102.621900205665, 0.736109090574527], [102.71441831207, 0.740835981064367], [102.865245128077, 0.731391084901991], [102.881909189827, 0.727218070575361], [102.904972331754, 0.716391166213317], [102.917472263995, 0.708054022377603], [102.93245424541, 0.695000046335613], [102.958591198879, 0.666391101975416], [102.96803626268, 0.655282062751764], [102.976009296641, 0.643482187066513], [103.042736119264, 0.565553956646055], [103.066936182542, 0.536109001260684], [103.080545208214, 0.515554060046095], [103.08663616963, 0.501109023349384], [103.090809183957, 0.484718044005773], [103.090809183957, 0.471109018334058], [103.088445151979, 0.456245054115519], [103.081918163958, 0.445553936585376], [103.070827229645, 0.436109040422821], [103.047472397486, 0.425000001199183], [102.947454164099, 0.374445054969332], [102.774982256547, 0.28666406497677], [102.720809177983, 0.258608996779783], [102.593309198578, 0.186664104138908], [102.584972390018, 0.181109081612865], [102.571018197572, 0.176245063186402], [102.55413620634, 0.180554031982975], [102.530254152469, 0.197500060956247], [102.519972407091, 0.207782141610376], [102.509000328166, 0.224309075423663], [102.499000214736, 0.238336022788937], [102.488300212388, 0.245000138746085], [102.430309176916, 0.244509126856833], [102.523300190299, 0.177782136595241], [102.539963413859, 0.166664212554108], [102.558300335849, 0.157782077372233], [102.571363364346, 0.153745017515521], [102.587191247433, 0.152500137252502], [102.63080027812, 0.197500060956247], [102.644336213595, 0.209864206364893], [102.659127255256, 0.217500120179064], [102.674682223575, 0.222218125851613], [102.796627180454, 0.246945075564436], [102.819972289605, 0.251109037435592], [102.851636270043, 0.253891158745251], [102.872191211258, 0.253891158745251], [102.884409176275, 0.255282051762209], [102.904418287953, 0.262782178744417], [103.149700268194, 0.401664112141234], [103.162754244236, 0.409164071485513], [103.178445167024, 0.420973167264268], [103.195509213195, 0.445000060422], [103.199691279977, 0.454444956584542], [103.202472395458, 0.465553995808193], [103.206627137236, 0.475000065437084], [103.220172292805, 0.487218030453887], [103.34027239279, 0.533336100044439], [103.351091250525, 0.536109001260684], [103.367200262644, 0.536391136122291], [103.383736248913, 0.532364134549538], [103.404709279459, 0.522500143226909], [103.450545214188, 0.499718130332438], [103.475272331539, 0.483336035806347], [103.729427226868, 0.291391123104793], [103.739691202612, 0.281109042450676], [103.747191329594, 0.268054060580418], [103.751372390548, 0.258608996779783], [103.754700341394, 0.248335968581216], [103.75747240442, 0.223609018868394], [103.76360024621, 0.188609040957081], [103.770518166196, 0.154445074070841], [103.793027264323, 0.0536091022078042], [103.802745242892, 0.0288910373124633], [103.811627210435, 0.0105539476843808], [103.811182299013, -0.00349998940924632], [103.791963433169, -0.0136268372160716], [103.77467240506, -0.0169549557001598], [103.761627146197, -0.0174908945906562], [103.668545105346, -0.0230729068449626], [103.60273626876, -0.027217925614882], [103.586591214457, -0.0498549315840385], [103.580454152573, -0.10296401135651], [103.434709284475, -0.203891010688156], [103.422491319458, -0.212217928602187], [103.393600240236, -0.22444595190286], [103.377200208437, -0.228608907945493], [103.334718208454, -0.234163930471536], [103.311372261112, -0.238335771331727], [103.300536136657, -0.241108840185976], [103.286100320054, -0.247217906513475], [103.27234511399, -0.259581884284052], [103.318327229111, -0.264999946511807], [103.331936254782, -0.264999946511807], [103.353863313551, -0.262917881757226], [103.42580921202, -0.235554991126499], [103.478727184399, -0.215135836743696], [103.492891259701, -0.218335879746978], [103.498454161216, -0.22666397112732], [103.498600341608, -0.242217933617322], [103.444427263043, -0.325281923765718], [103.438872408155, -0.333608841679622], [103.416727252266, -0.35109097718151], [103.342363342362, -0.364099858584149], [103.436236131961, -0.375972992103479], [103.497209280953, -0.37944594987489], [103.573882237551, -0.412217850277899], [103.582209323102, -0.417781925259377], [103.597563293382, -0.434999863172383], [103.597754233137, -0.449308945399304], [103.586382337429, -0.461664038352463], [103.573882237551, -0.469999841083734], [103.522063300318, -0.503754938731965], [103.414991360113, -0.576663917878871], [103.360809229093, -0.702217954637262], [103.427200272675, -0.748890906219407], [103.466382317368, -0.764454926993215]]], [[[139.055818241737, -7.25028193590787], [139.096800216324, -7.24299990604663], [139.135636256053, -7.24399986709836], [139.16498230498, -7.24139091590872], [139.175809209342, -7.23889092946064], [139.184691344524, -7.22721795578974], [139.222472437917, -7.16249994008684], [139.175809209342, -7.18305504893943], [139.161500294754, -7.20278202575606], [139.129200295501, -7.21010898261823], [139.089691356583, -7.2117820104968], [139.042209216065, -7.21360893011803], [138.847472291408, -7.15389088731131], [138.760527312441, -7.11778198360674], [138.748836233859, -7.10889096360757], [138.581636208143, -6.9613909249798], [138.568709301754, -6.94708201039094], [138.563872440694, -6.93805503592188], [138.560809357989, -6.92416404302657], [138.562900307561, -6.90652684231554], [138.569972286928, -6.89666402445949], [138.588563348223, -6.88249994915788], [138.598018302669, -6.87833581964868], [138.64402723988, -6.87719101930981], [138.659000336478, -6.88189997252691], [138.699200279496, -6.89631785185737], [138.718600362088, -6.89937288793534], [138.728863332002, -6.89964597034146], [138.741336274515, -6.8974269452886], [138.75796345589, -6.88717302782937], [138.779036231084, -6.86804602764373], [138.805100261996, -6.85639987606312], [138.8874823005, -6.84555503442833], [138.909291342071, -6.84360892414361], [138.929691385714, -6.84694609508318], [138.965518322195, -6.85916406010006], [138.983291309738, -6.86874608419897], [138.997745231252, -6.88166393813289], [139.007200353337, -6.89249989495028], [139.023663417048, -6.91091795376333], [139.048309229938, -6.93333585678284], [139.072482303487, -6.95055496816235], [139.093563460584, -6.96333586179805], [139.107182376902, -6.97028194497898], [139.121609308688, -6.97639101130643], [139.136791282314, -6.97833578048664], [139.18664516616, -6.96757291386503], [139.172482264325, -6.95916402093792], [139.146363415767, -6.95805492750669], [139.129118320487, -6.95444601526539], [139.119691361598, -6.95055496816235], [139.088863392185, -6.93333585678284], [139.07441818785, -6.92360882575872], [139.047763400401, -6.89889092850138], [139.035282411262, -6.88480882821296], [139.017491318808, -6.86889092348617], [138.986636192029, -6.85166393311771], [138.972472284365, -6.84555503442833], [138.958009310396, -6.83944596810078], [138.937472306454, -6.83278201978158], [138.901091326171, -6.82805496165362], [138.882445279591, -6.82583593660076], [138.788027331008, -6.77833585881076], [138.690654258632, -6.72860887697903], [138.681918303843, -6.72055504147148], [138.678318276418, -6.71028201327283], [138.672763421531, -6.68860892617159], [138.666654187565, -6.65778196258673], [138.675536155109, -6.65028200324253], [138.689000341493, -6.64666403854574], [138.704954120766, -6.64694600576935], [138.676909278491, -6.60889099178007], [138.561100377668, -6.49249988396066], [138.495236220521, -6.43528199524007], [138.48162719485, -6.42166391711288], [138.463291278688, -6.39916403908006], [138.437745249394, -6.36305496773748], [138.408327283738, -6.29694605901767], [138.398036150628, -6.27305495269196], [138.39526341705, -6.26221782240804], [138.38998231512, -6.23360887804779], [138.388582369648, -6.22139091303099], [138.388582369648, -6.20778188735921], [138.39317229984, -6.19555503752498], [138.39317229984, -6.18458195277117], [138.365236254668, -6.10139089297024], [138.361082351081, -6.09194599680769], [138.32552732354, -6.0249999035965], [138.29605420496, -5.97278198777201], [138.297454150432, -5.85555503656565], [138.280245264974, -5.85194595668633], [138.21160921244, -5.83166393023992], [138.198545178115, -5.82416397089561], [138.186336265553, -5.81583587951526], [138.176054184899, -5.80555497232775], [138.167727266985, -5.79333583384437], [138.180118234484, -5.7680550079682], [138.191282258993, -5.75863592806753], [138.256345273831, -5.72194599083322], [138.351627228997, -5.68028189696464], [138.341309273797, -5.67139087696547], [138.314391294588, -5.67055503357836], [138.221309253736, -5.68486394816728], [138.208827258768, -5.68971790830972], [138.176972338575, -5.70599992291165], [138.16421826703, -5.71791781579389], [138.085909330566, -5.73986398530144], [138.07124519092, -5.73131796443801], [138.056882296874, -5.67055503357836], [138.05410922802, -5.6527818783975], [138.052736272276, -5.6269460028916], [138.052763429642, -5.59971789326421], [138.054691267378, -5.58139086191995], [138.065800306602, -5.51639087899343], [138.073300265946, -5.43805495280139], [138.073300265946, -5.42444609476773], [138.065245256972, -5.40895499655165], [138.043854137094, -5.44028202448135], [138.036372450299, -5.45999994884244], [137.948582407851, -5.42721782251744], [137.778045211195, -5.31471792943904], [137.75000036892, -5.28055496838119], [137.662754144352, -5.22389095582406], [137.608582406892, -5.20944608676529], [137.594972375392, -5.20278197080803], [137.574982374452, -5.18833592828286], [137.570254142858, -5.17666396044041], [137.57775426984, -5.16778199289667], [137.593563377464, -5.15555497542437], [137.51830930944, -5.15486397132457], [137.409145246197, -5.10583587258157], [137.364136270037, -5.07583586756647], [137.304409342413, -5.02999993283767], [137.268863367328, -4.98694595178063], [137.223709216605, -5.00555495034844], [137.210800247489, -5.01263581453277], [137.003600270965, -4.95416399309374], [136.822754171565, -4.93041789369324], [136.80816345739, -4.92083586959439], [136.799282328037, -4.90583578326771], [136.63161828016, -4.82805507434365], [136.52527238041, -4.77055505076134], [136.502072445822, -4.75625502098995], [136.3599542596, -4.68305502216389], [136.31637238628, -4.68305502216389], [136.258318318896, -4.68416394795713], [136.168309251395, -4.65028194829445], [136.035400262218, -4.59360888328184], [136.008236190331, -4.56950889992835], [135.99219138359, -4.54444600353537], [135.972200376822, -4.51639093533846], [135.963291251912, -4.51166404484849], [135.928318263729, -4.49860889534012], [135.897491300145, -4.4952819503224], [135.80109136673, -4.49194595284923], [135.765254204328, -4.49610890889205], [135.737182372324, -4.50083579938199], [135.724118337999, -4.5013910166499], [135.650272429712, -4.48916399917761], [135.639982302431, -4.48583588069346], [135.615536314113, -4.47569092797573], [135.521909281916, -4.45639092530804], [135.425536170592, -4.43666394849152], [135.376063328065, -4.44055499559442], [135.34191830428, -4.44333577579976], [135.329409319584, -4.44471795163724], [135.28637243761, -4.45152690688178], [135.265118278031, -4.46110893098068], [135.256100356017, -4.46583582147064], [135.24441832989, -4.46805501416157], [135.232182259963, -4.46666395350667], [135.204682241395, -4.45971787032574], [135.176636225654, -4.44694602914552], [135.085509347542, -4.40028196238074], [135.072482361229, -4.39278200303648], [134.962736258628, -4.32444602263673], [134.801227209907, -4.25610886877064], [134.740782288455, -4.21028198649726], [134.646227211935, -4.12555502675418], [134.641782288669, -4.11305492687569], [134.676363339058, -3.97583579543544], [134.683872350858, -3.9491639089045], [134.694972337626, -3.93971783927544], [134.708572310843, -3.93639089425773], [134.853300286445, -3.95416404943876], [134.883327281188, -3.9649998386181], [134.901091383913, -3.9752819192721], [134.913591316154, -3.98013587941456], [134.932063354424, -3.97860886428982], [134.969409259402, -3.95097289125279], [134.967609329509, -3.94110889993038], [134.900545219101, -3.92944598454329], [134.764982351733, -3.9186088542595], [134.707182256016, -3.91583578540519], [134.673036226403, -3.9151358964881], [134.62774528302, -3.94721796625783], [134.617463370004, -3.95819088337351], [134.609127231997, -3.98416405445385], [134.6062002714, -3.99819100181901], [134.597609323535, -4.01013588442977], [134.574400336491, -4.01778202416579], [134.521636255854, -4.02639090930336], [134.467472397384, -3.9477819007051], [134.433045238737, -3.91360888136331], [134.416654259393, -3.90763593714383], [134.366054218524, -3.89721790201976], [134.358582254737, -3.90749998267393], [134.348845165429, -3.94860885927461], [134.339963365523, -3.9916640137982], [134.303036220428, -4.01083594098499], [134.212054181604, -3.95999986572185], [134.182736295871, -3.93458191190945], [134.162472374335, -3.8930549459771], [134.165800325182, -3.862499891332], [134.189563356027, -3.84513594066533], [134.19245427444, -3.82874596715032], [134.175536241023, -3.79278190273294], [134.163863434991, -3.77694597301941], [134.141354169226, -3.75860888339121], [134.126691370684, -3.75229094003607], [134.034427235947, -3.79944601869033], [134.026091265577, -3.80499986774981], [133.924682306812, -3.75028196547739], [133.832400234801, -3.58902688842414], [133.800245242473, -3.60499994607403], [133.796218240901, -3.6144460157031], [133.795809204025, -3.62444596149544], [133.799991270807, -3.65471787545026], [133.804136289576, -3.67110885479377], [133.778591266112, -3.67721792112115], [133.743009248842, -3.66083582659524], [133.707454221301, -3.63194608847776], [133.64386340394, -3.50610891102936], [133.636791256935, -3.48902692758624], [133.635527265933, -3.47333583715994], [133.639982247483, -3.46069089799415], [133.658018259148, -3.44805501128378], [133.669127298372, -3.44528194242941], [133.692672399734, -3.42715507093357], [133.699127303387, -3.41305503337241], [133.699982257513, -3.40028201872571], [133.701754191849, -3.35128191553935], [133.694263452599, -3.29878203249138], [133.687500262546, -3.27678188352725], [133.688918312929, -3.25769092552542], [133.713009243827, -3.19278197006753], [133.782745169699, -3.13278196003728], [133.848572278833, -3.08805495110164], [133.860227315231, -3.08263588304556], [133.864409214375, -3.05610883580186], [133.862182310333, -3.00749999985669], [133.828854186834, -2.96166406512804], [133.731354212444, -3.05055498674227], [133.712191337713, -3.07249998278336], [133.66692721642, -3.12444598966795], [133.658872375084, -3.13666395468483], [133.654009194848, -3.14902692662696], [133.651918245276, -3.16069101548051], [133.640309309346, -3.29016392726038], [133.644809217897, -3.32249996869707], [133.644636215415, -3.36549997029745], [133.64290920808, -3.41112686036059], [133.605100286769, -3.4187909373694], [133.570009281389, -3.43830886952026], [133.543827233281, -3.46055494352425], [133.566300289223, -3.48180893546562], [133.589782358673, -3.53444594644992], [133.585509264422, -3.56833582510167], [133.573854228024, -3.58402691552783], [133.536100291998, -3.60944604280691], [133.488282372438, -3.64360883622675], [133.409972430146, -3.71610894613553], [133.399136305691, -3.73249992547903], [133.394854158985, -3.74986404378376], [133.406218343342, -3.80194600513841], [133.412472416594, -3.81291791642565], [133.441163335968, -3.83221791909335], [133.449127317473, -3.84471785133383], [133.452882242468, -3.85805496806575], [133.451082312576, -3.86930884657671], [133.312745202887, -4.01486394838611], [133.249009210962, -4.07097291131351], [133.237454254489, -4.07639097354126], [133.226345215265, -4.07916404239563], [133.19970920328, -4.07971791855896], [133.09692728877, -4.06889101419693], [133.067200366161, -4.06110891999101], [133.048309232731, -4.06208189131434], [133.028518218174, -4.07319093053798], [132.990782387059, -4.11749985014206], [132.983854241151, -4.11749985014206], [132.912200368189, -4.09791788025075], [132.900254144474, -4.08944595541158], [132.847472294202, -4.00999992995987], [132.815736229397, -3.93645493199824], [132.827100246115, -3.92736391978867], [132.818027171179, -3.89194602018387], [132.814700226161, -3.88166393952987], [132.78110036136, -3.79055499869116], [132.750827273939, -3.71833585017749], [132.783054182996, -3.63278193186477], [132.889163377799, -3.59444595648022], [132.919982294757, -3.57055501779257], [132.924972377007, -3.56499999526659], [132.927063326579, -3.55471791461253], [132.882463387296, -3.47097297864815], [132.867054264093, -3.46610896022186], [132.850036150753, -3.47458189088938], [132.822754229307, -3.45278190177373], [132.801418262352, -3.37159998416951], [132.807736205708, -3.35305502334205], [132.815245217507, -3.33986391936378], [132.821782263812, -3.32249996869707], [132.81900031014, -3.30541781761577], [132.796509316925, -3.27666403396825], [132.787754251396, -3.27139097866592], [132.76650931191, -3.26889099221773], [132.731918203236, -3.28278198511317], [132.7278724262, -3.29249996368186], [132.731082359849, -3.31249985526666], [132.730654212234, -3.33486394646764], [132.722200224668, -3.3433358713068], [132.709136190342, -3.34694595701461], [132.696627205646, -3.34278199514346], [132.663727229762, -3.32555500477503], [132.654972331871, -3.31749999580091], [132.596836289474, -3.23479089543384], [132.592472335392, -3.18528201072338], [132.556918313679, -3.11694603032368], [132.54662718057, -3.10666394966962], [132.46579126793, -3.04499996421623], [132.449982327945, -3.03333587536275], [132.315800295309, -2.95139086929129], [132.273318295327, -2.93889093705088], [132.261654206473, -2.93694600023264], [132.241054170619, -2.93694600023264], [132.190245252723, -2.93889093705088], [132.181363452817, -2.94389090994706], [132.092327189001, -2.96763583588109], [132.080382306391, -2.96736392694129], [131.956909328559, -2.78701789188625], [131.967472370608, -2.77471795185608], [132.128572382452, -2.69721786905104], [132.138309304122, -2.69333587440354], [132.149136208484, -2.69055492656014], [132.194972310851, -2.6802818983616], [132.20745413818, -2.67889100534479], [132.221072383946, -2.67889100534479], [132.317745232128, -2.6822179503625], [132.511109201041, -2.70013577719254], [132.572327269244, -2.71694601933405], [132.587736224809, -2.72555507210963], [132.61800931223, -2.74333593864147], [132.641918188191, -2.76028196761469], [132.647491315628, -2.76860888552863], [132.655545151135, -2.78083590300088], [132.665800242061, -2.79110893119953], [132.700254222798, -2.81249988343916], [132.710509313724, -2.81583588091218], [132.722745216013, -2.81721788911171], [132.7360724421, -2.81236392896927], [132.789982328904, -2.77333577601859], [132.832454270603, -2.74055499079816], [132.842527306591, -2.73047290235438], [132.89330923476, -2.66305507563119], [132.944700359652, -2.59471792176511], [132.968845270007, -2.55694604846587], [132.979963361686, -2.54097299081588], [133.018736201865, -2.49680891049917], [133.034700374698, -2.48528194958192], [133.079127311499, -2.46055499986926], [133.105809256314, -2.44610895734411], [133.157745204914, -2.42971781036261], [133.245800283142, -2.41749984534575], [133.300536290325, -2.44333588848975], [133.309418257869, -2.44805506762868], [133.385818299698, -2.52180894261812], [133.506100286982, -2.56583589499855], [133.547209331221, -2.56333590855047], [133.604672306791, -2.53860895883771], [133.648591300258, -2.5438908989575], [133.675245249517, -2.57541791909744], [133.678036255644, -2.58652679068291], [133.672482406584, -2.6391639693054], [133.678591305274, -2.71805494512728], [133.688236193647, -2.71215492346557], [133.693027289515, -2.69805505354253], [133.711636288083, -2.55166394070801], [133.709409216403, -2.53999985185448], [133.704682325913, -2.5276358740839], [133.70565412377, -2.51625492592053], [133.719700349512, -2.51333584431245], [133.730809221098, -2.51583583076053], [133.740800282073, -2.52319095081754], [133.748018274194, -2.53305494214005], [133.783600291463, -2.60028199674651], [133.803454170294, -2.65152694124754], [133.816372359504, -2.65916402852809], [133.822482264022, -2.5844460670329], [133.822482264022, -2.55694604846587], [133.820663391028, -2.54194596213922], [133.804136289576, -2.49528189537443], [133.781645296361, -2.48110893525548], [133.840518275687, -2.42499997232806], [133.860227315231, -2.41749984534575], [133.914427215886, -2.3894459506152], [133.955536260125, -2.32916397336135], [133.958309328979, -2.23471786158297], [133.956082257299, -2.22305494619593], [133.946972301989, -2.21055501395551], [133.924136309637, -2.27166394977899], [133.839145152305, -2.30028194659485], [133.821000343537, -2.29839987405057], [133.798036275705, -2.27499994725219], [133.788454251606, -2.25673578018183], [133.795254154395, -2.24471780737532], [133.809691312103, -2.23860890868598], [133.834963420799, -2.22971788868683], [133.912336266314, -2.19889092510198], [133.945818281556, -2.17097298484146], [133.934282268183, -2.10409998182614], [133.876063412583, -2.1141639653589], [133.76498224044, -2.17166398894109], [133.645809346587, -2.23721784803098], [133.542891309969, -2.24610886803016], [133.438445252399, -2.23902683037942], [133.419709351816, -2.22694599329896], [133.40054513598, -2.2188909843248], [133.297763389109, -2.20110894432645], [133.201354235601, -2.21375505695875], [133.088563322844, -2.2483357720721], [132.974118325309, -2.28471792582098], [132.963863402022, -2.2880549291225], [132.914982321861, -2.28694600332929], [132.900818246559, -2.28389096725136], [132.887209220887, -2.27694605753687], [132.874972312769, -2.26889088092474], [132.857182393782, -2.25916401753864], [132.833036309961, -2.24889098933999], [132.817745203955, -2.2479178503786], [132.792754224292, -2.25389096223609], [132.783054182996, -2.25778200933916], [132.769436272507, -2.26471786659818], [132.689972309782, -2.30860886450864], [132.679691234956, -2.30499995226739], [132.639163391886, -2.28389096725136], [132.628145212492, -2.27083581774298], [132.626063315376, -2.25583589905443], [132.621891306878, -2.23944609317749], [132.61578224055, -2.22499988301423], [132.601900300111, -2.20486403695957], [132.591918291591, -2.19416403461196], [132.574554173286, -2.18986395063302], [132.548036178498, -2.19555492762891], [132.531645199154, -2.19971788367161], [132.515254219811, -2.20389089799823], [132.46637230146, -2.21666391264485], [132.456082341817, -2.22028187734168], [132.441927318971, -2.22639094366913], [132.428863452283, -2.23389090301339], [132.404845276305, -2.25097288645657], [132.393036180526, -2.25999986092564], [132.376618211454, -2.26416399043479], [132.337463324127, -2.27305501043395], [132.321491272305, -2.273335804191], [132.29900027909, -2.2684729592312], [132.284145199689, -2.25916401753864], [132.270536174017, -2.24555499186682], [132.156100228938, -2.15166392971839], [132.144991357352, -2.14889086086408], [132.107327275328, -2.13319088562031], [132.041227251426, -2.08569097546853], [131.971618227568, -1.96749993775614], [131.936100248039, -1.88805491813293], [131.931227177157, -1.87583577964962], [131.927182238312, -1.81055500296589], [131.971363417711, -1.76236392107632], [131.956636246152, -1.70805505567995], [131.882445171092, -1.64221788826188], [131.805236275604, -1.60778201243575], [131.723018187127, -1.58194596929173], [131.71066342945, -1.57375500584779], [131.703854138929, -1.55999996742236], [131.705109245114, -1.5441640377087], [131.590791317232, -1.49083585498657], [131.576354159524, -1.48471790384178], [131.274063335228, -1.38423581593191], [131.274136257786, -1.39639091667472], [131.283600264688, -1.40721782103675], [131.298036248929, -1.42028202300053], [131.314418175817, -1.43110892736248], [131.330945277268, -1.43860888670679], [131.336363339496, -1.45028202801564], [131.33303622684, -1.46055505621421], [131.315245134386, -1.4777818789446], [131.300263320609, -1.48999984396154], [131.287754168275, -1.4983358143308], [131.207736161749, -1.52721784109731], [131.184963368948, -1.48749985751345], [131.177472294421, -1.4777818789446], [131.146091287035, -1.46471784461898], [131.111082256668, -1.45166403621506], [131.092318192891, -1.44874596043548], [131.049409218759, -1.45513582052008], [130.963591270496, -1.40305503263199], [131.011654276905, -1.3347178787659], [131.03510030417, -1.2748819864002], [131.059554171477, -1.24347298345725], [131.07469138574, -1.23618190114076], [131.099682365403, -1.23902688672451], [131.154972416388, -1.22916390123032], [131.165800326579, -1.22639100001414], [131.178863355076, -1.2188908730318], [131.184418209964, -1.21055507030055], [131.248836153532, -1.0969460837909], [131.252772295275, -1.08721787930028], [131.286091366318, -0.918335773250208], [131.281645269586, -0.906390890639616], [131.255554248946, -0.822781909145084], [131.419982379275, -0.761108871236274], [131.4302634541, -0.75778192621856], [131.513309339338, -0.734308909224357], [131.534909336243, -0.737499899772165], [131.538572395579, -0.749445955849247], [131.577754272634, -0.762499931891237], [131.774991351378, -0.72610889332491], [131.802463374388, -0.719445950834035], [131.833309281074, -0.709164037818089], [131.863282296361, -0.69805499859445], [131.873018212203, -0.693890869085239], [131.883882332215, -0.684445972922735], [131.890254255027, -0.669999930397527], [131.895809277553, -0.653399906388356], [131.918309323223, -0.622781987469347], [132.106336199094, -0.466526883312323], [132.160245247708, -0.432217909500704], [132.177182391864, -0.421946054768576], [132.19165425065, -0.415835814974689], [132.269718267903, -0.384163955547426], [132.422763438411, -0.346663991187999], [132.434145224765, -0.344445971963539], [132.562472330377, -0.354163950532215], [132.713145254642, -0.367081972104287], [132.743836263757, -0.387781920244217], [132.819427284289, -0.421946054768576], [132.873563314842, -0.443335833541723], [133.11468233904, -0.537081888764877], [133.160518273769, -0.537635932566269], [133.17303631092, -0.542499950992631], [133.253054149808, -0.606391008125966], [133.314700365627, -0.667781911173054], [133.327182360594, -0.683054912267887], [133.34911830418, -0.702781889084405], [133.374391251067, -0.719445950834035], [133.389436264395, -0.724717832670074], [133.402463418347, -0.728891014634785], [133.429963436914, -0.736390973979052], [133.453854207963, -0.739999886220228], [133.574963321455, -0.753890879115661], [133.750945234791, -0.756663947969961], [133.75651819459, -0.748335856589619], [133.755263423681, -0.72395491184091], [133.981354198358, -0.729999940427949], [133.993836193325, -0.734446037160751], [134.004972389915, -0.743890933323255], [134.111082255271, -0.835282009023622], [134.078854172748, -0.888472896171378], [134.06857242737, -0.895282019054032], [134.029500353246, -0.966945950299763], [134.097472391409, -1.10305498248027], [134.126909300167, -1.15236404261857], [134.158327187928, -1.18583583193861], [134.174682292725, -1.19694604462882], [134.186491388504, -1.20249989368829], [134.20495420668, -1.2216639418861], [134.213291350516, -1.23389095935835], [134.27930034695, -1.34930892821639], [134.280400220287, -1.36055492773829], [134.258454218418, -1.38319092787907], [134.244109261645, -1.39639091667472], [134.234818257225, -1.41097291366975], [134.231627266678, -1.42499986103496], [134.22467229868, -1.48528200592699], [134.223572425342, -1.53749992175131], [134.221145193813, -1.55721784611256], [134.160518217424, -1.61805504063442], [134.097318332028, -1.66471793393283], [134.088291357559, -1.67791792272834], [134.122591278915, -1.88389095626173], [134.14526332124, -1.93389085286157], [134.133027251312, -2.05166396888053], [134.15970031131, -2.31944599479255], [134.192745294119, -2.38305491706422], [134.200254138281, -2.39610889310609], [134.222882259432, -2.42833580216307], [134.241909347332, -2.43319093577202], [134.253600258275, -2.43860883036177], [134.319972358756, -2.50499987394318], [134.345518220411, -2.57555504703374], [134.376345183996, -2.65499989901894], [134.462891352009, -2.86129999441516], [134.481491298122, -2.86610885991837], [134.494963363495, -2.86249994767706], [134.507627245762, -2.85444594453134], [134.526382257084, -2.83569093320979], [134.523591250957, -2.8033357810337], [134.520809297285, -2.79249999185443], [134.512754120673, -2.77278189985515], [134.494109247559, -2.71583592007444], [134.474545214941, -2.62791796978343], [134.470245130962, -2.574864042934], [134.471618254344, -2.55916390005222], [134.476900362102, -2.5438908989575], [134.485791382101, -2.52555498279582], [134.540036209757, -2.46971792880821], [134.570800309068, -2.47639092958275], [134.624972381804, -2.50444599777978], [134.64207230252, -2.52159989795235], [134.651918188931, -2.53916400846754], [134.655245133949, -2.55639099883604], [134.657200296689, -2.57471786254222], [134.658018202803, -2.67416394721676], [134.658018202803, -2.73583581165911], [134.656645247059, -2.75471789263323], [134.657200296689, -2.78166403503702], [134.665527214603, -2.84444599873893], [134.698027206066, -2.97013582232916], [134.705245198187, -2.98013593575962], [134.724972342641, -2.99097289840541], [134.737727252377, -2.99139098773697], [134.751918317407, -2.98833578402099], [134.766082392709, -2.98221783287614], [134.804900327527, -2.95444607300737], [134.809418340989, -2.94166400590526], [134.810391312313, -2.92569094825529], [134.828509298991, -2.90444600876936], [134.846345150808, -2.90124596576613], [134.854691347099, -2.90680886728114], [134.860782308516, -2.93139097770666], [134.861354121952, -2.94444595957686], [134.850800299996, -3.01458186986952], [134.838291315301, -3.02249991854536], [134.828291369508, -3.02971791066596], [134.822482375315, -3.04083583470707], [134.812609331537, -3.12389094003812], [134.876618238229, -3.24889093299492], [134.887482358242, -3.2586089115638], [134.994945230412, -3.33652691606228], [135.004154259818, -3.34139093448863], [135.1177362566, -3.36860898583206], [135.333309251504, -3.39360885031301], [135.348018318152, -3.39194604835644], [135.461636189479, -3.36944600268555], [135.477445297103, -3.36444602978925], [135.491909276901, -3.35833578999536], [135.51666338398, -3.34194598411835], [135.531645197757, -3.32971796081768], [135.541927278412, -3.31944593844748], [135.5555451889, -3.30499989592233], [135.565245230196, -3.28721785592399], [135.570445195303, -3.27013587248088], [135.568572342852, -3.24694599617676], [135.57412719774, -3.23860885234093], [135.60565421788, -3.20180894453659], [135.633882288559, -3.18194601325018], [135.644136206018, -3.17860884231063], [135.704409298455, -3.16333584121582], [135.713345245455, -3.15868187328375], [135.766663369893, -3.11625502622389], [135.764909205192, -3.10110892714363], [135.740936291491, -3.08236397410576], [135.743991327569, -3.0704179180287], [135.764009324065, -3.05249992356043], [135.829682373818, -3.02305496817512], [135.877745212589, -3.00889089287365], [135.892209360025, -3.00249985932254], [135.907200226258, -2.99041784877557], [135.929154274754, -2.96097289339025], [135.936645181643, -2.94444595957686], [135.939418250497, -2.92666391957864], [135.938018305025, -2.91444595456176], [135.955172372836, -2.78597300383343], [136.026091320525, -2.70110891615389], [136.036100318773, -2.69721786905104], [136.049136189904, -2.69805505354253], [136.106627328669, -2.66860892469078], [136.168854242741, -2.64194609061515], [136.182736183181, -2.63499983979625], [136.220654236872, -2.61083581870225], [136.235509316273, -2.59805492506661], [136.248291383375, -2.58389101740301], [136.254700354199, -2.57610892319706], [136.265536311017, -2.55971794385369], [136.270263369145, -2.55083580867193], [136.279418251457, -2.53249989251027], [136.342191330342, -2.36666393772079], [136.344972445823, -2.34889095017787], [136.344972445823, -2.32833584132516], [136.338863379495, -2.31389097226657], [136.334691370997, -2.29749999292307], [136.334000366897, -2.28249990659652], [136.356627314583, -2.25389096223609], [136.409427269765, -2.21749992366996], [136.420536308989, -2.21471796999828], [136.482727180877, -2.21139085734251], [136.532745182388, -2.21416392619677], [136.53623624507, -2.23110894934167], [136.546491335996, -2.2379179045862], [136.601900242369, -2.25166405819437], [136.614409227064, -2.25305495121115], [136.667754173593, -2.25721790725385], [136.754000269472, -2.24979087046738], [136.769136310268, -2.23944609317749], [136.786927235084, -2.22971788868683], [136.838291370249, -2.20166399395634], [136.99133620548, -2.13389094217553], [137.066927226013, -2.11028197071142], [137.083036238133, -2.11055505311759], [137.098018219548, -2.11471784152225], [137.1131633128, -2.1169460866687], [137.17499124828, -2.10805506666953], [137.188154189064, -2.1041640195665], [137.233427195174, -2.074026886615], [137.235927181622, -2.05721781793999], [137.208163300742, -1.9679178594497], [137.198818316866, -1.952335901403], [137.182054175192, -1.94110884498235], [137.162400288571, -1.93520882332064], [137.133027249915, -1.90444606511431], [137.109682308402, -1.87444606009922], [137.113863369355, -1.81666390165526], [137.120791347626, -1.80305504362156], [137.131072422451, -1.79278201542303], [137.139982385552, -1.78805495729501], [137.191345179612, -1.76555507926218], [137.213291349119, -1.75999988909813], [137.263882337533, -1.74749995685766], [137.344972389478, -1.71194593514481], [137.489400292945, -1.63492680594533], [137.502182360047, -1.61513579138824], [137.514845236486, -1.60389096533288], [137.585236291912, -1.56805497639641], [137.604672416687, -1.55999996742236], [137.653318300645, -1.53999990819954], [137.679136238878, -1.52971782754549], [137.721072409324, -1.51416403269354], [137.751100242258, -1.50305499346985], [137.777191262897, -1.49471784963407], [137.845791273248, -1.47444604910965], [137.860109240292, -1.47166392779979], [137.875791278263, -1.47305498845464], [137.93150025677, -1.48944596779812], [137.943454191836, -1.5048639758183], [137.949982353323, -1.51555492571032], [137.978572354582, -1.54278202950923], [138.061018263189, -1.6069460014108], [138.36719124977, -1.71749995184247], [138.413882306263, -1.732499870531], [138.522218237471, -1.761390949753], [138.578309263125, -1.77221785411484], [138.607727228782, -1.77721782701115], [138.624972324062, -1.78055499795068], [138.643718282928, -1.78569092531682], [138.655818230748, -1.7908359051383], [138.673582333473, -1.80028197476736], [138.70859136384, -1.82028186635198], [138.720791391584, -1.82833586949772], [138.744109343369, -1.84694604153207], [138.756791330547, -1.86513577730205], [138.768036156603, -1.88471791483136], [138.77777240772, -1.89639088850221], [138.788027331008, -1.90639100193261], [138.816654212641, -1.93249995984479], [138.843563307032, -1.95389091208444], [138.853027313934, -1.95778195918747], [138.86413618552, -1.96055502804165], [138.882445279591, -1.96278193208361], [138.8990003766, -1.9620818755285], [138.914154187031, -1.95999997841194], [138.933318235228, -1.96139087142877], [138.9441183175, -1.96416394028308], [138.975800235211, -1.97360883644564], [139.008027311907, -1.98333586746976], [139.046354234836, -1.99971796199583], [139.351345205428, -2.13999984086491], [139.407472440904, -2.1661089664151], [139.42940922268, -2.1783358162494], [139.438291357862, -2.18333578914554], [139.585509261628, -2.26194597121032], [139.756382404964, -2.35166401903223], [139.780818334998, -2.36139088241835], [139.802763331039, -2.36666393772079], [139.832454211464, -2.37360884743522], [139.844700339675, -2.37499990809005], [139.884427208077, -2.37639096874499], [139.933872390323, -2.37083577858084], [140.031645279481, -2.35860892874666], [140.093291327662, -2.32833584132516], [140.105382390664, -2.32333586842907], [140.162336249434, -2.32666398691316], [140.167482402722, -2.33528192450615], [140.168854184999, -2.34749988952302], [140.172209293212, -2.35778197017703], [140.211972371435, -2.40715506805577], [140.322209318287, -2.4583358071783], [140.333863348857, -2.45916393921431], [140.375582260373, -2.44839989912634], [140.381209199628, -2.43249993167229], [140.477172435885, -2.43444604195696], [140.553863329756, -2.44278201232641], [140.631345140012, -2.45721782892956], [140.707454162162, -2.48389088892708], [140.72189131987, -2.48999995525447], [140.73274521396, -2.49666390357385], [140.741636233959, -2.50499987394318], [140.748563374039, -2.52902693473874], [140.743563401143, -2.5480550284667], [140.734127222159, -2.56583589499855], [140.706836248258, -2.59409984022319], [140.700454267163, -2.61471781334973], [140.711636228944, -2.62889094110677], [140.727172421799, -2.63708190455083], [140.736909343469, -2.63778196110594], [140.741636233959, -2.62889094110677], [140.775818305756, -2.62083593213271], [140.823854154799, -2.60971784045358], [140.967054277085, -2.604163991394], [141.002472344328, -2.60708189953561], [141.006100367309, -2.61389085478022], [141.006100367309, -4.90555498951056], [141.006100367309, -5.99999987147748], [141.006136241855, -6.33292688724141], [140.985509216272, -6.33305496272226], [140.967054277085, -6.33687291962934], [140.932191259472, -6.43444598421508], [140.928036182419, -6.45083579009207], [140.947191345799, -6.47069101002756], [140.951082392902, -6.48055500135007], [140.947209283072, -6.49999984330499], [140.893863330715, -6.60097294310424], [140.863009209764, -6.6313908698129], [140.85885413271, -6.6783358979729], [140.859409349978, -6.72860887697903], [140.871063380548, -6.78639086778498], [140.875245279692, -6.79610884635367], [140.902772287987, -6.85583594161591], [140.949400312568, -6.90360893417392], [140.981218184749, -6.90652684231554], [140.994536190742, -6.89666402445949], [141.006136241855, -6.89328192651868], [141.006136241855, -6.9047818977076], [141.007018185709, -9.12846393599138], [140.96109139115, -9.09916398753138], [140.943845290042, -9.08916404173899], [140.928863308626, -9.08305497541159], [140.912200252705, -9.07889101354044], [140.88888230092, -9.07499996643737], [140.876345153029, -9.07055504317112], [140.857454187238, -9.05860898709403], [140.841645247252, -9.04639102207716], [140.828854127695, -9.03221789432013], [140.795254262894, -8.98416394036692], [140.757472331311, -8.94028199491186], [140.743563401143, -8.92666391678466], [140.689700285358, -8.87860895700301], [140.646363331249, -8.83999989921223], [140.618291331608, -8.81360897407649], [140.608854146796, -8.80278190207645], [140.597745275211, -8.78666400513919], [140.544436203228, -8.70389086703177], [140.503863433156, -8.63208192886065], [140.488009230893, -8.61639100607239], [140.336636250073, -8.48860889180571], [140.229127277436, -8.39833579435402], [140.209963396876, -8.38333587566542], [140.122745167864, -8.32028200302359], [140.08663626416, -8.29528197090463], [140.070800334446, -8.28360882959572], [140.051636286248, -8.26889087813077], [140.031645279481, -8.24916406895221], [139.994109272938, -8.20499998863557], [139.985227305394, -8.19360898218828], [139.974972382106, -8.17666395904343], [139.982145279588, -8.13771794874402], [140.005618296582, -8.11355493347855], [140.02244530253, -8.10989086831422], [140.051636286248, -8.08659990625745], [140.061918199264, -8.07139094290313], [140.133882370283, -7.93916390537009], [140.147900265192, -7.88583589028611], [140.053645260807, -7.92687301779541], [140.037200302007, -7.99416394250426], [140.037200302007, -8.01444596895061], [140.041354205594, -8.03139099209552], [140.042754151067, -8.04360895711237], [140.039982255679, -8.05444608739629], [140.008145272758, -8.07383594406616], [139.965636283047, -8.09683588644384], [139.944491255848, -8.10233592368485], [139.915800336474, -8.11471783872828], [139.869418236933, -8.11333583052892], [139.819972384134, -8.11221785228025], [139.752200338182, -8.11278195436558], [139.712463411497, -8.11416396256494], [139.620509239539, -8.12499991938241], [139.601345191342, -8.1330549283565], [139.592282342327, -8.13799086351224], [139.575254170702, -8.14805501468306], [139.564418213885, -8.15749991084568], [139.543854220215, -8.1711089365174], [139.529418235973, -8.17722688766224], [139.507472401742, -8.18333578635157], [139.418309235912, -8.20360892798067], [139.386936275153, -8.20639088165235], [139.366363396665, -8.20639088165235], [139.336909221187, -8.20444594483411], [139.325809234418, -8.20166399116238], [139.316927266875, -8.19694598548983], [139.275818222636, -8.16971787586243], [139.259709210516, -8.15180893384968], [139.244691354555, -8.13208195703317], [139.238572397581, -8.11444609742665], [139.218291376963, -8.08916393044598], [139.084136166418, -8.140000005709], [138.973572325341, -8.22055495695394], [138.969700221339, -8.22999985311646], [138.963291250515, -8.25110883813249], [138.939054139226, -8.29500000368103], [138.920945205002, -8.30139086959407], [138.910263307566, -8.29833583351614], [138.852445274576, -8.18944602614551], [138.848300255806, -8.17999995651655], [138.839263390691, -8.15819091494535], [138.836636166953, -8.1299998922786], [138.850645177045, -8.10499986015958], [138.904145188783, -8.0372179235613], [138.907200224861, -7.92610892349985], [138.91094525921, -7.91291781952151], [138.922336265657, -7.90028193281125], [138.939972292902, -7.89083586318225], [138.951909296523, -7.8888909263639], [138.962191377178, -7.88555492889077], [138.976345226557, -7.87944603020139], [138.991909247331, -7.86749997412432], [139.003054161101, -7.83805501873907], [139.005827229955, -7.82028203119609], [139.005827229955, -7.80666395306888], [139.004427284482, -7.78778187209479], [139.00247228938, -7.77610889842396], [139.003736280383, -7.7605549359339], [139.051091351247, -7.64110895967474], [139.055236202379, -7.63166406351218], [139.067609232605, -7.61652684924923], [139.082736220946, -7.60444601216865], [139.093309321279, -7.59110889543671], [139.096345246618, -7.5772179025414], [139.094545149087, -7.56180894697673], [139.088009276249, -7.55139091185282], [139.068845228051, -7.53639099316428], [139.040254220963, -7.52416397569198], [139.020263381834, -7.51666401634765], [139.006236266831, -7.51360898026968], [138.933872446668, -7.46360891603178], [138.912754241558, -7.40944606338912], [138.897754155232, -7.38013588900714], [138.890809245517, -7.36999998874489], [138.881900288246, -7.35833589989148], [138.862727187592, -7.33666398625667], [138.848709292682, -7.32333592198018], [138.832454267809, -7.31221783030105], [138.763882253015, -7.27139092092393], [138.70636345397, -7.23999985525375], [138.683445151329, -7.23236394143971], [138.671100284298, -7.22416392554011], [138.662900268398, -7.211808832587], [138.662200379481, -7.20097304340767], [138.674563351424, -7.19291786679554], [138.902463443725, -7.20055495407615], [138.934691358611, -7.20278202575606], [138.944972433436, -7.20610897077363], [138.994963445219, -7.23889092946064], [139.009427257379, -7.24499999578809], [139.02163616994, -7.24958187935266], [139.03665419354, -7.25166394410728], [139.050536301617, -7.25166394410728], [139.055818241737, -7.25028193590787]]], [[[123.392209226147, -0.948635850399906], [123.381363378684, -1.00444608229725], [123.377200255003, -1.01389097845975], [123.368872331261, -1.02610894347664], [123.352482357746, -1.04416389824309], [123.333745283697, -1.05610894849184], [123.317491264652, -1.05721787428508], [123.27859135482, -1.04833590674134], [123.267491368052, -1.04555495889804], [123.244845141989, -1.03375491557467], [123.172209245248, -0.948890995533289], [123.153054249506, -0.896664027253407], [123.068882339393, -0.876945935254295], [122.840554267114, -0.906390890639616], [122.829709257841, -0.909163959493864], [122.819991279272, -0.913335800354055], [122.806372362955, -0.926945999492209], [122.796654216748, -0.94471781356868], [122.793318219275, -0.972217832135713], [122.79054515042, -0.986664042298914], [122.769991215034, -1.02778197135519], [122.762218173284, -1.04041785806556], [122.687191254837, -1.1227819592969], [122.629436253759, -1.22360887870434], [122.561100273359, -1.27833583343232], [122.441654129462, -1.40721782103675], [122.391100356699, -1.47305498845464], [122.37706335105, -1.48971787673793], [122.345836235406, -1.51083591420945], [122.243872394649, -1.56694605060319], [122.162200303346, -1.6105549136521], [122.10526337602, -1.61278198533207], [122.01081827007, -1.63055497287474], [121.952472344817, -1.6688909482594], [121.939418201137, -1.66805493723434], [121.909991350663, -1.67305507776861], [121.836645171445, -1.69139099393027], [121.798654195196, -1.7206269046498], [121.780545260973, -1.75721793542637], [121.774991244275, -1.77221785411484], [121.76943622175, -1.79416402362238], [121.766518313608, -1.8081909709877], [121.742754109297, -1.85986406310416], [121.734709326245, -1.86889086993516], [121.693382352522, -1.90986395970402], [121.665536161353, -1.92486404603073], [121.644709311199, -1.92971783853511], [121.615254129892, -1.93471781143126], [121.60304521733, -1.9361088720861], [121.538663315946, -1.93284596480886], [121.530272360291, -1.92221787919078], [121.51971820306, -1.89791790362692], [121.509991339673, -1.88721790127944], [121.446091230084, -1.82221791835293], [121.333172409484, -1.77312678769782], [121.314563410916, -1.77847293319611], [121.303591331991, -1.78805495729501], [121.298718261109, -1.8004179292372], [121.293591218561, -1.8363908784719], [121.293872347594, -1.84639099190236], [121.344363423721, -1.9927819370988], [121.366236167757, -1.97528203196208], [121.428863401526, -1.97166389962729], [121.481654136615, -2.02971796701104], [121.550809196595, -2.13721788719323], [121.556372433386, -2.14555503102896], [121.569845169312, -2.15958197839421], [121.584163303994, -2.16916400249307], [121.618872429865, -2.17916394828547], [121.631091233072, -2.18055500894024], [121.644145209114, -2.1797178244488], [121.660682368849, -2.17221786510459], [121.671236190805, -2.16986405904828], [121.706382349108, -2.17916394828547], [121.716091275221, -2.18333578914554], [121.837909330085, -2.30937295880433], [121.968872376616, -2.53444600279487], [122.014163319999, -2.6822179503625], [122.131363449115, -2.7780549551576], [122.148609214947, -2.7883358623452], [122.307482322749, -2.90263585295457], [122.312191275966, -2.91499999836316], [122.312191275966, -2.92860885639688], [122.308445235789, -2.94208192759868], [122.293872291249, -2.97194597814399], [122.279709221776, -2.9920819918367], [122.267063444419, -3.00666398883176], [122.261936234233, -3.01860887144233], [122.26581822888, -3.027917813135], [122.274427281656, -3.03694596107054], [122.376082333099, -3.12721788505581], [122.390827274293, -3.13569098336148], [122.403318321716, -3.1305550559954], [122.422409279718, -3.12118190892421], [122.476227300863, -3.16089989250821], [122.472763395547, -3.17221780875957], [122.4355272935, -3.21749986732488], [122.413036300284, -3.23583578348655], [122.356100211149, -3.22027293617923], [122.351927196823, -3.22305505748904], [122.341663388718, -3.23333579703854], [122.29790029865, -3.28528197156124], [122.24817231099, -3.38860887741669], [122.266654239906, -3.42305497916482], [122.284836264324, -3.43916399128461], [122.292354160941, -3.4583359184714], [122.268182260859, -3.53125495590212], [122.259427195329, -3.53971782828587], [122.25000023644, -3.5438910102505], [122.211645150316, -3.55333590641306], [122.199836222175, -3.55889092893903], [122.195400351364, -3.56805503134433], [122.198591341912, -3.58139097460992], [122.203327284857, -3.59083587077254], [122.223309239169, -3.62583584868389], [122.23346341198, -3.642917832127], [122.246518226213, -3.65805504639003], [122.34241826292, -3.72805500221268], [122.478863409419, -3.80360897473299], [122.599427196289, -3.88360887634804], [122.611100337598, -3.95944598955851], [122.675536218439, -4.12639087014121], [122.684000264289, -4.1390269244896], [122.693863417421, -4.14625497489409], [122.835327312279, -4.13569092701648], [122.829154208212, -4.11145498919307], [122.801227215495, -4.08971786435137], [122.790672387711, -4.08666400173978], [122.780263405043, -4.07639097354126], [122.769436165405, -4.05180886311581], [122.781663350515, -4.04555495750106], [122.803872376507, -4.04471794064761], [122.818045168988, -4.04778202918101], [122.837200332368, -4.05583586468867], [122.857754267754, -4.07639097354126], [122.869982291055, -4.09833580194424], [122.879154104811, -4.116664006755], [122.897491362077, -4.16721794715642], [122.907209340646, -4.22958198916485], [122.904982268966, -4.31028194733517], [122.903054263592, -4.3422178367132], [122.899300344426, -4.38971791450309], [122.893736269444, -4.39805505833885], [122.848036289186, -4.43528194029211], [122.758327293819, -4.48639093032325], [122.746645267693, -4.48860894954771], [122.679900340158, -4.48236392875045], [122.673309314397, -4.46999995097984], [122.671918253742, -4.45778198596298], [122.67372723609, -4.44305498204245], [122.667209300525, -4.43249998662038], [122.633036281183, -4.40569097215297], [122.595945186062, -4.39389092882965], [122.576663288305, -4.3997178602955], [122.543318233361, -4.42083589776684], [122.530818301121, -4.42916398914719], [122.471918332066, -4.43249998662038], [122.364991231149, -4.44889096596381], [122.294436225696, -4.46721782967006], [122.20664517742, -4.49055505983245], [122.104709332219, -4.52610891390714], [122.090954126155, -4.54652689482351], [122.080554195942, -4.56360887826669], [122.07110929978, -4.58139091826496], [122.060809281853, -4.60528202459075], [122.048600201653, -4.64083587866543], [122.041236196779, -4.66444602359605], [122.040263393094, -4.68721781056867], [122.043054231583, -4.71194593374787], [122.045818247982, -4.72278189056521], [122.049709295085, -4.73221790191042], [122.059418221198, -4.74999994190876], [122.064991348635, -4.7583359122781], [122.074436244797, -4.76916399010651], [122.088882287323, -4.78221796614845], [122.109418285436, -4.79583587663746], [122.110263348917, -4.81416391381021], [122.090545256917, -4.83916394592916], [122.078045157039, -4.84360886919558], [121.977763396615, -4.85721789486729], [121.971100286486, -4.85721789486729], [121.879963350091, -4.85389094984953], [121.701291348743, -4.83479093939228], [121.552409301916, -4.74569097311228], [121.533054146325, -4.7255549594196], [121.479972391557, -4.66028189408684], [121.476382254779, -4.62639100960679], [121.48304519727, -4.56499993892151], [121.496936190165, -4.49805501917673], [121.570118251718, -4.2568089253257], [121.581091336472, -4.24736402916319], [121.601091228057, -4.219163954041], [121.613309193074, -4.18360892649985], [121.62024521797, -4.15639087515633], [121.623027171642, -4.12833580695945], [121.622209265528, -4.10499991790146], [121.619427311856, -4.08055493541241], [121.614700253728, -4.06471783223226], [121.604709192753, -4.05083589179243], [121.588045131004, -4.03944605881162], [121.5736093144, -4.03333581901779], [121.494709286123, -4.00944605379653], [121.478863298126, -4.00471782220199], [121.413309271398, -3.98833589531392], [121.376082389444, -3.98416405445385], [121.359836249388, -3.97666392747153], [121.350809274919, -3.96833583609124], [121.336382343133, -3.94860885927461], [121.323609328487, -3.91360888136331], [121.315809297008, -3.89999985569159], [121.251509202999, -3.81721783276669], [121.234991321641, -3.80971787342235], [121.213882336624, -3.80360897473299], [121.124691342876, -3.75305503433162], [120.94165421398, -3.59305506346346], [120.928036135852, -3.57944603779174], [120.905518320547, -3.54719985035729], [120.881100327786, -3.5356267889726], [120.867754158599, -3.49583588283082], [120.864991315666, -3.48499992601342], [120.86580922178, -3.44860888744716], [120.870527227453, -3.43305492495711], [120.882754244925, -3.40416401337325], [120.886936144069, -3.39471794374424], [120.895263397259, -3.38221784386577], [120.979845182439, -3.26778189878649], [121.020536137346, -3.24694599617676], [121.069572282716, -3.20513588955429], [121.08360023591, -2.92528191137915], [121.083054238735, -2.9055549345626], [121.076100276566, -2.75889090695984], [121.071927262239, -2.74249992761635], [121.067209256566, -2.73360890761718], [121.024563306557, -2.67194609563035], [120.991091349599, -2.66028200677682], [120.811654248127, -2.61528191543504], [120.771927212087, -2.61249996176337], [120.686918285121, -2.64389085979526], [120.677200306552, -2.64805498930458], [120.571109216659, -2.71166391157618], [120.373027242074, -2.85610891412609], [120.201936169255, -2.96333591954005], [120.26805413043, -3.13749996570983], [120.344991284616, -3.19360892863722], [120.378309182193, -3.20778188875618], [120.388736269773, -3.21819087142468], [120.408600206888, -3.2586089115638], [120.401091362726, -3.28999997723383], [120.399718239344, -3.30778201723217], [120.398327178689, -3.36666404901378], [120.394991348854, -3.51083580151931], [120.396382241871, -3.52333590139779], [120.408600206888, -3.55278203024966], [120.424000277635, -3.57486398658904], [120.427754196801, -3.58833588432446], [120.446509208123, -3.71763579362226], [120.444136291327, -3.73389098613388], [120.438872288481, -3.74889090482242], [120.406645211785, -3.80221791407815], [120.376372292002, -3.84805502227339], [120.371645233874, -3.85694604227256], [120.352482359143, -3.91360888136331], [120.347763347642, -3.93639089425773], [120.346936221434, -3.9491639089045], [120.342209330944, -4.10791782604316], [120.345545160779, -4.11819085424174], [120.360682375042, -4.13721794214121], [120.382618318628, -4.1598640005658], [120.386654205018, -4.16944602466469], [120.385272364457, -4.18860889939607], [120.37497234653, -4.2847178131309], [120.360527309833, -4.37305502621979], [120.356927282409, -4.38639096948539], [120.361927255305, -4.41139100160427], [120.368318288856, -4.42555507690589], [120.378309182193, -4.44278189963631], [120.386654205018, -4.45499986465319], [120.395536172562, -4.49249999665075], [120.416927292439, -4.60471792250541], [120.422209232559, -4.67833584302492], [120.390827219345, -4.78360885916523], [120.338591366247, -4.83555503368785], [120.319572324975, -4.84430892575073], [120.308591361232, -4.85389094984953], [120.303036171068, -4.94249990424021], [120.305818292378, -4.96583579329815], [120.308027259147, -4.97749988215156], [120.308027259147, -4.99110890782328], [120.292209266706, -5.06278189152448], [120.275545204956, -5.12833591825245], [120.266100308794, -5.15278190657], [120.268882262466, -5.16389094579365], [120.329709231066, -5.25999985952864], [120.384300231324, -5.35374608238983], [120.42998227431, -5.49610885254704], [120.463463283723, -5.61979087504488], [120.455836254727, -5.63110895893427], [120.4455362368, -5.62778201391666], [120.408045157258, -5.61471781195274], [120.375672403085, -5.57180883782104], [120.368872332658, -5.55805497286201], [120.364700324159, -5.54860890323312], [120.358036208202, -5.5341640341743], [120.349718175106, -5.52194606915743], [120.341372314091, -5.51639087899343], [120.328882272496, -5.51208191019691], [120.314700259922, -5.5144459421751], [120.220836187502, -5.54250000454364], [120.209572418345, -5.54819098153961], [120.190809192758, -5.56028187690391], [120.144145125993, -5.58194607918784], [120.124154119226, -5.58944603853207], [120.108600324374, -5.59416404420472], [120.096100224495, -5.59583589861677], [120.083882259479, -5.59416404420472], [120.068045156298, -5.59166405775653], [120.024991342879, -5.58194607918784], [119.9927542079, -5.57305505918868], [119.976927163004, -5.56833588004962], [119.954991219419, -5.56278203098997], [119.927818262714, -5.56221792890483], [119.911100221508, -5.57110894890401], [119.852482387315, -5.62528202746848], [119.846100238582, -5.63930897483369], [119.844018173827, -5.65778201893175], [119.837754209928, -5.66860892329379], [119.826100346997, -5.67749994329284], [119.784418315855, -5.70416395083499], [119.771645133571, -5.7084729196314], [119.755545173906, -5.70805499793795], [119.687763404946, -5.70333581879885], [119.672618311694, -5.70125492751078], [119.663736176512, -5.69666399149071], [119.654709202043, -5.68833590011037], [119.640963383711, -5.65749988407016], [119.643882297681, -5.64139087195025], [119.624700312211, -5.61944604354728], [119.612491232011, -5.61471781195274], [119.545254119121, -5.59416404420472], [119.465000245839, -5.5636088219216], [119.377200312745, -5.4408359006447], [119.369136251316, -5.42860888317239], [119.35490931174, -5.40007302900796], [119.35192719822, -5.34999987457411], [119.35192719822, -5.33639101654045], [119.37580925209, -5.19249989015402], [119.3785913734, -5.18139101856845], [119.400545254258, -5.13499986657177], [119.41179125378, -5.11916393685805], [119.469709199056, -5.04444597536282], [119.520127184988, -4.91805492175108], [119.524700351373, -4.87360887421074], [119.516391370732, -4.84916405935956], [119.510272413758, -4.8347178491964], [119.502636164668, -4.81833592230845], [119.50000022375, -4.80389088561162], [119.492482327133, -4.74999994190876], [119.491654195097, -4.73721787480656], [119.495818324606, -4.72749989623787], [119.539145220431, -4.66139098751812], [119.590554114959, -4.57528201957553], [119.595263403453, -4.56639099957636], [119.621918190901, -4.34028195235039], [119.623309251556, -4.32805493487803], [119.62608232041, -4.19139085306767], [119.611645162702, -4.04499990787122], [119.598036137031, -3.9752819192721], [119.536927201207, -3.87610891700388], [119.448445148831, -3.70236396599398], [119.452763337721, -3.68110896822423], [119.479982227255, -3.61971789753897], [119.490818184072, -3.6029178813194], [119.510554213344, -3.58180889630347], [119.515827268647, -3.56986401369277], [119.506100237622, -3.52721789604539], [119.4894182386, -3.4890998501441], [119.351382374512, -3.43583587280041], [119.34027232946, -3.43305492495711], [119.293045166438, -3.42763585690096], [119.265545147871, -3.4583359184714], [119.231372296167, -3.4855549756432], [119.220127302474, -3.49152691403431], [119.206645178817, -3.49528200666748], [119.190945203573, -3.49666401486684], [119.134718223448, -3.48778187968509], [119.051936200524, -3.5047178503745], [119.016100211587, -3.51694604131325], [119.005827183389, -3.52055495355455], [118.963463368241, -3.54444605988039], [118.953045165479, -3.55805491791405], [118.946363447525, -3.57180895051114], [118.93664513368, -3.57860885330024], [118.925682274848, -3.57319095871048], [118.844991369133, -3.38721781676184], [118.842209247824, -3.37610894517639], [118.837200222472, -3.34278199514346], [118.835191247913, -3.07555501886123], [118.849982289574, -3.06110897633603], [118.853863446031, -3.04778191788791], [118.888600232182, -2.89319095679202], [118.883600259286, -2.87097304598278], [118.876363324064, -2.86097293255234], [118.866509223387, -2.85375494043172], [118.824154125419, -2.84444599873893], [118.811372393593, -2.84389094910921], [118.800263354369, -2.84666401796347], [118.786227186911, -2.85652683581958], [118.770136279702, -2.86339999644263], [118.760536150692, -2.79305504148425], [118.759163362586, -2.77416390805468], [118.77831819069, -2.68916403354338], [118.781100312, -2.67833578807688], [118.791363281915, -2.65416405563201], [118.802463436321, -2.63778196110594], [118.823882384117, -2.62409984523827], [118.851645259169, -2.64889100032959], [118.864154243865, -2.65694600930374], [118.87637237652, -2.66180885426362], [118.889163328439, -2.66208193666978], [118.904845198772, -2.65666404208009], [119.005827183389, -2.58999991609249], [119.143527268434, -2.45312678961637], [119.144436202017, -2.40778186677688], [119.14360035863, -2.39471783245125], [119.140827289776, -2.38389092808921], [119.12526343664, -2.34471793585125], [119.123027312505, -2.33305502046425], [119.12526343664, -2.28583590406966], [119.138891237775, -2.21416392619677], [119.207491248125, -2.0216639638653], [119.211382295228, -2.01194598529651], [119.22303615816, -1.99610888211652], [119.233318238814, -1.98610893632411], [119.246372382494, -1.97860897697979], [119.259991298811, -1.97166389962729], [119.302063423728, -1.9576357787957], [119.320691365397, -1.97139098485918], [119.3358181861, -1.97291783234585], [119.347209192547, -1.95305506869749], [119.354009262975, -1.9361088720861], [119.369709238218, -1.84069096245083], [119.361782304725, -1.82305493520637], [119.347209192547, -1.81889097333521], [119.33207231356, -1.80652682792658], [119.325272410771, -1.79278201542303], [119.298182267271, -1.69249991972351], [119.29914518031, -1.66333592573323], [119.308872378973, -1.63194603352974], [119.314991335946, -1.61749999100459], [119.324436232108, -1.60110884402303], [119.306636254837, -1.50499993028819], [119.297763339749, -1.47305498845464], [119.291654105783, -1.39902685759267], [119.308872378973, -1.26528202502841], [119.316936272764, -1.23944598188445], [119.343600280306, -1.19083580483488], [119.35192719822, -1.1783358725944], [119.400691267012, -1.13444604815033], [119.432409226907, -1.12368200806236], [119.445254158283, -1.10999989219476], [119.453327272168, -1.09083584399701], [119.463609185184, -1.05971786073316], [119.471918165825, -1.02694596033008], [119.47330922648, -1.01125503754191], [119.478591334238, -0.974999953445499], [119.508882358932, -0.895282019054032], [119.517209276846, -0.876390885624417], [119.525291275548, -0.863863963655658], [119.55692726043, -0.840555064325998], [119.5883183261, -0.817217834163683], [119.6383182227, -0.778335861604817], [119.674982343672, -0.744999859116482], [119.67677238292, -0.734446037160751], [119.68359122881, -0.687217868310647], [119.718600259177, -0.653608951054145], [119.736363356074, -0.652217890399182], [119.780272291257, -0.745281993978218], [119.788591330182, -0.764446042175797], [119.793318220672, -0.780281971889454], [119.793872432111, -0.800282031112373], [119.796654218145, -0.811108935474302], [119.800809295199, -0.820835798860396], [119.805545238144, -0.829717934042157], [119.824154236712, -0.859164062894018], [119.834018228035, -0.873055055789298], [119.84229133413, -0.878381922910311], [119.846100238582, -0.874717857745978], [119.859154214623, -0.853608872729933], [119.863036209271, -0.843890894161168], [119.865254228495, -0.832499887713938], [119.86720033878, -0.813890889145906], [119.865809278125, -0.801664039311786], [119.849991285684, -0.707782029618727], [119.846100238582, -0.69805499859445], [119.830272355495, -0.679446000026583], [119.813027260216, -0.662499971053311], [119.802754232017, -0.645281865502173], [119.798863352552, -0.635835795873269], [119.760272399672, -0.509717824667634], [119.755545173906, -0.493890947409578], [119.7541723858, -0.481663929937225], [119.753600237088, -0.428190907927849], [119.762500309543, -0.328054992620081], [119.771382277086, -0.268608858753111], [119.775545233129, -0.25194597046988], [119.782209181448, -0.238335771331727], [119.789982390837, -0.225281962927805], [119.804982309525, -0.19249983660291], [119.809972391776, -0.175972902789508], [119.79588224486, -0.115835932460988], [119.763891370197, -0.115554971065768], [119.736927290521, -0.123890941435094], [119.723036297626, -0.12694597751301], [119.709718291633, -0.123890941435094], [119.696091328688, -0.116946031720616], [119.68359122881, -0.108890855108493], [119.662763372827, -0.0886088286619576], [119.645827234499, -0.0641640138109717], [119.633609269483, -0.0422178443034408], [119.624563351913, -0.0202819007178603], [119.625645120339, 0.000209002756306296], [119.666382343352, 0.0208360283384588], [119.676654198084, 0.024164146822547], [119.687191256234, 0.0208360283384588], [119.699418273706, 0.0125000579690051], [119.714682389983, 1.25728662391219e-07], [119.747763414976, -0.0351358066527082], [119.758327295216, -0.0519460487940924], [119.762500309543, -0.0613909449565958], [119.769991216431, -0.0779178787699973], [119.780127284332, -0.0883359138938532], [119.817900331097, -0.0986089420925467], [119.829991226462, -0.0934730147264001], [119.841927224255, -0.0711089235254116], [119.854982373763, -0.0430550287949264], [119.859154214623, -0.0333358767596848], [119.878863421805, 0.0427821978459515], [119.882472334047, 0.0597180008972353], [119.883045153311, 0.071391142206149], [119.880254147184, 0.0825000137917832], [119.876918317349, 0.0927820944458485], [119.872209196494, 0.101664229627545], [119.861100324908, 0.118054035504654], [119.847491299237, 0.131945028399972], [119.836382260013, 0.141391098028851], [119.824709286342, 0.150282118028029], [119.81110026067, 0.163891143699719], [119.783600242103, 0.198336071981307], [119.778872345785, 0.207218039524935], [119.776091230303, 0.218053996342465], [119.778054104394, 0.229718085195816], [119.894709242165, 0.447782181731659], [119.909145226406, 0.467500106092868], [119.923445256177, 0.480553914496676], [119.94663613831, 0.491664127186753], [119.959154175461, 0.492782105435429], [119.979709284314, 0.492782105435429], [119.991363314884, 0.495000124659902], [120.00166333281, 0.49833595449502], [120.010536247899, 0.503053960167544], [120.033391350989, 0.521318127237849], [120.039982376751, 0.53528204269111], [120.041363379122, 0.547782142569534], [120.041363379122, 0.566945017300777], [120.039427159483, 0.578609106154306], [120.032491302224, 0.599164215006848], [120.025545219043, 0.619717982755113], [120.022772317826, 0.637500022753432], [120.02082721337, 0.662782189733997], [120.022072428909, 0.692218092663895], [120.032763378802, 0.712573209306238], [120.061100246584, 0.738891044246206], [120.075263316057, 0.748891157676554], [120.090127280276, 0.749718116246242], [120.106372414504, 0.747218129798166], [120.118872346744, 0.748609022814946], [120.151091376812, 0.76416415877145], [120.188027239086, 0.782782042156672], [120.196927311541, 0.787500047829209], [120.209991345867, 0.795000007173424], [120.220263368237, 0.805282087827541], [120.23193617427, 0.821944976110771], [120.236500288199, 0.834164114594038], [120.238591237772, 0.882218068547455], [120.238591237772, 0.921944936948582], [120.251663318724, 0.963609030817272], [120.257218173612, 0.971945001186738], [120.27297229595, 0.985282117918592], [120.287200241355, 0.989717988729507], [120.305818292378, 0.991664099014208], [120.321654222091, 0.990418045284675], [120.340045123538, 0.977982150784729], [120.344991284616, 0.962217970162487], [120.344991284616, 0.948609112128776], [120.343600223961, 0.936391147111795], [120.340818270289, 0.918336024707393], [120.332218269969, 0.88250003577088], [120.332636191663, 0.869718136306909], [120.339427209635, 0.859444940470262], [120.405818253216, 0.81221811272474], [120.419709246111, 0.805282087827541], [120.441363390111, 0.800000147707747], [120.564427163429, 0.774164104563793], [120.574845198553, 0.776945052406963], [120.601927295427, 0.845000071411555], [120.606645133461, 0.87860898866807], [120.609418202316, 0.889718027891722], [120.645827178154, 0.949309001045939], [120.686300203579, 0.991873143680035], [120.751227263947, 1.01430915161045], [120.798600272085, 1.06500005231002], [120.827209216445, 1.19721803738764], [120.829436288125, 1.21930904618251], [120.827236206173, 1.2340539873757], [120.818327248901, 1.26639103464083], [120.816936188247, 1.27889113451926], [120.820409313656, 1.31305392793917], [120.8286002771, 1.32381813566524], [120.950545233979, 1.34250005679086], [120.964427174419, 1.34250005679086], [121.002772369897, 1.33971810311919], [121.020536137346, 1.33694503426499], [121.093872425918, 1.3241641406293], [121.110263405262, 1.32000001111999], [121.119982389659, 1.31583604924883], [121.142491320147, 1.30416408140649], [121.150818238061, 1.29860905888046], [121.166654167774, 1.28694497002693], [121.181509247176, 1.27471812019279], [121.213045152133, 1.25139111595217], [121.221363352868, 1.24583609342613], [121.242482228529, 1.23278211738432], [121.266663348706, 1.22944494644475], [121.383882253285, 1.24721810162554], [121.426372299895, 1.22389109738514], [121.436491268713, 1.18291800761612], [121.449418175102, 1.16110913368306], [121.470836284708, 1.13416416474592], [121.509163375275, 1.09041800612255], [121.524145189053, 1.07805402835204], [121.538036181948, 1.07110911863753], [121.557209282601, 1.06305394202536], [121.572772297547, 1.05833610399081], [121.595545257986, 1.05333596345667], [121.761936262405, 1.07610909153368], [121.91470030388, 1.09721807654978], [121.92720023612, 1.09860913720473], [121.938036192938, 1.09236411640734], [121.958036252161, 1.04721801231187], [121.961382307918, 1.03694498411312], [121.971372363064, 1.02291803674786], [121.989709285054, 1.01562695443147], [122.009991311501, 1.02055400476968], [122.018336166688, 1.02610902729577], [122.04220933574, 1.05000013362155], [122.060391360159, 1.06263602033186], [122.088300247965, 1.06166422247508], [122.104709332219, 1.050554009785], [122.114154228382, 1.04666413614848], [122.228318264521, 1.00639110293457], [122.292072361356, 1.00916417178894], [122.367754241719, 1.00944496554604], [122.411654124447, 1.00666418534086], [122.464427257539, 0.999164225996594], [122.661654110361, 0.941664202414311], [122.667200248069, 0.93013606803084], [122.675536218439, 0.921109093561756], [122.783600240706, 0.848609151290927], [122.822772394754, 0.825836023213734], [122.836382258616, 0.819164195905555], [122.84630928185, 0.814673172171458], [122.856372427193, 0.819718072068944], [122.898882255094, 0.845836082436551], [122.910545170481, 0.854718049980244], [122.959436141288, 0.9256911447644], [123.039982375354, 0.940282194215], [123.203045261289, 0.956664121102895], [123.242200316254, 0.953336002618642], [123.374418301331, 0.92528210788822], [123.481372391977, 0.889718027891722], [123.547763435559, 0.866945067452546], [123.565818222687, 0.864717995772523], [123.585536147048, 0.877364108405001], [123.599845229275, 0.88444497258927], [123.719145192781, 0.851944981126046], [123.821927274928, 0.83139104573984], [123.839154265297, 0.829444935455178], [123.913036215767, 0.834717990757451], [123.984418179789, 0.877218095651112], [124.163309284087, 0.951944941963895], [124.29261824584, 1.01430915161045], [124.303591330594, 1.0238911757093], [124.316672296364, 1.04528212794901], [124.326927219652, 1.06916418181935], [124.341372423987, 1.1163911772029], [124.353318312426, 1.15583607838062], [124.364563306119, 1.17034498517979], [124.405818195474, 1.18916420187998], [124.421654125187, 1.19389109236988], [124.437336163159, 1.19528215302478], [124.496936188768, 1.19110913869814], [124.576663343253, 1.18389114657752], [124.589709272668, 1.19139110592182], [124.614154255157, 1.22528215803993], [124.617200238779, 1.23944505987521], [124.613591326538, 1.26076409538535], [124.582218198141, 1.27916421692555], [124.572218252348, 1.27389116162306], [124.557891232849, 1.27263605543805], [124.545536139896, 1.27750007386449], [124.53429131384, 1.2901359605748], [124.530545273663, 1.30360903177659], [124.529018258538, 1.32471801679253], [124.533863333863, 1.33694503426499], [124.55581822055, 1.37000007535789], [124.609991299114, 1.41166416922658], [124.620954157946, 1.41791807484144], [124.638045193845, 1.41250001261364], [124.651654219517, 1.4055539294328], [124.666927220611, 1.40000008037322], [124.677754124973, 1.39721812670155], [124.689418213827, 1.39528207470067], [124.705536278402, 1.39624498774008], [124.718872389306, 1.40000008037322], [124.825818265686, 1.45889116461028], [124.835818211478, 1.46610898909294], [124.84637236871, 1.48305401223774], [124.847763429365, 1.497500054763], [124.844436149072, 1.50778213541707], [124.837491239357, 1.52139116108878], [124.823036144376, 1.54110908544981], [124.816509323994, 1.55860899058654], [124.819718251814, 1.57541805926145], [124.827763370143, 1.58444503373056], [124.97110028509, 1.69471802276701], [125.032763432353, 1.70000013052491], [125.131363447718, 1.67139101852654], [125.170536272318, 1.6391641094695], [125.163600247421, 1.61860900061697], [125.160809241294, 1.60750012903135], [125.160954248219, 1.59194499307478], [125.165818266645, 1.57944506083435], [125.175527192759, 1.56555406793905], [125.184982314843, 1.55778219965498], [125.213609196476, 1.53833601659562], [125.243172336697, 1.52000010043388], [125.249009326447, 1.5086090939866], [125.24664512683, 1.49444501868497], [125.240536228141, 1.47333603366905], [125.230536282348, 1.45930908630384], [125.2172092239, 1.44860908395623], [125.208327256357, 1.44389107828368], [125.195818271661, 1.43902705985737], [125.180818185334, 1.43694499510287], [125.158454261771, 1.435417979978], [125.141663298007, 1.4213910326128], [125.103863429151, 1.37000007535789], [125.090272340752, 1.34944496650541], [125.084154221969, 1.33500009744667], [125.072491306582, 1.29860905888046], [125.065263423816, 1.2681911321718], [125.062191288656, 1.25416418480654], [125.051372430921, 1.21721809661045], [125.045818246585, 1.20221801028377], [124.99498233896, 1.10889105022066], [124.987491264433, 1.09583606835037], [124.898736297288, 0.972218083592783], [124.866927309925, 0.956109071473018], [124.837491239357, 0.944444982619476], [124.822354192732, 0.939027088029993], [124.734291235516, 0.872782057202192], [124.664700316569, 0.804717985742329], [124.576927205566, 0.6561090213213], [124.570263424884, 0.642218028425994], [124.568045238022, 0.630553939572452], [124.553036266878, 0.590835955988616], [124.441363332369, 0.455282141075887], [124.320400231631, 0.393191181473593], [124.246091307012, 0.375000104599222], [124.233600259589, 0.37360904394431], [124.214427158935, 0.375000104599222], [124.187763319032, 0.374445054969332], [124.080272283667, 0.35860912525584], [123.945827226909, 0.336664129214671], [123.836927193617, 0.315282061792454], [123.775272428257, 0.296109128777341], [123.645827176757, 0.281109042450676], [123.586927207703, 0.298891082449008], [123.419709244714, 0.297500021794122], [123.38750027293, 0.295553911509434], [123.353863360117, 0.295000035346046], [123.33471825502, 0.296109128777341], [123.305818290981, 0.301664151303193], [123.273036164656, 0.310000121672634], [123.262772356551, 0.313335951507779], [123.248318267399, 0.319445017835278], [123.231936172873, 0.330554057058916], [123.221645207401, 0.340835970074812], [123.174427264473, 0.388053913003093], [123.144145124596, 0.433335971568458], [123.127482236313, 0.457635947132299], [123.09360023665, 0.492218003350205], [123.068036270084, 0.509582121655054], [123.050263450179, 0.495554000823341], [123.038036265069, 0.487500165315673], [123.026382234499, 0.485282146091213], [122.958327215495, 0.479164194946245], [122.938027251776, 0.479164194946245], [122.767209261363, 0.482500024781338], [122.580836302632, 0.492218003350205], [122.50417239849, 0.496391017676656], [122.471363450074, 0.497782078331569], [122.430263290653, 0.497782078331569], [122.379436267845, 0.497782078331569], [122.365809304901, 0.497782078331569], [122.309418207112, 0.492218003350205], [122.188872357515, 0.479164194946245], [122.051927314309, 0.482500024781338], [122.031936139904, 0.479164194946245], [122.022491243741, 0.475000065437084], [122.011382372156, 0.465553995808193], [121.999154181217, 0.45055390948135], [121.98802720472, 0.444309056322179], [121.893600203682, 0.425836012224166], [121.85860022577, 0.42221804752749], [121.792482264595, 0.422635969220999], [121.779918294614, 0.428891048302031], [121.746936176079, 0.470282059764535], [121.735263370046, 0.492782105435429], [121.72970918571, 0.501109023349384], [121.719436157512, 0.511391104003283], [121.707209307677, 0.519718021917238], [121.696372345032, 0.522500143226909], [121.537336293031, 0.538053938078857], [121.523463405047, 0.531391163226088], [121.515963445702, 0.518336013717825], [121.514709345346, 0.502500084004105], [121.511936276491, 0.491664127186753], [121.506382259794, 0.483336035806347], [121.495391237767, 0.477082130191664], [121.441645133352, 0.469309088441149], [121.337200249247, 0.458054036463799], [121.321927248153, 0.46333597658372], [121.313027175698, 0.468335949479695], [121.303591331991, 0.472218111765405], [121.277482374079, 0.480553914496676], [121.255682384963, 0.482500024781338], [121.241363412091, 0.480000038333224], [121.155545128551, 0.456664149275351], [121.136645277942, 0.437082179384225], [121.124109303518, 0.411909144783064], [121.119982389659, 0.409164071485513], [121.104854227851, 0.407218128838842], [121.076663372822, 0.410000082510509], [120.852072288266, 0.451809015666408], [120.79999133274, 0.481944975151639], [120.690263335049, 0.527217981261518], [120.645827178154, 0.536664218528528], [120.631927300442, 0.536664218528528], [120.549145277517, 0.536109001260684], [120.521100267604, 0.530000102571189], [120.493591364219, 0.523054019390361], [120.483318168383, 0.519718021917238], [120.386109213672, 0.480000038333224], [120.372618205197, 0.472782046212599], [120.317491266049, 0.425000001199183], [120.303172293176, 0.412082147265102], [120.294145151069, 0.402500123166306], [120.242200317651, 0.345000099584125], [120.143336272335, 0.203609127283746], [120.124154119226, 0.175000015285379], [120.119982278366, 0.16528203671669], [120.098327296175, 0.105836070487673], [120.094709331479, 0.0955539898337732], [120.093318270824, 0.0694450319214738], [120.093454225293, 0.0469449862505929], [120.07692729148, -0.0155550102279058], [120.071382327238, -0.0273639383685803], [120.059145251482, -0.0388908992857276], [120.044436184834, -0.0481909561610857], [120.027263341561, -0.0618088666501553], [120.019991369983, -0.0752819378520159], [119.998872326683, -0.199163952560185], [119.998027263203, -0.212217928602187], [119.999418323858, -0.245282022150597], [120.00166333281, -0.270554969037849], [120.018600309328, -0.363054970531381], [120.066091334663, -0.613054956445185], [120.075545283281, -0.637781906157957], [120.096936235521, -0.684999849086187], [120.104427310047, -0.69805499859445], [120.157209327957, -0.776108957562939], [120.179700321172, -0.808335866619927], [120.257218173612, -0.903055060804497], [120.27054523206, -0.916946053699815], [120.290818206051, -0.93110895553502], [120.305254190293, -0.937217854224337], [120.316091320576, -0.939999975534199], [120.331518213414, -0.939581886202635], [120.34636340217, -0.930281996965345], [120.357209249633, -0.920835927336327], [120.365536167546, -0.915281910638794], [120.379154245674, -0.908335827457852], [120.389427273872, -0.90499999762267], [120.405818253216, -0.905691001722465], [120.421100306766, -0.914717808553456], [120.496654111648, -0.979446050178301], [120.513609193077, -1.00028195278805], [120.56360020486, -1.08028202204129], [120.573882285514, -1.09749995995429], [120.578600291186, -1.10639097995347], [120.586236205, -1.12291791376669], [120.587491311185, -1.13389099852043], [120.569718323643, -1.18805502462965], [120.595836166372, -1.25360888371955], [120.647772282611, -1.36610894443596], [120.652482241657, -1.37499996443513], [120.66457229883, -1.39389093022664], [120.678600252024, -1.39763579693785], [120.738309242375, -1.36666399406579], [120.790745255321, -1.34368198896095], [120.830127292225, -1.34416394839491], [120.828327194694, -1.35902690678518], [120.826100290652, -1.37360890378023], [120.830400206993, -1.38625501641247], [120.841663305597, -1.39221790234809], [120.876645178598, -1.39833585349289], [121.026654256129, -1.41944601197549], [121.066382297997, -1.42778198234476], [121.080554252288, -1.42458193934147], [121.105263432365, -1.4074999558984], [121.142491320147, -1.35916403472147], [121.160263301861, -1.33528198085118], [121.17276340174, -1.30583585199936], [121.178863415612, -1.27778195726887], [121.182209303731, -1.25360888371955], [121.18970021062, -1.22694604964393], [121.202836161675, -1.19889098144699], [121.462618331536, -0.890690915395902], [121.473600301107, -0.881108891296941], [121.493318225468, -0.86666402223831], [121.501663415931, -0.86110883207425], [121.593182231836, -0.813472967452473], [121.622209265528, -0.80499986914674], [121.641727197679, -0.803608976129959], [121.654427289768, -0.809717874819289], [121.660682368849, -0.8206909595732], [121.660536188457, -0.836390934816799], [121.657763287241, -0.847499974040489], [121.654700204536, -0.868335876650362], [121.656100317646, -0.879999965503776], [121.663309257311, -0.889999911296107], [121.706791218346, -0.935555052267772], [121.720263283719, -0.942781929205815], [121.731091361548, -0.945554998060191], [121.749709244933, -0.947499934878466], [121.927754112284, -0.963335864591957], [122.105254155927, -0.930973001065128], [122.11638230589, -0.92499988920747], [122.129436281932, -0.910555020148827], [122.137500343361, -0.898054920270238], [122.142209296578, -0.889163900271072], [122.146382310905, -0.872781973383151], [122.148609214947, -0.854163922359709], [122.149145153837, -0.841390907713104], [122.158727177936, -0.802217915475136], [122.173454181857, -0.786108903355333], [122.198591341912, -0.76999989123544], [122.213045263426, -0.763890992546072], [122.226927203866, -0.760835788830101], [122.452763336324, -0.749445955849247], [122.583054154218, -0.772782012545238], [122.668591308724, -0.780281971889454], [122.766663431826, -0.779717869804243], [122.917627208132, -0.764863963869408], [122.957972325713, -0.743754978853362], [122.954018246698, -0.728608879772999], [122.87081830208, -0.698755055149669], [122.842754181428, -0.696108888309826], [122.822218183314, -0.696108888309826], [122.789145204948, -0.694717827654876], [122.755545172509, -0.687217868310647], [122.728591318755, -0.669582008704082], [122.730327210907, -0.654164000683933], [122.81580921249, -0.617217912487895], [122.90359137595, -0.604999947471015], [122.933036163697, -0.606946057755818], [122.976927161607, -0.609717953143679], [122.990809269685, -0.609717953143679], [123.008609246956, -0.606946057755818], [123.037272338411, -0.598055037756639], [123.046945222341, -0.583608827593299], [123.0499724305, -0.569581880228164], [123.057745136975, -0.560281990990976], [123.070827276211, -0.55971788890565], [123.212772292313, -0.564445952862119], [123.224427161073, -0.566390889680356], [123.261936177888, -0.576663917878871], [123.271654156457, -0.580835926377194], [123.299709224653, -0.593890908247326], [123.313600217549, -0.600835817961817], [123.411372436154, -0.653608951054145], [123.454991357487, -0.765554967969139], [123.446782289132, -0.837635815080047], [123.429154140877, -0.85778188705655], [123.418318184059, -0.867217898401698], [123.405963426382, -0.882363997481947], [123.401091361329, -0.891390971950955], [123.390536198269, -0.932081926858305], [123.392209226147, -0.948635850399906]]], [[[110.05640023872, -7.89750886395694], [110.037200315977, -7.8894459759938], [109.919436252413, -7.85028203621131], [109.702763384171, -7.79778198552519], [109.583600213325, -7.77555502226063], [109.509718262855, -7.7672178784248], [109.397754141029, -7.72312688830391], [109.289700344684, -7.69944600011042], [109.265000217061, -7.69666404643874], [109.157491244423, -7.69055498011125], [109.118318252186, -7.69249991692953], [109.071109194075, -7.69999987627376], [109.053863428243, -7.70360895615318], [109.042209230035, -7.71221784129062], [108.991654116168, -7.71721781418677], [108.894572398747, -7.69263587139932], [108.886654182434, -7.68166396011209], [108.88247228329, -7.66555494799229], [108.879963412024, -7.64110895967474], [108.809145214811, -7.65666392799313], [108.779700259426, -7.68166396011209], [108.685254147647, -7.67971784982736], [108.581100283222, -7.68639101824011], [108.563309190768, -7.6891639194564], [108.527909228436, -7.69847302878707], [108.516663396553, -7.70416400578297], [108.504854133136, -7.72131790595559], [108.503600200417, -7.73889090128815], [108.505827272097, -7.7605549359339], [108.500263364754, -7.78569092252287], [108.474572328535, -7.80430897354621], [108.460536161076, -7.80749996409402], [108.426936128637, -7.80666395306888], [108.381091309091, -7.80471784278423], [108.186918318881, -7.78639097907796], [108.163036265011, -7.78305498160478], [108.141100321425, -7.7774999590788], [108.070545148334, -7.75916404291711], [107.921100340526, -7.71833579243542], [107.82999123205, -7.6891639194564], [107.806091240907, -7.67221789048313], [107.794982369321, -7.66944599509521], [107.682482308604, -7.62548190698886], [107.636936220088, -7.58860890898865], [107.62024516861, -7.57778200462661], [107.575818231809, -7.55416398070714], [107.553309301321, -7.54249989185366], [107.468863302973, -7.50458200580069], [107.396663432837, -7.49333583864074], [107.317491327982, -7.48833586574455], [107.201663316419, -7.47528188970261], [107.082491260757, -7.44805495354178], [106.709718185928, -7.41944600918152], [106.591091289249, -7.42028202020651], [106.578045192196, -7.41944600918152], [106.567209235379, -7.41694602273334], [106.423309224175, -7.37139088176179], [106.406100338717, -7.35028189674574], [106.387909261843, -7.31041790040808], [106.384718271295, -7.29666403544907], [106.379700193488, -7.24305505896985], [106.401382333045, -7.20666402040355], [106.412200184951, -7.19055500828376], [106.464427153231, -7.13471795429615], [106.475272330142, -7.12528194295088], [106.48998223498, -7.11597300125827], [106.509427244573, -7.10416390547954], [106.52527239438, -7.09249998426407], [106.535536202485, -7.08249987083366], [106.545127279039, -7.06805500177495], [106.545818283139, -7.04499990647423], [106.539700331994, -7.01028189578648], [106.535536202485, -6.99736404185257], [106.527482366978, -6.9886089763233], [106.506800188472, -6.97833578048664], [106.444145126785, -6.96639089787597], [106.4286634163, -6.97492686045563], [106.414991358716, -6.9886089763233], [106.384718271295, -6.99944593896909], [106.36913614561, -7.00416394464168], [106.357482282679, -7.00610888145985], [106.325263420249, -7.0020818798871], [106.286100318657, -6.9872179156684], [106.171654147656, -6.91721795984563], [106.146945135216, -6.90083586531965], [106.127200221126, -6.88583577899302], [106.102482323869, -6.86944597311607], [106.07639130323, -6.85444605442746], [106.035682243411, -6.83652688649277], [106.018336230017, -6.83139095912673], [106.000545137564, -6.82860883781696], [105.936654248068, -6.82528189279923], [105.923027285124, -6.82528189279923], [105.684418305657, -6.84305504798017], [105.60915417935, -6.85528189781445], [105.592754147551, -6.85916406010006], [105.568045135111, -6.86889092348617], [105.548863317278, -6.8736089291587], [105.48344524502, -6.8691640058924], [105.47330917712, -6.86194601377169], [105.44663628476, -6.84499998479846], [105.37052726261, -6.81971781781778], [105.35887239385, -6.81778193345503], [105.320545135645, -6.81499997978325], [105.304836275584, -6.81513593425314], [105.243318302884, -6.8102819741107], [105.215954238787, -6.77521795845889], [105.250818262229, -6.77083589946659], [105.262500288355, -6.76889096264824], [105.274009311999, -6.76333594012226], [105.318600198827, -6.72249997828971], [105.406936238449, -6.74221790265086], [105.424700341175, -6.77221790766596], [105.456927250232, -6.81499997978325], [105.467209330886, -6.82180893502783], [105.482345204044, -6.81778193345503], [105.491363293696, -6.80889091345586], [105.614700317058, -6.64555494511452], [105.627200249299, -6.62763577717978], [105.629972312325, -6.61736392244762], [105.62608227105, -6.56194596362002], [105.627200249299, -6.48860883685775], [105.631654225021, -6.47610890461726], [105.637209247547, -6.46778198670337], [105.6474913282, -6.4577818732729], [105.659836195232, -6.45278190037676], [105.673036184028, -6.46354594046473], [105.679700299985, -6.49110882330582], [105.684418305657, -6.49999984330499], [105.693309325657, -6.51139101739029], [105.712563395495, -6.52007299272361], [105.768882241278, -6.49639093106367], [105.780545156665, -6.48778187828811], [105.801091213062, -6.4672178846181], [105.80581827119, -6.45833591707441], [105.814145189104, -6.43916398988768], [105.822627172227, -6.41028196312112], [105.832218248782, -6.31221788664607], [105.831936281558, -6.28944593203529], [105.828327201679, -6.26555499334763], [105.828327201679, -6.25194596767591], [105.831936281558, -6.22805502898826], [105.837200284405, -6.20639099434231], [105.874982215988, -6.08639097428169], [105.87970022166, -6.07749995428253], [106.002491247848, -5.9119459667167], [106.01331815221, -5.9024998970877], [106.033863370417, -5.8888908714158], [106.046927237105, -5.88402685298963], [106.075818316327, -5.88194596170149], [106.098109317332, -5.89395504969064], [106.107336284011, -5.90860896341508], [106.109991335669, -5.92971794843111], [106.109991335669, -5.94333585892026], [106.107209214359, -5.96110884646317], [106.108727177028, -5.97680898934493], [106.11691830811, -5.99249991213323], [106.128591281781, -6.00139093213238], [106.143054255751, -6.00749999845975], [106.163309292469, -6.014163946779], [106.184009240609, -6.01778191147583], [106.201236230977, -6.014163946779], [106.209991296507, -6.00610893780492], [106.217482371033, -5.99305496176306], [106.23055411671, -5.96528202842779], [106.239572374, -5.95360888711884], [106.251100340745, -5.94471786711966], [106.264291277085, -5.94055507871503], [106.279982367512, -5.9419459717318], [106.290263274699, -5.94528196920499], [106.331382377222, -5.97278198777201], [106.465818213886, -6.03666399244987], [106.475272330142, -6.0408358333101], [106.493045150047, -6.04291789806466], [106.51304520927, -6.03055492612247], [106.527072324273, -6.0172178093905], [106.543872340492, -6.00666398743476], [106.702200289311, -6.0143089537043], [106.713045130945, -6.02028189792389], [106.719991214126, -6.03389092359567], [106.728045217272, -6.06666399746507], [106.731654129513, -6.07694607811908], [106.741509236018, -6.09083589754801], [106.755500308838, -6.10079996879471], [106.804154239422, -6.09860893929858], [106.901382304872, -6.09055493615273], [106.927409287771, -6.08829986891624], [106.953045171067, -6.08721793285134], [106.983600225712, -6.08389098783362], [106.994709264935, -6.08110886652384], [107.004018206628, -6.07319098548606], [107.014427189297, -6.04749994926738], [107.018054206449, -6.03750000347498], [107.01749127783, -5.97139092711717], [107.013600230727, -5.92458202106508], [107.023882311381, -5.91444595316478], [107.038591210391, -5.91610892275941], [107.103309226093, -5.93680887089926], [107.111645196463, -5.94236406106341], [107.119427290669, -5.9513908678943], [107.124982313195, -5.95971795344633], [107.143454183826, -5.97610893278972], [107.157209222252, -5.98278193356436], [107.168054231525, -5.98555500241871], [107.188027301019, -5.9849999527889], [107.198863425475, -5.98221783147915], [107.222763416618, -5.97194597674701], [107.266663299346, -5.95416393674867], [107.279163399224, -5.95278192854925], [107.292763372441, -5.95278192854925], [107.305818186673, -5.95360888711884], [107.320254170914, -5.95625505395872], [107.33193619704, -5.96166406373106], [107.360527204128, -5.98139087290958], [107.368318183151, -5.98778190646068], [107.390827281277, -6.01278193857962], [107.408045219191, -6.03666399244987], [107.436654163551, -6.08305497680858], [107.549709273897, -6.1722178073626], [107.638318228288, -6.24194602188352], [107.65054524576, -6.24999985739119], [107.666927172648, -6.2541639869004], [107.694427191215, -6.2541639869004], [107.723872314239, -6.24944598122784], [107.741236264905, -6.2443088803953], [107.876645240531, -6.22958187647494], [108.067754142207, -6.33305496272226], [108.087772306341, -6.34055492206659], [108.099427175101, -6.34278199374649], [108.125263385883, -6.34389091953972], [108.152209193011, -6.34333586990988], [108.171372403018, -6.34194598272144], [108.187891290204, -6.33471793231695], [108.193309184794, -6.32278193452369], [108.18429126278, -6.30347304703867], [108.211645268594, -6.26639100437274], [108.234982331118, -6.25610892371867], [108.299427264415, -6.25805503400341], [108.31318230284, -6.26166394624471], [108.329709236653, -6.27930885830665], [108.354982351179, -6.31889088742066], [108.40776336326, -6.38889101088148], [108.416654215621, -6.40055493209695], [108.423600298802, -6.40805505907924], [108.450272352971, -6.43583587140341], [108.467209329489, -6.45278190037676], [108.48387238541, -6.46389093960045], [108.503054203243, -6.47194594857452], [108.524145250986, -6.4822179709447], [108.535809172201, -6.49110882330582], [108.544145142571, -6.503335840778], [108.547491365966, -6.51360886897668], [108.55303616257, -6.56249983978336], [108.562482232199, -6.64166406564953], [108.566091312078, -6.65860892115637], [108.572218315679, -6.68639090694705], [108.576927268896, -6.70221795184329], [108.590818261791, -6.73610883632336], [108.595545152281, -6.74499985632253], [108.603591276438, -6.75722687379482], [108.620818266806, -6.77416401795068], [108.630536245375, -6.77833585881076], [108.712772271125, -6.80971787202538], [108.737609191408, -6.81541790147674], [108.765545236579, -6.81833580961836], [108.786100345432, -6.81833580961836], [108.820827240937, -6.79860883280186], [108.829991343343, -6.79389099476731], [108.885327159519, -6.80624608772052], [108.993045176822, -6.83944596810078], [109.281372420941, -6.88249994915788], [109.30802720839, -6.88305499878776], [109.321109179988, -6.88249994915788], [109.404709276666, -6.87028198414113], [109.415818315889, -6.86749986283132], [109.432209295233, -6.86333590096013], [109.449009311452, -6.85763587150883], [109.459718198617, -6.85110888348782], [109.466382314574, -6.84360892414361], [109.521927175416, -6.83139095912673], [109.640545187278, -6.85666390601382], [109.776927301864, -6.89055495813204], [109.81860028055, -6.90416398380377], [109.866654234504, -6.91778189429289], [109.933872404293, -6.92583589743862], [109.99136337542, -6.92999985930977], [110.004436126925, -6.92944598314632], [110.095545235401, -6.91110889351825], [110.111927162289, -6.90694593747544], [110.122209242944, -6.90360893417392], [110.134845129654, -6.89902688297128], [110.149718313966, -6.88999990850221], [110.202472336319, -6.89749986784648], [110.211382299419, -6.90221787351908], [110.335400268597, -6.96944593395392], [110.349718235642, -6.97555500028131], [110.375118252181, -6.9811088493409], [110.393600348735, -6.97902695222433], [110.466382258229, -6.95166406159359], [110.475809217119, -6.94778189930811], [110.490809303446, -6.9355550494738], [110.507491302468, -6.91778189429289], [110.560536176862, -6.85486397612097], [110.579436195109, -6.82583593660076], [110.621645112686, -6.74555507359043], [110.628036146237, -6.73139099828887], [110.64582723869, -6.68110896682725], [110.649845187808, -6.66805499078538], [110.66026339057, -6.61499989046945], [110.662200280761, -6.58971789112689], [110.662200280761, -6.57749992611003], [110.662618202455, -6.56083586436033], [110.682209224801, -6.52110882832091], [110.701927149162, -6.49444599424537], [110.729845257061, -6.45916404911042], [110.768182238274, -6.44097297223596], [110.853309182438, -6.41680895114212], [110.927345192289, -6.41118201188659], [111.026091220408, -6.44055505054253], [111.058318297103, -6.46652688051835], [111.084991357101, -6.54555498427651], [111.088736223812, -6.55889092754206], [111.087772304944, -6.58083592358321], [111.089709195135, -6.59249984479857], [111.096100228686, -6.60666392010013], [111.102763338815, -6.6205550806335], [111.111645138721, -6.63889099679516], [111.130809186919, -6.67416405711283], [111.148736233842, -6.6972909015049], [111.200818195197, -6.70416406212803], [111.350809335455, -6.71555506857527], [111.36470032835, -6.71555506857527], [111.38304512933, -6.71360895829055], [111.410536263079, -6.70694601579965], [111.43054520712, -6.69944605645543], [111.441082265269, -6.69291789496805], [111.451100315972, -6.67889094760279], [111.455682367175, -6.66666393013042], [111.465263385445, -6.64569089958429], [111.475254111144, -6.63499994969227], [111.491218283977, -6.63007289935387], [111.587627269846, -6.65541793060857], [111.612763424073, -6.67499990049982], [111.623027232178, -6.68499984629221], [111.639709231201, -6.70166390804179], [111.648882386061, -6.7122178976357], [111.659991257647, -6.72860887697903], [111.669709236216, -6.73944600726293], [111.688027215105, -6.75528193697654], [111.716927179144, -6.77416401795068], [111.721618195088, -6.77637298471972], [111.753882319796, -6.78528194199174], [111.916091257433, -6.79749990700862], [111.93552721457, -6.78916393663923], [111.953872350826, -6.78375492686701], [111.969709286368, -6.7838908813369], [111.988172272182, -6.79263588858226], [112.025272419758, -6.83749985781612], [112.039700189735, -6.85721794981532], [112.04443613268, -6.86610896981449], [112.052463313736, -6.87833581964868], [112.064145172224, -6.89389095560513], [112.079918237664, -6.90721784641522], [112.094436196918, -6.91166394314797], [112.106645277118, -6.91305500380292], [112.126645168702, -6.91360887996631], [112.15886336058, -6.91166394314797], [112.182745246812, -6.9083358246639], [112.212200260482, -6.90360893417392], [112.27470025696, -6.89055495813204], [112.332763376799, -6.8736089291587], [112.34526330904, -6.87221786850388], [112.443591247827, -6.87597296113699], [112.560254096949, -6.91221781931144], [112.608318276824, -7.0436088458194], [112.676936224447, -7.1652818937585], [112.680400297401, -7.18257292186747], [112.67414521832, -7.19860884379143], [112.665536165544, -7.20375499707927], [112.651654225104, -7.2013909651011], [112.631091237263, -7.19444605538667], [112.615963410731, -7.19249994510193], [112.604772396494, -7.20020894911209], [112.617200244367, -7.21639088378976], [112.656372398415, -7.23889092946064], [112.665263418414, -7.24360893513324], [112.679700240846, -7.24971783382257], [112.694700327172, -7.25499994158042], [112.706382353299, -7.25305500476214], [112.715954151476, -7.24555504541791], [112.721363328886, -7.23389095656439], [112.731372327134, -7.21666396619594], [112.745118313104, -7.20652689246727], [112.75916336538, -7.20333590191945], [112.770827286595, -7.20555492697231], [112.782336142602, -7.21083586126365], [112.797491294137, -7.22666391198834], [112.808591280906, -7.24278197656355], [112.813309286578, -7.25166394410728], [112.828591340128, -7.29249990593986], [112.813309286578, -7.40249998020818], [112.806372423491, -7.4099999395525], [112.787200328666, -7.42499985824099], [112.761518177265, -7.43694608195614], [112.75700033144, -7.45055493998983], [112.763318274796, -7.51249988683845], [112.778318193484, -7.54389095250848], [112.818045229524, -7.57916401282615], [112.837200225266, -7.59416393151463], [112.847909280069, -7.60069091953561], [112.966663414038, -7.64305506995942], [113.093182375493, -7.70444597300656], [113.111363394083, -7.71721781418677], [113.172209305784, -7.74499996761551], [113.299145183104, -7.79215504626979], [113.34081816179, -7.78166392095001], [113.350536140359, -7.7774999590788], [113.366236283241, -7.76597299816172], [113.377200315539, -7.75639097406276], [113.388891226483, -7.7477819212873], [113.402482314882, -7.74083583810631], [113.49359125572, -7.70221789549822], [113.505254171107, -7.69999987627376], [113.569091248784, -7.70722692084985], [113.591663378822, -7.71110891549739], [113.681372374189, -7.72249992194462], [113.768600326209, -7.73139094194382], [113.782209184242, -7.73139094194382], [113.925536208543, -7.68999993048136], [113.939145234215, -7.68319097523683], [113.961109340995, -7.66416405497546], [113.988591254652, -7.63694600363193], [114.021382265794, -7.61444595796105], [114.03803626926, -7.61194597151298], [114.058727164944, -7.6236088869], [114.076663431961, -7.63999986624345], [114.085127310174, -7.65180896202219], [114.097763364522, -7.66999987125854], [114.124691234377, -7.69416405999055], [114.137209271528, -7.70221789549822], [114.146100291527, -7.70694595945457], [114.313309202061, -7.75028190773538], [114.367482280625, -7.75778203471771], [114.382482366952, -7.75986393183427], [114.43997233225, -7.79444598805214], [114.448318193266, -7.80055505437958], [114.461927218937, -7.82083590735953], [114.466091348446, -7.83055505939474], [114.469154263513, -7.87778188714037], [114.401654126501, -8.20778194230719], [114.392209230338, -8.25305494841718], [114.387209257442, -8.27555499408811], [114.38442730377, -8.28639095090546], [114.379700245642, -8.30194608686185], [114.372209338753, -8.32860892093755], [114.366654148589, -8.35694595635802], [114.356791330733, -8.43555496495628], [114.372618207992, -8.52347291524717], [114.46372714883, -8.62971789688242], [114.47372726226, -8.62736392318812], [114.493736206301, -8.62236395029192], [114.58401818857, -8.66319085966905], [114.609009335871, -8.68930887003672], [114.621227300888, -8.70763590138097], [114.623600217684, -8.72221789837602], [114.621654107399, -8.74389098547737], [114.60999135965, -8.76971797616596], [114.590818258997, -8.7777820375955], [114.590509302045, -8.77785496015328], [114.568327265782, -8.78249987563003], [114.555254179, -8.78194599946664], [114.532491276845, -8.77722682032761], [114.420254240251, -8.74583592229556], [114.379154248468, -8.71889095335831], [114.391091252089, -8.70694607074774], [114.395536175356, -8.68749988768826], [114.393336261042, -8.67610888124102], [114.388600318097, -8.66722691369735], [114.379154248468, -8.65639095687994], [114.36780917485, -8.64779984137728], [114.35359128773, -8.64083582092349], [114.292763313302, -8.61305500859919], [114.279991304483, -8.6087460398028], [114.263891344819, -8.60916396149628], [114.246791256465, -8.61916390728851], [114.231091281221, -8.63749999108843], [114.215954234596, -8.64639101108759], [114.09803627929, -8.64083582092349], [114.061654125541, -8.63610893043353], [113.963882242212, -8.60028199395254], [113.871918179609, -8.56166405134446], [113.73707230024, -8.53249988971624], [113.721363440179, -8.53110882906139], [113.660945173179, -8.49249993890874], [113.651927251165, -8.484445935763], [113.647345199963, -8.47221791246234], [113.640400290249, -8.46194605773019], [113.613600328236, -8.44778198242858], [113.556091252199, -8.43555496495628], [113.441654133653, -8.37916403480528], [113.316382231757, -8.3074999359215], [113.292209325845, -8.29666397910411], [113.277209239518, -8.29110895657801], [113.232754139523, -8.28110884314754], [113.201663313625, -8.27749993090629], [113.182482333983, -8.27749993090629], [113.158045230483, -8.28028188457803], [113.109154259676, -8.2877820115603], [113.079709304291, -8.29249984959491], [113.027418298271, -8.30339984415276], [112.988036261367, -8.32360894804129], [112.968463343931, -8.33819094503634], [112.959991251454, -8.34999987317713], [112.948872321584, -8.37319092294765], [112.932054200454, -8.39055504125253], [112.918872316569, -8.39749995096697], [112.901654211018, -8.40110886320827], [112.646654252208, -8.43416390430145], [112.523318234674, -8.39610889031213], [112.363872307608, -8.3427818810564], [112.291654164922, -8.33110890738561], [112.166382263026, -8.3169460055505], [111.947200188241, -8.28360882959572], [111.856645123566, -8.26805503474378], [111.787000225163, -8.26069086223129], [111.715400331657, -8.29528197090463], [111.694554203126, -8.33763589540661], [111.703045238704, -8.35416400268633], [111.65109135283, -8.36249997305567], [111.446927301646, -8.31416405187878], [111.385272368648, -8.27749993090629], [111.11249120803, -8.24166394196994], [111.078872400128, -8.24916406895221], [111.068600210119, -8.25249989878733], [111.045254095139, -8.25667291311396], [111.017763296666, -8.25667291311396], [110.915818231372, -8.22194601760879], [110.833600310532, -8.20166399116238], [110.785536130657, -8.1949998752051], [110.772491207071, -8.19416403181804], [110.718045213738, -8.19721789442957], [110.470263414687, -8.10805506387556], [110.379963327507, -8.07416401175744], [110.368172336639, -8.06528187657569], [110.214154194807, -7.98055508447055], [110.118045113434, -7.93916390537009], [110.084427143722, -7.91805492035406], [110.05640023872, -7.89750886395694]]], [[[127.901382295093, -0.456946032679914], [127.893882335749, -0.436945973457122], [127.886109293999, -0.417217823174051], [127.859009259852, -0.379026854714892], [127.825545181883, -0.354446085393925], [127.805954159536, -0.346663991187999], [127.776654211076, -0.334999902334534], [127.719009348207, -0.29999992442317], [127.700809218877, -0.280417954531866], [127.663936220877, -0.215135836743696], [127.673027233086, -0.162217864364159], [127.700818271332, 0.065691112754842], [127.688027319413, 0.196109000301309], [127.65637239143, 0.339026987726353], [127.619009219731, 0.360000018272608], [127.57097236486, 0.411391143165485], [127.526791353099, 0.546109114691145], [127.52262722359, 0.601527073518733], [127.545391299211, 0.715344937056158], [127.568882253478, 0.745835953960583], [127.58777238108, 0.759373062902967], [127.619145174201, 0.822364071270782], [127.61435424597, 0.852782165617557], [127.577845190207, 0.861182173727293], [127.507218268025, 0.88471805499534], [127.495745286565, 0.902082173300355], [127.510545213043, 0.958891025144735], [127.483591359288, 1.05416409549269], [127.44900930307, 1.05139102663833], [127.425954207769, 1.04000002019109], [127.402763325637, 1.0387450816442], [127.394991289715, 1.06166422247508], [127.398882336818, 1.18694500918905], [127.401100356042, 1.21236413646801], [127.412900231727, 1.23805399922031], [127.431918267172, 1.26708203874044], [127.45304518946, 1.2972179982255], [127.472209237658, 1.33305398716198], [127.517491296224, 1.41778212037155], [127.526100348999, 1.44013598565055], [127.530963361597, 1.46278204407531], [127.533336278393, 1.4980539309264], [127.524845242814, 1.52041802212739], [127.568182364561, 1.7391640703073], [127.653182239073, 1.87069105128512], [127.674991280644, 1.90360913208002], [127.69164528411, 1.92486412984988], [127.909418193328, 2.15889105811357], [127.947345131837, 2.19160009424264], [128.054063355726, 2.19242705281215], [128.048582261587, 2.14666420827932], [128.040254170206, 2.12750016008151], [128.029418213389, 2.11028205453044], [127.947209345005, 1.98569109844982], [127.922963348897, 1.95673598148738], [127.895818220112, 1.94805400615389], [127.855672424189, 1.91624501879033], [127.850327284519, 1.82562708984108], [127.870818187993, 1.80652707938377], [127.89818225209, 1.79639117912156], [127.91754528667, 1.80166406678581], [127.941645270023, 1.79471798360481], [127.980818262261, 1.7616641159782], [127.99721829406, 1.74402708290528], [128.012618197169, 1.71471808198981], [128.037336262065, 1.5202820676575], [127.989700229805, 1.34666418630018], [127.924427164472, 1.22750000962639], [127.908045237584, 1.20278211236904], [127.834718336744, 1.14194508548531], [127.652209267749, 1.01645391300104], [127.629845176548, 0.982082074915399], [127.626372386415, 0.958191136227585], [127.632627297858, 0.922635941048429], [127.656927273422, 0.881109142754164], [127.753882256466, 0.811664068923157], [127.793591355232, 0.795000007173424], [127.813600299272, 0.794444957543687], [127.843318337064, 0.802364179685918], [127.8697092622, 0.817082131150988], [127.916163446108, 0.857918092983423], [127.922491280109, 0.932218132785407], [127.927891237426, 0.990282090814782], [127.973872346718, 1.06778217361988], [128.037754183758, 1.11721813577259], [128.088472409462, 1.12385392089703], [128.13370920575, 1.1155539927114], [128.166445231608, 1.13215401672062], [128.189700319119, 1.17055402984561], [128.194900284225, 1.19215402675104], [128.186082354422, 1.21944500065222], [128.167209325903, 1.23486418213887], [128.142491261008, 1.23778209028046], [128.130245132796, 1.28555390937214], [128.166382367334, 1.34528217810072], [128.188291321191, 1.37805391086557], [128.211091271358, 1.39666408290009], [128.374663441732, 1.50778213541707], [128.418027217931, 1.52610899912315], [128.442472368059, 1.53639107977727], [128.463291339224, 1.54333598949177], [128.548854142354, 1.56583603516265], [128.627745285814, 1.57750012401619], [128.65261824828, 1.57916409943925], [128.686918337275, 1.57583598095499], [128.70954528496, 1.57097313599518], [128.724545203648, 1.55694501516348], [128.697482385152, 1.1019449670397], [128.663882352713, 1.06305394202536], [128.445372338927, 0.934164075432014], [128.419436215859, 0.922500154216655], [128.396363350923, 0.914718060010666], [128.360227289852, 0.90471811421831], [128.328854161455, 0.901945045363947], [128.298372364644, 0.891391055770046], [128.212482332013, 0.805418042297446], [128.212036247125, 0.779653915882924], [128.236554152172, 0.730482151319001], [128.29871820197, 0.6765270022376], [128.326082266067, 0.658609007769376], [128.348845168223, 0.647218001322121], [128.36800921642, 0.638891083408166], [128.496063407265, 0.588891019170265], [128.587463367783, 0.560418029279769], [128.63107239847, 0.562218126810937], [128.674300220199, 0.552809105194001], [128.692745268741, 0.408609021855559], [128.689972367524, 0.387364082369736], [128.683027290172, 0.357291154796646], [128.721282296371, 0.329264082156534], [128.782163412066, 0.315054074025454], [128.829563409931, 0.300000008242185], [128.874391336981, 0.262782178744417], [128.904909343615, 0.203264128147976], [128.879118227472, 0.217500120179064], [128.853563313361, 0.241527013336618], [128.814700283903, 0.255836095563615], [128.759709299224, 0.271282099140423], [128.719345238542, 0.282364148635734], [128.633882347698, 0.303891055345199], [128.576918263006, 0.310208998700367], [128.543718214988, 0.31986411299511], [128.49467234661, 0.356527060501273], [128.474118243586, 0.384027079068357], [128.452900293828, 0.396944933002246], [128.359954207446, 0.39736419580021], [128.322754147583, 0.390135977757597], [128.279982301388, 0.385836061416561], [128.213863334385, 0.403053999329694], [128.180027267551, 0.422609147130676], [128.160382265748, 0.45097317227953], [128.073854202645, 0.466109045437905], [127.991654219079, 0.473609004782198], [127.957491258021, 0.476391126092022], [127.921227289107, 0.454444956584542], [127.906363324888, 0.435000114629644], [127.879145273545, 0.299508996352933], [127.90671821467, 0.277427040013553], [127.923863397663, 0.139309033274283], [127.915672434219, 0.116664148316206], [127.894436211912, 0.100282053790128], [127.883736209565, 0.0733360790244874], [127.882754185786, 0.0466641924934406], [127.885827159137, -0.0054179364992193], [127.893054203713, -0.0319459895712368], [127.983600215933, -0.271946029692685], [128.036927225189, -0.403335882734219], [128.049991259514, -0.431664033337265], [128.070936294504, -0.472217860308207], [128.093845209413, -0.511108885322584], [128.137754144596, -0.569999969559664], [128.167754149611, -0.621945976444364], [128.21329135331, -0.699863980942896], [128.302763308454, -0.795281890578102], [128.36301829598, -0.847554959325527], [128.401791303797, -0.88819092894766], [128.282200320612, -0.882008940062524], [128.252772296672, -0.872217871297775], [128.230654130511, -0.851455058883989], [128.238145205037, -0.831108827059039], [128.138309194226, -0.754163961521783], [128.052182289011, -0.718817811008364], [128.021091295475, -0.693190980168203], [128.010254165191, -0.663055020683099], [127.991782294559, -0.619999866159625], [127.942327221667, -0.518472890196908], [127.901382295093, -0.456946032679914]]], [[[130.829954229207, -3.87278197198618], [130.799991272204, -3.86166404794512], [130.616072367091, -3.78839984374065], [130.593854121006, -3.7643089128426], [130.557972366878, -3.72666394155784], [130.443027304998, -3.65528197753566], [130.398318233336, -3.63333580802811], [130.314145149756, -3.60055502280773], [130.235227184206, -3.5766639164819], [130.134127182392, -3.54375505578067], [130.018036146707, -3.48499992601342], [129.991336264619, -3.47055505695466], [129.974409346385, -3.45319093864982], [129.959000223183, -3.42749990243107], [129.955654167426, -3.40499985676017], [129.95753623997, -3.37839988695862], [129.931636159086, -3.35499996016034], [129.91192728718, -3.34194598411835], [129.888582345667, -3.33444602477415], [129.818027172576, -3.32889100224816], [129.652191385425, -3.31666398477585], [129.516100290517, -3.29749993657811], [129.499345201298, -3.31610893514596], [129.506236299194, -3.34736404634612], [129.532200250181, -3.37610894517639], [129.54860028198, -3.39736394294602], [129.559282347055, -3.42986393440923], [129.544827252074, -3.46278201520419], [129.517818245396, -3.469926917129], [129.479809331875, -3.46208195864897], [129.454127180473, -3.44999994810196], [129.306091370593, -3.41721782177713], [129.245391304008, -3.41278195096618], [129.208727183035, -3.40152689898884], [129.151227159453, -3.37694596202983], [129.107609243949, -3.35020886429186], [129.074400311113, -3.34750000081601], [129.001918306115, -3.35028195448769], [128.968291283947, -3.35360889950538], [128.97211829331, -3.26895502995825], [128.973436263769, -3.24513584036191], [128.954700363187, -3.2259729656306], [128.933318295764, -3.21680886322525], [128.882672322066, -3.20937294162138], [128.771791309771, -3.27944598763987], [128.686627317596, -3.35923583876093], [128.671982288688, -3.38659990285806], [128.613282311844, -3.43639092243023], [128.497463352737, -3.46166403695548], [128.470382261692, -3.46069089799415], [128.433091341998, -3.44499997520587], [128.404691274666, -3.42041786478034], [128.360227289852, -3.35499996016034], [128.302763308454, -3.26889099221773], [128.217745161394, -3.21139096863557], [128.197818192367, -3.11610884583216], [128.181872292083, -3.07409992046587], [128.142136203589, -3.07520884625911], [128.097200317625, -3.12097303189655], [128.079954216517, -3.15166404101143], [128.070236237949, -3.17625503625431], [128.061645290084, -3.20860884732572], [128.055545276212, -3.25028199364988], [128.051909206604, -3.28110895723468], [128.050945287736, -3.31083587984352], [128.042263312403, -3.33833589841074], [128.015809187717, -3.37555506901293], [127.991100342915, -3.38173588443181], [127.937200346757, -3.47847293799247], [127.918318265783, -3.55944597856893], [127.90914527856, -3.54471796882012], [127.897772377024, -3.5047178503745], [127.894991261542, -3.48430892191367], [127.912200314638, -3.44389088177457], [127.925327213238, -3.41757304683466], [127.933318184471, -3.36944600268555], [127.932409250889, -3.34471787950634], [127.921918293207, -3.31944593844748], [127.896382322197, -3.28305506751935], [127.88234514891, -3.26639100576972], [127.856091351711, -3.18666401892274], [127.88889124767, -3.15528200570816], [127.983600215933, -3.08694602530847], [128.073854202645, -2.9813908743065], [128.17191827912, -2.85694593097952], [128.263882341724, -2.85610891412609], [128.401645291043, -2.86305499730697], [128.565245289335, -2.85555503796264], [128.83941818116, -2.86639099478009], [128.872182370212, -2.86513588859505], [128.913300299269, -2.85833581816786], [129.064145220187, -2.90055496166643], [129.084136226954, -2.92721796338004], [129.10120932558, -2.94458191404675], [129.133027197761, -2.96326400281066], [129.212736247335, -2.94639089639521], [129.346482253366, -2.86097293255234], [129.365372380967, -2.84555492453216], [129.375582377254, -2.80492683389889], [129.403318262577, -2.79249999185443], [129.526645227655, -2.78360897185525], [129.629391267619, -2.81499986988724], [129.77080034483, -2.87416403653061], [129.796082344173, -2.90788191852864], [129.98772718474, -2.98833578402099], [130.019991309447, -2.99721791920274], [130.057345261053, -3.00097301183587], [130.090663326269, -3.0006908769741], [130.164700341948, -2.99221794630661], [130.236636182133, -2.9847178193242], [130.338009266353, -2.97860892063483], [130.376063442152, -2.98860886642723], [130.399136307088, -3.00333587034754], [130.589063360413, -3.14034595712195], [130.629945255075, -3.24555493552181], [130.63374527471, -3.26847290288623], [130.630236274755, -3.28889088380253], [130.629954139893, -3.32486400067523], [130.636109306688, -3.35305502334205], [130.645809347984, -3.37749983819317], [130.67170926123, -3.40763579767827], [130.703309203928, -3.40430885266057], [130.741636294495, -3.40555507402815], [130.766391239765, -3.40833585423336], [130.789900298943, -3.41721782177713], [130.826645221462, -3.45430891689847], [130.873982355054, -3.5929819732675], [130.87009130795, -3.6290268392317], [130.855527248228, -3.65194598006246], [130.835445213992, -3.67819089244449], [130.821072429301, -3.82555497660254], [130.829954229207, -3.87278197198618]]], [[[119.184509243021, -8.70055503719665], [119.176927308663, -8.72263582006957], [119.150545268345, -8.7505549337966], [119.105263377417, -8.75944595379576], [118.975682339086, -8.7596179504493], [118.938872372998, -8.72221789837602], [118.920254154337, -8.69971785270514], [118.900263315207, -8.69118189012551], [118.815400233356, -8.71194604364388], [118.750882377502, -8.71520895092118], [118.702900340278, -8.74742680752275], [118.737191376817, -8.76536391273021], [118.757645232279, -8.77194605367425], [118.840818187169, -8.7777820375955], [118.891782337913, -8.7834730145914], [118.932627184563, -8.80749990774899], [118.943172289339, -8.84103590244758], [118.912072410986, -8.85236404462086], [118.828882357014, -8.8528460040548], [118.79803628269, -8.82479093585791], [118.744236198817, -8.80810893683537], [118.722154242478, -8.80836391433076], [118.681927309732, -8.81028202905878], [118.642763369949, -8.81916399660247], [118.583882343996, -8.8361088521093], [118.469991222625, -8.8724998906755], [118.457209323161, -8.87194601451216], [118.424154114429, -8.86041788012853], [118.408327237171, -8.84541796144005], [118.391936257828, -8.81416402370633], [118.384082246892, -8.78628195799138], [118.415263429706, -8.74528187849421], [118.431363389371, -8.72055492878145], [118.441363335163, -8.66389091622415], [118.431091312793, -8.63360894398545], [118.405118309351, -8.58958199160498], [118.395263370484, -8.63486405017044], [118.223182227259, -8.82069101172721], [118.188582233768, -8.85083585602957], [118.168591227001, -8.86513588580108], [118.148736174703, -8.87263584514541], [118.115463371765, -8.86437296497189], [118.096445168683, -8.84798198562856], [118.02887227675, -8.85416397451383], [118.008882275811, -8.86832687634888], [117.948591246102, -8.90222681328441], [117.884163411888, -8.93471791993028], [117.794436143973, -8.93555493678373], [117.738872340029, -8.9186089078105], [117.715954205027, -8.91625493411613], [117.65150927173, -8.9439549448935], [117.636854184539, -8.9615269343977], [117.563600206257, -9.00249985652857], [117.53803623969, -9.01471782154545], [117.438872289877, -9.04167301640462], [117.405682300143, -9.04944605815514], [117.351509221578, -9.04958201262498], [117.307891306074, -9.04180897087452], [117.288872264802, -9.02700887675815], [117.243945263656, -9.01721797563158], [117.205472327973, -9.0305549247255], [117.166654225517, -9.06750000709321], [117.149845156841, -9.09131785558498], [117.099718190589, -9.10333582839145], [117.047763298887, -9.11076403864445], [116.8045633834, -9.04347294629747], [116.755709292968, -9.01426402530626], [116.752491312692, -9.01166395893393], [116.743591240237, -8.98179990838862], [116.755554227759, -8.87965501852216], [116.794709282724, -8.82778193419535], [116.779427229174, -8.67333581238677], [116.803309283044, -8.59131788375749], [116.858318204996, -8.53444600000092], [116.88845416448, -8.52291786561739], [116.932200323104, -8.51951783040381], [117.014709263622, -8.48305504274607], [117.079709246549, -8.43889096242941], [117.096791229992, -8.42208189375441], [117.119709197356, -8.38236391017051], [117.150272298628, -8.36847291727509], [117.192745246156, -8.36360889884891], [117.270263433872, -8.39749995096697], [117.425327301946, -8.46194605773019], [117.445245218518, -8.40944600704411], [117.563518231243, -8.41221790243192], [117.567763329937, -8.43200891698894], [117.565545143075, -8.46819091088941], [117.579227258943, -8.50278201956274], [117.648327166, -8.56221792750785], [117.758045273044, -8.64972684092266], [117.847209277065, -8.71055498298904], [117.897772269922, -8.70110891335997], [117.956936268927, -8.73778191914989], [117.966382338556, -8.74860899114993], [117.976645140833, -8.74528187849421], [118.021100240828, -8.70805499654097], [118.037772349205, -8.69028200899806], [118.058863396948, -8.66722691369735], [118.078736218881, -8.65639095687994], [118.130809295418, -8.64694606071733], [118.156936190603, -8.6483357802677], [118.177482247, -8.65513585069488], [118.211800273267, -8.6652819768791], [118.257000356819, -8.66083588014618], [118.281100340173, -8.64222688157839], [118.288109287627, -8.61958199662019], [118.27997230364, -8.58833593787547], [118.231654152098, -8.55139102314581], [118.077072411096, -8.46221796666999], [118.044972404053, -8.45902680848406], [118.019991315035, -8.46805495641957], [117.992618198482, -8.47576396042956], [117.828736232967, -8.3698639779301], [117.705745214569, -8.23721784523707], [117.712209338315, -8.19694598548983], [117.722491251331, -8.17305504680212], [117.737200317979, -8.15215493881375], [117.802754177069, -8.11944607032286], [117.921918186105, -8.08555501820468], [117.945536210024, -8.08263593659667], [118.096927295755, -8.10868203023485], [118.127491235217, -8.12429986282723], [118.157936151654, -8.15093587481255], [118.166372369586, -8.20826406937926], [118.195254228714, -8.26610892445904], [118.255272343656, -8.34583591130598], [118.316300310294, -8.37465507379852], [118.374563422344, -8.33659989217114], [118.413882259698, -8.29528197090463], [118.443591245033, -8.26639089168265], [118.465554178347, -8.25069091643901], [118.48553613266, -8.24666391486614], [118.586645186928, -8.26999997156208], [118.651727312506, -8.29791791182265], [118.687818278938, -8.36215497392005], [118.688027155966, -8.41249986965551], [118.682627198649, -8.45110892744628], [118.668045201654, -8.484445935763], [118.664745246365, -8.54528195681842], [118.706382350505, -8.49721794458127], [118.72317230844, -8.459446071282], [118.719154191685, -8.42430896543437], [118.713663374537, -8.39152683910947], [118.736991216968, -8.34507299047681], [118.773318217794, -8.31319091291739], [118.798800209347, -8.29944610041384], [118.879154162553, -8.28916401975981], [118.899145169321, -8.28860897012992], [118.929982358827, -8.29194597343146], [118.951509265537, -8.29749999012909], [118.999918276909, -8.31576398956139], [119.05011816572, -8.4765909189992], [119.040263394491, -8.53249988971624], [119.02790025491, -8.55083580587791], [119.021100352121, -8.59139097395342], [119.038036155173, -8.63139092476086], [119.058245259062, -8.65125502951384], [119.132336254197, -8.63791791278187], [119.17526333324, -8.64972684092266], [119.184509243021, -8.70055503719665]]], [[[122.837772313442, -8.59818199192512], [122.828045282418, -8.60402686066374], [122.795391231574, -8.61583578880442], [122.739154193166, -8.61916390728851], [122.681663389677, -8.63416399361524], [122.558791226666, -8.67562692180706], [122.532627283469, -8.70430895636326], [122.512636276702, -8.71847303166487], [122.466382252641, -8.73374603275966], [122.38025417396, -8.75360896404608], [122.259427195329, -8.7505549337966], [122.222491333055, -8.74666405433164], [122.178591282689, -8.73583580886515], [121.905818168698, -8.8263908735405], [121.799009252616, -8.88097298898117], [121.764918208287, -8.8910460249694], [121.624972276099, -8.84333589668541], [121.564218230056, -8.81541795642478], [121.386363296632, -8.79986399393488], [121.368518224722, -8.82089988875499], [121.372054214405, -8.85430898143921], [121.373927234494, -8.88236404963607], [121.350054233079, -8.90833587961198], [121.318309283456, -8.92444606519826], [121.294427229586, -8.92360888070676], [121.257754223796, -8.90576397643435], [121.20790033995, -8.8937550560833], [121.177754154543, -8.89583577973342], [121.135536184511, -8.90499988213879], [121.117200268349, -8.91389090213795], [121.08638235722, -8.93083592528286], [121.032627200349, -8.94875492557941], [121.016391286214, -8.94971783861894], [121.004172315369, -8.94833583041953], [120.918454111754, -8.924717974138], [120.858863306238, -8.87124595795695], [120.760054246206, -8.87270893534134], [120.733727191173, -8.87284606327762], [120.64846328671, -8.84541796144005], [120.618036139908, -8.82471784566206], [120.588182315285, -8.79833580534364], [120.538036238293, -8.79333583244738], [120.435254156146, -8.79389088207729], [120.381927314528, -8.80083579179172], [120.347909192757, -8.81124594792664], [120.323318197515, -8.83097292474321], [120.252772412156, -8.83152680090653], [120.201654202031, -8.80305498448257], [120.089154141314, -8.79666395093159], [120.06888234079, -8.80360886064603], [119.939145231421, -8.85028197986623], [119.893882283595, -8.85028197986623], [119.833600306341, -8.79805501158642], [119.811363284793, -8.77541783797926], [119.801372391456, -8.74583592229556], [119.796236296452, -8.72034605175373], [119.804772426669, -8.6749999554478], [119.802891359953, -8.63083587513114], [119.797763311576, -8.59179984319145], [119.80359124887, -8.56778200248931], [119.818600220014, -8.54860890183613], [119.909709328491, -8.46416390931661], [120.00694527293, -8.41666399916471], [120.083882259479, -8.39610889031213], [120.196227254986, -8.30541787116688], [120.265409304694, -8.27013592603197], [120.522491328259, -8.25722695691536], [120.660263330034, -8.28110884314754], [120.753327265975, -8.33389086105735], [120.854709235012, -8.34055497701461], [120.921918184708, -8.3461088260741], [121.018745259909, -8.39110891741599], [121.039427270776, -8.40471794308769], [121.102763445917, -8.4252819367577], [121.17234514477, -8.44069089232239], [121.203454243217, -8.44236392020082], [121.281927297345, -8.47319088378567], [121.302900327891, -8.49319094300847], [121.319782319124, -8.52215494478822], [121.341927307375, -8.5433358465337], [121.385818305286, -8.57791790275155], [121.40637240831, -8.58805497648025], [121.513600251915, -8.6066639750481], [121.568736243519, -8.569717886852], [121.596927266185, -8.53528201102604], [121.637209184217, -8.474999866134], [121.773036249174, -8.48860889180571], [121.883591373072, -8.49416391433169], [121.909418196122, -8.48971781759894], [122.039427214431, -8.44360896810196], [122.107482233435, -8.53305493934608], [122.236791362827, -8.6322178833305], [122.261936234233, -8.64125508372145], [122.288309222096, -8.64444607426924], [122.340272328063, -8.62110884410686], [122.363036236047, -8.61639100607239], [122.429145144766, -8.60402686066374], [122.482482379944, -8.51326392478904], [122.483936137235, -8.48944607629722], [122.604145201961, -8.39291789976432], [122.628309223055, -8.38610894451977], [122.683518304855, -8.38528198595021], [122.770954128074, -8.35597298503467], [122.890954148135, -8.28479101322285], [122.946509234899, -8.20534599359962], [122.889982350278, -8.18437296305342], [122.821091320248, -8.20805502471347], [122.792163360652, -8.23110894654769], [122.741809244823, -8.22583589124532], [122.800263296627, -8.11083584408084], [122.86803618077, -8.07200885680692], [122.961927242919, -8.12778187305407], [122.979700230462, -8.14736401058326], [123.030400351255, -8.2972178552675], [123.023182359134, -8.32471787383452], [122.981991339882, -8.35437304735206], [122.896945197265, -8.3855550683564], [122.800045199506, -8.4394460120593], [122.795682251253, -8.46708198509617], [122.803591247473, -8.48639087258124], [122.819991279272, -8.5047179039255], [122.83790927374, -8.52763587128999], [122.84749129784, -8.54528195681842], [122.85261817275, -8.56999985407573], [122.846372313762, -8.59152692842327], [122.837772313442, -8.59818199192512]]], [[[125.129418175624, -9.43529087866052], [125.124691285134, -9.43749984542956], [125.10803627584, -9.44833580224701], [125.036927226586, -9.49889091611475], [125.00305411174, -9.53305505063917], [124.99220021765, -9.54833593072295], [124.985527216875, -9.56166399499944], [124.984154261132, -9.57389101247174], [124.984154261132, -9.59416398646272], [124.985527216875, -9.60639100393503], [124.985527216875, -9.61999986196861], [124.983318250106, -9.63805498437324], [124.980818263658, -9.64889094119059], [124.974145262884, -9.65944593661284], [124.956100366401, -9.67194603649136], [124.918872310981, -9.69639101898054], [124.773882317085, -9.83389094417782], [124.653872406379, -9.95221793636], [124.595545256589, -9.98916402455615], [124.567491361859, -10.0088910013727], [124.547491302636, -10.029717851527], [124.539982290836, -10.0424999186292], [124.535263446973, -10.0547178836461], [124.529163433101, -10.0722179564207], [124.518882358276, -10.0891639853939], [124.509163373878, -10.0999999422114], [124.492754121986, -10.117499847348], [124.447482289342, -10.1547178444838], [124.435254266042, -10.1627819059135], [124.426372298498, -10.167499911586], [124.408463356485, -10.1734730234437], [124.387209196906, -10.1761089643616], [124.3599913132, -10.1761089643616], [124.296654132231, -10.1708359090592], [124.269991298155, -10.1699998980341], [124.123309333279, -10.1794459676631], [124.10512730886, -10.1849999843608], [124.093318213082, -10.2038909501522], [124.089982383246, -10.2138908959446], [124.081100248065, -10.2322179272889], [124.027909193279, -10.2781909899539], [124.008327223388, -10.2827819259742], [123.976645138039, -10.2852819124223], [123.952209208005, -10.2913909787498], [123.936918269637, -10.2969460012756], [123.901927176543, -10.3163910108687], [123.8855361972, -10.3272179152306], [123.866382374924, -10.3419460926174], [123.855554129457, -10.3513909887801], [123.839709314927, -10.3630550776335], [123.8308362322, -10.3677729156681], [123.81165424673, -10.3758269188138], [123.612482289452, -10.3713908803647], [123.526654115266, -10.3366639848597], [123.488309255065, -10.3163910108687], [123.490745203772, -10.2390268825335], [123.531782331282, -10.1899999572569], [123.605263291503, -10.1605550018716], [123.615536152063, -10.157217830932], [123.626645191287, -10.1547178444838], [123.643318305492, -10.1543089752459], [123.657491265611, -10.1511089322425], [123.671918197397, -10.1449998659152], [123.689700237395, -10.1358359311479], [123.734154163925, -10.1122179072283], [123.748318239226, -10.1022179614359], [123.758327237474, -10.0886089357642], [123.762209232121, -10.0788909571954], [123.76401821447, -10.0644460881367], [123.755136246926, -10.0530550816894], [123.699563390527, -10.029308982289], [123.685527223069, -10.0263909065094], [123.658863383165, -10.0258358568796], [123.639918270279, -10.0289639831533], [123.618318273373, -10.046526920202], [123.60143628214, -10.0582639316133], [123.581372352815, -10.0426358730991], [123.575272338943, -10.0283358433276], [123.575272338943, -10.014999900062], [123.576663399598, -9.94889099134231], [123.581654152401, -9.93347298332226], [123.596363386686, -9.92110883791361], [123.64339122805, -9.89979097586985], [123.658045141774, -9.88055501094266], [123.661654221654, -9.87055506515032], [123.666100318387, -9.84986400182772], [123.671918197397, -9.72944606007354], [123.673309258052, -9.69694606861026], [123.670536189198, -9.67249991265471], [123.666927276956, -9.66249996686231], [123.663600331938, -9.64555494371752], [123.674700318707, -9.62944609923568], [123.786927297017, -9.5172268322765], [123.977345194594, -9.35694606765111], [123.995245251789, -9.35083582785716], [124.046100270153, -9.33999987103971], [124.066600226083, -9.40159998639075], [124.118800204635, -9.43228194305016], [124.176100236006, -9.41864609528817], [124.200100307074, -9.3990357945641], [124.249400314757, -9.40436400278957], [124.262300231418, -9.42766401730177], [124.293400277409, -9.46362690825266], [124.340400290854, -9.46166403416157], [124.368500286052, -9.42896405048795], [124.449300324146, -9.28265508030468], [124.462809269894, -9.18440894889216], [124.503600304725, -9.18444599690435], [124.528318201983, -9.18194601045629], [124.553036266878, -9.17916405678448], [124.603872342141, -9.16152685607346], [124.659291306797, -9.12166403320225], [124.671654111101, -9.10666394687553], [124.742200231736, -9.05471793999101], [124.797763365127, -9.01471782154545], [124.818327191159, -9.00778196428632], [124.838045283158, -9.00722691465661], [124.859418298125, -9.00110896351181], [124.934709246523, -8.9605549689028], [124.951900362346, -8.95012687549497], [124.946300245181, -9.00894604300266], [124.965300343352, -9.03727302013943], [125.018500282955, -9.03431789634762], [125.093300219464, -9.01167301138941], [125.139900248488, -9.02411795834484], [125.159700315501, -9.06809998372416], [125.165900241659, -9.10920886032483], [125.140000328412, -9.15039987957693], [125.069100323824, -9.16717290606823], [125.019700236217, -9.1678550253506], [124.986800260333, -9.19436396768332], [124.966300304404, -9.22130893662064], [124.971000205165, -9.27439085902678], [125.019900228427, -9.3362268411338], [125.062300253397, -9.36777297201303], [125.129418175624, -9.43529087866052]]], [[[138.559754244014, -7.37908194849894], [138.590518343325, -7.3705550383748], [138.638991392438, -7.36416400482376], [138.702472406867, -7.36263581623252], [138.761363323466, -7.3705550383748], [138.806918296799, -7.38319092508511], [138.828309249039, -7.40249998020818], [138.864609260136, -7.45673592304677], [138.880236312822, -7.487081933026], [138.89082718279, -7.50721794671869], [138.924972374213, -7.54291781354709], [138.96829139105, -7.55610891752536], [139.001063459091, -7.55749997818021], [139.03665419354, -7.61389090833125], [138.981354251909, -7.76944595593307], [138.913300238733, -7.87860884570989], [138.881900288246, -8.03610883013004], [138.848845247152, -8.07833585261755], [138.782336186374, -8.13944596190749], [138.74275415726, -8.15278190517303], [138.70859136384, -8.15610885019072], [138.667345191665, -8.16458194849645], [138.647491312834, -8.19749986165317], [138.623563326134, -8.23499999365072], [138.603027328021, -8.25528202009713], [138.452900233292, -8.37791781343764], [138.407745244379, -8.40110886320827], [138.379545169257, -8.41055493283734], [138.299700332851, -8.42639086255094], [138.272754190447, -8.42333582647302], [138.250382387895, -8.40471794308769], [138.213009325551, -8.39430896041914], [138.182191246783, -8.39083583500974], [137.868291318919, -8.37110885819317], [137.804000277365, -8.38194598847697], [137.703354239428, -8.41097302216884], [137.67385413112, -8.4313910030852], [137.644909240079, -8.4351358697963], [137.630936272171, -8.41083589423256], [137.634282327928, -8.38110897162357], [137.708009213189, -8.18610885520593], [137.727754127278, -8.13778198648454], [137.862182252591, -7.87528190069218], [137.905245286104, -7.79583587524047], [138.018245243527, -7.62520882458261], [138.048854277628, -7.59208203439807], [138.070527197092, -7.57389095752371], [138.105527175003, -7.5472178975262], [138.163027198585, -7.50847305290369], [138.22134529592, -7.471108875376], [138.239682385548, -7.46166397921349], [138.362454133359, -7.4154178341422], [138.40691828581, -7.40860887889761], [138.454954134852, -7.40194593640678], [138.478300249832, -7.39778197453563], [138.512482321629, -7.39110897376094], [138.545536189256, -7.38278188820903], [138.559754244014, -7.37908194849894]]], [[[106.444427261646, -2.9813908743065], [106.406100338717, -2.96971790063572], [106.310809331097, -2.92249995770749], [106.281163377673, -2.90763582585066], [106.211382357161, -2.88499999334806], [106.145745181954, -2.86847289189667], [106.116091349541, -2.84999984779859], [106.09290029977, -2.84236393398435], [106.020963286118, -2.83499992911004], [105.99622728395, -2.83221780780026], [105.972618312486, -2.81486391541733], [105.929154121086, -2.74860882630584], [105.918872375708, -2.724717887618], [105.900963433695, -2.64666392864961], [105.90102713616, -2.61208187243177], [105.925191324892, -2.55242686153702], [105.938727260367, -2.52486397869609], [105.94108223989, -2.50055495067676], [105.934291221919, -2.47319088657963], [105.918182377437, -2.45444593354176], [105.898736194377, -2.44305492709452], [105.85581816779, -2.43110887101745], [105.821872298025, -2.38799085221991], [105.807745270736, -2.27221782594246], [105.801091213062, -2.18333578914554], [105.792491212742, -2.16444599682052], [105.747345108647, -2.13160000039319], [105.480272359383, -2.10110898348854], [105.415818205993, -2.12028191650381], [105.342482252697, -2.12694603246109], [105.137554107217, -2.07583586896346], [105.122745128283, -2.02652680882517], [105.143054144458, -1.95028199984314], [105.178309267502, -1.92402686153925], [105.20888225942, -1.91333591164711], [105.261654219046, -1.89778194915703], [105.286800263919, -1.88458196036152], [105.385400279284, -1.81569093033192], [105.398745107367, -1.79499986700945], [105.401509291404, -1.76819085254209], [105.387763305434, -1.74076392417091], [105.36261826639, -1.72471794396307], [105.335891226936, -1.70881780887094], [105.345127246071, -1.65610888115719], [105.393336265233, -1.60666403418709], [105.455272327264, -1.56708200507307], [105.57666340798, -1.52875491450601], [105.604982338489, -1.53597290662662], [105.6474913282, -1.63805493221912], [105.650127269119, -1.71299099083569], [105.656372289916, -1.7352819918408], [105.685118194574, -1.76471789477068], [105.709563344702, -1.77819096597251], [105.781100206295, -1.79499986700945], [105.809700265838, -1.79236392609136], [105.750263352064, -1.64221788826188], [105.709154140187, -1.54749986754383], [105.744136180826, -1.52916395138202], [105.886927266237, -1.49041793329298], [105.910682250454, -1.49555503412552], [106.026791223412, -1.57471791888731], [106.043382362604, -1.59909986946441], [106.032627207334, -1.61652685204319], [106.027772409001, -1.64749999601975], [106.035945267534, -1.68055503711281], [106.090818235016, -1.77166397795151], [106.138045230399, -1.84916406075655], [106.16638226582, -1.93055502302662], [106.163309292469, -1.96194608869667], [106.162200199037, -1.99499995632329], [106.165963338298, -2.03555495676062], [106.187482366018, -2.14763592231714], [106.240818260091, -2.31125503134843], [106.253882294417, -2.34278188385037], [106.27040922823, -2.37430890399026], [106.315254254363, -2.43208200997879], [106.357409192483, -2.47215505098223], [106.386236233964, -2.48444593855697], [106.616382341047, -2.52694604345066], [106.781663413845, -2.59194602637705], [106.74248237498, -2.61444607204811], [106.718172341132, -2.63889088689916], [106.681500341171, -2.68430889993448], [106.667763407656, -2.71166391157618], [106.656936168018, -2.741946051453], [106.648472289806, -2.76600898679436], [106.643882359614, -2.77666406214076], [106.608172266864, -2.87458195822404], [106.601363311619, -2.92263591217738], [106.608863270964, -2.94791791151989], [106.65416343444, -2.97444596459207], [106.659709236872, -2.97444596459207], [106.672200284296, -2.97013582232916], [106.741227268795, -3.00215502782487], [106.741509236018, -3.07333582617038], [106.717754251801, -3.09833585828926], [106.519400200637, -3.10249093534305], [106.457491295972, -3.00944594250342], [106.444427261646, -2.9813908743065]]], [[[119.200545164945, -9.74750000901167], [119.188163417539, -9.74624607629312], [119.120245191195, -9.72666393876387], [119.083882315824, -9.71499984991039], [119.06553617374, -9.70639096477284], [119.048045153421, -9.69319097597725], [118.933245266105, -9.55944597577498], [118.985682284879, -9.47152685201752], [119.005254196486, -9.45028191253158], [119.033527194166, -9.43124593981486], [119.145536242993, -9.39499990817388], [119.28214517188, -9.36028189748613], [119.32249129529, -9.37333587352805], [119.379963323315, -9.37999998948539], [119.593882233443, -9.34486405710414], [119.644218244362, -9.34517301405607], [119.675127182959, -9.36889095026169], [119.724691220593, -9.38402682342013], [119.805945222565, -9.38778191605326], [119.827491240014, -9.37860892883048], [119.90637232519, -9.32110890524826], [119.939836235521, -9.28965497530413], [120.007482385287, -9.3566639327894], [120.029163351378, -9.38333581932046], [120.055818306464, -9.42471794596548], [120.080891261141, -9.45381790221512], [120.12220029759, -9.47736400940529], [120.151645252976, -9.48069095442299], [120.186572308329, -9.46749985044473], [120.236718217683, -9.50534598740626], [120.249018325351, -9.57999991116112], [120.250263373252, -9.61916401858168], [120.261591347787, -9.64687291417647], [120.334163374425, -9.6761819150919], [120.354427295961, -9.66097295173757], [120.373591344159, -9.64347304660094], [120.455327305564, -9.6306909794988], [120.593318242651, -9.74492693236766], [120.619709335425, -9.79555496879333], [120.624418288642, -9.81944607511906], [120.668800298442, -9.8922179263297], [120.719291374569, -9.91999991212026], [120.741236202972, -9.92555493464642], [120.764982302373, -9.93597296977033], [120.785954159453, -9.95249990358366], [120.814291362511, -9.9852820299086], [120.826663386909, -10.0102818943895], [120.836518325776, -10.0544459747061], [120.833182328303, -10.0773639420706], [120.822209243549, -10.0969460795999], [120.72435421174, -10.1995819813558], [120.69984519151, -10.2159729606992], [120.627200242314, -10.2388909280637], [120.494427207606, -10.2644460098124], [120.391372378329, -10.2658358970008], [120.220263368237, -10.2483358242262], [120.162345255323, -10.230417829758], [120.089982273351, -10.1727820193439], [120.042763324594, -10.1180550646159], [120.029163351378, -10.0844459797214], [120.017563300265, -10.0519459882581], [119.982482353168, -10.0013908743903], [119.95560930096, -9.97541787094804], [119.928591241827, -9.97652679674127], [119.784418315855, -9.90555504306167], [119.732209284848, -9.87582694698631], [119.700818219178, -9.85631789965288], [119.687063348391, -9.83055494670471], [119.682754211956, -9.80715501990643], [119.629836239577, -9.77222695872445], [119.480118181724, -9.7502819626834], [119.223172280268, -9.74277295088365], [119.200545164945, -9.74750000901167]]], [[[126.127900324248, -3.11968188352778], [126.144145123199, -3.14360886439915], [126.176845274511, -3.17097292849645], [126.212400302052, -3.17270882064896], [126.230554163276, -3.14639098570899], [126.244282379611, -3.12916399534055], [126.283736165607, -3.10694608453128], [126.416372407654, -3.07180897868365], [126.61026343064, -3.06278200421457], [126.641663381128, -3.06139094355962], [126.737354205531, -3.05930887880504], [126.826800344413, -3.074446093068], [126.993872294648, -3.14499992505416], [127.084427191685, -3.1983358191272], [127.101718219794, -3.21360882022196], [127.113963342178, -3.26999991801097], [127.084427191685, -3.27076401230664], [127.054563308778, -3.26708200986947], [127.041854164234, -3.28778195800931], [127.053172415761, -3.33069093214101], [127.096227235009, -3.37020892351468], [127.126918244124, -3.35839999537387], [127.14477236849, -3.33923577953812], [127.260545227129, -3.37749983819317], [127.241363409296, -3.59500000028175], [127.236645235986, -3.61749987831445], [127.216718266959, -3.65416399928694], [127.185327201289, -3.66360889544944], [127.14700027836, -3.6531268225852], [127.105400222232, -3.66374602338591], [127.015827181335, -3.70110885980898], [126.987200299702, -3.72221784482503], [126.866654114829, -3.78110892906211], [126.728045263838, -3.82749991342069], [126.693036233471, -3.8349269502072], [126.50804528294, -3.76889096404523], [126.381927311734, -3.70999987980816], [126.242200314857, -3.61555494149628], [126.061918317542, -3.44666395062894], [126.044145162361, -3.42680889833145], [126.01720924588, -3.35125492581103], [126.008891380421, -3.18430887176196], [126.024572412563, -3.15201792496441], [126.070827274814, -3.11610884583216], [126.095545172072, -3.10319099189827], [126.119136206263, -3.10847293201796], [126.127900324248, -3.11968188352778]]], [[[114.478591280687, -8.09003581601673], [114.501636150066, -8.0930549775489], [114.717336214623, -8.14305504178691], [114.745263374977, -8.15999989729376], [114.76762729854, -8.1718088254345], [114.836927197808, -8.18805496549067], [114.878036242047, -8.19083591333395], [114.99401831299, -8.18639099006754], [115.016100269329, -8.1809729278399], [115.039709240793, -8.16708193494452], [115.0994272836, -8.11221785228025], [115.12330933747, -8.08778192224657], [115.145263385967, -8.06860898923133], [115.166436241085, -8.05916392543076], [115.195682377727, -8.05805499963754], [115.361100243185, -8.11416396256494], [115.394709328079, -8.12833591685547], [115.461109256478, -8.15749991084568], [115.502209248261, -8.17860889586161], [115.528872417613, -8.19278202361869], [115.561218182057, -8.21528190165152], [115.70888233835, -8.36055503623743], [115.714009213261, -8.38471788386489], [115.709845251389, -8.40444603414784], [115.692609208565, -8.42819096008192], [115.615254132686, -8.49389099956359], [115.502772344518, -8.55083580587791], [115.446636224225, -8.569717886852], [115.395263371881, -8.58749992685035], [115.3760822246, -8.59555493582457], [115.33818227582, -8.61541786711098], [115.298036144621, -8.6470820151872], [115.267682255653, -8.70404609987897], [115.222682331949, -8.72518190698526], [115.205882315729, -8.74091792441266], [115.203763370601, -8.77377297329549], [115.220982314342, -8.78803578741673], [115.227927224057, -8.76646395370602], [115.2408182559, -8.80721794052539], [115.220127192578, -8.83652694144087], [115.158336137472, -8.85360892488393], [115.135954108998, -8.85458189620733], [115.102618274148, -8.84679996963939], [115.091436144728, -8.82721783211014], [115.13781824427, -8.79031784438154], [115.173136231588, -8.77514609667753], [115.179045138067, -8.75390886854251], [115.175618280764, -8.71279999194184], [115.161945217351, -8.67823587299683], [115.145263385967, -8.66055491875108], [115.076100279359, -8.59221793252288], [114.966382339953, -8.49666406841795], [114.925809234605, -8.46999989323787], [114.884427275598, -8.44666400417992], [114.792209241328, -8.41110897663867], [114.753327268769, -8.40222684145698], [114.710400357364, -8.39555501414879], [114.653872299277, -8.39749995096697], [114.628872267158, -8.39999993741514], [114.60928225064, -8.39569096861851], [114.571663430893, -8.35971785174593], [114.528736184212, -8.30819094002124], [114.497618200948, -8.26208192288624], [114.484709231832, -8.2408358099338], [114.46499130747, -8.20263578901915], [114.455818320248, -8.17791789176187], [114.449836155935, -8.10229099668379], [114.478591280687, -8.09003581601673]]], [[[116.339809314524, -8.21854598239515], [116.376645264512, -8.20597295995884], [116.464427260333, -8.22389095442707], [116.658527160347, -8.28673578240308], [116.715809254446, -8.33528192171218], [116.734909264904, -8.36548191893763], [116.737063414026, -8.3962550707039], [116.677463388416, -8.54860890183613], [116.593872344195, -8.70333581740187], [116.549145167621, -8.77499991628572], [116.55941819582, -8.85639087855571], [116.601863315428, -8.87200887878613], [116.582836227529, -8.89618195233556], [116.545254120518, -8.90972694026681], [116.468518299647, -8.91135504114413], [116.477063314682, -8.87819086767139], [116.485572287533, -8.84107295045971], [116.443454229787, -8.83694603660081], [116.419145201768, -8.86041788012853], [116.382754163202, -8.91666397099215], [116.259427198123, -8.92333579830046], [116.197063323753, -8.91687301565798], [116.164991312267, -8.88139091067467], [116.081382330772, -8.85971782357342], [116.057209257223, -8.863054994513], [116.035472300019, -8.87639093777852], [116.001100294296, -8.89694604663112], [115.857754159255, -8.82257291663343], [115.844145133584, -8.76347295536858], [115.872863377961, -8.73291790072358], [115.887763384364, -8.75166402722788], [115.943800262924, -8.7777820375955], [115.970945224071, -8.77513587075556], [116.073036134481, -8.73110891837519], [116.090272344943, -8.62333591578682], [116.089854255612, -8.59999985909082], [116.081382330772, -8.56444600501613], [116.068882230894, -8.52221780906221], [116.102482263333, -8.40639097096613], [116.275891267662, -8.2432640472906], [116.309436147179, -8.22736391219848], [116.339809314524, -8.21854598239515]]], [[[123.075545281884, -4.40350882747425], [123.062818200067, -4.41854596181293], [123.076936174901, -4.46249999163558], [123.103863374203, -4.48028203163387], [123.135082275581, -4.49520886012647], [123.192745243362, -4.57666402777501], [123.200672344493, -4.59944604066946], [123.212772292313, -4.69749989122266], [123.216927201729, -4.75499991480491], [123.216927201729, -4.78916404932932], [123.215391301787, -4.82180888007985], [123.204118312536, -4.84121784748902], [123.186100238144, -4.79916399512166], [123.177754209491, -4.77333583096658], [123.135400284989, -4.70958190176964], [123.045536224413, -4.75749990125298], [123.014582358814, -4.83541790575157], [122.989963368015, -4.94666403374941], [122.98304528039, -5.03416406234688], [122.979709282917, -5.10721788078105], [123.021936137766, -5.1430550431839], [123.043309320371, -5.13833586404485], [123.212772292313, -5.27236400493724], [123.214636259946, -5.29368203461906], [123.165545129291, -5.36360890024584], [123.143182379195, -5.38589990125092], [123.050263450179, -5.42639086394792], [123.030600343465, -5.42118201402399], [122.997900359791, -5.39496392373212], [122.901236228789, -5.43916404623269], [122.875254172891, -5.46430891763891], [122.862063404189, -5.50451791311222], [122.901163306231, -5.50749985899427], [122.914636209795, -5.52680891411729], [122.902354207037, -5.5601358641502], [122.829091343937, -5.67659989452739], [122.803454119537, -5.69194598581811], [122.655445131747, -5.68503577718293], [122.603591325798, -5.59778200890146], [122.576663288305, -5.53555492719113], [122.568600232704, -5.50694598283088], [122.660263384982, -5.36166396342753], [122.734772301812, -5.25450887474296], [122.781100254258, -5.12971792645192], [122.818045168988, -4.9713909834622], [122.853182274835, -4.81062691829835], [122.849427182202, -4.76360896758048], [122.845263387969, -4.72694602007437], [122.843318283513, -4.6852819262058], [122.84401817243, -4.64833583800976], [122.854427155099, -4.60055496646273], [122.864154186123, -4.57291781995929], [122.900263425103, -4.49221786178903], [122.914291378297, -4.47166392640287], [122.939145230024, -4.45221791098152], [122.989963368015, -4.41389098805246], [123.00985412722, -4.3997178602955], [123.032482248371, -4.38805494490844], [123.059145250085, -4.38055498556411], [123.080054242891, -4.38826398957423], [123.075545281884, -4.40350882747425]]], [[[108.293318198087, -2.85379098261541], [108.260272377088, -2.90749987138082], [108.216382217368, -2.97999998128973], [108.205682382658, -3.00666398883176], [108.198027190467, -3.11889096714196], [108.104154233229, -3.16194595402738], [108.077382266774, -3.22736402628544], [107.984982345204, -3.24902688746483], [107.974491219885, -3.23194607748821], [107.971791241226, -3.19152686388258], [107.968863274801, -3.16513593874685], [107.895545258778, -3.07416395820639], [107.869709215634, -3.05180891946084], [107.848600230618, -3.05999988290478], [107.821800268606, -3.08715506997425], [107.841372347851, -3.11180892949114], [107.837482306577, -3.15576396514211], [107.814982260906, -3.17097292849645], [107.644491332356, -3.22624604803674], [107.612127295362, -3.2120819727353], [107.579163281738, -3.00819100395648], [107.582627187054, -2.98347293906113], [107.611363368705, -2.91221787705336], [107.614800284292, -2.77874595925732], [107.635672396724, -2.75402688853358], [107.634136161506, -2.69889089692953], [107.64971828719, -2.58583578658328], [107.666091329261, -2.56437291761427], [107.708691346441, -2.55781793403661], [107.76956340968, -2.56173580322979], [107.832763295076, -2.53499987895834], [107.995245147481, -2.57833582723902], [108.084572263338, -2.60528196964266], [108.263045110666, -2.75139094761551], [108.291227248515, -2.83625503529504], [108.293318198087, -2.85379098261541]]], [[[112.939418205328, -6.89333590597539], [113.001663391949, -6.88721795483055], [113.10248226473, -6.88389100981282], [113.312191280157, -6.89249989495028], [113.551936175145, -6.89528201626008], [113.76639135944, -6.88721795483055], [113.872754190634, -6.87278197058919], [113.906236205876, -6.86541796571476], [113.941100229317, -6.86541796571476], [113.971918308085, -6.87221786850388], [113.991363317678, -6.88028192993341], [114.104427145203, -6.93139091996465], [114.123454233103, -6.94979087386678], [114.127963361747, -6.97326405849908], [114.066236176744, -7.00389086223539], [113.98580930098, -7.01916403096823], [113.892491225734, -7.03889100778486], [113.859918311713, -7.0653459706611], [113.827472299707, -7.1238908822961], [113.750000212458, -7.11305492547871], [113.704709269075, -7.1102820242624], [113.677463389813, -7.11305492547871], [113.624554134613, -7.12513593019725], [113.560527290648, -7.16971793220751], [113.548872421888, -7.18889086522262], [113.503882221192, -7.22528190378882], [113.440809237811, -7.22778189023699], [113.401091254227, -7.22916406607442], [113.173591313984, -7.22156402680599], [113.105818262203, -7.18999995865392], [112.981936247495, -7.19999990444631], [112.854982265264, -7.16944602326771], [112.825000197522, -7.1652818937585], [112.786518209384, -7.16249994008684], [112.74240928199, -7.16416391550985], [112.716936175255, -7.14875495994516], [112.694136225087, -7.09249998426407], [112.687763296447, -7.04763584739221], [112.702963374984, -7.03374602796328], [112.743591297979, -7.02486406041959], [112.77012723004, -7.00347294054195], [112.813872382835, -6.95166406159359], [112.838809215404, -6.90881795173586], [112.921654102603, -6.89333590597539], [112.939418205328, -6.89333590597539]]], [[[97.810791202204, 0.549718026932398], [97.6992723270763, 0.578054056524415], [97.6798362023005, 0.601944995212255], [97.6889912522504, 0.619927027420939], [97.656082223911, 0.716945042376782], [97.6210822459998, 0.798609087053013], [97.6121823411832, 0.816945003214593], [97.5837272885656, 0.847636012329536], [97.3922002975575, 1.01305404542545], [97.3666361633532, 1.06305394202536], [97.3455182935198, 1.10333602769457], [97.3052362078506, 1.17250014013029], [97.2506002805914, 1.26028213595134], [97.170809256004, 1.33305398716198], [97.1146823558038, 1.39333596441598], [97.1577452216784, 1.41166416922658], [97.2235912739138, 1.40833605074249], [97.2517822965805, 1.4159731380231], [97.3155182885047, 1.46721808252426], [97.3324091645549, 1.48791803066399], [97.3963634212382, 1.50139110186597], [97.4824633367255, 1.47000003619592], [97.5239361555631, 1.42333596943114], [97.5338633464356, 1.39721812670155], [97.542736261524, 1.37889109535707], [97.6850361674072, 1.18395401085149], [97.7355181910791, 1.16500001314807], [97.787609204889, 1.14805398417474], [97.9093451171022, 1.03923609353353], [97.9361452467521, 0.970345063504093], [97.9200722768161, 0.935536025347507], [97.9033093086087, 0.906109007235103], [97.8953912599328, 0.876391137081602], [97.8876091657269, 0.773191133240331], [97.8869181616271, 0.729444974617137], [97.8869181616271, 0.691108999232765], [97.8864271497378, 0.642573085845519], [97.8703823429964, 0.613609084065784], [97.8190002705591, 0.555282101913928], [97.810791202204, 0.549718026932398]]], [[[99.2822091630546, -1.73944595371194], [99.2519362432714, -1.65999992826022], [99.2435912204464, -1.64083588006236], [99.2256822784337, -1.62215496476513], [99.1985912967429, -1.63389097034804], [99.221100227231, -1.65944605209677], [99.2383092803266, -1.69555495580142], [99.2486002457981, -1.73194599436766], [99.2491541219615, -1.77360891476986], [99.112209246394, -1.8052819476635], [99.0870722539768, -1.79944596374225], [99.053863321141, -1.7847179539935], [99.0361002242438, -1.7749999754247], [98.87622715539, -1.67694595723351], [98.8269362001627, -1.60944598785887], [98.8299912362406, -1.57652690123558], [98.8024722745723, -1.52221786820122], [98.7908182440028, -1.50305499346985], [98.7344182613962, -1.42555507830287], [98.7137362505291, -1.4020818936706], [98.6913632745108, -1.37639085745189], [98.6324723579117, -1.28805498546753], [98.6030451721612, -1.223055002541], [98.5935271858026, -1.18368201809267], [98.6124912417902, -1.15110893643357], [98.6283092342309, -1.12555502815115], [98.6420723192835, -1.09444592970471], [98.6529002294739, -1.04339997158559], [98.6512362540508, -0.998472970439703], [98.6574822806765, -0.971108906342472], [98.6948362322821, -0.948545996397633], [98.7562361877848, -0.956108820015922], [98.7856823166367, -0.957499880670758], [98.8324912226887, -0.928890936310497], [98.8879822717123, -0.911317940977991], [98.929154180225, -0.950281888550145], [98.9902632836867, -1.10860883153986], [99.0533181621569, -1.22416392833419], [99.0564362301469, -1.27007295325883], [99.1080362320674, -1.36944594773746], [99.2242182952211, -1.58812695234866], [99.2508182650227, -1.58291793478669], [99.2783182835898, -1.61986402298276], [99.2961633555, -1.70860893184329], [99.2861002101576, -1.73666400004021], [99.2822091630546, -1.73944595371194]]], [[[131.64571826417, -7.1166549529026], [131.654009307538, -7.11610895572819], [131.710509202431, -7.14416402392517], [131.740018195557, -7.20881783424956], [131.698027207463, -7.22694604684995], [131.676009288864, -7.22278191734075], [131.640454261323, -7.25180895103262], [131.67067236346, -7.40381795066719], [131.679136241672, -7.44055499419745], [131.679136241672, -7.48139095603011], [131.63010026394, -7.62916390942599], [131.572209308392, -7.70416400578297], [131.48855422643, -7.77083584312152], [131.401227200315, -7.82999984212688], [131.376891350205, -7.86389089424502], [131.344118276336, -7.92194596745709], [131.344700315694, -7.96499994851411], [131.340527301367, -7.99458203183581], [131.329272417028, -8.01430884101433], [131.302609247676, -8.02833578837955], [131.136091341243, -8.01208193697244], [131.108563327119, -7.99847291130072], [131.084309284385, -7.86593591098746], [131.189700317722, -7.68499995758526], [131.176500328926, -7.65555500219989], [131.188291319794, -7.6158358451495], [131.199400359018, -7.58610892254059], [131.237045162665, -7.49097298012896], [131.306363334481, -7.43305503485322], [131.333436211261, -7.42263582626281], [131.385800307477, -7.37278194241668], [131.456909356731, -7.28694605688038], [131.535327257937, -7.14819085785997], [131.579127228378, -7.12444609956401], [131.64571826417, -7.1166549529026]]], [[[130.759427219311, -0.452781903170715], [130.726763445459, -0.440972975029863], [130.709136303032, -0.417499958035646], [130.690736181492, -0.33379994907262], [130.680218234082, -0.30342694936503], [130.644482325069, -0.314408918936182], [130.589009213319, -0.323664048810308], [130.542772288341, -0.366035910585043], [130.512409346917, -0.254235906423849], [130.461772425674, -0.265417868205302], [130.428591320757, -0.275282027165821], [130.359954262394, -0.267217965736292], [130.243700282511, -0.227635936622285], [130.219327216751, -0.211255015562645], [130.2394722829, -0.198681993126241], [130.263445196601, -0.210764003673202], [130.385236261737, -0.221254961355026], [130.428436255548, -0.197499977137219], [130.400645217302, -0.149846007604597], [130.374009205316, -0.149554987925456], [130.338927252392, -0.151735791499728], [130.345518278153, -0.18757295390259], [130.296372329851, -0.176526946591092], [130.276172278418, -0.139099904789442], [130.28371833823, -0.106254914190461], [130.359954262394, -0.0874999028688952], [130.44422725826, -0.0875178401417362], [130.655245191691, -0.0533359359825532], [130.698882385572, -0.0366269472317543], [130.719700350909, -0.0519460487940924], [130.768100309827, -0.0478459570253413], [130.751163333309, -0.0322178985111361], [130.78373624733, -0.0124999741500029], [130.824709337099, -0.00867296478742426], [130.847200330315, -0.0115268351885867], [130.877445254541, -0.0191639224691971], [131.042482246318, -0.0663909178528754], [131.13970930594, -0.075835814015366], [131.262482394854, -0.14221780514129], [131.299836178822, -0.167635926591913], [131.313291312751, -0.202499950033384], [131.322209322478, -0.273335916881133], [131.311100283255, -0.301946034707896], [131.296627251001, -0.328891003645141], [131.283600264688, -0.349999988661072], [131.255554248946, -0.387781920244217], [131.251372349802, -0.390281906692217], [131.169554245745, -0.339308871130993], [131.106082283772, -0.333608841679622], [131.034972396327, -0.360835777840534], [130.977872357166, -0.363890981556492], [130.947054278399, -0.344999848126915], [130.901363350595, -0.279999865200353], [130.87530921033, -0.251254966370199], [130.791072424286, -0.217782003583577], [130.71023617637, -0.0972178814375838], [130.68864523192, -0.0804909554139566], [130.6143363073, -0.0890998405514002], [130.627163301404, -0.137499967106797], [130.728027268823, -0.245282022150597], [130.825527243213, -0.290690982730559], [130.883863445459, -0.300281891646761], [130.917754162301, -0.321254922192914], [130.943163398934, -0.364446031186331], [130.930818196626, -0.391108865261905], [130.915800340665, -0.408890905260262], [130.884982261897, -0.426108843173217], [130.84830037129, -0.440835847093634], [130.842863365961, -0.441046065225822], [130.818300366275, -0.447217828189263], [130.79302725175, -0.450846018807863], [130.759427219311, -0.452781903170715]]], [[[122.709154188151, -4.61833583299455], [122.73352725391, -4.64333586511361], [122.749418168909, -4.74721782059897], [122.768054157205, -4.87499993486563], [122.78027228986, -4.89694593673506], [122.775400224807, -4.95555505374859], [122.707763295134, -5.01444597034759], [122.646382282733, -5.06757298739297], [122.60020034304, -5.16847299699641], [122.604427169185, -5.19555492623193], [122.631654105346, -5.21694604610957], [122.657345141565, -5.27610887164843], [122.656372337879, -5.30360889021552], [122.643591276605, -5.35236390655229], [122.6027633614, -5.42270886151067], [122.548600341119, -5.43749990317155], [122.454709278971, -5.40389098591504], [122.31191819356, -5.3920818901363], [122.284709194672, -5.38173593937984], [122.273736277556, -5.32778196376484], [122.322491293893, -5.15360886513963], [122.337627167051, -5.1183998425625], [122.365672344603, -5.10374609647607], [122.388045152983, -5.08833579980694], [122.396936172982, -5.06847303615842], [122.389709296044, -4.98360894847906], [122.357482386987, -4.9030550030625], [122.348318284582, -4.88152692288657], [122.331172431036, -4.84902693142327], [122.374218197828, -4.7558999635703], [122.396100329595, -4.74360890835765], [122.421236148546, -4.74389087558126], [122.455818204764, -4.7408358395033], [122.48692730321, -4.73444597941877], [122.521582281986, -4.7224268331458], [122.553172334038, -4.70402687924366], [122.590554113562, -4.67278199396532], [122.604145201961, -4.65757303061099], [122.698309346516, -4.61187305035208], [122.709154188151, -4.61833583299455]]], [[[124.424927258387, -1.65711789466434], [124.530545273663, -1.63610882193438], [124.608036304012, -1.63528203100294], [124.635272292628, -1.63528203100294], [124.656936159636, -1.637782017451], [124.955254129454, -1.70097301802906], [125.011518325229, -1.72097290961386], [125.118700236003, -1.69177304107802], [125.290736284589, -1.73326396482651], [125.318454232639, -1.7901358485832], [125.319982253592, -1.88742694594527], [125.298036251723, -1.87986395468891], [125.159572407658, -1.87499993626256], [125.05525425793, -1.8908358659762], [125.029500357437, -1.90430893717804], [125.021100349327, -1.93805498237078], [124.999291307756, -1.94507298228121], [124.967754229333, -1.9361088720861], [124.928036245748, -1.92083587099138], [124.854354119851, -1.89715498279776], [124.78637235868, -1.91305495025188], [124.716100326279, -1.94971789775793], [124.691509331037, -1.96958200251085], [124.573609313003, -2.00249991566744], [124.523609248765, -2.01278199632163], [124.405327183584, -2.01610894133932], [124.328318280307, -1.88249989560689], [124.326927219652, -1.82028186635198], [124.367482387727, -1.69499990617157], [124.376918231434, -1.67708191170334], [124.395127245582, -1.66284608731042], [124.424927258387, -1.65711789466434]]], [[[135.460845273093, -0.662426880857428], [135.479127209798, -0.672154917710037], [135.546018317725, -0.678190893841602], [135.582736250516, -0.674446027130456], [135.670882356212, -0.68868201916143], [135.764436298213, -0.750972970974102], [135.795318247083, -0.732154927740345], [135.820254241462, -0.707499894757055], [135.851636254676, -0.703472893184149], [135.889545255912, -0.725555017161573], [136.064836165148, -0.874163981582513], [136.108000284413, -0.942781929205815], [136.193927197418, -1.06221784718116], [136.221500306181, -1.06208189271131], [136.266354217131, -1.04937291580512], [136.365663341507, -1.09416396248109], [136.386363457285, -1.11520890975669], [136.339418261487, -1.15721783512294], [136.314972440808, -1.17360898210449], [136.264845139279, -1.1990269359169], [136.158018285924, -1.22221781804949], [136.127163326782, -1.22555498898908], [136.097745193487, -1.22083580985009], [136.074982291332, -1.2091640096456], [136.047527199766, -1.18299101399305], [136.019836241444, -1.17430887102154], [135.992736207298, -1.17360898210449], [135.962054250638, -1.17694598540601], [135.918518310147, -1.19249994789602], [135.884282258893, -1.18555503818146], [135.833163378216, -1.13486396984381], [135.788027164767, -0.950835932351538], [135.788027164767, -0.92639094986242], [135.789900352494, -0.897290993612679], [135.766082336364, -0.843890894161168], [135.75720036882, -0.825554977999448], [135.728291352325, -0.822635896391437], [135.623563327531, -0.872781973383151], [135.606354274435, -0.855554983014659], [135.539982341593, -0.798890970457423], [135.519991334826, -0.78444593376061], [135.481609258974, -0.775517865749298], [135.486127272436, -0.807217888371263], [135.4620361739, -0.797899894223191], [135.424836281675, -0.766664061400448], [135.404163323263, -0.742635827138324], [135.368291292143, -0.665345962465502], [135.383091386259, -0.636599890168833], [135.460845273093, -0.662426880857428]]], [[[128.141109252809, -1.58823591709018], [128.152772335834, -1.60583590215106], [128.157627301805, -1.61819099510434], [128.159291277227, -1.64319085958521], [128.154145291578, -1.66194603854496], [128.146654217051, -1.67847297235818], [128.138309194226, -1.68721781196563], [128.124545270983, -1.69778202748137], [128.099118264715, -1.70999999249814], [128.089691305826, -1.71416395436933], [128.078854175542, -1.71694607567895], [128.058872388868, -1.71749995184247], [128.00332719275, -1.71139088551497], [127.86164520077, -1.69639096682641], [127.706236165922, -1.68930892917569], [127.678036258438, -1.70028201392945], [127.669709340524, -1.70583586298904], [127.655818179991, -1.71971780342893], [127.640272431766, -1.7279178193283], [127.557209279807, -1.74139089053018], [127.544145245482, -1.74221784909982], [127.533336278393, -1.73944595371194], [127.503882270552, -1.72778203249647], [127.440809287171, -1.69499990617157], [127.431927319627, -1.69028190049904], [127.394145220406, -1.65944605209677], [127.383327200861, -1.6427819903472], [127.378309290692, -1.63389097034804], [127.379154186535, -1.62083582083966], [127.382472414373, -1.60721791035053], [127.394672274479, -1.57336390624448], [127.390827160206, -1.5441640377087], [127.40373629696, -1.48333589564226], [127.42499129473, -1.44083579074857], [127.442200347826, -1.42083589916377], [127.460536263987, -1.43535503188491], [127.555254117067, -1.37694607471981], [127.586645182737, -1.35389097941908], [127.612200264486, -1.33805504970553], [127.628582359012, -1.3304179624248], [127.643600214974, -1.32833589767024], [127.681372423549, -1.33721786521392], [127.721372374357, -1.34860887166127], [127.879436293224, -1.42694597131964], [128.110227303939, -1.56194607770702], [128.141109252809, -1.58823591709018]]], [[[134.120945240765, -6.17035501319567], [134.191927220367, -6.22416398188517], [134.216900262757, -6.23666391412566], [134.276918210061, -6.29694605901767], [134.297500308641, -6.30522687646402], [134.300045222091, -6.3185460559231], [134.285245295612, -6.33916402904975], [134.304172303588, -6.3644998402109], [134.33141818285, -6.38794603511486], [134.394572303054, -6.41375492089254], [134.429354183844, -6.44468196440152], [134.454409201248, -6.44680895615728], [134.461363331056, -6.45694602988597], [134.515727181737, -6.59249984479857], [134.511936214559, -6.60666392010013], [134.493563418023, -6.64221794181287], [134.479418285823, -6.65889088837998], [134.459336251586, -6.67131789806264], [134.435791317863, -6.68721786551656], [134.405818302576, -6.7183358487805], [134.343709238063, -6.80110898688799], [134.353027232211, -6.80555508362074], [134.363572336987, -6.80860894623226], [134.361209310837, -6.81847293755466], [134.322754144789, -6.85528189781445], [134.200527220687, -6.92083592454236], [134.182618278674, -6.92152692864215], [134.068591370471, -6.82875501820877], [134.051500334572, -6.77763580225571], [134.051363374274, -6.76194605293382], [134.093845206619, -6.52110882832091], [134.123291335471, -6.4413908939295], [134.125518239512, -6.34389091953972], [134.12411829404, -6.29778190240473], [134.121891389998, -6.2861089287339], [134.111082255271, -6.24778200580477], [134.100782404982, -6.22749997935835], [134.093291330455, -6.21110883237691], [134.090382307131, -6.19263578827883], [134.104554261422, -6.17305499185409], [134.120945240765, -6.17035501319567]]], [[[125.972209322176, -7.6586088648113], [126.014163429895, -7.67444596799146], [126.10053626015, -7.70139093692859], [126.185809217068, -7.72139099615151], [126.338882383132, -7.69471793615401], [126.351927306719, -7.68721780917167], [126.374145217528, -7.67124609262623], [126.383036237527, -7.65291788781542], [126.410809338501, -7.63278187412271], [126.485527299996, -7.59833594001289], [126.542482332232, -7.58110894964432], [126.618454226446, -7.56499993752453], [126.630391230068, -7.5734730358302], [126.632200212416, -7.58860890898865], [126.630391230068, -7.60333591290902], [126.635272347576, -7.61221788045276], [126.71928231932, -7.67166401431967], [126.734418192478, -7.67360895113803], [126.765827195421, -7.67221789048313], [126.790545260317, -7.74971797328818], [126.776654267421, -7.74971797328818], [126.708882389107, -7.75305497658969], [126.673309256655, -7.76180886865251], [126.611509316732, -7.78221796475146], [126.559345212726, -7.81916405294738], [126.525272273308, -7.85499987424585], [126.516391311593, -7.86639088069303], [126.50804528294, -7.87860884570989], [126.503327277267, -7.88749986570906], [126.418318182662, -7.93221782218922], [126.277772273842, -7.91610897770744], [126.131091314795, -7.88694598954572], [126.119709193165, -7.88471791203738], [126.061918317542, -7.88610897269229], [125.996372337441, -7.8955550423213], [125.928936238169, -7.91381786828708], [125.897491360681, -7.94055496602494], [125.841372339469, -7.98666398315988], [125.80010923585, -8.0170819098687], [125.782763390094, -8.02041790734176], [125.772218285317, -8.00625500550666], [125.812618220546, -7.85221792057417], [125.914145196508, -7.73694596446983], [125.972209322176, -7.6586088648113]]], [[[123.553863449431, -1.30499984097436], [123.553863449431, -1.31889100150773], [123.552754188361, -1.33110896652461], [123.532345259901, -1.4322178531557], [123.525118215324, -1.44208201211626], [123.454009333709, -1.50631790074709], [123.410400303022, -1.52263578989464], [123.361363319461, -1.51416403269354], [123.356645146151, -1.4983358143308], [123.353863360117, -1.46666395490367], [123.350536247461, -1.45639092670501], [123.321936187918, -1.42263582905679], [123.309982252852, -1.41749990169075], [123.297763449645, -1.4188909623456], [123.2887361399, -1.42360896801813], [123.273036164656, -1.43875506709856], [123.267491368052, -1.45028202801564], [123.255254124658, -1.48610896449662], [123.252491281725, -1.49694609478054], [123.245527261271, -1.54471791387209], [123.244982269925, -1.56471780545684], [123.246936259199, -1.58333585648018], [123.181509302124, -1.6240268113874], [123.164009229349, -1.62305501353058], [123.118454256016, -1.5897178375758], [123.10915419914, -1.57833588358403], [123.109991215994, -1.56555498994834], [123.117063362999, -1.555555044156], [123.133600355096, -1.5445819594022], [123.149018195478, -1.53597290662662], [123.17810926691, -1.51368190562152], [123.183318284472, -1.49819097504361], [123.181927223817, -1.48249988461714], [123.157382329042, -1.36755499037577], [123.129154258363, -1.33110896652461], [123.095545173469, -1.34889100652293], [123.088045214124, -1.35860898509163], [123.039009236392, -1.4362549130123], [123.030963447512, -1.46423588518502], [123.020263445164, -1.48249988461714], [122.988036200831, -1.51889092318351], [122.974991277244, -1.53333579224228], [122.916654236809, -1.58471786467966], [122.906782366497, -1.59180895478585], [122.888736296548, -1.59576403962927], [122.873445190542, -1.59278192610919], [122.859709262856, -1.57916401562005], [122.8056723064, -1.45444598988682], [122.803591247473, -1.43249998801729], [122.803591247473, -1.40639086246711], [122.803591247473, -1.37916392630626], [122.805818319153, -1.35999987810852], [122.833054140132, -1.28055502612323], [122.837200332368, -1.27083587408799], [122.848036289186, -1.25444606821105], [122.894427273544, -1.19041788314132], [122.90818231197, -1.18013580248732], [122.922209259335, -1.17694598540601], [123.183872328274, -1.14680885245433], [123.194836192934, -1.1530550467183], [123.231936172873, -1.20583589116149], [123.237491363037, -1.21416398254184], [123.239836284276, -1.22666391478232], [123.227763326184, -1.2455550482119], [123.218882364469, -1.25389085094315], [123.199218251926, -1.26145501566594], [123.194972315042, -1.29749988163008], [123.230554164673, -1.39889090312279], [123.259018269746, -1.382781891003], [123.313600217549, -1.30389091518112], [123.333327194365, -1.26805492624471], [123.339427208238, -1.25360888371955], [123.353463375696, -1.23360882449675], [123.371227310784, -1.22549095124857], [123.404572365727, -1.22360887870434], [123.455263434065, -1.23666402821272], [123.538309319302, -1.27694594624388], [123.550254201913, -1.28555499901944], [123.553863449431, -1.30499984097436]]], [[[135.5050361755, -1.60039990265052], [135.52080924094, -1.60944598785887], [135.542482328041, -1.61471786969474], [135.809145202238, -1.63749988258934], [135.898318258714, -1.64416399854662], [136.002472290777, -1.64833583940674], [136.090791231317, -1.65305501854578], [136.183318222539, -1.66055497789001], [136.293582326758, -1.68860887262048], [136.458863399556, -1.72166391371361], [136.487591366942, -1.7208357816776], [136.566372372194, -1.72499991118668], [136.706909228558, -1.73666400004021], [136.803591296834, -1.74749995685766], [136.813872371659, -1.75110886909897], [136.833036252219, -1.75916404571108], [136.895263333929, -1.78666389664004], [136.900663458884, -1.79618188299849], [136.876063411186, -1.82305493520637], [136.863009267506, -1.82694598230927], [136.839418233315, -1.82666401508568], [136.689700343101, -1.85528201190146], [136.543027263042, -1.9037550610147], [136.456636160238, -1.89778194915703], [136.218845254524, -1.87444606009922], [136.070254227376, -1.84291786649278], [135.986636193426, -1.81889097333521], [135.955227190483, -1.79555491663922], [135.935245236171, -1.78110887411401], [135.875927177785, -1.75486396173199], [135.728300237143, -1.70999999249814], [135.669436310272, -1.69833590364477], [135.630245213123, -1.70166402212886], [135.618009310833, -1.70305491514563], [135.604400285162, -1.70305491514563], [135.483582358987, -1.68319097803073], [135.421218316978, -1.60881784803303], [135.475100375864, -1.59249995888558], [135.494691230572, -1.59639100598855], [135.5050361755, -1.60039990265052]]], [[[128.276645130448, 2.01730009360301], [128.248018248815, 2.08916418469715], [128.245236295144, 2.1000001415145], [128.226627296576, 2.24583603708112], [128.232182319102, 2.30610912951784], [128.291927183999, 2.41778206402655], [128.305545262126, 2.43833599941261], [128.346618264181, 2.48639112683236], [128.433591238705, 2.57110903412013], [128.4596913118, 2.58694496383361], [128.56191817668, 2.63208218311179], [128.576418198661, 2.62910006959174], [128.685245141758, 2.47944504365153], [128.692745268741, 2.45944498442874], [128.694118224484, 2.44721813459444], [128.694118224484, 2.43360910892271], [128.691927194988, 2.41500011035487], [128.64553621063, 2.27889107817423], [128.63998236157, 2.26360902462398], [128.626345172704, 2.22944505773774], [128.619963359246, 2.21528215590262], [128.568572401991, 2.12194496991749], [128.512145262018, 2.05660015549336], [128.498018234729, 2.05000007727659], [128.462172355147, 2.04458218268689], [128.445254154092, 2.04666407980346], [128.411654121653, 2.04721812360487], [128.399409334546, 2.04610903017357], [128.387209306802, 2.04471813715679], [128.330809324196, 2.03221803727826], [128.276645130448, 2.01730009360301]]], [[[124.474991360365, -8.13587292421193], [124.509572410754, -8.13278201358832], [124.548318261205, -8.13389093938155], [124.578327318676, -8.13708192992932], [124.670254165629, -8.17305504680212], [124.85526338871, -8.17722688766224], [124.917763385188, -8.17249999717228], [124.930400277727, -8.16471790296636], [125.087491225271, -8.15541784609099], [125.097209203839, -8.16291797307333], [125.135745171434, -8.22895496506368], [125.138318248078, -8.251946022624], [125.139709308733, -8.32569101279587], [125.126227185076, -8.34979099614936], [125.100536148857, -8.35833584354647], [125.051372430921, -8.37055498202972], [125.033600281568, -8.37333592987302], [124.816936298142, -8.40028190463876], [124.601645270461, -8.4313910030852], [124.422209342455, -8.47152690836259], [124.359154128709, -8.45999994744545], [124.349145130461, -8.45278195532472], [124.341927305979, -8.44305492430056], [124.335118183096, -8.4254178912276], [124.335272410115, -8.40972680080133], [124.39818228166, -8.22541796955182], [124.453600240487, -8.15083579488829], [124.467627187853, -8.13569086927447], [124.474991360365, -8.13587292421193]]], [[[134.516172428435, -5.43643590437938], [134.569063411087, -5.42937297746795], [134.631772284593, -5.4488909096188], [134.692745265946, -5.53028187188869], [134.679136240275, -5.59278203600524], [134.721072410721, -5.73694607715994], [134.735227265929, -5.84666401656649], [134.755245262425, -5.86083580321907], [134.760036190655, -5.89333579468235], [134.73023617785, -5.97708190411304], [134.714145270641, -5.9787549319916], [134.679691289905, -5.95784593918592], [134.663009290882, -5.93694599883566], [134.653427266783, -5.93278186932651], [134.63021827974, -5.93486393408109], [134.532009196339, -5.95778190144546], [134.512836263324, -5.9623357894534], [134.489454273799, -5.97149100704138], [134.466063399456, -5.98369086714735], [134.453872424167, -5.99182684530633], [134.437609352667, -6.00148195960106], [134.41777240528, -6.01063583608453], [134.396427218232, -6.01876393525452], [134.379654191741, -6.02385493561946], [134.344118274939, -6.03055492612247], [134.331082403808, -6.02999987649258], [134.302336163873, -6.02278188437197], [134.302154276574, -5.90999985643191], [134.317445214941, -5.89778189141498], [134.35855425918, -5.85278196771139], [134.38096344502, -5.80673581485042], [134.366027228796, -5.78805506719101], [134.283427260809, -5.76583581527734], [134.266909211813, -5.76916393376144], [134.25537236025, -5.76778192556207], [134.215209297606, -5.74305497584925], [134.206309225151, -5.7348640124053], [134.204100258382, -5.72319087109634], [134.209109283734, -5.70402682289866], [134.227491300363, -5.68319092028884], [134.240618198963, -5.67749994329284], [134.254391342299, -5.68083594076599], [134.283845182502, -5.69305507924924], [134.309663456011, -5.70805499793795], [134.317991379754, -5.71360884699749], [134.359927214924, -5.70610888765321], [134.407163430401, -5.633055069219], [134.483036250519, -5.49194606414233], [134.49361823567, -5.43729085850573], [134.507200271613, -5.43333594130042], [134.516172428435, -5.43643590437938]]], [[[130.350554125595, -1.68019997969338], [130.355227204266, -1.71055504212803], [130.392209334646, -1.76610895542552], [130.402463419744, -1.77639086844148], [130.408018274632, -1.7847179539935], [130.426363410887, -1.81416391520719], [130.432209285454, -1.82541796135622], [130.436372409134, -1.84194606863594], [130.435672352579, -1.97471792987688], [130.43052720512, -1.98333586746976], [130.381500279843, -2.01097301397318], [130.228300211764, -2.05583580974064], [130.191772380537, -2.06375503188287], [130.120791239127, -2.06610883793917], [129.91192728718, -2.00389097632247], [129.861909285669, -1.97860897697979], [129.736909292712, -1.91278186784553], [129.717945236725, -1.88819087260277], [129.725100364571, -1.87471796903902], [129.741054143844, -1.86333584740902], [129.751772418741, -1.85680885938821], [129.791072312993, -1.84499993124746], [129.82830925323, -1.83389089202382], [129.955809232635, -1.78333577815596], [129.974972442642, -1.77444593162328], [129.987882249949, -1.76680884434268], [130.00000030268, -1.75741792763672], [130.013309256217, -1.75110886909897], [130.038027321112, -1.74139089053018], [130.048854225474, -1.7386089368585], [130.323027284938, -1.68110891327628], [130.350554125595, -1.68019997969338]]], [[[116.271054238965, -3.28525498183292], [116.258045189924, -3.36249991950456], [116.256100253106, -3.38110891807254], [116.271654215596, -3.53499999025133], [116.293054220291, -3.62166400782367], [116.301372421025, -3.66139087622508], [116.319154125747, -3.76610884273556], [116.305318285775, -3.90721784781215], [116.159991339371, -4.01639096351095], [116.145409342376, -4.02541793798003], [116.118318193047, -4.03610888787205], [116.086109221262, -4.04555495750106], [116.055263314576, -4.04236396695325], [116.051091306078, -4.02999998918267], [116.051091306078, -4.01639096351095], [116.054427303551, -3.98555494747068], [116.059982326077, -3.96360894560126], [116.065536175137, -3.9552820276873], [116.077209316446, -3.91110889491523], [116.075818255791, -3.82889097407566], [116.073727306219, -3.80708193250439], [116.066936288247, -3.78999994906126], [116.044291235651, -3.77013584430835], [116.031236253781, -3.75569097524954], [116.021654229682, -3.73471794470356], [116.011936251113, -3.70999987980816], [116.00721824544, -3.68750000177533], [116.006654143355, -3.67444602573346], [116.00721824544, -3.66139087622508], [116.008609306095, -3.64916402639086], [116.012772429776, -3.63278193186477], [116.072491310773, -3.4447178403442], [116.114154231175, -3.3358359119626], [116.118318193047, -3.32639101579998], [116.260127254678, -3.22444595050588], [116.273182236549, -3.22778194797901], [116.276654188492, -3.24833588336504], [116.271054238965, -3.28525498183292]]], [[[127.531300314106, -0.310346042817632], [127.571800329258, -0.321454914403254], [127.65664513856, -0.423190935031696], [127.679154236686, -0.458890969498214], [127.684145157127, -0.467781989497279], [127.683318198558, -0.480835797901201], [127.671654109704, -0.511663934952322], [127.666091375827, -0.523335902794899], [127.652482350155, -0.53416398062319], [127.635272291231, -0.55139097099181], [127.625809290158, -0.562499842577279], [127.617482372244, -0.574717807594145], [127.612763360743, -0.583608827593299], [127.608600237062, -0.593890908247326], [127.603863455927, -0.609717953143679], [127.602482285918, -0.625417928387392], [127.607209344045, -0.637781906157957], [127.649154231671, -0.704308904209273], [127.666091375827, -0.719999994635606], [127.680263330118, -0.72236402661379], [127.689136245206, -0.717635795019202], [127.70247235611, -0.706946018593616], [127.716382292106, -0.700281902636341], [127.787482288905, -0.689999989620395], [127.851236218102, -0.71860893398072], [127.86164520077, -0.728891014634785], [127.895754182371, -0.777917939911283], [127.892491275094, -0.807781990456602], [127.83831819653, -0.856390994039668], [127.82666332777, -0.865282014038821], [127.815254216412, -0.871808834421773], [127.753882256466, -0.888608850641284], [127.739845250817, -0.885417860093463], [127.674991280644, -0.854999933384819], [127.653663360316, -0.823955040316828], [127.605263401399, -0.769446015072102], [127.533336278393, -0.800282031112373], [127.482900355188, -0.821808937821749], [127.471645135573, -0.822635896391437], [127.45720931897, -0.813191000228934], [127.441363330972, -0.787781931233784], [127.437472283869, -0.778335861604817], [127.435254264645, -0.766664061400448], [127.433872424083, -0.747499845564559], [127.402345236305, -0.622781987469347], [127.370536248942, -0.592917936924105], [127.302618190236, -0.516808914773942], [127.289982303525, -0.478055017695959], [127.28928224697, -0.457846081445371], [127.320127315466, -0.343054911308576], [127.359145242495, -0.328755049175249], [127.370127212066, -0.330135883908109], [127.401654232206, -0.356946071842052], [127.411927260404, -0.367217926574205], [127.480554260483, -0.35194593130773], [127.531300314106, -0.310346042817632]]], [[[96.4841272008555, 2.37110911244422], [96.4817723889708, 2.36471807889313], [96.4705181751836, 2.35889114742747], [96.4321912522547, 2.3430540442473], [96.4149823667971, 2.33971804677418], [96.3321272536762, 2.3525732040723], [96.3141361690122, 2.36360915310001], [96.3094002260667, 2.372500005461], [96.2977451896688, 2.40055406782966], [96.2965003094056, 2.42194502006918], [96.0594002401531, 2.57860899346433], [96.0319181588588, 2.59250015399767], [96.02220018029, 2.59639103346267], [95.8777451194563, 2.64360914402891], [95.8619091897428, 2.64860911692505], [95.8188634229509, 2.65471801561454], [95.7021913537361, 2.76694499392471], [95.6955093005061, 2.78055401959641], [95.691691343599, 2.80180901736622], [95.6969182984338, 2.81889116844722], [95.7049723015795, 2.83110913346423], [95.7903822187952, 2.93694507822324], [95.8735823310517, 2.9230539176899], [95.8833182468933, 2.91889112928529], [95.8951092377611, 2.91028207650976], [95.9077451244716, 2.8955540667609], [95.9141361580225, 2.88110903006411], [95.9783002975622, 2.79500006212163], [95.9963542465002, 2.77778212420849], [96.0127541106611, 2.76694499392471], [96.0291452576425, 2.76278203788188], [96.04913626441, 2.76221810343463], [96.0794182366487, 2.7600731744061], [96.1010723806488, 2.75250012486595], [96.1135912559905, 2.74444494825381], [96.1235823169655, 2.73416420870417], [96.1627541357368, 2.68278213626683], [96.2135912168283, 2.63055399452043], [96.2930271839961, 2.57333610579991], [96.3472002625608, 2.53833596025044], [96.4038542168341, 2.5183360686658], [96.4313542354012, 2.5033359823392], [96.4588633064237, 2.46221805328307], [96.4594093035981, 2.4355540457409], [96.471082277269, 2.40194496084638], [96.4841272008555, 2.37110911244422]]], [[[108.06157232096, 3.85186417818208], [108.053454112436, 3.86083599972824], [108.031372323735, 3.90389115425165], [108.004709322021, 3.95916410615399], [107.991654172512, 4.02416408908061], [108.025672294283, 4.06555392707644], [108.03499129426, 4.07000002380938], [108.0583182985, 4.07069102790898], [108.068454198762, 4.0775001507916], [108.163036265011, 4.1730540148967], [108.181663368489, 4.19639107742112], [108.251391247734, 4.18000009807751], [108.254172363216, 4.14860903240748], [108.257763338184, 4.13139109449457], [108.270263438063, 4.10319118701039], [108.36345410838, 4.01166415684003], [108.390545257709, 3.99069112629399], [108.39749134089, 3.97694497268588], [108.406654102191, 3.87277317098789], [108.393882261011, 3.82721803001624], [108.390545257709, 3.8169450018176], [108.384427138926, 3.80278209998249], [108.321100351516, 3.68263606716811], [108.311100238086, 3.67541807504749], [108.178872362362, 3.64750013478692], [108.117200330282, 3.67610907914712], [108.09443625466, 3.69471807771515], [108.099991277186, 3.70624503863212], [108.128863413307, 3.74333596611547], [108.171918232554, 3.77805397680333], [108.187763382362, 3.78971806565686], [108.201391351135, 3.79639106643139], [108.165263336691, 3.81778218630909], [108.06157232096, 3.85186417818208]]], [[[134.478272312017, -5.98877298269485], [134.489963390599, -5.98369086714735], [134.509282336368, -5.97606400578865], [134.526563306193, -5.97047294107881], [134.607145247166, -5.95278192854925], [134.642300290287, -5.9496549757418], [134.72996343072, -6.03471788216526], [134.748291300255, -6.06055493113763], [134.753872306681, -6.06889090150697], [134.766936173369, -6.089999886523], [134.770263453662, -6.10347295772488], [134.744963349409, -6.23916406821189], [134.740782288455, -6.24860896437441], [134.718845171403, -6.29499994873295], [134.708009214586, -6.31139092807643], [134.693572392154, -6.32416394272309], [134.673582391215, -6.33860897941986], [134.605518319755, -6.36958195575841], [134.549009204769, -6.35486400429346], [134.538572394182, -6.34471787810934], [134.52777231191, -6.32833578358326], [134.493563418023, -6.29416393770781], [134.428318180609, -6.26639100437274], [134.397491384662, -6.25958188149013], [134.334545135657, -6.22471785804863], [134.287754166878, -6.15860894932889], [134.268527254406, -6.11492682844601], [134.271363355173, -6.09999999995341], [134.28442722186, -6.06110897493909], [134.292754139774, -6.04889100992221], [134.312763419091, -6.04194593256971], [134.366636257883, -6.03666399244987], [134.423872419152, -6.0177549217475], [134.445218276752, -6.00758197347313], [134.478272312017, -5.98877298269485]]], [[[130.899354208398, -0.891445957235993], [130.933300245802, -0.936254941184807], [130.996609263577, -0.927499875655559], [131.006100260207, -0.923608828552634], [131.01547240145, -0.918272908976288], [131.034763351662, -0.912081867635487], [131.074672442639, -0.972781934221013], [131.071900211975, -1.08389093428258], [131.067200311213, -1.1133358896679], [131.038300347174, -1.23944598188445], [131.034427237343, -1.24889087804684], [131.001372363889, -1.32555494982694], [130.996609263577, -1.3347178787659], [130.984272443173, -1.34971796509246], [130.961363360625, -1.35694601549699], [130.874663300869, -1.34083582991071], [130.836091291091, -1.31333581134369], [130.756436220973, -1.242426921938], [130.745791371549, -1.2188908730318], [130.736082277798, -1.18444594475017], [130.705227318656, -1.13999989720992], [130.692991248728, -1.12276402202406], [130.713382239916, -1.09152684809665], [130.71023617637, -1.07778186795504], [130.697754181402, -1.04889095637123], [130.675945139831, -1.01194604164159], [130.654282278651, -1.00610888425384], [130.643582276304, -0.999717850702848], [130.639300297236, -0.986946009522644], [130.643245156157, -0.972635921467315], [130.664154148963, -0.961108960550181], [130.823854215335, -0.908335827457852], [130.844418209005, -0.901664000149661], [130.860227316628, -0.896664027253407], [130.884154129861, -0.893335908769306], [130.899354208398, -0.891445957235993]]], [[[103.006572397913, 0.692727041826179], [102.942736158427, 0.757500042814112], [102.935245251538, 0.76416415877145], [102.926909281168, 0.769718007831029], [102.90912724117, 0.779445038855039], [102.889972413066, 0.787500047829209], [102.874127263259, 0.792500020725514], [102.855800231914, 0.794444957543687], [102.692736172513, 0.798609087053013], [102.672200342038, 0.798609087053013], [102.654972345841, 0.795000007173424], [102.63080027812, 0.784718094157529], [102.61995409538, 0.781945025303344], [102.574691315192, 0.772500129140726], [102.554963332547, 0.771945079510823], [102.543854125686, 0.774445065959077], [102.500809197084, 0.79305406452697], [102.480263308325, 0.806664096026954], [102.461636204846, 0.822500025740661], [102.412754118857, 0.867364162612543], [102.406082291548, 0.87805393903818], [102.410245247591, 0.887500008667249], [102.436763410018, 0.924444923396658], [102.449400302556, 0.930835956947774], [102.486354102103, 0.931526961047607], [102.497327186857, 0.94097319831463], [102.500809197084, 0.954718010818106], [102.501372293341, 0.967782045143889], [102.497191232387, 0.984164139669992], [102.491072275414, 0.998609008728686], [102.474136137087, 1.03639110794985], [102.467191227372, 1.05000013362155], [102.466636177742, 1.0836090508779], [102.467745103535, 1.09583606835037], [102.469972342853, 1.10750015720373], [102.473300293699, 1.11778207021986], [102.486836229175, 1.13166417829768], [102.508327261339, 1.13778212944266], [102.521909297282, 1.13778212944266], [102.538300276626, 1.13360911511602], [102.554963332547, 1.12250007589239], [102.578309279889, 1.09805391993684], [102.614972395033, 1.04428216689728], [102.604945124236, 1.01689111307183], [102.624227189631, 0.994136089905676], [102.646991265253, 0.99066413796266], [102.714882334231, 1.01380908726572], [102.760527161567, 1.01028215003759], [102.78304514451, 0.998609008728686], [102.888027140971, 0.939027088029993], [102.924972390977, 0.914444977604366], [103.011363326143, 0.850000044307695], [103.030109285009, 0.834582036287546], [103.042463372134, 0.815973205357633], [103.048854238047, 0.798609087053013], [103.051563269161, 0.786064227811324], [103.052463317927, 0.784164217994255], [103.053018199918, 0.771109068485827], [103.052463317927, 0.7580539189775], [103.048854238047, 0.734164153756176], [103.038572325031, 0.710136087132133], [103.023654213718, 0.696109139766922], [103.008591263117, 0.692218092663895], [103.006572397913, 0.692727041826179]]], [[[101.774291308792, 1.93950010630147], [101.731082262526, 1.88500013351215], [101.727754144042, 1.87471805285805], [101.72635419857, 1.86250008784128], [101.728445148142, 1.84055391833379], [101.730527212896, 1.82555399964514], [101.731918273551, 1.80639112491389], [101.728163348556, 1.79291805371206], [101.71815418267, 1.77889110634679], [101.656627157515, 1.72944508591012], [101.644127225275, 1.72139108276451], [101.630527252058, 1.71444499958369], [101.614145157532, 1.71028204354086], [101.601636172836, 1.70916406529221], [101.574145206725, 1.70916406529221], [101.555800238108, 1.71110900211054], [101.544691198884, 1.71389112342024], [101.491909180974, 1.72944508591012], [101.470109191859, 1.74180906368082], [101.460536220215, 1.75278214843455], [101.447463301072, 1.77069109044732], [101.440936145413, 1.78458208334262], [101.393718202485, 1.91555401469071], [101.393309165609, 1.925553960483], [101.398445260613, 1.99221808647064], [101.404418204832, 2.0172181185896], [101.40970031259, 2.03221803727826], [101.424554218525, 2.05180905962487], [101.441354234745, 2.06250000951694], [101.455809329725, 2.06860907584444], [101.616072324716, 2.11528219506476], [101.642054212976, 2.12000003309929], [101.657200312056, 2.11778218151282], [101.668027216418, 2.11528219506476], [101.679836144559, 2.10971812008336], [101.699691196856, 2.09194496490239], [101.77247226816, 1.99333606471924], [101.777472408694, 1.97444493128979], [101.775182305102, 1.9413179734672], [101.774291308792, 1.93950010630147]]], [[[122.856309227643, -10.7597460808782], [122.933036163697, -10.7375000068743], [123.075272367116, -10.6812460370216], [123.085272312908, -10.6708358808867], [123.182482273447, -10.5858358387373], [123.259991241069, -10.5219459550705], [123.376500366086, -10.4377819239462], [123.390963340056, -10.4380550063524], [123.3977722953, -10.4497179217394], [123.403872309172, -10.5966639165657], [123.394436297827, -10.6841639451632], [123.319718168694, -10.6997179076532], [123.269709219638, -10.7313909405468], [123.233600315934, -10.7870819817807], [123.218463436947, -10.8091639381201], [123.198318203161, -10.8230549310154], [123.188582287319, -10.8269459781183], [123.176372368929, -10.8283358653068], [123.164700233449, -10.8263909284884], [123.150272295834, -10.8202820297991], [123.134991248113, -10.8193088908377], [122.998600248708, -10.8590268744217], [122.962627299474, -10.8774999185197], [122.954791225811, -10.8922178699847], [122.848863415393, -10.9296549700701], [122.830400261941, -10.9233358532486], [122.822218183314, -10.9111088357762], [122.809145264171, -10.8069460865337], [122.809282392107, -10.7877820383358], [122.83998228604, -10.7658358688284], [122.848872300211, -10.7611089783384], [122.856309227643, -10.7597460808782]]], [[[123.406100219043, -8.5969459964794], [123.375809194348, -8.57249984052386], [123.301654161472, -8.55471796816352], [123.286800255537, -8.55694604567191], [123.231572398274, -8.55139102314581], [123.219009266483, -8.53200887782691], [123.353863360117, -8.4147178888801], [123.366927226804, -8.40694602059603], [123.386936170845, -8.3988910116219], [123.407209312474, -8.39222689566459], [123.439418284258, -8.38333587566542], [123.456645274626, -8.37333592987302], [123.469891363889, -8.35510897845301], [123.47535418548, -8.34536401015583], [123.470745144549, -8.33269090779533], [123.467482237272, -8.31889094236874], [123.42025423606, -8.3127818760413], [123.406645210388, -8.3127818760413], [123.394991347457, -8.31499989526578], [123.361791299439, -8.31583590629077], [123.36415415795, -8.30471781461177], [123.390827217948, -8.28360882959572], [123.402482254346, -8.27499994445822], [123.414991239041, -8.26999997156208], [123.526372315681, -8.24291787468838], [123.549709210567, -8.24778189311479], [123.558872307144, -8.25389095944216], [123.561918290767, -8.2677819523376], [123.557345124381, -8.28639095090546], [123.542354258148, -8.30194608686185], [123.529763298439, -8.33105492792903], [123.524645140708, -8.34759996665321], [123.542627172916, -8.3729178405415], [123.556091359301, -8.37666404835728], [123.58220920203, -8.37805494137406], [123.596582321998, -8.37368193483707], [123.638318332596, -8.29916396555217], [123.777482233216, -8.19221792153333], [123.787618301117, -8.18471796218911], [123.797909266588, -8.18139101717146], [123.919145282094, -8.22805508393628], [123.932472340543, -8.23548195308467], [123.941509205657, -8.25625499142047], [123.936091311068, -8.2677819523376], [123.919145282094, -8.27833594193141], [123.899427190095, -8.28583590127568], [123.851927279944, -8.29305506686268], [123.764427251346, -8.32721786028264], [123.666927276956, -8.43278189610203], [123.536100352533, -8.56694599146419], [123.45387237341, -8.569717886852], [123.406100219043, -8.5969459964794]]], [[[125.415845242288, -1.78388194296838], [125.416382354645, -1.78749990766517], [125.420536258232, -1.79694597729417], [125.435672299028, -1.80597295176324], [125.653591221001, -1.82444599586119], [125.693309204585, -1.82166404218958], [125.729291373913, -1.8147179590086], [125.748318294174, -1.80028197476736], [125.76082727887, -1.79597300597085], [125.921654208308, -1.78999989411318], [125.988591249064, -1.78889096831994], [126.018882273758, -1.78999989411318], [126.050263448782, -1.79278201542303], [126.156645223078, -1.80721783202633], [126.27165415506, -1.81555497586203], [126.336927220392, -1.81749991268038], [126.348872438279, -1.81986394465855], [126.345827292847, -1.82986405808896], [126.334154151538, -1.84221780993768], [126.288036249586, -1.86471785560856], [126.264163415809, -1.87499993626256], [126.252491280328, -1.8772179554871], [125.980554177362, -1.90778189494944], [125.826927302772, -1.91749987351825], [125.466663380278, -1.93999991918913], [125.43970030643, -1.93110889918997], [125.347627279085, -1.88360882140012], [125.340118267285, -1.87069096746609], [125.335400261612, -1.84347291612267], [125.339709230409, -1.82221791835293], [125.347209189753, -1.80944607717266], [125.37609121652, -1.77986399385093], [125.409991321093, -1.77471784056309], [125.415845242288, -1.78388194296838]]], [[[104.666891299499, 1.02382697033085], [104.645518284533, 0.989717988729507], [104.623582340947, 0.908891128544953], [104.595245137888, 0.824236085531127], [104.583309307733, 0.819164195905555], [104.560518242383, 0.824444962558847], [104.535245127858, 0.833609064964313], [104.525800231695, 0.837500112067288], [104.482463277586, 0.856109110635219], [104.488018300113, 0.919164156743417], [104.423018317186, 0.974718070040923], [104.371627192293, 1.01444493844223], [104.316072273167, 1.00000006938365], [104.300245228271, 0.998609008728686], [104.278309284685, 1.00055394554686], [104.251918191911, 1.00513599674952], [104.238854157586, 1.01770901918603], [104.231363418335, 1.08500011153286], [104.242736152233, 1.09916418683446], [104.335109251712, 1.17528209380196], [104.408718287414, 1.19680900051163], [104.53470030415, 1.17666410200144], [104.642191339515, 1.10416415973061], [104.649700183676, 1.0944450076954], [104.6621912311, 1.06583606333509], [104.667472333029, 1.050554009785], [104.669691358082, 1.03569105139473], [104.666891299499, 1.02382697033085]]], [[[102.477436260014, 1.2060540721019], [102.451372396741, 1.13083604626166], [102.444827136171, 1.10652701824249], [102.446618181246, 1.05610903231105], [102.448582228804, 1.0444449434575], [102.452754237302, 1.02805396411411], [102.461636204846, 1.00278219069332], [102.465809219173, 0.993053986202656], [102.468854196967, 0.979164166773776], [102.465109330255, 0.962982064458051], [102.397609193243, 0.925000140664566], [102.383591298333, 0.921944936948582], [102.373291280406, 0.92528210788822], [102.284972339866, 1.00889108938279], [102.274691265041, 1.01916411758122], [102.264418236842, 1.02944502476884], [102.25940921149, 1.03833604476802], [102.239272359607, 1.07639105875726], [102.231354143293, 1.09916418683446], [102.201918240363, 1.27889113451926], [102.201372410827, 1.29194494292308], [102.204418226812, 1.39083597796774], [102.210945214833, 1.40360899261447], [102.234127212148, 1.41110911959686], [102.245800185819, 1.41305405641503], [102.258872266771, 1.41389107326854], [102.277472380522, 1.41166416922658], [102.288991294812, 1.40624493353244], [102.301909316384, 1.39528207470067], [102.460254196647, 1.25221807452175], [102.469127279373, 1.24055398566838], [102.476282239582, 1.22528215803993], [102.478027184189, 1.20833596142859], [102.477436260014, 1.2060540721019]]], [[[109.756382251296, -1.03251791430064], [109.754718275873, -1.09541789519966], [109.762772279018, -1.11291796797439], [109.776091290839, -1.12763591943935], [109.775818208433, -1.14236392918815], [109.665818301803, -1.21055507030055], [109.502345205525, -1.29721791440648], [109.485954226182, -1.30139092873292], [109.467209273144, -1.29694600546668], [109.4583273056, -1.29221794151022], [109.445827205722, -1.28389085595837], [109.429427173923, -1.27278198437273], [109.418591217105, -1.26333591474379], [109.413600296665, -1.25444606821105], [109.416382250336, -1.24360893792716], [109.423309222778, -1.223055002541], [109.436372418913, -1.1947179671205], [109.441091262776, -1.17916400463047], [109.448309254897, -1.1197178707635], [109.451927219594, -1.06528193571461], [109.451927219594, -1.05166402522542], [109.44941818069, -1.04055498600189], [109.492482220031, -0.979717959118035], [109.583054216151, -0.975555003075224], [109.623791271526, -0.984835781573171], [109.673809273036, -1.00824593429343], [109.711645184076, -0.987782020547691], [109.73872728095, -1.00194592821111], [109.748027170187, -1.01333592883005], [109.756382251296, -1.03251791430064]]], [[[102.495245122102, 1.43633596601631], [102.49662729794, 1.35360909601451], [102.504282322494, 1.29597311796244], [102.505536255212, 1.28028219517416], [102.502200257739, 1.26652698911055], [102.491909292267, 1.25971803386612], [102.480800253044, 1.26221802031421], [102.461645257301, 1.27389116162306], [102.423854105625, 1.30833608990463], [102.378854181921, 1.35278213744499], [102.349982213438, 1.3863910547015], [102.333163421756, 1.40389112747626], [102.308854226099, 1.42055401575942], [102.289691351367, 1.42889115959519], [102.273854248187, 1.43360899762973], [102.2621913328, 1.4355539344479], [102.249982252601, 1.43694499510287], [102.215809233259, 1.43694499510287], [102.195800289219, 1.43778217959437], [102.171082224323, 1.44055407498223], [102.147754214254, 1.44471803685338], [102.137482359522, 1.44805403432651], [102.118300206413, 1.4561090433006], [102.100518166415, 1.46583607432484], [102.088863297655, 1.47471804186847], [102.058009176704, 1.50555405790864], [102.044963414927, 1.52000010043388], [102.024409311903, 1.54750011900092], [102.013600344814, 1.56444497450775], [102.003863423144, 1.58221812968873], [101.999127144923, 1.59110914968789], [101.994072354379, 1.60694507940144], [102.009418278032, 1.61986410680198], [102.036909244144, 1.62333605874481], [102.056082344797, 1.62194499809005], [102.066363419622, 1.61860900061697], [102.08080929451, 1.61250010192748], [102.119818169083, 1.59333605372972], [102.13134513, 1.58778203703214], [102.163018162894, 1.57805400017945], [102.196354165382, 1.57055404083517], [102.243027284602, 1.56250003768958], [102.288582257936, 1.55597304966858], [102.332200341078, 1.5550000783453], [102.343036130258, 1.55221812467345], [102.434963312487, 1.5275000597781], [102.444409214478, 1.52333609790696], [102.458309259828, 1.51666410296075], [102.466636177742, 1.51110908043472], [102.478027184189, 1.50221806043555], [102.483582374353, 1.49389114252176], [102.489145108231, 1.4788910561951], [102.495654158979, 1.44778212538665], [102.495245122102, 1.43633596601631]]], [[[121.981354203946, -5.08110892286886], [122.023882304396, -5.15639098644943], [122.059982323283, -5.23194596479812], [122.053582237277, -5.42471783606937], [122.048600201653, -5.45028197027363], [122.04359134394, -5.45999994884244], [122.031936139904, -5.4688909688416], [122.019718174887, -5.47347302004426], [121.961800229611, -5.47666401059212], [121.864700239642, -5.3597178531429], [121.816091236059, -5.28875498428062], [121.808309309491, -5.26916396193394], [121.812336143426, -5.2222179279455], [121.855818272098, -5.10360896853974], [121.861372288796, -5.09208200762254], [121.869709264994, -5.08333582691069], [121.893600203682, -5.0661088365422], [121.910672296479, -5.05930893375309], [121.969982308238, -5.07125498983021], [121.981354203946, -5.08110892286886]]], [[[126.749709298484, 3.98389105586672], [126.700000253925, 3.99583610611552], [126.690536247023, 4.07000002380938], [126.711518330025, 4.08291804538129], [126.732209225709, 4.10555404552206], [126.789018245192, 4.21263604401082], [126.788872400076, 4.23639102822858], [126.77692718219, 4.24721810022857], [126.738036157175, 4.2586091066758], [126.71928231932, 4.26124504759382], [126.709718232494, 4.27055398928651], [126.692745213792, 4.3261090760505], [126.690263332255, 4.35971799330701], [126.721363378246, 4.50305407006356], [126.725272362622, 4.5141641151157], [126.741863334176, 4.53979111359398], [126.774991297827, 4.53639107838029], [126.81553623998, 4.52666421499424], [126.86040926167, 4.48610904691871], [126.91581833568, 4.27583609704441], [126.912491223024, 4.26166414275383], [126.870527224659, 4.20805399280818], [126.803863433947, 4.04527307409654], [126.796372359421, 4.02083597059627], [126.76221828318, 3.98736418127635], [126.749709298484, 3.98389105586672]]], [[[100.459427183129, -3.3338909751443], [100.441227221437, -3.32444607898179], [100.427754150235, -3.31055491844832], [100.368872286092, -3.24083592402087], [100.335272253653, -3.20028192941191], [100.338045154869, -3.17971793574192], [100.340818223723, -3.13541790095524], [100.336100218051, -3.11958197124159], [100.324436129197, -3.10721782583301], [100.30011821636, -3.08375503476071], [100.24693621403, -3.04916392608727], [100.202472396855, -2.99221794630661], [100.191363357631, -2.97583585178051], [100.185954180221, -2.96360883430817], [100.17400929761, -2.80791783223635], [100.1801181963, -2.79694608858716], [100.197482314604, -2.78694597515674], [100.214709304973, -2.78013584644578], [100.232482292516, -2.77875501171281], [100.24359133174, -2.78360897185525], [100.255254247126, -2.79249999185443], [100.351091251922, -2.8888908728129], [100.371091311144, -2.91028199269062], [100.464709290887, -3.01499995920108], [100.469709263783, -3.02389097920025], [100.473036208801, -3.03416400739878], [100.476382264558, -3.10583581763359], [100.474836138694, -3.12139095359003], [100.461436157688, -3.13360891860691], [100.423172266671, -3.14076404645357], [100.403245130006, -3.13492688906581], [100.379982331144, -3.15166404101143], [100.398327132123, -3.19360892863722], [100.420254190891, -3.23333579703854], [100.43665422269, -3.2577819529941], [100.451927223785, -3.27028188523457], [100.471645148146, -3.29819094067774], [100.47831814892, -3.31555505898263], [100.474154187049, -3.3280549912231], [100.459427183129, -3.3338909751443]]], [[[104.929427259837, -0.334164058947415], [104.856091306541, -0.308890944422324], [104.847763382799, -0.303335921896306], [104.79720927476, -0.264999946511807], [104.739218239288, -0.219863900700152], [104.706927292491, -0.21055495900744], [104.683872364828, -0.210835920402647], [104.661372319157, -0.215554931903681], [104.647772345941, -0.222499841618121], [104.599154122264, -0.249164016798201], [104.54220931595, -0.271946029692685], [104.527491196847, -0.273608831649263], [104.442891306756, -0.222499841618121], [104.435254219476, -0.213054945455618], [104.432482324088, -0.201946073869983], [104.431782267533, -0.186945987543318], [104.43733628423, -0.178608843707604], [104.448318253801, -0.175835774853292], [104.458445269246, -0.172499945018109], [104.480809192809, -0.153608979226588], [104.506636183498, -0.121108820125347], [104.514827146942, -0.105281942867062], [104.515536255952, -0.0752819378520159], [104.513309184272, -0.0497178036477584], [104.513309184272, -0.036108945614048], [104.51469136011, -0.0169460708827542], [104.517472307953, -0.00610894059883673], [104.524982325581, 0.0104179932145011], [104.538027249168, 0.0172180636415668], [104.575809180751, 0.0125000579690051], [104.605000332107, 1.25728662391219e-07], [104.614691320948, -0.00528198202931416], [104.623018238862, -0.0108358310888039], [104.653845202446, -0.0347178849592123], [104.671082251099, -0.0519460487940924], [104.738863349507, -0.134864026188841], [104.820263364232, -0.193608930034206], [104.888891202501, -0.193608930034206], [104.919145179183, -0.232217820186822], [104.927200188157, -0.278608972183522], [104.929427259837, -0.334164058947415]]], [[[103.083072352028, 0.837145054647738], [102.944118166626, 0.935553962620297], [102.816072357685, 1.00000006938365], [102.761554112346, 1.02962707970642], [102.727227201262, 1.03463610505804], [102.692736172513, 1.02333595844141], [102.657754131874, 1.05416409549269], [102.700809286398, 1.13416416474592], [102.712609329721, 1.15000009445941], [102.730263294239, 1.15971807302809], [102.741909278181, 1.16166418331295], [102.78304514451, 1.16166418331295], [102.80080019478, 1.15889111445859], [102.811900181548, 1.15610899314889], [102.822200199475, 1.15278204813108], [102.867463314939, 1.1363910687877], [102.886645132772, 1.12805392495198], [102.956372341465, 1.09450016061856], [102.970245229449, 1.08763605245098], [103.03719132266, 1.03778216860462], [103.051072257272, 1.0238911757093], [103.094545165851, 0.978473162674146], [103.156627240636, 0.90333593838074], [103.165527145452, 0.891664138176333], [103.170391331517, 0.879444999693079], [103.168991218406, 0.861527005224855], [103.165600235648, 0.853844990943114], [103.149000211639, 0.838891172722073], [103.137482303177, 0.833609064964313], [103.126354153214, 0.83083599610995], [103.11330034481, 0.830000152723072], [103.101063269054, 0.83139104573984], [103.085254161431, 0.836109051412376], [103.083072352028, 0.837145054647738]]], [[[104.485209189074, -0.348008951375279], [104.527354236549, -0.370835891270932], [104.584718305661, -0.443890883171549], [104.592754203896, -0.456108848188429], [104.596363283775, -0.46986405425191], [104.593600273205, -0.484446051246947], [104.504436269184, -0.621254972344606], [104.493445247158, -0.626945949340504], [104.344709213084, -0.583608827593299], [104.250118262018, -0.47471784675627], [104.276927276486, -0.410281965915098], [104.286227165723, -0.395554961994669], [104.322218219869, -0.373335877719008], [104.466091241344, -0.338890949437548], [104.476927198162, -0.341664018291809], [104.485209189074, -0.348008951375279]]], [[[123.980800215092, -8.3427818810564], [123.988309226892, -8.3366639299116], [124.037200365337, -8.31028188959323], [124.048600256602, -8.30805498555134], [124.071791306372, -8.31249990881759], [124.076927233738, -8.32110896159323], [124.077472392722, -8.34055497701461], [124.106372356762, -8.37194604268467], [124.153600357974, -8.32375496079511], [124.183036260904, -8.28499989025062], [124.208327312702, -8.24249995299493], [124.243872281959, -8.19610896863641], [124.255682383566, -8.18402695808935], [124.272491284603, -8.1809729278399], [124.282336165186, -8.18471796218911], [124.294009306495, -8.19680885755344], [124.299836237961, -8.20819097918333], [124.303036280964, -8.22194601760879], [124.296654132231, -8.30805498555134], [124.294709195412, -8.31971790093838], [124.290545233541, -8.32916397056738], [124.185809329758, -8.49666406841795], [124.162491377973, -8.52778188404369], [124.148036282992, -8.54069102079837], [124.125527184866, -8.55222686653286], [124.115254156667, -8.55555498501695], [124.069982324024, -8.55791784352876], [124.048863448362, -8.54479094492899], [124.049291260701, -8.52499993037203], [124.052200284025, -8.50416402776215], [124.050045129075, -8.48402684060307], [124.033054173101, -8.45528194177292], [124.017627280263, -8.43666405838753], [124.00582723694, -8.43110886822348], [123.991091348202, -8.43278189610203], [123.980818320003, -8.43639097598134], [123.964009251328, -8.44666400417992], [123.949709221557, -8.45971781258374], [123.934291381175, -8.46819091088941], [123.92290020709, -8.46708198509617], [123.911100331404, -8.4586088867905], [123.906863446975, -8.44604609027607], [123.965000327562, -8.35694595635802], [123.975272349933, -8.346664043342], [123.980800215092, -8.3427818810564]]], [[[128.036372343197, -3.59305506346346], [128.084136283299, -3.58610898028259], [128.187745156379, -3.56416398424148], [128.202327321012, -3.551664052001], [128.22189135363, -3.53694593289805], [128.236772416931, -3.5277819981307], [128.276091254285, -3.51152680561911], [128.298036250326, -3.50971782327065], [128.338227308526, -3.5189550158719], [128.346772323562, -3.53278197102686], [128.339691291739, -3.61694600215113], [128.334963395421, -3.62583584868389], [128.282200320612, -3.68805505140517], [128.234954214489, -3.72971797180726], [128.133609293464, -3.77221790906293], [128.117736148101, -3.77694597301941], [128.095991311908, -3.77450885084533], [128.139709307336, -3.73055498866075], [128.200809190704, -3.6749999018968], [128.210236149594, -3.66416394507933], [128.213363437678, -3.64909998865034], [128.197054265709, -3.6421550789359], [128.083591291953, -3.71139094046298], [128.001372365286, -3.76610884273556], [127.985536267934, -3.77430885863498], [127.956445196501, -3.77625496891967], [127.942463343776, -3.77139095049342], [127.926918266103, -3.75958202235262], [127.918318265783, -3.74083589584837], [127.915545196929, -3.72971797180726], [127.914145251456, -3.70389098111867], [127.91638238142, -3.69221783980982], [127.924427164472, -3.67999987479295], [127.936918211895, -3.66471782124279], [127.950000351132, -3.65055491940763], [127.968172317267, -3.6344460749259], [128.004700316132, -3.60944604280691], [128.030818326499, -3.59444595648022], [128.036372343197, -3.59305506346346]]], [[[138.823027308919, -8.17305504680212], [138.834691230134, -8.20916395050665], [138.896363429853, -8.34333592485792], [138.904418271189, -8.35555506334117], [138.908600337971, -8.36499995950373], [138.909972287887, -8.38444597492515], [138.898591339723, -8.40534608291341], [138.885254222991, -8.41249986965551], [138.870236199392, -8.4147178888801], [138.846927300062, -8.41389093031046], [138.795536175169, -8.41055493283734], [138.739963318771, -8.40444603414784], [138.577618259025, -8.37597304425749], [138.557054265355, -8.36583580289073], [138.544827247883, -8.34736393225916], [138.544709230686, -8.33305501767031], [138.549427236359, -8.32097300712332], [138.707182365912, -8.18333578635157], [138.805818255824, -8.15541784609099], [138.819063339258, -8.15833592187067], [138.823027308919, -8.17305504680212]]], [[[123.046100326498, -3.97861791674529], [123.079163414219, -4.00471782220199], [123.088591378937, -4.00889100416662], [123.109291327077, -4.01221794918439], [123.123600241665, -4.00944605379653], [123.142209240233, -4.00055503379735], [123.174427264473, -3.9916640137982], [123.194972315042, -3.9916640137982], [123.209018205508, -3.99819100181901], [123.23664512609, -4.03194593182935], [123.244982269925, -4.04444603170789], [123.25388234238, -4.06278194786955], [123.256654237768, -4.07360885223143], [123.258045130785, -4.09278195288461], [123.25159123296, -4.11562683005315], [123.160945140816, -4.23541780544804], [123.146236241806, -4.2427088877647], [123.079163414219, -4.23971788942715], [123.067491278738, -4.23778200506446], [123.033054229446, -4.20360898572257], [123.016382288707, -4.18624604088422], [122.965272292847, -4.11680884604233], [122.957763448686, -4.10028191222892], [122.954991218022, -4.08944595541158], [122.953600325005, -4.0470819726258], [123.008182272807, -3.98645499623619], [123.026927225845, -3.97805498812647], [123.039982375354, -3.97721797127304], [123.046100326498, -3.97861791674529]]], [[[133.182491265366, -5.30976405701057], [133.188718181253, -5.32555505972307], [133.189836159502, -5.33749994233371], [133.186645168954, -5.35139093522895], [133.129118323281, -5.5402819853191], [133.111909270186, -5.59166405775653], [133.107182379696, -5.60055507775571], [133.098818246132, -5.61278192758999], [133.081054143406, -5.62916402211608], [133.068818241116, -5.63721785762375], [133.046054165495, -5.64889099893259], [133.031754135723, -5.65833589509509], [133.010345246211, -5.68416405925024], [133.003009236893, -5.69316404399097], [132.963836244655, -5.75110897899499], [132.957154191425, -5.76471783702869], [132.948818221056, -5.79749996335352], [132.947445265312, -5.80971792837045], [132.948136269412, -5.82610890771388], [132.953554164001, -5.83778188138473], [132.95578224151, -5.84944597023828], [132.955082352593, -5.86569093682795], [132.849400299576, -6.00333586895057], [132.839536308254, -6.00028200633914], [132.83914520865, -5.98221783147915], [132.871309253433, -5.87916400802976], [132.884400277487, -5.83778188138473], [132.93191829255, -5.6924998619815], [132.938018306422, -5.67805499292275], [132.951627164456, -5.65778201893175], [132.963272310208, -5.64541787352319], [132.975491281053, -5.64055502856331], [132.985882326449, -5.62555494223658], [133.017345141211, -5.55194607417264], [133.105809256314, -5.32139093021386], [133.114136174227, -5.30221782956058], [133.123291224177, -5.29444596127662], [133.138027280554, -5.29221788376816], [133.157200213569, -5.29333586201688], [133.17094519371, -5.29694594772468], [133.182491265366, -5.30976405701057]]], [[[100.203018226391, -2.75892694914364], [100.194972269873, -2.76028196761469], [100.175536145097, -2.76860888552863], [100.157763325192, -2.7780549551576], [100.146100242167, -2.78694597515674], [100.141791273371, -2.79971781633696], [100.138245225403, -2.82200898498019], [100.031100195003, -2.84194601229093], [100.015972368471, -2.83902693068286], [100.008745156257, -2.82916394518884], [99.9894272163167, -2.7522179061852], [99.9611092916354, -2.55166394070801], [99.9660913272588, -2.50971787961573], [99.9738722479983, -2.49652694327546], [99.9844272434203, -2.48986400078473], [99.9951181933125, -2.49028192247825], [100.005827248116, -2.49694603843546], [100.159572307541, -2.62930886280032], [100.189972296976, -2.66721786403582], [100.206382219421, -2.69194598721509], [100.210536123008, -2.7013908833776], [100.214154087705, -2.71860882129062], [100.215118174211, -2.75319087750855], [100.203018226391, -2.75892694914364]]], [[[129.6321723831, -7.79857290191104], [129.670536186404, -7.79166403438041], [129.685672394838, -7.78971792409566], [129.701354265171, -7.79110898475052], [129.819972277032, -7.82305493241239], [129.842527307988, -7.84125506174223], [129.862727191783, -7.91166405444108], [129.862454277015, -7.92416398668155], [129.857727218887, -7.93639100415385], [129.846618179663, -7.95278198349724], [129.777209315654, -8.05347294843489], [129.767209202224, -8.06041785814932], [129.754836171998, -8.06041785814932], [129.694545142288, -8.04291795301264], [129.676091376568, -8.02722686258631], [129.610227219421, -7.94305495247306], [129.592472336789, -7.91999985717234], [129.584136198782, -7.90778189215547], [129.576082363274, -7.8854179685925], [129.58496332499, -7.84333578539229], [129.590518179878, -7.82166403939561], [129.596909213428, -7.81110887633532], [129.606900274404, -7.80389088421464], [129.619127291876, -7.79930883301201], [129.6321723831, -7.79857290191104]]], [[[120.495609223596, -5.78719994542667], [120.494427207606, -5.82471784705906], [120.521100267604, -5.87305494170233], [120.549145277517, -5.96166406373106], [120.559418305716, -6.00610893780492], [120.561372294989, -6.027917811738], [120.535682264599, -6.25444595412399], [120.503882329691, -6.42708197934065], [120.479909248352, -6.4822179709447], [120.473036255367, -6.4747178439623], [120.461382392435, -6.39360884891601], [120.45999133178, -6.37805505406401], [120.468872293496, -6.34278199374649], [120.471645194712, -6.32499995374816], [120.471645194712, -6.304446018362], [120.444972302353, -6.16083585337076], [120.44080934631, -6.03194598677733], [120.440263349135, -5.93166405871585], [120.440263349135, -5.91139091708686], [120.449145149041, -5.84528200836714], [120.455263435462, -5.81721788771473], [120.462772279624, -5.79055505363919], [120.473872266392, -5.77104600630578], [120.487345169956, -5.76958202309305], [120.494427207606, -5.77971792335517], [120.495609223596, -5.78719994542667]]], [[[99.8591451156019, -2.37649088103115], [99.8274911934476, -2.35097301493249], [99.7788722992186, -2.34139099083367], [99.7322092382823, -2.32499984385214], [99.7233091658276, -2.32028200581761], [99.6055451022642, -2.25389096223609], [99.5686001875346, -2.22013586458785], [99.5308182559514, -2.15860883943278], [99.5266541264423, -2.14555503102896], [99.5435912705983, -2.05541788804716], [99.5726271891075, -2.02639085435527], [99.5822182656618, -2.0222178400287], [99.6102632755749, -2.01610894133932], [99.6254003221998, -2.01541793723959], [99.6363822917709, -2.0216639638653], [99.6849822428985, -2.06875500477913], [99.6938633722519, -2.08055504810238], [99.7008181726122, -2.09416390613609], [99.706936123757, -2.11555502601373], [99.7104092491665, -2.14278196217471], [99.7152722617644, -2.15499992719146], [99.741927216851, -2.1969459882838], [99.773318282521, -2.24083581272777], [99.803454242006, -2.27139086737282], [99.8152633377848, -2.28528202790614], [99.8288723634567, -2.30583579565428], [99.8466451833614, -2.33583580066948], [99.8590182135873, -2.36805499837563], [99.8591451156019, -2.37649088103115]]], [[[125.959154172667, -1.97854594506783], [125.973036280745, -1.98860892277219], [125.990391346595, -2.00208199397412], [126.000263384544, -2.01610894133932], [126.002491294415, -2.02778191501011], [126.001663330017, -2.04083589105209], [125.998318280088, -2.05110891925069], [125.990809268288, -2.07083589606719], [125.978318220865, -2.09971792283369], [125.970836198794, -2.1263909828312], [125.968872318874, -2.14499998139917], [125.96915411846, -2.16166404314874], [125.973600215193, -2.18110888510376], [125.97692716021, -2.19139096575777], [125.986100315071, -2.20999996432563], [125.999709340743, -2.23055507317832], [126.016936163473, -2.26194597121032], [126.086800332464, -2.42139089244858], [126.086800332464, -2.43389099232724], [126.07999137722, -2.45778193101496], [126.06956345145, -2.47492694637015], [126.053454271692, -2.48278196313392], [126.039982373957, -2.47971787460046], [126.009163289361, -2.4624999366875], [125.998872323889, -2.45221785603349], [125.981936185562, -2.42833580216307], [125.967063336526, -2.4054178347987], [125.961927241522, -2.38666399694358], [125.959154172667, -2.36139088241835], [125.958600296504, -2.33444608111909], [125.957209235849, -2.32221789018036], [125.954436166995, -2.31110885095671], [125.947482372463, -2.29083587696578], [125.94136341549, -2.27639100790714], [125.930545228307, -2.25999986092564], [125.918054180884, -2.24471780737532], [125.907763383051, -2.23471786158297], [125.895818332802, -2.2156909413215], [125.861927280684, -2.08666394679188], [125.859991228683, -2.07166402810333], [125.86387238514, -2.05528193357724], [125.870245146142, -2.04083589105209], [125.885272389835, -2.00805493819361], [125.899991347128, -1.98499984289288], [125.920818197283, -1.97152693932907], [125.932754195076, -1.97055497383417], [125.954845203871, -1.97597303606183], [125.959154172667, -1.97854594506783]]], [[[125.88080919402, 3.36194495369381], [125.866382262234, 3.37694504002042], [125.791654242455, 3.41221810033801], [125.735263312304, 3.52250014182993], [125.666927164266, 3.63194499883035], [125.645272349714, 3.65847305190266], [125.643336297713, 3.68028209347374], [125.648609185377, 3.70000001783495], [125.660463375795, 3.71569110826123], [125.673863356801, 3.72416420656685], [125.68580924524, 3.72750003640198], [125.729709295606, 3.72250006350581], [125.751100247846, 3.71444505453167], [125.7613823285, 3.70750014481717], [125.778054269239, 3.69305393465395], [125.789427170775, 3.68278207992183], [125.912072351847, 3.48916413934172], [125.919772303402, 3.42173608669651], [125.896654176189, 3.37833610067537], [125.885409350133, 3.36333601434871], [125.88080919402, 3.36194495369381]]], [[[123.090809230523, -8.28573582135147], [123.148882241008, -8.24639100009796], [123.158600219577, -8.24249995299493], [123.217491303814, -8.23360893299577], [123.259991241069, -8.23902682758553], [123.341163435666, -8.26639089168265], [123.346645200358, -8.28347304276396], [123.329163400132, -8.36499995950373], [123.325409313328, -8.37819089584393], [123.316091319179, -8.3927819452944], [123.303863295879, -8.40110886320827], [123.293591273509, -8.40444603414784], [123.281100226086, -8.40583592133629], [123.088045214124, -8.4152819909653], [123.017554246412, -8.40999988320742], [123.016791325583, -8.37528187251969], [123.020827211973, -8.36249997305567], [123.038591314699, -8.33249996804045], [123.046945222341, -8.32028200302359], [123.068045154901, -8.30055502620707], [123.083327208452, -8.28860897012992], [123.090809230523, -8.28573582135147]]], [[[98.5022092002983, -0.46639092884243], [98.5016633707618, -0.539717829682845], [98.3774723991017, -0.570555019189568], [98.3261002173102, -0.539717829682845], [98.3241541070254, -0.51999990532175], [98.3666542119191, -0.360835777840534], [98.3733092754209, -0.3472178673514], [98.4231822700065, -0.249581938491709], [98.4333181702687, -0.246808869637346], [98.4434451857136, -0.250555077453049], [98.4516633065239, -0.259445929814211], [98.4647092359387, -0.280835876225425], [98.4838722783082, -0.316390903766552], [98.5119362313225, -0.370554929875712], [98.5119362313225, -0.422499930931977], [98.5022092002983, -0.46639092884243]]], [[[127.243272303931, -0.267773015366068], [127.259163386568, -0.284163994709552], [127.28081820112, -0.381108919469511], [127.263891282886, -0.464999868187595], [127.254018239108, -0.497635814120596], [127.209154269874, -0.520554954951488], [127.199709206074, -0.524717910994299], [127.183036259507, -0.528890925320929], [127.159145153181, -0.532217870338629], [127.116372301157, -0.524999878217903], [127.106936289812, -0.499445969935557], [127.10567229881, -0.294446075363566], [127.133882264577, -0.271108845201174], [127.143336213196, -0.267217965736292], [127.154427315146, -0.264446070348355], [127.196091241377, -0.258055036797379], [127.215272388657, -0.256663976142417], [127.235954231886, -0.257499987167476], [127.243272303931, -0.267773015366068]]], [[[132.738554155999, -5.67884607694663], [132.80440926069, -5.79749996335352], [132.808727281942, -5.80999989559411], [132.809145203635, -5.83360886705811], [132.807736205708, -5.84583588453046], [132.80440926069, -5.86305499590998], [132.782072326855, -5.92597291408191], [132.774845282279, -5.93583589957592], [132.739454204764, -5.95020885190531], [132.691927304884, -5.93528202341259], [132.666654190359, -5.90999985643191], [132.665254244887, -5.89778189141498], [132.665800242061, -5.86028192705562], [132.669436311669, -5.83833592518626], [132.656372444981, -5.71360884699749], [132.641082344804, -5.67694606712951], [132.628845269048, -5.63444596223576], [132.634982330932, -5.61610887260769], [132.699554166243, -5.59763582850963], [132.732182400825, -5.6527818783975], [132.735782260611, -5.66305507423419], [132.738554155999, -5.67884607694663]]], [[[104.153054146595, 1.13536411800782], [104.151645148667, 1.1163911772029], [104.138863416841, 1.04763610164337], [104.09025424562, 0.990691127690975], [104.078327300282, 0.985554026858428], [104.0309633446, 0.982218029385304], [103.966663418229, 1.00416419889278], [103.956936219567, 1.00805407252931], [103.940518250495, 1.01916411758122], [103.925518164168, 1.03139113505371], [103.919963309281, 1.0397180529675], [103.900882241924, 1.08958216273566], [103.939700344381, 1.12471809511685], [104.014427190694, 1.17194509050056], [104.084409209243, 1.1855539485341], [104.096072292269, 1.18778219368056], [104.109127274139, 1.18694500918905], [104.11941823961, 1.18360901171593], [104.133036150099, 1.17666410200144], [104.14526333521, 1.16166418331295], [104.150818190098, 1.14666409698628], [104.153054146595, 1.13536411800782]]], [[[103.721154120773, -0.272435868115511], [103.730818287523, -0.279445989036952], [103.751863402437, -0.299372958063886], [103.759718251563, -0.312217889440037], [103.763609298666, -0.321946093930701], [103.766109285114, -0.335835913359581], [103.761654135925, -0.348608928006236], [103.752782226666, -0.353335818496203], [103.616091322765, -0.38999993946869], [103.547209177553, -0.383608905917574], [103.535536203882, -0.38166396909935], [103.463609248514, -0.367217926574205], [103.453591197811, -0.359863979983586], [103.480554104021, -0.298054987604819], [103.4963722641, -0.272499905856022], [103.512491334503, -0.250972999146481], [103.52930023554, -0.236946051781321], [103.538309272736, -0.232217820186822], [103.557754114691, -0.227635936622285], [103.623309314886, -0.23360888084176], [103.633609165175, -0.236946051781321], [103.721154120773, -0.272435868115511]]], [[[115.293327191404, -6.83879100618487], [115.316672300555, -6.83944596810078], [115.328872328299, -6.83944596810078], [115.349427269514, -6.83944596810078], [115.395263371881, -6.84166398732532], [115.433036251008, -6.84499998479846], [115.461927162592, -6.8505550073245], [115.485809216462, -6.86055495311689], [115.535263283526, -6.8863909962609], [115.56011830872, -6.9024998407427], [115.570482364387, -6.92110883931059], [115.56388228617, -6.9395818834086], [115.546582373244, -6.95069092263225], [115.501663418725, -6.93749998629203], [115.465818209695, -6.92471791918997], [115.443591246431, -6.9161088664144], [115.386382242527, -6.91221781931144], [115.342072317095, -6.93763594076189], [115.348036208859, -6.94639100629121], [115.357754187428, -6.95055496816235], [115.374154219227, -6.95444601526539], [115.389436272777, -6.96305506804095], [115.39401832398, -6.97221782934172], [115.389572394885, -6.98333592102086], [115.295536158173, -7.00826403641042], [115.270754223175, -6.99458192054277], [115.215000317667, -6.93278198061952], [115.211645209455, -6.9224998999655], [115.211109270564, -6.90971783286335], [115.214427163126, -6.89944597813121], [115.247209289451, -6.84152685938899], [115.257491370106, -6.83471790414444], [115.271382363001, -6.83471790414444], [115.293327191404, -6.83879100618487]]], [[[121.726354245136, -10.5446820351354], [121.768882345586, -10.5199998447858], [121.840818185772, -10.4627819560652], [121.856236193792, -10.4441639050418], [121.877200339521, -10.4311089231716], [121.894991264336, -10.421664027009], [121.906645127268, -10.4194460077845], [121.919709329232, -10.4202820188095], [121.990263328856, -10.4376359111925], [121.999436148441, -10.4454178377603], [122.003327195544, -10.4552819967208], [122.001936302527, -10.4674999617378], [121.994282283802, -10.5159730108509], [121.979009282707, -10.5377818847839], [121.871091273193, -10.6074998733832], [121.859991286425, -10.6102819946929], [121.846363317652, -10.6102819946929], [121.745527178151, -10.6069459972199], [121.736645210607, -10.6022179332634], [121.711382322004, -10.5866639707733], [121.694209311092, -10.5731268618312], [121.69359122955, -10.5624999496795], [121.726354245136, -10.5446820351354]]], [[[130.841036278702, -0.770535830126051], [130.88665411631, -0.770417812928999], [130.917127195941, -0.790972921781593], [130.891100213042, -0.835835885187074], [130.866363372684, -0.848890867057384], [130.838291373043, -0.863054942358887], [130.796354196768, -0.876390885624417], [130.667754176387, -0.903608936967834], [130.583309351505, -0.912499956967013], [130.559963404164, -0.909717835657316], [130.477172328783, -0.906390890639616], [130.443027304998, -0.911946080803663], [130.421627300303, -0.92499988920747], [130.411372377015, -0.928335886680657], [130.397627229236, -0.923890963414357], [130.448300360301, -0.865282014038821], [130.486636168047, -0.835282009023622], [130.584136310075, -0.827499914817621], [130.727872371252, -0.828335925842744], [130.804691340603, -0.811108935474302], [130.841036278702, -0.770535830126051]]], [[[127.797791359287, -8.10385505982067], [127.810809293145, -8.10249987371151], [127.843600304288, -8.10110898069462], [127.864991256527, -8.10721787938406], [127.881382235871, -8.11471783872828], [127.897218333222, -8.12305498256411], [127.927200233326, -8.13389093938155], [127.950000351132, -8.13860894505411], [127.968318330021, -8.14055505533884], [128.05053625086, -8.14749996505328], [128.06789131671, -8.14242690196112], [128.085236156637, -8.13749985162286], [128.100527262643, -8.13860894505411], [128.117036259184, -8.14610890439831], [128.12606340129, -8.15416391337238], [128.127727209075, -8.16860895006931], [128.121336175524, -8.1791639454915], [128.036227168633, -8.26471786380422], [128.025272356429, -8.26749998511401], [128.009427206622, -8.26278197944136], [127.829991278616, -8.20305505181722], [127.811509349701, -8.19416403181804], [127.802472316947, -8.18597290073603], [127.763318267811, -8.11027291546203], [127.774427307034, -8.10471789293587], [127.786927239275, -8.10333588473652], [127.797791359287, -8.10385505982067]]], [[[102.37805421308, -5.48719989527496], [102.327472277122, -5.46749990818665], [102.256945267226, -5.45444593214479], [102.099845267226, -5.33513591035547], [102.114436149039, -5.31860897654212], [102.160945150595, -5.27916390772635], [102.178591236123, -5.27778189952692], [102.268336273673, -5.31528203152443], [102.380809177023, -5.37249992024499], [102.39249120315, -5.38139094024416], [102.403591357556, -5.39778191958754], [102.404709168167, -5.41028201946614], [102.386645160945, -5.4841639699364], [102.37805421308, -5.48719989527496]]], [[[130.765536285638, -8.35499984607327], [130.764982241837, -8.34194603766946], [130.840236309861, -8.26055507539945], [130.856627289204, -8.24305500262482], [130.868563454635, -8.23416398262567], [130.92746342369, -8.20444594483411], [130.961636275394, -8.14749996505328], [131.013518244538, -8.09028190869465], [131.03245413733, -8.08483585091023], [131.166654274876, -8.12221796571065], [131.178318196092, -8.13124594600806], [131.157745149966, -8.15555497402739], [131.141936209981, -8.16694598047462], [131.046627265088, -8.20916395050665], [130.959409203714, -8.2369459362974], [130.897218331825, -8.28110884314754], [130.895536251491, -8.29625494222797], [130.888309206915, -8.30666392489639], [130.821900226061, -8.3494459970138], [130.804136290973, -8.35221789240165], [130.765536285638, -8.35499984607327]]], [[[117.536100355327, -8.39083583500974], [117.526382376759, -8.38666399414961], [117.487763428322, -8.36069099070733], [117.483182382948, -8.35152688830187], [117.477200218635, -8.2483359369162], [117.476382312521, -8.20028198296297], [117.481372394771, -8.1913909629638], [117.545400244565, -8.14971781663974], [117.561791223908, -8.14569098270488], [117.57916338884, -8.1452819458288], [117.663600334732, -8.15152679898808], [117.679563334099, -8.15916405390669], [117.688872275791, -8.17028197794782], [117.691363377422, -8.18375504914963], [117.679282372703, -8.1913909629638], [117.638872379192, -8.22263584824204], [117.627200243711, -8.23833582348574], [117.620245275712, -8.251946022624], [117.594991271927, -8.30805498555134], [117.576518227829, -8.35083588420212], [117.555818279689, -8.37805494137406], [117.543172334695, -8.38916398059769], [117.536100355327, -8.39083583500974]]], [[[134.214509241051, -6.02635492206753], [134.222945291344, -6.03041796582421], [134.239963404685, -6.07694607811908], [134.241618327653, -6.09763580033712], [134.228145256451, -6.12874607225008], [134.231763388786, -6.14097292208425], [134.328309334953, -6.23694604898744], [134.337191302497, -6.24194602188352], [134.369963370538, -6.25805503400341], [134.404009320227, -6.28166400546752], [134.364682268609, -6.30860897440476], [134.333036225443, -6.32639101440298], [134.239963404685, -6.25194596767591], [134.130391310394, -6.15125500273837], [134.119963384624, -6.13416396683972], [134.112727287593, -6.1105549953756], [134.112454205187, -6.09389093362591], [134.120927303492, -6.04458187348763], [134.127445239058, -6.03389092359567], [134.152027181845, -6.01249997135602], [134.15219129951, -6.03471788216526], [134.158582333061, -6.04708202757388], [134.189563356027, -6.04666393824226], [134.214509241051, -6.02635492206753]]], [[[134.452791326293, -6.28803592827922], [134.453582242678, -6.29166395125981], [134.463863317504, -6.30166406469032], [134.557191283396, -6.37249986389997], [134.573718217209, -6.37999999088233], [134.589145277685, -6.39541783126441], [134.597745278005, -6.40721787458774], [134.6041272591, -6.42471794736247], [134.599118233749, -6.4427819545844], [134.543872439213, -6.53360892819951], [134.52777231191, -6.52999984832007], [134.509563297763, -6.51721794885606], [134.485227280015, -6.47139089894473], [134.455654249149, -6.4275639387746], [134.436327256753, -6.43231781899289], [134.386245217502, -6.39397295879099], [134.361218195655, -6.39270896778864], [134.345518220411, -6.35971796443597], [134.378300346736, -6.32139087386884], [134.408600256248, -6.2997179544056], [134.447872322581, -6.28479095827488], [134.452791326293, -6.28803592827922]]], [[[119.455463316379, -8.42999088997482], [119.461645137627, -8.44028202308437], [119.496645283176, -8.48694608984915], [119.521100323949, -8.484445935763], [119.540545165904, -8.484445935763], [119.566363439413, -8.49458200366332], [119.585263290022, -8.55999990828338], [119.57025415124, -8.58986395882852], [119.555536199775, -8.59902688776748], [119.53707237577, -8.60083587011594], [119.526654173008, -8.59763582711265], [119.524572275892, -8.58597291172567], [119.512136213754, -8.57298196759581], [119.491091266478, -8.57639088762671], [119.456100341022, -8.60305506280691], [119.437763419032, -8.67333581238677], [119.44483623659, -8.70819095101081], [119.45165424429, -8.72022686109023], [119.46470922616, -8.74291784651597], [119.451436147168, -8.75326396491034], [119.376918177883, -8.73971797115076], [119.374563365999, -8.72221789837602], [119.377809341831, -8.71819994925865], [119.382754161805, -8.71416406286835], [119.404163386593, -8.68083593936905], [119.405263427569, -8.65639095687994], [119.397772353042, -8.63805504071827], [119.415682300883, -8.44569086521853], [119.446927186161, -8.42847292730551], [119.455463316379, -8.42999088997482]]], [[[98.5441452031065, -0.38639085958933], [98.5044362719781, -0.303335921896306], [98.4960912491533, -0.291108904423992], [98.3699823304033, -0.114999921435928], [98.2919271979683, -0.0152819278216062], [98.3008091655121, -0.00721786639207722], [98.3455452269031, 0.00450908673535938], [98.374727158166, 0.00639115927952321], [98.3903002313954, 0.0047181314011986], [98.3989092841709, -0.00125498045645898], [98.4441361898132, -0.0613909449565958], [98.4522093036984, -0.0738908771970276], [98.4583272548431, -0.0883359138938532], [98.4638822773692, -0.109999948539776], [98.465818161732, -0.121946004616858], [98.4699822912412, -0.138335810493865], [98.4824822234816, -0.17389100567311], [98.4885912898091, -0.188890924361657], [98.4933181802991, -0.197781944360835], [98.5072182256499, -0.218335879746978], [98.5222181443384, -0.237499927944672], [98.535263403201, -0.25194597046988], [98.5441452031065, -0.263608885856856], [98.5533181903293, -0.278335889777235], [98.5580361960019, -0.294163940501907], [98.5583181632255, -0.310835881240509], [98.5474823740461, -0.370554929875712], [98.5441452031065, -0.38639085958933]]], [[[134.894409330683, -0.943317868096426], [134.929982295497, -0.961108960550181], [134.992309289494, -1.02589989881092], [134.99205414436, -1.07389098849017], [134.987454155885, -1.08666400313689], [134.95940931361, -1.12694608880612], [134.945800287938, -1.13389099852043], [134.934691248715, -1.13666389973679], [134.922482336153, -1.13805496039162], [134.879945183247, -1.14083590823492], [134.866209255561, -1.13721794353819], [134.801091255437, -1.04069094047179], [134.799136260335, -1.0255550673133], [134.812054281907, -0.982363958319937], [134.840945193491, -0.943335805369254], [134.875245282485, -0.939999975534199], [134.88802718195, -0.940555025163924], [134.894409330683, -0.943317868096426]]], [[[98.8053271508019, 0.0942641825693575], [98.7591822591212, 0.0816641704047279], [98.6376542181074, 0.0773640864256876], [98.5298723307016, 0.0980539762818366], [98.5194724004885, 0.11333602983194], [98.5153092768077, 0.122782099461009], [98.514327253029, 0.135553940641213], [98.5276541438391, 0.153054013415903], [98.549591260891, 0.172218061613699], [98.5597362136087, 0.175554059086771], [98.6119541294331, 0.17694495210373], [98.7628002238179, 0.171664185450247], [98.7822452334108, 0.167082134247603], [98.7918182050543, 0.160282063820321], [98.8230723104261, 0.123609058030519], [98.8347451164588, 0.107782180772501], [98.8376541397831, 0.087635941157828], [98.8053271508019, 0.0942641825693575]]], [[[103.29689134987, 0.588944998626907], [103.297736245712, 0.580554042972491], [103.296218283043, 0.551109087587285], [103.29219128147, 0.541527063488323], [103.282754096659, 0.534164064442269], [103.27303611809, 0.530000102571189], [103.185245237451, 0.508053933063696], [103.173572263781, 0.505836081477419], [103.160382333269, 0.509718076124781], [103.151082276393, 0.517635957162492], [103.13941818754, 0.533336100044439], [103.135245173213, 0.543609128243069], [103.132891199519, 0.564445030852713], [103.13997239898, 0.601944995212255], [103.145518201412, 0.624445040883123], [103.149700268194, 0.640836020226556], [103.155245232436, 0.6561090213213], [103.159972290564, 0.665000041320453], [103.174418165451, 0.684718133319667], [103.190245210348, 0.696391106990525], [103.204418170467, 0.702500005680007], [103.219972300595, 0.703609099111138], [103.235236249234, 0.695000046335613], [103.266645252177, 0.664582119626957], [103.281354151186, 0.645000149735843], [103.288854110531, 0.631945000227402], [103.294127165833, 0.616945081538907], [103.29689134987, 0.588944998626907]]], [[[103.506654177116, 0.740300042173998], [103.506091248497, 0.735554040944649], [103.49719134368, 0.716945042376782], [103.474409330786, 0.678054017362456], [103.461936220636, 0.659718101200722], [103.451927222388, 0.65250010908011], [103.439563412255, 0.647782103407345], [103.426918305451, 0.647500136183894], [103.413600299458, 0.65110904842516], [103.402482375418, 0.660836079449335], [103.353318154567, 0.748609022814946], [103.344991236653, 0.767782123468177], [103.339427161671, 0.789718067053847], [103.338863394862, 0.809445043870352], [103.340263340334, 0.821944976110771], [103.343036241551, 0.832782106394739], [103.373009256838, 0.888264102962813], [103.389554127924, 0.88889106932197], [103.425854139021, 0.830336099403152], [103.466918256259, 0.808891167706913], [103.501218177615, 0.760836040287172], [103.506782252596, 0.749164072444836], [103.506654177116, 0.740300042173998]]], [[[105.706300269786, 2.84358207597631], [105.703045241498, 2.85028206647934], [105.683872308483, 3.00639115788254], [105.690663326455, 3.05750014791381], [105.700954124288, 3.05986417989214], [105.838045180247, 2.98860911788437], [105.848109331418, 2.97715407369673], [105.812618173979, 2.89902702453241], [105.762218292959, 2.84805398897106], [105.739972386593, 2.83597315189046], [105.718045160187, 2.83458209123551], [105.706300269786, 2.84358207597631]]], [[[123.416354136502, -10.1533088465561], [123.428591379896, -10.14639092657], [123.449500205063, -10.1396550615213], [123.506718261422, -10.1804179331581], [123.407345266944, -10.3393730159735], [123.321245183818, -10.3411089081259], [123.312191219621, -10.3244460198428], [123.309418318405, -10.3136088895589], [123.309700285628, -10.2759729707296], [123.318882325307, -10.2597268306735], [123.394991347457, -10.1661088509312], [123.416354136502, -10.1533088465561]]], [[[130.637482262432, -0.419172985914264], [130.660245164587, -0.426664060441176], [130.693036175729, -0.45291785764062], [130.694409299111, -0.46784602723779], [130.668591360878, -0.511390852546188], [130.658872376481, -0.5186088446668], [130.637891299308, -0.528473003627433], [130.606082311944, -0.541108890337681], [130.59497243453, -0.54389101164748], [130.581909238395, -0.543335794379585], [130.465300368731, -0.525282013079625], [130.455809204462, -0.468608948066954], [130.479827212803, -0.450690953598729], [130.614136147452, -0.410281965915098], [130.624391238378, -0.413608910932798], [130.637482262432, -0.419172985914264]]], [[[127.238600231088, -0.6144089690879], [127.252900260859, -0.619999866159625], [127.290400225219, -0.69097296094373], [127.318254127739, -0.794582001660901], [127.277618325755, -0.808335866619927], [127.186654224203, -0.791946060742996], [127.175536300162, -0.789163939433261], [127.161100315921, -0.781317807486862], [127.153591304121, -0.76999989123544], [127.15192716106, -0.75528193977051], [127.154982364776, -0.741390946875191], [127.188572338931, -0.634308948386546], [127.202354199447, -0.620554915789414], [127.2147092924, -0.615835904288482], [127.226927257417, -0.614446017100034], [127.238600231088, -0.6144089690879]]], [[[122.903563380393, -8.61053591141184], [122.892627176013, -8.6022178783154], [122.884427160114, -8.5833357973412], [122.88804512481, -8.56639094183442], [122.896100301423, -8.54055506632847], [122.900272309921, -8.53110882906139], [122.909182273021, -8.51701784395573], [122.918054182281, -8.50944596788195], [122.988036200831, -8.45666394997231], [122.99748227046, -8.45249998810112], [123.008609246956, -8.44971786679145], [123.156863321596, -8.43069094653004], [123.174282257548, -8.43889096242941], [123.180118241469, -8.45013578848489], [123.177763429584, -8.4606909515452], [123.169154209171, -8.47249987968593], [123.158600219577, -8.47889091323702], [123.147772309386, -8.48166398209127], [123.08110030441, -8.49583593638186], [123.068882339393, -8.49721794458127], [122.969436254718, -8.57249984052386], [122.925591357276, -8.61191791961124], [122.903563380393, -8.61053591141184]]], [[[117.903554106748, 4.17404509113095], [117.904709300647, 4.1730540148967], [117.913600320646, 4.14110907306325], [117.929154115498, 4.05652712024556], [117.921918186105, 4.04666413475149], [117.909418253864, 4.03860912577732], [117.896654124035, 4.03110899879493], [117.886936145466, 4.02694503692378], [117.867263315744, 4.02666407552869], [117.853318175754, 4.03166421606285], [117.84443620821, 4.03639110655285], [117.832209190738, 4.04471802446665], [117.817754263396, 4.05833610259384], [117.710272280486, 4.14916408203737], [117.686918286518, 4.16833600922416], [117.726645154919, 4.16971801742364], [117.839709317721, 4.17194508910357], [117.879436186122, 4.1730540148967], [117.903554106748, 4.17404509113095]]], [[[117.235263288322, 3.5797180305505], [117.244136203411, 3.58527305307654], [117.253882345174, 3.58944506157467], [117.273882236759, 3.59236414318275], [117.390827220742, 3.56194504300765], [117.517972310365, 3.48618219345969], [117.51749135676, 3.4744450144102], [117.497618199551, 3.453191022469], [117.486372367667, 3.44736409100316], [117.465672419527, 3.45854504695626], [117.453872376204, 3.46555399441121], [117.434709333835, 3.47389113824699], [117.415545117999, 3.48194497375459], [117.399718240741, 3.4875001639187], [117.3886003167, 3.49028211759037], [117.36052731123, 3.49639118391785], [117.348327283486, 3.49778207693457], [117.334718257814, 3.49778207693457], [117.323036231688, 3.49555399942631], [117.289427146793, 3.49500012326289], [117.276927214553, 3.49639118391785], [117.266100310191, 3.49916408513406], [117.252491284519, 3.50583608008042], [117.239963356722, 3.51416417146066], [117.229709271625, 3.52444507864829], [117.21666334221, 3.54555406366427], [117.216091361136, 3.55860904553453], [117.221100218849, 3.57055392814521], [117.235263288322, 3.5797180305505]]], [[[117.554691248985, 3.43334502262693], [117.608727199613, 3.43471797837087], [117.62526335352, 3.43416410220749], [117.649145239752, 3.43055401649974], [117.662491241301, 3.42694493662036], [117.672491354732, 3.4197180596824], [117.678036151336, 3.41139114176849], [117.681372316447, 3.40110906111436], [117.679427211991, 3.38278219740811], [117.66414515844, 3.28416407713171], [117.631927301839, 3.25889113024442], [117.557618209582, 3.31805395578333], [117.533336171291, 3.37944502646849], [117.530545165163, 3.39028215675251], [117.529163324602, 3.40250012176932], [117.531372291371, 3.41416421062286], [117.540672348246, 3.42700914199877], [117.554691248985, 3.43334502262693]]], [[[121.912172321875, -0.4742179500496], [121.913309243225, -0.475281948841609], [121.911509313332, -0.490554949936378], [121.904154193275, -0.503890893201857], [121.890263368018, -0.513891006632256], [121.878163420198, -0.516108858218737], [121.874418218211, -0.503608925978254], [121.865536250667, -0.49180888265482], [121.838045284555, -0.482217806100613], [121.726382240693, -0.483608866755449], [121.710536252695, -0.512217811115825], [121.705818247022, -0.524717910994299], [121.696918174568, -0.541455062939864], [121.666654139602, -0.554308879133318], [121.647209297647, -0.551108836130087], [121.640827316551, -0.533608930993465], [121.68109129731, -0.461108821084568], [121.741363383918, -0.418608883829002], [121.839427292755, -0.408335855630346], [121.85109121397, -0.407499844605363], [121.878591232537, -0.421108870277065], [121.890827302465, -0.429446014112805], [121.899718322464, -0.441108929499882], [121.907209229353, -0.454163911370128], [121.909991350663, -0.464999868187595], [121.912172321875, -0.4742179500496]]], [[[97.3427452246654, 2.0536359792461], [97.3308092268723, 2.03597312991131], [97.3208181658973, 2.03028215291539], [97.3052362078506, 2.05221809650106], [97.2960823313671, 2.06916412547433], [97.2913540997725, 2.07805397200701], [97.2796913520237, 2.093891075187], [97.2338542438284, 2.14389113942497], [97.2072002945704, 2.17194503415538], [97.1988540982791, 2.17750005668147], [97.1502541471515, 2.19860904169758], [97.1160724106304, 2.20416423186161], [97.1021913083807, 2.21305391075617], [97.1083092595257, 2.22194493075535], [97.165382308959, 2.23360901960888], [97.2845541969834, 2.22576422876704], [97.3244181933212, 2.16305401415621], [97.3283092404242, 2.15360911799382], [97.344127232865, 2.10610904020398], [97.343582241519, 2.05610914360404], [97.3427452246654, 2.0536359792461]]], [[[131.916072360898, -7.10416390547954], [131.927182238312, -7.10694602678933], [131.974400348878, -7.17555492195708], [131.979127239368, -7.18444594195626], [131.988009206912, -7.22131793412803], [131.972600251347, -7.25139086170111], [131.962191268679, -7.25444606541709], [131.913863394129, -7.22069096776875], [131.9058182758, -7.2080550810585], [131.904418330328, -7.18916394762891], [131.899154159843, -7.17763581324529], [131.890254255027, -7.16944602326771], [131.879118226075, -7.16666390195793], [131.833309281074, -7.1591639426137], [131.821627254948, -7.16139101429366], [131.800263460074, -7.16610885232813], [131.765536229293, -7.17416402894025], [131.736082389091, -7.16819091708277], [131.728163334586, -7.15555503037239], [131.728572371463, -7.13944601825249], [131.733836206671, -7.12791788386898], [131.750545195422, -7.11645496069224], [131.916072360898, -7.10416390547954]]], [[[117.610791327094, 4.10215401030854], [117.612200325022, 4.10610909515195], [117.631363367392, 4.12805392355494], [117.644018197203, 4.13930914317029], [117.660818213423, 4.14180912961837], [117.672482302276, 4.136245054637], [117.744982244547, 4.0775001507916], [117.750691326454, 4.06583606193804], [117.750545146062, 4.05027321463087], [117.728591265204, 4.00028203521027], [117.71970929766, 3.99194505901249], [117.686509249641, 3.97389111007437], [117.674845160788, 3.97527311827383], [117.659991254853, 3.9844449320301], [117.605809291471, 4.02603610334096], [117.599154227969, 4.04666413475149], [117.59636338948, 4.06444500128332], [117.594991271927, 4.07694493352376], [117.599154227969, 4.08986412856229], [117.610791327094, 4.10215401030854]]], [[[106.825527254389, -2.90055496166643], [106.896654240916, -2.92860885639688], [106.907345190808, -2.93528202480956], [106.914772395233, -2.95200895083325], [106.89151831355, -3.02347288986868], [106.854427218428, -3.03375497052275], [106.821382235619, -3.02389097920025], [106.723872370584, -2.96757297160701], [106.74248237498, -2.92263591217738], [106.809009205393, -2.89305500232213], [106.821927226965, -2.89721795836482], [106.825527254389, -2.90055496166643]]], [[[128.623536229303, -7.06526399564774], [128.69871821296, -7.10839995171819], [128.703036234212, -7.1197178679695], [128.679691292699, -7.17694598261204], [128.654827215049, -7.2083358748156], [128.637209292716, -7.21971782880747], [128.62661825511, -7.21805502685078], [128.539218306436, -7.16375504627183], [128.526091240199, -7.14013584888586], [128.529554139686, -7.12791788386898], [128.54803623624, -7.10694602678933], [128.584409337533, -7.08166402744672], [128.596927207046, -7.07360885083449], [128.618291337196, -7.0643089615973], [128.623536229303, -7.06526399564774]]], [[[116.429527194708, -3.40497303467004], [116.429427282422, -3.43916399128461], [116.428036221767, -3.45139100875679], [116.40331832451, -3.58416404346429], [116.395263315536, -3.61694600215113], [116.39026334264, -3.63278193186477], [116.380672266085, -3.64458197518815], [116.316936274161, -3.54097293447092], [116.354709320927, -3.44528194242941], [116.363600340926, -3.43360896875863], [116.40443613512, -3.38208188939586], [116.417891269049, -3.37881780865212], [116.425809317725, -3.38916392704659], [116.429527194708, -3.40497303467004]]], [[[122.048663401204, -0.378617817838853], [122.044700269733, -0.396255018549874], [122.033727184979, -0.409235904395752], [122.011382372156, -0.414445927786241], [121.916500233773, -0.416808953936093], [121.89694525361, -0.412217850277899], [121.872336153456, -0.395835923389889], [121.855536137237, -0.374999853142063], [121.855536137237, -0.363335931926602], [121.875118274766, -0.338335899807721], [121.887500357447, -0.329446053274853], [121.92165426605, -0.317217862336189], [121.931927294248, -0.313608950094872], [121.947491315022, -0.312635811133545], [122.047618177875, -0.338126855141869], [122.048663401204, -0.378617817838853]]], [[[108.955900269882, -1.57086391979641], [108.963736175907, -1.58152687413185], [108.964991282092, -1.59680892768211], [108.958036146456, -1.61555505418624], [108.946636255191, -1.63326400398876], [108.931372306552, -1.64360894891671], [108.851791332458, -1.67028200891424], [108.83942718705, -1.67028200891424], [108.829427241257, -1.66639096181131], [108.795745233805, -1.58208192376163], [108.804554111153, -1.56458201862502], [108.896382219286, -1.53749992175131], [108.914145148545, -1.53999990819954], [108.932209323405, -1.54583589212075], [108.955900269882, -1.57086391979641]]], [[[112.694672331616, -5.73135501245014], [112.721582264198, -5.7413910004262], [112.737200264428, -5.77694602796737], [112.737763360685, -5.79000000400937], [112.732482258755, -5.82555503155056], [112.724636126809, -5.83986394613931], [112.692745164432, -5.85278196771139], [112.619982365677, -5.85944608366868], [112.59032719216, -5.8450729637013], [112.584427170498, -5.79833580674062], [112.587772388064, -5.7845819417816], [112.637482270814, -5.73847292464661], [112.681663282575, -5.72999999397894], [112.694700327172, -5.73055504360882], [112.694672331616, -5.73135501245014]]], [[[128.440582248887, -3.5199549769236], [128.461209274469, -3.51889097813155], [128.500827178129, -3.52249989037284], [128.510527219425, -3.52666401988205], [128.53110026555, -3.54028193037117], [128.558318316894, -3.56778194893821], [128.563582319741, -3.57971794673148], [128.562191259086, -3.59125496593244], [128.548854142354, -3.60194608346262], [128.522763456991, -3.61694600215113], [128.402772321747, -3.64083593501045], [128.385882283888, -3.63839998630284], [128.38775413051, -3.61916402137565], [128.409700300017, -3.54249994959566], [128.418582267561, -3.5306908538168], [128.431091252257, -3.52249989037284], [128.440582248887, -3.5199549769236]]], [[[127.416072279174, -7.51254598730606], [127.484982252305, -7.53437296615005], [127.488591332184, -7.54916400781092], [127.488036282554, -7.56889098462744], [127.485263381338, -7.57999985621308], [127.48109137284, -7.58944609348015], [127.453872315668, -7.6097178940047], [127.394145220406, -7.65110890546709], [127.379209339458, -7.65854600053741], [127.359282370431, -7.65458203087655], [127.350254222495, -7.64652685426433], [127.34527235451, -7.63110884624428], [127.346936162295, -7.61666397718551], [127.366791382231, -7.51597301224797], [127.375527169383, -7.50778188116591], [127.387345149979, -7.50249994104603], [127.413309268604, -7.50999990039036], [127.416072279174, -7.51254598730606]]], [[[128.583800308447, -3.49443593735855], [128.623427264562, -3.52125501010977], [128.670809325155, -3.53799098858883], [128.678036202093, -3.52360898380414], [128.691418245826, -3.50013579917185], [128.706363346868, -3.5019459549867], [128.712736275508, -3.50971782327065], [128.716645259884, -3.51916406053771], [128.723018188524, -3.54721795526825], [128.726900350809, -3.59083587077254], [128.723145258176, -3.61631786232545], [128.639709279164, -3.62889088476181], [128.626891337516, -3.62347299017211], [128.615236301118, -3.60944604280691], [128.557463362768, -3.52589992558639], [128.555663432875, -3.50763592615419], [128.568509202441, -3.49534604440778], [128.583800308447, -3.49443593735855]]], [[[95.3801913222585, 5.83754509261944], [95.3808001837069, 5.81916408181854], [95.380245134077, 5.80610909994827], [95.3403182734653, 5.77465399653778], [95.292463305894, 5.78555399109558], [95.2801092187692, 5.79374495453959], [95.2177451767606, 5.88166407829686], [95.2114912711459, 5.89263598958435], [95.2109451063335, 5.90347311986813], [95.2201092087388, 5.91347306566047], [95.3373361599453, 5.89444497193255], [95.3823271988315, 5.8469450617809], [95.3801913222585, 5.83754509261944]]], [[[115.589982359265, -8.80610884709415], [115.569991352498, -8.80555497093075], [115.559709271844, -8.80222685244655], [115.546100246172, -8.79528194273206], [115.511936279286, -8.77444604012238], [115.503600308916, -8.76889101759632], [115.47970920259, -8.74528187849421], [115.469709256798, -8.73208188969852], [115.472072282948, -8.72221789837602], [115.501663418725, -8.68028189556766], [115.510418316616, -8.67139087556848], [115.520409209953, -8.66763578293528], [115.567627152881, -8.671455080947], [115.583882345393, -8.68083593936905], [115.602827290641, -8.70270885104258], [115.616654245796, -8.72971785772035], [115.619427147012, -8.74721793049496], [115.618736142912, -8.76347295536858], [115.598318161996, -8.80089999717023], [115.589982359265, -8.80610884709415]]], [[[129.536372426317, -0.222499841618121], [129.486909306798, -0.162217864364159], [129.367736245307, -0.0436089049583783], [129.291927295292, 0.0313910237605267], [129.289982358473, 0.0430539391475665], [129.30456334964, 0.0450000494322417], [129.338291289922, 0.022782138623134], [129.357454164653, 0.00778205229646891], [129.543163444289, -0.143054989632789], [129.56580028262, -0.182782025672276], [129.56816330877, -0.20062692994458], [129.554691243397, -0.213608821618955], [129.536372426317, -0.222499841618121]]], [[[105.2611092277, -6.53326392906382], [105.263609214148, -6.54471796742315], [105.261382310106, -6.61249990402138], [105.250409225353, -6.63916391156341], [105.195536257871, -6.68347299880543], [105.185245124761, -6.68347299880543], [105.117482298902, -6.62624605762949], [105.114418210369, -6.61089996633877], [105.164427159424, -6.56666396929256], [105.186372323104, -6.55444600427571], [105.254363304368, -6.52875496805707], [105.2611092277, -6.53326392906382]]], [[[126.705263418582, 3.79444495614672], [126.696372398583, 3.79721802500109], [126.684418295879, 3.81444501536953], [126.610809260176, 3.97680901821598], [126.603172340534, 4.03687306598681], [126.618854210867, 4.03819103644581], [126.642763422103, 4.02055400337287], [126.723109328683, 3.91215403442516], [126.726645150728, 3.88555406462358], [126.712909223042, 3.80000014631076], [126.705263418582, 3.79444495614672]]], [[[129.878300265012, -1.14556397219138], [129.95925419485, -1.1734730276346], [129.931363411956, -1.21028198789423], [129.832736239223, -1.24236405766409], [129.741482291459, -1.21097299199403], [129.744691386918, -1.19194607173256], [129.75360034419, -1.18055506528532], [129.765809256752, -1.17221792144961], [129.857727218887, -1.14402689878273], [129.869691379875, -1.14305493328771], [129.878300265012, -1.14556397219138]]], [[[119.699418273706, -8.7231088946861], [119.721718327167, -8.73812691828556], [119.727200259497, -8.75513581153274], [119.716300264939, -8.78270892029582], [119.682682295227, -8.80299094674223], [119.609636188144, -8.77666405934685], [119.610263322141, -8.75610895049414], [119.615400255336, -8.7373639974564], [119.632182334282, -8.72511786924481], [119.644436173845, -8.67083582593859], [119.633054219853, -8.60079094311482], [119.661100235594, -8.61777301427186], [119.719991319832, -8.68694601152492], [119.699418273706, -8.7231088946861]]], [[[133.329009280216, -4.1078549617692], [133.346209280856, -4.11471789647033], [133.418027271482, -4.1697179336045], [133.505245165218, -4.21249983808372], [133.515536298328, -4.2158358355569], [133.539427237015, -4.22610886375543], [133.552763347919, -4.23360882309976], [133.571782389191, -4.24860890942633], [133.615509269437, -4.300554916311], [133.601345194136, -4.29860897366433], [133.429963436914, -4.2213908580829], [133.326372333469, -4.17069090492783], [133.32162717043, -4.15833581197467], [133.315518271741, -4.116664006755], [133.316927269669, -4.10374598518303], [133.329009280216, -4.1078549617692]]], [[[104.175536254993, 0.79083604530251], [104.161100270752, 0.83139104573984], [104.156936141243, 0.841109024308541], [104.14234525943, 0.860554033901608], [104.129700320264, 0.868335960469428], [104.098036172188, 0.882218068547455], [104.089154204644, 0.935553962620297], [104.09470922717, 0.947218051473826], [104.107745265939, 0.949864218313783], [104.260827149183, 0.865973101957581], [104.264982226237, 0.85639107785881], [104.262836123742, 0.840344930012977], [104.244827269443, 0.821109132723894], [104.175536254993, 0.79083604530251]]], [[[120.658072300538, -7.02248192353051], [120.684145216266, -7.0443089023745], [120.748882342708, -7.07631788194834], [120.763045244543, -7.07221795781766], [120.775545176784, -7.0602819600245], [120.783736140228, -7.07055498822308], [120.784145177104, -7.08721787650632], [120.781372275888, -7.09805500679016], [120.769709192863, -7.13416391049474], [120.673027292225, -7.14680884966044], [120.652482241657, -7.13471795429615], [120.637772336819, -7.12208189994777], [120.624836210336, -7.08486390281183], [120.633663360232, -7.0160459629783], [120.658072300538, -7.02248192353051]]], [[[131.036927223792, -7.41749989889677], [131.165118207296, -7.40389087322506], [131.177263417393, -7.41187295964125], [131.171909225268, -7.42639091889594], [131.134427198181, -7.46360891603178], [131.072754160273, -7.51139096104522], [131.060245175577, -7.51249988683845], [130.995100353363, -7.48694597855616], [130.984127268609, -7.47389099668585], [130.981763404269, -7.45625496944115], [130.999972418416, -7.42847298365046], [131.010254163794, -7.42152690046958], [131.030272327928, -7.41749989889677], [131.036927223792, -7.41749989889677]]], [[[138.634154196102, -6.72949987328913], [138.654972329077, -6.74889090342544], [138.663300252819, -6.75444609358959], [138.690518304162, -6.76139100330404], [138.714691377712, -6.76471794832173], [138.728300235746, -6.76471794832173], [138.738554153205, -6.76805495162313], [138.748836233859, -6.77833585881076], [138.769436269713, -6.80610895978418], [138.785809311783, -6.83770890248196], [138.745509288841, -6.86805508009922], [138.728363435296, -6.87326393002309], [138.711909256402, -6.87139090993425], [138.702454134318, -6.86749986283132], [138.68524524886, -6.85721794981532], [138.618009309436, -6.76889096264824], [138.611909295564, -6.75444609358959], [138.610791317315, -6.73916404003932], [138.61760027256, -6.72889101184082], [138.628300274908, -6.72583580812478], [138.63720923218, -6.73055498726376], [138.634154196102, -6.72949987328913]]], [[[128.85864526127, -8.18889986133303], [128.868836146817, -8.18471796218911], [128.891354129761, -8.17999995651655], [128.945527208326, -8.18055500614635], [128.969700281875, -8.18389100361953], [128.979127240765, -8.18805496549067], [129.029163347187, -8.21319095207952], [129.034700264802, -8.22805508393628], [129.032900334909, -8.24333579638199], [129.015400262134, -8.26680898101427], [129.005245251132, -8.26944609539863], [128.924991377851, -8.26263579904958], [128.912754134456, -8.25805492131332], [128.884709292181, -8.244999939443], [128.84884514005, -8.22610897365155], [128.839963340145, -8.22139096797902], [128.830582314084, -8.20215500305176], [128.837191277119, -8.19416403181804], [128.85864526127, -8.18889986133303]]], [[[134.710082394523, -6.59137298173255], [134.71078228344, -6.59110895178174], [134.719700293168, -6.59583584227176], [134.730527197529, -6.60555499430695], [134.739409332711, -6.61694600075418], [134.741636236753, -6.62860891614115], [134.721618240257, -6.69055503645627], [134.667345249407, -6.7744459851743], [134.646500294342, -6.76986393397158], [134.623991363853, -6.75139088987362], [134.62634516991, -6.71555506857527], [134.675809295257, -6.61221793679777], [134.685245138964, -6.59458190955315], [134.694972337626, -6.58708195020892], [134.708009214586, -6.58971789112689], [134.710082394523, -6.59137298173255]]], [[[119.088291364544, -8.13631783563374], [119.105263377417, -8.1452819458288], [119.122754230099, -8.15860883663879], [119.13373619967, -8.17486402915047], [119.136936242673, -8.19221792153333], [119.134718223448, -8.20694609892025], [119.127900215748, -8.22402690889687], [119.103318272961, -8.25055496196912], [119.092209233737, -8.25999985813166], [119.083327266194, -8.26471786380422], [119.072491309376, -8.26749998511401], [119.058872393059, -8.26749998511401], [119.045127245279, -8.26416398764082], [119.03610027081, -8.25583589626052], [119.024427297139, -8.24027304895306], [119.014854157858, -8.20305505181722], [119.023882305793, -8.16778199149968], [119.027772347068, -8.15833592187067], [119.042209337137, -8.1454179002987], [119.06080928325, -8.13639092582964], [119.075127250294, -8.13389093938155], [119.088291364544, -8.13631783563374]]], [[[127.566100299807, -1.17774595424731], [127.57166336896, -1.1830550517334], [127.582354151214, -1.18971782658623], [127.62859124383, -1.20860896001579], [127.651091289501, -1.21333585050581], [127.614700250934, -1.257781898046], [127.495527189443, -1.26889093726971], [127.486645221899, -1.26416404677969], [127.456927184108, -1.24249984449591], [127.456927184108, -1.23208197701002], [127.506527263925, -1.18583583193861], [127.522218186714, -1.17778199643107], [127.53249138255, -1.17416403173423], [127.547054268806, -1.17166404528616], [127.558309320783, -1.17389094932805], [127.566100299807, -1.17774595424731]]], [[[127.708072305637, -3.16059093555618], [127.715000283907, -3.15805507456252], [127.755954262936, -3.15305493402821], [127.789427225723, -3.17965507146784], [127.791654129765, -3.21555493050671], [127.787272406049, -3.24549089778145], [127.773463388167, -3.25416398829737], [127.695827183253, -3.25499999932247], [127.673036285542, -3.25375495142128], [127.658045251671, -3.24471791866841], [127.638327159671, -3.22458190497572], [127.655263297999, -3.20444605892108], [127.699709345539, -3.16694609456164], [127.708072305637, -3.16059093555618]]], [[[104.69692717906, 0.022782138623134], [104.691654123758, 0.024164146822547], [104.681927260372, 0.0288910373124633], [104.673600342458, 0.0344450540101738], [104.593154188316, 0.0972181328948068], [104.538018196712, 0.161945033415057], [104.525800231695, 0.17694495210373], [104.491909179577, 0.233682054856785], [104.541218239716, 0.224718112299677], [104.705263317068, 0.0502821571901673], [104.709991213386, 0.0386090158813172], [104.703882314697, 0.0250001578476068], [104.69692717906, 0.022782138623134]]], [[[120.830800359051, -7.26521781685592], [120.838318255669, -7.26860896725215], [120.870527227453, -7.27749998725131], [120.931372300964, -7.28360888594069], [120.960963436741, -7.28499994659564], [120.995409203213, -7.28069097779916], [121.027482388165, -7.28639100725048], [121.053309211216, -7.2944460162246], [121.06303624224, -7.30208193003876], [121.058872280369, -7.313472936486], [121.04387236168, -7.32916402691234], [121.032209278655, -7.33471787597195], [121.013045230457, -7.3358358542206], [120.999418267513, -7.3358358542206], [120.816382312083, -7.30555505544822], [120.802618221202, -7.2986089722674], [120.791654188904, -7.28916390846677], [120.791091260285, -7.27541792249673], [120.799145263431, -7.26666403043396], [120.814636194009, -7.2597908698109], [120.8286002771, -7.26333591194976], [120.830800359051, -7.26521781685592]]], [[[134.885500373411, -6.30849984202508], [134.888882303714, -6.32902695532106], [134.886936193429, -6.34389091953972], [134.833218252208, -6.46971787106623], [134.816072398663, -6.47000000592782], [134.799900354631, -6.45889096670419], [134.792209287894, -6.44610889960212], [134.788727277667, -6.39028190389832], [134.793582243638, -6.37805505406401], [134.840791301748, -6.29305501191477], [134.85453628189, -6.28944593203529], [134.872036187027, -6.29263591675476], [134.883709328336, -6.30152693675393], [134.885500373411, -6.30849984202508]]], [[[123.585536147048, -5.25528202149411], [123.59887242559, -5.25902688820531], [123.6136002677, -5.26833582989793], [123.627200240917, -5.28249990519954], [123.632754257615, -5.29083587556881], [123.636936156758, -5.30360889021552], [123.633109315034, -5.37360884603823], [123.605263291503, -5.3766640497542], [123.576936146728, -5.37430890259332], [123.565663325116, -5.36847291867218], [123.556636183009, -5.35694595775499], [123.547209224119, -5.33916391775665], [123.536100352533, -5.31583590768776], [123.528054228377, -5.29694594772468], [123.52165414237, -5.27583578924226], [123.519709205552, -5.26069086362827], [123.523182330961, -5.2505549633661], [123.539782354971, -5.25121797190906], [123.585536147048, -5.25528202149411]]], [[[114.326945217461, -7.06397301491706], [114.335818300187, -7.06194593544745], [114.357745191317, -7.06124604653042], [114.370245123558, -7.06610889149029], [114.379700245642, -7.07694602177412], [114.396100277441, -7.10139100426324], [114.407763360466, -7.1238908822961], [114.41845414272, -7.1663909871898], [114.402482258537, -7.18110893865474], [114.38901823979, -7.18402684679638], [114.326236276088, -7.16471795931136], [114.29749120962, -7.10833591397768], [114.292627191194, -7.09597294203558], [114.292627191194, -7.08513581175169], [114.30920927793, -7.06916392756818], [114.326945217461, -7.06397301491706]]], [[[108.781772265896, 2.89980000364528], [108.795536189139, 2.9086090486312], [108.816091297992, 2.92221807430292], [108.826391315919, 2.93250015495698], [108.831936280161, 2.94083595768825], [108.836800298587, 2.95305392270506], [108.83804517885, 2.96889102588523], [108.844154245178, 2.99360909078058], [108.858600287703, 3.00305398694314], [108.87164521129, 3.00360903657287], [108.887354238989, 2.99889103090032], [108.895263402847, 2.98971804367755], [108.897772274113, 2.97847304998402], [108.887282322259, 2.89200902462192], [108.83942718705, 2.84833595619466], [108.829436126075, 2.84458203702802], [108.773463285255, 2.88750006361521], [108.781772265896, 2.89980000364528]]], [[[103.435527190589, 1.02520914616845], [103.442182254091, 0.989791078925289], [103.409691315083, 0.987218002281444], [103.349400285373, 1.00500004227979], [103.322754215104, 1.03652706241956], [103.312945209067, 1.06208214416846], [103.316936168456, 1.07610909153368], [103.327754188, 1.09916418683446], [103.339827146092, 1.11805397915964], [103.350518263622, 1.12471809511685], [103.369963273215, 1.12916419184954], [103.385745223472, 1.1250731525364], [103.386918187006, 1.10889105022066], [103.384700335419, 1.09721807654978], [103.390809234109, 1.07610909153368], [103.399700254108, 1.05402696755629], [103.435527190589, 1.02520914616845]]], [[[127.573091309989, -3.26674606318921], [127.623872399967, -3.31528197657644], [127.650409337856, -3.35360889950538], [127.643054217799, -3.36194604334122], [127.632754199872, -3.36528187317635], [127.617200237382, -3.36624595968227], [127.520682286771, -3.33278188171305], [127.509163372481, -3.32694606542987], [127.488591332184, -3.30639095657728], [127.48109137284, -3.2933358070689], [127.524709288344, -3.25819098987029], [127.551372290058, -3.25819098987029], [127.569718264504, -3.26389085168348], [127.573091309989, -3.26674606318921]]], [[[98.5778181581035, 1.62281805712723], [98.5623632697094, 1.62028219613347], [98.5002723101071, 1.62278218258161], [98.489154218428, 1.62555391033129], [98.4480092996434, 1.64055399665796], [98.4333002329959, 1.65319105683471], [98.4269091994448, 1.66721800419991], [98.4285723366775, 1.68124495156519], [98.4391362169171, 1.69471802276701], [98.4531723843759, 1.70458218172758], [98.4645541707295, 1.70569110752068], [98.5550540824818, 1.68166421436319], [98.5798452375731, 1.66721800419991], [98.6022452033198, 1.62708209892258], [98.5817541322077, 1.62278218258161], [98.5778181581035, 1.62281805712723]]], [[[125.445863352214, 2.75250012486595], [125.426091280758, 2.73416420870417], [125.406936285016, 2.7155540366698], [125.402209226888, 2.70333607165305], [125.400818333871, 2.69083597177449], [125.403882254766, 2.67694497887912], [125.413736187805, 2.66639115692339], [125.421918266431, 2.65750013692423], [125.426091280758, 2.64430903294607], [125.415818252559, 2.63069112245682], [125.403591235087, 2.62666412088407], [125.389709294647, 2.6294450687273], [125.376563452946, 2.63840012646693], [125.356936220777, 2.71278214128211], [125.354709316736, 2.72444505666896], [125.356509246629, 2.73847317750068], [125.380818274648, 2.79291799736705], [125.391936198689, 2.80250002146583], [125.411372323464, 2.80694494473233], [125.422618322987, 2.80528214277551], [125.443309218671, 2.78750010277719], [125.450336271037, 2.77215401148669], [125.448027224343, 2.75666408673708], [125.445863352214, 2.75250012486595]]]]}, "properties": {"COUNTRY": "Indonesia", "ISO": "ID"}}]}
