arc_sample,longitude_deg_e,latitude_deg,range_h01w_km,range_h08s_km,range_difference_h08s_minus_h01w_km,within_h01w_range_band,within_h08s_range_band,within_range_difference_band,within_all_three_bands,status
0,64.46437073,44.97848511,10191.587080,5905.600502,-4285.986578,False,False,False,False,DERIVED_CONDITIONAL_GEOMETRY_NOT_EVENT_LOCATION
1,64.48413255,44.97832981,10190.601307,5905.315081,-4285.286226,False,False,False,False,DERIVED_CONDITIONAL_GEOMETRY_NOT_EVENT_LOCATION
2,64.50389438,44.97817451,10189.615819,5905.030308,-4284.585511,False,False,False,False,DERIVED_CONDITIONAL_GEOMETRY_NOT_EVENT_LOCATION
3,64.52365621,44.97801921,10188.630614,5904.746181,-4283.884433,False,False,False,False,DERIVED_CONDITIONAL_GEOMETRY_NOT_EVENT_LOCATION
4,64.54341804,44.97786391,10187.645694,5904.462702,-4283.182992,False,False,False,False,DERIVED_CONDITIONAL_GEOMETRY_NOT_EVENT_LOCATION
5,64.56317986,44.97770860,10186.661058,5904.179870,-4282.481188,False,False,False,False,DERIVED_CONDITIONAL_GEOMETRY_NOT_EVENT_LOCATION
6,64.58294169,44.97755330,10185.676706,5903.897685,-4281.779020,False,False,False,False,DERIVED_CONDITIONAL_GEOMETRY_NOT_EVENT_LOCATION
7,64.60270352,44.97739800,10184.692638,5903.616148,-4281.076490,False,False,False,False,DERIVED_CONDITIONAL_GEOMETRY_NOT_EVENT_LOCATION
8,64.62246535,44.97724270,10183.708855,5903.335258,-4280.373597,False,False,False,False,DERIVED_CONDITIONAL_GEOMETRY_NOT_EVENT_LOCATION
9,64.64222717,44.97708740,10182.725356,5903.055016,-4279.670340,False,False,False,False,DERIVED_CONDITIONAL_GEOMETRY_NOT_EVENT_LOCATION
10,64.66198900,44.97693210,10181.742142,5902.775422,-4278.966720,False,False,False,False,DERIVED_CONDITIONAL_GEOMETRY_NOT_EVENT_LOCATION
11,64.68175083,44.97677680,10180.759213,5902.496475,-4278.262738,False,False,False,False,DERIVED_CONDITIONAL_GEOMETRY_NOT_EVENT_LOCATION
12,64.70151265,44.97662150,10179.776569,5902.218177,-4277.558392,False,False,False,False,DERIVED_CONDITIONAL_GEOMETRY_NOT_EVENT_LOCATION
13,64.72127448,44.97646620,10178.794209,5901.940526,-4276.853683,False,False,False,False,DERIVED_CONDITIONAL_GEOMETRY_NOT_EVENT_LOCATION
14,64.74103631,44.97631090,10177.812135,5901.663524,-4276.148611,False,False,False,False,DERIVED_CONDITIONAL_GEOMETRY_NOT_EVENT_LOCATION
15,64.76079814,44.97615560,10176.830345,5901.387170,-4275.443175,False,False,False,False,DERIVED_CONDITIONAL_GEOMETRY_NOT_EVENT_LOCATION
16,64.78055996,44.97600030,10175.848841,5901.111464,-4274.737377,False,False,False,False,DERIVED_CONDITIONAL_GEOMETRY_NOT_EVENT_LOCATION
17,64.80032179,44.97584500,10174.867622,5900.836407,-4274.031215,False,False,False,False,DERIVED_CONDITIONAL_GEOMETRY_NOT_EVENT_LOCATION
18,64.82008362,44.97568970,10173.886688,5900.561998,-4273.324690,False,False,False,False,DERIVED_CONDITIONAL_GEOMETRY_NOT_EVENT_LOCATION
19,64.83984545,44.97553440,10172.906040,5900.288238,-4272.617802,False,False,False,False,DERIVED_CONDITIONAL_GEOMETRY_NOT_EVENT_LOCATION
20,64.85960727,44.97537910,10171.925677,5900.015127,-4271.910551,False,False,False,False,DERIVED_CONDITIONAL_GEOMETRY_NOT_EVENT_LOCATION
21,64.87936910,44.97522380,10170.945600,5899.742664,-4271.202936,False,False,False,False,DERIVED_CONDITIONAL_GEOMETRY_NOT_EVENT_LOCATION
22,64.89913093,44.97506850,10169.965809,5899.470851,-4270.494958,False,False,False,False,DERIVED_CONDITIONAL_GEOMETRY_NOT_EVENT_LOCATION
23,64.91889275,44.97491319,10168.986304,5899.199686,-4269.786617,False,False,False,False,DERIVED_CONDITIONAL_GEOMETRY_NOT_EVENT_LOCATION
24,64.93865458,44.97475789,10168.007084,5898.929171,-4269.077913,False,False,False,False,DERIVED_CONDITIONAL_GEOMETRY_NOT_EVENT_LOCATION
25,64.95841641,44.97460259,10167.028150,5898.659305,-4268.368846,False,False,False,False,DERIVED_CONDITIONAL_GEOMETRY_NOT_EVENT_LOCATION
26,64.97817824,44.97444729,10166.049503,5898.390088,-4267.659415,False,False,False,False,DERIVED_CONDITIONAL_GEOMETRY_NOT_EVENT_LOCATION
27,64.99794006,44.97429199,10165.071142,5898.121521,-4266.949621,False,False,False,False,DERIVED_CONDITIONAL_GEOMETRY_NOT_EVENT_LOCATION
28,65.01770189,44.97413669,10164.093067,5897.853603,-4266.239464,False,False,False,False,DERIVED_CONDITIONAL_GEOMETRY_NOT_EVENT_LOCATION
29,65.03746372,44.97398139,10163.115278,5897.586335,-4265.528943,False,False,False,False,DERIVED_CONDITIONAL_GEOMETRY_NOT_EVENT_LOCATION
30,65.05722555,44.97382609,10162.137776,5897.319716,-4264.818060,False,False,False,False,DERIVED_CONDITIONAL_GEOMETRY_NOT_EVENT_LOCATION
31,65.07698737,44.97367079,10161.160560,5897.053747,-4264.106813,False,False,False,False,DERIVED_CONDITIONAL_GEOMETRY_NOT_EVENT_LOCATION
32,65.09674920,44.97351549,10160.183631,5896.788429,-4263.395202,False,False,False,False,DERIVED_CONDITIONAL_GEOMETRY_NOT_EVENT_LOCATION
33,65.11651103,44.97336019,10159.206989,5896.523760,-4262.683229,False,False,False,False,DERIVED_CONDITIONAL_GEOMETRY_NOT_EVENT_LOCATION
34,65.13627285,44.97320489,10158.230633,5896.259741,-4261.970892,False,False,False,False,DERIVED_CONDITIONAL_GEOMETRY_NOT_EVENT_LOCATION
35,65.15603468,44.97304959,10157.254564,5895.996373,-4261.258192,False,False,False,False,DERIVED_CONDITIONAL_GEOMETRY_NOT_EVENT_LOCATION
36,65.17579651,44.97289429,10156.278783,5895.733654,-4260.545128,False,False,False,False,DERIVED_CONDITIONAL_GEOMETRY_NOT_EVENT_LOCATION
37,65.19555834,44.97273899,10155.303288,5895.471587,-4259.831702,False,False,False,False,DERIVED_CONDITIONAL_GEOMETRY_NOT_EVENT_LOCATION
38,65.21532016,44.97258369,10154.328081,5895.210169,-4259.117912,False,False,False,False,DERIVED_CONDITIONAL_GEOMETRY_NOT_EVENT_LOCATION
39,65.23508199,44.97242839,10153.353161,5894.949402,-4258.403758,False,False,False,False,DERIVED_CONDITIONAL_GEOMETRY_NOT_EVENT_LOCATION
40,65.25484382,44.97227308,10152.378528,5894.689286,-4257.689241,False,False,False,False,DERIVED_CONDITIONAL_GEOMETRY_NOT_EVENT_LOCATION
41,65.27460565,44.97211778,10151.404183,5894.429821,-4256.974362,False,False,False,False,DERIVED_CONDITIONAL_GEOMETRY_NOT_EVENT_LOCATION
42,65.29436747,44.97196248,10150.430125,5894.171007,-4256.259118,False,False,False,False,DERIVED_CONDITIONAL_GEOMETRY_NOT_EVENT_LOCATION
43,65.31412930,44.97180718,10149.456355,5893.912843,-4255.543512,False,False,False,False,DERIVED_CONDITIONAL_GEOMETRY_NOT_EVENT_LOCATION
44,65.33389113,44.97165188,10148.482872,5893.655330,-4254.827542,False,False,False,False,DERIVED_CONDITIONAL_GEOMETRY_NOT_EVENT_LOCATION
45,65.35365295,44.97149658,10147.509678,5893.398469,-4254.111208,False,False,False,False,DERIVED_CONDITIONAL_GEOMETRY_NOT_EVENT_LOCATION
46,65.37340054,44.97102932,10146.510164,5893.108155,-4253.402009,False,False,False,False,DERIVED_CONDITIONAL_GEOMETRY_NOT_EVENT_LOCATION
47,65.39314813,44.97056207,10145.510927,5892.818486,-4252.692441,False,False,False,False,DERIVED_CONDITIONAL_GEOMETRY_NOT_EVENT_LOCATION
48,65.41289571,44.97009481,10144.511968,5892.529464,-4251.982504,False,False,False,False,DERIVED_CONDITIONAL_GEOMETRY_NOT_EVENT_LOCATION
49,65.43264330,44.96962755,10143.513286,5892.241087,-4251.272199,False,False,False,False,DERIVED_CONDITIONAL_GEOMETRY_NOT_EVENT_LOCATION
50,65.45239088,44.96916029,10142.514882,5891.953357,-4250.561525,False,False,False,False,DERIVED_CONDITIONAL_GEOMETRY_NOT_EVENT_LOCATION
51,65.47213847,44.96869303,10141.516756,5891.666273,-4249.850483,False,False,False,False,DERIVED_CONDITIONAL_GEOMETRY_NOT_EVENT_LOCATION
52,65.49188605,44.96822578,10140.518907,5891.379835,-4249.139072,False,False,False,False,DERIVED_CONDITIONAL_GEOMETRY_NOT_EVENT_LOCATION
53,65.51163364,44.96775852,10139.521337,5891.094044,-4248.427293,False,False,False,False,DERIVED_CONDITIONAL_GEOMETRY_NOT_EVENT_LOCATION
54,65.53138123,44.96729126,10138.524044,5890.808900,-4247.715144,False,False,False,False,DERIVED_CONDITIONAL_GEOMETRY_NOT_EVENT_LOCATION
55,65.55112881,44.96682400,10137.527030,5890.524402,-4247.002628,False,False,False,False,DERIVED_CONDITIONAL_GEOMETRY_NOT_EVENT_LOCATION
56,65.57087640,44.96635674,10136.530293,5890.240551,-4246.289742,False,False,False,False,DERIVED_CONDITIONAL_GEOMETRY_NOT_EVENT_LOCATION
57,65.59062398,44.96588949,10135.533835,5889.957347,-4245.576488,False,False,False,False,DERIVED_CONDITIONAL_GEOMETRY_NOT_EVENT_LOCATION
58,65.61037157,44.96542223,10134.537655,5889.674791,-4244.862865,False,False,False,False,DERIVED_CONDITIONAL_GEOMETRY_NOT_EVENT_LOCATION
59,65.63011915,44.96495497,10133.541754,5889.392881,-4244.148873,False,False,False,False,DERIVED_CONDITIONAL_GEOMETRY_NOT_EVENT_LOCATION
60,65.64986674,44.96448771,10132.546131,5889.111618,-4243.434513,False,False,False,False,DERIVED_CONDITIONAL_GEOMETRY_NOT_EVENT_LOCATION
61,65.66961433,44.96402045,10131.550787,5888.831003,-4242.719783,False,False,False,False,DERIVED_CONDITIONAL_GEOMETRY_NOT_EVENT_LOCATION
62,65.68936191,44.96355320,10130.555721,5888.551036,-4242.004686,False,False,False,False,DERIVED_CONDITIONAL_GEOMETRY_NOT_EVENT_LOCATION
63,65.70910950,44.96308594,10129.560935,5888.271716,-4241.289219,False,False,False,False,DERIVED_CONDITIONAL_GEOMETRY_NOT_EVENT_LOCATION
64,65.72885708,44.96261868,10128.566427,5887.993044,-4240.573383,False,False,False,False,DERIVED_CONDITIONAL_GEOMETRY_NOT_EVENT_LOCATION
65,65.74860467,44.96215142,10127.572199,5887.715020,-4239.857179,False,False,False,False,DERIVED_CONDITIONAL_GEOMETRY_NOT_EVENT_LOCATION
66,65.76835225,44.96168416,10126.578249,5887.437643,-4239.140606,False,False,False,False,DERIVED_CONDITIONAL_GEOMETRY_NOT_EVENT_LOCATION
67,65.78809984,44.96121691,10125.584579,5887.160915,-4238.423664,False,False,False,False,DERIVED_CONDITIONAL_GEOMETRY_NOT_EVENT_LOCATION
68,65.80784743,44.96074965,10124.591188,5886.884834,-4237.706353,False,False,False,False,DERIVED_CONDITIONAL_GEOMETRY_NOT_EVENT_LOCATION
69,65.82759501,44.96028239,10123.598076,5886.609402,-4236.988674,False,False,False,False,DERIVED_CONDITIONAL_GEOMETRY_NOT_EVENT_LOCATION
70,65.84734260,44.95981513,10122.605244,5886.334619,-4236.270625,False,False,False,False,DERIVED_CONDITIONAL_GEOMETRY_NOT_EVENT_LOCATION
71,65.86709018,44.95934787,10121.612691,5886.060483,-4235.552208,False,False,False,False,DERIVED_CONDITIONAL_GEOMETRY_NOT_EVENT_LOCATION
72,65.88683777,44.95888062,10120.620418,5885.786997,-4234.833421,False,False,False,False,DERIVED_CONDITIONAL_GEOMETRY_NOT_EVENT_LOCATION
73,65.90658535,44.95841336,10119.628425,5885.514159,-4234.114266,False,False,False,False,DERIVED_CONDITIONAL_GEOMETRY_NOT_EVENT_LOCATION
74,65.92633294,44.95794610,10118.636711,5885.241969,-4233.394742,False,False,False,False,DERIVED_CONDITIONAL_GEOMETRY_NOT_EVENT_LOCATION
75,65.94608053,44.95747884,10117.645278,5884.970429,-4232.674849,False,False,False,False,DERIVED_CONDITIONAL_GEOMETRY_NOT_EVENT_LOCATION
76,65.96582811,44.95701158,10116.654125,5884.699538,-4231.954587,False,False,False,False,DERIVED_CONDITIONAL_GEOMETRY_NOT_EVENT_LOCATION
77,65.98557570,44.95654433,10115.663252,5884.429295,-4231.233956,False,False,False,False,DERIVED_CONDITIONAL_GEOMETRY_NOT_EVENT_LOCATION
78,66.00532328,44.95607707,10114.672659,5884.159702,-4230.512957,False,False,False,False,DERIVED_CONDITIONAL_GEOMETRY_NOT_EVENT_LOCATION
79,66.02507087,44.95560981,10113.682346,5883.890758,-4229.791588,False,False,False,False,DERIVED_CONDITIONAL_GEOMETRY_NOT_EVENT_LOCATION
80,66.04481845,44.95514255,10112.692314,5883.622464,-4229.069850,False,False,False,False,DERIVED_CONDITIONAL_GEOMETRY_NOT_EVENT_LOCATION
81,66.06456604,44.95467529,10111.702562,5883.354819,-4228.347743,False,False,False,False,DERIVED_CONDITIONAL_GEOMETRY_NOT_EVENT_LOCATION
82,66.08431363,44.95420803,10110.713091,5883.087823,-4227.625268,False,False,False,False,DERIVED_CONDITIONAL_GEOMETRY_NOT_EVENT_LOCATION
83,66.10406121,44.95374078,10109.723901,5882.821478,-4226.902423,False,False,False,False,DERIVED_CONDITIONAL_GEOMETRY_NOT_EVENT_LOCATION
84,66.12380880,44.95327352,10108.734991,5882.555782,-4226.179209,False,False,False,False,DERIVED_CONDITIONAL_GEOMETRY_NOT_EVENT_LOCATION
85,66.14355638,44.95280626,10107.746362,5882.290736,-4225.455626,False,False,False,False,DERIVED_CONDITIONAL_GEOMETRY_NOT_EVENT_LOCATION
86,66.16330397,44.95233900,10106.758015,5882.026340,-4224.731675,False,False,False,False,DERIVED_CONDITIONAL_GEOMETRY_NOT_EVENT_LOCATION
87,66.18305155,44.95187174,10105.769948,5881.762594,-4224.007354,False,False,False,False,DERIVED_CONDITIONAL_GEOMETRY_NOT_EVENT_LOCATION
88,66.20279914,44.95140449,10104.782162,5881.499498,-4223.282664,False,False,False,False,DERIVED_CONDITIONAL_GEOMETRY_NOT_EVENT_LOCATION
89,66.22254673,44.95093723,10103.794658,5881.237053,-4222.557605,False,False,False,False,DERIVED_CONDITIONAL_GEOMETRY_NOT_EVENT_LOCATION
90,66.24229431,44.95046997,10102.807435,5880.975258,-4221.832177,False,False,False,False,DERIVED_CONDITIONAL_GEOMETRY_NOT_EVENT_LOCATION
91,66.26201274,44.94969347,10101.794602,5880.680350,-4221.114252,False,False,False,False,DERIVED_CONDITIONAL_GEOMETRY_NOT_EVENT_LOCATION
92,66.28173116,44.94891697,10100.782039,5880.386086,-4220.395952,False,False,False,False,DERIVED_CONDITIONAL_GEOMETRY_NOT_EVENT_LOCATION
93,66.30144958,44.94814046,10099.769746,5880.092468,-4219.677279,False,False,False,False,DERIVED_CONDITIONAL_GEOMETRY_NOT_EVENT_LOCATION
94,66.32116801,44.94736396,10098.757725,5879.799494,-4218.958231,False,False,False,False,DERIVED_CONDITIONAL_GEOMETRY_NOT_EVENT_LOCATION
95,66.34088643,44.94658746,10097.745974,5879.507165,-4218.238809,False,False,False,False,DERIVED_CONDITIONAL_GEOMETRY_NOT_EVENT_LOCATION
96,66.36060486,44.94581095,10096.734495,5879.215482,-4217.519013,False,False,False,False,DERIVED_CONDITIONAL_GEOMETRY_NOT_EVENT_LOCATION
97,66.38032328,44.94503445,10095.723286,5878.924444,-4216.798842,False,False,False,False,DERIVED_CONDITIONAL_GEOMETRY_NOT_EVENT_LOCATION
98,66.40004171,44.94425795,10094.712349,5878.634051,-4216.078298,False,False,False,False,DERIVED_CONDITIONAL_GEOMETRY_NOT_EVENT_LOCATION
99,66.41976013,44.94348145,10093.701683,5878.344304,-4215.357379,False,False,False,False,DERIVED_CONDITIONAL_GEOMETRY_NOT_EVENT_LOCATION
100,66.43947856,44.94270494,10092.691289,5878.055203,-4214.636085,False,False,False,False,DERIVED_CONDITIONAL_GEOMETRY_NOT_EVENT_LOCATION
101,66.45919698,44.94192844,10091.681166,5877.766748,-4213.914418,False,False,False,False,DERIVED_CONDITIONAL_GEOMETRY_NOT_EVENT_LOCATION
102,66.47891541,44.94115194,10090.671314,5877.478938,-4213.192376,False,False,False,False,DERIVED_CONDITIONAL_GEOMETRY_NOT_EVENT_LOCATION
103,66.49863383,44.94037543,10089.661735,5877.191775,-4212.469960,False,False,False,False,DERIVED_CONDITIONAL_GEOMETRY_NOT_EVENT_LOCATION
104,66.51835225,44.93959893,10088.652427,5876.905258,-4211.747169,False,False,False,False,DERIVED_CONDITIONAL_GEOMETRY_NOT_EVENT_LOCATION
105,66.53807068,44.93882243,10087.643391,5876.619387,-4211.024004,False,False,False,False,DERIVED_CONDITIONAL_GEOMETRY_NOT_EVENT_LOCATION
106,66.55778910,44.93804593,10086.634627,5876.334162,-4210.300464,False,False,False,False,DERIVED_CONDITIONAL_GEOMETRY_NOT_EVENT_LOCATION
107,66.57750753,44.93726942,10085.626135,5876.049584,-4209.576551,False,False,False,False,DERIVED_CONDITIONAL_GEOMETRY_NOT_EVENT_LOCATION
108,66.59722595,44.93649292,10084.617915,5875.765653,-4208.852262,False,False,False,False,DERIVED_CONDITIONAL_GEOMETRY_NOT_EVENT_LOCATION
109,66.61694438,44.93571642,10083.609968,5875.482368,-4208.127599,False,False,False,False,DERIVED_CONDITIONAL_GEOMETRY_NOT_EVENT_LOCATION
110,66.63666280,44.93493991,10082.602293,5875.199731,-4207.402562,False,False,False,False,DERIVED_CONDITIONAL_GEOMETRY_NOT_EVENT_LOCATION
111,66.65638123,44.93416341,10081.594890,5874.917740,-4206.677150,False,False,False,False,DERIVED_CONDITIONAL_GEOMETRY_NOT_EVENT_LOCATION
112,66.67609965,44.93338691,10080.587760,5874.636396,-4205.951364,False,False,False,False,DERIVED_CONDITIONAL_GEOMETRY_NOT_EVENT_LOCATION
113,66.69581807,44.93261041,10079.580903,5874.355700,-4205.225203,False,False,False,False,DERIVED_CONDITIONAL_GEOMETRY_NOT_EVENT_LOCATION
114,66.71553650,44.93183390,10078.574319,5874.075651,-4204.498668,False,False,False,False,DERIVED_CONDITIONAL_GEOMETRY_NOT_EVENT_LOCATION
115,66.73525492,44.93105740,10077.568007,5873.796249,-4203.771758,False,False,False,False,DERIVED_CONDITIONAL_GEOMETRY_NOT_EVENT_LOCATION
116,66.75497335,44.93028090,10076.561968,5873.517495,-4203.044473,False,False,False,False,DERIVED_CONDITIONAL_GEOMETRY_NOT_EVENT_LOCATION
117,66.77469177,44.92950439,10075.556203,5873.239388,-4202.316814,False,False,False,False,DERIVED_CONDITIONAL_GEOMETRY_NOT_EVENT_LOCATION
118,66.79441020,44.92872789,10074.550710,5872.961930,-4201.588781,False,False,False,False,DERIVED_CONDITIONAL_GEOMETRY_NOT_EVENT_LOCATION
119,66.81412862,44.92795139,10073.545491,5872.685119,-4200.860372,False,False,False,False,DERIVED_CONDITIONAL_GEOMETRY_NOT_EVENT_LOCATION
120,66.83384705,44.92717489,10072.540545,5872.408956,-4200.131589,False,False,False,False,DERIVED_CONDITIONAL_GEOMETRY_NOT_EVENT_LOCATION
121,66.85356547,44.92639838,10071.535873,5872.133441,-4199.402431,False,False,False,False,DERIVED_CONDITIONAL_GEOMETRY_NOT_EVENT_LOCATION
122,66.87328389,44.92562188,10070.531474,5871.858575,-4198.672899,False,False,False,False,DERIVED_CONDITIONAL_GEOMETRY_NOT_EVENT_LOCATION
123,66.89300232,44.92484538,10069.527349,5871.584357,-4197.942992,False,False,False,False,DERIVED_CONDITIONAL_GEOMETRY_NOT_EVENT_LOCATION
124,66.91272074,44.92406887,10068.523497,5871.310787,-4197.212710,False,False,False,False,DERIVED_CONDITIONAL_GEOMETRY_NOT_EVENT_LOCATION
125,66.93243917,44.92329237,10067.519920,5871.037866,-4196.482053,False,False,False,False,DERIVED_CONDITIONAL_GEOMETRY_NOT_EVENT_LOCATION
126,66.95215759,44.92251587,10066.516616,5870.765594,-4195.751022,False,False,False,False,DERIVED_CONDITIONAL_GEOMETRY_NOT_EVENT_LOCATION
127,66.97187602,44.92173937,10065.513586,5870.493970,-4195.019616,False,False,False,False,DERIVED_CONDITIONAL_GEOMETRY_NOT_EVENT_LOCATION
128,66.99159444,44.92096286,10064.510831,5870.222996,-4194.287835,False,False,False,False,DERIVED_CONDITIONAL_GEOMETRY_NOT_EVENT_LOCATION
129,67.01131287,44.92018636,10063.508349,5869.952670,-4193.555680,False,False,False,False,DERIVED_CONDITIONAL_GEOMETRY_NOT_EVENT_LOCATION
130,67.03103129,44.91940986,10062.506142,5869.682993,-4192.823149,False,False,False,False,DERIVED_CONDITIONAL_GEOMETRY_NOT_EVENT_LOCATION
131,67.05074972,44.91863336,10061.504210,5869.413966,-4192.090244,False,False,False,False,DERIVED_CONDITIONAL_GEOMETRY_NOT_EVENT_LOCATION
132,67.07046814,44.91785685,10060.502552,5869.145588,-4191.356964,False,False,False,False,DERIVED_CONDITIONAL_GEOMETRY_NOT_EVENT_LOCATION
133,67.09018656,44.91708035,10059.501168,5868.877860,-4190.623309,False,False,False,False,DERIVED_CONDITIONAL_GEOMETRY_NOT_EVENT_LOCATION
134,67.10990499,44.91630385,10058.500060,5868.610781,-4189.889279,False,False,False,False,DERIVED_CONDITIONAL_GEOMETRY_NOT_EVENT_LOCATION
135,67.12962341,44.91552734,10057.499226,5868.344352,-4189.154874,False,False,False,False,DERIVED_CONDITIONAL_GEOMETRY_NOT_EVENT_LOCATION
136,67.14929877,44.91444024,10056.473066,5868.044659,-4188.428407,False,False,False,False,DERIVED_CONDITIONAL_GEOMETRY_NOT_EVENT_LOCATION
137,67.16897413,44.91335314,10055.447170,5867.745611,-4187.701560,False,False,False,False,DERIVED_CONDITIONAL_GEOMETRY_NOT_EVENT_LOCATION
138,67.18864950,44.91226603,10054.421538,5867.447206,-4186.974333,False,False,False,False,DERIVED_CONDITIONAL_GEOMETRY_NOT_EVENT_LOCATION
139,67.20832486,44.91117893,10053.396170,5867.149445,-4186.246725,False,False,False,False,DERIVED_CONDITIONAL_GEOMETRY_NOT_EVENT_LOCATION
140,67.22800022,44.91009182,10052.371066,5866.852328,-4185.518738,False,False,False,False,DERIVED_CONDITIONAL_GEOMETRY_NOT_EVENT_LOCATION
141,67.24767558,44.90900472,10051.346227,5866.555855,-4184.790371,False,False,False,False,DERIVED_CONDITIONAL_GEOMETRY_NOT_EVENT_LOCATION
142,67.26735094,44.90791762,10050.321651,5866.260027,-4184.061624,False,False,False,False,DERIVED_CONDITIONAL_GEOMETRY_NOT_EVENT_LOCATION
143,67.28702630,44.90683051,10049.297340,5865.964843,-4183.332497,False,False,False,False,DERIVED_CONDITIONAL_GEOMETRY_NOT_EVENT_LOCATION
144,67.30670166,44.90574341,10048.273293,5865.670304,-4182.602990,False,False,False,False,DERIVED_CONDITIONAL_GEOMETRY_NOT_EVENT_LOCATION
145,67.32637702,44.90465630,10047.249511,5865.376409,-4181.873102,False,False,False,False,DERIVED_CONDITIONAL_GEOMETRY_NOT_EVENT_LOCATION
146,67.34605238,44.90356920,10046.225994,5865.083159,-4181.142835,False,False,False,False,DERIVED_CONDITIONAL_GEOMETRY_NOT_EVENT_LOCATION
147,67.36572774,44.90248210,10045.202741,5864.790554,-4180.412187,False,False,False,False,DERIVED_CONDITIONAL_GEOMETRY_NOT_EVENT_LOCATION
148,67.38540310,44.90139499,10044.179753,5864.498594,-4179.681160,False,False,False,False,DERIVED_CONDITIONAL_GEOMETRY_NOT_EVENT_LOCATION
149,67.40507846,44.90030789,10043.157030,5864.207279,-4178.949752,False,False,False,False,DERIVED_CONDITIONAL_GEOMETRY_NOT_EVENT_LOCATION
150,67.42475382,44.89922078,10042.134573,5863.916609,-4178.217963,False,False,False,False,DERIVED_CONDITIONAL_GEOMETRY_NOT_EVENT_LOCATION
151,67.44442919,44.89813368,10041.112380,5863.626585,-4177.485795,False,False,False,False,DERIVED_CONDITIONAL_GEOMETRY_NOT_EVENT_LOCATION
152,67.46410455,44.89704658,10040.090453,5863.337207,-4176.753246,False,False,False,False,DERIVED_CONDITIONAL_GEOMETRY_NOT_EVENT_LOCATION
153,67.48377991,44.89595947,10039.068791,5863.048474,-4176.020317,False,False,False,False,DERIVED_CONDITIONAL_GEOMETRY_NOT_EVENT_LOCATION
154,67.50345527,44.89487237,10038.047394,5862.760386,-4175.287008,False,False,False,False,DERIVED_CONDITIONAL_GEOMETRY_NOT_EVENT_LOCATION
155,67.52313063,44.89378526,10037.026263,5862.472945,-4174.553318,False,False,False,False,DERIVED_CONDITIONAL_GEOMETRY_NOT_EVENT_LOCATION
156,67.54280599,44.89269816,10036.005398,5862.186150,-4173.819248,False,False,False,False,DERIVED_CONDITIONAL_GEOMETRY_NOT_EVENT_LOCATION
157,67.56248135,44.89161106,10034.984798,5861.900001,-4173.084797,False,False,False,False,DERIVED_CONDITIONAL_GEOMETRY_NOT_EVENT_LOCATION
158,67.58215671,44.89052395,10033.964465,5861.614498,-4172.349966,False,False,False,False,DERIVED_CONDITIONAL_GEOMETRY_NOT_EVENT_LOCATION
159,67.60183207,44.88943685,10032.944397,5861.329642,-4171.614755,False,False,False,False,DERIVED_CONDITIONAL_GEOMETRY_NOT_EVENT_LOCATION
160,67.62150743,44.88834975,10031.924595,5861.045432,-4170.879163,False,False,False,False,DERIVED_CONDITIONAL_GEOMETRY_NOT_EVENT_LOCATION
161,67.64118279,44.88726264,10030.905060,5860.761869,-4170.143191,False,False,False,False,DERIVED_CONDITIONAL_GEOMETRY_NOT_EVENT_LOCATION
162,67.66085815,44.88617554,10029.885791,5860.478952,-4169.406838,False,False,False,False,DERIVED_CONDITIONAL_GEOMETRY_NOT_EVENT_LOCATION
163,67.68053352,44.88508843,10028.866788,5860.196683,-4168.670105,False,False,False,False,DERIVED_CONDITIONAL_GEOMETRY_NOT_EVENT_LOCATION
164,67.70020888,44.88400133,10027.848052,5859.915060,-4167.932991,False,False,False,False,DERIVED_CONDITIONAL_GEOMETRY_NOT_EVENT_LOCATION
165,67.71988424,44.88291423,10026.829582,5859.634085,-4167.195497,False,False,False,False,DERIVED_CONDITIONAL_GEOMETRY_NOT_EVENT_LOCATION
166,67.73955960,44.88182712,10025.811379,5859.353757,-4166.457622,False,False,False,False,DERIVED_CONDITIONAL_GEOMETRY_NOT_EVENT_LOCATION
167,67.75923496,44.88074002,10024.793442,5859.074076,-4165.719366,False,False,False,False,DERIVED_CONDITIONAL_GEOMETRY_NOT_EVENT_LOCATION
168,67.77891032,44.87965291,10023.775773,5858.795043,-4164.980730,False,False,False,False,DERIVED_CONDITIONAL_GEOMETRY_NOT_EVENT_LOCATION
169,67.79858568,44.87856581,10022.758370,5858.516657,-4164.241713,False,False,False,False,DERIVED_CONDITIONAL_GEOMETRY_NOT_EVENT_LOCATION
170,67.81826104,44.87747871,10021.741235,5858.238920,-4163.502315,False,False,False,False,DERIVED_CONDITIONAL_GEOMETRY_NOT_EVENT_LOCATION
171,67.83793640,44.87639160,10020.724367,5857.961830,-4162.762537,False,False,False,False,DERIVED_CONDITIONAL_GEOMETRY_NOT_EVENT_LOCATION
172,67.85761176,44.87530450,10019.707766,5857.685388,-4162.022378,False,False,False,False,DERIVED_CONDITIONAL_GEOMETRY_NOT_EVENT_LOCATION
173,67.87728712,44.87421739,10018.691432,5857.409594,-4161.281838,False,False,False,False,DERIVED_CONDITIONAL_GEOMETRY_NOT_EVENT_LOCATION
174,67.89696248,44.87313029,10017.675366,5857.134448,-4160.540918,False,False,False,False,DERIVED_CONDITIONAL_GEOMETRY_NOT_EVENT_LOCATION
175,67.91663784,44.87204319,10016.659567,5856.859951,-4159.799617,False,False,False,False,DERIVED_CONDITIONAL_GEOMETRY_NOT_EVENT_LOCATION
176,67.93631321,44.87095608,10015.644036,5856.586102,-4159.057935,False,False,False,False,DERIVED_CONDITIONAL_GEOMETRY_NOT_EVENT_LOCATION
177,67.95598857,44.86986898,10014.628773,5856.312901,-4158.315872,False,False,False,False,DERIVED_CONDITIONAL_GEOMETRY_NOT_EVENT_LOCATION
178,67.97566393,44.86878187,10013.613778,5856.040350,-4157.573428,False,False,False,False,DERIVED_CONDITIONAL_GEOMETRY_NOT_EVENT_LOCATION
179,67.99533929,44.86769477,10012.599051,5855.768447,-4156.830604,False,False,False,False,DERIVED_CONDITIONAL_GEOMETRY_NOT_EVENT_LOCATION
180,68.01501465,44.86660767,10011.584592,5855.497193,-4156.087399,False,False,False,False,DERIVED_CONDITIONAL_GEOMETRY_NOT_EVENT_LOCATION
181,68.03463236,44.86521200,10010.545410,5855.192877,-4155.352533,False,False,False,False,DERIVED_CONDITIONAL_GEOMETRY_NOT_EVENT_LOCATION
182,68.05425008,44.86381632,10009.506486,5854.889204,-4154.617281,False,False,False,False,DERIVED_CONDITIONAL_GEOMETRY_NOT_EVENT_LOCATION
183,68.07386780,44.86242065,10008.467818,5854.586174,-4153.881644,False,False,False,False,DERIVED_CONDITIONAL_GEOMETRY_NOT_EVENT_LOCATION
184,68.09348551,44.86102498,10007.429407,5854.283786,-4153.145621,False,False,False,False,DERIVED_CONDITIONAL_GEOMETRY_NOT_EVENT_LOCATION
185,68.11310323,44.85962931,10006.391254,5853.982041,-4152.409212,False,False,False,False,DERIVED_CONDITIONAL_GEOMETRY_NOT_EVENT_LOCATION
186,68.13272095,44.85823364,10005.353357,5853.680940,-4151.672417,False,False,False,False,DERIVED_CONDITIONAL_GEOMETRY_NOT_EVENT_LOCATION
187,68.15233866,44.85683797,10004.315718,5853.380481,-4150.935237,False,False,False,False,DERIVED_CONDITIONAL_GEOMETRY_NOT_EVENT_LOCATION
188,68.17195638,44.85544230,10003.278337,5853.080666,-4150.197670,False,False,False,False,DERIVED_CONDITIONAL_GEOMETRY_NOT_EVENT_LOCATION
189,68.19157410,44.85404663,10002.241213,5852.781495,-4149.459718,False,False,False,False,DERIVED_CONDITIONAL_GEOMETRY_NOT_EVENT_LOCATION
190,68.21119181,44.85265096,10001.204346,5852.482967,-4148.721380,False,False,False,False,DERIVED_CONDITIONAL_GEOMETRY_NOT_EVENT_LOCATION
191,68.23080953,44.85125529,10000.167737,5852.185082,-4147.982655,False,False,False,False,DERIVED_CONDITIONAL_GEOMETRY_NOT_EVENT_LOCATION
192,68.25042725,44.84985962,9999.131387,5851.887842,-4147.243545,False,False,False,False,DERIVED_CONDITIONAL_GEOMETRY_NOT_EVENT_LOCATION
193,68.27004496,44.84846395,9998.095294,5851.591245,-4146.504048,False,False,False,False,DERIVED_CONDITIONAL_GEOMETRY_NOT_EVENT_LOCATION
194,68.28966268,44.84706828,9997.059459,5851.295293,-4145.764166,False,False,False,False,DERIVED_CONDITIONAL_GEOMETRY_NOT_EVENT_LOCATION
195,68.30928040,44.84567261,9996.023882,5850.999985,-4145.023897,False,False,False,False,DERIVED_CONDITIONAL_GEOMETRY_NOT_EVENT_LOCATION
196,68.32889811,44.84427694,9994.988564,5850.705322,-4144.283242,False,False,False,False,DERIVED_CONDITIONAL_GEOMETRY_NOT_EVENT_LOCATION
197,68.34851583,44.84288127,9993.953504,5850.411303,-4143.542201,False,False,False,False,DERIVED_CONDITIONAL_GEOMETRY_NOT_EVENT_LOCATION
198,68.36813354,44.84148560,9992.918702,5850.117928,-4142.800774,False,False,False,False,DERIVED_CONDITIONAL_GEOMETRY_NOT_EVENT_LOCATION
199,68.38775126,44.84008993,9991.884159,5849.825199,-4142.058960,False,False,False,False,DERIVED_CONDITIONAL_GEOMETRY_NOT_EVENT_LOCATION
200,68.40736898,44.83869425,9990.849875,5849.533114,-4141.316760,False,False,False,False,DERIVED_CONDITIONAL_GEOMETRY_NOT_EVENT_LOCATION
201,68.42698669,44.83729858,9989.815849,5849.241675,-4140.574174,False,False,False,False,DERIVED_CONDITIONAL_GEOMETRY_NOT_EVENT_LOCATION
202,68.44660441,44.83590291,9988.782082,5848.950880,-4139.831202,False,False,False,False,DERIVED_CONDITIONAL_GEOMETRY_NOT_EVENT_LOCATION
203,68.46622213,44.83450724,9987.748575,5848.660731,-4139.087843,False,False,False,False,DERIVED_CONDITIONAL_GEOMETRY_NOT_EVENT_LOCATION
204,68.48583984,44.83311157,9986.715326,5848.371228,-4138.344098,False,False,False,False,DERIVED_CONDITIONAL_GEOMETRY_NOT_EVENT_LOCATION
205,68.50545756,44.83171590,9985.682336,5848.082370,-4137.599967,False,False,False,False,DERIVED_CONDITIONAL_GEOMETRY_NOT_EVENT_LOCATION
206,68.52507528,44.83032023,9984.649606,5847.794158,-4136.855449,False,False,False,False,DERIVED_CONDITIONAL_GEOMETRY_NOT_EVENT_LOCATION
207,68.54469299,44.82892456,9983.617135,5847.506591,-4136.110544,False,False,False,False,DERIVED_CONDITIONAL_GEOMETRY_NOT_EVENT_LOCATION
208,68.56431071,44.82752889,9982.584924,5847.219671,-4135.365253,False,False,False,False,DERIVED_CONDITIONAL_GEOMETRY_NOT_EVENT_LOCATION
209,68.58392843,44.82613322,9981.552972,5846.933396,-4134.619576,False,False,False,False,DERIVED_CONDITIONAL_GEOMETRY_NOT_EVENT_LOCATION
210,68.60354614,44.82473755,9980.521280,5846.647768,-4133.873512,False,False,False,False,DERIVED_CONDITIONAL_GEOMETRY_NOT_EVENT_LOCATION
211,68.62316386,44.82334188,9979.489848,5846.362787,-4133.127061,False,False,False,False,DERIVED_CONDITIONAL_GEOMETRY_NOT_EVENT_LOCATION
212,68.64278158,44.82194621,9978.458676,5846.078452,-4132.380224,False,False,False,False,DERIVED_CONDITIONAL_GEOMETRY_NOT_EVENT_LOCATION
213,68.66239929,44.82055054,9977.427764,5845.794763,-4131.633001,False,False,False,False,DERIVED_CONDITIONAL_GEOMETRY_NOT_EVENT_LOCATION
214,68.68201701,44.81915487,9976.397112,5845.511721,-4130.885390,False,False,False,False,DERIVED_CONDITIONAL_GEOMETRY_NOT_EVENT_LOCATION
215,68.70163472,44.81775920,9975.366720,5845.229326,-4130.137393,False,False,False,False,DERIVED_CONDITIONAL_GEOMETRY_NOT_EVENT_LOCATION
216,68.72125244,44.81636353,9974.336588,5844.947579,-4129.389009,False,False,False,False,DERIVED_CONDITIONAL_GEOMETRY_NOT_EVENT_LOCATION
217,68.74087016,44.81496785,9973.306717,5844.666478,-4128.640239,False,False,False,False,DERIVED_CONDITIONAL_GEOMETRY_NOT_EVENT_LOCATION
218,68.76048787,44.81357218,9972.277106,5844.386024,-4127.891082,False,False,False,False,DERIVED_CONDITIONAL_GEOMETRY_NOT_EVENT_LOCATION
219,68.78010559,44.81217651,9971.247756,5844.106218,-4127.141538,False,False,False,False,DERIVED_CONDITIONAL_GEOMETRY_NOT_EVENT_LOCATION
220,68.79972331,44.81078084,9970.218667,5843.827060,-4126.391607,False,False,False,False,DERIVED_CONDITIONAL_GEOMETRY_NOT_EVENT_LOCATION
221,68.81934102,44.80938517,9969.189838,5843.548549,-4125.641290,False,False,False,False,DERIVED_CONDITIONAL_GEOMETRY_NOT_EVENT_LOCATION
222,68.83895874,44.80798950,9968.161271,5843.270686,-4124.890585,False,False,False,False,DERIVED_CONDITIONAL_GEOMETRY_NOT_EVENT_LOCATION
223,68.85857646,44.80659383,9967.132965,5842.993471,-4124.139494,False,False,False,False,DERIVED_CONDITIONAL_GEOMETRY_NOT_EVENT_LOCATION
224,68.87819417,44.80519816,9966.104919,5842.716904,-4123.388016,False,False,False,False,DERIVED_CONDITIONAL_GEOMETRY_NOT_EVENT_LOCATION
225,68.89781189,44.80380249,9965.077135,5842.440985,-4122.636151,False,False,False,False,DERIVED_CONDITIONAL_GEOMETRY_NOT_EVENT_LOCATION
226,68.91780229,44.80206021,9964.001158,5842.125006,-4121.876152,False,False,False,False,DERIVED_CONDITIONAL_GEOMETRY_NOT_EVENT_LOCATION
227,68.93779269,44.80031794,9962.925442,5841.809698,-4121.115744,False,False,False,False,DERIVED_CONDITIONAL_GEOMETRY_NOT_EVENT_LOCATION
228,68.95778309,44.79857566,9961.849987,5841.495061,-4120.354927,False,False,False,False,DERIVED_CONDITIONAL_GEOMETRY_NOT_EVENT_LOCATION
229,68.97777349,44.79683339,9960.774794,5841.181095,-4119.593699,False,False,False,False,DERIVED_CONDITIONAL_GEOMETRY_NOT_EVENT_LOCATION
230,68.99776389,44.79509111,9959.699863,5840.867801,-4118.832062,False,False,False,False,DERIVED_CONDITIONAL_GEOMETRY_NOT_EVENT_LOCATION
231,69.01775429,44.79334883,9958.625193,5840.555178,-4118.070015,False,False,False,False,DERIVED_CONDITIONAL_GEOMETRY_NOT_EVENT_LOCATION
232,69.03774470,44.79160656,9957.550785,5840.243226,-4117.307559,False,False,False,False,DERIVED_CONDITIONAL_GEOMETRY_NOT_EVENT_LOCATION
233,69.05773510,44.78986428,9956.476639,5839.931947,-4116.544692,False,False,False,False,DERIVED_CONDITIONAL_GEOMETRY_NOT_EVENT_LOCATION
234,69.07772550,44.78812200,9955.402755,5839.621340,-4115.781415,False,False,False,False,DERIVED_CONDITIONAL_GEOMETRY_NOT_EVENT_LOCATION
235,69.09771590,44.78637973,9954.329133,5839.311404,-4115.017729,False,False,False,False,DERIVED_CONDITIONAL_GEOMETRY_NOT_EVENT_LOCATION
236,69.11770630,44.78463745,9953.255773,5839.002141,-4114.253632,False,False,False,False,DERIVED_CONDITIONAL_GEOMETRY_NOT_EVENT_LOCATION
237,69.13769670,44.78289517,9952.182676,5838.693551,-4113.489126,False,False,False,False,DERIVED_CONDITIONAL_GEOMETRY_NOT_EVENT_LOCATION
238,69.15768710,44.78115290,9951.109842,5838.385633,-4112.724209,False,False,False,False,DERIVED_CONDITIONAL_GEOMETRY_NOT_EVENT_LOCATION
239,69.17767750,44.77941062,9950.037270,5838.078387,-4111.958882,False,False,False,False,DERIVED_CONDITIONAL_GEOMETRY_NOT_EVENT_LOCATION
240,69.19766790,44.77766835,9948.964960,5837.771815,-4111.193145,False,False,False,False,DERIVED_CONDITIONAL_GEOMETRY_NOT_EVENT_LOCATION
241,69.21765830,44.77592607,9947.892914,5837.465915,-4110.426998,False,False,False,False,DERIVED_CONDITIONAL_GEOMETRY_NOT_EVENT_LOCATION
242,69.23764870,44.77418379,9946.821130,5837.160689,-4109.660441,False,False,False,False,DERIVED_CONDITIONAL_GEOMETRY_NOT_EVENT_LOCATION
243,69.25763910,44.77244152,9945.749610,5836.856136,-4108.893474,False,False,False,False,DERIVED_CONDITIONAL_GEOMETRY_NOT_EVENT_LOCATION
244,69.27762951,44.77069924,9944.678352,5836.552257,-4108.126096,False,False,False,False,DERIVED_CONDITIONAL_GEOMETRY_NOT_EVENT_LOCATION
245,69.29761991,44.76895696,9943.607358,5836.249051,-4107.358308,False,False,False,False,DERIVED_CONDITIONAL_GEOMETRY_NOT_EVENT_LOCATION
246,69.31761031,44.76721469,9942.536628,5835.946519,-4106.590109,False,False,False,False,DERIVED_CONDITIONAL_GEOMETRY_NOT_EVENT_LOCATION
247,69.33760071,44.76547241,9941.466161,5835.644661,-4105.821500,False,False,False,False,DERIVED_CONDITIONAL_GEOMETRY_NOT_EVENT_LOCATION
248,69.35759111,44.76373014,9940.395957,5835.343477,-4105.052481,False,False,False,False,DERIVED_CONDITIONAL_GEOMETRY_NOT_EVENT_LOCATION
249,69.37758151,44.76198786,9939.326018,5835.042967,-4104.283051,False,False,False,False,DERIVED_CONDITIONAL_GEOMETRY_NOT_EVENT_LOCATION
250,69.39757191,44.76024558,9938.256342,5834.743131,-4103.513211,False,False,False,False,DERIVED_CONDITIONAL_GEOMETRY_NOT_EVENT_LOCATION
251,69.41756231,44.75850331,9937.186930,5834.443970,-4102.742960,False,False,False,False,DERIVED_CONDITIONAL_GEOMETRY_NOT_EVENT_LOCATION
252,69.43755271,44.75676103,9936.117783,5834.145484,-4101.972299,False,False,False,False,DERIVED_CONDITIONAL_GEOMETRY_NOT_EVENT_LOCATION
253,69.45754311,44.75501875,9935.048899,5833.847672,-4101.201227,False,False,False,False,DERIVED_CONDITIONAL_GEOMETRY_NOT_EVENT_LOCATION
254,69.47753351,44.75327648,9933.980280,5833.550536,-4100.429744,False,False,False,False,DERIVED_CONDITIONAL_GEOMETRY_NOT_EVENT_LOCATION
255,69.49752391,44.75153420,9932.911925,5833.254074,-4099.657851,False,False,False,False,DERIVED_CONDITIONAL_GEOMETRY_NOT_EVENT_LOCATION
256,69.51751432,44.74979193,9931.843835,5832.958288,-4098.885547,False,False,False,False,DERIVED_CONDITIONAL_GEOMETRY_NOT_EVENT_LOCATION
257,69.53750472,44.74804965,9930.776010,5832.663178,-4098.112832,False,False,False,False,DERIVED_CONDITIONAL_GEOMETRY_NOT_EVENT_LOCATION
258,69.55749512,44.74630737,9929.708449,5832.368742,-4097.339707,False,False,False,False,DERIVED_CONDITIONAL_GEOMETRY_NOT_EVENT_LOCATION
259,69.57748552,44.74456510,9928.641153,5832.074983,-4096.566170,False,False,False,False,DERIVED_CONDITIONAL_GEOMETRY_NOT_EVENT_LOCATION
260,69.59747592,44.74282282,9927.574122,5831.781899,-4095.792223,False,False,False,False,DERIVED_CONDITIONAL_GEOMETRY_NOT_EVENT_LOCATION
261,69.61746632,44.74108054,9926.507356,5831.489491,-4095.017865,False,False,False,False,DERIVED_CONDITIONAL_GEOMETRY_NOT_EVENT_LOCATION
262,69.63745672,44.73933827,9925.440856,5831.197760,-4094.243096,False,False,False,False,DERIVED_CONDITIONAL_GEOMETRY_NOT_EVENT_LOCATION
263,69.65744712,44.73759599,9924.374621,5830.906704,-4093.467917,False,False,False,False,DERIVED_CONDITIONAL_GEOMETRY_NOT_EVENT_LOCATION
264,69.67743752,44.73585372,9923.308651,5830.616325,-4092.692326,False,False,False,False,DERIVED_CONDITIONAL_GEOMETRY_NOT_EVENT_LOCATION
265,69.69742792,44.73411144,9922.242947,5830.326623,-4091.916324,False,False,False,False,DERIVED_CONDITIONAL_GEOMETRY_NOT_EVENT_LOCATION
266,69.71741832,44.73236916,9921.177509,5830.037598,-4091.139911,False,False,False,False,DERIVED_CONDITIONAL_GEOMETRY_NOT_EVENT_LOCATION
267,69.73740872,44.73062689,9920.112336,5829.749249,-4090.363088,False,False,False,False,DERIVED_CONDITIONAL_GEOMETRY_NOT_EVENT_LOCATION
268,69.75739913,44.72888461,9919.047430,5829.461577,-4089.585853,False,False,False,False,DERIVED_CONDITIONAL_GEOMETRY_NOT_EVENT_LOCATION
269,69.77738953,44.72714233,9917.982789,5829.174582,-4088.808207,False,False,False,False,DERIVED_CONDITIONAL_GEOMETRY_NOT_EVENT_LOCATION
270,69.79729323,44.72508725,9916.893845,5828.853944,-4088.039901,False,False,False,False,DERIVED_CONDITIONAL_GEOMETRY_NOT_EVENT_LOCATION
271,69.81719693,44.72303217,9915.805154,5828.533975,-4087.271179,False,False,False,False,DERIVED_CONDITIONAL_GEOMETRY_NOT_EVENT_LOCATION
272,69.83710064,44.72097709,9914.716718,5828.214677,-4086.502041,False,False,False,False,DERIVED_CONDITIONAL_GEOMETRY_NOT_EVENT_LOCATION
273,69.85700434,44.71892201,9913.628535,5827.896048,-4085.732487,False,False,False,False,DERIVED_CONDITIONAL_GEOMETRY_NOT_EVENT_LOCATION
274,69.87690804,44.71686693,9912.540607,5827.578090,-4084.962517,False,False,False,False,DERIVED_CONDITIONAL_GEOMETRY_NOT_EVENT_LOCATION
275,69.89681175,44.71481185,9911.452933,5827.260802,-4084.192131,False,False,False,False,DERIVED_CONDITIONAL_GEOMETRY_NOT_EVENT_LOCATION
276,69.91671545,44.71275676,9910.365514,5826.944184,-4083.421329,False,False,False,False,DERIVED_CONDITIONAL_GEOMETRY_NOT_EVENT_LOCATION
277,69.93661915,44.71070168,9909.278349,5826.628238,-4082.650111,False,False,False,False,DERIVED_CONDITIONAL_GEOMETRY_NOT_EVENT_LOCATION
278,69.95652285,44.70864660,9908.191439,5826.312962,-4081.878477,False,False,False,False,DERIVED_CONDITIONAL_GEOMETRY_NOT_EVENT_LOCATION
279,69.97642656,44.70659152,9907.104783,5825.998357,-4081.106426,False,False,False,False,DERIVED_CONDITIONAL_GEOMETRY_NOT_EVENT_LOCATION
280,69.99633026,44.70453644,9906.018383,5825.684424,-4080.333959,False,False,False,False,DERIVED_CONDITIONAL_GEOMETRY_NOT_EVENT_LOCATION
281,70.01623396,44.70248136,9904.932237,5825.371161,-4079.561076,False,False,False,False,DERIVED_CONDITIONAL_GEOMETRY_NOT_EVENT_LOCATION
282,70.03613767,44.70042628,9903.846347,5825.058571,-4078.787776,False,False,False,False,DERIVED_CONDITIONAL_GEOMETRY_NOT_EVENT_LOCATION
283,70.05604137,44.69837119,9902.760712,5824.746652,-4078.014060,False,False,False,False,DERIVED_CONDITIONAL_GEOMETRY_NOT_EVENT_LOCATION
284,70.07594507,44.69631611,9901.675332,5824.435405,-4077.239928,False,False,False,False,DERIVED_CONDITIONAL_GEOMETRY_NOT_EVENT_LOCATION
285,70.09584878,44.69426103,9900.590208,5824.124830,-4076.465379,False,False,False,False,DERIVED_CONDITIONAL_GEOMETRY_NOT_EVENT_LOCATION
286,70.11575248,44.69220595,9899.505340,5823.814927,-4075.690413,False,False,False,False,DERIVED_CONDITIONAL_GEOMETRY_NOT_EVENT_LOCATION
287,70.13565618,44.69015087,9898.420727,5823.505696,-4074.915031,False,False,False,False,DERIVED_CONDITIONAL_GEOMETRY_NOT_EVENT_LOCATION
288,70.15555989,44.68809579,9897.336370,5823.197138,-4074.139232,False,False,False,False,DERIVED_CONDITIONAL_GEOMETRY_NOT_EVENT_LOCATION
289,70.17546359,44.68604070,9896.252269,5822.889253,-4073.363017,False,False,False,False,DERIVED_CONDITIONAL_GEOMETRY_NOT_EVENT_LOCATION
290,70.19536729,44.68398562,9895.168425,5822.582040,-4072.586384,False,False,False,False,DERIVED_CONDITIONAL_GEOMETRY_NOT_EVENT_LOCATION
291,70.21527100,44.68193054,9894.084836,5822.275500,-4071.809336,False,False,False,False,DERIVED_CONDITIONAL_GEOMETRY_NOT_EVENT_LOCATION
292,70.23517470,44.67987546,9893.001504,5821.969634,-4071.031870,False,False,False,False,DERIVED_CONDITIONAL_GEOMETRY_NOT_EVENT_LOCATION
293,70.25507840,44.67782038,9891.918428,5821.664440,-4070.253987,False,False,False,False,DERIVED_CONDITIONAL_GEOMETRY_NOT_EVENT_LOCATION
294,70.27498211,44.67576530,9890.835609,5821.359920,-4069.475688,False,False,False,False,DERIVED_CONDITIONAL_GEOMETRY_NOT_EVENT_LOCATION
295,70.29488581,44.67371022,9889.753046,5821.056074,-4068.696972,False,False,False,False,DERIVED_CONDITIONAL_GEOMETRY_NOT_EVENT_LOCATION
296,70.31478951,44.67165513,9888.670740,5820.752902,-4067.917839,False,False,False,False,DERIVED_CONDITIONAL_GEOMETRY_NOT_EVENT_LOCATION
297,70.33469322,44.66960005,9887.588691,5820.450403,-4067.138288,False,False,False,False,DERIVED_CONDITIONAL_GEOMETRY_NOT_EVENT_LOCATION
298,70.35459692,44.66754497,9886.506899,5820.148578,-4066.358321,False,False,False,False,DERIVED_CONDITIONAL_GEOMETRY_NOT_EVENT_LOCATION
299,70.37450062,44.66548989,9885.425365,5819.847428,-4065.577937,False,False,False,False,DERIVED_CONDITIONAL_GEOMETRY_NOT_EVENT_LOCATION
300,70.39440432,44.66343481,9884.344087,5819.546952,-4064.797136,False,False,False,False,DERIVED_CONDITIONAL_GEOMETRY_NOT_EVENT_LOCATION
301,70.41430803,44.66137973,9883.263067,5819.247150,-4064.015917,False,False,False,False,DERIVED_CONDITIONAL_GEOMETRY_NOT_EVENT_LOCATION
302,70.43421173,44.65932465,9882.182304,5818.948023,-4063.234281,False,False,False,False,DERIVED_CONDITIONAL_GEOMETRY_NOT_EVENT_LOCATION
303,70.45411543,44.65726956,9881.101800,5818.649571,-4062.452229,False,False,False,False,DERIVED_CONDITIONAL_GEOMETRY_NOT_EVENT_LOCATION
304,70.47401914,44.65521448,9880.021552,5818.351794,-4061.669759,False,False,False,False,DERIVED_CONDITIONAL_GEOMETRY_NOT_EVENT_LOCATION
305,70.49392284,44.65315940,9878.941563,5818.054692,-4060.886871,False,False,False,False,DERIVED_CONDITIONAL_GEOMETRY_NOT_EVENT_LOCATION
306,70.51382654,44.65110432,9877.861831,5817.758265,-4060.103566,False,False,False,False,DERIVED_CONDITIONAL_GEOMETRY_NOT_EVENT_LOCATION
307,70.53373025,44.64904924,9876.782358,5817.462514,-4059.319844,False,False,False,False,DERIVED_CONDITIONAL_GEOMETRY_NOT_EVENT_LOCATION
308,70.55363395,44.64699416,9875.703143,5817.167438,-4058.535705,False,False,False,False,DERIVED_CONDITIONAL_GEOMETRY_NOT_EVENT_LOCATION
309,70.57353765,44.64493908,9874.624186,5816.873038,-4057.751148,False,False,False,False,DERIVED_CONDITIONAL_GEOMETRY_NOT_EVENT_LOCATION
310,70.59344136,44.64288399,9873.545488,5816.579314,-4056.966174,False,False,False,False,DERIVED_CONDITIONAL_GEOMETRY_NOT_EVENT_LOCATION
311,70.61334506,44.64082891,9872.467048,5816.286266,-4056.180782,False,False,False,False,DERIVED_CONDITIONAL_GEOMETRY_NOT_EVENT_LOCATION
312,70.63324876,44.63877383,9871.388867,5815.993894,-4055.394972,False,False,False,False,DERIVED_CONDITIONAL_GEOMETRY_NOT_EVENT_LOCATION
313,70.65315247,44.63671875,9870.310944,5815.702199,-4054.608746,False,False,False,False,DERIVED_CONDITIONAL_GEOMETRY_NOT_EVENT_LOCATION
314,70.67295491,44.63435364,9869.209345,5815.377050,-4053.832295,False,False,False,False,DERIVED_CONDITIONAL_GEOMETRY_NOT_EVENT_LOCATION
315,70.69275735,44.63198853,9868.107993,5815.052570,-4053.055423,False,False,False,False,DERIVED_CONDITIONAL_GEOMETRY_NOT_EVENT_LOCATION
316,70.71255979,44.62962341,9867.006887,5814.728759,-4052.278128,False,False,False,False,DERIVED_CONDITIONAL_GEOMETRY_NOT_EVENT_LOCATION
317,70.73236223,44.62725830,9865.906027,5814.405616,-4051.500411,False,False,False,False,DERIVED_CONDITIONAL_GEOMETRY_NOT_EVENT_LOCATION
318,70.75216467,44.62489319,9864.805415,5814.083143,-4050.722272,False,False,False,False,DERIVED_CONDITIONAL_GEOMETRY_NOT_EVENT_LOCATION
319,70.77196711,44.62252808,9863.705049,5813.761339,-4049.943710,False,False,False,False,DERIVED_CONDITIONAL_GEOMETRY_NOT_EVENT_LOCATION
320,70.79176955,44.62016296,9862.604931,5813.440204,-4049.164726,False,False,False,False,DERIVED_CONDITIONAL_GEOMETRY_NOT_EVENT_LOCATION
321,70.81157199,44.61779785,9861.505060,5813.119739,-4048.385320,False,False,False,False,DERIVED_CONDITIONAL_GEOMETRY_NOT_EVENT_LOCATION
322,70.83137443,44.61543274,9860.405436,5812.799944,-4047.605491,False,False,False,False,DERIVED_CONDITIONAL_GEOMETRY_NOT_EVENT_LOCATION
323,70.85117687,44.61306763,9859.306059,5812.480819,-4046.825240,False,False,False,False,DERIVED_CONDITIONAL_GEOMETRY_NOT_EVENT_LOCATION
324,70.87097931,44.61070251,9858.206930,5812.162364,-4046.044566,False,False,False,False,DERIVED_CONDITIONAL_GEOMETRY_NOT_EVENT_LOCATION
325,70.89078175,44.60833740,9857.108049,5811.844579,-4045.263470,False,False,False,False,DERIVED_CONDITIONAL_GEOMETRY_NOT_EVENT_LOCATION
326,70.91058419,44.60597229,9856.009415,5811.527464,-4044.481951,False,False,False,False,DERIVED_CONDITIONAL_GEOMETRY_NOT_EVENT_LOCATION
327,70.93038663,44.60360718,9854.911030,5811.211020,-4043.700009,False,False,False,False,DERIVED_CONDITIONAL_GEOMETRY_NOT_EVENT_LOCATION
328,70.95018907,44.60124207,9853.812892,5810.895247,-4042.917645,False,False,False,False,DERIVED_CONDITIONAL_GEOMETRY_NOT_EVENT_LOCATION
329,70.96999151,44.59887695,9852.715003,5810.580145,-4042.134858,False,False,False,False,DERIVED_CONDITIONAL_GEOMETRY_NOT_EVENT_LOCATION
330,70.98979395,44.59651184,9851.617361,5810.265713,-4041.351648,False,False,False,False,DERIVED_CONDITIONAL_GEOMETRY_NOT_EVENT_LOCATION
331,71.00959639,44.59414673,9850.519969,5809.951954,-4040.568015,False,False,False,False,DERIVED_CONDITIONAL_GEOMETRY_NOT_EVENT_LOCATION
332,71.02939883,44.59178162,9849.422824,5809.638865,-4039.783959,False,False,False,False,DERIVED_CONDITIONAL_GEOMETRY_NOT_EVENT_LOCATION
333,71.04920127,44.58941650,9848.325929,5809.326448,-4038.999480,False,False,False,False,DERIVED_CONDITIONAL_GEOMETRY_NOT_EVENT_LOCATION
334,71.06900371,44.58705139,9847.229282,5809.014703,-4038.214579,False,False,False,False,DERIVED_CONDITIONAL_GEOMETRY_NOT_EVENT_LOCATION
335,71.08880615,44.58468628,9846.132884,5808.703630,-4037.429254,False,False,False,False,DERIVED_CONDITIONAL_GEOMETRY_NOT_EVENT_LOCATION
336,71.10860859,44.58232117,9845.036735,5808.393229,-4036.643506,False,False,False,False,DERIVED_CONDITIONAL_GEOMETRY_NOT_EVENT_LOCATION
337,71.12841103,44.57995605,9843.940835,5808.083500,-4035.857335,False,False,False,False,DERIVED_CONDITIONAL_GEOMETRY_NOT_EVENT_LOCATION
338,71.14821347,44.57759094,9842.845184,5807.774443,-4035.070741,False,False,False,False,DERIVED_CONDITIONAL_GEOMETRY_NOT_EVENT_LOCATION
339,71.16801591,44.57522583,9841.749783,5807.466060,-4034.283723,False,False,False,False,DERIVED_CONDITIONAL_GEOMETRY_NOT_EVENT_LOCATION
340,71.18781835,44.57286072,9840.654631,5807.158348,-4033.496282,False,False,False,False,DERIVED_CONDITIONAL_GEOMETRY_NOT_EVENT_LOCATION
341,71.20762079,44.57049561,9839.559728,5806.851310,-4032.708418,False,False,False,False,DERIVED_CONDITIONAL_GEOMETRY_NOT_EVENT_LOCATION
342,71.22742323,44.56813049,9838.465076,5806.544945,-4031.920131,False,False,False,False,DERIVED_CONDITIONAL_GEOMETRY_NOT_EVENT_LOCATION
343,71.24722567,44.56576538,9837.370673,5806.239253,-4031.131420,False,False,False,False,DERIVED_CONDITIONAL_GEOMETRY_NOT_EVENT_LOCATION
344,71.26702812,44.56340027,9836.276520,5805.934235,-4030.342286,False,False,False,False,DERIVED_CONDITIONAL_GEOMETRY_NOT_EVENT_LOCATION
345,71.28683056,44.56103516,9835.182618,5805.629890,-4029.552728,False,False,False,False,DERIVED_CONDITIONAL_GEOMETRY_NOT_EVENT_LOCATION
346,71.30663300,44.55867004,9834.088965,5805.326218,-4028.762747,False,False,False,False,DERIVED_CONDITIONAL_GEOMETRY_NOT_EVENT_LOCATION
347,71.32643544,44.55630493,9832.995563,5805.023221,-4027.972342,False,False,False,False,DERIVED_CONDITIONAL_GEOMETRY_NOT_EVENT_LOCATION
348,71.34623788,44.55393982,9831.902411,5804.720898,-4027.181513,False,False,False,False,DERIVED_CONDITIONAL_GEOMETRY_NOT_EVENT_LOCATION
349,71.36604032,44.55157471,9830.809510,5804.419249,-4026.390261,False,False,False,False,DERIVED_CONDITIONAL_GEOMETRY_NOT_EVENT_LOCATION
350,71.38584276,44.54920959,9829.716859,5804.118274,-4025.598585,False,False,False,False,DERIVED_CONDITIONAL_GEOMETRY_NOT_EVENT_LOCATION
351,71.40564520,44.54684448,9828.624460,5803.817974,-4024.806486,False,False,False,False,DERIVED_CONDITIONAL_GEOMETRY_NOT_EVENT_LOCATION
352,71.42544764,44.54447937,9827.532311,5803.518348,-4024.013962,False,False,False,False,DERIVED_CONDITIONAL_GEOMETRY_NOT_EVENT_LOCATION
353,71.44525008,44.54211426,9826.440413,5803.219398,-4023.221015,False,False,False,False,DERIVED_CONDITIONAL_GEOMETRY_NOT_EVENT_LOCATION
354,71.46505252,44.53974915,9825.348766,5802.921122,-4022.427644,False,False,False,False,DERIVED_CONDITIONAL_GEOMETRY_NOT_EVENT_LOCATION
355,71.48485496,44.53738403,9824.257371,5802.623522,-4021.633849,False,False,False,False,DERIVED_CONDITIONAL_GEOMETRY_NOT_EVENT_LOCATION
356,71.50465740,44.53501892,9823.166227,5802.326596,-4020.839630,False,False,False,False,DERIVED_CONDITIONAL_GEOMETRY_NOT_EVENT_LOCATION
357,71.52445984,44.53265381,9822.075334,5802.030347,-4020.044988,False,False,False,False,DERIVED_CONDITIONAL_GEOMETRY_NOT_EVENT_LOCATION
358,71.54414853,44.52997936,9820.961098,5801.700569,-4019.260529,False,False,False,False,DERIVED_CONDITIONAL_GEOMETRY_NOT_EVENT_LOCATION
359,71.56383722,44.52730491,9819.847100,5801.371459,-4018.475641,False,False,False,False,DERIVED_CONDITIONAL_GEOMETRY_NOT_EVENT_LOCATION
360,71.58352592,44.52463046,9818.733341,5801.043016,-4017.690326,False,False,False,False,DERIVED_CONDITIONAL_GEOMETRY_NOT_EVENT_LOCATION
361,71.60321461,44.52195601,9817.619822,5800.715241,-4016.904581,False,False,False,False,DERIVED_CONDITIONAL_GEOMETRY_NOT_EVENT_LOCATION
362,71.62290330,44.51928156,9816.506542,5800.388134,-4016.118409,False,False,False,False,DERIVED_CONDITIONAL_GEOMETRY_NOT_EVENT_LOCATION
363,71.64259200,44.51660711,9815.393502,5800.061695,-4015.331807,False,False,False,False,DERIVED_CONDITIONAL_GEOMETRY_NOT_EVENT_LOCATION
364,71.66228069,44.51393266,9814.280701,5799.735924,-4014.544777,False,False,False,False,DERIVED_CONDITIONAL_GEOMETRY_NOT_EVENT_LOCATION
365,71.68196938,44.51125821,9813.168141,5799.410822,-4013.757318,False,False,False,False,DERIVED_CONDITIONAL_GEOMETRY_NOT_EVENT_LOCATION
366,71.70165808,44.50858376,9812.055820,5799.086389,-4012.969431,False,False,False,False,DERIVED_CONDITIONAL_GEOMETRY_NOT_EVENT_LOCATION
367,71.72134677,44.50590931,9810.943739,5798.762624,-4012.181115,False,False,False,False,DERIVED_CONDITIONAL_GEOMETRY_NOT_EVENT_LOCATION
368,71.74103546,44.50323486,9809.831898,5798.439529,-4011.392369,False,False,False,False,DERIVED_CONDITIONAL_GEOMETRY_NOT_EVENT_LOCATION
369,71.76072415,44.50056041,9808.720298,5798.117103,-4010.603195,False,False,False,False,DERIVED_CONDITIONAL_GEOMETRY_NOT_EVENT_LOCATION
370,71.78041285,44.49788596,9807.608938,5797.795346,-4009.813592,False,False,False,False,DERIVED_CONDITIONAL_GEOMETRY_NOT_EVENT_LOCATION
371,71.80010154,44.49521151,9806.497818,5797.474258,-4009.023560,False,False,False,False,DERIVED_CONDITIONAL_GEOMETRY_NOT_EVENT_LOCATION
372,71.81979023,44.49253706,9805.386940,5797.153841,-4008.233099,False,False,False,False,DERIVED_CONDITIONAL_GEOMETRY_NOT_EVENT_LOCATION
373,71.83947893,44.48986262,9804.276302,5796.834093,-4007.442209,False,False,False,False,DERIVED_CONDITIONAL_GEOMETRY_NOT_EVENT_LOCATION
374,71.85916762,44.48718817,9803.165904,5796.515015,-4006.650889,False,False,False,False,DERIVED_CONDITIONAL_GEOMETRY_NOT_EVENT_LOCATION
375,71.87885631,44.48451372,9802.055748,5796.196608,-4005.859140,False,False,False,False,DERIVED_CONDITIONAL_GEOMETRY_NOT_EVENT_LOCATION
376,71.89854501,44.48183927,9800.945833,5795.878871,-4005.066962,False,False,False,False,DERIVED_CONDITIONAL_GEOMETRY_NOT_EVENT_LOCATION
377,71.91823370,44.47916482,9799.836160,5795.561805,-4004.274355,False,False,False,False,DERIVED_CONDITIONAL_GEOMETRY_NOT_EVENT_LOCATION
378,71.93792239,44.47649037,9798.726727,5795.245409,-4003.481318,False,False,False,False,DERIVED_CONDITIONAL_GEOMETRY_NOT_EVENT_LOCATION
379,71.95761108,44.47381592,9797.617537,5794.929684,-4002.687852,False,False,False,False,DERIVED_CONDITIONAL_GEOMETRY_NOT_EVENT_LOCATION
380,71.97729978,44.47114147,9796.508587,5794.614631,-4001.893957,False,False,False,False,DERIVED_CONDITIONAL_GEOMETRY_NOT_EVENT_LOCATION
381,71.99698847,44.46846702,9795.399880,5794.300248,-4001.099632,False,False,False,False,DERIVED_CONDITIONAL_GEOMETRY_NOT_EVENT_LOCATION
382,72.01667716,44.46579257,9794.291415,5793.986538,-4000.304877,False,False,False,False,DERIVED_CONDITIONAL_GEOMETRY_NOT_EVENT_LOCATION
383,72.03636586,44.46311812,9793.183191,5793.673498,-3999.509693,False,False,False,False,DERIVED_CONDITIONAL_GEOMETRY_NOT_EVENT_LOCATION
384,72.05605455,44.46044367,9792.075210,5793.361131,-3998.714079,False,False,False,False,DERIVED_CONDITIONAL_GEOMETRY_NOT_EVENT_LOCATION
385,72.07574324,44.45776922,9790.967471,5793.049436,-3997.918035,False,False,False,False,DERIVED_CONDITIONAL_GEOMETRY_NOT_EVENT_LOCATION
386,72.09543193,44.45509477,9789.859974,5792.738412,-3997.121562,False,False,False,False,DERIVED_CONDITIONAL_GEOMETRY_NOT_EVENT_LOCATION
387,72.11512063,44.45242032,9788.752720,5792.428061,-3996.324658,False,False,False,False,DERIVED_CONDITIONAL_GEOMETRY_NOT_EVENT_LOCATION
388,72.13480932,44.44974587,9787.645708,5792.118383,-3995.527325,False,False,False,False,DERIVED_CONDITIONAL_GEOMETRY_NOT_EVENT_LOCATION
389,72.15449801,44.44707142,9786.538939,5791.809377,-3994.729562,False,False,False,False,DERIVED_CONDITIONAL_GEOMETRY_NOT_EVENT_LOCATION
390,72.17418671,44.44439697,9785.432413,5791.501044,-3993.931369,False,False,False,False,DERIVED_CONDITIONAL_GEOMETRY_NOT_EVENT_LOCATION
391,72.19387540,44.44172252,9784.326130,5791.193384,-3993.132746,False,False,False,False,DERIVED_CONDITIONAL_GEOMETRY_NOT_EVENT_LOCATION
392,72.21356409,44.43904807,9783.220091,5790.886397,-3992.333693,False,False,False,False,DERIVED_CONDITIONAL_GEOMETRY_NOT_EVENT_LOCATION
393,72.23325279,44.43637362,9782.114294,5790.580084,-3991.534210,False,False,False,False,DERIVED_CONDITIONAL_GEOMETRY_NOT_EVENT_LOCATION
394,72.25294148,44.43369917,9781.008741,5790.274444,-3990.734297,False,False,False,False,DERIVED_CONDITIONAL_GEOMETRY_NOT_EVENT_LOCATION
395,72.27263017,44.43102472,9779.903431,5789.969478,-3989.933953,False,False,False,False,DERIVED_CONDITIONAL_GEOMETRY_NOT_EVENT_LOCATION
396,72.29231886,44.42835028,9778.798365,5789.665185,-3989.133180,False,False,False,False,DERIVED_CONDITIONAL_GEOMETRY_NOT_EVENT_LOCATION
397,72.31200756,44.42567583,9777.693542,5789.361567,-3988.331976,False,False,False,False,DERIVED_CONDITIONAL_GEOMETRY_NOT_EVENT_LOCATION
398,72.33169625,44.42300138,9776.588964,5789.058622,-3987.530342,False,False,False,False,DERIVED_CONDITIONAL_GEOMETRY_NOT_EVENT_LOCATION
399,72.35138494,44.42032693,9775.484629,5788.756352,-3986.728277,False,False,False,False,DERIVED_CONDITIONAL_GEOMETRY_NOT_EVENT_LOCATION
400,72.37107364,44.41765248,9774.380539,5788.454757,-3985.925782,False,False,False,False,DERIVED_CONDITIONAL_GEOMETRY_NOT_EVENT_LOCATION
401,72.39076233,44.41497803,9773.276693,5788.153836,-3985.122857,False,False,False,False,DERIVED_CONDITIONAL_GEOMETRY_NOT_EVENT_LOCATION
402,72.41032340,44.41199701,9772.150078,5787.819518,-3984.330560,False,False,False,False,DERIVED_CONDITIONAL_GEOMETRY_NOT_EVENT_LOCATION
403,72.42988448,44.40901600,9771.023695,5787.485867,-3983.537828,False,False,False,False,DERIVED_CONDITIONAL_GEOMETRY_NOT_EVENT_LOCATION
404,72.44944555,44.40603499,9769.897544,5787.152882,-3982.744662,False,False,False,False,DERIVED_CONDITIONAL_GEOMETRY_NOT_EVENT_LOCATION
405,72.46900663,44.40305398,9768.771624,5786.820563,-3981.951061,False,False,False,False,DERIVED_CONDITIONAL_GEOMETRY_NOT_EVENT_LOCATION
406,72.48856770,44.40007296,9767.645937,5786.488912,-3981.157025,False,False,False,False,DERIVED_CONDITIONAL_GEOMETRY_NOT_EVENT_LOCATION
407,72.50812877,44.39709195,9766.520482,5786.157927,-3980.362554,False,False,False,False,DERIVED_CONDITIONAL_GEOMETRY_NOT_EVENT_LOCATION
408,72.52768985,44.39411094,9765.395259,5785.827610,-3979.567649,False,False,False,False,DERIVED_CONDITIONAL_GEOMETRY_NOT_EVENT_LOCATION
409,72.54725092,44.39112993,9764.270268,5785.497959,-3978.772309,False,False,False,False,DERIVED_CONDITIONAL_GEOMETRY_NOT_EVENT_LOCATION
410,72.56681200,44.38814891,9763.145510,5785.168977,-3977.976533,False,False,False,False,DERIVED_CONDITIONAL_GEOMETRY_NOT_EVENT_LOCATION
411,72.58637307,44.38516790,9762.020985,5784.840662,-3977.180323,False,False,False,False,DERIVED_CONDITIONAL_GEOMETRY_NOT_EVENT_LOCATION
412,72.60593414,44.38218689,9760.896692,5784.513015,-3976.383677,False,False,False,False,DERIVED_CONDITIONAL_GEOMETRY_NOT_EVENT_LOCATION
413,72.62549522,44.37920588,9759.772633,5784.186036,-3975.586597,False,False,False,False,DERIVED_CONDITIONAL_GEOMETRY_NOT_EVENT_LOCATION
414,72.64505629,44.37622486,9758.648806,5783.859725,-3974.789081,False,False,False,False,DERIVED_CONDITIONAL_GEOMETRY_NOT_EVENT_LOCATION
415,72.66461737,44.37324385,9757.525213,5783.534083,-3973.991130,False,False,False,False,DERIVED_CONDITIONAL_GEOMETRY_NOT_EVENT_LOCATION
416,72.68417844,44.37026284,9756.401853,5783.209110,-3973.192743,False,False,False,False,DERIVED_CONDITIONAL_GEOMETRY_NOT_EVENT_LOCATION
417,72.70373951,44.36728183,9755.278726,5782.884805,-3972.393921,False,False,False,False,DERIVED_CONDITIONAL_GEOMETRY_NOT_EVENT_LOCATION
418,72.72330059,44.36430081,9754.155833,5782.561169,-3971.594664,False,False,False,False,DERIVED_CONDITIONAL_GEOMETRY_NOT_EVENT_LOCATION
419,72.74286166,44.36131980,9753.033174,5782.238203,-3970.794971,False,False,False,False,DERIVED_CONDITIONAL_GEOMETRY_NOT_EVENT_LOCATION
420,72.76242274,44.35833879,9751.910748,5781.915905,-3969.994843,False,False,False,False,DERIVED_CONDITIONAL_GEOMETRY_NOT_EVENT_LOCATION
421,72.78198381,44.35535778,9750.788556,5781.594278,-3969.194279,False,False,False,False,DERIVED_CONDITIONAL_GEOMETRY_NOT_EVENT_LOCATION
422,72.80154488,44.35237676,9749.666599,5781.273320,-3968.393279,False,False,False,False,DERIVED_CONDITIONAL_GEOMETRY_NOT_EVENT_LOCATION
423,72.82110596,44.34939575,9748.544875,5780.953031,-3967.591844,False,False,False,False,DERIVED_CONDITIONAL_GEOMETRY_NOT_EVENT_LOCATION
424,72.84066703,44.34641474,9747.423386,5780.633413,-3966.789973,False,False,False,False,DERIVED_CONDITIONAL_GEOMETRY_NOT_EVENT_LOCATION
425,72.86022811,44.34343373,9746.302131,5780.314466,-3965.987666,False,False,False,False,DERIVED_CONDITIONAL_GEOMETRY_NOT_EVENT_LOCATION
426,72.87978918,44.34045271,9745.181111,5779.996188,-3965.184923,False,False,False,False,DERIVED_CONDITIONAL_GEOMETRY_NOT_EVENT_LOCATION
427,72.89935025,44.33747170,9744.060326,5779.678581,-3964.381744,False,False,False,False,DERIVED_CONDITIONAL_GEOMETRY_NOT_EVENT_LOCATION
428,72.91891133,44.33449069,9742.939775,5779.361645,-3963.578130,False,False,False,False,DERIVED_CONDITIONAL_GEOMETRY_NOT_EVENT_LOCATION
429,72.93847240,44.33150968,9741.819459,5779.045380,-3962.774079,False,False,False,False,DERIVED_CONDITIONAL_GEOMETRY_NOT_EVENT_LOCATION
430,72.95803348,44.32852866,9740.699379,5778.729786,-3961.969592,False,False,False,False,DERIVED_CONDITIONAL_GEOMETRY_NOT_EVENT_LOCATION
431,72.97759455,44.32554765,9739.579533,5778.414864,-3961.164669,False,False,False,False,DERIVED_CONDITIONAL_GEOMETRY_NOT_EVENT_LOCATION
432,72.99715562,44.32256664,9738.459923,5778.100613,-3960.359310,False,False,False,False,DERIVED_CONDITIONAL_GEOMETRY_NOT_EVENT_LOCATION
433,73.01671670,44.31958563,9737.340548,5777.787033,-3959.553515,False,False,False,False,DERIVED_CONDITIONAL_GEOMETRY_NOT_EVENT_LOCATION
434,73.03627777,44.31660461,9736.221409,5777.474126,-3958.747283,False,False,False,False,DERIVED_CONDITIONAL_GEOMETRY_NOT_EVENT_LOCATION
435,73.05583884,44.31362360,9735.102506,5777.161890,-3957.940615,False,False,False,False,DERIVED_CONDITIONAL_GEOMETRY_NOT_EVENT_LOCATION
436,73.07539992,44.31064259,9733.983838,5776.850327,-3957.133511,False,False,False,False,DERIVED_CONDITIONAL_GEOMETRY_NOT_EVENT_LOCATION
437,73.09496099,44.30766158,9732.865406,5776.539436,-3956.325970,False,False,False,False,DERIVED_CONDITIONAL_GEOMETRY_NOT_EVENT_LOCATION
438,73.11452207,44.30468056,9731.747211,5776.229218,-3955.517993,False,False,False,False,DERIVED_CONDITIONAL_GEOMETRY_NOT_EVENT_LOCATION
439,73.13408314,44.30169955,9730.629251,5775.919672,-3954.709579,False,False,False,False,DERIVED_CONDITIONAL_GEOMETRY_NOT_EVENT_LOCATION
440,73.15364421,44.29871854,9729.511528,5775.610799,-3953.900728,False,False,False,False,DERIVED_CONDITIONAL_GEOMETRY_NOT_EVENT_LOCATION
441,73.17320529,44.29573753,9728.394041,5775.302600,-3953.091441,False,False,False,False,DERIVED_CONDITIONAL_GEOMETRY_NOT_EVENT_LOCATION
442,73.19276636,44.29275651,9727.276791,5774.995073,-3952.281718,False,False,False,False,DERIVED_CONDITIONAL_GEOMETRY_NOT_EVENT_LOCATION
443,73.21232744,44.28977550,9726.159778,5774.688221,-3951.471557,False,False,False,False,DERIVED_CONDITIONAL_GEOMETRY_NOT_EVENT_LOCATION
444,73.23188851,44.28679449,9725.043001,5774.382041,-3950.660960,False,False,False,False,DERIVED_CONDITIONAL_GEOMETRY_NOT_EVENT_LOCATION
445,73.25144958,44.28381348,9723.926462,5774.076536,-3949.849926,False,False,False,False,DERIVED_CONDITIONAL_GEOMETRY_NOT_EVENT_LOCATION
446,73.27132292,44.28045299,9722.761216,5773.729945,-3949.031270,False,False,False,False,DERIVED_CONDITIONAL_GEOMETRY_NOT_EVENT_LOCATION
447,73.29119625,44.27709251,9721.596205,5773.384051,-3948.212153,False,False,False,False,DERIVED_CONDITIONAL_GEOMETRY_NOT_EVENT_LOCATION
448,73.31106958,44.27373203,9720.431429,5773.038854,-3947.392575,False,False,False,False,DERIVED_CONDITIONAL_GEOMETRY_NOT_EVENT_LOCATION
449,73.33094291,44.27037155,9719.266888,5772.694353,-3946.572535,False,False,False,False,DERIVED_CONDITIONAL_GEOMETRY_NOT_EVENT_LOCATION
450,73.35081624,44.26701107,9718.102583,5772.350550,-3945.752033,False,False,False,False,DERIVED_CONDITIONAL_GEOMETRY_NOT_EVENT_LOCATION
451,73.37068957,44.26365058,9716.938513,5772.007443,-3944.931070,False,False,False,False,DERIVED_CONDITIONAL_GEOMETRY_NOT_EVENT_LOCATION
452,73.39056290,44.26029010,9715.774679,5771.665034,-3944.109644,False,False,False,False,DERIVED_CONDITIONAL_GEOMETRY_NOT_EVENT_LOCATION
453,73.41043623,44.25692962,9714.611080,5771.323323,-3943.287757,False,False,False,False,DERIVED_CONDITIONAL_GEOMETRY_NOT_EVENT_LOCATION
454,73.43030956,44.25356914,9713.447718,5770.982310,-3942.465408,False,False,False,False,DERIVED_CONDITIONAL_GEOMETRY_NOT_EVENT_LOCATION
455,73.45018289,44.25020866,9712.284591,5770.641994,-3941.642597,False,False,False,False,DERIVED_CONDITIONAL_GEOMETRY_NOT_EVENT_LOCATION
456,73.47005622,44.24684817,9711.121701,5770.302377,-3940.819324,False,False,False,False,DERIVED_CONDITIONAL_GEOMETRY_NOT_EVENT_LOCATION
457,73.48992955,44.24348769,9709.959046,5769.963458,-3939.995588,False,False,False,False,DERIVED_CONDITIONAL_GEOMETRY_NOT_EVENT_LOCATION
458,73.50980288,44.24012721,9708.796629,5769.625238,-3939.171391,False,False,False,False,DERIVED_CONDITIONAL_GEOMETRY_NOT_EVENT_LOCATION
459,73.52967622,44.23676673,9707.634448,5769.287717,-3938.346731,False,False,False,False,DERIVED_CONDITIONAL_GEOMETRY_NOT_EVENT_LOCATION
460,73.54954955,44.23340624,9706.472503,5768.950894,-3937.521609,False,False,False,False,DERIVED_CONDITIONAL_GEOMETRY_NOT_EVENT_LOCATION
461,73.56942288,44.23004576,9705.310796,5768.614771,-3936.696025,False,False,False,False,DERIVED_CONDITIONAL_GEOMETRY_NOT_EVENT_LOCATION
462,73.58929621,44.22668528,9704.149325,5768.279348,-3935.869978,False,False,False,False,DERIVED_CONDITIONAL_GEOMETRY_NOT_EVENT_LOCATION
463,73.60916954,44.22332480,9702.988092,5767.944624,-3935.043468,False,False,False,False,DERIVED_CONDITIONAL_GEOMETRY_NOT_EVENT_LOCATION
464,73.62904287,44.21996432,9701.827096,5767.610599,-3934.216496,False,False,False,False,DERIVED_CONDITIONAL_GEOMETRY_NOT_EVENT_LOCATION
465,73.64891620,44.21660383,9700.666337,5767.277275,-3933.389062,False,False,False,False,DERIVED_CONDITIONAL_GEOMETRY_NOT_EVENT_LOCATION
466,73.66878953,44.21324335,9699.505816,5766.944651,-3932.561164,False,False,False,False,DERIVED_CONDITIONAL_GEOMETRY_NOT_EVENT_LOCATION
467,73.68866286,44.20988287,9698.345532,5766.612728,-3931.732804,False,False,False,False,DERIVED_CONDITIONAL_GEOMETRY_NOT_EVENT_LOCATION
468,73.70853619,44.20652239,9697.185486,5766.281505,-3930.903981,False,False,False,False,DERIVED_CONDITIONAL_GEOMETRY_NOT_EVENT_LOCATION
469,73.72840952,44.20316190,9696.025679,5765.950983,-3930.074695,False,False,False,False,DERIVED_CONDITIONAL_GEOMETRY_NOT_EVENT_LOCATION
470,73.74828285,44.19980142,9694.866109,5765.621162,-3929.244947,False,False,False,False,DERIVED_CONDITIONAL_GEOMETRY_NOT_EVENT_LOCATION
471,73.76815618,44.19644094,9693.706778,5765.292043,-3928.414735,False,False,False,False,DERIVED_CONDITIONAL_GEOMETRY_NOT_EVENT_LOCATION
472,73.78802952,44.19308046,9692.547685,5764.963624,-3927.584060,False,False,False,False,DERIVED_CONDITIONAL_GEOMETRY_NOT_EVENT_LOCATION
473,73.80790285,44.18971998,9691.388830,5764.635908,-3926.752922,False,False,False,False,DERIVED_CONDITIONAL_GEOMETRY_NOT_EVENT_LOCATION
474,73.82777618,44.18635949,9690.230214,5764.308893,-3925.921321,False,False,False,False,DERIVED_CONDITIONAL_GEOMETRY_NOT_EVENT_LOCATION
475,73.84764951,44.18299901,9689.071837,5763.982580,-3925.089257,False,False,False,False,DERIVED_CONDITIONAL_GEOMETRY_NOT_EVENT_LOCATION
476,73.86752284,44.17963853,9687.913699,5763.656970,-3924.256729,False,False,False,False,DERIVED_CONDITIONAL_GEOMETRY_NOT_EVENT_LOCATION
477,73.88739617,44.17627805,9686.755800,5763.332062,-3923.423738,False,False,False,False,DERIVED_CONDITIONAL_GEOMETRY_NOT_EVENT_LOCATION
478,73.90726950,44.17291757,9685.598140,5763.007856,-3922.590284,False,False,False,False,DERIVED_CONDITIONAL_GEOMETRY_NOT_EVENT_LOCATION
479,73.92714283,44.16955708,9684.440719,5762.684353,-3921.756366,False,False,False,False,DERIVED_CONDITIONAL_GEOMETRY_NOT_EVENT_LOCATION
480,73.94701616,44.16619660,9683.283538,5762.361554,-3920.921984,False,False,False,False,DERIVED_CONDITIONAL_GEOMETRY_NOT_EVENT_LOCATION
481,73.96688949,44.16283612,9682.126596,5762.039457,-3920.087139,False,False,False,False,DERIVED_CONDITIONAL_GEOMETRY_NOT_EVENT_LOCATION
482,73.98676282,44.15947564,9680.969895,5761.718064,-3919.251830,False,False,False,False,DERIVED_CONDITIONAL_GEOMETRY_NOT_EVENT_LOCATION
483,74.00663615,44.15611515,9679.813433,5761.397375,-3918.416058,False,False,False,False,DERIVED_CONDITIONAL_GEOMETRY_NOT_EVENT_LOCATION
484,74.02650948,44.15275467,9678.657211,5761.077389,-3917.579822,False,False,False,False,DERIVED_CONDITIONAL_GEOMETRY_NOT_EVENT_LOCATION
485,74.04638282,44.14939419,9677.501229,5760.758108,-3916.743122,False,False,False,False,DERIVED_CONDITIONAL_GEOMETRY_NOT_EVENT_LOCATION
486,74.06625615,44.14603371,9676.345488,5760.439530,-3915.905958,False,False,False,False,DERIVED_CONDITIONAL_GEOMETRY_NOT_EVENT_LOCATION
487,74.08612948,44.14267323,9675.189987,5760.121657,-3915.068330,False,False,False,False,DERIVED_CONDITIONAL_GEOMETRY_NOT_EVENT_LOCATION
488,74.10600281,44.13931274,9674.034727,5759.804489,-3914.230238,False,False,False,False,DERIVED_CONDITIONAL_GEOMETRY_NOT_EVENT_LOCATION
489,74.12572036,44.13564496,9672.857256,5759.453427,-3913.403829,False,False,False,False,DERIVED_CONDITIONAL_GEOMETRY_NOT_EVENT_LOCATION
490,74.14543791,44.13197717,9671.680013,5759.103061,-3912.576952,False,False,False,False,DERIVED_CONDITIONAL_GEOMETRY_NOT_EVENT_LOCATION
491,74.16515546,44.12830938,9670.502997,5758.753390,-3911.749607,False,False,False,False,DERIVED_CONDITIONAL_GEOMETRY_NOT_EVENT_LOCATION
492,74.18487300,44.12464160,9669.326209,5758.404414,-3910.921795,False,False,False,False,DERIVED_CONDITIONAL_GEOMETRY_NOT_EVENT_LOCATION
493,74.20459055,44.12097381,9668.149649,5758.056135,-3910.093514,False,False,False,False,DERIVED_CONDITIONAL_GEOMETRY_NOT_EVENT_LOCATION
494,74.22430810,44.11730602,9666.973316,5757.708551,-3909.264765,False,False,False,False,DERIVED_CONDITIONAL_GEOMETRY_NOT_EVENT_LOCATION
495,74.24402565,44.11363823,9665.797212,5757.361663,-3908.435549,False,False,False,False,DERIVED_CONDITIONAL_GEOMETRY_NOT_EVENT_LOCATION
496,74.26374320,44.10997045,9664.621336,5757.015472,-3907.605863,False,False,False,False,DERIVED_CONDITIONAL_GEOMETRY_NOT_EVENT_LOCATION
497,74.28346075,44.10630266,9663.445688,5756.669978,-3906.775710,False,False,False,False,DERIVED_CONDITIONAL_GEOMETRY_NOT_EVENT_LOCATION
498,74.30317830,44.10263487,9662.270268,5756.325180,-3905.945088,False,False,False,False,DERIVED_CONDITIONAL_GEOMETRY_NOT_EVENT_LOCATION
499,74.32289585,44.09896709,9661.095078,5755.981079,-3905.113998,False,False,False,False,DERIVED_CONDITIONAL_GEOMETRY_NOT_EVENT_LOCATION
500,74.34261340,44.09529930,9659.920116,5755.637676,-3904.282440,False,False,False,False,DERIVED_CONDITIONAL_GEOMETRY_NOT_EVENT_LOCATION
501,74.36233095,44.09163151,9658.745382,5755.294970,-3903.450413,False,False,False,False,DERIVED_CONDITIONAL_GEOMETRY_NOT_EVENT_LOCATION
502,74.38204850,44.08796373,9657.570878,5754.952961,-3902.617917,False,False,False,False,DERIVED_CONDITIONAL_GEOMETRY_NOT_EVENT_LOCATION
503,74.40176605,44.08429594,9656.396603,5754.611651,-3901.784952,False,False,False,False,DERIVED_CONDITIONAL_GEOMETRY_NOT_EVENT_LOCATION
504,74.42148359,44.08062815,9655.222557,5754.271038,-3900.951519,False,False,False,False,DERIVED_CONDITIONAL_GEOMETRY_NOT_EVENT_LOCATION
505,74.44120114,44.07696036,9654.048741,5753.931124,-3900.117617,False,False,False,False,DERIVED_CONDITIONAL_GEOMETRY_NOT_EVENT_LOCATION
506,74.46091869,44.07329258,9652.875155,5753.591908,-3899.283246,False,False,False,False,DERIVED_CONDITIONAL_GEOMETRY_NOT_EVENT_LOCATION
507,74.48063624,44.06962479,9651.701798,5753.253391,-3898.448406,False,False,False,False,DERIVED_CONDITIONAL_GEOMETRY_NOT_EVENT_LOCATION
508,74.50035379,44.06595700,9650.528671,5752.915573,-3897.613097,False,False,False,False,DERIVED_CONDITIONAL_GEOMETRY_NOT_EVENT_LOCATION
509,74.52007134,44.06228922,9649.355773,5752.578454,-3896.777319,False,False,False,False,DERIVED_CONDITIONAL_GEOMETRY_NOT_EVENT_LOCATION
510,74.53978889,44.05862143,9648.183107,5752.242034,-3895.941072,False,False,False,False,DERIVED_CONDITIONAL_GEOMETRY_NOT_EVENT_LOCATION
511,74.55950644,44.05495364,9647.010670,5751.906314,-3895.104356,False,False,False,False,DERIVED_CONDITIONAL_GEOMETRY_NOT_EVENT_LOCATION
512,74.57922399,44.05128585,9645.838464,5751.571293,-3894.267170,False,False,False,False,DERIVED_CONDITIONAL_GEOMETRY_NOT_EVENT_LOCATION
513,74.59894154,44.04761807,9644.666488,5751.236973,-3893.429515,False,False,False,False,DERIVED_CONDITIONAL_GEOMETRY_NOT_EVENT_LOCATION
514,74.61865909,44.04395028,9643.494743,5750.903352,-3892.591391,False,False,False,False,DERIVED_CONDITIONAL_GEOMETRY_NOT_EVENT_LOCATION
515,74.63837664,44.04028249,9642.323229,5750.570432,-3891.752797,False,False,False,False,DERIVED_CONDITIONAL_GEOMETRY_NOT_EVENT_LOCATION
516,74.65809418,44.03661471,9641.151946,5750.238212,-3890.913734,False,False,False,False,DERIVED_CONDITIONAL_GEOMETRY_NOT_EVENT_LOCATION
517,74.67781173,44.03294692,9639.980894,5749.906693,-3890.074201,False,False,False,False,DERIVED_CONDITIONAL_GEOMETRY_NOT_EVENT_LOCATION
518,74.69752928,44.02927913,9638.810073,5749.575875,-3889.234198,False,False,False,False,DERIVED_CONDITIONAL_GEOMETRY_NOT_EVENT_LOCATION
519,74.71724683,44.02561135,9637.639484,5749.245758,-3888.393725,False,False,False,False,DERIVED_CONDITIONAL_GEOMETRY_NOT_EVENT_LOCATION
520,74.73696438,44.02194356,9636.469126,5748.916343,-3887.552783,False,False,False,False,DERIVED_CONDITIONAL_GEOMETRY_NOT_EVENT_LOCATION
521,74.75668193,44.01827577,9635.299000,5748.587629,-3886.711371,False,False,False,False,DERIVED_CONDITIONAL_GEOMETRY_NOT_EVENT_LOCATION
522,74.77639948,44.01460798,9634.129106,5748.259617,-3885.869489,False,False,False,False,DERIVED_CONDITIONAL_GEOMETRY_NOT_EVENT_LOCATION
523,74.79611703,44.01094020,9632.959444,5747.932306,-3885.027137,False,False,False,False,DERIVED_CONDITIONAL_GEOMETRY_NOT_EVENT_LOCATION
524,74.81583458,44.00727241,9631.790013,5747.605698,-3884.184315,False,False,False,False,DERIVED_CONDITIONAL_GEOMETRY_NOT_EVENT_LOCATION
525,74.83555213,44.00360462,9630.620816,5747.279793,-3883.341023,False,False,False,False,DERIVED_CONDITIONAL_GEOMETRY_NOT_EVENT_LOCATION
526,74.85526968,43.99993684,9629.451850,5746.954589,-3882.497261,False,False,False,False,DERIVED_CONDITIONAL_GEOMETRY_NOT_EVENT_LOCATION
527,74.87498723,43.99626905,9628.283117,5746.630089,-3881.653028,False,False,False,False,DERIVED_CONDITIONAL_GEOMETRY_NOT_EVENT_LOCATION
528,74.89470477,43.99260126,9627.114617,5746.306292,-3880.808325,False,False,False,False,DERIVED_CONDITIONAL_GEOMETRY_NOT_EVENT_LOCATION
529,74.91442232,43.98893347,9625.946350,5745.983197,-3879.963152,False,False,False,False,DERIVED_CONDITIONAL_GEOMETRY_NOT_EVENT_LOCATION
530,74.93413987,43.98526569,9624.778315,5745.660806,-3879.117509,False,False,False,False,DERIVED_CONDITIONAL_GEOMETRY_NOT_EVENT_LOCATION
531,74.95385742,43.98159790,9623.610514,5745.339119,-3878.271395,False,False,False,False,DERIVED_CONDITIONAL_GEOMETRY_NOT_EVENT_LOCATION
532,74.97340819,43.97762565,9622.420933,5744.983599,-3877.437334,False,False,False,False,DERIVED_CONDITIONAL_GEOMETRY_NOT_EVENT_LOCATION
533,74.99295896,43.97365339,9621.231573,5744.628773,-3876.602800,False,False,False,False,DERIVED_CONDITIONAL_GEOMETRY_NOT_EVENT_LOCATION
534,75.01250972,43.96968114,9620.042432,5744.274641,-3875.767791,False,False,False,False,DERIVED_CONDITIONAL_GEOMETRY_NOT_EVENT_LOCATION
535,75.03206049,43.96570889,9618.853512,5743.921203,-3874.932309,False,False,False,False,DERIVED_CONDITIONAL_GEOMETRY_NOT_EVENT_LOCATION
536,75.05161126,43.96173663,9617.664812,5743.568460,-3874.096352,False,False,False,False,DERIVED_CONDITIONAL_GEOMETRY_NOT_EVENT_LOCATION
537,75.07116202,43.95776438,9616.476332,5743.216411,-3873.259921,False,False,False,False,DERIVED_CONDITIONAL_GEOMETRY_NOT_EVENT_LOCATION
538,75.09071279,43.95379213,9615.288073,5742.865058,-3872.423015,False,False,False,False,DERIVED_CONDITIONAL_GEOMETRY_NOT_EVENT_LOCATION
539,75.11026356,43.94981988,9614.100035,5742.514400,-3871.585635,False,False,False,False,DERIVED_CONDITIONAL_GEOMETRY_NOT_EVENT_LOCATION
540,75.12981433,43.94584762,9612.912217,5742.164437,-3870.747780,False,False,False,False,DERIVED_CONDITIONAL_GEOMETRY_NOT_EVENT_LOCATION
541,75.14936509,43.94187537,9611.724621,5741.815170,-3869.909451,False,False,False,False,DERIVED_CONDITIONAL_GEOMETRY_NOT_EVENT_LOCATION
542,75.16891586,43.93790312,9610.537245,5741.466598,-3869.070647,False,False,False,False,DERIVED_CONDITIONAL_GEOMETRY_NOT_EVENT_LOCATION
543,75.18846663,43.93393086,9609.350091,5741.118723,-3868.231368,False,False,False,False,DERIVED_CONDITIONAL_GEOMETRY_NOT_EVENT_LOCATION
544,75.20801739,43.92995861,9608.163159,5740.771544,-3867.391615,False,False,False,False,DERIVED_CONDITIONAL_GEOMETRY_NOT_EVENT_LOCATION
545,75.22756816,43.92598636,9606.976448,5740.425061,-3866.551386,False,False,False,False,DERIVED_CONDITIONAL_GEOMETRY_NOT_EVENT_LOCATION
546,75.24711893,43.92201410,9605.789958,5740.079276,-3865.710683,False,False,False,False,DERIVED_CONDITIONAL_GEOMETRY_NOT_EVENT_LOCATION
547,75.26666969,43.91804185,9604.603691,5739.734187,-3864.869504,False,False,False,False,DERIVED_CONDITIONAL_GEOMETRY_NOT_EVENT_LOCATION
548,75.28622046,43.91406960,9603.417645,5739.389795,-3864.027851,False,False,False,False,DERIVED_CONDITIONAL_GEOMETRY_NOT_EVENT_LOCATION
549,75.30577123,43.91009734,9602.231822,5739.046100,-3863.185722,False,False,False,False,DERIVED_CONDITIONAL_GEOMETRY_NOT_EVENT_LOCATION
550,75.32532200,43.90612509,9601.046221,5738.703103,-3862.343118,False,False,False,False,DERIVED_CONDITIONAL_GEOMETRY_NOT_EVENT_LOCATION
551,75.34487276,43.90215284,9599.860842,5738.360804,-3861.500038,False,False,False,False,DERIVED_CONDITIONAL_GEOMETRY_NOT_EVENT_LOCATION
552,75.36442353,43.89818058,9598.675686,5738.019203,-3860.656483,False,False,False,False,DERIVED_CONDITIONAL_GEOMETRY_NOT_EVENT_LOCATION
553,75.38397430,43.89420833,9597.490753,5737.678300,-3859.812453,False,False,False,False,DERIVED_CONDITIONAL_GEOMETRY_NOT_EVENT_LOCATION
554,75.40352506,43.89023608,9596.306043,5737.338095,-3858.967947,False,False,False,False,DERIVED_CONDITIONAL_GEOMETRY_NOT_EVENT_LOCATION
555,75.42307583,43.88626383,9595.121555,5736.998589,-3858.122966,False,False,False,False,DERIVED_CONDITIONAL_GEOMETRY_NOT_EVENT_LOCATION
556,75.44262660,43.88229157,9593.937291,5736.659782,-3857.277509,False,False,False,False,DERIVED_CONDITIONAL_GEOMETRY_NOT_EVENT_LOCATION
557,75.46217737,43.87831932,9592.753250,5736.321674,-3856.431576,False,False,False,False,DERIVED_CONDITIONAL_GEOMETRY_NOT_EVENT_LOCATION
558,75.48172813,43.87434707,9591.569433,5735.984265,-3855.585168,False,False,False,False,DERIVED_CONDITIONAL_GEOMETRY_NOT_EVENT_LOCATION
559,75.50127890,43.87037481,9590.385839,5735.647556,-3854.738283,False,False,False,False,DERIVED_CONDITIONAL_GEOMETRY_NOT_EVENT_LOCATION
560,75.52082967,43.86640256,9589.202468,5735.311546,-3853.890923,False,False,False,False,DERIVED_CONDITIONAL_GEOMETRY_NOT_EVENT_LOCATION
561,75.54038043,43.86243031,9588.019322,5734.976236,-3853.043086,False,False,False,False,DERIVED_CONDITIONAL_GEOMETRY_NOT_EVENT_LOCATION
562,75.55993120,43.85845805,9586.836400,5734.641626,-3852.194774,False,False,False,False,DERIVED_CONDITIONAL_GEOMETRY_NOT_EVENT_LOCATION
563,75.57948197,43.85448580,9585.653701,5734.307717,-3851.345985,False,False,False,False,DERIVED_CONDITIONAL_GEOMETRY_NOT_EVENT_LOCATION
564,75.59903273,43.85051355,9584.471227,5733.974508,-3850.496720,False,False,False,False,DERIVED_CONDITIONAL_GEOMETRY_NOT_EVENT_LOCATION
565,75.61858350,43.84654129,9583.288978,5733.641999,-3849.646979,False,False,False,False,DERIVED_CONDITIONAL_GEOMETRY_NOT_EVENT_LOCATION
566,75.63813427,43.84256904,9582.106953,5733.310192,-3848.796761,False,False,False,False,DERIVED_CONDITIONAL_GEOMETRY_NOT_EVENT_LOCATION
567,75.65768504,43.83859679,9580.925153,5732.979086,-3847.946067,False,False,False,False,DERIVED_CONDITIONAL_GEOMETRY_NOT_EVENT_LOCATION
568,75.67723580,43.83462453,9579.743578,5732.648681,-3847.094897,False,False,False,False,DERIVED_CONDITIONAL_GEOMETRY_NOT_EVENT_LOCATION
569,75.69678657,43.83065228,9578.562227,5732.318977,-3846.243250,False,False,False,False,DERIVED_CONDITIONAL_GEOMETRY_NOT_EVENT_LOCATION
570,75.71633734,43.82668003,9577.381102,5731.989976,-3845.391126,False,False,False,False,DERIVED_CONDITIONAL_GEOMETRY_NOT_EVENT_LOCATION
571,75.73588810,43.82270778,9576.200202,5731.661676,-3844.538526,False,False,False,False,DERIVED_CONDITIONAL_GEOMETRY_NOT_EVENT_LOCATION
572,75.75543887,43.81873552,9575.019528,5731.334079,-3843.685449,False,False,False,False,DERIVED_CONDITIONAL_GEOMETRY_NOT_EVENT_LOCATION
573,75.77498964,43.81476327,9573.839079,5731.007184,-3842.831895,False,False,False,False,DERIVED_CONDITIONAL_GEOMETRY_NOT_EVENT_LOCATION
574,75.79454041,43.81079102,9572.658856,5730.680991,-3841.977865,False,False,False,False,DERIVED_CONDITIONAL_GEOMETRY_NOT_EVENT_LOCATION
575,75.81437356,43.80641610,9571.428788,5730.312515,-3841.116272,False,False,False,False,DERIVED_CONDITIONAL_GEOMETRY_NOT_EVENT_LOCATION
576,75.83420672,43.80204119,9570.198942,5729.944765,-3840.254177,False,False,False,False,DERIVED_CONDITIONAL_GEOMETRY_NOT_EVENT_LOCATION
577,75.85403987,43.79766628,9568.969320,5729.577742,-3839.391578,False,False,False,False,DERIVED_CONDITIONAL_GEOMETRY_NOT_EVENT_LOCATION
578,75.87387303,43.79329136,9567.739920,5729.211444,-3838.528476,False,False,False,False,DERIVED_CONDITIONAL_GEOMETRY_NOT_EVENT_LOCATION
579,75.89370619,43.78891645,9566.510744,5728.845874,-3837.664870,False,False,False,False,DERIVED_CONDITIONAL_GEOMETRY_NOT_EVENT_LOCATION
580,75.91353934,43.78454154,9565.281791,5728.481030,-3836.800761,False,False,False,False,DERIVED_CONDITIONAL_GEOMETRY_NOT_EVENT_LOCATION
581,75.93337250,43.78016663,9564.053062,5728.116914,-3835.936148,False,False,False,False,DERIVED_CONDITIONAL_GEOMETRY_NOT_EVENT_LOCATION
582,75.95320565,43.77579171,9562.824556,5727.753525,-3835.071031,False,False,False,False,DERIVED_CONDITIONAL_GEOMETRY_NOT_EVENT_LOCATION
583,75.97303881,43.77141680,9561.596274,5727.390863,-3834.205411,False,False,False,False,DERIVED_CONDITIONAL_GEOMETRY_NOT_EVENT_LOCATION
584,75.99287197,43.76704189,9560.368216,5727.028929,-3833.339287,False,False,False,False,DERIVED_CONDITIONAL_GEOMETRY_NOT_EVENT_LOCATION
585,76.01270512,43.76266697,9559.140382,5726.667724,-3832.472658,False,False,False,False,DERIVED_CONDITIONAL_GEOMETRY_NOT_EVENT_LOCATION
586,76.03253828,43.75829206,9557.912773,5726.307247,-3831.605526,False,False,False,False,DERIVED_CONDITIONAL_GEOMETRY_NOT_EVENT_LOCATION
587,76.05237143,43.75391715,9556.685388,5725.947498,-3830.737890,False,False,False,False,DERIVED_CONDITIONAL_GEOMETRY_NOT_EVENT_LOCATION
588,76.07220459,43.74954224,9555.458227,5725.588478,-3829.869749,False,False,False,False,DERIVED_CONDITIONAL_GEOMETRY_NOT_EVENT_LOCATION
589,76.09203775,43.74516732,9554.231291,5725.230187,-3829.001104,False,False,False,False,DERIVED_CONDITIONAL_GEOMETRY_NOT_EVENT_LOCATION
590,76.11187090,43.74079241,9553.004581,5724.872626,-3828.131955,False,False,False,False,DERIVED_CONDITIONAL_GEOMETRY_NOT_EVENT_LOCATION
591,76.13170406,43.73641750,9551.778095,5724.515794,-3827.262301,False,False,False,False,DERIVED_CONDITIONAL_GEOMETRY_NOT_EVENT_LOCATION
592,76.15153721,43.73204259,9550.551834,5724.159692,-3826.392143,False,False,False,False,DERIVED_CONDITIONAL_GEOMETRY_NOT_EVENT_LOCATION
593,76.17137037,43.72766767,9549.325799,5723.804319,-3825.521480,False,False,False,False,DERIVED_CONDITIONAL_GEOMETRY_NOT_EVENT_LOCATION
594,76.19120353,43.72329276,9548.099989,5723.449677,-3824.650312,False,False,False,False,DERIVED_CONDITIONAL_GEOMETRY_NOT_EVENT_LOCATION
595,76.21103668,43.71891785,9546.874405,5723.095766,-3823.778640,False,False,False,False,DERIVED_CONDITIONAL_GEOMETRY_NOT_EVENT_LOCATION
596,76.23086984,43.71454293,9545.649047,5722.742585,-3822.906463,False,False,False,False,DERIVED_CONDITIONAL_GEOMETRY_NOT_EVENT_LOCATION
597,76.25070299,43.71016802,9544.423915,5722.390135,-3822.033780,False,False,False,False,DERIVED_CONDITIONAL_GEOMETRY_NOT_EVENT_LOCATION
598,76.27053615,43.70579311,9543.199009,5722.038416,-3821.160593,False,False,False,False,DERIVED_CONDITIONAL_GEOMETRY_NOT_EVENT_LOCATION
599,76.29036931,43.70141820,9541.974330,5721.687428,-3820.286901,False,False,False,False,DERIVED_CONDITIONAL_GEOMETRY_NOT_EVENT_LOCATION
600,76.31020246,43.69704328,9540.749876,5721.337173,-3819.412704,False,False,False,False,DERIVED_CONDITIONAL_GEOMETRY_NOT_EVENT_LOCATION
601,76.33003562,43.69266837,9539.525650,5720.987649,-3818.538001,False,False,False,False,DERIVED_CONDITIONAL_GEOMETRY_NOT_EVENT_LOCATION
602,76.34986877,43.68829346,9538.301650,5720.638857,-3817.662793,False,False,False,False,DERIVED_CONDITIONAL_GEOMETRY_NOT_EVENT_LOCATION
603,76.36970193,43.68391854,9537.077877,5720.290797,-3816.787080,False,False,False,False,DERIVED_CONDITIONAL_GEOMETRY_NOT_EVENT_LOCATION
604,76.38953509,43.67954363,9535.854331,5719.943470,-3815.910861,False,False,False,False,DERIVED_CONDITIONAL_GEOMETRY_NOT_EVENT_LOCATION
605,76.40936824,43.67516872,9534.631013,5719.596876,-3815.034137,False,False,False,False,DERIVED_CONDITIONAL_GEOMETRY_NOT_EVENT_LOCATION
606,76.42920140,43.67079381,9533.407922,5719.251014,-3814.156907,False,False,False,False,DERIVED_CONDITIONAL_GEOMETRY_NOT_EVENT_LOCATION
607,76.44903455,43.66641889,9532.185058,5718.905886,-3813.279172,False,False,False,False,DERIVED_CONDITIONAL_GEOMETRY_NOT_EVENT_LOCATION
608,76.46886771,43.66204398,9530.962422,5718.561492,-3812.400930,False,False,False,False,DERIVED_CONDITIONAL_GEOMETRY_NOT_EVENT_LOCATION
609,76.48870087,43.65766907,9529.740014,5718.217831,-3811.522183,False,False,False,False,DERIVED_CONDITIONAL_GEOMETRY_NOT_EVENT_LOCATION
610,76.50853402,43.65329415,9528.517834,5717.874904,-3810.642930,False,False,False,False,DERIVED_CONDITIONAL_GEOMETRY_NOT_EVENT_LOCATION
611,76.52836718,43.64891924,9527.295882,5717.532711,-3809.763171,False,False,False,False,DERIVED_CONDITIONAL_GEOMETRY_NOT_EVENT_LOCATION
612,76.54820033,43.64454433,9526.074159,5717.191253,-3808.882906,False,False,False,False,DERIVED_CONDITIONAL_GEOMETRY_NOT_EVENT_LOCATION
613,76.56803349,43.64016942,9524.852664,5716.850529,-3808.002135,False,False,False,False,DERIVED_CONDITIONAL_GEOMETRY_NOT_EVENT_LOCATION
614,76.58786665,43.63579450,9523.631397,5716.510540,-3807.120858,False,False,False,False,DERIVED_CONDITIONAL_GEOMETRY_NOT_EVENT_LOCATION
615,76.60769980,43.63141959,9522.410360,5716.171286,-3806.239074,False,False,False,False,DERIVED_CONDITIONAL_GEOMETRY_NOT_EVENT_LOCATION
616,76.62753296,43.62704468,9521.189551,5715.832767,-3805.356784,False,False,False,False,DERIVED_CONDITIONAL_GEOMETRY_NOT_EVENT_LOCATION
617,76.64717211,43.62236604,9519.947557,5715.459917,-3804.487640,False,False,False,False,DERIVED_CONDITIONAL_GEOMETRY_NOT_EVENT_LOCATION
618,76.66681126,43.61768741,9518.705779,5715.087792,-3803.617987,False,False,False,False,DERIVED_CONDITIONAL_GEOMETRY_NOT_EVENT_LOCATION
619,76.68645041,43.61300877,9517.464215,5714.716392,-3802.747824,False,False,False,False,DERIVED_CONDITIONAL_GEOMETRY_NOT_EVENT_LOCATION
620,76.70608956,43.60833014,9516.222867,5714.345716,-3801.877151,False,False,False,False,DERIVED_CONDITIONAL_GEOMETRY_NOT_EVENT_LOCATION
621,76.72572872,43.60365150,9514.981735,5713.975766,-3801.005969,False,False,False,False,DERIVED_CONDITIONAL_GEOMETRY_NOT_EVENT_LOCATION
622,76.74536787,43.59897287,9513.740819,5713.606541,-3800.134277,False,False,False,False,DERIVED_CONDITIONAL_GEOMETRY_NOT_EVENT_LOCATION
623,76.76500702,43.59429423,9512.500118,5713.238042,-3799.262076,False,False,False,False,DERIVED_CONDITIONAL_GEOMETRY_NOT_EVENT_LOCATION
624,76.78464617,43.58961559,9511.259634,5712.870269,-3798.389364,False,False,False,False,DERIVED_CONDITIONAL_GEOMETRY_NOT_EVENT_LOCATION
625,76.80428532,43.58493696,9510.019366,5712.503223,-3797.516143,False,False,False,False,DERIVED_CONDITIONAL_GEOMETRY_NOT_EVENT_LOCATION
626,76.82392447,43.58025832,9508.779314,5712.136903,-3796.642411,False,False,False,False,DERIVED_CONDITIONAL_GEOMETRY_NOT_EVENT_LOCATION
627,76.84356362,43.57557969,9507.539479,5711.771309,-3795.768169,False,False,False,False,DERIVED_CONDITIONAL_GEOMETRY_NOT_EVENT_LOCATION
628,76.86320278,43.57090105,9506.299860,5711.406443,-3794.893417,False,False,False,False,DERIVED_CONDITIONAL_GEOMETRY_NOT_EVENT_LOCATION
629,76.88284193,43.56622242,9505.060459,5711.042304,-3794.018155,False,False,False,False,DERIVED_CONDITIONAL_GEOMETRY_NOT_EVENT_LOCATION
630,76.90248108,43.56154378,9503.821274,5710.678892,-3793.142382,False,False,False,False,DERIVED_CONDITIONAL_GEOMETRY_NOT_EVENT_LOCATION
631,76.92212023,43.55686515,9502.582307,5710.316208,-3792.266099,False,False,False,False,DERIVED_CONDITIONAL_GEOMETRY_NOT_EVENT_LOCATION
632,76.94175938,43.55218651,9501.343557,5709.954252,-3791.389305,False,False,False,False,DERIVED_CONDITIONAL_GEOMETRY_NOT_EVENT_LOCATION
633,76.96139853,43.54750788,9500.105025,5709.593024,-3790.512001,False,False,False,False,DERIVED_CONDITIONAL_GEOMETRY_NOT_EVENT_LOCATION
634,76.98103768,43.54282924,9498.866710,5709.232524,-3789.634186,False,False,False,False,DERIVED_CONDITIONAL_GEOMETRY_NOT_EVENT_LOCATION
635,77.00067684,43.53815061,9497.628613,5708.872753,-3788.755860,False,False,False,False,DERIVED_CONDITIONAL_GEOMETRY_NOT_EVENT_LOCATION
636,77.02031599,43.53347197,9496.390734,5708.513711,-3787.877023,False,False,False,False,DERIVED_CONDITIONAL_GEOMETRY_NOT_EVENT_LOCATION
637,77.03995514,43.52879333,9495.153073,5708.155399,-3786.997675,False,False,False,False,DERIVED_CONDITIONAL_GEOMETRY_NOT_EVENT_LOCATION
638,77.05959429,43.52411470,9493.915631,5707.797815,-3786.117816,False,False,False,False,DERIVED_CONDITIONAL_GEOMETRY_NOT_EVENT_LOCATION
639,77.07923344,43.51943606,9492.678407,5707.440961,-3785.237445,False,False,False,False,DERIVED_CONDITIONAL_GEOMETRY_NOT_EVENT_LOCATION
640,77.09887259,43.51475743,9491.441402,5707.084837,-3784.356564,False,False,False,False,DERIVED_CONDITIONAL_GEOMETRY_NOT_EVENT_LOCATION
641,77.11851174,43.51007879,9490.204615,5706.729444,-3783.475171,False,False,False,False,DERIVED_CONDITIONAL_GEOMETRY_NOT_EVENT_LOCATION
642,77.13815090,43.50540016,9488.968047,5706.374780,-3782.593267,False,False,False,False,DERIVED_CONDITIONAL_GEOMETRY_NOT_EVENT_LOCATION
643,77.15779005,43.50072152,9487.731699,5706.020847,-3781.710852,False,False,False,False,DERIVED_CONDITIONAL_GEOMETRY_NOT_EVENT_LOCATION
644,77.17742920,43.49604289,9486.495570,5705.667645,-3780.827925,False,False,False,False,DERIVED_CONDITIONAL_GEOMETRY_NOT_EVENT_LOCATION
645,77.19706835,43.49136425,9485.259660,5705.315174,-3779.944486,False,False,False,False,DERIVED_CONDITIONAL_GEOMETRY_NOT_EVENT_LOCATION
646,77.21670750,43.48668562,9484.023969,5704.963434,-3779.060536,False,False,False,False,DERIVED_CONDITIONAL_GEOMETRY_NOT_EVENT_LOCATION
647,77.23634665,43.48200698,9482.788499,5704.612426,-3778.176073,False,False,False,False,DERIVED_CONDITIONAL_GEOMETRY_NOT_EVENT_LOCATION
648,77.25598580,43.47732835,9481.553248,5704.262149,-3777.291099,False,False,False,False,DERIVED_CONDITIONAL_GEOMETRY_NOT_EVENT_LOCATION
649,77.27562496,43.47264971,9480.318217,5703.912604,-3776.405613,False,False,False,False,DERIVED_CONDITIONAL_GEOMETRY_NOT_EVENT_LOCATION
650,77.29526411,43.46797108,9479.083407,5703.563792,-3775.519615,False,False,False,False,DERIVED_CONDITIONAL_GEOMETRY_NOT_EVENT_LOCATION
651,77.31490326,43.46329244,9477.848817,5703.215712,-3774.633105,False,False,False,False,DERIVED_CONDITIONAL_GEOMETRY_NOT_EVENT_LOCATION
652,77.33454241,43.45861380,9476.614447,5702.868365,-3773.746083,False,False,False,False,DERIVED_CONDITIONAL_GEOMETRY_NOT_EVENT_LOCATION
653,77.35418156,43.45393517,9475.380298,5702.521750,-3772.858548,False,False,False,False,DERIVED_CONDITIONAL_GEOMETRY_NOT_EVENT_LOCATION
654,77.37382071,43.44925653,9474.146370,5702.175869,-3771.970501,False,False,False,False,DERIVED_CONDITIONAL_GEOMETRY_NOT_EVENT_LOCATION
655,77.39345987,43.44457790,9472.912663,5701.830721,-3771.081942,False,False,False,False,DERIVED_CONDITIONAL_GEOMETRY_NOT_EVENT_LOCATION
656,77.41309902,43.43989926,9471.679177,5701.486307,-3770.192870,False,False,False,False,DERIVED_CONDITIONAL_GEOMETRY_NOT_EVENT_LOCATION
657,77.43273817,43.43522063,9470.445913,5701.142627,-3769.303286,False,False,False,False,DERIVED_CONDITIONAL_GEOMETRY_NOT_EVENT_LOCATION
658,77.45237732,43.43054199,9469.212870,5700.799681,-3768.413189,False,False,False,False,DERIVED_CONDITIONAL_GEOMETRY_NOT_EVENT_LOCATION
659,77.47228632,43.42544109,9467.928447,5700.413210,-3767.515237,False,False,False,False,DERIVED_CONDITIONAL_GEOMETRY_NOT_EVENT_LOCATION
660,77.49219532,43.42034019,9466.644242,5700.027498,-3766.616744,False,False,False,False,DERIVED_CONDITIONAL_GEOMETRY_NOT_EVENT_LOCATION
661,77.51210431,43.41523929,9465.360255,5699.642545,-3765.717710,False,False,False,False,DERIVED_CONDITIONAL_GEOMETRY_NOT_EVENT_LOCATION
662,77.53201331,43.41013839,9464.076486,5699.258352,-3764.818135,False,False,False,False,DERIVED_CONDITIONAL_GEOMETRY_NOT_EVENT_LOCATION
663,77.55192231,43.40503748,9462.792936,5698.874918,-3763.918018,False,False,False,False,DERIVED_CONDITIONAL_GEOMETRY_NOT_EVENT_LOCATION
664,77.57183131,43.39993658,9461.509605,5698.492244,-3763.017361,False,False,False,False,DERIVED_CONDITIONAL_GEOMETRY_NOT_EVENT_LOCATION
665,77.59174031,43.39483568,9460.226492,5698.110330,-3762.116162,False,False,False,False,DERIVED_CONDITIONAL_GEOMETRY_NOT_EVENT_LOCATION
666,77.61164930,43.38973478,9458.943599,5697.729177,-3761.214422,False,False,False,False,DERIVED_CONDITIONAL_GEOMETRY_NOT_EVENT_LOCATION
667,77.63155830,43.38463388,9457.660924,5697.348784,-3760.312140,False,False,False,False,DERIVED_CONDITIONAL_GEOMETRY_NOT_EVENT_LOCATION
668,77.65146730,43.37953298,9456.378469,5696.969152,-3759.409317,False,False,False,False,DERIVED_CONDITIONAL_GEOMETRY_NOT_EVENT_LOCATION
669,77.67137630,43.37443208,9455.096234,5696.590282,-3758.505952,False,False,False,False,DERIVED_CONDITIONAL_GEOMETRY_NOT_EVENT_LOCATION
670,77.69128530,43.36933117,9453.814218,5696.212173,-3757.602045,False,False,False,False,DERIVED_CONDITIONAL_GEOMETRY_NOT_EVENT_LOCATION
671,77.71119429,43.36423027,9452.532422,5695.834825,-3756.697597,False,False,False,False,DERIVED_CONDITIONAL_GEOMETRY_NOT_EVENT_LOCATION
672,77.73110329,43.35912937,9451.250846,5695.458240,-3755.792606,False,False,False,False,DERIVED_CONDITIONAL_GEOMETRY_NOT_EVENT_LOCATION
673,77.75101229,43.35402847,9449.969490,5695.082417,-3754.887073,False,False,False,False,DERIVED_CONDITIONAL_GEOMETRY_NOT_EVENT_LOCATION
674,77.77092129,43.34892757,9448.688355,5694.707357,-3753.980998,False,False,False,False,DERIVED_CONDITIONAL_GEOMETRY_NOT_EVENT_LOCATION
675,77.79083029,43.34382667,9447.407440,5694.333059,-3753.074381,False,False,False,False,DERIVED_CONDITIONAL_GEOMETRY_NOT_EVENT_LOCATION
676,77.81073928,43.33872576,9446.126746,5693.959525,-3752.167222,False,False,False,False,DERIVED_CONDITIONAL_GEOMETRY_NOT_EVENT_LOCATION
677,77.83064828,43.33362486,9444.846273,5693.586753,-3751.259520,False,False,False,False,DERIVED_CONDITIONAL_GEOMETRY_NOT_EVENT_LOCATION
678,77.85055728,43.32852396,9443.566021,5693.214746,-3750.351275,False,False,False,False,DERIVED_CONDITIONAL_GEOMETRY_NOT_EVENT_LOCATION
679,77.87046628,43.32342306,9442.285990,5692.843502,-3749.442488,False,False,False,False,DERIVED_CONDITIONAL_GEOMETRY_NOT_EVENT_LOCATION
680,77.89037528,43.31832216,9441.006180,5692.473022,-3748.533158,False,False,False,False,DERIVED_CONDITIONAL_GEOMETRY_NOT_EVENT_LOCATION
681,77.91028427,43.31322126,9439.726592,5692.103307,-3747.623285,False,False,False,False,DERIVED_CONDITIONAL_GEOMETRY_NOT_EVENT_LOCATION
682,77.93019327,43.30812036,9438.447226,5691.734356,-3746.712870,False,False,False,False,DERIVED_CONDITIONAL_GEOMETRY_NOT_EVENT_LOCATION
683,77.95010227,43.30301945,9437.168082,5691.366171,-3745.801911,False,False,False,False,DERIVED_CONDITIONAL_GEOMETRY_NOT_EVENT_LOCATION
684,77.97001127,43.29791855,9435.889160,5690.998750,-3744.890410,False,False,False,False,DERIVED_CONDITIONAL_GEOMETRY_NOT_EVENT_LOCATION
685,77.98992027,43.29281765,9434.610460,5690.632095,-3743.978365,False,False,False,False,DERIVED_CONDITIONAL_GEOMETRY_NOT_EVENT_LOCATION
686,78.00982927,43.28771675,9433.331982,5690.266205,-3743.065777,False,False,False,False,DERIVED_CONDITIONAL_GEOMETRY_NOT_EVENT_LOCATION
687,78.02973826,43.28261585,9432.053727,5689.901082,-3742.152645,False,False,False,False,DERIVED_CONDITIONAL_GEOMETRY_NOT_EVENT_LOCATION
688,78.04964726,43.27751495,9430.775695,5689.536724,-3741.238971,False,False,False,False,DERIVED_CONDITIONAL_GEOMETRY_NOT_EVENT_LOCATION
689,78.06955626,43.27241404,9429.497886,5689.173133,-3740.324752,False,False,False,False,DERIVED_CONDITIONAL_GEOMETRY_NOT_EVENT_LOCATION
690,78.08946526,43.26731314,9428.220300,5688.810309,-3739.409990,False,False,False,False,DERIVED_CONDITIONAL_GEOMETRY_NOT_EVENT_LOCATION
691,78.10937426,43.26221224,9426.942937,5688.448252,-3738.494685,False,False,False,False,DERIVED_CONDITIONAL_GEOMETRY_NOT_EVENT_LOCATION
692,78.12928325,43.25711134,9425.665797,5688.086962,-3737.578835,False,False,False,False,DERIVED_CONDITIONAL_GEOMETRY_NOT_EVENT_LOCATION
693,78.14919225,43.25201044,9424.388882,5687.726440,-3736.662442,False,False,False,False,DERIVED_CONDITIONAL_GEOMETRY_NOT_EVENT_LOCATION
694,78.16910125,43.24690954,9423.112190,5687.366685,-3735.745505,False,False,False,False,DERIVED_CONDITIONAL_GEOMETRY_NOT_EVENT_LOCATION
695,78.18901025,43.24180864,9421.835722,5687.007698,-3734.828024,False,False,False,False,DERIVED_CONDITIONAL_GEOMETRY_NOT_EVENT_LOCATION
696,78.20891925,43.23670773,9420.559478,5686.649480,-3733.909998,False,False,False,False,DERIVED_CONDITIONAL_GEOMETRY_NOT_EVENT_LOCATION
697,78.22882824,43.23160683,9419.283458,5686.292030,-3732.991429,False,False,False,False,DERIVED_CONDITIONAL_GEOMETRY_NOT_EVENT_LOCATION
698,78.24873724,43.22650593,9418.007663,5685.935348,-3732.072315,False,False,False,False,DERIVED_CONDITIONAL_GEOMETRY_NOT_EVENT_LOCATION
699,78.26864624,43.22140503,9416.732093,5685.579436,-3731.152657,False,False,False,False,DERIVED_CONDITIONAL_GEOMETRY_NOT_EVENT_LOCATION
700,78.28833566,43.21600118,9415.435827,5685.188597,-3730.247230,False,False,False,False,DERIVED_CONDITIONAL_GEOMETRY_NOT_EVENT_LOCATION
701,78.30802508,43.21059734,9414.139772,5684.798515,-3729.341257,False,False,False,False,DERIVED_CONDITIONAL_GEOMETRY_NOT_EVENT_LOCATION
702,78.32771450,43.20519350,9412.843927,5684.409190,-3728.434737,False,False,False,False,DERIVED_CONDITIONAL_GEOMETRY_NOT_EVENT_LOCATION
703,78.34740392,43.19978965,9411.548294,5684.020624,-3727.527670,False,False,False,False,DERIVED_CONDITIONAL_GEOMETRY_NOT_EVENT_LOCATION
704,78.36709334,43.19438581,9410.252870,5683.632815,-3726.620055,False,False,False,False,DERIVED_CONDITIONAL_GEOMETRY_NOT_EVENT_LOCATION
705,78.38678276,43.18898196,9408.957658,5683.245765,-3725.711894,False,False,False,False,DERIVED_CONDITIONAL_GEOMETRY_NOT_EVENT_LOCATION
706,78.40647218,43.18357812,9407.662658,5682.859473,-3724.803185,False,False,False,False,DERIVED_CONDITIONAL_GEOMETRY_NOT_EVENT_LOCATION
707,78.42616160,43.17817427,9406.367868,5682.473940,-3723.893928,False,False,False,False,DERIVED_CONDITIONAL_GEOMETRY_NOT_EVENT_LOCATION
708,78.44585102,43.17277043,9405.073291,5682.089167,-3722.984124,False,False,False,False,DERIVED_CONDITIONAL_GEOMETRY_NOT_EVENT_LOCATION
709,78.46554044,43.16736659,9403.778924,5681.705152,-3722.073772,False,False,False,False,DERIVED_CONDITIONAL_GEOMETRY_NOT_EVENT_LOCATION
710,78.48522986,43.16196274,9402.484770,5681.321898,-3721.162873,False,False,False,False,DERIVED_CONDITIONAL_GEOMETRY_NOT_EVENT_LOCATION
711,78.50491928,43.15655890,9401.190828,5680.939403,-3720.251425,False,False,False,False,DERIVED_CONDITIONAL_GEOMETRY_NOT_EVENT_LOCATION
712,78.52460871,43.15115505,9399.897098,5680.557668,-3719.339430,False,False,False,False,DERIVED_CONDITIONAL_GEOMETRY_NOT_EVENT_LOCATION
713,78.54429813,43.14575121,9398.603581,5680.176694,-3718.426887,False,False,False,False,DERIVED_CONDITIONAL_GEOMETRY_NOT_EVENT_LOCATION
714,78.56398755,43.14034736,9397.310276,5679.796481,-3717.513795,False,False,False,False,DERIVED_CONDITIONAL_GEOMETRY_NOT_EVENT_LOCATION
715,78.58367697,43.13494352,9396.017184,5679.417029,-3716.600156,False,False,False,False,DERIVED_CONDITIONAL_GEOMETRY_NOT_EVENT_LOCATION
716,78.60336639,43.12953968,9394.724305,5679.038337,-3715.685968,False,False,False,False,DERIVED_CONDITIONAL_GEOMETRY_NOT_EVENT_LOCATION
717,78.62305581,43.12413583,9393.431639,5678.660408,-3714.771231,False,False,False,False,DERIVED_CONDITIONAL_GEOMETRY_NOT_EVENT_LOCATION
718,78.64274523,43.11873199,9392.139186,5678.283240,-3713.855946,False,False,False,False,DERIVED_CONDITIONAL_GEOMETRY_NOT_EVENT_LOCATION
719,78.66243465,43.11332814,9390.846947,5677.906835,-3712.940113,False,False,False,False,DERIVED_CONDITIONAL_GEOMETRY_NOT_EVENT_LOCATION
720,78.68212407,43.10792430,9389.554922,5677.531191,-3712.023730,False,False,False,False,DERIVED_CONDITIONAL_GEOMETRY_NOT_EVENT_LOCATION
721,78.70181349,43.10252045,9388.263110,5677.156311,-3711.106799,False,False,False,False,DERIVED_CONDITIONAL_GEOMETRY_NOT_EVENT_LOCATION
722,78.72150291,43.09711661,9386.971512,5676.782193,-3710.189319,False,False,False,False,DERIVED_CONDITIONAL_GEOMETRY_NOT_EVENT_LOCATION
723,78.74119233,43.09171277,9385.680129,5676.408838,-3709.271291,False,False,False,False,DERIVED_CONDITIONAL_GEOMETRY_NOT_EVENT_LOCATION
724,78.76088175,43.08630892,9384.388959,5676.036247,-3708.352713,False,False,False,False,DERIVED_CONDITIONAL_GEOMETRY_NOT_EVENT_LOCATION
725,78.78057117,43.08090508,9383.098004,5675.664419,-3707.433585,False,False,False,False,DERIVED_CONDITIONAL_GEOMETRY_NOT_EVENT_LOCATION
726,78.80026059,43.07550123,9381.807264,5675.293355,-3706.513909,False,False,False,False,DERIVED_CONDITIONAL_GEOMETRY_NOT_EVENT_LOCATION
727,78.81995001,43.07009739,9380.516739,5674.923056,-3705.593683,False,False,False,False,DERIVED_CONDITIONAL_GEOMETRY_NOT_EVENT_LOCATION
728,78.83963943,43.06469354,9379.226429,5674.553521,-3704.672908,False,False,False,False,DERIVED_CONDITIONAL_GEOMETRY_NOT_EVENT_LOCATION
729,78.85932885,43.05928970,9377.936334,5674.184750,-3703.751583,False,False,False,False,DERIVED_CONDITIONAL_GEOMETRY_NOT_EVENT_LOCATION
730,78.87901827,43.05388586,9376.646454,5673.816745,-3702.829709,False,False,False,False,DERIVED_CONDITIONAL_GEOMETRY_NOT_EVENT_LOCATION
731,78.89870769,43.04848201,9375.356790,5673.449505,-3701.907285,False,False,False,False,DERIVED_CONDITIONAL_GEOMETRY_NOT_EVENT_LOCATION
732,78.91839711,43.04307817,9374.067341,5673.083030,-3700.984311,False,False,False,False,DERIVED_CONDITIONAL_GEOMETRY_NOT_EVENT_LOCATION
733,78.93808653,43.03767432,9372.778109,5672.717321,-3700.060788,False,False,False,False,DERIVED_CONDITIONAL_GEOMETRY_NOT_EVENT_LOCATION
734,78.95777595,43.03227048,9371.489092,5672.352378,-3699.136714,False,False,False,False,DERIVED_CONDITIONAL_GEOMETRY_NOT_EVENT_LOCATION
735,78.97746537,43.02686663,9370.200292,5671.988202,-3698.212090,False,False,False,False,DERIVED_CONDITIONAL_GEOMETRY_NOT_EVENT_LOCATION
736,78.99715479,43.02146279,9368.911708,5671.624792,-3697.286916,False,False,False,False,DERIVED_CONDITIONAL_GEOMETRY_NOT_EVENT_LOCATION
737,79.01684421,43.01605895,9367.623340,5671.262148,-3696.361192,False,False,False,False,DERIVED_CONDITIONAL_GEOMETRY_NOT_EVENT_LOCATION
738,79.03653363,43.01065510,9366.335190,5670.900272,-3695.434918,False,False,False,False,DERIVED_CONDITIONAL_GEOMETRY_NOT_EVENT_LOCATION
739,79.05622306,43.00525126,9365.047256,5670.539163,-3694.508093,False,False,False,False,DERIVED_CONDITIONAL_GEOMETRY_NOT_EVENT_LOCATION
740,79.07591248,42.99984741,9363.759540,5670.178822,-3693.580717,False,False,False,False,DERIVED_CONDITIONAL_GEOMETRY_NOT_EVENT_LOCATION
741,79.09585953,42.99400177,9362.418849,5669.773733,-3692.645116,False,False,False,False,DERIVED_CONDITIONAL_GEOMETRY_NOT_EVENT_LOCATION
742,79.11580658,42.98815613,9361.078371,5669.369438,-3691.708933,False,False,False,False,DERIVED_CONDITIONAL_GEOMETRY_NOT_EVENT_LOCATION
743,79.13575363,42.98231049,9359.738107,5668.965937,-3690.772170,False,False,False,False,DERIVED_CONDITIONAL_GEOMETRY_NOT_EVENT_LOCATION
744,79.15570068,42.97646484,9358.398056,5668.563230,-3689.834826,False,False,False,False,DERIVED_CONDITIONAL_GEOMETRY_NOT_EVENT_LOCATION
745,79.17564774,42.97061920,9357.058219,5668.161318,-3688.896901,False,False,False,False,DERIVED_CONDITIONAL_GEOMETRY_NOT_EVENT_LOCATION
746,79.19559479,42.96477356,9355.718596,5667.760201,-3687.958395,False,False,False,False,DERIVED_CONDITIONAL_GEOMETRY_NOT_EVENT_LOCATION
747,79.21554184,42.95892792,9354.379187,5667.359879,-3687.019308,False,False,False,False,DERIVED_CONDITIONAL_GEOMETRY_NOT_EVENT_LOCATION
748,79.23548889,42.95308228,9353.039993,5666.960353,-3686.079639,False,False,False,False,DERIVED_CONDITIONAL_GEOMETRY_NOT_EVENT_LOCATION
749,79.25543594,42.94723663,9351.701013,5666.561623,-3685.139390,False,False,False,False,DERIVED_CONDITIONAL_GEOMETRY_NOT_EVENT_LOCATION
750,79.27538300,42.94139099,9350.362247,5666.163689,-3684.198558,False,False,False,False,DERIVED_CONDITIONAL_GEOMETRY_NOT_EVENT_LOCATION
751,79.29533005,42.93554535,9349.023697,5665.766552,-3683.257145,False,False,False,False,DERIVED_CONDITIONAL_GEOMETRY_NOT_EVENT_LOCATION
752,79.31527710,42.92969971,9347.685361,5665.370211,-3682.315150,False,False,False,False,DERIVED_CONDITIONAL_GEOMETRY_NOT_EVENT_LOCATION
753,79.33522415,42.92385406,9346.347241,5664.974668,-3681.372573,False,False,False,False,DERIVED_CONDITIONAL_GEOMETRY_NOT_EVENT_LOCATION
754,79.35517120,42.91800842,9345.009336,5664.579922,-3680.429415,False,False,False,False,DERIVED_CONDITIONAL_GEOMETRY_NOT_EVENT_LOCATION
755,79.37511826,42.91216278,9343.671647,5664.185973,-3679.485674,False,False,False,False,DERIVED_CONDITIONAL_GEOMETRY_NOT_EVENT_LOCATION
756,79.39506531,42.90631714,9342.334174,5663.792823,-3678.541351,False,False,False,False,DERIVED_CONDITIONAL_GEOMETRY_NOT_EVENT_LOCATION
757,79.41501236,42.90047150,9340.996916,5663.400470,-3677.596446,False,False,False,False,DERIVED_CONDITIONAL_GEOMETRY_NOT_EVENT_LOCATION
758,79.43495941,42.89462585,9339.659875,5663.008917,-3676.650959,False,False,False,False,DERIVED_CONDITIONAL_GEOMETRY_NOT_EVENT_LOCATION
759,79.45490646,42.88878021,9338.323050,5662.618162,-3675.704889,False,False,False,False,DERIVED_CONDITIONAL_GEOMETRY_NOT_EVENT_LOCATION
760,79.47485352,42.88293457,9336.986442,5662.228206,-3674.758236,False,False,False,False,DERIVED_CONDITIONAL_GEOMETRY_NOT_EVENT_LOCATION
761,79.49480057,42.87708893,9335.650050,5661.839049,-3673.811001,False,False,False,False,DERIVED_CONDITIONAL_GEOMETRY_NOT_EVENT_LOCATION
762,79.51474762,42.87124329,9334.313876,5661.450693,-3672.863183,False,False,False,False,DERIVED_CONDITIONAL_GEOMETRY_NOT_EVENT_LOCATION
763,79.53469467,42.86539764,9332.977918,5661.063136,-3671.914782,False,False,False,False,DERIVED_CONDITIONAL_GEOMETRY_NOT_EVENT_LOCATION
764,79.55464172,42.85955200,9331.642178,5660.676379,-3670.965798,False,False,False,False,DERIVED_CONDITIONAL_GEOMETRY_NOT_EVENT_LOCATION
765,79.57458878,42.85370636,9330.306655,5660.290424,-3670.016231,False,False,False,False,DERIVED_CONDITIONAL_GEOMETRY_NOT_EVENT_LOCATION
766,79.59453583,42.84786072,9328.971350,5659.905268,-3669.066081,False,False,False,False,DERIVED_CONDITIONAL_GEOMETRY_NOT_EVENT_LOCATION
767,79.61448288,42.84201508,9327.636263,5659.520915,-3668.115348,False,False,False,False,DERIVED_CONDITIONAL_GEOMETRY_NOT_EVENT_LOCATION
768,79.63442993,42.83616943,9326.301393,5659.137362,-3667.164031,False,False,False,False,DERIVED_CONDITIONAL_GEOMETRY_NOT_EVENT_LOCATION
769,79.65437698,42.83032379,9324.966742,5658.754611,-3666.212131,False,False,False,False,DERIVED_CONDITIONAL_GEOMETRY_NOT_EVENT_LOCATION
770,79.67432404,42.82447815,9323.632310,5658.372663,-3665.259647,False,False,False,False,DERIVED_CONDITIONAL_GEOMETRY_NOT_EVENT_LOCATION
771,79.69427109,42.81863251,9322.298096,5657.991516,-3664.306580,False,False,False,False,DERIVED_CONDITIONAL_GEOMETRY_NOT_EVENT_LOCATION
772,79.71421814,42.81278687,9320.964101,5657.611172,-3663.352929,False,False,False,False,DERIVED_CONDITIONAL_GEOMETRY_NOT_EVENT_LOCATION
773,79.73416519,42.80694122,9319.630324,5657.231631,-3662.398693,False,False,False,False,DERIVED_CONDITIONAL_GEOMETRY_NOT_EVENT_LOCATION
774,79.75411224,42.80109558,9318.296767,5656.852893,-3661.443874,False,False,False,False,DERIVED_CONDITIONAL_GEOMETRY_NOT_EVENT_LOCATION
775,79.77405930,42.79524994,9316.963430,5656.474959,-3660.488471,False,False,False,False,DERIVED_CONDITIONAL_GEOMETRY_NOT_EVENT_LOCATION
776,79.79400635,42.78940430,9315.630312,5656.097828,-3659.532484,False,False,False,False,DERIVED_CONDITIONAL_GEOMETRY_NOT_EVENT_LOCATION
777,79.81395340,42.78355865,9314.297413,5655.721501,-3658.575912,False,False,False,False,DERIVED_CONDITIONAL_GEOMETRY_NOT_EVENT_LOCATION
778,79.83390045,42.77771301,9312.964735,5655.345979,-3657.618756,False,False,False,False,DERIVED_CONDITIONAL_GEOMETRY_NOT_EVENT_LOCATION
779,79.85384750,42.77186737,9311.632276,5654.971261,-3656.661016,False,False,False,False,DERIVED_CONDITIONAL_GEOMETRY_NOT_EVENT_LOCATION
780,79.87379456,42.76602173,9310.300038,5654.597348,-3655.702690,False,False,False,False,DERIVED_CONDITIONAL_GEOMETRY_NOT_EVENT_LOCATION
781,79.89349747,42.75987473,9308.947599,5654.187903,-3654.759696,False,False,False,False,DERIVED_CONDITIONAL_GEOMETRY_NOT_EVENT_LOCATION
782,79.91320038,42.75372772,9307.595366,5653.779250,-3653.816115,False,False,False,False,DERIVED_CONDITIONAL_GEOMETRY_NOT_EVENT_LOCATION
783,79.93290329,42.74758072,9306.243338,5653.371390,-3652.871948,False,False,False,False,DERIVED_CONDITIONAL_GEOMETRY_NOT_EVENT_LOCATION
784,79.95260620,42.74143372,9304.891516,5652.964322,-3651.927194,False,False,False,False,DERIVED_CONDITIONAL_GEOMETRY_NOT_EVENT_LOCATION
785,79.97230911,42.73528671,9303.539901,5652.558047,-3650.981853,False,False,False,False,DERIVED_CONDITIONAL_GEOMETRY_NOT_EVENT_LOCATION
786,79.99201202,42.72913971,9302.188491,5652.152565,-3650.035926,False,False,False,False,DERIVED_CONDITIONAL_GEOMETRY_NOT_EVENT_LOCATION
787,80.01171494,42.72299271,9300.837289,5651.747877,-3649.089411,False,False,False,False,DERIVED_CONDITIONAL_GEOMETRY_NOT_EVENT_LOCATION
788,80.03141785,42.71684570,9299.486292,5651.343983,-3648.142310,False,False,False,False,DERIVED_CONDITIONAL_GEOMETRY_NOT_EVENT_LOCATION
789,80.05112076,42.71069870,9298.135503,5650.940882,-3647.194621,False,False,False,False,DERIVED_CONDITIONAL_GEOMETRY_NOT_EVENT_LOCATION
790,80.07082367,42.70455170,9296.784921,5650.538576,-3646.246345,False,False,False,False,DERIVED_CONDITIONAL_GEOMETRY_NOT_EVENT_LOCATION
791,80.09052658,42.69840469,9295.434546,5650.137065,-3645.297481,False,False,False,False,DERIVED_CONDITIONAL_GEOMETRY_NOT_EVENT_LOCATION
792,80.11022949,42.69225769,9294.084378,5649.736348,-3644.348030,False,False,False,False,DERIVED_CONDITIONAL_GEOMETRY_NOT_EVENT_LOCATION
793,80.12993240,42.68611069,9292.734419,5649.336427,-3643.397992,False,False,False,False,DERIVED_CONDITIONAL_GEOMETRY_NOT_EVENT_LOCATION
794,80.14963531,42.67996368,9291.384666,5648.937301,-3642.447365,False,False,False,False,DERIVED_CONDITIONAL_GEOMETRY_NOT_EVENT_LOCATION
795,80.16933823,42.67381668,9290.035122,5648.538971,-3641.496151,False,False,False,False,DERIVED_CONDITIONAL_GEOMETRY_NOT_EVENT_LOCATION
796,80.18904114,42.66766968,9288.685786,5648.141438,-3640.544349,False,False,False,False,DERIVED_CONDITIONAL_GEOMETRY_NOT_EVENT_LOCATION
797,80.20874405,42.66152267,9287.336659,5647.744700,-3639.591959,False,False,False,False,DERIVED_CONDITIONAL_GEOMETRY_NOT_EVENT_LOCATION
798,80.22844696,42.65537567,9285.987740,5647.348760,-3638.638980,False,False,False,False,DERIVED_CONDITIONAL_GEOMETRY_NOT_EVENT_LOCATION
799,80.24814987,42.64922867,9284.639030,5646.953616,-3637.685414,False,False,False,False,DERIVED_CONDITIONAL_GEOMETRY_NOT_EVENT_LOCATION
800,80.26785278,42.64308167,9283.290528,5646.559270,-3636.731259,False,False,False,False,DERIVED_CONDITIONAL_GEOMETRY_NOT_EVENT_LOCATION
801,80.28755569,42.63693466,9281.942236,5646.165721,-3635.776515,False,False,False,False,DERIVED_CONDITIONAL_GEOMETRY_NOT_EVENT_LOCATION
802,80.30725861,42.63078766,9280.594153,5645.772970,-3634.821183,False,False,False,False,DERIVED_CONDITIONAL_GEOMETRY_NOT_EVENT_LOCATION
803,80.32696152,42.62464066,9279.246280,5645.381018,-3633.865262,False,False,False,False,DERIVED_CONDITIONAL_GEOMETRY_NOT_EVENT_LOCATION
804,80.34666443,42.61849365,9277.898616,5644.989863,-3632.908753,False,False,False,False,DERIVED_CONDITIONAL_GEOMETRY_NOT_EVENT_LOCATION
805,80.36636734,42.61234665,9276.551163,5644.599508,-3631.951655,False,False,False,False,DERIVED_CONDITIONAL_GEOMETRY_NOT_EVENT_LOCATION
806,80.38607025,42.60619965,9275.203919,5644.209952,-3630.993967,False,False,False,False,DERIVED_CONDITIONAL_GEOMETRY_NOT_EVENT_LOCATION
807,80.40577316,42.60005264,9273.856885,5643.821195,-3630.035691,False,False,False,False,DERIVED_CONDITIONAL_GEOMETRY_NOT_EVENT_LOCATION
808,80.42547607,42.59390564,9272.510062,5643.433237,-3629.076825,False,False,False,False,DERIVED_CONDITIONAL_GEOMETRY_NOT_EVENT_LOCATION
809,80.44517899,42.58775864,9271.163450,5643.046080,-3628.117370,False,False,False,False,DERIVED_CONDITIONAL_GEOMETRY_NOT_EVENT_LOCATION
810,80.46488190,42.58161163,9269.817048,5642.659723,-3627.157325,False,False,False,False,DERIVED_CONDITIONAL_GEOMETRY_NOT_EVENT_LOCATION
811,80.48458481,42.57546463,9268.470857,5642.274166,-3626.196692,False,False,False,False,DERIVED_CONDITIONAL_GEOMETRY_NOT_EVENT_LOCATION
812,80.50428772,42.56931763,9267.124878,5641.889410,-3625.235468,False,False,False,False,DERIVED_CONDITIONAL_GEOMETRY_NOT_EVENT_LOCATION
813,80.52399063,42.56317062,9265.779110,5641.505455,-3624.273655,False,False,False,False,DERIVED_CONDITIONAL_GEOMETRY_NOT_EVENT_LOCATION
814,80.54369354,42.55702362,9264.433553,5641.122302,-3623.311252,False,False,False,False,DERIVED_CONDITIONAL_GEOMETRY_NOT_EVENT_LOCATION
815,80.56339645,42.55087662,9263.088209,5640.739950,-3622.348259,False,False,False,False,DERIVED_CONDITIONAL_GEOMETRY_NOT_EVENT_LOCATION
816,80.58309937,42.54472961,9261.743076,5640.358400,-3621.384676,False,False,False,False,DERIVED_CONDITIONAL_GEOMETRY_NOT_EVENT_LOCATION
817,80.60280228,42.53858261,9260.398155,5639.977653,-3620.420503,False,False,False,False,DERIVED_CONDITIONAL_GEOMETRY_NOT_EVENT_LOCATION
818,80.62250519,42.53243561,9259.053447,5639.597707,-3619.455739,False,False,False,False,DERIVED_CONDITIONAL_GEOMETRY_NOT_EVENT_LOCATION
819,80.64220810,42.52628860,9257.708951,5639.218565,-3618.490386,False,False,False,False,DERIVED_CONDITIONAL_GEOMETRY_NOT_EVENT_LOCATION
820,80.66191101,42.52014160,9256.364668,5638.840226,-3617.524442,False,False,False,False,DERIVED_CONDITIONAL_GEOMETRY_NOT_EVENT_LOCATION
821,80.68186090,42.51353259,9254.965642,5638.415877,-3616.549765,False,False,False,False,DERIVED_CONDITIONAL_GEOMETRY_NOT_EVENT_LOCATION
822,80.70181079,42.50692358,9253.566825,5637.992360,-3615.574465,False,False,False,False,DERIVED_CONDITIONAL_GEOMETRY_NOT_EVENT_LOCATION
823,80.72176068,42.50031457,9252.168216,5637.569674,-3614.598542,False,False,False,False,DERIVED_CONDITIONAL_GEOMETRY_NOT_EVENT_LOCATION
824,80.74171057,42.49370555,9250.769816,5637.147820,-3613.621996,False,False,False,False,DERIVED_CONDITIONAL_GEOMETRY_NOT_EVENT_LOCATION
825,80.76166045,42.48709654,9249.371626,5636.726798,-3612.644828,False,False,False,False,DERIVED_CONDITIONAL_GEOMETRY_NOT_EVENT_LOCATION
826,80.78161034,42.48048753,9247.973644,5636.306608,-3611.667036,False,False,False,False,DERIVED_CONDITIONAL_GEOMETRY_NOT_EVENT_LOCATION
827,80.80156023,42.47387852,9246.575872,5635.887251,-3610.688621,False,False,False,False,DERIVED_CONDITIONAL_GEOMETRY_NOT_EVENT_LOCATION
828,80.82151012,42.46726951,9245.178310,5635.468727,-3609.709582,False,False,False,False,DERIVED_CONDITIONAL_GEOMETRY_NOT_EVENT_LOCATION
829,80.84146001,42.46066049,9243.780957,5635.051037,-3608.729920,False,False,False,False,DERIVED_CONDITIONAL_GEOMETRY_NOT_EVENT_LOCATION
830,80.86140990,42.45405148,9242.383815,5634.634180,-3607.749635,False,False,False,False,DERIVED_CONDITIONAL_GEOMETRY_NOT_EVENT_LOCATION
831,80.88135979,42.44744247,9240.986883,5634.218157,-3606.768725,False,False,False,False,DERIVED_CONDITIONAL_GEOMETRY_NOT_EVENT_LOCATION
832,80.90130967,42.44083346,9239.590161,5633.802969,-3605.787192,False,False,False,False,DERIVED_CONDITIONAL_GEOMETRY_NOT_EVENT_LOCATION
833,80.92125956,42.43422445,9238.193650,5633.388615,-3604.805035,False,False,False,False,DERIVED_CONDITIONAL_GEOMETRY_NOT_EVENT_LOCATION
834,80.94120945,42.42761543,9236.797350,5632.975096,-3603.822254,False,False,False,False,DERIVED_CONDITIONAL_GEOMETRY_NOT_EVENT_LOCATION
835,80.96115934,42.42100642,9235.401261,5632.562413,-3602.838848,False,False,False,False,DERIVED_CONDITIONAL_GEOMETRY_NOT_EVENT_LOCATION
836,80.98110923,42.41439741,9234.005383,5632.150565,-3601.854818,False,False,False,False,DERIVED_CONDITIONAL_GEOMETRY_NOT_EVENT_LOCATION
837,81.00105912,42.40778840,9232.609717,5631.739553,-3600.870164,False,False,False,False,DERIVED_CONDITIONAL_GEOMETRY_NOT_EVENT_LOCATION
838,81.02100901,42.40117939,9231.214262,5631.329378,-3599.884885,False,False,False,False,DERIVED_CONDITIONAL_GEOMETRY_NOT_EVENT_LOCATION
839,81.04095889,42.39457038,9229.819020,5630.920039,-3598.898981,False,False,False,False,DERIVED_CONDITIONAL_GEOMETRY_NOT_EVENT_LOCATION
840,81.06090878,42.38796136,9228.423989,5630.511537,-3597.912453,False,False,False,False,DERIVED_CONDITIONAL_GEOMETRY_NOT_EVENT_LOCATION
841,81.08085867,42.38135235,9227.029171,5630.103872,-3596.925299,False,False,False,False,DERIVED_CONDITIONAL_GEOMETRY_NOT_EVENT_LOCATION
842,81.10080856,42.37474334,9225.634565,5629.697045,-3595.937521,False,False,False,False,DERIVED_CONDITIONAL_GEOMETRY_NOT_EVENT_LOCATION
843,81.12075845,42.36813433,9224.240172,5629.291055,-3594.949117,False,False,False,False,DERIVED_CONDITIONAL_GEOMETRY_NOT_EVENT_LOCATION
844,81.14070834,42.36152532,9222.845992,5628.885904,-3593.960088,False,False,False,False,DERIVED_CONDITIONAL_GEOMETRY_NOT_EVENT_LOCATION
845,81.16065823,42.35491630,9221.452025,5628.481591,-3592.970434,False,False,False,False,DERIVED_CONDITIONAL_GEOMETRY_NOT_EVENT_LOCATION
846,81.18060811,42.34830729,9220.058272,5628.078117,-3591.980155,False,False,False,False,DERIVED_CONDITIONAL_GEOMETRY_NOT_EVENT_LOCATION
847,81.20055800,42.34169828,9218.664731,5627.675482,-3590.989249,False,False,False,False,DERIVED_CONDITIONAL_GEOMETRY_NOT_EVENT_LOCATION
848,81.22050789,42.33508927,9217.271405,5627.273687,-3589.997718,False,False,False,False,DERIVED_CONDITIONAL_GEOMETRY_NOT_EVENT_LOCATION
849,81.24045778,42.32848026,9215.878293,5626.872731,-3589.005561,False,False,False,False,DERIVED_CONDITIONAL_GEOMETRY_NOT_EVENT_LOCATION
850,81.26040767,42.32187124,9214.485394,5626.472616,-3588.012778,False,False,False,False,DERIVED_CONDITIONAL_GEOMETRY_NOT_EVENT_LOCATION
851,81.28035756,42.31526223,9213.092710,5626.073341,-3587.019370,False,False,False,False,DERIVED_CONDITIONAL_GEOMETRY_NOT_EVENT_LOCATION
852,81.30030745,42.30865322,9211.700241,5625.674906,-3586.025335,False,False,False,False,DERIVED_CONDITIONAL_GEOMETRY_NOT_EVENT_LOCATION
853,81.32025733,42.30204421,9210.307986,5625.277313,-3585.030673,False,False,False,False,DERIVED_CONDITIONAL_GEOMETRY_NOT_EVENT_LOCATION
854,81.34020722,42.29543520,9208.915946,5624.880561,-3584.035386,False,False,False,False,DERIVED_CONDITIONAL_GEOMETRY_NOT_EVENT_LOCATION
855,81.36015711,42.28882618,9207.524121,5624.484650,-3583.039471,False,False,False,False,DERIVED_CONDITIONAL_GEOMETRY_NOT_EVENT_LOCATION
856,81.38010700,42.28221717,9206.132512,5624.089581,-3582.042931,False,False,False,False,DERIVED_CONDITIONAL_GEOMETRY_NOT_EVENT_LOCATION
857,81.40005689,42.27560816,9204.741118,5623.695355,-3581.045763,False,False,False,False,DERIVED_CONDITIONAL_GEOMETRY_NOT_EVENT_LOCATION
858,81.42000678,42.26899915,9203.349940,5623.301972,-3580.047969,False,False,False,False,DERIVED_CONDITIONAL_GEOMETRY_NOT_EVENT_LOCATION
859,81.43995667,42.26239014,9201.958978,5622.909431,-3579.049548,False,False,False,False,DERIVED_CONDITIONAL_GEOMETRY_NOT_EVENT_LOCATION
860,81.45963933,42.25548143,9200.548233,5622.480680,-3578.067553,False,False,False,False,DERIVED_CONDITIONAL_GEOMETRY_NOT_EVENT_LOCATION
861,81.47932199,42.24857272,9199.137688,5622.052758,-3577.084930,False,False,False,False,DERIVED_CONDITIONAL_GEOMETRY_NOT_EVENT_LOCATION
862,81.49900466,42.24166401,9197.727344,5621.625665,-3576.101679,False,False,False,False,DERIVED_CONDITIONAL_GEOMETRY_NOT_EVENT_LOCATION
863,81.51868732,42.23475530,9196.317201,5621.199401,-3575.117800,False,False,False,False,DERIVED_CONDITIONAL_GEOMETRY_NOT_EVENT_LOCATION
864,81.53836999,42.22784659,9194.907260,5620.773968,-3574.133292,False,False,False,False,DERIVED_CONDITIONAL_GEOMETRY_NOT_EVENT_LOCATION
865,81.55805265,42.22093788,9193.497521,5620.349365,-3573.148156,False,False,False,False,DERIVED_CONDITIONAL_GEOMETRY_NOT_EVENT_LOCATION
866,81.57773531,42.21402917,9192.087983,5619.925592,-3572.162391,False,False,False,False,DERIVED_CONDITIONAL_GEOMETRY_NOT_EVENT_LOCATION
867,81.59741798,42.20712046,9190.678647,5619.502651,-3571.175997,False,False,False,False,DERIVED_CONDITIONAL_GEOMETRY_NOT_EVENT_LOCATION
868,81.61710064,42.20021175,9189.269514,5619.080540,-3570.188974,False,False,False,False,DERIVED_CONDITIONAL_GEOMETRY_NOT_EVENT_LOCATION
869,81.63678331,42.19330303,9187.860583,5618.659261,-3569.201322,False,False,False,False,DERIVED_CONDITIONAL_GEOMETRY_NOT_EVENT_LOCATION
870,81.65646597,42.18639432,9186.451855,5618.238814,-3568.213041,False,False,False,False,DERIVED_CONDITIONAL_GEOMETRY_NOT_EVENT_LOCATION
871,81.67614863,42.17948561,9185.043330,5617.819199,-3567.224131,False,False,False,False,DERIVED_CONDITIONAL_GEOMETRY_NOT_EVENT_LOCATION
872,81.69583130,42.17257690,9183.635008,5617.400417,-3566.234591,False,False,False,False,DERIVED_CONDITIONAL_GEOMETRY_NOT_EVENT_LOCATION
873,81.71551396,42.16566819,9182.226889,5616.982467,-3565.244421,False,False,False,False,DERIVED_CONDITIONAL_GEOMETRY_NOT_EVENT_LOCATION
874,81.73519663,42.15875948,9180.818973,5616.565351,-3564.253622,False,False,False,False,DERIVED_CONDITIONAL_GEOMETRY_NOT_EVENT_LOCATION
875,81.75487929,42.15185077,9179.411261,5616.149068,-3563.262193,False,False,False,False,DERIVED_CONDITIONAL_GEOMETRY_NOT_EVENT_LOCATION
876,81.77456196,42.14494206,9178.003753,5615.733619,-3562.270135,False,False,False,False,DERIVED_CONDITIONAL_GEOMETRY_NOT_EVENT_LOCATION
877,81.79424462,42.13803335,9176.596450,5615.319004,-3561.277446,False,False,False,False,DERIVED_CONDITIONAL_GEOMETRY_NOT_EVENT_LOCATION
878,81.81392728,42.13112464,9175.189350,5614.905223,-3560.284127,False,False,False,False,DERIVED_CONDITIONAL_GEOMETRY_NOT_EVENT_LOCATION
879,81.83360995,42.12421593,9173.782455,5614.492277,-3559.290178,False,False,False,False,DERIVED_CONDITIONAL_GEOMETRY_NOT_EVENT_LOCATION
880,81.85329261,42.11730722,9172.375765,5614.080167,-3558.295598,False,False,False,False,DERIVED_CONDITIONAL_GEOMETRY_NOT_EVENT_LOCATION
881,81.87297528,42.11039851,9170.969279,5613.668891,-3557.300388,False,False,False,False,DERIVED_CONDITIONAL_GEOMETRY_NOT_EVENT_LOCATION
882,81.89265794,42.10348980,9169.562999,5613.258451,-3556.304547,False,False,False,False,DERIVED_CONDITIONAL_GEOMETRY_NOT_EVENT_LOCATION
883,81.91234060,42.09658109,9168.156924,5612.848848,-3555.308076,False,False,False,False,DERIVED_CONDITIONAL_GEOMETRY_NOT_EVENT_LOCATION
884,81.93202327,42.08967238,9166.751054,5612.440081,-3554.310974,False,False,False,False,DERIVED_CONDITIONAL_GEOMETRY_NOT_EVENT_LOCATION
885,81.95170593,42.08276367,9165.345390,5612.032150,-3553.313240,False,False,False,False,DERIVED_CONDITIONAL_GEOMETRY_NOT_EVENT_LOCATION
886,81.97138860,42.07585496,9163.939932,5611.625056,-3552.314876,False,False,False,False,DERIVED_CONDITIONAL_GEOMETRY_NOT_EVENT_LOCATION
887,81.99107126,42.06894625,9162.534680,5611.218800,-3551.315881,False,False,False,False,DERIVED_CONDITIONAL_GEOMETRY_NOT_EVENT_LOCATION
888,82.01075393,42.06203754,9161.129635,5610.813381,-3550.316254,False,False,False,False,DERIVED_CONDITIONAL_GEOMETRY_NOT_EVENT_LOCATION
889,82.03043659,42.05512883,9159.724796,5610.408800,-3549.315996,False,False,False,False,DERIVED_CONDITIONAL_GEOMETRY_NOT_EVENT_LOCATION
890,82.05011925,42.04822012,9158.320164,5610.005058,-3548.315106,False,False,False,False,DERIVED_CONDITIONAL_GEOMETRY_NOT_EVENT_LOCATION
891,82.06980192,42.04131141,9156.915738,5609.602154,-3547.313584,False,False,False,False,DERIVED_CONDITIONAL_GEOMETRY_NOT_EVENT_LOCATION
892,82.08948458,42.03440270,9155.511520,5609.200089,-3546.311431,False,False,False,False,DERIVED_CONDITIONAL_GEOMETRY_NOT_EVENT_LOCATION
893,82.10916725,42.02749399,9154.107509,5608.798863,-3545.308646,False,False,False,False,DERIVED_CONDITIONAL_GEOMETRY_NOT_EVENT_LOCATION
894,82.12884991,42.02058528,9152.703706,5608.398476,-3544.305229,False,False,False,False,DERIVED_CONDITIONAL_GEOMETRY_NOT_EVENT_LOCATION
895,82.14853257,42.01367657,9151.300110,5607.998930,-3543.301180,False,False,False,False,DERIVED_CONDITIONAL_GEOMETRY_NOT_EVENT_LOCATION
896,82.16821524,42.00676786,9149.896722,5607.600223,-3542.296499,False,False,False,False,DERIVED_CONDITIONAL_GEOMETRY_NOT_EVENT_LOCATION
897,82.18789790,41.99985915,9148.493543,5607.202357,-3541.291186,False,False,False,False,DERIVED_CONDITIONAL_GEOMETRY_NOT_EVENT_LOCATION
898,82.20758057,41.99295044,9147.090572,5606.805332,-3540.285240,False,False,False,False,DERIVED_CONDITIONAL_GEOMETRY_NOT_EVENT_LOCATION
899,82.22750051,41.98555876,9145.630938,5606.360999,-3539.269939,False,False,False,False,DERIVED_CONDITIONAL_GEOMETRY_NOT_EVENT_LOCATION
900,82.24742046,41.97816708,9144.171508,5605.917538,-3538.253971,False,False,False,False,DERIVED_CONDITIONAL_GEOMETRY_NOT_EVENT_LOCATION
901,82.26734041,41.97077540,9142.712283,5605.474947,-3537.237336,False,False,False,False,DERIVED_CONDITIONAL_GEOMETRY_NOT_EVENT_LOCATION
902,82.28726036,41.96338372,9141.253261,5605.033228,-3536.220033,False,False,False,False,DERIVED_CONDITIONAL_GEOMETRY_NOT_EVENT_LOCATION
903,82.30718030,41.95599205,9139.794444,5604.592381,-3535.202064,False,False,False,False,DERIVED_CONDITIONAL_GEOMETRY_NOT_EVENT_LOCATION
904,82.32710025,41.94860037,9138.335832,5604.152406,-3534.183427,False,False,False,False,DERIVED_CONDITIONAL_GEOMETRY_NOT_EVENT_LOCATION
905,82.34702020,41.94120869,9136.877425,5603.713303,-3533.164122,False,False,False,False,DERIVED_CONDITIONAL_GEOMETRY_NOT_EVENT_LOCATION
906,82.36694015,41.93381701,9135.419223,5603.275073,-3532.144149,False,False,False,False,DERIVED_CONDITIONAL_GEOMETRY_NOT_EVENT_LOCATION
907,82.38686009,41.92642533,9133.961226,5602.837717,-3531.123509,False,False,False,False,DERIVED_CONDITIONAL_GEOMETRY_NOT_EVENT_LOCATION
908,82.40678004,41.91903365,9132.503435,5602.401234,-3530.102201,False,False,False,False,DERIVED_CONDITIONAL_GEOMETRY_NOT_EVENT_LOCATION
909,82.42669999,41.91164197,9131.045849,5601.965625,-3529.080224,False,False,False,False,DERIVED_CONDITIONAL_GEOMETRY_NOT_EVENT_LOCATION
910,82.44661994,41.90425030,9129.588470,5601.530891,-3528.057579,False,False,False,False,DERIVED_CONDITIONAL_GEOMETRY_NOT_EVENT_LOCATION
911,82.46653988,41.89685862,9128.131297,5601.097031,-3527.034266,False,False,False,False,DERIVED_CONDITIONAL_GEOMETRY_NOT_EVENT_LOCATION
912,82.48645983,41.88946694,9126.674330,5600.664046,-3526.010284,False,False,False,False,DERIVED_CONDITIONAL_GEOMETRY_NOT_EVENT_LOCATION
913,82.50637978,41.88207526,9125.217570,5600.231936,-3524.985634,False,False,False,False,DERIVED_CONDITIONAL_GEOMETRY_NOT_EVENT_LOCATION
914,82.52629973,41.87468358,9123.761017,5599.800702,-3523.960315,False,False,False,False,DERIVED_CONDITIONAL_GEOMETRY_NOT_EVENT_LOCATION
915,82.54621968,41.86729190,9122.304671,5599.370344,-3522.934327,False,False,False,False,DERIVED_CONDITIONAL_GEOMETRY_NOT_EVENT_LOCATION
916,82.56613962,41.85990022,9120.848533,5598.940863,-3521.907670,False,False,False,False,DERIVED_CONDITIONAL_GEOMETRY_NOT_EVENT_LOCATION
917,82.58605957,41.85250854,9119.392601,5598.512258,-3520.880343,False,False,False,False,DERIVED_CONDITIONAL_GEOMETRY_NOT_EVENT_LOCATION
918,82.60597952,41.84511687,9117.936878,5598.084531,-3519.852348,False,False,False,False,DERIVED_CONDITIONAL_GEOMETRY_NOT_EVENT_LOCATION
919,82.62589947,41.83772519,9116.481363,5597.657680,-3518.823683,False,False,False,False,DERIVED_CONDITIONAL_GEOMETRY_NOT_EVENT_LOCATION
920,82.64581941,41.83033351,9115.026056,5597.231708,-3517.794348,False,False,False,False,DERIVED_CONDITIONAL_GEOMETRY_NOT_EVENT_LOCATION
921,82.66573936,41.82294183,9113.570957,5596.806613,-3516.764344,False,False,False,False,DERIVED_CONDITIONAL_GEOMETRY_NOT_EVENT_LOCATION
922,82.68565931,41.81555015,9112.116067,5596.382398,-3515.733669,False,False,False,False,DERIVED_CONDITIONAL_GEOMETRY_NOT_EVENT_LOCATION
923,82.70557926,41.80815847,9110.661386,5595.959060,-3514.702325,False,False,False,False,DERIVED_CONDITIONAL_GEOMETRY_NOT_EVENT_LOCATION
924,82.72549920,41.80076679,9109.206914,5595.536602,-3513.670311,False,False,False,False,DERIVED_CONDITIONAL_GEOMETRY_NOT_EVENT_LOCATION
925,82.74541915,41.79337512,9107.752651,5595.115024,-3512.637627,False,False,False,False,DERIVED_CONDITIONAL_GEOMETRY_NOT_EVENT_LOCATION
926,82.76533910,41.78598344,9106.298598,5594.694325,-3511.604272,False,False,False,False,DERIVED_CONDITIONAL_GEOMETRY_NOT_EVENT_LOCATION
927,82.78525905,41.77859176,9104.844754,5594.274507,-3510.570247,False,False,False,False,DERIVED_CONDITIONAL_GEOMETRY_NOT_EVENT_LOCATION
928,82.80517899,41.77120008,9103.391121,5593.855569,-3509.535552,False,False,False,False,DERIVED_CONDITIONAL_GEOMETRY_NOT_EVENT_LOCATION
929,82.82509894,41.76380840,9101.937697,5593.437512,-3508.500185,False,False,False,False,DERIVED_CONDITIONAL_GEOMETRY_NOT_EVENT_LOCATION
930,82.84501889,41.75641672,9100.484484,5593.020336,-3507.464148,False,False,False,False,DERIVED_CONDITIONAL_GEOMETRY_NOT_EVENT_LOCATION
931,82.86493884,41.74902504,9099.031482,5592.604042,-3506.427440,False,False,False,False,DERIVED_CONDITIONAL_GEOMETRY_NOT_EVENT_LOCATION
932,82.88485878,41.74163337,9097.578690,5592.188629,-3505.390061,False,False,False,False,DERIVED_CONDITIONAL_GEOMETRY_NOT_EVENT_LOCATION
933,82.90477873,41.73424169,9096.126110,5591.774099,-3504.352011,False,False,False,False,DERIVED_CONDITIONAL_GEOMETRY_NOT_EVENT_LOCATION
934,82.92469868,41.72685001,9094.673741,5591.360451,-3503.313289,False,False,False,False,DERIVED_CONDITIONAL_GEOMETRY_NOT_EVENT_LOCATION
935,82.94461863,41.71945833,9093.221583,5590.947687,-3502.273896,False,False,False,False,DERIVED_CONDITIONAL_GEOMETRY_NOT_EVENT_LOCATION
936,82.96453857,41.71206665,9091.769637,5590.535805,-3501.233832,False,False,False,False,DERIVED_CONDITIONAL_GEOMETRY_NOT_EVENT_LOCATION
937,82.98417061,41.70437783,9090.298303,5590.087077,-3500.211226,False,False,False,False,DERIVED_CONDITIONAL_GEOMETRY_NOT_EVENT_LOCATION
938,83.00380265,41.69668900,9088.827165,5589.639217,-3499.187948,False,False,False,False,DERIVED_CONDITIONAL_GEOMETRY_NOT_EVENT_LOCATION
939,83.02343469,41.68900018,9087.356224,5589.192226,-3498.163998,False,False,False,False,DERIVED_CONDITIONAL_GEOMETRY_NOT_EVENT_LOCATION
940,83.04306673,41.68131136,9085.885479,5588.746104,-3497.139375,False,False,False,False,DERIVED_CONDITIONAL_GEOMETRY_NOT_EVENT_LOCATION
941,83.06269877,41.67362253,9084.414932,5588.300851,-3496.114081,False,False,False,False,DERIVED_CONDITIONAL_GEOMETRY_NOT_EVENT_LOCATION
942,83.08233080,41.66593371,9082.944581,5587.856468,-3495.088113,False,False,False,False,DERIVED_CONDITIONAL_GEOMETRY_NOT_EVENT_LOCATION
943,83.10196284,41.65824489,9081.474428,5587.412955,-3494.061474,False,False,False,False,DERIVED_CONDITIONAL_GEOMETRY_NOT_EVENT_LOCATION
944,83.12159488,41.65055606,9080.004473,5586.970312,-3493.034161,False,False,False,False,DERIVED_CONDITIONAL_GEOMETRY_NOT_EVENT_LOCATION
945,83.14122692,41.64286724,9078.534715,5586.528540,-3492.006175,False,False,False,False,DERIVED_CONDITIONAL_GEOMETRY_NOT_EVENT_LOCATION
946,83.16085896,41.63517842,9077.065156,5586.087639,-3490.977517,False,False,False,False,DERIVED_CONDITIONAL_GEOMETRY_NOT_EVENT_LOCATION
947,83.18049100,41.62748959,9075.595795,5585.647610,-3489.948185,False,False,False,False,DERIVED_CONDITIONAL_GEOMETRY_NOT_EVENT_LOCATION
948,83.20012303,41.61980077,9074.126632,5585.208452,-3488.918180,False,False,False,False,DERIVED_CONDITIONAL_GEOMETRY_NOT_EVENT_LOCATION
949,83.21975507,41.61211194,9072.657668,5584.770166,-3487.887501,False,False,False,False,DERIVED_CONDITIONAL_GEOMETRY_NOT_EVENT_LOCATION
950,83.23938711,41.60442312,9071.188903,5584.332753,-3486.856149,False,False,False,False,DERIVED_CONDITIONAL_GEOMETRY_NOT_EVENT_LOCATION
951,83.25901915,41.59673430,9069.720337,5583.896213,-3485.824124,False,False,False,False,DERIVED_CONDITIONAL_GEOMETRY_NOT_EVENT_LOCATION
952,83.27865119,41.58904547,9068.251970,5583.460546,-3484.791424,False,False,False,False,DERIVED_CONDITIONAL_GEOMETRY_NOT_EVENT_LOCATION
953,83.29828323,41.58135665,9066.783803,5583.025752,-3483.758050,False,False,False,False,DERIVED_CONDITIONAL_GEOMETRY_NOT_EVENT_LOCATION
954,83.31791526,41.57366783,9065.315836,5582.591833,-3482.724003,False,False,False,False,DERIVED_CONDITIONAL_GEOMETRY_NOT_EVENT_LOCATION
955,83.33754730,41.56597900,9063.848068,5582.158787,-3481.689281,False,False,False,False,DERIVED_CONDITIONAL_GEOMETRY_NOT_EVENT_LOCATION
956,83.35717934,41.55829018,9062.380501,5581.726616,-3480.653885,False,False,False,False,DERIVED_CONDITIONAL_GEOMETRY_NOT_EVENT_LOCATION
957,83.37681138,41.55060136,9060.913135,5581.295320,-3479.617814,False,False,False,False,DERIVED_CONDITIONAL_GEOMETRY_NOT_EVENT_LOCATION
958,83.39644342,41.54291253,9059.445969,5580.864900,-3478.581069,False,False,False,False,DERIVED_CONDITIONAL_GEOMETRY_NOT_EVENT_LOCATION
959,83.41607546,41.53522371,9057.979003,5580.435355,-3477.543649,False,False,False,False,DERIVED_CONDITIONAL_GEOMETRY_NOT_EVENT_LOCATION
960,83.43570749,41.52753489,9056.512239,5580.006686,-3476.505554,False,False,False,False,DERIVED_CONDITIONAL_GEOMETRY_NOT_EVENT_LOCATION
961,83.45533953,41.51984606,9055.045677,5579.578893,-3475.466784,False,False,False,False,DERIVED_CONDITIONAL_GEOMETRY_NOT_EVENT_LOCATION
962,83.47497157,41.51215724,9053.579315,5579.151976,-3474.427339,False,False,False,False,DERIVED_CONDITIONAL_GEOMETRY_NOT_EVENT_LOCATION
963,83.49460361,41.50446842,9052.113156,5578.725937,-3473.387219,False,False,False,False,DERIVED_CONDITIONAL_GEOMETRY_NOT_EVENT_LOCATION
964,83.51423565,41.49677959,9050.647199,5578.300775,-3472.346423,False,False,False,False,DERIVED_CONDITIONAL_GEOMETRY_NOT_EVENT_LOCATION
965,83.53386769,41.48909077,9049.181443,5577.876491,-3471.304952,False,False,False,False,DERIVED_CONDITIONAL_GEOMETRY_NOT_EVENT_LOCATION
966,83.55349972,41.48140195,9047.715890,5577.453085,-3470.262805,False,False,False,False,DERIVED_CONDITIONAL_GEOMETRY_NOT_EVENT_LOCATION
967,83.57313176,41.47371312,9046.250540,5577.030557,-3469.219983,False,False,False,False,DERIVED_CONDITIONAL_GEOMETRY_NOT_EVENT_LOCATION
968,83.59276380,41.46602430,9044.785393,5576.608908,-3468.176485,False,False,False,False,DERIVED_CONDITIONAL_GEOMETRY_NOT_EVENT_LOCATION
969,83.61239584,41.45833547,9043.320448,5576.188138,-3467.132311,False,False,False,False,DERIVED_CONDITIONAL_GEOMETRY_NOT_EVENT_LOCATION
970,83.63202788,41.45064665,9041.855707,5575.768247,-3466.087460,False,False,False,False,DERIVED_CONDITIONAL_GEOMETRY_NOT_EVENT_LOCATION
971,83.65165992,41.44295783,9040.391170,5575.349236,-3465.041934,False,False,False,False,DERIVED_CONDITIONAL_GEOMETRY_NOT_EVENT_LOCATION
972,83.67129195,41.43526900,9038.926836,5574.931105,-3463.995731,False,False,False,False,DERIVED_CONDITIONAL_GEOMETRY_NOT_EVENT_LOCATION
973,83.69092399,41.42758018,9037.462706,5574.513855,-3462.948851,False,False,False,False,DERIVED_CONDITIONAL_GEOMETRY_NOT_EVENT_LOCATION
974,83.71055603,41.41989136,9035.998780,5574.097485,-3461.901295,False,False,False,False,DERIVED_CONDITIONAL_GEOMETRY_NOT_EVENT_LOCATION
975,83.73041596,41.41169698,9034.476060,5573.632380,-3460.843681,False,False,False,False,DERIVED_CONDITIONAL_GEOMETRY_NOT_EVENT_LOCATION
976,83.75027590,41.40350259,9032.953540,5573.168187,-3459.785353,False,False,False,False,DERIVED_CONDITIONAL_GEOMETRY_NOT_EVENT_LOCATION
977,83.77013583,41.39530821,9031.431219,5572.704908,-3458.726311,False,False,False,False,DERIVED_CONDITIONAL_GEOMETRY_NOT_EVENT_LOCATION
978,83.78999576,41.38711383,9029.909098,5572.242543,-3457.666555,False,False,False,False,DERIVED_CONDITIONAL_GEOMETRY_NOT_EVENT_LOCATION
979,83.80985569,41.37891945,9028.387177,5571.781092,-3456.606085,False,False,False,False,DERIVED_CONDITIONAL_GEOMETRY_NOT_EVENT_LOCATION
980,83.82971563,41.37072506,9026.865457,5571.320555,-3455.544901,False,False,False,False,DERIVED_CONDITIONAL_GEOMETRY_NOT_EVENT_LOCATION
981,83.84957556,41.36253068,9025.343937,5570.860933,-3454.483003,False,False,False,False,DERIVED_CONDITIONAL_GEOMETRY_NOT_EVENT_LOCATION
982,83.86943549,41.35433630,9023.822617,5570.402227,-3453.420391,False,False,False,False,DERIVED_CONDITIONAL_GEOMETRY_NOT_EVENT_LOCATION
983,83.88929542,41.34614192,9022.301499,5569.944436,-3452.357063,False,False,False,False,DERIVED_CONDITIONAL_GEOMETRY_NOT_EVENT_LOCATION
984,83.90915536,41.33794754,9020.780582,5569.487561,-3451.293021,False,False,False,False,DERIVED_CONDITIONAL_GEOMETRY_NOT_EVENT_LOCATION
985,83.92901529,41.32975315,9019.259867,5569.031602,-3450.228265,False,False,False,False,DERIVED_CONDITIONAL_GEOMETRY_NOT_EVENT_LOCATION
986,83.94887522,41.32155877,9017.739353,5568.576560,-3449.162793,False,False,False,False,DERIVED_CONDITIONAL_GEOMETRY_NOT_EVENT_LOCATION
987,83.96873515,41.31336439,9016.219042,5568.122436,-3448.096606,False,False,False,False,DERIVED_CONDITIONAL_GEOMETRY_NOT_EVENT_LOCATION
988,83.98859509,41.30517001,9014.698932,5567.669228,-3447.029704,False,False,False,False,DERIVED_CONDITIONAL_GEOMETRY_NOT_EVENT_LOCATION
989,84.00845502,41.29697563,9013.179025,5567.216939,-3445.962086,False,False,False,False,DERIVED_CONDITIONAL_GEOMETRY_NOT_EVENT_LOCATION
990,84.02831495,41.28878124,9011.659321,5566.765568,-3444.893753,False,False,False,False,DERIVED_CONDITIONAL_GEOMETRY_NOT_EVENT_LOCATION
991,84.04817488,41.28058686,9010.139819,5566.315115,-3443.824704,False,False,False,False,DERIVED_CONDITIONAL_GEOMETRY_NOT_EVENT_LOCATION
992,84.06803482,41.27239248,9008.620521,5565.865582,-3442.754939,False,False,False,False,DERIVED_CONDITIONAL_GEOMETRY_NOT_EVENT_LOCATION
993,84.08789475,41.26419810,9007.101426,5565.416968,-3441.684458,False,False,False,False,DERIVED_CONDITIONAL_GEOMETRY_NOT_EVENT_LOCATION
994,84.10775468,41.25600371,9005.582535,5564.969273,-3440.613261,False,False,False,False,DERIVED_CONDITIONAL_GEOMETRY_NOT_EVENT_LOCATION
995,84.12761461,41.24780933,9004.063847,5564.522499,-3439.541348,False,False,False,False,DERIVED_CONDITIONAL_GEOMETRY_NOT_EVENT_LOCATION
996,84.14747455,41.23961495,9002.545364,5564.076646,-3438.468718,False,False,False,False,DERIVED_CONDITIONAL_GEOMETRY_NOT_EVENT_LOCATION
997,84.16733448,41.23142057,9001.027084,5563.631713,-3437.395372,False,False,False,False,DERIVED_CONDITIONAL_GEOMETRY_NOT_EVENT_LOCATION
998,84.18719441,41.22322619,8999.509010,5563.187701,-3436.321309,False,False,False,False,DERIVED_CONDITIONAL_GEOMETRY_NOT_EVENT_LOCATION
999,84.20705434,41.21503180,8997.991140,5562.744611,-3435.246529,False,False,False,False,DERIVED_CONDITIONAL_GEOMETRY_NOT_EVENT_LOCATION
1000,84.22691428,41.20683742,8996.473475,5562.302443,-3434.171032,False,False,False,False,DERIVED_CONDITIONAL_GEOMETRY_NOT_EVENT_LOCATION
1001,84.24677421,41.19864304,8994.956016,5561.861198,-3433.094818,False,False,False,False,DERIVED_CONDITIONAL_GEOMETRY_NOT_EVENT_LOCATION
1002,84.26663414,41.19044866,8993.438762,5561.420875,-3432.017887,False,False,False,False,DERIVED_CONDITIONAL_GEOMETRY_NOT_EVENT_LOCATION
1003,84.28649407,41.18225428,8991.921713,5560.981475,-3430.940238,False,False,False,False,DERIVED_CONDITIONAL_GEOMETRY_NOT_EVENT_LOCATION
1004,84.30635401,41.17405989,8990.404871,5560.542999,-3429.861872,False,False,False,False,DERIVED_CONDITIONAL_GEOMETRY_NOT_EVENT_LOCATION
1005,84.32621394,41.16586551,8988.888235,5560.105446,-3428.782789,False,False,False,False,DERIVED_CONDITIONAL_GEOMETRY_NOT_EVENT_LOCATION
1006,84.34607387,41.15767113,8987.371805,5559.668818,-3427.702987,False,False,False,False,DERIVED_CONDITIONAL_GEOMETRY_NOT_EVENT_LOCATION
1007,84.36593380,41.14947675,8985.855582,5559.233115,-3426.622468,False,False,False,False,DERIVED_CONDITIONAL_GEOMETRY_NOT_EVENT_LOCATION
1008,84.38579374,41.14128237,8984.339566,5558.798336,-3425.541230,False,False,False,False,DERIVED_CONDITIONAL_GEOMETRY_NOT_EVENT_LOCATION
1009,84.40565367,41.13308798,8982.823757,5558.364482,-3424.459275,False,False,False,False,DERIVED_CONDITIONAL_GEOMETRY_NOT_EVENT_LOCATION
1010,84.42551360,41.12489360,8981.308155,5557.931555,-3423.376601,False,False,False,False,DERIVED_CONDITIONAL_GEOMETRY_NOT_EVENT_LOCATION
1011,84.44537354,41.11669922,8979.792761,5557.499553,-3422.293208,False,False,False,False,DERIVED_CONDITIONAL_GEOMETRY_NOT_EVENT_LOCATION
1012,84.46492623,41.10821203,8978.258492,5557.030201,-3421.228291,False,False,False,False,DERIVED_CONDITIONAL_GEOMETRY_NOT_EVENT_LOCATION
1013,84.48447892,41.09972485,8976.724414,5556.561758,-3420.162655,False,False,False,False,DERIVED_CONDITIONAL_GEOMETRY_NOT_EVENT_LOCATION
1014,84.50403162,41.09123766,8975.190528,5556.094226,-3419.096302,False,False,False,False,DERIVED_CONDITIONAL_GEOMETRY_NOT_EVENT_LOCATION
1015,84.52358431,41.08275048,8973.656835,5555.627605,-3418.029230,False,False,False,False,DERIVED_CONDITIONAL_GEOMETRY_NOT_EVENT_LOCATION
1016,84.54313701,41.07426329,8972.123334,5555.161895,-3416.961439,False,False,False,False,DERIVED_CONDITIONAL_GEOMETRY_NOT_EVENT_LOCATION
1017,84.56268970,41.06577610,8970.590027,5554.697096,-3415.892930,False,False,False,False,DERIVED_CONDITIONAL_GEOMETRY_NOT_EVENT_LOCATION
1018,84.58224240,41.05728892,8969.056912,5554.233210,-3414.823702,False,False,False,False,DERIVED_CONDITIONAL_GEOMETRY_NOT_EVENT_LOCATION
1019,84.60179509,41.04880173,8967.523991,5553.770235,-3413.753756,False,False,False,False,DERIVED_CONDITIONAL_GEOMETRY_NOT_EVENT_LOCATION
1020,84.62134779,41.04031455,8965.991264,5553.308174,-3412.683090,False,False,False,False,DERIVED_CONDITIONAL_GEOMETRY_NOT_EVENT_LOCATION
1021,84.64090048,41.03182736,8964.458730,5552.847025,-3411.611705,False,False,False,False,DERIVED_CONDITIONAL_GEOMETRY_NOT_EVENT_LOCATION
1022,84.66045318,41.02334017,8962.926390,5552.386789,-3410.539601,False,False,False,False,DERIVED_CONDITIONAL_GEOMETRY_NOT_EVENT_LOCATION
1023,84.68000587,41.01485299,8961.394245,5551.927468,-3409.466777,False,False,False,False,DERIVED_CONDITIONAL_GEOMETRY_NOT_EVENT_LOCATION
1024,84.69955857,41.00636580,8959.862294,5551.469060,-3408.393234,False,False,False,False,DERIVED_CONDITIONAL_GEOMETRY_NOT_EVENT_LOCATION
1025,84.71911126,40.99787862,8958.330538,5551.011568,-3407.318971,False,False,False,False,DERIVED_CONDITIONAL_GEOMETRY_NOT_EVENT_LOCATION
1026,84.73866396,40.98939143,8956.798977,5550.554990,-3406.243988,False,False,False,False,DERIVED_CONDITIONAL_GEOMETRY_NOT_EVENT_LOCATION
1027,84.75821665,40.98090424,8955.267612,5550.099327,-3405.168285,False,False,False,False,DERIVED_CONDITIONAL_GEOMETRY_NOT_EVENT_LOCATION
1028,84.77776935,40.97241706,8953.736441,5549.644580,-3404.091861,False,False,False,False,DERIVED_CONDITIONAL_GEOMETRY_NOT_EVENT_LOCATION
1029,84.79732204,40.96392987,8952.205467,5549.190749,-3403.014718,False,False,False,False,DERIVED_CONDITIONAL_GEOMETRY_NOT_EVENT_LOCATION
1030,84.81687474,40.95544269,8950.674688,5548.737834,-3401.936854,False,False,False,False,DERIVED_CONDITIONAL_GEOMETRY_NOT_EVENT_LOCATION
1031,84.83642743,40.94695550,8949.144106,5548.285837,-3400.858269,False,False,False,False,DERIVED_CONDITIONAL_GEOMETRY_NOT_EVENT_LOCATION
1032,84.85598013,40.93846831,8947.613719,5547.834756,-3399.778964,False,False,False,False,DERIVED_CONDITIONAL_GEOMETRY_NOT_EVENT_LOCATION
1033,84.87553282,40.92998113,8946.083530,5547.384593,-3398.698937,False,False,False,False,DERIVED_CONDITIONAL_GEOMETRY_NOT_EVENT_LOCATION
1034,84.89508552,40.92149394,8944.553537,5546.935347,-3397.618190,False,False,False,False,DERIVED_CONDITIONAL_GEOMETRY_NOT_EVENT_LOCATION
1035,84.91463821,40.91300676,8943.023742,5546.487020,-3396.536721,False,False,False,False,DERIVED_CONDITIONAL_GEOMETRY_NOT_EVENT_LOCATION
1036,84.93419090,40.90451957,8941.494144,5546.039612,-3395.454532,False,False,False,False,DERIVED_CONDITIONAL_GEOMETRY_NOT_EVENT_LOCATION
1037,84.95374360,40.89603238,8939.964743,5545.593123,-3394.371620,False,False,False,False,DERIVED_CONDITIONAL_GEOMETRY_NOT_EVENT_LOCATION
1038,84.97329629,40.88754520,8938.435540,5545.147553,-3393.287987,False,False,False,False,DERIVED_CONDITIONAL_GEOMETRY_NOT_EVENT_LOCATION
1039,84.99284899,40.87905801,8936.906535,5544.702903,-3392.203633,False,False,False,False,DERIVED_CONDITIONAL_GEOMETRY_NOT_EVENT_LOCATION
1040,85.01240168,40.87057083,8935.377729,5544.259172,-3391.118556,False,False,False,False,DERIVED_CONDITIONAL_GEOMETRY_NOT_EVENT_LOCATION
1041,85.03195438,40.86208364,8933.849121,5543.816363,-3390.032758,False,False,False,False,DERIVED_CONDITIONAL_GEOMETRY_NOT_EVENT_LOCATION
1042,85.05150707,40.85359646,8932.320711,5543.374474,-3388.946237,False,False,False,False,DERIVED_CONDITIONAL_GEOMETRY_NOT_EVENT_LOCATION
1043,85.07105977,40.84510927,8930.792501,5542.933507,-3387.858994,False,False,False,False,DERIVED_CONDITIONAL_GEOMETRY_NOT_EVENT_LOCATION
1044,85.09061246,40.83662208,8929.264490,5542.493461,-3386.771029,False,False,False,False,DERIVED_CONDITIONAL_GEOMETRY_NOT_EVENT_LOCATION
1045,85.11016516,40.82813490,8927.736678,5542.054337,-3385.682341,False,False,False,False,DERIVED_CONDITIONAL_GEOMETRY_NOT_EVENT_LOCATION
1046,85.12971785,40.81964771,8926.209066,5541.616135,-3384.592931,False,False,False,False,DERIVED_CONDITIONAL_GEOMETRY_NOT_EVENT_LOCATION
1047,85.14927055,40.81116053,8924.681654,5541.178856,-3383.502798,False,False,False,False,DERIVED_CONDITIONAL_GEOMETRY_NOT_EVENT_LOCATION
1048,85.16882324,40.80267334,8923.154442,5540.742500,-3382.411942,False,False,False,False,DERIVED_CONDITIONAL_GEOMETRY_NOT_EVENT_LOCATION
1049,85.18859736,40.79365540,8921.565904,5540.255820,-3381.310085,False,False,False,False,DERIVED_CONDITIONAL_GEOMETRY_NOT_EVENT_LOCATION
1050,85.20837148,40.78463745,8919.977562,5539.770097,-3380.207465,False,False,False,False,DERIVED_CONDITIONAL_GEOMETRY_NOT_EVENT_LOCATION
1051,85.22814560,40.77561951,8918.389416,5539.285333,-3379.104083,False,False,False,False,DERIVED_CONDITIONAL_GEOMETRY_NOT_EVENT_LOCATION
1052,85.24791972,40.76660156,8916.801465,5538.801528,-3377.999937,False,False,False,False,DERIVED_CONDITIONAL_GEOMETRY_NOT_EVENT_LOCATION
1053,85.26769384,40.75758362,8915.213710,5538.318681,-3376.895028,False,False,False,False,DERIVED_CONDITIONAL_GEOMETRY_NOT_EVENT_LOCATION
1054,85.28746796,40.74856567,8913.626151,5537.836795,-3375.789356,False,False,False,False,DERIVED_CONDITIONAL_GEOMETRY_NOT_EVENT_LOCATION
1055,85.30724208,40.73954773,8912.038788,5537.355868,-3374.682920,False,False,False,False,DERIVED_CONDITIONAL_GEOMETRY_NOT_EVENT_LOCATION
1056,85.32701619,40.73052979,8910.451623,5536.875901,-3373.575721,False,False,False,False,DERIVED_CONDITIONAL_GEOMETRY_NOT_EVENT_LOCATION
1057,85.34679031,40.72151184,8908.864654,5536.396896,-3372.467758,False,False,False,False,DERIVED_CONDITIONAL_GEOMETRY_NOT_EVENT_LOCATION
1058,85.36656443,40.71249390,8907.277882,5535.918851,-3371.359031,False,False,False,False,DERIVED_CONDITIONAL_GEOMETRY_NOT_EVENT_LOCATION
1059,85.38633855,40.70347595,8905.691308,5535.441768,-3370.249540,False,False,False,False,DERIVED_CONDITIONAL_GEOMETRY_NOT_EVENT_LOCATION
1060,85.40611267,40.69445801,8904.104932,5534.965648,-3369.139284,False,False,False,False,DERIVED_CONDITIONAL_GEOMETRY_NOT_EVENT_LOCATION
1061,85.42588679,40.68544006,8902.518753,5534.490489,-3368.028264,False,False,False,False,DERIVED_CONDITIONAL_GEOMETRY_NOT_EVENT_LOCATION
1062,85.44566091,40.67642212,8900.932773,5534.016293,-3366.916480,False,False,False,False,DERIVED_CONDITIONAL_GEOMETRY_NOT_EVENT_LOCATION
1063,85.46543503,40.66740417,8899.346991,5533.543061,-3365.803930,False,False,False,False,DERIVED_CONDITIONAL_GEOMETRY_NOT_EVENT_LOCATION
1064,85.48520915,40.65838623,8897.761408,5533.070792,-3364.690616,False,False,False,False,DERIVED_CONDITIONAL_GEOMETRY_NOT_EVENT_LOCATION
1065,85.50498327,40.64936829,8896.176024,5532.599487,-3363.576537,False,False,False,False,DERIVED_CONDITIONAL_GEOMETRY_NOT_EVENT_LOCATION
1066,85.52475739,40.64035034,8894.590839,5532.129147,-3362.461692,False,False,False,False,DERIVED_CONDITIONAL_GEOMETRY_NOT_EVENT_LOCATION
1067,85.54453150,40.63133240,8893.005853,5531.659771,-3361.346082,False,False,False,False,DERIVED_CONDITIONAL_GEOMETRY_NOT_EVENT_LOCATION
1068,85.56430562,40.62231445,8891.421068,5531.191361,-3360.229707,False,False,False,False,DERIVED_CONDITIONAL_GEOMETRY_NOT_EVENT_LOCATION
1069,85.58407974,40.61329651,8889.836482,5530.723916,-3359.112566,False,False,False,False,DERIVED_CONDITIONAL_GEOMETRY_NOT_EVENT_LOCATION
1070,85.60385386,40.60427856,8888.252096,5530.257437,-3357.994659,False,False,False,False,DERIVED_CONDITIONAL_GEOMETRY_NOT_EVENT_LOCATION
1071,85.62362798,40.59526062,8886.667911,5529.791925,-3356.875986,False,False,False,False,DERIVED_CONDITIONAL_GEOMETRY_NOT_EVENT_LOCATION
1072,85.64340210,40.58624268,8885.083926,5529.327379,-3355.756547,False,False,False,False,DERIVED_CONDITIONAL_GEOMETRY_NOT_EVENT_LOCATION
1073,85.66317622,40.57722473,8883.500143,5528.863801,-3354.636342,False,False,False,False,DERIVED_CONDITIONAL_GEOMETRY_NOT_EVENT_LOCATION
1074,85.68295034,40.56820679,8881.916560,5528.401190,-3353.515370,False,False,False,False,DERIVED_CONDITIONAL_GEOMETRY_NOT_EVENT_LOCATION
1075,85.70272446,40.55918884,8880.333179,5527.939548,-3352.393632,False,False,False,False,DERIVED_CONDITIONAL_GEOMETRY_NOT_EVENT_LOCATION
1076,85.72249858,40.55017090,8878.750000,5527.478874,-3351.271127,False,False,False,False,DERIVED_CONDITIONAL_GEOMETRY_NOT_EVENT_LOCATION
1077,85.74227269,40.54115295,8877.167023,5527.019168,-3350.147855,False,False,False,False,DERIVED_CONDITIONAL_GEOMETRY_NOT_EVENT_LOCATION
1078,85.76204681,40.53213501,8875.584248,5526.560432,-3349.023816,False,False,False,False,DERIVED_CONDITIONAL_GEOMETRY_NOT_EVENT_LOCATION
1079,85.78182093,40.52311707,8874.001675,5526.102665,-3347.899010,False,False,False,False,DERIVED_CONDITIONAL_GEOMETRY_NOT_EVENT_LOCATION
1080,85.80159505,40.51409912,8872.419305,5525.645869,-3346.773436,False,False,False,False,DERIVED_CONDITIONAL_GEOMETRY_NOT_EVENT_LOCATION
1081,85.82136917,40.50508118,8870.837138,5525.190043,-3345.647096,False,False,False,False,DERIVED_CONDITIONAL_GEOMETRY_NOT_EVENT_LOCATION
1082,85.84114329,40.49606323,8869.255175,5524.735188,-3344.519987,False,False,False,False,DERIVED_CONDITIONAL_GEOMETRY_NOT_EVENT_LOCATION
1083,85.86091741,40.48704529,8867.673414,5524.281303,-3343.392111,False,False,False,False,DERIVED_CONDITIONAL_GEOMETRY_NOT_EVENT_LOCATION
1084,85.88069153,40.47802734,8866.091858,5523.828391,-3342.263467,False,False,False,False,DERIVED_CONDITIONAL_GEOMETRY_NOT_EVENT_LOCATION
1085,85.90013928,40.46871948,8864.491772,5523.337387,-3341.154385,False,False,False,False,DERIVED_CONDITIONAL_GEOMETRY_NOT_EVENT_LOCATION
1086,85.91958703,40.45941162,8862.891873,5522.847337,-3340.044537,False,False,False,False,DERIVED_CONDITIONAL_GEOMETRY_NOT_EVENT_LOCATION
1087,85.93903478,40.45010376,8861.292163,5522.358242,-3338.933922,False,False,False,False,DERIVED_CONDITIONAL_GEOMETRY_NOT_EVENT_LOCATION
1088,85.95848253,40.44079590,8859.692641,5521.870102,-3337.822540,False,False,False,False,DERIVED_CONDITIONAL_GEOMETRY_NOT_EVENT_LOCATION
1089,85.97793028,40.43148804,8858.093308,5521.382917,-3336.710391,False,False,False,False,DERIVED_CONDITIONAL_GEOMETRY_NOT_EVENT_LOCATION
1090,85.99737803,40.42218018,8856.494164,5520.896689,-3335.597475,False,False,False,False,DERIVED_CONDITIONAL_GEOMETRY_NOT_EVENT_LOCATION
1091,86.01682578,40.41287231,8854.895208,5520.411417,-3334.483791,False,False,False,False,DERIVED_CONDITIONAL_GEOMETRY_NOT_EVENT_LOCATION
1092,86.03627353,40.40356445,8853.296442,5519.927102,-3333.369340,False,False,False,False,DERIVED_CONDITIONAL_GEOMETRY_NOT_EVENT_LOCATION
1093,86.05572128,40.39425659,8851.697866,5519.443744,-3332.254121,False,False,False,False,DERIVED_CONDITIONAL_GEOMETRY_NOT_EVENT_LOCATION
1094,86.07516903,40.38494873,8850.099479,5518.961344,-3331.138135,False,False,False,False,DERIVED_CONDITIONAL_GEOMETRY_NOT_EVENT_LOCATION
1095,86.09461678,40.37564087,8848.501282,5518.479902,-3330.021380,False,False,False,False,DERIVED_CONDITIONAL_GEOMETRY_NOT_EVENT_LOCATION
1096,86.11406453,40.36633301,8846.903276,5517.999418,-3328.903858,False,False,False,False,DERIVED_CONDITIONAL_GEOMETRY_NOT_EVENT_LOCATION
1097,86.13351229,40.35702515,8845.305460,5517.519893,-3327.785567,False,False,False,False,DERIVED_CONDITIONAL_GEOMETRY_NOT_EVENT_LOCATION
1098,86.15296004,40.34771729,8843.707835,5517.041328,-3326.666507,False,False,False,False,DERIVED_CONDITIONAL_GEOMETRY_NOT_EVENT_LOCATION
1099,86.17240779,40.33840942,8842.110401,5516.563721,-3325.546679,False,False,False,False,DERIVED_CONDITIONAL_GEOMETRY_NOT_EVENT_LOCATION
1100,86.19185554,40.32910156,8840.513158,5516.087075,-3324.426082,False,False,False,False,DERIVED_CONDITIONAL_GEOMETRY_NOT_EVENT_LOCATION
1101,86.21130329,40.31979370,8838.916107,5515.611390,-3323.304717,False,False,False,False,DERIVED_CONDITIONAL_GEOMETRY_NOT_EVENT_LOCATION
1102,86.23075104,40.31048584,8837.319247,5515.136665,-3322.182582,False,False,False,False,DERIVED_CONDITIONAL_GEOMETRY_NOT_EVENT_LOCATION
1103,86.25019879,40.30117798,8835.722580,5514.662902,-3321.059678,False,False,False,False,DERIVED_CONDITIONAL_GEOMETRY_NOT_EVENT_LOCATION
1104,86.26964654,40.29187012,8834.126105,5514.190100,-3319.936005,False,False,False,False,DERIVED_CONDITIONAL_GEOMETRY_NOT_EVENT_LOCATION
1105,86.28909429,40.28256226,8832.529822,5513.718260,-3318.811562,False,False,False,False,DERIVED_CONDITIONAL_GEOMETRY_NOT_EVENT_LOCATION
1106,86.30854204,40.27325439,8830.933732,5513.247383,-3317.686349,False,False,False,False,DERIVED_CONDITIONAL_GEOMETRY_NOT_EVENT_LOCATION
1107,86.32798979,40.26394653,8829.337835,5512.777468,-3316.560367,False,False,False,False,DERIVED_CONDITIONAL_GEOMETRY_NOT_EVENT_LOCATION
1108,86.34743754,40.25463867,8827.742132,5512.308517,-3315.433615,False,False,False,False,DERIVED_CONDITIONAL_GEOMETRY_NOT_EVENT_LOCATION
1109,86.36688529,40.24533081,8826.146622,5511.840529,-3314.306092,False,False,False,False,DERIVED_CONDITIONAL_GEOMETRY_NOT_EVENT_LOCATION
1110,86.38633304,40.23602295,8824.551305,5511.373506,-3313.177799,False,False,False,False,DERIVED_CONDITIONAL_GEOMETRY_NOT_EVENT_LOCATION
1111,86.40578079,40.22671509,8822.956183,5510.907447,-3312.048736,False,False,False,False,DERIVED_CONDITIONAL_GEOMETRY_NOT_EVENT_LOCATION
1112,86.42522854,40.21740723,8821.361255,5510.442352,-3310.918903,False,False,False,False,DERIVED_CONDITIONAL_GEOMETRY_NOT_EVENT_LOCATION
1113,86.44467629,40.20809937,8819.766522,5509.978223,-3309.788298,False,False,False,False,DERIVED_CONDITIONAL_GEOMETRY_NOT_EVENT_LOCATION
1114,86.46412404,40.19879150,8818.171983,5509.515060,-3308.656923,False,False,False,False,DERIVED_CONDITIONAL_GEOMETRY_NOT_EVENT_LOCATION
1115,86.48357179,40.18948364,8816.577639,5509.052862,-3307.524777,False,False,False,False,DERIVED_CONDITIONAL_GEOMETRY_NOT_EVENT_LOCATION
1116,86.50301954,40.18017578,8814.983490,5508.591631,-3306.391859,False,False,False,False,DERIVED_CONDITIONAL_GEOMETRY_NOT_EVENT_LOCATION
1117,86.52246730,40.17086792,8813.389537,5508.131367,-3305.258171,False,False,False,False,DERIVED_CONDITIONAL_GEOMETRY_NOT_EVENT_LOCATION
1118,86.54191505,40.16156006,8811.795780,5507.672069,-3304.123711,False,False,False,False,DERIVED_CONDITIONAL_GEOMETRY_NOT_EVENT_LOCATION
1119,86.56136280,40.15225220,8810.202219,5507.213740,-3302.988479,False,False,False,False,DERIVED_CONDITIONAL_GEOMETRY_NOT_EVENT_LOCATION
1120,86.58081055,40.14294434,8808.608854,5506.756378,-3301.852476,False,False,False,False,DERIVED_CONDITIONAL_GEOMETRY_NOT_EVENT_LOCATION
1121,86.60047477,40.13308105,8806.951609,5506.247275,-3300.704334,False,False,False,False,DERIVED_CONDITIONAL_GEOMETRY_NOT_EVENT_LOCATION
1122,86.62013899,40.12321777,8805.294555,5505.739178,-3299.555377,False,False,False,False,DERIVED_CONDITIONAL_GEOMETRY_NOT_EVENT_LOCATION
1123,86.63980321,40.11335449,8803.637693,5505.232087,-3298.405606,False,False,False,False,DERIVED_CONDITIONAL_GEOMETRY_NOT_EVENT_LOCATION
1124,86.65946742,40.10349121,8801.981023,5504.726003,-3297.255020,False,False,False,False,DERIVED_CONDITIONAL_GEOMETRY_NOT_EVENT_LOCATION
1125,86.67913164,40.09362793,8800.324545,5504.220925,-3296.103619,False,False,False,False,DERIVED_CONDITIONAL_GEOMETRY_NOT_EVENT_LOCATION
1126,86.69879586,40.08376465,8798.668259,5503.716856,-3294.951403,False,False,False,False,DERIVED_CONDITIONAL_GEOMETRY_NOT_EVENT_LOCATION
1127,86.71846008,40.07390137,8797.012165,5503.213794,-3293.798372,False,False,False,False,DERIVED_CONDITIONAL_GEOMETRY_NOT_EVENT_LOCATION
1128,86.73812430,40.06403809,8795.356265,5502.711740,-3292.644525,False,False,False,False,DERIVED_CONDITIONAL_GEOMETRY_NOT_EVENT_LOCATION
1129,86.75778852,40.05417480,8793.700557,5502.210696,-3291.489862,False,False,False,False,DERIVED_CONDITIONAL_GEOMETRY_NOT_EVENT_LOCATION
1130,86.77745274,40.04431152,8792.045043,5501.710660,-3290.334383,False,False,False,False,DERIVED_CONDITIONAL_GEOMETRY_NOT_EVENT_LOCATION
1131,86.79711696,40.03444824,8790.389723,5501.211634,-3289.178089,False,False,False,False,DERIVED_CONDITIONAL_GEOMETRY_NOT_EVENT_LOCATION
1132,86.81678118,40.02458496,8788.734597,5500.713619,-3288.020978,False,False,False,False,DERIVED_CONDITIONAL_GEOMETRY_NOT_EVENT_LOCATION
1133,86.83644540,40.01472168,8787.079664,5500.216614,-3286.863051,False,False,False,False,DERIVED_CONDITIONAL_GEOMETRY_NOT_EVENT_LOCATION
1134,86.85610962,40.00485840,8785.424926,5499.720619,-3285.704307,False,False,False,False,DERIVED_CONDITIONAL_GEOMETRY_NOT_EVENT_LOCATION
1135,86.87577384,39.99499512,8783.770383,5499.225637,-3284.544746,False,False,False,False,DERIVED_CONDITIONAL_GEOMETRY_NOT_EVENT_LOCATION
1136,86.89543806,39.98513184,8782.116035,5498.731666,-3283.384369,False,False,False,False,DERIVED_CONDITIONAL_GEOMETRY_NOT_EVENT_LOCATION
1137,86.91510228,39.97526855,8780.461882,5498.238707,-3282.223175,False,False,False,False,DERIVED_CONDITIONAL_GEOMETRY_NOT_EVENT_LOCATION
1138,86.93476650,39.96540527,8778.807925,5497.746762,-3281.061163,False,False,False,False,DERIVED_CONDITIONAL_GEOMETRY_NOT_EVENT_LOCATION
1139,86.95443072,39.95554199,8777.154163,5497.255829,-3279.898334,False,False,False,False,DERIVED_CONDITIONAL_GEOMETRY_NOT_EVENT_LOCATION
1140,86.97409494,39.94567871,8775.500597,5496.765910,-3278.734688,False,False,False,False,DERIVED_CONDITIONAL_GEOMETRY_NOT_EVENT_LOCATION
1141,86.99375916,39.93581543,8773.847228,5496.277004,-3277.570223,False,False,False,False,DERIVED_CONDITIONAL_GEOMETRY_NOT_EVENT_LOCATION
1142,87.01342337,39.92595215,8772.194055,5495.789114,-3276.404941,False,False,False,False,DERIVED_CONDITIONAL_GEOMETRY_NOT_EVENT_LOCATION
1143,87.03308759,39.91608887,8770.541079,5495.302238,-3275.238841,False,False,False,False,DERIVED_CONDITIONAL_GEOMETRY_NOT_EVENT_LOCATION
1144,87.05275181,39.90622559,8768.888300,5494.816377,-3274.071923,False,False,False,False,DERIVED_CONDITIONAL_GEOMETRY_NOT_EVENT_LOCATION
1145,87.07241603,39.89636230,8767.235719,5494.331532,-3272.904186,False,False,False,False,DERIVED_CONDITIONAL_GEOMETRY_NOT_EVENT_LOCATION
1146,87.09208025,39.88649902,8765.583335,5493.847704,-3271.735631,False,False,False,False,DERIVED_CONDITIONAL_GEOMETRY_NOT_EVENT_LOCATION
1147,87.11174447,39.87663574,8763.931149,5493.364891,-3270.566257,False,False,False,False,DERIVED_CONDITIONAL_GEOMETRY_NOT_EVENT_LOCATION
1148,87.13140869,39.86677246,8762.279161,5492.883096,-3269.396065,False,False,False,False,DERIVED_CONDITIONAL_GEOMETRY_NOT_EVENT_LOCATION
1149,87.15107291,39.85690918,8760.627371,5492.402319,-3268.225053,False,False,False,False,DERIVED_CONDITIONAL_GEOMETRY_NOT_EVENT_LOCATION
1150,87.17073713,39.84704590,8758.975781,5491.922559,-3267.053222,False,False,False,False,DERIVED_CONDITIONAL_GEOMETRY_NOT_EVENT_LOCATION
1151,87.19040135,39.83718262,8757.324389,5491.443817,-3265.880572,False,False,False,False,DERIVED_CONDITIONAL_GEOMETRY_NOT_EVENT_LOCATION
1152,87.21006557,39.82731934,8755.673196,5490.966094,-3264.707103,False,False,False,False,DERIVED_CONDITIONAL_GEOMETRY_NOT_EVENT_LOCATION
1153,87.22972979,39.81745605,8754.022203,5490.489390,-3263.532813,False,False,False,False,DERIVED_CONDITIONAL_GEOMETRY_NOT_EVENT_LOCATION
1154,87.24939401,39.80759277,8752.371410,5490.013706,-3262.357704,False,False,False,False,DERIVED_CONDITIONAL_GEOMETRY_NOT_EVENT_LOCATION
1155,87.26905823,39.79772949,8750.720817,5489.539041,-3261.181775,False,False,False,False,DERIVED_CONDITIONAL_GEOMETRY_NOT_EVENT_LOCATION
1156,87.28894806,39.78728261,8749.003057,5489.010658,-3259.992399,False,False,False,False,DERIVED_CONDITIONAL_GEOMETRY_NOT_EVENT_LOCATION
1157,87.30883789,39.77683572,8747.285492,5488.483335,-3258.802156,False,False,False,False,DERIVED_CONDITIONAL_GEOMETRY_NOT_EVENT_LOCATION
1158,87.32872772,39.76638884,8745.568122,5487.957075,-3257.611047,False,False,False,False,DERIVED_CONDITIONAL_GEOMETRY_NOT_EVENT_LOCATION
1159,87.34861755,39.75594195,8743.850947,5487.431877,-3256.419071,False,False,False,False,DERIVED_CONDITIONAL_GEOMETRY_NOT_EVENT_LOCATION
1160,87.36850739,39.74549507,8742.133969,5486.907742,-3255.226227,False,False,False,False,DERIVED_CONDITIONAL_GEOMETRY_NOT_EVENT_LOCATION
1161,87.38839722,39.73504818,8740.417187,5486.384670,-3254.032517,False,False,False,False,DERIVED_CONDITIONAL_GEOMETRY_NOT_EVENT_LOCATION
1162,87.40828705,39.72460130,8738.700601,5485.862662,-3252.837939,False,False,False,False,DERIVED_CONDITIONAL_GEOMETRY_NOT_EVENT_LOCATION
1163,87.42817688,39.71415441,8736.984212,5485.341718,-3251.642493,False,False,False,False,DERIVED_CONDITIONAL_GEOMETRY_NOT_EVENT_LOCATION
1164,87.44806671,39.70370753,8735.268019,5484.821839,-3250.446180,False,False,False,False,DERIVED_CONDITIONAL_GEOMETRY_NOT_EVENT_LOCATION
1165,87.46795654,39.69326064,8733.552024,5484.303025,-3249.248999,False,False,False,False,DERIVED_CONDITIONAL_GEOMETRY_NOT_EVENT_LOCATION
1166,87.48784637,39.68281376,8731.836227,5483.785277,-3248.050950,False,False,False,False,DERIVED_CONDITIONAL_GEOMETRY_NOT_EVENT_LOCATION
1167,87.50773621,39.67236687,8730.120627,5483.268595,-3246.852032,False,False,False,False,DERIVED_CONDITIONAL_GEOMETRY_NOT_EVENT_LOCATION
1168,87.52762604,39.66191999,8728.405226,5482.752980,-3245.652246,False,False,False,False,DERIVED_CONDITIONAL_GEOMETRY_NOT_EVENT_LOCATION
1169,87.54751587,39.65147310,8726.690023,5482.238432,-3244.451591,False,False,False,False,DERIVED_CONDITIONAL_GEOMETRY_NOT_EVENT_LOCATION
1170,87.56740570,39.64102622,8724.975019,5481.724951,-3243.250067,False,False,False,False,DERIVED_CONDITIONAL_GEOMETRY_NOT_EVENT_LOCATION
1171,87.58729553,39.63057933,8723.260213,5481.212538,-3242.047675,False,False,False,False,DERIVED_CONDITIONAL_GEOMETRY_NOT_EVENT_LOCATION
1172,87.60718536,39.62013245,8721.545607,5480.701194,-3240.844413,False,False,False,False,DERIVED_CONDITIONAL_GEOMETRY_NOT_EVENT_LOCATION
1173,87.62707520,39.60968556,8719.831201,5480.190919,-3239.640281,False,False,False,False,DERIVED_CONDITIONAL_GEOMETRY_NOT_EVENT_LOCATION
1174,87.64696503,39.59923868,8718.116994,5479.681713,-3238.435281,False,False,False,False,DERIVED_CONDITIONAL_GEOMETRY_NOT_EVENT_LOCATION
1175,87.66685486,39.58879179,8716.402987,5479.173577,-3237.229410,False,False,False,False,DERIVED_CONDITIONAL_GEOMETRY_NOT_EVENT_LOCATION
1176,87.68674469,39.57834491,8714.689181,5478.666512,-3236.022669,False,False,False,False,DERIVED_CONDITIONAL_GEOMETRY_NOT_EVENT_LOCATION
1177,87.70663452,39.56789802,8712.975576,5478.160517,-3234.815059,False,False,False,False,DERIVED_CONDITIONAL_GEOMETRY_NOT_EVENT_LOCATION
1178,87.72652435,39.55745114,8711.262171,5477.655593,-3233.606578,False,False,False,False,DERIVED_CONDITIONAL_GEOMETRY_NOT_EVENT_LOCATION
1179,87.74641418,39.54700425,8709.548968,5477.151742,-3232.397226,False,False,False,False,DERIVED_CONDITIONAL_GEOMETRY_NOT_EVENT_LOCATION
1180,87.76630402,39.53655737,8707.835966,5476.648962,-3231.187004,False,False,False,False,DERIVED_CONDITIONAL_GEOMETRY_NOT_EVENT_LOCATION
1181,87.78619385,39.52611048,8706.123166,5476.147255,-3229.975911,False,False,False,False,DERIVED_CONDITIONAL_GEOMETRY_NOT_EVENT_LOCATION
1182,87.80608368,39.51566360,8704.410569,5475.646621,-3228.763947,False,False,False,False,DERIVED_CONDITIONAL_GEOMETRY_NOT_EVENT_LOCATION
1183,87.82597351,39.50521671,8702.698173,5475.147061,-3227.551112,False,False,False,False,DERIVED_CONDITIONAL_GEOMETRY_NOT_EVENT_LOCATION
1184,87.84586334,39.49476983,8700.985981,5474.648575,-3226.337406,False,False,False,False,DERIVED_CONDITIONAL_GEOMETRY_NOT_EVENT_LOCATION
1185,87.86575317,39.48432294,8699.273991,5474.151163,-3225.122828,False,False,False,False,DERIVED_CONDITIONAL_GEOMETRY_NOT_EVENT_LOCATION
1186,87.88564301,39.47387606,8697.562205,5473.654826,-3223.907379,False,False,False,False,DERIVED_CONDITIONAL_GEOMETRY_NOT_EVENT_LOCATION
1187,87.90553284,39.46342917,8695.850622,5473.159564,-3222.691057,False,False,False,False,DERIVED_CONDITIONAL_GEOMETRY_NOT_EVENT_LOCATION
1188,87.92542267,39.45298229,8694.139243,5472.665379,-3221.473864,False,False,False,False,DERIVED_CONDITIONAL_GEOMETRY_NOT_EVENT_LOCATION
1189,87.94531250,39.44253540,8692.428068,5472.172269,-3220.255798,False,False,False,False,DERIVED_CONDITIONAL_GEOMETRY_NOT_EVENT_LOCATION
1190,87.96484644,39.43180219,8690.698815,5471.639725,-3219.059090,False,False,False,False,DERIVED_CONDITIONAL_GEOMETRY_NOT_EVENT_LOCATION
1191,87.98438039,39.42106898,8688.969750,5471.108238,-3217.861512,False,False,False,False,DERIVED_CONDITIONAL_GEOMETRY_NOT_EVENT_LOCATION
1192,88.00391433,39.41033577,8687.240872,5470.577808,-3216.663064,False,False,False,False,DERIVED_CONDITIONAL_GEOMETRY_NOT_EVENT_LOCATION
1193,88.02344827,39.39960255,8685.512183,5470.048435,-3215.463747,False,False,False,False,DERIVED_CONDITIONAL_GEOMETRY_NOT_EVENT_LOCATION
1194,88.04298221,39.38886934,8683.783682,5469.520121,-3214.263560,False,False,False,False,DERIVED_CONDITIONAL_GEOMETRY_NOT_EVENT_LOCATION
1195,88.06251616,39.37813613,8682.055369,5468.992866,-3213.062504,False,False,False,False,DERIVED_CONDITIONAL_GEOMETRY_NOT_EVENT_LOCATION
1196,88.08205010,39.36740292,8680.327246,5468.466670,-3211.860576,False,False,False,False,DERIVED_CONDITIONAL_GEOMETRY_NOT_EVENT_LOCATION
1197,88.10158404,39.35666971,8678.599312,5467.941533,-3210.657779,False,False,False,False,DERIVED_CONDITIONAL_GEOMETRY_NOT_EVENT_LOCATION
1198,88.12111798,39.34593649,8676.871567,5467.417456,-3209.454111,False,False,False,False,DERIVED_CONDITIONAL_GEOMETRY_NOT_EVENT_LOCATION
1199,88.14065193,39.33520328,8675.144013,5466.894441,-3208.249572,False,False,False,False,DERIVED_CONDITIONAL_GEOMETRY_NOT_EVENT_LOCATION
1200,88.16018587,39.32447007,8673.416648,5466.372486,-3207.044163,False,False,False,False,DERIVED_CONDITIONAL_GEOMETRY_NOT_EVENT_LOCATION
1201,88.17971981,39.31373686,8671.689474,5465.851592,-3205.837882,False,False,False,False,DERIVED_CONDITIONAL_GEOMETRY_NOT_EVENT_LOCATION
1202,88.19925376,39.30300365,8669.962490,5465.331761,-3204.630730,False,False,False,False,DERIVED_CONDITIONAL_GEOMETRY_NOT_EVENT_LOCATION
1203,88.21878770,39.29227044,8668.235698,5464.812991,-3203.422706,False,False,False,False,DERIVED_CONDITIONAL_GEOMETRY_NOT_EVENT_LOCATION
1204,88.23832164,39.28153722,8666.509096,5464.295285,-3202.213811,False,False,False,False,DERIVED_CONDITIONAL_GEOMETRY_NOT_EVENT_LOCATION
1205,88.25785558,39.27080401,8664.782686,5463.778642,-3201.004044,False,False,False,False,DERIVED_CONDITIONAL_GEOMETRY_NOT_EVENT_LOCATION
1206,88.27738953,39.26007080,8663.056468,5463.263063,-3199.793405,False,False,False,False,DERIVED_CONDITIONAL_GEOMETRY_NOT_EVENT_LOCATION
1207,88.29692347,39.24933759,8661.330442,5462.748548,-3198.581893,False,False,False,False,DERIVED_CONDITIONAL_GEOMETRY_NOT_EVENT_LOCATION
1208,88.31645741,39.23860438,8659.604608,5462.235098,-3197.369510,False,False,False,False,DERIVED_CONDITIONAL_GEOMETRY_NOT_EVENT_LOCATION
1209,88.33599135,39.22787117,8657.878967,5461.722713,-3196.156254,False,False,False,False,DERIVED_CONDITIONAL_GEOMETRY_NOT_EVENT_LOCATION
1210,88.35552530,39.21713795,8656.153518,5461.211394,-3194.942125,False,False,False,False,DERIVED_CONDITIONAL_GEOMETRY_NOT_EVENT_LOCATION
1211,88.37505924,39.20640474,8654.428263,5460.701140,-3193.727123,False,False,False,False,DERIVED_CONDITIONAL_GEOMETRY_NOT_EVENT_LOCATION
1212,88.39459318,39.19567153,8652.703202,5460.191954,-3192.511248,False,False,False,False,DERIVED_CONDITIONAL_GEOMETRY_NOT_EVENT_LOCATION
1213,88.41412713,39.18493832,8650.978334,5459.683834,-3191.294500,False,False,False,False,DERIVED_CONDITIONAL_GEOMETRY_NOT_EVENT_LOCATION
1214,88.43366107,39.17420511,8649.253660,5459.176781,-3190.076878,False,False,False,False,DERIVED_CONDITIONAL_GEOMETRY_NOT_EVENT_LOCATION
1215,88.45319501,39.16347190,8647.529180,5458.670797,-3188.858383,False,False,False,False,DERIVED_CONDITIONAL_GEOMETRY_NOT_EVENT_LOCATION
1216,88.47272895,39.15273868,8645.804895,5458.165881,-3187.639014,False,False,False,False,DERIVED_CONDITIONAL_GEOMETRY_NOT_EVENT_LOCATION
1217,88.49226290,39.14200547,8644.080805,5457.662033,-3186.418771,False,False,False,False,DERIVED_CONDITIONAL_GEOMETRY_NOT_EVENT_LOCATION
1218,88.51179684,39.13127226,8642.356910,5457.159255,-3185.197655,False,False,False,False,DERIVED_CONDITIONAL_GEOMETRY_NOT_EVENT_LOCATION
1219,88.53133078,39.12053905,8640.633210,5456.657547,-3183.975663,False,False,False,False,DERIVED_CONDITIONAL_GEOMETRY_NOT_EVENT_LOCATION
1220,88.55086472,39.10980584,8638.909706,5456.156909,-3182.752798,False,False,False,False,DERIVED_CONDITIONAL_GEOMETRY_NOT_EVENT_LOCATION
1221,88.57039867,39.09907262,8637.186399,5455.657341,-3181.529058,False,False,False,False,DERIVED_CONDITIONAL_GEOMETRY_NOT_EVENT_LOCATION
1222,88.58993261,39.08833941,8635.463287,5455.158844,-3180.304443,False,False,False,False,DERIVED_CONDITIONAL_GEOMETRY_NOT_EVENT_LOCATION
1223,88.60946655,39.07760620,8633.740372,5454.661419,-3179.078953,False,False,False,False,DERIVED_CONDITIONAL_GEOMETRY_NOT_EVENT_LOCATION
1224,88.62922345,39.06625921,8631.947063,5454.108547,-3177.838516,False,False,False,False,DERIVED_CONDITIONAL_GEOMETRY_NOT_EVENT_LOCATION
1225,88.64898034,39.05491222,8630.153946,5453.556791,-3176.597155,False,False,False,False,DERIVED_CONDITIONAL_GEOMETRY_NOT_EVENT_LOCATION
1226,88.66873724,39.04356523,8628.361020,5453.006152,-3175.354868,False,False,False,False,DERIVED_CONDITIONAL_GEOMETRY_NOT_EVENT_LOCATION
1227,88.68849413,39.03221824,8626.568287,5452.456632,-3174.111655,False,False,False,False,DERIVED_CONDITIONAL_GEOMETRY_NOT_EVENT_LOCATION
1228,88.70825103,39.02087125,8624.775746,5451.908229,-3172.867517,False,False,False,False,DERIVED_CONDITIONAL_GEOMETRY_NOT_EVENT_LOCATION
1229,88.72800792,39.00952426,8622.983397,5451.360945,-3171.622452,False,False,False,False,DERIVED_CONDITIONAL_GEOMETRY_NOT_EVENT_LOCATION
1230,88.74776482,38.99817727,8621.191242,5450.814781,-3170.376461,False,False,False,False,DERIVED_CONDITIONAL_GEOMETRY_NOT_EVENT_LOCATION
1231,88.76752171,38.98683028,8619.399280,5450.269736,-3169.129544,False,False,False,False,DERIVED_CONDITIONAL_GEOMETRY_NOT_EVENT_LOCATION
1232,88.78727861,38.97548329,8617.607512,5449.725812,-3167.881700,False,False,False,False,DERIVED_CONDITIONAL_GEOMETRY_NOT_EVENT_LOCATION
1233,88.80703550,38.96413630,8615.815937,5449.183008,-3166.632929,False,False,False,False,DERIVED_CONDITIONAL_GEOMETRY_NOT_EVENT_LOCATION
1234,88.82679240,38.95278931,8614.024557,5448.641326,-3165.383231,False,False,False,False,DERIVED_CONDITIONAL_GEOMETRY_NOT_EVENT_LOCATION
1235,88.84654929,38.94144232,8612.233371,5448.100765,-3164.132606,False,False,False,False,DERIVED_CONDITIONAL_GEOMETRY_NOT_EVENT_LOCATION
1236,88.86630619,38.93009533,8610.442381,5447.561327,-3162.881053,False,False,False,False,DERIVED_CONDITIONAL_GEOMETRY_NOT_EVENT_LOCATION
1237,88.88606308,38.91874834,8608.651585,5447.023012,-3161.628573,False,False,False,False,DERIVED_CONDITIONAL_GEOMETRY_NOT_EVENT_LOCATION
1238,88.90581998,38.90740134,8606.860984,5446.485819,-3160.375165,False,False,False,False,DERIVED_CONDITIONAL_GEOMETRY_NOT_EVENT_LOCATION
1239,88.92557687,38.89605435,8605.070580,5445.949751,-3159.120829,False,False,False,False,DERIVED_CONDITIONAL_GEOMETRY_NOT_EVENT_LOCATION
1240,88.94533377,38.88470736,8603.280371,5445.414807,-3157.865564,False,False,False,False,DERIVED_CONDITIONAL_GEOMETRY_NOT_EVENT_LOCATION
1241,88.96509066,38.87336037,8601.490359,5444.880987,-3156.609372,False,False,False,False,DERIVED_CONDITIONAL_GEOMETRY_NOT_EVENT_LOCATION
1242,88.98484756,38.86201338,8599.700543,5444.348293,-3155.352250,False,False,False,False,DERIVED_CONDITIONAL_GEOMETRY_NOT_EVENT_LOCATION
1243,89.00460446,38.85066639,8597.910925,5443.816725,-3154.094200,False,False,False,False,DERIVED_CONDITIONAL_GEOMETRY_NOT_EVENT_LOCATION
1244,89.02436135,38.83931940,8596.121503,5443.286282,-3152.835221,False,False,False,False,DERIVED_CONDITIONAL_GEOMETRY_NOT_EVENT_LOCATION
1245,89.04411825,38.82797241,8594.332279,5442.756967,-3151.575312,False,False,False,False,DERIVED_CONDITIONAL_GEOMETRY_NOT_EVENT_LOCATION
1246,89.06387514,38.81662542,8592.543253,5442.228779,-3150.314474,False,False,False,False,DERIVED_CONDITIONAL_GEOMETRY_NOT_EVENT_LOCATION
1247,89.08363204,38.80527843,8590.754425,5441.701718,-3149.052707,False,False,False,False,DERIVED_CONDITIONAL_GEOMETRY_NOT_EVENT_LOCATION
1248,89.10338893,38.79393144,8588.965795,5441.175786,-3147.790010,False,False,False,False,DERIVED_CONDITIONAL_GEOMETRY_NOT_EVENT_LOCATION
1249,89.12314583,38.78258445,8587.177365,5440.650982,-3146.526383,False,False,False,False,DERIVED_CONDITIONAL_GEOMETRY_NOT_EVENT_LOCATION
1250,89.14290272,38.77123746,8585.389133,5440.127307,-3145.261825,False,False,False,False,DERIVED_CONDITIONAL_GEOMETRY_NOT_EVENT_LOCATION
1251,89.16265962,38.75989047,8583.601100,5439.604763,-3143.996338,False,False,False,False,DERIVED_CONDITIONAL_GEOMETRY_NOT_EVENT_LOCATION
1252,89.18241651,38.74854348,8581.813268,5439.083348,-3142.729920,False,False,False,False,DERIVED_CONDITIONAL_GEOMETRY_NOT_EVENT_LOCATION
1253,89.20217341,38.73719649,8580.025635,5438.563064,-3141.462571,False,False,False,False,DERIVED_CONDITIONAL_GEOMETRY_NOT_EVENT_LOCATION
1254,89.22193030,38.72584950,8578.238202,5438.043911,-3140.194291,False,False,False,False,DERIVED_CONDITIONAL_GEOMETRY_NOT_EVENT_LOCATION
1255,89.24168720,38.71450251,8576.450970,5437.525889,-3138.925081,False,False,False,False,DERIVED_CONDITIONAL_GEOMETRY_NOT_EVENT_LOCATION
1256,89.26144409,38.70315552,8574.663939,5437.009000,-3137.654939,False,False,False,False,DERIVED_CONDITIONAL_GEOMETRY_NOT_EVENT_LOCATION
1257,89.28143644,38.69116306,8572.802748,5436.434627,-3136.368121,False,False,False,False,DERIVED_CONDITIONAL_GEOMETRY_NOT_EVENT_LOCATION
1258,89.30142879,38.67917061,8570.941754,5435.861437,-3135.080317,False,False,False,False,DERIVED_CONDITIONAL_GEOMETRY_NOT_EVENT_LOCATION
1259,89.32142115,38.66717815,8569.080955,5435.289428,-3133.791527,False,False,False,False,DERIVED_CONDITIONAL_GEOMETRY_NOT_EVENT_LOCATION
1260,89.34141350,38.65518570,8567.220353,5434.718604,-3132.501750,False,False,False,False,DERIVED_CONDITIONAL_GEOMETRY_NOT_EVENT_LOCATION
1261,89.36140585,38.64319324,8565.359948,5434.148962,-3131.210986,False,False,False,False,DERIVED_CONDITIONAL_GEOMETRY_NOT_EVENT_LOCATION
1262,89.38139820,38.63120079,8563.499740,5433.580505,-3129.919235,False,False,False,False,DERIVED_CONDITIONAL_GEOMETRY_NOT_EVENT_LOCATION
1263,89.40139055,38.61920834,8561.639729,5433.013233,-3128.626496,False,False,False,False,DERIVED_CONDITIONAL_GEOMETRY_NOT_EVENT_LOCATION
1264,89.42138290,38.60721588,8559.779917,5432.447146,-3127.332770,False,False,False,False,DERIVED_CONDITIONAL_GEOMETRY_NOT_EVENT_LOCATION
1265,89.44137526,38.59522343,8557.920302,5431.882245,-3126.038057,False,False,False,False,DERIVED_CONDITIONAL_GEOMETRY_NOT_EVENT_LOCATION
1266,89.46136761,38.58323097,8556.060886,5431.318530,-3124.742355,False,False,False,False,DERIVED_CONDITIONAL_GEOMETRY_NOT_EVENT_LOCATION
1267,89.48135996,38.57123852,8554.201668,5430.756003,-3123.445666,False,False,False,False,DERIVED_CONDITIONAL_GEOMETRY_NOT_EVENT_LOCATION
1268,89.50135231,38.55924606,8552.342650,5430.194662,-3122.147988,False,False,False,False,DERIVED_CONDITIONAL_GEOMETRY_NOT_EVENT_LOCATION
1269,89.52134466,38.54725361,8550.483831,5429.634510,-3120.849321,False,False,False,False,DERIVED_CONDITIONAL_GEOMETRY_NOT_EVENT_LOCATION
1270,89.54133701,38.53526115,8548.625212,5429.075546,-3119.549666,False,False,False,False,DERIVED_CONDITIONAL_GEOMETRY_NOT_EVENT_LOCATION
1271,89.56132936,38.52326870,8546.766793,5428.517772,-3118.249022,False,False,False,False,DERIVED_CONDITIONAL_GEOMETRY_NOT_EVENT_LOCATION
1272,89.58132172,38.51127625,8544.908575,5427.961187,-3116.947388,False,False,False,False,DERIVED_CONDITIONAL_GEOMETRY_NOT_EVENT_LOCATION
1273,89.60131407,38.49928379,8543.050557,5427.405792,-3115.644765,False,False,False,False,DERIVED_CONDITIONAL_GEOMETRY_NOT_EVENT_LOCATION
1274,89.62130642,38.48729134,8541.192740,5426.851588,-3114.341152,False,False,False,False,DERIVED_CONDITIONAL_GEOMETRY_NOT_EVENT_LOCATION
1275,89.64129877,38.47529888,8539.335124,5426.298575,-3113.036550,False,False,False,False,DERIVED_CONDITIONAL_GEOMETRY_NOT_EVENT_LOCATION
1276,89.66129112,38.46330643,8537.477711,5425.746753,-3111.730957,False,False,False,False,DERIVED_CONDITIONAL_GEOMETRY_NOT_EVENT_LOCATION
1277,89.68128347,38.45131397,8535.620499,5425.196124,-3110.424375,False,False,False,False,DERIVED_CONDITIONAL_GEOMETRY_NOT_EVENT_LOCATION
1278,89.70127583,38.43932152,8533.763490,5424.646688,-3109.116801,False,False,False,False,DERIVED_CONDITIONAL_GEOMETRY_NOT_EVENT_LOCATION
1279,89.72126818,38.42732906,8531.906683,5424.098445,-3107.808237,False,False,False,False,DERIVED_CONDITIONAL_GEOMETRY_NOT_EVENT_LOCATION
1280,89.74126053,38.41533661,8530.050079,5423.551396,-3106.498683,False,False,False,False,DERIVED_CONDITIONAL_GEOMETRY_NOT_EVENT_LOCATION
1281,89.76125288,38.40334415,8528.193679,5423.005542,-3105.188137,False,False,False,False,DERIVED_CONDITIONAL_GEOMETRY_NOT_EVENT_LOCATION
1282,89.78124523,38.39135170,8526.337482,5422.460882,-3103.876600,False,False,False,False,DERIVED_CONDITIONAL_GEOMETRY_NOT_EVENT_LOCATION
1283,89.80123758,38.37935925,8524.481489,5421.917418,-3102.564071,False,False,False,False,DERIVED_CONDITIONAL_GEOMETRY_NOT_EVENT_LOCATION
1284,89.82122993,38.36736679,8522.625701,5421.375150,-3101.250551,False,False,False,False,DERIVED_CONDITIONAL_GEOMETRY_NOT_EVENT_LOCATION
1285,89.84122229,38.35537434,8520.770117,5420.834078,-3099.936039,False,False,False,False,DERIVED_CONDITIONAL_GEOMETRY_NOT_EVENT_LOCATION
1286,89.86121464,38.34338188,8518.914738,5420.294203,-3098.620534,False,False,False,False,DERIVED_CONDITIONAL_GEOMETRY_NOT_EVENT_LOCATION
1287,89.88120699,38.33138943,8517.059564,5419.755526,-3097.304038,False,False,False,False,DERIVED_CONDITIONAL_GEOMETRY_NOT_EVENT_LOCATION
1288,89.90119934,38.31939697,8515.204596,5419.218047,-3095.986549,False,False,False,False,DERIVED_CONDITIONAL_GEOMETRY_NOT_EVENT_LOCATION
1289,89.92080784,38.30712128,8513.331871,5418.639600,-3094.692271,False,False,False,False,DERIVED_CONDITIONAL_GEOMETRY_NOT_EVENT_LOCATION
1290,89.94041634,38.29484558,8511.459335,5418.062329,-3093.397005,False,False,False,False,DERIVED_CONDITIONAL_GEOMETRY_NOT_EVENT_LOCATION
1291,89.96002483,38.28256989,8509.586987,5417.486235,-3092.100751,False,False,False,False,DERIVED_CONDITIONAL_GEOMETRY_NOT_EVENT_LOCATION
1292,89.97963333,38.27029419,8507.714828,5416.911318,-3090.803509,False,False,False,False,DERIVED_CONDITIONAL_GEOMETRY_NOT_EVENT_LOCATION
1293,89.99924183,38.25801849,8505.842858,5416.337579,-3089.505279,False,False,False,False,DERIVED_CONDITIONAL_GEOMETRY_NOT_EVENT_LOCATION
1294,90.01885033,38.24574280,8503.971078,5415.765018,-3088.206060,False,False,False,False,DERIVED_CONDITIONAL_GEOMETRY_NOT_EVENT_LOCATION
1295,90.03845882,38.23346710,8502.099488,5415.193636,-3086.905852,False,False,False,False,DERIVED_CONDITIONAL_GEOMETRY_NOT_EVENT_LOCATION
1296,90.05806732,38.22119141,8500.228088,5414.623433,-3085.604655,False,False,False,False,DERIVED_CONDITIONAL_GEOMETRY_NOT_EVENT_LOCATION
1297,90.07767582,38.20891571,8498.356878,5414.054410,-3084.302468,False,False,False,False,DERIVED_CONDITIONAL_GEOMETRY_NOT_EVENT_LOCATION
1298,90.09728432,38.19664001,8496.485860,5413.486567,-3082.999292,False,False,False,False,DERIVED_CONDITIONAL_GEOMETRY_NOT_EVENT_LOCATION
1299,90.11689281,38.18436432,8494.615032,5412.919906,-3081.695126,False,False,False,False,DERIVED_CONDITIONAL_GEOMETRY_NOT_EVENT_LOCATION
1300,90.13650131,38.17208862,8492.744396,5412.354426,-3080.389971,False,False,False,False,DERIVED_CONDITIONAL_GEOMETRY_NOT_EVENT_LOCATION
1301,90.15610981,38.15981293,8490.873952,5411.790127,-3079.083825,False,False,False,False,DERIVED_CONDITIONAL_GEOMETRY_NOT_EVENT_LOCATION
1302,90.17571831,38.14753723,8489.003700,5411.227012,-3077.776689,False,False,False,False,DERIVED_CONDITIONAL_GEOMETRY_NOT_EVENT_LOCATION
1303,90.19532681,38.13526154,8487.133641,5410.665079,-3076.468562,False,False,False,False,DERIVED_CONDITIONAL_GEOMETRY_NOT_EVENT_LOCATION
1304,90.21493530,38.12298584,8485.263774,5410.104330,-3075.159444,False,False,False,False,DERIVED_CONDITIONAL_GEOMETRY_NOT_EVENT_LOCATION
1305,90.23454380,38.11071014,8483.394100,5409.544765,-3073.849335,False,False,False,False,DERIVED_CONDITIONAL_GEOMETRY_NOT_EVENT_LOCATION
1306,90.25415230,38.09843445,8481.524620,5408.986384,-3072.538236,False,False,False,False,DERIVED_CONDITIONAL_GEOMETRY_NOT_EVENT_LOCATION
1307,90.27376080,38.08615875,8479.655333,5408.429189,-3071.226144,False,False,False,False,DERIVED_CONDITIONAL_GEOMETRY_NOT_EVENT_LOCATION
1308,90.29336929,38.07388306,8477.786241,5407.873179,-3069.913061,False,False,False,False,DERIVED_CONDITIONAL_GEOMETRY_NOT_EVENT_LOCATION
1309,90.31297779,38.06160736,8475.917343,5407.318356,-3068.598987,False,False,False,False,DERIVED_CONDITIONAL_GEOMETRY_NOT_EVENT_LOCATION
1310,90.33258629,38.04933167,8474.048639,5406.764719,-3067.283920,False,False,False,False,DERIVED_CONDITIONAL_GEOMETRY_NOT_EVENT_LOCATION
1311,90.35219479,38.03705597,8472.180131,5406.212270,-3065.967861,False,False,False,False,DERIVED_CONDITIONAL_GEOMETRY_NOT_EVENT_LOCATION
1312,90.37180328,38.02478027,8470.311817,5405.661008,-3064.650809,False,False,False,False,DERIVED_CONDITIONAL_GEOMETRY_NOT_EVENT_LOCATION
1313,90.39141178,38.01250458,8468.443700,5405.110934,-3063.332765,False,False,False,False,DERIVED_CONDITIONAL_GEOMETRY_NOT_EVENT_LOCATION
1314,90.41102028,38.00022888,8466.575778,5404.562050,-3062.013729,False,False,False,False,DERIVED_CONDITIONAL_GEOMETRY_NOT_EVENT_LOCATION
1315,90.43062878,37.98795319,8464.708053,5404.014354,-3060.693699,False,False,False,False,DERIVED_CONDITIONAL_GEOMETRY_NOT_EVENT_LOCATION
1316,90.45023727,37.97567749,8462.840524,5403.467848,-3059.372675,False,False,False,False,DERIVED_CONDITIONAL_GEOMETRY_NOT_EVENT_LOCATION
1317,90.46984577,37.96340179,8460.973192,5402.922533,-3058.050659,False,False,False,False,DERIVED_CONDITIONAL_GEOMETRY_NOT_EVENT_LOCATION
1318,90.48945427,37.95112610,8459.106057,5402.378408,-3056.727649,False,False,False,False,DERIVED_CONDITIONAL_GEOMETRY_NOT_EVENT_LOCATION
1319,90.50906277,37.93885040,8457.239120,5401.835475,-3055.403645,False,False,False,False,DERIVED_CONDITIONAL_GEOMETRY_NOT_EVENT_LOCATION
1320,90.52867126,37.92657471,8455.372380,5401.293734,-3054.078647,False,False,False,False,DERIVED_CONDITIONAL_GEOMETRY_NOT_EVENT_LOCATION
1321,90.54851557,37.91361753,8453.427532,5400.692546,-3052.734986,False,False,False,False,DERIVED_CONDITIONAL_GEOMETRY_NOT_EVENT_LOCATION
1322,90.56835987,37.90066036,8451.482877,5400.092605,-3051.390272,False,False,False,False,DERIVED_CONDITIONAL_GEOMETRY_NOT_EVENT_LOCATION
1323,90.58820417,37.88770319,8449.538415,5399.493912,-3050.044503,False,False,False,False,DERIVED_CONDITIONAL_GEOMETRY_NOT_EVENT_LOCATION
1324,90.60804847,37.87474601,8447.594146,5398.896466,-3048.697680,False,False,False,False,DERIVED_CONDITIONAL_GEOMETRY_NOT_EVENT_LOCATION
1325,90.62789277,37.86178884,8445.650072,5398.300268,-3047.349803,False,False,False,False,DERIVED_CONDITIONAL_GEOMETRY_NOT_EVENT_LOCATION
1326,90.64773707,37.84883167,8443.706191,5397.705320,-3046.000871,False,False,False,False,DERIVED_CONDITIONAL_GEOMETRY_NOT_EVENT_LOCATION
1327,90.66758137,37.83587450,8441.762506,5397.111622,-3044.650884,False,False,False,False,DERIVED_CONDITIONAL_GEOMETRY_NOT_EVENT_LOCATION
1328,90.68742567,37.82291732,8439.819015,5396.519173,-3043.299842,False,False,False,False,DERIVED_CONDITIONAL_GEOMETRY_NOT_EVENT_LOCATION
1329,90.70726998,37.80996015,8437.875720,5395.927975,-3041.947744,False,False,False,False,DERIVED_CONDITIONAL_GEOMETRY_NOT_EVENT_LOCATION
1330,90.72711428,37.79700298,8435.932620,5395.338029,-3040.594591,False,False,False,False,DERIVED_CONDITIONAL_GEOMETRY_NOT_EVENT_LOCATION
1331,90.74695858,37.78404580,8433.989716,5394.749335,-3039.240381,False,False,False,False,DERIVED_CONDITIONAL_GEOMETRY_NOT_EVENT_LOCATION
1332,90.76680288,37.77108863,8432.047009,5394.161893,-3037.885116,False,False,False,False,DERIVED_CONDITIONAL_GEOMETRY_NOT_EVENT_LOCATION
1333,90.78664718,37.75813146,8430.104498,5393.575704,-3036.528794,False,False,False,False,DERIVED_CONDITIONAL_GEOMETRY_NOT_EVENT_LOCATION
1334,90.80649148,37.74517428,8428.162184,5392.990769,-3035.171416,False,False,False,False,DERIVED_CONDITIONAL_GEOMETRY_NOT_EVENT_LOCATION
1335,90.82633578,37.73221711,8426.220068,5392.407087,-3033.812980,False,False,False,False,DERIVED_CONDITIONAL_GEOMETRY_NOT_EVENT_LOCATION
1336,90.84618009,37.71925994,8424.278149,5391.824661,-3032.453488,False,False,False,False,DERIVED_CONDITIONAL_GEOMETRY_NOT_EVENT_LOCATION
1337,90.86602439,37.70630277,8422.336429,5391.243490,-3031.092939,False,False,False,False,DERIVED_CONDITIONAL_GEOMETRY_NOT_EVENT_LOCATION
1338,90.88586869,37.69334559,8420.394906,5390.663575,-3029.731331,False,False,False,False,DERIVED_CONDITIONAL_GEOMETRY_NOT_EVENT_LOCATION
1339,90.90571299,37.68038842,8418.453583,5390.084916,-3028.368667,False,False,False,False,DERIVED_CONDITIONAL_GEOMETRY_NOT_EVENT_LOCATION
1340,90.92555729,37.66743125,8416.512458,5389.507515,-3027.004944,False,False,False,False,DERIVED_CONDITIONAL_GEOMETRY_NOT_EVENT_LOCATION
1341,90.94540159,37.65447407,8414.571533,5388.931371,-3025.640163,False,False,False,False,DERIVED_CONDITIONAL_GEOMETRY_NOT_EVENT_LOCATION
1342,90.96524589,37.64151690,8412.630808,5388.356485,-3024.274323,False,False,False,False,DERIVED_CONDITIONAL_GEOMETRY_NOT_EVENT_LOCATION
1343,90.98509019,37.62855973,8410.690283,5387.782857,-3022.907425,False,False,False,False,DERIVED_CONDITIONAL_GEOMETRY_NOT_EVENT_LOCATION
1344,91.00493450,37.61560255,8408.749958,5387.210489,-3021.539468,False,False,False,False,DERIVED_CONDITIONAL_GEOMETRY_NOT_EVENT_LOCATION
1345,91.02477880,37.60264538,8406.809834,5386.639381,-3020.170453,False,False,False,False,DERIVED_CONDITIONAL_GEOMETRY_NOT_EVENT_LOCATION
1346,91.04462310,37.58968821,8404.869911,5386.069533,-3018.800377,False,False,False,False,DERIVED_CONDITIONAL_GEOMETRY_NOT_EVENT_LOCATION
1347,91.06446740,37.57673104,8402.930189,5385.500947,-3017.429243,False,False,False,False,DERIVED_CONDITIONAL_GEOMETRY_NOT_EVENT_LOCATION
1348,91.08431170,37.56377386,8400.990669,5384.933621,-3016.057048,False,False,False,False,DERIVED_CONDITIONAL_GEOMETRY_NOT_EVENT_LOCATION
1349,91.10415600,37.55081669,8399.051352,5384.367558,-3014.683794,False,False,False,False,DERIVED_CONDITIONAL_GEOMETRY_NOT_EVENT_LOCATION
1350,91.12400030,37.53785952,8397.112237,5383.802757,-3013.309480,False,False,False,False,DERIVED_CONDITIONAL_GEOMETRY_NOT_EVENT_LOCATION
1351,91.14384460,37.52490234,8395.173324,5383.239220,-3011.934105,False,False,False,False,DERIVED_CONDITIONAL_GEOMETRY_NOT_EVENT_LOCATION
1352,91.16329169,37.51166657,8393.216969,5382.634025,-3010.582943,False,False,False,False,DERIVED_CONDITIONAL_GEOMETRY_NOT_EVENT_LOCATION
1353,91.18273877,37.49843081,8391.260799,5382.030071,-3009.230727,False,False,False,False,DERIVED_CONDITIONAL_GEOMETRY_NOT_EVENT_LOCATION
1354,91.20218585,37.48519504,8389.304814,5381.427358,-3007.877456,False,False,False,False,DERIVED_CONDITIONAL_GEOMETRY_NOT_EVENT_LOCATION
1355,91.22163293,37.47195927,8387.349016,5380.825885,-3006.523131,False,False,False,False,DERIVED_CONDITIONAL_GEOMETRY_NOT_EVENT_LOCATION
1356,91.24108001,37.45872350,8385.393404,5380.225654,-3005.167749,False,False,False,False,DERIVED_CONDITIONAL_GEOMETRY_NOT_EVENT_LOCATION
1357,91.26052709,37.44548773,8383.437978,5379.626665,-3003.811313,False,False,False,False,DERIVED_CONDITIONAL_GEOMETRY_NOT_EVENT_LOCATION
1358,91.27997417,37.43225196,8381.482740,5379.028920,-3002.453820,False,False,False,False,DERIVED_CONDITIONAL_GEOMETRY_NOT_EVENT_LOCATION
1359,91.29942125,37.41901619,8379.527689,5378.432417,-3001.095272,False,False,False,False,DERIVED_CONDITIONAL_GEOMETRY_NOT_EVENT_LOCATION
1360,91.31886833,37.40578042,8377.572826,5377.837159,-2999.735668,False,False,False,False,DERIVED_CONDITIONAL_GEOMETRY_NOT_EVENT_LOCATION
1361,91.33831541,37.39254465,8375.618151,5377.243145,-2998.375007,False,False,False,False,DERIVED_CONDITIONAL_GEOMETRY_NOT_EVENT_LOCATION
1362,91.35776249,37.37930889,8373.663665,5376.650376,-2997.013289,False,False,False,False,DERIVED_CONDITIONAL_GEOMETRY_NOT_EVENT_LOCATION
1363,91.37720957,37.36607312,8371.709367,5376.058852,-2995.650515,False,False,False,False,DERIVED_CONDITIONAL_GEOMETRY_NOT_EVENT_LOCATION
1364,91.39665665,37.35283735,8369.755258,5375.468575,-2994.286683,False,False,False,False,DERIVED_CONDITIONAL_GEOMETRY_NOT_EVENT_LOCATION
1365,91.41610373,37.33960158,8367.801339,5374.879544,-2992.921794,False,False,False,False,DERIVED_CONDITIONAL_GEOMETRY_NOT_EVENT_LOCATION
1366,91.43555081,37.32636581,8365.847609,5374.291761,-2991.555848,False,False,False,False,DERIVED_CONDITIONAL_GEOMETRY_NOT_EVENT_LOCATION
1367,91.45499789,37.31313004,8363.894070,5373.705226,-2990.188844,False,False,False,False,DERIVED_CONDITIONAL_GEOMETRY_NOT_EVENT_LOCATION
1368,91.47444497,37.29989427,8361.940721,5373.119939,-2988.820782,False,False,False,False,DERIVED_CONDITIONAL_GEOMETRY_NOT_EVENT_LOCATION
1369,91.49389205,37.28665850,8359.987562,5372.535901,-2987.451661,False,False,False,False,DERIVED_CONDITIONAL_GEOMETRY_NOT_EVENT_LOCATION
1370,91.51333913,37.27342273,8358.034595,5371.953112,-2986.081483,False,False,False,False,DERIVED_CONDITIONAL_GEOMETRY_NOT_EVENT_LOCATION
1371,91.53278622,37.26018696,8356.081819,5371.371574,-2984.710245,False,False,False,False,DERIVED_CONDITIONAL_GEOMETRY_NOT_EVENT_LOCATION
1372,91.55223330,37.24695120,8354.129235,5370.791286,-2983.337949,False,False,False,False,DERIVED_CONDITIONAL_GEOMETRY_NOT_EVENT_LOCATION
1373,91.57168038,37.23371543,8352.176843,5370.212250,-2981.964594,False,False,False,False,DERIVED_CONDITIONAL_GEOMETRY_NOT_EVENT_LOCATION
1374,91.59112746,37.22047966,8350.224643,5369.634465,-2980.590179,False,False,False,False,DERIVED_CONDITIONAL_GEOMETRY_NOT_EVENT_LOCATION
1375,91.61057454,37.20724389,8348.272637,5369.057932,-2979.214705,False,False,False,False,DERIVED_CONDITIONAL_GEOMETRY_NOT_EVENT_LOCATION
1376,91.63002162,37.19400812,8346.320823,5368.482652,-2977.838171,False,False,False,False,DERIVED_CONDITIONAL_GEOMETRY_NOT_EVENT_LOCATION
1377,91.64946870,37.18077235,8344.369202,5367.908625,-2976.460577,False,False,False,False,DERIVED_CONDITIONAL_GEOMETRY_NOT_EVENT_LOCATION
1378,91.66891578,37.16753658,8342.417776,5367.335853,-2975.081923,False,False,False,False,DERIVED_CONDITIONAL_GEOMETRY_NOT_EVENT_LOCATION
1379,91.68836286,37.15430081,8340.466543,5366.764335,-2973.702208,False,False,False,False,DERIVED_CONDITIONAL_GEOMETRY_NOT_EVENT_LOCATION
1380,91.70780994,37.14106504,8338.515505,5366.194072,-2972.321433,False,False,False,False,DERIVED_CONDITIONAL_GEOMETRY_NOT_EVENT_LOCATION
1381,91.72725702,37.12782927,8336.564661,5365.625064,-2970.939597,False,False,False,False,DERIVED_CONDITIONAL_GEOMETRY_NOT_EVENT_LOCATION
1382,91.74670410,37.11459351,8334.614013,5365.057312,-2969.556700,False,False,False,False,DERIVED_CONDITIONAL_GEOMETRY_NOT_EVENT_LOCATION
1383,91.76638947,37.10063477,8332.580654,5364.427849,-2968.152806,False,False,False,False,DERIVED_CONDITIONAL_GEOMETRY_NOT_EVENT_LOCATION
1384,91.78607483,37.08667603,8330.547486,5363.799702,-2966.747785,False,False,False,False,DERIVED_CONDITIONAL_GEOMETRY_NOT_EVENT_LOCATION
1385,91.80576019,37.07271729,8328.514509,5363.172872,-2965.341637,False,False,False,False,DERIVED_CONDITIONAL_GEOMETRY_NOT_EVENT_LOCATION
1386,91.82544556,37.05875854,8326.481722,5362.547360,-2963.934362,False,False,False,False,DERIVED_CONDITIONAL_GEOMETRY_NOT_EVENT_LOCATION
1387,91.84513092,37.04479980,8324.449127,5361.923167,-2962.525960,False,False,False,False,DERIVED_CONDITIONAL_GEOMETRY_NOT_EVENT_LOCATION
1388,91.86481628,37.03084106,8322.416723,5361.300293,-2961.116430,False,False,False,False,DERIVED_CONDITIONAL_GEOMETRY_NOT_EVENT_LOCATION
1389,91.88450165,37.01688232,8320.384512,5360.678738,-2959.705773,False,False,False,False,DERIVED_CONDITIONAL_GEOMETRY_NOT_EVENT_LOCATION
1390,91.90418701,37.00292358,8318.352492,5360.058504,-2958.293988,False,False,False,False,DERIVED_CONDITIONAL_GEOMETRY_NOT_EVENT_LOCATION
1391,91.92387238,36.98896484,8316.320666,5359.439591,-2956.881075,False,False,False,False,DERIVED_CONDITIONAL_GEOMETRY_NOT_EVENT_LOCATION
1392,91.94355774,36.97500610,8314.289033,5358.822000,-2955.467033,False,False,False,False,DERIVED_CONDITIONAL_GEOMETRY_NOT_EVENT_LOCATION
1393,91.96324310,36.96104736,8312.257593,5358.205730,-2954.051863,False,False,False,False,DERIVED_CONDITIONAL_GEOMETRY_NOT_EVENT_LOCATION
1394,91.98292847,36.94708862,8310.226347,5357.590783,-2952.635563,False,False,False,False,DERIVED_CONDITIONAL_GEOMETRY_NOT_EVENT_LOCATION
1395,92.00261383,36.93312988,8308.195295,5356.977160,-2951.218135,False,False,False,False,DERIVED_CONDITIONAL_GEOMETRY_NOT_EVENT_LOCATION
1396,92.02229919,36.91917114,8306.164437,5356.364861,-2949.799577,False,False,False,False,DERIVED_CONDITIONAL_GEOMETRY_NOT_EVENT_LOCATION
1397,92.04198456,36.90521240,8304.133775,5355.753886,-2948.379889,False,False,False,False,DERIVED_CONDITIONAL_GEOMETRY_NOT_EVENT_LOCATION
1398,92.06166992,36.89125366,8302.103308,5355.144237,-2946.959071,False,False,False,False,DERIVED_CONDITIONAL_GEOMETRY_NOT_EVENT_LOCATION
1399,92.08135529,36.87729492,8300.073036,5354.535913,-2945.537123,False,False,False,False,DERIVED_CONDITIONAL_GEOMETRY_NOT_EVENT_LOCATION
1400,92.10104065,36.86333618,8298.042961,5353.928916,-2944.114045,False,False,False,False,DERIVED_CONDITIONAL_GEOMETRY_NOT_EVENT_LOCATION
1401,92.12072601,36.84937744,8296.013081,5353.323245,-2942.689836,False,False,False,False,DERIVED_CONDITIONAL_GEOMETRY_NOT_EVENT_LOCATION
1402,92.14041138,36.83541870,8293.983399,5352.718902,-2941.264496,False,False,False,False,DERIVED_CONDITIONAL_GEOMETRY_NOT_EVENT_LOCATION
1403,92.16009674,36.82145996,8291.953913,5352.115888,-2939.838025,False,False,False,False,DERIVED_CONDITIONAL_GEOMETRY_NOT_EVENT_LOCATION
1404,92.17978210,36.80750122,8289.924625,5351.514202,-2938.410423,False,False,False,False,DERIVED_CONDITIONAL_GEOMETRY_NOT_EVENT_LOCATION
1405,92.19946747,36.79354248,8287.895534,5350.913845,-2936.981689,False,False,False,False,DERIVED_CONDITIONAL_GEOMETRY_NOT_EVENT_LOCATION
1406,92.21915283,36.77958374,8285.866642,5350.314819,-2935.551823,False,False,False,False,DERIVED_CONDITIONAL_GEOMETRY_NOT_EVENT_LOCATION
1407,92.23883820,36.76562500,8283.837948,5349.717123,-2934.120825,False,False,False,False,DERIVED_CONDITIONAL_GEOMETRY_NOT_EVENT_LOCATION
1408,92.25852356,36.75166626,8281.809453,5349.120758,-2932.688695,False,False,False,False,DERIVED_CONDITIONAL_GEOMETRY_NOT_EVENT_LOCATION
1409,92.27820892,36.73770752,8279.781157,5348.525725,-2931.255433,False,False,False,False,DERIVED_CONDITIONAL_GEOMETRY_NOT_EVENT_LOCATION
1410,92.29789429,36.72374878,8277.753061,5347.932024,-2929.821037,False,False,False,False,DERIVED_CONDITIONAL_GEOMETRY_NOT_EVENT_LOCATION
1411,92.31757965,36.70979004,8275.725165,5347.339656,-2928.385509,False,False,False,False,DERIVED_CONDITIONAL_GEOMETRY_NOT_EVENT_LOCATION
1412,92.33726501,36.69583130,8273.697469,5346.748622,-2926.948847,False,False,False,False,DERIVED_CONDITIONAL_GEOMETRY_NOT_EVENT_LOCATION
1413,92.35720509,36.68110920,8271.582263,5346.093525,-2925.488738,False,False,False,False,DERIVED_CONDITIONAL_GEOMETRY_NOT_EVENT_LOCATION
1414,92.37714518,36.66638710,8269.467254,5345.439830,-2924.027424,False,False,False,False,DERIVED_CONDITIONAL_GEOMETRY_NOT_EVENT_LOCATION
1415,92.39708526,36.65166500,8267.352440,5344.787536,-2922.564904,False,False,False,False,DERIVED_CONDITIONAL_GEOMETRY_NOT_EVENT_LOCATION
1416,92.41702534,36.63694290,8265.237822,5344.136644,-2921.101178,False,False,False,False,DERIVED_CONDITIONAL_GEOMETRY_NOT_EVENT_LOCATION
1417,92.43696542,36.62222080,8263.123402,5343.487155,-2919.636247,False,False,False,False,DERIVED_CONDITIONAL_GEOMETRY_NOT_EVENT_LOCATION
1418,92.45690550,36.60749870,8261.009178,5342.839069,-2918.170109,False,False,False,False,DERIVED_CONDITIONAL_GEOMETRY_NOT_EVENT_LOCATION
1419,92.47684558,36.59277659,8258.895152,5342.192388,-2916.702764,False,False,False,False,DERIVED_CONDITIONAL_GEOMETRY_NOT_EVENT_LOCATION
1420,92.49678566,36.57805449,8256.781324,5341.547111,-2915.234213,False,False,False,False,DERIVED_CONDITIONAL_GEOMETRY_NOT_EVENT_LOCATION
1421,92.51672574,36.56333239,8254.667694,5340.903239,-2913.764455,False,False,False,False,DERIVED_CONDITIONAL_GEOMETRY_NOT_EVENT_LOCATION
1422,92.53666582,36.54861029,8252.554263,5340.260774,-2912.293489,False,False,False,False,DERIVED_CONDITIONAL_GEOMETRY_NOT_EVENT_LOCATION
1423,92.55660590,36.53388819,8250.441031,5339.619715,-2910.821316,False,False,False,False,DERIVED_CONDITIONAL_GEOMETRY_NOT_EVENT_LOCATION
1424,92.57654598,36.51916609,8248.327998,5338.980064,-2909.347934,False,False,False,False,DERIVED_CONDITIONAL_GEOMETRY_NOT_EVENT_LOCATION
1425,92.59648606,36.50444399,8246.215166,5338.341821,-2907.873345,False,False,False,False,DERIVED_CONDITIONAL_GEOMETRY_NOT_EVENT_LOCATION
1426,92.61642614,36.48972189,8244.102533,5337.704986,-2906.397547,False,False,False,False,DERIVED_CONDITIONAL_GEOMETRY_NOT_EVENT_LOCATION
1427,92.63636622,36.47499979,8241.990101,5337.069561,-2904.920540,False,False,False,False,DERIVED_CONDITIONAL_GEOMETRY_NOT_EVENT_LOCATION
1428,92.65630630,36.46027769,8239.877870,5336.435546,-2903.442324,False,False,False,False,DERIVED_CONDITIONAL_GEOMETRY_NOT_EVENT_LOCATION
1429,92.67624638,36.44555559,8237.765840,5335.802941,-2901.962899,False,False,False,False,DERIVED_CONDITIONAL_GEOMETRY_NOT_EVENT_LOCATION
1430,92.69618646,36.43083349,8235.654013,5335.171748,-2900.482265,False,False,False,False,DERIVED_CONDITIONAL_GEOMETRY_NOT_EVENT_LOCATION
1431,92.71612654,36.41611139,8233.542387,5334.541967,-2899.000420,False,False,False,False,DERIVED_CONDITIONAL_GEOMETRY_NOT_EVENT_LOCATION
1432,92.73606662,36.40138929,8231.430964,5333.913598,-2897.517366,False,False,False,False,DERIVED_CONDITIONAL_GEOMETRY_NOT_EVENT_LOCATION
1433,92.75600670,36.38666719,8229.319743,5333.286642,-2896.033101,False,False,False,False,DERIVED_CONDITIONAL_GEOMETRY_NOT_EVENT_LOCATION
1434,92.77594678,36.37194509,8227.208727,5332.661101,-2894.547626,False,False,False,False,DERIVED_CONDITIONAL_GEOMETRY_NOT_EVENT_LOCATION
1435,92.79588686,36.35722298,8225.097913,5332.036974,-2893.060940,False,False,False,False,DERIVED_CONDITIONAL_GEOMETRY_NOT_EVENT_LOCATION
1436,92.81582694,36.34250088,8222.987304,5331.414262,-2891.573042,False,False,False,False,DERIVED_CONDITIONAL_GEOMETRY_NOT_EVENT_LOCATION
1437,92.83576702,36.32777878,8220.876899,5330.792966,-2890.083934,False,False,False,False,DERIVED_CONDITIONAL_GEOMETRY_NOT_EVENT_LOCATION
1438,92.85570710,36.31305668,8218.766700,5330.173086,-2888.593614,False,False,False,False,DERIVED_CONDITIONAL_GEOMETRY_NOT_EVENT_LOCATION
1439,92.87564718,36.29833458,8216.656705,5329.554623,-2887.102082,False,False,False,False,DERIVED_CONDITIONAL_GEOMETRY_NOT_EVENT_LOCATION
1440,92.89558726,36.28361248,8214.546916,5328.937578,-2885.609338,False,False,False,False,DERIVED_CONDITIONAL_GEOMETRY_NOT_EVENT_LOCATION
1441,92.91552734,36.26889038,8212.437333,5328.321952,-2884.115381,False,False,False,False,DERIVED_CONDITIONAL_GEOMETRY_NOT_EVENT_LOCATION
1442,92.93504544,36.25389152,8210.310375,5327.662869,-2882.647507,False,False,False,False,DERIVED_CONDITIONAL_GEOMETRY_NOT_EVENT_LOCATION
1443,92.95456354,36.23889265,8208.183605,5327.005178,-2881.178427,False,False,False,False,DERIVED_CONDITIONAL_GEOMETRY_NOT_EVENT_LOCATION
1444,92.97408163,36.22389379,8206.057024,5326.348880,-2879.708143,False,False,False,False,DERIVED_CONDITIONAL_GEOMETRY_NOT_EVENT_LOCATION
1445,92.99359973,36.20889493,8203.930631,5325.693977,-2878.236654,False,False,False,False,DERIVED_CONDITIONAL_GEOMETRY_NOT_EVENT_LOCATION
1446,93.01311782,36.19389606,8201.804427,5325.040467,-2876.763959,False,False,False,False,DERIVED_CONDITIONAL_GEOMETRY_NOT_EVENT_LOCATION
1447,93.03263592,36.17889720,8199.678412,5324.388353,-2875.290059,False,False,False,False,DERIVED_CONDITIONAL_GEOMETRY_NOT_EVENT_LOCATION
1448,93.05215401,36.16389834,8197.552587,5323.737634,-2873.814952,False,False,False,False,DERIVED_CONDITIONAL_GEOMETRY_NOT_EVENT_LOCATION
1449,93.07167211,36.14889947,8195.426952,5323.088312,-2872.338640,False,False,False,False,DERIVED_CONDITIONAL_GEOMETRY_NOT_EVENT_LOCATION
1450,93.09119021,36.13390061,8193.301507,5322.440387,-2870.861120,False,False,False,False,DERIVED_CONDITIONAL_GEOMETRY_NOT_EVENT_LOCATION
1451,93.11070830,36.11890175,8191.176254,5321.793860,-2869.382394,False,False,False,False,DERIVED_CONDITIONAL_GEOMETRY_NOT_EVENT_LOCATION
1452,93.13022640,36.10390288,8189.051191,5321.148730,-2867.902461,False,False,False,False,DERIVED_CONDITIONAL_GEOMETRY_NOT_EVENT_LOCATION
1453,93.14974449,36.08890402,8186.926320,5320.505000,-2866.421320,False,False,False,False,DERIVED_CONDITIONAL_GEOMETRY_NOT_EVENT_LOCATION
1454,93.16926259,36.07390516,8184.801642,5319.862669,-2864.938972,False,False,False,False,DERIVED_CONDITIONAL_GEOMETRY_NOT_EVENT_LOCATION
1455,93.18878069,36.05890629,8182.677155,5319.221739,-2863.455416,False,False,False,False,DERIVED_CONDITIONAL_GEOMETRY_NOT_EVENT_LOCATION
1456,93.20829878,36.04390743,8180.552861,5318.582209,-2861.970652,False,False,False,False,DERIVED_CONDITIONAL_GEOMETRY_NOT_EVENT_LOCATION
1457,93.22781688,36.02890857,8178.428761,5317.944081,-2860.484679,False,False,False,False,DERIVED_CONDITIONAL_GEOMETRY_NOT_EVENT_LOCATION
1458,93.24733497,36.01390970,8176.304853,5317.307355,-2858.997498,False,False,False,False,DERIVED_CONDITIONAL_GEOMETRY_NOT_EVENT_LOCATION
1459,93.26685307,35.99891084,8174.181140,5316.672032,-2857.509108,False,False,False,False,DERIVED_CONDITIONAL_GEOMETRY_NOT_EVENT_LOCATION
1460,93.28637117,35.98391197,8172.057621,5316.038112,-2856.019509,False,False,False,False,DERIVED_CONDITIONAL_GEOMETRY_NOT_EVENT_LOCATION
1461,93.30588926,35.96891311,8169.934296,5315.405596,-2854.528700,False,False,False,False,DERIVED_CONDITIONAL_GEOMETRY_NOT_EVENT_LOCATION
1462,93.32540736,35.95391425,8167.811166,5314.774485,-2853.036681,False,False,False,False,DERIVED_CONDITIONAL_GEOMETRY_NOT_EVENT_LOCATION
1463,93.34492545,35.93891538,8165.688232,5314.144779,-2851.543453,False,False,False,False,DERIVED_CONDITIONAL_GEOMETRY_NOT_EVENT_LOCATION
1464,93.36444355,35.92391652,8163.565494,5313.516479,-2850.049014,False,False,False,False,DERIVED_CONDITIONAL_GEOMETRY_NOT_EVENT_LOCATION
1465,93.38396164,35.90891766,8161.442951,5312.889586,-2848.553365,False,False,False,False,DERIVED_CONDITIONAL_GEOMETRY_NOT_EVENT_LOCATION
1466,93.40347974,35.89391879,8159.320605,5312.264100,-2847.056505,False,False,False,False,DERIVED_CONDITIONAL_GEOMETRY_NOT_EVENT_LOCATION
1467,93.42299784,35.87891993,8157.198456,5311.640022,-2845.558434,False,False,False,False,DERIVED_CONDITIONAL_GEOMETRY_NOT_EVENT_LOCATION
1468,93.44251593,35.86392107,8155.076504,5311.017352,-2844.059152,False,False,False,False,DERIVED_CONDITIONAL_GEOMETRY_NOT_EVENT_LOCATION
1469,93.46203403,35.84892220,8152.954750,5310.396091,-2842.558659,False,False,False,False,DERIVED_CONDITIONAL_GEOMETRY_NOT_EVENT_LOCATION
1470,93.48155212,35.83392334,8150.833193,5309.776239,-2841.056954,False,False,False,False,DERIVED_CONDITIONAL_GEOMETRY_NOT_EVENT_LOCATION
1471,93.50133133,35.81811087,8148.618480,5309.089752,-2839.528728,False,False,False,False,DERIVED_CONDITIONAL_GEOMETRY_NOT_EVENT_LOCATION
1472,93.52111053,35.80229841,8146.403961,5308.404749,-2837.999212,False,False,False,False,DERIVED_CONDITIONAL_GEOMETRY_NOT_EVENT_LOCATION
1473,93.54088974,35.78648594,8144.189635,5307.721232,-2836.468404,False,False,False,False,DERIVED_CONDITIONAL_GEOMETRY_NOT_EVENT_LOCATION
1474,93.56066895,35.77067348,8141.975504,5307.039200,-2834.936304,False,False,False,False,DERIVED_CONDITIONAL_GEOMETRY_NOT_EVENT_LOCATION
1475,93.58044815,35.75486101,8139.761567,5306.358655,-2833.402913,False,False,False,False,DERIVED_CONDITIONAL_GEOMETRY_NOT_EVENT_LOCATION
1476,93.60022736,35.73904855,8137.547826,5305.679597,-2831.868229,False,False,False,False,DERIVED_CONDITIONAL_GEOMETRY_NOT_EVENT_LOCATION
1477,93.62000656,35.72323608,8135.334280,5305.002027,-2830.332253,False,False,False,False,DERIVED_CONDITIONAL_GEOMETRY_NOT_EVENT_LOCATION
1478,93.63978577,35.70742362,8133.120930,5304.325946,-2828.794984,False,False,False,False,DERIVED_CONDITIONAL_GEOMETRY_NOT_EVENT_LOCATION
1479,93.65956497,35.69161115,8130.907776,5303.651355,-2827.256421,False,False,False,False,DERIVED_CONDITIONAL_GEOMETRY_NOT_EVENT_LOCATION
1480,93.67934418,35.67579869,8128.694819,5302.978253,-2825.716566,False,False,False,False,DERIVED_CONDITIONAL_GEOMETRY_NOT_EVENT_LOCATION
1481,93.69912338,35.65998622,8126.482059,5302.306642,-2824.175416,False,False,False,False,DERIVED_CONDITIONAL_GEOMETRY_NOT_EVENT_LOCATION
1482,93.71890259,35.64417376,8124.269496,5301.636523,-2822.632973,False,False,False,False,DERIVED_CONDITIONAL_GEOMETRY_NOT_EVENT_LOCATION
1483,93.73868179,35.62836129,8122.057132,5300.967896,-2821.089236,False,False,False,False,DERIVED_CONDITIONAL_GEOMETRY_NOT_EVENT_LOCATION
1484,93.75846100,35.61254883,8119.844966,5300.300762,-2819.544203,False,False,False,False,DERIVED_CONDITIONAL_GEOMETRY_NOT_EVENT_LOCATION
1485,93.77824020,35.59673636,8117.632998,5299.635122,-2817.997876,False,False,False,False,DERIVED_CONDITIONAL_GEOMETRY_NOT_EVENT_LOCATION
1486,93.79801941,35.58092390,8115.421230,5298.970976,-2816.450254,False,False,False,False,DERIVED_CONDITIONAL_GEOMETRY_NOT_EVENT_LOCATION
1487,93.81779861,35.56511143,8113.209661,5298.308325,-2814.901336,False,False,False,False,DERIVED_CONDITIONAL_GEOMETRY_NOT_EVENT_LOCATION
1488,93.83757782,35.54929897,8110.998292,5297.647169,-2813.351123,False,False,False,False,DERIVED_CONDITIONAL_GEOMETRY_NOT_EVENT_LOCATION
1489,93.85735703,35.53348650,8108.787124,5296.987510,-2811.799614,False,False,False,False,DERIVED_CONDITIONAL_GEOMETRY_NOT_EVENT_LOCATION
1490,93.87713623,35.51767404,8106.576156,5296.329348,-2810.246808,False,False,False,False,DERIVED_CONDITIONAL_GEOMETRY_NOT_EVENT_LOCATION
1491,93.89691544,35.50186157,8104.365390,5295.672684,-2808.692706,False,False,False,False,DERIVED_CONDITIONAL_GEOMETRY_NOT_EVENT_LOCATION
1492,93.91669464,35.48604911,8102.154825,5295.017518,-2807.137307,False,False,False,False,DERIVED_CONDITIONAL_GEOMETRY_NOT_EVENT_LOCATION
1493,93.93647385,35.47023664,8099.944462,5294.363851,-2805.580611,False,False,False,False,DERIVED_CONDITIONAL_GEOMETRY_NOT_EVENT_LOCATION
1494,93.95625305,35.45442418,8097.734301,5293.711684,-2804.022617,False,False,False,False,DERIVED_CONDITIONAL_GEOMETRY_NOT_EVENT_LOCATION
1495,93.97603226,35.43861171,8095.524343,5293.061017,-2802.463326,False,False,False,False,DERIVED_CONDITIONAL_GEOMETRY_NOT_EVENT_LOCATION
1496,93.99581146,35.42279925,8093.314588,5292.411852,-2800.902736,False,False,False,False,DERIVED_CONDITIONAL_GEOMETRY_NOT_EVENT_LOCATION
1497,94.01559067,35.40698678,8091.105037,5291.764188,-2799.340849,False,False,False,False,DERIVED_CONDITIONAL_GEOMETRY_NOT_EVENT_LOCATION
1498,94.03536987,35.39117432,8088.895690,5291.118027,-2797.777663,False,False,False,False,DERIVED_CONDITIONAL_GEOMETRY_NOT_EVENT_LOCATION
1499,94.05471475,35.37509046,8086.669330,5290.427686,-2796.241644,False,False,False,False,DERIVED_CONDITIONAL_GEOMETRY_NOT_EVENT_LOCATION
1500,94.07405962,35.35900661,8084.443156,5289.738821,-2794.704335,False,False,False,False,DERIVED_CONDITIONAL_GEOMETRY_NOT_EVENT_LOCATION
1501,94.09340450,35.34292276,8082.217168,5289.051431,-2793.165737,False,False,False,False,DERIVED_CONDITIONAL_GEOMETRY_NOT_EVENT_LOCATION
1502,94.11274937,35.32683890,8079.991366,5288.365518,-2791.625848,False,False,False,False,DERIVED_CONDITIONAL_GEOMETRY_NOT_EVENT_LOCATION
1503,94.13209425,35.31075505,8077.765751,5287.681082,-2790.084669,False,False,False,False,DERIVED_CONDITIONAL_GEOMETRY_NOT_EVENT_LOCATION
1504,94.15143912,35.29467119,8075.540323,5286.998123,-2788.542200,False,False,False,False,DERIVED_CONDITIONAL_GEOMETRY_NOT_EVENT_LOCATION
1505,94.17078400,35.27858734,8073.315083,5286.316644,-2786.998440,False,False,False,False,DERIVED_CONDITIONAL_GEOMETRY_NOT_EVENT_LOCATION
1506,94.19012887,35.26250349,8071.090031,5285.636643,-2785.453388,False,False,False,False,DERIVED_CONDITIONAL_GEOMETRY_NOT_EVENT_LOCATION
1507,94.20947375,35.24641963,8068.865168,5284.958122,-2783.907045,False,False,False,False,DERIVED_CONDITIONAL_GEOMETRY_NOT_EVENT_LOCATION
1508,94.22881862,35.23033578,8066.640493,5284.281082,-2782.359411,False,False,False,False,DERIVED_CONDITIONAL_GEOMETRY_NOT_EVENT_LOCATION
1509,94.24816350,35.21425193,8064.416007,5283.605524,-2780.810484,False,False,False,False,DERIVED_CONDITIONAL_GEOMETRY_NOT_EVENT_LOCATION
1510,94.26750837,35.19816807,8062.191711,5282.931447,-2779.260265,False,False,False,False,DERIVED_CONDITIONAL_GEOMETRY_NOT_EVENT_LOCATION
1511,94.28685325,35.18208422,8059.967605,5282.258852,-2777.708753,False,False,False,False,DERIVED_CONDITIONAL_GEOMETRY_NOT_EVENT_LOCATION
1512,94.30619812,35.16600037,8057.743690,5281.587741,-2776.155948,False,False,False,False,DERIVED_CONDITIONAL_GEOMETRY_NOT_EVENT_LOCATION
1513,94.32554299,35.14991651,8055.519965,5280.918114,-2774.601850,False,False,False,False,DERIVED_CONDITIONAL_GEOMETRY_NOT_EVENT_LOCATION
1514,94.34488787,35.13383266,8053.296431,5280.249972,-2773.046459,False,False,False,False,DERIVED_CONDITIONAL_GEOMETRY_NOT_EVENT_LOCATION
1515,94.36423274,35.11774881,8051.073089,5279.583315,-2771.489774,False,False,False,False,DERIVED_CONDITIONAL_GEOMETRY_NOT_EVENT_LOCATION
1516,94.38357762,35.10166495,8048.849939,5278.918144,-2769.931795,False,False,False,False,DERIVED_CONDITIONAL_GEOMETRY_NOT_EVENT_LOCATION
1517,94.40292249,35.08558110,8046.626981,5278.254460,-2768.372521,False,False,False,False,DERIVED_CONDITIONAL_GEOMETRY_NOT_EVENT_LOCATION
1518,94.42226737,35.06949724,8044.404216,5277.592262,-2766.811953,False,False,False,False,DERIVED_CONDITIONAL_GEOMETRY_NOT_EVENT_LOCATION
1519,94.44161224,35.05341339,8042.181644,5276.931553,-2765.250090,False,False,False,False,DERIVED_CONDITIONAL_GEOMETRY_NOT_EVENT_LOCATION
1520,94.46095712,35.03732954,8039.959265,5276.272333,-2763.686932,False,False,False,False,DERIVED_CONDITIONAL_GEOMETRY_NOT_EVENT_LOCATION
1521,94.48030199,35.02124568,8037.737080,5275.614602,-2762.122478,False,False,False,False,DERIVED_CONDITIONAL_GEOMETRY_NOT_EVENT_LOCATION
1522,94.49964687,35.00516183,8035.515090,5274.958361,-2760.556729,False,False,False,False,DERIVED_CONDITIONAL_GEOMETRY_NOT_EVENT_LOCATION
1523,94.51899174,34.98907798,8033.293294,5274.303611,-2758.989684,False,False,False,False,DERIVED_CONDITIONAL_GEOMETRY_NOT_EVENT_LOCATION
1524,94.53833662,34.97299412,8031.071694,5273.650352,-2757.421342,False,False,False,False,DERIVED_CONDITIONAL_GEOMETRY_NOT_EVENT_LOCATION
1525,94.55768149,34.95691027,8028.850289,5272.998585,-2755.851704,False,False,False,False,DERIVED_CONDITIONAL_GEOMETRY_NOT_EVENT_LOCATION
1526,94.57702637,34.94082642,8026.629079,5272.348310,-2754.280769,False,False,False,False,DERIVED_CONDITIONAL_GEOMETRY_NOT_EVENT_LOCATION
1527,94.59664013,34.92387334,8024.308449,5271.628629,-2752.679820,False,False,False,False,DERIVED_CONDITIONAL_GEOMETRY_NOT_EVENT_LOCATION
1528,94.61625389,34.90692026,8021.988010,5270.910523,-2751.077487,False,False,False,False,DERIVED_CONDITIONAL_GEOMETRY_NOT_EVENT_LOCATION
1529,94.63586765,34.88996718,8019.667763,5270.193995,-2749.473768,False,False,False,False,DERIVED_CONDITIONAL_GEOMETRY_NOT_EVENT_LOCATION
1530,94.65548141,34.87301410,8017.347709,5269.479044,-2747.868665,False,False,False,False,DERIVED_CONDITIONAL_GEOMETRY_NOT_EVENT_LOCATION
1531,94.67509517,34.85606102,8015.027847,5268.765672,-2746.262176,False,False,False,False,DERIVED_CONDITIONAL_GEOMETRY_NOT_EVENT_LOCATION
1532,94.69470893,34.83910794,8012.708179,5268.053878,-2744.654301,False,False,False,False,DERIVED_CONDITIONAL_GEOMETRY_NOT_EVENT_LOCATION
1533,94.71432269,34.82215486,8010.388705,5267.343665,-2743.045040,False,False,False,False,DERIVED_CONDITIONAL_GEOMETRY_NOT_EVENT_LOCATION
1534,94.73393645,34.80520178,8008.069424,5266.635032,-2741.434392,False,False,False,False,DERIVED_CONDITIONAL_GEOMETRY_NOT_EVENT_LOCATION
1535,94.75355021,34.78824870,8005.750338,5265.927980,-2739.822358,False,False,False,False,DERIVED_CONDITIONAL_GEOMETRY_NOT_EVENT_LOCATION
1536,94.77316397,34.77129562,8003.431447,5265.222511,-2738.208937,False,False,False,False,DERIVED_CONDITIONAL_GEOMETRY_NOT_EVENT_LOCATION
1537,94.79277773,34.75434254,8001.112752,5264.518624,-2736.594128,False,False,False,False,DERIVED_CONDITIONAL_GEOMETRY_NOT_EVENT_LOCATION
1538,94.81239149,34.73738946,7998.794252,5263.816321,-2734.977931,False,False,False,False,DERIVED_CONDITIONAL_GEOMETRY_NOT_EVENT_LOCATION
1539,94.83200525,34.72043638,7996.475949,5263.115602,-2733.360347,False,False,False,False,DERIVED_CONDITIONAL_GEOMETRY_NOT_EVENT_LOCATION
1540,94.85161901,34.70348330,7994.157842,5262.416468,-2731.741374,False,False,False,False,DERIVED_CONDITIONAL_GEOMETRY_NOT_EVENT_LOCATION
1541,94.87123277,34.68653022,7991.839932,5261.718920,-2730.121012,False,False,False,False,DERIVED_CONDITIONAL_GEOMETRY_NOT_EVENT_LOCATION
1542,94.89084654,34.66957714,7989.522220,5261.022959,-2728.499261,False,False,False,False,DERIVED_CONDITIONAL_GEOMETRY_NOT_EVENT_LOCATION
1543,94.91046030,34.65262406,7987.204706,5260.328585,-2726.876121,False,False,False,False,DERIVED_CONDITIONAL_GEOMETRY_NOT_EVENT_LOCATION
1544,94.93007406,34.63567098,7984.887390,5259.635798,-2725.251591,False,False,False,False,DERIVED_CONDITIONAL_GEOMETRY_NOT_EVENT_LOCATION
1545,94.94968782,34.61871790,7982.570273,5258.944601,-2723.625672,False,False,False,False,DERIVED_CONDITIONAL_GEOMETRY_NOT_EVENT_LOCATION
1546,94.96930158,34.60176482,7980.253355,5258.254993,-2721.998362,False,False,False,False,DERIVED_CONDITIONAL_GEOMETRY_NOT_EVENT_LOCATION
1547,94.98891534,34.58481174,7977.936636,5257.566975,-2720.369662,False,False,False,False,DERIVED_CONDITIONAL_GEOMETRY_NOT_EVENT_LOCATION
1548,95.00852910,34.56785866,7975.620118,5256.880548,-2718.739570,False,False,False,False,DERIVED_CONDITIONAL_GEOMETRY_NOT_EVENT_LOCATION
1549,95.02814286,34.55090558,7973.303800,5256.195712,-2717.108088,False,False,False,False,DERIVED_CONDITIONAL_GEOMETRY_NOT_EVENT_LOCATION
1550,95.04775662,34.53395250,7970.987683,5255.512469,-2715.475214,False,False,False,False,DERIVED_CONDITIONAL_GEOMETRY_NOT_EVENT_LOCATION
1551,95.06737038,34.51699942,7968.671768,5254.830819,-2713.840949,False,False,False,False,DERIVED_CONDITIONAL_GEOMETRY_NOT_EVENT_LOCATION
1552,95.08698414,34.50004634,7966.356054,5254.150763,-2712.205291,False,False,False,False,DERIVED_CONDITIONAL_GEOMETRY_NOT_EVENT_LOCATION
1553,95.10659790,34.48309326,7964.040542,5253.472301,-2710.568241,False,False,False,False,DERIVED_CONDITIONAL_GEOMETRY_NOT_EVENT_LOCATION
1554,95.12650416,34.46521231,7961.618682,5252.721223,-2708.897459,False,False,False,False,DERIVED_CONDITIONAL_GEOMETRY_NOT_EVENT_LOCATION
1555,95.14641043,34.44733136,7959.197020,5251.971834,-2707.225187,False,False,False,False,DERIVED_CONDITIONAL_GEOMETRY_NOT_EVENT_LOCATION
1556,95.16631669,34.42945040,7956.775557,5251.224134,-2705.551424,False,False,False,False,DERIVED_CONDITIONAL_GEOMETRY_NOT_EVENT_LOCATION
1557,95.18622296,34.41156945,7954.354293,5250.478124,-2703.876170,False,False,False,False,DERIVED_CONDITIONAL_GEOMETRY_NOT_EVENT_LOCATION
1558,95.20612922,34.39368850,7951.933229,5249.733804,-2702.199424,False,False,False,False,DERIVED_CONDITIONAL_GEOMETRY_NOT_EVENT_LOCATION
1559,95.22603548,34.37580754,7949.512364,5248.991177,-2700.521188,False,False,False,False,DERIVED_CONDITIONAL_GEOMETRY_NOT_EVENT_LOCATION
1560,95.24594175,34.35792659,7947.091700,5248.250242,-2698.841459,False,False,False,False,DERIVED_CONDITIONAL_GEOMETRY_NOT_EVENT_LOCATION
1561,95.26584801,34.34004564,7944.671237,5247.511000,-2697.160237,False,False,False,False,DERIVED_CONDITIONAL_GEOMETRY_NOT_EVENT_LOCATION
1562,95.28575428,34.32216468,7942.250975,5246.773452,-2695.477523,False,False,False,False,DERIVED_CONDITIONAL_GEOMETRY_NOT_EVENT_LOCATION
1563,95.30566054,34.30428373,7939.830915,5246.037599,-2693.793316,False,False,False,False,DERIVED_CONDITIONAL_GEOMETRY_NOT_EVENT_LOCATION
1564,95.32556681,34.28640278,7937.411057,5245.303442,-2692.107615,False,False,False,False,DERIVED_CONDITIONAL_GEOMETRY_NOT_EVENT_LOCATION
1565,95.34547307,34.26852182,7934.991402,5244.570982,-2690.420420,False,False,False,False,DERIVED_CONDITIONAL_GEOMETRY_NOT_EVENT_LOCATION
1566,95.36537933,34.25064087,7932.571951,5243.840219,-2688.731732,False,False,False,False,DERIVED_CONDITIONAL_GEOMETRY_NOT_EVENT_LOCATION
1567,95.38528560,34.23275992,7930.152703,5243.111154,-2687.041549,False,False,False,False,DERIVED_CONDITIONAL_GEOMETRY_NOT_EVENT_LOCATION
1568,95.40519186,34.21487896,7927.733659,5242.383788,-2685.349870,False,False,False,False,DERIVED_CONDITIONAL_GEOMETRY_NOT_EVENT_LOCATION
1569,95.42509813,34.19699801,7925.314819,5241.658122,-2683.656697,False,False,False,False,DERIVED_CONDITIONAL_GEOMETRY_NOT_EVENT_LOCATION
1570,95.44500439,34.17911706,7922.896185,5240.934156,-2681.962028,False,False,False,False,DERIVED_CONDITIONAL_GEOMETRY_NOT_EVENT_LOCATION
1571,95.46491065,34.16123610,7920.477756,5240.211892,-2680.265864,False,False,False,False,DERIVED_CONDITIONAL_GEOMETRY_NOT_EVENT_LOCATION
1572,95.48481692,34.14335515,7918.059533,5239.491330,-2678.568203,False,False,False,False,DERIVED_CONDITIONAL_GEOMETRY_NOT_EVENT_LOCATION
1573,95.50472318,34.12547420,7915.641516,5238.772471,-2676.869045,False,False,False,False,DERIVED_CONDITIONAL_GEOMETRY_NOT_EVENT_LOCATION
1574,95.52462945,34.10759324,7913.223706,5238.055315,-2675.168391,False,False,False,False,DERIVED_CONDITIONAL_GEOMETRY_NOT_EVENT_LOCATION
1575,95.54453571,34.08971229,7910.806104,5237.339865,-2673.466239,False,False,False,False,DERIVED_CONDITIONAL_GEOMETRY_NOT_EVENT_LOCATION
1576,95.56444197,34.07183134,7908.388709,5236.626119,-2671.762590,False,False,False,False,DERIVED_CONDITIONAL_GEOMETRY_NOT_EVENT_LOCATION
1577,95.58434824,34.05395038,7905.971523,5235.914080,-2670.057443,False,False,False,False,DERIVED_CONDITIONAL_GEOMETRY_NOT_EVENT_LOCATION
1578,95.60425450,34.03606943,7903.554545,5235.203747,-2668.350798,False,False,False,False,DERIVED_CONDITIONAL_GEOMETRY_NOT_EVENT_LOCATION
1579,95.62416077,34.01818848,7901.137777,5234.495122,-2666.642654,False,False,False,False,DERIVED_CONDITIONAL_GEOMETRY_NOT_EVENT_LOCATION
1580,95.64360751,34.00003991,7898.704265,5233.740463,-2664.963802,False,False,False,False,DERIVED_CONDITIONAL_GEOMETRY_NOT_EVENT_LOCATION
1581,95.66305425,33.98189134,7896.270944,5232.987481,-2663.283462,False,False,False,False,DERIVED_CONDITIONAL_GEOMETRY_NOT_EVENT_LOCATION
1582,95.68250099,33.96374277,7893.837812,5232.236177,-2661.601636,False,False,False,False,DERIVED_CONDITIONAL_GEOMETRY_NOT_EVENT_LOCATION
1583,95.70194773,33.94559420,7891.404872,5231.486551,-2659.918321,False,False,False,False,DERIVED_CONDITIONAL_GEOMETRY_NOT_EVENT_LOCATION
1584,95.72139447,33.92744563,7888.972123,5230.738604,-2658.233519,False,False,False,False,DERIVED_CONDITIONAL_GEOMETRY_NOT_EVENT_LOCATION
1585,95.74084121,33.90929706,7886.539565,5229.992337,-2656.547229,False,False,False,False,DERIVED_CONDITIONAL_GEOMETRY_NOT_EVENT_LOCATION
1586,95.76028795,33.89114849,7884.107200,5229.247750,-2654.859449,False,False,False,False,DERIVED_CONDITIONAL_GEOMETRY_NOT_EVENT_LOCATION
1587,95.77973468,33.87299992,7881.675027,5228.504846,-2653.170181,False,False,False,False,DERIVED_CONDITIONAL_GEOMETRY_NOT_EVENT_LOCATION
1588,95.79918142,33.85485136,7879.243047,5227.763624,-2651.479424,False,False,False,False,DERIVED_CONDITIONAL_GEOMETRY_NOT_EVENT_LOCATION
1589,95.81862816,33.83670279,7876.811261,5227.024085,-2649.787176,False,False,False,False,DERIVED_CONDITIONAL_GEOMETRY_NOT_EVENT_LOCATION
1590,95.83807490,33.81855422,7874.379669,5226.286230,-2648.093439,False,False,False,False,DERIVED_CONDITIONAL_GEOMETRY_NOT_EVENT_LOCATION
1591,95.85752164,33.80040565,7871.948271,5225.550059,-2646.398211,False,False,False,False,DERIVED_CONDITIONAL_GEOMETRY_NOT_EVENT_LOCATION
1592,95.87696838,33.78225708,7869.517067,5224.815575,-2644.701493,False,False,False,False,DERIVED_CONDITIONAL_GEOMETRY_NOT_EVENT_LOCATION
1593,95.89641512,33.76410851,7867.086059,5224.082776,-2643.003283,False,False,False,False,DERIVED_CONDITIONAL_GEOMETRY_NOT_EVENT_LOCATION
1594,95.91586186,33.74595994,7864.655247,5223.351665,-2641.303582,False,False,False,False,DERIVED_CONDITIONAL_GEOMETRY_NOT_EVENT_LOCATION
1595,95.93530860,33.72781137,7862.224631,5222.622242,-2639.602389,False,False,False,False,DERIVED_CONDITIONAL_GEOMETRY_NOT_EVENT_LOCATION
1596,95.95475534,33.70966280,7859.794211,5221.894507,-2637.899704,False,False,False,False,DERIVED_CONDITIONAL_GEOMETRY_NOT_EVENT_LOCATION
1597,95.97420208,33.69151424,7857.363989,5221.168462,-2636.195527,False,False,False,False,DERIVED_CONDITIONAL_GEOMETRY_NOT_EVENT_LOCATION
1598,95.99364882,33.67336567,7854.933964,5220.444107,-2634.489857,False,False,False,False,DERIVED_CONDITIONAL_GEOMETRY_NOT_EVENT_LOCATION
1599,96.01309556,33.65521710,7852.504136,5219.721443,-2632.782694,False,False,False,False,DERIVED_CONDITIONAL_GEOMETRY_NOT_EVENT_LOCATION
1600,96.03254230,33.63706853,7850.074507,5219.000470,-2631.074037,False,False,False,False,DERIVED_CONDITIONAL_GEOMETRY_NOT_EVENT_LOCATION
1601,96.05198904,33.61891996,7847.645077,5218.281191,-2629.363887,False,False,False,False,DERIVED_CONDITIONAL_GEOMETRY_NOT_EVENT_LOCATION
1602,96.07143578,33.60077139,7845.215846,5217.563604,-2627.652242,False,False,False,False,DERIVED_CONDITIONAL_GEOMETRY_NOT_EVENT_LOCATION
1603,96.09088252,33.58262282,7842.786815,5216.847712,-2625.939103,False,False,False,False,DERIVED_CONDITIONAL_GEOMETRY_NOT_EVENT_LOCATION
1604,96.11032926,33.56447425,7840.357984,5216.133515,-2624.224469,False,False,False,False,DERIVED_CONDITIONAL_GEOMETRY_NOT_EVENT_LOCATION
1605,96.12977600,33.54632568,7837.929353,5215.421013,-2622.508340,False,False,False,False,DERIVED_CONDITIONAL_GEOMETRY_NOT_EVENT_LOCATION
1606,96.14952759,33.52717773,7835.386292,5214.632424,-2620.753868,False,False,False,False,DERIVED_CONDITIONAL_GEOMETRY_NOT_EVENT_LOCATION
1607,96.16927917,33.50802979,7832.843427,5213.845637,-2618.997791,False,False,False,False,DERIVED_CONDITIONAL_GEOMETRY_NOT_EVENT_LOCATION
1608,96.18903076,33.48888184,7830.300760,5213.060651,-2617.240108,False,False,False,False,DERIVED_CONDITIONAL_GEOMETRY_NOT_EVENT_LOCATION
1609,96.20878235,33.46973389,7827.758290,5212.277469,-2615.480821,False,False,False,False,DERIVED_CONDITIONAL_GEOMETRY_NOT_EVENT_LOCATION
1610,96.22853394,33.45058594,7825.216019,5211.496091,-2613.719928,False,False,False,False,DERIVED_CONDITIONAL_GEOMETRY_NOT_EVENT_LOCATION
1611,96.24828552,33.43143799,7822.673946,5210.716518,-2611.957429,False,False,False,False,DERIVED_CONDITIONAL_GEOMETRY_NOT_EVENT_LOCATION
1612,96.26803711,33.41229004,7820.132073,5209.938750,-2610.193323,False,False,False,False,DERIVED_CONDITIONAL_GEOMETRY_NOT_EVENT_LOCATION
1613,96.28778870,33.39314209,7817.590399,5209.162789,-2608.427610,False,False,False,False,DERIVED_CONDITIONAL_GEOMETRY_NOT_EVENT_LOCATION
1614,96.30754028,33.37399414,7815.048926,5208.388636,-2606.660290,False,False,False,False,DERIVED_CONDITIONAL_GEOMETRY_NOT_EVENT_LOCATION
1615,96.32729187,33.35484619,7812.507653,5207.616291,-2604.891363,False,False,False,False,DERIVED_CONDITIONAL_GEOMETRY_NOT_EVENT_LOCATION
1616,96.34704346,33.33569824,7809.966581,5206.845755,-2603.120827,False,False,False,False,DERIVED_CONDITIONAL_GEOMETRY_NOT_EVENT_LOCATION
1617,96.36679504,33.31655029,7807.425711,5206.077029,-2601.348683,False,False,False,False,DERIVED_CONDITIONAL_GEOMETRY_NOT_EVENT_LOCATION
1618,96.38654663,33.29740234,7804.885043,5205.310114,-2599.574930,False,False,False,False,DERIVED_CONDITIONAL_GEOMETRY_NOT_EVENT_LOCATION
1619,96.40629822,33.27825439,7802.344578,5204.545010,-2597.799567,False,False,False,False,DERIVED_CONDITIONAL_GEOMETRY_NOT_EVENT_LOCATION
1620,96.42604980,33.25910645,7799.804315,5203.781720,-2596.022596,False,False,False,False,DERIVED_CONDITIONAL_GEOMETRY_NOT_EVENT_LOCATION
1621,96.44580139,33.23995850,7797.264257,5203.020243,-2594.244014,False,False,False,False,DERIVED_CONDITIONAL_GEOMETRY_NOT_EVENT_LOCATION
1622,96.46555298,33.22081055,7794.724402,5202.260580,-2592.463822,False,False,False,False,DERIVED_CONDITIONAL_GEOMETRY_NOT_EVENT_LOCATION
1623,96.48530457,33.20166260,7792.184751,5201.502732,-2590.682019,False,False,False,False,DERIVED_CONDITIONAL_GEOMETRY_NOT_EVENT_LOCATION
1624,96.50505615,33.18251465,7789.645306,5200.746701,-2588.898605,False,False,False,False,DERIVED_CONDITIONAL_GEOMETRY_NOT_EVENT_LOCATION
1625,96.52480774,33.16336670,7787.106066,5199.992486,-2587.113580,False,False,False,False,DERIVED_CONDITIONAL_GEOMETRY_NOT_EVENT_LOCATION
1626,96.54455933,33.14421875,7784.567032,5199.240090,-2585.326942,False,False,False,False,DERIVED_CONDITIONAL_GEOMETRY_NOT_EVENT_LOCATION
1627,96.56431091,33.12507080,7782.028204,5198.489511,-2583.538693,False,False,False,False,DERIVED_CONDITIONAL_GEOMETRY_NOT_EVENT_LOCATION
1628,96.58406250,33.10592285,7779.489584,5197.740753,-2581.748831,False,False,False,False,DERIVED_CONDITIONAL_GEOMETRY_NOT_EVENT_LOCATION
1629,96.60381409,33.08677490,7776.951170,5196.993814,-2579.957356,False,False,False,False,DERIVED_CONDITIONAL_GEOMETRY_NOT_EVENT_LOCATION
1630,96.62356567,33.06762695,7774.412965,5196.248697,-2578.164268,False,False,False,False,DERIVED_CONDITIONAL_GEOMETRY_NOT_EVENT_LOCATION
1631,96.64284668,33.04821655,7771.858328,5195.456731,-2576.401597,False,False,False,False,DERIVED_CONDITIONAL_GEOMETRY_NOT_EVENT_LOCATION
1632,96.66212769,33.02880615,7769.303879,5194.666553,-2574.637326,False,False,False,False,DERIVED_CONDITIONAL_GEOMETRY_NOT_EVENT_LOCATION
1633,96.68140869,33.00939575,7766.749619,5193.878164,-2572.871455,False,False,False,False,DERIVED_CONDITIONAL_GEOMETRY_NOT_EVENT_LOCATION
1634,96.70068970,32.98998535,7764.195549,5193.091566,-2571.103983,False,False,False,False,DERIVED_CONDITIONAL_GEOMETRY_NOT_EVENT_LOCATION
1635,96.71997070,32.97057495,7761.641668,5192.306759,-2569.334910,False,False,False,False,DERIVED_CONDITIONAL_GEOMETRY_NOT_EVENT_LOCATION
1636,96.73925171,32.95116455,7759.087978,5191.523743,-2567.564234,False,False,False,False,DERIVED_CONDITIONAL_GEOMETRY_NOT_EVENT_LOCATION
1637,96.75853271,32.93175415,7756.534478,5190.742521,-2565.791957,False,False,False,False,DERIVED_CONDITIONAL_GEOMETRY_NOT_EVENT_LOCATION
1638,96.77781372,32.91234375,7753.981170,5189.963092,-2564.018078,False,False,False,False,DERIVED_CONDITIONAL_GEOMETRY_NOT_EVENT_LOCATION
1639,96.79709473,32.89293335,7751.428053,5189.185458,-2562.242596,False,False,False,False,DERIVED_CONDITIONAL_GEOMETRY_NOT_EVENT_LOCATION
1640,96.81637573,32.87352295,7748.875129,5188.409619,-2560.465510,False,False,False,False,DERIVED_CONDITIONAL_GEOMETRY_NOT_EVENT_LOCATION
1641,96.83565674,32.85411255,7746.322397,5187.635576,-2558.686821,False,False,False,False,DERIVED_CONDITIONAL_GEOMETRY_NOT_EVENT_LOCATION
1642,96.85493774,32.83470215,7743.769858,5186.863330,-2556.906528,False,False,False,False,DERIVED_CONDITIONAL_GEOMETRY_NOT_EVENT_LOCATION
1643,96.87421875,32.81529175,7741.217513,5186.092882,-2555.124631,False,False,False,False,DERIVED_CONDITIONAL_GEOMETRY_NOT_EVENT_LOCATION
1644,96.89349976,32.79588135,7738.665361,5185.324233,-2553.341128,False,False,False,False,DERIVED_CONDITIONAL_GEOMETRY_NOT_EVENT_LOCATION
1645,96.91278076,32.77647095,7736.113404,5184.557383,-2551.556021,False,False,False,False,DERIVED_CONDITIONAL_GEOMETRY_NOT_EVENT_LOCATION
1646,96.93206177,32.75706055,7733.561642,5183.792333,-2549.769309,False,False,False,False,DERIVED_CONDITIONAL_GEOMETRY_NOT_EVENT_LOCATION
1647,96.95134277,32.73765015,7731.010075,5183.029085,-2547.980990,False,False,False,False,DERIVED_CONDITIONAL_GEOMETRY_NOT_EVENT_LOCATION
1648,96.97062378,32.71823975,7728.458704,5182.267639,-2546.191066,False,False,False,False,DERIVED_CONDITIONAL_GEOMETRY_NOT_EVENT_LOCATION
1649,96.98990479,32.69882935,7725.907530,5181.507996,-2544.399534,False,False,False,False,DERIVED_CONDITIONAL_GEOMETRY_NOT_EVENT_LOCATION
1650,97.00918579,32.67941895,7723.356552,5180.750156,-2542.606396,False,False,False,False,DERIVED_CONDITIONAL_GEOMETRY_NOT_EVENT_LOCATION
1651,97.02846680,32.66000854,7720.805771,5179.994121,-2540.811651,False,False,False,False,DERIVED_CONDITIONAL_GEOMETRY_NOT_EVENT_LOCATION
1652,97.04774780,32.64059814,7718.255189,5179.239891,-2539.015298,False,False,False,False,DERIVED_CONDITIONAL_GEOMETRY_NOT_EVENT_LOCATION
1653,97.06702881,32.62118774,7715.704804,5178.487467,-2537.217336,False,False,False,False,DERIVED_CONDITIONAL_GEOMETRY_NOT_EVENT_LOCATION
1654,97.08630981,32.60177734,7713.154618,5177.736851,-2535.417767,False,False,False,False,DERIVED_CONDITIONAL_GEOMETRY_NOT_EVENT_LOCATION
1655,97.10559082,32.58236694,7710.604631,5176.988042,-2533.616589,False,False,False,False,DERIVED_CONDITIONAL_GEOMETRY_NOT_EVENT_LOCATION
1656,97.12440613,32.56269897,7708.038359,5176.192652,-2531.845707,False,False,False,False,DERIVED_CONDITIONAL_GEOMETRY_NOT_EVENT_LOCATION
1657,97.14322144,32.54303101,7705.472267,5175.399038,-2530.073229,False,False,False,False,DERIVED_CONDITIONAL_GEOMETRY_NOT_EVENT_LOCATION
1658,97.16203674,32.52336304,7702.906357,5174.607201,-2528.299156,False,False,False,False,DERIVED_CONDITIONAL_GEOMETRY_NOT_EVENT_LOCATION
1659,97.18085205,32.50369507,7700.340627,5173.817141,-2526.523486,False,False,False,False,DERIVED_CONDITIONAL_GEOMETRY_NOT_EVENT_LOCATION
1660,97.19966736,32.48402710,7697.775079,5173.028860,-2524.746219,False,False,False,False,DERIVED_CONDITIONAL_GEOMETRY_NOT_EVENT_LOCATION
1661,97.21848267,32.46435913,7695.209713,5172.242358,-2522.967355,False,False,False,False,DERIVED_CONDITIONAL_GEOMETRY_NOT_EVENT_LOCATION
1662,97.23729797,32.44469116,7692.644530,5171.457636,-2521.186894,False,False,False,False,DERIVED_CONDITIONAL_GEOMETRY_NOT_EVENT_LOCATION
1663,97.25611328,32.42502319,7690.079530,5170.674695,-2519.404835,False,False,False,False,DERIVED_CONDITIONAL_GEOMETRY_NOT_EVENT_LOCATION
1664,97.27492859,32.40535522,7687.514713,5169.893535,-2517.621177,False,False,False,False,DERIVED_CONDITIONAL_GEOMETRY_NOT_EVENT_LOCATION
1665,97.29374390,32.38568726,7684.950079,5169.114158,-2515.835921,False,False,False,False,DERIVED_CONDITIONAL_GEOMETRY_NOT_EVENT_LOCATION
1666,97.31255920,32.36601929,7682.385631,5168.336565,-2514.049066,False,False,False,False,DERIVED_CONDITIONAL_GEOMETRY_NOT_EVENT_LOCATION
1667,97.33137451,32.34635132,7679.821367,5167.560755,-2512.260611,False,False,False,False,DERIVED_CONDITIONAL_GEOMETRY_NOT_EVENT_LOCATION
1668,97.35018982,32.32668335,7677.257288,5166.786731,-2510.470557,False,False,False,False,DERIVED_CONDITIONAL_GEOMETRY_NOT_EVENT_LOCATION
1669,97.36900513,32.30701538,7674.693394,5166.014492,-2508.678902,False,False,False,False,DERIVED_CONDITIONAL_GEOMETRY_NOT_EVENT_LOCATION
1670,97.38782043,32.28734741,7672.129687,5165.244040,-2506.885647,False,False,False,False,DERIVED_CONDITIONAL_GEOMETRY_NOT_EVENT_LOCATION
1671,97.40663574,32.26767944,7669.566166,5164.475376,-2505.090791,False,False,False,False,DERIVED_CONDITIONAL_GEOMETRY_NOT_EVENT_LOCATION
1672,97.42545105,32.24801147,7667.002833,5163.708499,-2503.294333,False,False,False,False,DERIVED_CONDITIONAL_GEOMETRY_NOT_EVENT_LOCATION
1673,97.44426636,32.22834351,7664.439686,5162.943412,-2501.496274,False,False,False,False,DERIVED_CONDITIONAL_GEOMETRY_NOT_EVENT_LOCATION
1674,97.46308167,32.20867554,7661.876728,5162.180115,-2499.696613,False,False,False,False,DERIVED_CONDITIONAL_GEOMETRY_NOT_EVENT_LOCATION
1675,97.48189697,32.18900757,7659.313957,5161.418608,-2497.895350,False,False,False,False,DERIVED_CONDITIONAL_GEOMETRY_NOT_EVENT_LOCATION
1676,97.50071228,32.16933960,7656.751376,5160.658893,-2496.092483,False,False,False,False,DERIVED_CONDITIONAL_GEOMETRY_NOT_EVENT_LOCATION
1677,97.51952759,32.14967163,7654.188984,5159.900970,-2494.288014,False,False,False,False,DERIVED_CONDITIONAL_GEOMETRY_NOT_EVENT_LOCATION
1678,97.53834290,32.13000366,7651.626781,5159.144840,-2492.481941,False,False,False,False,DERIVED_CONDITIONAL_GEOMETRY_NOT_EVENT_LOCATION
1679,97.55715820,32.11033569,7649.064768,5158.390504,-2490.674265,False,False,False,False,DERIVED_CONDITIONAL_GEOMETRY_NOT_EVENT_LOCATION
1680,97.57597351,32.09066772,7646.502946,5157.637963,-2488.864984,False,False,False,False,DERIVED_CONDITIONAL_GEOMETRY_NOT_EVENT_LOCATION
1681,97.59432800,32.07075195,7643.925524,5156.839562,-2487.085962,False,False,False,False,DERIVED_CONDITIONAL_GEOMETRY_NOT_EVENT_LOCATION
1682,97.61268250,32.05083618,7641.348274,5156.042925,-2485.305349,False,False,False,False,DERIVED_CONDITIONAL_GEOMETRY_NOT_EVENT_LOCATION
1683,97.63103699,32.03092041,7638.771196,5155.248051,-2483.523145,False,False,False,False,DERIVED_CONDITIONAL_GEOMETRY_NOT_EVENT_LOCATION
1684,97.64939148,32.01100464,7636.194292,5154.454942,-2481.739350,False,False,False,False,DERIVED_CONDITIONAL_GEOMETRY_NOT_EVENT_LOCATION
1685,97.66774597,31.99108887,7633.617562,5153.663599,-2479.953963,False,False,False,False,DERIVED_CONDITIONAL_GEOMETRY_NOT_EVENT_LOCATION
1686,97.68610046,31.97117310,7631.041006,5152.874022,-2478.166984,False,False,False,False,DERIVED_CONDITIONAL_GEOMETRY_NOT_EVENT_LOCATION
1687,97.70445496,31.95125732,7628.464624,5152.086212,-2476.378412,False,False,False,False,DERIVED_CONDITIONAL_GEOMETRY_NOT_EVENT_LOCATION
1688,97.72280945,31.93134155,7625.888417,5151.300170,-2474.588247,False,False,False,False,DERIVED_CONDITIONAL_GEOMETRY_NOT_EVENT_LOCATION
1689,97.74116394,31.91142578,7623.312386,5150.515897,-2472.796489,False,False,False,False,DERIVED_CONDITIONAL_GEOMETRY_NOT_EVENT_LOCATION
1690,97.75951843,31.89151001,7620.736531,5149.733394,-2471.003137,False,False,False,False,DERIVED_CONDITIONAL_GEOMETRY_NOT_EVENT_LOCATION
1691,97.77787292,31.87159424,7618.160852,5148.952660,-2469.208191,False,False,False,False,DERIVED_CONDITIONAL_GEOMETRY_NOT_EVENT_LOCATION
1692,97.79622742,31.85167847,7615.585349,5148.173698,-2467.411651,False,False,False,False,DERIVED_CONDITIONAL_GEOMETRY_NOT_EVENT_LOCATION
1693,97.81458191,31.83176270,7613.010024,5147.396508,-2465.613516,False,False,False,False,DERIVED_CONDITIONAL_GEOMETRY_NOT_EVENT_LOCATION
1694,97.83293640,31.81184692,7610.434876,5146.621091,-2463.813785,False,False,False,False,DERIVED_CONDITIONAL_GEOMETRY_NOT_EVENT_LOCATION
1695,97.85129089,31.79193115,7607.859906,5145.847447,-2462.012459,False,False,False,False,DERIVED_CONDITIONAL_GEOMETRY_NOT_EVENT_LOCATION
1696,97.86964539,31.77201538,7605.285115,5145.075578,-2460.209537,False,False,False,False,DERIVED_CONDITIONAL_GEOMETRY_NOT_EVENT_LOCATION
1697,97.88799988,31.75209961,7602.710503,5144.305484,-2458.405019,False,False,False,False,DERIVED_CONDITIONAL_GEOMETRY_NOT_EVENT_LOCATION
1698,97.90635437,31.73218384,7600.136069,5143.537166,-2456.598904,False,False,False,False,DERIVED_CONDITIONAL_GEOMETRY_NOT_EVENT_LOCATION
1699,97.92470886,31.71226807,7597.561816,5142.770624,-2454.791192,False,False,False,False,DERIVED_CONDITIONAL_GEOMETRY_NOT_EVENT_LOCATION
1700,97.94306335,31.69235229,7594.987742,5142.005860,-2452.981882,False,False,False,False,DERIVED_CONDITIONAL_GEOMETRY_NOT_EVENT_LOCATION
1701,97.96141785,31.67243652,7592.413849,5141.242874,-2451.170975,False,False,False,False,DERIVED_CONDITIONAL_GEOMETRY_NOT_EVENT_LOCATION
1702,97.97977234,31.65252075,7589.840137,5140.481668,-2449.358470,False,False,False,False,DERIVED_CONDITIONAL_GEOMETRY_NOT_EVENT_LOCATION
1703,97.99812683,31.63260498,7587.266607,5139.722241,-2447.544366,False,False,False,False,DERIVED_CONDITIONAL_GEOMETRY_NOT_EVENT_LOCATION
1704,98.01648132,31.61268921,7584.693258,5138.964595,-2445.728664,False,False,False,False,DERIVED_CONDITIONAL_GEOMETRY_NOT_EVENT_LOCATION
1705,98.03483582,31.59277344,7582.120092,5138.208730,-2443.911362,False,False,False,False,DERIVED_CONDITIONAL_GEOMETRY_NOT_EVENT_LOCATION
1706,98.05204421,31.57339008,7579.631095,5137.437986,-2442.193109,False,False,False,False,DERIVED_CONDITIONAL_GEOMETRY_NOT_EVENT_LOCATION
1707,98.06925260,31.55400672,7577.142250,5136.668860,-2440.473390,False,False,False,False,DERIVED_CONDITIONAL_GEOMETRY_NOT_EVENT_LOCATION
1708,98.08646099,31.53462337,7574.653557,5135.901352,-2438.752205,False,False,False,False,DERIVED_CONDITIONAL_GEOMETRY_NOT_EVENT_LOCATION
1709,98.10366939,31.51524001,7572.165018,5135.135465,-2437.029553,False,False,False,False,DERIVED_CONDITIONAL_GEOMETRY_NOT_EVENT_LOCATION
1710,98.12087778,31.49585665,7569.676632,5134.371198,-2435.305434,False,False,False,False,DERIVED_CONDITIONAL_GEOMETRY_NOT_EVENT_LOCATION
1711,98.13808617,31.47647329,7567.188400,5133.608552,-2433.579848,False,False,False,False,DERIVED_CONDITIONAL_GEOMETRY_NOT_EVENT_LOCATION
1712,98.15529457,31.45708994,7564.700322,5132.847527,-2431.852795,False,False,False,False,DERIVED_CONDITIONAL_GEOMETRY_NOT_EVENT_LOCATION
1713,98.17250296,31.43770658,7562.212398,5132.088125,-2430.124273,False,False,False,False,DERIVED_CONDITIONAL_GEOMETRY_NOT_EVENT_LOCATION
1714,98.18971135,31.41832322,7559.724629,5131.330346,-2428.394283,False,False,False,False,DERIVED_CONDITIONAL_GEOMETRY_NOT_EVENT_LOCATION
1715,98.20691974,31.39893987,7557.237016,5130.574191,-2426.662825,False,False,False,False,DERIVED_CONDITIONAL_GEOMETRY_NOT_EVENT_LOCATION
1716,98.22412814,31.37955651,7554.749557,5129.819660,-2424.929897,False,False,False,False,DERIVED_CONDITIONAL_GEOMETRY_NOT_EVENT_LOCATION
1717,98.24133653,31.36017315,7552.262255,5129.066755,-2423.195500,False,False,False,False,DERIVED_CONDITIONAL_GEOMETRY_NOT_EVENT_LOCATION
1718,98.25854492,31.34078979,7549.775109,5128.315476,-2421.459633,False,False,False,False,DERIVED_CONDITIONAL_GEOMETRY_NOT_EVENT_LOCATION
1719,98.27575331,31.32140644,7547.288120,5127.565823,-2419.722297,False,False,False,False,DERIVED_CONDITIONAL_GEOMETRY_NOT_EVENT_LOCATION
1720,98.29296171,31.30202308,7544.801288,5126.817797,-2417.983490,False,False,False,False,DERIVED_CONDITIONAL_GEOMETRY_NOT_EVENT_LOCATION
1721,98.31017010,31.28263972,7542.314613,5126.071400,-2416.243213,False,False,False,False,DERIVED_CONDITIONAL_GEOMETRY_NOT_EVENT_LOCATION
1722,98.32737849,31.26325637,7539.828095,5125.326631,-2414.501464,False,False,False,False,DERIVED_CONDITIONAL_GEOMETRY_NOT_EVENT_LOCATION
1723,98.34458689,31.24387301,7537.341736,5124.583492,-2412.758245,False,False,False,False,DERIVED_CONDITIONAL_GEOMETRY_NOT_EVENT_LOCATION
1724,98.36179528,31.22448965,7534.855536,5123.841982,-2411.013553,False,False,False,False,DERIVED_CONDITIONAL_GEOMETRY_NOT_EVENT_LOCATION
1725,98.37900367,31.20510630,7532.369494,5123.102103,-2409.267390,False,False,False,False,DERIVED_CONDITIONAL_GEOMETRY_NOT_EVENT_LOCATION
1726,98.39621206,31.18572294,7529.883611,5122.363856,-2407.519755,False,False,False,False,DERIVED_CONDITIONAL_GEOMETRY_NOT_EVENT_LOCATION
1727,98.41342046,31.16633958,7527.397888,5121.627241,-2405.770647,False,False,False,False,DERIVED_CONDITIONAL_GEOMETRY_NOT_EVENT_LOCATION
1728,98.43062885,31.14695622,7524.912325,5120.892259,-2404.020066,False,False,False,False,DERIVED_CONDITIONAL_GEOMETRY_NOT_EVENT_LOCATION
1729,98.44783724,31.12757287,7522.426922,5120.158910,-2402.268012,False,False,False,False,DERIVED_CONDITIONAL_GEOMETRY_NOT_EVENT_LOCATION
1730,98.46504564,31.10818951,7519.941680,5119.427195,-2400.514485,False,False,False,False,DERIVED_CONDITIONAL_GEOMETRY_NOT_EVENT_LOCATION
1731,98.48225403,31.08880615,7517.456599,5118.697115,-2398.759484,False,False,False,False,DERIVED_CONDITIONAL_GEOMETRY_NOT_EVENT_LOCATION
1732,98.49902755,31.06919861,7514.957383,5117.923784,-2397.033599,False,False,False,False,DERIVED_CONDITIONAL_GEOMETRY_NOT_EVENT_LOCATION
1733,98.51580106,31.04959106,7512.458312,5117.152060,-2395.306253,False,False,False,False,DERIVED_CONDITIONAL_GEOMETRY_NOT_EVENT_LOCATION
1734,98.53257458,31.02998352,7509.959388,5116.381943,-2393.577445,False,False,False,False,DERIVED_CONDITIONAL_GEOMETRY_NOT_EVENT_LOCATION
1735,98.54934810,31.01037598,7507.460609,5115.613433,-2391.847176,False,False,False,False,DERIVED_CONDITIONAL_GEOMETRY_NOT_EVENT_LOCATION
1736,98.56612161,30.99076843,7504.961977,5114.846532,-2390.115445,False,False,False,False,DERIVED_CONDITIONAL_GEOMETRY_NOT_EVENT_LOCATION
1737,98.58289513,30.97116089,7502.463492,5114.081240,-2388.382252,False,False,False,False,DERIVED_CONDITIONAL_GEOMETRY_NOT_EVENT_LOCATION
1738,98.59966865,30.95155334,7499.965154,5113.317557,-2386.647596,False,False,False,False,DERIVED_CONDITIONAL_GEOMETRY_NOT_EVENT_LOCATION
1739,98.61644217,30.93194580,7497.466963,5112.555485,-2384.911478,False,False,False,False,DERIVED_CONDITIONAL_GEOMETRY_NOT_EVENT_LOCATION
1740,98.63321568,30.91233826,7494.968920,5111.795024,-2383.173896,False,False,False,False,DERIVED_CONDITIONAL_GEOMETRY_NOT_EVENT_LOCATION
1741,98.64998920,30.89273071,7492.471025,5111.036175,-2381.434850,False,False,False,False,DERIVED_CONDITIONAL_GEOMETRY_NOT_EVENT_LOCATION
1742,98.66676272,30.87312317,7489.973279,5110.278938,-2379.694341,False,False,False,False,DERIVED_CONDITIONAL_GEOMETRY_NOT_EVENT_LOCATION
1743,98.68353624,30.85351563,7487.475682,5109.523314,-2377.952367,False,False,False,False,DERIVED_CONDITIONAL_GEOMETRY_NOT_EVENT_LOCATION
1744,98.70030975,30.83390808,7484.978233,5108.769304,-2376.208929,False,False,False,False,DERIVED_CONDITIONAL_GEOMETRY_NOT_EVENT_LOCATION
1745,98.71708327,30.81430054,7482.480935,5108.016909,-2374.464026,False,False,False,False,DERIVED_CONDITIONAL_GEOMETRY_NOT_EVENT_LOCATION
1746,98.73385679,30.79469299,7479.983786,5107.266129,-2372.717658,False,False,False,False,DERIVED_CONDITIONAL_GEOMETRY_NOT_EVENT_LOCATION
1747,98.75063031,30.77508545,7477.486788,5106.516964,-2370.969824,False,False,False,False,DERIVED_CONDITIONAL_GEOMETRY_NOT_EVENT_LOCATION
1748,98.76740382,30.75547791,7474.989940,5105.769416,-2369.220524,False,False,False,False,DERIVED_CONDITIONAL_GEOMETRY_NOT_EVENT_LOCATION
1749,98.78417734,30.73587036,7472.493243,5105.023486,-2367.469758,False,False,False,False,DERIVED_CONDITIONAL_GEOMETRY_NOT_EVENT_LOCATION
1750,98.80095086,30.71626282,7469.996698,5104.279173,-2365.717525,False,False,False,False,DERIVED_CONDITIONAL_GEOMETRY_NOT_EVENT_LOCATION
1751,98.81772437,30.69665527,7467.500304,5103.536478,-2363.963826,False,False,False,False,DERIVED_CONDITIONAL_GEOMETRY_NOT_EVENT_LOCATION
1752,98.83449789,30.67704773,7465.004062,5102.795403,-2362.208659,False,False,False,False,DERIVED_CONDITIONAL_GEOMETRY_NOT_EVENT_LOCATION
1753,98.85127141,30.65744019,7462.507973,5102.055948,-2360.452025,False,False,False,False,DERIVED_CONDITIONAL_GEOMETRY_NOT_EVENT_LOCATION
1754,98.86804493,30.63783264,7460.012036,5101.318113,-2358.693924,False,False,False,False,DERIVED_CONDITIONAL_GEOMETRY_NOT_EVENT_LOCATION
1755,98.88481844,30.61822510,7457.516253,5100.581899,-2356.934354,False,False,False,False,DERIVED_CONDITIONAL_GEOMETRY_NOT_EVENT_LOCATION
1756,98.90159196,30.59861755,7455.020623,5099.847307,-2355.173316,False,False,False,False,DERIVED_CONDITIONAL_GEOMETRY_NOT_EVENT_LOCATION
1757,98.91836548,30.57901001,7452.525146,5099.114338,-2353.410809,False,False,False,False,DERIVED_CONDITIONAL_GEOMETRY_NOT_EVENT_LOCATION
1758,98.93470823,30.55918297,7450.015734,5098.338374,-2351.677360,False,False,False,False,DERIVED_CONDITIONAL_GEOMETRY_NOT_EVENT_LOCATION
1759,98.95105098,30.53935594,7447.506460,5097.564004,-2349.942456,False,False,False,False,DERIVED_CONDITIONAL_GEOMETRY_NOT_EVENT_LOCATION
1760,98.96739373,30.51952890,7444.997325,5096.791230,-2348.206095,False,False,False,False,DERIVED_CONDITIONAL_GEOMETRY_NOT_EVENT_LOCATION
1761,98.98373648,30.49970187,7442.488329,5096.020051,-2346.468278,False,False,False,False,DERIVED_CONDITIONAL_GEOMETRY_NOT_EVENT_LOCATION
1762,99.00007923,30.47987483,7439.979473,5095.250469,-2344.729004,False,False,False,False,DERIVED_CONDITIONAL_GEOMETRY_NOT_EVENT_LOCATION
1763,99.01642198,30.46004780,7437.470757,5094.482484,-2342.988273,False,False,False,False,DERIVED_CONDITIONAL_GEOMETRY_NOT_EVENT_LOCATION
1764,99.03276473,30.44022076,7434.962181,5093.716097,-2341.246084,False,False,False,False,DERIVED_CONDITIONAL_GEOMETRY_NOT_EVENT_LOCATION
1765,99.04910748,30.42039372,7432.453746,5092.951309,-2339.502438,False,False,False,False,DERIVED_CONDITIONAL_GEOMETRY_NOT_EVENT_LOCATION
1766,99.06545023,30.40056669,7429.945452,5092.188119,-2337.757333,False,False,False,False,DERIVED_CONDITIONAL_GEOMETRY_NOT_EVENT_LOCATION
1767,99.08179298,30.38073965,7427.437300,5091.426530,-2336.010770,False,False,False,False,DERIVED_CONDITIONAL_GEOMETRY_NOT_EVENT_LOCATION
1768,99.09813573,30.36091262,7424.929288,5090.666541,-2334.262748,False,False,False,False,DERIVED_CONDITIONAL_GEOMETRY_NOT_EVENT_LOCATION
1769,99.11447848,30.34108558,7422.421419,5089.908153,-2332.513266,False,False,False,False,DERIVED_CONDITIONAL_GEOMETRY_NOT_EVENT_LOCATION
1770,99.13082123,30.32125854,7419.913693,5089.151367,-2330.762325,False,False,False,False,DERIVED_CONDITIONAL_GEOMETRY_NOT_EVENT_LOCATION
1771,99.14716398,30.30143151,7417.406109,5088.396184,-2329.009925,False,False,False,False,DERIVED_CONDITIONAL_GEOMETRY_NOT_EVENT_LOCATION
1772,99.16350673,30.28160447,7414.898667,5087.642603,-2327.256064,False,False,False,False,DERIVED_CONDITIONAL_GEOMETRY_NOT_EVENT_LOCATION
1773,99.17984948,30.26177744,7412.391370,5086.890627,-2325.500743,False,False,False,False,DERIVED_CONDITIONAL_GEOMETRY_NOT_EVENT_LOCATION
1774,99.19619223,30.24195040,7409.884216,5086.140255,-2323.743961,False,False,False,False,DERIVED_CONDITIONAL_GEOMETRY_NOT_EVENT_LOCATION
1775,99.21253498,30.22212337,7407.377205,5085.391488,-2321.985718,False,False,False,False,DERIVED_CONDITIONAL_GEOMETRY_NOT_EVENT_LOCATION
1776,99.22887773,30.20229633,7404.870340,5084.644327,-2320.226013,False,False,False,False,DERIVED_CONDITIONAL_GEOMETRY_NOT_EVENT_LOCATION
1777,99.24522048,30.18246929,7402.363619,5083.898772,-2318.464847,False,False,False,False,DERIVED_CONDITIONAL_GEOMETRY_NOT_EVENT_LOCATION
1778,99.26156323,30.16264226,7399.857042,5083.154824,-2316.702218,False,False,False,False,DERIVED_CONDITIONAL_GEOMETRY_NOT_EVENT_LOCATION
1779,99.27790598,30.14281522,7397.350612,5082.412484,-2314.938128,False,False,False,False,DERIVED_CONDITIONAL_GEOMETRY_NOT_EVENT_LOCATION
1780,99.29424873,30.12298819,7394.844327,5081.671752,-2313.172574,False,False,False,False,DERIVED_CONDITIONAL_GEOMETRY_NOT_EVENT_LOCATION
1781,99.31059148,30.10316115,7392.338188,5080.932630,-2311.405558,False,False,False,False,DERIVED_CONDITIONAL_GEOMETRY_NOT_EVENT_LOCATION
1782,99.32693423,30.08333412,7389.832195,5080.195117,-2309.637078,False,False,False,False,DERIVED_CONDITIONAL_GEOMETRY_NOT_EVENT_LOCATION
1783,99.34327698,30.06350708,7387.326349,5079.459214,-2307.867135,False,False,False,False,DERIVED_CONDITIONAL_GEOMETRY_NOT_EVENT_LOCATION
1784,99.35860415,30.04420980,7384.900322,5078.709622,-2306.190700,False,False,False,False,DERIVED_CONDITIONAL_GEOMETRY_NOT_EVENT_LOCATION
1785,99.37393132,30.02491252,7382.474417,5077.961497,-2304.512921,False,False,False,False,DERIVED_CONDITIONAL_GEOMETRY_NOT_EVENT_LOCATION
1786,99.38925849,30.00561523,7380.048636,5077.214840,-2302.833796,False,False,False,False,DERIVED_CONDITIONAL_GEOMETRY_NOT_EVENT_LOCATION
1787,99.40458566,29.98631795,7377.622977,5076.469652,-2301.153325,False,False,False,False,DERIVED_CONDITIONAL_GEOMETRY_NOT_EVENT_LOCATION
1788,99.41991283,29.96702067,7375.197442,5075.725933,-2299.471509,False,False,False,False,DERIVED_CONDITIONAL_GEOMETRY_NOT_EVENT_LOCATION
1789,99.43524000,29.94772339,7372.772030,5074.983685,-2297.788346,False,False,False,False,DERIVED_CONDITIONAL_GEOMETRY_NOT_EVENT_LOCATION
1790,99.45056717,29.92842611,7370.346742,5074.242907,-2296.103836,False,False,False,False,DERIVED_CONDITIONAL_GEOMETRY_NOT_EVENT_LOCATION
1791,99.46589435,29.90912882,7367.921579,5073.503600,-2294.417979,False,False,False,False,DERIVED_CONDITIONAL_GEOMETRY_NOT_EVENT_LOCATION
1792,99.48122152,29.88983154,7365.496540,5072.765764,-2292.730775,False,False,False,False,DERIVED_CONDITIONAL_GEOMETRY_NOT_EVENT_LOCATION
1793,99.49654869,29.87053426,7363.071626,5072.029402,-2291.042224,False,False,False,False,DERIVED_CONDITIONAL_GEOMETRY_NOT_EVENT_LOCATION
1794,99.51187586,29.85123698,7360.646836,5071.294512,-2289.352325,False,False,False,False,DERIVED_CONDITIONAL_GEOMETRY_NOT_EVENT_LOCATION
1795,99.52720303,29.83193970,7358.222172,5070.561095,-2287.661077,False,False,False,False,DERIVED_CONDITIONAL_GEOMETRY_NOT_EVENT_LOCATION
1796,99.54253020,29.81264242,7355.797634,5069.829153,-2285.968482,False,False,False,False,DERIVED_CONDITIONAL_GEOMETRY_NOT_EVENT_LOCATION
1797,99.55785737,29.79334513,7353.373222,5069.098685,-2284.274537,False,False,False,False,DERIVED_CONDITIONAL_GEOMETRY_NOT_EVENT_LOCATION
1798,99.57318454,29.77404785,7350.948936,5068.369692,-2282.579244,False,False,False,False,DERIVED_CONDITIONAL_GEOMETRY_NOT_EVENT_LOCATION
1799,99.58851171,29.75475057,7348.524776,5067.642175,-2280.882601,False,False,False,False,DERIVED_CONDITIONAL_GEOMETRY_NOT_EVENT_LOCATION
1800,99.60383889,29.73545329,7346.100743,5066.916134,-2279.184609,False,False,False,False,DERIVED_CONDITIONAL_GEOMETRY_NOT_EVENT_LOCATION
1801,99.61916606,29.71615601,7343.676837,5066.191571,-2277.485266,False,False,False,False,DERIVED_CONDITIONAL_GEOMETRY_NOT_EVENT_LOCATION
1802,99.63449323,29.69685872,7341.253059,5065.468484,-2275.784574,False,False,False,False,DERIVED_CONDITIONAL_GEOMETRY_NOT_EVENT_LOCATION
1803,99.64982040,29.67756144,7338.829408,5064.746876,-2274.082531,False,False,False,False,DERIVED_CONDITIONAL_GEOMETRY_NOT_EVENT_LOCATION
1804,99.66514757,29.65826416,7336.405885,5064.026747,-2272.379138,False,False,False,False,DERIVED_CONDITIONAL_GEOMETRY_NOT_EVENT_LOCATION
1805,99.68047474,29.63896688,7333.982490,5063.308096,-2270.674394,False,False,False,False,DERIVED_CONDITIONAL_GEOMETRY_NOT_EVENT_LOCATION
1806,99.69580191,29.61966960,7331.559224,5062.590926,-2268.968298,False,False,False,False,DERIVED_CONDITIONAL_GEOMETRY_NOT_EVENT_LOCATION
1807,99.71112908,29.60037231,7329.136086,5061.875235,-2267.260851,False,False,False,False,DERIVED_CONDITIONAL_GEOMETRY_NOT_EVENT_LOCATION
1808,99.72645625,29.58107503,7326.713078,5061.161026,-2265.552052,False,False,False,False,DERIVED_CONDITIONAL_GEOMETRY_NOT_EVENT_LOCATION
1809,99.74178342,29.56177775,7324.290199,5060.448298,-2263.841901,False,False,False,False,DERIVED_CONDITIONAL_GEOMETRY_NOT_EVENT_LOCATION
1810,99.75711060,29.54248047,7321.867449,5059.737052,-2262.130398,False,False,False,False,DERIVED_CONDITIONAL_GEOMETRY_NOT_EVENT_LOCATION
1811,99.77203313,29.52298426,7319.432003,5058.985294,-2260.446708,False,False,False,False,DERIVED_CONDITIONAL_GEOMETRY_NOT_EVENT_LOCATION
1812,99.78695566,29.50348805,7316.996673,5058.234994,-2258.761679,False,False,False,False,DERIVED_CONDITIONAL_GEOMETRY_NOT_EVENT_LOCATION
1813,99.80187819,29.48399183,7314.561460,5057.486151,-2257.075309,False,False,False,False,DERIVED_CONDITIONAL_GEOMETRY_NOT_EVENT_LOCATION
1814,99.81680072,29.46449562,7312.126364,5056.738767,-2255.387598,False,False,False,False,DERIVED_CONDITIONAL_GEOMETRY_NOT_EVENT_LOCATION
1815,99.83172325,29.44499941,7309.691386,5055.992841,-2253.698545,False,False,False,False,DERIVED_CONDITIONAL_GEOMETRY_NOT_EVENT_LOCATION
1816,99.84664578,29.42550320,7307.256525,5055.248374,-2252.008151,False,False,False,False,DERIVED_CONDITIONAL_GEOMETRY_NOT_EVENT_LOCATION
1817,99.86156831,29.40600699,7304.821783,5054.505367,-2250.316416,False,False,False,False,DERIVED_CONDITIONAL_GEOMETRY_NOT_EVENT_LOCATION
1818,99.87649084,29.38651078,7302.387158,5053.763820,-2248.623338,False,False,False,False,DERIVED_CONDITIONAL_GEOMETRY_NOT_EVENT_LOCATION
1819,99.89141337,29.36701457,7299.952652,5053.023735,-2246.928918,False,False,False,False,DERIVED_CONDITIONAL_GEOMETRY_NOT_EVENT_LOCATION
1820,99.90633590,29.34751836,7297.518265,5052.285111,-2245.233154,False,False,False,False,DERIVED_CONDITIONAL_GEOMETRY_NOT_EVENT_LOCATION
1821,99.92125843,29.32802214,7295.083997,5051.547949,-2243.536048,False,False,False,False,DERIVED_CONDITIONAL_GEOMETRY_NOT_EVENT_LOCATION
1822,99.93618096,29.30852593,7292.649848,5050.812249,-2241.837599,False,False,False,False,DERIVED_CONDITIONAL_GEOMETRY_NOT_EVENT_LOCATION
1823,99.95110349,29.28902972,7290.215819,5050.078013,-2240.137806,False,False,False,False,DERIVED_CONDITIONAL_GEOMETRY_NOT_EVENT_LOCATION
1824,99.96602602,29.26953351,7287.781910,5049.345241,-2238.436669,False,False,False,False,DERIVED_CONDITIONAL_GEOMETRY_NOT_EVENT_LOCATION
1825,99.98094855,29.25003730,7285.348120,5048.613932,-2236.734188,False,False,False,False,DERIVED_CONDITIONAL_GEOMETRY_NOT_EVENT_LOCATION
1826,99.99587108,29.23054109,7282.914452,5047.884089,-2235.030362,False,False,False,False,DERIVED_CONDITIONAL_GEOMETRY_NOT_EVENT_LOCATION
1827,100.01079362,29.21104488,7280.480904,5047.155711,-2233.325192,False,False,False,False,DERIVED_CONDITIONAL_GEOMETRY_NOT_EVENT_LOCATION
1828,100.02571615,29.19154867,7278.047477,5046.428800,-2231.618677,False,False,False,False,DERIVED_CONDITIONAL_GEOMETRY_NOT_EVENT_LOCATION
1829,100.04063868,29.17205245,7275.614171,5045.703355,-2229.910816,False,False,False,False,DERIVED_CONDITIONAL_GEOMETRY_NOT_EVENT_LOCATION
1830,100.05556121,29.15255624,7273.180986,5044.979377,-2228.201610,False,False,False,False,DERIVED_CONDITIONAL_GEOMETRY_NOT_EVENT_LOCATION
1831,100.07048374,29.13306003,7270.747924,5044.256866,-2226.491058,False,False,False,False,DERIVED_CONDITIONAL_GEOMETRY_NOT_EVENT_LOCATION
1832,100.08540627,29.11356382,7268.314983,5043.535824,-2224.779159,False,False,False,False,DERIVED_CONDITIONAL_GEOMETRY_NOT_EVENT_LOCATION
1833,100.10032880,29.09406761,7265.882165,5042.816251,-2223.065915,False,False,False,False,DERIVED_CONDITIONAL_GEOMETRY_NOT_EVENT_LOCATION
1834,100.11525133,29.07457140,7263.449470,5042.098147,-2221.351323,False,False,False,False,DERIVED_CONDITIONAL_GEOMETRY_NOT_EVENT_LOCATION
1835,100.13017386,29.05507519,7261.016897,5041.381512,-2219.635385,False,False,False,False,DERIVED_CONDITIONAL_GEOMETRY_NOT_EVENT_LOCATION
1836,100.14509639,29.03557897,7258.584448,5040.666349,-2217.918099,False,False,False,False,DERIVED_CONDITIONAL_GEOMETRY_NOT_EVENT_LOCATION
1837,100.16001892,29.01608276,7256.152122,5039.952656,-2216.199466,False,False,False,False,DERIVED_CONDITIONAL_GEOMETRY_NOT_EVENT_LOCATION
1838,100.17453964,28.99639553,7253.707710,5039.198939,-2214.508771,False,False,False,False,DERIVED_CONDITIONAL_GEOMETRY_NOT_EVENT_LOCATION
1839,100.18906035,28.97670831,7251.263409,5038.446668,-2212.816741,False,False,False,False,DERIVED_CONDITIONAL_GEOMETRY_NOT_EVENT_LOCATION
1840,100.20358107,28.95702108,7248.819219,5037.695844,-2211.123375,False,False,False,False,DERIVED_CONDITIONAL_GEOMETRY_NOT_EVENT_LOCATION
1841,100.21810178,28.93733385,7246.375141,5036.946467,-2209.428674,False,False,False,False,DERIVED_CONDITIONAL_GEOMETRY_NOT_EVENT_LOCATION
1842,100.23262250,28.91764662,7243.931174,5036.198538,-2207.732636,False,False,False,False,DERIVED_CONDITIONAL_GEOMETRY_NOT_EVENT_LOCATION
1843,100.24714322,28.89795939,7241.487319,5035.452057,-2206.035262,False,False,False,False,DERIVED_CONDITIONAL_GEOMETRY_NOT_EVENT_LOCATION
1844,100.26166393,28.87827216,7239.043576,5034.707025,-2204.336552,False,False,False,False,DERIVED_CONDITIONAL_GEOMETRY_NOT_EVENT_LOCATION
1845,100.27618465,28.85858493,7236.599946,5033.963442,-2202.636504,False,False,False,False,DERIVED_CONDITIONAL_GEOMETRY_NOT_EVENT_LOCATION
1846,100.29070536,28.83889771,7234.156428,5033.221309,-2200.935119,False,False,False,False,DERIVED_CONDITIONAL_GEOMETRY_NOT_EVENT_LOCATION
1847,100.30522608,28.81921048,7231.713023,5032.480627,-2199.232396,False,False,False,False,DERIVED_CONDITIONAL_GEOMETRY_NOT_EVENT_LOCATION
1848,100.31974679,28.79952325,7229.269731,5031.741396,-2197.528336,False,False,False,False,DERIVED_CONDITIONAL_GEOMETRY_NOT_EVENT_LOCATION
1849,100.33426751,28.77983602,7226.826553,5031.003616,-2195.822937,False,False,False,False,DERIVED_CONDITIONAL_GEOMETRY_NOT_EVENT_LOCATION
1850,100.34878823,28.76014879,7224.383489,5030.267288,-2194.116200,False,False,False,False,DERIVED_CONDITIONAL_GEOMETRY_NOT_EVENT_LOCATION
1851,100.36330894,28.74046156,7221.940538,5029.532414,-2192.408124,False,False,False,False,DERIVED_CONDITIONAL_GEOMETRY_NOT_EVENT_LOCATION
1852,100.37782966,28.72077433,7219.497702,5028.798992,-2190.698709,False,False,False,False,DERIVED_CONDITIONAL_GEOMETRY_NOT_EVENT_LOCATION
1853,100.39235037,28.70108710,7217.054980,5028.067025,-2188.987955,False,False,False,False,DERIVED_CONDITIONAL_GEOMETRY_NOT_EVENT_LOCATION
1854,100.40687109,28.68139988,7214.612373,5027.336511,-2187.275861,False,False,False,False,DERIVED_CONDITIONAL_GEOMETRY_NOT_EVENT_LOCATION
1855,100.42139181,28.66171265,7212.169881,5026.607453,-2185.562428,False,False,False,False,DERIVED_CONDITIONAL_GEOMETRY_NOT_EVENT_LOCATION
1856,100.43591252,28.64202542,7209.727504,5025.879850,-2183.847654,False,False,False,False,DERIVED_CONDITIONAL_GEOMETRY_NOT_EVENT_LOCATION
1857,100.45043324,28.62233819,7207.285243,5025.153703,-2182.131539,False,False,False,False,DERIVED_CONDITIONAL_GEOMETRY_NOT_EVENT_LOCATION
1858,100.46495395,28.60265096,7204.843097,5024.429013,-2180.414084,False,False,False,False,DERIVED_CONDITIONAL_GEOMETRY_NOT_EVENT_LOCATION
1859,100.47947467,28.58296373,7202.401068,5023.705780,-2178.695288,False,False,False,False,DERIVED_CONDITIONAL_GEOMETRY_NOT_EVENT_LOCATION
1860,100.49399538,28.56327650,7199.959154,5022.984004,-2176.975150,False,False,False,False,DERIVED_CONDITIONAL_GEOMETRY_NOT_EVENT_LOCATION
1861,100.50851610,28.54358927,7197.517358,5022.263687,-2175.253671,False,False,False,False,DERIVED_CONDITIONAL_GEOMETRY_NOT_EVENT_LOCATION
1862,100.52303682,28.52390205,7195.075678,5021.544828,-2173.530850,False,False,False,False,DERIVED_CONDITIONAL_GEOMETRY_NOT_EVENT_LOCATION
1863,100.53755753,28.50421482,7192.634115,5020.827428,-2171.806687,False,False,False,False,DERIVED_CONDITIONAL_GEOMETRY_NOT_EVENT_LOCATION
1864,100.55207825,28.48452759,7190.192670,5020.111488,-2170.081182,False,False,False,False,DERIVED_CONDITIONAL_GEOMETRY_NOT_EVENT_LOCATION
1865,100.56620336,28.46465386,7187.739320,5019.355943,-2168.383376,False,False,False,False,DERIVED_CONDITIONAL_GEOMETRY_NOT_EVENT_LOCATION
1866,100.58032848,28.44478014,7185.286075,5018.601834,-2166.684241,False,False,False,False,DERIVED_CONDITIONAL_GEOMETRY_NOT_EVENT_LOCATION
1867,100.59445360,28.42490641,7182.832935,5017.849161,-2164.983774,False,False,False,False,DERIVED_CONDITIONAL_GEOMETRY_NOT_EVENT_LOCATION
1868,100.60857872,28.40503269,7180.379901,5017.097924,-2163.281977,False,False,False,False,DERIVED_CONDITIONAL_GEOMETRY_NOT_EVENT_LOCATION
1869,100.62270383,28.38515896,7177.926973,5016.348124,-2161.578849,False,False,False,False,DERIVED_CONDITIONAL_GEOMETRY_NOT_EVENT_LOCATION
1870,100.63682895,28.36528524,7175.474152,5015.599763,-2159.874389,False,False,False,False,DERIVED_CONDITIONAL_GEOMETRY_NOT_EVENT_LOCATION
1871,100.65095407,28.34541151,7173.021437,5014.852839,-2158.168598,False,False,False,False,DERIVED_CONDITIONAL_GEOMETRY_NOT_EVENT_LOCATION
1872,100.66507919,28.32553779,7170.568828,5014.107354,-2156.461474,False,False,False,False,DERIVED_CONDITIONAL_GEOMETRY_NOT_EVENT_LOCATION
1873,100.67920431,28.30566406,7168.116327,5013.363309,-2154.753018,False,False,False,False,DERIVED_CONDITIONAL_GEOMETRY_NOT_EVENT_LOCATION
1874,100.69332942,28.28579034,7165.663933,5012.620703,-2153.043229,False,False,False,False,DERIVED_CONDITIONAL_GEOMETRY_NOT_EVENT_LOCATION
1875,100.70745454,28.26591661,7163.211646,5011.879538,-2151.332107,False,False,False,False,DERIVED_CONDITIONAL_GEOMETRY_NOT_EVENT_LOCATION
1876,100.72157966,28.24604289,7160.759467,5011.139814,-2149.619653,False,False,False,False,DERIVED_CONDITIONAL_GEOMETRY_NOT_EVENT_LOCATION
1877,100.73570478,28.22616916,7158.307396,5010.401532,-2147.905864,False,False,False,False,DERIVED_CONDITIONAL_GEOMETRY_NOT_EVENT_LOCATION
1878,100.74982989,28.20629544,7155.855433,5009.664692,-2146.190742,False,False,False,False,DERIVED_CONDITIONAL_GEOMETRY_NOT_EVENT_LOCATION
1879,100.76395501,28.18642171,7153.403579,5008.929294,-2144.474285,False,False,False,False,DERIVED_CONDITIONAL_GEOMETRY_NOT_EVENT_LOCATION
1880,100.77808013,28.16654799,7150.951834,5008.195339,-2142.756495,False,False,False,False,DERIVED_CONDITIONAL_GEOMETRY_NOT_EVENT_LOCATION
1881,100.79220525,28.14667426,7148.500197,5007.462828,-2141.037369,False,False,False,False,DERIVED_CONDITIONAL_GEOMETRY_NOT_EVENT_LOCATION
1882,100.80633036,28.12680054,7146.048670,5006.731761,-2139.316909,False,False,False,False,DERIVED_CONDITIONAL_GEOMETRY_NOT_EVENT_LOCATION
1883,100.82045548,28.10692681,7143.597252,5006.002139,-2137.595113,False,False,False,False,DERIVED_CONDITIONAL_GEOMETRY_NOT_EVENT_LOCATION
1884,100.83458060,28.08705309,7141.145944,5005.273962,-2135.871982,False,False,False,False,DERIVED_CONDITIONAL_GEOMETRY_NOT_EVENT_LOCATION
1885,100.84870572,28.06717936,7138.694746,5004.547231,-2134.147514,False,False,False,False,DERIVED_CONDITIONAL_GEOMETRY_NOT_EVENT_LOCATION
1886,100.86283083,28.04730564,7136.243658,5003.821947,-2132.421711,False,False,False,False,DERIVED_CONDITIONAL_GEOMETRY_NOT_EVENT_LOCATION
1887,100.87695595,28.02743191,7133.792680,5003.098109,-2130.694572,False,False,False,False,DERIVED_CONDITIONAL_GEOMETRY_NOT_EVENT_LOCATION
1888,100.89108107,28.00755819,7131.341814,5002.375718,-2128.966095,False,False,False,False,DERIVED_CONDITIONAL_GEOMETRY_NOT_EVENT_LOCATION
1889,100.90520619,27.98768446,7128.891058,5001.654776,-2127.236282,False,False,False,False,DERIVED_CONDITIONAL_GEOMETRY_NOT_EVENT_LOCATION
1890,100.91933130,27.96781074,7126.440413,5000.935282,-2125.505132,False,False,False,False,DERIVED_CONDITIONAL_GEOMETRY_NOT_EVENT_LOCATION
1891,100.93345642,27.94793701,7123.989880,5000.217236,-2123.772644,False,False,False,False,DERIVED_CONDITIONAL_GEOMETRY_NOT_EVENT_LOCATION
1892,100.94669941,27.92859977,7121.615850,4999.487075,-2122.128775,False,False,False,False,DERIVED_CONDITIONAL_GEOMETRY_NOT_EVENT_LOCATION
1893,100.95994241,27.90926252,7119.241913,4998.758239,-2120.483674,False,False,False,False,DERIVED_CONDITIONAL_GEOMETRY_NOT_EVENT_LOCATION
1894,100.97318540,27.88992528,7116.868068,4998.030728,-2118.837341,False,False,False,False,DERIVED_CONDITIONAL_GEOMETRY_NOT_EVENT_LOCATION
1895,100.98642840,27.87058803,7114.494317,4997.304543,-2117.189774,False,False,False,False,DERIVED_CONDITIONAL_GEOMETRY_NOT_EVENT_LOCATION
1896,100.99967139,27.85125078,7112.120660,4996.579685,-2115.540975,False,False,False,False,DERIVED_CONDITIONAL_GEOMETRY_NOT_EVENT_LOCATION
1897,101.01291439,27.83191354,7109.747095,4995.856153,-2113.890942,False,False,False,False,DERIVED_CONDITIONAL_GEOMETRY_NOT_EVENT_LOCATION
1898,101.02615738,27.81257629,7107.373625,4995.133949,-2112.239676,False,False,False,False,DERIVED_CONDITIONAL_GEOMETRY_NOT_EVENT_LOCATION
1899,101.03940037,27.79323905,7105.000249,4994.413073,-2110.587176,False,False,False,False,DERIVED_CONDITIONAL_GEOMETRY_NOT_EVENT_LOCATION
1900,101.05264337,27.77390180,7102.626967,4993.693525,-2108.933442,False,False,False,False,DERIVED_CONDITIONAL_GEOMETRY_NOT_EVENT_LOCATION
1901,101.06588636,27.75456456,7100.253780,4992.975307,-2107.278473,False,False,False,False,DERIVED_CONDITIONAL_GEOMETRY_NOT_EVENT_LOCATION
1902,101.07912936,27.73522731,7097.880687,4992.258417,-2105.622270,False,False,False,False,DERIVED_CONDITIONAL_GEOMETRY_NOT_EVENT_LOCATION
1903,101.09237235,27.71589007,7095.507689,4991.542858,-2103.964832,False,False,False,False,DERIVED_CONDITIONAL_GEOMETRY_NOT_EVENT_LOCATION
1904,101.10561534,27.69655282,7093.134787,4990.828628,-2102.306158,False,False,False,False,DERIVED_CONDITIONAL_GEOMETRY_NOT_EVENT_LOCATION
1905,101.11885834,27.67721558,7090.761979,4990.115730,-2100.646250,False,False,False,False,DERIVED_CONDITIONAL_GEOMETRY_NOT_EVENT_LOCATION
1906,101.13210133,27.65787833,7088.389268,4989.404162,-2098.985105,False,False,False,False,DERIVED_CONDITIONAL_GEOMETRY_NOT_EVENT_LOCATION
1907,101.14534433,27.63854109,7086.016652,4988.693927,-2097.322725,False,False,False,False,DERIVED_CONDITIONAL_GEOMETRY_NOT_EVENT_LOCATION
1908,101.15858732,27.61920384,7083.644132,4987.985023,-2095.659108,False,False,False,False,DERIVED_CONDITIONAL_GEOMETRY_NOT_EVENT_LOCATION
1909,101.17183031,27.59986659,7081.271708,4987.277453,-2093.994255,False,False,False,False,DERIVED_CONDITIONAL_GEOMETRY_NOT_EVENT_LOCATION
1910,101.18507331,27.58052935,7078.899380,4986.571215,-2092.328165,False,False,False,False,DERIVED_CONDITIONAL_GEOMETRY_NOT_EVENT_LOCATION
1911,101.19831630,27.56119210,7076.527149,4985.866311,-2090.660838,False,False,False,False,DERIVED_CONDITIONAL_GEOMETRY_NOT_EVENT_LOCATION
1912,101.21155930,27.54185486,7074.155015,4985.162741,-2088.992274,False,False,False,False,DERIVED_CONDITIONAL_GEOMETRY_NOT_EVENT_LOCATION
1913,101.22480229,27.52251761,7071.782978,4984.460505,-2087.322473,False,False,False,False,DERIVED_CONDITIONAL_GEOMETRY_NOT_EVENT_LOCATION
1914,101.23804528,27.50318037,7069.411038,4983.759605,-2085.651434,False,False,False,False,DERIVED_CONDITIONAL_GEOMETRY_NOT_EVENT_LOCATION
1915,101.25128828,27.48384312,7067.039196,4983.060040,-2083.979156,False,False,False,False,DERIVED_CONDITIONAL_GEOMETRY_NOT_EVENT_LOCATION
1916,101.26453127,27.46450588,7064.667452,4982.361811,-2082.305641,False,False,False,False,DERIVED_CONDITIONAL_GEOMETRY_NOT_EVENT_LOCATION
1917,101.27777427,27.44516863,7062.295805,4981.664918,-2080.630887,False,False,False,False,DERIVED_CONDITIONAL_GEOMETRY_NOT_EVENT_LOCATION
1918,101.29101726,27.42583139,7059.924256,4980.969362,-2078.954894,False,False,False,False,DERIVED_CONDITIONAL_GEOMETRY_NOT_EVENT_LOCATION
1919,101.30426025,27.40649414,7057.552806,4980.275143,-2077.277663,False,False,False,False,DERIVED_CONDITIONAL_GEOMETRY_NOT_EVENT_LOCATION
1920,101.31712995,27.38698796,7055.170563,4979.543455,-2075.627108,False,False,False,False,DERIVED_CONDITIONAL_GEOMETRY_NOT_EVENT_LOCATION
1921,101.32999965,27.36748178,7052.788408,4978.813082,-2073.975326,False,False,False,False,DERIVED_CONDITIONAL_GEOMETRY_NOT_EVENT_LOCATION
1922,101.34286935,27.34797559,7050.406341,4978.084025,-2072.322316,False,False,False,False,DERIVED_CONDITIONAL_GEOMETRY_NOT_EVENT_LOCATION
1923,101.35573905,27.32846941,7048.024363,4977.356284,-2070.668078,False,False,False,False,DERIVED_CONDITIONAL_GEOMETRY_NOT_EVENT_LOCATION
1924,101.36860875,27.30896323,7045.642472,4976.629861,-2069.012612,False,False,False,False,DERIVED_CONDITIONAL_GEOMETRY_NOT_EVENT_LOCATION
1925,101.38147845,27.28945705,7043.260671,4975.904754,-2067.355917,False,False,False,False,DERIVED_CONDITIONAL_GEOMETRY_NOT_EVENT_LOCATION
1926,101.39434814,27.26995087,7040.878958,4975.180966,-2065.697992,False,False,False,False,DERIVED_CONDITIONAL_GEOMETRY_NOT_EVENT_LOCATION
1927,101.40721784,27.25044468,7038.497335,4974.458496,-2064.038839,False,False,False,False,DERIVED_CONDITIONAL_GEOMETRY_NOT_EVENT_LOCATION
1928,101.42008754,27.23093850,7036.115800,4973.737344,-2062.378456,False,False,False,False,DERIVED_CONDITIONAL_GEOMETRY_NOT_EVENT_LOCATION
1929,101.43295724,27.21143232,7033.734355,4973.017512,-2060.716843,False,False,False,False,DERIVED_CONDITIONAL_GEOMETRY_NOT_EVENT_LOCATION
1930,101.44582694,27.19192614,7031.353000,4972.299000,-2059.054000,False,False,False,False,DERIVED_CONDITIONAL_GEOMETRY_NOT_EVENT_LOCATION
1931,101.45869664,27.17241996,7028.971735,4971.581808,-2057.389927,False,False,False,False,DERIVED_CONDITIONAL_GEOMETRY_NOT_EVENT_LOCATION
1932,101.47156634,27.15291377,7026.590559,4970.865936,-2055.724623,False,False,False,False,DERIVED_CONDITIONAL_GEOMETRY_NOT_EVENT_LOCATION
1933,101.48443604,27.13340759,7024.209474,4970.151385,-2054.058089,False,False,False,False,DERIVED_CONDITIONAL_GEOMETRY_NOT_EVENT_LOCATION
1934,101.49730573,27.11390141,7021.828480,4969.438157,-2052.390323,False,False,False,False,DERIVED_CONDITIONAL_GEOMETRY_NOT_EVENT_LOCATION
1935,101.51017543,27.09439523,7019.447576,4968.726250,-2050.721326,False,False,False,False,DERIVED_CONDITIONAL_GEOMETRY_NOT_EVENT_LOCATION
1936,101.52304513,27.07488905,7017.066763,4968.015665,-2049.051097,False,False,False,False,DERIVED_CONDITIONAL_GEOMETRY_NOT_EVENT_LOCATION
1937,101.53591483,27.05538286,7014.686041,4967.306404,-2047.379637,False,False,False,False,DERIVED_CONDITIONAL_GEOMETRY_NOT_EVENT_LOCATION
1938,101.54878453,27.03587668,7012.305410,4966.598466,-2045.706944,False,False,False,False,DERIVED_CONDITIONAL_GEOMETRY_NOT_EVENT_LOCATION
1939,101.56165423,27.01637050,7009.924870,4965.891852,-2044.033019,False,False,False,False,DERIVED_CONDITIONAL_GEOMETRY_NOT_EVENT_LOCATION
1940,101.57452393,26.99686432,7007.544423,4965.186562,-2042.357861,False,False,False,False,DERIVED_CONDITIONAL_GEOMETRY_NOT_EVENT_LOCATION
1941,101.58739362,26.97735814,7005.164067,4964.482597,-2040.681471,False,False,False,False,DERIVED_CONDITIONAL_GEOMETRY_NOT_EVENT_LOCATION
1942,101.60026332,26.95785195,7002.783803,4963.779957,-2039.003847,False,False,False,False,DERIVED_CONDITIONAL_GEOMETRY_NOT_EVENT_LOCATION
1943,101.61313302,26.93834577,7000.403632,4963.078642,-2037.324989,False,False,False,False,DERIVED_CONDITIONAL_GEOMETRY_NOT_EVENT_LOCATION
1944,101.62600272,26.91883959,6998.023553,4962.378654,-2035.644899,False,False,False,False,DERIVED_CONDITIONAL_GEOMETRY_NOT_EVENT_LOCATION
1945,101.63887242,26.89933341,6995.643567,4961.679993,-2033.963574,False,False,False,False,DERIVED_CONDITIONAL_GEOMETRY_NOT_EVENT_LOCATION
1946,101.65174212,26.87982723,6993.263673,4960.982659,-2032.281015,False,False,False,False,DERIVED_CONDITIONAL_GEOMETRY_NOT_EVENT_LOCATION
1947,101.66461182,26.86032104,6990.883873,4960.286652,-2030.597222,False,False,False,False,DERIVED_CONDITIONAL_GEOMETRY_NOT_EVENT_LOCATION
1948,101.67711312,26.84065247,6988.493741,4959.553712,-2028.940028,False,False,False,False,DERIVED_CONDITIONAL_GEOMETRY_NOT_EVENT_LOCATION
1949,101.68961443,26.82098389,6986.103692,4958.822079,-2027.281612,False,False,False,False,DERIVED_CONDITIONAL_GEOMETRY_NOT_EVENT_LOCATION
1950,101.70211574,26.80131531,6983.713726,4958.091753,-2025.621973,False,False,False,False,DERIVED_CONDITIONAL_GEOMETRY_NOT_EVENT_LOCATION
1951,101.71461705,26.78164673,6981.323843,4957.362733,-2023.961110,False,False,False,False,DERIVED_CONDITIONAL_GEOMETRY_NOT_EVENT_LOCATION
1952,101.72711836,26.76197815,6978.934044,4956.635021,-2022.299023,False,False,False,False,DERIVED_CONDITIONAL_GEOMETRY_NOT_EVENT_LOCATION
1953,101.73961966,26.74230957,6976.544329,4955.908616,-2020.635712,False,False,False,False,DERIVED_CONDITIONAL_GEOMETRY_NOT_EVENT_LOCATION
1954,101.75212097,26.72264099,6974.154698,4955.183521,-2018.971177,False,False,False,False,DERIVED_CONDITIONAL_GEOMETRY_NOT_EVENT_LOCATION
1955,101.76462228,26.70297241,6971.765151,4954.459733,-2017.305417,False,False,False,False,DERIVED_CONDITIONAL_GEOMETRY_NOT_EVENT_LOCATION
1956,101.77712359,26.68330383,6969.375688,4953.737256,-2015.638432,False,False,False,False,DERIVED_CONDITIONAL_GEOMETRY_NOT_EVENT_LOCATION
1957,101.78962490,26.66363525,6966.986310,4953.016088,-2013.970222,False,False,False,False,DERIVED_CONDITIONAL_GEOMETRY_NOT_EVENT_LOCATION
1958,101.80212620,26.64396667,6964.597017,4952.296230,-2012.300787,False,False,False,False,DERIVED_CONDITIONAL_GEOMETRY_NOT_EVENT_LOCATION
1959,101.81462751,26.62429810,6962.207808,4951.577683,-2010.630126,False,False,False,False,DERIVED_CONDITIONAL_GEOMETRY_NOT_EVENT_LOCATION
1960,101.82712882,26.60462952,6959.818685,4950.860447,-2008.958239,False,False,False,False,DERIVED_CONDITIONAL_GEOMETRY_NOT_EVENT_LOCATION
1961,101.83963013,26.58496094,6957.429647,4950.144522,-2007.285125,False,False,False,False,DERIVED_CONDITIONAL_GEOMETRY_NOT_EVENT_LOCATION
1962,101.85213143,26.56529236,6955.040695,4949.429910,-2005.610785,False,False,False,False,DERIVED_CONDITIONAL_GEOMETRY_NOT_EVENT_LOCATION
1963,101.86463274,26.54562378,6952.651828,4948.716610,-2003.935219,False,False,False,False,DERIVED_CONDITIONAL_GEOMETRY_NOT_EVENT_LOCATION
1964,101.87713405,26.52595520,6950.263048,4948.004623,-2002.258425,False,False,False,False,DERIVED_CONDITIONAL_GEOMETRY_NOT_EVENT_LOCATION
1965,101.88963536,26.50628662,6947.874353,4947.293949,-2000.580404,False,False,False,False,DERIVED_CONDITIONAL_GEOMETRY_NOT_EVENT_LOCATION
1966,101.90213667,26.48661804,6945.485745,4946.584589,-1998.901156,False,False,False,False,DERIVED_CONDITIONAL_GEOMETRY_NOT_EVENT_LOCATION
1967,101.91463797,26.46694946,6943.097223,4945.876543,-1997.220679,False,False,False,False,DERIVED_CONDITIONAL_GEOMETRY_NOT_EVENT_LOCATION
1968,101.92713928,26.44728088,6940.708787,4945.169813,-1995.538975,False,False,False,False,DERIVED_CONDITIONAL_GEOMETRY_NOT_EVENT_LOCATION
1969,101.93964059,26.42761230,6938.320439,4944.464397,-1993.856042,False,False,False,False,DERIVED_CONDITIONAL_GEOMETRY_NOT_EVENT_LOCATION
1970,101.95214190,26.40794373,6935.932178,4943.760297,-1992.171881,False,False,False,False,DERIVED_CONDITIONAL_GEOMETRY_NOT_EVENT_LOCATION
1971,101.96464321,26.38827515,6933.544004,4943.057513,-1990.486491,False,False,False,False,DERIVED_CONDITIONAL_GEOMETRY_NOT_EVENT_LOCATION
1972,101.97714451,26.36860657,6931.155917,4942.356045,-1988.799872,False,False,False,False,DERIVED_CONDITIONAL_GEOMETRY_NOT_EVENT_LOCATION
1973,101.98964582,26.34893799,6928.767918,4941.655895,-1987.112023,False,False,False,False,DERIVED_CONDITIONAL_GEOMETRY_NOT_EVENT_LOCATION
1974,102.00214713,26.32926941,6926.380007,4940.957062,-1985.422945,False,False,False,False,DERIVED_CONDITIONAL_GEOMETRY_NOT_EVENT_LOCATION
1975,102.01464844,26.30960083,6923.992184,4940.259546,-1983.732638,False,False,False,False,DERIVED_CONDITIONAL_GEOMETRY_NOT_EVENT_LOCATION
1976,102.02678626,26.28977530,6921.594379,4939.525555,-1982.068824,False,False,False,False,DERIVED_CONDITIONAL_GEOMETRY_NOT_EVENT_LOCATION
1977,102.03892408,26.26994978,6919.196652,4938.792860,-1980.403793,False,False,False,False,DERIVED_CONDITIONAL_GEOMETRY_NOT_EVENT_LOCATION
1978,102.05106190,26.25012425,6916.799004,4938.061462,-1978.737542,False,False,False,False,DERIVED_CONDITIONAL_GEOMETRY_NOT_EVENT_LOCATION
1979,102.06319972,26.23029872,6914.401435,4937.331362,-1977.070073,False,False,False,False,DERIVED_CONDITIONAL_GEOMETRY_NOT_EVENT_LOCATION
1980,102.07533755,26.21047320,6912.003945,4936.602561,-1975.401384,False,False,False,False,DERIVED_CONDITIONAL_GEOMETRY_NOT_EVENT_LOCATION
1981,102.08747537,26.19064767,6909.606533,4935.875058,-1973.731475,False,False,False,False,DERIVED_CONDITIONAL_GEOMETRY_NOT_EVENT_LOCATION
1982,102.09961319,26.17082214,6907.209201,4935.148854,-1972.060347,False,False,False,False,DERIVED_CONDITIONAL_GEOMETRY_NOT_EVENT_LOCATION
1983,102.11175101,26.15099662,6904.811949,4934.423950,-1970.387999,False,False,False,False,DERIVED_CONDITIONAL_GEOMETRY_NOT_EVENT_LOCATION
1984,102.12388883,26.13117109,6902.414776,4933.700346,-1968.714430,False,False,False,False,DERIVED_CONDITIONAL_GEOMETRY_NOT_EVENT_LOCATION
1985,102.13602665,26.11134556,6900.017683,4932.978042,-1967.039641,False,False,False,False,DERIVED_CONDITIONAL_GEOMETRY_NOT_EVENT_LOCATION
1986,102.14816448,26.09152004,6897.620669,4932.257039,-1965.363630,False,False,False,False,DERIVED_CONDITIONAL_GEOMETRY_NOT_EVENT_LOCATION
1987,102.16030230,26.07169451,6895.223737,4931.537338,-1963.686399,False,False,False,False,DERIVED_CONDITIONAL_GEOMETRY_NOT_EVENT_LOCATION
1988,102.17244012,26.05186898,6892.826884,4930.818938,-1962.007946,False,False,False,False,DERIVED_CONDITIONAL_GEOMETRY_NOT_EVENT_LOCATION
1989,102.18457794,26.03204346,6890.430112,4930.101841,-1960.328271,False,False,False,False,DERIVED_CONDITIONAL_GEOMETRY_NOT_EVENT_LOCATION
1990,102.19671576,26.01221793,6888.033421,4929.386046,-1958.647374,False,False,False,False,DERIVED_CONDITIONAL_GEOMETRY_NOT_EVENT_LOCATION
1991,102.20885359,25.99239240,6885.636810,4928.671555,-1956.965255,False,False,False,False,DERIVED_CONDITIONAL_GEOMETRY_NOT_EVENT_LOCATION
1992,102.22099141,25.97256688,6883.240281,4927.958367,-1955.281914,False,False,False,False,DERIVED_CONDITIONAL_GEOMETRY_NOT_EVENT_LOCATION
1993,102.23312923,25.95274135,6880.843833,4927.246483,-1953.597350,False,False,False,False,DERIVED_CONDITIONAL_GEOMETRY_NOT_EVENT_LOCATION
1994,102.24526705,25.93291582,6878.447466,4926.535904,-1951.911563,False,False,False,False,DERIVED_CONDITIONAL_GEOMETRY_NOT_EVENT_LOCATION
1995,102.25740487,25.91309030,6876.051181,4925.826629,-1950.224552,False,False,False,False,DERIVED_CONDITIONAL_GEOMETRY_NOT_EVENT_LOCATION
1996,102.26954269,25.89326477,6873.654978,4925.118660,-1948.536318,False,False,False,False,DERIVED_CONDITIONAL_GEOMETRY_NOT_EVENT_LOCATION
1997,102.28168052,25.87343924,6871.258857,4924.411997,-1946.846860,False,False,False,False,DERIVED_CONDITIONAL_GEOMETRY_NOT_EVENT_LOCATION
1998,102.29381834,25.85361372,6868.862818,4923.706640,-1945.156178,False,False,False,False,DERIVED_CONDITIONAL_GEOMETRY_NOT_EVENT_LOCATION
1999,102.30595616,25.83378819,6866.466861,4923.002589,-1943.464272,False,False,False,False,DERIVED_CONDITIONAL_GEOMETRY_NOT_EVENT_LOCATION
2000,102.31809398,25.81396266,6864.070987,4922.299846,-1941.771141,False,False,False,False,DERIVED_CONDITIONAL_GEOMETRY_NOT_EVENT_LOCATION
2001,102.33023180,25.79413714,6861.675196,4921.598410,-1940.076785,False,False,False,False,DERIVED_CONDITIONAL_GEOMETRY_NOT_EVENT_LOCATION
2002,102.34236962,25.77431161,6859.279487,4920.898282,-1938.381205,False,False,False,False,DERIVED_CONDITIONAL_GEOMETRY_NOT_EVENT_LOCATION
2003,102.35450745,25.75448608,6856.883862,4920.199463,-1936.684399,False,False,False,False,DERIVED_CONDITIONAL_GEOMETRY_NOT_EVENT_LOCATION
2004,102.36628560,25.73450688,6854.478396,4919.464382,-1935.014014,False,False,False,False,DERIVED_CONDITIONAL_GEOMETRY_NOT_EVENT_LOCATION
2005,102.37806375,25.71452768,6852.073003,4918.730589,-1933.342414,False,False,False,False,DERIVED_CONDITIONAL_GEOMETRY_NOT_EVENT_LOCATION
2006,102.38984190,25.69454847,6849.667685,4917.998084,-1931.669601,False,False,False,False,DERIVED_CONDITIONAL_GEOMETRY_NOT_EVENT_LOCATION
2007,102.40162005,25.67456927,6847.262441,4917.266868,-1929.995572,False,False,False,False,DERIVED_CONDITIONAL_GEOMETRY_NOT_EVENT_LOCATION
2008,102.41339820,25.65459006,6844.857271,4916.536942,-1928.320329,False,False,False,False,DERIVED_CONDITIONAL_GEOMETRY_NOT_EVENT_LOCATION
2009,102.42517635,25.63461086,6842.452175,4915.808305,-1926.643871,False,False,False,False,DERIVED_CONDITIONAL_GEOMETRY_NOT_EVENT_LOCATION
2010,102.43695450,25.61463165,6840.047155,4915.080958,-1924.966197,False,False,False,False,DERIVED_CONDITIONAL_GEOMETRY_NOT_EVENT_LOCATION
2011,102.44873265,25.59465245,6837.642209,4914.354902,-1923.287307,False,False,False,False,DERIVED_CONDITIONAL_GEOMETRY_NOT_EVENT_LOCATION
2012,102.46051080,25.57467324,6835.237338,4913.630137,-1921.607201,False,False,False,False,DERIVED_CONDITIONAL_GEOMETRY_NOT_EVENT_LOCATION
2013,102.47228895,25.55469404,6832.832542,4912.906663,-1919.925879,False,False,False,False,DERIVED_CONDITIONAL_GEOMETRY_NOT_EVENT_LOCATION
2014,102.48406710,25.53471484,6830.427821,4912.184481,-1918.243340,False,False,False,False,DERIVED_CONDITIONAL_GEOMETRY_NOT_EVENT_LOCATION
2015,102.49584525,25.51473563,6828.023176,4911.463592,-1916.559584,False,False,False,False,DERIVED_CONDITIONAL_GEOMETRY_NOT_EVENT_LOCATION
2016,102.50762340,25.49475643,6825.618607,4910.743996,-1914.874612,False,False,False,False,DERIVED_CONDITIONAL_GEOMETRY_NOT_EVENT_LOCATION
2017,102.51940155,25.47477722,6823.214114,4910.025692,-1913.188421,False,False,False,False,DERIVED_CONDITIONAL_GEOMETRY_NOT_EVENT_LOCATION
2018,102.53117970,25.45479802,6820.809696,4909.308683,-1911.501014,False,False,False,False,DERIVED_CONDITIONAL_GEOMETRY_NOT_EVENT_LOCATION
2019,102.54295785,25.43481881,6818.405355,4908.592967,-1909.812388,False,False,False,False,DERIVED_CONDITIONAL_GEOMETRY_NOT_EVENT_LOCATION
2020,102.55473600,25.41483961,6816.001090,4907.878547,-1908.122544,False,False,False,False,DERIVED_CONDITIONAL_GEOMETRY_NOT_EVENT_LOCATION
2021,102.56651415,25.39486040,6813.596902,4907.165421,-1906.431481,False,False,False,False,DERIVED_CONDITIONAL_GEOMETRY_NOT_EVENT_LOCATION
2022,102.57829230,25.37488120,6811.192790,4906.453590,-1904.739200,False,False,False,False,DERIVED_CONDITIONAL_GEOMETRY_NOT_EVENT_LOCATION
2023,102.59007045,25.35490199,6808.788756,4905.743056,-1903.045700,False,False,False,False,DERIVED_CONDITIONAL_GEOMETRY_NOT_EVENT_LOCATION
2024,102.60184860,25.33492279,6806.384798,4905.033818,-1901.350980,False,False,False,False,DERIVED_CONDITIONAL_GEOMETRY_NOT_EVENT_LOCATION
2025,102.61362675,25.31494359,6803.980918,4904.325876,-1899.655042,False,False,False,False,DERIVED_CONDITIONAL_GEOMETRY_NOT_EVENT_LOCATION
2026,102.62540490,25.29496438,6801.577114,4903.619232,-1897.957883,False,False,False,False,DERIVED_CONDITIONAL_GEOMETRY_NOT_EVENT_LOCATION
2027,102.63718305,25.27498518,6799.173389,4902.913885,-1896.259504,False,False,False,False,DERIVED_CONDITIONAL_GEOMETRY_NOT_EVENT_LOCATION
2028,102.64896120,25.25500597,6796.769741,4902.209836,-1894.559905,False,False,False,False,DERIVED_CONDITIONAL_GEOMETRY_NOT_EVENT_LOCATION
2029,102.66073935,25.23502677,6794.366171,4901.507086,-1892.859085,False,False,False,False,DERIVED_CONDITIONAL_GEOMETRY_NOT_EVENT_LOCATION
2030,102.67251750,25.21504756,6791.962680,4900.805634,-1891.157045,False,False,False,False,DERIVED_CONDITIONAL_GEOMETRY_NOT_EVENT_LOCATION
2031,102.68429565,25.19506836,6789.559266,4900.105482,-1889.453784,False,False,False,False,DERIVED_CONDITIONAL_GEOMETRY_NOT_EVENT_LOCATION
2032,102.69532460,25.17563708,6787.229819,4899.395021,-1887.834798,False,False,False,False,DERIVED_CONDITIONAL_GEOMETRY_NOT_EVENT_LOCATION
2033,102.70635355,25.15620580,6784.900437,4898.685752,-1886.214685,False,False,False,False,DERIVED_CONDITIONAL_GEOMETRY_NOT_EVENT_LOCATION
2034,102.71738250,25.13677452,6782.571120,4897.977676,-1884.593444,False,False,False,False,DERIVED_CONDITIONAL_GEOMETRY_NOT_EVENT_LOCATION
2035,102.72841144,25.11734324,6780.241867,4897.270792,-1882.971075,False,False,False,False,DERIVED_CONDITIONAL_GEOMETRY_NOT_EVENT_LOCATION
2036,102.73944039,25.09791197,6777.912680,4896.565103,-1881.347577,False,False,False,False,DERIVED_CONDITIONAL_GEOMETRY_NOT_EVENT_LOCATION
2037,102.75046934,25.07848069,6775.583558,4895.860607,-1879.722951,False,False,False,False,DERIVED_CONDITIONAL_GEOMETRY_NOT_EVENT_LOCATION
2038,102.76149829,25.05904941,6773.254501,4895.157306,-1878.097196,False,False,False,False,DERIVED_CONDITIONAL_GEOMETRY_NOT_EVENT_LOCATION
2039,102.77252723,25.03961813,6770.925510,4894.455199,-1876.470311,False,False,False,False,DERIVED_CONDITIONAL_GEOMETRY_NOT_EVENT_LOCATION
2040,102.78355618,25.02018685,6768.596585,4893.754287,-1874.842297,False,False,False,False,DERIVED_CONDITIONAL_GEOMETRY_NOT_EVENT_LOCATION
2041,102.79458513,25.00075557,6766.267725,4893.054571,-1873.213154,False,False,False,False,DERIVED_CONDITIONAL_GEOMETRY_NOT_EVENT_LOCATION
2042,102.80561408,24.98132429,6763.938931,4892.356051,-1871.582880,False,False,False,False,DERIVED_CONDITIONAL_GEOMETRY_NOT_EVENT_LOCATION
2043,102.81664302,24.96189302,6761.610203,4891.658727,-1869.951476,False,False,False,False,DERIVED_CONDITIONAL_GEOMETRY_NOT_EVENT_LOCATION
2044,102.82767197,24.94246174,6759.281542,4890.962600,-1868.318942,False,False,False,False,DERIVED_CONDITIONAL_GEOMETRY_NOT_EVENT_LOCATION
2045,102.83870092,24.92303046,6756.952947,4890.267670,-1866.685277,False,False,False,False,DERIVED_CONDITIONAL_GEOMETRY_NOT_EVENT_LOCATION
2046,102.84972987,24.90359918,6754.624419,4889.573937,-1865.050482,False,False,False,False,DERIVED_CONDITIONAL_GEOMETRY_NOT_EVENT_LOCATION
2047,102.86075881,24.88416790,6752.295957,4888.881402,-1863.414555,False,False,False,False,DERIVED_CONDITIONAL_GEOMETRY_NOT_EVENT_LOCATION
2048,102.87178776,24.86473662,6749.967562,4888.190065,-1861.777497,False,False,False,False,DERIVED_CONDITIONAL_GEOMETRY_NOT_EVENT_LOCATION
2049,102.88281671,24.84530534,6747.639234,4887.499927,-1860.139307,False,False,False,False,DERIVED_CONDITIONAL_GEOMETRY_NOT_EVENT_LOCATION
2050,102.89384566,24.82587407,6745.310973,4886.810988,-1858.499985,False,False,False,False,DERIVED_CONDITIONAL_GEOMETRY_NOT_EVENT_LOCATION
2051,102.90487460,24.80644279,6742.982780,4886.123248,-1856.859531,False,False,False,False,DERIVED_CONDITIONAL_GEOMETRY_NOT_EVENT_LOCATION
2052,102.91590355,24.78701151,6740.654653,4885.436709,-1855.217945,False,False,False,False,DERIVED_CONDITIONAL_GEOMETRY_NOT_EVENT_LOCATION
2053,102.92693250,24.76758023,6738.326595,4884.751369,-1853.575226,False,False,False,False,DERIVED_CONDITIONAL_GEOMETRY_NOT_EVENT_LOCATION
2054,102.93796145,24.74814895,6735.998604,4884.067229,-1851.931374,False,False,False,False,DERIVED_CONDITIONAL_GEOMETRY_NOT_EVENT_LOCATION
2055,102.94899039,24.72871767,6733.670681,4883.384291,-1850.286390,False,False,False,False,DERIVED_CONDITIONAL_GEOMETRY_NOT_EVENT_LOCATION
2056,102.96001934,24.70928639,6731.342826,4882.702554,-1848.640272,False,False,False,False,DERIVED_CONDITIONAL_GEOMETRY_NOT_EVENT_LOCATION
2057,102.97104829,24.68985512,6729.015039,4882.022019,-1846.993020,False,False,False,False,DERIVED_CONDITIONAL_GEOMETRY_NOT_EVENT_LOCATION
2058,102.98207724,24.67042384,6726.687320,4881.342685,-1845.344635,False,False,False,False,DERIVED_CONDITIONAL_GEOMETRY_NOT_EVENT_LOCATION
2059,102.99310618,24.65099256,6724.359670,4880.664554,-1843.695116,False,False,False,False,DERIVED_CONDITIONAL_GEOMETRY_NOT_EVENT_LOCATION
2060,103.00413513,24.63156128,6722.032088,4879.987626,-1842.044462,False,False,False,False,DERIVED_CONDITIONAL_GEOMETRY_NOT_EVENT_LOCATION
2061,103.01482628,24.61199215,6719.695717,4879.276560,-1840.419157,False,False,False,False,DERIVED_CONDITIONAL_GEOMETRY_NOT_EVENT_LOCATION
2062,103.02551743,24.59242301,6717.359406,4878.566679,-1838.792727,False,False,False,False,DERIVED_CONDITIONAL_GEOMETRY_NOT_EVENT_LOCATION
2063,103.03620858,24.57285388,6715.023156,4877.857983,-1837.165173,False,False,False,False,DERIVED_CONDITIONAL_GEOMETRY_NOT_EVENT_LOCATION
2064,103.04689973,24.55328474,6712.686967,4877.150472,-1835.536495,False,False,False,False,DERIVED_CONDITIONAL_GEOMETRY_NOT_EVENT_LOCATION
2065,103.05759088,24.53371561,6710.350839,4876.444147,-1833.906692,False,False,False,False,DERIVED_CONDITIONAL_GEOMETRY_NOT_EVENT_LOCATION
2066,103.06828203,24.51414648,6708.014772,4875.739008,-1832.275764,False,False,False,False,DERIVED_CONDITIONAL_GEOMETRY_NOT_EVENT_LOCATION
2067,103.07897318,24.49457734,6705.678767,4875.035055,-1830.643712,False,False,False,False,DERIVED_CONDITIONAL_GEOMETRY_NOT_EVENT_LOCATION
2068,103.08966433,24.47500821,6703.342823,4874.332289,-1829.010533,False,False,False,False,DERIVED_CONDITIONAL_GEOMETRY_NOT_EVENT_LOCATION
2069,103.10035548,24.45543907,6701.006940,4873.630710,-1827.376230,False,False,False,False,DERIVED_CONDITIONAL_GEOMETRY_NOT_EVENT_LOCATION
2070,103.11104663,24.43586994,6698.671119,4872.930319,-1825.740800,False,False,False,False,DERIVED_CONDITIONAL_GEOMETRY_NOT_EVENT_LOCATION
2071,103.12173778,24.41630081,6696.335360,4872.231116,-1824.104244,False,False,False,False,DERIVED_CONDITIONAL_GEOMETRY_NOT_EVENT_LOCATION
2072,103.13242893,24.39673167,6693.999663,4871.533102,-1822.466562,False,False,False,False,DERIVED_CONDITIONAL_GEOMETRY_NOT_EVENT_LOCATION
2073,103.14312008,24.37716254,6691.664029,4870.836276,-1820.827753,False,False,False,False,DERIVED_CONDITIONAL_GEOMETRY_NOT_EVENT_LOCATION
2074,103.15381122,24.35759340,6689.328456,4870.140639,-1819.187817,False,False,False,False,DERIVED_CONDITIONAL_GEOMETRY_NOT_EVENT_LOCATION
2075,103.16450237,24.33802427,6686.992946,4869.446191,-1817.546755,False,False,False,False,DERIVED_CONDITIONAL_GEOMETRY_NOT_EVENT_LOCATION
2076,103.17519352,24.31845514,6684.657498,4868.752934,-1815.904564,False,False,False,False,DERIVED_CONDITIONAL_GEOMETRY_NOT_EVENT_LOCATION
2077,103.18588467,24.29888600,6682.322114,4868.060867,-1814.261247,False,False,False,False,DERIVED_CONDITIONAL_GEOMETRY_NOT_EVENT_LOCATION
2078,103.19657582,24.27931687,6679.986792,4867.369990,-1812.616801,False,False,False,False,DERIVED_CONDITIONAL_GEOMETRY_NOT_EVENT_LOCATION
2079,103.20726697,24.25974774,6677.651532,4866.680305,-1810.971227,False,False,False,False,DERIVED_CONDITIONAL_GEOMETRY_NOT_EVENT_LOCATION
2080,103.21795812,24.24017860,6675.316337,4865.991811,-1809.324525,False,False,False,False,DERIVED_CONDITIONAL_GEOMETRY_NOT_EVENT_LOCATION
2081,103.22864927,24.22060947,6672.981204,4865.304509,-1807.676695,False,False,False,False,DERIVED_CONDITIONAL_GEOMETRY_NOT_EVENT_LOCATION
2082,103.23934042,24.20104033,6670.646134,4864.618399,-1806.027735,False,False,False,False,DERIVED_CONDITIONAL_GEOMETRY_NOT_EVENT_LOCATION
2083,103.25003157,24.18147120,6668.311129,4863.933482,-1804.377647,False,False,False,False,DERIVED_CONDITIONAL_GEOMETRY_NOT_EVENT_LOCATION
2084,103.26072272,24.16190207,6665.976186,4863.249757,-1802.726429,False,False,False,False,DERIVED_CONDITIONAL_GEOMETRY_NOT_EVENT_LOCATION
2085,103.27141387,24.14233293,6663.641308,4862.567226,-1801.074082,False,False,False,False,DERIVED_CONDITIONAL_GEOMETRY_NOT_EVENT_LOCATION
2086,103.28210502,24.12276380,6661.306494,4861.885888,-1799.420605,False,False,False,False,DERIVED_CONDITIONAL_GEOMETRY_NOT_EVENT_LOCATION
2087,103.29279617,24.10319466,6658.971743,4861.205745,-1797.765998,False,False,False,False,DERIVED_CONDITIONAL_GEOMETRY_NOT_EVENT_LOCATION
2088,103.30348732,24.08362553,6656.637057,4860.526796,-1796.110261,False,False,False,False,DERIVED_CONDITIONAL_GEOMETRY_NOT_EVENT_LOCATION
2089,103.31417847,24.06405640,6654.302435,4859.849042,-1794.453393,False,False,False,False,DERIVED_CONDITIONAL_GEOMETRY_NOT_EVENT_LOCATION
2090,103.32453498,24.04435572,6651.959535,4859.137580,-1792.821955,False,False,False,False,DERIVED_CONDITIONAL_GEOMETRY_NOT_EVENT_LOCATION
2091,103.33489148,24.02465505,6649.616692,4858.427295,-1791.189397,False,False,False,False,DERIVED_CONDITIONAL_GEOMETRY_NOT_EVENT_LOCATION
2092,103.34524799,24.00495437,6647.273906,4857.718187,-1789.555719,False,False,False,False,DERIVED_CONDITIONAL_GEOMETRY_NOT_EVENT_LOCATION
2093,103.35560450,23.98525370,6644.931177,4857.010257,-1787.920920,False,False,False,False,DERIVED_CONDITIONAL_GEOMETRY_NOT_EVENT_LOCATION
2094,103.36596101,23.96555302,6642.588505,4856.303504,-1786.285001,False,False,False,False,DERIVED_CONDITIONAL_GEOMETRY_NOT_EVENT_LOCATION
2095,103.37631752,23.94585235,6640.245890,4855.597929,-1784.647960,False,False,False,False,DERIVED_CONDITIONAL_GEOMETRY_NOT_EVENT_LOCATION
2096,103.38667403,23.92615167,6637.903332,4854.893534,-1783.009799,False,False,False,False,DERIVED_CONDITIONAL_GEOMETRY_NOT_EVENT_LOCATION
2097,103.39703053,23.90645100,6635.560832,4854.190317,-1781.370515,False,False,False,False,DERIVED_CONDITIONAL_GEOMETRY_NOT_EVENT_LOCATION
2098,103.40738704,23.88675032,6633.218390,4853.488279,-1779.730111,False,False,False,False,DERIVED_CONDITIONAL_GEOMETRY_NOT_EVENT_LOCATION
2099,103.41774355,23.86704964,6630.876005,4852.787422,-1778.088584,False,False,False,False,DERIVED_CONDITIONAL_GEOMETRY_NOT_EVENT_LOCATION
2100,103.42810006,23.84734897,6628.533678,4852.087744,-1776.445934,False,False,False,False,DERIVED_CONDITIONAL_GEOMETRY_NOT_EVENT_LOCATION
2101,103.43845657,23.82764829,6626.191409,4851.389247,-1774.802163,False,False,False,False,DERIVED_CONDITIONAL_GEOMETRY_NOT_EVENT_LOCATION
2102,103.44881308,23.80794762,6623.849199,4850.691931,-1773.157268,False,False,False,False,DERIVED_CONDITIONAL_GEOMETRY_NOT_EVENT_LOCATION
2103,103.45916959,23.78824694,6621.507046,4849.995796,-1771.511250,False,False,False,False,DERIVED_CONDITIONAL_GEOMETRY_NOT_EVENT_LOCATION
2104,103.46952609,23.76854627,6619.164952,4849.300842,-1769.864110,False,False,False,False,DERIVED_CONDITIONAL_GEOMETRY_NOT_EVENT_LOCATION
2105,103.47988260,23.74884559,6616.822917,4848.607071,-1768.215845,False,False,False,False,DERIVED_CONDITIONAL_GEOMETRY_NOT_EVENT_LOCATION
2106,103.49023911,23.72914492,6614.480940,4847.914482,-1766.566457,False,False,False,False,DERIVED_CONDITIONAL_GEOMETRY_NOT_EVENT_LOCATION
2107,103.50059562,23.70944424,6612.139021,4847.223076,-1764.915945,False,False,False,False,DERIVED_CONDITIONAL_GEOMETRY_NOT_EVENT_LOCATION
2108,103.51095213,23.68974357,6609.797162,4846.532853,-1763.264309,False,False,False,False,DERIVED_CONDITIONAL_GEOMETRY_NOT_EVENT_LOCATION
2109,103.52130864,23.67004289,6607.455362,4845.843814,-1761.611548,False,False,False,False,DERIVED_CONDITIONAL_GEOMETRY_NOT_EVENT_LOCATION
2110,103.53166514,23.65034222,6605.113621,4845.155958,-1759.957663,False,False,False,False,DERIVED_CONDITIONAL_GEOMETRY_NOT_EVENT_LOCATION
2111,103.54202165,23.63064154,6602.771939,4844.469287,-1758.302652,False,False,False,False,DERIVED_CONDITIONAL_GEOMETRY_NOT_EVENT_LOCATION
2112,103.55237816,23.61094087,6600.430317,4843.783800,-1756.646517,False,False,False,False,DERIVED_CONDITIONAL_GEOMETRY_NOT_EVENT_LOCATION
2113,103.56273467,23.59124019,6598.088754,4843.099499,-1754.989255,False,False,False,False,DERIVED_CONDITIONAL_GEOMETRY_NOT_EVENT_LOCATION
2114,103.57309118,23.57153952,6595.747251,4842.416382,-1753.330869,False,False,False,False,DERIVED_CONDITIONAL_GEOMETRY_NOT_EVENT_LOCATION
2115,103.58344769,23.55183884,6593.405808,4841.734452,-1751.671356,False,False,False,False,DERIVED_CONDITIONAL_GEOMETRY_NOT_EVENT_LOCATION
2116,103.59380420,23.53213817,6591.064424,4841.053707,-1750.010717,False,False,False,False,DERIVED_CONDITIONAL_GEOMETRY_NOT_EVENT_LOCATION
2117,103.60416070,23.51243749,6588.723101,4840.374149,-1748.348952,False,False,False,False,DERIVED_CONDITIONAL_GEOMETRY_NOT_EVENT_LOCATION
2118,103.61451721,23.49273682,6586.381838,4839.695778,-1746.686060,False,False,False,False,DERIVED_CONDITIONAL_GEOMETRY_NOT_EVENT_LOCATION
2119,103.62454381,23.47290670,6584.032326,4838.983937,-1745.048389,False,False,False,False,DERIVED_CONDITIONAL_GEOMETRY_NOT_EVENT_LOCATION
2120,103.63457042,23.45307659,6581.682867,4838.273265,-1743.409603,False,False,False,False,DERIVED_CONDITIONAL_GEOMETRY_NOT_EVENT_LOCATION
2121,103.64459702,23.43324648,6579.333462,4837.563763,-1741.769699,False,False,False,False,DERIVED_CONDITIONAL_GEOMETRY_NOT_EVENT_LOCATION
2122,103.65462362,23.41341637,6576.984109,4836.855430,-1740.128679,False,False,False,False,DERIVED_CONDITIONAL_GEOMETRY_NOT_EVENT_LOCATION
2123,103.66465023,23.39358626,6574.634810,4836.148269,-1738.486541,False,False,False,False,DERIVED_CONDITIONAL_GEOMETRY_NOT_EVENT_LOCATION
2124,103.67467683,23.37375615,6572.285564,4835.442278,-1736.843286,False,False,False,False,DERIVED_CONDITIONAL_GEOMETRY_NOT_EVENT_LOCATION
2125,103.68470343,23.35392603,6569.936372,4834.737458,-1735.198913,False,False,False,False,DERIVED_CONDITIONAL_GEOMETRY_NOT_EVENT_LOCATION
2126,103.69473004,23.33409592,6567.587233,4834.033811,-1733.553422,False,False,False,False,DERIVED_CONDITIONAL_GEOMETRY_NOT_EVENT_LOCATION
2127,103.70475664,23.31426581,6565.238148,4833.331335,-1731.906813,False,False,False,False,DERIVED_CONDITIONAL_GEOMETRY_NOT_EVENT_LOCATION
2128,103.71478324,23.29443570,6562.889117,4832.630031,-1730.259085,False,False,False,False,DERIVED_CONDITIONAL_GEOMETRY_NOT_EVENT_LOCATION
2129,103.72480984,23.27460559,6560.540139,4831.929901,-1728.610239,False,False,False,False,DERIVED_CONDITIONAL_GEOMETRY_NOT_EVENT_LOCATION
2130,103.73483645,23.25477547,6558.191216,4831.230943,-1726.960273,False,False,False,False,DERIVED_CONDITIONAL_GEOMETRY_NOT_EVENT_LOCATION
2131,103.74486305,23.23494536,6555.842347,4830.533159,-1725.309189,False,False,False,False,DERIVED_CONDITIONAL_GEOMETRY_NOT_EVENT_LOCATION
2132,103.75488965,23.21511525,6553.493533,4829.836549,-1723.656984,False,False,False,False,DERIVED_CONDITIONAL_GEOMETRY_NOT_EVENT_LOCATION
2133,103.76491626,23.19528514,6551.144773,4829.141113,-1722.003660,False,False,False,False,DERIVED_CONDITIONAL_GEOMETRY_NOT_EVENT_LOCATION
2134,103.77494286,23.17545503,6548.796067,4828.446852,-1720.349216,False,False,False,False,DERIVED_CONDITIONAL_GEOMETRY_NOT_EVENT_LOCATION
2135,103.78496946,23.15562492,6546.447417,4827.753765,-1718.693651,False,False,False,False,DERIVED_CONDITIONAL_GEOMETRY_NOT_EVENT_LOCATION
2136,103.79499606,23.13579480,6544.098821,4827.061855,-1717.036966,False,False,False,False,DERIVED_CONDITIONAL_GEOMETRY_NOT_EVENT_LOCATION
2137,103.80502267,23.11596469,6541.750280,4826.371119,-1715.379160,False,False,False,False,DERIVED_CONDITIONAL_GEOMETRY_NOT_EVENT_LOCATION
2138,103.81504927,23.09613458,6539.401794,4825.681561,-1713.720233,False,False,False,False,DERIVED_CONDITIONAL_GEOMETRY_NOT_EVENT_LOCATION
2139,103.82507587,23.07630447,6537.053363,4824.993178,-1712.060185,False,False,False,False,DERIVED_CONDITIONAL_GEOMETRY_NOT_EVENT_LOCATION
2140,103.83510248,23.05647436,6534.704988,4824.305972,-1710.399015,False,False,False,False,DERIVED_CONDITIONAL_GEOMETRY_NOT_EVENT_LOCATION
2141,103.84512908,23.03664425,6532.356668,4823.619944,-1708.736724,False,False,False,False,DERIVED_CONDITIONAL_GEOMETRY_NOT_EVENT_LOCATION
2142,103.85515568,23.01681413,6530.008403,4822.935093,-1707.073310,False,False,False,False,DERIVED_CONDITIONAL_GEOMETRY_NOT_EVENT_LOCATION
2143,103.86518228,22.99698402,6527.660194,4822.251420,-1705.408774,False,False,False,False,DERIVED_CONDITIONAL_GEOMETRY_NOT_EVENT_LOCATION
2144,103.87520889,22.97715391,6525.312042,4821.568926,-1703.743116,False,False,False,False,DERIVED_CONDITIONAL_GEOMETRY_NOT_EVENT_LOCATION
2145,103.88523549,22.95732380,6522.963944,4820.887610,-1702.076335,False,False,False,False,DERIVED_CONDITIONAL_GEOMETRY_NOT_EVENT_LOCATION
2146,103.89526209,22.93749369,6520.615904,4820.207473,-1700.408431,False,False,False,False,DERIVED_CONDITIONAL_GEOMETRY_NOT_EVENT_LOCATION
2147,103.90528870,22.91766357,6518.267919,4819.528516,-1698.739403,False,False,False,False,DERIVED_CONDITIONAL_GEOMETRY_NOT_EVENT_LOCATION
2148,103.91498908,22.89771139,6515.912316,4818.816642,-1697.095674,False,False,False,False,DERIVED_CONDITIONAL_GEOMETRY_NOT_EVENT_LOCATION
2149,103.92468946,22.87775921,6513.556763,4818.105931,-1695.450833,False,False,False,False,DERIVED_CONDITIONAL_GEOMETRY_NOT_EVENT_LOCATION
2150,103.93438984,22.85780703,6511.201259,4817.396382,-1693.804878,False,False,False,False,DERIVED_CONDITIONAL_GEOMETRY_NOT_EVENT_LOCATION
2151,103.94409022,22.83785485,6508.845805,4816.687996,-1692.157809,False,False,False,False,DERIVED_CONDITIONAL_GEOMETRY_NOT_EVENT_LOCATION
2152,103.95379060,22.81790266,6506.490400,4815.980773,-1690.509627,False,False,False,False,DERIVED_CONDITIONAL_GEOMETRY_NOT_EVENT_LOCATION
2153,103.96349098,22.79795048,6504.135045,4815.274713,-1688.860331,False,False,False,False,DERIVED_CONDITIONAL_GEOMETRY_NOT_EVENT_LOCATION
2154,103.97319136,22.77799830,6501.779739,4814.569818,-1687.209921,False,False,False,False,DERIVED_CONDITIONAL_GEOMETRY_NOT_EVENT_LOCATION
2155,103.98289174,22.75804612,6499.424484,4813.866087,-1685.558397,False,False,False,False,DERIVED_CONDITIONAL_GEOMETRY_NOT_EVENT_LOCATION
2156,103.99259212,22.73809394,6497.069278,4813.163520,-1683.905758,False,False,False,False,DERIVED_CONDITIONAL_GEOMETRY_NOT_EVENT_LOCATION
2157,104.00229250,22.71814175,6494.714122,4812.462119,-1682.252003,False,False,False,False,DERIVED_CONDITIONAL_GEOMETRY_NOT_EVENT_LOCATION
2158,104.01199288,22.69818957,6492.359017,4811.761883,-1680.597134,False,False,False,False,DERIVED_CONDITIONAL_GEOMETRY_NOT_EVENT_LOCATION
2159,104.02169326,22.67823739,6490.003962,4811.062813,-1678.941149,False,False,False,False,DERIVED_CONDITIONAL_GEOMETRY_NOT_EVENT_LOCATION
2160,104.03139364,22.65828521,6487.648957,4810.364909,-1677.284048,False,False,False,False,DERIVED_CONDITIONAL_GEOMETRY_NOT_EVENT_LOCATION
2161,104.04109402,22.63833302,6485.294003,4809.668172,-1675.625832,False,False,False,False,DERIVED_CONDITIONAL_GEOMETRY_NOT_EVENT_LOCATION
2162,104.05079440,22.61838084,6482.939100,4808.972601,-1673.966499,False,False,False,False,DERIVED_CONDITIONAL_GEOMETRY_NOT_EVENT_LOCATION
2163,104.06049478,22.59842866,6480.584247,4808.278198,-1672.306049,False,False,False,False,DERIVED_CONDITIONAL_GEOMETRY_NOT_EVENT_LOCATION
2164,104.07019517,22.57847648,6478.229445,4807.584963,-1670.644483,False,False,False,False,DERIVED_CONDITIONAL_GEOMETRY_NOT_EVENT_LOCATION
2165,104.07989555,22.55852430,6475.874695,4806.892895,-1668.981800,False,False,False,False,DERIVED_CONDITIONAL_GEOMETRY_NOT_EVENT_LOCATION
2166,104.08959593,22.53857211,6473.519995,4806.201996,-1667.317999,False,False,False,False,DERIVED_CONDITIONAL_GEOMETRY_NOT_EVENT_LOCATION
2167,104.09929631,22.51861993,6471.165347,4805.512266,-1665.653081,False,False,False,False,DERIVED_CONDITIONAL_GEOMETRY_NOT_EVENT_LOCATION
2168,104.10899669,22.49866775,6468.810750,4804.823704,-1663.987045,False,False,False,False,DERIVED_CONDITIONAL_GEOMETRY_NOT_EVENT_LOCATION
2169,104.11869707,22.47871557,6466.456204,4804.136313,-1662.319891,False,False,False,False,DERIVED_CONDITIONAL_GEOMETRY_NOT_EVENT_LOCATION
2170,104.12839745,22.45876339,6464.101710,4803.450091,-1660.651619,False,False,False,False,DERIVED_CONDITIONAL_GEOMETRY_NOT_EVENT_LOCATION
2171,104.13809783,22.43881120,6461.747268,4802.765039,-1658.982229,False,False,False,False,DERIVED_CONDITIONAL_GEOMETRY_NOT_EVENT_LOCATION
2172,104.14779821,22.41885902,6459.392877,4802.081158,-1657.311719,False,False,False,False,DERIVED_CONDITIONAL_GEOMETRY_NOT_EVENT_LOCATION
2173,104.15749859,22.39890684,6457.038539,4801.398448,-1655.640091,False,False,False,False,DERIVED_CONDITIONAL_GEOMETRY_NOT_EVENT_LOCATION
2174,104.16719897,22.37895466,6454.684252,4800.716909,-1653.967343,False,False,False,False,DERIVED_CONDITIONAL_GEOMETRY_NOT_EVENT_LOCATION
2175,104.17689935,22.35900248,6452.330018,4800.036542,-1652.293476,False,False,False,False,DERIVED_CONDITIONAL_GEOMETRY_NOT_EVENT_LOCATION
2176,104.18659973,22.33905029,6449.975836,4799.357346,-1650.618489,False,False,False,False,DERIVED_CONDITIONAL_GEOMETRY_NOT_EVENT_LOCATION
2177,104.19566600,22.31964722,6447.692803,4798.669201,-1649.023602,False,False,False,False,DERIVED_CONDITIONAL_GEOMETRY_NOT_EVENT_LOCATION
2178,104.20473226,22.30024414,6445.409813,4797.982135,-1647.427678,False,False,False,False,DERIVED_CONDITIONAL_GEOMETRY_NOT_EVENT_LOCATION
2179,104.21379852,22.28084106,6443.126866,4797.296150,-1645.830716,False,False,False,False,DERIVED_CONDITIONAL_GEOMETRY_NOT_EVENT_LOCATION
2180,104.22286479,22.26143799,6440.843961,4796.611244,-1644.232717,False,False,False,False,DERIVED_CONDITIONAL_GEOMETRY_NOT_EVENT_LOCATION
2181,104.23193105,22.24203491,6438.561099,4795.927419,-1642.633680,False,False,False,False,DERIVED_CONDITIONAL_GEOMETRY_NOT_EVENT_LOCATION
2182,104.24099731,22.22263184,6436.278281,4795.244675,-1641.033606,False,False,False,False,DERIVED_CONDITIONAL_GEOMETRY_NOT_EVENT_LOCATION
2183,104.25006358,22.20322876,6433.995505,4794.563012,-1639.432493,False,False,False,False,DERIVED_CONDITIONAL_GEOMETRY_NOT_EVENT_LOCATION
2184,104.25912984,22.18382568,6431.712773,4793.882430,-1637.830342,False,False,False,False,DERIVED_CONDITIONAL_GEOMETRY_NOT_EVENT_LOCATION
2185,104.26819611,22.16442261,6429.430083,4793.202931,-1636.227153,False,False,False,False,DERIVED_CONDITIONAL_GEOMETRY_NOT_EVENT_LOCATION
2186,104.27726237,22.14501953,6427.147438,4792.524514,-1634.622924,False,False,False,False,DERIVED_CONDITIONAL_GEOMETRY_NOT_EVENT_LOCATION
2187,104.28632863,22.12561646,6424.864835,4791.847179,-1633.017656,False,False,False,False,DERIVED_CONDITIONAL_GEOMETRY_NOT_EVENT_LOCATION
2188,104.29539490,22.10621338,6422.582277,4791.170927,-1631.411349,False,False,False,False,DERIVED_CONDITIONAL_GEOMETRY_NOT_EVENT_LOCATION
2189,104.30446116,22.08681030,6420.299762,4790.495759,-1629.804003,False,False,False,False,DERIVED_CONDITIONAL_GEOMETRY_NOT_EVENT_LOCATION
2190,104.31352743,22.06740723,6418.017290,4789.821674,-1628.195616,False,False,False,False,DERIVED_CONDITIONAL_GEOMETRY_NOT_EVENT_LOCATION
2191,104.32259369,22.04800415,6415.734863,4789.148673,-1626.586190,False,False,False,False,DERIVED_CONDITIONAL_GEOMETRY_NOT_EVENT_LOCATION
2192,104.33165995,22.02860107,6413.452479,4788.476756,-1624.975723,False,False,False,False,DERIVED_CONDITIONAL_GEOMETRY_NOT_EVENT_LOCATION
2193,104.34072622,22.00919800,6411.170140,4787.805923,-1623.364216,False,False,False,False,DERIVED_CONDITIONAL_GEOMETRY_NOT_EVENT_LOCATION
2194,104.34979248,21.98979492,6408.887844,4787.136176,-1621.751668,False,False,False,False,DERIVED_CONDITIONAL_GEOMETRY_NOT_EVENT_LOCATION
2195,104.35885874,21.97039185,6406.605593,4786.467514,-1620.138079,False,False,False,False,DERIVED_CONDITIONAL_GEOMETRY_NOT_EVENT_LOCATION
2196,104.36792501,21.95098877,6404.323386,4785.799937,-1618.523449,False,False,False,False,DERIVED_CONDITIONAL_GEOMETRY_NOT_EVENT_LOCATION
2197,104.37699127,21.93158569,6402.041224,4785.133446,-1616.907778,False,False,False,False,DERIVED_CONDITIONAL_GEOMETRY_NOT_EVENT_LOCATION
2198,104.38605754,21.91218262,6399.759106,4784.468042,-1615.291064,False,False,False,False,DERIVED_CONDITIONAL_GEOMETRY_NOT_EVENT_LOCATION
2199,104.39512380,21.89277954,6397.477033,4783.803723,-1613.673309,False,False,False,False,DERIVED_CONDITIONAL_GEOMETRY_NOT_EVENT_LOCATION
2200,104.40419006,21.87337646,6395.195004,4783.140492,-1612.054512,False,False,False,False,DERIVED_CONDITIONAL_GEOMETRY_NOT_EVENT_LOCATION
2201,104.41325633,21.85397339,6392.913020,4782.478348,-1610.434672,False,False,False,False,DERIVED_CONDITIONAL_GEOMETRY_NOT_EVENT_LOCATION
2202,104.42232259,21.83457031,6390.631081,4781.817291,-1608.813790,False,False,False,False,DERIVED_CONDITIONAL_GEOMETRY_NOT_EVENT_LOCATION
2203,104.43138885,21.81516724,6388.349188,4781.157323,-1607.191865,False,False,False,False,DERIVED_CONDITIONAL_GEOMETRY_NOT_EVENT_LOCATION
2204,104.44045512,21.79576416,6386.067339,4780.498442,-1605.568897,False,False,False,False,DERIVED_CONDITIONAL_GEOMETRY_NOT_EVENT_LOCATION
2205,104.44952138,21.77636108,6383.785535,4779.840650,-1603.944886,False,False,False,False,DERIVED_CONDITIONAL_GEOMETRY_NOT_EVENT_LOCATION
2206,104.45858765,21.75695801,6381.503777,4779.183946,-1602.319831,False,False,False,False,DERIVED_CONDITIONAL_GEOMETRY_NOT_EVENT_LOCATION
2207,104.46734619,21.73744507,6379.215214,4778.496062,-1600.719153,False,False,False,False,DERIVED_CONDITIONAL_GEOMETRY_NOT_EVENT_LOCATION
2208,104.47610474,21.71793213,6376.926691,4777.809251,-1599.117440,False,False,False,False,DERIVED_CONDITIONAL_GEOMETRY_NOT_EVENT_LOCATION
2209,104.48486328,21.69841919,6374.638207,4777.123513,-1597.514694,False,False,False,False,DERIVED_CONDITIONAL_GEOMETRY_NOT_EVENT_LOCATION
2210,104.49362183,21.67890625,6372.349763,4776.438849,-1595.910913,False,False,False,False,DERIVED_CONDITIONAL_GEOMETRY_NOT_EVENT_LOCATION
2211,104.50238037,21.65939331,6370.061358,4775.755260,-1594.306098,False,False,False,False,DERIVED_CONDITIONAL_GEOMETRY_NOT_EVENT_LOCATION
2212,104.51113892,21.63988037,6367.772992,4775.072745,-1592.700247,False,False,False,False,DERIVED_CONDITIONAL_GEOMETRY_NOT_EVENT_LOCATION
2213,104.51989746,21.62036743,6365.484667,4774.391306,-1591.093361,False,False,False,False,DERIVED_CONDITIONAL_GEOMETRY_NOT_EVENT_LOCATION
2214,104.52865601,21.60085449,6363.196382,4773.710941,-1589.485440,False,False,False,False,DERIVED_CONDITIONAL_GEOMETRY_NOT_EVENT_LOCATION
2215,104.53741455,21.58134155,6360.908136,4773.031652,-1587.876484,False,False,False,False,DERIVED_CONDITIONAL_GEOMETRY_NOT_EVENT_LOCATION
2216,104.54617310,21.56182861,6358.619930,4772.353440,-1586.266491,False,False,False,False,DERIVED_CONDITIONAL_GEOMETRY_NOT_EVENT_LOCATION
2217,104.55493164,21.54231567,6356.331765,4771.676303,-1584.655462,False,False,False,False,DERIVED_CONDITIONAL_GEOMETRY_NOT_EVENT_LOCATION
2218,104.56369019,21.52280273,6354.043640,4771.000243,-1583.043397,False,False,False,False,DERIVED_CONDITIONAL_GEOMETRY_NOT_EVENT_LOCATION
2219,104.57244873,21.50328979,6351.755555,4770.325260,-1581.430295,False,False,False,False,DERIVED_CONDITIONAL_GEOMETRY_NOT_EVENT_LOCATION
2220,104.58120728,21.48377686,6349.467511,4769.651354,-1579.816156,False,False,False,False,DERIVED_CONDITIONAL_GEOMETRY_NOT_EVENT_LOCATION
2221,104.58996582,21.46426392,6347.179507,4768.978526,-1578.200980,False,False,False,False,DERIVED_CONDITIONAL_GEOMETRY_NOT_EVENT_LOCATION
2222,104.59872437,21.44475098,6344.891543,4768.306776,-1576.584767,False,False,False,False,DERIVED_CONDITIONAL_GEOMETRY_NOT_EVENT_LOCATION
2223,104.60748291,21.42523804,6342.603621,4767.636104,-1574.967517,False,False,False,False,DERIVED_CONDITIONAL_GEOMETRY_NOT_EVENT_LOCATION
2224,104.61624146,21.40572510,6340.315739,4766.966511,-1573.349228,False,False,False,False,DERIVED_CONDITIONAL_GEOMETRY_NOT_EVENT_LOCATION
2225,104.62500000,21.38621216,6338.027898,4766.297997,-1571.729901,False,False,False,False,DERIVED_CONDITIONAL_GEOMETRY_NOT_EVENT_LOCATION
2226,104.63375854,21.36669922,6335.740098,4765.630562,-1570.109536,False,False,False,False,DERIVED_CONDITIONAL_GEOMETRY_NOT_EVENT_LOCATION
2227,104.64251709,21.34718628,6333.452339,4764.964206,-1568.488133,False,False,False,False,DERIVED_CONDITIONAL_GEOMETRY_NOT_EVENT_LOCATION
2228,104.65127563,21.32767334,6331.164621,4764.298930,-1566.865691,False,False,False,False,DERIVED_CONDITIONAL_GEOMETRY_NOT_EVENT_LOCATION
2229,104.66003418,21.30816040,6328.876944,4763.634735,-1565.242209,False,False,False,False,DERIVED_CONDITIONAL_GEOMETRY_NOT_EVENT_LOCATION
2230,104.66879272,21.28864746,6326.589309,4762.971620,-1563.617689,False,False,False,False,DERIVED_CONDITIONAL_GEOMETRY_NOT_EVENT_LOCATION
2231,104.67755127,21.26913452,6324.301715,4762.309586,-1561.992129,False,False,False,False,DERIVED_CONDITIONAL_GEOMETRY_NOT_EVENT_LOCATION
2232,104.68630981,21.24962158,6322.014162,4761.648633,-1560.365529,False,False,False,False,DERIVED_CONDITIONAL_GEOMETRY_NOT_EVENT_LOCATION
2233,104.69506836,21.23010864,6319.726652,4760.988762,-1558.737890,False,False,False,False,DERIVED_CONDITIONAL_GEOMETRY_NOT_EVENT_LOCATION
2234,104.70382690,21.21059570,6317.439182,4760.329972,-1557.109210,False,False,False,False,DERIVED_CONDITIONAL_GEOMETRY_NOT_EVENT_LOCATION
2235,104.71258545,21.19108276,6315.151755,4759.672265,-1555.479490,False,False,False,False,DERIVED_CONDITIONAL_GEOMETRY_NOT_EVENT_LOCATION
2236,104.72134399,21.17156982,6312.864369,4759.015640,-1553.848730,False,False,False,False,DERIVED_CONDITIONAL_GEOMETRY_NOT_EVENT_LOCATION
2237,104.72979889,21.15194906,6310.570241,4758.328059,-1552.242182,False,False,False,False,DERIVED_CONDITIONAL_GEOMETRY_NOT_EVENT_LOCATION
2238,104.73825378,21.13232829,6308.276149,4757.641545,-1550.634603,False,False,False,False,DERIVED_CONDITIONAL_GEOMETRY_NOT_EVENT_LOCATION
2239,104.74670868,21.11270752,6305.982093,4756.956100,-1549.025993,False,False,False,False,DERIVED_CONDITIONAL_GEOMETRY_NOT_EVENT_LOCATION
2240,104.75516357,21.09308675,6303.688073,4756.271722,-1547.416351,False,False,False,False,DERIVED_CONDITIONAL_GEOMETRY_NOT_EVENT_LOCATION
2241,104.76361847,21.07346598,6301.394090,4755.588413,-1545.805676,False,False,False,False,DERIVED_CONDITIONAL_GEOMETRY_NOT_EVENT_LOCATION
2242,104.77207336,21.05384521,6299.100143,4754.906173,-1544.193969,False,False,False,False,DERIVED_CONDITIONAL_GEOMETRY_NOT_EVENT_LOCATION
2243,104.78052826,21.03422445,6296.806233,4754.225003,-1542.581230,False,False,False,False,DERIVED_CONDITIONAL_GEOMETRY_NOT_EVENT_LOCATION
2244,104.78898315,21.01460368,6294.512359,4753.544901,-1540.967458,False,False,False,False,DERIVED_CONDITIONAL_GEOMETRY_NOT_EVENT_LOCATION
2245,104.79743805,20.99498291,6292.218522,4752.865870,-1539.352653,False,False,False,False,DERIVED_CONDITIONAL_GEOMETRY_NOT_EVENT_LOCATION
2246,104.80589294,20.97536214,6289.924723,4752.187908,-1537.736814,False,False,False,False,DERIVED_CONDITIONAL_GEOMETRY_NOT_EVENT_LOCATION
2247,104.81434784,20.95574137,6287.630960,4751.511017,-1536.119942,False,False,False,False,DERIVED_CONDITIONAL_GEOMETRY_NOT_EVENT_LOCATION
2248,104.82280273,20.93612061,6285.337234,4750.835197,-1534.502036,False,False,False,False,DERIVED_CONDITIONAL_GEOMETRY_NOT_EVENT_LOCATION
2249,104.83125763,20.91649984,6283.043545,4750.160449,-1532.883096,False,False,False,False,DERIVED_CONDITIONAL_GEOMETRY_NOT_EVENT_LOCATION
2250,104.83971252,20.89687907,6280.749893,4749.486771,-1531.263122,False,False,False,False,DERIVED_CONDITIONAL_GEOMETRY_NOT_EVENT_LOCATION
2251,104.84816742,20.87725830,6278.456278,4748.814166,-1529.642113,False,False,False,False,DERIVED_CONDITIONAL_GEOMETRY_NOT_EVENT_LOCATION
2252,104.85662231,20.85763753,6276.162701,4748.142632,-1528.020069,False,False,False,False,DERIVED_CONDITIONAL_GEOMETRY_NOT_EVENT_LOCATION
2253,104.86507721,20.83801676,6273.869162,4747.472171,-1526.396990,False,False,False,False,DERIVED_CONDITIONAL_GEOMETRY_NOT_EVENT_LOCATION
2254,104.87353210,20.81839600,6271.575659,4746.802783,-1524.772876,False,False,False,False,DERIVED_CONDITIONAL_GEOMETRY_NOT_EVENT_LOCATION
2255,104.88198700,20.79877523,6269.282195,4746.134468,-1523.147727,False,False,False,False,DERIVED_CONDITIONAL_GEOMETRY_NOT_EVENT_LOCATION
2256,104.89044189,20.77915446,6266.988768,4745.467226,-1521.521542,False,False,False,False,DERIVED_CONDITIONAL_GEOMETRY_NOT_EVENT_LOCATION
2257,104.89889679,20.75953369,6264.695379,4744.801058,-1519.894320,False,False,False,False,DERIVED_CONDITIONAL_GEOMETRY_NOT_EVENT_LOCATION
2258,104.90735168,20.73991292,6262.402027,4744.135965,-1518.266063,False,False,False,False,DERIVED_CONDITIONAL_GEOMETRY_NOT_EVENT_LOCATION
2259,104.91580658,20.72029215,6260.108714,4743.471945,-1516.636769,False,False,False,False,DERIVED_CONDITIONAL_GEOMETRY_NOT_EVENT_LOCATION
2260,104.92426147,20.70067139,6257.815438,4742.809000,-1515.006438,False,False,False,False,DERIVED_CONDITIONAL_GEOMETRY_NOT_EVENT_LOCATION
2261,104.93271637,20.68105062,6255.522201,4742.147131,-1513.375070,False,False,False,False,DERIVED_CONDITIONAL_GEOMETRY_NOT_EVENT_LOCATION
2262,104.94117126,20.66142985,6253.229002,4741.486336,-1511.742666,False,False,False,False,DERIVED_CONDITIONAL_GEOMETRY_NOT_EVENT_LOCATION
2263,104.94962616,20.64180908,6250.935841,4740.826618,-1510.109223,False,False,False,False,DERIVED_CONDITIONAL_GEOMETRY_NOT_EVENT_LOCATION
2264,104.95808105,20.62218831,6248.642719,4740.167975,-1508.474743,False,False,False,False,DERIVED_CONDITIONAL_GEOMETRY_NOT_EVENT_LOCATION
2265,104.96653595,20.60256755,6246.349634,4739.510409,-1506.839226,False,False,False,False,DERIVED_CONDITIONAL_GEOMETRY_NOT_EVENT_LOCATION
2266,104.97499084,20.58294678,6244.056589,4738.853919,-1505.202670,False,False,False,False,DERIVED_CONDITIONAL_GEOMETRY_NOT_EVENT_LOCATION
2267,104.98314565,20.56322428,6241.757323,4738.166947,-1503.590375,False,False,False,False,DERIVED_CONDITIONAL_GEOMETRY_NOT_EVENT_LOCATION
2268,104.99130046,20.54350179,6239.458090,4737.481038,-1501.977052,False,False,False,False,DERIVED_CONDITIONAL_GEOMETRY_NOT_EVENT_LOCATION
2269,104.99945526,20.52377930,6237.158890,4736.796190,-1500.362700,False,False,False,False,DERIVED_CONDITIONAL_GEOMETRY_NOT_EVENT_LOCATION
2270,105.00761007,20.50405680,6234.859724,4736.112405,-1498.747319,False,False,False,False,DERIVED_CONDITIONAL_GEOMETRY_NOT_EVENT_LOCATION
2271,105.01576487,20.48433431,6232.560591,4735.429683,-1497.130908,False,False,False,False,DERIVED_CONDITIONAL_GEOMETRY_NOT_EVENT_LOCATION
2272,105.02391968,20.46461182,6230.261491,4734.748024,-1495.513468,False,False,False,False,DERIVED_CONDITIONAL_GEOMETRY_NOT_EVENT_LOCATION
2273,105.03207448,20.44488932,6227.962425,4734.067428,-1493.894997,False,False,False,False,DERIVED_CONDITIONAL_GEOMETRY_NOT_EVENT_LOCATION
2274,105.04022929,20.42516683,6225.663393,4733.387897,-1492.275496,False,False,False,False,DERIVED_CONDITIONAL_GEOMETRY_NOT_EVENT_LOCATION
2275,105.04838409,20.40544434,6223.364394,4732.709429,-1490.654965,False,False,False,False,DERIVED_CONDITIONAL_GEOMETRY_NOT_EVENT_LOCATION
2276,105.05653890,20.38572184,6221.065429,4732.032026,-1489.033403,False,False,False,False,DERIVED_CONDITIONAL_GEOMETRY_NOT_EVENT_LOCATION
2277,105.06469371,20.36599935,6218.766498,4731.355688,-1487.410809,False,False,False,False,DERIVED_CONDITIONAL_GEOMETRY_NOT_EVENT_LOCATION
2278,105.07284851,20.34627686,6216.467600,4730.680415,-1485.787185,False,False,False,False,DERIVED_CONDITIONAL_GEOMETRY_NOT_EVENT_LOCATION
2279,105.08100332,20.32655436,6214.168737,4730.006208,-1484.162529,False,False,False,False,DERIVED_CONDITIONAL_GEOMETRY_NOT_EVENT_LOCATION
2280,105.08915812,20.30683187,6211.869907,4729.333066,-1482.536841,False,False,False,False,DERIVED_CONDITIONAL_GEOMETRY_NOT_EVENT_LOCATION
2281,105.09731293,20.28710938,6209.571112,4728.660991,-1480.910121,False,False,False,False,DERIVED_CONDITIONAL_GEOMETRY_NOT_EVENT_LOCATION
2282,105.10546773,20.26738688,6207.272351,4727.989982,-1479.282369,False,False,False,False,DERIVED_CONDITIONAL_GEOMETRY_NOT_EVENT_LOCATION
2283,105.11362254,20.24766439,6204.973624,4727.320040,-1477.653584,False,False,False,False,DERIVED_CONDITIONAL_GEOMETRY_NOT_EVENT_LOCATION
2284,105.12177734,20.22794189,6202.674931,4726.651165,-1476.023766,False,False,False,False,DERIVED_CONDITIONAL_GEOMETRY_NOT_EVENT_LOCATION
2285,105.12993215,20.20821940,6200.376273,4725.983358,-1474.392916,False,False,False,False,DERIVED_CONDITIONAL_GEOMETRY_NOT_EVENT_LOCATION
2286,105.13808695,20.18849691,6198.077650,4725.316618,-1472.761032,False,False,False,False,DERIVED_CONDITIONAL_GEOMETRY_NOT_EVENT_LOCATION
2287,105.14624176,20.16877441,6195.779061,4724.650946,-1471.128115,False,False,False,False,DERIVED_CONDITIONAL_GEOMETRY_NOT_EVENT_LOCATION
2288,105.15439657,20.14905192,6193.480507,4723.986343,-1469.494164,False,False,False,False,DERIVED_CONDITIONAL_GEOMETRY_NOT_EVENT_LOCATION
2289,105.16255137,20.12932943,6191.181987,4723.322808,-1467.859179,False,False,False,False,DERIVED_CONDITIONAL_GEOMETRY_NOT_EVENT_LOCATION
2290,105.17070618,20.10960693,6188.883502,4722.660343,-1466.223159,False,False,False,False,DERIVED_CONDITIONAL_GEOMETRY_NOT_EVENT_LOCATION
2291,105.17886098,20.08988444,6186.585052,4721.998947,-1464.586106,False,False,False,False,DERIVED_CONDITIONAL_GEOMETRY_NOT_EVENT_LOCATION
2292,105.18701579,20.07016195,6184.286637,4721.338620,-1462.948017,False,False,False,False,DERIVED_CONDITIONAL_GEOMETRY_NOT_EVENT_LOCATION
2293,105.19517059,20.05043945,6181.988258,4720.679364,-1461.308894,False,False,False,False,DERIVED_CONDITIONAL_GEOMETRY_NOT_EVENT_LOCATION
2294,105.20332540,20.03071696,6179.689913,4720.021178,-1459.668735,False,False,False,False,DERIVED_CONDITIONAL_GEOMETRY_NOT_EVENT_LOCATION
2295,105.21148020,20.01099447,6177.391603,4719.364062,-1458.027541,False,False,False,False,DERIVED_CONDITIONAL_GEOMETRY_NOT_EVENT_LOCATION
2296,105.21963501,19.99127197,6175.093329,4718.708018,-1456.385311,False,False,False,False,DERIVED_CONDITIONAL_GEOMETRY_NOT_EVENT_LOCATION
2297,105.22749379,19.97145081,6172.789019,4718.021802,-1454.767218,False,False,False,False,DERIVED_CONDITIONAL_GEOMETRY_NOT_EVENT_LOCATION
2298,105.23535258,19.95162964,6170.484740,4717.336642,-1453.148098,False,False,False,False,DERIVED_CONDITIONAL_GEOMETRY_NOT_EVENT_LOCATION
2299,105.24321136,19.93180847,6168.180490,4716.652539,-1451.527951,False,False,False,False,DERIVED_CONDITIONAL_GEOMETRY_NOT_EVENT_LOCATION
2300,105.25107015,19.91198730,6165.876271,4715.969494,-1449.906777,False,False,False,False,DERIVED_CONDITIONAL_GEOMETRY_NOT_EVENT_LOCATION
2301,105.25892893,19.89216614,6163.572083,4715.287507,-1448.284576,False,False,False,False,DERIVED_CONDITIONAL_GEOMETRY_NOT_EVENT_LOCATION
2302,105.26678772,19.87234497,6161.267925,4714.606577,-1446.661347,False,False,False,False,DERIVED_CONDITIONAL_GEOMETRY_NOT_EVENT_LOCATION
2303,105.27464650,19.85252380,6158.963797,4713.926706,-1445.037091,False,False,False,False,DERIVED_CONDITIONAL_GEOMETRY_NOT_EVENT_LOCATION
2304,105.28250529,19.83270264,6156.659700,4713.247893,-1443.411806,False,False,False,False,DERIVED_CONDITIONAL_GEOMETRY_NOT_EVENT_LOCATION
2305,105.29036407,19.81288147,6154.355633,4712.570140,-1441.785494,False,False,False,False,DERIVED_CONDITIONAL_GEOMETRY_NOT_EVENT_LOCATION
2306,105.29822286,19.79306030,6152.051598,4711.893445,-1440.158152,False,False,False,False,DERIVED_CONDITIONAL_GEOMETRY_NOT_EVENT_LOCATION
2307,105.30608164,19.77323914,6149.747593,4711.217811,-1438.529782,False,False,False,False,DERIVED_CONDITIONAL_GEOMETRY_NOT_EVENT_LOCATION
2308,105.31394043,19.75341797,6147.443619,4710.543236,-1436.900383,False,False,False,False,DERIVED_CONDITIONAL_GEOMETRY_NOT_EVENT_LOCATION
2309,105.32179921,19.73359680,6145.139676,4709.869722,-1435.269954,False,False,False,False,DERIVED_CONDITIONAL_GEOMETRY_NOT_EVENT_LOCATION
2310,105.32965800,19.71377563,6142.835763,4709.197268,-1433.638496,False,False,False,False,DERIVED_CONDITIONAL_GEOMETRY_NOT_EVENT_LOCATION
2311,105.33751678,19.69395447,6140.531883,4708.525875,-1432.006008,False,False,False,False,DERIVED_CONDITIONAL_GEOMETRY_NOT_EVENT_LOCATION
2312,105.34537557,19.67413330,6138.228033,4707.855543,-1430.372490,False,False,False,False,DERIVED_CONDITIONAL_GEOMETRY_NOT_EVENT_LOCATION
2313,105.35323435,19.65431213,6135.924214,4707.186273,-1428.737941,False,False,False,False,DERIVED_CONDITIONAL_GEOMETRY_NOT_EVENT_LOCATION
2314,105.36109314,19.63449097,6133.620427,4706.518065,-1427.102362,False,False,False,False,DERIVED_CONDITIONAL_GEOMETRY_NOT_EVENT_LOCATION
2315,105.36895192,19.61466980,6131.316671,4705.850919,-1425.465752,False,False,False,False,DERIVED_CONDITIONAL_GEOMETRY_NOT_EVENT_LOCATION
2316,105.37681071,19.59484863,6129.012947,4705.184835,-1423.828112,False,False,False,False,DERIVED_CONDITIONAL_GEOMETRY_NOT_EVENT_LOCATION
2317,105.38466949,19.57502747,6126.709254,4704.519814,-1422.189439,False,False,False,False,DERIVED_CONDITIONAL_GEOMETRY_NOT_EVENT_LOCATION
2318,105.39252828,19.55520630,6124.405592,4703.855857,-1420.549735,False,False,False,False,DERIVED_CONDITIONAL_GEOMETRY_NOT_EVENT_LOCATION
2319,105.40038706,19.53538513,6122.101963,4703.192963,-1418.909000,False,False,False,False,DERIVED_CONDITIONAL_GEOMETRY_NOT_EVENT_LOCATION
2320,105.40824585,19.51556396,6119.798365,4702.531133,-1417.267232,False,False,False,False,DERIVED_CONDITIONAL_GEOMETRY_NOT_EVENT_LOCATION
2321,105.41610463,19.49574280,6117.494799,4701.870367,-1415.624432,False,False,False,False,DERIVED_CONDITIONAL_GEOMETRY_NOT_EVENT_LOCATION
2322,105.42396342,19.47592163,6115.191264,4701.210665,-1413.980599,False,False,False,False,DERIVED_CONDITIONAL_GEOMETRY_NOT_EVENT_LOCATION
2323,105.43182220,19.45610046,6112.887762,4700.552028,-1412.335734,False,False,False,False,DERIVED_CONDITIONAL_GEOMETRY_NOT_EVENT_LOCATION
2324,105.43968099,19.43627930,6110.584292,4699.894456,-1410.689835,False,False,False,False,DERIVED_CONDITIONAL_GEOMETRY_NOT_EVENT_LOCATION
2325,105.44753977,19.41645813,6108.280854,4699.237950,-1409.042904,False,False,False,False,DERIVED_CONDITIONAL_GEOMETRY_NOT_EVENT_LOCATION
2326,105.45539856,19.39663696,6105.977448,4698.582509,-1407.394938,False,False,False,False,DERIVED_CONDITIONAL_GEOMETRY_NOT_EVENT_LOCATION
2327,105.46296438,19.37672119,6103.668325,4697.897198,-1405.771127,False,False,False,False,DERIVED_CONDITIONAL_GEOMETRY_NOT_EVENT_LOCATION
2328,105.47053019,19.35680542,6101.359229,4697.212938,-1404.146291,False,False,False,False,DERIVED_CONDITIONAL_GEOMETRY_NOT_EVENT_LOCATION
2329,105.47809601,19.33688965,6099.050160,4696.529730,-1402.520430,False,False,False,False,DERIVED_CONDITIONAL_GEOMETRY_NOT_EVENT_LOCATION
2330,105.48566182,19.31697388,6096.741119,4695.847575,-1400.893544,False,False,False,False,DERIVED_CONDITIONAL_GEOMETRY_NOT_EVENT_LOCATION
2331,105.49322764,19.29705811,6094.432105,4695.166472,-1399.265633,False,False,False,False,DERIVED_CONDITIONAL_GEOMETRY_NOT_EVENT_LOCATION
2332,105.50079346,19.27714233,6092.123119,4694.486422,-1397.636697,False,False,False,False,DERIVED_CONDITIONAL_GEOMETRY_NOT_EVENT_LOCATION
2333,105.50835927,19.25722656,6089.814161,4693.807426,-1396.006735,False,False,False,False,DERIVED_CONDITIONAL_GEOMETRY_NOT_EVENT_LOCATION
2334,105.51592509,19.23731079,6087.505230,4693.129484,-1394.375747,False,False,False,False,DERIVED_CONDITIONAL_GEOMETRY_NOT_EVENT_LOCATION
2335,105.52349091,19.21739502,6085.196328,4692.452595,-1392.743733,False,False,False,False,DERIVED_CONDITIONAL_GEOMETRY_NOT_EVENT_LOCATION
2336,105.53105672,19.19747925,6082.887453,4691.776761,-1391.110692,False,False,False,False,DERIVED_CONDITIONAL_GEOMETRY_NOT_EVENT_LOCATION
2337,105.53862254,19.17756348,6080.578605,4691.101981,-1389.476624,False,False,False,False,DERIVED_CONDITIONAL_GEOMETRY_NOT_EVENT_LOCATION
2338,105.54618835,19.15764771,6078.269786,4690.428257,-1387.841529,False,False,False,False,DERIVED_CONDITIONAL_GEOMETRY_NOT_EVENT_LOCATION
2339,105.55375417,19.13773193,6075.960995,4689.755588,-1386.205407,False,False,False,False,DERIVED_CONDITIONAL_GEOMETRY_NOT_EVENT_LOCATION
2340,105.56131999,19.11781616,6073.652232,4689.083974,-1384.568258,False,False,False,False,DERIVED_CONDITIONAL_GEOMETRY_NOT_EVENT_LOCATION
2341,105.56888580,19.09790039,6071.343497,4688.413416,-1382.930081,False,False,False,False,DERIVED_CONDITIONAL_GEOMETRY_NOT_EVENT_LOCATION
2342,105.57645162,19.07798462,6069.034790,4687.743915,-1381.290875,False,False,False,False,DERIVED_CONDITIONAL_GEOMETRY_NOT_EVENT_LOCATION
2343,105.58401744,19.05806885,6066.726112,4687.075471,-1379.650642,False,False,False,False,DERIVED_CONDITIONAL_GEOMETRY_NOT_EVENT_LOCATION
2344,105.59158325,19.03815308,6064.417462,4686.408083,-1378.009379,False,False,False,False,DERIVED_CONDITIONAL_GEOMETRY_NOT_EVENT_LOCATION
2345,105.59914907,19.01823730,6062.108841,4685.741752,-1376.367088,False,False,False,False,DERIVED_CONDITIONAL_GEOMETRY_NOT_EVENT_LOCATION
2346,105.60671488,18.99832153,6059.800247,4685.076480,-1374.723768,False,False,False,False,DERIVED_CONDITIONAL_GEOMETRY_NOT_EVENT_LOCATION
2347,105.61428070,18.97840576,6057.491683,4684.412265,-1373.079418,False,False,False,False,DERIVED_CONDITIONAL_GEOMETRY_NOT_EVENT_LOCATION
2348,105.62184652,18.95848999,6055.183147,4683.749108,-1371.434039,False,False,False,False,DERIVED_CONDITIONAL_GEOMETRY_NOT_EVENT_LOCATION
2349,105.62941233,18.93857422,6052.874640,4683.087010,-1369.787630,False,False,False,False,DERIVED_CONDITIONAL_GEOMETRY_NOT_EVENT_LOCATION
2350,105.63697815,18.91865845,6050.566162,4682.425970,-1368.140191,False,False,False,False,DERIVED_CONDITIONAL_GEOMETRY_NOT_EVENT_LOCATION
2351,105.64454397,18.89874268,6048.257712,4681.765990,-1366.491722,False,False,False,False,DERIVED_CONDITIONAL_GEOMETRY_NOT_EVENT_LOCATION
2352,105.65210978,18.87882690,6045.949291,4681.107069,-1364.842222,False,False,False,False,DERIVED_CONDITIONAL_GEOMETRY_NOT_EVENT_LOCATION
2353,105.65967560,18.85891113,6043.640900,4680.449209,-1363.191691,False,False,False,False,DERIVED_CONDITIONAL_GEOMETRY_NOT_EVENT_LOCATION
2354,105.66724141,18.83899536,6041.332537,4679.792408,-1361.540129,False,False,False,False,DERIVED_CONDITIONAL_GEOMETRY_NOT_EVENT_LOCATION
2355,105.67480723,18.81907959,6039.024203,4679.136668,-1359.887536,False,False,False,False,DERIVED_CONDITIONAL_GEOMETRY_NOT_EVENT_LOCATION
2356,105.68237305,18.79916382,6036.715899,4678.481988,-1358.233911,False,False,False,False,DERIVED_CONDITIONAL_GEOMETRY_NOT_EVENT_LOCATION
2357,105.68941424,18.77980189,6034.476727,4677.819734,-1356.656993,False,False,False,False,DERIVED_CONDITIONAL_GEOMETRY_NOT_EVENT_LOCATION
2358,105.69645543,18.76043997,6032.237579,4677.158460,-1355.079119,False,False,False,False,DERIVED_CONDITIONAL_GEOMETRY_NOT_EVENT_LOCATION
2359,105.70349663,18.74107804,6029.998453,4676.498168,-1353.500286,False,False,False,False,DERIVED_CONDITIONAL_GEOMETRY_NOT_EVENT_LOCATION
2360,105.71053782,18.72171611,6027.759351,4675.838856,-1351.920495,False,False,False,False,DERIVED_CONDITIONAL_GEOMETRY_NOT_EVENT_LOCATION
2361,105.71757901,18.70235419,6025.520272,4675.180527,-1350.339745,False,False,False,False,DERIVED_CONDITIONAL_GEOMETRY_NOT_EVENT_LOCATION
2362,105.72462020,18.68299226,6023.281216,4674.523179,-1348.758037,False,False,False,False,DERIVED_CONDITIONAL_GEOMETRY_NOT_EVENT_LOCATION
2363,105.73166140,18.66363033,6021.042183,4673.866813,-1347.175370,False,False,False,False,DERIVED_CONDITIONAL_GEOMETRY_NOT_EVENT_LOCATION
2364,105.73870259,18.64426841,6018.803174,4673.211430,-1345.591744,False,False,False,False,DERIVED_CONDITIONAL_GEOMETRY_NOT_EVENT_LOCATION
2365,105.74574378,18.62490648,6016.564188,4672.557030,-1344.007158,False,False,False,False,DERIVED_CONDITIONAL_GEOMETRY_NOT_EVENT_LOCATION
2366,105.75278498,18.60554455,6014.325225,4671.903612,-1342.421613,False,False,False,False,DERIVED_CONDITIONAL_GEOMETRY_NOT_EVENT_LOCATION
2367,105.75982617,18.58618263,6012.086286,4671.251178,-1340.835108,False,False,False,False,DERIVED_CONDITIONAL_GEOMETRY_NOT_EVENT_LOCATION
2368,105.76686736,18.56682070,6009.847370,4670.599728,-1339.247643,False,False,False,False,DERIVED_CONDITIONAL_GEOMETRY_NOT_EVENT_LOCATION
2369,105.77390855,18.54745877,6007.608478,4669.949261,-1337.659217,False,False,False,False,DERIVED_CONDITIONAL_GEOMETRY_NOT_EVENT_LOCATION
2370,105.78094975,18.52809685,6005.369610,4669.299779,-1336.069831,False,False,False,False,DERIVED_CONDITIONAL_GEOMETRY_NOT_EVENT_LOCATION
2371,105.78799094,18.50873492,6003.130766,4668.651281,-1334.479484,False,False,False,False,DERIVED_CONDITIONAL_GEOMETRY_NOT_EVENT_LOCATION
2372,105.79503213,18.48937299,6000.891945,4668.003768,-1332.888176,False,False,False,False,DERIVED_CONDITIONAL_GEOMETRY_NOT_EVENT_LOCATION
2373,105.80207332,18.47001107,5998.653148,4667.357241,-1331.295907,False,False,False,False,DERIVED_CONDITIONAL_GEOMETRY_NOT_EVENT_LOCATION
2374,105.80911452,18.45064914,5996.414374,4666.711698,-1329.702676,False,False,False,False,DERIVED_CONDITIONAL_GEOMETRY_NOT_EVENT_LOCATION
2375,105.81615571,18.43128721,5994.175625,4666.067142,-1328.108484,False,False,False,False,DERIVED_CONDITIONAL_GEOMETRY_NOT_EVENT_LOCATION
2376,105.82319690,18.41192529,5991.936900,4665.423571,-1326.513329,False,False,False,False,DERIVED_CONDITIONAL_GEOMETRY_NOT_EVENT_LOCATION
2377,105.83023810,18.39256336,5989.698199,4664.780986,-1324.917212,False,False,False,False,DERIVED_CONDITIONAL_GEOMETRY_NOT_EVENT_LOCATION
2378,105.83727929,18.37320143,5987.459522,4664.139389,-1323.320133,False,False,False,False,DERIVED_CONDITIONAL_GEOMETRY_NOT_EVENT_LOCATION
2379,105.84432048,18.35383951,5985.220869,4663.498778,-1321.722091,False,False,False,False,DERIVED_CONDITIONAL_GEOMETRY_NOT_EVENT_LOCATION
2380,105.85136167,18.33447758,5982.982240,4662.859154,-1320.123086,False,False,False,False,DERIVED_CONDITIONAL_GEOMETRY_NOT_EVENT_LOCATION
2381,105.85840287,18.31511565,5980.743635,4662.220517,-1318.523118,False,False,False,False,DERIVED_CONDITIONAL_GEOMETRY_NOT_EVENT_LOCATION
2382,105.86544406,18.29575373,5978.505055,4661.582869,-1316.922187,False,False,False,False,DERIVED_CONDITIONAL_GEOMETRY_NOT_EVENT_LOCATION
2383,105.87248525,18.27639180,5976.266499,4660.946208,-1315.320292,False,False,False,False,DERIVED_CONDITIONAL_GEOMETRY_NOT_EVENT_LOCATION
2384,105.87952645,18.25702987,5974.027968,4660.310535,-1313.717433,False,False,False,False,DERIVED_CONDITIONAL_GEOMETRY_NOT_EVENT_LOCATION
2385,105.88656764,18.23766795,5971.789461,4659.675852,-1312.113610,False,False,False,False,DERIVED_CONDITIONAL_GEOMETRY_NOT_EVENT_LOCATION
2386,105.89360883,18.21830602,5969.550979,4659.042157,-1310.508822,False,False,False,False,DERIVED_CONDITIONAL_GEOMETRY_NOT_EVENT_LOCATION
2387,105.90065002,18.19894409,5967.312521,4658.409451,-1308.903070,False,False,False,False,DERIVED_CONDITIONAL_GEOMETRY_NOT_EVENT_LOCATION
2388,105.90741410,18.17949849,5965.069153,4657.748440,-1307.320713,False,False,False,False,DERIVED_CONDITIONAL_GEOMETRY_NOT_EVENT_LOCATION
2389,105.91417817,18.16005288,5962.825805,4657.088405,-1305.737400,False,False,False,False,DERIVED_CONDITIONAL_GEOMETRY_NOT_EVENT_LOCATION
2390,105.92094224,18.14060728,5960.582478,4656.429348,-1304.153130,False,False,False,False,DERIVED_CONDITIONAL_GEOMETRY_NOT_EVENT_LOCATION
2391,105.92770632,18.12116168,5958.339171,4655.771268,-1302.567904,False,False,False,False,DERIVED_CONDITIONAL_GEOMETRY_NOT_EVENT_LOCATION
2392,105.93447039,18.10171607,5956.095886,4655.114165,-1300.981721,False,False,False,False,DERIVED_CONDITIONAL_GEOMETRY_NOT_EVENT_LOCATION
2393,105.94123447,18.08227047,5953.852621,4654.458040,-1299.394580,False,False,False,False,DERIVED_CONDITIONAL_GEOMETRY_NOT_EVENT_LOCATION
2394,105.94799854,18.06282486,5951.609376,4653.802894,-1297.806483,False,False,False,False,DERIVED_CONDITIONAL_GEOMETRY_NOT_EVENT_LOCATION
2395,105.95476261,18.04337926,5949.366153,4653.148725,-1296.217427,False,False,False,False,DERIVED_CONDITIONAL_GEOMETRY_NOT_EVENT_LOCATION
2396,105.96152669,18.02393366,5947.122950,4652.495536,-1294.627414,False,False,False,False,DERIVED_CONDITIONAL_GEOMETRY_NOT_EVENT_LOCATION
2397,105.96829076,18.00448805,5944.879768,4651.843325,-1293.036443,False,False,False,False,DERIVED_CONDITIONAL_GEOMETRY_NOT_EVENT_LOCATION
2398,105.97505483,17.98504245,5942.636608,4651.192094,-1291.444514,False,False,False,False,DERIVED_CONDITIONAL_GEOMETRY_NOT_EVENT_LOCATION
2399,105.98181891,17.96559685,5940.393468,4650.541842,-1289.851626,False,False,False,False,DERIVED_CONDITIONAL_GEOMETRY_NOT_EVENT_LOCATION
2400,105.98858298,17.94615124,5938.150349,4649.892571,-1288.257779,False,False,False,False,DERIVED_CONDITIONAL_GEOMETRY_NOT_EVENT_LOCATION
2401,105.99534705,17.92670564,5935.907252,4649.244279,-1286.662973,False,False,False,False,DERIVED_CONDITIONAL_GEOMETRY_NOT_EVENT_LOCATION
2402,106.00211113,17.90726003,5933.664176,4648.596968,-1285.067208,False,False,False,False,DERIVED_CONDITIONAL_GEOMETRY_NOT_EVENT_LOCATION
2403,106.00887520,17.88781443,5931.421121,4647.950638,-1283.470483,False,False,False,False,DERIVED_CONDITIONAL_GEOMETRY_NOT_EVENT_LOCATION
2404,106.01563927,17.86836883,5929.178087,4647.305288,-1281.872798,False,False,False,False,DERIVED_CONDITIONAL_GEOMETRY_NOT_EVENT_LOCATION
2405,106.02240335,17.84892322,5926.935074,4646.660921,-1280.274154,False,False,False,False,DERIVED_CONDITIONAL_GEOMETRY_NOT_EVENT_LOCATION
2406,106.02916742,17.82947762,5924.692083,4646.017534,-1278.674549,False,False,False,False,DERIVED_CONDITIONAL_GEOMETRY_NOT_EVENT_LOCATION
2407,106.03593149,17.81003201,5922.449113,4645.375130,-1277.073983,False,False,False,False,DERIVED_CONDITIONAL_GEOMETRY_NOT_EVENT_LOCATION
2408,106.04269557,17.79058641,5920.206165,4644.733708,-1275.472457,False,False,False,False,DERIVED_CONDITIONAL_GEOMETRY_NOT_EVENT_LOCATION
2409,106.04945964,17.77114081,5917.963238,4644.093269,-1273.869970,False,False,False,False,DERIVED_CONDITIONAL_GEOMETRY_NOT_EVENT_LOCATION
2410,106.05622372,17.75169520,5915.720333,4643.453812,-1272.266521,False,False,False,False,DERIVED_CONDITIONAL_GEOMETRY_NOT_EVENT_LOCATION
2411,106.06298779,17.73224960,5913.477450,4642.815339,-1270.662111,False,False,False,False,DERIVED_CONDITIONAL_GEOMETRY_NOT_EVENT_LOCATION
2412,106.06975186,17.71280399,5911.234588,4642.177848,-1269.056740,False,False,False,False,DERIVED_CONDITIONAL_GEOMETRY_NOT_EVENT_LOCATION
2413,106.07651594,17.69335839,5908.991748,4641.541342,-1267.450406,False,False,False,False,DERIVED_CONDITIONAL_GEOMETRY_NOT_EVENT_LOCATION
2414,106.08328001,17.67391279,5906.748930,4640.905819,-1265.843110,False,False,False,False,DERIVED_CONDITIONAL_GEOMETRY_NOT_EVENT_LOCATION
2415,106.09004408,17.65446718,5904.506133,4640.271281,-1264.234852,False,False,False,False,DERIVED_CONDITIONAL_GEOMETRY_NOT_EVENT_LOCATION
2416,106.09680816,17.63502158,5902.263359,4639.637728,-1262.625631,False,False,False,False,DERIVED_CONDITIONAL_GEOMETRY_NOT_EVENT_LOCATION
2417,106.10357223,17.61557597,5900.020606,4639.005159,-1261.015447,False,False,False,False,DERIVED_CONDITIONAL_GEOMETRY_NOT_EVENT_LOCATION
2418,106.11033630,17.59613037,5897.777875,4638.373575,-1259.404300,False,False,False,False,DERIVED_CONDITIONAL_GEOMETRY_NOT_EVENT_LOCATION
2419,106.11682670,17.57660306,5895.530333,4637.713907,-1257.816426,False,False,False,False,DERIVED_CONDITIONAL_GEOMETRY_NOT_EVENT_LOCATION
2420,106.12331710,17.55707575,5893.282809,4637.055212,-1256.227596,False,False,False,False,DERIVED_CONDITIONAL_GEOMETRY_NOT_EVENT_LOCATION
2421,106.12980750,17.53754843,5891.035303,4636.397491,-1254.637812,False,False,False,False,DERIVED_CONDITIONAL_GEOMETRY_NOT_EVENT_LOCATION
2422,106.13629790,17.51802112,5888.787815,4635.740743,-1253.047071,False,False,False,False,DERIVED_CONDITIONAL_GEOMETRY_NOT_EVENT_LOCATION
2423,106.14278830,17.49849381,5886.540345,4635.084970,-1251.455376,False,False,False,False,DERIVED_CONDITIONAL_GEOMETRY_NOT_EVENT_LOCATION
2424,106.14927870,17.47896650,5884.292894,4634.430170,-1249.862724,False,False,False,False,DERIVED_CONDITIONAL_GEOMETRY_NOT_EVENT_LOCATION
2425,106.15576910,17.45943919,5882.045461,4633.776345,-1248.269116,False,False,False,False,DERIVED_CONDITIONAL_GEOMETRY_NOT_EVENT_LOCATION
2426,106.16225950,17.43991187,5879.798047,4633.123495,-1246.674552,False,False,False,False,DERIVED_CONDITIONAL_GEOMETRY_NOT_EVENT_LOCATION
2427,106.16874990,17.42038456,5877.550651,4632.471620,-1245.079031,False,False,False,False,DERIVED_CONDITIONAL_GEOMETRY_NOT_EVENT_LOCATION
2428,106.17524030,17.40085725,5875.303273,4631.820721,-1243.482553,False,False,False,False,DERIVED_CONDITIONAL_GEOMETRY_NOT_EVENT_LOCATION
2429,106.18173070,17.38132994,5873.055915,4631.170797,-1241.885117,False,False,False,False,DERIVED_CONDITIONAL_GEOMETRY_NOT_EVENT_LOCATION
2430,106.18822110,17.36180262,5870.808574,4630.521849,-1240.286725,False,False,False,False,DERIVED_CONDITIONAL_GEOMETRY_NOT_EVENT_LOCATION
2431,106.19471150,17.34227531,5868.561253,4629.873878,-1238.687375,False,False,False,False,DERIVED_CONDITIONAL_GEOMETRY_NOT_EVENT_LOCATION
2432,106.20120190,17.32274800,5866.313950,4629.226883,-1237.087066,False,False,False,False,DERIVED_CONDITIONAL_GEOMETRY_NOT_EVENT_LOCATION
2433,106.20769230,17.30322069,5864.066666,4628.580866,-1235.485800,False,False,False,False,DERIVED_CONDITIONAL_GEOMETRY_NOT_EVENT_LOCATION
2434,106.21418270,17.28369338,5861.819400,4627.935825,-1233.883575,False,False,False,False,DERIVED_CONDITIONAL_GEOMETRY_NOT_EVENT_LOCATION
2435,106.22067310,17.26416606,5859.572154,4627.291762,-1232.280392,False,False,False,False,DERIVED_CONDITIONAL_GEOMETRY_NOT_EVENT_LOCATION
2436,106.22716350,17.24463875,5857.324926,4626.648677,-1230.676249,False,False,False,False,DERIVED_CONDITIONAL_GEOMETRY_NOT_EVENT_LOCATION
2437,106.23365390,17.22511144,5855.077718,4626.006570,-1229.071148,False,False,False,False,DERIVED_CONDITIONAL_GEOMETRY_NOT_EVENT_LOCATION
2438,106.24014430,17.20558413,5852.830528,4625.365441,-1227.465087,False,False,False,False,DERIVED_CONDITIONAL_GEOMETRY_NOT_EVENT_LOCATION
2439,106.24663470,17.18605681,5850.583357,4624.725291,-1225.858066,False,False,False,False,DERIVED_CONDITIONAL_GEOMETRY_NOT_EVENT_LOCATION
2440,106.25312510,17.16652950,5848.336206,4624.086120,-1224.250086,False,False,False,False,DERIVED_CONDITIONAL_GEOMETRY_NOT_EVENT_LOCATION
2441,106.25961550,17.14700219,5846.089073,4623.447928,-1222.641145,False,False,False,False,DERIVED_CONDITIONAL_GEOMETRY_NOT_EVENT_LOCATION
2442,106.26610590,17.12747488,5843.841960,4622.810716,-1221.031244,False,False,False,False,DERIVED_CONDITIONAL_GEOMETRY_NOT_EVENT_LOCATION
2443,106.27259630,17.10794756,5841.594866,4622.174484,-1219.420382,False,False,False,False,DERIVED_CONDITIONAL_GEOMETRY_NOT_EVENT_LOCATION
2444,106.27908670,17.08842025,5839.347791,4621.539231,-1217.808560,False,False,False,False,DERIVED_CONDITIONAL_GEOMETRY_NOT_EVENT_LOCATION
2445,106.28557710,17.06889294,5837.100736,4620.904960,-1216.195776,False,False,False,False,DERIVED_CONDITIONAL_GEOMETRY_NOT_EVENT_LOCATION
2446,106.29206750,17.04936563,5834.853699,4620.271668,-1214.582031,False,False,False,False,DERIVED_CONDITIONAL_GEOMETRY_NOT_EVENT_LOCATION
2447,106.29855790,17.02983832,5832.606683,4619.639358,-1212.967324,False,False,False,False,DERIVED_CONDITIONAL_GEOMETRY_NOT_EVENT_LOCATION
2448,106.30504830,17.01031100,5830.359685,4619.008030,-1211.351656,False,False,False,False,DERIVED_CONDITIONAL_GEOMETRY_NOT_EVENT_LOCATION
2449,106.31153870,16.99078369,5828.112707,4618.377682,-1209.735025,False,False,False,False,DERIVED_CONDITIONAL_GEOMETRY_NOT_EVENT_LOCATION
2450,106.31775788,16.97117959,5825.861361,4617.719576,-1208.141785,False,False,False,False,DERIVED_CONDITIONAL_GEOMETRY_NOT_EVENT_LOCATION
2451,106.32397707,16.95157549,5823.610030,4617.062439,-1206.547591,False,False,False,False,DERIVED_CONDITIONAL_GEOMETRY_NOT_EVENT_LOCATION
2452,106.33019626,16.93197140,5821.358716,4616.406272,-1204.952443,False,False,False,False,DERIVED_CONDITIONAL_GEOMETRY_NOT_EVENT_LOCATION
2453,106.33641544,16.91236730,5819.107417,4615.751076,-1203.356341,False,False,False,False,DERIVED_CONDITIONAL_GEOMETRY_NOT_EVENT_LOCATION
2454,106.34263463,16.89276320,5816.856135,4615.096850,-1201.759284,False,False,False,False,DERIVED_CONDITIONAL_GEOMETRY_NOT_EVENT_LOCATION
2455,106.34885382,16.87315910,5814.604868,4614.443595,-1200.161273,False,False,False,False,DERIVED_CONDITIONAL_GEOMETRY_NOT_EVENT_LOCATION
2456,106.35507301,16.85355500,5812.353618,4613.791312,-1198.562306,False,False,False,False,DERIVED_CONDITIONAL_GEOMETRY_NOT_EVENT_LOCATION
2457,106.36129219,16.83395090,5810.102383,4613.139999,-1196.962384,False,False,False,False,DERIVED_CONDITIONAL_GEOMETRY_NOT_EVENT_LOCATION
2458,106.36751138,16.81434681,5807.851165,4612.489659,-1195.361506,False,False,False,False,DERIVED_CONDITIONAL_GEOMETRY_NOT_EVENT_LOCATION
2459,106.37373057,16.79474271,5805.599963,4611.840291,-1193.759673,False,False,False,False,DERIVED_CONDITIONAL_GEOMETRY_NOT_EVENT_LOCATION
2460,106.37994975,16.77513861,5803.348778,4611.191895,-1192.156883,False,False,False,False,DERIVED_CONDITIONAL_GEOMETRY_NOT_EVENT_LOCATION
2461,106.38616894,16.75553451,5801.097608,4610.544471,-1190.553137,False,False,False,False,DERIVED_CONDITIONAL_GEOMETRY_NOT_EVENT_LOCATION
2462,106.39238813,16.73593041,5798.846455,4609.898021,-1188.948435,False,False,False,False,DERIVED_CONDITIONAL_GEOMETRY_NOT_EVENT_LOCATION
2463,106.39860732,16.71632631,5796.595319,4609.252544,-1187.342775,False,False,False,False,DERIVED_CONDITIONAL_GEOMETRY_NOT_EVENT_LOCATION
2464,106.40482650,16.69672222,5794.344199,4608.608040,-1185.736158,False,False,False,False,DERIVED_CONDITIONAL_GEOMETRY_NOT_EVENT_LOCATION
2465,106.41104569,16.67711812,5792.093095,4607.964511,-1184.128584,False,False,False,False,DERIVED_CONDITIONAL_GEOMETRY_NOT_EVENT_LOCATION
2466,106.41726488,16.65751402,5789.842008,4607.321955,-1182.520053,False,False,False,False,DERIVED_CONDITIONAL_GEOMETRY_NOT_EVENT_LOCATION
2467,106.42348406,16.63790992,5787.590937,4606.680374,-1180.910563,False,False,False,False,DERIVED_CONDITIONAL_GEOMETRY_NOT_EVENT_LOCATION
2468,106.42970325,16.61830582,5785.339883,4606.039768,-1179.300115,False,False,False,False,DERIVED_CONDITIONAL_GEOMETRY_NOT_EVENT_LOCATION
2469,106.43592244,16.59870172,5783.088846,4605.400137,-1177.688709,False,False,False,False,DERIVED_CONDITIONAL_GEOMETRY_NOT_EVENT_LOCATION
2470,106.44214163,16.57909762,5780.837825,4604.761481,-1176.076344,False,False,False,False,DERIVED_CONDITIONAL_GEOMETRY_NOT_EVENT_LOCATION
2471,106.44836081,16.55949353,5778.586821,4604.123800,-1174.463021,False,False,False,False,DERIVED_CONDITIONAL_GEOMETRY_NOT_EVENT_LOCATION
2472,106.45458000,16.53988943,5776.335834,4603.487096,-1172.848738,False,False,False,False,DERIVED_CONDITIONAL_GEOMETRY_NOT_EVENT_LOCATION
2473,106.46079919,16.52028533,5774.084863,4602.851368,-1171.233496,False,False,False,False,DERIVED_CONDITIONAL_GEOMETRY_NOT_EVENT_LOCATION
2474,106.46701837,16.50068123,5771.833910,4602.216616,-1169.617294,False,False,False,False,DERIVED_CONDITIONAL_GEOMETRY_NOT_EVENT_LOCATION
2475,106.47323756,16.48107713,5769.582973,4601.582841,-1168.000132,False,False,False,False,DERIVED_CONDITIONAL_GEOMETRY_NOT_EVENT_LOCATION
2476,106.47945675,16.46147303,5767.332053,4600.950043,-1166.382010,False,False,False,False,DERIVED_CONDITIONAL_GEOMETRY_NOT_EVENT_LOCATION
2477,106.48567593,16.44186894,5765.081151,4600.318223,-1164.762928,False,False,False,False,DERIVED_CONDITIONAL_GEOMETRY_NOT_EVENT_LOCATION
2478,106.49189512,16.42226484,5762.830265,4599.687380,-1163.142885,False,False,False,False,DERIVED_CONDITIONAL_GEOMETRY_NOT_EVENT_LOCATION
2479,106.49811431,16.40266074,5760.579396,4599.057515,-1161.521881,False,False,False,False,DERIVED_CONDITIONAL_GEOMETRY_NOT_EVENT_LOCATION
2480,106.50433350,16.38305664,5758.328545,4598.428628,-1159.899916,False,False,False,False,DERIVED_CONDITIONAL_GEOMETRY_NOT_EVENT_LOCATION
2481,106.51028492,16.36337871,5756.073541,4597.772276,-1158.301265,False,False,False,False,DERIVED_CONDITIONAL_GEOMETRY_NOT_EVENT_LOCATION
2482,106.51623634,16.34370078,5753.818551,4597.116891,-1156.701660,False,False,False,False,DERIVED_CONDITIONAL_GEOMETRY_NOT_EVENT_LOCATION
2483,106.52218776,16.32402285,5751.563575,4596.462472,-1155.101102,False,False,False,False,DERIVED_CONDITIONAL_GEOMETRY_NOT_EVENT_LOCATION
2484,106.52813918,16.30434492,5749.308612,4595.809021,-1153.499591,False,False,False,False,DERIVED_CONDITIONAL_GEOMETRY_NOT_EVENT_LOCATION
2485,106.53409060,16.28466698,5747.053664,4595.156538,-1151.897126,False,False,False,False,DERIVED_CONDITIONAL_GEOMETRY_NOT_EVENT_LOCATION
2486,106.54004202,16.26498905,5744.798729,4594.505022,-1150.293707,False,False,False,False,DERIVED_CONDITIONAL_GEOMETRY_NOT_EVENT_LOCATION
2487,106.54599344,16.24531112,5742.543808,4593.854475,-1148.689334,False,False,False,False,DERIVED_CONDITIONAL_GEOMETRY_NOT_EVENT_LOCATION
2488,106.55194486,16.22563319,5740.288901,4593.204896,-1147.084006,False,False,False,False,DERIVED_CONDITIONAL_GEOMETRY_NOT_EVENT_LOCATION
2489,106.55789628,16.20595526,5738.034009,4592.556286,-1145.477723,False,False,False,False,DERIVED_CONDITIONAL_GEOMETRY_NOT_EVENT_LOCATION
2490,106.56384770,16.18627733,5735.779130,4591.908645,-1143.870485,False,False,False,False,DERIVED_CONDITIONAL_GEOMETRY_NOT_EVENT_LOCATION
2491,106.56979912,16.16659940,5733.524265,4591.261974,-1142.262291,False,False,False,False,DERIVED_CONDITIONAL_GEOMETRY_NOT_EVENT_LOCATION
2492,106.57575054,16.14692147,5731.269415,4590.616272,-1140.653143,False,False,False,False,DERIVED_CONDITIONAL_GEOMETRY_NOT_EVENT_LOCATION
2493,106.58170196,16.12724353,5729.014578,4589.971541,-1139.043038,False,False,False,False,DERIVED_CONDITIONAL_GEOMETRY_NOT_EVENT_LOCATION
2494,106.58765338,16.10756560,5726.759756,4589.327779,-1137.431977,False,False,False,False,DERIVED_CONDITIONAL_GEOMETRY_NOT_EVENT_LOCATION
2495,106.59360480,16.08788767,5724.504948,4588.684989,-1135.819960,False,False,False,False,DERIVED_CONDITIONAL_GEOMETRY_NOT_EVENT_LOCATION
2496,106.59955622,16.06820974,5722.250155,4588.043169,-1134.206986,False,False,False,False,DERIVED_CONDITIONAL_GEOMETRY_NOT_EVENT_LOCATION
2497,106.60550764,16.04853181,5719.995375,4587.402320,-1132.593055,False,False,False,False,DERIVED_CONDITIONAL_GEOMETRY_NOT_EVENT_LOCATION
2498,106.61145906,16.02885388,5717.740610,4586.762443,-1130.978167,False,False,False,False,DERIVED_CONDITIONAL_GEOMETRY_NOT_EVENT_LOCATION
2499,106.61741048,16.00917595,5715.485859,4586.123538,-1129.362321,False,False,False,False,DERIVED_CONDITIONAL_GEOMETRY_NOT_EVENT_LOCATION
2500,106.62336190,15.98949802,5713.231123,4585.485605,-1127.745518,False,False,False,False,DERIVED_CONDITIONAL_GEOMETRY_NOT_EVENT_LOCATION
2501,106.62931332,15.96982008,5710.976401,4584.848644,-1126.127757,False,False,False,False,DERIVED_CONDITIONAL_GEOMETRY_NOT_EVENT_LOCATION
2502,106.63526474,15.95014215,5708.721694,4584.212656,-1124.509038,False,False,False,False,DERIVED_CONDITIONAL_GEOMETRY_NOT_EVENT_LOCATION
2503,106.64121616,15.93046422,5706.467001,4583.577641,-1122.889360,False,False,False,False,DERIVED_CONDITIONAL_GEOMETRY_NOT_EVENT_LOCATION
2504,106.64716757,15.91078629,5704.212323,4582.943600,-1121.268723,False,False,False,False,DERIVED_CONDITIONAL_GEOMETRY_NOT_EVENT_LOCATION
2505,106.65311899,15.89110836,5701.957659,4582.310531,-1119.647128,False,False,False,False,DERIVED_CONDITIONAL_GEOMETRY_NOT_EVENT_LOCATION
2506,106.65907041,15.87143043,5699.703010,4581.678437,-1118.024573,False,False,False,False,DERIVED_CONDITIONAL_GEOMETRY_NOT_EVENT_LOCATION
2507,106.66502183,15.85175250,5697.448376,4581.047317,-1116.401059,False,False,False,False,DERIVED_CONDITIONAL_GEOMETRY_NOT_EVENT_LOCATION
2508,106.67097325,15.83207457,5695.193757,4580.417171,-1114.776585,False,False,False,False,DERIVED_CONDITIONAL_GEOMETRY_NOT_EVENT_LOCATION
2509,106.67692467,15.81239663,5692.939152,4579.788000,-1113.151152,False,False,False,False,DERIVED_CONDITIONAL_GEOMETRY_NOT_EVENT_LOCATION
2510,106.68287609,15.79271870,5690.684562,4579.159804,-1111.524758,False,False,False,False,DERIVED_CONDITIONAL_GEOMETRY_NOT_EVENT_LOCATION
2511,106.68882751,15.77304077,5688.429987,4578.532583,-1109.897403,False,False,False,False,DERIVED_CONDITIONAL_GEOMETRY_NOT_EVENT_LOCATION
2512,106.69451314,15.75329295,5686.171610,4577.878122,-1108.293489,False,False,False,False,DERIVED_CONDITIONAL_GEOMETRY_NOT_EVENT_LOCATION
2513,106.70019876,15.73354512,5683.913246,4577.224624,-1106.688622,False,False,False,False,DERIVED_CONDITIONAL_GEOMETRY_NOT_EVENT_LOCATION
2514,106.70588438,15.71379729,5681.654893,4576.572090,-1105.082803,False,False,False,False,DERIVED_CONDITIONAL_GEOMETRY_NOT_EVENT_LOCATION
2515,106.71157000,15.69404947,5679.396552,4575.920521,-1103.476031,False,False,False,False,DERIVED_CONDITIONAL_GEOMETRY_NOT_EVENT_LOCATION
2516,106.71725562,15.67430164,5677.138223,4575.269918,-1101.868305,False,False,False,False,DERIVED_CONDITIONAL_GEOMETRY_NOT_EVENT_LOCATION
2517,106.72294124,15.65455381,5674.879905,4574.620279,-1100.259627,False,False,False,False,DERIVED_CONDITIONAL_GEOMETRY_NOT_EVENT_LOCATION
2518,106.72862687,15.63480599,5672.621600,4573.971606,-1098.649994,False,False,False,False,DERIVED_CONDITIONAL_GEOMETRY_NOT_EVENT_LOCATION
2519,106.73431249,15.61505816,5670.363306,4573.323898,-1097.039408,False,False,False,False,DERIVED_CONDITIONAL_GEOMETRY_NOT_EVENT_LOCATION
2520,106.73999811,15.59531033,5668.105025,4572.677157,-1095.427867,False,False,False,False,DERIVED_CONDITIONAL_GEOMETRY_NOT_EVENT_LOCATION
2521,106.74568373,15.57556251,5665.846755,4572.031382,-1093.815372,False,False,False,False,DERIVED_CONDITIONAL_GEOMETRY_NOT_EVENT_LOCATION
2522,106.75136935,15.55581468,5663.588497,4571.386574,-1092.201923,False,False,False,False,DERIVED_CONDITIONAL_GEOMETRY_NOT_EVENT_LOCATION
2523,106.75705497,15.53606686,5661.330251,4570.742733,-1090.587518,False,False,False,False,DERIVED_CONDITIONAL_GEOMETRY_NOT_EVENT_LOCATION
2524,106.76274060,15.51631903,5659.072018,4570.099860,-1088.972158,False,False,False,False,DERIVED_CONDITIONAL_GEOMETRY_NOT_EVENT_LOCATION
2525,106.76842622,15.49657120,5656.813796,4569.457954,-1087.355842,False,False,False,False,DERIVED_CONDITIONAL_GEOMETRY_NOT_EVENT_LOCATION
2526,106.77411184,15.47682338,5654.555587,4568.817016,-1085.738571,False,False,False,False,DERIVED_CONDITIONAL_GEOMETRY_NOT_EVENT_LOCATION
2527,106.77979746,15.45707555,5652.297390,4568.177046,-1084.120344,False,False,False,False,DERIVED_CONDITIONAL_GEOMETRY_NOT_EVENT_LOCATION
2528,106.78548308,15.43732772,5650.039205,4567.538045,-1082.501160,False,False,False,False,DERIVED_CONDITIONAL_GEOMETRY_NOT_EVENT_LOCATION
2529,106.79116871,15.41757990,5647.781032,4566.900012,-1080.881020,False,False,False,False,DERIVED_CONDITIONAL_GEOMETRY_NOT_EVENT_LOCATION
2530,106.79685433,15.39783207,5645.522871,4566.262949,-1079.259922,False,False,False,False,DERIVED_CONDITIONAL_GEOMETRY_NOT_EVENT_LOCATION
2531,106.80253995,15.37808424,5643.264723,4565.626855,-1077.637868,False,False,False,False,DERIVED_CONDITIONAL_GEOMETRY_NOT_EVENT_LOCATION
2532,106.80822557,15.35833642,5641.006587,4564.991731,-1076.014856,False,False,False,False,DERIVED_CONDITIONAL_GEOMETRY_NOT_EVENT_LOCATION
2533,106.81391119,15.33858859,5638.748464,4564.357577,-1074.390887,False,False,False,False,DERIVED_CONDITIONAL_GEOMETRY_NOT_EVENT_LOCATION
2534,106.81959681,15.31884077,5636.490353,4563.724393,-1072.765960,False,False,False,False,DERIVED_CONDITIONAL_GEOMETRY_NOT_EVENT_LOCATION
2535,106.82528244,15.29909294,5634.232254,4563.092180,-1071.140074,False,False,False,False,DERIVED_CONDITIONAL_GEOMETRY_NOT_EVENT_LOCATION
2536,106.83096806,15.27934511,5631.974168,4562.460937,-1069.513230,False,False,False,False,DERIVED_CONDITIONAL_GEOMETRY_NOT_EVENT_LOCATION
2537,106.83665368,15.25959729,5629.716094,4561.830666,-1067.885428,False,False,False,False,DERIVED_CONDITIONAL_GEOMETRY_NOT_EVENT_LOCATION
2538,106.84233930,15.23984946,5627.458033,4561.201367,-1066.256666,False,False,False,False,DERIVED_CONDITIONAL_GEOMETRY_NOT_EVENT_LOCATION
2539,106.84802492,15.22010163,5625.199984,4560.573039,-1064.626946,False,False,False,False,DERIVED_CONDITIONAL_GEOMETRY_NOT_EVENT_LOCATION
2540,106.85371054,15.20035381,5622.941948,4559.945683,-1062.996265,False,False,False,False,DERIVED_CONDITIONAL_GEOMETRY_NOT_EVENT_LOCATION
2541,106.85939617,15.18060598,5620.683925,4559.319299,-1061.364626,False,False,False,False,DERIVED_CONDITIONAL_GEOMETRY_NOT_EVENT_LOCATION
2542,106.86508179,15.16085815,5618.425914,4558.693889,-1059.732026,False,False,False,False,DERIVED_CONDITIONAL_GEOMETRY_NOT_EVENT_LOCATION
2543,106.87050506,15.14104240,5616.164220,4558.041483,-1058.122737,False,False,False,False,DERIVED_CONDITIONAL_GEOMETRY_NOT_EVENT_LOCATION
2544,106.87592833,15.12122665,5613.902535,4557.390039,-1056.512496,False,False,False,False,DERIVED_CONDITIONAL_GEOMETRY_NOT_EVENT_LOCATION
2545,106.88135159,15.10141090,5611.640860,4556.739557,-1054.901303,False,False,False,False,DERIVED_CONDITIONAL_GEOMETRY_NOT_EVENT_LOCATION
2546,106.88677486,15.08159514,5609.379195,4556.090038,-1053.289157,False,False,False,False,DERIVED_CONDITIONAL_GEOMETRY_NOT_EVENT_LOCATION
2547,106.89219813,15.06177939,5607.117539,4555.441481,-1051.676058,False,False,False,False,DERIVED_CONDITIONAL_GEOMETRY_NOT_EVENT_LOCATION
2548,106.89762140,15.04196364,5604.855894,4554.793887,-1050.062007,False,False,False,False,DERIVED_CONDITIONAL_GEOMETRY_NOT_EVENT_LOCATION
2549,106.90304467,15.02214789,5602.594258,4554.147257,-1048.447001,False,False,False,False,DERIVED_CONDITIONAL_GEOMETRY_NOT_EVENT_LOCATION
2550,106.90846794,15.00233213,5600.332633,4553.501590,-1046.831043,False,False,False,False,DERIVED_CONDITIONAL_GEOMETRY_NOT_EVENT_LOCATION
2551,106.91389121,14.98251638,5598.071017,4552.856888,-1045.214130,False,False,False,False,DERIVED_CONDITIONAL_GEOMETRY_NOT_EVENT_LOCATION
2552,106.91931448,14.96270063,5595.809412,4552.213149,-1043.596262,False,False,False,False,DERIVED_CONDITIONAL_GEOMETRY_NOT_EVENT_LOCATION
2553,106.92473775,14.94288488,5593.547816,4551.570375,-1041.977441,False,False,False,False,DERIVED_CONDITIONAL_GEOMETRY_NOT_EVENT_LOCATION
2554,106.93016101,14.92306912,5591.286231,4550.928566,-1040.357664,False,False,False,False,DERIVED_CONDITIONAL_GEOMETRY_NOT_EVENT_LOCATION
2555,106.93558428,14.90325337,5589.024655,4550.287722,-1038.736933,False,False,False,False,DERIVED_CONDITIONAL_GEOMETRY_NOT_EVENT_LOCATION
2556,106.94100755,14.88343762,5586.763090,4549.647844,-1037.115246,False,False,False,False,DERIVED_CONDITIONAL_GEOMETRY_NOT_EVENT_LOCATION
2557,106.94643082,14.86362187,5584.501535,4549.008932,-1035.492604,False,False,False,False,DERIVED_CONDITIONAL_GEOMETRY_NOT_EVENT_LOCATION
2558,106.95185409,14.84380611,5582.239990,4548.370985,-1033.869005,False,False,False,False,DERIVED_CONDITIONAL_GEOMETRY_NOT_EVENT_LOCATION
2559,106.95727736,14.82399036,5579.978456,4547.734005,-1032.244451,False,False,False,False,DERIVED_CONDITIONAL_GEOMETRY_NOT_EVENT_LOCATION
2560,106.96270063,14.80417461,5577.716931,4547.097991,-1030.618940,False,False,False,False,DERIVED_CONDITIONAL_GEOMETRY_NOT_EVENT_LOCATION
2561,106.96812390,14.78435886,5575.455417,4546.462945,-1028.992472,False,False,False,False,DERIVED_CONDITIONAL_GEOMETRY_NOT_EVENT_LOCATION
2562,106.97354717,14.76454310,5573.193914,4545.828866,-1027.365048,False,False,False,False,DERIVED_CONDITIONAL_GEOMETRY_NOT_EVENT_LOCATION
2563,106.97897044,14.74472735,5570.932420,4545.195754,-1025.736666,False,False,False,False,DERIVED_CONDITIONAL_GEOMETRY_NOT_EVENT_LOCATION
2564,106.98439370,14.72491160,5568.670937,4544.563610,-1024.107327,False,False,False,False,DERIVED_CONDITIONAL_GEOMETRY_NOT_EVENT_LOCATION
2565,106.98981697,14.70509584,5566.409465,4543.932435,-1022.477030,False,False,False,False,DERIVED_CONDITIONAL_GEOMETRY_NOT_EVENT_LOCATION
2566,106.99524024,14.68528009,5564.148002,4543.302227,-1020.845775,False,False,False,False,DERIVED_CONDITIONAL_GEOMETRY_NOT_EVENT_LOCATION
2567,107.00066351,14.66546434,5561.886551,4542.672989,-1019.213562,False,False,False,False,DERIVED_CONDITIONAL_GEOMETRY_NOT_EVENT_LOCATION
2568,107.00608678,14.64564859,5559.625110,4542.044720,-1017.580390,False,False,False,False,DERIVED_CONDITIONAL_GEOMETRY_NOT_EVENT_LOCATION
2569,107.01151005,14.62583283,5557.363679,4541.417419,-1015.946259,False,False,False,False,DERIVED_CONDITIONAL_GEOMETRY_NOT_EVENT_LOCATION
2570,107.01693332,14.60601708,5555.102259,4540.791089,-1014.311170,False,False,False,False,DERIVED_CONDITIONAL_GEOMETRY_NOT_EVENT_LOCATION
2571,107.02235659,14.58620133,5552.840849,4540.165729,-1012.675121,False,False,False,False,DERIVED_CONDITIONAL_GEOMETRY_NOT_EVENT_LOCATION
2572,107.02777986,14.56638558,5550.579450,4539.541338,-1011.038112,False,False,False,False,DERIVED_CONDITIONAL_GEOMETRY_NOT_EVENT_LOCATION
2573,107.03320312,14.54656982,5548.318062,4538.917919,-1009.400144,False,False,False,False,DERIVED_CONDITIONAL_GEOMETRY_NOT_EVENT_LOCATION
2574,107.03836601,14.52669107,5546.053458,4538.267789,-1007.785669,False,False,False,False,DERIVED_CONDITIONAL_GEOMETRY_NOT_EVENT_LOCATION
2575,107.04352890,14.50681231,5543.788862,4537.618620,-1006.170242,False,False,False,False,DERIVED_CONDITIONAL_GEOMETRY_NOT_EVENT_LOCATION
2576,107.04869178,14.48693355,5541.524274,4536.970411,-1004.553863,False,False,False,False,DERIVED_CONDITIONAL_GEOMETRY_NOT_EVENT_LOCATION
2577,107.05385467,14.46705480,5539.259694,4536.323162,-1002.936532,False,False,False,False,DERIVED_CONDITIONAL_GEOMETRY_NOT_EVENT_LOCATION
2578,107.05901755,14.44717604,5536.995122,4535.676874,-1001.318248,False,False,False,False,DERIVED_CONDITIONAL_GEOMETRY_NOT_EVENT_LOCATION
2579,107.06418044,14.42729728,5534.730558,4535.031546,-999.699011,False,False,False,False,DERIVED_CONDITIONAL_GEOMETRY_NOT_EVENT_LOCATION
2580,107.06934332,14.40741853,5532.466002,4534.387181,-998.078821,False,False,False,False,DERIVED_CONDITIONAL_GEOMETRY_NOT_EVENT_LOCATION
2581,107.07450621,14.38753977,5530.201454,4533.743777,-996.457678,False,False,False,False,DERIVED_CONDITIONAL_GEOMETRY_NOT_EVENT_LOCATION
2582,107.07966909,14.36766101,5527.936915,4533.101334,-994.835580,False,False,False,False,DERIVED_CONDITIONAL_GEOMETRY_NOT_EVENT_LOCATION
2583,107.08483198,14.34778226,5525.672384,4532.459855,-993.212529,False,False,False,False,DERIVED_CONDITIONAL_GEOMETRY_NOT_EVENT_LOCATION
2584,107.08999486,14.32790350,5523.407860,4531.819337,-991.588523,False,False,False,False,DERIVED_CONDITIONAL_GEOMETRY_NOT_EVENT_LOCATION
2585,107.09515775,14.30802474,5521.143346,4531.179783,-989.963562,False,False,False,False,DERIVED_CONDITIONAL_GEOMETRY_NOT_EVENT_LOCATION
2586,107.10032063,14.28814599,5518.878839,4530.541192,-988.337647,False,False,False,False,DERIVED_CONDITIONAL_GEOMETRY_NOT_EVENT_LOCATION
2587,107.10548352,14.26826723,5516.614341,4529.903564,-986.710776,False,False,False,False,DERIVED_CONDITIONAL_GEOMETRY_NOT_EVENT_LOCATION
2588,107.11064640,14.24838847,5514.349851,4529.266900,-985.082950,False,False,False,False,DERIVED_CONDITIONAL_GEOMETRY_NOT_EVENT_LOCATION
2589,107.11580929,14.22850972,5512.085369,4528.631201,-983.454169,False,False,False,False,DERIVED_CONDITIONAL_GEOMETRY_NOT_EVENT_LOCATION
2590,107.12097217,14.20863096,5509.820896,4527.996465,-981.824431,False,False,False,False,DERIVED_CONDITIONAL_GEOMETRY_NOT_EVENT_LOCATION
2591,107.12613506,14.18875221,5507.556431,4527.362694,-980.193736,False,False,False,False,DERIVED_CONDITIONAL_GEOMETRY_NOT_EVENT_LOCATION
2592,107.13129794,14.16887345,5505.291974,4526.729889,-978.562086,False,False,False,False,DERIVED_CONDITIONAL_GEOMETRY_NOT_EVENT_LOCATION
2593,107.13646083,14.14899469,5503.027526,4526.098048,-976.929478,False,False,False,False,DERIVED_CONDITIONAL_GEOMETRY_NOT_EVENT_LOCATION
2594,107.14162371,14.12911594,5500.763087,4525.467174,-975.295913,False,False,False,False,DERIVED_CONDITIONAL_GEOMETRY_NOT_EVENT_LOCATION
2595,107.14678660,14.10923718,5498.498656,4524.837265,-973.661391,False,False,False,False,DERIVED_CONDITIONAL_GEOMETRY_NOT_EVENT_LOCATION
2596,107.15194948,14.08935842,5496.234234,4524.208322,-972.025911,False,False,False,False,DERIVED_CONDITIONAL_GEOMETRY_NOT_EVENT_LOCATION
2597,107.15711237,14.06947967,5493.969820,4523.580346,-970.389474,False,False,False,False,DERIVED_CONDITIONAL_GEOMETRY_NOT_EVENT_LOCATION
2598,107.16227525,14.04960091,5491.705414,4522.953337,-968.752078,False,False,False,False,DERIVED_CONDITIONAL_GEOMETRY_NOT_EVENT_LOCATION
2599,107.16743814,14.02972215,5489.441018,4522.327294,-967.113723,False,False,False,False,DERIVED_CONDITIONAL_GEOMETRY_NOT_EVENT_LOCATION
2600,107.17260102,14.00984340,5487.176630,4521.702220,-965.474410,False,False,False,False,DERIVED_CONDITIONAL_GEOMETRY_NOT_EVENT_LOCATION
2601,107.17776391,13.98996464,5484.912250,4521.078112,-963.834138,False,False,False,False,DERIVED_CONDITIONAL_GEOMETRY_NOT_EVENT_LOCATION
2602,107.18292679,13.97008588,5482.647880,4520.454973,-962.192906,False,False,False,False,DERIVED_CONDITIONAL_GEOMETRY_NOT_EVENT_LOCATION
2603,107.18808968,13.95020713,5480.383518,4519.832802,-960.550715,False,False,False,False,DERIVED_CONDITIONAL_GEOMETRY_NOT_EVENT_LOCATION
2604,107.19325256,13.93032837,5478.119164,4519.211600,-958.907564,False,False,False,False,DERIVED_CONDITIONAL_GEOMETRY_NOT_EVENT_LOCATION
2605,107.19815753,13.91038858,5475.851735,4518.563854,-957.287881,False,False,False,False,DERIVED_CONDITIONAL_GEOMETRY_NOT_EVENT_LOCATION
2606,107.20306249,13.89044879,5473.584312,4517.917066,-955.667246,False,False,False,False,DERIVED_CONDITIONAL_GEOMETRY_NOT_EVENT_LOCATION
2607,107.20796745,13.87050899,5471.316896,4517.271237,-954.045659,False,False,False,False,DERIVED_CONDITIONAL_GEOMETRY_NOT_EVENT_LOCATION
2608,107.21287241,13.85056920,5469.049485,4516.626366,-952.423119,False,False,False,False,DERIVED_CONDITIONAL_GEOMETRY_NOT_EVENT_LOCATION
2609,107.21777738,13.83062941,5466.782082,4515.982455,-950.799627,False,False,False,False,DERIVED_CONDITIONAL_GEOMETRY_NOT_EVENT_LOCATION
2610,107.22268234,13.81068962,5464.514684,4515.339503,-949.175181,False,False,False,False,DERIVED_CONDITIONAL_GEOMETRY_NOT_EVENT_LOCATION
2611,107.22758730,13.79074983,5462.247293,4514.697511,-947.549782,False,False,False,False,DERIVED_CONDITIONAL_GEOMETRY_NOT_EVENT_LOCATION
2612,107.23249226,13.77081003,5459.979909,4514.056479,-945.923429,False,False,False,False,DERIVED_CONDITIONAL_GEOMETRY_NOT_EVENT_LOCATION
2613,107.23739722,13.75087024,5457.712530,4513.416408,-944.296122,False,False,False,False,DERIVED_CONDITIONAL_GEOMETRY_NOT_EVENT_LOCATION
2614,107.24230219,13.73093045,5455.445159,4512.777298,-942.667861,False,False,False,False,DERIVED_CONDITIONAL_GEOMETRY_NOT_EVENT_LOCATION
2615,107.24720715,13.71099066,5453.177794,4512.139148,-941.038646,False,False,False,False,DERIVED_CONDITIONAL_GEOMETRY_NOT_EVENT_LOCATION
2616,107.25211211,13.69105087,5450.910435,4511.501960,-939.408475,False,False,False,False,DERIVED_CONDITIONAL_GEOMETRY_NOT_EVENT_LOCATION
2617,107.25701707,13.67111108,5448.643083,4510.865734,-937.777349,False,False,False,False,DERIVED_CONDITIONAL_GEOMETRY_NOT_EVENT_LOCATION
2618,107.26192204,13.65117128,5446.375738,4510.230469,-936.145268,False,False,False,False,DERIVED_CONDITIONAL_GEOMETRY_NOT_EVENT_LOCATION
2619,107.26682700,13.63123149,5444.108399,4509.596167,-934.512232,False,False,False,False,DERIVED_CONDITIONAL_GEOMETRY_NOT_EVENT_LOCATION
2620,107.27173196,13.61129170,5441.841067,4508.962827,-932.878239,False,False,False,False,DERIVED_CONDITIONAL_GEOMETRY_NOT_EVENT_LOCATION
2621,107.27663692,13.59135191,5439.573741,4508.330451,-931.243290,False,False,False,False,DERIVED_CONDITIONAL_GEOMETRY_NOT_EVENT_LOCATION
2622,107.28154189,13.57141212,5437.306422,4507.699037,-929.607385,False,False,False,False,DERIVED_CONDITIONAL_GEOMETRY_NOT_EVENT_LOCATION
2623,107.28644685,13.55147233,5435.039110,4507.068587,-927.970522,False,False,False,False,DERIVED_CONDITIONAL_GEOMETRY_NOT_EVENT_LOCATION
2624,107.29135181,13.53153253,5432.771804,4506.439101,-926.332703,False,False,False,False,DERIVED_CONDITIONAL_GEOMETRY_NOT_EVENT_LOCATION
2625,107.29625677,13.51159274,5430.504506,4505.810579,-924.693926,False,False,False,False,DERIVED_CONDITIONAL_GEOMETRY_NOT_EVENT_LOCATION
2626,107.30116174,13.49165295,5428.237214,4505.183022,-923.054192,False,False,False,False,DERIVED_CONDITIONAL_GEOMETRY_NOT_EVENT_LOCATION
2627,107.30606670,13.47171316,5425.969929,4504.556429,-921.413500,False,False,False,False,DERIVED_CONDITIONAL_GEOMETRY_NOT_EVENT_LOCATION
2628,107.31097166,13.45177337,5423.702650,4503.930801,-919.771849,False,False,False,False,DERIVED_CONDITIONAL_GEOMETRY_NOT_EVENT_LOCATION
2629,107.31587662,13.43183357,5421.435379,4503.306139,-918.129240,False,False,False,False,DERIVED_CONDITIONAL_GEOMETRY_NOT_EVENT_LOCATION
2630,107.32078158,13.41189378,5419.168114,4502.682442,-916.485672,False,False,False,False,DERIVED_CONDITIONAL_GEOMETRY_NOT_EVENT_LOCATION
2631,107.32568655,13.39195399,5416.900856,4502.059711,-914.841145,False,False,False,False,DERIVED_CONDITIONAL_GEOMETRY_NOT_EVENT_LOCATION
2632,107.33059151,13.37201420,5414.633606,4501.437947,-913.195659,False,False,False,False,DERIVED_CONDITIONAL_GEOMETRY_NOT_EVENT_LOCATION
2633,107.33549647,13.35207441,5412.366362,4500.817148,-911.549213,False,False,False,False,DERIVED_CONDITIONAL_GEOMETRY_NOT_EVENT_LOCATION
2634,107.34040143,13.33213462,5410.099125,4500.197317,-909.901808,False,False,False,False,DERIVED_CONDITIONAL_GEOMETRY_NOT_EVENT_LOCATION
2635,107.34530640,13.31219482,5407.831895,4499.578453,-908.253442,False,False,False,False,DERIVED_CONDITIONAL_GEOMETRY_NOT_EVENT_LOCATION
2636,107.34995639,13.29219794,5405.561943,4498.933370,-906.628573,False,False,False,False,DERIVED_CONDITIONAL_GEOMETRY_NOT_EVENT_LOCATION
2637,107.35460638,13.27220105,5403.291996,4498.289244,-905.002752,False,False,False,False,DERIVED_CONDITIONAL_GEOMETRY_NOT_EVENT_LOCATION
2638,107.35925638,13.25220416,5401.022054,4497.646076,-903.375978,False,False,False,False,DERIVED_CONDITIONAL_GEOMETRY_NOT_EVENT_LOCATION
2639,107.36390637,13.23220727,5398.752116,4497.003865,-901.748252,False,False,False,False,DERIVED_CONDITIONAL_GEOMETRY_NOT_EVENT_LOCATION
2640,107.36855636,13.21221038,5396.482184,4496.362612,-900.119572,False,False,False,False,DERIVED_CONDITIONAL_GEOMETRY_NOT_EVENT_LOCATION
2641,107.37320635,13.19221349,5394.212256,4495.722318,-898.489938,False,False,False,False,DERIVED_CONDITIONAL_GEOMETRY_NOT_EVENT_LOCATION
2642,107.37785635,13.17221660,5391.942333,4495.082982,-896.859351,False,False,False,False,DERIVED_CONDITIONAL_GEOMETRY_NOT_EVENT_LOCATION
2643,107.38250634,13.15221971,5389.672415,4494.444605,-895.227810,False,False,False,False,DERIVED_CONDITIONAL_GEOMETRY_NOT_EVENT_LOCATION
2644,107.38715633,13.13222282,5387.402502,4493.807188,-893.595315,False,False,False,False,DERIVED_CONDITIONAL_GEOMETRY_NOT_EVENT_LOCATION
2645,107.39180633,13.11222593,5385.132594,4493.170730,-891.961864,False,False,False,False,DERIVED_CONDITIONAL_GEOMETRY_NOT_EVENT_LOCATION
2646,107.39645632,13.09222904,5382.862691,4492.535232,-890.327459,False,False,False,False,DERIVED_CONDITIONAL_GEOMETRY_NOT_EVENT_LOCATION
2647,107.40110631,13.07223215,5380.592793,4491.900694,-888.692099,False,False,False,False,DERIVED_CONDITIONAL_GEOMETRY_NOT_EVENT_LOCATION
2648,107.40575630,13.05223526,5378.322900,4491.267117,-887.055783,False,False,False,False,DERIVED_CONDITIONAL_GEOMETRY_NOT_EVENT_LOCATION
2649,107.41040630,13.03223838,5376.053012,4490.634501,-885.418511,False,False,False,False,DERIVED_CONDITIONAL_GEOMETRY_NOT_EVENT_LOCATION
2650,107.41505629,13.01224149,5373.783129,4490.002845,-883.780283,False,False,False,False,DERIVED_CONDITIONAL_GEOMETRY_NOT_EVENT_LOCATION
2651,107.41970628,12.99224460,5371.513251,4489.372152,-882.141099,False,False,False,False,DERIVED_CONDITIONAL_GEOMETRY_NOT_EVENT_LOCATION
2652,107.42435628,12.97224771,5369.243378,4488.742420,-880.500958,False,False,False,False,DERIVED_CONDITIONAL_GEOMETRY_NOT_EVENT_LOCATION
2653,107.42900627,12.95225082,5366.973510,4488.113650,-878.859860,False,False,False,False,DERIVED_CONDITIONAL_GEOMETRY_NOT_EVENT_LOCATION
2654,107.43365626,12.93225393,5364.703647,4487.485842,-877.217805,False,False,False,False,DERIVED_CONDITIONAL_GEOMETRY_NOT_EVENT_LOCATION
2655,107.43830625,12.91225704,5362.433789,4486.858997,-875.574792,False,False,False,False,DERIVED_CONDITIONAL_GEOMETRY_NOT_EVENT_LOCATION
2656,107.44295625,12.89226015,5360.163937,4486.233115,-873.930822,False,False,False,False,DERIVED_CONDITIONAL_GEOMETRY_NOT_EVENT_LOCATION
2657,107.44760624,12.87226326,5357.894090,4485.608196,-872.285893,False,False,False,False,DERIVED_CONDITIONAL_GEOMETRY_NOT_EVENT_LOCATION
2658,107.45225623,12.85226637,5355.624247,4484.984241,-870.640006,False,False,False,False,DERIVED_CONDITIONAL_GEOMETRY_NOT_EVENT_LOCATION
2659,107.45690623,12.83226948,5353.354411,4484.361250,-868.993160,False,False,False,False,DERIVED_CONDITIONAL_GEOMETRY_NOT_EVENT_LOCATION
2660,107.46155622,12.81227259,5351.084579,4483.739223,-867.345355,False,False,False,False,DERIVED_CONDITIONAL_GEOMETRY_NOT_EVENT_LOCATION
2661,107.46620621,12.79227571,5348.814752,4483.118161,-865.696591,False,False,False,False,DERIVED_CONDITIONAL_GEOMETRY_NOT_EVENT_LOCATION
2662,107.47085621,12.77227882,5346.544931,4482.498064,-864.046868,False,False,False,False,DERIVED_CONDITIONAL_GEOMETRY_NOT_EVENT_LOCATION
2663,107.47550620,12.75228193,5344.275115,4481.878931,-862.396184,False,False,False,False,DERIVED_CONDITIONAL_GEOMETRY_NOT_EVENT_LOCATION
2664,107.48015619,12.73228504,5342.005305,4481.260764,-860.744541,False,False,False,False,DERIVED_CONDITIONAL_GEOMETRY_NOT_EVENT_LOCATION
2665,107.48480618,12.71228815,5339.735500,4480.643563,-859.091937,False,False,False,False,DERIVED_CONDITIONAL_GEOMETRY_NOT_EVENT_LOCATION
2666,107.48945618,12.69229126,5337.465700,4480.027328,-857.438372,False,False,False,False,DERIVED_CONDITIONAL_GEOMETRY_NOT_EVENT_LOCATION
2667,107.49371576,12.67286682,5335.264450,4479.405111,-855.859339,False,False,False,False,DERIVED_CONDITIONAL_GEOMETRY_NOT_EVENT_LOCATION
2668,107.49797535,12.65344238,5333.063203,4478.783792,-854.279411,False,False,False,False,DERIVED_CONDITIONAL_GEOMETRY_NOT_EVENT_LOCATION
2669,107.50223494,12.63401794,5330.861960,4478.163371,-852.698589,False,False,False,False,DERIVED_CONDITIONAL_GEOMETRY_NOT_EVENT_LOCATION
2670,107.50649452,12.61459351,5328.660719,4477.543848,-851.116871,False,False,False,False,DERIVED_CONDITIONAL_GEOMETRY_NOT_EVENT_LOCATION
2671,107.51075411,12.59516907,5326.459482,4476.925223,-849.534259,False,False,False,False,DERIVED_CONDITIONAL_GEOMETRY_NOT_EVENT_LOCATION
2672,107.51501369,12.57574463,5324.258248,4476.307497,-847.950752,False,False,False,False,DERIVED_CONDITIONAL_GEOMETRY_NOT_EVENT_LOCATION
2673,107.51927328,12.55632019,5322.057018,4475.690669,-846.366348,False,False,False,False,DERIVED_CONDITIONAL_GEOMETRY_NOT_EVENT_LOCATION
2674,107.52353287,12.53689575,5319.855790,4475.074741,-844.781049,False,False,False,False,DERIVED_CONDITIONAL_GEOMETRY_NOT_EVENT_LOCATION
2675,107.52779245,12.51747131,5317.654566,4474.459712,-843.194854,False,False,False,False,DERIVED_CONDITIONAL_GEOMETRY_NOT_EVENT_LOCATION
2676,107.53205204,12.49804687,5315.453345,4473.845583,-841.607762,False,False,False,False,DERIVED_CONDITIONAL_GEOMETRY_NOT_EVENT_LOCATION
2677,107.53631163,12.47862244,5313.252128,4473.232354,-840.019774,False,False,False,False,DERIVED_CONDITIONAL_GEOMETRY_NOT_EVENT_LOCATION
2678,107.54057121,12.45919800,5311.050914,4472.620025,-838.430888,False,False,False,False,DERIVED_CONDITIONAL_GEOMETRY_NOT_EVENT_LOCATION
2679,107.54483080,12.43977356,5308.849703,4472.008597,-836.841106,False,False,False,False,DERIVED_CONDITIONAL_GEOMETRY_NOT_EVENT_LOCATION
2680,107.54909039,12.42034912,5306.648495,4471.398070,-835.250426,False,False,False,False,DERIVED_CONDITIONAL_GEOMETRY_NOT_EVENT_LOCATION
2681,107.55334997,12.40092468,5304.447291,4470.788443,-833.658848,False,False,False,False,DERIVED_CONDITIONAL_GEOMETRY_NOT_EVENT_LOCATION
2682,107.55760956,12.38150024,5302.246090,4470.179719,-832.066372,False,False,False,False,DERIVED_CONDITIONAL_GEOMETRY_NOT_EVENT_LOCATION
2683,107.56186914,12.36207581,5300.044893,4469.571896,-830.472997,False,False,False,False,DERIVED_CONDITIONAL_GEOMETRY_NOT_EVENT_LOCATION
2684,107.56612873,12.34265137,5297.843699,4468.964975,-828.878724,False,False,False,False,DERIVED_CONDITIONAL_GEOMETRY_NOT_EVENT_LOCATION
2685,107.57038832,12.32322693,5295.642509,4468.358956,-827.283553,False,False,False,False,DERIVED_CONDITIONAL_GEOMETRY_NOT_EVENT_LOCATION
2686,107.57464790,12.30380249,5293.441322,4467.753840,-825.687482,False,False,False,False,DERIVED_CONDITIONAL_GEOMETRY_NOT_EVENT_LOCATION
2687,107.57890749,12.28437805,5291.240138,4467.149626,-824.090512,False,False,False,False,DERIVED_CONDITIONAL_GEOMETRY_NOT_EVENT_LOCATION
2688,107.58316708,12.26495361,5289.038958,4466.546316,-822.492642,False,False,False,False,DERIVED_CONDITIONAL_GEOMETRY_NOT_EVENT_LOCATION
2689,107.58742666,12.24552917,5286.837781,4465.943910,-820.893872,False,False,False,False,DERIVED_CONDITIONAL_GEOMETRY_NOT_EVENT_LOCATION
2690,107.59168625,12.22610474,5284.636608,4465.342407,-819.294202,False,False,False,False,DERIVED_CONDITIONAL_GEOMETRY_NOT_EVENT_LOCATION
2691,107.59594584,12.20668030,5282.435439,4464.741807,-817.693631,False,False,False,False,DERIVED_CONDITIONAL_GEOMETRY_NOT_EVENT_LOCATION
2692,107.60020542,12.18725586,5280.234273,4464.142113,-816.092160,False,False,False,False,DERIVED_CONDITIONAL_GEOMETRY_NOT_EVENT_LOCATION
2693,107.60446501,12.16783142,5278.033110,4463.543322,-814.489788,False,False,False,False,DERIVED_CONDITIONAL_GEOMETRY_NOT_EVENT_LOCATION
2694,107.60872459,12.14840698,5275.831952,4462.945437,-812.886515,False,False,False,False,DERIVED_CONDITIONAL_GEOMETRY_NOT_EVENT_LOCATION
2695,107.61298418,12.12898254,5273.630796,4462.348457,-811.282340,False,False,False,False,DERIVED_CONDITIONAL_GEOMETRY_NOT_EVENT_LOCATION
2696,107.61724377,12.10955811,5271.429645,4461.752382,-809.677263,False,False,False,False,DERIVED_CONDITIONAL_GEOMETRY_NOT_EVENT_LOCATION
2697,107.62150335,12.09013367,5269.228497,4461.157212,-808.071284,False,False,False,False,DERIVED_CONDITIONAL_GEOMETRY_NOT_EVENT_LOCATION
2698,107.62576294,12.07070923,5267.027352,4460.562949,-806.464403,False,False,False,False,DERIVED_CONDITIONAL_GEOMETRY_NOT_EVENT_LOCATION
2699,107.62977934,12.05123520,5264.824086,4459.943611,-804.880475,False,False,False,False,DERIVED_CONDITIONAL_GEOMETRY_NOT_EVENT_LOCATION
2700,107.63379574,12.03176117,5262.620822,4459.325169,-803.295652,False,False,False,False,DERIVED_CONDITIONAL_GEOMETRY_NOT_EVENT_LOCATION
2701,107.63781214,12.01228714,5260.417559,4458.707625,-801.709934,False,False,False,False,DERIVED_CONDITIONAL_GEOMETRY_NOT_EVENT_LOCATION
2702,107.64182854,11.99281311,5258.214299,4458.090979,-800.123320,False,False,False,False,DERIVED_CONDITIONAL_GEOMETRY_NOT_EVENT_LOCATION
2703,107.64584494,11.97333908,5256.011041,4457.475230,-798.535810,False,False,False,False,DERIVED_CONDITIONAL_GEOMETRY_NOT_EVENT_LOCATION
2704,107.64986134,11.95386505,5253.807785,4456.860380,-796.947404,False,False,False,False,DERIVED_CONDITIONAL_GEOMETRY_NOT_EVENT_LOCATION
2705,107.65387774,11.93439102,5251.604530,4456.246428,-795.358102,False,False,False,False,DERIVED_CONDITIONAL_GEOMETRY_NOT_EVENT_LOCATION
2706,107.65789413,11.91491699,5249.401278,4455.633375,-793.767903,False,False,False,False,DERIVED_CONDITIONAL_GEOMETRY_NOT_EVENT_LOCATION
2707,107.66191053,11.89544296,5247.198028,4455.021221,-792.176807,False,False,False,False,DERIVED_CONDITIONAL_GEOMETRY_NOT_EVENT_LOCATION
2708,107.66592693,11.87596893,5244.994780,4454.409967,-790.584814,False,False,False,False,DERIVED_CONDITIONAL_GEOMETRY_NOT_EVENT_LOCATION
2709,107.66994333,11.85649490,5242.791535,4453.799611,-788.991923,False,False,False,False,DERIVED_CONDITIONAL_GEOMETRY_NOT_EVENT_LOCATION
2710,107.67395973,11.83702087,5240.588291,4453.190156,-787.398135,False,False,False,False,DERIVED_CONDITIONAL_GEOMETRY_NOT_EVENT_LOCATION
2711,107.67797613,11.81754684,5238.385049,4452.581601,-785.803448,False,False,False,False,DERIVED_CONDITIONAL_GEOMETRY_NOT_EVENT_LOCATION
2712,107.68199253,11.79807281,5236.181810,4451.973947,-784.207863,False,False,False,False,DERIVED_CONDITIONAL_GEOMETRY_NOT_EVENT_LOCATION
2713,107.68600893,11.77859879,5233.978573,4451.367193,-782.611380,False,False,False,False,DERIVED_CONDITIONAL_GEOMETRY_NOT_EVENT_LOCATION
2714,107.69002533,11.75912476,5231.775338,4450.761341,-781.013997,False,False,False,False,DERIVED_CONDITIONAL_GEOMETRY_NOT_EVENT_LOCATION
2715,107.69404173,11.73965073,5229.572105,4450.156390,-779.415715,False,False,False,False,DERIVED_CONDITIONAL_GEOMETRY_NOT_EVENT_LOCATION
2716,107.69805813,11.72017670,5227.368875,4449.552340,-777.816534,False,False,False,False,DERIVED_CONDITIONAL_GEOMETRY_NOT_EVENT_LOCATION
2717,107.70207453,11.70070267,5225.165646,4448.949193,-776.216454,False,False,False,False,DERIVED_CONDITIONAL_GEOMETRY_NOT_EVENT_LOCATION
2718,107.70609093,11.68122864,5222.962420,4448.346947,-774.615473,False,False,False,False,DERIVED_CONDITIONAL_GEOMETRY_NOT_EVENT_LOCATION
2719,107.71010733,11.66175461,5220.759196,4447.745604,-773.013592,False,False,False,False,DERIVED_CONDITIONAL_GEOMETRY_NOT_EVENT_LOCATION
2720,107.71412373,11.64228058,5218.555975,4447.145164,-771.410810,False,False,False,False,DERIVED_CONDITIONAL_GEOMETRY_NOT_EVENT_LOCATION
2721,107.71814013,11.62280655,5216.352756,4446.545627,-769.807128,False,False,False,False,DERIVED_CONDITIONAL_GEOMETRY_NOT_EVENT_LOCATION
2722,107.72215652,11.60333252,5214.149539,4445.946994,-768.202545,False,False,False,False,DERIVED_CONDITIONAL_GEOMETRY_NOT_EVENT_LOCATION
2723,107.72617292,11.58385849,5211.946324,4445.349264,-766.597060,False,False,False,False,DERIVED_CONDITIONAL_GEOMETRY_NOT_EVENT_LOCATION
2724,107.73018932,11.56438446,5209.743112,4444.752438,-764.990674,False,False,False,False,DERIVED_CONDITIONAL_GEOMETRY_NOT_EVENT_LOCATION
2725,107.73420572,11.54491043,5207.539901,4444.156516,-763.383385,False,False,False,False,DERIVED_CONDITIONAL_GEOMETRY_NOT_EVENT_LOCATION
2726,107.73822212,11.52543640,5205.336694,4443.561499,-761.775195,False,False,False,False,DERIVED_CONDITIONAL_GEOMETRY_NOT_EVENT_LOCATION
2727,107.74223852,11.50596237,5203.133488,4442.967386,-760.166102,False,False,False,False,DERIVED_CONDITIONAL_GEOMETRY_NOT_EVENT_LOCATION
2728,107.74625492,11.48648834,5200.930285,4442.374179,-758.556107,False,False,False,False,DERIVED_CONDITIONAL_GEOMETRY_NOT_EVENT_LOCATION
2729,107.75027132,11.46701431,5198.727085,4441.781877,-756.945208,False,False,False,False,DERIVED_CONDITIONAL_GEOMETRY_NOT_EVENT_LOCATION
2730,107.75428772,11.44754028,5196.523887,4441.190480,-755.333407,False,False,False,False,DERIVED_CONDITIONAL_GEOMETRY_NOT_EVENT_LOCATION
2731,107.75806284,11.42801952,5194.318830,4440.574189,-753.744641,False,False,False,False,DERIVED_CONDITIONAL_GEOMETRY_NOT_EVENT_LOCATION
2732,107.76183796,11.40849876,5192.113774,4439.958795,-752.154979,False,False,False,False,DERIVED_CONDITIONAL_GEOMETRY_NOT_EVENT_LOCATION
2733,107.76561308,11.38897800,5189.908719,4439.344299,-750.564421,False,False,False,False,DERIVED_CONDITIONAL_GEOMETRY_NOT_EVENT_LOCATION
2734,107.76938820,11.36945724,5187.703665,4438.730700,-748.972966,False,False,False,False,DERIVED_CONDITIONAL_GEOMETRY_NOT_EVENT_LOCATION
2735,107.77316332,11.34993649,5185.498613,4438.117998,-747.380614,False,False,False,False,DERIVED_CONDITIONAL_GEOMETRY_NOT_EVENT_LOCATION
2736,107.77693844,11.33041573,5183.293561,4437.506195,-745.787365,False,False,False,False,DERIVED_CONDITIONAL_GEOMETRY_NOT_EVENT_LOCATION
2737,107.78071356,11.31089497,5181.088510,4436.895291,-744.193219,False,False,False,False,DERIVED_CONDITIONAL_GEOMETRY_NOT_EVENT_LOCATION
2738,107.78448868,11.29137421,5178.883460,4436.285285,-742.598175,False,False,False,False,DERIVED_CONDITIONAL_GEOMETRY_NOT_EVENT_LOCATION
2739,107.78826380,11.27185345,5176.678412,4435.676178,-741.002233,False,False,False,False,DERIVED_CONDITIONAL_GEOMETRY_NOT_EVENT_LOCATION
2740,107.79203892,11.25233269,5174.473364,4435.067971,-739.405393,False,False,False,False,DERIVED_CONDITIONAL_GEOMETRY_NOT_EVENT_LOCATION
2741,107.79581404,11.23281193,5172.268317,4434.460663,-737.807655,False,False,False,False,DERIVED_CONDITIONAL_GEOMETRY_NOT_EVENT_LOCATION
2742,107.79958916,11.21329117,5170.063272,4433.854255,-736.209017,False,False,False,False,DERIVED_CONDITIONAL_GEOMETRY_NOT_EVENT_LOCATION
2743,107.80336428,11.19377041,5167.858228,4433.248747,-734.609480,False,False,False,False,DERIVED_CONDITIONAL_GEOMETRY_NOT_EVENT_LOCATION
2744,107.80713940,11.17424965,5165.653184,4432.644140,-733.009044,False,False,False,False,DERIVED_CONDITIONAL_GEOMETRY_NOT_EVENT_LOCATION
2745,107.81091452,11.15472889,5163.448142,4432.040433,-731.407709,False,False,False,False,DERIVED_CONDITIONAL_GEOMETRY_NOT_EVENT_LOCATION
2746,107.81468964,11.13520813,5161.243101,4431.437628,-729.805473,False,False,False,False,DERIVED_CONDITIONAL_GEOMETRY_NOT_EVENT_LOCATION
2747,107.81846476,11.11568737,5159.038061,4430.835724,-728.202337,False,False,False,False,DERIVED_CONDITIONAL_GEOMETRY_NOT_EVENT_LOCATION
2748,107.82223988,11.09616661,5156.833023,4430.234722,-726.598301,False,False,False,False,DERIVED_CONDITIONAL_GEOMETRY_NOT_EVENT_LOCATION
2749,107.82601500,11.07664585,5154.627985,4429.634621,-724.993364,False,False,False,False,DERIVED_CONDITIONAL_GEOMETRY_NOT_EVENT_LOCATION
2750,107.82979012,11.05712509,5152.422949,4429.035423,-723.387526,False,False,False,False,DERIVED_CONDITIONAL_GEOMETRY_NOT_EVENT_LOCATION
2751,107.83356524,11.03760433,5150.217914,4428.437128,-721.780786,False,False,False,False,DERIVED_CONDITIONAL_GEOMETRY_NOT_EVENT_LOCATION
2752,107.83734035,11.01808357,5148.012880,4427.839735,-720.173145,False,False,False,False,DERIVED_CONDITIONAL_GEOMETRY_NOT_EVENT_LOCATION
2753,107.84111547,10.99856281,5145.807847,4427.243245,-718.564602,False,False,False,False,DERIVED_CONDITIONAL_GEOMETRY_NOT_EVENT_LOCATION
2754,107.84489059,10.97904205,5143.602815,4426.647659,-716.955156,False,False,False,False,DERIVED_CONDITIONAL_GEOMETRY_NOT_EVENT_LOCATION
2755,107.84866571,10.95952129,5141.397785,4426.052976,-715.344809,False,False,False,False,DERIVED_CONDITIONAL_GEOMETRY_NOT_EVENT_LOCATION
2756,107.85244083,10.94000053,5139.192756,4425.459198,-713.733558,False,False,False,False,DERIVED_CONDITIONAL_GEOMETRY_NOT_EVENT_LOCATION
2757,107.85621595,10.92047977,5136.987728,4424.866323,-712.121405,False,False,False,False,DERIVED_CONDITIONAL_GEOMETRY_NOT_EVENT_LOCATION
2758,107.85999107,10.90095901,5134.782702,4424.274354,-710.508348,False,False,False,False,DERIVED_CONDITIONAL_GEOMETRY_NOT_EVENT_LOCATION
2759,107.86376619,10.88143826,5132.577677,4423.683289,-708.894388,False,False,False,False,DERIVED_CONDITIONAL_GEOMETRY_NOT_EVENT_LOCATION
2760,107.86754131,10.86191750,5130.372653,4423.093129,-707.279524,False,False,False,False,DERIVED_CONDITIONAL_GEOMETRY_NOT_EVENT_LOCATION
2761,107.87131643,10.84239674,5128.167630,4422.503874,-705.663755,False,False,False,False,DERIVED_CONDITIONAL_GEOMETRY_NOT_EVENT_LOCATION
2762,107.87509155,10.82287598,5125.962609,4421.915526,-704.047083,False,False,False,False,DERIVED_CONDITIONAL_GEOMETRY_NOT_EVENT_LOCATION
2763,107.87862730,10.80331135,5123.755996,4421.302466,-702.453530,False,False,False,False,DERIVED_CONDITIONAL_GEOMETRY_NOT_EVENT_LOCATION
2764,107.88216305,10.78374672,5121.549383,4420.690303,-700.859081,False,False,False,False,DERIVED_CONDITIONAL_GEOMETRY_NOT_EVENT_LOCATION
2765,107.88569880,10.76418209,5119.342771,4420.079038,-699.263733,False,False,False,False,DERIVED_CONDITIONAL_GEOMETRY_NOT_EVENT_LOCATION
2766,107.88923454,10.74461746,5117.136159,4419.468670,-697.667489,False,False,False,False,DERIVED_CONDITIONAL_GEOMETRY_NOT_EVENT_LOCATION
2767,107.89277029,10.72505283,5114.929547,4418.859201,-696.070346,False,False,False,False,DERIVED_CONDITIONAL_GEOMETRY_NOT_EVENT_LOCATION
2768,107.89630604,10.70548820,5112.722935,4418.250630,-694.472304,False,False,False,False,DERIVED_CONDITIONAL_GEOMETRY_NOT_EVENT_LOCATION
2769,107.89984179,10.68592358,5110.516323,4417.642959,-692.873364,False,False,False,False,DERIVED_CONDITIONAL_GEOMETRY_NOT_EVENT_LOCATION
2770,107.90337753,10.66635895,5108.309711,4417.036186,-691.273525,False,False,False,False,DERIVED_CONDITIONAL_GEOMETRY_NOT_EVENT_LOCATION
2771,107.90691328,10.64679432,5106.103100,4416.430312,-689.672787,False,False,False,False,DERIVED_CONDITIONAL_GEOMETRY_NOT_EVENT_LOCATION
2772,107.91044903,10.62722969,5103.896488,4415.825339,-688.071149,False,False,False,False,DERIVED_CONDITIONAL_GEOMETRY_NOT_EVENT_LOCATION
2773,107.91398478,10.60766506,5101.689877,4415.221265,-686.468612,False,False,False,False,DERIVED_CONDITIONAL_GEOMETRY_NOT_EVENT_LOCATION
2774,107.91752052,10.58810043,5099.483266,4414.618092,-684.865174,False,False,False,False,DERIVED_CONDITIONAL_GEOMETRY_NOT_EVENT_LOCATION
2775,107.92105627,10.56853580,5097.276655,4414.015819,-683.260836,False,False,False,False,DERIVED_CONDITIONAL_GEOMETRY_NOT_EVENT_LOCATION
2776,107.92459202,10.54897118,5095.070045,4413.414447,-681.655598,False,False,False,False,DERIVED_CONDITIONAL_GEOMETRY_NOT_EVENT_LOCATION
2777,107.92812777,10.52940655,5092.863435,4412.813976,-680.049458,False,False,False,False,DERIVED_CONDITIONAL_GEOMETRY_NOT_EVENT_LOCATION
2778,107.93166351,10.50984192,5090.656825,4412.214407,-678.442418,False,False,False,False,DERIVED_CONDITIONAL_GEOMETRY_NOT_EVENT_LOCATION
2779,107.93519926,10.49027729,5088.450215,4411.615739,-676.834475,False,False,False,False,DERIVED_CONDITIONAL_GEOMETRY_NOT_EVENT_LOCATION
2780,107.93873501,10.47071266,5086.243605,4411.017974,-675.225631,False,False,False,False,DERIVED_CONDITIONAL_GEOMETRY_NOT_EVENT_LOCATION
2781,107.94227076,10.45114803,5084.036996,4410.421111,-673.615885,False,False,False,False,DERIVED_CONDITIONAL_GEOMETRY_NOT_EVENT_LOCATION
2782,107.94580650,10.43158340,5081.830387,4409.825150,-672.005237,False,False,False,False,DERIVED_CONDITIONAL_GEOMETRY_NOT_EVENT_LOCATION
2783,107.94934225,10.41201878,5079.623778,4409.230093,-670.393686,False,False,False,False,DERIVED_CONDITIONAL_GEOMETRY_NOT_EVENT_LOCATION
2784,107.95287800,10.39245415,5077.417170,4408.635938,-668.781232,False,False,False,False,DERIVED_CONDITIONAL_GEOMETRY_NOT_EVENT_LOCATION
2785,107.95641375,10.37288952,5075.210562,4408.042688,-667.167874,False,False,False,False,DERIVED_CONDITIONAL_GEOMETRY_NOT_EVENT_LOCATION
2786,107.95994949,10.35332489,5073.003954,4407.450341,-665.553614,False,False,False,False,DERIVED_CONDITIONAL_GEOMETRY_NOT_EVENT_LOCATION
2787,107.96348524,10.33376026,5070.797347,4406.858898,-663.938449,False,False,False,False,DERIVED_CONDITIONAL_GEOMETRY_NOT_EVENT_LOCATION
2788,107.96702099,10.31419563,5068.590740,4406.268359,-662.322381,False,False,False,False,DERIVED_CONDITIONAL_GEOMETRY_NOT_EVENT_LOCATION
2789,107.97055674,10.29463100,5066.384133,4405.678725,-660.705408,False,False,False,False,DERIVED_CONDITIONAL_GEOMETRY_NOT_EVENT_LOCATION
2790,107.97409248,10.27506638,5064.177527,4405.089997,-659.087530,False,False,False,False,DERIVED_CONDITIONAL_GEOMETRY_NOT_EVENT_LOCATION
2791,107.97762823,10.25550175,5061.970921,4404.502173,-657.468748,False,False,False,False,DERIVED_CONDITIONAL_GEOMETRY_NOT_EVENT_LOCATION
2792,107.98116398,10.23593712,5059.764315,4403.915255,-655.849060,False,False,False,False,DERIVED_CONDITIONAL_GEOMETRY_NOT_EVENT_LOCATION
2793,107.98469973,10.21637249,5057.557710,4403.329243,-654.228467,False,False,False,False,DERIVED_CONDITIONAL_GEOMETRY_NOT_EVENT_LOCATION
2794,107.98823547,10.19680786,5055.351105,4402.744137,-652.606968,False,False,False,False,DERIVED_CONDITIONAL_GEOMETRY_NOT_EVENT_LOCATION
2795,107.99153376,10.17720318,5053.143285,4402.134550,-651.008735,False,False,False,False,DERIVED_CONDITIONAL_GEOMETRY_NOT_EVENT_LOCATION
2796,107.99483204,10.15759850,5050.935465,4401.525861,-649.409603,False,False,False,False,DERIVED_CONDITIONAL_GEOMETRY_NOT_EVENT_LOCATION
2797,107.99813032,10.13799381,5048.727644,4400.918071,-647.809573,False,False,False,False,DERIVED_CONDITIONAL_GEOMETRY_NOT_EVENT_LOCATION
2798,108.00142860,10.11838913,5046.519822,4400.311179,-646.208644,False,False,False,False,DERIVED_CONDITIONAL_GEOMETRY_NOT_EVENT_LOCATION
2799,108.00472689,10.09878445,5044.312000,4399.705186,-644.606815,False,False,False,False,DERIVED_CONDITIONAL_GEOMETRY_NOT_EVENT_LOCATION
2800,108.00802517,10.07917976,5042.104178,4399.100092,-643.004086,False,False,False,False,DERIVED_CONDITIONAL_GEOMETRY_NOT_EVENT_LOCATION
2801,108.01132345,10.05957508,5039.896355,4398.495897,-641.400458,False,False,False,False,DERIVED_CONDITIONAL_GEOMETRY_NOT_EVENT_LOCATION
2802,108.01462173,10.03997040,5037.688531,4397.892602,-639.795929,False,False,False,False,DERIVED_CONDITIONAL_GEOMETRY_NOT_EVENT_LOCATION
2803,108.01792002,10.02036572,5035.480707,4397.290207,-638.190499,False,False,False,False,DERIVED_CONDITIONAL_GEOMETRY_NOT_EVENT_LOCATION
2804,108.02121830,10.00076103,5033.272882,4396.688713,-636.584169,False,False,False,False,DERIVED_CONDITIONAL_GEOMETRY_NOT_EVENT_LOCATION
2805,108.02451658,9.98115635,5031.065057,4396.088119,-634.976938,False,False,False,False,DERIVED_CONDITIONAL_GEOMETRY_NOT_EVENT_LOCATION
2806,108.02781487,9.96155167,5028.857231,4395.488426,-633.368805,False,False,False,False,DERIVED_CONDITIONAL_GEOMETRY_NOT_EVENT_LOCATION
2807,108.03111315,9.94194698,5026.649405,4394.889635,-631.759770,False,False,False,False,DERIVED_CONDITIONAL_GEOMETRY_NOT_EVENT_LOCATION
2808,108.03441143,9.92234230,5024.441578,4394.291745,-630.149833,False,False,False,False,DERIVED_CONDITIONAL_GEOMETRY_NOT_EVENT_LOCATION
2809,108.03770971,9.90273762,5022.233751,4393.694757,-628.538994,False,False,False,False,DERIVED_CONDITIONAL_GEOMETRY_NOT_EVENT_LOCATION
2810,108.04100800,9.88313293,5020.025923,4393.098671,-626.927253,False,False,False,False,DERIVED_CONDITIONAL_GEOMETRY_NOT_EVENT_LOCATION
2811,108.04430628,9.86352825,5017.818095,4392.503487,-625.314608,False,False,False,False,DERIVED_CONDITIONAL_GEOMETRY_NOT_EVENT_LOCATION
2812,108.04760456,9.84392357,5015.610266,4391.909206,-623.701060,False,False,False,False,DERIVED_CONDITIONAL_GEOMETRY_NOT_EVENT_LOCATION
2813,108.05090284,9.82431889,5013.402437,4391.315828,-622.086609,False,False,False,False,DERIVED_CONDITIONAL_GEOMETRY_NOT_EVENT_LOCATION
2814,108.05420113,9.80471420,5011.194608,4390.723354,-620.471254,False,False,False,False,DERIVED_CONDITIONAL_GEOMETRY_NOT_EVENT_LOCATION
2815,108.05749941,9.78510952,5008.986778,4390.131783,-618.854994,False,False,False,False,DERIVED_CONDITIONAL_GEOMETRY_NOT_EVENT_LOCATION
2816,108.06079769,9.76550484,5006.778947,4389.541116,-617.237831,False,False,False,False,DERIVED_CONDITIONAL_GEOMETRY_NOT_EVENT_LOCATION
2817,108.06409597,9.74590015,5004.571116,4388.951354,-615.619763,False,False,False,False,DERIVED_CONDITIONAL_GEOMETRY_NOT_EVENT_LOCATION
2818,108.06739426,9.72629547,5002.363285,4388.362496,-614.000789,False,False,False,False,DERIVED_CONDITIONAL_GEOMETRY_NOT_EVENT_LOCATION
2819,108.07069254,9.70669079,5000.155453,4387.774542,-612.380911,False,False,False,False,DERIVED_CONDITIONAL_GEOMETRY_NOT_EVENT_LOCATION
2820,108.07399082,9.68708611,4997.947621,4387.187494,-610.760127,False,False,False,False,DERIVED_CONDITIONAL_GEOMETRY_NOT_EVENT_LOCATION
2821,108.07728910,9.66748142,4995.739789,4386.601351,-609.138437,False,False,False,False,DERIVED_CONDITIONAL_GEOMETRY_NOT_EVENT_LOCATION
2822,108.08058739,9.64787674,4993.531956,4386.016114,-607.515842,False,False,False,False,DERIVED_CONDITIONAL_GEOMETRY_NOT_EVENT_LOCATION
2823,108.08388567,9.62827206,4991.324123,4385.431783,-605.892339,False,False,False,False,DERIVED_CONDITIONAL_GEOMETRY_NOT_EVENT_LOCATION
2824,108.08718395,9.60866737,4989.116289,4384.848359,-604.267930,False,False,False,False,DERIVED_CONDITIONAL_GEOMETRY_NOT_EVENT_LOCATION
2825,108.09048223,9.58906269,4986.908455,4384.265840,-602.642615,False,False,False,False,DERIVED_CONDITIONAL_GEOMETRY_NOT_EVENT_LOCATION
2826,108.09378052,9.56945801,4984.700621,4383.684229,-601.016391,False,False,False,False,DERIVED_CONDITIONAL_GEOMETRY_NOT_EVENT_LOCATION
2827,108.09684277,9.54981422,4982.491643,4383.078187,-599.413455,False,False,False,False,DERIVED_CONDITIONAL_GEOMETRY_NOT_EVENT_LOCATION
2828,108.09990501,9.53017044,4980.282664,4382.473045,-597.809619,False,False,False,False,DERIVED_CONDITIONAL_GEOMETRY_NOT_EVENT_LOCATION
2829,108.10296726,9.51052666,4978.073683,4381.868801,-596.204882,False,False,False,False,DERIVED_CONDITIONAL_GEOMETRY_NOT_EVENT_LOCATION
2830,108.10602951,9.49088287,4975.864702,4381.265458,-594.599245,False,False,False,False,DERIVED_CONDITIONAL_GEOMETRY_NOT_EVENT_LOCATION
2831,108.10909176,9.47123909,4973.655720,4380.663014,-592.992706,False,False,False,False,DERIVED_CONDITIONAL_GEOMETRY_NOT_EVENT_LOCATION
2832,108.11215401,9.45159531,4971.446736,4380.061471,-591.385266,False,False,False,False,DERIVED_CONDITIONAL_GEOMETRY_NOT_EVENT_LOCATION
2833,108.11521626,9.43195152,4969.237752,4379.460828,-589.776924,False,False,False,False,DERIVED_CONDITIONAL_GEOMETRY_NOT_EVENT_LOCATION
2834,108.11827850,9.41230774,4967.028766,4378.861086,-588.167680,False,False,False,False,DERIVED_CONDITIONAL_GEOMETRY_NOT_EVENT_LOCATION
2835,108.12134075,9.39266396,4964.819780,4378.262245,-586.557534,False,False,False,False,DERIVED_CONDITIONAL_GEOMETRY_NOT_EVENT_LOCATION
2836,108.12440300,9.37302017,4962.610792,4377.664306,-584.946485,False,False,False,False,DERIVED_CONDITIONAL_GEOMETRY_NOT_EVENT_LOCATION
2837,108.12746525,9.35337639,4960.401803,4377.067269,-583.334534,False,False,False,False,DERIVED_CONDITIONAL_GEOMETRY_NOT_EVENT_LOCATION
2838,108.13052750,9.33373260,4958.192813,4376.471134,-581.721679,False,False,False,False,DERIVED_CONDITIONAL_GEOMETRY_NOT_EVENT_LOCATION
2839,108.13358974,9.31408882,4955.983822,4375.875901,-580.107921,False,False,False,False,DERIVED_CONDITIONAL_GEOMETRY_NOT_EVENT_LOCATION
2840,108.13665199,9.29444504,4953.774830,4375.281571,-578.493259,False,False,False,False,DERIVED_CONDITIONAL_GEOMETRY_NOT_EVENT_LOCATION
2841,108.13971424,9.27480125,4951.565838,4374.688145,-576.877693,False,False,False,False,DERIVED_CONDITIONAL_GEOMETRY_NOT_EVENT_LOCATION
2842,108.14277649,9.25515747,4949.356844,4374.095621,-575.261222,False,False,False,False,DERIVED_CONDITIONAL_GEOMETRY_NOT_EVENT_LOCATION
2843,108.14583874,9.23551369,4947.147849,4373.504001,-573.643847,False,False,False,False,DERIVED_CONDITIONAL_GEOMETRY_NOT_EVENT_LOCATION
2844,108.14890099,9.21586990,4944.938853,4372.913285,-572.025567,False,False,False,False,DERIVED_CONDITIONAL_GEOMETRY_NOT_EVENT_LOCATION
2845,108.15196323,9.19622612,4942.729856,4372.323474,-570.406382,False,False,False,False,DERIVED_CONDITIONAL_GEOMETRY_NOT_EVENT_LOCATION
2846,108.15502548,9.17658234,4940.520858,4371.734567,-568.786291,False,False,False,False,DERIVED_CONDITIONAL_GEOMETRY_NOT_EVENT_LOCATION
2847,108.15808773,9.15693855,4938.311859,4371.146564,-567.165294,False,False,False,False,DERIVED_CONDITIONAL_GEOMETRY_NOT_EVENT_LOCATION
2848,108.16114998,9.13729477,4936.102859,4370.559467,-565.543391,False,False,False,False,DERIVED_CONDITIONAL_GEOMETRY_NOT_EVENT_LOCATION
2849,108.16421223,9.11765099,4933.893858,4369.973276,-563.920582,False,False,False,False,DERIVED_CONDITIONAL_GEOMETRY_NOT_EVENT_LOCATION
2850,108.16727448,9.09800720,4931.684856,4369.387990,-562.296866,False,False,False,False,DERIVED_CONDITIONAL_GEOMETRY_NOT_EVENT_LOCATION
2851,108.17033672,9.07836342,4929.475853,4368.803610,-560.672243,False,False,False,False,DERIVED_CONDITIONAL_GEOMETRY_NOT_EVENT_LOCATION
2852,108.17339897,9.05871964,4927.266849,4368.220137,-559.046712,False,False,False,False,DERIVED_CONDITIONAL_GEOMETRY_NOT_EVENT_LOCATION
2853,108.17646122,9.03907585,4925.057844,4367.637570,-557.420274,False,False,False,False,DERIVED_CONDITIONAL_GEOMETRY_NOT_EVENT_LOCATION
2854,108.17952347,9.01943207,4922.848838,4367.055910,-555.792928,False,False,False,False,DERIVED_CONDITIONAL_GEOMETRY_NOT_EVENT_LOCATION
2855,108.18258572,8.99978828,4920.639832,4366.475158,-554.164674,False,False,False,False,DERIVED_CONDITIONAL_GEOMETRY_NOT_EVENT_LOCATION
2856,108.18564796,8.98014450,4918.430824,4365.895313,-552.535511,False,False,False,False,DERIVED_CONDITIONAL_GEOMETRY_NOT_EVENT_LOCATION
2857,108.18871021,8.96050072,4916.221815,4365.316376,-550.905439,False,False,False,False,DERIVED_CONDITIONAL_GEOMETRY_NOT_EVENT_LOCATION
2858,108.19177246,8.94085693,4914.012806,4364.738347,-549.274459,False,False,False,False,DERIVED_CONDITIONAL_GEOMETRY_NOT_EVENT_LOCATION
2859,108.19460011,8.92117977,4911.803254,4364.136159,-547.667095,False,False,False,False,DERIVED_CONDITIONAL_GEOMETRY_NOT_EVENT_LOCATION
2860,108.19742775,8.90150261,4909.593701,4363.534871,-546.058830,False,False,False,False,DERIVED_CONDITIONAL_GEOMETRY_NOT_EVENT_LOCATION
2861,108.20025539,8.88182545,4907.384147,4362.934484,-544.449662,False,False,False,False,DERIVED_CONDITIONAL_GEOMETRY_NOT_EVENT_LOCATION
2862,108.20308304,8.86214828,4905.174591,4362.334998,-542.839592,False,False,False,False,DERIVED_CONDITIONAL_GEOMETRY_NOT_EVENT_LOCATION
2863,108.20591068,8.84247112,4902.965033,4361.736413,-541.228620,False,False,False,False,DERIVED_CONDITIONAL_GEOMETRY_NOT_EVENT_LOCATION
2864,108.20873833,8.82279396,4900.755474,4361.138730,-539.616744,False,False,False,False,DERIVED_CONDITIONAL_GEOMETRY_NOT_EVENT_LOCATION
2865,108.21156597,8.80311680,4898.545914,4360.541949,-538.003965,False,False,False,False,DERIVED_CONDITIONAL_GEOMETRY_NOT_EVENT_LOCATION
2866,108.21439362,8.78343964,4896.336352,4359.946070,-536.390283,False,False,False,False,DERIVED_CONDITIONAL_GEOMETRY_NOT_EVENT_LOCATION
2867,108.21722126,8.76376247,4894.126789,4359.351093,-534.775696,False,False,False,False,DERIVED_CONDITIONAL_GEOMETRY_NOT_EVENT_LOCATION
2868,108.22004890,8.74408531,4891.917225,4358.757019,-533.160205,False,False,False,False,DERIVED_CONDITIONAL_GEOMETRY_NOT_EVENT_LOCATION
2869,108.22287655,8.72440815,4889.707659,4358.163849,-531.543810,False,False,False,False,DERIVED_CONDITIONAL_GEOMETRY_NOT_EVENT_LOCATION
2870,108.22570419,8.70473099,4887.498092,4357.571582,-529.926510,False,False,False,False,DERIVED_CONDITIONAL_GEOMETRY_NOT_EVENT_LOCATION
2871,108.22853184,8.68505383,4885.288523,4356.980218,-528.308305,False,False,False,False,DERIVED_CONDITIONAL_GEOMETRY_NOT_EVENT_LOCATION
2872,108.23135948,8.66537666,4883.078953,4356.389759,-526.689194,False,False,False,False,DERIVED_CONDITIONAL_GEOMETRY_NOT_EVENT_LOCATION
2873,108.23418713,8.64569950,4880.869382,4355.800204,-525.069177,False,False,False,False,DERIVED_CONDITIONAL_GEOMETRY_NOT_EVENT_LOCATION
2874,108.23701477,8.62602234,4878.659809,4355.211554,-523.448255,False,False,False,False,DERIVED_CONDITIONAL_GEOMETRY_NOT_EVENT_LOCATION
2875,108.23984241,8.60634518,4876.450235,4354.623809,-521.826426,False,False,False,False,DERIVED_CONDITIONAL_GEOMETRY_NOT_EVENT_LOCATION
2876,108.24267006,8.58666801,4874.240659,4354.036969,-520.203690,False,False,False,False,DERIVED_CONDITIONAL_GEOMETRY_NOT_EVENT_LOCATION
2877,108.24549770,8.56699085,4872.031082,4353.451034,-518.580048,False,False,False,False,DERIVED_CONDITIONAL_GEOMETRY_NOT_EVENT_LOCATION
2878,108.24832535,8.54731369,4869.821504,4352.866006,-516.955498,False,False,False,False,DERIVED_CONDITIONAL_GEOMETRY_NOT_EVENT_LOCATION
2879,108.25115299,8.52763653,4867.611924,4352.281884,-515.330041,False,False,False,False,DERIVED_CONDITIONAL_GEOMETRY_NOT_EVENT_LOCATION
2880,108.25398064,8.50795937,4865.402343,4351.698668,-513.703676,False,False,False,False,DERIVED_CONDITIONAL_GEOMETRY_NOT_EVENT_LOCATION
2881,108.25680828,8.48828220,4863.192761,4351.116359,-512.076402,False,False,False,False,DERIVED_CONDITIONAL_GEOMETRY_NOT_EVENT_LOCATION
2882,108.25963593,8.46860504,4860.983177,4350.534957,-510.448220,False,False,False,False,DERIVED_CONDITIONAL_GEOMETRY_NOT_EVENT_LOCATION
2883,108.26246357,8.44892788,4858.773593,4349.954463,-508.819130,False,False,False,False,DERIVED_CONDITIONAL_GEOMETRY_NOT_EVENT_LOCATION
2884,108.26529121,8.42925072,4856.564006,4349.374876,-507.189130,False,False,False,False,DERIVED_CONDITIONAL_GEOMETRY_NOT_EVENT_LOCATION
2885,108.26811886,8.40957355,4854.354419,4348.796198,-505.558221,False,False,False,False,DERIVED_CONDITIONAL_GEOMETRY_NOT_EVENT_LOCATION
2886,108.27094650,8.38989639,4852.144830,4348.218428,-503.926402,False,False,False,False,DERIVED_CONDITIONAL_GEOMETRY_NOT_EVENT_LOCATION
2887,108.27377415,8.37021923,4849.935240,4347.641566,-502.293674,False,False,False,False,DERIVED_CONDITIONAL_GEOMETRY_NOT_EVENT_LOCATION
2888,108.27660179,8.35054207,4847.725648,4347.065614,-500.660035,False,False,False,False,DERIVED_CONDITIONAL_GEOMETRY_NOT_EVENT_LOCATION
2889,108.27942944,8.33086491,4845.516055,4346.490570,-499.025485,False,False,False,False,DERIVED_CONDITIONAL_GEOMETRY_NOT_EVENT_LOCATION
2890,108.28225708,8.31118774,4843.306461,4345.916436,-497.390025,False,False,False,False,DERIVED_CONDITIONAL_GEOMETRY_NOT_EVENT_LOCATION
2891,108.28485203,8.29147720,4841.096293,4345.318207,-495.778086,False,False,False,False,DERIVED_CONDITIONAL_GEOMETRY_NOT_EVENT_LOCATION
2892,108.28744698,8.27176666,4838.886122,4344.720879,-494.165243,False,False,False,False,DERIVED_CONDITIONAL_GEOMETRY_NOT_EVENT_LOCATION
2893,108.29004192,8.25205612,4836.675951,4344.124454,-492.551497,False,False,False,False,DERIVED_CONDITIONAL_GEOMETRY_NOT_EVENT_LOCATION
2894,108.29263687,8.23234558,4834.465777,4343.528932,-490.936845,False,False,False,False,DERIVED_CONDITIONAL_GEOMETRY_NOT_EVENT_LOCATION
2895,108.29523182,8.21263504,4832.255602,4342.934313,-489.321289,False,False,False,False,DERIVED_CONDITIONAL_GEOMETRY_NOT_EVENT_LOCATION
2896,108.29782677,8.19292450,4830.045426,4342.340598,-487.704828,False,False,False,False,DERIVED_CONDITIONAL_GEOMETRY_NOT_EVENT_LOCATION
2897,108.30042171,8.17321396,4827.835248,4341.747786,-486.087462,False,False,False,False,DERIVED_CONDITIONAL_GEOMETRY_NOT_EVENT_LOCATION
2898,108.30301666,8.15350342,4825.625068,4341.155879,-484.469190,False,False,False,False,DERIVED_CONDITIONAL_GEOMETRY_NOT_EVENT_LOCATION
2899,108.30561161,8.13379288,4823.414887,4340.564876,-482.850011,False,False,False,False,DERIVED_CONDITIONAL_GEOMETRY_NOT_EVENT_LOCATION
2900,108.30820656,8.11408234,4821.204704,4339.974777,-481.229927,False,False,False,False,DERIVED_CONDITIONAL_GEOMETRY_NOT_EVENT_LOCATION
2901,108.31080151,8.09437180,4818.994520,4339.385584,-479.608936,False,False,False,False,DERIVED_CONDITIONAL_GEOMETRY_NOT_EVENT_LOCATION
2902,108.31339645,8.07466125,4816.784334,4338.797296,-477.987038,False,False,False,False,DERIVED_CONDITIONAL_GEOMETRY_NOT_EVENT_LOCATION
2903,108.31599140,8.05495071,4814.574147,4338.209914,-476.364233,False,False,False,False,DERIVED_CONDITIONAL_GEOMETRY_NOT_EVENT_LOCATION
2904,108.31858635,8.03524017,4812.363958,4337.623438,-474.740520,False,False,False,False,DERIVED_CONDITIONAL_GEOMETRY_NOT_EVENT_LOCATION
2905,108.32118130,8.01552963,4810.153768,4337.037869,-473.115899,False,False,False,False,DERIVED_CONDITIONAL_GEOMETRY_NOT_EVENT_LOCATION
2906,108.32377625,7.99581909,4807.943576,4336.453206,-471.490370,False,False,False,False,DERIVED_CONDITIONAL_GEOMETRY_NOT_EVENT_LOCATION
2907,108.32637119,7.97610855,4805.733383,4335.869450,-469.863933,False,False,False,False,DERIVED_CONDITIONAL_GEOMETRY_NOT_EVENT_LOCATION
2908,108.32896614,7.95639801,4803.523188,4335.286601,-468.236587,False,False,False,False,DERIVED_CONDITIONAL_GEOMETRY_NOT_EVENT_LOCATION
2909,108.33156109,7.93668747,4801.312991,4334.704660,-466.608331,False,False,False,False,DERIVED_CONDITIONAL_GEOMETRY_NOT_EVENT_LOCATION
2910,108.33415604,7.91697693,4799.102793,4334.123627,-464.979167,False,False,False,False,DERIVED_CONDITIONAL_GEOMETRY_NOT_EVENT_LOCATION
2911,108.33675098,7.89726639,4796.892594,4333.543501,-463.349093,False,False,False,False,DERIVED_CONDITIONAL_GEOMETRY_NOT_EVENT_LOCATION
2912,108.33934593,7.87755585,4794.682393,4332.964285,-461.718108,False,False,False,False,DERIVED_CONDITIONAL_GEOMETRY_NOT_EVENT_LOCATION
2913,108.34194088,7.85784531,4792.472191,4332.385977,-460.086214,False,False,False,False,DERIVED_CONDITIONAL_GEOMETRY_NOT_EVENT_LOCATION
2914,108.34453583,7.83813477,4790.261987,4331.808579,-458.453408,False,False,False,False,DERIVED_CONDITIONAL_GEOMETRY_NOT_EVENT_LOCATION
2915,108.34713078,7.81842422,4788.051782,4331.232090,-456.819692,False,False,False,False,DERIVED_CONDITIONAL_GEOMETRY_NOT_EVENT_LOCATION
2916,108.34972572,7.79871368,4785.841575,4330.656510,-455.185065,False,False,False,False,DERIVED_CONDITIONAL_GEOMETRY_NOT_EVENT_LOCATION
2917,108.35232067,7.77900314,4783.631367,4330.081841,-453.549526,False,False,False,False,DERIVED_CONDITIONAL_GEOMETRY_NOT_EVENT_LOCATION
2918,108.35491562,7.75929260,4781.421157,4329.508082,-451.913075,False,False,False,False,DERIVED_CONDITIONAL_GEOMETRY_NOT_EVENT_LOCATION
2919,108.35751057,7.73958206,4779.210946,4328.935234,-450.275712,False,False,False,False,DERIVED_CONDITIONAL_GEOMETRY_NOT_EVENT_LOCATION
2920,108.36010551,7.71987152,4777.000733,4328.363296,-448.637437,False,False,False,False,DERIVED_CONDITIONAL_GEOMETRY_NOT_EVENT_LOCATION
2921,108.36270046,7.70016098,4774.790519,4327.792270,-446.998249,False,False,False,False,DERIVED_CONDITIONAL_GEOMETRY_NOT_EVENT_LOCATION
2922,108.36529541,7.68045044,4772.580303,4327.222156,-445.358147,False,False,False,False,DERIVED_CONDITIONAL_GEOMETRY_NOT_EVENT_LOCATION
2923,108.36765862,7.66071129,4770.370024,4326.628123,-443.741901,False,False,False,False,DERIVED_CONDITIONAL_GEOMETRY_NOT_EVENT_LOCATION
2924,108.37002182,7.64097214,4768.159743,4326.034994,-442.124749,False,False,False,False,DERIVED_CONDITIONAL_GEOMETRY_NOT_EVENT_LOCATION
2925,108.37238503,7.62123299,4765.949461,4325.442770,-440.506690,False,False,False,False,DERIVED_CONDITIONAL_GEOMETRY_NOT_EVENT_LOCATION
2926,108.37474823,7.60149384,4763.739177,4324.851451,-438.887726,False,False,False,False,DERIVED_CONDITIONAL_GEOMETRY_NOT_EVENT_LOCATION
2927,108.37711143,7.58175468,4761.528891,4324.261037,-437.267854,False,False,False,False,DERIVED_CONDITIONAL_GEOMETRY_NOT_EVENT_LOCATION
2928,108.37947464,7.56201553,4759.318605,4323.671529,-435.647075,False,False,False,False,DERIVED_CONDITIONAL_GEOMETRY_NOT_EVENT_LOCATION
2929,108.38183784,7.54227638,4757.108316,4323.082927,-434.025389,False,False,False,False,DERIVED_CONDITIONAL_GEOMETRY_NOT_EVENT_LOCATION
2930,108.38420105,7.52253723,4754.898026,4322.495231,-432.402795,False,False,False,False,DERIVED_CONDITIONAL_GEOMETRY_NOT_EVENT_LOCATION
2931,108.38656425,7.50279808,4752.687735,4321.908442,-430.779293,False,False,False,False,DERIVED_CONDITIONAL_GEOMETRY_NOT_EVENT_LOCATION
2932,108.38892746,7.48305893,4750.477442,4321.322560,-429.154883,False,False,False,False,DERIVED_CONDITIONAL_GEOMETRY_NOT_EVENT_LOCATION
2933,108.39129066,7.46331978,4748.267148,4320.737584,-427.529564,False,False,False,False,DERIVED_CONDITIONAL_GEOMETRY_NOT_EVENT_LOCATION
2934,108.39365387,7.44358063,4746.056853,4320.153517,-425.903336,False,False,False,False,DERIVED_CONDITIONAL_GEOMETRY_NOT_EVENT_LOCATION
2935,108.39601707,7.42384148,4743.846555,4319.570357,-424.276199,False,False,False,False,DERIVED_CONDITIONAL_GEOMETRY_NOT_EVENT_LOCATION
2936,108.39838028,7.40410233,4741.636257,4318.988105,-422.648152,False,False,False,False,DERIVED_CONDITIONAL_GEOMETRY_NOT_EVENT_LOCATION
2937,108.40074348,7.38436317,4739.425957,4318.406762,-421.019195,False,False,False,False,DERIVED_CONDITIONAL_GEOMETRY_NOT_EVENT_LOCATION
2938,108.40310669,7.36462402,4737.215655,4317.826328,-419.389328,False,False,False,False,DERIVED_CONDITIONAL_GEOMETRY_NOT_EVENT_LOCATION
2939,108.40546989,7.34488487,4735.005353,4317.246803,-417.758550,False,False,False,False,DERIVED_CONDITIONAL_GEOMETRY_NOT_EVENT_LOCATION
2940,108.40783310,7.32514572,4732.795048,4316.668187,-416.126861,False,False,False,False,DERIVED_CONDITIONAL_GEOMETRY_NOT_EVENT_LOCATION
2941,108.41019630,7.30540657,4730.584743,4316.090481,-414.494262,False,False,False,False,DERIVED_CONDITIONAL_GEOMETRY_NOT_EVENT_LOCATION
2942,108.41255951,7.28566742,4728.374435,4315.513685,-412.860750,False,False,False,False,DERIVED_CONDITIONAL_GEOMETRY_NOT_EVENT_LOCATION
2943,108.41492271,7.26592827,4726.164127,4314.937799,-411.226327,False,False,False,False,DERIVED_CONDITIONAL_GEOMETRY_NOT_EVENT_LOCATION
2944,108.41728592,7.24618912,4723.953817,4314.362825,-409.590992,False,False,False,False,DERIVED_CONDITIONAL_GEOMETRY_NOT_EVENT_LOCATION
2945,108.41964912,7.22644997,4721.743506,4313.788761,-407.954745,False,False,False,False,DERIVED_CONDITIONAL_GEOMETRY_NOT_EVENT_LOCATION
2946,108.42201233,7.20671082,4719.533193,4313.215608,-406.317584,False,False,False,False,DERIVED_CONDITIONAL_GEOMETRY_NOT_EVENT_LOCATION
2947,108.42437553,7.18697166,4717.322879,4312.643368,-404.679511,False,False,False,False,DERIVED_CONDITIONAL_GEOMETRY_NOT_EVENT_LOCATION
2948,108.42673874,7.16723251,4715.112563,4312.072039,-403.040524,False,False,False,False,DERIVED_CONDITIONAL_GEOMETRY_NOT_EVENT_LOCATION
2949,108.42910194,7.14749336,4712.902246,4311.501622,-401.400624,False,False,False,False,DERIVED_CONDITIONAL_GEOMETRY_NOT_EVENT_LOCATION
2950,108.43146515,7.12775421,4710.691928,4310.932118,-399.759809,False,False,False,False,DERIVED_CONDITIONAL_GEOMETRY_NOT_EVENT_LOCATION
2951,108.43382835,7.10801506,4708.481608,4310.363527,-398.118081,False,False,False,False,DERIVED_CONDITIONAL_GEOMETRY_NOT_EVENT_LOCATION
2952,108.43619156,7.08827591,4706.271287,4309.795849,-396.475437,False,False,False,False,DERIVED_CONDITIONAL_GEOMETRY_NOT_EVENT_LOCATION
2953,108.43855476,7.06853676,4704.060964,4309.229085,-394.831879,False,False,False,False,DERIVED_CONDITIONAL_GEOMETRY_NOT_EVENT_LOCATION
2954,108.44091797,7.04879761,4701.850640,4308.663234,-393.187406,False,False,False,False,DERIVED_CONDITIONAL_GEOMETRY_NOT_EVENT_LOCATION
2955,108.44305038,7.02903080,4699.640346,4308.073482,-391.566865,False,False,False,False,DERIVED_CONDITIONAL_GEOMETRY_NOT_EVENT_LOCATION
2956,108.44518280,7.00926399,4697.430051,4307.484636,-389.945415,False,False,False,False,DERIVED_CONDITIONAL_GEOMETRY_NOT_EVENT_LOCATION
2957,108.44731522,6.98949718,4695.219755,4306.896697,-388.323057,False,False,False,False,DERIVED_CONDITIONAL_GEOMETRY_NOT_EVENT_LOCATION
2958,108.44944763,6.96973038,4693.009457,4306.309666,-386.699791,False,False,False,False,DERIVED_CONDITIONAL_GEOMETRY_NOT_EVENT_LOCATION
2959,108.45158005,6.94996357,4690.799158,4305.723543,-385.075615,False,False,False,False,DERIVED_CONDITIONAL_GEOMETRY_NOT_EVENT_LOCATION
2960,108.45371246,6.93019676,4688.588858,4305.138328,-383.450530,False,False,False,False,DERIVED_CONDITIONAL_GEOMETRY_NOT_EVENT_LOCATION
2961,108.45584488,6.91042995,4686.378557,4304.554022,-381.824535,False,False,False,False,DERIVED_CONDITIONAL_GEOMETRY_NOT_EVENT_LOCATION
2962,108.45797729,6.89066315,4684.168255,4303.970625,-380.197630,False,False,False,False,DERIVED_CONDITIONAL_GEOMETRY_NOT_EVENT_LOCATION
2963,108.46010971,6.87089634,4681.957952,4303.388137,-378.569815,False,False,False,False,DERIVED_CONDITIONAL_GEOMETRY_NOT_EVENT_LOCATION
2964,108.46224213,6.85112953,4679.747647,4302.806558,-376.941089,False,False,False,False,DERIVED_CONDITIONAL_GEOMETRY_NOT_EVENT_LOCATION
2965,108.46437454,6.83136272,4677.537342,4302.225890,-375.311452,False,False,False,False,DERIVED_CONDITIONAL_GEOMETRY_NOT_EVENT_LOCATION
2966,108.46650696,6.81159592,4675.327035,4301.646131,-373.680904,False,False,False,False,DERIVED_CONDITIONAL_GEOMETRY_NOT_EVENT_LOCATION
2967,108.46863937,6.79182911,4673.116727,4301.067284,-372.049444,False,False,False,False,DERIVED_CONDITIONAL_GEOMETRY_NOT_EVENT_LOCATION
2968,108.47077179,6.77206230,4670.906418,4300.489347,-370.417072,False,False,False,False,DERIVED_CONDITIONAL_GEOMETRY_NOT_EVENT_LOCATION
2969,108.47290421,6.75229549,4668.696108,4299.912321,-368.783787,False,False,False,False,DERIVED_CONDITIONAL_GEOMETRY_NOT_EVENT_LOCATION
2970,108.47503662,6.73252869,4666.485797,4299.336206,-367.149590,False,False,False,False,DERIVED_CONDITIONAL_GEOMETRY_NOT_EVENT_LOCATION
2971,108.47716904,6.71276188,4664.275484,4298.761004,-365.514480,False,False,False,False,DERIVED_CONDITIONAL_GEOMETRY_NOT_EVENT_LOCATION
2972,108.47930145,6.69299507,4662.065171,4298.186714,-363.878457,False,False,False,False,DERIVED_CONDITIONAL_GEOMETRY_NOT_EVENT_LOCATION
2973,108.48143387,6.67322826,4659.854856,4297.613336,-362.241521,False,False,False,False,DERIVED_CONDITIONAL_GEOMETRY_NOT_EVENT_LOCATION
2974,108.48356628,6.65346146,4657.644541,4297.040870,-360.603670,False,False,False,False,DERIVED_CONDITIONAL_GEOMETRY_NOT_EVENT_LOCATION
2975,108.48569870,6.63369465,4655.434224,4296.469318,-358.964905,False,False,False,False,DERIVED_CONDITIONAL_GEOMETRY_NOT_EVENT_LOCATION
2976,108.48783112,6.61392784,4653.223906,4295.898680,-357.325226,False,False,False,False,DERIVED_CONDITIONAL_GEOMETRY_NOT_EVENT_LOCATION
2977,108.48996353,6.59416103,4651.013587,4295.328955,-355.684632,False,False,False,False,DERIVED_CONDITIONAL_GEOMETRY_NOT_EVENT_LOCATION
2978,108.49209595,6.57439423,4648.803267,4294.760144,-354.043123,False,False,False,False,DERIVED_CONDITIONAL_GEOMETRY_NOT_EVENT_LOCATION
2979,108.49422836,6.55462742,4646.592945,4294.192248,-352.400698,False,False,False,False,DERIVED_CONDITIONAL_GEOMETRY_NOT_EVENT_LOCATION
2980,108.49636078,6.53486061,4644.382623,4293.625266,-350.757357,False,False,False,False,DERIVED_CONDITIONAL_GEOMETRY_NOT_EVENT_LOCATION
2981,108.49849319,6.51509380,4642.172300,4293.059199,-349.113101,False,False,False,False,DERIVED_CONDITIONAL_GEOMETRY_NOT_EVENT_LOCATION
2982,108.50062561,6.49532700,4639.961975,4292.494048,-347.467928,False,False,False,False,DERIVED_CONDITIONAL_GEOMETRY_NOT_EVENT_LOCATION
2983,108.50275803,6.47556019,4637.751650,4291.929812,-345.821838,False,False,False,False,DERIVED_CONDITIONAL_GEOMETRY_NOT_EVENT_LOCATION
2984,108.50489044,6.45579338,4635.541323,4291.366492,-344.174831,False,False,False,False,DERIVED_CONDITIONAL_GEOMETRY_NOT_EVENT_LOCATION
2985,108.50702286,6.43602657,4633.330996,4290.804089,-342.526907,False,False,False,False,DERIVED_CONDITIONAL_GEOMETRY_NOT_EVENT_LOCATION
2986,108.50915527,6.41625977,4631.120667,4290.242602,-340.878065,False,False,False,False,DERIVED_CONDITIONAL_GEOMETRY_NOT_EVENT_LOCATION
2987,108.51105881,6.39647007,4628.910874,4289.657484,-339.253390,False,False,False,False,DERIVED_CONDITIONAL_GEOMETRY_NOT_EVENT_LOCATION
2988,108.51296234,6.37668037,4626.701081,4289.073276,-337.627805,False,False,False,False,DERIVED_CONDITIONAL_GEOMETRY_NOT_EVENT_LOCATION
2989,108.51486588,6.35689068,4624.491288,4288.489978,-336.001310,False,False,False,False,DERIVED_CONDITIONAL_GEOMETRY_NOT_EVENT_LOCATION
2990,108.51676941,6.33710098,4622.281493,4287.907591,-334.373903,False,False,False,False,DERIVED_CONDITIONAL_GEOMETRY_NOT_EVENT_LOCATION
2991,108.51867294,6.31731129,4620.071698,4287.326114,-332.745584,False,False,False,False,DERIVED_CONDITIONAL_GEOMETRY_NOT_EVENT_LOCATION
2992,108.52057648,6.29752159,4617.861903,4286.745548,-331.116354,False,False,False,False,DERIVED_CONDITIONAL_GEOMETRY_NOT_EVENT_LOCATION
2993,108.52248001,6.27773190,4615.652107,4286.165894,-329.486212,False,False,False,False,DERIVED_CONDITIONAL_GEOMETRY_NOT_EVENT_LOCATION
2994,108.52438354,6.25794220,4613.442310,4285.587152,-327.855158,False,False,False,False,DERIVED_CONDITIONAL_GEOMETRY_NOT_EVENT_LOCATION
2995,108.52628708,6.23815250,4611.232513,4285.009322,-326.223191,False,False,False,False,DERIVED_CONDITIONAL_GEOMETRY_NOT_EVENT_LOCATION
2996,108.52819061,6.21836281,4609.022715,4284.432404,-324.590311,False,False,False,False,DERIVED_CONDITIONAL_GEOMETRY_NOT_EVENT_LOCATION
2997,108.53009415,6.19857311,4606.812916,4283.856399,-322.956517,False,False,False,False,DERIVED_CONDITIONAL_GEOMETRY_NOT_EVENT_LOCATION
2998,108.53199768,6.17878342,4604.603117,4283.281307,-321.321810,False,False,False,False,DERIVED_CONDITIONAL_GEOMETRY_NOT_EVENT_LOCATION
2999,108.53390121,6.15899372,4602.393318,4282.707129,-319.686189,False,False,False,False,DERIVED_CONDITIONAL_GEOMETRY_NOT_EVENT_LOCATION
3000,108.53580475,6.13920403,4600.183518,4282.133864,-318.049653,False,False,False,False,DERIVED_CONDITIONAL_GEOMETRY_NOT_EVENT_LOCATION
3001,108.53770828,6.11941433,4597.973717,4281.561514,-316.412203,False,False,False,False,DERIVED_CONDITIONAL_GEOMETRY_NOT_EVENT_LOCATION
3002,108.53961182,6.09962463,4595.763916,4280.990078,-314.773838,False,False,False,False,DERIVED_CONDITIONAL_GEOMETRY_NOT_EVENT_LOCATION
3003,108.54151535,6.07983494,4593.554114,4280.419556,-313.134558,False,False,False,False,DERIVED_CONDITIONAL_GEOMETRY_NOT_EVENT_LOCATION
3004,108.54341888,6.06004524,4591.344312,4279.849950,-311.494362,False,False,False,False,DERIVED_CONDITIONAL_GEOMETRY_NOT_EVENT_LOCATION
3005,108.54532242,6.04025555,4589.134509,4279.281259,-309.853250,False,False,False,False,DERIVED_CONDITIONAL_GEOMETRY_NOT_EVENT_LOCATION
3006,108.54722595,6.02046585,4586.924705,4278.713484,-308.211222,False,False,False,False,DERIVED_CONDITIONAL_GEOMETRY_NOT_EVENT_LOCATION
3007,108.54912949,6.00067616,4584.714901,4278.146625,-306.568277,False,False,False,False,DERIVED_CONDITIONAL_GEOMETRY_NOT_EVENT_LOCATION
3008,108.55103302,5.98088646,4582.505097,4277.580682,-304.924415,False,False,False,False,DERIVED_CONDITIONAL_GEOMETRY_NOT_EVENT_LOCATION
3009,108.55293655,5.96109676,4580.295292,4277.015656,-303.279636,False,False,False,False,DERIVED_CONDITIONAL_GEOMETRY_NOT_EVENT_LOCATION
3010,108.55484009,5.94130707,4578.085487,4276.451547,-301.633940,False,False,False,False,DERIVED_CONDITIONAL_GEOMETRY_NOT_EVENT_LOCATION
3011,108.55674362,5.92151737,4575.875680,4275.888355,-299.987325,False,False,False,False,DERIVED_CONDITIONAL_GEOMETRY_NOT_EVENT_LOCATION
3012,108.55864716,5.90172768,4573.665874,4275.326081,-298.339793,False,False,False,False,DERIVED_CONDITIONAL_GEOMETRY_NOT_EVENT_LOCATION
3013,108.56055069,5.88193798,4571.456067,4274.764725,-296.691342,False,False,False,False,DERIVED_CONDITIONAL_GEOMETRY_NOT_EVENT_LOCATION
3014,108.56245422,5.86214828,4569.246259,4274.204287,-295.041972,False,False,False,False,DERIVED_CONDITIONAL_GEOMETRY_NOT_EVENT_LOCATION
3015,108.56435776,5.84235859,4567.036451,4273.644768,-293.391683,False,False,False,False,DERIVED_CONDITIONAL_GEOMETRY_NOT_EVENT_LOCATION
3016,108.56626129,5.82256889,4564.826643,4273.086168,-291.740475,False,False,False,False,DERIVED_CONDITIONAL_GEOMETRY_NOT_EVENT_LOCATION
3017,108.56816483,5.80277920,4562.616834,4272.528487,-290.088347,False,False,False,False,DERIVED_CONDITIONAL_GEOMETRY_NOT_EVENT_LOCATION
3018,108.57006836,5.78298950,4560.407024,4271.971726,-288.435299,False,False,False,False,DERIVED_CONDITIONAL_GEOMETRY_NOT_EVENT_LOCATION
3019,108.57174301,5.76317787,4558.197866,4271.391257,-286.806609,False,False,False,False,DERIVED_CONDITIONAL_GEOMETRY_NOT_EVENT_LOCATION
3020,108.57341766,5.74336624,4555.988708,4270.811702,-285.177006,False,False,False,False,DERIVED_CONDITIONAL_GEOMETRY_NOT_EVENT_LOCATION
3021,108.57509232,5.72355461,4553.779550,4270.233060,-283.546490,False,False,False,False,DERIVED_CONDITIONAL_GEOMETRY_NOT_EVENT_LOCATION
3022,108.57676697,5.70374298,4551.570393,4269.655332,-281.915061,False,False,False,False,DERIVED_CONDITIONAL_GEOMETRY_NOT_EVENT_LOCATION
3023,108.57844162,5.68393135,4549.361236,4269.078518,-280.282717,False,False,False,False,DERIVED_CONDITIONAL_GEOMETRY_NOT_EVENT_LOCATION
3024,108.58011627,5.66411972,4547.152079,4268.502619,-278.649460,False,False,False,False,DERIVED_CONDITIONAL_GEOMETRY_NOT_EVENT_LOCATION
3025,108.58179092,5.64430809,4544.942922,4267.927635,-277.015287,False,False,False,False,DERIVED_CONDITIONAL_GEOMETRY_NOT_EVENT_LOCATION
3026,108.58346558,5.62449646,4542.733766,4267.353565,-275.380200,False,False,False,False,DERIVED_CONDITIONAL_GEOMETRY_NOT_EVENT_LOCATION
3027,108.58514023,5.60468483,4540.524609,4266.780411,-273.744198,False,False,False,False,DERIVED_CONDITIONAL_GEOMETRY_NOT_EVENT_LOCATION
3028,108.58681488,5.58487320,4538.315453,4266.208174,-272.107280,False,False,False,False,DERIVED_CONDITIONAL_GEOMETRY_NOT_EVENT_LOCATION
3029,108.58848953,5.56506157,4536.106298,4265.636852,-270.469446,False,False,False,False,DERIVED_CONDITIONAL_GEOMETRY_NOT_EVENT_LOCATION
3030,108.59016418,5.54524994,4533.897142,4265.066446,-268.830696,False,False,False,False,DERIVED_CONDITIONAL_GEOMETRY_NOT_EVENT_LOCATION
3031,108.59183884,5.52543831,4531.687987,4264.496958,-267.191029,False,False,False,False,DERIVED_CONDITIONAL_GEOMETRY_NOT_EVENT_LOCATION
3032,108.59351349,5.50562668,4529.478832,4263.928387,-265.550446,False,False,False,False,DERIVED_CONDITIONAL_GEOMETRY_NOT_EVENT_LOCATION
3033,108.59518814,5.48581505,4527.269678,4263.360733,-263.908945,False,False,False,False,DERIVED_CONDITIONAL_GEOMETRY_NOT_EVENT_LOCATION
3034,108.59686279,5.46600342,4525.060524,4262.793997,-262.266527,False,False,False,False,DERIVED_CONDITIONAL_GEOMETRY_NOT_EVENT_LOCATION
3035,108.59853745,5.44619179,4522.851370,4262.228179,-260.623191,False,False,False,False,DERIVED_CONDITIONAL_GEOMETRY_NOT_EVENT_LOCATION
3036,108.60021210,5.42638016,4520.642216,4261.663280,-258.978936,False,False,False,False,DERIVED_CONDITIONAL_GEOMETRY_NOT_EVENT_LOCATION
3037,108.60188675,5.40656853,4518.433063,4261.099299,-257.333763,False,False,False,False,DERIVED_CONDITIONAL_GEOMETRY_NOT_EVENT_LOCATION
3038,108.60356140,5.38675690,4516.223910,4260.536238,-255.687672,False,False,False,False,DERIVED_CONDITIONAL_GEOMETRY_NOT_EVENT_LOCATION
3039,108.60523605,5.36694527,4514.014757,4259.974096,-254.040661,False,False,False,False,DERIVED_CONDITIONAL_GEOMETRY_NOT_EVENT_LOCATION
3040,108.60691071,5.34713364,4511.805605,4259.412874,-252.392730,False,False,False,False,DERIVED_CONDITIONAL_GEOMETRY_NOT_EVENT_LOCATION
3041,108.60858536,5.32732201,4509.596453,4258.852572,-250.743880,False,False,False,False,DERIVED_CONDITIONAL_GEOMETRY_NOT_EVENT_LOCATION
3042,108.61026001,5.30751038,4507.387301,4258.293191,-249.094110,False,False,False,False,DERIVED_CONDITIONAL_GEOMETRY_NOT_EVENT_LOCATION
3043,108.61193466,5.28769875,4505.178150,4257.734730,-247.443419,False,False,False,False,DERIVED_CONDITIONAL_GEOMETRY_NOT_EVENT_LOCATION
3044,108.61360931,5.26788712,4502.968999,4257.177191,-245.791808,False,False,False,False,DERIVED_CONDITIONAL_GEOMETRY_NOT_EVENT_LOCATION
3045,108.61528397,5.24807549,4500.759848,4256.620573,-244.139275,False,False,False,False,DERIVED_CONDITIONAL_GEOMETRY_NOT_EVENT_LOCATION
3046,108.61695862,5.22826385,4498.550698,4256.064877,-242.485821,False,False,False,False,DERIVED_CONDITIONAL_GEOMETRY_NOT_EVENT_LOCATION
3047,108.61863327,5.20845222,4496.341548,4255.510103,-240.831445,False,False,False,False,DERIVED_CONDITIONAL_GEOMETRY_NOT_EVENT_LOCATION
3048,108.62030792,5.18864059,4494.132398,4254.956251,-239.176147,False,False,False,False,DERIVED_CONDITIONAL_GEOMETRY_NOT_EVENT_LOCATION
3049,108.62198257,5.16882896,4491.923249,4254.403322,-237.519927,False,False,False,False,DERIVED_CONDITIONAL_GEOMETRY_NOT_EVENT_LOCATION
3050,108.62365723,5.14901733,4489.714100,4253.851317,-235.862784,False,False,False,False,DERIVED_CONDITIONAL_GEOMETRY_NOT_EVENT_LOCATION
3051,108.62510490,5.12918758,4487.506012,4253.275836,-234.230176,False,False,False,False,DERIVED_CONDITIONAL_GEOMETRY_NOT_EVENT_LOCATION
3052,108.62655258,5.10935783,4485.297926,4252.701273,-232.596653,False,False,False,False,DERIVED_CONDITIONAL_GEOMETRY_NOT_EVENT_LOCATION
3053,108.62800026,5.08952808,4483.089841,4252.127627,-230.962214,False,False,False,False,DERIVED_CONDITIONAL_GEOMETRY_NOT_EVENT_LOCATION
3054,108.62944794,5.06969833,4480.881757,4251.554898,-229.326859,False,False,False,False,DERIVED_CONDITIONAL_GEOMETRY_NOT_EVENT_LOCATION
3055,108.63089561,5.04986858,4478.673675,4250.983087,-227.690588,False,False,False,False,DERIVED_CONDITIONAL_GEOMETRY_NOT_EVENT_LOCATION
3056,108.63234329,5.03003883,4476.465594,4250.412194,-226.053400,False,False,False,False,DERIVED_CONDITIONAL_GEOMETRY_NOT_EVENT_LOCATION
3057,108.63379097,5.01020908,4474.257515,4249.842220,-224.415295,False,False,False,False,DERIVED_CONDITIONAL_GEOMETRY_NOT_EVENT_LOCATION
3058,108.63523865,4.99037933,4472.049436,4249.273165,-222.776272,False,False,False,False,DERIVED_CONDITIONAL_GEOMETRY_NOT_EVENT_LOCATION
3059,108.63668633,4.97054958,4469.841360,4248.705028,-221.136331,False,False,False,False,DERIVED_CONDITIONAL_GEOMETRY_NOT_EVENT_LOCATION
3060,108.63813400,4.95071983,4467.633284,4248.137812,-219.495472,False,False,False,False,DERIVED_CONDITIONAL_GEOMETRY_NOT_EVENT_LOCATION
3061,108.63958168,4.93089008,4465.425210,4247.571515,-217.853695,False,False,False,False,DERIVED_CONDITIONAL_GEOMETRY_NOT_EVENT_LOCATION
3062,108.64102936,4.91106033,4463.217138,4247.006139,-216.210999,False,False,False,False,DERIVED_CONDITIONAL_GEOMETRY_NOT_EVENT_LOCATION
3063,108.64247704,4.89123058,4461.009067,4246.441683,-214.567384,False,False,False,False,DERIVED_CONDITIONAL_GEOMETRY_NOT_EVENT_LOCATION
3064,108.64392471,4.87140083,4458.800997,4245.878148,-212.922849,False,False,False,False,DERIVED_CONDITIONAL_GEOMETRY_NOT_EVENT_LOCATION
3065,108.64537239,4.85157108,4456.592929,4245.315534,-211.277395,False,False,False,False,DERIVED_CONDITIONAL_GEOMETRY_NOT_EVENT_LOCATION
3066,108.64682007,4.83174133,4454.384862,4244.753842,-209.631020,False,False,False,False,DERIVED_CONDITIONAL_GEOMETRY_NOT_EVENT_LOCATION
3067,108.64826775,4.81191158,4452.176797,4244.193071,-207.983725,False,False,False,False,DERIVED_CONDITIONAL_GEOMETRY_NOT_EVENT_LOCATION
3068,108.64971542,4.79208183,4449.968733,4243.633223,-206.335509,False,False,False,False,DERIVED_CONDITIONAL_GEOMETRY_NOT_EVENT_LOCATION
3069,108.65116310,4.77225208,4447.760670,4243.074298,-204.686373,False,False,False,False,DERIVED_CONDITIONAL_GEOMETRY_NOT_EVENT_LOCATION
3070,108.65261078,4.75242233,4445.552609,4242.516295,-203.036314,False,False,False,False,DERIVED_CONDITIONAL_GEOMETRY_NOT_EVENT_LOCATION
3071,108.65405846,4.73259258,4443.344550,4241.959216,-201.385334,False,False,False,False,DERIVED_CONDITIONAL_GEOMETRY_NOT_EVENT_LOCATION
3072,108.65550613,4.71276283,4441.136492,4241.403060,-199.733432,False,False,False,False,DERIVED_CONDITIONAL_GEOMETRY_NOT_EVENT_LOCATION
3073,108.65695381,4.69293308,4438.928435,4240.847829,-198.080607,False,False,False,False,DERIVED_CONDITIONAL_GEOMETRY_NOT_EVENT_LOCATION
3074,108.65840149,4.67310333,4436.720380,4240.293521,-196.426859,False,False,False,False,DERIVED_CONDITIONAL_GEOMETRY_NOT_EVENT_LOCATION
3075,108.65984917,4.65327358,4434.512327,4239.740138,-194.772189,False,False,False,False,DERIVED_CONDITIONAL_GEOMETRY_NOT_EVENT_LOCATION
3076,108.66129684,4.63344383,4432.304275,4239.187680,-193.116595,False,False,False,False,DERIVED_CONDITIONAL_GEOMETRY_NOT_EVENT_LOCATION
3077,108.66274452,4.61361408,4430.096224,4238.636147,-191.460077,False,False,False,False,DERIVED_CONDITIONAL_GEOMETRY_NOT_EVENT_LOCATION
3078,108.66419220,4.59378433,4427.888175,4238.085540,-189.802635,False,False,False,False,DERIVED_CONDITIONAL_GEOMETRY_NOT_EVENT_LOCATION
3079,108.66563988,4.57395458,4425.680128,4237.535859,-188.144269,False,False,False,False,DERIVED_CONDITIONAL_GEOMETRY_NOT_EVENT_LOCATION
3080,108.66708755,4.55412483,4423.472082,4236.987104,-186.484978,False,False,False,False,DERIVED_CONDITIONAL_GEOMETRY_NOT_EVENT_LOCATION
3081,108.66853523,4.53429508,4421.264037,4236.439276,-184.824761,False,False,False,False,DERIVED_CONDITIONAL_GEOMETRY_NOT_EVENT_LOCATION
3082,108.66998291,4.51446533,4419.055994,4235.892374,-183.163620,False,False,False,False,DERIVED_CONDITIONAL_GEOMETRY_NOT_EVENT_LOCATION
3083,108.67120361,4.49461937,4416.849242,4235.321962,-181.527280,False,False,False,False,DERIVED_CONDITIONAL_GEOMETRY_NOT_EVENT_LOCATION
3084,108.67242432,4.47477341,4414.642493,4234.752470,-179.890022,False,False,False,False,DERIVED_CONDITIONAL_GEOMETRY_NOT_EVENT_LOCATION
3085,108.67364502,4.45492744,4412.435746,4234.183900,-178.251846,False,False,False,False,DERIVED_CONDITIONAL_GEOMETRY_NOT_EVENT_LOCATION
3086,108.67486572,4.43508148,4410.229002,4233.616251,-176.612751,False,False,False,False,DERIVED_CONDITIONAL_GEOMETRY_NOT_EVENT_LOCATION
3087,108.67608643,4.41523552,4408.022261,4233.049524,-174.972737,False,False,False,False,DERIVED_CONDITIONAL_GEOMETRY_NOT_EVENT_LOCATION
3088,108.67730713,4.39538956,4405.815523,4232.483720,-173.331803,False,False,False,False,DERIVED_CONDITIONAL_GEOMETRY_NOT_EVENT_LOCATION
3089,108.67852783,4.37554359,4403.608787,4231.918838,-171.689949,False,False,False,False,DERIVED_CONDITIONAL_GEOMETRY_NOT_EVENT_LOCATION
3090,108.67974854,4.35569763,4401.402055,4231.354879,-170.047176,False,False,False,False,DERIVED_CONDITIONAL_GEOMETRY_NOT_EVENT_LOCATION
3091,108.68096924,4.33585167,4399.195325,4230.791843,-168.403482,False,False,False,False,DERIVED_CONDITIONAL_GEOMETRY_NOT_EVENT_LOCATION
3092,108.68218994,4.31600571,4396.988598,4230.229731,-166.758867,False,False,False,False,DERIVED_CONDITIONAL_GEOMETRY_NOT_EVENT_LOCATION
3093,108.68341064,4.29615974,4394.781874,4229.668543,-165.113331,False,False,False,False,DERIVED_CONDITIONAL_GEOMETRY_NOT_EVENT_LOCATION
3094,108.68463135,4.27631378,4392.575153,4229.108280,-163.466873,False,False,False,False,DERIVED_CONDITIONAL_GEOMETRY_NOT_EVENT_LOCATION
3095,108.68585205,4.25646782,4390.368435,4228.548941,-161.819494,False,False,False,False,DERIVED_CONDITIONAL_GEOMETRY_NOT_EVENT_LOCATION
3096,108.68707275,4.23662186,4388.161719,4227.990527,-160.171192,False,False,False,False,DERIVED_CONDITIONAL_GEOMETRY_NOT_EVENT_LOCATION
3097,108.68829346,4.21677589,4385.955007,4227.433039,-158.521968,False,False,False,False,DERIVED_CONDITIONAL_GEOMETRY_NOT_EVENT_LOCATION
3098,108.68951416,4.19692993,4383.748298,4226.876476,-156.871821,False,False,False,False,DERIVED_CONDITIONAL_GEOMETRY_NOT_EVENT_LOCATION
3099,108.69073486,4.17708397,4381.541591,4226.320840,-155.220751,False,False,False,False,DERIVED_CONDITIONAL_GEOMETRY_NOT_EVENT_LOCATION
3100,108.69195557,4.15723801,4379.334887,4225.766130,-153.568758,False,False,False,False,DERIVED_CONDITIONAL_GEOMETRY_NOT_EVENT_LOCATION
3101,108.69317627,4.13739204,4377.128187,4225.212346,-151.915840,False,False,False,False,DERIVED_CONDITIONAL_GEOMETRY_NOT_EVENT_LOCATION
3102,108.69439697,4.11754608,4374.921489,4224.659490,-150.261999,False,False,False,False,DERIVED_CONDITIONAL_GEOMETRY_NOT_EVENT_LOCATION
3103,108.69561768,4.09770012,4372.714794,4224.107561,-148.607233,False,False,False,False,DERIVED_CONDITIONAL_GEOMETRY_NOT_EVENT_LOCATION
3104,108.69683838,4.07785416,4370.508102,4223.556560,-146.951542,False,False,False,False,DERIVED_CONDITIONAL_GEOMETRY_NOT_EVENT_LOCATION
3105,108.69805908,4.05800819,4368.301413,4223.006487,-145.294926,False,False,False,False,DERIVED_CONDITIONAL_GEOMETRY_NOT_EVENT_LOCATION
3106,108.69927979,4.03816223,4366.094727,4222.457343,-143.637384,False,False,False,False,DERIVED_CONDITIONAL_GEOMETRY_NOT_EVENT_LOCATION
3107,108.70050049,4.01831627,4363.888044,4221.909127,-141.978917,False,False,False,False,DERIVED_CONDITIONAL_GEOMETRY_NOT_EVENT_LOCATION
3108,108.70172119,3.99847031,4361.681365,4221.361841,-140.319523,False,False,False,False,DERIVED_CONDITIONAL_GEOMETRY_NOT_EVENT_LOCATION
3109,108.70294189,3.97862434,4359.474688,4220.815484,-138.659204,False,False,False,False,DERIVED_CONDITIONAL_GEOMETRY_NOT_EVENT_LOCATION
3110,108.70416260,3.95877838,4357.268014,4220.270057,-136.997957,False,False,False,False,DERIVED_CONDITIONAL_GEOMETRY_NOT_EVENT_LOCATION
3111,108.70538330,3.93893242,4355.061343,4219.725560,-135.335783,False,False,False,False,DERIVED_CONDITIONAL_GEOMETRY_NOT_EVENT_LOCATION
3112,108.70660400,3.91908646,4352.854675,4219.181993,-133.672681,False,False,False,False,DERIVED_CONDITIONAL_GEOMETRY_NOT_EVENT_LOCATION
3113,108.70782471,3.89924049,4350.648010,4218.639358,-132.008652,False,False,False,False,DERIVED_CONDITIONAL_GEOMETRY_NOT_EVENT_LOCATION
3114,108.70904541,3.87939453,4348.441348,4218.097653,-130.343695,False,False,False,False,DERIVED_CONDITIONAL_GEOMETRY_NOT_EVENT_LOCATION
3115,108.71004009,3.85953617,4346.236409,4217.532568,-128.703841,False,False,False,False,DERIVED_CONDITIONAL_GEOMETRY_NOT_EVENT_LOCATION
3116,108.71103477,3.83967781,4344.031474,4216.968408,-127.063066,False,False,False,False,DERIVED_CONDITIONAL_GEOMETRY_NOT_EVENT_LOCATION
3117,108.71202946,3.81981945,4341.826544,4216.405174,-125.421370,False,False,False,False,DERIVED_CONDITIONAL_GEOMETRY_NOT_EVENT_LOCATION
3118,108.71302414,3.79996109,4339.621618,4215.842865,-123.778753,False,False,False,False,DERIVED_CONDITIONAL_GEOMETRY_NOT_EVENT_LOCATION
3119,108.71401882,3.78010273,4337.416697,4215.281483,-122.135214,False,False,False,False,DERIVED_CONDITIONAL_GEOMETRY_NOT_EVENT_LOCATION
3120,108.71501350,3.76024437,4335.211781,4214.721028,-120.490753,False,False,False,False,DERIVED_CONDITIONAL_GEOMETRY_NOT_EVENT_LOCATION
3121,108.71600819,3.74038601,4333.006869,4214.161500,-118.845369,False,False,False,False,DERIVED_CONDITIONAL_GEOMETRY_NOT_EVENT_LOCATION
3122,108.71700287,3.72052765,4330.801962,4213.602899,-117.199063,False,False,False,False,DERIVED_CONDITIONAL_GEOMETRY_NOT_EVENT_LOCATION
3123,108.71799755,3.70066929,4328.597059,4213.045226,-115.551834,False,False,False,False,DERIVED_CONDITIONAL_GEOMETRY_NOT_EVENT_LOCATION
3124,108.71899223,3.68081093,4326.392162,4212.488481,-113.903681,False,False,False,False,DERIVED_CONDITIONAL_GEOMETRY_NOT_EVENT_LOCATION
3125,108.71998692,3.66095257,4324.187268,4211.932664,-112.254604,False,False,False,False,DERIVED_CONDITIONAL_GEOMETRY_NOT_EVENT_LOCATION
3126,108.72098160,3.64109421,4321.982380,4211.377776,-110.604604,False,False,False,False,DERIVED_CONDITIONAL_GEOMETRY_NOT_EVENT_LOCATION
3127,108.72197628,3.62123585,4319.777496,4210.823818,-108.953679,False,False,False,False,DERIVED_CONDITIONAL_GEOMETRY_NOT_EVENT_LOCATION
3128,108.72297096,3.60137749,4317.572617,4210.270789,-107.301829,False,False,False,False,DERIVED_CONDITIONAL_GEOMETRY_NOT_EVENT_LOCATION
3129,108.72396564,3.58151913,4315.367743,4209.718689,-105.649054,False,False,False,False,DERIVED_CONDITIONAL_GEOMETRY_NOT_EVENT_LOCATION
3130,108.72496033,3.56166077,4313.162874,4209.167520,-103.995353,False,False,False,False,DERIVED_CONDITIONAL_GEOMETRY_NOT_EVENT_LOCATION
3131,108.72595501,3.54180241,4310.958009,4208.617282,-102.340727,False,False,False,False,DERIVED_CONDITIONAL_GEOMETRY_NOT_EVENT_LOCATION
3132,108.72694969,3.52194405,4308.753149,4208.067974,-100.685175,False,False,False,False,DERIVED_CONDITIONAL_GEOMETRY_NOT_EVENT_LOCATION
3133,108.72794437,3.50208569,4306.548293,4207.519598,-99.028696,False,False,False,False,DERIVED_CONDITIONAL_GEOMETRY_NOT_EVENT_LOCATION
3134,108.72893906,3.48222733,4304.343443,4206.972153,-97.371290,False,False,False,False,DERIVED_CONDITIONAL_GEOMETRY_NOT_EVENT_LOCATION
3135,108.72993374,3.46236897,4302.138597,4206.425640,-95.712957,False,False,False,False,DERIVED_CONDITIONAL_GEOMETRY_NOT_EVENT_LOCATION
3136,108.73092842,3.44251060,4299.933756,4205.880059,-94.053697,False,False,False,False,DERIVED_CONDITIONAL_GEOMETRY_NOT_EVENT_LOCATION
3137,108.73192310,3.42265224,4297.728920,4205.335411,-92.393509,False,False,False,False,DERIVED_CONDITIONAL_GEOMETRY_NOT_EVENT_LOCATION
3138,108.73291779,3.40279388,4295.524089,4204.791696,-90.732393,False,False,False,False,DERIVED_CONDITIONAL_GEOMETRY_NOT_EVENT_LOCATION
3139,108.73391247,3.38293552,4293.319262,4204.248914,-89.070348,False,False,False,False,DERIVED_CONDITIONAL_GEOMETRY_NOT_EVENT_LOCATION
3140,108.73490715,3.36307716,4291.114441,4203.707066,-87.407374,False,False,False,False,DERIVED_CONDITIONAL_GEOMETRY_NOT_EVENT_LOCATION
3141,108.73590183,3.34321880,4288.909624,4203.166152,-85.743472,False,False,False,False,DERIVED_CONDITIONAL_GEOMETRY_NOT_EVENT_LOCATION
3142,108.73689651,3.32336044,4286.704812,4202.626172,-84.078639,False,False,False,False,DERIVED_CONDITIONAL_GEOMETRY_NOT_EVENT_LOCATION
3143,108.73789120,3.30350208,4284.500005,4202.087127,-82.412877,False,False,False,False,DERIVED_CONDITIONAL_GEOMETRY_NOT_EVENT_LOCATION
3144,108.73888588,3.28364372,4282.295202,4201.549017,-80.746185,False,False,False,False,DERIVED_CONDITIONAL_GEOMETRY_NOT_EVENT_LOCATION
3145,108.73988056,3.26378536,4280.090405,4201.011842,-79.078563,False,False,False,False,DERIVED_CONDITIONAL_GEOMETRY_NOT_EVENT_LOCATION
3146,108.74087524,3.24392700,4277.885613,4200.475603,-77.410009,False,False,False,False,DERIVED_CONDITIONAL_GEOMETRY_NOT_EVENT_LOCATION
3147,108.74164486,3.22405720,4275.682663,4199.916019,-75.766645,False,False,False,False,DERIVED_CONDITIONAL_GEOMETRY_NOT_EVENT_LOCATION
3148,108.74241447,3.20418739,4273.479721,4199.357364,-74.122357,False,False,False,False,DERIVED_CONDITIONAL_GEOMETRY_NOT_EVENT_LOCATION
3149,108.74318409,3.18431759,4271.276786,4198.799640,-72.477145,False,False,False,False,DERIVED_CONDITIONAL_GEOMETRY_NOT_EVENT_LOCATION
3150,108.74395370,3.16444778,4269.073857,4198.242848,-70.831009,False,False,False,False,DERIVED_CONDITIONAL_GEOMETRY_NOT_EVENT_LOCATION
3151,108.74472332,3.14457798,4266.870935,4197.686986,-69.183949,False,False,False,False,DERIVED_CONDITIONAL_GEOMETRY_NOT_EVENT_LOCATION
3152,108.74549294,3.12470818,4264.668019,4197.132056,-67.535964,False,False,False,False,DERIVED_CONDITIONAL_GEOMETRY_NOT_EVENT_LOCATION
3153,108.74626255,3.10483837,4262.465111,4196.578058,-65.887053,False,False,False,False,DERIVED_CONDITIONAL_GEOMETRY_NOT_EVENT_LOCATION
3154,108.74703217,3.08496857,4260.262209,4196.024992,-64.237217,False,False,False,False,DERIVED_CONDITIONAL_GEOMETRY_NOT_EVENT_LOCATION
3155,108.74780178,3.06509876,4258.059315,4195.472859,-62.586455,False,False,False,False,DERIVED_CONDITIONAL_GEOMETRY_NOT_EVENT_LOCATION
3156,108.74857140,3.04522896,4255.856427,4194.921660,-60.934767,False,False,False,False,DERIVED_CONDITIONAL_GEOMETRY_NOT_EVENT_LOCATION
3157,108.74934101,3.02535915,4253.653546,4194.371393,-59.282152,False,False,False,False,DERIVED_CONDITIONAL_GEOMETRY_NOT_EVENT_LOCATION
3158,108.75011063,3.00548935,4251.450671,4193.822061,-57.628611,False,False,False,False,DERIVED_CONDITIONAL_GEOMETRY_NOT_EVENT_LOCATION
3159,108.75088024,2.98561954,4249.247804,4193.273662,-55.974142,False,False,False,False,DERIVED_CONDITIONAL_GEOMETRY_NOT_EVENT_LOCATION
3160,108.75164986,2.96574974,4247.044944,4192.726198,-54.318746,False,False,False,False,DERIVED_CONDITIONAL_GEOMETRY_NOT_EVENT_LOCATION
3161,108.75241947,2.94587994,4244.842090,4192.179669,-52.662421,False,False,False,False,DERIVED_CONDITIONAL_GEOMETRY_NOT_EVENT_LOCATION
3162,108.75318909,2.92601013,4242.639244,4191.634075,-51.005169,False,False,False,False,DERIVED_CONDITIONAL_GEOMETRY_NOT_EVENT_LOCATION
3163,108.75395870,2.90614033,4240.436404,4191.089417,-49.346988,False,False,False,False,DERIVED_CONDITIONAL_GEOMETRY_NOT_EVENT_LOCATION
3164,108.75472832,2.88627052,4238.233571,4190.545694,-47.687877,False,False,False,False,DERIVED_CONDITIONAL_GEOMETRY_NOT_EVENT_LOCATION
3165,108.75549793,2.86640072,4236.030746,4190.002908,-46.027838,False,False,False,False,DERIVED_CONDITIONAL_GEOMETRY_NOT_EVENT_LOCATION
3166,108.75626755,2.84653091,4233.827927,4189.461058,-44.366869,False,False,False,False,DERIVED_CONDITIONAL_GEOMETRY_NOT_EVENT_LOCATION
3167,108.75703716,2.82666111,4231.625115,4188.920145,-42.704970,False,False,False,False,DERIVED_CONDITIONAL_GEOMETRY_NOT_EVENT_LOCATION
3168,108.75780678,2.80679131,4229.422311,4188.380170,-41.042141,False,False,False,False,DERIVED_CONDITIONAL_GEOMETRY_NOT_EVENT_LOCATION
3169,108.75857639,2.78692150,4227.219513,4187.841132,-39.378381,False,False,False,False,DERIVED_CONDITIONAL_GEOMETRY_NOT_EVENT_LOCATION
3170,108.75934601,2.76705170,4225.016722,4187.303033,-37.713690,False,False,False,False,DERIVED_CONDITIONAL_GEOMETRY_NOT_EVENT_LOCATION
3171,108.76011562,2.74718189,4222.813939,4186.765871,-36.048067,False,False,False,False,DERIVED_CONDITIONAL_GEOMETRY_NOT_EVENT_LOCATION
3172,108.76088524,2.72731209,4220.611162,4186.229649,-34.381514,False,False,False,False,DERIVED_CONDITIONAL_GEOMETRY_NOT_EVENT_LOCATION
3173,108.76165485,2.70744228,4218.408393,4185.694365,-32.714028,False,False,False,False,DERIVED_CONDITIONAL_GEOMETRY_NOT_EVENT_LOCATION
3174,108.76242447,2.68757248,4216.205630,4185.160021,-31.045610,False,False,False,False,DERIVED_CONDITIONAL_GEOMETRY_NOT_EVENT_LOCATION
3175,108.76319408,2.66770267,4214.002875,4184.626616,-29.376259,False,False,False,False,DERIVED_CONDITIONAL_GEOMETRY_NOT_EVENT_LOCATION
3176,108.76396370,2.64783287,4211.800127,4184.094152,-27.705975,False,False,False,False,DERIVED_CONDITIONAL_GEOMETRY_NOT_EVENT_LOCATION
3177,108.76473331,2.62796307,4209.597386,4183.562628,-26.034758,False,False,False,False,DERIVED_CONDITIONAL_GEOMETRY_NOT_EVENT_LOCATION
3178,108.76550293,2.60809326,4207.394652,4183.032045,-24.362607,False,False,False,False,DERIVED_CONDITIONAL_GEOMETRY_NOT_EVENT_LOCATION
3179,108.76604700,2.58821678,4205.194328,4182.478122,-22.716206,False,False,False,False,DERIVED_CONDITIONAL_GEOMETRY_NOT_EVENT_LOCATION
3180,108.76659107,2.56834030,4202.994014,4181.925134,-21.068880,False,False,False,False,DERIVED_CONDITIONAL_GEOMETRY_NOT_EVENT_LOCATION
3181,108.76713514,2.54846382,4200.793709,4181.373082,-19.420627,False,False,False,False,DERIVED_CONDITIONAL_GEOMETRY_NOT_EVENT_LOCATION
3182,108.76767921,2.52858734,4198.593413,4180.821966,-17.771447,False,False,False,False,DERIVED_CONDITIONAL_GEOMETRY_NOT_EVENT_LOCATION
3183,108.76822329,2.50871086,4196.393126,4180.271786,-16.121340,False,False,False,False,DERIVED_CONDITIONAL_GEOMETRY_NOT_EVENT_LOCATION
3184,108.76876736,2.48883438,4194.192849,4179.722543,-14.470306,False,False,False,False,DERIVED_CONDITIONAL_GEOMETRY_NOT_EVENT_LOCATION
3185,108.76931143,2.46895790,4191.992582,4179.174237,-12.818344,False,False,False,False,DERIVED_CONDITIONAL_GEOMETRY_NOT_EVENT_LOCATION
3186,108.76985550,2.44908142,4189.792323,4178.626869,-11.165455,False,False,False,False,DERIVED_CONDITIONAL_GEOMETRY_NOT_EVENT_LOCATION
3187,108.77039957,2.42920494,4187.592074,4178.080438,-9.511636,False,False,False,False,DERIVED_CONDITIONAL_GEOMETRY_NOT_EVENT_LOCATION
3188,108.77094364,2.40932846,4185.391835,4177.534946,-7.856889,False,False,False,False,DERIVED_CONDITIONAL_GEOMETRY_NOT_EVENT_LOCATION
3189,108.77148771,2.38945198,4183.191605,4176.990392,-6.201213,False,False,False,False,DERIVED_CONDITIONAL_GEOMETRY_NOT_EVENT_LOCATION
3190,108.77203178,2.36957550,4180.991385,4176.446777,-4.544608,False,False,False,False,DERIVED_CONDITIONAL_GEOMETRY_NOT_EVENT_LOCATION
3191,108.77257586,2.34969902,4178.791174,4175.904101,-2.887072,False,False,False,False,DERIVED_CONDITIONAL_GEOMETRY_NOT_EVENT_LOCATION
3192,108.77311993,2.32982254,4176.590972,4175.362365,-1.228607,False,False,False,False,DERIVED_CONDITIONAL_GEOMETRY_NOT_EVENT_LOCATION
3193,108.77366400,2.30994606,4174.390780,4174.821569,0.430789,False,False,False,False,DERIVED_CONDITIONAL_GEOMETRY_NOT_EVENT_LOCATION
3194,108.77420807,2.29006958,4172.190598,4174.281714,2.091116,False,False,False,False,DERIVED_CONDITIONAL_GEOMETRY_NOT_EVENT_LOCATION
3195,108.77475214,2.27019310,4169.990425,4173.742799,3.752374,False,False,False,False,DERIVED_CONDITIONAL_GEOMETRY_NOT_EVENT_LOCATION
3196,108.77529621,2.25031662,4167.790262,4173.204825,5.414563,False,False,False,False,DERIVED_CONDITIONAL_GEOMETRY_NOT_EVENT_LOCATION
3197,108.77584028,2.23044014,4165.590108,4172.667793,7.077684,False,False,False,False,DERIVED_CONDITIONAL_GEOMETRY_NOT_EVENT_LOCATION
3198,108.77638435,2.21056366,4163.389964,4172.131702,8.741738,False,False,False,False,DERIVED_CONDITIONAL_GEOMETRY_NOT_EVENT_LOCATION
3199,108.77692842,2.19068718,4161.189830,4171.596553,10.406724,False,False,False,False,DERIVED_CONDITIONAL_GEOMETRY_NOT_EVENT_LOCATION
3200,108.77747250,2.17081070,4158.989705,4171.062347,12.072642,False,False,False,False,DERIVED_CONDITIONAL_GEOMETRY_NOT_EVENT_LOCATION
3201,108.77801657,2.15093422,4156.789590,4170.529084,13.739494,False,False,False,False,DERIVED_CONDITIONAL_GEOMETRY_NOT_EVENT_LOCATION
3202,108.77856064,2.13105774,4154.589485,4169.996764,15.407280,False,False,False,False,DERIVED_CONDITIONAL_GEOMETRY_NOT_EVENT_LOCATION
3203,108.77910471,2.11118126,4152.389389,4169.465388,17.075999,False,False,False,False,DERIVED_CONDITIONAL_GEOMETRY_NOT_EVENT_LOCATION
3204,108.77964878,2.09130478,4150.189303,4168.934955,18.745653,False,False,False,False,DERIVED_CONDITIONAL_GEOMETRY_NOT_EVENT_LOCATION
3205,108.78019285,2.07142830,4147.989227,4168.405467,20.416241,False,False,False,False,DERIVED_CONDITIONAL_GEOMETRY_NOT_EVENT_LOCATION
3206,108.78073692,2.05155182,4145.789160,4167.876924,22.087763,False,False,False,False,DERIVED_CONDITIONAL_GEOMETRY_NOT_EVENT_LOCATION
3207,108.78128099,2.03167534,4143.589103,4167.349325,23.760222,False,False,False,False,DERIVED_CONDITIONAL_GEOMETRY_NOT_EVENT_LOCATION
3208,108.78182507,2.01179886,4141.389057,4166.822672,25.433615,False,False,False,False,DERIVED_CONDITIONAL_GEOMETRY_NOT_EVENT_LOCATION
3209,108.78236914,1.99192238,4139.189019,4166.296964,27.107945,False,False,False,False,DERIVED_CONDITIONAL_GEOMETRY_NOT_EVENT_LOCATION
3210,108.78291321,1.97204590,4136.988992,4165.772203,28.783210,False,False,False,False,DERIVED_CONDITIONAL_GEOMETRY_NOT_EVENT_LOCATION
3211,108.78323269,1.95216370,4134.791506,4165.224141,30.432635,False,False,False,False,DERIVED_CONDITIONAL_GEOMETRY_NOT_EVENT_LOCATION
3212,108.78355217,1.93228149,4132.594033,4164.677020,32.082988,False,False,False,False,DERIVED_CONDITIONAL_GEOMETRY_NOT_EVENT_LOCATION
3213,108.78387165,1.91239929,4130.396572,4164.130841,33.734269,False,False,False,False,DERIVED_CONDITIONAL_GEOMETRY_NOT_EVENT_LOCATION
3214,108.78419113,1.89251709,4128.199123,4163.585603,35.386481,False,False,False,False,DERIVED_CONDITIONAL_GEOMETRY_NOT_EVENT_LOCATION
3215,108.78451061,1.87263489,4126.001686,4163.041308,37.039621,False,False,False,False,DERIVED_CONDITIONAL_GEOMETRY_NOT_EVENT_LOCATION
3216,108.78483009,1.85275269,4123.804262,4162.497954,38.693692,False,False,False,False,DERIVED_CONDITIONAL_GEOMETRY_NOT_EVENT_LOCATION
3217,108.78514957,1.83287048,4121.606851,4161.955544,40.348693,False,False,False,False,DERIVED_CONDITIONAL_GEOMETRY_NOT_EVENT_LOCATION
3218,108.78546906,1.81298828,4119.409451,4161.414077,42.004625,False,False,False,False,DERIVED_CONDITIONAL_GEOMETRY_NOT_EVENT_LOCATION
3219,108.78578854,1.79310608,4117.212065,4160.873553,43.661488,False,False,False,False,DERIVED_CONDITIONAL_GEOMETRY_NOT_EVENT_LOCATION
3220,108.78610802,1.77322388,4115.014690,4160.333973,45.319283,False,False,False,False,DERIVED_CONDITIONAL_GEOMETRY_NOT_EVENT_LOCATION
3221,108.78642750,1.75334167,4112.817329,4159.795337,46.978009,False,False,False,False,DERIVED_CONDITIONAL_GEOMETRY_NOT_EVENT_LOCATION
3222,108.78674698,1.73345947,4110.619979,4159.257646,48.637667,False,False,False,False,DERIVED_CONDITIONAL_GEOMETRY_NOT_EVENT_LOCATION
3223,108.78706646,1.71357727,4108.422643,4158.720900,50.298257,False,False,False,False,DERIVED_CONDITIONAL_GEOMETRY_NOT_EVENT_LOCATION
3224,108.78738594,1.69369507,4106.225318,4158.185099,51.959781,False,False,False,False,DERIVED_CONDITIONAL_GEOMETRY_NOT_EVENT_LOCATION
3225,108.78770542,1.67381287,4104.028007,4157.650244,53.622237,False,False,False,False,DERIVED_CONDITIONAL_GEOMETRY_NOT_EVENT_LOCATION
3226,108.78802490,1.65393066,4101.830708,4157.116335,55.285627,False,False,False,False,DERIVED_CONDITIONAL_GEOMETRY_NOT_EVENT_LOCATION
3227,108.78834438,1.63404846,4099.633422,4156.583373,56.949951,False,False,False,False,DERIVED_CONDITIONAL_GEOMETRY_NOT_EVENT_LOCATION
3228,108.78866386,1.61416626,4097.436148,4156.051357,58.615209,False,False,False,False,DERIVED_CONDITIONAL_GEOMETRY_NOT_EVENT_LOCATION
3229,108.78898335,1.59428406,4095.238887,4155.520288,60.281401,False,False,False,False,DERIVED_CONDITIONAL_GEOMETRY_NOT_EVENT_LOCATION
3230,108.78930283,1.57440186,4093.041639,4154.990167,61.948528,False,False,False,False,DERIVED_CONDITIONAL_GEOMETRY_NOT_EVENT_LOCATION
3231,108.78962231,1.55451965,4090.844403,4154.460994,63.616591,False,False,False,False,DERIVED_CONDITIONAL_GEOMETRY_NOT_EVENT_LOCATION
3232,108.78994179,1.53463745,4088.647181,4153.932769,65.285589,False,False,False,False,DERIVED_CONDITIONAL_GEOMETRY_NOT_EVENT_LOCATION
3233,108.79026127,1.51475525,4086.449971,4153.405493,66.955522,False,False,False,False,DERIVED_CONDITIONAL_GEOMETRY_NOT_EVENT_LOCATION
3234,108.79058075,1.49487305,4084.252773,4152.879165,68.626392,False,False,False,False,DERIVED_CONDITIONAL_GEOMETRY_NOT_EVENT_LOCATION
3235,108.79090023,1.47499084,4082.055589,4152.353787,70.298198,False,False,False,False,DERIVED_CONDITIONAL_GEOMETRY_NOT_EVENT_LOCATION
3236,108.79121971,1.45510864,4079.858417,4151.829359,71.970942,False,False,False,False,DERIVED_CONDITIONAL_GEOMETRY_NOT_EVENT_LOCATION
3237,108.79153919,1.43522644,4077.661259,4151.305881,73.644622,False,False,False,False,DERIVED_CONDITIONAL_GEOMETRY_NOT_EVENT_LOCATION
3238,108.79185867,1.41534424,4075.464113,4150.783353,75.319240,False,False,False,False,DERIVED_CONDITIONAL_GEOMETRY_NOT_EVENT_LOCATION
3239,108.79217815,1.39546204,4073.266980,4150.261776,76.994796,False,False,False,False,DERIVED_CONDITIONAL_GEOMETRY_NOT_EVENT_LOCATION
3240,108.79249763,1.37557983,4071.069860,4149.741150,78.671290,False,False,False,False,DERIVED_CONDITIONAL_GEOMETRY_NOT_EVENT_LOCATION
3241,108.79281712,1.35569763,4068.872753,4149.221475,80.348722,False,False,False,False,DERIVED_CONDITIONAL_GEOMETRY_NOT_EVENT_LOCATION
3242,108.79313660,1.33581543,4066.675658,4148.702752,82.027094,False,False,False,False,DERIVED_CONDITIONAL_GEOMETRY_NOT_EVENT_LOCATION
3243,108.79323196,1.31593037,4064.481460,4148.160777,83.679317,False,False,False,False,DERIVED_CONDITIONAL_GEOMETRY_NOT_EVENT_LOCATION
3244,108.79332733,1.29604530,4062.287277,4147.619748,85.332471,False,False,False,False,DERIVED_CONDITIONAL_GEOMETRY_NOT_EVENT_LOCATION
3245,108.79342270,1.27616024,4060.093109,4147.079667,86.986557,False,False,False,False,DERIVED_CONDITIONAL_GEOMETRY_NOT_EVENT_LOCATION
3246,108.79351807,1.25627518,4057.898958,4146.540533,88.641575,False,False,False,False,DERIVED_CONDITIONAL_GEOMETRY_NOT_EVENT_LOCATION
3247,108.79361343,1.23639011,4055.704823,4146.002348,90.297525,False,False,False,False,DERIVED_CONDITIONAL_GEOMETRY_NOT_EVENT_LOCATION
3248,108.79370880,1.21650505,4053.510703,4145.465111,91.954408,False,False,False,False,DERIVED_CONDITIONAL_GEOMETRY_NOT_EVENT_LOCATION
3249,108.79380417,1.19661999,4051.316599,4144.928822,93.612223,False,False,False,False,DERIVED_CONDITIONAL_GEOMETRY_NOT_EVENT_LOCATION
3250,108.79389954,1.17673492,4049.122512,4144.393483,95.270972,False,False,False,False,DERIVED_CONDITIONAL_GEOMETRY_NOT_EVENT_LOCATION
3251,108.79399490,1.15684986,4046.928440,4143.859094,96.930654,False,False,False,False,DERIVED_CONDITIONAL_GEOMETRY_NOT_EVENT_LOCATION
3252,108.79409027,1.13696480,4044.734384,4143.325654,98.591270,False,False,False,False,DERIVED_CONDITIONAL_GEOMETRY_NOT_EVENT_LOCATION
3253,108.79418564,1.11707973,4042.540345,4142.793165,100.252820,False,False,False,False,DERIVED_CONDITIONAL_GEOMETRY_NOT_EVENT_LOCATION
3254,108.79428101,1.09719467,4040.346321,4142.261626,101.915305,False,False,False,False,DERIVED_CONDITIONAL_GEOMETRY_NOT_EVENT_LOCATION
3255,108.79437637,1.07730961,4038.152314,4141.731039,103.578725,False,False,False,False,DERIVED_CONDITIONAL_GEOMETRY_NOT_EVENT_LOCATION
3256,108.79447174,1.05742455,4035.958322,4141.201402,105.243080,False,False,False,False,DERIVED_CONDITIONAL_GEOMETRY_NOT_EVENT_LOCATION
3257,108.79456711,1.03753948,4033.764347,4140.672718,106.908371,False,False,False,False,DERIVED_CONDITIONAL_GEOMETRY_NOT_EVENT_LOCATION
3258,108.79466248,1.01765442,4031.570388,4140.144986,108.574598,False,False,False,False,DERIVED_CONDITIONAL_GEOMETRY_NOT_EVENT_LOCATION
3259,108.79475784,0.99776936,4029.376445,4139.618206,110.241761,False,False,False,False,DERIVED_CONDITIONAL_GEOMETRY_NOT_EVENT_LOCATION
3260,108.79485321,0.97788429,4027.182518,4139.092379,111.909861,False,False,False,False,DERIVED_CONDITIONAL_GEOMETRY_NOT_EVENT_LOCATION
3261,108.79494858,0.95799923,4024.988608,4138.567505,113.578898,False,False,False,False,DERIVED_CONDITIONAL_GEOMETRY_NOT_EVENT_LOCATION
3262,108.79504395,0.93811417,4022.794714,4138.043585,115.248872,False,False,False,False,DERIVED_CONDITIONAL_GEOMETRY_NOT_EVENT_LOCATION
3263,108.79513931,0.91822910,4020.600836,4137.520619,116.919784,False,False,False,False,DERIVED_CONDITIONAL_GEOMETRY_NOT_EVENT_LOCATION
3264,108.79523468,0.89834404,4018.406974,4136.998608,118.591634,False,False,False,False,DERIVED_CONDITIONAL_GEOMETRY_NOT_EVENT_LOCATION
3265,108.79533005,0.87845898,4016.213129,4136.477551,120.264422,False,False,False,False,DERIVED_CONDITIONAL_GEOMETRY_NOT_EVENT_LOCATION
3266,108.79542542,0.85857391,4014.019300,4135.957449,121.938149,False,False,False,False,DERIVED_CONDITIONAL_GEOMETRY_NOT_EVENT_LOCATION
3267,108.79552078,0.83868885,4011.825488,4135.438303,123.612815,False,False,False,False,DERIVED_CONDITIONAL_GEOMETRY_NOT_EVENT_LOCATION
3268,108.79561615,0.81880379,4009.631692,4134.920112,125.288420,False,False,False,False,DERIVED_CONDITIONAL_GEOMETRY_NOT_EVENT_LOCATION
3269,108.79571152,0.79891872,4007.437913,4134.402878,126.964965,False,False,False,False,DERIVED_CONDITIONAL_GEOMETRY_NOT_EVENT_LOCATION
3270,108.79580688,0.77903366,4005.244150,4133.886600,128.642450,False,False,False,False,DERIVED_CONDITIONAL_GEOMETRY_NOT_EVENT_LOCATION
3271,108.79590225,0.75914860,4003.050403,4133.371279,130.320876,False,False,False,False,DERIVED_CONDITIONAL_GEOMETRY_NOT_EVENT_LOCATION
3272,108.79599762,0.73926353,4000.856673,4132.856915,132.000242,False,False,False,False,DERIVED_CONDITIONAL_GEOMETRY_NOT_EVENT_LOCATION
3273,108.79609299,0.71937847,3998.662960,4132.343509,133.680549,False,False,False,False,DERIVED_CONDITIONAL_GEOMETRY_NOT_EVENT_LOCATION
3274,108.79618835,0.69949341,3996.469263,4131.831061,135.361798,False,False,False,False,DERIVED_CONDITIONAL_GEOMETRY_NOT_EVENT_LOCATION
3275,108.79605913,0.67960930,3994.278940,4131.295329,137.016388,False,False,False,False,DERIVED_CONDITIONAL_GEOMETRY_NOT_EVENT_LOCATION
3276,108.79592991,0.65972519,3992.088637,4130.760550,138.671912,False,False,False,False,DERIVED_CONDITIONAL_GEOMETRY_NOT_EVENT_LOCATION
3277,108.79580069,0.63984108,3989.898354,4130.226724,140.328370,False,False,False,False,DERIVED_CONDITIONAL_GEOMETRY_NOT_EVENT_LOCATION
3278,108.79567146,0.61995697,3987.708091,4129.693853,141.985762,False,False,False,False,DERIVED_CONDITIONAL_GEOMETRY_NOT_EVENT_LOCATION
3279,108.79554224,0.60007286,3985.517848,4129.161935,143.644088,False,False,False,False,DERIVED_CONDITIONAL_GEOMETRY_NOT_EVENT_LOCATION
3280,108.79541302,0.58018875,3983.327624,4128.630973,145.303349,False,False,False,False,DERIVED_CONDITIONAL_GEOMETRY_NOT_EVENT_LOCATION
3281,108.79528379,0.56030464,3981.137421,4128.100965,146.963545,False,False,False,False,DERIVED_CONDITIONAL_GEOMETRY_NOT_EVENT_LOCATION
3282,108.79515457,0.54042053,3978.947237,4127.571914,148.624676,False,False,False,False,DERIVED_CONDITIONAL_GEOMETRY_NOT_EVENT_LOCATION
3283,108.79502535,0.52053642,3976.757074,4127.043817,150.286744,False,False,False,False,DERIVED_CONDITIONAL_GEOMETRY_NOT_EVENT_LOCATION
3284,108.79489613,0.50065231,3974.566930,4126.516677,151.949747,False,False,False,False,DERIVED_CONDITIONAL_GEOMETRY_NOT_EVENT_LOCATION
3285,108.79476690,0.48076820,3972.376807,4125.990494,153.613687,False,False,False,False,DERIVED_CONDITIONAL_GEOMETRY_NOT_EVENT_LOCATION
3286,108.79463768,0.46088409,3970.186704,4125.465268,155.278564,False,False,False,False,DERIVED_CONDITIONAL_GEOMETRY_NOT_EVENT_LOCATION
3287,108.79450846,0.44099998,3967.996621,4124.940999,156.944378,False,False,False,False,DERIVED_CONDITIONAL_GEOMETRY_NOT_EVENT_LOCATION
3288,108.79437923,0.42111588,3965.806558,4124.417688,158.611129,False,False,False,False,DERIVED_CONDITIONAL_GEOMETRY_NOT_EVENT_LOCATION
3289,108.79425001,0.40123177,3963.616516,4123.895334,160.278819,False,False,False,False,DERIVED_CONDITIONAL_GEOMETRY_NOT_EVENT_LOCATION
3290,108.79412079,0.38134766,3961.426493,4123.373940,161.947446,False,False,False,False,DERIVED_CONDITIONAL_GEOMETRY_NOT_EVENT_LOCATION
3291,108.79399157,0.36146355,3959.236491,4122.853504,163.617012,False,False,False,False,DERIVED_CONDITIONAL_GEOMETRY_NOT_EVENT_LOCATION
3292,108.79386234,0.34157944,3957.046510,4122.334027,165.287518,False,False,False,False,DERIVED_CONDITIONAL_GEOMETRY_NOT_EVENT_LOCATION
3293,108.79373312,0.32169533,3954.856549,4121.815510,166.958962,False,False,False,False,DERIVED_CONDITIONAL_GEOMETRY_NOT_EVENT_LOCATION
3294,108.79360390,0.30181122,3952.666608,4121.297953,168.631346,False,False,False,False,DERIVED_CONDITIONAL_GEOMETRY_NOT_EVENT_LOCATION
3295,108.79347467,0.28192711,3950.476687,4120.781357,170.304669,False,False,False,False,DERIVED_CONDITIONAL_GEOMETRY_NOT_EVENT_LOCATION
3296,108.79334545,0.26204300,3948.286787,4120.265721,171.978933,False,False,False,False,DERIVED_CONDITIONAL_GEOMETRY_NOT_EVENT_LOCATION
3297,108.79321623,0.24215889,3946.096908,4119.751046,173.654138,False,False,False,False,DERIVED_CONDITIONAL_GEOMETRY_NOT_EVENT_LOCATION
3298,108.79308701,0.22227478,3943.907049,4119.237332,175.330284,False,False,False,False,DERIVED_CONDITIONAL_GEOMETRY_NOT_EVENT_LOCATION
3299,108.79295778,0.20239067,3941.717210,4118.724581,177.007370,False,False,False,False,DERIVED_CONDITIONAL_GEOMETRY_NOT_EVENT_LOCATION
3300,108.79282856,0.18250656,3939.527393,4118.212791,178.685399,False,False,False,False,DERIVED_CONDITIONAL_GEOMETRY_NOT_EVENT_LOCATION
3301,108.79269934,0.16262245,3937.337596,4117.701965,180.364369,False,False,False,False,DERIVED_CONDITIONAL_GEOMETRY_NOT_EVENT_LOCATION
3302,108.79257011,0.14273834,3935.147819,4117.192101,182.044281,False,False,False,False,DERIVED_CONDITIONAL_GEOMETRY_NOT_EVENT_LOCATION
3303,108.79244089,0.12285423,3932.958063,4116.683200,183.725137,False,False,False,False,DERIVED_CONDITIONAL_GEOMETRY_NOT_EVENT_LOCATION
3304,108.79231167,0.10297012,3930.768328,4116.175263,185.406935,False,False,False,False,DERIVED_CONDITIONAL_GEOMETRY_NOT_EVENT_LOCATION
3305,108.79218245,0.08308601,3928.578614,4115.668290,187.089676,False,False,False,False,DERIVED_CONDITIONAL_GEOMETRY_NOT_EVENT_LOCATION
3306,108.79205322,0.06320190,3926.388921,4115.162282,188.773361,False,False,False,False,DERIVED_CONDITIONAL_GEOMETRY_NOT_EVENT_LOCATION
3307,108.79169989,0.04331970,3924.202757,4114.632986,190.430229,False,False,False,False,DERIVED_CONDITIONAL_GEOMETRY_NOT_EVENT_LOCATION
3308,108.79134655,0.02343750,3922.016617,4114.104650,192.088033,False,False,False,False,DERIVED_CONDITIONAL_GEOMETRY_NOT_EVENT_LOCATION
3309,108.79099321,0.00355530,3919.830502,4113.577274,193.746772,False,False,False,False,DERIVED_CONDITIONAL_GEOMETRY_NOT_EVENT_LOCATION
3310,108.79063988,-0.01632690,3917.644411,4113.050860,195.406448,False,False,False,False,DERIVED_CONDITIONAL_GEOMETRY_NOT_EVENT_LOCATION
3311,108.79028654,-0.03620911,3915.458345,4112.525406,197.067061,False,False,False,False,DERIVED_CONDITIONAL_GEOMETRY_NOT_EVENT_LOCATION
3312,108.78993320,-0.05609131,3913.272304,4112.000914,198.728610,False,False,False,False,DERIVED_CONDITIONAL_GEOMETRY_NOT_EVENT_LOCATION
3313,108.78957987,-0.07597351,3911.086287,4111.477384,200.391097,False,False,False,False,DERIVED_CONDITIONAL_GEOMETRY_NOT_EVENT_LOCATION
3314,108.78922653,-0.09585571,3908.900294,4110.954816,202.054522,False,False,False,False,DERIVED_CONDITIONAL_GEOMETRY_NOT_EVENT_LOCATION
3315,108.78887320,-0.11573792,3906.714326,4110.433211,203.718884,False,False,False,False,DERIVED_CONDITIONAL_GEOMETRY_NOT_EVENT_LOCATION
3316,108.78851986,-0.13562012,3904.528383,4109.912569,205.384185,False,False,False,False,DERIVED_CONDITIONAL_GEOMETRY_NOT_EVENT_LOCATION
3317,108.78816652,-0.15550232,3902.342465,4109.392890,207.050425,False,False,False,False,DERIVED_CONDITIONAL_GEOMETRY_NOT_EVENT_LOCATION
3318,108.78781319,-0.17538452,3900.156571,4108.874175,208.717604,False,False,False,False,DERIVED_CONDITIONAL_GEOMETRY_NOT_EVENT_LOCATION
3319,108.78745985,-0.19526672,3897.970703,4108.356425,210.385722,False,False,False,False,DERIVED_CONDITIONAL_GEOMETRY_NOT_EVENT_LOCATION
3320,108.78710651,-0.21514893,3895.784859,4107.839639,212.054780,False,False,False,False,DERIVED_CONDITIONAL_GEOMETRY_NOT_EVENT_LOCATION
3321,108.78675318,-0.23503113,3893.599040,4107.323818,213.724778,False,False,False,False,DERIVED_CONDITIONAL_GEOMETRY_NOT_EVENT_LOCATION
3322,108.78639984,-0.25491333,3891.413246,4106.808962,215.395716,False,False,False,False,DERIVED_CONDITIONAL_GEOMETRY_NOT_EVENT_LOCATION
3323,108.78604650,-0.27479553,3889.227477,4106.295072,217.067595,False,False,False,False,DERIVED_CONDITIONAL_GEOMETRY_NOT_EVENT_LOCATION
3324,108.78569317,-0.29467773,3887.041733,4105.782148,218.740415,False,False,False,False,DERIVED_CONDITIONAL_GEOMETRY_NOT_EVENT_LOCATION
3325,108.78533983,-0.31455994,3884.856014,4105.270191,220.414177,False,False,False,False,DERIVED_CONDITIONAL_GEOMETRY_NOT_EVENT_LOCATION
3326,108.78498650,-0.33444214,3882.670320,4104.759200,222.088880,False,False,False,False,DERIVED_CONDITIONAL_GEOMETRY_NOT_EVENT_LOCATION
3327,108.78463316,-0.35432434,3880.484652,4104.249177,223.764525,False,False,False,False,DERIVED_CONDITIONAL_GEOMETRY_NOT_EVENT_LOCATION
3328,108.78427982,-0.37420654,3878.299008,4103.740121,225.441113,False,False,False,False,DERIVED_CONDITIONAL_GEOMETRY_NOT_EVENT_LOCATION
3329,108.78392649,-0.39408875,3876.113390,4103.232034,227.118644,False,False,False,False,DERIVED_CONDITIONAL_GEOMETRY_NOT_EVENT_LOCATION
3330,108.78357315,-0.41397095,3873.927797,4102.724915,228.797117,False,False,False,False,DERIVED_CONDITIONAL_GEOMETRY_NOT_EVENT_LOCATION
3331,108.78321981,-0.43385315,3871.742230,4102.218764,230.476534,False,False,False,False,DERIVED_CONDITIONAL_GEOMETRY_NOT_EVENT_LOCATION
3332,108.78286648,-0.45373535,3869.556688,4101.713583,232.156895,False,False,False,False,DERIVED_CONDITIONAL_GEOMETRY_NOT_EVENT_LOCATION
3333,108.78251314,-0.47361755,3867.371171,4101.209371,233.838200,False,False,False,False,DERIVED_CONDITIONAL_GEOMETRY_NOT_EVENT_LOCATION
3334,108.78215981,-0.49349976,3865.185680,4100.706129,235.520449,False,False,False,False,DERIVED_CONDITIONAL_GEOMETRY_NOT_EVENT_LOCATION
3335,108.78180647,-0.51338196,3863.000214,4100.203857,237.203643,False,False,False,False,DERIVED_CONDITIONAL_GEOMETRY_NOT_EVENT_LOCATION
3336,108.78145313,-0.53326416,3860.814773,4099.702556,238.887783,False,False,False,False,DERIVED_CONDITIONAL_GEOMETRY_NOT_EVENT_LOCATION
3337,108.78109980,-0.55314636,3858.629359,4099.202226,240.572867,False,False,False,False,DERIVED_CONDITIONAL_GEOMETRY_NOT_EVENT_LOCATION
3338,108.78074646,-0.57302856,3856.443970,4098.702867,242.258897,False,False,False,False,DERIVED_CONDITIONAL_GEOMETRY_NOT_EVENT_LOCATION
3339,108.78016901,-0.59290504,3854.262594,4098.180237,243.917643,False,False,False,False,DERIVED_CONDITIONAL_GEOMETRY_NOT_EVENT_LOCATION
3340,108.77959156,-0.61278152,3852.081249,4097.658575,245.577326,False,False,False,False,DERIVED_CONDITIONAL_GEOMETRY_NOT_EVENT_LOCATION
3341,108.77901411,-0.63265800,3849.899932,4097.137880,247.237947,False,False,False,False,DERIVED_CONDITIONAL_GEOMETRY_NOT_EVENT_LOCATION
3342,108.77843666,-0.65253448,3847.718646,4096.618152,248.899506,False,False,False,False,DERIVED_CONDITIONAL_GEOMETRY_NOT_EVENT_LOCATION
3343,108.77785921,-0.67241096,3845.537389,4096.099393,250.562004,False,False,False,False,DERIVED_CONDITIONAL_GEOMETRY_NOT_EVENT_LOCATION
3344,108.77728176,-0.69228745,3843.356162,4095.581603,252.225441,False,False,False,False,DERIVED_CONDITIONAL_GEOMETRY_NOT_EVENT_LOCATION
3345,108.77670431,-0.71216393,3841.174965,4095.064781,253.889816,False,False,False,False,DERIVED_CONDITIONAL_GEOMETRY_NOT_EVENT_LOCATION
3346,108.77612686,-0.73204041,3838.993798,4094.548929,255.555132,False,False,False,False,DERIVED_CONDITIONAL_GEOMETRY_NOT_EVENT_LOCATION
3347,108.77554941,-0.75191689,3836.812660,4094.034047,257.221387,False,False,False,False,DERIVED_CONDITIONAL_GEOMETRY_NOT_EVENT_LOCATION
3348,108.77497196,-0.77179337,3834.631553,4093.520135,258.888582,False,False,False,False,DERIVED_CONDITIONAL_GEOMETRY_NOT_EVENT_LOCATION
3349,108.77439451,-0.79166985,3832.450476,4093.007193,260.556718,False,False,False,False,DERIVED_CONDITIONAL_GEOMETRY_NOT_EVENT_LOCATION
3350,108.77381706,-0.81154633,3830.269428,4092.495222,262.225794,False,False,False,False,DERIVED_CONDITIONAL_GEOMETRY_NOT_EVENT_LOCATION
3351,108.77323961,-0.83142281,3828.088411,4091.984223,263.895812,False,False,False,False,DERIVED_CONDITIONAL_GEOMETRY_NOT_EVENT_LOCATION
3352,108.77266216,-0.85129929,3825.907424,4091.474196,265.566772,False,False,False,False,DERIVED_CONDITIONAL_GEOMETRY_NOT_EVENT_LOCATION
3353,108.77208471,-0.87117577,3823.726467,4090.965140,267.238673,False,False,False,False,DERIVED_CONDITIONAL_GEOMETRY_NOT_EVENT_LOCATION
3354,108.77150726,-0.89105225,3821.545541,4090.457057,268.911516,False,False,False,False,DERIVED_CONDITIONAL_GEOMETRY_NOT_EVENT_LOCATION
3355,108.77092981,-0.91092873,3819.364645,4089.949947,270.585302,False,False,False,False,DERIVED_CONDITIONAL_GEOMETRY_NOT_EVENT_LOCATION
3356,108.77035236,-0.93080521,3817.183779,4089.443810,272.260031,False,False,False,False,DERIVED_CONDITIONAL_GEOMETRY_NOT_EVENT_LOCATION
3357,108.76977491,-0.95068169,3815.002944,4088.938647,273.935703,False,False,False,False,DERIVED_CONDITIONAL_GEOMETRY_NOT_EVENT_LOCATION
3358,108.76919746,-0.97055817,3812.822139,4088.434458,275.612319,False,False,False,False,DERIVED_CONDITIONAL_GEOMETRY_NOT_EVENT_LOCATION
3359,108.76862001,-0.99043465,3810.641364,4087.931243,277.289879,False,False,False,False,DERIVED_CONDITIONAL_GEOMETRY_NOT_EVENT_LOCATION
3360,108.76804256,-1.01031113,3808.460621,4087.429003,278.968383,False,False,False,False,DERIVED_CONDITIONAL_GEOMETRY_NOT_EVENT_LOCATION
3361,108.76746511,-1.03018761,3806.279907,4086.927738,280.647831,False,False,False,False,DERIVED_CONDITIONAL_GEOMETRY_NOT_EVENT_LOCATION
3362,108.76688766,-1.05006409,3804.099225,4086.427449,282.328224,False,False,False,False,DERIVED_CONDITIONAL_GEOMETRY_NOT_EVENT_LOCATION
3363,108.76631021,-1.06994057,3801.918573,4085.928136,284.009562,False,False,False,False,DERIVED_CONDITIONAL_GEOMETRY_NOT_EVENT_LOCATION
3364,108.76573277,-1.08981705,3799.737952,4085.429799,285.691846,False,False,False,False,DERIVED_CONDITIONAL_GEOMETRY_NOT_EVENT_LOCATION
3365,108.76515532,-1.10969353,3797.557362,4084.932438,287.375076,False,False,False,False,DERIVED_CONDITIONAL_GEOMETRY_NOT_EVENT_LOCATION
3366,108.76457787,-1.12957001,3795.376803,4084.436055,289.059252,False,False,False,False,DERIVED_CONDITIONAL_GEOMETRY_NOT_EVENT_LOCATION
3367,108.76400042,-1.14944649,3793.196275,4083.940649,290.744375,False,False,False,False,DERIVED_CONDITIONAL_GEOMETRY_NOT_EVENT_LOCATION
3368,108.76342297,-1.16932297,3791.015777,4083.446221,292.430444,False,False,False,False,DERIVED_CONDITIONAL_GEOMETRY_NOT_EVENT_LOCATION
3369,108.76284552,-1.18919945,3788.835311,4082.952771,294.117460,False,False,False,False,DERIVED_CONDITIONAL_GEOMETRY_NOT_EVENT_LOCATION
3370,108.76226807,-1.20907593,3786.654876,4082.460300,295.805424,False,False,False,False,DERIVED_CONDITIONAL_GEOMETRY_NOT_EVENT_LOCATION
3371,108.76146603,-1.22894382,3784.478848,4081.944498,297.465650,False,False,False,False,DERIVED_CONDITIONAL_GEOMETRY_NOT_EVENT_LOCATION
3372,108.76066399,-1.24881172,3782.302855,4081.429670,299.126815,False,False,False,False,DERIVED_CONDITIONAL_GEOMETRY_NOT_EVENT_LOCATION
3373,108.75986195,-1.26867962,3780.126897,4080.915817,300.788919,False,False,False,False,DERIVED_CONDITIONAL_GEOMETRY_NOT_EVENT_LOCATION
3374,108.75905991,-1.28854752,3777.950976,4080.402939,302.451963,False,False,False,False,DERIVED_CONDITIONAL_GEOMETRY_NOT_EVENT_LOCATION
3375,108.75825787,-1.30841541,3775.775090,4079.891037,304.115947,False,False,False,False,DERIVED_CONDITIONAL_GEOMETRY_NOT_EVENT_LOCATION
3376,108.75745583,-1.32828331,3773.599239,4079.380111,305.780871,False,False,False,False,DERIVED_CONDITIONAL_GEOMETRY_NOT_EVENT_LOCATION
3377,108.75665379,-1.34815121,3771.423425,4078.870161,307.446736,False,False,False,False,DERIVED_CONDITIONAL_GEOMETRY_NOT_EVENT_LOCATION
3378,108.75585175,-1.36801910,3769.247646,4078.361188,309.113542,False,False,False,False,DERIVED_CONDITIONAL_GEOMETRY_NOT_EVENT_LOCATION
3379,108.75504971,-1.38788700,3767.071903,4077.853193,310.781290,False,False,False,False,DERIVED_CONDITIONAL_GEOMETRY_NOT_EVENT_LOCATION
3380,108.75424767,-1.40775490,3764.896196,4077.346175,312.449978,False,False,False,False,DERIVED_CONDITIONAL_GEOMETRY_NOT_EVENT_LOCATION
3381,108.75344563,-1.42762280,3762.720525,4076.840135,314.119609,False,False,False,False,DERIVED_CONDITIONAL_GEOMETRY_NOT_EVENT_LOCATION
3382,108.75264359,-1.44749069,3760.544890,4076.335073,315.790183,False,False,False,False,DERIVED_CONDITIONAL_GEOMETRY_NOT_EVENT_LOCATION
3383,108.75184155,-1.46735859,3758.369292,4075.830990,317.461699,False,False,False,False,DERIVED_CONDITIONAL_GEOMETRY_NOT_EVENT_LOCATION
3384,108.75103951,-1.48722649,3756.193729,4075.327887,319.134158,False,False,False,False,DERIVED_CONDITIONAL_GEOMETRY_NOT_EVENT_LOCATION
3385,108.75023746,-1.50709438,3754.018203,4074.825763,320.807560,False,False,False,False,DERIVED_CONDITIONAL_GEOMETRY_NOT_EVENT_LOCATION
3386,108.74943542,-1.52696228,3751.842713,4074.324619,322.481906,False,False,False,False,DERIVED_CONDITIONAL_GEOMETRY_NOT_EVENT_LOCATION
3387,108.74863338,-1.54683018,3749.667259,4073.824455,324.157196,False,False,False,False,DERIVED_CONDITIONAL_GEOMETRY_NOT_EVENT_LOCATION
3388,108.74783134,-1.56669807,3747.491842,4073.325272,325.833430,False,False,False,False,DERIVED_CONDITIONAL_GEOMETRY_NOT_EVENT_LOCATION
3389,108.74702930,-1.58656597,3745.316462,4072.827070,327.510609,False,False,False,False,DERIVED_CONDITIONAL_GEOMETRY_NOT_EVENT_LOCATION
3390,108.74622726,-1.60643387,3743.141117,4072.329850,329.188733,False,False,False,False,DERIVED_CONDITIONAL_GEOMETRY_NOT_EVENT_LOCATION
3391,108.74542522,-1.62630177,3740.965810,4071.833612,330.867802,False,False,False,False,DERIVED_CONDITIONAL_GEOMETRY_NOT_EVENT_LOCATION
3392,108.74462318,-1.64616966,3738.790539,4071.338356,332.547816,False,False,False,False,DERIVED_CONDITIONAL_GEOMETRY_NOT_EVENT_LOCATION
3393,108.74382114,-1.66603756,3736.615305,4070.844082,334.228777,False,False,False,False,DERIVED_CONDITIONAL_GEOMETRY_NOT_EVENT_LOCATION
3394,108.74301910,-1.68590546,3734.440108,4070.350792,335.910684,False,False,False,False,DERIVED_CONDITIONAL_GEOMETRY_NOT_EVENT_LOCATION
3395,108.74221706,-1.70577335,3732.264947,4069.858485,337.593538,False,False,False,False,DERIVED_CONDITIONAL_GEOMETRY_NOT_EVENT_LOCATION
3396,108.74141502,-1.72564125,3730.089824,4069.367162,339.277338,False,False,False,False,DERIVED_CONDITIONAL_GEOMETRY_NOT_EVENT_LOCATION
3397,108.74061298,-1.74550915,3727.914737,4068.876823,340.962086,False,False,False,False,DERIVED_CONDITIONAL_GEOMETRY_NOT_EVENT_LOCATION
3398,108.73981094,-1.76537704,3725.739688,4068.387469,342.647781,False,False,False,False,DERIVED_CONDITIONAL_GEOMETRY_NOT_EVENT_LOCATION
3399,108.73900890,-1.78524494,3723.564675,4067.899099,344.334424,False,False,False,False,DERIVED_CONDITIONAL_GEOMETRY_NOT_EVENT_LOCATION
3400,108.73820686,-1.80511284,3721.389700,4067.411715,346.022015,False,False,False,False,DERIVED_CONDITIONAL_GEOMETRY_NOT_EVENT_LOCATION
3401,108.73740482,-1.82498074,3719.214762,4066.925317,347.710555,False,False,False,False,DERIVED_CONDITIONAL_GEOMETRY_NOT_EVENT_LOCATION
3402,108.73660278,-1.84484863,3717.039862,4066.439905,349.400044,False,False,False,False,DERIVED_CONDITIONAL_GEOMETRY_NOT_EVENT_LOCATION
3403,108.73557615,-1.86470699,3714.869551,4065.931115,351.061564,False,False,False,False,DERIVED_CONDITIONAL_GEOMETRY_NOT_EVENT_LOCATION
3404,108.73454952,-1.88456535,3712.699282,4065.423306,352.724024,False,False,False,False,DERIVED_CONDITIONAL_GEOMETRY_NOT_EVENT_LOCATION
3405,108.73352289,-1.90442371,3710.529056,4064.916481,354.387425,False,False,False,False,DERIVED_CONDITIONAL_GEOMETRY_NOT_EVENT_LOCATION
3406,108.73249626,-1.92428207,3708.358872,4064.410639,356.051767,False,False,False,False,DERIVED_CONDITIONAL_GEOMETRY_NOT_EVENT_LOCATION
3407,108.73146963,-1.94414043,3706.188730,4063.905780,357.717050,False,False,False,False,DERIVED_CONDITIONAL_GEOMETRY_NOT_EVENT_LOCATION
3408,108.73044300,-1.96399879,3704.018631,4063.401905,359.383275,False,False,False,False,DERIVED_CONDITIONAL_GEOMETRY_NOT_EVENT_LOCATION
3409,108.72941637,-1.98385715,3701.848574,4062.899015,361.050442,False,False,False,False,DERIVED_CONDITIONAL_GEOMETRY_NOT_EVENT_LOCATION
3410,108.72838974,-2.00371552,3699.678559,4062.397110,362.718551,False,False,False,False,DERIVED_CONDITIONAL_GEOMETRY_NOT_EVENT_LOCATION
3411,108.72736311,-2.02357388,3697.508587,4061.896190,364.387602,False,False,False,False,DERIVED_CONDITIONAL_GEOMETRY_NOT_EVENT_LOCATION
3412,108.72633648,-2.04343224,3695.338658,4061.396255,366.057597,False,False,False,False,DERIVED_CONDITIONAL_GEOMETRY_NOT_EVENT_LOCATION
3413,108.72530985,-2.06329060,3693.168772,4060.897307,367.728535,False,False,False,False,DERIVED_CONDITIONAL_GEOMETRY_NOT_EVENT_LOCATION
3414,108.72428322,-2.08314896,3690.998929,4060.399344,369.400416,False,False,False,False,DERIVED_CONDITIONAL_GEOMETRY_NOT_EVENT_LOCATION
3415,108.72325659,-2.10300732,3688.829128,4059.902369,371.073241,False,False,False,False,DERIVED_CONDITIONAL_GEOMETRY_NOT_EVENT_LOCATION
3416,108.72222996,-2.12286568,3686.659370,4059.406381,372.747011,False,False,False,False,DERIVED_CONDITIONAL_GEOMETRY_NOT_EVENT_LOCATION
3417,108.72120333,-2.14272404,3684.489656,4058.911380,374.421725,False,False,False,False,DERIVED_CONDITIONAL_GEOMETRY_NOT_EVENT_LOCATION
3418,108.72017670,-2.16258240,3682.319984,4058.417368,376.097383,False,False,False,False,DERIVED_CONDITIONAL_GEOMETRY_NOT_EVENT_LOCATION
3419,108.71915007,-2.18244076,3680.150356,4057.924343,377.773987,False,False,False,False,DERIVED_CONDITIONAL_GEOMETRY_NOT_EVENT_LOCATION
3420,108.71812344,-2.20229912,3677.980771,4057.432308,379.451537,False,False,False,False,DERIVED_CONDITIONAL_GEOMETRY_NOT_EVENT_LOCATION
3421,108.71709681,-2.22215748,3675.811229,4056.941262,381.130032,False,False,False,False,DERIVED_CONDITIONAL_GEOMETRY_NOT_EVENT_LOCATION
3422,108.71607018,-2.24201584,3673.641731,4056.451205,382.809474,False,False,False,False,DERIVED_CONDITIONAL_GEOMETRY_NOT_EVENT_LOCATION
3423,108.71504354,-2.26187420,3671.472276,4055.962138,384.489862,False,False,False,False,DERIVED_CONDITIONAL_GEOMETRY_NOT_EVENT_LOCATION
3424,108.71401691,-2.28173256,3669.302865,4055.474062,386.171197,False,False,False,False,DERIVED_CONDITIONAL_GEOMETRY_NOT_EVENT_LOCATION
3425,108.71299028,-2.30159092,3667.133497,4054.986976,387.853478,False,False,False,False,DERIVED_CONDITIONAL_GEOMETRY_NOT_EVENT_LOCATION
3426,108.71196365,-2.32144928,3664.964174,4054.500881,389.536708,False,False,False,False,DERIVED_CONDITIONAL_GEOMETRY_NOT_EVENT_LOCATION
3427,108.71093702,-2.34130764,3662.794893,4054.015778,391.220885,False,False,False,False,DERIVED_CONDITIONAL_GEOMETRY_NOT_EVENT_LOCATION
3428,108.70991039,-2.36116600,3660.625657,4053.531667,392.906010,False,False,False,False,DERIVED_CONDITIONAL_GEOMETRY_NOT_EVENT_LOCATION
3429,108.70888376,-2.38102436,3658.456465,4053.048548,394.592083,False,False,False,False,DERIVED_CONDITIONAL_GEOMETRY_NOT_EVENT_LOCATION
3430,108.70785713,-2.40088272,3656.287317,4052.566422,396.279105,False,False,False,False,DERIVED_CONDITIONAL_GEOMETRY_NOT_EVENT_LOCATION
3431,108.70683050,-2.42074108,3654.118212,4052.085289,397.967076,False,False,False,False,DERIVED_CONDITIONAL_GEOMETRY_NOT_EVENT_LOCATION
3432,108.70580387,-2.44059944,3651.949152,4051.605149,399.655997,False,False,False,False,DERIVED_CONDITIONAL_GEOMETRY_NOT_EVENT_LOCATION
3433,108.70477724,-2.46045780,3649.780136,4051.126003,401.345867,False,False,False,False,DERIVED_CONDITIONAL_GEOMETRY_NOT_EVENT_LOCATION
3434,108.70375061,-2.48031616,3647.611165,4050.647851,403.036687,False,False,False,False,DERIVED_CONDITIONAL_GEOMETRY_NOT_EVENT_LOCATION
3435,108.70249844,-2.50016022,3645.447409,4050.146244,404.698835,False,False,False,False,DERIVED_CONDITIONAL_GEOMETRY_NOT_EVENT_LOCATION
3436,108.70124626,-2.52000427,3643.283703,4049.645628,406.361925,False,False,False,False,DERIVED_CONDITIONAL_GEOMETRY_NOT_EVENT_LOCATION
3437,108.69999409,-2.53984833,3641.120046,4049.146002,408.025956,False,False,False,False,DERIVED_CONDITIONAL_GEOMETRY_NOT_EVENT_LOCATION
3438,108.69874191,-2.55969238,3638.956439,4048.647367,409.690928,False,False,False,False,DERIVED_CONDITIONAL_GEOMETRY_NOT_EVENT_LOCATION
3439,108.69748974,-2.57953644,3636.792882,4048.149725,411.356843,False,False,False,False,DERIVED_CONDITIONAL_GEOMETRY_NOT_EVENT_LOCATION
3440,108.69623756,-2.59938049,3634.629375,4047.653074,413.023699,False,False,False,False,DERIVED_CONDITIONAL_GEOMETRY_NOT_EVENT_LOCATION
3441,108.69498539,-2.61922455,3632.465918,4047.157416,414.691498,False,False,False,False,DERIVED_CONDITIONAL_GEOMETRY_NOT_EVENT_LOCATION
3442,108.69373322,-2.63906860,3630.302511,4046.662751,416.360240,False,False,False,False,DERIVED_CONDITIONAL_GEOMETRY_NOT_EVENT_LOCATION
3443,108.69248104,-2.65891266,3628.139154,4046.169079,418.029925,False,False,False,False,DERIVED_CONDITIONAL_GEOMETRY_NOT_EVENT_LOCATION
3444,108.69122887,-2.67875671,3625.975848,4045.676401,419.700553,False,False,False,False,DERIVED_CONDITIONAL_GEOMETRY_NOT_EVENT_LOCATION
3445,108.68997669,-2.69860077,3623.812592,4045.184717,421.372126,False,False,False,False,DERIVED_CONDITIONAL_GEOMETRY_NOT_EVENT_LOCATION
3446,108.68872452,-2.71844482,3621.649386,4044.694028,423.044642,False,False,False,False,DERIVED_CONDITIONAL_GEOMETRY_NOT_EVENT_LOCATION
3447,108.68747234,-2.73828888,3619.486231,4044.204333,424.718103,False,False,False,False,DERIVED_CONDITIONAL_GEOMETRY_NOT_EVENT_LOCATION
3448,108.68622017,-2.75813293,3617.323126,4043.715634,426.392508,False,False,False,False,DERIVED_CONDITIONAL_GEOMETRY_NOT_EVENT_LOCATION
3449,108.68496799,-2.77797699,3615.160072,4043.227931,428.067859,False,False,False,False,DERIVED_CONDITIONAL_GEOMETRY_NOT_EVENT_LOCATION
3450,108.68371582,-2.79782104,3612.997069,4042.741224,429.744155,False,False,False,False,DERIVED_CONDITIONAL_GEOMETRY_NOT_EVENT_LOCATION
3451,108.68246365,-2.81766510,3610.834117,4042.255513,431.421396,False,False,False,False,DERIVED_CONDITIONAL_GEOMETRY_NOT_EVENT_LOCATION
3452,108.68121147,-2.83750916,3608.671216,4041.770799,433.099584,False,False,False,False,DERIVED_CONDITIONAL_GEOMETRY_NOT_EVENT_LOCATION
3453,108.67995930,-2.85735321,3606.508365,4041.287083,434.778718,False,False,False,False,DERIVED_CONDITIONAL_GEOMETRY_NOT_EVENT_LOCATION
3454,108.67870712,-2.87719727,3604.345566,4040.804364,436.458798,False,False,False,False,DERIVED_CONDITIONAL_GEOMETRY_NOT_EVENT_LOCATION
3455,108.67745495,-2.89704132,3602.182818,4040.322644,438.139825,False,False,False,False,DERIVED_CONDITIONAL_GEOMETRY_NOT_EVENT_LOCATION
3456,108.67620277,-2.91688538,3600.020122,4039.841922,439.821800,False,False,False,False,DERIVED_CONDITIONAL_GEOMETRY_NOT_EVENT_LOCATION
3457,108.67495060,-2.93672943,3597.857477,4039.362199,441.504722,False,False,False,False,DERIVED_CONDITIONAL_GEOMETRY_NOT_EVENT_LOCATION
3458,108.67369843,-2.95657349,3595.694883,4038.883475,443.188592,False,False,False,False,DERIVED_CONDITIONAL_GEOMETRY_NOT_EVENT_LOCATION
3459,108.67244625,-2.97641754,3593.532341,4038.405751,444.873410,False,False,False,False,DERIVED_CONDITIONAL_GEOMETRY_NOT_EVENT_LOCATION
3460,108.67119408,-2.99626160,3591.369850,4037.929027,446.559177,False,False,False,False,DERIVED_CONDITIONAL_GEOMETRY_NOT_EVENT_LOCATION
3461,108.66994190,-3.01610565,3589.207412,4037.453304,448.245892,False,False,False,False,DERIVED_CONDITIONAL_GEOMETRY_NOT_EVENT_LOCATION
3462,108.66868973,-3.03594971,3587.045025,4036.978581,449.933556,False,False,False,False,DERIVED_CONDITIONAL_GEOMETRY_NOT_EVENT_LOCATION
3463,108.66743755,-3.05579376,3584.882690,4036.504860,451.622170,False,False,False,False,DERIVED_CONDITIONAL_GEOMETRY_NOT_EVENT_LOCATION
3464,108.66618538,-3.07563782,3582.720407,4036.032140,453.311733,False,False,False,False,DERIVED_CONDITIONAL_GEOMETRY_NOT_EVENT_LOCATION
3465,108.66493320,-3.09548187,3580.558176,4035.560423,455.002247,False,False,False,False,DERIVED_CONDITIONAL_GEOMETRY_NOT_EVENT_LOCATION
3466,108.66368103,-3.11532593,3578.395997,4035.089707,456.693710,False,False,False,False,DERIVED_CONDITIONAL_GEOMETRY_NOT_EVENT_LOCATION
3467,108.66220331,-3.13515377,3576.239338,4034.595509,458.356171,False,False,False,False,DERIVED_CONDITIONAL_GEOMETRY_NOT_EVENT_LOCATION
3468,108.66072559,-3.15498161,3574.082737,4034.102310,460.019573,False,False,False,False,DERIVED_CONDITIONAL_GEOMETRY_NOT_EVENT_LOCATION
3469,108.65924788,-3.17480946,3571.926194,4033.610110,461.683916,False,False,False,False,DERIVED_CONDITIONAL_GEOMETRY_NOT_EVENT_LOCATION
3470,108.65777016,-3.19463730,3569.769709,4033.118910,463.349201,False,False,False,False,DERIVED_CONDITIONAL_GEOMETRY_NOT_EVENT_LOCATION
3471,108.65629244,-3.21446514,3567.613282,4032.628710,465.015428,False,False,False,False,DERIVED_CONDITIONAL_GEOMETRY_NOT_EVENT_LOCATION
3472,108.65481472,-3.23429298,3565.456914,4032.139511,466.682597,False,False,False,False,DERIVED_CONDITIONAL_GEOMETRY_NOT_EVENT_LOCATION
3473,108.65333700,-3.25412083,3563.300604,4031.651313,468.350709,False,False,False,False,DERIVED_CONDITIONAL_GEOMETRY_NOT_EVENT_LOCATION
3474,108.65185928,-3.27394867,3561.144353,4031.164116,470.019764,False,False,False,False,DERIVED_CONDITIONAL_GEOMETRY_NOT_EVENT_LOCATION
3475,108.65038157,-3.29377651,3558.988160,4030.677922,471.689762,False,False,False,False,DERIVED_CONDITIONAL_GEOMETRY_NOT_EVENT_LOCATION
3476,108.64890385,-3.31360435,3556.832026,4030.192730,473.360703,False,False,False,False,DERIVED_CONDITIONAL_GEOMETRY_NOT_EVENT_LOCATION
3477,108.64742613,-3.33343220,3554.675951,4029.708540,475.032589,False,False,False,False,DERIVED_CONDITIONAL_GEOMETRY_NOT_EVENT_LOCATION
3478,108.64594841,-3.35326004,3552.519935,4029.225354,476.705418,False,False,False,False,DERIVED_CONDITIONAL_GEOMETRY_NOT_EVENT_LOCATION
3479,108.64447069,-3.37308788,3550.363978,4028.743171,478.379192,False,False,False,False,DERIVED_CONDITIONAL_GEOMETRY_NOT_EVENT_LOCATION
3480,108.64299297,-3.39291573,3548.208080,4028.261992,480.053911,False,False,False,False,DERIVED_CONDITIONAL_GEOMETRY_NOT_EVENT_LOCATION
3481,108.64151525,-3.41274357,3546.052242,4027.781817,481.729575,False,False,False,False,DERIVED_CONDITIONAL_GEOMETRY_NOT_EVENT_LOCATION
3482,108.64003754,-3.43257141,3543.896463,4027.302647,483.406184,False,False,False,False,DERIVED_CONDITIONAL_GEOMETRY_NOT_EVENT_LOCATION
3483,108.63855982,-3.45239925,3541.740743,4026.824482,485.083739,False,False,False,False,DERIVED_CONDITIONAL_GEOMETRY_NOT_EVENT_LOCATION
3484,108.63708210,-3.47222710,3539.585083,4026.347323,486.762240,False,False,False,False,DERIVED_CONDITIONAL_GEOMETRY_NOT_EVENT_LOCATION
3485,108.63560438,-3.49205494,3537.429483,4025.871170,488.441687,False,False,False,False,DERIVED_CONDITIONAL_GEOMETRY_NOT_EVENT_LOCATION
3486,108.63412666,-3.51188278,3535.273942,4025.396023,490.122081,False,False,False,False,DERIVED_CONDITIONAL_GEOMETRY_NOT_EVENT_LOCATION
3487,108.63264894,-3.53171062,3533.118461,4024.921883,491.803422,False,False,False,False,DERIVED_CONDITIONAL_GEOMETRY_NOT_EVENT_LOCATION
3488,108.63117123,-3.55153847,3530.963041,4024.448750,493.485709,False,False,False,False,DERIVED_CONDITIONAL_GEOMETRY_NOT_EVENT_LOCATION
3489,108.62969351,-3.57136631,3528.807680,4023.976624,495.168944,False,False,False,False,DERIVED_CONDITIONAL_GEOMETRY_NOT_EVENT_LOCATION
3490,108.62821579,-3.59119415,3526.652380,4023.505507,496.853127,False,False,False,False,DERIVED_CONDITIONAL_GEOMETRY_NOT_EVENT_LOCATION
3491,108.62673807,-3.61102200,3524.497139,4023.035398,498.538258,False,False,False,False,DERIVED_CONDITIONAL_GEOMETRY_NOT_EVENT_LOCATION
3492,108.62526035,-3.63084984,3522.341960,4022.566297,500.224338,False,False,False,False,DERIVED_CONDITIONAL_GEOMETRY_NOT_EVENT_LOCATION
3493,108.62378263,-3.65067768,3520.186840,4022.098206,501.911366,False,False,False,False,DERIVED_CONDITIONAL_GEOMETRY_NOT_EVENT_LOCATION
3494,108.62230492,-3.67050552,3518.031782,4021.631124,503.599342,False,False,False,False,DERIVED_CONDITIONAL_GEOMETRY_NOT_EVENT_LOCATION
3495,108.62082720,-3.69033337,3515.876784,4021.165053,505.288269,False,False,False,False,DERIVED_CONDITIONAL_GEOMETRY_NOT_EVENT_LOCATION
3496,108.61934948,-3.71016121,3513.721847,4020.699991,506.978144,False,False,False,False,DERIVED_CONDITIONAL_GEOMETRY_NOT_EVENT_LOCATION
3497,108.61787176,-3.72998905,3511.566971,4020.235940,508.668969,False,False,False,False,DERIVED_CONDITIONAL_GEOMETRY_NOT_EVENT_LOCATION
3498,108.61639404,-3.74981689,3509.412156,4019.772901,510.360745,False,False,False,False,DERIVED_CONDITIONAL_GEOMETRY_NOT_EVENT_LOCATION
3499,108.61469030,-3.76962662,3507.263180,4019.286300,512.023119,False,False,False,False,DERIVED_CONDITIONAL_GEOMETRY_NOT_EVENT_LOCATION
3500,108.61298656,-3.78943634,3505.114272,4018.800707,513.686435,False,False,False,False,DERIVED_CONDITIONAL_GEOMETRY_NOT_EVENT_LOCATION
3501,108.61128283,-3.80924606,3502.965431,4018.316122,515.350691,False,False,False,False,DERIVED_CONDITIONAL_GEOMETRY_NOT_EVENT_LOCATION
3502,108.60957909,-3.82905579,3500.816658,4017.832546,517.015888,False,False,False,False,DERIVED_CONDITIONAL_GEOMETRY_NOT_EVENT_LOCATION
3503,108.60787535,-3.84886551,3498.667953,4017.349980,518.682027,False,False,False,False,DERIVED_CONDITIONAL_GEOMETRY_NOT_EVENT_LOCATION
3504,108.60617161,-3.86867523,3496.519315,4016.868423,520.349108,False,False,False,False,DERIVED_CONDITIONAL_GEOMETRY_NOT_EVENT_LOCATION
3505,108.60446787,-3.88848495,3494.370746,4016.387876,522.017131,False,False,False,False,DERIVED_CONDITIONAL_GEOMETRY_NOT_EVENT_LOCATION
3506,108.60276413,-3.90829468,3492.222244,4015.908340,523.686096,False,False,False,False,DERIVED_CONDITIONAL_GEOMETRY_NOT_EVENT_LOCATION
3507,108.60106039,-3.92810440,3490.073811,4015.429815,525.356004,False,False,False,False,DERIVED_CONDITIONAL_GEOMETRY_NOT_EVENT_LOCATION
3508,108.59935665,-3.94791412,3487.925445,4014.952301,527.026855,False,False,False,False,DERIVED_CONDITIONAL_GEOMETRY_NOT_EVENT_LOCATION
3509,108.59765291,-3.96772385,3485.777149,4014.475799,528.698650,False,False,False,False,DERIVED_CONDITIONAL_GEOMETRY_NOT_EVENT_LOCATION
3510,108.59594917,-3.98753357,3483.628920,4014.000308,530.371388,False,False,False,False,DERIVED_CONDITIONAL_GEOMETRY_NOT_EVENT_LOCATION
3511,108.59424543,-4.00734329,3481.480761,4013.525831,532.045070,False,False,False,False,DERIVED_CONDITIONAL_GEOMETRY_NOT_EVENT_LOCATION
3512,108.59254169,-4.02715302,3479.332670,4013.052366,533.719696,False,False,False,False,DERIVED_CONDITIONAL_GEOMETRY_NOT_EVENT_LOCATION
3513,108.59083796,-4.04696274,3477.184648,4012.579915,535.395267,False,False,False,False,DERIVED_CONDITIONAL_GEOMETRY_NOT_EVENT_LOCATION
3514,108.58913422,-4.06677246,3475.036695,4012.108478,537.071783,False,False,False,False,DERIVED_CONDITIONAL_GEOMETRY_NOT_EVENT_LOCATION
3515,108.58743048,-4.08658218,3472.888811,4011.638054,538.749243,False,False,False,False,DERIVED_CONDITIONAL_GEOMETRY_NOT_EVENT_LOCATION
3516,108.58572674,-4.10639191,3470.740996,4011.168646,540.427649,False,False,False,False,DERIVED_CONDITIONAL_GEOMETRY_NOT_EVENT_LOCATION
3517,108.58402300,-4.12620163,3468.593251,4010.700252,542.107001,False,False,False,False,DERIVED_CONDITIONAL_GEOMETRY_NOT_EVENT_LOCATION
3518,108.58231926,-4.14601135,3466.445575,4010.232874,543.787299,False,False,False,False,DERIVED_CONDITIONAL_GEOMETRY_NOT_EVENT_LOCATION
3519,108.58061552,-4.16582108,3464.297969,4009.766511,545.468542,False,False,False,False,DERIVED_CONDITIONAL_GEOMETRY_NOT_EVENT_LOCATION
3520,108.57891178,-4.18563080,3462.150432,4009.301165,547.150732,False,False,False,False,DERIVED_CONDITIONAL_GEOMETRY_NOT_EVENT_LOCATION
3521,108.57720804,-4.20544052,3460.002966,4008.836835,548.833869,False,False,False,False,DERIVED_CONDITIONAL_GEOMETRY_NOT_EVENT_LOCATION
3522,108.57550430,-4.22525024,3457.855569,4008.373523,550.517954,False,False,False,False,DERIVED_CONDITIONAL_GEOMETRY_NOT_EVENT_LOCATION
3523,108.57380056,-4.24505997,3455.708242,4007.911227,552.202985,False,False,False,False,DERIVED_CONDITIONAL_GEOMETRY_NOT_EVENT_LOCATION
3524,108.57209682,-4.26486969,3453.560986,4007.449950,553.888964,False,False,False,False,DERIVED_CONDITIONAL_GEOMETRY_NOT_EVENT_LOCATION
3525,108.57039309,-4.28467941,3451.413800,4006.989691,555.575891,False,False,False,False,DERIVED_CONDITIONAL_GEOMETRY_NOT_EVENT_LOCATION
3526,108.56868935,-4.30448914,3449.266684,4006.530450,557.263766,False,False,False,False,DERIVED_CONDITIONAL_GEOMETRY_NOT_EVENT_LOCATION
3527,108.56698561,-4.32429886,3447.119639,4006.072229,558.952589,False,False,False,False,DERIVED_CONDITIONAL_GEOMETRY_NOT_EVENT_LOCATION
3528,108.56528187,-4.34410858,3444.972665,4005.615026,560.642361,False,False,False,False,DERIVED_CONDITIONAL_GEOMETRY_NOT_EVENT_LOCATION
3529,108.56357813,-4.36391830,3442.825761,4005.158844,562.333083,False,False,False,False,DERIVED_CONDITIONAL_GEOMETRY_NOT_EVENT_LOCATION
3530,108.56187439,-4.38372803,3440.678929,4004.703682,564.024753,False,False,False,False,DERIVED_CONDITIONAL_GEOMETRY_NOT_EVENT_LOCATION
3531,108.55994368,-4.40351582,3438.538483,4004.224856,565.686373,False,False,False,False,DERIVED_CONDITIONAL_GEOMETRY_NOT_EVENT_LOCATION
3532,108.55801296,-4.42330360,3436.398115,4003.747046,567.348932,False,False,False,False,DERIVED_CONDITIONAL_GEOMETRY_NOT_EVENT_LOCATION
3533,108.55608225,-4.44309139,3434.257825,4003.270255,569.012430,False,False,False,False,DERIVED_CONDITIONAL_GEOMETRY_NOT_EVENT_LOCATION
3534,108.55415154,-4.46287918,3432.117613,4002.794481,570.676869,False,False,False,False,DERIVED_CONDITIONAL_GEOMETRY_NOT_EVENT_LOCATION
3535,108.55222082,-4.48266697,3429.977479,4002.319726,572.342248,False,False,False,False,DERIVED_CONDITIONAL_GEOMETRY_NOT_EVENT_LOCATION
3536,108.55029011,-4.50245476,3427.837423,4001.845990,574.008567,False,False,False,False,DERIVED_CONDITIONAL_GEOMETRY_NOT_EVENT_LOCATION
3537,108.54835939,-4.52224255,3425.697446,4001.373273,575.675827,False,False,False,False,DERIVED_CONDITIONAL_GEOMETRY_NOT_EVENT_LOCATION
3538,108.54642868,-4.54203033,3423.557548,4000.901576,577.344028,False,False,False,False,DERIVED_CONDITIONAL_GEOMETRY_NOT_EVENT_LOCATION
3539,108.54449797,-4.56181812,3421.417728,4000.430899,579.013171,False,False,False,False,DERIVED_CONDITIONAL_GEOMETRY_NOT_EVENT_LOCATION
3540,108.54256725,-4.58160591,3419.277987,3999.961243,580.683255,False,False,False,False,DERIVED_CONDITIONAL_GEOMETRY_NOT_EVENT_LOCATION
3541,108.54063654,-4.60139370,3417.138326,3999.492607,582.354282,False,False,False,False,DERIVED_CONDITIONAL_GEOMETRY_NOT_EVENT_LOCATION
3542,108.53870583,-4.62118149,3414.998743,3999.024993,584.026250,False,False,False,False,DERIVED_CONDITIONAL_GEOMETRY_NOT_EVENT_LOCATION
3543,108.53677511,-4.64096928,3412.859240,3998.558401,585.699161,False,False,False,False,DERIVED_CONDITIONAL_GEOMETRY_NOT_EVENT_LOCATION
3544,108.53484440,-4.66075706,3410.719817,3998.092831,587.373015,False,False,False,False,DERIVED_CONDITIONAL_GEOMETRY_NOT_EVENT_LOCATION
3545,108.53291368,-4.68054485,3408.580473,3997.628284,589.047811,False,False,False,False,DERIVED_CONDITIONAL_GEOMETRY_NOT_EVENT_LOCATION
3546,108.53098297,-4.70033264,3406.441208,3997.164760,590.723551,False,False,False,False,DERIVED_CONDITIONAL_GEOMETRY_NOT_EVENT_LOCATION
3547,108.52905226,-4.72012043,3404.302024,3996.702259,592.400235,False,False,False,False,DERIVED_CONDITIONAL_GEOMETRY_NOT_EVENT_LOCATION
3548,108.52712154,-4.73990822,3402.162919,3996.240782,594.077862,False,False,False,False,DERIVED_CONDITIONAL_GEOMETRY_NOT_EVENT_LOCATION
3549,108.52519083,-4.75969601,3400.023895,3995.780329,595.756434,False,False,False,False,DERIVED_CONDITIONAL_GEOMETRY_NOT_EVENT_LOCATION
3550,108.52326012,-4.77948380,3397.884951,3995.320901,597.435949,False,False,False,False,DERIVED_CONDITIONAL_GEOMETRY_NOT_EVENT_LOCATION
3551,108.52132940,-4.79927158,3395.746088,3994.862498,599.116410,False,False,False,False,DERIVED_CONDITIONAL_GEOMETRY_NOT_EVENT_LOCATION
3552,108.51939869,-4.81905937,3393.607305,3994.405120,600.797815,False,False,False,False,DERIVED_CONDITIONAL_GEOMETRY_NOT_EVENT_LOCATION
3553,108.51746798,-4.83884716,3391.468603,3993.948769,602.480166,False,False,False,False,DERIVED_CONDITIONAL_GEOMETRY_NOT_EVENT_LOCATION
3554,108.51553726,-4.85863495,3389.329982,3993.493443,604.163462,False,False,False,False,DERIVED_CONDITIONAL_GEOMETRY_NOT_EVENT_LOCATION
3555,108.51360655,-4.87842274,3387.191442,3993.039145,605.847703,False,False,False,False,DERIVED_CONDITIONAL_GEOMETRY_NOT_EVENT_LOCATION
3556,108.51167583,-4.89821053,3385.052983,3992.585873,607.532891,False,False,False,False,DERIVED_CONDITIONAL_GEOMETRY_NOT_EVENT_LOCATION
3557,108.50974512,-4.91799831,3382.914605,3992.133630,609.219025,False,False,False,False,DERIVED_CONDITIONAL_GEOMETRY_NOT_EVENT_LOCATION
3558,108.50781441,-4.93778610,3380.776309,3991.682414,610.906105,False,False,False,False,DERIVED_CONDITIONAL_GEOMETRY_NOT_EVENT_LOCATION
3559,108.50588369,-4.95757389,3378.638094,3991.232226,612.594132,False,False,False,False,DERIVED_CONDITIONAL_GEOMETRY_NOT_EVENT_LOCATION
3560,108.50395298,-4.97736168,3376.499961,3990.783067,614.283106,False,False,False,False,DERIVED_CONDITIONAL_GEOMETRY_NOT_EVENT_LOCATION
3561,108.50202227,-4.99714947,3374.361910,3990.334937,615.973027,False,False,False,False,DERIVED_CONDITIONAL_GEOMETRY_NOT_EVENT_LOCATION
3562,108.50009155,-5.01693726,3372.223941,3989.887837,617.663896,False,False,False,False,DERIVED_CONDITIONAL_GEOMETRY_NOT_EVENT_LOCATION
3563,108.49793291,-5.03670120,3370.092706,3989.416943,619.324236,False,False,False,False,DERIVED_CONDITIONAL_GEOMETRY_NOT_EVENT_LOCATION
3564,108.49577427,-5.05646515,3367.961561,3988.947075,620.985514,False,False,False,False,DERIVED_CONDITIONAL_GEOMETRY_NOT_EVENT_LOCATION
3565,108.49361563,-5.07622910,3365.830505,3988.478235,622.647729,False,False,False,False,DERIVED_CONDITIONAL_GEOMETRY_NOT_EVENT_LOCATION
3566,108.49145699,-5.09599304,3363.699539,3988.010422,624.310883,False,False,False,False,DERIVED_CONDITIONAL_GEOMETRY_NOT_EVENT_LOCATION
3567,108.48929834,-5.11575699,3361.568664,3987.543637,625.974974,False,False,False,False,DERIVED_CONDITIONAL_GEOMETRY_NOT_EVENT_LOCATION
3568,108.48713970,-5.13552094,3359.437878,3987.077882,627.640004,False,False,False,False,DERIVED_CONDITIONAL_GEOMETRY_NOT_EVENT_LOCATION
3569,108.48498106,-5.15528488,3357.307182,3986.613155,629.305972,False,False,False,False,DERIVED_CONDITIONAL_GEOMETRY_NOT_EVENT_LOCATION
3570,108.48282242,-5.17504883,3355.176577,3986.149457,630.972880,False,False,False,False,DERIVED_CONDITIONAL_GEOMETRY_NOT_EVENT_LOCATION
3571,108.48066378,-5.19481277,3353.046063,3985.686789,632.640726,False,False,False,False,DERIVED_CONDITIONAL_GEOMETRY_NOT_EVENT_LOCATION
3572,108.47850513,-5.21457672,3350.915639,3985.225152,634.309512,False,False,False,False,DERIVED_CONDITIONAL_GEOMETRY_NOT_EVENT_LOCATION
3573,108.47634649,-5.23434067,3348.785307,3984.764545,635.979238,False,False,False,False,DERIVED_CONDITIONAL_GEOMETRY_NOT_EVENT_LOCATION
3574,108.47418785,-5.25410461,3346.655065,3984.304969,637.649904,False,False,False,False,DERIVED_CONDITIONAL_GEOMETRY_NOT_EVENT_LOCATION
3575,108.47202921,-5.27386856,3344.524915,3983.846425,639.321509,False,False,False,False,DERIVED_CONDITIONAL_GEOMETRY_NOT_EVENT_LOCATION
3576,108.46987057,-5.29363251,3342.394856,3983.388912,640.994056,False,False,False,False,DERIVED_CONDITIONAL_GEOMETRY_NOT_EVENT_LOCATION
3577,108.46771193,-5.31339645,3340.264889,3982.932432,642.667543,False,False,False,False,DERIVED_CONDITIONAL_GEOMETRY_NOT_EVENT_LOCATION
3578,108.46555328,-5.33316040,3338.135014,3982.476985,644.341971,False,False,False,False,DERIVED_CONDITIONAL_GEOMETRY_NOT_EVENT_LOCATION
3579,108.46339464,-5.35292435,3336.005230,3982.022570,646.017340,False,False,False,False,DERIVED_CONDITIONAL_GEOMETRY_NOT_EVENT_LOCATION
3580,108.46123600,-5.37268829,3333.875539,3981.569190,647.693651,False,False,False,False,DERIVED_CONDITIONAL_GEOMETRY_NOT_EVENT_LOCATION
3581,108.45907736,-5.39245224,3331.745939,3981.116843,649.370903,False,False,False,False,DERIVED_CONDITIONAL_GEOMETRY_NOT_EVENT_LOCATION
3582,108.45691872,-5.41221619,3329.616433,3980.665530,651.049098,False,False,False,False,DERIVED_CONDITIONAL_GEOMETRY_NOT_EVENT_LOCATION
3583,108.45476007,-5.43198013,3327.487018,3980.215253,652.728235,False,False,False,False,DERIVED_CONDITIONAL_GEOMETRY_NOT_EVENT_LOCATION
3584,108.45260143,-5.45174408,3325.357697,3979.766011,654.408314,False,False,False,False,DERIVED_CONDITIONAL_GEOMETRY_NOT_EVENT_LOCATION
3585,108.45044279,-5.47150803,3323.228468,3979.317804,656.089335,False,False,False,False,DERIVED_CONDITIONAL_GEOMETRY_NOT_EVENT_LOCATION
3586,108.44828415,-5.49127197,3321.099333,3978.870633,657.771300,False,False,False,False,DERIVED_CONDITIONAL_GEOMETRY_NOT_EVENT_LOCATION
3587,108.44612551,-5.51103592,3318.970291,3978.424499,659.454208,False,False,False,False,DERIVED_CONDITIONAL_GEOMETRY_NOT_EVENT_LOCATION
3588,108.44396687,-5.53079987,3316.841342,3977.979401,661.138060,False,False,False,False,DERIVED_CONDITIONAL_GEOMETRY_NOT_EVENT_LOCATION
3589,108.44180822,-5.55056381,3314.712487,3977.535341,662.822855,False,False,False,False,DERIVED_CONDITIONAL_GEOMETRY_NOT_EVENT_LOCATION
3590,108.43964958,-5.57032776,3312.583725,3977.092319,664.508594,False,False,False,False,DERIVED_CONDITIONAL_GEOMETRY_NOT_EVENT_LOCATION
3591,108.43749094,-5.59009171,3310.455058,3976.650334,666.195277,False,False,False,False,DERIVED_CONDITIONAL_GEOMETRY_NOT_EVENT_LOCATION
3592,108.43533230,-5.60985565,3308.326484,3976.209388,667.882904,False,False,False,False,DERIVED_CONDITIONAL_GEOMETRY_NOT_EVENT_LOCATION
3593,108.43317366,-5.62961960,3306.198005,3975.769481,669.571476,False,False,False,False,DERIVED_CONDITIONAL_GEOMETRY_NOT_EVENT_LOCATION
3594,108.43101501,-5.64938354,3304.069620,3975.330614,671.260993,False,False,False,False,DERIVED_CONDITIONAL_GEOMETRY_NOT_EVENT_LOCATION
3595,108.42862797,-5.66912079,3301.948424,3974.867886,672.919462,False,False,False,False,DERIVED_CONDITIONAL_GEOMETRY_NOT_EVENT_LOCATION
3596,108.42624092,-5.68885803,3299.827330,3974.406195,674.578865,False,False,False,False,DERIVED_CONDITIONAL_GEOMETRY_NOT_EVENT_LOCATION
3597,108.42385387,-5.70859528,3297.706339,3973.945542,676.239203,False,False,False,False,DERIVED_CONDITIONAL_GEOMETRY_NOT_EVENT_LOCATION
3598,108.42146683,-5.72833252,3295.585450,3973.485926,677.900475,False,False,False,False,DERIVED_CONDITIONAL_GEOMETRY_NOT_EVENT_LOCATION
3599,108.41907978,-5.74806976,3293.464665,3973.027348,679.562683,False,False,False,False,DERIVED_CONDITIONAL_GEOMETRY_NOT_EVENT_LOCATION
3600,108.41669273,-5.76780701,3291.343983,3972.569809,681.225826,False,False,False,False,DERIVED_CONDITIONAL_GEOMETRY_NOT_EVENT_LOCATION
3601,108.41430569,-5.78754425,3289.223404,3972.113308,682.889904,False,False,False,False,DERIVED_CONDITIONAL_GEOMETRY_NOT_EVENT_LOCATION
3602,108.41191864,-5.80728149,3287.102929,3971.657847,684.554918,False,False,False,False,DERIVED_CONDITIONAL_GEOMETRY_NOT_EVENT_LOCATION
3603,108.40953159,-5.82701874,3284.982558,3971.203426,686.220868,False,False,False,False,DERIVED_CONDITIONAL_GEOMETRY_NOT_EVENT_LOCATION
3604,108.40714455,-5.84675598,3282.862291,3970.750045,687.887755,False,False,False,False,DERIVED_CONDITIONAL_GEOMETRY_NOT_EVENT_LOCATION
3605,108.40475750,-5.86649323,3280.742128,3970.297705,689.555577,False,False,False,False,DERIVED_CONDITIONAL_GEOMETRY_NOT_EVENT_LOCATION
3606,108.40237045,-5.88623047,3278.622069,3969.846406,691.224337,False,False,False,False,DERIVED_CONDITIONAL_GEOMETRY_NOT_EVENT_LOCATION
3607,108.39998341,-5.90596771,3276.502115,3969.396148,692.894033,False,False,False,False,DERIVED_CONDITIONAL_GEOMETRY_NOT_EVENT_LOCATION
3608,108.39759636,-5.92570496,3274.382266,3968.946933,694.564667,False,False,False,False,DERIVED_CONDITIONAL_GEOMETRY_NOT_EVENT_LOCATION
3609,108.39520931,-5.94544220,3272.262521,3968.498759,696.236238,False,False,False,False,DERIVED_CONDITIONAL_GEOMETRY_NOT_EVENT_LOCATION
3610,108.39282227,-5.96517944,3270.142882,3968.051628,697.908746,False,False,False,False,DERIVED_CONDITIONAL_GEOMETRY_NOT_EVENT_LOCATION
3611,108.39043522,-5.98491669,3268.023348,3967.605541,699.582193,False,False,False,False,DERIVED_CONDITIONAL_GEOMETRY_NOT_EVENT_LOCATION
3612,108.38804817,-6.00465393,3265.903920,3967.160497,701.256577,False,False,False,False,DERIVED_CONDITIONAL_GEOMETRY_NOT_EVENT_LOCATION
3613,108.38566113,-6.02439117,3263.784597,3966.716497,702.931900,False,False,False,False,DERIVED_CONDITIONAL_GEOMETRY_NOT_EVENT_LOCATION
3614,108.38327408,-6.04412842,3261.665380,3966.273541,704.608161,False,False,False,False,DERIVED_CONDITIONAL_GEOMETRY_NOT_EVENT_LOCATION
3615,108.38088703,-6.06386566,3259.546269,3965.831631,706.285361,False,False,False,False,DERIVED_CONDITIONAL_GEOMETRY_NOT_EVENT_LOCATION
3616,108.37849998,-6.08360291,3257.427265,3965.390765,707.963500,False,False,False,False,DERIVED_CONDITIONAL_GEOMETRY_NOT_EVENT_LOCATION
3617,108.37611294,-6.10334015,3255.308367,3964.950945,709.642579,False,False,False,False,DERIVED_CONDITIONAL_GEOMETRY_NOT_EVENT_LOCATION
3618,108.37372589,-6.12307739,3253.189575,3964.512172,711.322596,False,False,False,False,DERIVED_CONDITIONAL_GEOMETRY_NOT_EVENT_LOCATION
3619,108.37133884,-6.14281464,3251.070891,3964.074444,713.003553,False,False,False,False,DERIVED_CONDITIONAL_GEOMETRY_NOT_EVENT_LOCATION
3620,108.36895180,-6.16255188,3248.952313,3963.637764,714.685451,False,False,False,False,DERIVED_CONDITIONAL_GEOMETRY_NOT_EVENT_LOCATION
3621,108.36656475,-6.18228912,3246.833843,3963.202131,716.368288,False,False,False,False,DERIVED_CONDITIONAL_GEOMETRY_NOT_EVENT_LOCATION
3622,108.36417770,-6.20202637,3244.715480,3962.767546,718.052065,False,False,False,False,DERIVED_CONDITIONAL_GEOMETRY_NOT_EVENT_LOCATION
3623,108.36179066,-6.22176361,3242.597225,3962.334008,719.736783,False,False,False,False,DERIVED_CONDITIONAL_GEOMETRY_NOT_EVENT_LOCATION
3624,108.35940361,-6.24150085,3240.479078,3961.901520,721.422441,False,False,False,False,DERIVED_CONDITIONAL_GEOMETRY_NOT_EVENT_LOCATION
3625,108.35701656,-6.26123810,3238.361039,3961.470080,723.109041,False,False,False,False,DERIVED_CONDITIONAL_GEOMETRY_NOT_EVENT_LOCATION
3626,108.35462952,-6.28097534,3236.243108,3961.039689,724.796582,False,False,False,False,DERIVED_CONDITIONAL_GEOMETRY_NOT_EVENT_LOCATION
3627,108.35201263,-6.30068302,3234.132848,3960.585267,726.452419,False,False,False,False,DERIVED_CONDITIONAL_GEOMETRY_NOT_EVENT_LOCATION
3628,108.34939575,-6.32039070,3232.022705,3960.131892,728.109187,False,False,False,False,DERIVED_CONDITIONAL_GEOMETRY_NOT_EVENT_LOCATION
3629,108.34677887,-6.34009838,3229.912679,3959.679565,729.766886,False,False,False,False,DERIVED_CONDITIONAL_GEOMETRY_NOT_EVENT_LOCATION
3630,108.34416199,-6.35980606,3227.802771,3959.228286,731.425515,False,False,False,False,DERIVED_CONDITIONAL_GEOMETRY_NOT_EVENT_LOCATION
3631,108.34154510,-6.37951374,3225.692980,3958.778055,733.085074,False,False,False,False,DERIVED_CONDITIONAL_GEOMETRY_NOT_EVENT_LOCATION
3632,108.33892822,-6.39922142,3223.583307,3958.328872,734.745565,False,False,False,False,DERIVED_CONDITIONAL_GEOMETRY_NOT_EVENT_LOCATION
3633,108.33631134,-6.41892910,3221.473753,3957.880740,736.406987,False,False,False,False,DERIVED_CONDITIONAL_GEOMETRY_NOT_EVENT_LOCATION
3634,108.33369446,-6.43863678,3219.364316,3957.433656,738.069340,False,False,False,False,DERIVED_CONDITIONAL_GEOMETRY_NOT_EVENT_LOCATION
3635,108.33107758,-6.45834446,3217.254998,3956.987623,739.732625,False,False,False,False,DERIVED_CONDITIONAL_GEOMETRY_NOT_EVENT_LOCATION
3636,108.32846069,-6.47805214,3215.145799,3956.542641,741.396842,False,False,False,False,DERIVED_CONDITIONAL_GEOMETRY_NOT_EVENT_LOCATION
3637,108.32584381,-6.49775982,3213.036718,3956.098709,743.061991,False,False,False,False,DERIVED_CONDITIONAL_GEOMETRY_NOT_EVENT_LOCATION
3638,108.32322693,-6.51746750,3210.927757,3955.655829,744.728072,False,False,False,False,DERIVED_CONDITIONAL_GEOMETRY_NOT_EVENT_LOCATION
3639,108.32061005,-6.53717518,3208.818915,3955.214000,746.395085,False,False,False,False,DERIVED_CONDITIONAL_GEOMETRY_NOT_EVENT_LOCATION
3640,108.31799316,-6.55688286,3206.710193,3954.773224,748.063031,False,False,False,False,DERIVED_CONDITIONAL_GEOMETRY_NOT_EVENT_LOCATION
3641,108.31537628,-6.57659054,3204.601591,3954.333501,749.731910,False,False,False,False,DERIVED_CONDITIONAL_GEOMETRY_NOT_EVENT_LOCATION
3642,108.31275940,-6.59629822,3202.493108,3953.894830,751.401722,False,False,False,False,DERIVED_CONDITIONAL_GEOMETRY_NOT_EVENT_LOCATION
3643,108.31014252,-6.61600590,3200.384746,3953.457213,753.072468,False,False,False,False,DERIVED_CONDITIONAL_GEOMETRY_NOT_EVENT_LOCATION
3644,108.30752563,-6.63571358,3198.276504,3953.020650,754.744146,False,False,False,False,DERIVED_CONDITIONAL_GEOMETRY_NOT_EVENT_LOCATION
3645,108.30490875,-6.65542126,3196.168383,3952.585142,756.416759,False,False,False,False,DERIVED_CONDITIONAL_GEOMETRY_NOT_EVENT_LOCATION
3646,108.30229187,-6.67512894,3194.060383,3952.150688,758.090305,False,False,False,False,DERIVED_CONDITIONAL_GEOMETRY_NOT_EVENT_LOCATION
3647,108.29967499,-6.69483662,3191.952504,3951.717289,759.764785,False,False,False,False,DERIVED_CONDITIONAL_GEOMETRY_NOT_EVENT_LOCATION
3648,108.29705811,-6.71454430,3189.844746,3951.284946,761.440200,False,False,False,False,DERIVED_CONDITIONAL_GEOMETRY_NOT_EVENT_LOCATION
3649,108.29444122,-6.73425198,3187.737110,3950.853659,763.116548,False,False,False,False,DERIVED_CONDITIONAL_GEOMETRY_NOT_EVENT_LOCATION
3650,108.29182434,-6.75395966,3185.629596,3950.423428,764.793832,False,False,False,False,DERIVED_CONDITIONAL_GEOMETRY_NOT_EVENT_LOCATION
3651,108.28920746,-6.77366734,3183.522204,3949.994254,766.472050,False,False,False,False,DERIVED_CONDITIONAL_GEOMETRY_NOT_EVENT_LOCATION
3652,108.28659058,-6.79337502,3181.414934,3949.566138,768.151204,False,False,False,False,DERIVED_CONDITIONAL_GEOMETRY_NOT_EVENT_LOCATION
3653,108.28397369,-6.81308270,3179.307786,3949.139079,769.831292,False,False,False,False,DERIVED_CONDITIONAL_GEOMETRY_NOT_EVENT_LOCATION
3654,108.28135681,-6.83279037,3177.200762,3948.713078,771.512316,False,False,False,False,DERIVED_CONDITIONAL_GEOMETRY_NOT_EVENT_LOCATION
3655,108.27873993,-6.85249805,3175.093860,3948.288135,773.194276,False,False,False,False,DERIVED_CONDITIONAL_GEOMETRY_NOT_EVENT_LOCATION
3656,108.27612305,-6.87220573,3172.987081,3947.864252,774.877171,False,False,False,False,DERIVED_CONDITIONAL_GEOMETRY_NOT_EVENT_LOCATION
3657,108.27350616,-6.89191341,3170.880426,3947.441428,776.561002,False,False,False,False,DERIVED_CONDITIONAL_GEOMETRY_NOT_EVENT_LOCATION
3658,108.27088928,-6.91162109,3168.773894,3947.019663,778.245769,False,False,False,False,DERIVED_CONDITIONAL_GEOMETRY_NOT_EVENT_LOCATION
3659,108.26804161,-6.93129635,3166.675520,3946.573747,779.898227,False,False,False,False,DERIVED_CONDITIONAL_GEOMETRY_NOT_EVENT_LOCATION
3660,108.26519394,-6.95097160,3164.577278,3946.128889,781.551610,False,False,False,False,DERIVED_CONDITIONAL_GEOMETRY_NOT_EVENT_LOCATION
3661,108.26234627,-6.97064686,3162.479170,3945.685088,783.205918,False,False,False,False,DERIVED_CONDITIONAL_GEOMETRY_NOT_EVENT_LOCATION
3662,108.25949860,-6.99032211,3160.381195,3945.242346,784.861151,False,False,False,False,DERIVED_CONDITIONAL_GEOMETRY_NOT_EVENT_LOCATION
3663,108.25665092,-7.00999737,3158.283354,3944.800664,786.517309,False,False,False,False,DERIVED_CONDITIONAL_GEOMETRY_NOT_EVENT_LOCATION
3664,108.25380325,-7.02967262,3156.185648,3944.360040,788.174393,False,False,False,False,DERIVED_CONDITIONAL_GEOMETRY_NOT_EVENT_LOCATION
3665,108.25095558,-7.04934788,3154.088075,3943.920477,789.832402,False,False,False,False,DERIVED_CONDITIONAL_GEOMETRY_NOT_EVENT_LOCATION
3666,108.24810791,-7.06902313,3151.990637,3943.481974,791.491336,False,False,False,False,DERIVED_CONDITIONAL_GEOMETRY_NOT_EVENT_LOCATION
3667,108.24526024,-7.08869839,3149.893334,3943.044531,793.151197,False,False,False,False,DERIVED_CONDITIONAL_GEOMETRY_NOT_EVENT_LOCATION
3668,108.24241257,-7.10837364,3147.796166,3942.608150,794.811984,False,False,False,False,DERIVED_CONDITIONAL_GEOMETRY_NOT_EVENT_LOCATION
3669,108.23956490,-7.12804890,3145.699134,3942.172831,796.473697,False,False,False,False,DERIVED_CONDITIONAL_GEOMETRY_NOT_EVENT_LOCATION
3670,108.23671722,-7.14772415,3143.602237,3941.738573,798.136336,False,False,False,False,DERIVED_CONDITIONAL_GEOMETRY_NOT_EVENT_LOCATION
3671,108.23386955,-7.16739941,3141.505475,3941.305378,799.799903,False,False,False,False,DERIVED_CONDITIONAL_GEOMETRY_NOT_EVENT_LOCATION
3672,108.23102188,-7.18707466,3139.408850,3940.873246,801.464396,False,False,False,False,DERIVED_CONDITIONAL_GEOMETRY_NOT_EVENT_LOCATION
3673,108.22817421,-7.20674992,3137.312361,3940.442177,803.129815,False,False,False,False,DERIVED_CONDITIONAL_GEOMETRY_NOT_EVENT_LOCATION
3674,108.22532654,-7.22642517,3135.216009,3940.012172,804.796162,False,False,False,False,DERIVED_CONDITIONAL_GEOMETRY_NOT_EVENT_LOCATION
3675,108.22247887,-7.24610043,3133.119794,3939.583230,806.463437,False,False,False,False,DERIVED_CONDITIONAL_GEOMETRY_NOT_EVENT_LOCATION
3676,108.21963120,-7.26577568,3131.023715,3939.155354,808.131639,False,False,False,False,DERIVED_CONDITIONAL_GEOMETRY_NOT_EVENT_LOCATION
3677,108.21678352,-7.28545094,3128.927774,3938.728542,809.800768,False,False,False,False,DERIVED_CONDITIONAL_GEOMETRY_NOT_EVENT_LOCATION
3678,108.21393585,-7.30512619,3126.831971,3938.302796,811.470825,False,False,False,False,DERIVED_CONDITIONAL_GEOMETRY_NOT_EVENT_LOCATION
3679,108.21108818,-7.32480145,3124.736306,3937.878116,813.141811,False,False,False,False,DERIVED_CONDITIONAL_GEOMETRY_NOT_EVENT_LOCATION
3680,108.20824051,-7.34447670,3122.640778,3937.454502,814.813724,False,False,False,False,DERIVED_CONDITIONAL_GEOMETRY_NOT_EVENT_LOCATION
3681,108.20539284,-7.36415195,3120.545389,3937.031955,816.486566,False,False,False,False,DERIVED_CONDITIONAL_GEOMETRY_NOT_EVENT_LOCATION
3682,108.20254517,-7.38382721,3118.450139,3936.610475,818.160336,False,False,False,False,DERIVED_CONDITIONAL_GEOMETRY_NOT_EVENT_LOCATION
3683,108.19969749,-7.40350246,3116.355028,3936.190062,819.835034,False,False,False,False,DERIVED_CONDITIONAL_GEOMETRY_NOT_EVENT_LOCATION
3684,108.19684982,-7.42317772,3114.260055,3935.770717,821.510662,False,False,False,False,DERIVED_CONDITIONAL_GEOMETRY_NOT_EVENT_LOCATION
3685,108.19400215,-7.44285297,3112.165223,3935.352441,823.187218,False,False,False,False,DERIVED_CONDITIONAL_GEOMETRY_NOT_EVENT_LOCATION
3686,108.19115448,-7.46252823,3110.070530,3934.935233,824.864704,False,False,False,False,DERIVED_CONDITIONAL_GEOMETRY_NOT_EVENT_LOCATION
3687,108.18830681,-7.48220348,3107.975976,3934.519095,826.543118,False,False,False,False,DERIVED_CONDITIONAL_GEOMETRY_NOT_EVENT_LOCATION
3688,108.18545914,-7.50187874,3105.881563,3934.104026,828.222462,False,False,False,False,DERIVED_CONDITIONAL_GEOMETRY_NOT_EVENT_LOCATION
3689,108.18261147,-7.52155399,3103.787291,3933.690027,829.902736,False,False,False,False,DERIVED_CONDITIONAL_GEOMETRY_NOT_EVENT_LOCATION
3690,108.17976379,-7.54122925,3101.693159,3933.277098,831.583939,False,False,False,False,DERIVED_CONDITIONAL_GEOMETRY_NOT_EVENT_LOCATION
3691,108.17668390,-7.56086922,3099.607693,3932.839844,833.232152,False,False,False,False,DERIVED_CONDITIONAL_GEOMETRY_NOT_EVENT_LOCATION
3692,108.17360401,-7.58050919,3097.522377,3932.403659,834.881282,False,False,False,False,DERIVED_CONDITIONAL_GEOMETRY_NOT_EVENT_LOCATION
3693,108.17052412,-7.60014915,3095.437212,3931.968543,836.531331,False,False,False,False,DERIVED_CONDITIONAL_GEOMETRY_NOT_EVENT_LOCATION
3694,108.16744423,-7.61978912,3093.352199,3931.534496,838.182297,False,False,False,False,DERIVED_CONDITIONAL_GEOMETRY_NOT_EVENT_LOCATION
3695,108.16436434,-7.63942909,3091.267338,3931.101519,839.834181,False,False,False,False,DERIVED_CONDITIONAL_GEOMETRY_NOT_EVENT_LOCATION
3696,108.16128445,-7.65906906,3089.182629,3930.669613,841.486984,False,False,False,False,DERIVED_CONDITIONAL_GEOMETRY_NOT_EVENT_LOCATION
3697,108.15820456,-7.67870903,3087.098072,3930.238777,843.140705,False,False,False,False,DERIVED_CONDITIONAL_GEOMETRY_NOT_EVENT_LOCATION
3698,108.15512466,-7.69834900,3085.013668,3929.809013,844.795345,False,True,False,False,DERIVED_CONDITIONAL_GEOMETRY_NOT_EVENT_LOCATION
3699,108.15204477,-7.71798897,3082.929417,3929.380320,846.450903,False,True,False,False,DERIVED_CONDITIONAL_GEOMETRY_NOT_EVENT_LOCATION
3700,108.14896488,-7.73762894,3080.845319,3928.952700,848.107380,False,True,False,False,DERIVED_CONDITIONAL_GEOMETRY_NOT_EVENT_LOCATION
3701,108.14588499,-7.75726891,3078.761375,3928.526152,849.764777,False,True,False,False,DERIVED_CONDITIONAL_GEOMETRY_NOT_EVENT_LOCATION
3702,108.14280510,-7.77690887,3076.677585,3928.100677,851.423092,False,True,False,False,DERIVED_CONDITIONAL_GEOMETRY_NOT_EVENT_LOCATION
3703,108.13972521,-7.79654884,3074.593949,3927.676275,853.082327,False,True,False,False,DERIVED_CONDITIONAL_GEOMETRY_NOT_EVENT_LOCATION
3704,108.13664532,-7.81618881,3072.510467,3927.252948,854.742481,False,True,False,False,DERIVED_CONDITIONAL_GEOMETRY_NOT_EVENT_LOCATION
3705,108.13356543,-7.83582878,3070.427140,3926.830694,856.403554,False,True,False,False,DERIVED_CONDITIONAL_GEOMETRY_NOT_EVENT_LOCATION
3706,108.13048553,-7.85546875,3068.343967,3926.409515,858.065548,False,True,False,False,DERIVED_CONDITIONAL_GEOMETRY_NOT_EVENT_LOCATION
3707,108.12740564,-7.87510872,3066.260951,3925.989412,859.728461,False,True,False,False,DERIVED_CONDITIONAL_GEOMETRY_NOT_EVENT_LOCATION
3708,108.12432575,-7.89474869,3064.178089,3925.570383,861.392294,False,True,False,False,DERIVED_CONDITIONAL_GEOMETRY_NOT_EVENT_LOCATION
3709,108.12124586,-7.91438866,3062.095384,3925.152431,863.057047,False,True,False,False,DERIVED_CONDITIONAL_GEOMETRY_NOT_EVENT_LOCATION
3710,108.11816597,-7.93402863,3060.012835,3924.735555,864.722721,False,True,False,False,DERIVED_CONDITIONAL_GEOMETRY_NOT_EVENT_LOCATION
3711,108.11508608,-7.95366859,3057.930442,3924.319756,866.389314,False,True,False,False,DERIVED_CONDITIONAL_GEOMETRY_NOT_EVENT_LOCATION
3712,108.11200619,-7.97330856,3055.848206,3923.905035,868.056828,False,True,False,False,DERIVED_CONDITIONAL_GEOMETRY_NOT_EVENT_LOCATION
3713,108.10892630,-7.99294853,3053.766127,3923.491391,869.725263,False,True,False,False,DERIVED_CONDITIONAL_GEOMETRY_NOT_EVENT_LOCATION
3714,108.10584641,-8.01258850,3051.684206,3923.078824,871.394618,False,True,False,False,DERIVED_CONDITIONAL_GEOMETRY_NOT_EVENT_LOCATION
3715,108.10276651,-8.03222847,3049.602442,3922.667337,873.064895,False,True,False,False,DERIVED_CONDITIONAL_GEOMETRY_NOT_EVENT_LOCATION
3716,108.09968662,-8.05186844,3047.520836,3922.256928,874.736092,False,True,False,False,DERIVED_CONDITIONAL_GEOMETRY_NOT_EVENT_LOCATION
3717,108.09660673,-8.07150841,3045.439389,3921.847599,876.408210,False,True,False,False,DERIVED_CONDITIONAL_GEOMETRY_NOT_EVENT_LOCATION
3718,108.09352684,-8.09114838,3043.358100,3921.439349,878.081249,False,True,False,False,DERIVED_CONDITIONAL_GEOMETRY_NOT_EVENT_LOCATION
3719,108.09044695,-8.11078835,3041.276970,3921.032180,879.755210,False,True,False,False,DERIVED_CONDITIONAL_GEOMETRY_NOT_EVENT_LOCATION
3720,108.08736706,-8.13042831,3039.195999,3920.626091,881.430092,False,True,False,False,DERIVED_CONDITIONAL_GEOMETRY_NOT_EVENT_LOCATION
3721,108.08428717,-8.15006828,3037.115188,3920.221083,883.105896,False,True,False,False,DERIVED_CONDITIONAL_GEOMETRY_NOT_EVENT_LOCATION
3722,108.08120728,-8.16970825,3035.034536,3919.817157,884.782621,False,True,False,False,DERIVED_CONDITIONAL_GEOMETRY_NOT_EVENT_LOCATION
3723,108.07789421,-8.18931103,3032.962957,3919.388780,886.425823,False,True,False,False,DERIVED_CONDITIONAL_GEOMETRY_NOT_EVENT_LOCATION
3724,108.07458115,-8.20891380,3030.891549,3918.961483,888.069934,False,True,False,False,DERIVED_CONDITIONAL_GEOMETRY_NOT_EVENT_LOCATION
3725,108.07126808,-8.22851658,3028.820312,3918.535266,889.714954,False,True,False,False,DERIVED_CONDITIONAL_GEOMETRY_NOT_EVENT_LOCATION
3726,108.06795502,-8.24811935,3026.749247,3918.110131,891.360884,False,True,False,False,DERIVED_CONDITIONAL_GEOMETRY_NOT_EVENT_LOCATION
3727,108.06464195,-8.26772213,3024.678353,3917.686076,893.007723,False,True,False,False,DERIVED_CONDITIONAL_GEOMETRY_NOT_EVENT_LOCATION
3728,108.06132889,-8.28732491,3022.607632,3917.263104,894.655472,False,True,False,False,DERIVED_CONDITIONAL_GEOMETRY_NOT_EVENT_LOCATION
3729,108.05801582,-8.30692768,3020.537083,3916.841213,896.304131,False,True,False,False,DERIVED_CONDITIONAL_GEOMETRY_NOT_EVENT_LOCATION
3730,108.05470276,-8.32653046,3018.466706,3916.420406,897.953699,False,True,False,False,DERIVED_CONDITIONAL_GEOMETRY_NOT_EVENT_LOCATION
3731,108.05138969,-8.34613323,3016.396503,3916.000681,899.604178,False,True,False,False,DERIVED_CONDITIONAL_GEOMETRY_NOT_EVENT_LOCATION
3732,108.04807663,-8.36573601,3014.326473,3915.582039,901.255566,False,True,False,False,DERIVED_CONDITIONAL_GEOMETRY_NOT_EVENT_LOCATION
3733,108.04476357,-8.38533878,3012.256617,3915.164482,902.907865,False,True,False,False,DERIVED_CONDITIONAL_GEOMETRY_NOT_EVENT_LOCATION
3734,108.04145050,-8.40494156,3010.186935,3914.748009,904.561073,False,True,False,False,DERIVED_CONDITIONAL_GEOMETRY_NOT_EVENT_LOCATION
3735,108.03813744,-8.42454433,3008.117428,3914.332621,906.215193,False,True,False,False,DERIVED_CONDITIONAL_GEOMETRY_NOT_EVENT_LOCATION
3736,108.03482437,-8.44414711,3006.048095,3913.918317,907.870222,False,True,False,False,DERIVED_CONDITIONAL_GEOMETRY_NOT_EVENT_LOCATION
3737,108.03151131,-8.46374989,3003.978938,3913.505100,909.526162,False,True,False,False,DERIVED_CONDITIONAL_GEOMETRY_NOT_EVENT_LOCATION
3738,108.02819824,-8.48335266,3001.909956,3913.092969,911.183013,False,True,False,False,DERIVED_CONDITIONAL_GEOMETRY_NOT_EVENT_LOCATION
3739,108.02488518,-8.50295544,2999.841149,3912.681924,912.840774,False,True,False,False,DERIVED_CONDITIONAL_GEOMETRY_NOT_EVENT_LOCATION
3740,108.02157211,-8.52255821,2997.772519,3912.271965,914.499446,False,True,False,False,DERIVED_CONDITIONAL_GEOMETRY_NOT_EVENT_LOCATION
3741,108.01825905,-8.54216099,2995.704065,3911.863095,916.159029,False,True,False,False,DERIVED_CONDITIONAL_GEOMETRY_NOT_EVENT_LOCATION
3742,108.01494598,-8.56176376,2993.635789,3911.455312,917.819523,False,True,False,False,DERIVED_CONDITIONAL_GEOMETRY_NOT_EVENT_LOCATION
3743,108.01163292,-8.58136654,2991.567689,3911.048617,919.480928,False,True,False,False,DERIVED_CONDITIONAL_GEOMETRY_NOT_EVENT_LOCATION
3744,108.00831985,-8.60096931,2989.499766,3910.643011,921.143244,False,True,False,False,DERIVED_CONDITIONAL_GEOMETRY_NOT_EVENT_LOCATION
3745,108.00500679,-8.62057209,2987.432022,3910.238494,922.806472,False,True,False,False,DERIVED_CONDITIONAL_GEOMETRY_NOT_EVENT_LOCATION
3746,108.00169373,-8.64017487,2985.364456,3909.835066,924.470610,False,True,False,False,DERIVED_CONDITIONAL_GEOMETRY_NOT_EVENT_LOCATION
3747,107.99838066,-8.65977764,2983.297068,3909.432728,926.135660,False,True,False,False,DERIVED_CONDITIONAL_GEOMETRY_NOT_EVENT_LOCATION
3748,107.99506760,-8.67938042,2981.229859,3909.031480,927.801621,False,True,False,False,DERIVED_CONDITIONAL_GEOMETRY_NOT_EVENT_LOCATION
3749,107.99175453,-8.69898319,2979.162829,3908.631324,929.468494,False,True,False,False,DERIVED_CONDITIONAL_GEOMETRY_NOT_EVENT_LOCATION
3750,107.98844147,-8.71858597,2977.095979,3908.232258,931.136279,False,True,False,False,DERIVED_CONDITIONAL_GEOMETRY_NOT_EVENT_LOCATION
3751,107.98512840,-8.73818874,2975.029309,3907.834284,932.804975,False,True,False,False,DERIVED_CONDITIONAL_GEOMETRY_NOT_EVENT_LOCATION
3752,107.98181534,-8.75779152,2972.962819,3907.437401,934.474583,False,True,False,False,DERIVED_CONDITIONAL_GEOMETRY_NOT_EVENT_LOCATION
3753,107.97850227,-8.77739429,2970.896509,3907.041612,936.145102,False,True,False,False,DERIVED_CONDITIONAL_GEOMETRY_NOT_EVENT_LOCATION
3754,107.97518921,-8.79699707,2968.830381,3906.646915,937.816534,False,True,False,False,DERIVED_CONDITIONAL_GEOMETRY_NOT_EVENT_LOCATION
3755,107.97164106,-8.81655788,2966.774080,3906.227544,939.453465,False,True,False,False,DERIVED_CONDITIONAL_GEOMETRY_NOT_EVENT_LOCATION
3756,107.96809292,-8.83611870,2964.717971,3905.809265,941.091294,False,True,False,False,DERIVED_CONDITIONAL_GEOMETRY_NOT_EVENT_LOCATION
3757,107.96454477,-8.85567951,2962.662056,3905.392078,942.730022,False,True,False,False,DERIVED_CONDITIONAL_GEOMETRY_NOT_EVENT_LOCATION
3758,107.96099663,-8.87524033,2960.606335,3904.975984,944.369649,False,True,False,False,DERIVED_CONDITIONAL_GEOMETRY_NOT_EVENT_LOCATION
3759,107.95744848,-8.89480114,2958.550807,3904.560982,946.010175,False,True,False,False,DERIVED_CONDITIONAL_GEOMETRY_NOT_EVENT_LOCATION
3760,107.95390034,-8.91436195,2956.495474,3904.147073,947.651599,False,True,False,False,DERIVED_CONDITIONAL_GEOMETRY_NOT_EVENT_LOCATION
3761,107.95035219,-8.93392277,2954.440335,3903.734258,949.293923,False,True,False,False,DERIVED_CONDITIONAL_GEOMETRY_NOT_EVENT_LOCATION
3762,107.94680405,-8.95348358,2952.385392,3903.322537,950.937145,False,True,False,False,DERIVED_CONDITIONAL_GEOMETRY_NOT_EVENT_LOCATION
3763,107.94325590,-8.97304440,2950.330644,3902.911910,952.581266,False,True,False,False,DERIVED_CONDITIONAL_GEOMETRY_NOT_EVENT_LOCATION
3764,107.93970776,-8.99260521,2948.276091,3902.502378,954.226287,False,True,False,False,DERIVED_CONDITIONAL_GEOMETRY_NOT_EVENT_LOCATION
3765,107.93615961,-9.01216602,2946.221735,3902.093942,955.872207,False,True,False,False,DERIVED_CONDITIONAL_GEOMETRY_NOT_EVENT_LOCATION
3766,107.93261147,-9.03172684,2944.167576,3901.686601,957.519025,False,True,False,False,DERIVED_CONDITIONAL_GEOMETRY_NOT_EVENT_LOCATION
3767,107.92906332,-9.05128765,2942.113614,3901.280357,959.166744,False,True,False,False,DERIVED_CONDITIONAL_GEOMETRY_NOT_EVENT_LOCATION
3768,107.92551517,-9.07084846,2940.059849,3900.875209,960.815361,False,True,False,False,DERIVED_CONDITIONAL_GEOMETRY_NOT_EVENT_LOCATION
3769,107.92196703,-9.09040928,2938.006281,3900.471159,962.464878,False,True,False,False,DERIVED_CONDITIONAL_GEOMETRY_NOT_EVENT_LOCATION
3770,107.91841888,-9.10997009,2935.952912,3900.068206,964.115294,False,True,False,False,DERIVED_CONDITIONAL_GEOMETRY_NOT_EVENT_LOCATION
3771,107.91487074,-9.12953091,2933.899741,3899.666351,965.766609,False,True,False,False,DERIVED_CONDITIONAL_GEOMETRY_NOT_EVENT_LOCATION
3772,107.91132259,-9.14909172,2931.846770,3899.265594,967.418824,False,True,False,False,DERIVED_CONDITIONAL_GEOMETRY_NOT_EVENT_LOCATION
3773,107.90777445,-9.16865253,2929.793997,3898.865936,969.071938,False,True,False,False,DERIVED_CONDITIONAL_GEOMETRY_NOT_EVENT_LOCATION
3774,107.90422630,-9.18821335,2927.741425,3898.467377,970.725952,False,True,False,False,DERIVED_CONDITIONAL_GEOMETRY_NOT_EVENT_LOCATION
3775,107.90067816,-9.20777416,2925.689052,3898.069918,972.380866,False,True,False,False,DERIVED_CONDITIONAL_GEOMETRY_NOT_EVENT_LOCATION
3776,107.89713001,-9.22733498,2923.636880,3897.673559,974.036679,False,True,False,False,DERIVED_CONDITIONAL_GEOMETRY_NOT_EVENT_LOCATION
3777,107.89358187,-9.24689579,2921.584908,3897.278300,975.693392,False,True,False,False,DERIVED_CONDITIONAL_GEOMETRY_NOT_EVENT_LOCATION
3778,107.89003372,-9.26645660,2919.533138,3896.884143,977.351004,False,True,False,False,DERIVED_CONDITIONAL_GEOMETRY_NOT_EVENT_LOCATION
3779,107.88648558,-9.28601742,2917.481570,3896.491086,979.009516,False,True,False,False,DERIVED_CONDITIONAL_GEOMETRY_NOT_EVENT_LOCATION
3780,107.88293743,-9.30557823,2915.430203,3896.099132,980.668928,False,True,False,False,DERIVED_CONDITIONAL_GEOMETRY_NOT_EVENT_LOCATION
3781,107.87938929,-9.32513905,2913.379039,3895.708279,982.329240,False,True,False,False,DERIVED_CONDITIONAL_GEOMETRY_NOT_EVENT_LOCATION
3782,107.87584114,-9.34469986,2911.328078,3895.318530,983.990451,False,True,False,False,DERIVED_CONDITIONAL_GEOMETRY_NOT_EVENT_LOCATION
3783,107.87229300,-9.36426067,2909.277321,3894.929883,985.652562,False,True,False,False,DERIVED_CONDITIONAL_GEOMETRY_NOT_EVENT_LOCATION
3784,107.86874485,-9.38382149,2907.226766,3894.542340,987.315573,False,True,False,False,DERIVED_CONDITIONAL_GEOMETRY_NOT_EVENT_LOCATION
3785,107.86519670,-9.40338230,2905.176416,3894.155900,988.979484,False,True,False,False,DERIVED_CONDITIONAL_GEOMETRY_NOT_EVENT_LOCATION
3786,107.86164856,-9.42294312,2903.126270,3893.770565,990.644295,False,True,False,False,DERIVED_CONDITIONAL_GEOMETRY_NOT_EVENT_LOCATION
3787,107.85786438,-9.44246101,2901.086286,3893.360432,992.274147,False,True,False,False,DERIVED_CONDITIONAL_GEOMETRY_NOT_EVENT_LOCATION
3788,107.85408020,-9.46197891,2899.046518,3892.951403,993.904885,False,True,False,False,DERIVED_CONDITIONAL_GEOMETRY_NOT_EVENT_LOCATION
3789,107.85029602,-9.48149681,2897.006968,3892.543477,995.536509,False,True,False,False,DERIVED_CONDITIONAL_GEOMETRY_NOT_EVENT_LOCATION
3790,107.84651184,-9.50101471,2894.967636,3892.136656,997.169020,False,True,False,False,DERIVED_CONDITIONAL_GEOMETRY_NOT_EVENT_LOCATION
3791,107.84272766,-9.52053261,2892.928523,3891.730940,998.802417,False,True,False,False,DERIVED_CONDITIONAL_GEOMETRY_NOT_EVENT_LOCATION
3792,107.83894348,-9.54005051,2890.889628,3891.326328,1000.436700,False,True,False,False,DERIVED_CONDITIONAL_GEOMETRY_NOT_EVENT_LOCATION
3793,107.83515930,-9.55956841,2888.850953,3890.922822,1002.071869,False,True,False,False,DERIVED_CONDITIONAL_GEOMETRY_NOT_EVENT_LOCATION
3794,107.83137512,-9.57908630,2886.812498,3890.520422,1003.707924,False,True,False,False,DERIVED_CONDITIONAL_GEOMETRY_NOT_EVENT_LOCATION
3795,107.82759094,-9.59860420,2884.774263,3890.119129,1005.344866,False,True,False,False,DERIVED_CONDITIONAL_GEOMETRY_NOT_EVENT_LOCATION
3796,107.82380676,-9.61812210,2882.736249,3889.718942,1006.982694,False,True,False,False,DERIVED_CONDITIONAL_GEOMETRY_NOT_EVENT_LOCATION
3797,107.82002258,-9.63764000,2880.698455,3889.319863,1008.621407,False,True,False,False,DERIVED_CONDITIONAL_GEOMETRY_NOT_EVENT_LOCATION
3798,107.81623840,-9.65715790,2878.660884,3888.921891,1010.261008,False,True,False,False,DERIVED_CONDITIONAL_GEOMETRY_NOT_EVENT_LOCATION
3799,107.81245422,-9.67667580,2876.623534,3888.525028,1011.901494,False,True,False,False,DERIVED_CONDITIONAL_GEOMETRY_NOT_EVENT_LOCATION
3800,107.80867004,-9.69619370,2874.586406,3888.129273,1013.542867,False,True,False,False,DERIVED_CONDITIONAL_GEOMETRY_NOT_EVENT_LOCATION
3801,107.80488586,-9.71571159,2872.549502,3887.734627,1015.185125,False,True,False,False,DERIVED_CONDITIONAL_GEOMETRY_NOT_EVENT_LOCATION
3802,107.80110168,-9.73522949,2870.512821,3887.341091,1016.828270,False,True,False,False,DERIVED_CONDITIONAL_GEOMETRY_NOT_EVENT_LOCATION
3803,107.79731750,-9.75474739,2868.476363,3886.948665,1018.472302,False,True,False,False,DERIVED_CONDITIONAL_GEOMETRY_NOT_EVENT_LOCATION
3804,107.79353333,-9.77426529,2866.440130,3886.557349,1020.117219,False,True,False,False,DERIVED_CONDITIONAL_GEOMETRY_NOT_EVENT_LOCATION
3805,107.78974915,-9.79378319,2864.404121,3886.167143,1021.763022,False,True,False,False,DERIVED_CONDITIONAL_GEOMETRY_NOT_EVENT_LOCATION
3806,107.78596497,-9.81330109,2862.368337,3885.778049,1023.409712,False,True,False,False,DERIVED_CONDITIONAL_GEOMETRY_NOT_EVENT_LOCATION
3807,107.78218079,-9.83281898,2860.332779,3885.390067,1025.057287,False,True,False,False,DERIVED_CONDITIONAL_GEOMETRY_NOT_EVENT_LOCATION
3808,107.77839661,-9.85233688,2858.297447,3885.003196,1026.705749,False,True,False,False,DERIVED_CONDITIONAL_GEOMETRY_NOT_EVENT_LOCATION
3809,107.77461243,-9.87185478,2856.262341,3884.617438,1028.355097,False,True,False,False,DERIVED_CONDITIONAL_GEOMETRY_NOT_EVENT_LOCATION
3810,107.77082825,-9.89137268,2854.227462,3884.232793,1030.005331,False,True,False,False,DERIVED_CONDITIONAL_GEOMETRY_NOT_EVENT_LOCATION
3811,107.76704407,-9.91089058,2852.192811,3883.849261,1031.656450,False,True,False,False,DERIVED_CONDITIONAL_GEOMETRY_NOT_EVENT_LOCATION
3812,107.76325989,-9.93040848,2850.158387,3883.466843,1033.308456,False,True,False,False,DERIVED_CONDITIONAL_GEOMETRY_NOT_EVENT_LOCATION
3813,107.75947571,-9.94992638,2848.124191,3883.085539,1034.961348,False,True,False,False,DERIVED_CONDITIONAL_GEOMETRY_NOT_EVENT_LOCATION
3814,107.75569153,-9.96944427,2846.090224,3882.705350,1036.615126,False,True,False,False,DERIVED_CONDITIONAL_GEOMETRY_NOT_EVENT_LOCATION
3815,107.75190735,-9.98896217,2844.056486,3882.326275,1038.269789,False,True,False,False,DERIVED_CONDITIONAL_GEOMETRY_NOT_EVENT_LOCATION
3816,107.74812317,-10.00848007,2842.022978,3881.948316,1039.925338,False,True,False,False,DERIVED_CONDITIONAL_GEOMETRY_NOT_EVENT_LOCATION
3817,107.74433899,-10.02799797,2839.989700,3881.571473,1041.581773,False,True,False,False,DERIVED_CONDITIONAL_GEOMETRY_NOT_EVENT_LOCATION
3818,107.74055481,-10.04751587,2837.956652,3881.195746,1043.239094,False,True,False,False,DERIVED_CONDITIONAL_GEOMETRY_NOT_EVENT_LOCATION
3819,107.73653221,-10.06698704,2835.934459,3880.794942,1044.860482,False,True,False,False,DERIVED_CONDITIONAL_GEOMETRY_NOT_EVENT_LOCATION
3820,107.73250961,-10.08645821,2833.912511,3880.395252,1046.482741,False,True,False,False,DERIVED_CONDITIONAL_GEOMETRY_NOT_EVENT_LOCATION
3821,107.72848701,-10.10592937,2831.890807,3879.996679,1048.105872,False,True,False,False,DERIVED_CONDITIONAL_GEOMETRY_NOT_EVENT_LOCATION
3822,107.72446442,-10.12540054,2829.869349,3879.599222,1049.729873,False,True,False,False,DERIVED_CONDITIONAL_GEOMETRY_NOT_EVENT_LOCATION
3823,107.72044182,-10.14487171,2827.848136,3879.202882,1051.354746,False,True,False,False,DERIVED_CONDITIONAL_GEOMETRY_NOT_EVENT_LOCATION
3824,107.71641922,-10.16434288,2825.827170,3878.807659,1052.980489,False,True,False,False,DERIVED_CONDITIONAL_GEOMETRY_NOT_EVENT_LOCATION
3825,107.71239662,-10.18381405,2823.806450,3878.413554,1054.607104,False,True,False,False,DERIVED_CONDITIONAL_GEOMETRY_NOT_EVENT_LOCATION
3826,107.70837402,-10.20328522,2821.785977,3878.020567,1056.234589,False,True,False,False,DERIVED_CONDITIONAL_GEOMETRY_NOT_EVENT_LOCATION
3827,107.70435143,-10.22275639,2819.765753,3877.628698,1057.862946,False,True,False,False,DERIVED_CONDITIONAL_GEOMETRY_NOT_EVENT_LOCATION
3828,107.70032883,-10.24222755,2817.745776,3877.237949,1059.492173,False,True,False,False,DERIVED_CONDITIONAL_GEOMETRY_NOT_EVENT_LOCATION
3829,107.69630623,-10.26169872,2815.726048,3876.848319,1061.122271,False,True,False,False,DERIVED_CONDITIONAL_GEOMETRY_NOT_EVENT_LOCATION
3830,107.69228363,-10.28116989,2813.706569,3876.459809,1062.753240,False,True,False,False,DERIVED_CONDITIONAL_GEOMETRY_NOT_EVENT_LOCATION
3831,107.68826103,-10.30064106,2811.687340,3876.072419,1064.385079,False,True,False,False,DERIVED_CONDITIONAL_GEOMETRY_NOT_EVENT_LOCATION
3832,107.68423843,-10.32011223,2809.668361,3875.686150,1066.017789,False,True,False,False,DERIVED_CONDITIONAL_GEOMETRY_NOT_EVENT_LOCATION
3833,107.68021584,-10.33958340,2807.649633,3875.301003,1067.651369,False,True,False,False,DERIVED_CONDITIONAL_GEOMETRY_NOT_EVENT_LOCATION
3834,107.67619324,-10.35905457,2805.631156,3874.916976,1069.285820,False,True,False,False,DERIVED_CONDITIONAL_GEOMETRY_NOT_EVENT_LOCATION
3835,107.67217064,-10.37852573,2803.612931,3874.534072,1070.921141,False,True,False,False,DERIVED_CONDITIONAL_GEOMETRY_NOT_EVENT_LOCATION
3836,107.66814804,-10.39799690,2801.594958,3874.152291,1072.557333,False,True,False,False,DERIVED_CONDITIONAL_GEOMETRY_NOT_EVENT_LOCATION
3837,107.66412544,-10.41746807,2799.577238,3873.771632,1074.194394,False,True,False,False,DERIVED_CONDITIONAL_GEOMETRY_NOT_EVENT_LOCATION
3838,107.66010284,-10.43693924,2797.559771,3873.392097,1075.832326,False,True,False,False,DERIVED_CONDITIONAL_GEOMETRY_NOT_EVENT_LOCATION
3839,107.65608025,-10.45641041,2795.542557,3873.013685,1077.471128,False,True,False,False,DERIVED_CONDITIONAL_GEOMETRY_NOT_EVENT_LOCATION
3840,107.65205765,-10.47588158,2793.525598,3872.636397,1079.110799,False,True,False,False,DERIVED_CONDITIONAL_GEOMETRY_NOT_EVENT_LOCATION
3841,107.64803505,-10.49535275,2791.508894,3872.260235,1080.751341,False,True,False,False,DERIVED_CONDITIONAL_GEOMETRY_NOT_EVENT_LOCATION
3842,107.64401245,-10.51482391,2789.492445,3871.885197,1082.392752,False,True,False,False,DERIVED_CONDITIONAL_GEOMETRY_NOT_EVENT_LOCATION
3843,107.63998985,-10.53429508,2787.476251,3871.511284,1084.035033,False,True,False,False,DERIVED_CONDITIONAL_GEOMETRY_NOT_EVENT_LOCATION
3844,107.63596725,-10.55376625,2785.460314,3871.138498,1085.678184,False,True,False,False,DERIVED_CONDITIONAL_GEOMETRY_NOT_EVENT_LOCATION
3845,107.63194466,-10.57323742,2783.444634,3870.766838,1087.322204,False,True,False,False,DERIVED_CONDITIONAL_GEOMETRY_NOT_EVENT_LOCATION
3846,107.62792206,-10.59270859,2781.429211,3870.396304,1088.967093,False,True,False,False,DERIVED_CONDITIONAL_GEOMETRY_NOT_EVENT_LOCATION
3847,107.62389946,-10.61217976,2779.414046,3870.026898,1090.612852,False,True,False,False,DERIVED_CONDITIONAL_GEOMETRY_NOT_EVENT_LOCATION
3848,107.61987686,-10.63165092,2777.399139,3869.658619,1092.259480,False,True,False,False,DERIVED_CONDITIONAL_GEOMETRY_NOT_EVENT_LOCATION
3849,107.61585426,-10.65112209,2775.384492,3869.291468,1093.906977,False,True,False,False,DERIVED_CONDITIONAL_GEOMETRY_NOT_EVENT_LOCATION
3850,107.61183167,-10.67059326,2773.370103,3868.925446,1095.555343,False,True,False,False,DERIVED_CONDITIONAL_GEOMETRY_NOT_EVENT_LOCATION
3851,107.60756969,-10.69001484,2771.367145,3868.534222,1097.167077,False,True,False,False,DERIVED_CONDITIONAL_GEOMETRY_NOT_EVENT_LOCATION
3852,107.60330772,-10.70943642,2769.364460,3868.144126,1098.779666,False,True,False,False,DERIVED_CONDITIONAL_GEOMETRY_NOT_EVENT_LOCATION
3853,107.59904575,-10.72885799,2767.362051,3867.755159,1100.393108,False,True,False,False,DERIVED_CONDITIONAL_GEOMETRY_NOT_EVENT_LOCATION
3854,107.59478378,-10.74827957,2765.359916,3867.367320,1102.007403,False,True,False,False,DERIVED_CONDITIONAL_GEOMETRY_NOT_EVENT_LOCATION
3855,107.59052181,-10.76770115,2763.358058,3866.980610,1103.622553,False,True,False,False,DERIVED_CONDITIONAL_GEOMETRY_NOT_EVENT_LOCATION
3856,107.58625984,-10.78712273,2761.356476,3866.595031,1105.238555,False,True,False,False,DERIVED_CONDITIONAL_GEOMETRY_NOT_EVENT_LOCATION
3857,107.58199787,-10.80654430,2759.355171,3866.210581,1106.855410,False,True,False,False,DERIVED_CONDITIONAL_GEOMETRY_NOT_EVENT_LOCATION
3858,107.57773590,-10.82596588,2757.354143,3865.827262,1108.473119,False,True,False,False,DERIVED_CONDITIONAL_GEOMETRY_NOT_EVENT_LOCATION
3859,107.57347393,-10.84538746,2755.353394,3865.445074,1110.091680,False,True,False,False,DERIVED_CONDITIONAL_GEOMETRY_NOT_EVENT_LOCATION
3860,107.56921196,-10.86480904,2753.352923,3865.064017,1111.711094,False,True,False,False,DERIVED_CONDITIONAL_GEOMETRY_NOT_EVENT_LOCATION
3861,107.56494999,-10.88423061,2751.352731,3864.684092,1113.331361,False,True,False,False,DERIVED_CONDITIONAL_GEOMETRY_NOT_EVENT_LOCATION
3862,107.56068802,-10.90365219,2749.352819,3864.305300,1114.952481,False,True,False,False,DERIVED_CONDITIONAL_GEOMETRY_NOT_EVENT_LOCATION
3863,107.55642605,-10.92307377,2747.353188,3863.927640,1116.574452,False,True,False,False,DERIVED_CONDITIONAL_GEOMETRY_NOT_EVENT_LOCATION
3864,107.55216408,-10.94249535,2745.353837,3863.551114,1118.197276,False,True,False,False,DERIVED_CONDITIONAL_GEOMETRY_NOT_EVENT_LOCATION
3865,107.54790211,-10.96191692,2743.354768,3863.175721,1119.820953,False,True,False,False,DERIVED_CONDITIONAL_GEOMETRY_NOT_EVENT_LOCATION
3866,107.54364014,-10.98133850,2741.355981,3862.801462,1121.445481,False,True,False,False,DERIVED_CONDITIONAL_GEOMETRY_NOT_EVENT_LOCATION
3867,107.53937817,-11.00076008,2739.357477,3862.428337,1123.070861,False,True,False,False,DERIVED_CONDITIONAL_GEOMETRY_NOT_EVENT_LOCATION
3868,107.53511620,-11.02018166,2737.359256,3862.056348,1124.697092,False,True,False,False,DERIVED_CONDITIONAL_GEOMETRY_NOT_EVENT_LOCATION
3869,107.53085423,-11.03960323,2735.361318,3861.685494,1126.324175,False,True,False,False,DERIVED_CONDITIONAL_GEOMETRY_NOT_EVENT_LOCATION
3870,107.52659225,-11.05902481,2733.363665,3861.315775,1127.952110,False,True,False,False,DERIVED_CONDITIONAL_GEOMETRY_NOT_EVENT_LOCATION
3871,107.52233028,-11.07844639,2731.366297,3860.947193,1129.580896,False,True,False,False,DERIVED_CONDITIONAL_GEOMETRY_NOT_EVENT_LOCATION
3872,107.51806831,-11.09786797,2729.369215,3860.579747,1131.210533,False,True,False,False,DERIVED_CONDITIONAL_GEOMETRY_NOT_EVENT_LOCATION
3873,107.51380634,-11.11728954,2727.372418,3860.213438,1132.841020,False,True,False,False,DERIVED_CONDITIONAL_GEOMETRY_NOT_EVENT_LOCATION
3874,107.50954437,-11.13671112,2725.375908,3859.848267,1134.472359,False,True,False,False,DERIVED_CONDITIONAL_GEOMETRY_NOT_EVENT_LOCATION
3875,107.50528240,-11.15613270,2723.379686,3859.484234,1136.104548,False,True,False,False,DERIVED_CONDITIONAL_GEOMETRY_NOT_EVENT_LOCATION
3876,107.50102043,-11.17555428,2721.383751,3859.121339,1137.737587,False,True,False,False,DERIVED_CONDITIONAL_GEOMETRY_NOT_EVENT_LOCATION
3877,107.49675846,-11.19497585,2719.388105,3858.759582,1139.371477,False,True,False,False,DERIVED_CONDITIONAL_GEOMETRY_NOT_EVENT_LOCATION
3878,107.49249649,-11.21439743,2717.392748,3858.398965,1141.006217,False,True,False,False,DERIVED_CONDITIONAL_GEOMETRY_NOT_EVENT_LOCATION
3879,107.48823452,-11.23381901,2715.397681,3858.039488,1142.641807,False,True,False,False,DERIVED_CONDITIONAL_GEOMETRY_NOT_EVENT_LOCATION
3880,107.48397255,-11.25324059,2713.402904,3857.681150,1144.278246,False,True,False,False,DERIVED_CONDITIONAL_GEOMETRY_NOT_EVENT_LOCATION
3881,107.47971058,-11.27266216,2711.408417,3857.323953,1145.915535,False,True,False,False,DERIVED_CONDITIONAL_GEOMETRY_NOT_EVENT_LOCATION
3882,107.47544861,-11.29208374,2709.414222,3856.967896,1147.553674,False,True,False,False,DERIVED_CONDITIONAL_GEOMETRY_NOT_EVENT_LOCATION
3883,107.47079960,-11.31207768,2707.368150,3856.574070,1149.205920,False,True,False,False,DERIVED_CONDITIONAL_GEOMETRY_NOT_EVENT_LOCATION
3884,107.46615059,-11.33207161,2705.322406,3856.181459,1150.859053,False,True,False,False,DERIVED_CONDITIONAL_GEOMETRY_NOT_EVENT_LOCATION
3885,107.46150158,-11.35206555,2703.276990,3855.790064,1152.513075,False,True,False,False,DERIVED_CONDITIONAL_GEOMETRY_NOT_EVENT_LOCATION
3886,107.45685257,-11.37205948,2701.231902,3855.399886,1154.167983,False,True,False,False,DERIVED_CONDITIONAL_GEOMETRY_NOT_EVENT_LOCATION
3887,107.45220357,-11.39205342,2699.187144,3855.010924,1155.823780,False,True,False,False,DERIVED_CONDITIONAL_GEOMETRY_NOT_EVENT_LOCATION
3888,107.44755456,-11.41204736,2697.142717,3854.623180,1157.480463,False,True,False,False,DERIVED_CONDITIONAL_GEOMETRY_NOT_EVENT_LOCATION
3889,107.44290555,-11.43204129,2695.098620,3854.236653,1159.138033,False,True,False,False,DERIVED_CONDITIONAL_GEOMETRY_NOT_EVENT_LOCATION
3890,107.43825654,-11.45203523,2693.054855,3853.851345,1160.796490,False,True,False,False,DERIVED_CONDITIONAL_GEOMETRY_NOT_EVENT_LOCATION
3891,107.43360753,-11.47202916,2691.011423,3853.467256,1162.455833,False,True,False,False,DERIVED_CONDITIONAL_GEOMETRY_NOT_EVENT_LOCATION
3892,107.42895852,-11.49202310,2688.968323,3853.084386,1164.116063,False,True,False,False,DERIVED_CONDITIONAL_GEOMETRY_NOT_EVENT_LOCATION
3893,107.42430952,-11.51201703,2686.925557,3852.702736,1165.777179,False,True,False,False,DERIVED_CONDITIONAL_GEOMETRY_NOT_EVENT_LOCATION
3894,107.41966051,-11.53201097,2684.883126,3852.322306,1167.439180,False,True,False,False,DERIVED_CONDITIONAL_GEOMETRY_NOT_EVENT_LOCATION
3895,107.41501150,-11.55200491,2682.841030,3851.943097,1169.102067,False,True,False,False,DERIVED_CONDITIONAL_GEOMETRY_NOT_EVENT_LOCATION
3896,107.41036249,-11.57199884,2680.799270,3851.565109,1170.765839,False,True,False,False,DERIVED_CONDITIONAL_GEOMETRY_NOT_EVENT_LOCATION
3897,107.40571348,-11.59199278,2678.757846,3851.188342,1172.430496,False,True,False,False,DERIVED_CONDITIONAL_GEOMETRY_NOT_EVENT_LOCATION
3898,107.40106447,-11.61198671,2676.716760,3850.812798,1174.096038,False,True,False,False,DERIVED_CONDITIONAL_GEOMETRY_NOT_EVENT_LOCATION
3899,107.39641546,-11.63198065,2674.676012,3850.438476,1175.762465,False,True,False,False,DERIVED_CONDITIONAL_GEOMETRY_NOT_EVENT_LOCATION
3900,107.39176646,-11.65197459,2672.635603,3850.065378,1177.429775,False,True,False,False,DERIVED_CONDITIONAL_GEOMETRY_NOT_EVENT_LOCATION
3901,107.38711745,-11.67196852,2670.595533,3849.693503,1179.097970,False,True,False,False,DERIVED_CONDITIONAL_GEOMETRY_NOT_EVENT_LOCATION
3902,107.38246844,-11.69196246,2668.555803,3849.322852,1180.767049,False,True,False,False,DERIVED_CONDITIONAL_GEOMETRY_NOT_EVENT_LOCATION
3903,107.37781943,-11.71195639,2666.516414,3848.953425,1182.437011,False,True,False,False,DERIVED_CONDITIONAL_GEOMETRY_NOT_EVENT_LOCATION
3904,107.37317042,-11.73195033,2664.477367,3848.585224,1184.107857,False,True,False,False,DERIVED_CONDITIONAL_GEOMETRY_NOT_EVENT_LOCATION
3905,107.36852141,-11.75194427,2662.438662,3848.218248,1185.779585,False,True,False,False,DERIVED_CONDITIONAL_GEOMETRY_NOT_EVENT_LOCATION
3906,107.36387241,-11.77193820,2660.400301,3847.852498,1187.452197,False,True,False,False,DERIVED_CONDITIONAL_GEOMETRY_NOT_EVENT_LOCATION
3907,107.35922340,-11.79193214,2658.362283,3847.487974,1189.125691,False,True,False,False,DERIVED_CONDITIONAL_GEOMETRY_NOT_EVENT_LOCATION
3908,107.35457439,-11.81192607,2656.324610,3847.124677,1190.800067,False,True,False,False,DERIVED_CONDITIONAL_GEOMETRY_NOT_EVENT_LOCATION
3909,107.34992538,-11.83192001,2654.287282,3846.762607,1192.475325,False,True,False,False,DERIVED_CONDITIONAL_GEOMETRY_NOT_EVENT_LOCATION
3910,107.34527637,-11.85191394,2652.250300,3846.401765,1194.151464,False,True,False,False,DERIVED_CONDITIONAL_GEOMETRY_NOT_EVENT_LOCATION
3911,107.34062736,-11.87190788,2650.213666,3846.042151,1195.828485,False,True,False,False,DERIVED_CONDITIONAL_GEOMETRY_NOT_EVENT_LOCATION
3912,107.33597835,-11.89190182,2648.177378,3845.683765,1197.506387,False,True,False,False,DERIVED_CONDITIONAL_GEOMETRY_NOT_EVENT_LOCATION
3913,107.33132935,-11.91189575,2646.141439,3845.326609,1199.185170,False,True,False,False,DERIVED_CONDITIONAL_GEOMETRY_NOT_EVENT_LOCATION
3914,107.32642931,-11.93183259,2644.118603,3844.943007,1200.824405,False,True,False,False,DERIVED_CONDITIONAL_GEOMETRY_NOT_EVENT_LOCATION
3915,107.32152927,-11.95176943,2642.096132,3844.560635,1202.464502,False,True,False,False,DERIVED_CONDITIONAL_GEOMETRY_NOT_EVENT_LOCATION
3916,107.31662923,-11.97170627,2640.074029,3844.179492,1204.105463,False,True,False,False,DERIVED_CONDITIONAL_GEOMETRY_NOT_EVENT_LOCATION
3917,107.31172919,-11.99164311,2638.052295,3843.799579,1205.747285,False,True,False,False,DERIVED_CONDITIONAL_GEOMETRY_NOT_EVENT_LOCATION
3918,107.30682914,-12.01157994,2636.030928,3843.420898,1207.389969,False,True,False,False,DERIVED_CONDITIONAL_GEOMETRY_NOT_EVENT_LOCATION
3919,107.30192910,-12.03151678,2634.009932,3843.043447,1209.033515,False,True,False,False,DERIVED_CONDITIONAL_GEOMETRY_NOT_EVENT_LOCATION
3920,107.29702906,-12.05145362,2631.989306,3842.667228,1210.677922,False,True,False,False,DERIVED_CONDITIONAL_GEOMETRY_NOT_EVENT_LOCATION
3921,107.29212902,-12.07139046,2629.969051,3842.292241,1212.323190,False,True,False,False,DERIVED_CONDITIONAL_GEOMETRY_NOT_EVENT_LOCATION
3922,107.28722898,-12.09132730,2627.949169,3841.918487,1213.969318,False,True,False,False,DERIVED_CONDITIONAL_GEOMETRY_NOT_EVENT_LOCATION
3923,107.28232894,-12.11126414,2625.929659,3841.545966,1215.616307,False,True,False,False,DERIVED_CONDITIONAL_GEOMETRY_NOT_EVENT_LOCATION
3924,107.27742890,-12.13120097,2623.910522,3841.174678,1217.264156,False,True,False,False,DERIVED_CONDITIONAL_GEOMETRY_NOT_EVENT_LOCATION
3925,107.27252886,-12.15113781,2621.891760,3840.804625,1218.912865,False,True,False,False,DERIVED_CONDITIONAL_GEOMETRY_NOT_EVENT_LOCATION
3926,107.26762882,-12.17107465,2619.873374,3840.435806,1220.562433,False,True,False,False,DERIVED_CONDITIONAL_GEOMETRY_NOT_EVENT_LOCATION
3927,107.26272878,-12.19101149,2617.855363,3840.068222,1222.212859,False,True,False,False,DERIVED_CONDITIONAL_GEOMETRY_NOT_EVENT_LOCATION
3928,107.25782874,-12.21094833,2615.837729,3839.701874,1223.864145,False,True,False,False,DERIVED_CONDITIONAL_GEOMETRY_NOT_EVENT_LOCATION
3929,107.25292870,-12.23088517,2613.820473,3839.336761,1225.516289,False,True,False,False,DERIVED_CONDITIONAL_GEOMETRY_NOT_EVENT_LOCATION
3930,107.24802866,-12.25082201,2611.803595,3838.972885,1227.169290,False,True,False,False,DERIVED_CONDITIONAL_GEOMETRY_NOT_EVENT_LOCATION
3931,107.24312862,-12.27075884,2609.787097,3838.610246,1228.823150,False,True,False,False,DERIVED_CONDITIONAL_GEOMETRY_NOT_EVENT_LOCATION
3932,107.23822858,-12.29069568,2607.770978,3838.248844,1230.477866,False,True,False,False,DERIVED_CONDITIONAL_GEOMETRY_NOT_EVENT_LOCATION
3933,107.23332854,-12.31063252,2605.755241,3837.888681,1232.133440,False,True,False,False,DERIVED_CONDITIONAL_GEOMETRY_NOT_EVENT_LOCATION
3934,107.22842850,-12.33056936,2603.739885,3837.529755,1233.789870,False,True,False,False,DERIVED_CONDITIONAL_GEOMETRY_NOT_EVENT_LOCATION
3935,107.22352846,-12.35050620,2601.724912,3837.172068,1235.447156,False,True,False,False,DERIVED_CONDITIONAL_GEOMETRY_NOT_EVENT_LOCATION
3936,107.21862842,-12.37044304,2599.710322,3836.815620,1237.105298,False,True,False,False,DERIVED_CONDITIONAL_GEOMETRY_NOT_EVENT_LOCATION
3937,107.21372838,-12.39037987,2597.696117,3836.460412,1238.764296,False,True,False,False,DERIVED_CONDITIONAL_GEOMETRY_NOT_EVENT_LOCATION
3938,107.20882834,-12.41031671,2595.682296,3836.106444,1240.424148,False,True,False,False,DERIVED_CONDITIONAL_GEOMETRY_NOT_EVENT_LOCATION
3939,107.20392830,-12.43025355,2593.668861,3835.753717,1242.084856,False,True,False,False,DERIVED_CONDITIONAL_GEOMETRY_NOT_EVENT_LOCATION
3940,107.19902826,-12.45019039,2591.655813,3835.402231,1243.746417,False,True,False,False,DERIVED_CONDITIONAL_GEOMETRY_NOT_EVENT_LOCATION
3941,107.19412822,-12.47012723,2589.643153,3835.051986,1245.408833,False,True,False,False,DERIVED_CONDITIONAL_GEOMETRY_NOT_EVENT_LOCATION
3942,107.18922818,-12.49006407,2587.630881,3834.702983,1247.072102,False,True,False,False,DERIVED_CONDITIONAL_GEOMETRY_NOT_EVENT_LOCATION
3943,107.18432814,-12.51000091,2585.618998,3834.355223,1248.736224,False,True,False,False,DERIVED_CONDITIONAL_GEOMETRY_NOT_EVENT_LOCATION
3944,107.17942810,-12.52993774,2583.607506,3834.008705,1250.401200,False,True,False,False,DERIVED_CONDITIONAL_GEOMETRY_NOT_EVENT_LOCATION
3945,107.17427408,-12.54981453,2581.609822,3833.635402,1252.025580,False,True,False,False,DERIVED_CONDITIONAL_GEOMETRY_NOT_EVENT_LOCATION
3946,107.16912005,-12.56969132,2579.612549,3833.263343,1253.650794,False,True,False,False,DERIVED_CONDITIONAL_GEOMETRY_NOT_EVENT_LOCATION
3947,107.16396603,-12.58956811,2577.615685,3832.892527,1255.276842,False,True,False,False,DERIVED_CONDITIONAL_GEOMETRY_NOT_EVENT_LOCATION
3948,107.15881200,-12.60944490,2575.619233,3832.522956,1256.903722,False,True,False,False,DERIVED_CONDITIONAL_GEOMETRY_NOT_EVENT_LOCATION
3949,107.15365797,-12.62932168,2573.623194,3832.154629,1258.531435,False,True,False,False,DERIVED_CONDITIONAL_GEOMETRY_NOT_EVENT_LOCATION
3950,107.14850395,-12.64919847,2571.627568,3831.787548,1260.159981,False,True,False,False,DERIVED_CONDITIONAL_GEOMETRY_NOT_EVENT_LOCATION
3951,107.14334992,-12.66907526,2569.632355,3831.421713,1261.789358,False,True,False,False,DERIVED_CONDITIONAL_GEOMETRY_NOT_EVENT_LOCATION
3952,107.13819590,-12.68895205,2567.637558,3831.057124,1263.419566,False,True,False,False,DERIVED_CONDITIONAL_GEOMETRY_NOT_EVENT_LOCATION
3953,107.13304187,-12.70882883,2565.643177,3830.693782,1265.050605,False,True,False,False,DERIVED_CONDITIONAL_GEOMETRY_NOT_EVENT_LOCATION
3954,107.12788785,-12.72870562,2563.649212,3830.331687,1266.682474,False,True,False,False,DERIVED_CONDITIONAL_GEOMETRY_NOT_EVENT_LOCATION
3955,107.12273382,-12.74858241,2561.655665,3829.970839,1268.315174,False,True,False,False,DERIVED_CONDITIONAL_GEOMETRY_NOT_EVENT_LOCATION
3956,107.11757980,-12.76845920,2559.662537,3829.611240,1269.948703,False,True,False,False,DERIVED_CONDITIONAL_GEOMETRY_NOT_EVENT_LOCATION
3957,107.11242577,-12.78833598,2557.669828,3829.252890,1271.583061,False,True,False,False,DERIVED_CONDITIONAL_GEOMETRY_NOT_EVENT_LOCATION
3958,107.10727175,-12.80821277,2555.677540,3828.895788,1273.218248,False,True,False,False,DERIVED_CONDITIONAL_GEOMETRY_NOT_EVENT_LOCATION
3959,107.10211772,-12.82808956,2553.685673,3828.539936,1274.854263,False,True,False,False,DERIVED_CONDITIONAL_GEOMETRY_NOT_EVENT_LOCATION
3960,107.09696370,-12.84796635,2551.694228,3828.185335,1276.491106,False,True,False,False,DERIVED_CONDITIONAL_GEOMETRY_NOT_EVENT_LOCATION
3961,107.09180967,-12.86784314,2549.703207,3827.831984,1278.128777,False,True,False,False,DERIVED_CONDITIONAL_GEOMETRY_NOT_EVENT_LOCATION
3962,107.08665565,-12.88771992,2547.712609,3827.479883,1279.767274,False,True,False,False,DERIVED_CONDITIONAL_GEOMETRY_NOT_EVENT_LOCATION
3963,107.08150162,-12.90759671,2545.722437,3827.129035,1281.406598,False,True,False,False,DERIVED_CONDITIONAL_GEOMETRY_NOT_EVENT_LOCATION
3964,107.07634760,-12.92747350,2543.732690,3826.779438,1283.046747,False,True,False,False,DERIVED_CONDITIONAL_GEOMETRY_NOT_EVENT_LOCATION
3965,107.07119357,-12.94735029,2541.743371,3826.431093,1284.687723,False,True,False,False,DERIVED_CONDITIONAL_GEOMETRY_NOT_EVENT_LOCATION
3966,107.06603955,-12.96722707,2539.754479,3826.084002,1286.329523,False,True,False,False,DERIVED_CONDITIONAL_GEOMETRY_NOT_EVENT_LOCATION
3967,107.06088552,-12.98710386,2537.766016,3825.738164,1287.972147,False,True,False,False,DERIVED_CONDITIONAL_GEOMETRY_NOT_EVENT_LOCATION
3968,107.05573150,-13.00698065,2535.777983,3825.393579,1289.615596,False,True,False,False,DERIVED_CONDITIONAL_GEOMETRY_NOT_EVENT_LOCATION
3969,107.05057747,-13.02685744,2533.790380,3825.050249,1291.259869,False,True,False,False,DERIVED_CONDITIONAL_GEOMETRY_NOT_EVENT_LOCATION
3970,107.04542345,-13.04673423,2531.803209,3824.708173,1292.904964,False,True,False,False,DERIVED_CONDITIONAL_GEOMETRY_NOT_EVENT_LOCATION
3971,107.04026942,-13.06661101,2529.816470,3824.367353,1294.550882,False,True,False,False,DERIVED_CONDITIONAL_GEOMETRY_NOT_EVENT_LOCATION
3972,107.03511540,-13.08648780,2527.830165,3824.027788,1296.197623,False,True,False,False,DERIVED_CONDITIONAL_GEOMETRY_NOT_EVENT_LOCATION
3973,107.02996137,-13.10636459,2525.844295,3823.689479,1297.845184,False,True,False,False,DERIVED_CONDITIONAL_GEOMETRY_NOT_EVENT_LOCATION
3974,107.02480735,-13.12624138,2523.858859,3823.352427,1299.493567,False,True,False,False,DERIVED_CONDITIONAL_GEOMETRY_NOT_EVENT_LOCATION
3975,107.01965332,-13.14611816,2521.873860,3823.016631,1301.142771,False,True,False,False,DERIVED_CONDITIONAL_GEOMETRY_NOT_EVENT_LOCATION
3976,107.01424383,-13.16593096,2519.903467,3822.653861,1302.750394,False,True,False,False,DERIVED_CONDITIONAL_GEOMETRY_NOT_EVENT_LOCATION
3977,107.00883435,-13.18574376,2517.933530,3822.292348,1304.358818,False,True,False,False,DERIVED_CONDITIONAL_GEOMETRY_NOT_EVENT_LOCATION
3978,107.00342486,-13.20555656,2515.964051,3821.932093,1305.968041,False,True,False,False,DERIVED_CONDITIONAL_GEOMETRY_NOT_EVENT_LOCATION
3979,106.99801537,-13.22536936,2513.995032,3821.573096,1307.578064,False,True,False,False,DERIVED_CONDITIONAL_GEOMETRY_NOT_EVENT_LOCATION
3980,106.99260589,-13.24518216,2512.026473,3821.215359,1309.188886,False,True,False,False,DERIVED_CONDITIONAL_GEOMETRY_NOT_EVENT_LOCATION
3981,106.98719640,-13.26499496,2510.058375,3820.858882,1310.800507,False,True,False,False,DERIVED_CONDITIONAL_GEOMETRY_NOT_EVENT_LOCATION
3982,106.98178691,-13.28480776,2508.090739,3820.503664,1312.412925,False,True,False,False,DERIVED_CONDITIONAL_GEOMETRY_NOT_EVENT_LOCATION
3983,106.97637743,-13.30462056,2506.123567,3820.149707,1314.026140,False,True,False,False,DERIVED_CONDITIONAL_GEOMETRY_NOT_EVENT_LOCATION
3984,106.97096794,-13.32443336,2504.156858,3819.797011,1315.640153,False,True,False,False,DERIVED_CONDITIONAL_GEOMETRY_NOT_EVENT_LOCATION
3985,106.96555845,-13.34424616,2502.190615,3819.445577,1317.254961,False,True,False,False,DERIVED_CONDITIONAL_GEOMETRY_NOT_EVENT_LOCATION
3986,106.96014897,-13.36405896,2500.224839,3819.095404,1318.870566,False,True,False,False,DERIVED_CONDITIONAL_GEOMETRY_NOT_EVENT_LOCATION
3987,106.95473948,-13.38387176,2498.259529,3818.746494,1320.486965,False,True,False,False,DERIVED_CONDITIONAL_GEOMETRY_NOT_EVENT_LOCATION
3988,106.94932999,-13.40368455,2496.294688,3818.398847,1322.104159,False,True,False,False,DERIVED_CONDITIONAL_GEOMETRY_NOT_EVENT_LOCATION
3989,106.94392050,-13.42349735,2494.330317,3818.052464,1323.722147,False,True,False,False,DERIVED_CONDITIONAL_GEOMETRY_NOT_EVENT_LOCATION
3990,106.93851102,-13.44331015,2492.366415,3817.707344,1325.340928,False,True,False,False,DERIVED_CONDITIONAL_GEOMETRY_NOT_EVENT_LOCATION
3991,106.93310153,-13.46312295,2490.402985,3817.363488,1326.960503,False,True,False,False,DERIVED_CONDITIONAL_GEOMETRY_NOT_EVENT_LOCATION
3992,106.92769204,-13.48293575,2488.440028,3817.020897,1328.580869,False,True,False,False,DERIVED_CONDITIONAL_GEOMETRY_NOT_EVENT_LOCATION
3993,106.92228256,-13.50274855,2486.477544,3816.679572,1330.202028,False,True,False,False,DERIVED_CONDITIONAL_GEOMETRY_NOT_EVENT_LOCATION
3994,106.91687307,-13.52256135,2484.515535,3816.339512,1331.823977,False,True,False,False,DERIVED_CONDITIONAL_GEOMETRY_NOT_EVENT_LOCATION
3995,106.91146358,-13.54237415,2482.554001,3816.000718,1333.446717,False,True,False,False,DERIVED_CONDITIONAL_GEOMETRY_NOT_EVENT_LOCATION
3996,106.90605410,-13.56218695,2480.592944,3815.663191,1335.070247,False,True,False,False,DERIVED_CONDITIONAL_GEOMETRY_NOT_EVENT_LOCATION
3997,106.90064461,-13.58199975,2478.632365,3815.326931,1336.694567,False,True,False,False,DERIVED_CONDITIONAL_GEOMETRY_NOT_EVENT_LOCATION
3998,106.89523512,-13.60181255,2476.672264,3814.991939,1338.319675,False,True,False,False,DERIVED_CONDITIONAL_GEOMETRY_NOT_EVENT_LOCATION
3999,106.88982564,-13.62162535,2474.712643,3814.658214,1339.945571,False,True,False,False,DERIVED_CONDITIONAL_GEOMETRY_NOT_EVENT_LOCATION
4000,106.88441615,-13.64143815,2472.753503,3814.325758,1341.572255,False,True,False,False,DERIVED_CONDITIONAL_GEOMETRY_NOT_EVENT_LOCATION
4001,106.87900666,-13.66125095,2470.794845,3813.994571,1343.199726,False,True,False,False,DERIVED_CONDITIONAL_GEOMETRY_NOT_EVENT_LOCATION
4002,106.87359718,-13.68106374,2468.836670,3813.664653,1344.827983,False,True,False,False,DERIVED_CONDITIONAL_GEOMETRY_NOT_EVENT_LOCATION
4003,106.86818769,-13.70087654,2466.878979,3813.336005,1346.457026,False,True,False,False,DERIVED_CONDITIONAL_GEOMETRY_NOT_EVENT_LOCATION
4004,106.86277820,-13.72068934,2464.921774,3813.008628,1348.086854,False,True,False,False,DERIVED_CONDITIONAL_GEOMETRY_NOT_EVENT_LOCATION
4005,106.85736872,-13.74050214,2462.965054,3812.682521,1349.717466,False,True,False,False,DERIVED_CONDITIONAL_GEOMETRY_NOT_EVENT_LOCATION
4006,106.85195923,-13.76031494,2461.008822,3812.357685,1351.348863,False,True,False,False,DERIVED_CONDITIONAL_GEOMETRY_NOT_EVENT_LOCATION
4007,106.84629133,-13.78006080,2459.067952,3812.005535,1352.937583,False,True,False,False,DERIVED_CONDITIONAL_GEOMETRY_NOT_EVENT_LOCATION
4008,106.84062342,-13.79980666,2457.127591,3811.654657,1354.527066,False,True,False,False,DERIVED_CONDITIONAL_GEOMETRY_NOT_EVENT_LOCATION
4009,106.83495552,-13.81955251,2455.187741,3811.305052,1356.117311,False,True,False,False,DERIVED_CONDITIONAL_GEOMETRY_NOT_EVENT_LOCATION
4010,106.82928762,-13.83929837,2453.248403,3810.956720,1357.708317,False,True,False,False,DERIVED_CONDITIONAL_GEOMETRY_NOT_EVENT_LOCATION
4011,106.82361972,-13.85904423,2451.309578,3810.609662,1359.300084,False,True,False,False,DERIVED_CONDITIONAL_GEOMETRY_NOT_EVENT_LOCATION
4012,106.81795182,-13.87879009,2449.371268,3810.263878,1360.892611,False,True,False,False,DERIVED_CONDITIONAL_GEOMETRY_NOT_EVENT_LOCATION
4013,106.81228392,-13.89853594,2447.433472,3809.919369,1362.485897,False,True,False,False,DERIVED_CONDITIONAL_GEOMETRY_NOT_EVENT_LOCATION
4014,106.80661601,-13.91828180,2445.496194,3809.576135,1364.079942,False,True,False,False,DERIVED_CONDITIONAL_GEOMETRY_NOT_EVENT_LOCATION
4015,106.80094811,-13.93802766,2443.559432,3809.234177,1365.674744,False,True,False,False,DERIVED_CONDITIONAL_GEOMETRY_NOT_EVENT_LOCATION
4016,106.79528021,-13.95777352,2441.623190,3808.893494,1367.270304,False,True,False,False,DERIVED_CONDITIONAL_GEOMETRY_NOT_EVENT_LOCATION
4017,106.78961231,-13.97751937,2439.687467,3808.554088,1368.866621,False,True,False,False,DERIVED_CONDITIONAL_GEOMETRY_NOT_EVENT_LOCATION
4018,106.78394441,-13.99726523,2437.752266,3808.215959,1370.463693,False,True,False,False,DERIVED_CONDITIONAL_GEOMETRY_NOT_EVENT_LOCATION
4019,106.77827651,-14.01701109,2435.817586,3807.879108,1372.061521,False,True,False,False,DERIVED_CONDITIONAL_GEOMETRY_NOT_EVENT_LOCATION
4020,106.77260860,-14.03675695,2433.883430,3807.543534,1373.660104,False,True,False,False,DERIVED_CONDITIONAL_GEOMETRY_NOT_EVENT_LOCATION
4021,106.76694070,-14.05650280,2431.949799,3807.209239,1375.259440,False,True,False,False,DERIVED_CONDITIONAL_GEOMETRY_NOT_EVENT_LOCATION
4022,106.76127280,-14.07624866,2430.016693,3806.876222,1376.859529,False,True,False,False,DERIVED_CONDITIONAL_GEOMETRY_NOT_EVENT_LOCATION
4023,106.75560490,-14.09599452,2428.084115,3806.544485,1378.460371,False,True,False,False,DERIVED_CONDITIONAL_GEOMETRY_NOT_EVENT_LOCATION
4024,106.74993700,-14.11574038,2426.152064,3806.214028,1380.061964,False,True,False,False,DERIVED_CONDITIONAL_GEOMETRY_NOT_EVENT_LOCATION
4025,106.74426909,-14.13548623,2424.220542,3805.884851,1381.664309,False,True,False,False,DERIVED_CONDITIONAL_GEOMETRY_NOT_EVENT_LOCATION
4026,106.73860119,-14.15523209,2422.289551,3805.556954,1383.267403,False,True,False,False,DERIVED_CONDITIONAL_GEOMETRY_NOT_EVENT_LOCATION
4027,106.73293329,-14.17497795,2420.359091,3805.230339,1384.871248,False,True,False,False,DERIVED_CONDITIONAL_GEOMETRY_NOT_EVENT_LOCATION
4028,106.72726539,-14.19472381,2418.429165,3804.905005,1386.475841,False,True,False,False,DERIVED_CONDITIONAL_GEOMETRY_NOT_EVENT_LOCATION
4029,106.72159749,-14.21446966,2416.499772,3804.580954,1388.081182,False,True,False,False,DERIVED_CONDITIONAL_GEOMETRY_NOT_EVENT_LOCATION
4030,106.71592959,-14.23421552,2414.570914,3804.258184,1389.687270,False,True,False,False,DERIVED_CONDITIONAL_GEOMETRY_NOT_EVENT_LOCATION
4031,106.71026168,-14.25396138,2412.642593,3803.936698,1391.294106,False,True,True,False,DERIVED_CONDITIONAL_GEOMETRY_NOT_EVENT_LOCATION
4032,106.70459378,-14.27370724,2410.714809,3803.616495,1392.901687,False,True,True,False,DERIVED_CONDITIONAL_GEOMETRY_NOT_EVENT_LOCATION
4033,106.69892588,-14.29345309,2408.787564,3803.297576,1394.510013,True,True,True,True,DERIVED_CONDITIONAL_GEOMETRY_NOT_EVENT_LOCATION
4034,106.69325798,-14.31319895,2406.860858,3802.979942,1396.119083,True,True,True,True,DERIVED_CONDITIONAL_GEOMETRY_NOT_EVENT_LOCATION
4035,106.68759008,-14.33294481,2404.934694,3802.663592,1397.728897,True,True,True,True,DERIVED_CONDITIONAL_GEOMETRY_NOT_EVENT_LOCATION
4036,106.68192217,-14.35269067,2403.009073,3802.348527,1399.339454,True,True,True,True,DERIVED_CONDITIONAL_GEOMETRY_NOT_EVENT_LOCATION
4037,106.67625427,-14.37243652,2401.083995,3802.034748,1400.950753,True,True,True,True,DERIVED_CONDITIONAL_GEOMETRY_NOT_EVENT_LOCATION
4038,106.67032648,-14.39211249,2399.175017,3801.693476,1402.518459,True,True,True,True,DERIVED_CONDITIONAL_GEOMETRY_NOT_EVENT_LOCATION
4039,106.66439869,-14.41178845,2397.266607,3801.353491,1404.086884,True,True,True,True,DERIVED_CONDITIONAL_GEOMETRY_NOT_EVENT_LOCATION
4040,106.65847089,-14.43146441,2395.358765,3801.014793,1405.656028,True,True,True,True,DERIVED_CONDITIONAL_GEOMETRY_NOT_EVENT_LOCATION
4041,106.65254310,-14.45114037,2393.451493,3800.677384,1407.225891,True,True,True,True,DERIVED_CONDITIONAL_GEOMETRY_NOT_EVENT_LOCATION
4042,106.64661531,-14.47081634,2391.544793,3800.341263,1408.796471,True,True,True,True,DERIVED_CONDITIONAL_GEOMETRY_NOT_EVENT_LOCATION
4043,106.64068751,-14.49049230,2389.638665,3800.006432,1410.367767,True,True,True,True,DERIVED_CONDITIONAL_GEOMETRY_NOT_EVENT_LOCATION
4044,106.63475972,-14.51016826,2387.733110,3799.672889,1411.939779,True,True,True,True,DERIVED_CONDITIONAL_GEOMETRY_NOT_EVENT_LOCATION
4045,106.62883192,-14.52984422,2385.828131,3799.340637,1413.512506,True,True,True,True,DERIVED_CONDITIONAL_GEOMETRY_NOT_EVENT_LOCATION
4046,106.62290413,-14.54952018,2383.923728,3799.009675,1415.085947,True,True,True,True,DERIVED_CONDITIONAL_GEOMETRY_NOT_EVENT_LOCATION
4047,106.61697634,-14.56919615,2382.019902,3798.680003,1416.660101,True,True,True,True,DERIVED_CONDITIONAL_GEOMETRY_NOT_EVENT_LOCATION
4048,106.61104854,-14.58887211,2380.116656,3798.351623,1418.234968,True,True,True,True,DERIVED_CONDITIONAL_GEOMETRY_NOT_EVENT_LOCATION
4049,106.60512075,-14.60854807,2378.213989,3798.024535,1419.810546,True,True,True,True,DERIVED_CONDITIONAL_GEOMETRY_NOT_EVENT_LOCATION
4050,106.59919296,-14.62822403,2376.311904,3797.698739,1421.386835,True,True,True,True,DERIVED_CONDITIONAL_GEOMETRY_NOT_EVENT_LOCATION
4051,106.59326516,-14.64790000,2374.410402,3797.374236,1422.963834,True,True,True,True,DERIVED_CONDITIONAL_GEOMETRY_NOT_EVENT_LOCATION
4052,106.58733737,-14.66757596,2372.509484,3797.051026,1424.541542,True,True,True,True,DERIVED_CONDITIONAL_GEOMETRY_NOT_EVENT_LOCATION
4053,106.58140958,-14.68725192,2370.609151,3796.729109,1426.119958,True,True,True,True,DERIVED_CONDITIONAL_GEOMETRY_NOT_EVENT_LOCATION
4054,106.57548178,-14.70692788,2368.709405,3796.408486,1427.699082,True,True,True,True,DERIVED_CONDITIONAL_GEOMETRY_NOT_EVENT_LOCATION
4055,106.56955399,-14.72660385,2366.810247,3796.089158,1429.278912,True,True,True,True,DERIVED_CONDITIONAL_GEOMETRY_NOT_EVENT_LOCATION
4056,106.56362620,-14.74627981,2364.911678,3795.771125,1430.859447,True,True,True,True,DERIVED_CONDITIONAL_GEOMETRY_NOT_EVENT_LOCATION
4057,106.55769840,-14.76595577,2363.013700,3795.454388,1432.440688,True,True,True,True,DERIVED_CONDITIONAL_GEOMETRY_NOT_EVENT_LOCATION
4058,106.55177061,-14.78563173,2361.116314,3795.138946,1434.022632,True,True,True,True,DERIVED_CONDITIONAL_GEOMETRY_NOT_EVENT_LOCATION
4059,106.54584282,-14.80530770,2359.219521,3794.824800,1435.605280,True,True,True,True,DERIVED_CONDITIONAL_GEOMETRY_NOT_EVENT_LOCATION
4060,106.53991502,-14.82498366,2357.323322,3794.511952,1437.188629,True,True,True,True,DERIVED_CONDITIONAL_GEOMETRY_NOT_EVENT_LOCATION
4061,106.53398723,-14.84465962,2355.427720,3794.200400,1438.772680,True,True,True,True,DERIVED_CONDITIONAL_GEOMETRY_NOT_EVENT_LOCATION
4062,106.52805944,-14.86433558,2353.532715,3793.890146,1440.357431,True,True,True,True,DERIVED_CONDITIONAL_GEOMETRY_NOT_EVENT_LOCATION
4063,106.52213164,-14.88401155,2351.638309,3793.581191,1441.942882,True,True,True,True,DERIVED_CONDITIONAL_GEOMETRY_NOT_EVENT_LOCATION
4064,106.51620385,-14.90368751,2349.744502,3793.273533,1443.529031,True,True,True,True,DERIVED_CONDITIONAL_GEOMETRY_NOT_EVENT_LOCATION
4065,106.51027606,-14.92336347,2347.851297,3792.967175,1445.115878,True,True,True,True,DERIVED_CONDITIONAL_GEOMETRY_NOT_EVENT_LOCATION
4066,106.50434826,-14.94303943,2345.958695,3792.662116,1446.703421,True,True,True,True,DERIVED_CONDITIONAL_GEOMETRY_NOT_EVENT_LOCATION
4067,106.49842047,-14.96271540,2344.066697,3792.358357,1448.291660,True,True,True,True,DERIVED_CONDITIONAL_GEOMETRY_NOT_EVENT_LOCATION
4068,106.49249268,-14.98239136,2342.175304,3792.055899,1449.880595,True,True,True,True,DERIVED_CONDITIONAL_GEOMETRY_NOT_EVENT_LOCATION
4069,106.48630155,-15.00199349,2340.300943,3791.725544,1451.424601,True,True,True,True,DERIVED_CONDITIONAL_GEOMETRY_NOT_EVENT_LOCATION
4070,106.48011041,-15.02159562,2338.427214,3791.396492,1452.969278,True,True,True,True,DERIVED_CONDITIONAL_GEOMETRY_NOT_EVENT_LOCATION
4071,106.47391928,-15.04119775,2336.554116,3791.068742,1454.514626,True,True,True,True,DERIVED_CONDITIONAL_GEOMETRY_NOT_EVENT_LOCATION
4072,106.46772815,-15.06079988,2334.681652,3790.742295,1456.060643,True,True,True,True,DERIVED_CONDITIONAL_GEOMETRY_NOT_EVENT_LOCATION
4073,106.46153702,-15.08040201,2332.809824,3790.417151,1457.607328,True,True,True,True,DERIVED_CONDITIONAL_GEOMETRY_NOT_EVENT_LOCATION
4074,106.45534589,-15.10000413,2330.938632,3790.093312,1459.154680,True,True,True,True,DERIVED_CONDITIONAL_GEOMETRY_NOT_EVENT_LOCATION
4075,106.44915476,-15.11960626,2329.068077,3789.770777,1460.702699,True,True,True,True,DERIVED_CONDITIONAL_GEOMETRY_NOT_EVENT_LOCATION
4076,106.44296363,-15.13920839,2327.198163,3789.449547,1462.251384,True,True,True,True,DERIVED_CONDITIONAL_GEOMETRY_NOT_EVENT_LOCATION
4077,106.43677250,-15.15881052,2325.328889,3789.129622,1463.800733,True,True,True,True,DERIVED_CONDITIONAL_GEOMETRY_NOT_EVENT_LOCATION
4078,106.43058137,-15.17841265,2323.460257,3788.811002,1465.350745,True,True,True,True,DERIVED_CONDITIONAL_GEOMETRY_NOT_EVENT_LOCATION
4079,106.42439024,-15.19801478,2321.592270,3788.493690,1466.901420,True,True,True,True,DERIVED_CONDITIONAL_GEOMETRY_NOT_EVENT_LOCATION
4080,106.41819911,-15.21761691,2319.724927,3788.177683,1468.452756,True,True,True,True,DERIVED_CONDITIONAL_GEOMETRY_NOT_EVENT_LOCATION
4081,106.41200798,-15.23721904,2317.858231,3787.862984,1470.004753,True,True,True,True,DERIVED_CONDITIONAL_GEOMETRY_NOT_EVENT_LOCATION
4082,106.40581685,-15.25682117,2315.992183,3787.549593,1471.557410,True,True,True,True,DERIVED_CONDITIONAL_GEOMETRY_NOT_EVENT_LOCATION
4083,106.39962572,-15.27642330,2314.126785,3787.237509,1473.110725,True,True,True,True,DERIVED_CONDITIONAL_GEOMETRY_NOT_EVENT_LOCATION
4084,106.39343459,-15.29602543,2312.262037,3786.926735,1474.664697,True,True,True,True,DERIVED_CONDITIONAL_GEOMETRY_NOT_EVENT_LOCATION
4085,106.38724346,-15.31562756,2310.397942,3786.617269,1476.219326,True,True,True,True,DERIVED_CONDITIONAL_GEOMETRY_NOT_EVENT_LOCATION
4086,106.38105232,-15.33522969,2308.534502,3786.309112,1477.774611,True,True,True,True,DERIVED_CONDITIONAL_GEOMETRY_NOT_EVENT_LOCATION
4087,106.37486119,-15.35483182,2306.671716,3786.002265,1479.330549,True,True,True,True,DERIVED_CONDITIONAL_GEOMETRY_NOT_EVENT_LOCATION
4088,106.36867006,-15.37443395,2304.809587,3785.696729,1480.887142,True,True,True,True,DERIVED_CONDITIONAL_GEOMETRY_NOT_EVENT_LOCATION
4089,106.36247893,-15.39403608,2302.948117,3785.392504,1482.444386,True,True,True,True,DERIVED_CONDITIONAL_GEOMETRY_NOT_EVENT_LOCATION
4090,106.35628780,-15.41363821,2301.087307,3785.089589,1484.002282,True,True,True,True,DERIVED_CONDITIONAL_GEOMETRY_NOT_EVENT_LOCATION
4091,106.35009667,-15.43324034,2299.227158,3784.787986,1485.560828,True,True,True,True,DERIVED_CONDITIONAL_GEOMETRY_NOT_EVENT_LOCATION
4092,106.34390554,-15.45284247,2297.367672,3784.487696,1487.120024,True,True,True,True,DERIVED_CONDITIONAL_GEOMETRY_NOT_EVENT_LOCATION
4093,106.33771441,-15.47244460,2295.508850,3784.188717,1488.679867,True,True,True,True,DERIVED_CONDITIONAL_GEOMETRY_NOT_EVENT_LOCATION
4094,106.33152328,-15.49204673,2293.650695,3783.891052,1490.240358,True,True,True,True,DERIVED_CONDITIONAL_GEOMETRY_NOT_EVENT_LOCATION
4095,106.32533215,-15.51164885,2291.793206,3783.594700,1491.801494,True,True,True,True,DERIVED_CONDITIONAL_GEOMETRY_NOT_EVENT_LOCATION
4096,106.31914102,-15.53125098,2289.936387,3783.299662,1493.363276,True,True,True,True,DERIVED_CONDITIONAL_GEOMETRY_NOT_EVENT_LOCATION
4097,106.31294989,-15.55085311,2288.080238,3783.005939,1494.925701,True,True,True,True,DERIVED_CONDITIONAL_GEOMETRY_NOT_EVENT_LOCATION
4098,106.30675876,-15.57045524,2286.224760,3782.713530,1496.488769,True,True,True,True,DERIVED_CONDITIONAL_GEOMETRY_NOT_EVENT_LOCATION
4099,106.30056763,-15.59005737,2284.369957,3782.422436,1498.052479,True,True,True,True,DERIVED_CONDITIONAL_GEOMETRY_NOT_EVENT_LOCATION
4100,106.29411070,-15.60958272,2282.533010,3782.103165,1499.570155,True,True,True,True,DERIVED_CONDITIONAL_GEOMETRY_NOT_EVENT_LOCATION
4101,106.28765377,-15.62910806,2280.696763,3781.785211,1501.088448,True,True,True,True,DERIVED_CONDITIONAL_GEOMETRY_NOT_EVENT_LOCATION
4102,106.28119684,-15.64863340,2278.861219,3781.468576,1502.607357,True,True,True,True,DERIVED_CONDITIONAL_GEOMETRY_NOT_EVENT_LOCATION
4103,106.27473991,-15.66815875,2277.026378,3781.153258,1504.126880,True,True,True,True,DERIVED_CONDITIONAL_GEOMETRY_NOT_EVENT_LOCATION
4104,106.26828298,-15.68768409,2275.192243,3780.839259,1505.647016,True,True,True,True,DERIVED_CONDITIONAL_GEOMETRY_NOT_EVENT_LOCATION
4105,106.26182605,-15.70720943,2273.358814,3780.526580,1507.167765,True,True,True,True,DERIVED_CONDITIONAL_GEOMETRY_NOT_EVENT_LOCATION
4106,106.25536912,-15.72673478,2271.526094,3780.215219,1508.689125,True,True,True,True,DERIVED_CONDITIONAL_GEOMETRY_NOT_EVENT_LOCATION
4107,106.24891220,-15.74626012,2269.694084,3779.905179,1510.211095,True,True,True,True,DERIVED_CONDITIONAL_GEOMETRY_NOT_EVENT_LOCATION
4108,106.24245527,-15.76578546,2267.862786,3779.596460,1511.733674,True,True,True,True,DERIVED_CONDITIONAL_GEOMETRY_NOT_EVENT_LOCATION
4109,106.23599834,-15.78531081,2266.032201,3779.289061,1513.256860,True,True,True,True,DERIVED_CONDITIONAL_GEOMETRY_NOT_EVENT_LOCATION
4110,106.22954141,-15.80483615,2264.202331,3778.982984,1514.780653,True,True,True,True,DERIVED_CONDITIONAL_GEOMETRY_NOT_EVENT_LOCATION
4111,106.22308448,-15.82436149,2262.373177,3778.678229,1516.305052,True,True,True,True,DERIVED_CONDITIONAL_GEOMETRY_NOT_EVENT_LOCATION
4112,106.21662755,-15.84388684,2260.544741,3778.374796,1517.830054,True,True,True,True,DERIVED_CONDITIONAL_GEOMETRY_NOT_EVENT_LOCATION
4113,106.21017062,-15.86341218,2258.717026,3778.072686,1519.355660,True,True,True,True,DERIVED_CONDITIONAL_GEOMETRY_NOT_EVENT_LOCATION
4114,106.20371369,-15.88293752,2256.890031,3777.771899,1520.881868,True,True,True,True,DERIVED_CONDITIONAL_GEOMETRY_NOT_EVENT_LOCATION
4115,106.19725677,-15.90246287,2255.063760,3777.472435,1522.408676,True,True,True,True,DERIVED_CONDITIONAL_GEOMETRY_NOT_EVENT_LOCATION
4116,106.19079984,-15.92198821,2253.238213,3777.174296,1523.936083,True,True,True,True,DERIVED_CONDITIONAL_GEOMETRY_NOT_EVENT_LOCATION
4117,106.18434291,-15.94151355,2251.413392,3776.877481,1525.464089,True,True,False,False,DERIVED_CONDITIONAL_GEOMETRY_NOT_EVENT_LOCATION
4118,106.17788598,-15.96103890,2249.589300,3776.581992,1526.992692,True,True,False,False,DERIVED_CONDITIONAL_GEOMETRY_NOT_EVENT_LOCATION
4119,106.17142905,-15.98056424,2247.765937,3776.287828,1528.521891,True,True,False,False,DERIVED_CONDITIONAL_GEOMETRY_NOT_EVENT_LOCATION
4120,106.16497212,-16.00008958,2245.943305,3775.994989,1530.051684,True,True,False,False,DERIVED_CONDITIONAL_GEOMETRY_NOT_EVENT_LOCATION
4121,106.15851519,-16.01961493,2244.121406,3775.703477,1531.582071,True,True,False,False,DERIVED_CONDITIONAL_GEOMETRY_NOT_EVENT_LOCATION
4122,106.15205826,-16.03914027,2242.300242,3775.413292,1533.113050,True,True,False,False,DERIVED_CONDITIONAL_GEOMETRY_NOT_EVENT_LOCATION
4123,106.14560133,-16.05866561,2240.479814,3775.124434,1534.644620,True,True,False,False,DERIVED_CONDITIONAL_GEOMETRY_NOT_EVENT_LOCATION
4124,106.13914441,-16.07819096,2238.660123,3774.836903,1536.176780,True,True,False,False,DERIVED_CONDITIONAL_GEOMETRY_NOT_EVENT_LOCATION
4125,106.13268748,-16.09771630,2236.841173,3774.550700,1537.709528,True,True,False,False,DERIVED_CONDITIONAL_GEOMETRY_NOT_EVENT_LOCATION
4126,106.12623055,-16.11724164,2235.022963,3774.265826,1539.242863,True,True,False,False,DERIVED_CONDITIONAL_GEOMETRY_NOT_EVENT_LOCATION
4127,106.11977362,-16.13676699,2233.205497,3773.982281,1540.776784,True,True,False,False,DERIVED_CONDITIONAL_GEOMETRY_NOT_EVENT_LOCATION
4128,106.11331669,-16.15629233,2231.388775,3773.700065,1542.311290,True,True,False,False,DERIVED_CONDITIONAL_GEOMETRY_NOT_EVENT_LOCATION
4129,106.10685976,-16.17581767,2229.572800,3773.419179,1543.846380,True,True,False,False,DERIVED_CONDITIONAL_GEOMETRY_NOT_EVENT_LOCATION
4130,106.10040283,-16.19534302,2227.757572,3773.139624,1545.382051,True,True,False,False,DERIVED_CONDITIONAL_GEOMETRY_NOT_EVENT_LOCATION
4131,106.09367764,-16.21478862,2225.961055,3772.831612,1546.870557,True,True,False,False,DERIVED_CONDITIONAL_GEOMETRY_NOT_EVENT_LOCATION
4132,106.08695246,-16.23423423,2224.165315,3772.524934,1548.359619,True,True,False,False,DERIVED_CONDITIONAL_GEOMETRY_NOT_EVENT_LOCATION
4133,106.08022727,-16.25367983,2222.370353,3772.219589,1549.849236,True,True,False,False,DERIVED_CONDITIONAL_GEOMETRY_NOT_EVENT_LOCATION
4134,106.07350208,-16.27312543,2220.576171,3771.915577,1551.339406,True,True,False,False,DERIVED_CONDITIONAL_GEOMETRY_NOT_EVENT_LOCATION
4135,106.06677689,-16.29257104,2218.782771,3771.612900,1552.830129,True,True,False,False,DERIVED_CONDITIONAL_GEOMETRY_NOT_EVENT_LOCATION
4136,106.06005170,-16.31201664,2216.990156,3771.311557,1554.321402,True,True,False,False,DERIVED_CONDITIONAL_GEOMETRY_NOT_EVENT_LOCATION
4137,106.05332651,-16.33146224,2215.198325,3771.011549,1555.813224,True,True,False,False,DERIVED_CONDITIONAL_GEOMETRY_NOT_EVENT_LOCATION
4138,106.04660133,-16.35090785,2213.407283,3770.712877,1557.305595,True,True,False,False,DERIVED_CONDITIONAL_GEOMETRY_NOT_EVENT_LOCATION
4139,106.03987614,-16.37035345,2211.617029,3770.415541,1558.798512,True,True,False,False,DERIVED_CONDITIONAL_GEOMETRY_NOT_EVENT_LOCATION
4140,106.03315095,-16.38979906,2209.827566,3770.119541,1560.291975,True,True,False,False,DERIVED_CONDITIONAL_GEOMETRY_NOT_EVENT_LOCATION
4141,106.02642576,-16.40924466,2208.038896,3769.824878,1561.785982,True,True,False,False,DERIVED_CONDITIONAL_GEOMETRY_NOT_EVENT_LOCATION
4142,106.01970057,-16.42869026,2206.251021,3769.531552,1563.280531,True,True,False,False,DERIVED_CONDITIONAL_GEOMETRY_NOT_EVENT_LOCATION
4143,106.01297539,-16.44813587,2204.463941,3769.239564,1564.775622,True,True,False,False,DERIVED_CONDITIONAL_GEOMETRY_NOT_EVENT_LOCATION
4144,106.00625020,-16.46758147,2202.677660,3768.948914,1566.271253,True,True,False,False,DERIVED_CONDITIONAL_GEOMETRY_NOT_EVENT_LOCATION
4145,105.99952501,-16.48702708,2200.892179,3768.659602,1567.767423,True,True,False,False,DERIVED_CONDITIONAL_GEOMETRY_NOT_EVENT_LOCATION
4146,105.99279982,-16.50647268,2199.107500,3768.371630,1569.264130,True,True,False,False,DERIVED_CONDITIONAL_GEOMETRY_NOT_EVENT_LOCATION
4147,105.98607463,-16.52591828,2197.323624,3768.084997,1570.761373,True,True,False,False,DERIVED_CONDITIONAL_GEOMETRY_NOT_EVENT_LOCATION
4148,105.97934944,-16.54536389,2195.540553,3767.799704,1572.259151,True,True,False,False,DERIVED_CONDITIONAL_GEOMETRY_NOT_EVENT_LOCATION
4149,105.97262426,-16.56480949,2193.758290,3767.515751,1573.757461,True,True,False,False,DERIVED_CONDITIONAL_GEOMETRY_NOT_EVENT_LOCATION
4150,105.96589907,-16.58425510,2191.976836,3767.233139,1575.256303,True,True,False,False,DERIVED_CONDITIONAL_GEOMETRY_NOT_EVENT_LOCATION
4151,105.95917388,-16.60370070,2190.196193,3766.951868,1576.755676,True,True,False,False,DERIVED_CONDITIONAL_GEOMETRY_NOT_EVENT_LOCATION
4152,105.95244869,-16.62314630,2188.416362,3766.671939,1578.255577,False,True,False,False,DERIVED_CONDITIONAL_GEOMETRY_NOT_EVENT_LOCATION
4153,105.94572350,-16.64259191,2186.637346,3766.393352,1579.756006,False,True,False,False,DERIVED_CONDITIONAL_GEOMETRY_NOT_EVENT_LOCATION
4154,105.93899831,-16.66203751,2184.859146,3766.116108,1581.256961,False,True,False,False,DERIVED_CONDITIONAL_GEOMETRY_NOT_EVENT_LOCATION
4155,105.93227313,-16.68148311,2183.081765,3765.840206,1582.758441,False,True,False,False,DERIVED_CONDITIONAL_GEOMETRY_NOT_EVENT_LOCATION
4156,105.92554794,-16.70092872,2181.305204,3765.565648,1584.260444,False,True,False,False,DERIVED_CONDITIONAL_GEOMETRY_NOT_EVENT_LOCATION
4157,105.91882275,-16.72037432,2179.529465,3765.292433,1585.762968,False,True,False,False,DERIVED_CONDITIONAL_GEOMETRY_NOT_EVENT_LOCATION
4158,105.91209756,-16.73981993,2177.754550,3765.020563,1587.266013,False,True,False,False,DERIVED_CONDITIONAL_GEOMETRY_NOT_EVENT_LOCATION
4159,105.90537237,-16.75926553,2175.980461,3764.750037,1588.769577,False,True,False,False,DERIVED_CONDITIONAL_GEOMETRY_NOT_EVENT_LOCATION
4160,105.89864719,-16.77871113,2174.207199,3764.480857,1590.273657,False,True,False,False,DERIVED_CONDITIONAL_GEOMETRY_NOT_EVENT_LOCATION
4161,105.89192200,-16.79815674,2172.434767,3764.213021,1591.778254,False,True,False,False,DERIVED_CONDITIONAL_GEOMETRY_NOT_EVENT_LOCATION
4162,105.88492560,-16.81751866,2170.682049,3763.916382,1593.234333,False,True,False,False,DERIVED_CONDITIONAL_GEOMETRY_NOT_EVENT_LOCATION
4163,105.87792920,-16.83688059,2168.930191,3763.621091,1594.690900,False,True,False,False,DERIVED_CONDITIONAL_GEOMETRY_NOT_EVENT_LOCATION
4164,105.87093279,-16.85624252,2167.179194,3763.327149,1596.147954,False,True,False,False,DERIVED_CONDITIONAL_GEOMETRY_NOT_EVENT_LOCATION
4165,105.86393639,-16.87560444,2165.429062,3763.034556,1597.605494,False,True,False,False,DERIVED_CONDITIONAL_GEOMETRY_NOT_EVENT_LOCATION
4166,105.85693999,-16.89496637,2163.679795,3762.743313,1599.063517,False,True,False,False,DERIVED_CONDITIONAL_GEOMETRY_NOT_EVENT_LOCATION
4167,105.84994359,-16.91432830,2161.931396,3762.453419,1600.522023,False,True,False,False,DERIVED_CONDITIONAL_GEOMETRY_NOT_EVENT_LOCATION
4168,105.84294719,-16.93369022,2160.183867,3762.164877,1601.981009,False,True,False,False,DERIVED_CONDITIONAL_GEOMETRY_NOT_EVENT_LOCATION
4169,105.83595079,-16.95305215,2158.437210,3761.877685,1603.440475,False,True,False,False,DERIVED_CONDITIONAL_GEOMETRY_NOT_EVENT_LOCATION
4170,105.82895439,-16.97241408,2156.691426,3761.591845,1604.900419,False,True,False,False,DERIVED_CONDITIONAL_GEOMETRY_NOT_EVENT_LOCATION
4171,105.82195799,-16.99177600,2154.946518,3761.307357,1606.360839,False,True,False,False,DERIVED_CONDITIONAL_GEOMETRY_NOT_EVENT_LOCATION
4172,105.81496159,-17.01113793,2153.202488,3761.024221,1607.821733,False,True,False,False,DERIVED_CONDITIONAL_GEOMETRY_NOT_EVENT_LOCATION
4173,105.80796519,-17.03049986,2151.459337,3760.742438,1609.283101,False,True,False,False,DERIVED_CONDITIONAL_GEOMETRY_NOT_EVENT_LOCATION
4174,105.80096879,-17.04986178,2149.717068,3760.462008,1610.744940,False,True,False,False,DERIVED_CONDITIONAL_GEOMETRY_NOT_EVENT_LOCATION
4175,105.79397238,-17.06922371,2147.975683,3760.182932,1612.207250,False,True,False,False,DERIVED_CONDITIONAL_GEOMETRY_NOT_EVENT_LOCATION
4176,105.78697598,-17.08858564,2146.235183,3759.905210,1613.670027,False,True,False,False,DERIVED_CONDITIONAL_GEOMETRY_NOT_EVENT_LOCATION
4177,105.77997958,-17.10794756,2144.495571,3759.628843,1615.133272,False,True,False,False,DERIVED_CONDITIONAL_GEOMETRY_NOT_EVENT_LOCATION
4178,105.77298318,-17.12730949,2142.756848,3759.353830,1616.596982,False,True,False,False,DERIVED_CONDITIONAL_GEOMETRY_NOT_EVENT_LOCATION
4179,105.76598678,-17.14667142,2141.019017,3759.080173,1618.061156,False,True,False,False,DERIVED_CONDITIONAL_GEOMETRY_NOT_EVENT_LOCATION
4180,105.75899038,-17.16603334,2139.282080,3758.807871,1619.525791,False,True,False,False,DERIVED_CONDITIONAL_GEOMETRY_NOT_EVENT_LOCATION
4181,105.75199398,-17.18539527,2137.546038,3758.536926,1620.990888,False,True,False,False,DERIVED_CONDITIONAL_GEOMETRY_NOT_EVENT_LOCATION
4182,105.74499758,-17.20475720,2135.810894,3758.267337,1622.456443,False,True,False,False,DERIVED_CONDITIONAL_GEOMETRY_NOT_EVENT_LOCATION
4183,105.73800118,-17.22411912,2134.076650,3757.999105,1623.922455,False,True,False,False,DERIVED_CONDITIONAL_GEOMETRY_NOT_EVENT_LOCATION
4184,105.73100478,-17.24348105,2132.343308,3757.732231,1625.388923,False,True,False,False,DERIVED_CONDITIONAL_GEOMETRY_NOT_EVENT_LOCATION
4185,105.72400838,-17.26284298,2130.610870,3757.466715,1626.855845,False,True,False,False,DERIVED_CONDITIONAL_GEOMETRY_NOT_EVENT_LOCATION
4186,105.71701197,-17.28220490,2128.879337,3757.202557,1628.323220,False,True,False,False,DERIVED_CONDITIONAL_GEOMETRY_NOT_EVENT_LOCATION
4187,105.71001557,-17.30156683,2127.148713,3756.939758,1629.791045,False,True,False,False,DERIVED_CONDITIONAL_GEOMETRY_NOT_EVENT_LOCATION
4188,105.70301917,-17.32092876,2125.418999,3756.678318,1631.259319,False,True,False,False,DERIVED_CONDITIONAL_GEOMETRY_NOT_EVENT_LOCATION
4189,105.69602277,-17.34029068,2123.690197,3756.418237,1632.728041,False,True,False,False,DERIVED_CONDITIONAL_GEOMETRY_NOT_EVENT_LOCATION
4190,105.68902637,-17.35965261,2121.962309,3756.159517,1634.197208,False,True,False,False,DERIVED_CONDITIONAL_GEOMETRY_NOT_EVENT_LOCATION
4191,105.68202997,-17.37901454,2120.235337,3755.902157,1635.666820,False,True,False,False,DERIVED_CONDITIONAL_GEOMETRY_NOT_EVENT_LOCATION
4192,105.67503357,-17.39837646,2118.509284,3755.646157,1637.136874,False,True,False,False,DERIVED_CONDITIONAL_GEOMETRY_NOT_EVENT_LOCATION
4193,105.66752116,-17.41829325,2116.747131,3755.351576,1638.604446,False,True,False,False,DERIVED_CONDITIONAL_GEOMETRY_NOT_EVENT_LOCATION
4194,105.66000875,-17.43821004,2114.985993,3755.058452,1640.072459,False,True,False,False,DERIVED_CONDITIONAL_GEOMETRY_NOT_EVENT_LOCATION
4195,105.65249634,-17.45812683,2113.225872,3754.766784,1641.540913,False,True,False,False,DERIVED_CONDITIONAL_GEOMETRY_NOT_EVENT_LOCATION
4196,105.64498393,-17.47804362,2111.466771,3754.476574,1643.009804,False,True,False,False,DERIVED_CONDITIONAL_GEOMETRY_NOT_EVENT_LOCATION
4197,105.63747152,-17.49796041,2109.708691,3754.187822,1644.479131,False,True,False,False,DERIVED_CONDITIONAL_GEOMETRY_NOT_EVENT_LOCATION
4198,105.62995911,-17.51787720,2107.951637,3753.900528,1645.948892,False,True,False,False,DERIVED_CONDITIONAL_GEOMETRY_NOT_EVENT_LOCATION
4199,105.62244670,-17.53779399,2106.195609,3753.614693,1647.419085,False,True,False,False,DERIVED_CONDITIONAL_GEOMETRY_NOT_EVENT_LOCATION
4200,105.61493429,-17.55771077,2104.440610,3753.330318,1648.889708,False,True,False,False,DERIVED_CONDITIONAL_GEOMETRY_NOT_EVENT_LOCATION
4201,105.60742188,-17.57762756,2102.686643,3753.047402,1650.360759,False,True,False,False,DERIVED_CONDITIONAL_GEOMETRY_NOT_EVENT_LOCATION
4202,105.59990946,-17.59754435,2100.933710,3752.765947,1651.832237,False,True,False,False,DERIVED_CONDITIONAL_GEOMETRY_NOT_EVENT_LOCATION
4203,105.59239705,-17.61746114,2099.181813,3752.485953,1653.304140,False,True,False,False,DERIVED_CONDITIONAL_GEOMETRY_NOT_EVENT_LOCATION
4204,105.58488464,-17.63737793,2097.430955,3752.207419,1654.776464,False,True,False,False,DERIVED_CONDITIONAL_GEOMETRY_NOT_EVENT_LOCATION
4205,105.57737223,-17.65729472,2095.681138,3751.930348,1656.249209,False,True,False,False,DERIVED_CONDITIONAL_GEOMETRY_NOT_EVENT_LOCATION
4206,105.56985982,-17.67721151,2093.932365,3751.654739,1657.722373,False,True,False,False,DERIVED_CONDITIONAL_GEOMETRY_NOT_EVENT_LOCATION
4207,105.56234741,-17.69712830,2092.184639,3751.380592,1659.195953,False,True,False,False,DERIVED_CONDITIONAL_GEOMETRY_NOT_EVENT_LOCATION
4208,105.55483500,-17.71704508,2090.437960,3751.107908,1660.669948,False,True,False,False,DERIVED_CONDITIONAL_GEOMETRY_NOT_EVENT_LOCATION
4209,105.54732259,-17.73696187,2088.692333,3750.836688,1662.144356,False,True,False,False,DERIVED_CONDITIONAL_GEOMETRY_NOT_EVENT_LOCATION
4210,105.53981018,-17.75687866,2086.947759,3750.566933,1663.619174,False,True,False,False,DERIVED_CONDITIONAL_GEOMETRY_NOT_EVENT_LOCATION
4211,105.53229777,-17.77679545,2085.204241,3750.298641,1665.094400,False,True,False,False,DERIVED_CONDITIONAL_GEOMETRY_NOT_EVENT_LOCATION
4212,105.52478536,-17.79671224,2083.461781,3750.031815,1666.570034,False,True,False,False,DERIVED_CONDITIONAL_GEOMETRY_NOT_EVENT_LOCATION
4213,105.51727295,-17.81662903,2081.720383,3749.766454,1668.046071,False,True,False,False,DERIVED_CONDITIONAL_GEOMETRY_NOT_EVENT_LOCATION
4214,105.50976054,-17.83654582,2079.980047,3749.502559,1669.522512,False,True,False,False,DERIVED_CONDITIONAL_GEOMETRY_NOT_EVENT_LOCATION
4215,105.50224813,-17.85646261,2078.240778,3749.240130,1670.999352,False,True,False,False,DERIVED_CONDITIONAL_GEOMETRY_NOT_EVENT_LOCATION
4216,105.49473572,-17.87637939,2076.502576,3748.979168,1672.476592,False,True,False,False,DERIVED_CONDITIONAL_GEOMETRY_NOT_EVENT_LOCATION
4217,105.48722331,-17.89629618,2074.765446,3748.719673,1673.954227,False,True,False,False,DERIVED_CONDITIONAL_GEOMETRY_NOT_EVENT_LOCATION
4218,105.47971090,-17.91621297,2073.029389,3748.461646,1675.432257,False,True,False,False,DERIVED_CONDITIONAL_GEOMETRY_NOT_EVENT_LOCATION
4219,105.47219849,-17.93612976,2071.294408,3748.205088,1676.910680,False,True,False,False,DERIVED_CONDITIONAL_GEOMETRY_NOT_EVENT_LOCATION
4220,105.46468608,-17.95604655,2069.560505,3747.949997,1678.389492,False,True,False,False,DERIVED_CONDITIONAL_GEOMETRY_NOT_EVENT_LOCATION
4221,105.45717367,-17.97596334,2067.827683,3747.696376,1679.868693,False,True,False,False,DERIVED_CONDITIONAL_GEOMETRY_NOT_EVENT_LOCATION
4222,105.44966125,-17.99588013,2066.095945,3747.444224,1681.348279,False,True,False,False,DERIVED_CONDITIONAL_GEOMETRY_NOT_EVENT_LOCATION
4223,105.44186198,-18.01570231,2064.386799,3747.161583,1682.774783,False,True,False,False,DERIVED_CONDITIONAL_GEOMETRY_NOT_EVENT_LOCATION
4224,105.43406270,-18.03552450,2062.678774,3746.880415,1684.201641,False,True,False,False,DERIVED_CONDITIONAL_GEOMETRY_NOT_EVENT_LOCATION
4225,105.42626343,-18.05534668,2060.971871,3746.600722,1685.628850,False,True,False,False,DERIVED_CONDITIONAL_GEOMETRY_NOT_EVENT_LOCATION
4226,105.41846415,-18.07516886,2059.266093,3746.322502,1687.056409,False,True,False,False,DERIVED_CONDITIONAL_GEOMETRY_NOT_EVENT_LOCATION
4227,105.41066488,-18.09499105,2057.561442,3746.045757,1688.484315,False,True,False,False,DERIVED_CONDITIONAL_GEOMETRY_NOT_EVENT_LOCATION
4228,105.40286560,-18.11481323,2055.857921,3745.770488,1689.912566,False,True,False,False,DERIVED_CONDITIONAL_GEOMETRY_NOT_EVENT_LOCATION
4229,105.39506632,-18.13463542,2054.155534,3745.496694,1691.341161,False,True,False,False,DERIVED_CONDITIONAL_GEOMETRY_NOT_EVENT_LOCATION
4230,105.38726705,-18.15445760,2052.454281,3745.224376,1692.770096,False,True,False,False,DERIVED_CONDITIONAL_GEOMETRY_NOT_EVENT_LOCATION
4231,105.37946777,-18.17427979,2050.754166,3744.953536,1694.199369,False,True,False,False,DERIVED_CONDITIONAL_GEOMETRY_NOT_EVENT_LOCATION
4232,105.37166850,-18.19410197,2049.055192,3744.684172,1695.628980,False,True,False,False,DERIVED_CONDITIONAL_GEOMETRY_NOT_EVENT_LOCATION
4233,105.36386922,-18.21392415,2047.357361,3744.416285,1697.058924,False,True,False,False,DERIVED_CONDITIONAL_GEOMETRY_NOT_EVENT_LOCATION
4234,105.35606995,-18.23374634,2045.660676,3744.149877,1698.489201,False,True,False,False,DERIVED_CONDITIONAL_GEOMETRY_NOT_EVENT_LOCATION
4235,105.34827067,-18.25356852,2043.965140,3743.884948,1699.919808,False,True,False,False,DERIVED_CONDITIONAL_GEOMETRY_NOT_EVENT_LOCATION
4236,105.34047139,-18.27339071,2042.270755,3743.621497,1701.350742,False,True,False,False,DERIVED_CONDITIONAL_GEOMETRY_NOT_EVENT_LOCATION
4237,105.33267212,-18.29321289,2040.577523,3743.359525,1702.782002,False,True,False,False,DERIVED_CONDITIONAL_GEOMETRY_NOT_EVENT_LOCATION
4238,105.32487284,-18.31303507,2038.885448,3743.099034,1704.213586,False,True,False,False,DERIVED_CONDITIONAL_GEOMETRY_NOT_EVENT_LOCATION
4239,105.31707357,-18.33285726,2037.194533,3742.840023,1705.645490,False,True,False,False,DERIVED_CONDITIONAL_GEOMETRY_NOT_EVENT_LOCATION
4240,105.30927429,-18.35267944,2035.504779,3742.582492,1707.077713,False,True,False,False,DERIVED_CONDITIONAL_GEOMETRY_NOT_EVENT_LOCATION
4241,105.30147502,-18.37250163,2033.816190,3742.326443,1708.510253,False,True,False,False,DERIVED_CONDITIONAL_GEOMETRY_NOT_EVENT_LOCATION
4242,105.29367574,-18.39232381,2032.128768,3742.071875,1709.943108,False,True,False,False,DERIVED_CONDITIONAL_GEOMETRY_NOT_EVENT_LOCATION
4243,105.28587646,-18.41214600,2030.442516,3741.818790,1711.376274,False,True,False,False,DERIVED_CONDITIONAL_GEOMETRY_NOT_EVENT_LOCATION
4244,105.27807719,-18.43196818,2028.757437,3741.567187,1712.809750,False,True,False,False,DERIVED_CONDITIONAL_GEOMETRY_NOT_EVENT_LOCATION
4245,105.27027791,-18.45179036,2027.073533,3741.317067,1714.243534,False,True,False,False,DERIVED_CONDITIONAL_GEOMETRY_NOT_EVENT_LOCATION
4246,105.26247864,-18.47161255,2025.390808,3741.068430,1715.677623,False,True,False,False,DERIVED_CONDITIONAL_GEOMETRY_NOT_EVENT_LOCATION
4247,105.25467936,-18.49143473,2023.709263,3740.821278,1717.112015,False,True,False,False,DERIVED_CONDITIONAL_GEOMETRY_NOT_EVENT_LOCATION
4248,105.24688009,-18.51125692,2022.028902,3740.575609,1718.546707,False,True,False,False,DERIVED_CONDITIONAL_GEOMETRY_NOT_EVENT_LOCATION
4249,105.23908081,-18.53107910,2020.349727,3740.331426,1719.981698,False,True,False,False,DERIVED_CONDITIONAL_GEOMETRY_NOT_EVENT_LOCATION
4250,105.23128153,-18.55090129,2018.671742,3740.088727,1721.416985,False,True,False,False,DERIVED_CONDITIONAL_GEOMETRY_NOT_EVENT_LOCATION
4251,105.22348226,-18.57072347,2016.994949,3739.847514,1722.852566,False,True,False,False,DERIVED_CONDITIONAL_GEOMETRY_NOT_EVENT_LOCATION
4252,105.21568298,-18.59054565,2015.319350,3739.607787,1724.288437,False,True,False,False,DERIVED_CONDITIONAL_GEOMETRY_NOT_EVENT_LOCATION
4253,105.20759481,-18.61027018,2013.667329,3739.337346,1725.670016,False,True,False,False,DERIVED_CONDITIONAL_GEOMETRY_NOT_EVENT_LOCATION
4254,105.19950663,-18.62999471,2012.016541,3739.068394,1727.051853,False,True,False,False,DERIVED_CONDITIONAL_GEOMETRY_NOT_EVENT_LOCATION
4255,105.19141846,-18.64971924,2010.366988,3738.800934,1728.433945,False,True,False,False,DERIVED_CONDITIONAL_GEOMETRY_NOT_EVENT_LOCATION
4256,105.18333028,-18.66944377,2008.718674,3738.534964,1729.816290,False,True,False,False,DERIVED_CONDITIONAL_GEOMETRY_NOT_EVENT_LOCATION
4257,105.17524211,-18.68916829,2007.071601,3738.270487,1731.198886,False,True,False,False,DERIVED_CONDITIONAL_GEOMETRY_NOT_EVENT_LOCATION
4258,105.16715393,-18.70889282,2005.425771,3738.007502,1732.581731,False,True,False,False,DERIVED_CONDITIONAL_GEOMETRY_NOT_EVENT_LOCATION
4259,105.15906576,-18.72861735,2003.781188,3737.746009,1733.964821,False,True,False,False,DERIVED_CONDITIONAL_GEOMETRY_NOT_EVENT_LOCATION
4260,105.15097758,-18.74834188,2002.137855,3737.486010,1735.348155,False,True,False,False,DERIVED_CONDITIONAL_GEOMETRY_NOT_EVENT_LOCATION
4261,105.14288940,-18.76806641,2000.495774,3737.227504,1736.731730,False,True,False,False,DERIVED_CONDITIONAL_GEOMETRY_NOT_EVENT_LOCATION
4262,105.13480123,-18.78779093,1998.854949,3736.970492,1738.115543,False,True,False,False,DERIVED_CONDITIONAL_GEOMETRY_NOT_EVENT_LOCATION
4263,105.12671305,-18.80751546,1997.215382,3736.714975,1739.499593,False,True,False,False,DERIVED_CONDITIONAL_GEOMETRY_NOT_EVENT_LOCATION
4264,105.11862488,-18.82723999,1995.577076,3736.460953,1740.883877,False,True,False,False,DERIVED_CONDITIONAL_GEOMETRY_NOT_EVENT_LOCATION
4265,105.11053670,-18.84696452,1993.940034,3736.208426,1742.268392,False,True,False,False,DERIVED_CONDITIONAL_GEOMETRY_NOT_EVENT_LOCATION
4266,105.10244853,-18.86668905,1992.304258,3735.957395,1743.653136,False,True,False,False,DERIVED_CONDITIONAL_GEOMETRY_NOT_EVENT_LOCATION
4267,105.09436035,-18.88641357,1990.669753,3735.707860,1745.038107,False,True,False,False,DERIVED_CONDITIONAL_GEOMETRY_NOT_EVENT_LOCATION
4268,105.08627218,-18.90613810,1989.036520,3735.459822,1746.423302,False,True,False,False,DERIVED_CONDITIONAL_GEOMETRY_NOT_EVENT_LOCATION
4269,105.07818400,-18.92586263,1987.404563,3735.213281,1747.808718,False,True,False,False,DERIVED_CONDITIONAL_GEOMETRY_NOT_EVENT_LOCATION
4270,105.07009583,-18.94558716,1985.773884,3734.968238,1749.194353,False,True,False,False,DERIVED_CONDITIONAL_GEOMETRY_NOT_EVENT_LOCATION
4271,105.06200765,-18.96531169,1984.144487,3734.724693,1750.580205,False,True,False,False,DERIVED_CONDITIONAL_GEOMETRY_NOT_EVENT_LOCATION
4272,105.05391947,-18.98503621,1982.516374,3734.482646,1751.966271,False,True,False,False,DERIVED_CONDITIONAL_GEOMETRY_NOT_EVENT_LOCATION
4273,105.04583130,-19.00476074,1980.889549,3734.242098,1753.352549,False,True,False,False,DERIVED_CONDITIONAL_GEOMETRY_NOT_EVENT_LOCATION
4274,105.03774312,-19.02448527,1979.264014,3734.003049,1754.739036,False,True,False,False,DERIVED_CONDITIONAL_GEOMETRY_NOT_EVENT_LOCATION
4275,105.02965495,-19.04420980,1977.639772,3733.765501,1756.125729,False,True,False,False,DERIVED_CONDITIONAL_GEOMETRY_NOT_EVENT_LOCATION
4276,105.02156677,-19.06393433,1976.016826,3733.529452,1757.512626,False,True,False,False,DERIVED_CONDITIONAL_GEOMETRY_NOT_EVENT_LOCATION
4277,105.01347860,-19.08365885,1974.395180,3733.294904,1758.899724,False,True,False,False,DERIVED_CONDITIONAL_GEOMETRY_NOT_EVENT_LOCATION
4278,105.00539042,-19.10338338,1972.774835,3733.061857,1760.287022,False,True,False,False,DERIVED_CONDITIONAL_GEOMETRY_NOT_EVENT_LOCATION
4279,104.99730225,-19.12310791,1971.155796,3732.830312,1761.674515,False,True,False,False,DERIVED_CONDITIONAL_GEOMETRY_NOT_EVENT_LOCATION
4280,104.98921407,-19.14283244,1969.538065,3732.600268,1763.062203,False,True,False,False,DERIVED_CONDITIONAL_GEOMETRY_NOT_EVENT_LOCATION
4281,104.98112590,-19.16255697,1967.921645,3732.371727,1764.450081,False,True,False,False,DERIVED_CONDITIONAL_GEOMETRY_NOT_EVENT_LOCATION
4282,104.97303772,-19.18228149,1966.306540,3732.144688,1765.838148,False,True,False,False,DERIVED_CONDITIONAL_GEOMETRY_NOT_EVENT_LOCATION
4283,104.96465658,-19.20190531,1964.716114,3731.886506,1767.170392,False,True,False,False,DERIVED_CONDITIONAL_GEOMETRY_NOT_EVENT_LOCATION
4284,104.95627543,-19.22152913,1963.127043,3731.629832,1768.502790,False,True,False,False,DERIVED_CONDITIONAL_GEOMETRY_NOT_EVENT_LOCATION
4285,104.94789429,-19.24115295,1961.539328,3731.374667,1769.835339,False,True,False,False,DERIVED_CONDITIONAL_GEOMETRY_NOT_EVENT_LOCATION
4286,104.93951314,-19.26077677,1959.952973,3731.121009,1771.168036,False,True,False,False,DERIVED_CONDITIONAL_GEOMETRY_NOT_EVENT_LOCATION
4287,104.93113200,-19.28040059,1958.367981,3730.868861,1772.500880,False,True,False,False,DERIVED_CONDITIONAL_GEOMETRY_NOT_EVENT_LOCATION
4288,104.92275085,-19.30002441,1956.784356,3730.618222,1773.833867,False,True,False,False,DERIVED_CONDITIONAL_GEOMETRY_NOT_EVENT_LOCATION
4289,104.91436971,-19.31964823,1955.202099,3730.369094,1775.166995,False,True,False,False,DERIVED_CONDITIONAL_GEOMETRY_NOT_EVENT_LOCATION
4290,104.90598857,-19.33927205,1953.621215,3730.121475,1776.500260,False,True,False,False,DERIVED_CONDITIONAL_GEOMETRY_NOT_EVENT_LOCATION
4291,104.89760742,-19.35889587,1952.041706,3729.875367,1777.833662,False,True,False,False,DERIVED_CONDITIONAL_GEOMETRY_NOT_EVENT_LOCATION
4292,104.88922628,-19.37851969,1950.463575,3729.630771,1779.167196,False,True,False,False,DERIVED_CONDITIONAL_GEOMETRY_NOT_EVENT_LOCATION
4293,104.88084513,-19.39814351,1948.886826,3729.387686,1780.500860,False,True,False,False,DERIVED_CONDITIONAL_GEOMETRY_NOT_EVENT_LOCATION
4294,104.87246399,-19.41776733,1947.311462,3729.146113,1781.834652,False,True,False,False,DERIVED_CONDITIONAL_GEOMETRY_NOT_EVENT_LOCATION
4295,104.86408285,-19.43739115,1945.737485,3728.906053,1783.168568,False,True,False,False,DERIVED_CONDITIONAL_GEOMETRY_NOT_EVENT_LOCATION
4296,104.85570170,-19.45701497,1944.164899,3728.667506,1784.502607,False,True,False,False,DERIVED_CONDITIONAL_GEOMETRY_NOT_EVENT_LOCATION
4297,104.84732056,-19.47663879,1942.593708,3728.430472,1785.836765,False,True,False,False,DERIVED_CONDITIONAL_GEOMETRY_NOT_EVENT_LOCATION
4298,104.83893941,-19.49626261,1941.023913,3728.194952,1787.171039,False,True,False,False,DERIVED_CONDITIONAL_GEOMETRY_NOT_EVENT_LOCATION
4299,104.83055827,-19.51588643,1939.455519,3727.960947,1788.505427,False,True,False,False,DERIVED_CONDITIONAL_GEOMETRY_NOT_EVENT_LOCATION
4300,104.82217712,-19.53551025,1937.888529,3727.728456,1789.839927,False,True,False,False,DERIVED_CONDITIONAL_GEOMETRY_NOT_EVENT_LOCATION
4301,104.81379598,-19.55513407,1936.322945,3727.497480,1791.174535,False,True,False,False,DERIVED_CONDITIONAL_GEOMETRY_NOT_EVENT_LOCATION
4302,104.80541484,-19.57475789,1934.758770,3727.268019,1792.509249,False,True,False,False,DERIVED_CONDITIONAL_GEOMETRY_NOT_EVENT_LOCATION
4303,104.79703369,-19.59438171,1933.196009,3727.040075,1793.844066,False,True,False,False,DERIVED_CONDITIONAL_GEOMETRY_NOT_EVENT_LOCATION
4304,104.78865255,-19.61400553,1931.634664,3726.813647,1795.178982,False,True,False,False,DERIVED_CONDITIONAL_GEOMETRY_NOT_EVENT_LOCATION
4305,104.78027140,-19.63362935,1930.074739,3726.588735,1796.513997,False,True,False,False,DERIVED_CONDITIONAL_GEOMETRY_NOT_EVENT_LOCATION
4306,104.77189026,-19.65325317,1928.516236,3726.365341,1797.849105,False,True,False,False,DERIVED_CONDITIONAL_GEOMETRY_NOT_EVENT_LOCATION
4307,104.76350911,-19.67287699,1926.959159,3726.143465,1799.184306,False,True,False,False,DERIVED_CONDITIONAL_GEOMETRY_NOT_EVENT_LOCATION
4308,104.75512797,-19.69250081,1925.403511,3725.923106,1800.519596,False,True,False,False,DERIVED_CONDITIONAL_GEOMETRY_NOT_EVENT_LOCATION
4309,104.74674683,-19.71212463,1923.849295,3725.704266,1801.854971,False,True,False,False,DERIVED_CONDITIONAL_GEOMETRY_NOT_EVENT_LOCATION
4310,104.73836568,-19.73174845,1922.296514,3725.486945,1803.190430,False,True,False,False,DERIVED_CONDITIONAL_GEOMETRY_NOT_EVENT_LOCATION
4311,104.72998454,-19.75137227,1920.745172,3725.271142,1804.525970,False,True,False,False,DERIVED_CONDITIONAL_GEOMETRY_NOT_EVENT_LOCATION
4312,104.72160339,-19.77099609,1919.195272,3725.056860,1805.861587,False,True,False,False,DERIVED_CONDITIONAL_GEOMETRY_NOT_EVENT_LOCATION
4313,104.71292623,-19.79051310,1917.671441,3724.811018,1807.139577,False,True,False,False,DERIVED_CONDITIONAL_GEOMETRY_NOT_EVENT_LOCATION
4314,104.70424906,-19.81003011,1916.149093,3724.566701,1808.417608,False,True,False,False,DERIVED_CONDITIONAL_GEOMETRY_NOT_EVENT_LOCATION
4315,104.69557190,-19.82954712,1914.628230,3724.323909,1809.695678,False,True,False,False,DERIVED_CONDITIONAL_GEOMETRY_NOT_EVENT_LOCATION
4316,104.68689473,-19.84906413,1913.108857,3724.082642,1810.973785,False,True,False,False,DERIVED_CONDITIONAL_GEOMETRY_NOT_EVENT_LOCATION
4317,104.67821757,-19.86858114,1911.590977,3723.842902,1812.251925,False,True,False,False,DERIVED_CONDITIONAL_GEOMETRY_NOT_EVENT_LOCATION
4318,104.66954041,-19.88809814,1910.074593,3723.604688,1813.530095,False,True,False,False,DERIVED_CONDITIONAL_GEOMETRY_NOT_EVENT_LOCATION
4319,104.66086324,-19.90761515,1908.559707,3723.368001,1814.808294,False,True,False,False,DERIVED_CONDITIONAL_GEOMETRY_NOT_EVENT_LOCATION
4320,104.65218608,-19.92713216,1907.046325,3723.132841,1816.086517,False,True,False,False,DERIVED_CONDITIONAL_GEOMETRY_NOT_EVENT_LOCATION
4321,104.64350891,-19.94664917,1905.534448,3722.899209,1817.364762,False,True,False,False,DERIVED_CONDITIONAL_GEOMETRY_NOT_EVENT_LOCATION
4322,104.63483175,-19.96616618,1904.024080,3722.667106,1818.643025,False,True,False,False,DERIVED_CONDITIONAL_GEOMETRY_NOT_EVENT_LOCATION
4323,104.62615458,-19.98568319,1902.515225,3722.436531,1819.921305,False,True,False,False,DERIVED_CONDITIONAL_GEOMETRY_NOT_EVENT_LOCATION
4324,104.61747742,-20.00520020,1901.007886,3722.207485,1821.199599,False,True,False,False,DERIVED_CONDITIONAL_GEOMETRY_NOT_EVENT_LOCATION
4325,104.60880025,-20.02471720,1899.502066,3721.979968,1822.477902,False,True,False,False,DERIVED_CONDITIONAL_GEOMETRY_NOT_EVENT_LOCATION
4326,104.60012309,-20.04423421,1897.997769,3721.753981,1823.756213,False,True,False,False,DERIVED_CONDITIONAL_GEOMETRY_NOT_EVENT_LOCATION
4327,104.59144592,-20.06375122,1896.494997,3721.529525,1825.034528,False,True,False,False,DERIVED_CONDITIONAL_GEOMETRY_NOT_EVENT_LOCATION
4328,104.58276876,-20.08326823,1894.993755,3721.306599,1826.312844,False,True,False,False,DERIVED_CONDITIONAL_GEOMETRY_NOT_EVENT_LOCATION
4329,104.57409159,-20.10278524,1893.494045,3721.085204,1827.591159,False,True,False,False,DERIVED_CONDITIONAL_GEOMETRY_NOT_EVENT_LOCATION
4330,104.56541443,-20.12230225,1891.995872,3720.865341,1828.869470,False,True,False,False,DERIVED_CONDITIONAL_GEOMETRY_NOT_EVENT_LOCATION
4331,104.55673726,-20.14181925,1890.499237,3720.647010,1830.147773,False,True,False,False,DERIVED_CONDITIONAL_GEOMETRY_NOT_EVENT_LOCATION
4332,104.54806010,-20.16133626,1889.004146,3720.430211,1831.426065,False,True,False,False,DERIVED_CONDITIONAL_GEOMETRY_NOT_EVENT_LOCATION
4333,104.53938293,-20.18085327,1887.510601,3720.214945,1832.704344,False,True,False,False,DERIVED_CONDITIONAL_GEOMETRY_NOT_EVENT_LOCATION
4334,104.53070577,-20.20037028,1886.018605,3720.001212,1833.982607,False,True,False,False,DERIVED_CONDITIONAL_GEOMETRY_NOT_EVENT_LOCATION
4335,104.52202861,-20.21988729,1884.528163,3719.789013,1835.260850,False,True,False,False,DERIVED_CONDITIONAL_GEOMETRY_NOT_EVENT_LOCATION
4336,104.51335144,-20.23940430,1883.039277,3719.578347,1836.539070,False,True,False,False,DERIVED_CONDITIONAL_GEOMETRY_NOT_EVENT_LOCATION
4337,104.50467428,-20.25892131,1881.551950,3719.369216,1837.817265,False,True,False,False,DERIVED_CONDITIONAL_GEOMETRY_NOT_EVENT_LOCATION
4338,104.49599711,-20.27843831,1880.066188,3719.161619,1839.095432,False,True,False,False,DERIVED_CONDITIONAL_GEOMETRY_NOT_EVENT_LOCATION
4339,104.48731995,-20.29795532,1878.581991,3718.955558,1840.373567,False,True,False,False,DERIVED_CONDITIONAL_GEOMETRY_NOT_EVENT_LOCATION
4340,104.47864278,-20.31747233,1877.099365,3718.751032,1841.651667,False,True,False,False,DERIVED_CONDITIONAL_GEOMETRY_NOT_EVENT_LOCATION
4341,104.46996562,-20.33698934,1875.618313,3718.548042,1842.929730,False,True,False,False,DERIVED_CONDITIONAL_GEOMETRY_NOT_EVENT_LOCATION
4342,104.46128845,-20.35650635,1874.138838,3718.346589,1844.207751,False,True,False,False,DERIVED_CONDITIONAL_GEOMETRY_NOT_EVENT_LOCATION
4343,104.45231120,-20.37591451,1872.686488,3718.113190,1845.426702,False,True,False,False,DERIVED_CONDITIONAL_GEOMETRY_NOT_EVENT_LOCATION
4344,104.44333394,-20.39532267,1871.235757,3717.881333,1846.645576,False,True,False,False,DERIVED_CONDITIONAL_GEOMETRY_NOT_EVENT_LOCATION
4345,104.43435669,-20.41473083,1869.786649,3717.651019,1847.864370,False,True,False,False,DERIVED_CONDITIONAL_GEOMETRY_NOT_EVENT_LOCATION
4346,104.42537944,-20.43413900,1868.339168,3717.422248,1849.083080,False,True,False,False,DERIVED_CONDITIONAL_GEOMETRY_NOT_EVENT_LOCATION
4347,104.41640218,-20.45354716,1866.893317,3717.195020,1850.301704,False,True,False,False,DERIVED_CONDITIONAL_GEOMETRY_NOT_EVENT_LOCATION
4348,104.40742493,-20.47295532,1865.449099,3716.969336,1851.520238,False,True,False,False,DERIVED_CONDITIONAL_GEOMETRY_NOT_EVENT_LOCATION
4349,104.39844767,-20.49236348,1864.006517,3716.745197,1852.738679,False,True,False,False,DERIVED_CONDITIONAL_GEOMETRY_NOT_EVENT_LOCATION
4350,104.38947042,-20.51177165,1862.565577,3716.522602,1853.957025,False,True,False,False,DERIVED_CONDITIONAL_GEOMETRY_NOT_EVENT_LOCATION
4351,104.38049316,-20.53117981,1861.126280,3716.301552,1855.175272,False,True,False,False,DERIVED_CONDITIONAL_GEOMETRY_NOT_EVENT_LOCATION
4352,104.37151591,-20.55058797,1859.688631,3716.082048,1856.393417,False,True,False,False,DERIVED_CONDITIONAL_GEOMETRY_NOT_EVENT_LOCATION
4353,104.36253866,-20.56999613,1858.252632,3715.864089,1857.611457,False,True,False,False,DERIVED_CONDITIONAL_GEOMETRY_NOT_EVENT_LOCATION
4354,104.35356140,-20.58940430,1856.818289,3715.647677,1858.829389,False,True,False,False,DERIVED_CONDITIONAL_GEOMETRY_NOT_EVENT_LOCATION
4355,104.34458415,-20.60881246,1855.385603,3715.432812,1860.047209,False,True,False,False,DERIVED_CONDITIONAL_GEOMETRY_NOT_EVENT_LOCATION
4356,104.33560689,-20.62822062,1853.954579,3715.219494,1861.264915,False,True,False,False,DERIVED_CONDITIONAL_GEOMETRY_NOT_EVENT_LOCATION
4357,104.32662964,-20.64762878,1852.525220,3715.007723,1862.482503,False,True,False,False,DERIVED_CONDITIONAL_GEOMETRY_NOT_EVENT_LOCATION
4358,104.31765238,-20.66703695,1851.097530,3714.797500,1863.699970,False,True,False,False,DERIVED_CONDITIONAL_GEOMETRY_NOT_EVENT_LOCATION
4359,104.30867513,-20.68644511,1849.671512,3714.588825,1864.917313,False,True,False,False,DERIVED_CONDITIONAL_GEOMETRY_NOT_EVENT_LOCATION
4360,104.29969788,-20.70585327,1848.247171,3714.381700,1866.134529,False,True,False,False,DERIVED_CONDITIONAL_GEOMETRY_NOT_EVENT_LOCATION
4361,104.29072062,-20.72526143,1846.824508,3714.176123,1867.351615,False,True,False,False,DERIVED_CONDITIONAL_GEOMETRY_NOT_EVENT_LOCATION
4362,104.28174337,-20.74466960,1845.403529,3713.972096,1868.568566,False,True,False,False,DERIVED_CONDITIONAL_GEOMETRY_NOT_EVENT_LOCATION
4363,104.27276611,-20.76407776,1843.984237,3713.769618,1869.785382,False,True,False,False,DERIVED_CONDITIONAL_GEOMETRY_NOT_EVENT_LOCATION
4364,104.26378886,-20.78348592,1842.566634,3713.568691,1871.002057,False,True,False,False,DERIVED_CONDITIONAL_GEOMETRY_NOT_EVENT_LOCATION
4365,104.25481160,-20.80289408,1841.150726,3713.369314,1872.218588,False,True,False,False,DERIVED_CONDITIONAL_GEOMETRY_NOT_EVENT_LOCATION
4366,104.24583435,-20.82230225,1839.736515,3713.171489,1873.434974,False,True,False,False,DERIVED_CONDITIONAL_GEOMETRY_NOT_EVENT_LOCATION
4367,104.23685710,-20.84171041,1838.324006,3712.975215,1874.651209,False,True,False,False,DERIVED_CONDITIONAL_GEOMETRY_NOT_EVENT_LOCATION
4368,104.22787984,-20.86111857,1836.913201,3712.780492,1875.867292,False,True,False,False,DERIVED_CONDITIONAL_GEOMETRY_NOT_EVENT_LOCATION
4369,104.21890259,-20.88052673,1835.504104,3712.587322,1877.083218,False,True,False,False,DERIVED_CONDITIONAL_GEOMETRY_NOT_EVENT_LOCATION
4370,104.20992533,-20.89993490,1834.096720,3712.395705,1878.298985,False,True,False,False,DERIVED_CONDITIONAL_GEOMETRY_NOT_EVENT_LOCATION
4371,104.20094808,-20.91934306,1832.691051,3712.205640,1879.514589,False,True,False,False,DERIVED_CONDITIONAL_GEOMETRY_NOT_EVENT_LOCATION
4372,104.19197083,-20.93875122,1831.287102,3712.017128,1880.730026,False,True,False,False,DERIVED_CONDITIONAL_GEOMETRY_NOT_EVENT_LOCATION
4373,104.18237094,-20.95871077,1829.864176,3711.788753,1881.924577,False,True,False,False,DERIVED_CONDITIONAL_GEOMETRY_NOT_EVENT_LOCATION
4374,104.17277106,-20.97867032,1828.443136,3711.562047,1883.118911,False,True,False,False,DERIVED_CONDITIONAL_GEOMETRY_NOT_EVENT_LOCATION
4375,104.16317118,-20.99862987,1827.023986,3711.337010,1884.313024,False,True,False,False,DERIVED_CONDITIONAL_GEOMETRY_NOT_EVENT_LOCATION
4376,104.15357129,-21.01858941,1825.606730,3711.113642,1885.506912,False,True,False,False,DERIVED_CONDITIONAL_GEOMETRY_NOT_EVENT_LOCATION
4377,104.14397141,-21.03854896,1824.191372,3710.891945,1886.700573,False,True,False,False,DERIVED_CONDITIONAL_GEOMETRY_NOT_EVENT_LOCATION
4378,104.13437153,-21.05850851,1822.777917,3710.671919,1887.894001,False,True,False,False,DERIVED_CONDITIONAL_GEOMETRY_NOT_EVENT_LOCATION
4379,104.12477164,-21.07846806,1821.366369,3710.453563,1889.087195,False,True,False,False,DERIVED_CONDITIONAL_GEOMETRY_NOT_EVENT_LOCATION
4380,104.11517176,-21.09842761,1819.956730,3710.236879,1890.280149,False,True,False,False,DERIVED_CONDITIONAL_GEOMETRY_NOT_EVENT_LOCATION
4381,104.10557188,-21.11838716,1818.549007,3710.021868,1891.472861,False,True,False,False,DERIVED_CONDITIONAL_GEOMETRY_NOT_EVENT_LOCATION
4382,104.09597200,-21.13834670,1817.143202,3709.808528,1892.665326,False,True,False,False,DERIVED_CONDITIONAL_GEOMETRY_NOT_EVENT_LOCATION
4383,104.08637211,-21.15830625,1815.739319,3709.596861,1893.857542,False,True,False,False,DERIVED_CONDITIONAL_GEOMETRY_NOT_EVENT_LOCATION
4384,104.07677223,-21.17826580,1814.337364,3709.386868,1895.049504,False,True,False,False,DERIVED_CONDITIONAL_GEOMETRY_NOT_EVENT_LOCATION
4385,104.06717235,-21.19822535,1812.937340,3709.178548,1896.241208,False,True,False,False,DERIVED_CONDITIONAL_GEOMETRY_NOT_EVENT_LOCATION
4386,104.05757246,-21.21818490,1811.539251,3708.971902,1897.432652,False,True,False,False,DERIVED_CONDITIONAL_GEOMETRY_NOT_EVENT_LOCATION
4387,104.04797258,-21.23814445,1810.143101,3708.766931,1898.623830,False,True,False,False,DERIVED_CONDITIONAL_GEOMETRY_NOT_EVENT_LOCATION
4388,104.03837270,-21.25810400,1808.748894,3708.563635,1899.814740,False,True,False,False,DERIVED_CONDITIONAL_GEOMETRY_NOT_EVENT_LOCATION
4389,104.02877281,-21.27806354,1807.356636,3708.362014,1901.005378,False,True,False,False,DERIVED_CONDITIONAL_GEOMETRY_NOT_EVENT_LOCATION
4390,104.01917293,-21.29802309,1805.966328,3708.162069,1902.195741,False,True,False,False,DERIVED_CONDITIONAL_GEOMETRY_NOT_EVENT_LOCATION
4391,104.00957305,-21.31798264,1804.577977,3707.963800,1903.385823,False,True,False,False,DERIVED_CONDITIONAL_GEOMETRY_NOT_EVENT_LOCATION
4392,103.99997317,-21.33794219,1803.191586,3707.767208,1904.575622,False,True,False,False,DERIVED_CONDITIONAL_GEOMETRY_NOT_EVENT_LOCATION
4393,103.99037328,-21.35790174,1801.807159,3707.572293,1905.765134,False,True,False,False,DERIVED_CONDITIONAL_GEOMETRY_NOT_EVENT_LOCATION
4394,103.98077340,-21.37786129,1800.424700,3707.379055,1906.954354,False,True,False,False,DERIVED_CONDITIONAL_GEOMETRY_NOT_EVENT_LOCATION
4395,103.97117352,-21.39782083,1799.044214,3707.187495,1908.143280,False,True,False,False,DERIVED_CONDITIONAL_GEOMETRY_NOT_EVENT_LOCATION
4396,103.96157363,-21.41778038,1797.665705,3706.997613,1909.331908,False,True,False,False,DERIVED_CONDITIONAL_GEOMETRY_NOT_EVENT_LOCATION
4397,103.95197375,-21.43773993,1796.289177,3706.809410,1910.520233,False,True,False,False,DERIVED_CONDITIONAL_GEOMETRY_NOT_EVENT_LOCATION
4398,103.94237387,-21.45769948,1794.914634,3706.622886,1911.708252,False,True,False,False,DERIVED_CONDITIONAL_GEOMETRY_NOT_EVENT_LOCATION
4399,103.93277398,-21.47765903,1793.542080,3706.438041,1912.895961,False,True,False,False,DERIVED_CONDITIONAL_GEOMETRY_NOT_EVENT_LOCATION
4400,103.92317410,-21.49761858,1792.171519,3706.254876,1914.083357,False,True,False,False,DERIVED_CONDITIONAL_GEOMETRY_NOT_EVENT_LOCATION
4401,103.91357422,-21.51757812,1790.802957,3706.073391,1915.270435,False,True,False,False,DERIVED_CONDITIONAL_GEOMETRY_NOT_EVENT_LOCATION
4402,103.90365706,-21.53741455,1789.465299,3705.858071,1916.392772,False,True,False,False,DERIVED_CONDITIONAL_GEOMETRY_NOT_EVENT_LOCATION
4403,103.89373990,-21.55725098,1788.129685,3705.644438,1917.514753,False,True,False,False,DERIVED_CONDITIONAL_GEOMETRY_NOT_EVENT_LOCATION
4404,103.88382274,-21.57708740,1786.796120,3705.432492,1918.636372,False,True,False,False,DERIVED_CONDITIONAL_GEOMETRY_NOT_EVENT_LOCATION
4405,103.87390558,-21.59692383,1785.464608,3705.222235,1919.757627,False,True,False,False,DERIVED_CONDITIONAL_GEOMETRY_NOT_EVENT_LOCATION
4406,103.86398842,-21.61676025,1784.135154,3705.013666,1920.878513,False,True,False,False,DERIVED_CONDITIONAL_GEOMETRY_NOT_EVENT_LOCATION
4407,103.85407126,-21.63659668,1782.807760,3704.806786,1921.999026,False,True,False,False,DERIVED_CONDITIONAL_GEOMETRY_NOT_EVENT_LOCATION
4408,103.84415409,-21.65643311,1781.482432,3704.601596,1923.119164,False,True,False,False,DERIVED_CONDITIONAL_GEOMETRY_NOT_EVENT_LOCATION
4409,103.83423693,-21.67626953,1780.159174,3704.398095,1924.238921,False,True,False,False,DERIVED_CONDITIONAL_GEOMETRY_NOT_EVENT_LOCATION
4410,103.82431977,-21.69610596,1778.837990,3704.196285,1925.358295,False,True,False,False,DERIVED_CONDITIONAL_GEOMETRY_NOT_EVENT_LOCATION
4411,103.81440261,-21.71594238,1777.518884,3703.996165,1926.477281,False,True,False,False,DERIVED_CONDITIONAL_GEOMETRY_NOT_EVENT_LOCATION
4412,103.80448545,-21.73577881,1776.201861,3703.797736,1927.595875,False,True,False,False,DERIVED_CONDITIONAL_GEOMETRY_NOT_EVENT_LOCATION
4413,103.79456829,-21.75561523,1774.886924,3703.600999,1928.714075,False,True,False,False,DERIVED_CONDITIONAL_GEOMETRY_NOT_EVENT_LOCATION
4414,103.78465113,-21.77545166,1773.574079,3703.405953,1929.831875,False,True,False,False,DERIVED_CONDITIONAL_GEOMETRY_NOT_EVENT_LOCATION
4415,103.77473397,-21.79528809,1772.263329,3703.212600,1930.949272,False,True,False,False,DERIVED_CONDITIONAL_GEOMETRY_NOT_EVENT_LOCATION
4416,103.76481681,-21.81512451,1770.954678,3703.020940,1932.066262,False,True,False,False,DERIVED_CONDITIONAL_GEOMETRY_NOT_EVENT_LOCATION
4417,103.75489965,-21.83496094,1769.648131,3702.830972,1933.182841,False,True,False,False,DERIVED_CONDITIONAL_GEOMETRY_NOT_EVENT_LOCATION
4418,103.74498249,-21.85479736,1768.343693,3702.642698,1934.299006,False,True,False,False,DERIVED_CONDITIONAL_GEOMETRY_NOT_EVENT_LOCATION
4419,103.73506533,-21.87463379,1767.041366,3702.456118,1935.414752,False,True,False,False,DERIVED_CONDITIONAL_GEOMETRY_NOT_EVENT_LOCATION
4420,103.72514817,-21.89447021,1765.741157,3702.271233,1936.530076,False,True,False,False,DERIVED_CONDITIONAL_GEOMETRY_NOT_EVENT_LOCATION
4421,103.71523101,-21.91430664,1764.443068,3702.088041,1937.644973,False,True,False,False,DERIVED_CONDITIONAL_GEOMETRY_NOT_EVENT_LOCATION
4422,103.70531385,-21.93414307,1763.147105,3701.906545,1938.759440,False,True,False,False,DERIVED_CONDITIONAL_GEOMETRY_NOT_EVENT_LOCATION
4423,103.69539669,-21.95397949,1761.853272,3701.726745,1939.873473,False,True,False,False,DERIVED_CONDITIONAL_GEOMETRY_NOT_EVENT_LOCATION
4424,103.68547953,-21.97381592,1760.561572,3701.548640,1940.987068,False,True,False,False,DERIVED_CONDITIONAL_GEOMETRY_NOT_EVENT_LOCATION
4425,103.67556237,-21.99365234,1759.272010,3701.372231,1942.100221,False,True,False,False,DERIVED_CONDITIONAL_GEOMETRY_NOT_EVENT_LOCATION
4426,103.66564520,-22.01348877,1757.984591,3701.197519,1943.212928,False,True,False,False,DERIVED_CONDITIONAL_GEOMETRY_NOT_EVENT_LOCATION
4427,103.65572804,-22.03332520,1756.699319,3701.024504,1944.325185,False,True,False,False,DERIVED_CONDITIONAL_GEOMETRY_NOT_EVENT_LOCATION
4428,103.64581088,-22.05316162,1755.416198,3700.853186,1945.436988,False,True,False,False,DERIVED_CONDITIONAL_GEOMETRY_NOT_EVENT_LOCATION
4429,103.63589372,-22.07299805,1754.135233,3700.683566,1946.548333,False,True,False,False,DERIVED_CONDITIONAL_GEOMETRY_NOT_EVENT_LOCATION
4430,103.62597656,-22.09283447,1752.856427,3700.515644,1947.659217,False,True,False,False,DERIVED_CONDITIONAL_GEOMETRY_NOT_EVENT_LOCATION
4431,103.61573897,-22.11254567,1751.609616,3700.313614,1948.703998,False,True,False,False,DERIVED_CONDITIONAL_GEOMETRY_NOT_EVENT_LOCATION
4432,103.60550137,-22.13225687,1750.365011,3700.113290,1949.748279,False,True,False,False,DERIVED_CONDITIONAL_GEOMETRY_NOT_EVENT_LOCATION
4433,103.59526378,-22.15196807,1749.122617,3699.914672,1950.792055,False,True,False,False,DERIVED_CONDITIONAL_GEOMETRY_NOT_EVENT_LOCATION
4434,103.58502618,-22.17167927,1747.882438,3699.717760,1951.835322,False,True,False,False,DERIVED_CONDITIONAL_GEOMETRY_NOT_EVENT_LOCATION
4435,103.57478859,-22.19139047,1746.644480,3699.522556,1952.878077,False,True,False,False,DERIVED_CONDITIONAL_GEOMETRY_NOT_EVENT_LOCATION
4436,103.56455099,-22.21110166,1745.408744,3699.329060,1953.920315,False,True,False,False,DERIVED_CONDITIONAL_GEOMETRY_NOT_EVENT_LOCATION
4437,103.55431340,-22.23081286,1744.175238,3699.137271,1954.962034,False,True,False,False,DERIVED_CONDITIONAL_GEOMETRY_NOT_EVENT_LOCATION
4438,103.54407580,-22.25052406,1742.943963,3698.947191,1956.003228,False,True,False,False,DERIVED_CONDITIONAL_GEOMETRY_NOT_EVENT_LOCATION
4439,103.53383821,-22.27023526,1741.714926,3698.758819,1957.043894,False,True,False,False,DERIVED_CONDITIONAL_GEOMETRY_NOT_EVENT_LOCATION
4440,103.52360061,-22.28994646,1740.488130,3698.572157,1958.084027,False,True,False,False,DERIVED_CONDITIONAL_GEOMETRY_NOT_EVENT_LOCATION
4441,103.51336302,-22.30965766,1739.263579,3698.387204,1959.123625,False,True,False,False,DERIVED_CONDITIONAL_GEOMETRY_NOT_EVENT_LOCATION
4442,103.50312542,-22.32936885,1738.041278,3698.203961,1960.162683,False,True,False,False,DERIVED_CONDITIONAL_GEOMETRY_NOT_EVENT_LOCATION
4443,103.49288783,-22.34908005,1736.821231,3698.022428,1961.201197,False,True,False,False,DERIVED_CONDITIONAL_GEOMETRY_NOT_EVENT_LOCATION
4444,103.48265023,-22.36879125,1735.603443,3697.842606,1962.239164,False,True,False,False,DERIVED_CONDITIONAL_GEOMETRY_NOT_EVENT_LOCATION
4445,103.47241264,-22.38850245,1734.387917,3697.664495,1963.276578,False,True,False,False,DERIVED_CONDITIONAL_GEOMETRY_NOT_EVENT_LOCATION
4446,103.46217504,-22.40821365,1733.174659,3697.488096,1964.313437,False,True,False,False,DERIVED_CONDITIONAL_GEOMETRY_NOT_EVENT_LOCATION
4447,103.45193745,-22.42792485,1731.963672,3697.313408,1965.349736,False,True,False,False,DERIVED_CONDITIONAL_GEOMETRY_NOT_EVENT_LOCATION
4448,103.44169985,-22.44763605,1730.754962,3697.140433,1966.385471,False,True,False,False,DERIVED_CONDITIONAL_GEOMETRY_NOT_EVENT_LOCATION
4449,103.43146226,-22.46734724,1729.548531,3696.969170,1967.420639,False,True,False,False,DERIVED_CONDITIONAL_GEOMETRY_NOT_EVENT_LOCATION
4450,103.42122466,-22.48705844,1728.344385,3696.799620,1968.455235,False,True,False,False,DERIVED_CONDITIONAL_GEOMETRY_NOT_EVENT_LOCATION
4451,103.41098706,-22.50676964,1727.142528,3696.631783,1969.489255,False,True,False,False,DERIVED_CONDITIONAL_GEOMETRY_NOT_EVENT_LOCATION
4452,103.40074947,-22.52648084,1725.942964,3696.465660,1970.522696,False,True,False,False,DERIVED_CONDITIONAL_GEOMETRY_NOT_EVENT_LOCATION
4453,103.39051187,-22.54619204,1724.745698,3696.301251,1971.555553,False,True,False,False,DERIVED_CONDITIONAL_GEOMETRY_NOT_EVENT_LOCATION
4454,103.38027428,-22.56590324,1723.550734,3696.138557,1972.587823,False,True,False,False,DERIVED_CONDITIONAL_GEOMETRY_NOT_EVENT_LOCATION
4455,103.37003668,-22.58561443,1722.358076,3695.977577,1973.619500,False,True,False,False,DERIVED_CONDITIONAL_GEOMETRY_NOT_EVENT_LOCATION
4456,103.35979909,-22.60532563,1721.167729,3695.818312,1974.650583,False,True,False,False,DERIVED_CONDITIONAL_GEOMETRY_NOT_EVENT_LOCATION
4457,103.34956149,-22.62503683,1719.979698,3695.660763,1975.681065,False,True,False,False,DERIVED_CONDITIONAL_GEOMETRY_NOT_EVENT_LOCATION
4458,103.33932390,-22.64474803,1718.793985,3695.504929,1976.710944,False,True,False,False,DERIVED_CONDITIONAL_GEOMETRY_NOT_EVENT_LOCATION
4459,103.32908630,-22.66445923,1717.610597,3695.350812,1977.740215,False,True,False,False,DERIVED_CONDITIONAL_GEOMETRY_NOT_EVENT_LOCATION
4460,103.31852354,-22.68403889,1716.460770,3695.162000,1978.701230,False,True,False,False,DERIVED_CONDITIONAL_GEOMETRY_NOT_EVENT_LOCATION
4461,103.30796077,-22.70361854,1715.313312,3694.974912,1979.661600,False,True,False,False,DERIVED_CONDITIONAL_GEOMETRY_NOT_EVENT_LOCATION
4462,103.29739801,-22.72319820,1714.168229,3694.789549,1980.621321,False,True,False,False,DERIVED_CONDITIONAL_GEOMETRY_NOT_EVENT_LOCATION
4463,103.28683524,-22.74277786,1713.025524,3694.605912,1981.580388,False,True,False,False,DERIVED_CONDITIONAL_GEOMETRY_NOT_EVENT_LOCATION
4464,103.27627248,-22.76235751,1711.885202,3694.423999,1982.538797,False,True,False,False,DERIVED_CONDITIONAL_GEOMETRY_NOT_EVENT_LOCATION
4465,103.26570971,-22.78193717,1710.747268,3694.243813,1983.496546,False,True,False,False,DERIVED_CONDITIONAL_GEOMETRY_NOT_EVENT_LOCATION
4466,103.25514695,-22.80151683,1709.611725,3694.065353,1984.453629,False,True,False,False,DERIVED_CONDITIONAL_GEOMETRY_NOT_EVENT_LOCATION
4467,103.24458418,-22.82109649,1708.478577,3693.888620,1985.410042,False,True,False,False,DERIVED_CONDITIONAL_GEOMETRY_NOT_EVENT_LOCATION
4468,103.23402142,-22.84067614,1707.347831,3693.713613,1986.365783,False,True,False,False,DERIVED_CONDITIONAL_GEOMETRY_NOT_EVENT_LOCATION
4469,103.22345865,-22.86025580,1706.219488,3693.540334,1987.320846,False,True,False,False,DERIVED_CONDITIONAL_GEOMETRY_NOT_EVENT_LOCATION
4470,103.21289589,-22.87983546,1705.093554,3693.368783,1988.275229,False,True,False,False,DERIVED_CONDITIONAL_GEOMETRY_NOT_EVENT_LOCATION
4471,103.20233312,-22.89941511,1703.970034,3693.198960,1989.228926,False,True,False,False,DERIVED_CONDITIONAL_GEOMETRY_NOT_EVENT_LOCATION
4472,103.19177036,-22.91899477,1702.848931,3693.030866,1990.181935,False,True,False,False,DERIVED_CONDITIONAL_GEOMETRY_NOT_EVENT_LOCATION
4473,103.18120759,-22.93857443,1701.730250,3692.864500,1991.134250,False,True,False,False,DERIVED_CONDITIONAL_GEOMETRY_NOT_EVENT_LOCATION
4474,103.17064483,-22.95815409,1700.613995,3692.699863,1992.085869,False,True,False,False,DERIVED_CONDITIONAL_GEOMETRY_NOT_EVENT_LOCATION
4475,103.16008206,-22.97773374,1699.500170,3692.536957,1993.036787,False,True,False,False,DERIVED_CONDITIONAL_GEOMETRY_NOT_EVENT_LOCATION
4476,103.14951930,-22.99731340,1698.388780,3692.375780,1993.986999,False,True,False,False,DERIVED_CONDITIONAL_GEOMETRY_NOT_EVENT_LOCATION
4477,103.13895653,-23.01689306,1697.279829,3692.216333,1994.936503,False,True,False,False,DERIVED_CONDITIONAL_GEOMETRY_NOT_EVENT_LOCATION
4478,103.12839377,-23.03647272,1696.173322,3692.058617,1995.885295,False,True,False,False,DERIVED_CONDITIONAL_GEOMETRY_NOT_EVENT_LOCATION
4479,103.11783100,-23.05605237,1695.069263,3691.902632,1996.833369,False,True,False,False,DERIVED_CONDITIONAL_GEOMETRY_NOT_EVENT_LOCATION
4480,103.10726823,-23.07563203,1693.967655,3691.748378,1997.780723,False,True,False,False,DERIVED_CONDITIONAL_GEOMETRY_NOT_EVENT_LOCATION
4481,103.09670547,-23.09521169,1692.868504,3691.595856,1998.727351,False,True,False,False,DERIVED_CONDITIONAL_GEOMETRY_NOT_EVENT_LOCATION
4482,103.08614270,-23.11479134,1691.771814,3691.445065,1999.673252,False,True,False,False,DERIVED_CONDITIONAL_GEOMETRY_NOT_EVENT_LOCATION
4483,103.07557994,-23.13437100,1690.677589,3691.296008,2000.618419,False,True,False,False,DERIVED_CONDITIONAL_GEOMETRY_NOT_EVENT_LOCATION
4484,103.06501717,-23.15395066,1689.585833,3691.148682,2001.562849,False,True,False,False,DERIVED_CONDITIONAL_GEOMETRY_NOT_EVENT_LOCATION
4485,103.05445441,-23.17353032,1688.496551,3691.003090,2002.506539,False,True,False,False,DERIVED_CONDITIONAL_GEOMETRY_NOT_EVENT_LOCATION
4486,103.04389164,-23.19310997,1687.409747,3690.859231,2003.449484,False,True,False,False,DERIVED_CONDITIONAL_GEOMETRY_NOT_EVENT_LOCATION
4487,103.03332888,-23.21268963,1686.325426,3690.717106,2004.391681,False,True,False,False,DERIVED_CONDITIONAL_GEOMETRY_NOT_EVENT_LOCATION
4488,103.02276611,-23.23226929,1685.243591,3690.576715,2005.333124,False,True,False,False,DERIVED_CONDITIONAL_GEOMETRY_NOT_EVENT_LOCATION
4489,103.01187449,-23.25171319,1684.196613,3690.401233,2006.204620,False,True,False,False,DERIVED_CONDITIONAL_GEOMETRY_NOT_EVENT_LOCATION
4490,103.00098288,-23.27115710,1683.152166,3690.227493,2007.075327,False,True,False,False,DERIVED_CONDITIONAL_GEOMETRY_NOT_EVENT_LOCATION
4491,102.99009126,-23.29060101,1682.110255,3690.055496,2007.945241,False,True,False,False,DERIVED_CONDITIONAL_GEOMETRY_NOT_EVENT_LOCATION
4492,102.97919964,-23.31004491,1681.070884,3689.885243,2008.814359,False,True,False,False,DERIVED_CONDITIONAL_GEOMETRY_NOT_EVENT_LOCATION
4493,102.96830802,-23.32948882,1680.034056,3689.716734,2009.682677,False,True,False,False,DERIVED_CONDITIONAL_GEOMETRY_NOT_EVENT_LOCATION
4494,102.95741640,-23.34893273,1678.999778,3689.549969,2010.550191,False,True,False,False,DERIVED_CONDITIONAL_GEOMETRY_NOT_EVENT_LOCATION
4495,102.94652478,-23.36837663,1677.968051,3689.384948,2011.416897,False,True,False,False,DERIVED_CONDITIONAL_GEOMETRY_NOT_EVENT_LOCATION
4496,102.93563317,-23.38782054,1676.938882,3689.221673,2012.282791,False,True,False,False,DERIVED_CONDITIONAL_GEOMETRY_NOT_EVENT_LOCATION
4497,102.92474155,-23.40726445,1675.912273,3689.060143,2013.147869,False,True,False,False,DERIVED_CONDITIONAL_GEOMETRY_NOT_EVENT_LOCATION
4498,102.91384993,-23.42670835,1674.888230,3688.900358,2014.012128,False,True,False,False,DERIVED_CONDITIONAL_GEOMETRY_NOT_EVENT_LOCATION
4499,102.90295831,-23.44615226,1673.866756,3688.742319,2014.875563,False,True,False,False,DERIVED_CONDITIONAL_GEOMETRY_NOT_EVENT_LOCATION
4500,102.89206669,-23.46559617,1672.847856,3688.586027,2015.738171,False,True,False,False,DERIVED_CONDITIONAL_GEOMETRY_NOT_EVENT_LOCATION
4501,102.88117507,-23.48504007,1671.831533,3688.431481,2016.599948,False,True,False,False,DERIVED_CONDITIONAL_GEOMETRY_NOT_EVENT_LOCATION
4502,102.87028346,-23.50448398,1670.817793,3688.278682,2017.460890,False,True,False,False,DERIVED_CONDITIONAL_GEOMETRY_NOT_EVENT_LOCATION
4503,102.85939184,-23.52392789,1669.806639,3688.127631,2018.320992,False,True,False,False,DERIVED_CONDITIONAL_GEOMETRY_NOT_EVENT_LOCATION
4504,102.84850022,-23.54337179,1668.798075,3687.978327,2019.180252,False,True,False,False,DERIVED_CONDITIONAL_GEOMETRY_NOT_EVENT_LOCATION
4505,102.83760860,-23.56281570,1667.792106,3687.830771,2020.038665,False,True,False,False,DERIVED_CONDITIONAL_GEOMETRY_NOT_EVENT_LOCATION
4506,102.82671698,-23.58225961,1666.788736,3687.684964,2020.896228,False,True,False,False,DERIVED_CONDITIONAL_GEOMETRY_NOT_EVENT_LOCATION
4507,102.81582536,-23.60170351,1665.787970,3687.540905,2021.752936,False,True,False,False,DERIVED_CONDITIONAL_GEOMETRY_NOT_EVENT_LOCATION
4508,102.80493375,-23.62114742,1664.789810,3687.398595,2022.608785,False,True,False,False,DERIVED_CONDITIONAL_GEOMETRY_NOT_EVENT_LOCATION
4509,102.79404213,-23.64059133,1663.794262,3687.258035,2023.463773,False,True,False,False,DERIVED_CONDITIONAL_GEOMETRY_NOT_EVENT_LOCATION
4510,102.78315051,-23.66003523,1662.801330,3687.119224,2024.317894,False,True,False,False,DERIVED_CONDITIONAL_GEOMETRY_NOT_EVENT_LOCATION
4511,102.77225889,-23.67947914,1661.811017,3686.982162,2025.171145,False,True,False,False,DERIVED_CONDITIONAL_GEOMETRY_NOT_EVENT_LOCATION
4512,102.76136727,-23.69892305,1660.823329,3686.846852,2026.023522,False,True,False,False,DERIVED_CONDITIONAL_GEOMETRY_NOT_EVENT_LOCATION
4513,102.75047565,-23.71836695,1659.838269,3686.713291,2026.875022,False,True,False,False,DERIVED_CONDITIONAL_GEOMETRY_NOT_EVENT_LOCATION
4514,102.73958403,-23.73781086,1658.855842,3686.581482,2027.725640,False,True,False,False,DERIVED_CONDITIONAL_GEOMETRY_NOT_EVENT_LOCATION
4515,102.72869242,-23.75725476,1657.876051,3686.451423,2028.575373,False,True,False,False,DERIVED_CONDITIONAL_GEOMETRY_NOT_EVENT_LOCATION
4516,102.71780080,-23.77669867,1656.898901,3686.323116,2029.424216,False,True,False,False,DERIVED_CONDITIONAL_GEOMETRY_NOT_EVENT_LOCATION
4517,102.70690918,-23.79614258,1655.924396,3686.196561,2030.272165,False,True,False,False,DERIVED_CONDITIONAL_GEOMETRY_NOT_EVENT_LOCATION
4518,102.69528416,-23.81613595,1654.952551,3686.028769,2031.076218,False,True,False,False,DERIVED_CONDITIONAL_GEOMETRY_NOT_EVENT_LOCATION
4519,102.68365914,-23.83612932,1653.983589,3685.862865,2031.879276,False,True,False,False,DERIVED_CONDITIONAL_GEOMETRY_NOT_EVENT_LOCATION
4520,102.67203413,-23.85612270,1653.017515,3685.698852,2032.681337,False,True,False,False,DERIVED_CONDITIONAL_GEOMETRY_NOT_EVENT_LOCATION
4521,102.66040911,-23.87611607,1652.054332,3685.536728,2033.482396,False,True,False,False,DERIVED_CONDITIONAL_GEOMETRY_NOT_EVENT_LOCATION
4522,102.64878409,-23.89610944,1651.094046,3685.376495,2034.282448,False,True,False,False,DERIVED_CONDITIONAL_GEOMETRY_NOT_EVENT_LOCATION
4523,102.63715908,-23.91610282,1650.136661,3685.218152,2035.081491,False,True,False,False,DERIVED_CONDITIONAL_GEOMETRY_NOT_EVENT_LOCATION
4524,102.62553406,-23.93609619,1649.182182,3685.061700,2035.879519,False,True,False,False,DERIVED_CONDITIONAL_GEOMETRY_NOT_EVENT_LOCATION
4525,102.61390904,-23.95608956,1648.230612,3684.907140,2036.676528,False,True,False,False,DERIVED_CONDITIONAL_GEOMETRY_NOT_EVENT_LOCATION
4526,102.60228402,-23.97608294,1647.281956,3684.754471,2037.472515,False,True,False,False,DERIVED_CONDITIONAL_GEOMETRY_NOT_EVENT_LOCATION
4527,102.59065901,-23.99607631,1646.336219,3684.603695,2038.267476,False,True,False,False,DERIVED_CONDITIONAL_GEOMETRY_NOT_EVENT_LOCATION
4528,102.57903399,-24.01606968,1645.393406,3684.454811,2039.061406,False,True,False,False,DERIVED_CONDITIONAL_GEOMETRY_NOT_EVENT_LOCATION
4529,102.56740897,-24.03606306,1644.453520,3684.307820,2039.854300,False,True,False,False,DERIVED_CONDITIONAL_GEOMETRY_NOT_EVENT_LOCATION
4530,102.55578395,-24.05605643,1643.516566,3684.162722,2040.646157,False,True,False,False,DERIVED_CONDITIONAL_GEOMETRY_NOT_EVENT_LOCATION
4531,102.54415894,-24.07604980,1642.582548,3684.019518,2041.436970,False,True,False,False,DERIVED_CONDITIONAL_GEOMETRY_NOT_EVENT_LOCATION
4532,102.53253392,-24.09604318,1641.651472,3683.878207,2042.226736,False,True,False,False,DERIVED_CONDITIONAL_GEOMETRY_NOT_EVENT_LOCATION
4533,102.52090890,-24.11603655,1640.723340,3683.738791,2043.015451,False,True,False,False,DERIVED_CONDITIONAL_GEOMETRY_NOT_EVENT_LOCATION
4534,102.50928388,-24.13602992,1639.798159,3683.601269,2043.803110,False,True,False,False,DERIVED_CONDITIONAL_GEOMETRY_NOT_EVENT_LOCATION
4535,102.49765887,-24.15602330,1638.875932,3683.465643,2044.589711,False,True,False,False,DERIVED_CONDITIONAL_GEOMETRY_NOT_EVENT_LOCATION
4536,102.48603385,-24.17601667,1637.956663,3683.331911,2045.375248,False,True,False,False,DERIVED_CONDITIONAL_GEOMETRY_NOT_EVENT_LOCATION
4537,102.47440883,-24.19601004,1637.040357,3683.200075,2046.159718,False,True,False,False,DERIVED_CONDITIONAL_GEOMETRY_NOT_EVENT_LOCATION
4538,102.46278381,-24.21600342,1636.127019,3683.070135,2046.943116,False,True,False,False,DERIVED_CONDITIONAL_GEOMETRY_NOT_EVENT_LOCATION
4539,102.45115880,-24.23599679,1635.216652,3682.942091,2047.725439,False,True,False,False,DERIVED_CONDITIONAL_GEOMETRY_NOT_EVENT_LOCATION
4540,102.43953378,-24.25599016,1634.309261,3682.815943,2048.506682,False,True,False,False,DERIVED_CONDITIONAL_GEOMETRY_NOT_EVENT_LOCATION
4541,102.42790876,-24.27598354,1633.404851,3682.691692,2049.286841,False,True,False,False,DERIVED_CONDITIONAL_GEOMETRY_NOT_EVENT_LOCATION
4542,102.41628374,-24.29597691,1632.503426,3682.569339,2050.065913,False,True,False,False,DERIVED_CONDITIONAL_GEOMETRY_NOT_EVENT_LOCATION
4543,102.40465873,-24.31597028,1631.604990,3682.448883,2050.843893,False,True,False,False,DERIVED_CONDITIONAL_GEOMETRY_NOT_EVENT_LOCATION
4544,102.39303371,-24.33596366,1630.709547,3682.330324,2051.620778,False,True,False,False,DERIVED_CONDITIONAL_GEOMETRY_NOT_EVENT_LOCATION
4545,102.38140869,-24.35595703,1629.817102,3682.213664,2052.396562,False,True,False,False,DERIVED_CONDITIONAL_GEOMETRY_NOT_EVENT_LOCATION
4546,102.36943490,-24.37580000,1628.963572,3682.059818,2053.096246,False,True,False,False,DERIVED_CONDITIONAL_GEOMETRY_NOT_EVENT_LOCATION
4547,102.35746111,-24.39564296,1628.113082,3681.907881,2053.794799,False,True,False,False,DERIVED_CONDITIONAL_GEOMETRY_NOT_EVENT_LOCATION
4548,102.34548732,-24.41548593,1627.265637,3681.757853,2054.492216,False,True,False,False,DERIVED_CONDITIONAL_GEOMETRY_NOT_EVENT_LOCATION
4549,102.33351353,-24.43532889,1626.421240,3681.609734,2055.188494,False,True,False,False,DERIVED_CONDITIONAL_GEOMETRY_NOT_EVENT_LOCATION
4550,102.32153974,-24.45517186,1625.579896,3681.463525,2055.883630,False,True,False,False,DERIVED_CONDITIONAL_GEOMETRY_NOT_EVENT_LOCATION
4551,102.30956595,-24.47501482,1624.741608,3681.319226,2056.577618,False,True,False,False,DERIVED_CONDITIONAL_GEOMETRY_NOT_EVENT_LOCATION
4552,102.29759216,-24.49485779,1623.906381,3681.176838,2057.270457,False,True,False,False,DERIVED_CONDITIONAL_GEOMETRY_NOT_EVENT_LOCATION
4553,102.28561837,-24.51470075,1623.074219,3681.036360,2057.962141,False,True,False,False,DERIVED_CONDITIONAL_GEOMETRY_NOT_EVENT_LOCATION
4554,102.27364458,-24.53454372,1622.245126,3680.897794,2058.652667,False,True,False,False,DERIVED_CONDITIONAL_GEOMETRY_NOT_EVENT_LOCATION
4555,102.26167079,-24.55438668,1621.419107,3680.761139,2059.342032,False,True,False,False,DERIVED_CONDITIONAL_GEOMETRY_NOT_EVENT_LOCATION
4556,102.24969700,-24.57422965,1620.596164,3680.626395,2060.030231,False,True,False,False,DERIVED_CONDITIONAL_GEOMETRY_NOT_EVENT_LOCATION
4557,102.23772321,-24.59407261,1619.776302,3680.493564,2060.717261,False,True,False,False,DERIVED_CONDITIONAL_GEOMETRY_NOT_EVENT_LOCATION
4558,102.22574942,-24.61391558,1618.959526,3680.362645,2061.403119,False,True,False,False,DERIVED_CONDITIONAL_GEOMETRY_NOT_EVENT_LOCATION
4559,102.21377563,-24.63375854,1618.145839,3680.233638,2062.087799,False,True,False,False,DERIVED_CONDITIONAL_GEOMETRY_NOT_EVENT_LOCATION
4560,102.20180185,-24.65360151,1617.335245,3680.106545,2062.771300,False,True,False,False,DERIVED_CONDITIONAL_GEOMETRY_NOT_EVENT_LOCATION
4561,102.18982806,-24.67344448,1616.527749,3679.981365,2063.453616,False,True,False,False,DERIVED_CONDITIONAL_GEOMETRY_NOT_EVENT_LOCATION
4562,102.17785427,-24.69328744,1615.723354,3679.858099,2064.134745,False,True,False,False,DERIVED_CONDITIONAL_GEOMETRY_NOT_EVENT_LOCATION
4563,102.16588048,-24.71313041,1614.922065,3679.736747,2064.814682,False,True,False,False,DERIVED_CONDITIONAL_GEOMETRY_NOT_EVENT_LOCATION
4564,102.15390669,-24.73297337,1614.123884,3679.617308,2065.493424,False,True,False,False,DERIVED_CONDITIONAL_GEOMETRY_NOT_EVENT_LOCATION
4565,102.14193290,-24.75281634,1613.328817,3679.499785,2066.170967,False,True,False,False,DERIVED_CONDITIONAL_GEOMETRY_NOT_EVENT_LOCATION
4566,102.12995911,-24.77265930,1612.536868,3679.384176,2066.847308,False,True,False,False,DERIVED_CONDITIONAL_GEOMETRY_NOT_EVENT_LOCATION
4567,102.11798532,-24.79250227,1611.748039,3679.270482,2067.522443,False,True,False,False,DERIVED_CONDITIONAL_GEOMETRY_NOT_EVENT_LOCATION
4568,102.10601153,-24.81234523,1610.962336,3679.158704,2068.196368,False,True,False,False,DERIVED_CONDITIONAL_GEOMETRY_NOT_EVENT_LOCATION
4569,102.09403774,-24.83218820,1610.179762,3679.048841,2068.869080,False,True,False,False,DERIVED_CONDITIONAL_GEOMETRY_NOT_EVENT_LOCATION
4570,102.08206395,-24.85203116,1609.400321,3678.940895,2069.540574,False,True,False,False,DERIVED_CONDITIONAL_GEOMETRY_NOT_EVENT_LOCATION
4571,102.07009016,-24.87187413,1608.624016,3678.834864,2070.210848,False,True,False,False,DERIVED_CONDITIONAL_GEOMETRY_NOT_EVENT_LOCATION
4572,102.05811637,-24.89171709,1607.850853,3678.730750,2070.879897,False,True,False,False,DERIVED_CONDITIONAL_GEOMETRY_NOT_EVENT_LOCATION
4573,102.04614258,-24.91156006,1607.080835,3678.628553,2071.547719,False,True,False,False,DERIVED_CONDITIONAL_GEOMETRY_NOT_EVENT_LOCATION
4574,102.03381620,-24.93124826,1606.350945,3678.488777,2072.137832,False,True,False,False,DERIVED_CONDITIONAL_GEOMETRY_NOT_EVENT_LOCATION
4575,102.02148982,-24.95093645,1605.624237,3678.350928,2072.726691,False,True,False,False,DERIVED_CONDITIONAL_GEOMETRY_NOT_EVENT_LOCATION
4576,102.00916345,-24.97062465,1604.900716,3678.215008,2073.314292,False,True,False,False,DERIVED_CONDITIONAL_GEOMETRY_NOT_EVENT_LOCATION
4577,101.99683707,-24.99031285,1604.180386,3678.081017,2073.900631,False,True,False,False,DERIVED_CONDITIONAL_GEOMETRY_NOT_EVENT_LOCATION
4578,101.98451069,-25.01000105,1603.463248,3677.948955,2074.485706,False,True,False,False,DERIVED_CONDITIONAL_GEOMETRY_NOT_EVENT_LOCATION
4579,101.97218432,-25.02968924,1602.749308,3677.818822,2075.069514,False,True,False,False,DERIVED_CONDITIONAL_GEOMETRY_NOT_EVENT_LOCATION
4580,101.95985794,-25.04937744,1602.038569,3677.690619,2075.652050,False,True,False,False,DERIVED_CONDITIONAL_GEOMETRY_NOT_EVENT_LOCATION
4581,101.94753156,-25.06906564,1601.331035,3677.564346,2076.233311,False,True,False,False,DERIVED_CONDITIONAL_GEOMETRY_NOT_EVENT_LOCATION
4582,101.93520519,-25.08875384,1600.626708,3677.440003,2076.813295,False,True,False,False,DERIVED_CONDITIONAL_GEOMETRY_NOT_EVENT_LOCATION
4583,101.92287881,-25.10844203,1599.925593,3677.317591,2077.391998,False,True,False,False,DERIVED_CONDITIONAL_GEOMETRY_NOT_EVENT_LOCATION
4584,101.91055243,-25.12813023,1599.227693,3677.197110,2077.969416,False,True,False,False,DERIVED_CONDITIONAL_GEOMETRY_NOT_EVENT_LOCATION
4585,101.89822606,-25.14781843,1598.533012,3677.078560,2078.545547,False,True,False,False,DERIVED_CONDITIONAL_GEOMETRY_NOT_EVENT_LOCATION
4586,101.88589968,-25.16750663,1597.841553,3676.961941,2079.120388,False,True,False,False,DERIVED_CONDITIONAL_GEOMETRY_NOT_EVENT_LOCATION
4587,101.87357330,-25.18719482,1597.153320,3676.847254,2079.693934,False,True,False,False,DERIVED_CONDITIONAL_GEOMETRY_NOT_EVENT_LOCATION
4588,101.86124693,-25.20688302,1596.468316,3676.734499,2080.266183,False,True,False,False,DERIVED_CONDITIONAL_GEOMETRY_NOT_EVENT_LOCATION
4589,101.84892055,-25.22657122,1595.786544,3676.623677,2080.837132,False,True,False,False,DERIVED_CONDITIONAL_GEOMETRY_NOT_EVENT_LOCATION
4590,101.83659417,-25.24625942,1595.108009,3676.514787,2081.406777,False,True,False,False,DERIVED_CONDITIONAL_GEOMETRY_NOT_EVENT_LOCATION
4591,101.82426780,-25.26594761,1594.432713,3676.407830,2081.975116,False,True,False,False,DERIVED_CONDITIONAL_GEOMETRY_NOT_EVENT_LOCATION
4592,101.81194142,-25.28563581,1593.760661,3676.302806,2082.542145,False,True,False,False,DERIVED_CONDITIONAL_GEOMETRY_NOT_EVENT_LOCATION
4593,101.79961504,-25.30532401,1593.091855,3676.199715,2083.107860,False,True,False,False,DERIVED_CONDITIONAL_GEOMETRY_NOT_EVENT_LOCATION
4594,101.78728867,-25.32501221,1592.426298,3676.098558,2083.672260,False,True,False,False,DERIVED_CONDITIONAL_GEOMETRY_NOT_EVENT_LOCATION
4595,101.77496229,-25.34470040,1591.763995,3675.999335,2084.235340,False,True,False,False,DERIVED_CONDITIONAL_GEOMETRY_NOT_EVENT_LOCATION
4596,101.76263591,-25.36438860,1591.104949,3675.902046,2084.797098,False,True,False,False,DERIVED_CONDITIONAL_GEOMETRY_NOT_EVENT_LOCATION
4597,101.75030954,-25.38407680,1590.449162,3675.806692,2085.357530,False,True,False,False,DERIVED_CONDITIONAL_GEOMETRY_NOT_EVENT_LOCATION
4598,101.73798316,-25.40376500,1589.796639,3675.713272,2085.916633,False,True,False,False,DERIVED_CONDITIONAL_GEOMETRY_NOT_EVENT_LOCATION
4599,101.72565678,-25.42345319,1589.147383,3675.621787,2086.474405,False,True,False,False,DERIVED_CONDITIONAL_GEOMETRY_NOT_EVENT_LOCATION
4600,101.71333041,-25.44314139,1588.501396,3675.532238,2087.030842,False,True,False,False,DERIVED_CONDITIONAL_GEOMETRY_NOT_EVENT_LOCATION
4601,101.70100403,-25.46282959,1587.858683,3675.444623,2087.585940,False,True,False,False,DERIVED_CONDITIONAL_GEOMETRY_NOT_EVENT_LOCATION
4602,101.68832070,-25.48235648,1587.257445,3675.318882,2088.061437,False,True,False,False,DERIVED_CONDITIONAL_GEOMETRY_NOT_EVENT_LOCATION
4603,101.67563738,-25.50188337,1586.659512,3675.195088,2088.535576,False,True,False,False,DERIVED_CONDITIONAL_GEOMETRY_NOT_EVENT_LOCATION
4604,101.66295406,-25.52141026,1586.064888,3675.073241,2089.008353,False,True,False,False,DERIVED_CONDITIONAL_GEOMETRY_NOT_EVENT_LOCATION
4605,101.65027073,-25.54093715,1585.473575,3674.953342,2089.479766,False,True,False,False,DERIVED_CONDITIONAL_GEOMETRY_NOT_EVENT_LOCATION
4606,101.63758741,-25.56046404,1584.885577,3674.835391,2089.949813,False,True,False,False,DERIVED_CONDITIONAL_GEOMETRY_NOT_EVENT_LOCATION
4607,101.62490409,-25.57999093,1584.300897,3674.719388,2090.418491,False,True,False,False,DERIVED_CONDITIONAL_GEOMETRY_NOT_EVENT_LOCATION
4608,101.61222076,-25.59951782,1583.719537,3674.605334,2090.885797,False,True,False,False,DERIVED_CONDITIONAL_GEOMETRY_NOT_EVENT_LOCATION
4609,101.59953744,-25.61904471,1583.141500,3674.493228,2091.351728,False,True,False,False,DERIVED_CONDITIONAL_GEOMETRY_NOT_EVENT_LOCATION
4610,101.58685412,-25.63857160,1582.566790,3674.383072,2091.816283,False,True,False,False,DERIVED_CONDITIONAL_GEOMETRY_NOT_EVENT_LOCATION
4611,101.57417079,-25.65809849,1581.995409,3674.274866,2092.279457,False,True,False,False,DERIVED_CONDITIONAL_GEOMETRY_NOT_EVENT_LOCATION
4612,101.56148747,-25.67762538,1581.427360,3674.168608,2092.741249,False,True,False,False,DERIVED_CONDITIONAL_GEOMETRY_NOT_EVENT_LOCATION
4613,101.54880415,-25.69715227,1580.862646,3674.064301,2093.201656,False,True,False,False,DERIVED_CONDITIONAL_GEOMETRY_NOT_EVENT_LOCATION
4614,101.53612082,-25.71667916,1580.301269,3673.961944,2093.660675,False,True,False,False,DERIVED_CONDITIONAL_GEOMETRY_NOT_EVENT_LOCATION
4615,101.52343750,-25.73620605,1579.743234,3673.861538,2094.118304,False,True,False,False,DERIVED_CONDITIONAL_GEOMETRY_NOT_EVENT_LOCATION
4616,101.51075418,-25.75573295,1579.188542,3673.763082,2094.574540,False,True,False,False,DERIVED_CONDITIONAL_GEOMETRY_NOT_EVENT_LOCATION
4617,101.49807085,-25.77525984,1578.637196,3673.666577,2095.029381,False,True,False,False,DERIVED_CONDITIONAL_GEOMETRY_NOT_EVENT_LOCATION
4618,101.48538753,-25.79478673,1578.089199,3673.572023,2095.482824,False,True,False,False,DERIVED_CONDITIONAL_GEOMETRY_NOT_EVENT_LOCATION
4619,101.47270421,-25.81431362,1577.544554,3673.479421,2095.934866,False,True,False,False,DERIVED_CONDITIONAL_GEOMETRY_NOT_EVENT_LOCATION
4620,101.46002088,-25.83384051,1577.003264,3673.388770,2096.385506,False,True,False,False,DERIVED_CONDITIONAL_GEOMETRY_NOT_EVENT_LOCATION
4621,101.44733756,-25.85336740,1576.465331,3673.300071,2096.834740,False,True,False,False,DERIVED_CONDITIONAL_GEOMETRY_NOT_EVENT_LOCATION
4622,101.43465424,-25.87289429,1575.930758,3673.213324,2097.282566,False,True,False,False,DERIVED_CONDITIONAL_GEOMETRY_NOT_EVENT_LOCATION
4623,101.42197091,-25.89242118,1575.399548,3673.128529,2097.728982,False,True,False,False,DERIVED_CONDITIONAL_GEOMETRY_NOT_EVENT_LOCATION
4624,101.40928759,-25.91194807,1574.871703,3673.045687,2098.173985,False,True,False,False,DERIVED_CONDITIONAL_GEOMETRY_NOT_EVENT_LOCATION
4625,101.39660427,-25.93147496,1574.347226,3672.964798,2098.617573,False,True,False,False,DERIVED_CONDITIONAL_GEOMETRY_NOT_EVENT_LOCATION
4626,101.38392094,-25.95100185,1573.826119,3672.885862,2099.059743,False,True,False,False,DERIVED_CONDITIONAL_GEOMETRY_NOT_EVENT_LOCATION
4627,101.37123762,-25.97052874,1573.308386,3672.808879,2099.500493,False,True,False,False,DERIVED_CONDITIONAL_GEOMETRY_NOT_EVENT_LOCATION
4628,101.35855430,-25.99005563,1572.794029,3672.733849,2099.939820,False,True,False,False,DERIVED_CONDITIONAL_GEOMETRY_NOT_EVENT_LOCATION
4629,101.34587097,-26.00958252,1572.283050,3672.660773,2100.377723,False,True,False,False,DERIVED_CONDITIONAL_GEOMETRY_NOT_EVENT_LOCATION
4630,101.33282689,-26.02894483,1571.814507,3672.549244,2100.734737,False,True,False,False,DERIVED_CONDITIONAL_GEOMETRY_NOT_EVENT_LOCATION
4631,101.31978280,-26.04830715,1571.349369,3672.439682,2101.090313,False,True,False,False,DERIVED_CONDITIONAL_GEOMETRY_NOT_EVENT_LOCATION
4632,101.30673872,-26.06766946,1570.887638,3672.332086,2101.444448,False,True,False,False,DERIVED_CONDITIONAL_GEOMETRY_NOT_EVENT_LOCATION
4633,101.29369463,-26.08703177,1570.429315,3672.226457,2101.797141,False,True,False,False,DERIVED_CONDITIONAL_GEOMETRY_NOT_EVENT_LOCATION
4634,101.28065055,-26.10639409,1569.974404,3672.122794,2102.148390,False,True,False,False,DERIVED_CONDITIONAL_GEOMETRY_NOT_EVENT_LOCATION
4635,101.26760646,-26.12575640,1569.522907,3672.021099,2102.498192,False,True,False,False,DERIVED_CONDITIONAL_GEOMETRY_NOT_EVENT_LOCATION
4636,101.25456238,-26.14511871,1569.074825,3671.921372,2102.846547,False,True,False,False,DERIVED_CONDITIONAL_GEOMETRY_NOT_EVENT_LOCATION
4637,101.24151829,-26.16448103,1568.630161,3671.823612,2103.193451,False,True,False,False,DERIVED_CONDITIONAL_GEOMETRY_NOT_EVENT_LOCATION
4638,101.22847421,-26.18384334,1568.188918,3671.727820,2103.538903,False,True,False,False,DERIVED_CONDITIONAL_GEOMETRY_NOT_EVENT_LOCATION
4639,101.21543012,-26.20320565,1567.751096,3671.633997,2103.882901,False,True,False,False,DERIVED_CONDITIONAL_GEOMETRY_NOT_EVENT_LOCATION
4640,101.20238604,-26.22256797,1567.316698,3671.542142,2104.225443,False,True,False,False,DERIVED_CONDITIONAL_GEOMETRY_NOT_EVENT_LOCATION
4641,101.18934195,-26.24193028,1566.885727,3671.452255,2104.566528,False,True,False,False,DERIVED_CONDITIONAL_GEOMETRY_NOT_EVENT_LOCATION
4642,101.17629787,-26.26129259,1566.458184,3671.364337,2104.906153,False,True,False,False,DERIVED_CONDITIONAL_GEOMETRY_NOT_EVENT_LOCATION
4643,101.16325378,-26.28065491,1566.034072,3671.278389,2105.244317,False,True,False,False,DERIVED_CONDITIONAL_GEOMETRY_NOT_EVENT_LOCATION
4644,101.15020970,-26.30001722,1565.613392,3671.194410,2105.581018,False,True,False,False,DERIVED_CONDITIONAL_GEOMETRY_NOT_EVENT_LOCATION
4645,101.13716561,-26.31937953,1565.196146,3671.112400,2105.916253,False,True,False,False,DERIVED_CONDITIONAL_GEOMETRY_NOT_EVENT_LOCATION
4646,101.12412153,-26.33874185,1564.782337,3671.032360,2106.250023,False,True,False,False,DERIVED_CONDITIONAL_GEOMETRY_NOT_EVENT_LOCATION
4647,101.11107744,-26.35810416,1564.371966,3670.954290,2106.582323,False,True,False,False,DERIVED_CONDITIONAL_GEOMETRY_NOT_EVENT_LOCATION
4648,101.09803336,-26.37746647,1563.965036,3670.878190,2106.913154,False,True,False,False,DERIVED_CONDITIONAL_GEOMETRY_NOT_EVENT_LOCATION
4649,101.08498928,-26.39682879,1563.561547,3670.804060,2107.242513,False,True,False,False,DERIVED_CONDITIONAL_GEOMETRY_NOT_EVENT_LOCATION
4650,101.07194519,-26.41619110,1563.161503,3670.731901,2107.570398,False,True,False,False,DERIVED_CONDITIONAL_GEOMETRY_NOT_EVENT_LOCATION
4651,101.05890111,-26.43555341,1562.764904,3670.661712,2107.896808,False,True,False,False,DERIVED_CONDITIONAL_GEOMETRY_NOT_EVENT_LOCATION
4652,101.04585702,-26.45491573,1562.371754,3670.593495,2108.221741,False,True,False,False,DERIVED_CONDITIONAL_GEOMETRY_NOT_EVENT_LOCATION
4653,101.03281294,-26.47427804,1561.982053,3670.527248,2108.545196,False,True,False,False,DERIVED_CONDITIONAL_GEOMETRY_NOT_EVENT_LOCATION
4654,101.01976885,-26.49364035,1561.595803,3670.462973,2108.867170,False,True,False,False,DERIVED_CONDITIONAL_GEOMETRY_NOT_EVENT_LOCATION
4655,101.00672477,-26.51300267,1561.213006,3670.400669,2109.187663,False,True,False,False,DERIVED_CONDITIONAL_GEOMETRY_NOT_EVENT_LOCATION
4656,100.99368068,-26.53236498,1560.833665,3670.340337,2109.506672,False,True,False,False,DERIVED_CONDITIONAL_GEOMETRY_NOT_EVENT_LOCATION
4657,100.98063660,-26.55172729,1560.457780,3670.281977,2109.824197,False,True,False,False,DERIVED_CONDITIONAL_GEOMETRY_NOT_EVENT_LOCATION
4658,100.96673019,-26.57162815,1560.113350,3670.180944,2110.067593,False,True,False,False,DERIVED_CONDITIONAL_GEOMETRY_NOT_EVENT_LOCATION
4659,100.95282378,-26.59152900,1559.772658,3670.082045,2110.309388,False,True,False,False,DERIVED_CONDITIONAL_GEOMETRY_NOT_EVENT_LOCATION
4660,100.93891737,-26.61142985,1559.435704,3669.985281,2110.549578,False,True,False,False,DERIVED_CONDITIONAL_GEOMETRY_NOT_EVENT_LOCATION
4661,100.92501096,-26.63133070,1559.102490,3669.890653,2110.788162,False,True,False,False,DERIVED_CONDITIONAL_GEOMETRY_NOT_EVENT_LOCATION
4662,100.91110456,-26.65123155,1558.773019,3669.798159,2111.025140,False,True,False,False,DERIVED_CONDITIONAL_GEOMETRY_NOT_EVENT_LOCATION
4663,100.89719815,-26.67113241,1558.447291,3669.707802,2111.260511,False,True,False,False,DERIVED_CONDITIONAL_GEOMETRY_NOT_EVENT_LOCATION
4664,100.88329174,-26.69103326,1558.125307,3669.619580,2111.494272,False,True,False,False,DERIVED_CONDITIONAL_GEOMETRY_NOT_EVENT_LOCATION
4665,100.86938533,-26.71093411,1557.807070,3669.533494,2111.726423,False,True,False,False,DERIVED_CONDITIONAL_GEOMETRY_NOT_EVENT_LOCATION
4666,100.85547892,-26.73083496,1557.492581,3669.449544,2111.956963,False,True,False,False,DERIVED_CONDITIONAL_GEOMETRY_NOT_EVENT_LOCATION
4667,100.84157251,-26.75073581,1557.181840,3669.367730,2112.185890,False,True,False,False,DERIVED_CONDITIONAL_GEOMETRY_NOT_EVENT_LOCATION
4668,100.82766611,-26.77063666,1556.874850,3669.288054,2112.413204,False,True,False,False,DERIVED_CONDITIONAL_GEOMETRY_NOT_EVENT_LOCATION
4669,100.81375970,-26.79053752,1556.571611,3669.210514,2112.638903,False,True,False,False,DERIVED_CONDITIONAL_GEOMETRY_NOT_EVENT_LOCATION
4670,100.79985329,-26.81043837,1556.272125,3669.135111,2112.862986,False,True,False,False,DERIVED_CONDITIONAL_GEOMETRY_NOT_EVENT_LOCATION
4671,100.78594688,-26.83033922,1555.976393,3669.061845,2113.085452,False,True,False,False,DERIVED_CONDITIONAL_GEOMETRY_NOT_EVENT_LOCATION
4672,100.77204047,-26.85024007,1555.684417,3668.990717,2113.306300,False,True,False,False,DERIVED_CONDITIONAL_GEOMETRY_NOT_EVENT_LOCATION
4673,100.75813406,-26.87014092,1555.396197,3668.921727,2113.525530,False,True,False,False,DERIVED_CONDITIONAL_GEOMETRY_NOT_EVENT_LOCATION
4674,100.74422766,-26.89004178,1555.111734,3668.854874,2113.743140,False,True,False,False,DERIVED_CONDITIONAL_GEOMETRY_NOT_EVENT_LOCATION
4675,100.73032125,-26.90994263,1554.831031,3668.790159,2113.959128,False,True,False,False,DERIVED_CONDITIONAL_GEOMETRY_NOT_EVENT_LOCATION
4676,100.71641484,-26.92984348,1554.554088,3668.727583,2114.173495,False,True,False,False,DERIVED_CONDITIONAL_GEOMETRY_NOT_EVENT_LOCATION
4677,100.70250843,-26.94974433,1554.280905,3668.667145,2114.386240,False,True,False,False,DERIVED_CONDITIONAL_GEOMETRY_NOT_EVENT_LOCATION
4678,100.68860202,-26.96964518,1554.011485,3668.608845,2114.597360,False,True,False,False,DERIVED_CONDITIONAL_GEOMETRY_NOT_EVENT_LOCATION
4679,100.67469562,-26.98954603,1553.745828,3668.552685,2114.806857,False,True,False,False,DERIVED_CONDITIONAL_GEOMETRY_NOT_EVENT_LOCATION
4680,100.66078921,-27.00944689,1553.483935,3668.498663,2115.014728,False,True,False,False,DERIVED_CONDITIONAL_GEOMETRY_NOT_EVENT_LOCATION
4681,100.64688280,-27.02934774,1553.225807,3668.446780,2115.220972,False,True,False,False,DERIVED_CONDITIONAL_GEOMETRY_NOT_EVENT_LOCATION
4682,100.63297639,-27.04924859,1552.971446,3668.397036,2115.425590,False,True,False,False,DERIVED_CONDITIONAL_GEOMETRY_NOT_EVENT_LOCATION
4683,100.61906998,-27.06914944,1552.720851,3668.349432,2115.628581,False,True,False,False,DERIVED_CONDITIONAL_GEOMETRY_NOT_EVENT_LOCATION
4684,100.60516357,-27.08905029,1552.474025,3668.303967,2115.829943,False,True,False,False,DERIVED_CONDITIONAL_GEOMETRY_NOT_EVENT_LOCATION
4685,100.59087400,-27.10876917,1552.273410,3668.217710,2115.944300,False,True,False,False,DERIVED_CONDITIONAL_GEOMETRY_NOT_EVENT_LOCATION
4686,100.57658443,-27.12848805,1552.076576,3668.133608,2116.057032,False,True,False,False,DERIVED_CONDITIONAL_GEOMETRY_NOT_EVENT_LOCATION
4687,100.56229485,-27.14820692,1551.883521,3668.051660,2116.168138,False,True,False,False,DERIVED_CONDITIONAL_GEOMETRY_NOT_EVENT_LOCATION
4688,100.54800528,-27.16792580,1551.694248,3667.971867,2116.277619,False,True,False,False,DERIVED_CONDITIONAL_GEOMETRY_NOT_EVENT_LOCATION
4689,100.53371571,-27.18764468,1551.508755,3667.894229,2116.385474,False,True,False,False,DERIVED_CONDITIONAL_GEOMETRY_NOT_EVENT_LOCATION
4690,100.51942613,-27.20736355,1551.327044,3667.818747,2116.491703,False,True,False,False,DERIVED_CONDITIONAL_GEOMETRY_NOT_EVENT_LOCATION
4691,100.50513656,-27.22708243,1551.149114,3667.745420,2116.596306,False,True,False,False,DERIVED_CONDITIONAL_GEOMETRY_NOT_EVENT_LOCATION
4692,100.49084699,-27.24680131,1550.974967,3667.674249,2116.699282,False,True,False,False,DERIVED_CONDITIONAL_GEOMETRY_NOT_EVENT_LOCATION
4693,100.47655741,-27.26652018,1550.804602,3667.605233,2116.800632,False,True,False,False,DERIVED_CONDITIONAL_GEOMETRY_NOT_EVENT_LOCATION
4694,100.46226784,-27.28623906,1550.638019,3667.538374,2116.900355,False,True,False,False,DERIVED_CONDITIONAL_GEOMETRY_NOT_EVENT_LOCATION
4695,100.44797827,-27.30595794,1550.475220,3667.473671,2116.998451,False,True,False,False,DERIVED_CONDITIONAL_GEOMETRY_NOT_EVENT_LOCATION
4696,100.43368869,-27.32567681,1550.316204,3667.411125,2117.094921,False,True,False,False,DERIVED_CONDITIONAL_GEOMETRY_NOT_EVENT_LOCATION
4697,100.41939912,-27.34539569,1550.160971,3667.350734,2117.189763,False,True,False,False,DERIVED_CONDITIONAL_GEOMETRY_NOT_EVENT_LOCATION
4698,100.40510955,-27.36511457,1550.009522,3667.292501,2117.282979,False,True,False,False,DERIVED_CONDITIONAL_GEOMETRY_NOT_EVENT_LOCATION
4699,100.39081997,-27.38483344,1549.861856,3667.236425,2117.374568,False,True,False,False,DERIVED_CONDITIONAL_GEOMETRY_NOT_EVENT_LOCATION
4700,100.37653040,-27.40455232,1549.717975,3667.182505,2117.464530,False,True,False,False,DERIVED_CONDITIONAL_GEOMETRY_NOT_EVENT_LOCATION
4701,100.36224083,-27.42427120,1549.577877,3667.130743,2117.552866,False,True,False,False,DERIVED_CONDITIONAL_GEOMETRY_NOT_EVENT_LOCATION
4702,100.34795125,-27.44399007,1549.441563,3667.081138,2117.639574,False,True,False,False,DERIVED_CONDITIONAL_GEOMETRY_NOT_EVENT_LOCATION
4703,100.33366168,-27.46370895,1549.309033,3667.033690,2117.724657,False,True,False,False,DERIVED_CONDITIONAL_GEOMETRY_NOT_EVENT_LOCATION
4704,100.31937211,-27.48342782,1549.180288,3666.988400,2117.808112,False,True,False,False,DERIVED_CONDITIONAL_GEOMETRY_NOT_EVENT_LOCATION
4705,100.30508253,-27.50314670,1549.055326,3666.945268,2117.889942,False,True,False,False,DERIVED_CONDITIONAL_GEOMETRY_NOT_EVENT_LOCATION
4706,100.29079296,-27.52286558,1548.934148,3666.904293,2117.970146,False,True,False,False,DERIVED_CONDITIONAL_GEOMETRY_NOT_EVENT_LOCATION
4707,100.27650339,-27.54258445,1548.816754,3666.865477,2118.048723,False,True,False,False,DERIVED_CONDITIONAL_GEOMETRY_NOT_EVENT_LOCATION
4708,100.26221381,-27.56230333,1548.703143,3666.828818,2118.125675,False,True,False,False,DERIVED_CONDITIONAL_GEOMETRY_NOT_EVENT_LOCATION
4709,100.24792424,-27.58202221,1548.593316,3666.794318,2118.201002,False,True,False,False,DERIVED_CONDITIONAL_GEOMETRY_NOT_EVENT_LOCATION
4710,100.23363467,-27.60174108,1548.487273,3666.761976,2118.274703,False,True,False,False,DERIVED_CONDITIONAL_GEOMETRY_NOT_EVENT_LOCATION
4711,100.21934509,-27.62145996,1548.385013,3666.731793,2118.346780,False,True,False,False,DERIVED_CONDITIONAL_GEOMETRY_NOT_EVENT_LOCATION
4712,100.20466840,-27.64098895,1548.329897,3666.660245,2118.330347,False,True,False,False,DERIVED_CONDITIONAL_GEOMETRY_NOT_EVENT_LOCATION
4713,100.18999170,-27.66051794,1548.278566,3666.590870,2118.312303,False,True,False,False,DERIVED_CONDITIONAL_GEOMETRY_NOT_EVENT_LOCATION
4714,100.17531501,-27.68004693,1548.231020,3666.523669,2118.292649,False,True,False,False,DERIVED_CONDITIONAL_GEOMETRY_NOT_EVENT_LOCATION
4715,100.16063831,-27.69957592,1548.187258,3666.458643,2118.271385,False,True,False,False,DERIVED_CONDITIONAL_GEOMETRY_NOT_EVENT_LOCATION
4716,100.14596162,-27.71910491,1548.147278,3666.395791,2118.248513,False,True,False,False,DERIVED_CONDITIONAL_GEOMETRY_NOT_EVENT_LOCATION
4717,100.13128493,-27.73863390,1548.111081,3666.335113,2118.224032,False,True,False,False,DERIVED_CONDITIONAL_GEOMETRY_NOT_EVENT_LOCATION
4718,100.11660823,-27.75816289,1548.078665,3666.276609,2118.197945,False,True,False,False,DERIVED_CONDITIONAL_GEOMETRY_NOT_EVENT_LOCATION
4719,100.10193154,-27.77769188,1548.050030,3666.220281,2118.170251,False,True,False,False,DERIVED_CONDITIONAL_GEOMETRY_NOT_EVENT_LOCATION
4720,100.08725484,-27.79722087,1548.025175,3666.166127,2118.140952,False,True,False,False,DERIVED_CONDITIONAL_GEOMETRY_NOT_EVENT_LOCATION
4721,100.07257815,-27.81674986,1548.004099,3666.114148,2118.110050,False,True,False,False,DERIVED_CONDITIONAL_GEOMETRY_NOT_EVENT_LOCATION
4722,100.05790145,-27.83627884,1547.986801,3666.064345,2118.077544,False,True,False,False,DERIVED_CONDITIONAL_GEOMETRY_NOT_EVENT_LOCATION
4723,100.04322476,-27.85580783,1547.973281,3666.016716,2118.043435,False,True,False,False,DERIVED_CONDITIONAL_GEOMETRY_NOT_EVENT_LOCATION
4724,100.02854806,-27.87533682,1547.963537,3665.971263,2118.007726,False,True,False,False,DERIVED_CONDITIONAL_GEOMETRY_NOT_EVENT_LOCATION
4725,100.01387137,-27.89486581,1547.957568,3665.927985,2117.970417,False,True,False,False,DERIVED_CONDITIONAL_GEOMETRY_NOT_EVENT_LOCATION
4726,99.99919468,-27.91439480,1547.955375,3665.886883,2117.931509,False,True,False,False,DERIVED_CONDITIONAL_GEOMETRY_NOT_EVENT_LOCATION
4727,99.98451798,-27.93392379,1547.956954,3665.847957,2117.891003,False,True,False,False,DERIVED_CONDITIONAL_GEOMETRY_NOT_EVENT_LOCATION
4728,99.96984129,-27.95345278,1547.962306,3665.811206,2117.848900,False,True,False,False,DERIVED_CONDITIONAL_GEOMETRY_NOT_EVENT_LOCATION
4729,99.95516459,-27.97298177,1547.971430,3665.776632,2117.805202,False,True,False,False,DERIVED_CONDITIONAL_GEOMETRY_NOT_EVENT_LOCATION
4730,99.94048790,-27.99251076,1547.984324,3665.744233,2117.759909,False,True,False,False,DERIVED_CONDITIONAL_GEOMETRY_NOT_EVENT_LOCATION
4731,99.92581120,-28.01203975,1548.000987,3665.714010,2117.713023,False,True,False,False,DERIVED_CONDITIONAL_GEOMETRY_NOT_EVENT_LOCATION
4732,99.91113451,-28.03156874,1548.021418,3665.685964,2117.664545,False,True,False,False,DERIVED_CONDITIONAL_GEOMETRY_NOT_EVENT_LOCATION
4733,99.89645781,-28.05109773,1548.045617,3665.660094,2117.614477,False,True,False,False,DERIVED_CONDITIONAL_GEOMETRY_NOT_EVENT_LOCATION
4734,99.88178112,-28.07062672,1548.073580,3665.636400,2117.562819,False,True,False,False,DERIVED_CONDITIONAL_GEOMETRY_NOT_EVENT_LOCATION
4735,99.86710442,-28.09015571,1548.105309,3665.614882,2117.509573,False,True,False,False,DERIVED_CONDITIONAL_GEOMETRY_NOT_EVENT_LOCATION
4736,99.85242773,-28.10968470,1548.140800,3665.595541,2117.454741,False,True,False,False,DERIVED_CONDITIONAL_GEOMETRY_NOT_EVENT_LOCATION
4737,99.83775104,-28.12921369,1548.180054,3665.578377,2117.398323,False,True,False,False,DERIVED_CONDITIONAL_GEOMETRY_NOT_EVENT_LOCATION
4738,99.82307434,-28.14874268,1548.223068,3665.563389,2117.340321,False,True,False,False,DERIVED_CONDITIONAL_GEOMETRY_NOT_EVENT_LOCATION
4739,99.80800544,-28.16807726,1548.313884,3665.506574,2117.192690,False,True,False,False,DERIVED_CONDITIONAL_GEOMETRY_NOT_EVENT_LOCATION
4740,99.79293654,-28.18741184,1548.408453,3665.451951,2117.043499,False,True,False,False,DERIVED_CONDITIONAL_GEOMETRY_NOT_EVENT_LOCATION
4741,99.77786764,-28.20674642,1548.506773,3665.399522,2116.892749,False,True,False,False,DERIVED_CONDITIONAL_GEOMETRY_NOT_EVENT_LOCATION
4742,99.76279873,-28.22608100,1548.608844,3665.349286,2116.740443,False,True,False,False,DERIVED_CONDITIONAL_GEOMETRY_NOT_EVENT_LOCATION
4743,99.74772983,-28.24541558,1548.714662,3665.301244,2116.586582,False,True,False,False,DERIVED_CONDITIONAL_GEOMETRY_NOT_EVENT_LOCATION
4744,99.73266093,-28.26475016,1548.824227,3665.255395,2116.431168,False,True,False,False,DERIVED_CONDITIONAL_GEOMETRY_NOT_EVENT_LOCATION
4745,99.71759203,-28.28408474,1548.937536,3665.211739,2116.274203,False,True,False,False,DERIVED_CONDITIONAL_GEOMETRY_NOT_EVENT_LOCATION
4746,99.70252313,-28.30341933,1549.054587,3665.170277,2116.115690,False,True,False,False,DERIVED_CONDITIONAL_GEOMETRY_NOT_EVENT_LOCATION
4747,99.68745422,-28.32275391,1549.175379,3665.131008,2115.955630,False,True,False,False,DERIVED_CONDITIONAL_GEOMETRY_NOT_EVENT_LOCATION
4748,99.67238532,-28.34208849,1549.299909,3665.093934,2115.794025,False,True,False,False,DERIVED_CONDITIONAL_GEOMETRY_NOT_EVENT_LOCATION
4749,99.65731642,-28.36142307,1549.428176,3665.059053,2115.630877,False,True,False,False,DERIVED_CONDITIONAL_GEOMETRY_NOT_EVENT_LOCATION
4750,99.64224752,-28.38075765,1549.560178,3665.026366,2115.466189,False,True,False,False,DERIVED_CONDITIONAL_GEOMETRY_NOT_EVENT_LOCATION
4751,99.62717862,-28.40009223,1549.695912,3664.995873,2115.299962,False,True,False,False,DERIVED_CONDITIONAL_GEOMETRY_NOT_EVENT_LOCATION
4752,99.61210971,-28.41942681,1549.835376,3664.967575,2115.132198,False,True,False,False,DERIVED_CONDITIONAL_GEOMETRY_NOT_EVENT_LOCATION
4753,99.59704081,-28.43876139,1549.978569,3664.941470,2114.962901,False,True,False,False,DERIVED_CONDITIONAL_GEOMETRY_NOT_EVENT_LOCATION
4754,99.58197191,-28.45809597,1550.125489,3664.917560,2114.792071,False,True,False,False,DERIVED_CONDITIONAL_GEOMETRY_NOT_EVENT_LOCATION
4755,99.56690301,-28.47743056,1550.276132,3664.895844,2114.619711,False,True,False,False,DERIVED_CONDITIONAL_GEOMETRY_NOT_EVENT_LOCATION
4756,99.55183411,-28.49676514,1550.430498,3664.876322,2114.445824,False,True,False,False,DERIVED_CONDITIONAL_GEOMETRY_NOT_EVENT_LOCATION
4757,99.53676520,-28.51609972,1550.588584,3664.858995,2114.270411,False,True,False,False,DERIVED_CONDITIONAL_GEOMETRY_NOT_EVENT_LOCATION
4758,99.52169630,-28.53543430,1550.750387,3664.843862,2114.093475,False,True,False,False,DERIVED_CONDITIONAL_GEOMETRY_NOT_EVENT_LOCATION
4759,99.50662740,-28.55476888,1550.915906,3664.830924,2113.915018,False,True,False,False,DERIVED_CONDITIONAL_GEOMETRY_NOT_EVENT_LOCATION
4760,99.49155850,-28.57410346,1551.085137,3664.820180,2113.735042,False,True,False,False,DERIVED_CONDITIONAL_GEOMETRY_NOT_EVENT_LOCATION
4761,99.47648960,-28.59343804,1551.258080,3664.811630,2113.553550,False,True,False,False,DERIVED_CONDITIONAL_GEOMETRY_NOT_EVENT_LOCATION
4762,99.46142069,-28.61277262,1551.434731,3664.805276,2113.370544,False,True,False,False,DERIVED_CONDITIONAL_GEOMETRY_NOT_EVENT_LOCATION
4763,99.44635179,-28.63210720,1551.615089,3664.801116,2113.186027,False,True,False,False,DERIVED_CONDITIONAL_GEOMETRY_NOT_EVENT_LOCATION
4764,99.43128289,-28.65144179,1551.799150,3664.799150,2113.000000,False,True,False,False,DERIVED_CONDITIONAL_GEOMETRY_NOT_EVENT_LOCATION
4765,99.41621399,-28.67077637,1551.986913,3664.799379,2112.812466,False,True,False,False,DERIVED_CONDITIONAL_GEOMETRY_NOT_EVENT_LOCATION
4766,99.40015470,-28.69064566,1552.232132,3664.755753,2112.523621,False,True,False,False,DERIVED_CONDITIONAL_GEOMETRY_NOT_EVENT_LOCATION
4767,99.38409541,-28.71051495,1552.481324,3664.714513,2112.233189,False,True,False,False,DERIVED_CONDITIONAL_GEOMETRY_NOT_EVENT_LOCATION
4768,99.36803612,-28.73038424,1552.734486,3664.675657,2111.941171,False,True,False,False,DERIVED_CONDITIONAL_GEOMETRY_NOT_EVENT_LOCATION
4769,99.35197683,-28.75025353,1552.991614,3664.639186,2111.647572,False,True,False,False,DERIVED_CONDITIONAL_GEOMETRY_NOT_EVENT_LOCATION
4770,99.33591755,-28.77012282,1553.252706,3664.605100,2111.352394,False,True,False,False,DERIVED_CONDITIONAL_GEOMETRY_NOT_EVENT_LOCATION
4771,99.31985826,-28.78999211,1553.517758,3664.573399,2111.055642,False,True,False,False,DERIVED_CONDITIONAL_GEOMETRY_NOT_EVENT_LOCATION
4772,99.30379897,-28.80986140,1553.786766,3664.544084,2110.757318,False,True,False,False,DERIVED_CONDITIONAL_GEOMETRY_NOT_EVENT_LOCATION
4773,99.28773968,-28.82973069,1554.059729,3664.517154,2110.457425,False,True,False,False,DERIVED_CONDITIONAL_GEOMETRY_NOT_EVENT_LOCATION
4774,99.27168039,-28.84959998,1554.336641,3664.492609,2110.155968,False,True,False,False,DERIVED_CONDITIONAL_GEOMETRY_NOT_EVENT_LOCATION
4775,99.25562110,-28.86946928,1554.617501,3664.470450,2109.852949,False,True,False,False,DERIVED_CONDITIONAL_GEOMETRY_NOT_EVENT_LOCATION
4776,99.23956181,-28.88933857,1554.902304,3664.450676,2109.548373,False,True,False,False,DERIVED_CONDITIONAL_GEOMETRY_NOT_EVENT_LOCATION
4777,99.22350253,-28.90920786,1555.191047,3664.433288,2109.242241,False,True,False,False,DERIVED_CONDITIONAL_GEOMETRY_NOT_EVENT_LOCATION
4778,99.20744324,-28.92907715,1555.483726,3664.418285,2108.934559,False,True,False,False,DERIVED_CONDITIONAL_GEOMETRY_NOT_EVENT_LOCATION
4779,99.19138395,-28.94894644,1555.780339,3664.405668,2108.625329,False,True,False,False,DERIVED_CONDITIONAL_GEOMETRY_NOT_EVENT_LOCATION
4780,99.17532466,-28.96881573,1556.080881,3664.395436,2108.314555,False,True,False,False,DERIVED_CONDITIONAL_GEOMETRY_NOT_EVENT_LOCATION
4781,99.15926537,-28.98868502,1556.385350,3664.387590,2108.002240,False,True,False,False,DERIVED_CONDITIONAL_GEOMETRY_NOT_EVENT_LOCATION
4782,99.14320608,-29.00855431,1556.693741,3664.382129,2107.688388,False,True,False,False,DERIVED_CONDITIONAL_GEOMETRY_NOT_EVENT_LOCATION
4783,99.12714679,-29.02842360,1557.006051,3664.379054,2107.373003,False,True,False,False,DERIVED_CONDITIONAL_GEOMETRY_NOT_EVENT_LOCATION
4784,99.11108751,-29.04829289,1557.322277,3664.378365,2107.056089,False,True,False,False,DERIVED_CONDITIONAL_GEOMETRY_NOT_EVENT_LOCATION
4785,99.09502822,-29.06816218,1557.642414,3664.380061,2106.737648,False,True,False,False,DERIVED_CONDITIONAL_GEOMETRY_NOT_EVENT_LOCATION
4786,99.07896893,-29.08803148,1557.966459,3664.384143,2106.417684,False,True,False,False,DERIVED_CONDITIONAL_GEOMETRY_NOT_EVENT_LOCATION
4787,99.06290964,-29.10790077,1558.294409,3664.390611,2106.096202,False,True,False,False,DERIVED_CONDITIONAL_GEOMETRY_NOT_EVENT_LOCATION
4788,99.04685035,-29.12777006,1558.626259,3664.399464,2105.773205,False,True,False,False,DERIVED_CONDITIONAL_GEOMETRY_NOT_EVENT_LOCATION
4789,99.03079106,-29.14763935,1558.962006,3664.410702,2105.448696,False,True,False,False,DERIVED_CONDITIONAL_GEOMETRY_NOT_EVENT_LOCATION
4790,99.01473177,-29.16750864,1559.301647,3664.424326,2105.122680,False,True,False,False,DERIVED_CONDITIONAL_GEOMETRY_NOT_EVENT_LOCATION
4791,98.99867249,-29.18737793,1559.645176,3664.440336,2104.795160,False,True,False,False,DERIVED_CONDITIONAL_GEOMETRY_NOT_EVENT_LOCATION
4792,98.98219769,-29.20703360,1560.039343,3664.412113,2104.372771,False,True,False,False,DERIVED_CONDITIONAL_GEOMETRY_NOT_EVENT_LOCATION
4793,98.96572289,-29.22668927,1560.437370,3664.386296,2103.948925,False,True,False,False,DERIVED_CONDITIONAL_GEOMETRY_NOT_EVENT_LOCATION
4794,98.94924809,-29.24634493,1560.839254,3664.362883,2103.523628,False,True,False,False,DERIVED_CONDITIONAL_GEOMETRY_NOT_EVENT_LOCATION
4795,98.93277330,-29.26600060,1561.244991,3664.341874,2103.096883,False,True,False,False,DERIVED_CONDITIONAL_GEOMETRY_NOT_EVENT_LOCATION
4796,98.91629850,-29.28565627,1561.654575,3664.323271,2102.668695,False,True,False,False,DERIVED_CONDITIONAL_GEOMETRY_NOT_EVENT_LOCATION
4797,98.89982370,-29.30531194,1562.068004,3664.307072,2102.239068,False,True,False,False,DERIVED_CONDITIONAL_GEOMETRY_NOT_EVENT_LOCATION
4798,98.88334891,-29.32496760,1562.485271,3664.293278,2101.808007,False,True,False,False,DERIVED_CONDITIONAL_GEOMETRY_NOT_EVENT_LOCATION
4799,98.86687411,-29.34462327,1562.906374,3664.281889,2101.375515,False,True,False,False,DERIVED_CONDITIONAL_GEOMETRY_NOT_EVENT_LOCATION
4800,98.85039931,-29.36427894,1563.331307,3664.272904,2100.941597,False,True,False,False,DERIVED_CONDITIONAL_GEOMETRY_NOT_EVENT_LOCATION
4801,98.83392451,-29.38393461,1563.760067,3664.266325,2100.506258,False,True,False,False,DERIVED_CONDITIONAL_GEOMETRY_NOT_EVENT_LOCATION
4802,98.81744972,-29.40359028,1564.192648,3664.262150,2100.069502,False,True,False,False,DERIVED_CONDITIONAL_GEOMETRY_NOT_EVENT_LOCATION
4803,98.80097492,-29.42324594,1564.629046,3664.260380,2099.631333,False,True,False,False,DERIVED_CONDITIONAL_GEOMETRY_NOT_EVENT_LOCATION
4804,98.78450012,-29.44290161,1565.069258,3664.261014,2099.191757,False,True,False,False,DERIVED_CONDITIONAL_GEOMETRY_NOT_EVENT_LOCATION
4805,98.76802532,-29.46255728,1565.513277,3664.264054,2098.750777,False,True,False,False,DERIVED_CONDITIONAL_GEOMETRY_NOT_EVENT_LOCATION
4806,98.75155053,-29.48221295,1565.961100,3664.269498,2098.308397,False,True,False,False,DERIVED_CONDITIONAL_GEOMETRY_NOT_EVENT_LOCATION
4807,98.73507573,-29.50186861,1566.412723,3664.277346,2097.864624,False,True,False,False,DERIVED_CONDITIONAL_GEOMETRY_NOT_EVENT_LOCATION
4808,98.71860093,-29.52152428,1566.868140,3664.287600,2097.419460,False,True,False,False,DERIVED_CONDITIONAL_GEOMETRY_NOT_EVENT_LOCATION
4809,98.70212614,-29.54117995,1567.327347,3664.300258,2096.972911,False,True,False,False,DERIVED_CONDITIONAL_GEOMETRY_NOT_EVENT_LOCATION
4810,98.68565134,-29.56083562,1567.790339,3664.315320,2096.524981,False,True,False,False,DERIVED_CONDITIONAL_GEOMETRY_NOT_EVENT_LOCATION
4811,98.66917654,-29.58049129,1568.257111,3664.332787,2096.075675,False,True,False,False,DERIVED_CONDITIONAL_GEOMETRY_NOT_EVENT_LOCATION
4812,98.65270174,-29.60014695,1568.727660,3664.352658,2095.624998,False,True,False,False,DERIVED_CONDITIONAL_GEOMETRY_NOT_EVENT_LOCATION
4813,98.63622695,-29.61980262,1569.201980,3664.374933,2095.172953,False,True,False,False,DERIVED_CONDITIONAL_GEOMETRY_NOT_EVENT_LOCATION
4814,98.61975215,-29.63945829,1569.680067,3664.399613,2094.719546,False,True,False,False,DERIVED_CONDITIONAL_GEOMETRY_NOT_EVENT_LOCATION
4815,98.60327735,-29.65911396,1570.161915,3664.426697,2094.264782,False,True,False,False,DERIVED_CONDITIONAL_GEOMETRY_NOT_EVENT_LOCATION
4816,98.58680256,-29.67876963,1570.647520,3664.456185,2093.808664,False,True,False,False,DERIVED_CONDITIONAL_GEOMETRY_NOT_EVENT_LOCATION
4817,98.57032776,-29.69842529,1571.136878,3664.488077,2093.351199,False,True,False,False,DERIVED_CONDITIONAL_GEOMETRY_NOT_EVENT_LOCATION
4818,98.55343334,-29.71785795,1571.677234,3664.475071,2092.797837,False,True,False,False,DERIVED_CONDITIONAL_GEOMETRY_NOT_EVENT_LOCATION
4819,98.53653893,-29.73729060,1572.221303,3664.464488,2092.243185,False,True,False,False,DERIVED_CONDITIONAL_GEOMETRY_NOT_EVENT_LOCATION
4820,98.51964452,-29.75672326,1572.769080,3664.456329,2091.687249,False,True,False,False,DERIVED_CONDITIONAL_GEOMETRY_NOT_EVENT_LOCATION
4821,98.50275010,-29.77615591,1573.320560,3664.450594,2091.130033,False,True,False,False,DERIVED_CONDITIONAL_GEOMETRY_NOT_EVENT_LOCATION
4822,98.48585569,-29.79558857,1573.875738,3664.447282,2090.571543,False,True,False,False,DERIVED_CONDITIONAL_GEOMETRY_NOT_EVENT_LOCATION
4823,98.46896128,-29.81502122,1574.434608,3664.446393,2090.011785,False,True,False,False,DERIVED_CONDITIONAL_GEOMETRY_NOT_EVENT_LOCATION
4824,98.45206686,-29.83445388,1574.997166,3664.447928,2089.450762,False,True,False,False,DERIVED_CONDITIONAL_GEOMETRY_NOT_EVENT_LOCATION
4825,98.43517245,-29.85388653,1575.563405,3664.451886,2088.888481,False,True,False,False,DERIVED_CONDITIONAL_GEOMETRY_NOT_EVENT_LOCATION
4826,98.41827803,-29.87331919,1576.133320,3664.458267,2088.324947,False,True,False,False,DERIVED_CONDITIONAL_GEOMETRY_NOT_EVENT_LOCATION
4827,98.40138362,-29.89275184,1576.706907,3664.467071,2087.760164,False,True,False,False,DERIVED_CONDITIONAL_GEOMETRY_NOT_EVENT_LOCATION
4828,98.38448921,-29.91218450,1577.284159,3664.478299,2087.194140,False,True,False,False,DERIVED_CONDITIONAL_GEOMETRY_NOT_EVENT_LOCATION
4829,98.36759479,-29.93161715,1577.865072,3664.491950,2086.626877,False,True,False,False,DERIVED_CONDITIONAL_GEOMETRY_NOT_EVENT_LOCATION
4830,98.35070038,-29.95104980,1578.449640,3664.508023,2086.058383,False,True,False,False,DERIVED_CONDITIONAL_GEOMETRY_NOT_EVENT_LOCATION
4831,98.33380596,-29.97048246,1579.037857,3664.526520,2085.488662,False,True,False,False,DERIVED_CONDITIONAL_GEOMETRY_NOT_EVENT_LOCATION
4832,98.31691155,-29.98991511,1579.629719,3664.547439,2084.917720,False,True,False,False,DERIVED_CONDITIONAL_GEOMETRY_NOT_EVENT_LOCATION
4833,98.30001714,-30.00934777,1580.225219,3664.570781,2084.345562,False,True,False,False,DERIVED_CONDITIONAL_GEOMETRY_NOT_EVENT_LOCATION
4834,98.28312272,-30.02878042,1580.824353,3664.596546,2083.772193,False,True,False,False,DERIVED_CONDITIONAL_GEOMETRY_NOT_EVENT_LOCATION
4835,98.26622831,-30.04821308,1581.427114,3664.624733,2083.197619,False,True,False,False,DERIVED_CONDITIONAL_GEOMETRY_NOT_EVENT_LOCATION
4836,98.24933390,-30.06764573,1582.033497,3664.655343,2082.621845,False,True,False,False,DERIVED_CONDITIONAL_GEOMETRY_NOT_EVENT_LOCATION
4837,98.23243948,-30.08707839,1582.643497,3664.688374,2082.044877,False,True,False,False,DERIVED_CONDITIONAL_GEOMETRY_NOT_EVENT_LOCATION
4838,98.21554507,-30.10651104,1583.257109,3664.723829,2081.466720,False,True,False,False,DERIVED_CONDITIONAL_GEOMETRY_NOT_EVENT_LOCATION
4839,98.19865065,-30.12594370,1583.874326,3664.761705,2080.887379,False,True,False,False,DERIVED_CONDITIONAL_GEOMETRY_NOT_EVENT_LOCATION
4840,98.18175624,-30.14537635,1584.495143,3664.802003,2080.306860,False,True,False,False,DERIVED_CONDITIONAL_GEOMETRY_NOT_EVENT_LOCATION
4841,98.16486183,-30.16480901,1585.119555,3664.844723,2079.725168,False,True,False,False,DERIVED_CONDITIONAL_GEOMETRY_NOT_EVENT_LOCATION
4842,98.14796741,-30.18424166,1585.747555,3664.889864,2079.142309,False,True,False,False,DERIVED_CONDITIONAL_GEOMETRY_NOT_EVENT_LOCATION
4843,98.13107300,-30.20367432,1586.379139,3664.937428,2078.558288,False,True,False,False,DERIVED_CONDITIONAL_GEOMETRY_NOT_EVENT_LOCATION
4844,98.11306213,-30.22364868,1587.089028,3664.939969,2077.850941,False,True,False,False,DERIVED_CONDITIONAL_GEOMETRY_NOT_EVENT_LOCATION
4845,98.09505127,-30.24362305,1587.802741,3664.945152,2077.142411,False,True,False,False,DERIVED_CONDITIONAL_GEOMETRY_NOT_EVENT_LOCATION
4846,98.07704041,-30.26359741,1588.520273,3664.952977,2076.432704,False,True,False,False,DERIVED_CONDITIONAL_GEOMETRY_NOT_EVENT_LOCATION
4847,98.05902954,-30.28357178,1589.241616,3664.963443,2075.721827,False,True,False,False,DERIVED_CONDITIONAL_GEOMETRY_NOT_EVENT_LOCATION
4848,98.04101868,-30.30354614,1589.966763,3664.976550,2075.009786,False,True,False,False,DERIVED_CONDITIONAL_GEOMETRY_NOT_EVENT_LOCATION
4849,98.02300781,-30.32352051,1590.695709,3664.992298,2074.296589,False,True,False,False,DERIVED_CONDITIONAL_GEOMETRY_NOT_EVENT_LOCATION
4850,98.00499695,-30.34349487,1591.428445,3665.010687,2073.582242,False,True,False,False,DERIVED_CONDITIONAL_GEOMETRY_NOT_EVENT_LOCATION
4851,97.98698608,-30.36346924,1592.164966,3665.031717,2072.866752,False,True,False,False,DERIVED_CONDITIONAL_GEOMETRY_NOT_EVENT_LOCATION
4852,97.96897522,-30.38344360,1592.905264,3665.055388,2072.150125,False,True,False,False,DERIVED_CONDITIONAL_GEOMETRY_NOT_EVENT_LOCATION
4853,97.95096436,-30.40341797,1593.649332,3665.081700,2071.432368,False,True,False,False,DERIVED_CONDITIONAL_GEOMETRY_NOT_EVENT_LOCATION
4854,97.93295349,-30.42339233,1594.397164,3665.110652,2070.713488,False,True,False,False,DERIVED_CONDITIONAL_GEOMETRY_NOT_EVENT_LOCATION
4855,97.91494263,-30.44336670,1595.148753,3665.142245,2069.993491,False,True,False,False,DERIVED_CONDITIONAL_GEOMETRY_NOT_EVENT_LOCATION
4856,97.89693176,-30.46334106,1595.904092,3665.176477,2069.272385,False,True,False,False,DERIVED_CONDITIONAL_GEOMETRY_NOT_EVENT_LOCATION
4857,97.87892090,-30.48331543,1596.663174,3665.213350,2068.550176,False,True,False,False,DERIVED_CONDITIONAL_GEOMETRY_NOT_EVENT_LOCATION
4858,97.86091003,-30.50328979,1597.425992,3665.252863,2067.826870,False,True,False,False,DERIVED_CONDITIONAL_GEOMETRY_NOT_EVENT_LOCATION
4859,97.84289917,-30.52326416,1598.192540,3665.295015,2067.102475,False,True,False,False,DERIVED_CONDITIONAL_GEOMETRY_NOT_EVENT_LOCATION
4860,97.82488831,-30.54323853,1598.962809,3665.339807,2066.376998,False,True,False,False,DERIVED_CONDITIONAL_GEOMETRY_NOT_EVENT_LOCATION
4861,97.80687744,-30.56321289,1599.736794,3665.387238,2065.650444,False,True,False,False,DERIVED_CONDITIONAL_GEOMETRY_NOT_EVENT_LOCATION
4862,97.78886658,-30.58318726,1600.514488,3665.437309,2064.922821,False,True,False,False,DERIVED_CONDITIONAL_GEOMETRY_NOT_EVENT_LOCATION
4863,97.77085571,-30.60316162,1601.295882,3665.490018,2064.194136,False,True,False,False,DERIVED_CONDITIONAL_GEOMETRY_NOT_EVENT_LOCATION
4864,97.75284485,-30.62313599,1602.080971,3665.545366,2063.464395,False,True,False,False,DERIVED_CONDITIONAL_GEOMETRY_NOT_EVENT_LOCATION
4865,97.73483398,-30.64311035,1602.869748,3665.603353,2062.733605,False,True,False,False,DERIVED_CONDITIONAL_GEOMETRY_NOT_EVENT_LOCATION
4866,97.71682312,-30.66308472,1603.662205,3665.663978,2062.001773,False,True,False,False,DERIVED_CONDITIONAL_GEOMETRY_NOT_EVENT_LOCATION
4867,97.69881226,-30.68305908,1604.458335,3665.727241,2061.268906,False,True,False,False,DERIVED_CONDITIONAL_GEOMETRY_NOT_EVENT_LOCATION
4868,97.68080139,-30.70303345,1605.258131,3665.793143,2060.535011,False,True,False,False,DERIVED_CONDITIONAL_GEOMETRY_NOT_EVENT_LOCATION
4869,97.66234558,-30.72276245,1606.111094,3665.811479,2059.700384,False,True,False,False,DERIVED_CONDITIONAL_GEOMETRY_NOT_EVENT_LOCATION
4870,97.64388977,-30.74249146,1606.967663,3665.832475,2058.864812,False,True,False,False,DERIVED_CONDITIONAL_GEOMETRY_NOT_EVENT_LOCATION
4871,97.62543396,-30.76222046,1607.827830,3665.856132,2058.028302,False,True,False,False,DERIVED_CONDITIONAL_GEOMETRY_NOT_EVENT_LOCATION
4872,97.60697815,-30.78194946,1608.691588,3665.882450,2057.190862,False,True,False,False,DERIVED_CONDITIONAL_GEOMETRY_NOT_EVENT_LOCATION
4873,97.58852234,-30.80167847,1609.558930,3665.911428,2056.352498,False,True,False,False,DERIVED_CONDITIONAL_GEOMETRY_NOT_EVENT_LOCATION
4874,97.57006653,-30.82140747,1610.429849,3665.943066,2055.513218,False,True,False,False,DERIVED_CONDITIONAL_GEOMETRY_NOT_EVENT_LOCATION
4875,97.55161072,-30.84113647,1611.304336,3665.977364,2054.673028,False,True,False,False,DERIVED_CONDITIONAL_GEOMETRY_NOT_EVENT_LOCATION
4876,97.53315491,-30.86086548,1612.182384,3666.014322,2053.831937,False,True,False,False,DERIVED_CONDITIONAL_GEOMETRY_NOT_EVENT_LOCATION
4877,97.51469910,-30.88059448,1613.063987,3666.053939,2052.989952,False,True,False,False,DERIVED_CONDITIONAL_GEOMETRY_NOT_EVENT_LOCATION
4878,97.49624329,-30.90032349,1613.949136,3666.096216,2052.147080,False,True,False,False,DERIVED_CONDITIONAL_GEOMETRY_NOT_EVENT_LOCATION
4879,97.47778748,-30.92005249,1614.837824,3666.141151,2051.303327,False,True,False,False,DERIVED_CONDITIONAL_GEOMETRY_NOT_EVENT_LOCATION
4880,97.45933167,-30.93978149,1615.730044,3666.188746,2050.458702,False,True,False,False,DERIVED_CONDITIONAL_GEOMETRY_NOT_EVENT_LOCATION
4881,97.44087585,-30.95951050,1616.625788,3666.238999,2049.613211,False,True,False,False,DERIVED_CONDITIONAL_GEOMETRY_NOT_EVENT_LOCATION
4882,97.42242004,-30.97923950,1617.525049,3666.291911,2048.766862,False,True,False,False,DERIVED_CONDITIONAL_GEOMETRY_NOT_EVENT_LOCATION
4883,97.40396423,-30.99896851,1618.427818,3666.347481,2047.919663,False,True,False,False,DERIVED_CONDITIONAL_GEOMETRY_NOT_EVENT_LOCATION
4884,97.38550842,-31.01869751,1619.334090,3666.405709,2047.071619,False,True,False,False,DERIVED_CONDITIONAL_GEOMETRY_NOT_EVENT_LOCATION
4885,97.36705261,-31.03842651,1620.243856,3666.466595,2046.222739,False,True,False,False,DERIVED_CONDITIONAL_GEOMETRY_NOT_EVENT_LOCATION
4886,97.34859680,-31.05815552,1621.157108,3666.530138,2045.373030,False,True,False,False,DERIVED_CONDITIONAL_GEOMETRY_NOT_EVENT_LOCATION
4887,97.33014099,-31.07788452,1622.073840,3666.596339,2044.522499,False,True,False,False,DERIVED_CONDITIONAL_GEOMETRY_NOT_EVENT_LOCATION
4888,97.31168518,-31.09761353,1622.994043,3666.665197,2043.671154,False,True,False,False,DERIVED_CONDITIONAL_GEOMETRY_NOT_EVENT_LOCATION
4889,97.29322937,-31.11734253,1623.917710,3666.736711,2042.819001,False,True,False,False,DERIVED_CONDITIONAL_GEOMETRY_NOT_EVENT_LOCATION
4890,97.27477356,-31.13707153,1624.844834,3666.810882,2041.966048,False,True,False,False,DERIVED_CONDITIONAL_GEOMETRY_NOT_EVENT_LOCATION
4891,97.25631775,-31.15680054,1625.775407,3666.887710,2041.112302,False,True,False,False,DERIVED_CONDITIONAL_GEOMETRY_NOT_EVENT_LOCATION
4892,97.23786194,-31.17652954,1626.709422,3666.967193,2040.257771,False,True,False,False,DERIVED_CONDITIONAL_GEOMETRY_NOT_EVENT_LOCATION
4893,97.21940613,-31.19625854,1627.646871,3667.049332,2039.402461,False,True,False,False,DERIVED_CONDITIONAL_GEOMETRY_NOT_EVENT_LOCATION
4894,97.20050171,-31.21573730,1628.637154,3667.083605,2038.446451,False,True,False,False,DERIVED_CONDITIONAL_GEOMETRY_NOT_EVENT_LOCATION
4895,97.18159729,-31.23521606,1629.630805,3667.120558,2037.489754,False,True,False,False,DERIVED_CONDITIONAL_GEOMETRY_NOT_EVENT_LOCATION
4896,97.16269287,-31.25469482,1630.627814,3667.160191,2036.532376,False,True,False,False,DERIVED_CONDITIONAL_GEOMETRY_NOT_EVENT_LOCATION
4897,97.14378845,-31.27417358,1631.628175,3667.202502,2035.574327,False,True,False,False,DERIVED_CONDITIONAL_GEOMETRY_NOT_EVENT_LOCATION
4898,97.12488403,-31.29365234,1632.631880,3667.247493,2034.615613,False,True,False,False,DERIVED_CONDITIONAL_GEOMETRY_NOT_EVENT_LOCATION
4899,97.10597961,-31.31313110,1633.638920,3667.295162,2033.656242,False,True,False,False,DERIVED_CONDITIONAL_GEOMETRY_NOT_EVENT_LOCATION
4900,97.08707520,-31.33260986,1634.649288,3667.345509,2032.696221,False,True,False,False,DERIVED_CONDITIONAL_GEOMETRY_NOT_EVENT_LOCATION
4901,97.06817078,-31.35208862,1635.662976,3667.398534,2031.735558,False,True,False,False,DERIVED_CONDITIONAL_GEOMETRY_NOT_EVENT_LOCATION
4902,97.04926636,-31.37156738,1636.679976,3667.454238,2030.774262,False,True,False,False,DERIVED_CONDITIONAL_GEOMETRY_NOT_EVENT_LOCATION
4903,97.03036194,-31.39104614,1637.700281,3667.512619,2029.812338,False,True,False,False,DERIVED_CONDITIONAL_GEOMETRY_NOT_EVENT_LOCATION
4904,97.01145752,-31.41052490,1638.723882,3667.573677,2028.849795,False,True,False,False,DERIVED_CONDITIONAL_GEOMETRY_NOT_EVENT_LOCATION
4905,96.99255310,-31.43000366,1639.750772,3667.637413,2027.886641,False,True,False,False,DERIVED_CONDITIONAL_GEOMETRY_NOT_EVENT_LOCATION
4906,96.97364868,-31.44948242,1640.780942,3667.703825,2026.922883,False,True,False,False,DERIVED_CONDITIONAL_GEOMETRY_NOT_EVENT_LOCATION
4907,96.95474426,-31.46896118,1641.814386,3667.772914,2025.958528,False,True,False,False,DERIVED_CONDITIONAL_GEOMETRY_NOT_EVENT_LOCATION
4908,96.93583984,-31.48843994,1642.851094,3667.844678,2024.993584,False,True,False,False,DERIVED_CONDITIONAL_GEOMETRY_NOT_EVENT_LOCATION
4909,96.91693542,-31.50791870,1643.891060,3667.919119,2024.028059,False,True,False,False,DERIVED_CONDITIONAL_GEOMETRY_NOT_EVENT_LOCATION
4910,96.89803101,-31.52739746,1644.934275,3667.996236,2023.061960,False,True,False,False,DERIVED_CONDITIONAL_GEOMETRY_NOT_EVENT_LOCATION
4911,96.87912659,-31.54687622,1645.980732,3668.076027,2022.095295,False,True,False,False,DERIVED_CONDITIONAL_GEOMETRY_NOT_EVENT_LOCATION
4912,96.86022217,-31.56635498,1647.030423,3668.158494,2021.128071,False,True,False,False,DERIVED_CONDITIONAL_GEOMETRY_NOT_EVENT_LOCATION
4913,96.84131775,-31.58583374,1648.083339,3668.243635,2020.160296,False,True,False,False,DERIVED_CONDITIONAL_GEOMETRY_NOT_EVENT_LOCATION
4914,96.82241333,-31.60531250,1649.139474,3668.331451,2019.191977,False,True,False,False,DERIVED_CONDITIONAL_GEOMETRY_NOT_EVENT_LOCATION
4915,96.80350891,-31.62479126,1650.198818,3668.421941,2018.223122,False,True,False,False,DERIVED_CONDITIONAL_GEOMETRY_NOT_EVENT_LOCATION
4916,96.78460449,-31.64427002,1651.261366,3668.515104,2017.253738,False,True,False,False,DERIVED_CONDITIONAL_GEOMETRY_NOT_EVENT_LOCATION
4917,96.76570007,-31.66374878,1652.327107,3668.610941,2016.283833,False,True,False,False,DERIVED_CONDITIONAL_GEOMETRY_NOT_EVENT_LOCATION
4918,96.74679565,-31.68322754,1653.396035,3668.709450,2015.313415,False,True,False,False,DERIVED_CONDITIONAL_GEOMETRY_NOT_EVENT_LOCATION
4919,96.72743896,-31.70244751,1654.517492,3668.759536,2014.242044,False,True,False,False,DERIVED_CONDITIONAL_GEOMETRY_NOT_EVENT_LOCATION
4920,96.70808228,-31.72166748,1655.642061,3668.812319,2013.170258,False,True,False,False,DERIVED_CONDITIONAL_GEOMETRY_NOT_EVENT_LOCATION
4921,96.68872559,-31.74088745,1656.769736,3668.867800,2012.098063,False,True,False,False,DERIVED_CONDITIONAL_GEOMETRY_NOT_EVENT_LOCATION
4922,96.66936890,-31.76010742,1657.900509,3668.925977,2011.025468,False,True,False,False,DERIVED_CONDITIONAL_GEOMETRY_NOT_EVENT_LOCATION
4923,96.65001221,-31.77932739,1659.034370,3668.986851,2009.952480,False,True,False,False,DERIVED_CONDITIONAL_GEOMETRY_NOT_EVENT_LOCATION
4924,96.63065552,-31.79854736,1660.171313,3669.050421,2008.879107,False,True,False,False,DERIVED_CONDITIONAL_GEOMETRY_NOT_EVENT_LOCATION
4925,96.61129883,-31.81776733,1661.311329,3669.116686,2007.805357,False,True,False,False,DERIVED_CONDITIONAL_GEOMETRY_NOT_EVENT_LOCATION
4926,96.59194214,-31.83698730,1662.454410,3669.185648,2006.731238,False,True,False,False,DERIVED_CONDITIONAL_GEOMETRY_NOT_EVENT_LOCATION
4927,96.57258545,-31.85620728,1663.600548,3669.257305,2005.656757,False,True,False,False,DERIVED_CONDITIONAL_GEOMETRY_NOT_EVENT_LOCATION
4928,96.55322876,-31.87542725,1664.749735,3669.331656,2004.581921,False,True,False,False,DERIVED_CONDITIONAL_GEOMETRY_NOT_EVENT_LOCATION
4929,96.53387207,-31.89464722,1665.901964,3669.408703,2003.506739,False,True,False,False,DERIVED_CONDITIONAL_GEOMETRY_NOT_EVENT_LOCATION
4930,96.51451538,-31.91386719,1667.057225,3669.488443,2002.431218,False,True,False,False,DERIVED_CONDITIONAL_GEOMETRY_NOT_EVENT_LOCATION
4931,96.49515869,-31.93308716,1668.215511,3669.570878,2001.355367,False,True,False,False,DERIVED_CONDITIONAL_GEOMETRY_NOT_EVENT_LOCATION
4932,96.47580200,-31.95230713,1669.376814,3669.656006,2000.279191,False,True,False,False,DERIVED_CONDITIONAL_GEOMETRY_NOT_EVENT_LOCATION
4933,96.45644531,-31.97152710,1670.541127,3669.743827,1999.202700,False,True,False,False,DERIVED_CONDITIONAL_GEOMETRY_NOT_EVENT_LOCATION
4934,96.43708862,-31.99074707,1671.708440,3669.834341,1998.125901,False,True,False,False,DERIVED_CONDITIONAL_GEOMETRY_NOT_EVENT_LOCATION
4935,96.41773193,-32.00996704,1672.878746,3669.927548,1997.048802,False,True,False,False,DERIVED_CONDITIONAL_GEOMETRY_NOT_EVENT_LOCATION
4936,96.39837524,-32.02918701,1674.052038,3670.023447,1995.971409,False,True,False,False,DERIVED_CONDITIONAL_GEOMETRY_NOT_EVENT_LOCATION
4937,96.37901855,-32.04840698,1675.228306,3670.122037,1994.893731,False,True,False,False,DERIVED_CONDITIONAL_GEOMETRY_NOT_EVENT_LOCATION
4938,96.35966187,-32.06762695,1676.407544,3670.223319,1993.815775,False,True,False,False,DERIVED_CONDITIONAL_GEOMETRY_NOT_EVENT_LOCATION
4939,96.34030518,-32.08684692,1677.589742,3670.327291,1992.737549,False,True,False,False,DERIVED_CONDITIONAL_GEOMETRY_NOT_EVENT_LOCATION
4940,96.32094849,-32.10606689,1678.774894,3670.433954,1991.659060,False,True,False,False,DERIVED_CONDITIONAL_GEOMETRY_NOT_EVENT_LOCATION
4941,96.30159180,-32.12528687,1679.962991,3670.543307,1990.580316,False,True,False,False,DERIVED_CONDITIONAL_GEOMETRY_NOT_EVENT_LOCATION
4942,96.28223511,-32.14450684,1681.154025,3670.655350,1989.501325,False,True,False,False,DERIVED_CONDITIONAL_GEOMETRY_NOT_EVENT_LOCATION
4943,96.26287842,-32.16372681,1682.347989,3670.770082,1988.422094,False,True,False,False,DERIVED_CONDITIONAL_GEOMETRY_NOT_EVENT_LOCATION
4944,96.24306519,-32.18268066,1683.594089,3670.835882,1987.241793,False,True,False,False,DERIVED_CONDITIONAL_GEOMETRY_NOT_EVENT_LOCATION
4945,96.22325195,-32.20163452,1684.843041,3670.904396,1986.061355,False,True,False,False,DERIVED_CONDITIONAL_GEOMETRY_NOT_EVENT_LOCATION
4946,96.20343872,-32.22058838,1686.094836,3670.975625,1984.880789,False,True,False,False,DERIVED_CONDITIONAL_GEOMETRY_NOT_EVENT_LOCATION
4947,96.18362549,-32.23954224,1687.349467,3671.049568,1983.700100,False,True,False,False,DERIVED_CONDITIONAL_GEOMETRY_NOT_EVENT_LOCATION
4948,96.16381226,-32.25849609,1688.606925,3671.126224,1982.519299,False,True,False,False,DERIVED_CONDITIONAL_GEOMETRY_NOT_EVENT_LOCATION
4949,96.14399902,-32.27744995,1689.867202,3671.205593,1981.338391,False,True,False,False,DERIVED_CONDITIONAL_GEOMETRY_NOT_EVENT_LOCATION
4950,96.12418579,-32.29640381,1691.130290,3671.287675,1980.157384,False,True,False,False,DERIVED_CONDITIONAL_GEOMETRY_NOT_EVENT_LOCATION
4951,96.10437256,-32.31535767,1692.396181,3671.372469,1978.976288,False,True,False,False,DERIVED_CONDITIONAL_GEOMETRY_NOT_EVENT_LOCATION
4952,96.08455933,-32.33431152,1693.664868,3671.459975,1977.795108,False,True,False,False,DERIVED_CONDITIONAL_GEOMETRY_NOT_EVENT_LOCATION
4953,96.06474609,-32.35326538,1694.936341,3671.550193,1976.613852,False,True,False,False,DERIVED_CONDITIONAL_GEOMETRY_NOT_EVENT_LOCATION
4954,96.04493286,-32.37221924,1696.210593,3671.643122,1975.432529,False,True,False,False,DERIVED_CONDITIONAL_GEOMETRY_NOT_EVENT_LOCATION
4955,96.02511963,-32.39117310,1697.487617,3671.738762,1974.251146,False,True,False,False,DERIVED_CONDITIONAL_GEOMETRY_NOT_EVENT_LOCATION
4956,96.00530640,-32.41012695,1698.767403,3671.837112,1973.069710,False,True,False,False,DERIVED_CONDITIONAL_GEOMETRY_NOT_EVENT_LOCATION
4957,95.98549316,-32.42908081,1700.049944,3671.938173,1971.888229,False,True,False,False,DERIVED_CONDITIONAL_GEOMETRY_NOT_EVENT_LOCATION
4958,95.96567993,-32.44803467,1701.335232,3672.041942,1970.706710,False,True,False,False,DERIVED_CONDITIONAL_GEOMETRY_NOT_EVENT_LOCATION
4959,95.94586670,-32.46698853,1702.623260,3672.148421,1969.525161,False,True,False,False,DERIVED_CONDITIONAL_GEOMETRY_NOT_EVENT_LOCATION
4960,95.92605347,-32.48594238,1703.914018,3672.257609,1968.343590,False,True,False,False,DERIVED_CONDITIONAL_GEOMETRY_NOT_EVENT_LOCATION
4961,95.90624023,-32.50489624,1705.207500,3672.369505,1967.162004,False,True,False,False,DERIVED_CONDITIONAL_GEOMETRY_NOT_EVENT_LOCATION
4962,95.88642700,-32.52385010,1706.503697,3672.484108,1965.980411,False,True,False,False,DERIVED_CONDITIONAL_GEOMETRY_NOT_EVENT_LOCATION
4963,95.86661377,-32.54280396,1707.802601,3672.601419,1964.798818,False,True,False,False,DERIVED_CONDITIONAL_GEOMETRY_NOT_EVENT_LOCATION
4964,95.84680054,-32.56175781,1709.104205,3672.721436,1963.617232,False,True,False,False,DERIVED_CONDITIONAL_GEOMETRY_NOT_EVENT_LOCATION
4965,95.82698730,-32.58071167,1710.408500,3672.844160,1962.435660,False,True,False,False,DERIVED_CONDITIONAL_GEOMETRY_NOT_EVENT_LOCATION
4966,95.80717407,-32.59966553,1711.715479,3672.969590,1961.254111,False,True,False,False,DERIVED_CONDITIONAL_GEOMETRY_NOT_EVENT_LOCATION
4967,95.78736084,-32.61861938,1713.025133,3673.097725,1960.072592,False,True,False,False,DERIVED_CONDITIONAL_GEOMETRY_NOT_EVENT_LOCATION
4968,95.76754761,-32.63757324,1714.337455,3673.228565,1958.891110,False,True,False,False,DERIVED_CONDITIONAL_GEOMETRY_NOT_EVENT_LOCATION
4969,95.74805509,-32.65553518,1715.648777,3673.306908,1957.658131,False,True,False,False,DERIVED_CONDITIONAL_GEOMETRY_NOT_EVENT_LOCATION
4970,95.72856258,-32.67349713,1716.962491,3673.387775,1956.425284,False,True,False,False,DERIVED_CONDITIONAL_GEOMETRY_NOT_EVENT_LOCATION
4971,95.70907006,-32.69145907,1718.278590,3673.471167,1955.192577,False,True,False,False,DERIVED_CONDITIONAL_GEOMETRY_NOT_EVENT_LOCATION
4972,95.68957754,-32.70942101,1719.597067,3673.557083,1953.960017,False,True,False,False,DERIVED_CONDITIONAL_GEOMETRY_NOT_EVENT_LOCATION
4973,95.67008503,-32.72738295,1720.917914,3673.645523,1952.727609,False,True,False,False,DERIVED_CONDITIONAL_GEOMETRY_NOT_EVENT_LOCATION
4974,95.65059251,-32.74534490,1722.241125,3673.736486,1951.495362,False,True,False,False,DERIVED_CONDITIONAL_GEOMETRY_NOT_EVENT_LOCATION
4975,95.63109999,-32.76330684,1723.566692,3673.829973,1950.263280,False,True,False,False,DERIVED_CONDITIONAL_GEOMETRY_NOT_EVENT_LOCATION
4976,95.61160748,-32.78126878,1724.894609,3673.925981,1949.031372,False,True,False,False,DERIVED_CONDITIONAL_GEOMETRY_NOT_EVENT_LOCATION
4977,95.59211496,-32.79923072,1726.224869,3674.024512,1947.799643,False,True,False,False,DERIVED_CONDITIONAL_GEOMETRY_NOT_EVENT_LOCATION
4978,95.57262245,-32.81719266,1727.557464,3674.125565,1946.568100,False,True,False,False,DERIVED_CONDITIONAL_GEOMETRY_NOT_EVENT_LOCATION
4979,95.55312993,-32.83515461,1728.892388,3674.229139,1945.336751,False,True,False,False,DERIVED_CONDITIONAL_GEOMETRY_NOT_EVENT_LOCATION
4980,95.53363741,-32.85311655,1730.229634,3674.335233,1944.105600,False,True,False,False,DERIVED_CONDITIONAL_GEOMETRY_NOT_EVENT_LOCATION
4981,95.51414490,-32.87107849,1731.569194,3674.443849,1942.874655,False,True,False,False,DERIVED_CONDITIONAL_GEOMETRY_NOT_EVENT_LOCATION
4982,95.49465238,-32.88904043,1732.911062,3674.554984,1941.643923,False,True,False,False,DERIVED_CONDITIONAL_GEOMETRY_NOT_EVENT_LOCATION
4983,95.47515987,-32.90700238,1734.255230,3674.668639,1940.413409,False,True,False,False,DERIVED_CONDITIONAL_GEOMETRY_NOT_EVENT_LOCATION
4984,95.45566735,-32.92496432,1735.601693,3674.784813,1939.183120,False,True,False,False,DERIVED_CONDITIONAL_GEOMETRY_NOT_EVENT_LOCATION
4985,95.43617483,-32.94292626,1736.950442,3674.903506,1937.953064,False,True,False,False,DERIVED_CONDITIONAL_GEOMETRY_NOT_EVENT_LOCATION
4986,95.41668232,-32.96088820,1738.301472,3675.024717,1936.723245,False,True,False,False,DERIVED_CONDITIONAL_GEOMETRY_NOT_EVENT_LOCATION
4987,95.39718980,-32.97885014,1739.654774,3675.148446,1935.493672,False,True,False,False,DERIVED_CONDITIONAL_GEOMETRY_NOT_EVENT_LOCATION
4988,95.37769728,-32.99681209,1741.010343,3675.274692,1934.264349,False,True,False,False,DERIVED_CONDITIONAL_GEOMETRY_NOT_EVENT_LOCATION
4989,95.35820477,-33.01477403,1742.368171,3675.403455,1933.035284,False,True,False,False,DERIVED_CONDITIONAL_GEOMETRY_NOT_EVENT_LOCATION
4990,95.33871225,-33.03273597,1743.728252,3675.534735,1931.806482,False,True,False,False,DERIVED_CONDITIONAL_GEOMETRY_NOT_EVENT_LOCATION
4991,95.31921974,-33.05069791,1745.090579,3675.668530,1930.577951,False,True,False,False,DERIVED_CONDITIONAL_GEOMETRY_NOT_EVENT_LOCATION
4992,95.29972722,-33.06865986,1746.455144,3675.804840,1929.349696,False,True,False,False,DERIVED_CONDITIONAL_GEOMETRY_NOT_EVENT_LOCATION
4993,95.28023470,-33.08662180,1747.821941,3675.943666,1928.121725,False,True,False,False,DERIVED_CONDITIONAL_GEOMETRY_NOT_EVENT_LOCATION
4994,95.26074219,-33.10458374,1749.190964,3676.085006,1926.894042,False,True,False,False,DERIVED_CONDITIONAL_GEOMETRY_NOT_EVENT_LOCATION
4995,95.24080423,-33.12227572,1750.608914,3676.178352,1925.569437,False,True,False,False,DERIVED_CONDITIONAL_GEOMETRY_NOT_EVENT_LOCATION
4996,95.22086628,-33.13996770,1752.029014,3676.274236,1924.245223,False,True,False,False,DERIVED_CONDITIONAL_GEOMETRY_NOT_EVENT_LOCATION
4997,95.20092832,-33.15765968,1753.451255,3676.372660,1922.921405,False,True,False,False,DERIVED_CONDITIONAL_GEOMETRY_NOT_EVENT_LOCATION
4998,95.18099037,-33.17535166,1754.875632,3676.473623,1921.597990,False,True,False,False,DERIVED_CONDITIONAL_GEOMETRY_NOT_EVENT_LOCATION
4999,95.16105241,-33.19304364,1756.302138,3676.577123,1920.274985,False,True,False,False,DERIVED_CONDITIONAL_GEOMETRY_NOT_EVENT_LOCATION
5000,95.14111446,-33.21073561,1757.730765,3676.683161,1918.952396,False,True,False,False,DERIVED_CONDITIONAL_GEOMETRY_NOT_EVENT_LOCATION
5001,95.12117650,-33.22842759,1759.161507,3676.791736,1917.630229,False,True,False,False,DERIVED_CONDITIONAL_GEOMETRY_NOT_EVENT_LOCATION
5002,95.10123854,-33.24611957,1760.594357,3676.902848,1916.308491,False,True,False,False,DERIVED_CONDITIONAL_GEOMETRY_NOT_EVENT_LOCATION
5003,95.08130059,-33.26381155,1762.029308,3677.016496,1914.987187,False,True,False,False,DERIVED_CONDITIONAL_GEOMETRY_NOT_EVENT_LOCATION
5004,95.06136263,-33.28150353,1763.466354,3677.132679,1913.666325,False,True,False,False,DERIVED_CONDITIONAL_GEOMETRY_NOT_EVENT_LOCATION
5005,95.04142468,-33.29919551,1764.905489,3677.251398,1912.345910,False,True,False,False,DERIVED_CONDITIONAL_GEOMETRY_NOT_EVENT_LOCATION
5006,95.02148672,-33.31688749,1766.346704,3677.372652,1911.025948,False,True,False,False,DERIVED_CONDITIONAL_GEOMETRY_NOT_EVENT_LOCATION
5007,95.00154877,-33.33457947,1767.789994,3677.496440,1909.706446,False,True,False,False,DERIVED_CONDITIONAL_GEOMETRY_NOT_EVENT_LOCATION
5008,94.98161081,-33.35227145,1769.235351,3677.622762,1908.387411,False,True,False,False,DERIVED_CONDITIONAL_GEOMETRY_NOT_EVENT_LOCATION
5009,94.96167286,-33.36996343,1770.682770,3677.751617,1907.068847,False,True,False,False,DERIVED_CONDITIONAL_GEOMETRY_NOT_EVENT_LOCATION
5010,94.94173490,-33.38765540,1772.132244,3677.883005,1905.750761,False,True,False,False,DERIVED_CONDITIONAL_GEOMETRY_NOT_EVENT_LOCATION
5011,94.92179695,-33.40534738,1773.583765,3678.016925,1904.433160,False,True,False,False,DERIVED_CONDITIONAL_GEOMETRY_NOT_EVENT_LOCATION
5012,94.90185899,-33.42303936,1775.037327,3678.153377,1903.116050,False,True,False,False,DERIVED_CONDITIONAL_GEOMETRY_NOT_EVENT_LOCATION
5013,94.88192103,-33.44073134,1776.492924,3678.292361,1901.799436,False,True,False,False,DERIVED_CONDITIONAL_GEOMETRY_NOT_EVENT_LOCATION
5014,94.86198308,-33.45842332,1777.950549,3678.433874,1900.483325,False,True,False,False,DERIVED_CONDITIONAL_GEOMETRY_NOT_EVENT_LOCATION
5015,94.84204512,-33.47611530,1779.410196,3678.577918,1899.167723,False,True,False,False,DERIVED_CONDITIONAL_GEOMETRY_NOT_EVENT_LOCATION
5016,94.82210717,-33.49380728,1780.871857,3678.724492,1897.852635,False,True,False,False,DERIVED_CONDITIONAL_GEOMETRY_NOT_EVENT_LOCATION
5017,94.80216921,-33.51149926,1782.335527,3678.873595,1896.538068,False,True,False,False,DERIVED_CONDITIONAL_GEOMETRY_NOT_EVENT_LOCATION
5018,94.78223126,-33.52919124,1783.801198,3679.025226,1895.224028,False,True,False,False,DERIVED_CONDITIONAL_GEOMETRY_NOT_EVENT_LOCATION
5019,94.76229330,-33.54688322,1785.268865,3679.179386,1893.910521,False,True,False,False,DERIVED_CONDITIONAL_GEOMETRY_NOT_EVENT_LOCATION
5020,94.74235535,-33.56457520,1786.738520,3679.336072,1892.597552,False,True,False,False,DERIVED_CONDITIONAL_GEOMETRY_NOT_EVENT_LOCATION
5021,94.72272576,-33.58134517,1788.200050,3679.440419,1891.240370,False,True,False,False,DERIVED_CONDITIONAL_GEOMETRY_NOT_EVENT_LOCATION
5022,94.70309618,-33.59811514,1789.663352,3679.547134,1889.883782,False,True,False,False,DERIVED_CONDITIONAL_GEOMETRY_NOT_EVENT_LOCATION
5023,94.68346659,-33.61488512,1791.128422,3679.656215,1888.527793,False,True,False,False,DERIVED_CONDITIONAL_GEOMETRY_NOT_EVENT_LOCATION
5024,94.66383701,-33.63165509,1792.595253,3679.767663,1887.172410,False,True,False,False,DERIVED_CONDITIONAL_GEOMETRY_NOT_EVENT_LOCATION
5025,94.64420742,-33.64842507,1794.063839,3679.881477,1885.817638,False,True,False,False,DERIVED_CONDITIONAL_GEOMETRY_NOT_EVENT_LOCATION
5026,94.62457784,-33.66519504,1795.534175,3679.997656,1884.463481,False,True,False,False,DERIVED_CONDITIONAL_GEOMETRY_NOT_EVENT_LOCATION
5027,94.60494826,-33.68196502,1797.006255,3680.116201,1883.109945,False,True,False,False,DERIVED_CONDITIONAL_GEOMETRY_NOT_EVENT_LOCATION
5028,94.58531867,-33.69873499,1798.480073,3680.237109,1881.757036,False,True,False,False,DERIVED_CONDITIONAL_GEOMETRY_NOT_EVENT_LOCATION
5029,94.56568909,-33.71550496,1799.955624,3680.360382,1880.404758,False,True,False,False,DERIVED_CONDITIONAL_GEOMETRY_NOT_EVENT_LOCATION
5030,94.54605950,-33.73227494,1801.432901,3680.486019,1879.053118,False,True,False,False,DERIVED_CONDITIONAL_GEOMETRY_NOT_EVENT_LOCATION
5031,94.52642992,-33.74904491,1802.911900,3680.614019,1877.702119,False,True,False,False,DERIVED_CONDITIONAL_GEOMETRY_NOT_EVENT_LOCATION
5032,94.50680033,-33.76581489,1804.392614,3680.744381,1876.351768,False,True,False,False,DERIVED_CONDITIONAL_GEOMETRY_NOT_EVENT_LOCATION
5033,94.48717075,-33.78258486,1805.875037,3680.877106,1875.002069,False,True,False,False,DERIVED_CONDITIONAL_GEOMETRY_NOT_EVENT_LOCATION
5034,94.46754116,-33.79935484,1807.359165,3681.012192,1873.653028,False,True,False,False,DERIVED_CONDITIONAL_GEOMETRY_NOT_EVENT_LOCATION
5035,94.44791158,-33.81612481,1808.844991,3681.149640,1872.304649,False,True,False,False,DERIVED_CONDITIONAL_GEOMETRY_NOT_EVENT_LOCATION
5036,94.42828200,-33.83289478,1810.332509,3681.289448,1870.956939,False,True,False,False,DERIVED_CONDITIONAL_GEOMETRY_NOT_EVENT_LOCATION
5037,94.40865241,-33.84966476,1811.821715,3681.431617,1869.609901,False,True,False,False,DERIVED_CONDITIONAL_GEOMETRY_NOT_EVENT_LOCATION
5038,94.38902283,-33.86643473,1813.312602,3681.576145,1868.263542,False,True,False,False,DERIVED_CONDITIONAL_GEOMETRY_NOT_EVENT_LOCATION
5039,94.36939324,-33.88320471,1814.805166,3681.723032,1866.917866,False,True,False,False,DERIVED_CONDITIONAL_GEOMETRY_NOT_EVENT_LOCATION
5040,94.34976366,-33.89997468,1816.299399,3681.872278,1865.572879,False,True,False,False,DERIVED_CONDITIONAL_GEOMETRY_NOT_EVENT_LOCATION
5041,94.33013407,-33.91674466,1817.795297,3682.023881,1864.228584,False,True,False,False,DERIVED_CONDITIONAL_GEOMETRY_NOT_EVENT_LOCATION
5042,94.31050449,-33.93351463,1819.292855,3682.177843,1862.884988,False,True,False,False,DERIVED_CONDITIONAL_GEOMETRY_NOT_EVENT_LOCATION
5043,94.29087491,-33.95028460,1820.792066,3682.334161,1861.542096,False,True,False,False,DERIVED_CONDITIONAL_GEOMETRY_NOT_EVENT_LOCATION
5044,94.27124532,-33.96705458,1822.292925,3682.492836,1860.199911,False,True,False,False,DERIVED_CONDITIONAL_GEOMETRY_NOT_EVENT_LOCATION
5045,94.25161574,-33.98382455,1823.795426,3682.653867,1858.858441,False,True,False,False,DERIVED_CONDITIONAL_GEOMETRY_NOT_EVENT_LOCATION
5046,94.23198615,-34.00059453,1825.299565,3682.817253,1857.517688,False,True,False,False,DERIVED_CONDITIONAL_GEOMETRY_NOT_EVENT_LOCATION
5047,94.21235657,-34.01736450,1826.805335,3682.982994,1856.177659,False,True,False,False,DERIVED_CONDITIONAL_GEOMETRY_NOT_EVENT_LOCATION
5048,94.19301006,-34.03327070,1828.301372,3683.097366,1854.795994,False,True,False,False,DERIVED_CONDITIONAL_GEOMETRY_NOT_EVENT_LOCATION
5049,94.17366355,-34.04917690,1829.798860,3683.213950,1853.415090,False,True,False,False,DERIVED_CONDITIONAL_GEOMETRY_NOT_EVENT_LOCATION
5050,94.15431704,-34.06508310,1831.297795,3683.332746,1852.034951,False,True,False,False,DERIVED_CONDITIONAL_GEOMETRY_NOT_EVENT_LOCATION
5051,94.13497053,-34.08098929,1832.798170,3683.453753,1850.655583,False,True,False,False,DERIVED_CONDITIONAL_GEOMETRY_NOT_EVENT_LOCATION
5052,94.11562402,-34.09689549,1834.299982,3683.576971,1849.276989,False,True,False,False,DERIVED_CONDITIONAL_GEOMETRY_NOT_EVENT_LOCATION
5053,94.09627751,-34.11280169,1835.803226,3683.702400,1847.899174,False,True,False,False,DERIVED_CONDITIONAL_GEOMETRY_NOT_EVENT_LOCATION
5054,94.07693100,-34.12870789,1837.307896,3683.830039,1846.522142,False,True,False,False,DERIVED_CONDITIONAL_GEOMETRY_NOT_EVENT_LOCATION
5055,94.05758449,-34.14461408,1838.813989,3683.959887,1845.145898,False,True,False,False,DERIVED_CONDITIONAL_GEOMETRY_NOT_EVENT_LOCATION
5056,94.03823798,-34.16052028,1840.321498,3684.091944,1843.770446,False,True,False,False,DERIVED_CONDITIONAL_GEOMETRY_NOT_EVENT_LOCATION
5057,94.01889147,-34.17642648,1841.830420,3684.226210,1842.395790,False,True,False,False,DERIVED_CONDITIONAL_GEOMETRY_NOT_EVENT_LOCATION
5058,93.99954496,-34.19233268,1843.340750,3684.362684,1841.021934,False,True,False,False,DERIVED_CONDITIONAL_GEOMETRY_NOT_EVENT_LOCATION
5059,93.98019845,-34.20823887,1844.852482,3684.501365,1839.648883,False,True,False,False,DERIVED_CONDITIONAL_GEOMETRY_NOT_EVENT_LOCATION
5060,93.96085194,-34.22414507,1846.365612,3684.642254,1838.276642,False,True,False,False,DERIVED_CONDITIONAL_GEOMETRY_NOT_EVENT_LOCATION
5061,93.94150543,-34.24005127,1847.880136,3684.785349,1836.905213,False,True,False,False,DERIVED_CONDITIONAL_GEOMETRY_NOT_EVENT_LOCATION
5062,93.92215892,-34.25595747,1849.396048,3684.930651,1835.534603,False,True,False,False,DERIVED_CONDITIONAL_GEOMETRY_NOT_EVENT_LOCATION
5063,93.90281241,-34.27186366,1850.913344,3685.078158,1834.164814,False,True,False,False,DERIVED_CONDITIONAL_GEOMETRY_NOT_EVENT_LOCATION
5064,93.88346590,-34.28776986,1852.432019,3685.227870,1832.795851,False,True,False,False,DERIVED_CONDITIONAL_GEOMETRY_NOT_EVENT_LOCATION
5065,93.86411939,-34.30367606,1853.952068,3685.379787,1831.427719,False,True,False,False,DERIVED_CONDITIONAL_GEOMETRY_NOT_EVENT_LOCATION
5066,93.84477288,-34.31958226,1855.473487,3685.533908,1830.060421,False,True,False,False,DERIVED_CONDITIONAL_GEOMETRY_NOT_EVENT_LOCATION
5067,93.82542637,-34.33548846,1856.996271,3685.690232,1828.693962,False,True,False,False,DERIVED_CONDITIONAL_GEOMETRY_NOT_EVENT_LOCATION
5068,93.80607986,-34.35139465,1858.520415,3685.848760,1827.328345,False,True,False,False,DERIVED_CONDITIONAL_GEOMETRY_NOT_EVENT_LOCATION
5069,93.78673335,-34.36730085,1860.045914,3686.009490,1825.963576,False,True,False,False,DERIVED_CONDITIONAL_GEOMETRY_NOT_EVENT_LOCATION
5070,93.76738685,-34.38320705,1861.572765,3686.172422,1824.599657,False,True,False,False,DERIVED_CONDITIONAL_GEOMETRY_NOT_EVENT_LOCATION
5071,93.74804034,-34.39911325,1863.100962,3686.337556,1823.236594,False,True,False,False,DERIVED_CONDITIONAL_GEOMETRY_NOT_EVENT_LOCATION
5072,93.72869383,-34.41501944,1864.630501,3686.504890,1821.874389,False,True,False,False,DERIVED_CONDITIONAL_GEOMETRY_NOT_EVENT_LOCATION
5073,93.70934732,-34.43092564,1866.161377,3686.674425,1820.513049,False,True,False,False,DERIVED_CONDITIONAL_GEOMETRY_NOT_EVENT_LOCATION
5074,93.69000081,-34.44683184,1867.693585,3686.846160,1819.152575,False,True,False,False,DERIVED_CONDITIONAL_GEOMETRY_NOT_EVENT_LOCATION
5075,93.67065430,-34.46273804,1869.227121,3687.020094,1817.792973,False,True,False,False,DERIVED_CONDITIONAL_GEOMETRY_NOT_EVENT_LOCATION
5076,93.65088872,-34.47837176,1870.803916,3687.148181,1816.344265,False,True,False,False,DERIVED_CONDITIONAL_GEOMETRY_NOT_EVENT_LOCATION
5077,93.63112313,-34.49400548,1872.381974,3687.278490,1814.896516,False,True,False,False,DERIVED_CONDITIONAL_GEOMETRY_NOT_EVENT_LOCATION
5078,93.61135755,-34.50963920,1873.961290,3687.411020,1813.449731,False,True,False,False,DERIVED_CONDITIONAL_GEOMETRY_NOT_EVENT_LOCATION
5079,93.59159197,-34.52527291,1875.541859,3687.545773,1812.003914,False,True,False,False,DERIVED_CONDITIONAL_GEOMETRY_NOT_EVENT_LOCATION
5080,93.57182639,-34.54090663,1877.123677,3687.682746,1810.559068,False,True,False,False,DERIVED_CONDITIONAL_GEOMETRY_NOT_EVENT_LOCATION
5081,93.55206081,-34.55654035,1878.706740,3687.821939,1809.115199,False,True,False,False,DERIVED_CONDITIONAL_GEOMETRY_NOT_EVENT_LOCATION
5082,93.53229523,-34.57217407,1880.291043,3687.963352,1807.672309,False,True,False,False,DERIVED_CONDITIONAL_GEOMETRY_NOT_EVENT_LOCATION
5083,93.51252965,-34.58780779,1881.876582,3688.106985,1806.230402,False,True,False,False,DERIVED_CONDITIONAL_GEOMETRY_NOT_EVENT_LOCATION
5084,93.49276406,-34.60344151,1883.463352,3688.252836,1804.789484,False,True,False,False,DERIVED_CONDITIONAL_GEOMETRY_NOT_EVENT_LOCATION
5085,93.47299848,-34.61907523,1885.051349,3688.400906,1803.349557,False,True,False,False,DERIVED_CONDITIONAL_GEOMETRY_NOT_EVENT_LOCATION
5086,93.45323290,-34.63470895,1886.640568,3688.551193,1801.910625,False,True,False,False,DERIVED_CONDITIONAL_GEOMETRY_NOT_EVENT_LOCATION
5087,93.43346732,-34.65034267,1888.231005,3688.703698,1800.472693,False,True,False,False,DERIVED_CONDITIONAL_GEOMETRY_NOT_EVENT_LOCATION
5088,93.41370174,-34.66597639,1889.822655,3688.858419,1799.035764,False,True,False,False,DERIVED_CONDITIONAL_GEOMETRY_NOT_EVENT_LOCATION
5089,93.39393616,-34.68161011,1891.415515,3689.015356,1797.599842,False,True,False,False,DERIVED_CONDITIONAL_GEOMETRY_NOT_EVENT_LOCATION
5090,93.37417058,-34.69724383,1893.009579,3689.174510,1796.164931,False,True,False,False,DERIVED_CONDITIONAL_GEOMETRY_NOT_EVENT_LOCATION
5091,93.35440499,-34.71287755,1894.604843,3689.335878,1794.731034,False,True,False,False,DERIVED_CONDITIONAL_GEOMETRY_NOT_EVENT_LOCATION
5092,93.33463941,-34.72851127,1896.201304,3689.499460,1793.298156,False,True,False,False,DERIVED_CONDITIONAL_GEOMETRY_NOT_EVENT_LOCATION
5093,93.31487383,-34.74414498,1897.798956,3689.665257,1791.866301,False,True,False,False,DERIVED_CONDITIONAL_GEOMETRY_NOT_EVENT_LOCATION
5094,93.29510825,-34.75977870,1899.397795,3689.833267,1790.435471,False,True,False,False,DERIVED_CONDITIONAL_GEOMETRY_NOT_EVENT_LOCATION
5095,93.27534267,-34.77541242,1900.997818,3690.003489,1789.005672,False,True,False,False,DERIVED_CONDITIONAL_GEOMETRY_NOT_EVENT_LOCATION
5096,93.25557709,-34.79104614,1902.599018,3690.175924,1787.576906,False,True,False,False,DERIVED_CONDITIONAL_GEOMETRY_NOT_EVENT_LOCATION
5097,93.23581151,-34.80667986,1904.201394,3690.350571,1786.149177,False,True,False,False,DERIVED_CONDITIONAL_GEOMETRY_NOT_EVENT_LOCATION
5098,93.21604592,-34.82231358,1905.804939,3690.527429,1784.722490,False,True,False,False,DERIVED_CONDITIONAL_GEOMETRY_NOT_EVENT_LOCATION
5099,93.19628034,-34.83794730,1907.409650,3690.706497,1783.296847,False,True,False,False,DERIVED_CONDITIONAL_GEOMETRY_NOT_EVENT_LOCATION
5100,93.17651476,-34.85358102,1909.015522,3690.887775,1781.872253,False,True,False,False,DERIVED_CONDITIONAL_GEOMETRY_NOT_EVENT_LOCATION
5101,93.15674918,-34.86921474,1910.622552,3691.071262,1780.448710,False,True,False,False,DERIVED_CONDITIONAL_GEOMETRY_NOT_EVENT_LOCATION
5102,93.13698360,-34.88484846,1912.230735,3691.256958,1779.026224,False,True,False,False,DERIVED_CONDITIONAL_GEOMETRY_NOT_EVENT_LOCATION
5103,93.11721802,-34.90048218,1913.840066,3691.444863,1777.604797,False,True,False,False,DERIVED_CONDITIONAL_GEOMETRY_NOT_EVENT_LOCATION
5104,93.09772781,-34.91530846,1915.434938,3691.581784,1776.146847,False,True,False,False,DERIVED_CONDITIONAL_GEOMETRY_NOT_EVENT_LOCATION
5105,93.07823760,-34.93013474,1917.030821,3691.720787,1774.689966,False,True,False,False,DERIVED_CONDITIONAL_GEOMETRY_NOT_EVENT_LOCATION
5106,93.05874739,-34.94496102,1918.627712,3691.861870,1773.234158,False,True,False,False,DERIVED_CONDITIONAL_GEOMETRY_NOT_EVENT_LOCATION
5107,93.03925718,-34.95978730,1920.225607,3692.005032,1771.779424,False,True,False,False,DERIVED_CONDITIONAL_GEOMETRY_NOT_EVENT_LOCATION
5108,93.01976697,-34.97461358,1921.824503,3692.150273,1770.325770,False,True,False,False,DERIVED_CONDITIONAL_GEOMETRY_NOT_EVENT_LOCATION
5109,93.00027676,-34.98943987,1923.424396,3692.297594,1768.873198,False,True,False,False,DERIVED_CONDITIONAL_GEOMETRY_NOT_EVENT_LOCATION
5110,92.98078655,-35.00426615,1925.025281,3692.446992,1767.421711,False,True,False,False,DERIVED_CONDITIONAL_GEOMETRY_NOT_EVENT_LOCATION
5111,92.96129634,-35.01909243,1926.627157,3692.598468,1765.971312,False,True,False,False,DERIVED_CONDITIONAL_GEOMETRY_NOT_EVENT_LOCATION
5112,92.94180614,-35.03391871,1928.230017,3692.752022,1764.522004,False,True,False,False,DERIVED_CONDITIONAL_GEOMETRY_NOT_EVENT_LOCATION
5113,92.92231593,-35.04874499,1929.833860,3692.907651,1763.073792,False,True,False,False,DERIVED_CONDITIONAL_GEOMETRY_NOT_EVENT_LOCATION
5114,92.90282572,-35.06357127,1931.438681,3693.065358,1761.626677,False,True,False,False,DERIVED_CONDITIONAL_GEOMETRY_NOT_EVENT_LOCATION
5115,92.88333551,-35.07839755,1933.044477,3693.225139,1760.180662,False,True,False,False,DERIVED_CONDITIONAL_GEOMETRY_NOT_EVENT_LOCATION
5116,92.86384530,-35.09322383,1934.651244,3693.386996,1758.735752,False,True,False,False,DERIVED_CONDITIONAL_GEOMETRY_NOT_EVENT_LOCATION
5117,92.84435509,-35.10805012,1936.258978,3693.550927,1757.291949,False,True,False,False,DERIVED_CONDITIONAL_GEOMETRY_NOT_EVENT_LOCATION
5118,92.82486488,-35.12287640,1937.867676,3693.716933,1755.849257,False,True,False,False,DERIVED_CONDITIONAL_GEOMETRY_NOT_EVENT_LOCATION
5119,92.80537467,-35.13770268,1939.477334,3693.885011,1754.407677,False,True,False,False,DERIVED_CONDITIONAL_GEOMETRY_NOT_EVENT_LOCATION
5120,92.78588446,-35.15252896,1941.087949,3694.055163,1752.967214,False,True,False,False,DERIVED_CONDITIONAL_GEOMETRY_NOT_EVENT_LOCATION
5121,92.76639425,-35.16735524,1942.699517,3694.227387,1751.527870,False,True,False,False,DERIVED_CONDITIONAL_GEOMETRY_NOT_EVENT_LOCATION
5122,92.74690404,-35.18218152,1944.312035,3694.401683,1750.089649,False,True,False,False,DERIVED_CONDITIONAL_GEOMETRY_NOT_EVENT_LOCATION
5123,92.72741384,-35.19700780,1945.925498,3694.578050,1748.652553,False,True,False,False,DERIVED_CONDITIONAL_GEOMETRY_NOT_EVENT_LOCATION
5124,92.70792363,-35.21183409,1947.539903,3694.756488,1747.216585,False,True,False,False,DERIVED_CONDITIONAL_GEOMETRY_NOT_EVENT_LOCATION
5125,92.68843342,-35.22666037,1949.155248,3694.936996,1745.781749,False,True,False,False,DERIVED_CONDITIONAL_GEOMETRY_NOT_EVENT_LOCATION
5126,92.66894321,-35.24148665,1950.771527,3695.119574,1744.348047,False,True,False,False,DERIVED_CONDITIONAL_GEOMETRY_NOT_EVENT_LOCATION
5127,92.64945300,-35.25631293,1952.388739,3695.304221,1742.915482,False,True,False,False,DERIVED_CONDITIONAL_GEOMETRY_NOT_EVENT_LOCATION
5128,92.62996279,-35.27113921,1954.006878,3695.490936,1741.484058,False,True,False,False,DERIVED_CONDITIONAL_GEOMETRY_NOT_EVENT_LOCATION
5129,92.61047258,-35.28596549,1955.625942,3695.679719,1740.053777,False,True,False,False,DERIVED_CONDITIONAL_GEOMETRY_NOT_EVENT_LOCATION
5130,92.59098237,-35.30079177,1957.245928,3695.870570,1738.624642,False,True,False,False,DERIVED_CONDITIONAL_GEOMETRY_NOT_EVENT_LOCATION
5131,92.57149216,-35.31561805,1958.866831,3696.063487,1737.196656,False,True,False,False,DERIVED_CONDITIONAL_GEOMETRY_NOT_EVENT_LOCATION
5132,92.55200195,-35.33044434,1960.488648,3696.258470,1735.769822,False,True,False,False,DERIVED_CONDITIONAL_GEOMETRY_NOT_EVENT_LOCATION
5133,92.53210397,-35.34499385,1962.150813,3696.408444,1734.257631,False,True,False,False,DERIVED_CONDITIONAL_GEOMETRY_NOT_EVENT_LOCATION
5134,92.51220598,-35.35954337,1963.813835,3696.560508,1732.746672,False,True,False,False,DERIVED_CONDITIONAL_GEOMETRY_NOT_EVENT_LOCATION
5135,92.49230799,-35.37409289,1965.477710,3696.714659,1731.236949,False,True,False,False,DERIVED_CONDITIONAL_GEOMETRY_NOT_EVENT_LOCATION
5136,92.47241000,-35.38864241,1967.142435,3696.870898,1729.728463,False,True,False,False,DERIVED_CONDITIONAL_GEOMETRY_NOT_EVENT_LOCATION
5137,92.45251202,-35.40319193,1968.808007,3697.029225,1728.221218,False,True,False,False,DERIVED_CONDITIONAL_GEOMETRY_NOT_EVENT_LOCATION
5138,92.43261403,-35.41774145,1970.474421,3697.189638,1726.715217,False,True,False,False,DERIVED_CONDITIONAL_GEOMETRY_NOT_EVENT_LOCATION
5139,92.41271604,-35.43229097,1972.141675,3697.352137,1725.210462,False,True,False,False,DERIVED_CONDITIONAL_GEOMETRY_NOT_EVENT_LOCATION
5140,92.39281806,-35.44684048,1973.809765,3697.516721,1723.706956,False,True,False,False,DERIVED_CONDITIONAL_GEOMETRY_NOT_EVENT_LOCATION
5141,92.37292007,-35.46139000,1975.478688,3697.683391,1722.204703,False,True,False,False,DERIVED_CONDITIONAL_GEOMETRY_NOT_EVENT_LOCATION
5142,92.35302208,-35.47593952,1977.148440,3697.852144,1720.703704,False,True,False,False,DERIVED_CONDITIONAL_GEOMETRY_NOT_EVENT_LOCATION
5143,92.33312409,-35.49048904,1978.819019,3698.022982,1719.203963,False,True,False,False,DERIVED_CONDITIONAL_GEOMETRY_NOT_EVENT_LOCATION
5144,92.31322611,-35.50503856,1980.490421,3698.195903,1717.705482,False,True,False,False,DERIVED_CONDITIONAL_GEOMETRY_NOT_EVENT_LOCATION
5145,92.29332812,-35.51958808,1982.162642,3698.370907,1716.208264,False,True,False,False,DERIVED_CONDITIONAL_GEOMETRY_NOT_EVENT_LOCATION
5146,92.27343013,-35.53413759,1983.835680,3698.547992,1714.712312,False,True,False,False,DERIVED_CONDITIONAL_GEOMETRY_NOT_EVENT_LOCATION
5147,92.25353215,-35.54868711,1985.509531,3698.727160,1713.217628,False,True,False,False,DERIVED_CONDITIONAL_GEOMETRY_NOT_EVENT_LOCATION
5148,92.23363416,-35.56323663,1987.184192,3698.908408,1711.724216,False,True,False,False,DERIVED_CONDITIONAL_GEOMETRY_NOT_EVENT_LOCATION
5149,92.21373617,-35.57778615,1988.859659,3699.091736,1710.232077,False,True,False,False,DERIVED_CONDITIONAL_GEOMETRY_NOT_EVENT_LOCATION
5150,92.19383819,-35.59233567,1990.535930,3699.277145,1708.741215,False,True,False,False,DERIVED_CONDITIONAL_GEOMETRY_NOT_EVENT_LOCATION
5151,92.17394020,-35.60688519,1992.213001,3699.464632,1707.251632,False,True,False,False,DERIVED_CONDITIONAL_GEOMETRY_NOT_EVENT_LOCATION
5152,92.15404221,-35.62143471,1993.890868,3699.654199,1705.763330,False,True,False,False,DERIVED_CONDITIONAL_GEOMETRY_NOT_EVENT_LOCATION
5153,92.13414422,-35.63598422,1995.569529,3699.845843,1704.276313,False,True,False,False,DERIVED_CONDITIONAL_GEOMETRY_NOT_EVENT_LOCATION
5154,92.11424624,-35.65053374,1997.248981,3700.039564,1702.790583,False,True,False,False,DERIVED_CONDITIONAL_GEOMETRY_NOT_EVENT_LOCATION
5155,92.09434825,-35.66508326,1998.929220,3700.235362,1701.306143,False,True,False,False,DERIVED_CONDITIONAL_GEOMETRY_NOT_EVENT_LOCATION
5156,92.07445026,-35.67963278,2000.610243,3700.433237,1699.822994,False,True,False,False,DERIVED_CONDITIONAL_GEOMETRY_NOT_EVENT_LOCATION
5157,92.05455228,-35.69418230,2002.292046,3700.633187,1698.341141,False,True,False,False,DERIVED_CONDITIONAL_GEOMETRY_NOT_EVENT_LOCATION
5158,92.03465429,-35.70873182,2003.974627,3700.835212,1696.860584,False,True,False,False,DERIVED_CONDITIONAL_GEOMETRY_NOT_EVENT_LOCATION
5159,92.01475630,-35.72328133,2005.657983,3701.039311,1695.381328,False,True,False,False,DERIVED_CONDITIONAL_GEOMETRY_NOT_EVENT_LOCATION
5160,91.99485831,-35.73783085,2007.342110,3701.245484,1693.903374,False,True,False,False,DERIVED_CONDITIONAL_GEOMETRY_NOT_EVENT_LOCATION
5161,91.97496033,-35.75238037,2009.027005,3701.453729,1692.426725,False,True,False,False,DERIVED_CONDITIONAL_GEOMETRY_NOT_EVENT_LOCATION
5162,91.95533091,-35.76617025,2010.693990,3701.611180,1690.917190,False,True,False,False,DERIVED_CONDITIONAL_GEOMETRY_NOT_EVENT_LOCATION
5163,91.93570150,-35.77996012,2012.361641,3701.770589,1689.408948,False,True,False,False,DERIVED_CONDITIONAL_GEOMETRY_NOT_EVENT_LOCATION
5164,91.91607208,-35.79375000,2014.029956,3701.931957,1687.902001,False,True,False,False,DERIVED_CONDITIONAL_GEOMETRY_NOT_EVENT_LOCATION
5165,91.89644267,-35.80753988,2015.698930,3702.095282,1686.396352,False,True,False,False,DERIVED_CONDITIONAL_GEOMETRY_NOT_EVENT_LOCATION
5166,91.87681325,-35.82132975,2017.368562,3702.260565,1684.892002,False,True,False,False,DERIVED_CONDITIONAL_GEOMETRY_NOT_EVENT_LOCATION
5167,91.85718384,-35.83511963,2019.038849,3702.427803,1683.388954,False,True,False,False,DERIVED_CONDITIONAL_GEOMETRY_NOT_EVENT_LOCATION
5168,91.83755442,-35.84890951,2020.709788,3702.596998,1681.887210,False,True,False,False,DERIVED_CONDITIONAL_GEOMETRY_NOT_EVENT_LOCATION
5169,91.81792501,-35.86269938,2022.381377,3702.768149,1680.386772,False,True,False,False,DERIVED_CONDITIONAL_GEOMETRY_NOT_EVENT_LOCATION
5170,91.79829559,-35.87648926,2024.053612,3702.941254,1678.887642,False,True,False,False,DERIVED_CONDITIONAL_GEOMETRY_NOT_EVENT_LOCATION
5171,91.77866618,-35.89027913,2025.726491,3703.116314,1677.389823,False,True,False,False,DERIVED_CONDITIONAL_GEOMETRY_NOT_EVENT_LOCATION
5172,91.75903676,-35.90406901,2027.400011,3703.293328,1675.893317,False,True,False,False,DERIVED_CONDITIONAL_GEOMETRY_NOT_EVENT_LOCATION
5173,91.73940735,-35.91785889,2029.074170,3703.472295,1674.398125,False,True,False,False,DERIVED_CONDITIONAL_GEOMETRY_NOT_EVENT_LOCATION
5174,91.71977793,-35.93164876,2030.748965,3703.653215,1672.904250,False,True,False,False,DERIVED_CONDITIONAL_GEOMETRY_NOT_EVENT_LOCATION
5175,91.70014852,-35.94543864,2032.424393,3703.836087,1671.411694,False,True,False,False,DERIVED_CONDITIONAL_GEOMETRY_NOT_EVENT_LOCATION
5176,91.68051910,-35.95922852,2034.100451,3704.020910,1669.920459,False,True,False,False,DERIVED_CONDITIONAL_GEOMETRY_NOT_EVENT_LOCATION
5177,91.66088969,-35.97301839,2035.777138,3704.207685,1668.430547,False,True,False,False,DERIVED_CONDITIONAL_GEOMETRY_NOT_EVENT_LOCATION
5178,91.64126027,-35.98680827,2037.454449,3704.396410,1666.941961,False,True,False,False,DERIVED_CONDITIONAL_GEOMETRY_NOT_EVENT_LOCATION
5179,91.62163086,-36.00059814,2039.132383,3704.587086,1665.454702,False,True,False,False,DERIVED_CONDITIONAL_GEOMETRY_NOT_EVENT_LOCATION
5180,91.60200144,-36.01438802,2040.810938,3704.779710,1663.968773,False,True,False,False,DERIVED_CONDITIONAL_GEOMETRY_NOT_EVENT_LOCATION
5181,91.58237203,-36.02817790,2042.490109,3704.974284,1662.484175,False,True,False,False,DERIVED_CONDITIONAL_GEOMETRY_NOT_EVENT_LOCATION
5182,91.56274261,-36.04196777,2044.169895,3705.170805,1661.000910,False,True,False,False,DERIVED_CONDITIONAL_GEOMETRY_NOT_EVENT_LOCATION
5183,91.54311320,-36.05575765,2045.850293,3705.369274,1659.518981,False,True,False,False,DERIVED_CONDITIONAL_GEOMETRY_NOT_EVENT_LOCATION
5184,91.52348378,-36.06954753,2047.531301,3705.569691,1658.038390,False,True,False,False,DERIVED_CONDITIONAL_GEOMETRY_NOT_EVENT_LOCATION
5185,91.50385437,-36.08333740,2049.212915,3705.772053,1656.559138,False,True,False,False,DERIVED_CONDITIONAL_GEOMETRY_NOT_EVENT_LOCATION
5186,91.48422496,-36.09712728,2050.895134,3705.976362,1655.081228,False,True,False,False,DERIVED_CONDITIONAL_GEOMETRY_NOT_EVENT_LOCATION
5187,91.46459554,-36.11091715,2052.577954,3706.182616,1653.604662,False,True,False,False,DERIVED_CONDITIONAL_GEOMETRY_NOT_EVENT_LOCATION
5188,91.44496613,-36.12470703,2054.261373,3706.390814,1652.129441,False,True,False,False,DERIVED_CONDITIONAL_GEOMETRY_NOT_EVENT_LOCATION
5189,91.42533671,-36.13849691,2055.945389,3706.600957,1650.655567,False,True,False,False,DERIVED_CONDITIONAL_GEOMETRY_NOT_EVENT_LOCATION
5190,91.40570730,-36.15228678,2057.629999,3706.813042,1649.183043,False,True,False,False,DERIVED_CONDITIONAL_GEOMETRY_NOT_EVENT_LOCATION
5191,91.38607788,-36.16607666,2059.315201,3707.027071,1647.711870,False,True,False,False,DERIVED_CONDITIONAL_GEOMETRY_NOT_EVENT_LOCATION
5192,91.36669971,-36.17915098,2060.982292,3707.191593,1646.209301,False,True,False,False,DERIVED_CONDITIONAL_GEOMETRY_NOT_EVENT_LOCATION
5193,91.34732154,-36.19222530,2062.649890,3707.357955,1644.708064,False,True,False,False,DERIVED_CONDITIONAL_GEOMETRY_NOT_EVENT_LOCATION
5194,91.32794337,-36.20529962,2064.317994,3707.526156,1643.208162,False,True,False,False,DERIVED_CONDITIONAL_GEOMETRY_NOT_EVENT_LOCATION
5195,91.30856520,-36.21837394,2065.986601,3707.696197,1641.709596,False,True,False,False,DERIVED_CONDITIONAL_GEOMETRY_NOT_EVENT_LOCATION
5196,91.28918703,-36.23144827,2067.655709,3707.868077,1640.212367,False,True,False,False,DERIVED_CONDITIONAL_GEOMETRY_NOT_EVENT_LOCATION
5197,91.26980886,-36.24452259,2069.325316,3708.041794,1638.716478,False,True,False,False,DERIVED_CONDITIONAL_GEOMETRY_NOT_EVENT_LOCATION
5198,91.25043069,-36.25759691,2070.995420,3708.217350,1637.221930,False,True,False,False,DERIVED_CONDITIONAL_GEOMETRY_NOT_EVENT_LOCATION
5199,91.23105252,-36.27067123,2072.666017,3708.394743,1635.728725,False,True,False,False,DERIVED_CONDITIONAL_GEOMETRY_NOT_EVENT_LOCATION
5200,91.21167435,-36.28374555,2074.337107,3708.573972,1634.236865,False,True,False,False,DERIVED_CONDITIONAL_GEOMETRY_NOT_EVENT_LOCATION
5201,91.19229618,-36.29681987,2076.008687,3708.755037,1632.746351,False,True,False,False,DERIVED_CONDITIONAL_GEOMETRY_NOT_EVENT_LOCATION
5202,91.17291801,-36.30989419,2077.680754,3708.937938,1631.257184,False,True,False,False,DERIVED_CONDITIONAL_GEOMETRY_NOT_EVENT_LOCATION
5203,91.15353984,-36.32296851,2079.353307,3709.122674,1629.769367,False,True,False,False,DERIVED_CONDITIONAL_GEOMETRY_NOT_EVENT_LOCATION
5204,91.13416167,-36.33604283,2081.026343,3709.309245,1628.282901,False,True,False,False,DERIVED_CONDITIONAL_GEOMETRY_NOT_EVENT_LOCATION
5205,91.11478350,-36.34911716,2082.699861,3709.497649,1626.797788,False,True,False,False,DERIVED_CONDITIONAL_GEOMETRY_NOT_EVENT_LOCATION
5206,91.09540533,-36.36219148,2084.373857,3709.687887,1625.314030,False,True,False,False,DERIVED_CONDITIONAL_GEOMETRY_NOT_EVENT_LOCATION
5207,91.07602716,-36.37526580,2086.048331,3709.879958,1623.831627,False,True,False,False,DERIVED_CONDITIONAL_GEOMETRY_NOT_EVENT_LOCATION
5208,91.05664899,-36.38834012,2087.723279,3710.073861,1622.350582,False,True,False,False,DERIVED_CONDITIONAL_GEOMETRY_NOT_EVENT_LOCATION
5209,91.03727082,-36.40141444,2089.398700,3710.269596,1620.870896,False,True,False,False,DERIVED_CONDITIONAL_GEOMETRY_NOT_EVENT_LOCATION
5210,91.01789265,-36.41448876,2091.074591,3710.467162,1619.392571,False,True,False,False,DERIVED_CONDITIONAL_GEOMETRY_NOT_EVENT_LOCATION
5211,90.99851448,-36.42756308,2092.750951,3710.666559,1617.915608,False,True,False,False,DERIVED_CONDITIONAL_GEOMETRY_NOT_EVENT_LOCATION
5212,90.97913631,-36.44063740,2094.427776,3710.867786,1616.440009,False,True,False,False,DERIVED_CONDITIONAL_GEOMETRY_NOT_EVENT_LOCATION
5213,90.95975814,-36.45371173,2096.105066,3711.070842,1614.965776,False,True,False,False,DERIVED_CONDITIONAL_GEOMETRY_NOT_EVENT_LOCATION
5214,90.94037997,-36.46678605,2097.782818,3711.275727,1613.492909,False,True,False,False,DERIVED_CONDITIONAL_GEOMETRY_NOT_EVENT_LOCATION
5215,90.92100180,-36.47986037,2099.461030,3711.482441,1612.021411,False,True,False,False,DERIVED_CONDITIONAL_GEOMETRY_NOT_EVENT_LOCATION
5216,90.90162363,-36.49293469,2101.139699,3711.690983,1610.551284,False,True,False,False,DERIVED_CONDITIONAL_GEOMETRY_NOT_EVENT_LOCATION
5217,90.88224546,-36.50600901,2102.818824,3711.901352,1609.082527,False,True,False,False,DERIVED_CONDITIONAL_GEOMETRY_NOT_EVENT_LOCATION
5218,90.86286729,-36.51908333,2104.498403,3712.113547,1607.615144,False,True,False,False,DERIVED_CONDITIONAL_GEOMETRY_NOT_EVENT_LOCATION
5219,90.84348912,-36.53215765,2106.178433,3712.327569,1606.149136,False,True,False,False,DERIVED_CONDITIONAL_GEOMETRY_NOT_EVENT_LOCATION
5220,90.82411095,-36.54523197,2107.858913,3712.543416,1604.684503,False,True,False,False,DERIVED_CONDITIONAL_GEOMETRY_NOT_EVENT_LOCATION
5221,90.80473278,-36.55830629,2109.539840,3712.761088,1603.221249,False,True,False,False,DERIVED_CONDITIONAL_GEOMETRY_NOT_EVENT_LOCATION
5222,90.78535461,-36.57138062,2111.221212,3712.980585,1601.759373,False,True,False,False,DERIVED_CONDITIONAL_GEOMETRY_NOT_EVENT_LOCATION
5223,90.76559497,-36.58417536,2112.938081,3713.157012,1600.218931,False,True,False,False,DERIVED_CONDITIONAL_GEOMETRY_NOT_EVENT_LOCATION
5224,90.74583534,-36.59697010,2114.655351,3713.335284,1598.679933,False,True,False,False,DERIVED_CONDITIONAL_GEOMETRY_NOT_EVENT_LOCATION
5225,90.72607570,-36.60976484,2116.373021,3713.515401,1597.142381,False,True,False,False,DERIVED_CONDITIONAL_GEOMETRY_NOT_EVENT_LOCATION
5226,90.70631606,-36.62255958,2118.091087,3713.697362,1595.606275,False,True,False,False,DERIVED_CONDITIONAL_GEOMETRY_NOT_EVENT_LOCATION
5227,90.68655642,-36.63535432,2119.809549,3713.881167,1594.071618,False,True,False,False,DERIVED_CONDITIONAL_GEOMETRY_NOT_EVENT_LOCATION
5228,90.66679678,-36.64814906,2121.528404,3714.066815,1592.538411,False,True,False,False,DERIVED_CONDITIONAL_GEOMETRY_NOT_EVENT_LOCATION
5229,90.64703714,-36.66094380,2123.247650,3714.254305,1591.006655,False,True,False,False,DERIVED_CONDITIONAL_GEOMETRY_NOT_EVENT_LOCATION
5230,90.62727750,-36.67373854,2124.967286,3714.443637,1589.476351,False,True,False,False,DERIVED_CONDITIONAL_GEOMETRY_NOT_EVENT_LOCATION
5231,90.60751786,-36.68653328,2126.687309,3714.634811,1587.947502,False,True,False,False,DERIVED_CONDITIONAL_GEOMETRY_NOT_EVENT_LOCATION
5232,90.58775822,-36.69932802,2128.407718,3714.827826,1586.420108,False,True,False,False,DERIVED_CONDITIONAL_GEOMETRY_NOT_EVENT_LOCATION
5233,90.56799858,-36.71212276,2130.128510,3715.022680,1584.894170,False,True,False,False,DERIVED_CONDITIONAL_GEOMETRY_NOT_EVENT_LOCATION
5234,90.54823894,-36.72491750,2131.849683,3715.219375,1583.369691,False,True,False,False,DERIVED_CONDITIONAL_GEOMETRY_NOT_EVENT_LOCATION
5235,90.52847930,-36.73771224,2133.571237,3715.417908,1581.846671,False,True,False,False,DERIVED_CONDITIONAL_GEOMETRY_NOT_EVENT_LOCATION
5236,90.50871966,-36.75050699,2135.293168,3715.618280,1580.325112,False,True,False,False,DERIVED_CONDITIONAL_GEOMETRY_NOT_EVENT_LOCATION
5237,90.48896002,-36.76330173,2137.015474,3715.820490,1578.805015,False,True,False,False,DERIVED_CONDITIONAL_GEOMETRY_NOT_EVENT_LOCATION
5238,90.46920038,-36.77609647,2138.738155,3716.024537,1577.286382,False,True,False,False,DERIVED_CONDITIONAL_GEOMETRY_NOT_EVENT_LOCATION
5239,90.44944074,-36.78889121,2140.461208,3716.230421,1575.769214,False,True,False,False,DERIVED_CONDITIONAL_GEOMETRY_NOT_EVENT_LOCATION
5240,90.42968110,-36.80168595,2142.184630,3716.438142,1574.253511,False,True,False,False,DERIVED_CONDITIONAL_GEOMETRY_NOT_EVENT_LOCATION
5241,90.40992146,-36.81448069,2143.908421,3716.647697,1572.739276,False,True,False,False,DERIVED_CONDITIONAL_GEOMETRY_NOT_EVENT_LOCATION
5242,90.39016182,-36.82727543,2145.632579,3716.859088,1571.226510,False,True,False,False,DERIVED_CONDITIONAL_GEOMETRY_NOT_EVENT_LOCATION
5243,90.37040218,-36.84007017,2147.357100,3717.072314,1569.715214,False,True,False,False,DERIVED_CONDITIONAL_GEOMETRY_NOT_EVENT_LOCATION
5244,90.35064254,-36.85286491,2149.081984,3717.287373,1568.205388,False,True,False,False,DERIVED_CONDITIONAL_GEOMETRY_NOT_EVENT_LOCATION
5245,90.33088290,-36.86565965,2150.807229,3717.504265,1566.697036,False,True,False,False,DERIVED_CONDITIONAL_GEOMETRY_NOT_EVENT_LOCATION
5246,90.31112326,-36.87845439,2152.532833,3717.722990,1565.190157,False,True,False,False,DERIVED_CONDITIONAL_GEOMETRY_NOT_EVENT_LOCATION
5247,90.29136362,-36.89124913,2154.258793,3717.943547,1563.684754,False,True,False,False,DERIVED_CONDITIONAL_GEOMETRY_NOT_EVENT_LOCATION
5248,90.27160398,-36.90404387,2155.985109,3718.165936,1562.180827,False,True,False,False,DERIVED_CONDITIONAL_GEOMETRY_NOT_EVENT_LOCATION
5249,90.25184434,-36.91683862,2157.711778,3718.390155,1560.678377,False,True,False,False,DERIVED_CONDITIONAL_GEOMETRY_NOT_EVENT_LOCATION
5250,90.23208470,-36.92963336,2159.438798,3718.616204,1559.177406,False,True,False,False,DERIVED_CONDITIONAL_GEOMETRY_NOT_EVENT_LOCATION
5251,90.21232507,-36.94242810,2161.166168,3718.844083,1557.677915,False,True,False,False,DERIVED_CONDITIONAL_GEOMETRY_NOT_EVENT_LOCATION
5252,90.19256543,-36.95522284,2162.893886,3719.073791,1556.179905,False,True,False,False,DERIVED_CONDITIONAL_GEOMETRY_NOT_EVENT_LOCATION
5253,90.17280579,-36.96801758,2164.621949,3719.305327,1554.683378,False,True,False,False,DERIVED_CONDITIONAL_GEOMETRY_NOT_EVENT_LOCATION
5254,90.15329409,-36.98013687,2166.329727,3719.487776,1553.158049,False,True,False,False,DERIVED_CONDITIONAL_GEOMETRY_NOT_EVENT_LOCATION
5255,90.13378239,-36.99225616,2168.037790,3719.671960,1551.634170,False,True,False,False,DERIVED_CONDITIONAL_GEOMETRY_NOT_EVENT_LOCATION
5256,90.11427069,-37.00437546,2169.746137,3719.857880,1550.111743,False,True,False,False,DERIVED_CONDITIONAL_GEOMETRY_NOT_EVENT_LOCATION
5257,90.09475899,-37.01649475,2171.454767,3720.045535,1548.590768,False,True,False,False,DERIVED_CONDITIONAL_GEOMETRY_NOT_EVENT_LOCATION
5258,90.07524729,-37.02861404,2173.163677,3720.234924,1547.071247,False,True,False,False,DERIVED_CONDITIONAL_GEOMETRY_NOT_EVENT_LOCATION
5259,90.05573559,-37.04073334,2174.872867,3720.426047,1545.553180,False,True,False,False,DERIVED_CONDITIONAL_GEOMETRY_NOT_EVENT_LOCATION
5260,90.03622389,-37.05285263,2176.582335,3720.618904,1544.036569,False,True,False,False,DERIVED_CONDITIONAL_GEOMETRY_NOT_EVENT_LOCATION
5261,90.01671219,-37.06497192,2178.292079,3720.813493,1542.521414,False,True,False,False,DERIVED_CONDITIONAL_GEOMETRY_NOT_EVENT_LOCATION
5262,89.99720049,-37.07709122,2180.002098,3721.009815,1541.007717,False,True,False,False,DERIVED_CONDITIONAL_GEOMETRY_NOT_EVENT_LOCATION
5263,89.97768879,-37.08921051,2181.712390,3721.207868,1539.495478,False,True,False,False,DERIVED_CONDITIONAL_GEOMETRY_NOT_EVENT_LOCATION
5264,89.95817709,-37.10132980,2183.422953,3721.407652,1537.984700,False,True,False,False,DERIVED_CONDITIONAL_GEOMETRY_NOT_EVENT_LOCATION
5265,89.93866539,-37.11344910,2185.133786,3721.609168,1536.475381,False,True,False,False,DERIVED_CONDITIONAL_GEOMETRY_NOT_EVENT_LOCATION
5266,89.91915369,-37.12556839,2186.844888,3721.812413,1534.967525,False,True,False,False,DERIVED_CONDITIONAL_GEOMETRY_NOT_EVENT_LOCATION
5267,89.89964199,-37.13768768,2188.556257,3722.017388,1533.461131,False,True,False,False,DERIVED_CONDITIONAL_GEOMETRY_NOT_EVENT_LOCATION
5268,89.88013029,-37.14980698,2190.267891,3722.224092,1531.956201,True,True,False,False,DERIVED_CONDITIONAL_GEOMETRY_NOT_EVENT_LOCATION
5269,89.86061859,-37.16192627,2191.979789,3722.432524,1530.452735,True,True,False,False,DERIVED_CONDITIONAL_GEOMETRY_NOT_EVENT_LOCATION
5270,89.84110689,-37.17404556,2193.691949,3722.642684,1528.950735,True,True,False,False,DERIVED_CONDITIONAL_GEOMETRY_NOT_EVENT_LOCATION
5271,89.82159519,-37.18616486,2195.404371,3722.854572,1527.450201,True,True,False,False,DERIVED_CONDITIONAL_GEOMETRY_NOT_EVENT_LOCATION
5272,89.80208349,-37.19828415,2197.117051,3723.068186,1525.951135,True,True,False,False,DERIVED_CONDITIONAL_GEOMETRY_NOT_EVENT_LOCATION
5273,89.78257179,-37.21040344,2198.829989,3723.283526,1524.453537,True,True,True,True,DERIVED_CONDITIONAL_GEOMETRY_NOT_EVENT_LOCATION
5274,89.76306009,-37.22252274,2200.543184,3723.500592,1522.957409,True,True,True,True,DERIVED_CONDITIONAL_GEOMETRY_NOT_EVENT_LOCATION
5275,89.74354839,-37.23464203,2202.256633,3723.719383,1521.462751,True,True,True,True,DERIVED_CONDITIONAL_GEOMETRY_NOT_EVENT_LOCATION
5276,89.72403669,-37.24676132,2203.970335,3723.939899,1519.969564,True,True,True,True,DERIVED_CONDITIONAL_GEOMETRY_NOT_EVENT_LOCATION
5277,89.70452499,-37.25888062,2205.684289,3724.162138,1518.477849,True,True,True,True,DERIVED_CONDITIONAL_GEOMETRY_NOT_EVENT_LOCATION
5278,89.68501329,-37.27099991,2207.398494,3724.386101,1516.987608,True,True,True,True,DERIVED_CONDITIONAL_GEOMETRY_NOT_EVENT_LOCATION
5279,89.66550159,-37.28311920,2209.112947,3724.611787,1515.498840,True,True,True,True,DERIVED_CONDITIONAL_GEOMETRY_NOT_EVENT_LOCATION
5280,89.64598989,-37.29523849,2210.827647,3724.839194,1514.011547,True,True,True,True,DERIVED_CONDITIONAL_GEOMETRY_NOT_EVENT_LOCATION
5281,89.62647820,-37.30735779,2212.542593,3725.068323,1512.525730,True,True,True,True,DERIVED_CONDITIONAL_GEOMETRY_NOT_EVENT_LOCATION
5282,89.60696650,-37.31947708,2214.257784,3725.299173,1511.041390,True,True,True,True,DERIVED_CONDITIONAL_GEOMETRY_NOT_EVENT_LOCATION
5283,89.58745480,-37.33159637,2215.973217,3725.531744,1509.558527,True,True,True,True,DERIVED_CONDITIONAL_GEOMETRY_NOT_EVENT_LOCATION
5284,89.56794310,-37.34371567,2217.688892,3725.766034,1508.077142,True,True,True,True,DERIVED_CONDITIONAL_GEOMETRY_NOT_EVENT_LOCATION
5285,89.54843140,-37.35583496,2219.404806,3726.002043,1506.597237,True,True,True,True,DERIVED_CONDITIONAL_GEOMETRY_NOT_EVENT_LOCATION
5286,89.52855158,-37.36767101,2221.153678,3726.195871,1505.042193,True,True,True,True,DERIVED_CONDITIONAL_GEOMETRY_NOT_EVENT_LOCATION
5287,89.50867176,-37.37950706,2222.902753,3726.391438,1503.488685,True,True,True,True,DERIVED_CONDITIONAL_GEOMETRY_NOT_EVENT_LOCATION
5288,89.48879194,-37.39134312,2224.652030,3726.588744,1501.936714,True,True,True,True,DERIVED_CONDITIONAL_GEOMETRY_NOT_EVENT_LOCATION
5289,89.46891212,-37.40317917,2226.401507,3726.787788,1500.386281,True,True,True,True,DERIVED_CONDITIONAL_GEOMETRY_NOT_EVENT_LOCATION
5290,89.44903231,-37.41501522,2228.151184,3726.988571,1498.837387,True,True,True,True,DERIVED_CONDITIONAL_GEOMETRY_NOT_EVENT_LOCATION
5291,89.42915249,-37.42685127,2229.901058,3727.191090,1497.290032,True,True,True,True,DERIVED_CONDITIONAL_GEOMETRY_NOT_EVENT_LOCATION
5292,89.40927267,-37.43868732,2231.651129,3727.395346,1495.744217,True,True,True,True,DERIVED_CONDITIONAL_GEOMETRY_NOT_EVENT_LOCATION
5293,89.38939285,-37.45052338,2233.401395,3727.601339,1494.199944,True,True,True,True,DERIVED_CONDITIONAL_GEOMETRY_NOT_EVENT_LOCATION
5294,89.36951303,-37.46235943,2235.151855,3727.809067,1492.657212,True,True,True,True,DERIVED_CONDITIONAL_GEOMETRY_NOT_EVENT_LOCATION
5295,89.34963322,-37.47419548,2236.902508,3728.018530,1491.116023,True,True,True,True,DERIVED_CONDITIONAL_GEOMETRY_NOT_EVENT_LOCATION
5296,89.32975340,-37.48603153,2238.653351,3728.229728,1489.576377,True,True,True,True,DERIVED_CONDITIONAL_GEOMETRY_NOT_EVENT_LOCATION
5297,89.30987358,-37.49786758,2240.404384,3728.442659,1488.038276,True,True,True,True,DERIVED_CONDITIONAL_GEOMETRY_NOT_EVENT_LOCATION
5298,89.28999376,-37.50970364,2242.155605,3728.657324,1486.501719,True,True,True,True,DERIVED_CONDITIONAL_GEOMETRY_NOT_EVENT_LOCATION
5299,89.27011395,-37.52153969,2243.907013,3728.873722,1484.966709,True,True,True,True,DERIVED_CONDITIONAL_GEOMETRY_NOT_EVENT_LOCATION
5300,89.25023413,-37.53337574,2245.658607,3729.091851,1483.433245,True,True,True,True,DERIVED_CONDITIONAL_GEOMETRY_NOT_EVENT_LOCATION
5301,89.23035431,-37.54521179,2247.410385,3729.311713,1481.901328,True,True,True,True,DERIVED_CONDITIONAL_GEOMETRY_NOT_EVENT_LOCATION
5302,89.21047449,-37.55704784,2249.162346,3729.533305,1480.370959,True,True,True,True,DERIVED_CONDITIONAL_GEOMETRY_NOT_EVENT_LOCATION
5303,89.19059467,-37.56888390,2250.914488,3729.756627,1478.842139,True,True,True,True,DERIVED_CONDITIONAL_GEOMETRY_NOT_EVENT_LOCATION
5304,89.17071486,-37.58071995,2252.666811,3729.981680,1477.314869,True,True,True,True,DERIVED_CONDITIONAL_GEOMETRY_NOT_EVENT_LOCATION
5305,89.15083504,-37.59255600,2254.419312,3730.208461,1475.789149,True,True,True,True,DERIVED_CONDITIONAL_GEOMETRY_NOT_EVENT_LOCATION
5306,89.13095522,-37.60439205,2256.171992,3730.436971,1474.264979,True,True,True,True,DERIVED_CONDITIONAL_GEOMETRY_NOT_EVENT_LOCATION
5307,89.11107540,-37.61622810,2257.924847,3730.667209,1472.742362,True,True,True,True,DERIVED_CONDITIONAL_GEOMETRY_NOT_EVENT_LOCATION
5308,89.09119558,-37.62806416,2259.677878,3730.899174,1471.221297,True,True,True,True,DERIVED_CONDITIONAL_GEOMETRY_NOT_EVENT_LOCATION
5309,89.07131577,-37.63990021,2261.431082,3731.132866,1469.701784,True,True,True,True,DERIVED_CONDITIONAL_GEOMETRY_NOT_EVENT_LOCATION
5310,89.05143595,-37.65173626,2263.184458,3731.368285,1468.183826,True,True,True,True,DERIVED_CONDITIONAL_GEOMETRY_NOT_EVENT_LOCATION
5311,89.03155613,-37.66357231,2264.938006,3731.605428,1466.667422,True,True,True,True,DERIVED_CONDITIONAL_GEOMETRY_NOT_EVENT_LOCATION
5312,89.01167631,-37.67540836,2266.691723,3731.844297,1465.152574,True,True,True,True,DERIVED_CONDITIONAL_GEOMETRY_NOT_EVENT_LOCATION
5313,88.99179649,-37.68724442,2268.445609,3732.084890,1463.639281,True,True,True,True,DERIVED_CONDITIONAL_GEOMETRY_NOT_EVENT_LOCATION
5314,88.97191668,-37.69908047,2270.199662,3732.327206,1462.127544,True,True,True,True,DERIVED_CONDITIONAL_GEOMETRY_NOT_EVENT_LOCATION
5315,88.95203686,-37.71091652,2271.953881,3732.571246,1460.617365,True,True,True,True,DERIVED_CONDITIONAL_GEOMETRY_NOT_EVENT_LOCATION
5316,88.93215704,-37.72275257,2273.708264,3732.817008,1459.108744,True,True,True,True,DERIVED_CONDITIONAL_GEOMETRY_NOT_EVENT_LOCATION
5317,88.91227722,-37.73458862,2275.462811,3733.064492,1457.601681,True,True,True,True,DERIVED_CONDITIONAL_GEOMETRY_NOT_EVENT_LOCATION
5318,88.89264425,-37.74578488,2277.195445,3733.263334,1456.067889,True,True,True,True,DERIVED_CONDITIONAL_GEOMETRY_NOT_EVENT_LOCATION
5319,88.87301127,-37.75698113,2278.928201,3733.463814,1454.535613,True,True,True,True,DERIVED_CONDITIONAL_GEOMETRY_NOT_EVENT_LOCATION
5320,88.85337830,-37.76817738,2280.661077,3733.665932,1453.004854,True,True,True,True,DERIVED_CONDITIONAL_GEOMETRY_NOT_EVENT_LOCATION
5321,88.83374532,-37.77937363,2282.394073,3733.869687,1451.475614,True,True,True,True,DERIVED_CONDITIONAL_GEOMETRY_NOT_EVENT_LOCATION
5322,88.81411235,-37.79056988,2284.127187,3734.075079,1449.947892,True,True,True,True,DERIVED_CONDITIONAL_GEOMETRY_NOT_EVENT_LOCATION
5323,88.79447937,-37.80176614,2285.860419,3734.282108,1448.421689,True,True,True,True,DERIVED_CONDITIONAL_GEOMETRY_NOT_EVENT_LOCATION
5324,88.77484639,-37.81296239,2287.593766,3734.490772,1446.897006,True,True,True,True,DERIVED_CONDITIONAL_GEOMETRY_NOT_EVENT_LOCATION
5325,88.75521342,-37.82415864,2289.327229,3734.701072,1445.373843,True,True,True,True,DERIVED_CONDITIONAL_GEOMETRY_NOT_EVENT_LOCATION
5326,88.73558044,-37.83535489,2291.060805,3734.913006,1443.852201,True,True,True,True,DERIVED_CONDITIONAL_GEOMETRY_NOT_EVENT_LOCATION
5327,88.71594747,-37.84655114,2292.794494,3735.126575,1442.332080,True,True,True,True,DERIVED_CONDITIONAL_GEOMETRY_NOT_EVENT_LOCATION
5328,88.69631449,-37.85774740,2294.528295,3735.341777,1440.813481,True,True,True,True,DERIVED_CONDITIONAL_GEOMETRY_NOT_EVENT_LOCATION
5329,88.67668152,-37.86894365,2296.262207,3735.558612,1439.296405,True,True,True,True,DERIVED_CONDITIONAL_GEOMETRY_NOT_EVENT_LOCATION
5330,88.65704854,-37.88013990,2297.996229,3735.777079,1437.780851,True,True,True,True,DERIVED_CONDITIONAL_GEOMETRY_NOT_EVENT_LOCATION
5331,88.63741557,-37.89133615,2299.730359,3735.997179,1436.266821,True,True,True,True,DERIVED_CONDITIONAL_GEOMETRY_NOT_EVENT_LOCATION
5332,88.61778259,-37.90253240,2301.464596,3736.218910,1434.754314,True,True,True,True,DERIVED_CONDITIONAL_GEOMETRY_NOT_EVENT_LOCATION
5333,88.59814962,-37.91372866,2303.198940,3736.442272,1433.243332,True,True,True,True,DERIVED_CONDITIONAL_GEOMETRY_NOT_EVENT_LOCATION
5334,88.57851664,-37.92492491,2304.933389,3736.667264,1431.733875,True,True,True,True,DERIVED_CONDITIONAL_GEOMETRY_NOT_EVENT_LOCATION
5335,88.55888367,-37.93612116,2306.667942,3736.893886,1430.225943,True,True,True,True,DERIVED_CONDITIONAL_GEOMETRY_NOT_EVENT_LOCATION
5336,88.53925069,-37.94731741,2308.402599,3737.122136,1428.719537,True,True,True,True,DERIVED_CONDITIONAL_GEOMETRY_NOT_EVENT_LOCATION
5337,88.51961772,-37.95851366,2310.137358,3737.352016,1427.214658,True,True,True,True,DERIVED_CONDITIONAL_GEOMETRY_NOT_EVENT_LOCATION
5338,88.49998474,-37.96970992,2311.872218,3737.583523,1425.711305,True,True,True,True,DERIVED_CONDITIONAL_GEOMETRY_NOT_EVENT_LOCATION
5339,88.48035177,-37.98090617,2313.607178,3737.816658,1424.209480,True,True,True,True,DERIVED_CONDITIONAL_GEOMETRY_NOT_EVENT_LOCATION
5340,88.46071879,-37.99210242,2315.342237,3738.051419,1422.709182,True,True,True,True,DERIVED_CONDITIONAL_GEOMETRY_NOT_EVENT_LOCATION
5341,88.44108582,-38.00329867,2317.077394,3738.287807,1421.210413,True,True,True,True,DERIVED_CONDITIONAL_GEOMETRY_NOT_EVENT_LOCATION
5342,88.42145284,-38.01449492,2318.812648,3738.525821,1419.713173,True,True,True,True,DERIVED_CONDITIONAL_GEOMETRY_NOT_EVENT_LOCATION
5343,88.40181986,-38.02569118,2320.547998,3738.765459,1418.217461,True,True,True,True,DERIVED_CONDITIONAL_GEOMETRY_NOT_EVENT_LOCATION
5344,88.38218689,-38.03688743,2322.283443,3739.006722,1416.723280,True,True,True,True,DERIVED_CONDITIONAL_GEOMETRY_NOT_EVENT_LOCATION
5345,88.36255391,-38.04808368,2324.018981,3739.249609,1415.230628,True,True,True,True,DERIVED_CONDITIONAL_GEOMETRY_NOT_EVENT_LOCATION
5346,88.34292094,-38.05927993,2325.754613,3739.494120,1413.739507,True,True,True,True,DERIVED_CONDITIONAL_GEOMETRY_NOT_EVENT_LOCATION
5347,88.32328796,-38.07047619,2327.490336,3739.740253,1412.249917,True,True,True,True,DERIVED_CONDITIONAL_GEOMETRY_NOT_EVENT_LOCATION
5348,88.30365499,-38.08167244,2329.226150,3739.988008,1410.761858,True,True,True,True,DERIVED_CONDITIONAL_GEOMETRY_NOT_EVENT_LOCATION
5349,88.28402201,-38.09286869,2330.962053,3740.237385,1409.275331,True,True,True,True,DERIVED_CONDITIONAL_GEOMETRY_NOT_EVENT_LOCATION
5350,88.26438904,-38.10406494,2332.698046,3740.488382,1407.790336,True,True,True,True,DERIVED_CONDITIONAL_GEOMETRY_NOT_EVENT_LOCATION
5351,88.24440234,-38.11497451,2334.464589,3740.698102,1406.233513,True,True,True,True,DERIVED_CONDITIONAL_GEOMETRY_NOT_EVENT_LOCATION
5352,88.22441563,-38.12588408,2336.231191,3740.909462,1404.678270,True,True,True,True,DERIVED_CONDITIONAL_GEOMETRY_NOT_EVENT_LOCATION
5353,88.20442893,-38.13679366,2337.997852,3741.122462,1403.124610,True,True,True,True,DERIVED_CONDITIONAL_GEOMETRY_NOT_EVENT_LOCATION
5354,88.18444223,-38.14770323,2339.764570,3741.337102,1401.572532,True,True,True,True,DERIVED_CONDITIONAL_GEOMETRY_NOT_EVENT_LOCATION
5355,88.16445553,-38.15861280,2341.531345,3741.553381,1400.022036,True,True,True,True,DERIVED_CONDITIONAL_GEOMETRY_NOT_EVENT_LOCATION
5356,88.14446883,-38.16952237,2343.298175,3741.771299,1398.473124,True,True,True,True,DERIVED_CONDITIONAL_GEOMETRY_NOT_EVENT_LOCATION
5357,88.12448213,-38.18043194,2345.065060,3741.990854,1396.925794,True,True,True,True,DERIVED_CONDITIONAL_GEOMETRY_NOT_EVENT_LOCATION
5358,88.10449542,-38.19134152,2346.831998,3742.212047,1395.380049,True,True,True,True,DERIVED_CONDITIONAL_GEOMETRY_NOT_EVENT_LOCATION
5359,88.08450872,-38.20225109,2348.598989,3742.434877,1393.835888,True,True,True,True,DERIVED_CONDITIONAL_GEOMETRY_NOT_EVENT_LOCATION
5360,88.06452202,-38.21316066,2350.366032,3742.659342,1392.293311,True,True,True,True,DERIVED_CONDITIONAL_GEOMETRY_NOT_EVENT_LOCATION
5361,88.04453532,-38.22407023,2352.133125,3742.885444,1390.752319,True,True,True,True,DERIVED_CONDITIONAL_GEOMETRY_NOT_EVENT_LOCATION
5362,88.02454862,-38.23497980,2353.900268,3743.113180,1389.212912,True,True,False,False,DERIVED_CONDITIONAL_GEOMETRY_NOT_EVENT_LOCATION
5363,88.00456192,-38.24588937,2355.667460,3743.342551,1387.675091,True,True,False,False,DERIVED_CONDITIONAL_GEOMETRY_NOT_EVENT_LOCATION
5364,87.98457521,-38.25679895,2357.434701,3743.573556,1386.138856,True,True,False,False,DERIVED_CONDITIONAL_GEOMETRY_NOT_EVENT_LOCATION
5365,87.96458851,-38.26770852,2359.201988,3743.806194,1384.604207,True,True,False,False,DERIVED_CONDITIONAL_GEOMETRY_NOT_EVENT_LOCATION
5366,87.94460181,-38.27861809,2360.969321,3744.040465,1383.071144,True,True,False,False,DERIVED_CONDITIONAL_GEOMETRY_NOT_EVENT_LOCATION
5367,87.92461511,-38.28952766,2362.736700,3744.276368,1381.539669,True,True,False,False,DERIVED_CONDITIONAL_GEOMETRY_NOT_EVENT_LOCATION
5368,87.90462841,-38.30043723,2364.504123,3744.513903,1380.009780,True,True,False,False,DERIVED_CONDITIONAL_GEOMETRY_NOT_EVENT_LOCATION
5369,87.88464171,-38.31134681,2366.271589,3744.753069,1378.481480,True,True,False,False,DERIVED_CONDITIONAL_GEOMETRY_NOT_EVENT_LOCATION
5370,87.86465500,-38.32225638,2368.039098,3744.993864,1376.954767,True,True,False,False,DERIVED_CONDITIONAL_GEOMETRY_NOT_EVENT_LOCATION
5371,87.84466830,-38.33316595,2369.806648,3745.236290,1375.429642,True,True,False,False,DERIVED_CONDITIONAL_GEOMETRY_NOT_EVENT_LOCATION
5372,87.82468160,-38.34407552,2371.574239,3745.480345,1373.906106,True,True,False,False,DERIVED_CONDITIONAL_GEOMETRY_NOT_EVENT_LOCATION
5373,87.80469490,-38.35498509,2373.341869,3745.726028,1372.384159,True,True,False,False,DERIVED_CONDITIONAL_GEOMETRY_NOT_EVENT_LOCATION
5374,87.78470820,-38.36589466,2375.109539,3745.973339,1370.863801,True,True,False,False,DERIVED_CONDITIONAL_GEOMETRY_NOT_EVENT_LOCATION
5375,87.76472149,-38.37680424,2376.877246,3746.222278,1369.345032,True,True,False,False,DERIVED_CONDITIONAL_GEOMETRY_NOT_EVENT_LOCATION
5376,87.74473479,-38.38771381,2378.644990,3746.472843,1367.827853,True,True,False,False,DERIVED_CONDITIONAL_GEOMETRY_NOT_EVENT_LOCATION
5377,87.72474809,-38.39862338,2380.412771,3746.725035,1366.312264,True,True,False,False,DERIVED_CONDITIONAL_GEOMETRY_NOT_EVENT_LOCATION
5378,87.70476139,-38.40953295,2382.180587,3746.978852,1364.798265,True,True,False,False,DERIVED_CONDITIONAL_GEOMETRY_NOT_EVENT_LOCATION
5379,87.68477469,-38.42044252,2383.948437,3747.234294,1363.285857,True,True,False,False,DERIVED_CONDITIONAL_GEOMETRY_NOT_EVENT_LOCATION
5380,87.66478799,-38.43135210,2385.716320,3747.491360,1361.775040,True,True,False,False,DERIVED_CONDITIONAL_GEOMETRY_NOT_EVENT_LOCATION
5381,87.64480128,-38.44226167,2387.484236,3747.750050,1360.265814,True,True,False,False,DERIVED_CONDITIONAL_GEOMETRY_NOT_EVENT_LOCATION
5382,87.62481458,-38.45317124,2389.252184,3748.010362,1358.758179,True,True,False,False,DERIVED_CONDITIONAL_GEOMETRY_NOT_EVENT_LOCATION
5383,87.60482788,-38.46408081,2391.020162,3748.272298,1357.252135,True,True,False,False,DERIVED_CONDITIONAL_GEOMETRY_NOT_EVENT_LOCATION
5384,87.58508884,-38.47438408,2392.765027,3748.486208,1355.721181,True,True,False,False,DERIVED_CONDITIONAL_GEOMETRY_NOT_EVENT_LOCATION
5385,87.56534980,-38.48468736,2394.509896,3748.701665,1354.191769,True,True,False,False,DERIVED_CONDITIONAL_GEOMETRY_NOT_EVENT_LOCATION
5386,87.54561076,-38.49499063,2396.254767,3748.918669,1352.663902,True,True,False,False,DERIVED_CONDITIONAL_GEOMETRY_NOT_EVENT_LOCATION
5387,87.52587173,-38.50529390,2397.999641,3749.137219,1351.137578,True,True,False,False,DERIVED_CONDITIONAL_GEOMETRY_NOT_EVENT_LOCATION
5388,87.50613269,-38.51559718,2399.744516,3749.357315,1349.612799,True,True,False,False,DERIVED_CONDITIONAL_GEOMETRY_NOT_EVENT_LOCATION
5389,87.48639365,-38.52590045,2401.489392,3749.578955,1348.089564,True,True,False,False,DERIVED_CONDITIONAL_GEOMETRY_NOT_EVENT_LOCATION
5390,87.46665461,-38.53620372,2403.234267,3749.802140,1346.567873,True,True,False,False,DERIVED_CONDITIONAL_GEOMETRY_NOT_EVENT_LOCATION
5391,87.44691557,-38.54650699,2404.979142,3750.026869,1345.047727,True,True,False,False,DERIVED_CONDITIONAL_GEOMETRY_NOT_EVENT_LOCATION
5392,87.42717653,-38.55681027,2406.724015,3750.253141,1343.529126,True,True,False,False,DERIVED_CONDITIONAL_GEOMETRY_NOT_EVENT_LOCATION
5393,87.40743749,-38.56711354,2408.468886,3750.480956,1342.012070,True,True,False,False,DERIVED_CONDITIONAL_GEOMETRY_NOT_EVENT_LOCATION
5394,87.38769845,-38.57741681,2410.213754,3750.710313,1340.496560,False,True,False,False,DERIVED_CONDITIONAL_GEOMETRY_NOT_EVENT_LOCATION
5395,87.36795942,-38.58772009,2411.958617,3750.941212,1338.982595,False,True,False,False,DERIVED_CONDITIONAL_GEOMETRY_NOT_EVENT_LOCATION
5396,87.34822038,-38.59802336,2413.703477,3751.173652,1337.470176,False,True,False,False,DERIVED_CONDITIONAL_GEOMETRY_NOT_EVENT_LOCATION
5397,87.32848134,-38.60832663,2415.448331,3751.407633,1335.959302,False,True,False,False,DERIVED_CONDITIONAL_GEOMETRY_NOT_EVENT_LOCATION
5398,87.30874230,-38.61862990,2417.193179,3751.643154,1334.449975,False,True,False,False,DERIVED_CONDITIONAL_GEOMETRY_NOT_EVENT_LOCATION
5399,87.28900326,-38.62893318,2418.938020,3751.880214,1332.942194,False,True,False,False,DERIVED_CONDITIONAL_GEOMETRY_NOT_EVENT_LOCATION
5400,87.26926422,-38.63923645,2420.682853,3752.118813,1331.435959,False,True,False,False,DERIVED_CONDITIONAL_GEOMETRY_NOT_EVENT_LOCATION
5401,87.24952518,-38.64953972,2422.427679,3752.358950,1329.931271,False,True,False,False,DERIVED_CONDITIONAL_GEOMETRY_NOT_EVENT_LOCATION
5402,87.22978614,-38.65984300,2424.172495,3752.600625,1328.428130,False,True,False,False,DERIVED_CONDITIONAL_GEOMETRY_NOT_EVENT_LOCATION
5403,87.21004710,-38.67014627,2425.917302,3752.843838,1326.926535,False,True,False,False,DERIVED_CONDITIONAL_GEOMETRY_NOT_EVENT_LOCATION
5404,87.19030807,-38.68044954,2427.662099,3753.088587,1325.426488,False,True,False,False,DERIVED_CONDITIONAL_GEOMETRY_NOT_EVENT_LOCATION
5405,87.17056903,-38.69075281,2429.406884,3753.334872,1323.927987,False,True,False,False,DERIVED_CONDITIONAL_GEOMETRY_NOT_EVENT_LOCATION
5406,87.15082999,-38.70105609,2431.151658,3753.582692,1322.431034,False,True,False,False,DERIVED_CONDITIONAL_GEOMETRY_NOT_EVENT_LOCATION
5407,87.13109095,-38.71135936,2432.896419,3753.832048,1320.935629,False,True,False,False,DERIVED_CONDITIONAL_GEOMETRY_NOT_EVENT_LOCATION
5408,87.11135191,-38.72166263,2434.641167,3754.082938,1319.441771,False,True,False,False,DERIVED_CONDITIONAL_GEOMETRY_NOT_EVENT_LOCATION
5409,87.09161287,-38.73196591,2436.385901,3754.335362,1317.949461,False,True,False,False,DERIVED_CONDITIONAL_GEOMETRY_NOT_EVENT_LOCATION
5410,87.07187383,-38.74226918,2438.130620,3754.589318,1316.458698,False,True,False,False,DERIVED_CONDITIONAL_GEOMETRY_NOT_EVENT_LOCATION
5411,87.05213479,-38.75257245,2439.875324,3754.844808,1314.969484,False,True,False,False,DERIVED_CONDITIONAL_GEOMETRY_NOT_EVENT_LOCATION
5412,87.03239576,-38.76287573,2441.620012,3755.101829,1313.481818,False,True,False,False,DERIVED_CONDITIONAL_GEOMETRY_NOT_EVENT_LOCATION
5413,87.01265672,-38.77317900,2443.364683,3755.360382,1311.995700,False,True,False,False,DERIVED_CONDITIONAL_GEOMETRY_NOT_EVENT_LOCATION
5414,86.99291768,-38.78348227,2445.109336,3755.620466,1310.511130,False,True,False,False,DERIVED_CONDITIONAL_GEOMETRY_NOT_EVENT_LOCATION
5415,86.97317864,-38.79378554,2446.853971,3755.882080,1309.028109,False,True,False,False,DERIVED_CONDITIONAL_GEOMETRY_NOT_EVENT_LOCATION
5416,86.95343960,-38.80408882,2448.598588,3756.145224,1307.546636,False,True,False,False,DERIVED_CONDITIONAL_GEOMETRY_NOT_EVENT_LOCATION
5417,86.93370056,-38.81439209,2450.343185,3756.409897,1306.066713,False,True,False,False,DERIVED_CONDITIONAL_GEOMETRY_NOT_EVENT_LOCATION
5418,86.91419809,-38.82411761,2452.065292,3756.627642,1304.562350,False,True,False,False,DERIVED_CONDITIONAL_GEOMETRY_NOT_EVENT_LOCATION
5419,86.89469561,-38.83384312,2453.787360,3756.846848,1303.059488,False,True,False,False,DERIVED_CONDITIONAL_GEOMETRY_NOT_EVENT_LOCATION
5420,86.87519313,-38.84356864,2455.509387,3757.067514,1301.558127,False,True,False,False,DERIVED_CONDITIONAL_GEOMETRY_NOT_EVENT_LOCATION
5421,86.85569066,-38.85329415,2457.231372,3757.289640,1300.058268,False,True,False,False,DERIVED_CONDITIONAL_GEOMETRY_NOT_EVENT_LOCATION
5422,86.83618818,-38.86301967,2458.953316,3757.513225,1298.559909,False,True,False,False,DERIVED_CONDITIONAL_GEOMETRY_NOT_EVENT_LOCATION
5423,86.81668570,-38.87274519,2460.675217,3757.738269,1297.063052,False,True,False,False,DERIVED_CONDITIONAL_GEOMETRY_NOT_EVENT_LOCATION
5424,86.79718323,-38.88247070,2462.397075,3757.964772,1295.567697,False,True,False,False,DERIVED_CONDITIONAL_GEOMETRY_NOT_EVENT_LOCATION
5425,86.77768075,-38.89219622,2464.118890,3758.192732,1294.073842,False,True,False,False,DERIVED_CONDITIONAL_GEOMETRY_NOT_EVENT_LOCATION
5426,86.75817827,-38.90192174,2465.840660,3758.422149,1292.581490,False,True,False,False,DERIVED_CONDITIONAL_GEOMETRY_NOT_EVENT_LOCATION
5427,86.73867580,-38.91164725,2467.562385,3758.653023,1291.090638,False,True,False,False,DERIVED_CONDITIONAL_GEOMETRY_NOT_EVENT_LOCATION
5428,86.71917332,-38.92137277,2469.284065,3758.885354,1289.601289,False,True,False,False,DERIVED_CONDITIONAL_GEOMETRY_NOT_EVENT_LOCATION
5429,86.69967085,-38.93109828,2471.005699,3759.119140,1288.113441,False,True,False,False,DERIVED_CONDITIONAL_GEOMETRY_NOT_EVENT_LOCATION
5430,86.68016837,-38.94082380,2472.727286,3759.354381,1286.627095,False,True,False,False,DERIVED_CONDITIONAL_GEOMETRY_NOT_EVENT_LOCATION
5431,86.66066589,-38.95054932,2474.448826,3759.591077,1285.142250,False,True,False,False,DERIVED_CONDITIONAL_GEOMETRY_NOT_EVENT_LOCATION
5432,86.64116342,-38.96027483,2476.170318,3759.829226,1283.658908,False,True,False,False,DERIVED_CONDITIONAL_GEOMETRY_NOT_EVENT_LOCATION
5433,86.62166094,-38.97000035,2477.891763,3760.068830,1282.177067,False,True,False,False,DERIVED_CONDITIONAL_GEOMETRY_NOT_EVENT_LOCATION
5434,86.60215846,-38.97972586,2479.613158,3760.309886,1280.696729,False,True,False,False,DERIVED_CONDITIONAL_GEOMETRY_NOT_EVENT_LOCATION
5435,86.58265599,-38.98945138,2481.334503,3760.552395,1279.217892,False,True,False,False,DERIVED_CONDITIONAL_GEOMETRY_NOT_EVENT_LOCATION
5436,86.56315351,-38.99917690,2483.055799,3760.796356,1277.740557,False,True,False,False,DERIVED_CONDITIONAL_GEOMETRY_NOT_EVENT_LOCATION
5437,86.54365104,-39.00890241,2484.777044,3761.041769,1276.264724,False,True,False,False,DERIVED_CONDITIONAL_GEOMETRY_NOT_EVENT_LOCATION
5438,86.52414856,-39.01862793,2486.498238,3761.288632,1274.790394,False,True,False,False,DERIVED_CONDITIONAL_GEOMETRY_NOT_EVENT_LOCATION
5439,86.50464608,-39.02835345,2488.219380,3761.536946,1273.317565,False,True,False,False,DERIVED_CONDITIONAL_GEOMETRY_NOT_EVENT_LOCATION
5440,86.48514361,-39.03807896,2489.940470,3761.786709,1271.846239,False,True,False,False,DERIVED_CONDITIONAL_GEOMETRY_NOT_EVENT_LOCATION
5441,86.46564113,-39.04780448,2491.661507,3762.037922,1270.376414,False,True,False,False,DERIVED_CONDITIONAL_GEOMETRY_NOT_EVENT_LOCATION
5442,86.44613865,-39.05752999,2493.382491,3762.290583,1268.908092,False,True,False,False,DERIVED_CONDITIONAL_GEOMETRY_NOT_EVENT_LOCATION
5443,86.42663618,-39.06725551,2495.103421,3762.544693,1267.441272,False,True,False,False,DERIVED_CONDITIONAL_GEOMETRY_NOT_EVENT_LOCATION
5444,86.40713370,-39.07698103,2496.824296,3762.800250,1265.975954,False,True,False,False,DERIVED_CONDITIONAL_GEOMETRY_NOT_EVENT_LOCATION
5445,86.38763123,-39.08670654,2498.545116,3763.057254,1264.512139,False,True,False,False,DERIVED_CONDITIONAL_GEOMETRY_NOT_EVENT_LOCATION
5446,86.36812875,-39.09643206,2500.265880,3763.315705,1263.049825,False,True,False,False,DERIVED_CONDITIONAL_GEOMETRY_NOT_EVENT_LOCATION
5447,86.34862627,-39.10615758,2501.986588,3763.575602,1261.589014,False,True,False,False,DERIVED_CONDITIONAL_GEOMETRY_NOT_EVENT_LOCATION
5448,86.32912380,-39.11588309,2503.707239,3763.836944,1260.129705,False,True,False,False,DERIVED_CONDITIONAL_GEOMETRY_NOT_EVENT_LOCATION
5449,86.30962132,-39.12560861,2505.427833,3764.099731,1258.671898,False,True,False,False,DERIVED_CONDITIONAL_GEOMETRY_NOT_EVENT_LOCATION
5450,86.29011884,-39.13533412,2507.148369,3764.363962,1257.215593,False,True,False,False,DERIVED_CONDITIONAL_GEOMETRY_NOT_EVENT_LOCATION
5451,86.27061637,-39.14505964,2508.868847,3764.629637,1255.760790,False,True,False,False,DERIVED_CONDITIONAL_GEOMETRY_NOT_EVENT_LOCATION
5452,86.25111389,-39.15478516,2510.589266,3764.896756,1254.307490,False,True,False,False,DERIVED_CONDITIONAL_GEOMETRY_NOT_EVENT_LOCATION
5453,86.23128662,-39.16422206,2512.336417,3765.124396,1252.787979,False,True,False,False,DERIVED_CONDITIONAL_GEOMETRY_NOT_EVENT_LOCATION
5454,86.21145935,-39.17365897,2514.083491,3765.353497,1251.270007,False,True,False,False,DERIVED_CONDITIONAL_GEOMETRY_NOT_EVENT_LOCATION
5455,86.19163208,-39.18309588,2515.830485,3765.584060,1249.753575,False,True,False,False,DERIVED_CONDITIONAL_GEOMETRY_NOT_EVENT_LOCATION
5456,86.17180481,-39.19253278,2517.577400,3765.816083,1248.238683,False,True,False,False,DERIVED_CONDITIONAL_GEOMETRY_NOT_EVENT_LOCATION
5457,86.15197754,-39.20196969,2519.324235,3766.049565,1246.725330,False,True,False,False,DERIVED_CONDITIONAL_GEOMETRY_NOT_EVENT_LOCATION
5458,86.13215027,-39.21140660,2521.070990,3766.284507,1245.213517,False,True,False,False,DERIVED_CONDITIONAL_GEOMETRY_NOT_EVENT_LOCATION
5459,86.11232300,-39.22084351,2522.817664,3766.520908,1243.703244,False,True,False,False,DERIVED_CONDITIONAL_GEOMETRY_NOT_EVENT_LOCATION
5460,86.09249573,-39.23028041,2524.564256,3766.758766,1242.194510,False,True,False,False,DERIVED_CONDITIONAL_GEOMETRY_NOT_EVENT_LOCATION
5461,86.07266846,-39.23971732,2526.310767,3766.998083,1240.687316,False,True,False,False,DERIVED_CONDITIONAL_GEOMETRY_NOT_EVENT_LOCATION
5462,86.05284119,-39.24915423,2528.057195,3767.238856,1239.181661,False,True,False,False,DERIVED_CONDITIONAL_GEOMETRY_NOT_EVENT_LOCATION
5463,86.03301392,-39.25859113,2529.803541,3767.481086,1237.677545,False,True,False,False,DERIVED_CONDITIONAL_GEOMETRY_NOT_EVENT_LOCATION
5464,86.01318665,-39.26802804,2531.549803,3767.724772,1236.174970,False,True,False,False,DERIVED_CONDITIONAL_GEOMETRY_NOT_EVENT_LOCATION
5465,85.99335938,-39.27746495,2533.295981,3767.969914,1234.673933,False,True,False,False,DERIVED_CONDITIONAL_GEOMETRY_NOT_EVENT_LOCATION
5466,85.97353210,-39.28690186,2535.042075,3768.216510,1233.174436,False,True,False,False,DERIVED_CONDITIONAL_GEOMETRY_NOT_EVENT_LOCATION
5467,85.95370483,-39.29633876,2536.788084,3768.464561,1231.676478,False,True,False,False,DERIVED_CONDITIONAL_GEOMETRY_NOT_EVENT_LOCATION
5468,85.93387756,-39.30577567,2538.534007,3768.714066,1230.180059,False,True,False,False,DERIVED_CONDITIONAL_GEOMETRY_NOT_EVENT_LOCATION
5469,85.91405029,-39.31521258,2540.279845,3768.965024,1228.685179,False,True,False,False,DERIVED_CONDITIONAL_GEOMETRY_NOT_EVENT_LOCATION
5470,85.89422302,-39.32464948,2542.025596,3769.217435,1227.191839,False,True,False,False,DERIVED_CONDITIONAL_GEOMETRY_NOT_EVENT_LOCATION
5471,85.87439575,-39.33408639,2543.771261,3769.471298,1225.700037,False,True,False,False,DERIVED_CONDITIONAL_GEOMETRY_NOT_EVENT_LOCATION
5472,85.85456848,-39.34352330,2545.516838,3769.726613,1224.209774,False,True,False,False,DERIVED_CONDITIONAL_GEOMETRY_NOT_EVENT_LOCATION
5473,85.83474121,-39.35296021,2547.262328,3769.983378,1222.721051,False,True,False,False,DERIVED_CONDITIONAL_GEOMETRY_NOT_EVENT_LOCATION
5474,85.81491394,-39.36239711,2549.007729,3770.241595,1221.233866,False,True,False,False,DERIVED_CONDITIONAL_GEOMETRY_NOT_EVENT_LOCATION
5475,85.79508667,-39.37183402,2550.753041,3770.501261,1219.748219,False,True,False,False,DERIVED_CONDITIONAL_GEOMETRY_NOT_EVENT_LOCATION
5476,85.77525940,-39.38127093,2552.498265,3770.762376,1218.264112,False,True,False,False,DERIVED_CONDITIONAL_GEOMETRY_NOT_EVENT_LOCATION
5477,85.75543213,-39.39070783,2554.243398,3771.024941,1216.781542,False,True,False,False,DERIVED_CONDITIONAL_GEOMETRY_NOT_EVENT_LOCATION
5478,85.73560486,-39.40014474,2555.988442,3771.288953,1215.300512,False,True,False,False,DERIVED_CONDITIONAL_GEOMETRY_NOT_EVENT_LOCATION
5479,85.71577759,-39.40958165,2557.733394,3771.554414,1213.821020,False,True,False,False,DERIVED_CONDITIONAL_GEOMETRY_NOT_EVENT_LOCATION
5480,85.69595032,-39.41901855,2559.478256,3771.821321,1212.343066,False,True,False,False,DERIVED_CONDITIONAL_GEOMETRY_NOT_EVENT_LOCATION
5481,85.67612305,-39.42845546,2561.223026,3772.089675,1210.866650,False,True,False,False,DERIVED_CONDITIONAL_GEOMETRY_NOT_EVENT_LOCATION
5482,85.65629578,-39.43789237,2562.967703,3772.359475,1209.391772,False,True,False,False,DERIVED_CONDITIONAL_GEOMETRY_NOT_EVENT_LOCATION
5483,85.63646851,-39.44732928,2564.712288,3772.630721,1207.918432,False,True,False,False,DERIVED_CONDITIONAL_GEOMETRY_NOT_EVENT_LOCATION
5484,85.61664124,-39.45676618,2566.456780,3772.903411,1206.446631,False,True,False,False,DERIVED_CONDITIONAL_GEOMETRY_NOT_EVENT_LOCATION
5485,85.59681396,-39.46620309,2568.201179,3773.177546,1204.976367,False,True,False,False,DERIVED_CONDITIONAL_GEOMETRY_NOT_EVENT_LOCATION
5486,85.57698669,-39.47564000,2569.945484,3773.453124,1203.507640,False,True,False,False,DERIVED_CONDITIONAL_GEOMETRY_NOT_EVENT_LOCATION
5487,85.55715942,-39.48507690,2571.689694,3773.730145,1202.040452,False,True,False,False,DERIVED_CONDITIONAL_GEOMETRY_NOT_EVENT_LOCATION
5488,85.53757180,-39.49396515,2573.410691,3773.960964,1200.550273,False,True,False,False,DERIVED_CONDITIONAL_GEOMETRY_NOT_EVENT_LOCATION
5489,85.51798418,-39.50285339,2575.131583,3774.193164,1199.061580,False,True,False,False,DERIVED_CONDITIONAL_GEOMETRY_NOT_EVENT_LOCATION
5490,85.49839656,-39.51174164,2576.852370,3774.426744,1197.574374,False,True,False,False,DERIVED_CONDITIONAL_GEOMETRY_NOT_EVENT_LOCATION
5491,85.47880893,-39.52062988,2578.573050,3774.661705,1196.088655,False,True,False,False,DERIVED_CONDITIONAL_GEOMETRY_NOT_EVENT_LOCATION
5492,85.45922131,-39.52951813,2580.293623,3774.898046,1194.604423,False,True,False,False,DERIVED_CONDITIONAL_GEOMETRY_NOT_EVENT_LOCATION
5493,85.43963369,-39.53840637,2582.014089,3775.135765,1193.121676,False,True,False,False,DERIVED_CONDITIONAL_GEOMETRY_NOT_EVENT_LOCATION
5494,85.42004606,-39.54729462,2583.734448,3775.374864,1191.640416,False,True,False,False,DERIVED_CONDITIONAL_GEOMETRY_NOT_EVENT_LOCATION
5495,85.40045844,-39.55618286,2585.454699,3775.615341,1190.160642,False,True,False,False,DERIVED_CONDITIONAL_GEOMETRY_NOT_EVENT_LOCATION
5496,85.38087082,-39.56507111,2587.174842,3775.857196,1188.682354,False,True,False,False,DERIVED_CONDITIONAL_GEOMETRY_NOT_EVENT_LOCATION
5497,85.36128320,-39.57395935,2588.894876,3776.100428,1187.205552,False,True,False,False,DERIVED_CONDITIONAL_GEOMETRY_NOT_EVENT_LOCATION
5498,85.34169557,-39.58284760,2590.614801,3776.345037,1185.730236,False,True,False,False,DERIVED_CONDITIONAL_GEOMETRY_NOT_EVENT_LOCATION
5499,85.32210795,-39.59173584,2592.334617,3776.591022,1184.256405,False,True,False,False,DERIVED_CONDITIONAL_GEOMETRY_NOT_EVENT_LOCATION
5500,85.30252033,-39.60062408,2594.054323,3776.838383,1182.784060,False,True,False,False,DERIVED_CONDITIONAL_GEOMETRY_NOT_EVENT_LOCATION
5501,85.28293271,-39.60951233,2595.773919,3777.087119,1181.313200,False,True,False,False,DERIVED_CONDITIONAL_GEOMETRY_NOT_EVENT_LOCATION
5502,85.26334508,-39.61840057,2597.493404,3777.337229,1179.843825,False,True,False,False,DERIVED_CONDITIONAL_GEOMETRY_NOT_EVENT_LOCATION
5503,85.24375746,-39.62728882,2599.212779,3777.588714,1178.375936,False,True,False,False,DERIVED_CONDITIONAL_GEOMETRY_NOT_EVENT_LOCATION
5504,85.22416984,-39.63617706,2600.932042,3777.841573,1176.909531,False,True,False,False,DERIVED_CONDITIONAL_GEOMETRY_NOT_EVENT_LOCATION
5505,85.20458221,-39.64506531,2602.651193,3778.095804,1175.444611,False,True,False,False,DERIVED_CONDITIONAL_GEOMETRY_NOT_EVENT_LOCATION
5506,85.18499459,-39.65395355,2604.370232,3778.351409,1173.981176,False,True,False,False,DERIVED_CONDITIONAL_GEOMETRY_NOT_EVENT_LOCATION
5507,85.16540697,-39.66284180,2606.089159,3778.608385,1172.519226,False,True,False,False,DERIVED_CONDITIONAL_GEOMETRY_NOT_EVENT_LOCATION
5508,85.14581935,-39.67173004,2607.807973,3778.866733,1171.058760,False,True,False,False,DERIVED_CONDITIONAL_GEOMETRY_NOT_EVENT_LOCATION
5509,85.12623172,-39.68061829,2609.526674,3779.126452,1169.599778,False,True,False,False,DERIVED_CONDITIONAL_GEOMETRY_NOT_EVENT_LOCATION
5510,85.10664410,-39.68950653,2611.245261,3779.387541,1168.142280,False,True,False,False,DERIVED_CONDITIONAL_GEOMETRY_NOT_EVENT_LOCATION
5511,85.08705648,-39.69839478,2612.963734,3779.650001,1166.686266,False,True,False,False,DERIVED_CONDITIONAL_GEOMETRY_NOT_EVENT_LOCATION
5512,85.06746886,-39.70728302,2614.682093,3779.913829,1165.231737,False,True,False,False,DERIVED_CONDITIONAL_GEOMETRY_NOT_EVENT_LOCATION
5513,85.04788123,-39.71617126,2616.400337,3780.179027,1163.778690,False,True,False,False,DERIVED_CONDITIONAL_GEOMETRY_NOT_EVENT_LOCATION
5514,85.02829361,-39.72505951,2618.118466,3780.445593,1162.327127,False,True,False,False,DERIVED_CONDITIONAL_GEOMETRY_NOT_EVENT_LOCATION
5515,85.00870599,-39.73394775,2619.836479,3780.713527,1160.877048,False,True,False,False,DERIVED_CONDITIONAL_GEOMETRY_NOT_EVENT_LOCATION
5516,84.98911836,-39.74283600,2621.554376,3780.982828,1159.428452,False,True,False,False,DERIVED_CONDITIONAL_GEOMETRY_NOT_EVENT_LOCATION
5517,84.96953074,-39.75172424,2623.272158,3781.253496,1157.981338,False,True,False,False,DERIVED_CONDITIONAL_GEOMETRY_NOT_EVENT_LOCATION
5518,84.94994312,-39.76061249,2624.989822,3781.525530,1156.535708,False,True,False,False,DERIVED_CONDITIONAL_GEOMETRY_NOT_EVENT_LOCATION
5519,84.93035550,-39.76950073,2626.707370,3781.798930,1155.091560,False,True,False,False,DERIVED_CONDITIONAL_GEOMETRY_NOT_EVENT_LOCATION
5520,84.91076787,-39.77838898,2628.424800,3782.073695,1153.648894,False,True,False,False,DERIVED_CONDITIONAL_GEOMETRY_NOT_EVENT_LOCATION
5521,84.89118025,-39.78727722,2630.142113,3782.349824,1152.207711,False,True,False,False,DERIVED_CONDITIONAL_GEOMETRY_NOT_EVENT_LOCATION
5522,84.87159263,-39.79616547,2631.859307,3782.627318,1150.768010,False,True,False,False,DERIVED_CONDITIONAL_GEOMETRY_NOT_EVENT_LOCATION
5523,84.85200500,-39.80505371,2633.576383,3782.906174,1149.329791,False,True,False,False,DERIVED_CONDITIONAL_GEOMETRY_NOT_EVENT_LOCATION
5524,84.83211093,-39.81364865,2635.317980,3783.146295,1147.828316,False,True,False,False,DERIVED_CONDITIONAL_GEOMETRY_NOT_EVENT_LOCATION
5525,84.81221686,-39.82224358,2637.059444,3783.387797,1146.328353,False,True,False,False,DERIVED_CONDITIONAL_GEOMETRY_NOT_EVENT_LOCATION
5526,84.79232279,-39.83083852,2638.800775,3783.630679,1144.829904,False,True,False,False,DERIVED_CONDITIONAL_GEOMETRY_NOT_EVENT_LOCATION
5527,84.77242872,-39.83943346,2640.541974,3783.874941,1143.332967,False,True,False,False,DERIVED_CONDITIONAL_GEOMETRY_NOT_EVENT_LOCATION
5528,84.75253465,-39.84802839,2642.283038,3784.120582,1141.837543,False,True,False,False,DERIVED_CONDITIONAL_GEOMETRY_NOT_EVENT_LOCATION
5529,84.73264058,-39.85662333,2644.023969,3784.367601,1140.343632,False,True,False,False,DERIVED_CONDITIONAL_GEOMETRY_NOT_EVENT_LOCATION
5530,84.71274651,-39.86521827,2645.764766,3784.615999,1138.851234,False,True,False,False,DERIVED_CONDITIONAL_GEOMETRY_NOT_EVENT_LOCATION
5531,84.69285244,-39.87381321,2647.505428,3784.865775,1137.360347,False,True,False,False,DERIVED_CONDITIONAL_GEOMETRY_NOT_EVENT_LOCATION
5532,84.67295837,-39.88240814,2649.245955,3785.116928,1135.870973,False,True,False,False,DERIVED_CONDITIONAL_GEOMETRY_NOT_EVENT_LOCATION
5533,84.65306430,-39.89100308,2650.986347,3785.369457,1134.383110,False,True,False,False,DERIVED_CONDITIONAL_GEOMETRY_NOT_EVENT_LOCATION
5534,84.63317023,-39.89959802,2652.726603,3785.623362,1132.896759,False,True,False,False,DERIVED_CONDITIONAL_GEOMETRY_NOT_EVENT_LOCATION
5535,84.61327616,-39.90819295,2654.466724,3785.878643,1131.411919,False,True,False,False,DERIVED_CONDITIONAL_GEOMETRY_NOT_EVENT_LOCATION
5536,84.59338209,-39.91678789,2656.206708,3786.135299,1129.928591,False,True,False,False,DERIVED_CONDITIONAL_GEOMETRY_NOT_EVENT_LOCATION
5537,84.57348802,-39.92538283,2657.946556,3786.393330,1128.446774,False,True,False,False,DERIVED_CONDITIONAL_GEOMETRY_NOT_EVENT_LOCATION
5538,84.55359395,-39.93397776,2659.686267,3786.652735,1126.966467,False,True,False,False,DERIVED_CONDITIONAL_GEOMETRY_NOT_EVENT_LOCATION
5539,84.53369988,-39.94257270,2661.425841,3786.913513,1125.487671,False,True,False,False,DERIVED_CONDITIONAL_GEOMETRY_NOT_EVENT_LOCATION
5540,84.51380581,-39.95116764,2663.165278,3787.175664,1124.010386,False,True,False,False,DERIVED_CONDITIONAL_GEOMETRY_NOT_EVENT_LOCATION
5541,84.49391174,-39.95976257,2664.904576,3787.439187,1122.534611,False,True,False,False,DERIVED_CONDITIONAL_GEOMETRY_NOT_EVENT_LOCATION
5542,84.47401767,-39.96835751,2666.643737,3787.704082,1121.060345,False,True,False,False,DERIVED_CONDITIONAL_GEOMETRY_NOT_EVENT_LOCATION
5543,84.45412360,-39.97695245,2668.382758,3787.970349,1119.587590,False,True,False,False,DERIVED_CONDITIONAL_GEOMETRY_NOT_EVENT_LOCATION
5544,84.43422953,-39.98554738,2670.121642,3788.237986,1118.116344,False,True,False,False,DERIVED_CONDITIONAL_GEOMETRY_NOT_EVENT_LOCATION
5545,84.41433546,-39.99414232,2671.860386,3788.506993,1116.646607,False,True,False,False,DERIVED_CONDITIONAL_GEOMETRY_NOT_EVENT_LOCATION
5546,84.39444139,-40.00273726,2673.598990,3788.777370,1115.178380,False,True,False,False,DERIVED_CONDITIONAL_GEOMETRY_NOT_EVENT_LOCATION
5547,84.37454732,-40.01133219,2675.337455,3789.049117,1113.711661,False,True,False,False,DERIVED_CONDITIONAL_GEOMETRY_NOT_EVENT_LOCATION
5548,84.35465325,-40.01992713,2677.075780,3789.322231,1112.246452,False,True,False,False,DERIVED_CONDITIONAL_GEOMETRY_NOT_EVENT_LOCATION
5549,84.33475918,-40.02852207,2678.813964,3789.596714,1110.782750,False,True,False,False,DERIVED_CONDITIONAL_GEOMETRY_NOT_EVENT_LOCATION
5550,84.31486511,-40.03711700,2680.552008,3789.872565,1109.320557,False,True,False,False,DERIVED_CONDITIONAL_GEOMETRY_NOT_EVENT_LOCATION
5551,84.29497104,-40.04571194,2682.289910,3790.149782,1107.859872,False,True,False,False,DERIVED_CONDITIONAL_GEOMETRY_NOT_EVENT_LOCATION
5552,84.27507697,-40.05430688,2684.027672,3790.428366,1106.400694,False,True,False,False,DERIVED_CONDITIONAL_GEOMETRY_NOT_EVENT_LOCATION
5553,84.25518290,-40.06290181,2685.765291,3790.708315,1104.943024,False,True,False,False,DERIVED_CONDITIONAL_GEOMETRY_NOT_EVENT_LOCATION
5554,84.23528883,-40.07149675,2687.502769,3790.989630,1103.486861,False,True,False,False,DERIVED_CONDITIONAL_GEOMETRY_NOT_EVENT_LOCATION
5555,84.21539476,-40.08009169,2689.240104,3791.272309,1102.032205,False,True,False,False,DERIVED_CONDITIONAL_GEOMETRY_NOT_EVENT_LOCATION
5556,84.19550069,-40.08868663,2690.977296,3791.556353,1100.579057,False,True,False,False,DERIVED_CONDITIONAL_GEOMETRY_NOT_EVENT_LOCATION
5557,84.17560662,-40.09728156,2692.714346,3791.841760,1099.127414,False,True,False,False,DERIVED_CONDITIONAL_GEOMETRY_NOT_EVENT_LOCATION
5558,84.15571255,-40.10587650,2694.451252,3792.128530,1097.677278,False,True,False,False,DERIVED_CONDITIONAL_GEOMETRY_NOT_EVENT_LOCATION
5559,84.13581848,-40.11447144,2696.188015,3792.416663,1096.228648,False,True,False,False,DERIVED_CONDITIONAL_GEOMETRY_NOT_EVENT_LOCATION
5560,84.11616887,-40.12254457,2697.901016,3792.659353,1094.758337,False,True,False,False,DERIVED_CONDITIONAL_GEOMETRY_NOT_EVENT_LOCATION
5561,84.09651926,-40.13061771,2699.613870,3792.903349,1093.289479,False,True,False,False,DERIVED_CONDITIONAL_GEOMETRY_NOT_EVENT_LOCATION
5562,84.07686966,-40.13869085,2701.326576,3793.148651,1091.822075,False,True,False,False,DERIVED_CONDITIONAL_GEOMETRY_NOT_EVENT_LOCATION
5563,84.05722005,-40.14676398,2703.039134,3793.395258,1090.356124,False,True,False,False,DERIVED_CONDITIONAL_GEOMETRY_NOT_EVENT_LOCATION
5564,84.03757044,-40.15483712,2704.751545,3793.643171,1088.891626,False,True,False,False,DERIVED_CONDITIONAL_GEOMETRY_NOT_EVENT_LOCATION
5565,84.01792083,-40.16291026,2706.463807,3793.892388,1087.428580,False,True,False,False,DERIVED_CONDITIONAL_GEOMETRY_NOT_EVENT_LOCATION
5566,83.99827122,-40.17098339,2708.175921,3794.142908,1085.966987,False,True,False,False,DERIVED_CONDITIONAL_GEOMETRY_NOT_EVENT_LOCATION
5567,83.97862161,-40.17905653,2709.887886,3794.394733,1084.506846,False,True,False,False,DERIVED_CONDITIONAL_GEOMETRY_NOT_EVENT_LOCATION
5568,83.95897200,-40.18712967,2711.599702,3794.647860,1083.048158,False,True,False,False,DERIVED_CONDITIONAL_GEOMETRY_NOT_EVENT_LOCATION
5569,83.93932239,-40.19520280,2713.311369,3794.902289,1081.590920,False,True,False,False,DERIVED_CONDITIONAL_GEOMETRY_NOT_EVENT_LOCATION
5570,83.91967279,-40.20327594,2715.022886,3795.158021,1080.135135,False,True,False,False,DERIVED_CONDITIONAL_GEOMETRY_NOT_EVENT_LOCATION
5571,83.90002318,-40.21134907,2716.734254,3795.415054,1078.680800,False,True,False,False,DERIVED_CONDITIONAL_GEOMETRY_NOT_EVENT_LOCATION
5572,83.88037357,-40.21942221,2718.445471,3795.673388,1077.227917,False,True,False,False,DERIVED_CONDITIONAL_GEOMETRY_NOT_EVENT_LOCATION
5573,83.86072396,-40.22749535,2720.156538,3795.933022,1075.776484,False,True,False,False,DERIVED_CONDITIONAL_GEOMETRY_NOT_EVENT_LOCATION
5574,83.84107435,-40.23556848,2721.867454,3796.193957,1074.326502,False,True,False,False,DERIVED_CONDITIONAL_GEOMETRY_NOT_EVENT_LOCATION
5575,83.82142474,-40.24364162,2723.578220,3796.456191,1072.877971,False,True,False,False,DERIVED_CONDITIONAL_GEOMETRY_NOT_EVENT_LOCATION
5576,83.80177513,-40.25171476,2725.288835,3796.719724,1071.430889,False,True,False,False,DERIVED_CONDITIONAL_GEOMETRY_NOT_EVENT_LOCATION
5577,83.78212552,-40.25978789,2726.999298,3796.984555,1069.985257,False,True,False,False,DERIVED_CONDITIONAL_GEOMETRY_NOT_EVENT_LOCATION
5578,83.76247592,-40.26786103,2728.709610,3797.250684,1068.541075,False,True,False,False,DERIVED_CONDITIONAL_GEOMETRY_NOT_EVENT_LOCATION
5579,83.74282631,-40.27593417,2730.419769,3797.518111,1067.098341,False,True,False,False,DERIVED_CONDITIONAL_GEOMETRY_NOT_EVENT_LOCATION
5580,83.72317670,-40.28400730,2732.129777,3797.786834,1065.657057,False,True,False,False,DERIVED_CONDITIONAL_GEOMETRY_NOT_EVENT_LOCATION
5581,83.70352709,-40.29208044,2733.839633,3798.056855,1064.217222,False,True,False,False,DERIVED_CONDITIONAL_GEOMETRY_NOT_EVENT_LOCATION
5582,83.68387748,-40.30015358,2735.549335,3798.328170,1062.778835,False,True,False,False,DERIVED_CONDITIONAL_GEOMETRY_NOT_EVENT_LOCATION
5583,83.66422787,-40.30822671,2737.258885,3798.600782,1061.341896,False,True,False,False,DERIVED_CONDITIONAL_GEOMETRY_NOT_EVENT_LOCATION
5584,83.64457826,-40.31629985,2738.968282,3798.874688,1059.906406,False,True,False,False,DERIVED_CONDITIONAL_GEOMETRY_NOT_EVENT_LOCATION
5585,83.62492865,-40.32437299,2740.677526,3799.149889,1058.472363,False,True,False,False,DERIVED_CONDITIONAL_GEOMETRY_NOT_EVENT_LOCATION
5586,83.60527905,-40.33244612,2742.386616,3799.426383,1057.039767,False,True,False,False,DERIVED_CONDITIONAL_GEOMETRY_NOT_EVENT_LOCATION
5587,83.58562944,-40.34051926,2744.095552,3799.704171,1055.608619,False,True,False,False,DERIVED_CONDITIONAL_GEOMETRY_NOT_EVENT_LOCATION
5588,83.56597983,-40.34859240,2745.804334,3799.983251,1054.178917,False,True,False,False,DERIVED_CONDITIONAL_GEOMETRY_NOT_EVENT_LOCATION
5589,83.54633022,-40.35666553,2747.512961,3800.263624,1052.750663,False,True,False,False,DERIVED_CONDITIONAL_GEOMETRY_NOT_EVENT_LOCATION
5590,83.52668061,-40.36473867,2749.221434,3800.545289,1051.323854,False,True,False,False,DERIVED_CONDITIONAL_GEOMETRY_NOT_EVENT_LOCATION
5591,83.50703100,-40.37281181,2750.929752,3800.828244,1049.898492,False,True,False,False,DERIVED_CONDITIONAL_GEOMETRY_NOT_EVENT_LOCATION
5592,83.48738139,-40.38088494,2752.637915,3801.112491,1048.474575,False,True,False,False,DERIVED_CONDITIONAL_GEOMETRY_NOT_EVENT_LOCATION
5593,83.46773179,-40.38895808,2754.345923,3801.398027,1047.052104,False,True,False,False,DERIVED_CONDITIONAL_GEOMETRY_NOT_EVENT_LOCATION
5594,83.44808218,-40.39703122,2756.053775,3801.684854,1045.631079,False,True,False,False,DERIVED_CONDITIONAL_GEOMETRY_NOT_EVENT_LOCATION
5595,83.42843257,-40.40510435,2757.761472,3801.972969,1044.211498,False,True,False,False,DERIVED_CONDITIONAL_GEOMETRY_NOT_EVENT_LOCATION
5596,83.40878296,-40.41317749,2759.469012,3802.262373,1042.793362,False,True,False,False,DERIVED_CONDITIONAL_GEOMETRY_NOT_EVENT_LOCATION
5597,83.38884550,-40.42095370,2761.199035,3802.513811,1041.314775,False,True,False,False,DERIVED_CONDITIONAL_GEOMETRY_NOT_EVENT_LOCATION
5598,83.36890803,-40.42872991,2762.928894,3802.766553,1039.837660,False,True,False,False,DERIVED_CONDITIONAL_GEOMETRY_NOT_EVENT_LOCATION
5599,83.34897057,-40.43650612,2764.658586,3803.020601,1038.362014,False,True,False,False,DERIVED_CONDITIONAL_GEOMETRY_NOT_EVENT_LOCATION
5600,83.32903310,-40.44428233,2766.388113,3803.275952,1036.887839,False,True,False,False,DERIVED_CONDITIONAL_GEOMETRY_NOT_EVENT_LOCATION
5601,83.30909564,-40.45205853,2768.117474,3803.532607,1035.415133,False,True,False,False,DERIVED_CONDITIONAL_GEOMETRY_NOT_EVENT_LOCATION
5602,83.28915818,-40.45983474,2769.846668,3803.790565,1033.943897,False,True,False,False,DERIVED_CONDITIONAL_GEOMETRY_NOT_EVENT_LOCATION
5603,83.26922071,-40.46761095,2771.575696,3804.049826,1032.474130,False,True,False,False,DERIVED_CONDITIONAL_GEOMETRY_NOT_EVENT_LOCATION
5604,83.24928325,-40.47538716,2773.304557,3804.310389,1031.005832,False,True,False,False,DERIVED_CONDITIONAL_GEOMETRY_NOT_EVENT_LOCATION
5605,83.22934579,-40.48316337,2775.033252,3804.572254,1029.539002,False,True,False,False,DERIVED_CONDITIONAL_GEOMETRY_NOT_EVENT_LOCATION
5606,83.20940832,-40.49093958,2776.761779,3804.835420,1028.073641,False,True,False,False,DERIVED_CONDITIONAL_GEOMETRY_NOT_EVENT_LOCATION
5607,83.18947086,-40.49871579,2778.490139,3805.099886,1026.609748,False,True,False,False,DERIVED_CONDITIONAL_GEOMETRY_NOT_EVENT_LOCATION
5608,83.16953339,-40.50649200,2780.218331,3805.365653,1025.147322,False,True,False,False,DERIVED_CONDITIONAL_GEOMETRY_NOT_EVENT_LOCATION
5609,83.14959593,-40.51426820,2781.946355,3805.632719,1023.686364,False,True,False,False,DERIVED_CONDITIONAL_GEOMETRY_NOT_EVENT_LOCATION
5610,83.12965847,-40.52204441,2783.674211,3805.901085,1022.226873,False,True,False,False,DERIVED_CONDITIONAL_GEOMETRY_NOT_EVENT_LOCATION
5611,83.10972100,-40.52982062,2785.401899,3806.170749,1020.768849,False,True,False,False,DERIVED_CONDITIONAL_GEOMETRY_NOT_EVENT_LOCATION
5612,83.08978354,-40.53759683,2787.129419,3806.441711,1019.312292,False,True,False,False,DERIVED_CONDITIONAL_GEOMETRY_NOT_EVENT_LOCATION
5613,83.06984608,-40.54537304,2788.856770,3806.713971,1017.857201,False,True,False,False,DERIVED_CONDITIONAL_GEOMETRY_NOT_EVENT_LOCATION
5614,83.04990861,-40.55314925,2790.583952,3806.987527,1016.403576,False,True,False,False,DERIVED_CONDITIONAL_GEOMETRY_NOT_EVENT_LOCATION
5615,83.02997115,-40.56092546,2792.310965,3807.262381,1014.951416,False,True,False,False,DERIVED_CONDITIONAL_GEOMETRY_NOT_EVENT_LOCATION
5616,83.01003368,-40.56870167,2794.037808,3807.538530,1013.500722,False,True,False,False,DERIVED_CONDITIONAL_GEOMETRY_NOT_EVENT_LOCATION
5617,82.99009622,-40.57647788,2795.764482,3807.815975,1012.051493,False,True,False,False,DERIVED_CONDITIONAL_GEOMETRY_NOT_EVENT_LOCATION
5618,82.97015876,-40.58425408,2797.490986,3808.094715,1010.603728,False,True,False,False,DERIVED_CONDITIONAL_GEOMETRY_NOT_EVENT_LOCATION
5619,82.95022129,-40.59203029,2799.217321,3808.374749,1009.157428,False,True,False,False,DERIVED_CONDITIONAL_GEOMETRY_NOT_EVENT_LOCATION
5620,82.93028383,-40.59980650,2800.943485,3808.656077,1007.712592,False,True,False,False,DERIVED_CONDITIONAL_GEOMETRY_NOT_EVENT_LOCATION
5621,82.91034637,-40.60758271,2802.669479,3808.938699,1006.269220,False,True,False,False,DERIVED_CONDITIONAL_GEOMETRY_NOT_EVENT_LOCATION
5622,82.89040890,-40.61535892,2804.395302,3809.222613,1004.827312,False,True,False,False,DERIVED_CONDITIONAL_GEOMETRY_NOT_EVENT_LOCATION
5623,82.87047144,-40.62313513,2806.120954,3809.507820,1003.386866,False,True,False,False,DERIVED_CONDITIONAL_GEOMETRY_NOT_EVENT_LOCATION
5624,82.85053398,-40.63091134,2807.846435,3809.794319,1001.947884,False,True,False,False,DERIVED_CONDITIONAL_GEOMETRY_NOT_EVENT_LOCATION
5625,82.83059651,-40.63868755,2809.571745,3810.082109,1000.510364,False,True,False,False,DERIVED_CONDITIONAL_GEOMETRY_NOT_EVENT_LOCATION
5626,82.81065905,-40.64646376,2811.296884,3810.371189,999.074306,False,True,False,False,DERIVED_CONDITIONAL_GEOMETRY_NOT_EVENT_LOCATION
5627,82.79072158,-40.65423996,2813.021851,3810.661560,997.639710,False,True,False,False,DERIVED_CONDITIONAL_GEOMETRY_NOT_EVENT_LOCATION
5628,82.77078412,-40.66201617,2814.746646,3810.953221,996.206576,False,True,False,False,DERIVED_CONDITIONAL_GEOMETRY_NOT_EVENT_LOCATION
5629,82.75084666,-40.66979238,2816.471268,3811.246171,994.774902,False,True,False,False,DERIVED_CONDITIONAL_GEOMETRY_NOT_EVENT_LOCATION
5630,82.73090919,-40.67756859,2818.195719,3811.540409,993.344690,False,True,False,False,DERIVED_CONDITIONAL_GEOMETRY_NOT_EVENT_LOCATION
5631,82.71097173,-40.68534480,2819.919997,3811.835936,991.915939,False,True,False,False,DERIVED_CONDITIONAL_GEOMETRY_NOT_EVENT_LOCATION
5632,82.69103427,-40.69312101,2821.644102,3812.132750,990.488648,False,True,False,False,DERIVED_CONDITIONAL_GEOMETRY_NOT_EVENT_LOCATION
5633,82.67109680,-40.70089722,2823.368035,3812.430851,989.062816,False,True,False,False,DERIVED_CONDITIONAL_GEOMETRY_NOT_EVENT_LOCATION
5634,82.65141015,-40.70817566,2825.067772,3812.684192,987.616420,False,True,False,False,DERIVED_CONDITIONAL_GEOMETRY_NOT_EVENT_LOCATION
5635,82.63172350,-40.71545410,2826.767338,3812.938768,986.171431,False,True,False,False,DERIVED_CONDITIONAL_GEOMETRY_NOT_EVENT_LOCATION
5636,82.61203686,-40.72273254,2828.466733,3813.194581,984.727848,False,True,False,False,DERIVED_CONDITIONAL_GEOMETRY_NOT_EVENT_LOCATION
5637,82.59235021,-40.73001099,2830.165956,3813.451628,983.285671,False,True,False,False,DERIVED_CONDITIONAL_GEOMETRY_NOT_EVENT_LOCATION
5638,82.57266356,-40.73728943,2831.865009,3813.709909,981.844901,False,True,False,False,DERIVED_CONDITIONAL_GEOMETRY_NOT_EVENT_LOCATION
5639,82.55297691,-40.74456787,2833.563889,3813.969425,980.405536,False,True,False,False,DERIVED_CONDITIONAL_GEOMETRY_NOT_EVENT_LOCATION
5640,82.53329026,-40.75184631,2835.262598,3814.230175,978.967576,False,True,False,False,DERIVED_CONDITIONAL_GEOMETRY_NOT_EVENT_LOCATION
5641,82.51360361,-40.75912476,2836.961135,3814.492157,977.531022,False,True,False,False,DERIVED_CONDITIONAL_GEOMETRY_NOT_EVENT_LOCATION
5642,82.49391696,-40.76640320,2838.659500,3814.755372,976.095872,False,True,False,False,DERIVED_CONDITIONAL_GEOMETRY_NOT_EVENT_LOCATION
5643,82.47423031,-40.77368164,2840.357693,3815.019819,974.662127,False,True,False,False,DERIVED_CONDITIONAL_GEOMETRY_NOT_EVENT_LOCATION
5644,82.45454367,-40.78096008,2842.055713,3815.285498,973.229785,False,True,False,False,DERIVED_CONDITIONAL_GEOMETRY_NOT_EVENT_LOCATION
5645,82.43485702,-40.78823853,2843.753560,3815.552408,971.798848,False,True,False,False,DERIVED_CONDITIONAL_GEOMETRY_NOT_EVENT_LOCATION
5646,82.41517037,-40.79551697,2845.451235,3815.820549,970.369314,False,True,False,False,DERIVED_CONDITIONAL_GEOMETRY_NOT_EVENT_LOCATION
5647,82.39548372,-40.80279541,2847.148737,3816.089920,968.941184,False,True,False,False,DERIVED_CONDITIONAL_GEOMETRY_NOT_EVENT_LOCATION
5648,82.37579707,-40.81007385,2848.846066,3816.360521,967.514456,False,True,False,False,DERIVED_CONDITIONAL_GEOMETRY_NOT_EVENT_LOCATION
5649,82.35611042,-40.81735229,2850.543221,3816.632351,966.089131,False,True,False,False,DERIVED_CONDITIONAL_GEOMETRY_NOT_EVENT_LOCATION
5650,82.33642377,-40.82463074,2852.240203,3816.905410,964.665208,False,True,False,False,DERIVED_CONDITIONAL_GEOMETRY_NOT_EVENT_LOCATION
5651,82.31673712,-40.83190918,2853.937011,3817.179698,963.242687,False,True,False,False,DERIVED_CONDITIONAL_GEOMETRY_NOT_EVENT_LOCATION
5652,82.29705048,-40.83918762,2855.633645,3817.455213,961.821568,False,True,False,False,DERIVED_CONDITIONAL_GEOMETRY_NOT_EVENT_LOCATION
5653,82.27736383,-40.84646606,2857.330106,3817.731955,960.401850,False,True,False,False,DERIVED_CONDITIONAL_GEOMETRY_NOT_EVENT_LOCATION
5654,82.25767718,-40.85374451,2859.026392,3818.009925,958.983533,False,True,False,False,DERIVED_CONDITIONAL_GEOMETRY_NOT_EVENT_LOCATION
5655,82.23799053,-40.86102295,2860.722504,3818.289120,957.566616,False,True,False,False,DERIVED_CONDITIONAL_GEOMETRY_NOT_EVENT_LOCATION
5656,82.21830388,-40.86830139,2862.418442,3818.569542,956.151100,False,True,False,False,DERIVED_CONDITIONAL_GEOMETRY_NOT_EVENT_LOCATION
5657,82.19861723,-40.87557983,2864.114205,3818.851189,954.736984,False,True,False,False,DERIVED_CONDITIONAL_GEOMETRY_NOT_EVENT_LOCATION
5658,82.17893058,-40.88285828,2865.809793,3819.134061,953.324268,False,True,False,False,DERIVED_CONDITIONAL_GEOMETRY_NOT_EVENT_LOCATION
5659,82.15924394,-40.89013672,2867.505206,3819.418157,951.912951,False,True,False,False,DERIVED_CONDITIONAL_GEOMETRY_NOT_EVENT_LOCATION
5660,82.13955729,-40.89741516,2869.200444,3819.703477,950.503034,False,True,False,False,DERIVED_CONDITIONAL_GEOMETRY_NOT_EVENT_LOCATION
5661,82.11987064,-40.90469360,2870.895506,3819.990021,949.094515,False,True,False,False,DERIVED_CONDITIONAL_GEOMETRY_NOT_EVENT_LOCATION
5662,82.10018399,-40.91197205,2872.590393,3820.277787,947.687394,False,True,False,False,DERIVED_CONDITIONAL_GEOMETRY_NOT_EVENT_LOCATION
5663,82.08049734,-40.91925049,2874.285105,3820.566776,946.281671,False,True,False,False,DERIVED_CONDITIONAL_GEOMETRY_NOT_EVENT_LOCATION
5664,82.06081069,-40.92652893,2875.979641,3820.856987,944.877346,False,True,False,False,DERIVED_CONDITIONAL_GEOMETRY_NOT_EVENT_LOCATION
5665,82.04112404,-40.93380737,2877.674000,3821.148419,943.474419,False,True,False,False,DERIVED_CONDITIONAL_GEOMETRY_NOT_EVENT_LOCATION
5666,82.02143739,-40.94108582,2879.368184,3821.441072,942.072888,False,True,False,False,DERIVED_CONDITIONAL_GEOMETRY_NOT_EVENT_LOCATION
5667,82.00175075,-40.94836426,2881.062191,3821.734946,940.672755,False,True,False,False,DERIVED_CONDITIONAL_GEOMETRY_NOT_EVENT_LOCATION
5668,81.98206410,-40.95564270,2882.756022,3822.030039,939.274017,False,True,False,False,DERIVED_CONDITIONAL_GEOMETRY_NOT_EVENT_LOCATION
5669,81.96237745,-40.96292114,2884.449676,3822.326352,937.876676,False,True,False,False,DERIVED_CONDITIONAL_GEOMETRY_NOT_EVENT_LOCATION
5670,81.94269080,-40.97019958,2886.143154,3822.623884,936.480730,False,True,False,False,DERIVED_CONDITIONAL_GEOMETRY_NOT_EVENT_LOCATION
5671,81.92300415,-40.97747803,2887.836454,3822.922634,935.086180,False,True,False,False,DERIVED_CONDITIONAL_GEOMETRY_NOT_EVENT_LOCATION
5672,81.90305047,-40.98445852,2889.550206,3823.184430,933.634224,False,True,False,False,DERIVED_CONDITIONAL_GEOMETRY_NOT_EVENT_LOCATION
5673,81.88309680,-40.99143902,2891.263775,3823.447460,932.183685,False,True,False,False,DERIVED_CONDITIONAL_GEOMETRY_NOT_EVENT_LOCATION
5674,81.86314312,-40.99841951,2892.977162,3823.711723,930.734561,False,True,False,False,DERIVED_CONDITIONAL_GEOMETRY_NOT_EVENT_LOCATION
5675,81.84318944,-41.00540001,2894.690367,3823.977220,929.286853,False,True,False,False,DERIVED_CONDITIONAL_GEOMETRY_NOT_EVENT_LOCATION
5676,81.82323576,-41.01238050,2896.403389,3824.243950,927.840560,False,True,False,False,DERIVED_CONDITIONAL_GEOMETRY_NOT_EVENT_LOCATION
5677,81.80328209,-41.01936099,2898.116229,3824.511911,926.395683,False,True,False,False,DERIVED_CONDITIONAL_GEOMETRY_NOT_EVENT_LOCATION
5678,81.78332841,-41.02634149,2899.828886,3824.781105,924.952219,False,True,False,False,DERIVED_CONDITIONAL_GEOMETRY_NOT_EVENT_LOCATION
5679,81.76337473,-41.03332198,2901.541359,3825.051530,923.510171,False,True,False,False,DERIVED_CONDITIONAL_GEOMETRY_NOT_EVENT_LOCATION
5680,81.74342105,-41.04030248,2903.253650,3825.323186,922.069536,False,True,False,False,DERIVED_CONDITIONAL_GEOMETRY_NOT_EVENT_LOCATION
5681,81.72346738,-41.04728297,2904.965757,3825.596072,920.630314,False,True,False,False,DERIVED_CONDITIONAL_GEOMETRY_NOT_EVENT_LOCATION
5682,81.70351370,-41.05426347,2906.677681,3825.870188,919.192506,False,True,False,False,DERIVED_CONDITIONAL_GEOMETRY_NOT_EVENT_LOCATION
5683,81.68356002,-41.06124396,2908.389422,3826.145533,917.756111,False,True,False,False,DERIVED_CONDITIONAL_GEOMETRY_NOT_EVENT_LOCATION
5684,81.66360634,-41.06822446,2910.100978,3826.422107,916.321129,False,True,False,False,DERIVED_CONDITIONAL_GEOMETRY_NOT_EVENT_LOCATION
5685,81.64365266,-41.07520495,2911.812351,3826.699910,914.887559,False,True,False,False,DERIVED_CONDITIONAL_GEOMETRY_NOT_EVENT_LOCATION
5686,81.62369899,-41.08218544,2913.523540,3826.978941,913.455400,False,True,False,False,DERIVED_CONDITIONAL_GEOMETRY_NOT_EVENT_LOCATION
5687,81.60374531,-41.08916594,2915.234545,3827.259199,912.024654,False,True,False,False,DERIVED_CONDITIONAL_GEOMETRY_NOT_EVENT_LOCATION
5688,81.58379163,-41.09614643,2916.945366,3827.540684,910.595318,False,True,False,False,DERIVED_CONDITIONAL_GEOMETRY_NOT_EVENT_LOCATION
5689,81.56383795,-41.10312693,2918.656002,3827.823395,909.167393,False,True,False,False,DERIVED_CONDITIONAL_GEOMETRY_NOT_EVENT_LOCATION
5690,81.54388428,-41.11010742,2920.366453,3828.107332,907.740879,False,True,False,False,DERIVED_CONDITIONAL_GEOMETRY_NOT_EVENT_LOCATION
5691,81.52393060,-41.11708792,2922.076720,3828.392495,906.315775,False,True,False,False,DERIVED_CONDITIONAL_GEOMETRY_NOT_EVENT_LOCATION
5692,81.50397692,-41.12406841,2923.786802,3828.678883,904.892081,False,True,False,False,DERIVED_CONDITIONAL_GEOMETRY_NOT_EVENT_LOCATION
5693,81.48402324,-41.13104891,2925.496699,3828.966495,903.469796,False,True,False,False,DERIVED_CONDITIONAL_GEOMETRY_NOT_EVENT_LOCATION
5694,81.46406957,-41.13802940,2927.206411,3829.255331,902.048920,False,True,False,False,DERIVED_CONDITIONAL_GEOMETRY_NOT_EVENT_LOCATION
5695,81.44411589,-41.14500989,2928.915938,3829.545391,900.629453,False,True,False,False,DERIVED_CONDITIONAL_GEOMETRY_NOT_EVENT_LOCATION
5696,81.42416221,-41.15199039,2930.625279,3829.836673,899.211394,False,True,False,False,DERIVED_CONDITIONAL_GEOMETRY_NOT_EVENT_LOCATION
5697,81.40420853,-41.15897088,2932.334435,3830.129179,897.794744,False,True,False,False,DERIVED_CONDITIONAL_GEOMETRY_NOT_EVENT_LOCATION
5698,81.38425486,-41.16595138,2934.043405,3830.422906,896.379501,False,True,False,False,DERIVED_CONDITIONAL_GEOMETRY_NOT_EVENT_LOCATION
5699,81.36430118,-41.17293187,2935.752189,3830.717854,894.965665,False,True,False,False,DERIVED_CONDITIONAL_GEOMETRY_NOT_EVENT_LOCATION
5700,81.34434750,-41.17991237,2937.460787,3831.014024,893.553236,False,True,False,False,DERIVED_CONDITIONAL_GEOMETRY_NOT_EVENT_LOCATION
5701,81.32439382,-41.18689286,2939.169199,3831.311414,892.142214,False,True,False,False,DERIVED_CONDITIONAL_GEOMETRY_NOT_EVENT_LOCATION
5702,81.30444015,-41.19387336,2940.877425,3831.610023,890.732598,False,True,False,False,DERIVED_CONDITIONAL_GEOMETRY_NOT_EVENT_LOCATION
5703,81.28448647,-41.20085385,2942.585465,3831.909853,889.324388,False,True,False,False,DERIVED_CONDITIONAL_GEOMETRY_NOT_EVENT_LOCATION
5704,81.26453279,-41.20783434,2944.293317,3832.210901,887.917583,False,True,False,False,DERIVED_CONDITIONAL_GEOMETRY_NOT_EVENT_LOCATION
5705,81.24457911,-41.21481484,2946.000984,3832.513168,886.512184,False,True,False,False,DERIVED_CONDITIONAL_GEOMETRY_NOT_EVENT_LOCATION
5706,81.22462544,-41.22179533,2947.708463,3832.816652,885.108189,False,True,False,False,DERIVED_CONDITIONAL_GEOMETRY_NOT_EVENT_LOCATION
5707,81.20467176,-41.22877583,2949.415756,3833.121354,883.705599,False,True,False,False,DERIVED_CONDITIONAL_GEOMETRY_NOT_EVENT_LOCATION
5708,81.18471808,-41.23575632,2951.122861,3833.427273,882.304412,False,True,False,False,DERIVED_CONDITIONAL_GEOMETRY_NOT_EVENT_LOCATION
5709,81.16476440,-41.24273682,2952.829779,3833.734408,880.904629,False,True,False,False,DERIVED_CONDITIONAL_GEOMETRY_NOT_EVENT_LOCATION
5710,81.14506922,-41.24924176,2954.512151,3833.997448,879.485297,False,True,False,False,DERIVED_CONDITIONAL_GEOMETRY_NOT_EVENT_LOCATION
5711,81.12537404,-41.25574669,2956.194341,3834.261657,878.067316,False,True,False,False,DERIVED_CONDITIONAL_GEOMETRY_NOT_EVENT_LOCATION
5712,81.10567885,-41.26225163,2957.876351,3834.527036,876.650685,False,True,False,False,DERIVED_CONDITIONAL_GEOMETRY_NOT_EVENT_LOCATION
5713,81.08598367,-41.26875657,2959.558180,3834.793584,875.235404,False,True,False,False,DERIVED_CONDITIONAL_GEOMETRY_NOT_EVENT_LOCATION
5714,81.06628848,-41.27526151,2961.239827,3835.061300,873.821473,False,True,False,False,DERIVED_CONDITIONAL_GEOMETRY_NOT_EVENT_LOCATION
5715,81.04659330,-41.28176645,2962.921293,3835.330184,872.408891,False,True,False,False,DERIVED_CONDITIONAL_GEOMETRY_NOT_EVENT_LOCATION
5716,81.02689812,-41.28827139,2964.602577,3835.600235,870.997658,False,True,False,False,DERIVED_CONDITIONAL_GEOMETRY_NOT_EVENT_LOCATION
5717,81.00720293,-41.29477633,2966.283680,3835.871454,869.587774,False,True,False,False,DERIVED_CONDITIONAL_GEOMETRY_NOT_EVENT_LOCATION
5718,80.98750775,-41.30128127,2967.964601,3836.143839,868.179238,False,True,False,False,DERIVED_CONDITIONAL_GEOMETRY_NOT_EVENT_LOCATION
5719,80.96781256,-41.30778621,2969.645340,3836.417390,866.772050,False,True,False,False,DERIVED_CONDITIONAL_GEOMETRY_NOT_EVENT_LOCATION
5720,80.94811738,-41.31429115,2971.325897,3836.692107,865.366210,False,True,False,False,DERIVED_CONDITIONAL_GEOMETRY_NOT_EVENT_LOCATION
5721,80.92842219,-41.32079609,2973.006272,3836.967990,863.961718,False,True,False,False,DERIVED_CONDITIONAL_GEOMETRY_NOT_EVENT_LOCATION
5722,80.90872701,-41.32730103,2974.686465,3837.245037,862.558572,False,True,False,False,DERIVED_CONDITIONAL_GEOMETRY_NOT_EVENT_LOCATION
5723,80.88903183,-41.33380596,2976.366475,3837.523248,861.156773,False,True,False,False,DERIVED_CONDITIONAL_GEOMETRY_NOT_EVENT_LOCATION
5724,80.86933664,-41.34031090,2978.046304,3837.802623,859.756320,False,True,False,False,DERIVED_CONDITIONAL_GEOMETRY_NOT_EVENT_LOCATION
5725,80.84964146,-41.34681584,2979.725949,3838.083162,858.357213,False,True,False,False,DERIVED_CONDITIONAL_GEOMETRY_NOT_EVENT_LOCATION
5726,80.82994627,-41.35332078,2981.405412,3838.364864,856.959451,False,True,False,False,DERIVED_CONDITIONAL_GEOMETRY_NOT_EVENT_LOCATION
5727,80.81025109,-41.35982572,2983.084693,3838.647728,855.563035,False,True,False,False,DERIVED_CONDITIONAL_GEOMETRY_NOT_EVENT_LOCATION
5728,80.79055591,-41.36633066,2984.763790,3838.931754,854.167964,False,True,False,False,DERIVED_CONDITIONAL_GEOMETRY_NOT_EVENT_LOCATION
5729,80.77086072,-41.37283560,2986.442704,3839.216942,852.774238,False,True,False,False,DERIVED_CONDITIONAL_GEOMETRY_NOT_EVENT_LOCATION
5730,80.75116554,-41.37934054,2988.121436,3839.503291,851.381855,False,True,False,False,DERIVED_CONDITIONAL_GEOMETRY_NOT_EVENT_LOCATION
5731,80.73147035,-41.38584548,2989.799984,3839.790800,849.990817,False,True,False,False,DERIVED_CONDITIONAL_GEOMETRY_NOT_EVENT_LOCATION
5732,80.71177517,-41.39235042,2991.478348,3840.079470,848.601122,False,True,False,False,DERIVED_CONDITIONAL_GEOMETRY_NOT_EVENT_LOCATION
5733,80.69207998,-41.39885536,2993.156530,3840.369299,847.212770,False,True,False,False,DERIVED_CONDITIONAL_GEOMETRY_NOT_EVENT_LOCATION
5734,80.67238480,-41.40536030,2994.834528,3840.660288,845.825761,False,True,False,False,DERIVED_CONDITIONAL_GEOMETRY_NOT_EVENT_LOCATION
5735,80.65268962,-41.41186523,2996.512342,3840.952436,844.440094,False,True,False,False,DERIVED_CONDITIONAL_GEOMETRY_NOT_EVENT_LOCATION
5736,80.63299443,-41.41837017,2998.189972,3841.245741,843.055769,False,True,False,False,DERIVED_CONDITIONAL_GEOMETRY_NOT_EVENT_LOCATION
5737,80.61329925,-41.42487511,2999.867419,3841.540205,841.672786,False,True,False,False,DERIVED_CONDITIONAL_GEOMETRY_NOT_EVENT_LOCATION
5738,80.59360406,-41.43138005,3001.544681,3841.835826,840.291145,False,True,False,False,DERIVED_CONDITIONAL_GEOMETRY_NOT_EVENT_LOCATION
5739,80.57390888,-41.43788499,3003.221760,3842.132604,838.910844,False,True,False,False,DERIVED_CONDITIONAL_GEOMETRY_NOT_EVENT_LOCATION
5740,80.55421370,-41.44438993,3004.898654,3842.430538,837.531885,False,True,False,False,DERIVED_CONDITIONAL_GEOMETRY_NOT_EVENT_LOCATION
5741,80.53451851,-41.45089487,3006.575364,3842.729629,836.154265,False,True,False,False,DERIVED_CONDITIONAL_GEOMETRY_NOT_EVENT_LOCATION
5742,80.51482333,-41.45739981,3008.251889,3843.029874,834.777985,False,True,False,False,DERIVED_CONDITIONAL_GEOMETRY_NOT_EVENT_LOCATION
5743,80.49512814,-41.46390475,3009.928230,3843.331275,833.403045,False,True,False,False,DERIVED_CONDITIONAL_GEOMETRY_NOT_EVENT_LOCATION
5744,80.47543296,-41.47040969,3011.604386,3843.633831,832.029444,False,True,False,False,DERIVED_CONDITIONAL_GEOMETRY_NOT_EVENT_LOCATION
5745,80.45573777,-41.47691463,3013.280358,3843.937540,830.657182,False,True,False,False,DERIVED_CONDITIONAL_GEOMETRY_NOT_EVENT_LOCATION
5746,80.43604259,-41.48341957,3014.956144,3844.242403,829.286258,False,True,False,False,DERIVED_CONDITIONAL_GEOMETRY_NOT_EVENT_LOCATION
5747,80.41634741,-41.48992450,3016.631746,3844.548419,827.916673,False,True,False,False,DERIVED_CONDITIONAL_GEOMETRY_NOT_EVENT_LOCATION
5748,80.39665222,-41.49642944,3018.307163,3844.855587,826.548425,False,True,False,False,DERIVED_CONDITIONAL_GEOMETRY_NOT_EVENT_LOCATION
5749,80.37671172,-41.50263312,3020.001075,3845.126488,825.125413,False,True,False,False,DERIVED_CONDITIONAL_GEOMETRY_NOT_EVENT_LOCATION
5750,80.35677122,-41.50883680,3021.694801,3845.398555,823.703754,False,True,False,False,DERIVED_CONDITIONAL_GEOMETRY_NOT_EVENT_LOCATION
5751,80.33683073,-41.51504047,3023.388340,3845.671790,822.283450,False,True,False,False,DERIVED_CONDITIONAL_GEOMETRY_NOT_EVENT_LOCATION
5752,80.31689023,-41.52124415,3025.081693,3845.946192,820.864499,False,True,False,False,DERIVED_CONDITIONAL_GEOMETRY_NOT_EVENT_LOCATION
5753,80.29694973,-41.52744782,3026.774858,3846.221760,819.446902,False,True,False,False,DERIVED_CONDITIONAL_GEOMETRY_NOT_EVENT_LOCATION
5754,80.27700923,-41.53365150,3028.467836,3846.498493,818.030657,False,True,False,False,DERIVED_CONDITIONAL_GEOMETRY_NOT_EVENT_LOCATION
5755,80.25706873,-41.53985517,3030.160628,3846.776392,816.615764,False,True,False,False,DERIVED_CONDITIONAL_GEOMETRY_NOT_EVENT_LOCATION
5756,80.23712823,-41.54605885,3031.853232,3847.055455,815.202223,False,True,False,False,DERIVED_CONDITIONAL_GEOMETRY_NOT_EVENT_LOCATION
5757,80.21718773,-41.55226253,3033.545649,3847.335683,813.790034,False,True,False,False,DERIVED_CONDITIONAL_GEOMETRY_NOT_EVENT_LOCATION
5758,80.19724724,-41.55846620,3035.237878,3847.617075,812.379197,False,True,False,False,DERIVED_CONDITIONAL_GEOMETRY_NOT_EVENT_LOCATION
5759,80.17730674,-41.56466988,3036.929920,3847.899631,810.969710,False,True,False,False,DERIVED_CONDITIONAL_GEOMETRY_NOT_EVENT_LOCATION
5760,80.15736624,-41.57087355,3038.621775,3848.183349,809.561574,False,True,False,False,DERIVED_CONDITIONAL_GEOMETRY_NOT_EVENT_LOCATION
5761,80.13742574,-41.57707723,3040.313442,3848.468230,808.154788,False,True,False,False,DERIVED_CONDITIONAL_GEOMETRY_NOT_EVENT_LOCATION
5762,80.11748524,-41.58328091,3042.004920,3848.754273,806.749352,False,True,False,False,DERIVED_CONDITIONAL_GEOMETRY_NOT_EVENT_LOCATION
5763,80.09754474,-41.58948458,3043.696212,3849.041477,805.345266,False,True,False,False,DERIVED_CONDITIONAL_GEOMETRY_NOT_EVENT_LOCATION
5764,80.07760424,-41.59568826,3045.387315,3849.329843,803.942528,False,True,False,False,DERIVED_CONDITIONAL_GEOMETRY_NOT_EVENT_LOCATION
5765,80.05766375,-41.60189193,3047.078230,3849.619369,802.541140,False,True,False,False,DERIVED_CONDITIONAL_GEOMETRY_NOT_EVENT_LOCATION
5766,80.03772325,-41.60809561,3048.768956,3849.910056,801.141100,False,True,False,False,DERIVED_CONDITIONAL_GEOMETRY_NOT_EVENT_LOCATION
5767,80.01778275,-41.61429929,3050.459495,3850.201902,799.742407,False,True,False,False,DERIVED_CONDITIONAL_GEOMETRY_NOT_EVENT_LOCATION
5768,79.99784225,-41.62050296,3052.149845,3850.494908,798.345063,False,True,False,False,DERIVED_CONDITIONAL_GEOMETRY_NOT_EVENT_LOCATION
5769,79.97790175,-41.62670664,3053.840007,3850.789073,796.949066,False,True,False,False,DERIVED_CONDITIONAL_GEOMETRY_NOT_EVENT_LOCATION
5770,79.95796125,-41.63291031,3055.529980,3851.084396,795.554415,False,True,False,False,DERIVED_CONDITIONAL_GEOMETRY_NOT_EVENT_LOCATION
5771,79.93802076,-41.63911399,3057.219765,3851.380876,794.161112,False,True,False,False,DERIVED_CONDITIONAL_GEOMETRY_NOT_EVENT_LOCATION
5772,79.91808026,-41.64531766,3058.909361,3851.678515,792.769154,False,True,False,False,DERIVED_CONDITIONAL_GEOMETRY_NOT_EVENT_LOCATION
5773,79.89813976,-41.65152134,3060.598767,3851.977310,791.378542,False,True,False,False,DERIVED_CONDITIONAL_GEOMETRY_NOT_EVENT_LOCATION
5774,79.87819926,-41.65772502,3062.287985,3852.277261,789.989276,False,True,False,False,DERIVED_CONDITIONAL_GEOMETRY_NOT_EVENT_LOCATION
5775,79.85825876,-41.66392869,3063.977014,3852.578369,788.601355,False,True,False,False,DERIVED_CONDITIONAL_GEOMETRY_NOT_EVENT_LOCATION
5776,79.83831826,-41.67013237,3065.665854,3852.880632,787.214778,False,True,False,False,DERIVED_CONDITIONAL_GEOMETRY_NOT_EVENT_LOCATION
5777,79.81837776,-41.67633604,3067.354505,3853.184050,785.829546,False,True,False,False,DERIVED_CONDITIONAL_GEOMETRY_NOT_EVENT_LOCATION
5778,79.79843727,-41.68253972,3069.042966,3853.488623,784.445657,False,True,False,False,DERIVED_CONDITIONAL_GEOMETRY_NOT_EVENT_LOCATION
5779,79.77849677,-41.68874340,3070.731238,3853.794350,783.063112,False,True,False,False,DERIVED_CONDITIONAL_GEOMETRY_NOT_EVENT_LOCATION
5780,79.75855627,-41.69494707,3072.419320,3854.101231,781.681910,False,True,False,False,DERIVED_CONDITIONAL_GEOMETRY_NOT_EVENT_LOCATION
5781,79.73861577,-41.70115075,3074.107213,3854.409264,780.302051,False,True,False,False,DERIVED_CONDITIONAL_GEOMETRY_NOT_EVENT_LOCATION
5782,79.71867527,-41.70735442,3075.794916,3854.718451,778.923535,False,True,False,False,DERIVED_CONDITIONAL_GEOMETRY_NOT_EVENT_LOCATION
5783,79.69873477,-41.71355810,3077.482429,3855.028789,777.546360,False,True,False,False,DERIVED_CONDITIONAL_GEOMETRY_NOT_EVENT_LOCATION
5784,79.67879427,-41.71976178,3079.169753,3855.340279,776.170527,False,True,False,False,DERIVED_CONDITIONAL_GEOMETRY_NOT_EVENT_LOCATION
5785,79.65885378,-41.72596545,3080.856886,3855.652921,774.796035,False,True,False,False,DERIVED_CONDITIONAL_GEOMETRY_NOT_EVENT_LOCATION
5786,79.63891328,-41.73216913,3082.543829,3855.966713,773.422884,False,True,False,False,DERIVED_CONDITIONAL_GEOMETRY_NOT_EVENT_LOCATION
5787,79.61897278,-41.73837280,3084.230582,3856.281655,772.051073,False,True,False,False,DERIVED_CONDITIONAL_GEOMETRY_NOT_EVENT_LOCATION
5788,79.59929924,-41.74412384,3085.892534,3856.553380,770.660847,False,True,False,False,DERIVED_CONDITIONAL_GEOMETRY_NOT_EVENT_LOCATION
5789,79.57962570,-41.74987488,3087.554304,3856.826212,769.271908,False,True,False,False,DERIVED_CONDITIONAL_GEOMETRY_NOT_EVENT_LOCATION
5790,79.55995216,-41.75562592,3089.215894,3857.100152,767.884258,False,True,False,False,DERIVED_CONDITIONAL_GEOMETRY_NOT_EVENT_LOCATION
5791,79.54027863,-41.76137695,3090.877303,3857.375198,766.497895,False,True,False,False,DERIVED_CONDITIONAL_GEOMETRY_NOT_EVENT_LOCATION
5792,79.52060509,-41.76712799,3092.538531,3857.651351,765.112820,False,True,False,False,DERIVED_CONDITIONAL_GEOMETRY_NOT_EVENT_LOCATION
5793,79.50093155,-41.77287903,3094.199578,3857.928610,763.729032,False,True,False,False,DERIVED_CONDITIONAL_GEOMETRY_NOT_EVENT_LOCATION
5794,79.48125801,-41.77863007,3095.860444,3858.206975,762.346531,False,True,False,False,DERIVED_CONDITIONAL_GEOMETRY_NOT_EVENT_LOCATION
5795,79.46158447,-41.78438110,3097.521129,3858.486444,760.965316,False,True,False,False,DERIVED_CONDITIONAL_GEOMETRY_NOT_EVENT_LOCATION
5796,79.44191093,-41.79013214,3099.181632,3858.767019,759.585386,False,True,False,False,DERIVED_CONDITIONAL_GEOMETRY_NOT_EVENT_LOCATION
5797,79.42223740,-41.79588318,3100.841955,3859.048697,758.206743,False,True,False,False,DERIVED_CONDITIONAL_GEOMETRY_NOT_EVENT_LOCATION
5798,79.40256386,-41.80163422,3102.502095,3859.331480,756.829385,False,True,False,False,DERIVED_CONDITIONAL_GEOMETRY_NOT_EVENT_LOCATION
5799,79.38289032,-41.80738525,3104.162055,3859.615366,755.453312,False,True,False,False,DERIVED_CONDITIONAL_GEOMETRY_NOT_EVENT_LOCATION
5800,79.36321678,-41.81313629,3105.821832,3859.900355,754.078523,False,True,False,False,DERIVED_CONDITIONAL_GEOMETRY_NOT_EVENT_LOCATION
5801,79.34354324,-41.81888733,3107.481428,3860.186447,752.705018,False,True,False,False,DERIVED_CONDITIONAL_GEOMETRY_NOT_EVENT_LOCATION
5802,79.32386971,-41.82463837,3109.140843,3860.473641,751.332798,False,True,False,False,DERIVED_CONDITIONAL_GEOMETRY_NOT_EVENT_LOCATION
5803,79.30419617,-41.83038940,3110.800075,3860.761936,749.961861,False,True,False,False,DERIVED_CONDITIONAL_GEOMETRY_NOT_EVENT_LOCATION
5804,79.28452263,-41.83614044,3112.459126,3861.051333,748.592207,False,True,False,False,DERIVED_CONDITIONAL_GEOMETRY_NOT_EVENT_LOCATION
5805,79.26484909,-41.84189148,3114.117995,3861.341831,747.223836,False,True,False,False,DERIVED_CONDITIONAL_GEOMETRY_NOT_EVENT_LOCATION
5806,79.24517555,-41.84764252,3115.776681,3861.633429,745.856748,False,True,False,False,DERIVED_CONDITIONAL_GEOMETRY_NOT_EVENT_LOCATION
5807,79.22550201,-41.85339355,3117.435186,3861.926127,744.490941,False,True,False,False,DERIVED_CONDITIONAL_GEOMETRY_NOT_EVENT_LOCATION
5808,79.20582848,-41.85914459,3119.093508,3862.219925,743.126417,False,True,False,False,DERIVED_CONDITIONAL_GEOMETRY_NOT_EVENT_LOCATION
5809,79.18615494,-41.86489563,3120.751648,3862.514822,741.763174,False,True,False,False,DERIVED_CONDITIONAL_GEOMETRY_NOT_EVENT_LOCATION
5810,79.16648140,-41.87064667,3122.409606,3862.810817,740.401211,False,True,False,False,DERIVED_CONDITIONAL_GEOMETRY_NOT_EVENT_LOCATION
5811,79.14680786,-41.87639771,3124.067381,3863.107911,739.040530,False,True,False,False,DERIVED_CONDITIONAL_GEOMETRY_NOT_EVENT_LOCATION
5812,79.12713432,-41.88214874,3125.724974,3863.406103,737.681129,False,True,False,False,DERIVED_CONDITIONAL_GEOMETRY_NOT_EVENT_LOCATION
5813,79.10746078,-41.88789978,3127.382384,3863.705392,736.323008,False,True,False,False,DERIVED_CONDITIONAL_GEOMETRY_NOT_EVENT_LOCATION
5814,79.08778725,-41.89365082,3129.039612,3864.005778,734.966166,False,True,False,False,DERIVED_CONDITIONAL_GEOMETRY_NOT_EVENT_LOCATION
5815,79.06811371,-41.89940186,3130.696657,3864.307260,733.610604,False,True,False,False,DERIVED_CONDITIONAL_GEOMETRY_NOT_EVENT_LOCATION
5816,79.04844017,-41.90515289,3132.353519,3864.609839,732.256320,False,True,False,False,DERIVED_CONDITIONAL_GEOMETRY_NOT_EVENT_LOCATION
5817,79.02876663,-41.91090393,3134.010198,3864.913513,730.903315,False,True,False,False,DERIVED_CONDITIONAL_GEOMETRY_NOT_EVENT_LOCATION
5818,79.00909309,-41.91665497,3135.666694,3865.218282,729.551588,False,True,False,False,DERIVED_CONDITIONAL_GEOMETRY_NOT_EVENT_LOCATION
5819,78.98941956,-41.92240601,3137.323007,3865.524146,728.201139,False,True,False,False,DERIVED_CONDITIONAL_GEOMETRY_NOT_EVENT_LOCATION
5820,78.96974602,-41.92815704,3138.979137,3865.831104,726.851967,False,True,False,False,DERIVED_CONDITIONAL_GEOMETRY_NOT_EVENT_LOCATION
5821,78.95007248,-41.93390808,3140.635084,3866.139156,725.504073,False,True,False,False,DERIVED_CONDITIONAL_GEOMETRY_NOT_EVENT_LOCATION
5822,78.93039894,-41.93965912,3142.290847,3866.448302,724.157454,False,True,False,False,DERIVED_CONDITIONAL_GEOMETRY_NOT_EVENT_LOCATION
5823,78.91072540,-41.94541016,3143.946427,3866.758540,722.812113,False,True,False,False,DERIVED_CONDITIONAL_GEOMETRY_NOT_EVENT_LOCATION
5824,78.89105186,-41.95116119,3145.601824,3867.069871,721.468047,False,True,False,False,DERIVED_CONDITIONAL_GEOMETRY_NOT_EVENT_LOCATION
5825,78.87137833,-41.95691223,3147.257037,3867.382294,720.125256,False,True,False,False,DERIVED_CONDITIONAL_GEOMETRY_NOT_EVENT_LOCATION
5826,78.85170479,-41.96266327,3148.912067,3867.695808,718.783741,False,True,False,False,DERIVED_CONDITIONAL_GEOMETRY_NOT_EVENT_LOCATION
5827,78.83203125,-41.96841431,3150.566913,3868.010414,717.443501,False,True,False,False,DERIVED_CONDITIONAL_GEOMETRY_NOT_EVENT_LOCATION
5828,78.81213570,-41.97386322,3152.238333,3868.289622,716.051290,False,True,False,False,DERIVED_CONDITIONAL_GEOMETRY_NOT_EVENT_LOCATION
5829,78.79224014,-41.97931213,3153.909570,3868.569937,714.660366,False,True,False,False,DERIVED_CONDITIONAL_GEOMETRY_NOT_EVENT_LOCATION
5830,78.77234459,-41.98476105,3155.580626,3868.851355,713.270729,False,True,False,False,DERIVED_CONDITIONAL_GEOMETRY_NOT_EVENT_LOCATION
5831,78.75244904,-41.99020996,3157.251500,3869.133879,711.882379,False,True,False,False,DERIVED_CONDITIONAL_GEOMETRY_NOT_EVENT_LOCATION
5832,78.73255348,-41.99565887,3158.922191,3869.417506,710.495315,False,True,False,False,DERIVED_CONDITIONAL_GEOMETRY_NOT_EVENT_LOCATION
5833,78.71265793,-42.00110779,3160.592700,3869.702237,709.109537,False,True,False,False,DERIVED_CONDITIONAL_GEOMETRY_NOT_EVENT_LOCATION
5834,78.69276237,-42.00655670,3162.263026,3869.988070,707.725044,False,True,False,False,DERIVED_CONDITIONAL_GEOMETRY_NOT_EVENT_LOCATION
5835,78.67286682,-42.01200562,3163.933170,3870.275007,706.341836,False,True,False,False,DERIVED_CONDITIONAL_GEOMETRY_NOT_EVENT_LOCATION
5836,78.65297127,-42.01745453,3165.603132,3870.563046,704.959914,False,True,False,False,DERIVED_CONDITIONAL_GEOMETRY_NOT_EVENT_LOCATION
5837,78.63307571,-42.02290344,3167.272911,3870.852186,703.579275,False,True,False,False,DERIVED_CONDITIONAL_GEOMETRY_NOT_EVENT_LOCATION
5838,78.61318016,-42.02835236,3168.942507,3871.142428,702.199921,False,True,False,False,DERIVED_CONDITIONAL_GEOMETRY_NOT_EVENT_LOCATION
5839,78.59328461,-42.03380127,3170.611920,3871.433771,700.821851,False,True,False,False,DERIVED_CONDITIONAL_GEOMETRY_NOT_EVENT_LOCATION
5840,78.57338905,-42.03925018,3172.281151,3871.726215,699.445064,False,True,False,False,DERIVED_CONDITIONAL_GEOMETRY_NOT_EVENT_LOCATION
5841,78.55349350,-42.04469910,3173.950199,3872.019758,698.069559,False,True,False,False,DERIVED_CONDITIONAL_GEOMETRY_NOT_EVENT_LOCATION
5842,78.53359795,-42.05014801,3175.619063,3872.314401,696.695338,False,True,False,False,DERIVED_CONDITIONAL_GEOMETRY_NOT_EVENT_LOCATION
5843,78.51370239,-42.05559692,3177.287745,3872.610144,695.322399,False,True,False,False,DERIVED_CONDITIONAL_GEOMETRY_NOT_EVENT_LOCATION
5844,78.49380684,-42.06104584,3178.956244,3872.906985,693.950741,False,True,False,False,DERIVED_CONDITIONAL_GEOMETRY_NOT_EVENT_LOCATION
5845,78.47391129,-42.06649475,3180.624559,3873.204925,692.580365,False,True,False,False,DERIVED_CONDITIONAL_GEOMETRY_NOT_EVENT_LOCATION
5846,78.45401573,-42.07194366,3182.292692,3873.503962,691.211271,False,True,False,False,DERIVED_CONDITIONAL_GEOMETRY_NOT_EVENT_LOCATION
5847,78.43412018,-42.07739258,3183.960640,3873.804097,689.843457,False,True,False,False,DERIVED_CONDITIONAL_GEOMETRY_NOT_EVENT_LOCATION
5848,78.41422462,-42.08284149,3185.628406,3874.105330,688.476924,False,True,False,False,DERIVED_CONDITIONAL_GEOMETRY_NOT_EVENT_LOCATION
5849,78.39432907,-42.08829041,3187.295988,3874.407658,687.111670,False,True,False,False,DERIVED_CONDITIONAL_GEOMETRY_NOT_EVENT_LOCATION
5850,78.37443352,-42.09373932,3188.963387,3874.711083,685.747696,False,True,False,False,DERIVED_CONDITIONAL_GEOMETRY_NOT_EVENT_LOCATION
5851,78.35453796,-42.09918823,3190.630602,3875.015604,684.385002,False,True,False,False,DERIVED_CONDITIONAL_GEOMETRY_NOT_EVENT_LOCATION
5852,78.33464241,-42.10463715,3192.297633,3875.321220,683.023587,False,True,False,False,DERIVED_CONDITIONAL_GEOMETRY_NOT_EVENT_LOCATION
5853,78.31474686,-42.11008606,3193.964481,3875.627931,681.663450,False,True,False,False,DERIVED_CONDITIONAL_GEOMETRY_NOT_EVENT_LOCATION
5854,78.29485130,-42.11553497,3195.631145,3875.935736,680.304591,False,True,False,False,DERIVED_CONDITIONAL_GEOMETRY_NOT_EVENT_LOCATION
5855,78.27495575,-42.12098389,3197.297625,3876.244635,678.947010,False,True,False,False,DERIVED_CONDITIONAL_GEOMETRY_NOT_EVENT_LOCATION
5856,78.25506020,-42.12643280,3198.963921,3876.554628,677.590707,False,True,False,False,DERIVED_CONDITIONAL_GEOMETRY_NOT_EVENT_LOCATION
5857,78.23516464,-42.13188171,3200.630033,3876.865714,676.235681,False,True,False,False,DERIVED_CONDITIONAL_GEOMETRY_NOT_EVENT_LOCATION
5858,78.21526909,-42.13733063,3202.295961,3877.177892,674.881931,False,True,False,False,DERIVED_CONDITIONAL_GEOMETRY_NOT_EVENT_LOCATION
5859,78.19537354,-42.14277954,3203.961705,3877.491163,673.529458,False,True,False,False,DERIVED_CONDITIONAL_GEOMETRY_NOT_EVENT_LOCATION
5860,78.17547798,-42.14822845,3205.627265,3877.805526,672.178260,False,True,False,False,DERIVED_CONDITIONAL_GEOMETRY_NOT_EVENT_LOCATION
5861,78.15558243,-42.15367737,3207.292641,3878.120979,670.828339,False,True,False,False,DERIVED_CONDITIONAL_GEOMETRY_NOT_EVENT_LOCATION
5862,78.13568687,-42.15912628,3208.957832,3878.437524,669.479692,False,True,False,False,DERIVED_CONDITIONAL_GEOMETRY_NOT_EVENT_LOCATION
5863,78.11579132,-42.16457520,3210.622839,3878.755159,668.132320,False,True,False,False,DERIVED_CONDITIONAL_GEOMETRY_NOT_EVENT_LOCATION
5864,78.09589577,-42.17002411,3212.287661,3879.073884,666.786223,False,True,False,False,DERIVED_CONDITIONAL_GEOMETRY_NOT_EVENT_LOCATION
5865,78.07600021,-42.17547302,3213.952299,3879.393698,665.441399,False,True,False,False,DERIVED_CONDITIONAL_GEOMETRY_NOT_EVENT_LOCATION
5866,78.05610466,-42.18092194,3215.616752,3879.714602,664.097850,False,True,False,False,DERIVED_CONDITIONAL_GEOMETRY_NOT_EVENT_LOCATION
5867,78.03620911,-42.18637085,3217.281021,3880.036594,662.755573,False,True,False,False,DERIVED_CONDITIONAL_GEOMETRY_NOT_EVENT_LOCATION
5868,78.01659114,-42.19138690,3218.920154,3880.316037,661.395883,False,True,False,False,DERIVED_CONDITIONAL_GEOMETRY_NOT_EVENT_LOCATION
5869,77.99697318,-42.19640295,3220.559116,3880.596530,660.037415,False,True,False,False,DERIVED_CONDITIONAL_GEOMETRY_NOT_EVENT_LOCATION
5870,77.97735521,-42.20141899,3222.197904,3880.878072,658.680168,False,True,False,False,DERIVED_CONDITIONAL_GEOMETRY_NOT_EVENT_LOCATION
5871,77.95773725,-42.20643504,3223.836519,3881.160663,657.324144,False,True,False,False,DERIVED_CONDITIONAL_GEOMETRY_NOT_EVENT_LOCATION
5872,77.93811928,-42.21145109,3225.474961,3881.444302,655.969341,False,True,False,False,DERIVED_CONDITIONAL_GEOMETRY_NOT_EVENT_LOCATION
5873,77.91850132,-42.21646714,3227.113230,3881.728989,654.615759,False,True,False,False,DERIVED_CONDITIONAL_GEOMETRY_NOT_EVENT_LOCATION
5874,77.89888335,-42.22148318,3228.751326,3882.014723,653.263397,False,True,False,False,DERIVED_CONDITIONAL_GEOMETRY_NOT_EVENT_LOCATION
5875,77.87926539,-42.22649923,3230.389249,3882.301504,651.912256,False,True,False,False,DERIVED_CONDITIONAL_GEOMETRY_NOT_EVENT_LOCATION
5876,77.85964743,-42.23151528,3232.026998,3882.589333,650.562334,False,True,False,False,DERIVED_CONDITIONAL_GEOMETRY_NOT_EVENT_LOCATION
5877,77.84002946,-42.23653133,3233.664574,3882.878207,649.213633,False,True,False,False,DERIVED_CONDITIONAL_GEOMETRY_NOT_EVENT_LOCATION
5878,77.82041150,-42.24154738,3235.301977,3883.168128,647.866150,False,True,False,False,DERIVED_CONDITIONAL_GEOMETRY_NOT_EVENT_LOCATION
5879,77.80079353,-42.24656342,3236.939207,3883.459093,646.519887,False,True,False,False,DERIVED_CONDITIONAL_GEOMETRY_NOT_EVENT_LOCATION
5880,77.78117557,-42.25157947,3238.576263,3883.751105,645.174842,False,True,False,False,DERIVED_CONDITIONAL_GEOMETRY_NOT_EVENT_LOCATION
5881,77.76155760,-42.25659552,3240.213145,3884.044160,643.831015,False,True,False,False,DERIVED_CONDITIONAL_GEOMETRY_NOT_EVENT_LOCATION
5882,77.74193964,-42.26161157,3241.849854,3884.338260,642.488407,False,True,False,False,DERIVED_CONDITIONAL_GEOMETRY_NOT_EVENT_LOCATION
5883,77.72232167,-42.26662761,3243.486389,3884.633404,641.147016,False,True,False,False,DERIVED_CONDITIONAL_GEOMETRY_NOT_EVENT_LOCATION
5884,77.70270371,-42.27164366,3245.122750,3884.929592,639.806842,False,True,False,False,DERIVED_CONDITIONAL_GEOMETRY_NOT_EVENT_LOCATION
5885,77.68308574,-42.27665971,3246.758938,3885.226823,638.467885,False,True,False,False,DERIVED_CONDITIONAL_GEOMETRY_NOT_EVENT_LOCATION
5886,77.66346778,-42.28167576,3248.394952,3885.525096,637.130144,False,True,False,False,DERIVED_CONDITIONAL_GEOMETRY_NOT_EVENT_LOCATION
5887,77.64384981,-42.28669181,3250.030792,3885.824412,635.793620,False,True,False,False,DERIVED_CONDITIONAL_GEOMETRY_NOT_EVENT_LOCATION
5888,77.62423185,-42.29170785,3251.666458,3886.124769,634.458311,False,True,False,False,DERIVED_CONDITIONAL_GEOMETRY_NOT_EVENT_LOCATION
5889,77.60461389,-42.29672390,3253.301950,3886.426168,633.124218,False,True,False,False,DERIVED_CONDITIONAL_GEOMETRY_NOT_EVENT_LOCATION
5890,77.58499592,-42.30173995,3254.937268,3886.728608,631.791340,False,True,False,False,DERIVED_CONDITIONAL_GEOMETRY_NOT_EVENT_LOCATION
5891,77.56537796,-42.30675600,3256.572412,3887.032089,630.459677,False,True,False,False,DERIVED_CONDITIONAL_GEOMETRY_NOT_EVENT_LOCATION
5892,77.54575999,-42.31177204,3258.207382,3887.336610,629.129228,False,True,False,False,DERIVED_CONDITIONAL_GEOMETRY_NOT_EVENT_LOCATION
5893,77.52614203,-42.31678809,3259.842178,3887.642171,627.799994,False,True,False,False,DERIVED_CONDITIONAL_GEOMETRY_NOT_EVENT_LOCATION
5894,77.50652406,-42.32180414,3261.476799,3887.948771,626.471973,False,True,False,False,DERIVED_CONDITIONAL_GEOMETRY_NOT_EVENT_LOCATION
5895,77.48690610,-42.32682019,3263.111246,3888.256411,625.145165,False,True,False,False,DERIVED_CONDITIONAL_GEOMETRY_NOT_EVENT_LOCATION
5896,77.46728813,-42.33183624,3264.745518,3888.565089,623.819570,False,True,False,False,DERIVED_CONDITIONAL_GEOMETRY_NOT_EVENT_LOCATION
5897,77.44767017,-42.33685228,3266.379616,3888.874805,622.495188,False,True,False,False,DERIVED_CONDITIONAL_GEOMETRY_NOT_EVENT_LOCATION
5898,77.42805220,-42.34186833,3268.013540,3889.185559,621.172019,False,True,False,False,DERIVED_CONDITIONAL_GEOMETRY_NOT_EVENT_LOCATION
5899,77.40843424,-42.34688438,3269.647289,3889.497350,619.850061,False,True,False,False,DERIVED_CONDITIONAL_GEOMETRY_NOT_EVENT_LOCATION
5900,77.38881628,-42.35190043,3271.280864,3889.810179,618.529315,False,True,False,False,DERIVED_CONDITIONAL_GEOMETRY_NOT_EVENT_LOCATION
5901,77.36919831,-42.35691647,3272.914263,3890.124043,617.209780,False,True,False,False,DERIVED_CONDITIONAL_GEOMETRY_NOT_EVENT_LOCATION
5902,77.34958035,-42.36193252,3274.547488,3890.438944,615.891456,False,True,False,False,DERIVED_CONDITIONAL_GEOMETRY_NOT_EVENT_LOCATION
5903,77.32996238,-42.36694857,3276.180539,3890.754881,614.574343,False,True,False,False,DERIVED_CONDITIONAL_GEOMETRY_NOT_EVENT_LOCATION
5904,77.31034442,-42.37196462,3277.813414,3891.071853,613.258439,False,True,False,False,DERIVED_CONDITIONAL_GEOMETRY_NOT_EVENT_LOCATION
5905,77.29072645,-42.37698067,3279.446114,3891.389860,611.943746,False,True,False,False,DERIVED_CONDITIONAL_GEOMETRY_NOT_EVENT_LOCATION
5906,77.27110849,-42.38199671,3281.078640,3891.708901,610.630261,False,True,False,False,DERIVED_CONDITIONAL_GEOMETRY_NOT_EVENT_LOCATION
5907,77.25149052,-42.38701276,3282.710990,3892.028977,609.317986,False,True,False,False,DERIVED_CONDITIONAL_GEOMETRY_NOT_EVENT_LOCATION
5908,77.23187256,-42.39202881,3284.343166,3892.350086,608.006920,False,True,False,False,DERIVED_CONDITIONAL_GEOMETRY_NOT_EVENT_LOCATION
5909,77.21205660,-42.39674191,3285.990069,3892.636570,606.646501,False,True,False,False,DERIVED_CONDITIONAL_GEOMETRY_NOT_EVENT_LOCATION
5910,77.19224065,-42.40145502,3287.636801,3892.924101,605.287300,False,True,False,False,DERIVED_CONDITIONAL_GEOMETRY_NOT_EVENT_LOCATION
5911,77.17242469,-42.40616812,3289.283363,3893.212679,603.929317,False,True,False,False,DERIVED_CONDITIONAL_GEOMETRY_NOT_EVENT_LOCATION
5912,77.15260873,-42.41088123,3290.929753,3893.502303,602.572550,False,True,False,False,DERIVED_CONDITIONAL_GEOMETRY_NOT_EVENT_LOCATION
5913,77.13279278,-42.41559433,3292.575972,3893.792973,601.217000,False,True,False,False,DERIVED_CONDITIONAL_GEOMETRY_NOT_EVENT_LOCATION
5914,77.11297682,-42.42030744,3294.222021,3894.084688,599.862667,False,True,False,False,DERIVED_CONDITIONAL_GEOMETRY_NOT_EVENT_LOCATION
5915,77.09316086,-42.42502054,3295.867898,3894.377447,598.509549,False,True,False,False,DERIVED_CONDITIONAL_GEOMETRY_NOT_EVENT_LOCATION
5916,77.07334491,-42.42973365,3297.513604,3894.671252,597.157647,False,True,False,False,DERIVED_CONDITIONAL_GEOMETRY_NOT_EVENT_LOCATION
5917,77.05352895,-42.43444675,3299.159139,3894.966100,595.806961,False,True,False,False,DERIVED_CONDITIONAL_GEOMETRY_NOT_EVENT_LOCATION
5918,77.03371299,-42.43915986,3300.804503,3895.261993,594.457489,False,True,False,False,DERIVED_CONDITIONAL_GEOMETRY_NOT_EVENT_LOCATION
5919,77.01389704,-42.44387296,3302.449696,3895.558928,593.109232,False,True,False,False,DERIVED_CONDITIONAL_GEOMETRY_NOT_EVENT_LOCATION
5920,76.99408108,-42.44858607,3304.094717,3895.856907,591.762190,False,True,False,False,DERIVED_CONDITIONAL_GEOMETRY_NOT_EVENT_LOCATION
5921,76.97426512,-42.45329917,3305.739566,3896.155928,590.416361,False,True,False,False,DERIVED_CONDITIONAL_GEOMETRY_NOT_EVENT_LOCATION
5922,76.95444917,-42.45801228,3307.384245,3896.455991,589.071746,False,True,False,False,DERIVED_CONDITIONAL_GEOMETRY_NOT_EVENT_LOCATION
5923,76.93463321,-42.46272538,3309.028751,3896.757096,587.728344,False,True,False,False,DERIVED_CONDITIONAL_GEOMETRY_NOT_EVENT_LOCATION
5924,76.91481725,-42.46743849,3310.673087,3897.059242,586.386155,False,True,False,False,DERIVED_CONDITIONAL_GEOMETRY_NOT_EVENT_LOCATION
5925,76.89500130,-42.47215159,3312.317250,3897.362429,585.045179,False,True,False,False,DERIVED_CONDITIONAL_GEOMETRY_NOT_EVENT_LOCATION
5926,76.87518534,-42.47686470,3313.961242,3897.666657,583.705415,False,True,False,False,DERIVED_CONDITIONAL_GEOMETRY_NOT_EVENT_LOCATION
5927,76.85536938,-42.48157780,3315.605062,3897.971925,582.366863,False,True,False,False,DERIVED_CONDITIONAL_GEOMETRY_NOT_EVENT_LOCATION
5928,76.83555343,-42.48629091,3317.248710,3898.278232,581.029522,False,True,False,False,DERIVED_CONDITIONAL_GEOMETRY_NOT_EVENT_LOCATION
5929,76.81573747,-42.49100401,3318.892187,3898.585579,579.693392,False,True,False,False,DERIVED_CONDITIONAL_GEOMETRY_NOT_EVENT_LOCATION
5930,76.79592151,-42.49571712,3320.535492,3898.893965,578.358473,False,True,False,False,DERIVED_CONDITIONAL_GEOMETRY_NOT_EVENT_LOCATION
5931,76.77610556,-42.50043022,3322.178624,3899.203389,577.024765,False,True,False,False,DERIVED_CONDITIONAL_GEOMETRY_NOT_EVENT_LOCATION
5932,76.75628960,-42.50514333,3323.821585,3899.513852,575.692267,False,True,False,False,DERIVED_CONDITIONAL_GEOMETRY_NOT_EVENT_LOCATION
5933,76.73647364,-42.50985643,3325.464374,3899.825352,574.360978,False,True,False,False,DERIVED_CONDITIONAL_GEOMETRY_NOT_EVENT_LOCATION
5934,76.71665769,-42.51456954,3327.106990,3900.137889,573.030899,False,True,False,False,DERIVED_CONDITIONAL_GEOMETRY_NOT_EVENT_LOCATION
5935,76.69684173,-42.51928264,3328.749435,3900.451463,571.702029,False,True,False,False,DERIVED_CONDITIONAL_GEOMETRY_NOT_EVENT_LOCATION
5936,76.67702577,-42.52399575,3330.391707,3900.766074,570.374367,False,True,False,False,DERIVED_CONDITIONAL_GEOMETRY_NOT_EVENT_LOCATION
5937,76.65720982,-42.52870885,3332.033807,3901.081721,569.047914,False,True,False,False,DERIVED_CONDITIONAL_GEOMETRY_NOT_EVENT_LOCATION
5938,76.63739386,-42.53342196,3333.675735,3901.398403,567.722668,False,True,False,False,DERIVED_CONDITIONAL_GEOMETRY_NOT_EVENT_LOCATION
5939,76.61757790,-42.53813506,3335.317490,3901.716121,566.398631,False,True,False,False,DERIVED_CONDITIONAL_GEOMETRY_NOT_EVENT_LOCATION
5940,76.59776195,-42.54284817,3336.959073,3902.034873,565.075800,False,True,False,False,DERIVED_CONDITIONAL_GEOMETRY_NOT_EVENT_LOCATION
5941,76.57794599,-42.54756127,3338.600484,3902.354660,563.754176,False,True,False,False,DERIVED_CONDITIONAL_GEOMETRY_NOT_EVENT_LOCATION
5942,76.55813003,-42.55227438,3340.241722,3902.675481,562.433759,False,True,False,False,DERIVED_CONDITIONAL_GEOMETRY_NOT_EVENT_LOCATION
5943,76.53831408,-42.55698748,3341.882787,3902.997335,561.114548,False,True,False,False,DERIVED_CONDITIONAL_GEOMETRY_NOT_EVENT_LOCATION
5944,76.51849812,-42.56170059,3343.523680,3903.320223,559.796543,False,True,False,False,DERIVED_CONDITIONAL_GEOMETRY_NOT_EVENT_LOCATION
5945,76.49868216,-42.56641369,3345.164400,3903.644143,558.479743,False,True,False,False,DERIVED_CONDITIONAL_GEOMETRY_NOT_EVENT_LOCATION
5946,76.47886620,-42.57112680,3346.804947,3903.969096,557.164148,False,True,False,False,DERIVED_CONDITIONAL_GEOMETRY_NOT_EVENT_LOCATION
5947,76.45905025,-42.57583990,3348.445322,3904.295080,555.849758,False,True,False,False,DERIVED_CONDITIONAL_GEOMETRY_NOT_EVENT_LOCATION
5948,76.43923429,-42.58055301,3350.085524,3904.622096,554.536572,False,True,False,False,DERIVED_CONDITIONAL_GEOMETRY_NOT_EVENT_LOCATION
5949,76.41941833,-42.58526611,3351.725553,3904.950143,553.224590,False,True,False,False,DERIVED_CONDITIONAL_GEOMETRY_NOT_EVENT_LOCATION
5950,76.39989072,-42.58956764,3353.340196,3905.236550,551.896354,False,True,False,False,DERIVED_CONDITIONAL_GEOMETRY_NOT_EVENT_LOCATION
5951,76.38036310,-42.59386916,3354.954680,3905.523952,550.569272,False,True,False,False,DERIVED_CONDITIONAL_GEOMETRY_NOT_EVENT_LOCATION
5952,76.36083548,-42.59817069,3356.569005,3905.812349,549.243344,False,True,False,False,DERIVED_CONDITIONAL_GEOMETRY_NOT_EVENT_LOCATION
5953,76.34130787,-42.60247221,3358.183169,3906.101740,547.918570,False,True,False,False,DERIVED_CONDITIONAL_GEOMETRY_NOT_EVENT_LOCATION
5954,76.32178025,-42.60677374,3359.797175,3906.392125,546.594950,False,True,False,False,DERIVED_CONDITIONAL_GEOMETRY_NOT_EVENT_LOCATION
5955,76.30225263,-42.61107527,3361.411020,3906.683504,545.272483,False,True,False,False,DERIVED_CONDITIONAL_GEOMETRY_NOT_EVENT_LOCATION
5956,76.28272502,-42.61537679,3363.024706,3906.975876,543.951170,False,True,False,False,DERIVED_CONDITIONAL_GEOMETRY_NOT_EVENT_LOCATION
5957,76.26319740,-42.61967832,3364.638232,3907.269241,542.631008,False,True,False,False,DERIVED_CONDITIONAL_GEOMETRY_NOT_EVENT_LOCATION
5958,76.24366978,-42.62397984,3366.251599,3907.563598,541.312000,False,True,False,False,DERIVED_CONDITIONAL_GEOMETRY_NOT_EVENT_LOCATION
5959,76.22414217,-42.62828137,3367.864805,3907.858948,539.994143,False,True,False,False,DERIVED_CONDITIONAL_GEOMETRY_NOT_EVENT_LOCATION
5960,76.20461455,-42.63258289,3369.477852,3908.155289,538.677438,False,True,False,False,DERIVED_CONDITIONAL_GEOMETRY_NOT_EVENT_LOCATION
5961,76.18508693,-42.63688442,3371.090738,3908.452622,537.361884,False,True,False,False,DERIVED_CONDITIONAL_GEOMETRY_NOT_EVENT_LOCATION
5962,76.16555931,-42.64118594,3372.703465,3908.750946,536.047481,False,True,False,False,DERIVED_CONDITIONAL_GEOMETRY_NOT_EVENT_LOCATION
5963,76.14603170,-42.64548747,3374.316032,3909.050261,534.734229,False,True,False,False,DERIVED_CONDITIONAL_GEOMETRY_NOT_EVENT_LOCATION
5964,76.12650408,-42.64978899,3375.928438,3909.350566,533.422128,False,True,False,False,DERIVED_CONDITIONAL_GEOMETRY_NOT_EVENT_LOCATION
5965,76.10697646,-42.65409052,3377.540685,3909.651861,532.111176,False,True,False,False,DERIVED_CONDITIONAL_GEOMETRY_NOT_EVENT_LOCATION
5966,76.08744885,-42.65839204,3379.152771,3909.954146,530.801375,False,True,False,False,DERIVED_CONDITIONAL_GEOMETRY_NOT_EVENT_LOCATION
5967,76.06792123,-42.66269357,3380.764697,3910.257420,529.492723,False,True,False,False,DERIVED_CONDITIONAL_GEOMETRY_NOT_EVENT_LOCATION
5968,76.04839361,-42.66699509,3382.376463,3910.561683,528.185219,False,True,False,False,DERIVED_CONDITIONAL_GEOMETRY_NOT_EVENT_LOCATION
5969,76.02886600,-42.67129662,3383.988069,3910.866934,526.878865,False,True,False,False,DERIVED_CONDITIONAL_GEOMETRY_NOT_EVENT_LOCATION
5970,76.00933838,-42.67559814,3385.599514,3911.173173,525.573659,False,True,False,False,DERIVED_CONDITIONAL_GEOMETRY_NOT_EVENT_LOCATION
5971,75.98981076,-42.67989967,3387.210799,3911.480400,524.269601,False,True,False,False,DERIVED_CONDITIONAL_GEOMETRY_NOT_EVENT_LOCATION
5972,75.97028314,-42.68420120,3388.821923,3911.788614,522.966691,False,True,False,False,DERIVED_CONDITIONAL_GEOMETRY_NOT_EVENT_LOCATION
5973,75.95075553,-42.68850272,3390.432887,3912.097816,521.664929,False,True,False,False,DERIVED_CONDITIONAL_GEOMETRY_NOT_EVENT_LOCATION
5974,75.93122791,-42.69280425,3392.043690,3912.408004,520.364313,False,True,False,False,DERIVED_CONDITIONAL_GEOMETRY_NOT_EVENT_LOCATION
5975,75.91170029,-42.69710577,3393.654333,3912.719178,519.064845,False,True,False,False,DERIVED_CONDITIONAL_GEOMETRY_NOT_EVENT_LOCATION
5976,75.89217268,-42.70140730,3395.264815,3913.031338,517.766523,False,True,False,False,DERIVED_CONDITIONAL_GEOMETRY_NOT_EVENT_LOCATION
5977,75.87264506,-42.70570882,3396.875137,3913.344483,516.469347,False,True,False,False,DERIVED_CONDITIONAL_GEOMETRY_NOT_EVENT_LOCATION
5978,75.85311744,-42.71001035,3398.485297,3913.658614,515.173316,False,True,False,False,DERIVED_CONDITIONAL_GEOMETRY_NOT_EVENT_LOCATION
5979,75.83358983,-42.71431187,3400.095297,3913.973729,513.878432,False,True,False,False,DERIVED_CONDITIONAL_GEOMETRY_NOT_EVENT_LOCATION
5980,75.81406221,-42.71861340,3401.705137,3914.289828,512.584692,False,True,False,False,DERIVED_CONDITIONAL_GEOMETRY_NOT_EVENT_LOCATION
5981,75.79453459,-42.72291492,3403.314815,3914.606912,511.292097,False,True,False,False,DERIVED_CONDITIONAL_GEOMETRY_NOT_EVENT_LOCATION
5982,75.77500698,-42.72721645,3404.924332,3914.924979,510.000647,False,True,False,False,DERIVED_CONDITIONAL_GEOMETRY_NOT_EVENT_LOCATION
5983,75.75547936,-42.73151797,3406.533689,3915.244029,508.710340,False,True,False,False,DERIVED_CONDITIONAL_GEOMETRY_NOT_EVENT_LOCATION
5984,75.73595174,-42.73581950,3408.142884,3915.564062,507.421178,False,True,False,False,DERIVED_CONDITIONAL_GEOMETRY_NOT_EVENT_LOCATION
5985,75.71642412,-42.74012102,3409.751919,3915.885077,506.133159,False,True,False,False,DERIVED_CONDITIONAL_GEOMETRY_NOT_EVENT_LOCATION
5986,75.69689651,-42.74442255,3411.360792,3916.207075,504.846283,False,True,False,False,DERIVED_CONDITIONAL_GEOMETRY_NOT_EVENT_LOCATION
5987,75.67736889,-42.74872407,3412.969504,3916.530054,503.560549,False,True,False,False,DERIVED_CONDITIONAL_GEOMETRY_NOT_EVENT_LOCATION
5988,75.65784127,-42.75302560,3414.578055,3916.854014,502.275958,False,True,False,False,DERIVED_CONDITIONAL_GEOMETRY_NOT_EVENT_LOCATION
5989,75.63831366,-42.75732713,3416.186445,3917.178955,500.992510,False,True,False,False,DERIVED_CONDITIONAL_GEOMETRY_NOT_EVENT_LOCATION
5990,75.61878604,-42.76162865,3417.794674,3917.504876,499.710203,False,True,False,False,DERIVED_CONDITIONAL_GEOMETRY_NOT_EVENT_LOCATION
5991,75.59925842,-42.76593018,3419.402741,3917.831778,498.429037,False,True,False,False,DERIVED_CONDITIONAL_GEOMETRY_NOT_EVENT_LOCATION
5992,75.57955824,-42.76992798,3421.023696,3918.124725,497.101030,False,True,False,False,DERIVED_CONDITIONAL_GEOMETRY_NOT_EVENT_LOCATION
5993,75.55985805,-42.77392578,3422.644496,3918.418666,495.774170,False,True,False,False,DERIVED_CONDITIONAL_GEOMETRY_NOT_EVENT_LOCATION
5994,75.54015786,-42.77792358,3424.265141,3918.713598,494.448457,False,True,False,False,DERIVED_CONDITIONAL_GEOMETRY_NOT_EVENT_LOCATION
5995,75.52045768,-42.78192139,3425.885631,3919.009522,493.123890,False,True,False,False,DERIVED_CONDITIONAL_GEOMETRY_NOT_EVENT_LOCATION
5996,75.50075749,-42.78591919,3427.505967,3919.306437,491.800470,False,True,False,False,DERIVED_CONDITIONAL_GEOMETRY_NOT_EVENT_LOCATION
5997,75.48105730,-42.78991699,3429.126147,3919.604343,490.478196,False,True,False,False,DERIVED_CONDITIONAL_GEOMETRY_NOT_EVENT_LOCATION
5998,75.46135712,-42.79391479,3430.746172,3919.903240,489.157068,False,True,False,False,DERIVED_CONDITIONAL_GEOMETRY_NOT_EVENT_LOCATION
5999,75.44165693,-42.79791260,3432.366042,3920.203128,487.837085,False,True,False,False,DERIVED_CONDITIONAL_GEOMETRY_NOT_EVENT_LOCATION
6000,75.42195674,-42.80191040,3433.985757,3920.504005,486.518247,False,True,False,False,DERIVED_CONDITIONAL_GEOMETRY_NOT_EVENT_LOCATION
6001,75.40225656,-42.80590820,3435.605317,3920.805872,485.200554,False,True,False,False,DERIVED_CONDITIONAL_GEOMETRY_NOT_EVENT_LOCATION
6002,75.38255637,-42.80990601,3437.224722,3921.108728,483.884006,False,True,False,False,DERIVED_CONDITIONAL_GEOMETRY_NOT_EVENT_LOCATION
6003,75.36285618,-42.81390381,3438.843971,3921.412573,482.568601,False,True,False,False,DERIVED_CONDITIONAL_GEOMETRY_NOT_EVENT_LOCATION
6004,75.34315600,-42.81790161,3440.463065,3921.717406,481.254341,False,True,False,False,DERIVED_CONDITIONAL_GEOMETRY_NOT_EVENT_LOCATION
6005,75.32345581,-42.82189941,3442.082004,3922.023227,479.941224,False,True,False,False,DERIVED_CONDITIONAL_GEOMETRY_NOT_EVENT_LOCATION
6006,75.30375562,-42.82589722,3443.700787,3922.330036,478.629249,False,True,False,False,DERIVED_CONDITIONAL_GEOMETRY_NOT_EVENT_LOCATION
6007,75.28405544,-42.82989502,3445.319415,3922.637833,477.318418,False,True,False,False,DERIVED_CONDITIONAL_GEOMETRY_NOT_EVENT_LOCATION
6008,75.26435525,-42.83389282,3446.937887,3922.946616,476.008729,False,True,False,False,DERIVED_CONDITIONAL_GEOMETRY_NOT_EVENT_LOCATION
6009,75.24465506,-42.83789063,3448.556203,3923.256386,474.700183,False,True,False,False,DERIVED_CONDITIONAL_GEOMETRY_NOT_EVENT_LOCATION
6010,75.22495488,-42.84188843,3450.174365,3923.567143,473.392778,False,True,False,False,DERIVED_CONDITIONAL_GEOMETRY_NOT_EVENT_LOCATION
6011,75.20525469,-42.84588623,3451.792370,3923.878885,472.086515,False,True,False,False,DERIVED_CONDITIONAL_GEOMETRY_NOT_EVENT_LOCATION
6012,75.18555450,-42.84988403,3453.410220,3924.191613,470.781393,False,True,False,False,DERIVED_CONDITIONAL_GEOMETRY_NOT_EVENT_LOCATION
6013,75.16585432,-42.85388184,3455.027914,3924.505326,469.477412,False,True,False,False,DERIVED_CONDITIONAL_GEOMETRY_NOT_EVENT_LOCATION
6014,75.14615413,-42.85787964,3456.645452,3924.820023,468.174571,False,True,False,False,DERIVED_CONDITIONAL_GEOMETRY_NOT_EVENT_LOCATION
6015,75.12645394,-42.86187744,3458.262835,3925.135705,466.872871,False,True,False,False,DERIVED_CONDITIONAL_GEOMETRY_NOT_EVENT_LOCATION
6016,75.10675376,-42.86587524,3459.880061,3925.452371,465.572310,False,True,False,False,DERIVED_CONDITIONAL_GEOMETRY_NOT_EVENT_LOCATION
6017,75.08705357,-42.86987305,3461.497132,3925.770021,464.272889,False,True,False,False,DERIVED_CONDITIONAL_GEOMETRY_NOT_EVENT_LOCATION
6018,75.06735338,-42.87387085,3463.114046,3926.088654,462.974607,False,True,False,False,DERIVED_CONDITIONAL_GEOMETRY_NOT_EVENT_LOCATION
6019,75.04765320,-42.87786865,3464.730805,3926.408270,461.677465,False,True,False,False,DERIVED_CONDITIONAL_GEOMETRY_NOT_EVENT_LOCATION
6020,75.02795301,-42.88186646,3466.347408,3926.728868,460.381460,False,True,False,False,DERIVED_CONDITIONAL_GEOMETRY_NOT_EVENT_LOCATION
6021,75.00825283,-42.88586426,3467.963855,3927.050449,459.086594,False,True,False,False,DERIVED_CONDITIONAL_GEOMETRY_NOT_EVENT_LOCATION
6022,74.98855264,-42.88986206,3469.580145,3927.373011,457.792866,False,True,False,False,DERIVED_CONDITIONAL_GEOMETRY_NOT_EVENT_LOCATION
6023,74.96885245,-42.89385986,3471.196279,3927.696554,456.500275,False,True,False,False,DERIVED_CONDITIONAL_GEOMETRY_NOT_EVENT_LOCATION
6024,74.94915227,-42.89785767,3472.812257,3928.021079,455.208821,False,True,False,False,DERIVED_CONDITIONAL_GEOMETRY_NOT_EVENT_LOCATION
6025,74.92945208,-42.90185547,3474.428079,3928.346584,453.918505,False,True,False,False,DERIVED_CONDITIONAL_GEOMETRY_NOT_EVENT_LOCATION
6026,74.90975189,-42.90585327,3476.043745,3928.673069,452.629325,False,True,False,False,DERIVED_CONDITIONAL_GEOMETRY_NOT_EVENT_LOCATION
6027,74.89005171,-42.90985107,3477.659254,3929.000535,451.341281,False,True,False,False,DERIVED_CONDITIONAL_GEOMETRY_NOT_EVENT_LOCATION
6028,74.87035152,-42.91384888,3479.274607,3929.328979,450.054373,False,True,False,False,DERIVED_CONDITIONAL_GEOMETRY_NOT_EVENT_LOCATION
6029,74.85065133,-42.91784668,3480.889803,3929.658403,448.768600,False,True,False,False,DERIVED_CONDITIONAL_GEOMETRY_NOT_EVENT_LOCATION
6030,74.83095115,-42.92184448,3482.504843,3929.988806,447.483963,False,True,False,False,DERIVED_CONDITIONAL_GEOMETRY_NOT_EVENT_LOCATION
6031,74.81125096,-42.92584229,3484.119726,3930.320186,446.200460,False,False,False,False,DERIVED_CONDITIONAL_GEOMETRY_NOT_EVENT_LOCATION
6032,74.79155077,-42.92984009,3485.734453,3930.652545,444.918092,False,False,False,False,DERIVED_CONDITIONAL_GEOMETRY_NOT_EVENT_LOCATION
6033,74.77185059,-42.93383789,3487.349023,3930.985881,443.636858,False,False,False,False,DERIVED_CONDITIONAL_GEOMETRY_NOT_EVENT_LOCATION
6034,74.75198837,-42.93752906,3488.975769,3931.285284,442.309515,False,False,False,False,DERIVED_CONDITIONAL_GEOMETRY_NOT_EVENT_LOCATION
6035,74.73212615,-42.94122024,3490.602365,3931.585675,440.983311,False,False,False,False,DERIVED_CONDITIONAL_GEOMETRY_NOT_EVENT_LOCATION
6036,74.71226392,-42.94491141,3492.228812,3931.887057,439.658245,False,False,False,False,DERIVED_CONDITIONAL_GEOMETRY_NOT_EVENT_LOCATION
6037,74.69240170,-42.94860259,3493.855110,3932.189427,438.334317,False,False,False,False,DERIVED_CONDITIONAL_GEOMETRY_NOT_EVENT_LOCATION
6038,74.67253948,-42.95229376,3495.481259,3932.492787,437.011527,False,False,False,False,DERIVED_CONDITIONAL_GEOMETRY_NOT_EVENT_LOCATION
6039,74.65267726,-42.95598493,3497.107259,3932.797134,435.689875,False,False,False,False,DERIVED_CONDITIONAL_GEOMETRY_NOT_EVENT_LOCATION
6040,74.63281504,-42.95967611,3498.733110,3933.102470,434.369361,False,False,False,False,DERIVED_CONDITIONAL_GEOMETRY_NOT_EVENT_LOCATION
6041,74.61295282,-42.96336728,3500.358811,3933.408794,433.049983,False,False,False,False,DERIVED_CONDITIONAL_GEOMETRY_NOT_EVENT_LOCATION
6042,74.59309060,-42.96705845,3501.984363,3933.716104,431.731742,False,False,False,False,DERIVED_CONDITIONAL_GEOMETRY_NOT_EVENT_LOCATION
6043,74.57322838,-42.97074963,3503.609765,3934.024402,430.414637,False,False,False,False,DERIVED_CONDITIONAL_GEOMETRY_NOT_EVENT_LOCATION
6044,74.55336616,-42.97444080,3505.235018,3934.333687,429.098668,False,False,False,False,DERIVED_CONDITIONAL_GEOMETRY_NOT_EVENT_LOCATION
6045,74.53350394,-42.97813198,3506.860122,3934.643957,427.783835,False,False,False,False,DERIVED_CONDITIONAL_GEOMETRY_NOT_EVENT_LOCATION
6046,74.51364172,-42.98182315,3508.485076,3934.955214,426.470137,False,False,False,False,DERIVED_CONDITIONAL_GEOMETRY_NOT_EVENT_LOCATION
6047,74.49377950,-42.98551432,3510.109881,3935.267456,425.157575,False,False,False,False,DERIVED_CONDITIONAL_GEOMETRY_NOT_EVENT_LOCATION
6048,74.47391728,-42.98920550,3511.734536,3935.580683,423.846147,False,False,False,False,DERIVED_CONDITIONAL_GEOMETRY_NOT_EVENT_LOCATION
6049,74.45405506,-42.99289667,3513.359041,3935.894895,422.535854,False,False,False,False,DERIVED_CONDITIONAL_GEOMETRY_NOT_EVENT_LOCATION
6050,74.43419284,-42.99658784,3514.983397,3936.210091,421.226694,False,False,False,False,DERIVED_CONDITIONAL_GEOMETRY_NOT_EVENT_LOCATION
6051,74.41433062,-43.00027902,3516.607603,3936.526272,419.918669,False,False,False,False,DERIVED_CONDITIONAL_GEOMETRY_NOT_EVENT_LOCATION
6052,74.39446840,-43.00397019,3518.231659,3936.843436,418.611777,False,False,False,False,DERIVED_CONDITIONAL_GEOMETRY_NOT_EVENT_LOCATION
6053,74.37460618,-43.00766137,3519.855565,3937.161583,417.306018,False,False,False,False,DERIVED_CONDITIONAL_GEOMETRY_NOT_EVENT_LOCATION
6054,74.35474396,-43.01135254,3521.479322,3937.480714,416.001392,False,False,False,False,DERIVED_CONDITIONAL_GEOMETRY_NOT_EVENT_LOCATION
6055,74.33488174,-43.01504371,3523.102929,3937.800827,414.697898,False,False,False,False,DERIVED_CONDITIONAL_GEOMETRY_NOT_EVENT_LOCATION
6056,74.31501952,-43.01873489,3524.726385,3938.121922,413.395537,False,False,False,False,DERIVED_CONDITIONAL_GEOMETRY_NOT_EVENT_LOCATION
6057,74.29515730,-43.02242606,3526.349692,3938.443999,412.094307,False,False,False,False,DERIVED_CONDITIONAL_GEOMETRY_NOT_EVENT_LOCATION
6058,74.27529508,-43.02611723,3527.972849,3938.767057,410.794209,False,False,False,False,DERIVED_CONDITIONAL_GEOMETRY_NOT_EVENT_LOCATION
6059,74.25543286,-43.02980841,3529.595855,3939.091097,409.495242,False,False,False,False,DERIVED_CONDITIONAL_GEOMETRY_NOT_EVENT_LOCATION
6060,74.23557064,-43.03349958,3531.218711,3939.416117,408.197406,False,False,False,False,DERIVED_CONDITIONAL_GEOMETRY_NOT_EVENT_LOCATION
6061,74.21570841,-43.03719076,3532.841418,3939.742118,406.900700,False,False,False,False,DERIVED_CONDITIONAL_GEOMETRY_NOT_EVENT_LOCATION
6062,74.19584619,-43.04088193,3534.463974,3940.069099,405.605125,False,False,False,False,DERIVED_CONDITIONAL_GEOMETRY_NOT_EVENT_LOCATION
6063,74.17598397,-43.04457310,3536.086380,3940.397059,404.310680,False,False,False,False,DERIVED_CONDITIONAL_GEOMETRY_NOT_EVENT_LOCATION
6064,74.15612175,-43.04826428,3537.708635,3940.725999,403.017364,False,False,False,False,DERIVED_CONDITIONAL_GEOMETRY_NOT_EVENT_LOCATION
6065,74.13625953,-43.05195545,3539.330740,3941.055917,401.725177,False,False,False,False,DERIVED_CONDITIONAL_GEOMETRY_NOT_EVENT_LOCATION
6066,74.11639731,-43.05564662,3540.952695,3941.386814,400.434119,False,False,False,False,DERIVED_CONDITIONAL_GEOMETRY_NOT_EVENT_LOCATION
6067,74.09653509,-43.05933780,3542.574499,3941.718689,399.144190,False,False,False,False,DERIVED_CONDITIONAL_GEOMETRY_NOT_EVENT_LOCATION
6068,74.07667287,-43.06302897,3544.196153,3942.051542,397.855389,False,False,False,False,DERIVED_CONDITIONAL_GEOMETRY_NOT_EVENT_LOCATION
6069,74.05681065,-43.06672015,3545.817656,3942.385372,396.567715,False,False,False,False,DERIVED_CONDITIONAL_GEOMETRY_NOT_EVENT_LOCATION
6070,74.03694843,-43.07041132,3547.439009,3942.720179,395.281170,False,False,False,False,DERIVED_CONDITIONAL_GEOMETRY_NOT_EVENT_LOCATION
6071,74.01708621,-43.07410249,3549.060211,3943.055962,393.995751,False,False,False,False,DERIVED_CONDITIONAL_GEOMETRY_NOT_EVENT_LOCATION
6072,73.99722399,-43.07779367,3550.681263,3943.392722,392.711459,False,False,False,False,DERIVED_CONDITIONAL_GEOMETRY_NOT_EVENT_LOCATION
6073,73.97736177,-43.08148484,3552.302164,3943.730458,391.428294,False,False,False,False,DERIVED_CONDITIONAL_GEOMETRY_NOT_EVENT_LOCATION
6074,73.95749955,-43.08517601,3553.922914,3944.069169,390.146255,False,False,False,False,DERIVED_CONDITIONAL_GEOMETRY_NOT_EVENT_LOCATION
6075,73.93763733,-43.08886719,3555.543513,3944.408855,388.865342,False,False,False,False,DERIVED_CONDITIONAL_GEOMETRY_NOT_EVENT_LOCATION
6076,73.91809082,-43.09216947,3557.137503,3944.707409,387.569905,False,False,False,False,DERIVED_CONDITIONAL_GEOMETRY_NOT_EVENT_LOCATION
6077,73.89854431,-43.09547176,3558.731358,3945.006904,386.275546,False,False,False,False,DERIVED_CONDITIONAL_GEOMETRY_NOT_EVENT_LOCATION
6078,73.87899780,-43.09877405,3560.325077,3945.307341,384.982263,False,False,False,False,DERIVED_CONDITIONAL_GEOMETRY_NOT_EVENT_LOCATION
6079,73.85945129,-43.10207633,3561.918661,3945.608718,383.690058,False,False,False,False,DERIVED_CONDITIONAL_GEOMETRY_NOT_EVENT_LOCATION
6080,73.83990479,-43.10537862,3563.512109,3945.911037,382.398928,False,False,False,False,DERIVED_CONDITIONAL_GEOMETRY_NOT_EVENT_LOCATION
6081,73.82035828,-43.10868090,3565.105421,3946.214296,381.108875,False,False,False,False,DERIVED_CONDITIONAL_GEOMETRY_NOT_EVENT_LOCATION
6082,73.80081177,-43.11198319,3566.698597,3946.518495,379.819898,False,False,False,False,DERIVED_CONDITIONAL_GEOMETRY_NOT_EVENT_LOCATION
6083,73.78126526,-43.11528547,3568.291638,3946.823634,378.531996,False,False,False,False,DERIVED_CONDITIONAL_GEOMETRY_NOT_EVENT_LOCATION
6084,73.76171875,-43.11858776,3569.884542,3947.129712,377.245170,False,False,False,False,DERIVED_CONDITIONAL_GEOMETRY_NOT_EVENT_LOCATION
6085,73.74217224,-43.12189005,3571.477311,3947.436729,375.959418,False,False,False,False,DERIVED_CONDITIONAL_GEOMETRY_NOT_EVENT_LOCATION
6086,73.72262573,-43.12519233,3573.069944,3947.744686,374.674741,False,False,False,False,DERIVED_CONDITIONAL_GEOMETRY_NOT_EVENT_LOCATION
6087,73.70307922,-43.12849462,3574.662441,3948.053580,373.391139,False,False,False,False,DERIVED_CONDITIONAL_GEOMETRY_NOT_EVENT_LOCATION
6088,73.68353271,-43.13179690,3576.254802,3948.363413,372.108611,False,False,False,False,DERIVED_CONDITIONAL_GEOMETRY_NOT_EVENT_LOCATION
6089,73.66398621,-43.13509919,3577.847027,3948.674183,370.827157,False,False,False,False,DERIVED_CONDITIONAL_GEOMETRY_NOT_EVENT_LOCATION
6090,73.64443970,-43.13840148,3579.439116,3948.985891,369.546776,False,False,False,False,DERIVED_CONDITIONAL_GEOMETRY_NOT_EVENT_LOCATION
6091,73.62489319,-43.14170376,3581.031068,3949.298536,368.267468,False,False,False,False,DERIVED_CONDITIONAL_GEOMETRY_NOT_EVENT_LOCATION
6092,73.60534668,-43.14500605,3582.622885,3949.612118,366.989234,False,False,False,False,DERIVED_CONDITIONAL_GEOMETRY_NOT_EVENT_LOCATION
6093,73.58580017,-43.14830833,3584.214565,3949.926637,365.712072,False,False,False,False,DERIVED_CONDITIONAL_GEOMETRY_NOT_EVENT_LOCATION
6094,73.56625366,-43.15161062,3585.806109,3950.242091,364.435982,False,False,False,False,DERIVED_CONDITIONAL_GEOMETRY_NOT_EVENT_LOCATION
6095,73.54670715,-43.15491290,3587.397517,3950.558481,363.160964,False,False,False,False,DERIVED_CONDITIONAL_GEOMETRY_NOT_EVENT_LOCATION
6096,73.52716064,-43.15821519,3588.988788,3950.875806,361.887019,False,False,False,False,DERIVED_CONDITIONAL_GEOMETRY_NOT_EVENT_LOCATION
6097,73.50761414,-43.16151748,3590.579923,3951.194067,360.614144,False,False,False,False,DERIVED_CONDITIONAL_GEOMETRY_NOT_EVENT_LOCATION
6098,73.48806763,-43.16481976,3592.170921,3951.513262,359.342341,False,False,False,False,DERIVED_CONDITIONAL_GEOMETRY_NOT_EVENT_LOCATION
6099,73.46852112,-43.16812205,3593.761783,3951.833392,358.071609,False,False,False,False,DERIVED_CONDITIONAL_GEOMETRY_NOT_EVENT_LOCATION
6100,73.44897461,-43.17142433,3595.352509,3952.154456,356.801947,False,False,False,False,DERIVED_CONDITIONAL_GEOMETRY_NOT_EVENT_LOCATION
6101,73.42942810,-43.17472662,3596.943098,3952.476453,355.533355,False,False,False,False,DERIVED_CONDITIONAL_GEOMETRY_NOT_EVENT_LOCATION
6102,73.40988159,-43.17802891,3598.533550,3952.799384,354.265834,False,False,False,False,DERIVED_CONDITIONAL_GEOMETRY_NOT_EVENT_LOCATION
6103,73.39033508,-43.18133119,3600.123866,3953.123248,352.999382,False,False,False,False,DERIVED_CONDITIONAL_GEOMETRY_NOT_EVENT_LOCATION
6104,73.37078857,-43.18463348,3601.714045,3953.448045,351.734000,False,False,False,False,DERIVED_CONDITIONAL_GEOMETRY_NOT_EVENT_LOCATION
6105,73.35124207,-43.18793576,3603.304087,3953.773774,350.469686,False,False,False,False,DERIVED_CONDITIONAL_GEOMETRY_NOT_EVENT_LOCATION
6106,73.33169556,-43.19123805,3604.893993,3954.100435,349.206441,False,False,False,False,DERIVED_CONDITIONAL_GEOMETRY_NOT_EVENT_LOCATION
6107,73.31214905,-43.19454033,3606.483762,3954.428027,347.944265,False,False,False,False,DERIVED_CONDITIONAL_GEOMETRY_NOT_EVENT_LOCATION
6108,73.29260254,-43.19784262,3608.073394,3954.756551,346.683157,False,False,False,False,DERIVED_CONDITIONAL_GEOMETRY_NOT_EVENT_LOCATION
6109,73.27305603,-43.20114491,3609.662889,3955.086006,345.423117,False,False,False,False,DERIVED_CONDITIONAL_GEOMETRY_NOT_EVENT_LOCATION
6110,73.25350952,-43.20444719,3611.252247,3955.416391,344.164144,False,False,False,False,DERIVED_CONDITIONAL_GEOMETRY_NOT_EVENT_LOCATION
6111,73.23396301,-43.20774948,3612.841468,3955.747707,342.906239,False,False,False,False,DERIVED_CONDITIONAL_GEOMETRY_NOT_EVENT_LOCATION
6112,73.21441650,-43.21105176,3614.430552,3956.079952,341.649400,False,False,False,False,DERIVED_CONDITIONAL_GEOMETRY_NOT_EVENT_LOCATION
6113,73.19487000,-43.21435405,3616.019499,3956.413128,340.393628,False,False,False,False,DERIVED_CONDITIONAL_GEOMETRY_NOT_EVENT_LOCATION
6114,73.17532349,-43.21765634,3617.608309,3956.747232,339.138923,False,False,False,False,DERIVED_CONDITIONAL_GEOMETRY_NOT_EVENT_LOCATION
6115,73.15577698,-43.22095862,3619.196982,3957.082265,337.885283,False,False,False,False,DERIVED_CONDITIONAL_GEOMETRY_NOT_EVENT_LOCATION
6116,73.13623047,-43.22426091,3620.785518,3957.418227,336.632709,False,False,False,False,DERIVED_CONDITIONAL_GEOMETRY_NOT_EVENT_LOCATION
6117,73.11668396,-43.22756319,3622.373917,3957.755117,335.381201,False,False,False,False,DERIVED_CONDITIONAL_GEOMETRY_NOT_EVENT_LOCATION
6118,73.09713745,-43.23086548,3623.962178,3958.092935,334.130757,False,False,False,False,DERIVED_CONDITIONAL_GEOMETRY_NOT_EVENT_LOCATION
6119,73.07745574,-43.23386188,3625.560821,3958.397479,332.836658,False,False,False,False,DERIVED_CONDITIONAL_GEOMETRY_NOT_EVENT_LOCATION
6120,73.05777403,-43.23685828,3627.159336,3958.702963,331.543627,False,False,False,False,DERIVED_CONDITIONAL_GEOMETRY_NOT_EVENT_LOCATION
6121,73.03809232,-43.23985468,3628.757723,3959.009385,330.251662,False,False,False,False,DERIVED_CONDITIONAL_GEOMETRY_NOT_EVENT_LOCATION
6122,73.01841062,-43.24285108,3630.355982,3959.316746,328.960765,False,False,False,False,DERIVED_CONDITIONAL_GEOMETRY_NOT_EVENT_LOCATION
6123,72.99872891,-43.24584748,3631.954112,3959.625046,327.670933,False,False,False,False,DERIVED_CONDITIONAL_GEOMETRY_NOT_EVENT_LOCATION
6124,72.97904720,-43.24884388,3633.552115,3959.934283,326.382168,False,False,False,False,DERIVED_CONDITIONAL_GEOMETRY_NOT_EVENT_LOCATION
6125,72.95936549,-43.25184028,3635.149990,3960.244458,325.094468,False,False,False,False,DERIVED_CONDITIONAL_GEOMETRY_NOT_EVENT_LOCATION
6126,72.93968378,-43.25483668,3636.747736,3960.555570,323.807834,False,False,False,False,DERIVED_CONDITIONAL_GEOMETRY_NOT_EVENT_LOCATION
6127,72.92000207,-43.25783308,3638.345354,3960.867619,322.522266,False,False,False,False,DERIVED_CONDITIONAL_GEOMETRY_NOT_EVENT_LOCATION
6128,72.90032036,-43.26082948,3639.942843,3961.180605,321.237762,False,False,False,False,DERIVED_CONDITIONAL_GEOMETRY_NOT_EVENT_LOCATION
6129,72.88063865,-43.26382588,3641.540204,3961.494527,319.954323,False,False,False,False,DERIVED_CONDITIONAL_GEOMETRY_NOT_EVENT_LOCATION
6130,72.86095695,-43.26682228,3643.137437,3961.809385,318.671948,False,False,False,False,DERIVED_CONDITIONAL_GEOMETRY_NOT_EVENT_LOCATION
6131,72.84127524,-43.26981868,3644.734541,3962.125179,317.390637,False,False,False,False,DERIVED_CONDITIONAL_GEOMETRY_NOT_EVENT_LOCATION
6132,72.82159353,-43.27281508,3646.331517,3962.441908,316.110391,False,False,False,False,DERIVED_CONDITIONAL_GEOMETRY_NOT_EVENT_LOCATION
6133,72.80191182,-43.27581148,3647.928365,3962.759572,314.831207,False,False,False,False,DERIVED_CONDITIONAL_GEOMETRY_NOT_EVENT_LOCATION
6134,72.78223011,-43.27880788,3649.525083,3963.078171,313.553087,False,False,False,False,DERIVED_CONDITIONAL_GEOMETRY_NOT_EVENT_LOCATION
6135,72.76254840,-43.28180428,3651.121673,3963.397704,312.276030,False,False,False,False,DERIVED_CONDITIONAL_GEOMETRY_NOT_EVENT_LOCATION
6136,72.74286669,-43.28480068,3652.718135,3963.718171,311.000036,False,False,False,False,DERIVED_CONDITIONAL_GEOMETRY_NOT_EVENT_LOCATION
6137,72.72318498,-43.28779709,3654.314467,3964.039571,309.725104,False,False,False,False,DERIVED_CONDITIONAL_GEOMETRY_NOT_EVENT_LOCATION
6138,72.70350328,-43.29079349,3655.910671,3964.361905,308.451234,False,False,False,False,DERIVED_CONDITIONAL_GEOMETRY_NOT_EVENT_LOCATION
6139,72.68382157,-43.29378989,3657.506746,3964.685172,307.178426,False,False,False,False,DERIVED_CONDITIONAL_GEOMETRY_NOT_EVENT_LOCATION
6140,72.66413986,-43.29678629,3659.102693,3965.009372,305.906679,False,False,False,False,DERIVED_CONDITIONAL_GEOMETRY_NOT_EVENT_LOCATION
6141,72.64445815,-43.29978269,3660.698510,3965.334504,304.635994,False,False,False,False,DERIVED_CONDITIONAL_GEOMETRY_NOT_EVENT_LOCATION
6142,72.62477644,-43.30277909,3662.294199,3965.660568,303.366369,False,False,False,False,DERIVED_CONDITIONAL_GEOMETRY_NOT_EVENT_LOCATION
6143,72.60509473,-43.30577549,3663.889758,3965.987563,302.097805,False,False,False,False,DERIVED_CONDITIONAL_GEOMETRY_NOT_EVENT_LOCATION
6144,72.58541302,-43.30877189,3665.485189,3966.315490,300.830302,False,False,False,False,DERIVED_CONDITIONAL_GEOMETRY_NOT_EVENT_LOCATION
6145,72.56573131,-43.31176829,3667.080490,3966.644348,299.563858,False,False,False,False,DERIVED_CONDITIONAL_GEOMETRY_NOT_EVENT_LOCATION
6146,72.54604961,-43.31476469,3668.675662,3966.974137,298.298474,False,False,False,False,DERIVED_CONDITIONAL_GEOMETRY_NOT_EVENT_LOCATION
6147,72.52636790,-43.31776109,3670.270705,3967.304855,297.034150,False,False,False,False,DERIVED_CONDITIONAL_GEOMETRY_NOT_EVENT_LOCATION
6148,72.50668619,-43.32075749,3671.865619,3967.636504,295.770885,False,False,False,False,DERIVED_CONDITIONAL_GEOMETRY_NOT_EVENT_LOCATION
6149,72.48700448,-43.32375389,3673.460404,3967.969083,294.508678,False,False,False,False,DERIVED_CONDITIONAL_GEOMETRY_NOT_EVENT_LOCATION
6150,72.46732277,-43.32675029,3675.055060,3968.302590,293.247531,False,False,False,False,DERIVED_CONDITIONAL_GEOMETRY_NOT_EVENT_LOCATION
6151,72.44764106,-43.32974669,3676.649586,3968.637027,291.987441,False,False,False,False,DERIVED_CONDITIONAL_GEOMETRY_NOT_EVENT_LOCATION
6152,72.42795935,-43.33274309,3678.243983,3968.972392,290.728410,False,False,False,False,DERIVED_CONDITIONAL_GEOMETRY_NOT_EVENT_LOCATION
6153,72.40827764,-43.33573949,3679.838250,3969.308686,289.470436,False,False,False,False,DERIVED_CONDITIONAL_GEOMETRY_NOT_EVENT_LOCATION
6154,72.38859594,-43.33873589,3681.432388,3969.645907,288.213519,False,False,False,False,DERIVED_CONDITIONAL_GEOMETRY_NOT_EVENT_LOCATION
6155,72.36891423,-43.34173229,3683.026397,3969.984056,286.957660,False,False,False,False,DERIVED_CONDITIONAL_GEOMETRY_NOT_EVENT_LOCATION
6156,72.34923252,-43.34472869,3684.620276,3970.323132,285.702857,False,False,False,False,DERIVED_CONDITIONAL_GEOMETRY_NOT_EVENT_LOCATION
6157,72.32955081,-43.34772509,3686.214025,3970.663136,284.449111,False,False,False,False,DERIVED_CONDITIONAL_GEOMETRY_NOT_EVENT_LOCATION
6158,72.30986910,-43.35072149,3687.807645,3971.004065,283.196420,False,False,False,False,DERIVED_CONDITIONAL_GEOMETRY_NOT_EVENT_LOCATION
6159,72.29018739,-43.35371789,3689.401135,3971.345921,281.944786,False,False,False,False,DERIVED_CONDITIONAL_GEOMETRY_NOT_EVENT_LOCATION
6160,72.27050568,-43.35671429,3690.994495,3971.688703,280.694207,False,False,False,False,DERIVED_CONDITIONAL_GEOMETRY_NOT_EVENT_LOCATION
6161,72.25082397,-43.35971069,3692.587726,3972.032410,279.444684,False,False,False,False,DERIVED_CONDITIONAL_GEOMETRY_NOT_EVENT_LOCATION
6162,72.23101949,-43.36239979,3694.190551,3972.342947,278.152396,False,False,False,False,DERIVED_CONDITIONAL_GEOMETRY_NOT_EVENT_LOCATION
6163,72.21121500,-43.36508888,3695.793256,3972.654421,276.861165,False,False,False,False,DERIVED_CONDITIONAL_GEOMETRY_NOT_EVENT_LOCATION
6164,72.19141051,-43.36777798,3697.395841,3972.966831,275.570990,False,False,False,False,DERIVED_CONDITIONAL_GEOMETRY_NOT_EVENT_LOCATION
6165,72.17160602,-43.37046708,3698.998307,3973.280177,274.281870,False,False,False,False,DERIVED_CONDITIONAL_GEOMETRY_NOT_EVENT_LOCATION
6166,72.15180153,-43.37315617,3700.600653,3973.594459,272.993806,False,False,False,False,DERIVED_CONDITIONAL_GEOMETRY_NOT_EVENT_LOCATION
6167,72.13199704,-43.37584527,3702.202879,3973.909676,271.706797,False,False,False,False,DERIVED_CONDITIONAL_GEOMETRY_NOT_EVENT_LOCATION
6168,72.11219255,-43.37853436,3703.804985,3974.225828,270.420843,False,False,False,False,DERIVED_CONDITIONAL_GEOMETRY_NOT_EVENT_LOCATION
6169,72.09238806,-43.38122346,3705.406972,3974.542916,269.135944,False,False,False,False,DERIVED_CONDITIONAL_GEOMETRY_NOT_EVENT_LOCATION
6170,72.07258358,-43.38391255,3707.008838,3974.860937,267.852099,False,False,False,False,DERIVED_CONDITIONAL_GEOMETRY_NOT_EVENT_LOCATION
6171,72.05277909,-43.38660165,3708.610585,3975.179893,266.569308,False,False,False,False,DERIVED_CONDITIONAL_GEOMETRY_NOT_EVENT_LOCATION
6172,72.03297460,-43.38929074,3710.212212,3975.499783,265.287571,False,False,False,False,DERIVED_CONDITIONAL_GEOMETRY_NOT_EVENT_LOCATION
6173,72.01317011,-43.39197984,3711.813718,3975.820606,264.006888,False,False,False,False,DERIVED_CONDITIONAL_GEOMETRY_NOT_EVENT_LOCATION
6174,71.99336562,-43.39466893,3713.415105,3976.142363,262.727258,False,False,False,False,DERIVED_CONDITIONAL_GEOMETRY_NOT_EVENT_LOCATION
6175,71.97356113,-43.39735803,3715.016371,3976.465052,261.448680,False,False,False,False,DERIVED_CONDITIONAL_GEOMETRY_NOT_EVENT_LOCATION
6176,71.95375664,-43.40004712,3716.617518,3976.788674,260.171156,False,False,False,False,DERIVED_CONDITIONAL_GEOMETRY_NOT_EVENT_LOCATION
6177,71.93395215,-43.40273622,3718.218544,3977.113228,258.894684,False,False,False,False,DERIVED_CONDITIONAL_GEOMETRY_NOT_EVENT_LOCATION
6178,71.91414767,-43.40542532,3719.819449,3977.438714,257.619264,False,False,False,False,DERIVED_CONDITIONAL_GEOMETRY_NOT_EVENT_LOCATION
6179,71.89434318,-43.40811441,3721.420235,3977.765131,256.344896,False,False,False,False,DERIVED_CONDITIONAL_GEOMETRY_NOT_EVENT_LOCATION
6180,71.87453869,-43.41080351,3723.020900,3978.092480,255.071580,False,False,False,False,DERIVED_CONDITIONAL_GEOMETRY_NOT_EVENT_LOCATION
6181,71.85473420,-43.41349260,3724.621445,3978.420759,253.799315,False,False,False,False,DERIVED_CONDITIONAL_GEOMETRY_NOT_EVENT_LOCATION
6182,71.83492971,-43.41618170,3726.221869,3978.749970,252.528101,False,False,False,False,DERIVED_CONDITIONAL_GEOMETRY_NOT_EVENT_LOCATION
6183,71.81512522,-43.41887079,3727.822173,3979.080110,251.257937,False,False,False,False,DERIVED_CONDITIONAL_GEOMETRY_NOT_EVENT_LOCATION
6184,71.79532073,-43.42155989,3729.422356,3979.411181,249.988824,False,False,False,False,DERIVED_CONDITIONAL_GEOMETRY_NOT_EVENT_LOCATION
6185,71.77551624,-43.42424898,3731.022419,3979.743181,248.720762,False,False,False,False,DERIVED_CONDITIONAL_GEOMETRY_NOT_EVENT_LOCATION
6186,71.75571176,-43.42693808,3732.622361,3980.076110,247.453749,False,False,False,False,DERIVED_CONDITIONAL_GEOMETRY_NOT_EVENT_LOCATION
6187,71.73590727,-43.42962717,3734.222183,3980.409968,246.187785,False,False,False,False,DERIVED_CONDITIONAL_GEOMETRY_NOT_EVENT_LOCATION
6188,71.71610278,-43.43231627,3735.821883,3980.744755,244.922872,False,False,False,False,DERIVED_CONDITIONAL_GEOMETRY_NOT_EVENT_LOCATION
6189,71.69629829,-43.43500537,3737.421463,3981.080470,243.659007,False,False,False,False,DERIVED_CONDITIONAL_GEOMETRY_NOT_EVENT_LOCATION
6190,71.67649380,-43.43769446,3739.020922,3981.417113,242.396190,False,False,False,False,DERIVED_CONDITIONAL_GEOMETRY_NOT_EVENT_LOCATION
6191,71.65668931,-43.44038356,3740.620261,3981.754683,241.134423,False,False,False,False,DERIVED_CONDITIONAL_GEOMETRY_NOT_EVENT_LOCATION
6192,71.63688482,-43.44307265,3742.219478,3982.093181,239.873703,False,False,False,False,DERIVED_CONDITIONAL_GEOMETRY_NOT_EVENT_LOCATION
6193,71.61708033,-43.44576175,3743.818575,3982.432606,238.614031,False,False,False,False,DERIVED_CONDITIONAL_GEOMETRY_NOT_EVENT_LOCATION
6194,71.59727584,-43.44845084,3745.417550,3982.772958,237.355407,False,False,False,False,DERIVED_CONDITIONAL_GEOMETRY_NOT_EVENT_LOCATION
6195,71.57747136,-43.45113994,3747.016405,3983.114235,236.097830,False,False,False,False,DERIVED_CONDITIONAL_GEOMETRY_NOT_EVENT_LOCATION
6196,71.55766687,-43.45382903,3748.615139,3983.456439,234.841300,False,False,False,False,DERIVED_CONDITIONAL_GEOMETRY_NOT_EVENT_LOCATION
6197,71.53786238,-43.45651813,3750.213751,3983.799568,233.585817,False,False,False,False,DERIVED_CONDITIONAL_GEOMETRY_NOT_EVENT_LOCATION
6198,71.51805789,-43.45920722,3751.812242,3984.143623,232.331380,False,False,False,False,DERIVED_CONDITIONAL_GEOMETRY_NOT_EVENT_LOCATION
6199,71.49825340,-43.46189632,3753.410612,3984.488602,231.077990,False,False,False,False,DERIVED_CONDITIONAL_GEOMETRY_NOT_EVENT_LOCATION
6200,71.47844891,-43.46458542,3755.008861,3984.834506,229.825645,False,False,False,False,DERIVED_CONDITIONAL_GEOMETRY_NOT_EVENT_LOCATION
6201,71.45864442,-43.46727451,3756.606989,3985.181334,228.574345,False,False,False,False,DERIVED_CONDITIONAL_GEOMETRY_NOT_EVENT_LOCATION
6202,71.43883993,-43.46996361,3758.204995,3985.529086,227.324091,False,False,False,False,DERIVED_CONDITIONAL_GEOMETRY_NOT_EVENT_LOCATION
6203,71.41903545,-43.47265270,3759.802880,3985.877762,226.074882,False,False,False,False,DERIVED_CONDITIONAL_GEOMETRY_NOT_EVENT_LOCATION
6204,71.39923096,-43.47534180,3761.400643,3986.227361,224.826718,False,False,False,False,DERIVED_CONDITIONAL_GEOMETRY_NOT_EVENT_LOCATION
6205,71.37931682,-43.47771933,3763.007178,3986.543545,223.536367,False,False,False,False,DERIVED_CONDITIONAL_GEOMETRY_NOT_EVENT_LOCATION
6206,71.35940268,-43.48009686,3764.613602,3986.860664,222.247062,False,False,False,False,DERIVED_CONDITIONAL_GEOMETRY_NOT_EVENT_LOCATION
6207,71.33948854,-43.48247439,3766.219916,3987.178717,220.958800,False,False,False,False,DERIVED_CONDITIONAL_GEOMETRY_NOT_EVENT_LOCATION
6208,71.31957440,-43.48485193,3767.826120,3987.497703,219.671583,False,False,False,False,DERIVED_CONDITIONAL_GEOMETRY_NOT_EVENT_LOCATION
6209,71.29966026,-43.48722946,3769.432213,3987.817622,218.385409,False,False,False,False,DERIVED_CONDITIONAL_GEOMETRY_NOT_EVENT_LOCATION
6210,71.27974612,-43.48960699,3771.038196,3988.138474,217.100279,False,False,False,False,DERIVED_CONDITIONAL_GEOMETRY_NOT_EVENT_LOCATION
6211,71.25983198,-43.49198452,3772.644068,3988.460259,215.816192,False,False,False,False,DERIVED_CONDITIONAL_GEOMETRY_NOT_EVENT_LOCATION
6212,71.23991784,-43.49436205,3774.249829,3988.782977,214.533147,False,False,False,False,DERIVED_CONDITIONAL_GEOMETRY_NOT_EVENT_LOCATION
6213,71.22000370,-43.49673959,3775.855480,3989.106626,213.251146,False,False,False,False,DERIVED_CONDITIONAL_GEOMETRY_NOT_EVENT_LOCATION
6214,71.20008957,-43.49911712,3777.461020,3989.431207,211.970187,False,False,False,False,DERIVED_CONDITIONAL_GEOMETRY_NOT_EVENT_LOCATION
6215,71.18017543,-43.50149465,3779.066449,3989.756719,210.690270,False,False,False,False,DERIVED_CONDITIONAL_GEOMETRY_NOT_EVENT_LOCATION
6216,71.16026129,-43.50387218,3780.671768,3990.083162,209.411394,False,False,False,False,DERIVED_CONDITIONAL_GEOMETRY_NOT_EVENT_LOCATION
6217,71.14034715,-43.50624972,3782.276976,3990.410537,208.133561,False,False,False,False,DERIVED_CONDITIONAL_GEOMETRY_NOT_EVENT_LOCATION
6218,71.12043301,-43.50862725,3783.882072,3990.738841,206.856769,False,False,False,False,DERIVED_CONDITIONAL_GEOMETRY_NOT_EVENT_LOCATION
6219,71.10051887,-43.51100478,3785.487058,3991.068076,205.581017,False,False,False,False,DERIVED_CONDITIONAL_GEOMETRY_NOT_EVENT_LOCATION
6220,71.08060473,-43.51338231,3787.091933,3991.398240,204.306307,False,False,False,False,DERIVED_CONDITIONAL_GEOMETRY_NOT_EVENT_LOCATION
6221,71.06069059,-43.51575985,3788.696697,3991.729334,203.032637,False,False,False,False,DERIVED_CONDITIONAL_GEOMETRY_NOT_EVENT_LOCATION
6222,71.04077645,-43.51813738,3790.301350,3992.061357,201.760007,False,False,False,False,DERIVED_CONDITIONAL_GEOMETRY_NOT_EVENT_LOCATION
6223,71.02086231,-43.52051491,3791.905891,3992.394308,200.488417,False,False,False,False,DERIVED_CONDITIONAL_GEOMETRY_NOT_EVENT_LOCATION
6224,71.00094817,-43.52289244,3793.510322,3992.728189,199.217867,False,False,False,False,DERIVED_CONDITIONAL_GEOMETRY_NOT_EVENT_LOCATION
6225,70.98103403,-43.52526997,3795.114641,3993.062997,197.948356,False,False,False,False,DERIVED_CONDITIONAL_GEOMETRY_NOT_EVENT_LOCATION
6226,70.96111990,-43.52764751,3796.718849,3993.398733,196.679884,False,False,False,False,DERIVED_CONDITIONAL_GEOMETRY_NOT_EVENT_LOCATION
6227,70.94120576,-43.53002504,3798.322946,3993.735397,195.412452,False,False,False,False,DERIVED_CONDITIONAL_GEOMETRY_NOT_EVENT_LOCATION
6228,70.92129162,-43.53240257,3799.926931,3994.072988,194.146057,False,False,False,False,DERIVED_CONDITIONAL_GEOMETRY_NOT_EVENT_LOCATION
6229,70.90137748,-43.53478010,3801.530805,3994.411506,192.880701,False,False,False,False,DERIVED_CONDITIONAL_GEOMETRY_NOT_EVENT_LOCATION
6230,70.88146334,-43.53715764,3803.134567,3994.750951,191.616383,False,False,False,False,DERIVED_CONDITIONAL_GEOMETRY_NOT_EVENT_LOCATION
6231,70.86154920,-43.53953517,3804.738218,3995.091321,190.353103,False,False,False,False,DERIVED_CONDITIONAL_GEOMETRY_NOT_EVENT_LOCATION
6232,70.84163506,-43.54191270,3806.341757,3995.432618,189.090860,False,False,False,False,DERIVED_CONDITIONAL_GEOMETRY_NOT_EVENT_LOCATION
6233,70.82172092,-43.54429023,3807.945185,3995.774840,187.829655,False,False,False,False,DERIVED_CONDITIONAL_GEOMETRY_NOT_EVENT_LOCATION
6234,70.80180678,-43.54666776,3809.548501,3996.117987,186.569486,False,False,False,False,DERIVED_CONDITIONAL_GEOMETRY_NOT_EVENT_LOCATION
6235,70.78189264,-43.54904530,3811.151706,3996.462060,185.310354,False,False,False,False,DERIVED_CONDITIONAL_GEOMETRY_NOT_EVENT_LOCATION
6236,70.76197850,-43.55142283,3812.754798,3996.807057,184.052258,False,False,False,False,DERIVED_CONDITIONAL_GEOMETRY_NOT_EVENT_LOCATION
6237,70.74206437,-43.55380036,3814.357779,3997.152978,182.795199,False,False,False,False,DERIVED_CONDITIONAL_GEOMETRY_NOT_EVENT_LOCATION
6238,70.72215023,-43.55617789,3815.960648,3997.499823,181.539175,False,False,False,False,DERIVED_CONDITIONAL_GEOMETRY_NOT_EVENT_LOCATION
6239,70.70223609,-43.55855543,3817.563406,3997.847592,180.284186,False,False,False,False,DERIVED_CONDITIONAL_GEOMETRY_NOT_EVENT_LOCATION
6240,70.68232195,-43.56093296,3819.166051,3998.196284,179.030233,False,False,False,False,DERIVED_CONDITIONAL_GEOMETRY_NOT_EVENT_LOCATION
6241,70.66240781,-43.56331049,3820.768584,3998.545899,177.777315,False,False,False,False,DERIVED_CONDITIONAL_GEOMETRY_NOT_EVENT_LOCATION
6242,70.64249367,-43.56568802,3822.371005,3998.896437,176.525431,False,False,False,False,DERIVED_CONDITIONAL_GEOMETRY_NOT_EVENT_LOCATION
6243,70.62257953,-43.56806555,3823.973315,3999.247897,175.274582,False,False,False,False,DERIVED_CONDITIONAL_GEOMETRY_NOT_EVENT_LOCATION
6244,70.60266539,-43.57044309,3825.575512,3999.600279,174.024767,False,False,False,False,DERIVED_CONDITIONAL_GEOMETRY_NOT_EVENT_LOCATION
6245,70.58275125,-43.57282062,3827.177597,3999.953582,172.775985,False,False,False,False,DERIVED_CONDITIONAL_GEOMETRY_NOT_EVENT_LOCATION
6246,70.56283711,-43.57519815,3828.779569,4000.307807,171.528238,False,False,False,False,DERIVED_CONDITIONAL_GEOMETRY_NOT_EVENT_LOCATION
6247,70.54292297,-43.57757568,3830.381430,4000.662953,170.281523,False,False,False,False,DERIVED_CONDITIONAL_GEOMETRY_NOT_EVENT_LOCATION
6248,70.52336606,-43.57959401,3831.954760,4000.977482,169.022723,False,False,False,False,DERIVED_CONDITIONAL_GEOMETRY_NOT_EVENT_LOCATION
6249,70.50380915,-43.58161233,3833.527993,4001.292902,167.764909,False,False,False,False,DERIVED_CONDITIONAL_GEOMETRY_NOT_EVENT_LOCATION
6250,70.48425224,-43.58363065,3835.101131,4001.609211,166.508080,False,False,False,False,DERIVED_CONDITIONAL_GEOMETRY_NOT_EVENT_LOCATION
6251,70.46469532,-43.58564897,3836.674173,4001.926410,165.252237,False,False,False,False,DERIVED_CONDITIONAL_GEOMETRY_NOT_EVENT_LOCATION
6252,70.44513841,-43.58766729,3838.247119,4002.244497,163.997379,False,False,False,False,DERIVED_CONDITIONAL_GEOMETRY_NOT_EVENT_LOCATION
6253,70.42558150,-43.58968561,3839.819968,4002.563474,162.743506,False,False,False,False,DERIVED_CONDITIONAL_GEOMETRY_NOT_EVENT_LOCATION
6254,70.40602459,-43.59170394,3841.392722,4002.883339,161.490617,False,False,False,False,DERIVED_CONDITIONAL_GEOMETRY_NOT_EVENT_LOCATION
6255,70.38646767,-43.59372226,3842.965379,4003.204092,160.238713,False,False,False,False,DERIVED_CONDITIONAL_GEOMETRY_NOT_EVENT_LOCATION
6256,70.36691076,-43.59574058,3844.537940,4003.525733,158.987793,False,False,False,False,DERIVED_CONDITIONAL_GEOMETRY_NOT_EVENT_LOCATION
6257,70.34735385,-43.59775890,3846.110405,4003.848261,157.737856,False,False,False,False,DERIVED_CONDITIONAL_GEOMETRY_NOT_EVENT_LOCATION
6258,70.32779694,-43.59977722,3847.682773,4004.171677,156.488904,False,False,False,False,DERIVED_CONDITIONAL_GEOMETRY_NOT_EVENT_LOCATION
6259,70.30824002,-43.60179554,3849.255045,4004.495980,155.240935,False,False,False,False,DERIVED_CONDITIONAL_GEOMETRY_NOT_EVENT_LOCATION
6260,70.28868311,-43.60381386,3850.827221,4004.821170,153.993949,False,False,False,False,DERIVED_CONDITIONAL_GEOMETRY_NOT_EVENT_LOCATION
6261,70.26912620,-43.60583219,3852.399300,4005.147246,152.747946,False,False,False,False,DERIVED_CONDITIONAL_GEOMETRY_NOT_EVENT_LOCATION
6262,70.24956929,-43.60785051,3853.971283,4005.474209,151.502926,False,False,False,False,DERIVED_CONDITIONAL_GEOMETRY_NOT_EVENT_LOCATION
6263,70.23001237,-43.60986883,3855.543169,4005.802057,150.258888,False,False,False,False,DERIVED_CONDITIONAL_GEOMETRY_NOT_EVENT_LOCATION
6264,70.21045546,-43.61188715,3857.114958,4006.130791,149.015832,False,False,False,False,DERIVED_CONDITIONAL_GEOMETRY_NOT_EVENT_LOCATION
6265,70.19089855,-43.61390547,3858.686651,4006.460410,147.773759,False,False,False,False,DERIVED_CONDITIONAL_GEOMETRY_NOT_EVENT_LOCATION
6266,70.17134164,-43.61592379,3860.258247,4006.790914,146.532667,False,False,False,False,DERIVED_CONDITIONAL_GEOMETRY_NOT_EVENT_LOCATION
6267,70.15178472,-43.61794212,3861.829747,4007.122303,145.292556,False,False,False,False,DERIVED_CONDITIONAL_GEOMETRY_NOT_EVENT_LOCATION
6268,70.13222781,-43.61996044,3863.401149,4007.454577,144.053427,False,False,False,False,DERIVED_CONDITIONAL_GEOMETRY_NOT_EVENT_LOCATION
6269,70.11267090,-43.62197876,3864.972455,4007.787734,142.815279,False,False,False,False,DERIVED_CONDITIONAL_GEOMETRY_NOT_EVENT_LOCATION
6270,70.09311399,-43.62399708,3866.543664,4008.121776,141.578111,False,False,False,False,DERIVED_CONDITIONAL_GEOMETRY_NOT_EVENT_LOCATION
6271,70.07355707,-43.62601540,3868.114776,4008.456700,140.341924,False,False,False,False,DERIVED_CONDITIONAL_GEOMETRY_NOT_EVENT_LOCATION
6272,70.05400016,-43.62803372,3869.685791,4008.792509,139.106718,False,False,False,False,DERIVED_CONDITIONAL_GEOMETRY_NOT_EVENT_LOCATION
6273,70.03444325,-43.63005205,3871.256709,4009.129200,137.872491,False,False,False,False,DERIVED_CONDITIONAL_GEOMETRY_NOT_EVENT_LOCATION
6274,70.01488634,-43.63207037,3872.827530,4009.466774,136.639244,False,False,False,False,DERIVED_CONDITIONAL_GEOMETRY_NOT_EVENT_LOCATION
6275,69.99532942,-43.63408869,3874.398254,4009.805230,135.406976,False,False,False,False,DERIVED_CONDITIONAL_GEOMETRY_NOT_EVENT_LOCATION
6276,69.97577251,-43.63610701,3875.968880,4010.144568,134.175688,False,False,False,False,DERIVED_CONDITIONAL_GEOMETRY_NOT_EVENT_LOCATION
6277,69.95621560,-43.63812533,3877.539410,4010.484788,132.945378,False,False,False,False,DERIVED_CONDITIONAL_GEOMETRY_NOT_EVENT_LOCATION
6278,69.93665869,-43.64014365,3879.109842,4010.825890,131.716048,False,False,False,False,DERIVED_CONDITIONAL_GEOMETRY_NOT_EVENT_LOCATION
6279,69.91710177,-43.64216198,3880.680177,4011.167872,130.487696,False,False,False,False,DERIVED_CONDITIONAL_GEOMETRY_NOT_EVENT_LOCATION
6280,69.89754486,-43.64418030,3882.250414,4011.510736,129.260322,False,False,False,False,DERIVED_CONDITIONAL_GEOMETRY_NOT_EVENT_LOCATION
6281,69.87798795,-43.64619862,3883.820554,4011.854480,128.033926,False,False,False,False,DERIVED_CONDITIONAL_GEOMETRY_NOT_EVENT_LOCATION
6282,69.85843104,-43.64821694,3885.390597,4012.199104,126.808507,False,False,False,False,DERIVED_CONDITIONAL_GEOMETRY_NOT_EVENT_LOCATION
6283,69.83887412,-43.65023526,3886.960542,4012.544609,125.584067,False,False,False,False,DERIVED_CONDITIONAL_GEOMETRY_NOT_EVENT_LOCATION
6284,69.81931721,-43.65225358,3888.530390,4012.890993,124.360603,False,False,False,False,DERIVED_CONDITIONAL_GEOMETRY_NOT_EVENT_LOCATION
6285,69.79976030,-43.65427191,3890.100140,4013.238256,123.138116,False,False,False,False,DERIVED_CONDITIONAL_GEOMETRY_NOT_EVENT_LOCATION
6286,69.78020339,-43.65629023,3891.669792,4013.586399,121.916606,False,False,False,False,DERIVED_CONDITIONAL_GEOMETRY_NOT_EVENT_LOCATION
6287,69.76064647,-43.65830855,3893.239347,4013.935420,120.696073,False,False,False,False,DERIVED_CONDITIONAL_GEOMETRY_NOT_EVENT_LOCATION
6288,69.74108956,-43.66032687,3894.808804,4014.285319,119.476516,False,False,False,False,DERIVED_CONDITIONAL_GEOMETRY_NOT_EVENT_LOCATION
6289,69.72153265,-43.66234519,3896.378163,4014.636097,118.257934,False,False,False,False,DERIVED_CONDITIONAL_GEOMETRY_NOT_EVENT_LOCATION
6290,69.70197574,-43.66436351,3897.947425,4014.987753,117.040328,False,False,False,False,DERIVED_CONDITIONAL_GEOMETRY_NOT_EVENT_LOCATION
6291,69.68241882,-43.66638184,3899.516588,4015.340286,115.823698,False,False,False,False,DERIVED_CONDITIONAL_GEOMETRY_NOT_EVENT_LOCATION
6292,69.66278007,-43.66809290,3901.092811,4015.660193,114.567383,False,False,False,False,DERIVED_CONDITIONAL_GEOMETRY_NOT_EVENT_LOCATION
6293,69.64314131,-43.66980397,3902.668948,4015.980988,113.312040,False,False,False,False,DERIVED_CONDITIONAL_GEOMETRY_NOT_EVENT_LOCATION
6294,69.62350256,-43.67151503,3904.244999,4016.302670,112.057672,False,False,False,False,DERIVED_CONDITIONAL_GEOMETRY_NOT_EVENT_LOCATION
6295,69.60386380,-43.67322610,3905.820964,4016.625240,110.804276,False,False,False,False,DERIVED_CONDITIONAL_GEOMETRY_NOT_EVENT_LOCATION
6296,69.58422505,-43.67493716,3907.396843,4016.948696,109.551853,False,False,False,False,DERIVED_CONDITIONAL_GEOMETRY_NOT_EVENT_LOCATION
6297,69.56458629,-43.67664823,3908.972636,4017.273038,108.300402,False,False,False,False,DERIVED_CONDITIONAL_GEOMETRY_NOT_EVENT_LOCATION
6298,69.54494754,-43.67835929,3910.548343,4017.598267,107.049924,False,False,False,False,DERIVED_CONDITIONAL_GEOMETRY_NOT_EVENT_LOCATION
6299,69.52530878,-43.68007036,3912.123964,4017.924382,105.800418,False,False,False,False,DERIVED_CONDITIONAL_GEOMETRY_NOT_EVENT_LOCATION
6300,69.50567003,-43.68178142,3913.699498,4018.251382,104.551883,False,False,False,False,DERIVED_CONDITIONAL_GEOMETRY_NOT_EVENT_LOCATION
6301,69.48603127,-43.68349249,3915.274947,4018.579268,103.304321,False,False,False,False,DERIVED_CONDITIONAL_GEOMETRY_NOT_EVENT_LOCATION
6302,69.46639252,-43.68520355,3916.850309,4018.908039,102.057730,False,False,False,False,DERIVED_CONDITIONAL_GEOMETRY_NOT_EVENT_LOCATION
6303,69.44675376,-43.68691462,3918.425585,4019.237694,100.812110,False,False,False,False,DERIVED_CONDITIONAL_GEOMETRY_NOT_EVENT_LOCATION
6304,69.42711501,-43.68862568,3920.000774,4019.568235,99.567460,False,False,False,False,DERIVED_CONDITIONAL_GEOMETRY_NOT_EVENT_LOCATION
6305,69.40747625,-43.69033675,3921.575877,4019.899659,98.323782,False,False,False,False,DERIVED_CONDITIONAL_GEOMETRY_NOT_EVENT_LOCATION
6306,69.38783750,-43.69204781,3923.150894,4020.231968,97.081074,False,False,False,False,DERIVED_CONDITIONAL_GEOMETRY_NOT_EVENT_LOCATION
6307,69.36819874,-43.69375888,3924.725824,4020.565160,95.839336,False,False,False,False,DERIVED_CONDITIONAL_GEOMETRY_NOT_EVENT_LOCATION
6308,69.34855999,-43.69546994,3926.300667,4020.899236,94.598568,False,False,False,False,DERIVED_CONDITIONAL_GEOMETRY_NOT_EVENT_LOCATION
6309,69.32892123,-43.69718101,3927.875424,4021.234194,93.358770,False,False,False,False,DERIVED_CONDITIONAL_GEOMETRY_NOT_EVENT_LOCATION
6310,69.30928248,-43.69889207,3929.450094,4021.570036,92.119942,False,False,False,False,DERIVED_CONDITIONAL_GEOMETRY_NOT_EVENT_LOCATION
6311,69.28964372,-43.70060314,3931.024677,4021.906760,90.882083,False,False,False,False,DERIVED_CONDITIONAL_GEOMETRY_NOT_EVENT_LOCATION
6312,69.27000497,-43.70231420,3932.599174,4022.244367,89.645193,False,False,False,False,DERIVED_CONDITIONAL_GEOMETRY_NOT_EVENT_LOCATION
6313,69.25036621,-43.70402527,3934.173584,4022.582855,88.409271,False,False,False,False,DERIVED_CONDITIONAL_GEOMETRY_NOT_EVENT_LOCATION
6314,69.23072746,-43.70573633,3935.747907,4022.922225,87.174319,False,False,False,False,DERIVED_CONDITIONAL_GEOMETRY_NOT_EVENT_LOCATION
6315,69.21108870,-43.70744740,3937.322143,4023.262477,85.940334,False,False,False,False,DERIVED_CONDITIONAL_GEOMETRY_NOT_EVENT_LOCATION
6316,69.19144995,-43.70915846,3938.896292,4023.603610,84.707318,False,False,False,False,DERIVED_CONDITIONAL_GEOMETRY_NOT_EVENT_LOCATION
6317,69.17181119,-43.71086953,3940.470354,4023.945623,83.475270,False,False,False,False,DERIVED_CONDITIONAL_GEOMETRY_NOT_EVENT_LOCATION
6318,69.15217244,-43.71258059,3942.044329,4024.288518,82.244189,False,False,False,False,DERIVED_CONDITIONAL_GEOMETRY_NOT_EVENT_LOCATION
6319,69.13253368,-43.71429166,3943.618216,4024.632292,81.014075,False,False,False,False,DERIVED_CONDITIONAL_GEOMETRY_NOT_EVENT_LOCATION
6320,69.11289493,-43.71600272,3945.192017,4024.976946,79.784929,False,False,False,False,DERIVED_CONDITIONAL_GEOMETRY_NOT_EVENT_LOCATION
6321,69.09325617,-43.71771379,3946.765731,4025.322480,78.556750,False,False,False,False,DERIVED_CONDITIONAL_GEOMETRY_NOT_EVENT_LOCATION
6322,69.07361741,-43.71942485,3948.339357,4025.668894,77.329537,False,False,False,False,DERIVED_CONDITIONAL_GEOMETRY_NOT_EVENT_LOCATION
6323,69.05397866,-43.72113592,3949.912896,4026.016186,76.103291,False,False,False,False,DERIVED_CONDITIONAL_GEOMETRY_NOT_EVENT_LOCATION
6324,69.03433990,-43.72284698,3951.486347,4026.364358,74.878011,False,False,False,False,DERIVED_CONDITIONAL_GEOMETRY_NOT_EVENT_LOCATION
6325,69.01470115,-43.72455805,3953.059711,4026.713408,73.653697,False,False,False,False,DERIVED_CONDITIONAL_GEOMETRY_NOT_EVENT_LOCATION
6326,68.99506239,-43.72626912,3954.632988,4027.063336,72.430348,False,False,False,False,DERIVED_CONDITIONAL_GEOMETRY_NOT_EVENT_LOCATION
6327,68.97542364,-43.72798018,3956.206177,4027.414142,71.207965,False,False,False,False,DERIVED_CONDITIONAL_GEOMETRY_NOT_EVENT_LOCATION
6328,68.95578488,-43.72969125,3957.779278,4027.765825,69.986547,False,False,False,False,DERIVED_CONDITIONAL_GEOMETRY_NOT_EVENT_LOCATION
6329,68.93614613,-43.73140231,3959.352292,4028.118386,68.766094,False,False,False,False,DERIVED_CONDITIONAL_GEOMETRY_NOT_EVENT_LOCATION
6330,68.91650737,-43.73311338,3960.925218,4028.471824,67.546606,False,False,False,False,DERIVED_CONDITIONAL_GEOMETRY_NOT_EVENT_LOCATION
6331,68.89686862,-43.73482444,3962.498057,4028.826139,66.328082,False,False,False,False,DERIVED_CONDITIONAL_GEOMETRY_NOT_EVENT_LOCATION
6332,68.87722986,-43.73653551,3964.070808,4029.181330,65.110523,False,False,False,False,DERIVED_CONDITIONAL_GEOMETRY_NOT_EVENT_LOCATION
6333,68.85759111,-43.73824657,3965.643471,4029.537398,63.893927,False,False,False,False,DERIVED_CONDITIONAL_GEOMETRY_NOT_EVENT_LOCATION
6334,68.83795235,-43.73995764,3967.216046,4029.894341,62.678295,False,False,False,False,DERIVED_CONDITIONAL_GEOMETRY_NOT_EVENT_LOCATION
6335,68.81831360,-43.74166870,3968.788533,4030.252160,61.463627,False,False,False,False,DERIVED_CONDITIONAL_GEOMETRY_NOT_EVENT_LOCATION
6336,68.79860618,-43.74307112,3970.367308,4030.577328,60.210021,False,False,False,False,DERIVED_CONDITIONAL_GEOMETRY_NOT_EVENT_LOCATION
6337,68.77889876,-43.74447354,3971.946007,4030.903382,58.957375,False,False,False,False,DERIVED_CONDITIONAL_GEOMETRY_NOT_EVENT_LOCATION
6338,68.75919134,-43.74587597,3973.524631,4031.230321,57.705691,False,False,False,False,DERIVED_CONDITIONAL_GEOMETRY_NOT_EVENT_LOCATION
6339,68.73948392,-43.74727839,3975.103180,4031.558145,56.454966,False,False,False,False,DERIVED_CONDITIONAL_GEOMETRY_NOT_EVENT_LOCATION
6340,68.71977650,-43.74868081,3976.681653,4031.886854,55.205201,False,False,False,False,DERIVED_CONDITIONAL_GEOMETRY_NOT_EVENT_LOCATION
6341,68.70006908,-43.75008323,3978.260051,4032.216447,53.956396,False,False,False,False,DERIVED_CONDITIONAL_GEOMETRY_NOT_EVENT_LOCATION
6342,68.68036166,-43.75148565,3979.838373,4032.546924,52.708551,False,False,False,False,DERIVED_CONDITIONAL_GEOMETRY_NOT_EVENT_LOCATION
6343,68.66065424,-43.75288807,3981.416620,4032.878284,51.461665,False,False,False,False,DERIVED_CONDITIONAL_GEOMETRY_NOT_EVENT_LOCATION
6344,68.64094682,-43.75429049,3982.994791,4033.210528,50.215738,False,False,False,False,DERIVED_CONDITIONAL_GEOMETRY_NOT_EVENT_LOCATION
6345,68.62123940,-43.75569292,3984.572886,4033.543656,48.970770,False,False,False,False,DERIVED_CONDITIONAL_GEOMETRY_NOT_EVENT_LOCATION
6346,68.60153198,-43.75709534,3986.150906,4033.877666,47.726760,False,False,False,False,DERIVED_CONDITIONAL_GEOMETRY_NOT_EVENT_LOCATION
6347,68.58182456,-43.75849776,3987.728850,4034.212559,46.483709,False,False,False,False,DERIVED_CONDITIONAL_GEOMETRY_NOT_EVENT_LOCATION
6348,68.56211714,-43.75990018,3989.306718,4034.548335,45.241617,False,False,False,False,DERIVED_CONDITIONAL_GEOMETRY_NOT_EVENT_LOCATION
6349,68.54240972,-43.76130260,3990.884511,4034.884993,44.000482,False,False,False,False,DERIVED_CONDITIONAL_GEOMETRY_NOT_EVENT_LOCATION
6350,68.52270230,-43.76270502,3992.462227,4035.222532,42.760305,False,False,False,False,DERIVED_CONDITIONAL_GEOMETRY_NOT_EVENT_LOCATION
6351,68.50299488,-43.76410744,3994.039867,4035.560953,41.521086,False,False,False,False,DERIVED_CONDITIONAL_GEOMETRY_NOT_EVENT_LOCATION
6352,68.48328746,-43.76550987,3995.617432,4035.900256,40.282824,False,False,False,False,DERIVED_CONDITIONAL_GEOMETRY_NOT_EVENT_LOCATION
6353,68.46358004,-43.76691229,3997.194920,4036.240439,39.045519,False,False,False,False,DERIVED_CONDITIONAL_GEOMETRY_NOT_EVENT_LOCATION
6354,68.44387263,-43.76831471,3998.772332,4036.581503,37.809171,False,False,False,False,DERIVED_CONDITIONAL_GEOMETRY_NOT_EVENT_LOCATION
6355,68.42416521,-43.76971713,4000.349668,4036.923448,36.573780,False,False,False,False,DERIVED_CONDITIONAL_GEOMETRY_NOT_EVENT_LOCATION
6356,68.40445779,-43.77111955,4001.926928,4037.266273,35.339345,False,False,False,False,DERIVED_CONDITIONAL_GEOMETRY_NOT_EVENT_LOCATION
6357,68.38475037,-43.77252197,4003.504111,4037.609978,34.105867,False,False,False,False,DERIVED_CONDITIONAL_GEOMETRY_NOT_EVENT_LOCATION
6358,68.36504295,-43.77392439,4005.081218,4037.954562,32.873344,False,False,False,False,DERIVED_CONDITIONAL_GEOMETRY_NOT_EVENT_LOCATION
6359,68.34533553,-43.77532682,4006.658249,4038.300026,31.641777,False,False,False,False,DERIVED_CONDITIONAL_GEOMETRY_NOT_EVENT_LOCATION
6360,68.32562811,-43.77672924,4008.235203,4038.646369,30.411166,False,False,False,False,DERIVED_CONDITIONAL_GEOMETRY_NOT_EVENT_LOCATION
6361,68.30592069,-43.77813166,4009.812081,4038.993591,29.181510,False,False,False,False,DERIVED_CONDITIONAL_GEOMETRY_NOT_EVENT_LOCATION
6362,68.28621327,-43.77953408,4011.388882,4039.341691,27.952809,False,False,False,False,DERIVED_CONDITIONAL_GEOMETRY_NOT_EVENT_LOCATION
6363,68.26650585,-43.78093650,4012.965606,4039.690670,26.725063,False,False,False,False,DERIVED_CONDITIONAL_GEOMETRY_NOT_EVENT_LOCATION
6364,68.24679843,-43.78233892,4014.542254,4040.040526,25.498272,False,False,False,False,DERIVED_CONDITIONAL_GEOMETRY_NOT_EVENT_LOCATION
6365,68.22709101,-43.78374134,4016.118825,4040.391260,24.272435,False,False,False,False,DERIVED_CONDITIONAL_GEOMETRY_NOT_EVENT_LOCATION
6366,68.20738359,-43.78514377,4017.695320,4040.742872,23.047552,False,False,False,False,DERIVED_CONDITIONAL_GEOMETRY_NOT_EVENT_LOCATION
6367,68.18767617,-43.78654619,4019.271737,4041.095360,21.823623,False,False,False,False,DERIVED_CONDITIONAL_GEOMETRY_NOT_EVENT_LOCATION
6368,68.16796875,-43.78794861,4020.848078,4041.448726,20.600648,False,False,False,False,DERIVED_CONDITIONAL_GEOMETRY_NOT_EVENT_LOCATION
6369,68.14826133,-43.78935103,4022.424341,4041.802968,19.378626,False,False,False,False,DERIVED_CONDITIONAL_GEOMETRY_NOT_EVENT_LOCATION
6370,68.12855391,-43.79075345,4024.000528,4042.158086,18.157558,False,False,False,False,DERIVED_CONDITIONAL_GEOMETRY_NOT_EVENT_LOCATION
6371,68.10884649,-43.79215587,4025.576638,4042.514080,16.937443,False,False,False,False,DERIVED_CONDITIONAL_GEOMETRY_NOT_EVENT_LOCATION
6372,68.08913907,-43.79355829,4027.152670,4042.870950,15.718280,False,False,False,False,DERIVED_CONDITIONAL_GEOMETRY_NOT_EVENT_LOCATION
6373,68.06943165,-43.79496072,4028.728626,4043.228696,14.500070,False,False,False,False,DERIVED_CONDITIONAL_GEOMETRY_NOT_EVENT_LOCATION
6374,68.04972423,-43.79636314,4030.304504,4043.587316,13.282812,False,False,False,False,DERIVED_CONDITIONAL_GEOMETRY_NOT_EVENT_LOCATION
6375,68.03001681,-43.79776556,4031.880305,4043.946811,12.066506,False,False,False,False,DERIVED_CONDITIONAL_GEOMETRY_NOT_EVENT_LOCATION
6376,68.01030939,-43.79916798,4033.456029,4044.307181,10.851152,False,False,False,False,DERIVED_CONDITIONAL_GEOMETRY_NOT_EVENT_LOCATION
6377,67.99060197,-43.80057040,4035.031676,4044.668425,9.636749,False,False,False,False,DERIVED_CONDITIONAL_GEOMETRY_NOT_EVENT_LOCATION
6378,67.97089455,-43.80197282,4036.607245,4045.030543,8.423298,False,False,False,False,DERIVED_CONDITIONAL_GEOMETRY_NOT_EVENT_LOCATION
6379,67.95118713,-43.80337524,4038.182736,4045.393534,7.210798,False,False,False,False,DERIVED_CONDITIONAL_GEOMETRY_NOT_EVENT_LOCATION
6380,67.93142423,-43.80446694,4039.763763,4045.723744,5.959981,False,False,False,False,DERIVED_CONDITIONAL_GEOMETRY_NOT_EVENT_LOCATION
6381,67.91166132,-43.80555864,4041.344725,4046.054837,4.710112,False,False,False,False,DERIVED_CONDITIONAL_GEOMETRY_NOT_EVENT_LOCATION
6382,67.89189842,-43.80665034,4042.925624,4046.386813,3.461189,False,False,False,False,DERIVED_CONDITIONAL_GEOMETRY_NOT_EVENT_LOCATION
6383,67.87213551,-43.80774203,4044.506458,4046.719672,2.213214,False,False,False,False,DERIVED_CONDITIONAL_GEOMETRY_NOT_EVENT_LOCATION
6384,67.85237260,-43.80883373,4046.087227,4047.053413,0.966186,False,False,False,False,DERIVED_CONDITIONAL_GEOMETRY_NOT_EVENT_LOCATION
6385,67.83260970,-43.80992543,4047.667933,4047.388037,-0.279896,False,False,False,False,DERIVED_CONDITIONAL_GEOMETRY_NOT_EVENT_LOCATION
6386,67.81284679,-43.81101712,4049.248574,4047.723542,-1.525032,False,False,False,False,DERIVED_CONDITIONAL_GEOMETRY_NOT_EVENT_LOCATION
6387,67.79308388,-43.81210882,4050.829150,4048.059929,-2.769221,False,False,False,False,DERIVED_CONDITIONAL_GEOMETRY_NOT_EVENT_LOCATION
6388,67.77332098,-43.81320052,4052.409662,4048.397198,-4.012464,False,False,False,False,DERIVED_CONDITIONAL_GEOMETRY_NOT_EVENT_LOCATION
6389,67.75355807,-43.81429221,4053.990109,4048.735348,-5.254761,False,False,False,False,DERIVED_CONDITIONAL_GEOMETRY_NOT_EVENT_LOCATION
6390,67.73379517,-43.81538391,4055.570492,4049.074379,-6.496113,False,False,False,False,DERIVED_CONDITIONAL_GEOMETRY_NOT_EVENT_LOCATION
6391,67.71403226,-43.81647561,4057.150810,4049.414290,-7.736519,False,False,False,False,DERIVED_CONDITIONAL_GEOMETRY_NOT_EVENT_LOCATION
6392,67.69426935,-43.81756731,4058.731063,4049.755082,-8.975980,False,False,False,False,DERIVED_CONDITIONAL_GEOMETRY_NOT_EVENT_LOCATION
6393,67.67450645,-43.81865900,4060.311251,4050.096754,-10.214497,False,False,False,False,DERIVED_CONDITIONAL_GEOMETRY_NOT_EVENT_LOCATION
6394,67.65474354,-43.81975070,4061.891374,4050.439306,-11.452068,False,False,False,False,DERIVED_CONDITIONAL_GEOMETRY_NOT_EVENT_LOCATION
6395,67.63498064,-43.82084240,4063.471432,4050.782737,-12.688695,False,False,False,False,DERIVED_CONDITIONAL_GEOMETRY_NOT_EVENT_LOCATION
6396,67.61521773,-43.82193409,4065.051426,4051.127048,-13.924377,False,False,False,False,DERIVED_CONDITIONAL_GEOMETRY_NOT_EVENT_LOCATION
6397,67.59545482,-43.82302579,4066.631354,4051.472238,-15.159116,False,False,False,False,DERIVED_CONDITIONAL_GEOMETRY_NOT_EVENT_LOCATION
6398,67.57569192,-43.82411749,4068.211217,4051.818307,-16.392910,False,False,False,False,DERIVED_CONDITIONAL_GEOMETRY_NOT_EVENT_LOCATION
6399,67.55592901,-43.82520918,4069.791015,4052.165254,-17.625761,False,False,False,False,DERIVED_CONDITIONAL_GEOMETRY_NOT_EVENT_LOCATION
6400,67.53616610,-43.82630088,4071.370748,4052.513079,-18.857669,False,False,False,False,DERIVED_CONDITIONAL_GEOMETRY_NOT_EVENT_LOCATION
6401,67.51640320,-43.82739258,4072.950415,4052.861783,-20.088633,False,False,False,False,DERIVED_CONDITIONAL_GEOMETRY_NOT_EVENT_LOCATION
6402,67.49664029,-43.82848428,4074.530017,4053.211364,-21.318654,False,False,False,False,DERIVED_CONDITIONAL_GEOMETRY_NOT_EVENT_LOCATION
6403,67.47687739,-43.82957597,4076.109554,4053.561822,-22.547732,False,False,False,False,DERIVED_CONDITIONAL_GEOMETRY_NOT_EVENT_LOCATION
6404,67.45711448,-43.83066767,4077.689025,4053.913158,-23.775867,False,False,False,False,DERIVED_CONDITIONAL_GEOMETRY_NOT_EVENT_LOCATION
6405,67.43735157,-43.83175937,4079.268431,4054.265371,-25.003061,False,False,False,False,DERIVED_CONDITIONAL_GEOMETRY_NOT_EVENT_LOCATION
6406,67.41758867,-43.83285106,4080.847771,4054.618460,-26.229312,False,False,False,False,DERIVED_CONDITIONAL_GEOMETRY_NOT_EVENT_LOCATION
6407,67.39782576,-43.83394276,4082.427046,4054.972425,-27.454621,False,False,False,False,DERIVED_CONDITIONAL_GEOMETRY_NOT_EVENT_LOCATION
6408,67.37806286,-43.83503446,4084.006255,4055.327267,-28.678988,False,False,False,False,DERIVED_CONDITIONAL_GEOMETRY_NOT_EVENT_LOCATION
6409,67.35829995,-43.83612615,4085.585398,4055.682984,-29.902414,False,False,False,False,DERIVED_CONDITIONAL_GEOMETRY_NOT_EVENT_LOCATION
6410,67.33853704,-43.83721785,4087.164475,4056.039577,-31.124898,False,False,False,False,DERIVED_CONDITIONAL_GEOMETRY_NOT_EVENT_LOCATION
6411,67.31877414,-43.83830955,4088.743487,4056.397045,-32.346441,False,False,False,False,DERIVED_CONDITIONAL_GEOMETRY_NOT_EVENT_LOCATION
6412,67.29901123,-43.83940125,4090.322432,4056.755389,-33.567044,False,False,False,False,DERIVED_CONDITIONAL_GEOMETRY_NOT_EVENT_LOCATION
6413,67.27924832,-43.84049294,4091.901312,4057.114606,-34.786706,False,False,False,False,DERIVED_CONDITIONAL_GEOMETRY_NOT_EVENT_LOCATION
6414,67.25948542,-43.84158464,4093.480125,4057.474699,-36.005427,False,False,False,False,DERIVED_CONDITIONAL_GEOMETRY_NOT_EVENT_LOCATION
6415,67.23972251,-43.84267634,4095.058873,4057.835665,-37.223208,False,False,False,False,DERIVED_CONDITIONAL_GEOMETRY_NOT_EVENT_LOCATION
6416,67.21995961,-43.84376803,4096.637554,4058.197505,-38.440049,False,False,False,False,DERIVED_CONDITIONAL_GEOMETRY_NOT_EVENT_LOCATION
6417,67.20019670,-43.84485973,4098.216170,4058.560219,-39.655951,False,False,False,False,DERIVED_CONDITIONAL_GEOMETRY_NOT_EVENT_LOCATION
6418,67.18043379,-43.84595143,4099.794719,4058.923806,-40.870913,False,False,False,False,DERIVED_CONDITIONAL_GEOMETRY_NOT_EVENT_LOCATION
6419,67.16067089,-43.84704312,4101.373201,4059.288266,-42.084935,False,False,False,False,DERIVED_CONDITIONAL_GEOMETRY_NOT_EVENT_LOCATION
6420,67.14090798,-43.84813482,4102.951618,4059.653599,-43.298019,False,False,False,False,DERIVED_CONDITIONAL_GEOMETRY_NOT_EVENT_LOCATION
6421,67.12114508,-43.84922652,4104.529968,4060.019804,-44.510164,False,False,False,False,DERIVED_CONDITIONAL_GEOMETRY_NOT_EVENT_LOCATION
6422,67.10138217,-43.85031822,4106.108251,4060.386881,-45.721370,False,False,False,False,DERIVED_CONDITIONAL_GEOMETRY_NOT_EVENT_LOCATION
6423,67.08161926,-43.85140991,4107.686468,4060.754831,-46.931637,False,False,False,False,DERIVED_CONDITIONAL_GEOMETRY_NOT_EVENT_LOCATION
6424,67.06181509,-43.85219019,4109.269395,4061.089976,-48.179419,False,False,False,False,DERIVED_CONDITIONAL_GEOMETRY_NOT_EVENT_LOCATION
6425,67.04201091,-43.85297047,4110.852269,4061.426002,-49.426268,False,False,False,False,DERIVED_CONDITIONAL_GEOMETRY_NOT_EVENT_LOCATION
6426,67.02220674,-43.85375075,4112.435091,4061.762909,-50.672182,False,False,False,False,DERIVED_CONDITIONAL_GEOMETRY_NOT_EVENT_LOCATION
6427,67.00240257,-43.85453103,4114.017860,4062.100697,-51.917163,False,False,False,False,DERIVED_CONDITIONAL_GEOMETRY_NOT_EVENT_LOCATION
6428,66.98259839,-43.85531131,4115.600576,4062.439365,-53.161210,False,False,False,False,DERIVED_CONDITIONAL_GEOMETRY_NOT_EVENT_LOCATION
6429,66.96279422,-43.85609159,4117.183239,4062.778914,-54.404325,False,False,False,False,DERIVED_CONDITIONAL_GEOMETRY_NOT_EVENT_LOCATION
6430,66.94299004,-43.85687187,4118.765849,4063.119342,-55.646506,False,False,False,False,DERIVED_CONDITIONAL_GEOMETRY_NOT_EVENT_LOCATION
6431,66.92318587,-43.85765214,4120.348405,4063.460650,-56.887755,False,False,False,False,DERIVED_CONDITIONAL_GEOMETRY_NOT_EVENT_LOCATION
6432,66.90338169,-43.85843242,4121.930909,4063.802838,-58.128071,False,False,False,False,DERIVED_CONDITIONAL_GEOMETRY_NOT_EVENT_LOCATION
6433,66.88357752,-43.85921270,4123.513360,4064.145905,-59.367455,False,False,False,False,DERIVED_CONDITIONAL_GEOMETRY_NOT_EVENT_LOCATION
6434,66.86377335,-43.85999298,4125.095757,4064.489850,-60.605906,False,False,False,False,DERIVED_CONDITIONAL_GEOMETRY_NOT_EVENT_LOCATION
6435,66.84396917,-43.86077326,4126.678101,4064.834675,-61.843426,False,False,False,False,DERIVED_CONDITIONAL_GEOMETRY_NOT_EVENT_LOCATION
6436,66.82416500,-43.86155354,4128.260391,4065.180378,-63.080014,False,False,False,False,DERIVED_CONDITIONAL_GEOMETRY_NOT_EVENT_LOCATION
6437,66.80436082,-43.86233382,4129.842628,4065.526958,-64.315670,False,False,False,False,DERIVED_CONDITIONAL_GEOMETRY_NOT_EVENT_LOCATION
6438,66.78455665,-43.86311410,4131.424812,4065.874417,-65.550395,False,False,False,False,DERIVED_CONDITIONAL_GEOMETRY_NOT_EVENT_LOCATION
6439,66.76475247,-43.86389438,4133.006942,4066.222754,-66.784188,False,False,False,False,DERIVED_CONDITIONAL_GEOMETRY_NOT_EVENT_LOCATION
6440,66.74494830,-43.86467465,4134.589019,4066.571967,-68.017051,False,False,False,False,DERIVED_CONDITIONAL_GEOMETRY_NOT_EVENT_LOCATION
6441,66.72514413,-43.86545493,4136.171041,4066.922058,-69.248983,False,False,False,False,DERIVED_CONDITIONAL_GEOMETRY_NOT_EVENT_LOCATION
6442,66.70533995,-43.86623521,4137.753010,4067.273026,-70.479984,False,False,False,False,DERIVED_CONDITIONAL_GEOMETRY_NOT_EVENT_LOCATION
6443,66.68553578,-43.86701549,4139.334926,4067.624870,-71.710055,False,False,False,False,DERIVED_CONDITIONAL_GEOMETRY_NOT_EVENT_LOCATION
6444,66.66573160,-43.86779577,4140.916787,4067.977591,-72.939196,False,False,False,False,DERIVED_CONDITIONAL_GEOMETRY_NOT_EVENT_LOCATION
6445,66.64592743,-43.86857605,4142.498595,4068.331188,-74.167407,False,False,False,False,DERIVED_CONDITIONAL_GEOMETRY_NOT_EVENT_LOCATION
6446,66.62612325,-43.86935633,4144.080348,4068.685660,-75.394688,False,False,False,False,DERIVED_CONDITIONAL_GEOMETRY_NOT_EVENT_LOCATION
6447,66.60631908,-43.87013661,4145.662048,4069.041008,-76.621039,False,False,False,False,DERIVED_CONDITIONAL_GEOMETRY_NOT_EVENT_LOCATION
6448,66.58651491,-43.87091689,4147.243693,4069.397232,-77.846462,False,False,False,False,DERIVED_CONDITIONAL_GEOMETRY_NOT_EVENT_LOCATION
6449,66.56671073,-43.87169717,4148.825284,4069.754330,-79.070954,False,False,False,False,DERIVED_CONDITIONAL_GEOMETRY_NOT_EVENT_LOCATION
6450,66.54690656,-43.87247744,4150.406821,4070.112303,-80.294518,False,False,False,False,DERIVED_CONDITIONAL_GEOMETRY_NOT_EVENT_LOCATION
6451,66.52710238,-43.87325772,4151.988304,4070.471150,-81.517154,False,False,False,False,DERIVED_CONDITIONAL_GEOMETRY_NOT_EVENT_LOCATION
6452,66.50729821,-43.87403800,4153.569733,4070.830872,-82.738860,False,False,False,False,DERIVED_CONDITIONAL_GEOMETRY_NOT_EVENT_LOCATION
6453,66.48749404,-43.87481828,4155.151107,4071.191468,-83.959639,False,False,False,False,DERIVED_CONDITIONAL_GEOMETRY_NOT_EVENT_LOCATION
6454,66.46768986,-43.87559856,4156.732426,4071.552937,-85.179489,False,False,False,False,DERIVED_CONDITIONAL_GEOMETRY_NOT_EVENT_LOCATION
6455,66.44788569,-43.87637884,4158.313691,4071.915280,-86.398412,False,False,False,False,DERIVED_CONDITIONAL_GEOMETRY_NOT_EVENT_LOCATION
6456,66.42808151,-43.87715912,4159.894902,4072.278496,-87.616406,False,False,False,False,DERIVED_CONDITIONAL_GEOMETRY_NOT_EVENT_LOCATION
6457,66.40827734,-43.87793940,4161.476058,4072.642584,-88.833473,False,False,False,False,DERIVED_CONDITIONAL_GEOMETRY_NOT_EVENT_LOCATION
6458,66.38847316,-43.87871968,4163.057159,4073.007546,-90.049613,False,False,False,False,DERIVED_CONDITIONAL_GEOMETRY_NOT_EVENT_LOCATION
6459,66.36866899,-43.87949996,4164.638205,4073.373379,-91.264826,False,False,False,False,DERIVED_CONDITIONAL_GEOMETRY_NOT_EVENT_LOCATION
6460,66.34886482,-43.88028023,4166.219197,4073.740085,-92.479112,False,False,False,False,DERIVED_CONDITIONAL_GEOMETRY_NOT_EVENT_LOCATION
6461,66.32906064,-43.88106051,4167.800134,4074.107663,-93.692471,False,False,False,False,DERIVED_CONDITIONAL_GEOMETRY_NOT_EVENT_LOCATION
6462,66.30925647,-43.88184079,4169.381016,4074.476112,-94.904904,False,False,False,False,DERIVED_CONDITIONAL_GEOMETRY_NOT_EVENT_LOCATION
6463,66.28945229,-43.88262107,4170.961843,4074.845432,-96.116411,False,False,False,False,DERIVED_CONDITIONAL_GEOMETRY_NOT_EVENT_LOCATION
6464,66.26964812,-43.88340135,4172.542614,4075.215623,-97.326991,False,False,False,False,DERIVED_CONDITIONAL_GEOMETRY_NOT_EVENT_LOCATION
6465,66.24984394,-43.88418163,4174.123331,4075.586685,-98.536646,False,False,False,False,DERIVED_CONDITIONAL_GEOMETRY_NOT_EVENT_LOCATION
6466,66.23003977,-43.88496191,4175.703993,4075.958617,-99.745376,False,False,False,False,DERIVED_CONDITIONAL_GEOMETRY_NOT_EVENT_LOCATION
6467,66.21023560,-43.88574219,4177.284599,4076.331420,-100.953179,False,False,False,False,DERIVED_CONDITIONAL_GEOMETRY_NOT_EVENT_LOCATION
6468,66.19040298,-43.88621105,4178.869211,4076.671457,-102.197754,False,False,False,False,DERIVED_CONDITIONAL_GEOMETRY_NOT_EVENT_LOCATION
6469,66.17057037,-43.88667991,4180.453782,4077.012373,-103.441409,False,False,False,False,DERIVED_CONDITIONAL_GEOMETRY_NOT_EVENT_LOCATION
6470,66.15073776,-43.88714877,4182.038311,4077.354168,-104.684143,False,False,False,False,DERIVED_CONDITIONAL_GEOMETRY_NOT_EVENT_LOCATION
6471,66.13090515,-43.88761763,4183.622800,4077.696843,-105.925957,False,False,False,False,DERIVED_CONDITIONAL_GEOMETRY_NOT_EVENT_LOCATION
6472,66.11107254,-43.88808649,4185.207247,4078.040395,-107.166852,False,False,False,False,DERIVED_CONDITIONAL_GEOMETRY_NOT_EVENT_LOCATION
6473,66.09123993,-43.88855535,4186.791654,4078.384826,-108.406827,False,False,False,False,DERIVED_CONDITIONAL_GEOMETRY_NOT_EVENT_LOCATION
6474,66.07140732,-43.88902421,4188.376018,4078.730135,-109.645883,False,False,False,False,DERIVED_CONDITIONAL_GEOMETRY_NOT_EVENT_LOCATION
6475,66.05157471,-43.88949308,4189.960342,4079.076322,-110.884020,False,False,False,False,DERIVED_CONDITIONAL_GEOMETRY_NOT_EVENT_LOCATION
6476,66.03174210,-43.88996194,4191.544624,4079.423386,-112.121238,False,False,False,False,DERIVED_CONDITIONAL_GEOMETRY_NOT_EVENT_LOCATION
6477,66.01190948,-43.89043080,4193.128865,4079.771328,-113.357536,False,False,False,False,DERIVED_CONDITIONAL_GEOMETRY_NOT_EVENT_LOCATION
6478,65.99207687,-43.89089966,4194.713064,4080.120147,-114.592917,False,False,False,False,DERIVED_CONDITIONAL_GEOMETRY_NOT_EVENT_LOCATION
6479,65.97224426,-43.89136852,4196.297221,4080.469843,-115.827378,False,False,False,False,DERIVED_CONDITIONAL_GEOMETRY_NOT_EVENT_LOCATION
6480,65.95241165,-43.89183738,4197.881337,4080.820415,-117.060922,False,False,False,False,DERIVED_CONDITIONAL_GEOMETRY_NOT_EVENT_LOCATION
6481,65.93257904,-43.89230624,4199.465411,4081.171863,-118.293547,False,False,False,False,DERIVED_CONDITIONAL_GEOMETRY_NOT_EVENT_LOCATION
6482,65.91274643,-43.89277510,4201.049443,4081.524188,-119.525255,False,False,False,False,DERIVED_CONDITIONAL_GEOMETRY_NOT_EVENT_LOCATION
6483,65.89291382,-43.89324396,4202.633433,4081.877388,-120.756045,False,False,False,False,DERIVED_CONDITIONAL_GEOMETRY_NOT_EVENT_LOCATION
6484,65.87308121,-43.89371282,4204.217381,4082.231464,-121.985917,False,False,False,False,DERIVED_CONDITIONAL_GEOMETRY_NOT_EVENT_LOCATION
6485,65.85324860,-43.89418169,4205.801288,4082.586415,-123.214873,False,False,False,False,DERIVED_CONDITIONAL_GEOMETRY_NOT_EVENT_LOCATION
6486,65.83341599,-43.89465055,4207.385152,4082.942241,-124.442911,False,False,False,False,DERIVED_CONDITIONAL_GEOMETRY_NOT_EVENT_LOCATION
6487,65.81358337,-43.89511941,4208.968974,4083.298942,-125.670032,False,False,False,False,DERIVED_CONDITIONAL_GEOMETRY_NOT_EVENT_LOCATION
6488,65.79375076,-43.89558827,4210.552754,4083.656518,-126.896236,False,False,False,False,DERIVED_CONDITIONAL_GEOMETRY_NOT_EVENT_LOCATION
6489,65.77391815,-43.89605713,4212.136491,4084.014968,-128.121524,False,False,False,False,DERIVED_CONDITIONAL_GEOMETRY_NOT_EVENT_LOCATION
6490,65.75408554,-43.89652599,4213.720187,4084.374292,-129.345895,False,False,False,False,DERIVED_CONDITIONAL_GEOMETRY_NOT_EVENT_LOCATION
6491,65.73425293,-43.89699485,4215.303840,4084.734489,-130.569350,False,False,False,False,DERIVED_CONDITIONAL_GEOMETRY_NOT_EVENT_LOCATION
6492,65.71442032,-43.89746371,4216.887450,4085.095560,-131.791890,False,False,False,False,DERIVED_CONDITIONAL_GEOMETRY_NOT_EVENT_LOCATION
6493,65.69458771,-43.89793257,4218.471018,4085.457505,-133.013513,False,False,False,False,DERIVED_CONDITIONAL_GEOMETRY_NOT_EVENT_LOCATION
6494,65.67475510,-43.89840143,4220.054543,4085.820322,-134.234221,False,False,False,False,DERIVED_CONDITIONAL_GEOMETRY_NOT_EVENT_LOCATION
6495,65.65492249,-43.89887029,4221.638026,4086.184013,-135.454013,False,False,False,False,DERIVED_CONDITIONAL_GEOMETRY_NOT_EVENT_LOCATION
6496,65.63508987,-43.89933916,4223.221466,4086.548575,-136.672891,False,False,False,False,DERIVED_CONDITIONAL_GEOMETRY_NOT_EVENT_LOCATION
6497,65.61525726,-43.89980802,4224.804863,4086.914010,-137.890853,False,False,False,False,DERIVED_CONDITIONAL_GEOMETRY_NOT_EVENT_LOCATION
6498,65.59542465,-43.90027688,4226.388218,4087.280317,-139.107900,False,False,False,False,DERIVED_CONDITIONAL_GEOMETRY_NOT_EVENT_LOCATION
6499,65.57559204,-43.90074574,4227.971529,4087.647496,-140.324033,False,False,False,False,DERIVED_CONDITIONAL_GEOMETRY_NOT_EVENT_LOCATION
6500,65.55575943,-43.90121460,4229.554798,4088.015546,-141.539252,False,False,False,False,DERIVED_CONDITIONAL_GEOMETRY_NOT_EVENT_LOCATION
6501,65.53592682,-43.90168346,4231.138023,4088.384467,-142.753556,False,False,False,False,DERIVED_CONDITIONAL_GEOMETRY_NOT_EVENT_LOCATION
6502,65.51609421,-43.90215232,4232.721205,4088.754260,-143.966946,False,False,False,False,DERIVED_CONDITIONAL_GEOMETRY_NOT_EVENT_LOCATION
6503,65.49626160,-43.90262118,4234.304345,4089.124923,-145.179422,False,False,False,False,DERIVED_CONDITIONAL_GEOMETRY_NOT_EVENT_LOCATION
6504,65.47642899,-43.90309004,4235.887441,4089.496456,-146.390985,False,False,False,False,DERIVED_CONDITIONAL_GEOMETRY_NOT_EVENT_LOCATION
6505,65.45659637,-43.90355890,4237.470494,4089.868859,-147.601634,False,False,False,False,DERIVED_CONDITIONAL_GEOMETRY_NOT_EVENT_LOCATION
6506,65.43676376,-43.90402777,4239.053503,4090.242133,-148.811370,False,False,False,False,DERIVED_CONDITIONAL_GEOMETRY_NOT_EVENT_LOCATION
6507,65.41693115,-43.90449663,4240.636469,4090.616276,-150.020193,False,False,False,False,DERIVED_CONDITIONAL_GEOMETRY_NOT_EVENT_LOCATION
6508,65.39709854,-43.90496549,4242.219392,4090.991288,-151.228103,False,False,False,False,DERIVED_CONDITIONAL_GEOMETRY_NOT_EVENT_LOCATION
6509,65.37726593,-43.90543435,4243.802271,4091.367170,-152.435101,False,False,False,False,DERIVED_CONDITIONAL_GEOMETRY_NOT_EVENT_LOCATION
6510,65.35743332,-43.90590321,4245.385106,4091.743920,-153.641186,False,False,False,False,DERIVED_CONDITIONAL_GEOMETRY_NOT_EVENT_LOCATION
6511,65.33760071,-43.90637207,4246.967898,4092.121539,-154.846359,False,False,False,False,DERIVED_CONDITIONAL_GEOMETRY_NOT_EVENT_LOCATION
6512,65.31775457,-43.90652813,4248.553844,4092.466216,-156.087628,False,False,False,False,DERIVED_CONDITIONAL_GEOMETRY_NOT_EVENT_LOCATION
6513,65.29790844,-43.90668418,4250.139761,4092.811771,-157.327990,False,False,False,False,DERIVED_CONDITIONAL_GEOMETRY_NOT_EVENT_LOCATION
6514,65.27806230,-43.90684024,4251.725648,4093.158202,-158.567446,False,False,False,False,DERIVED_CONDITIONAL_GEOMETRY_NOT_EVENT_LOCATION
6515,65.25821616,-43.90699629,4253.311507,4093.505511,-159.805996,False,False,False,False,DERIVED_CONDITIONAL_GEOMETRY_NOT_EVENT_LOCATION
6516,65.23837003,-43.90715235,4254.897336,4093.853696,-161.043640,False,False,False,False,DERIVED_CONDITIONAL_GEOMETRY_NOT_EVENT_LOCATION
6517,65.21852389,-43.90730841,4256.483137,4094.202758,-162.280379,False,False,False,False,DERIVED_CONDITIONAL_GEOMETRY_NOT_EVENT_LOCATION
6518,65.19867776,-43.90746446,4258.068907,4094.552696,-163.516212,False,False,False,False,DERIVED_CONDITIONAL_GEOMETRY_NOT_EVENT_LOCATION
6519,65.17883162,-43.90762052,4259.654649,4094.903509,-164.751140,False,False,False,False,DERIVED_CONDITIONAL_GEOMETRY_NOT_EVENT_LOCATION
6520,65.15898548,-43.90777657,4261.240361,4095.255199,-165.985162,False,False,False,False,DERIVED_CONDITIONAL_GEOMETRY_NOT_EVENT_LOCATION
6521,65.13913935,-43.90793263,4262.826044,4095.607764,-167.218280,False,False,False,False,DERIVED_CONDITIONAL_GEOMETRY_NOT_EVENT_LOCATION
6522,65.11929321,-43.90808868,4264.411697,4095.961204,-168.450493,False,False,False,False,DERIVED_CONDITIONAL_GEOMETRY_NOT_EVENT_LOCATION
6523,65.09944708,-43.90824474,4265.997320,4096.315519,-169.681801,False,False,False,False,DERIVED_CONDITIONAL_GEOMETRY_NOT_EVENT_LOCATION
6524,65.07960094,-43.90840080,4267.582914,4096.670708,-170.912205,False,False,False,False,DERIVED_CONDITIONAL_GEOMETRY_NOT_EVENT_LOCATION
6525,65.05975481,-43.90855685,4269.168478,4097.026773,-172.141705,False,False,False,False,DERIVED_CONDITIONAL_GEOMETRY_NOT_EVENT_LOCATION
6526,65.03990867,-43.90871291,4270.754012,4097.383711,-173.370301,False,False,False,False,DERIVED_CONDITIONAL_GEOMETRY_NOT_EVENT_LOCATION
6527,65.02006253,-43.90886896,4272.339516,4097.741524,-174.597992,False,False,False,False,DERIVED_CONDITIONAL_GEOMETRY_NOT_EVENT_LOCATION
6528,65.00021640,-43.90902502,4273.924990,4098.100210,-175.824780,False,False,False,False,DERIVED_CONDITIONAL_GEOMETRY_NOT_EVENT_LOCATION
6529,64.98037026,-43.90918107,4275.510434,4098.459770,-177.050664,False,False,False,False,DERIVED_CONDITIONAL_GEOMETRY_NOT_EVENT_LOCATION
6530,64.96052413,-43.90933713,4277.095848,4098.820203,-178.275645,False,False,False,False,DERIVED_CONDITIONAL_GEOMETRY_NOT_EVENT_LOCATION
6531,64.94067799,-43.90949319,4278.681232,4099.181509,-179.499723,False,False,False,False,DERIVED_CONDITIONAL_GEOMETRY_NOT_EVENT_LOCATION
6532,64.92083185,-43.90964924,4280.266585,4099.543687,-180.722898,False,False,False,False,DERIVED_CONDITIONAL_GEOMETRY_NOT_EVENT_LOCATION
6533,64.90098572,-43.90980530,4281.851908,4099.906739,-181.945170,False,False,False,False,DERIVED_CONDITIONAL_GEOMETRY_NOT_EVENT_LOCATION
6534,64.88113958,-43.90996135,4283.437201,4100.270662,-183.166539,False,False,False,False,DERIVED_CONDITIONAL_GEOMETRY_NOT_EVENT_LOCATION
6535,64.86129345,-43.91011741,4285.022463,4100.635458,-184.387005,False,False,False,False,DERIVED_CONDITIONAL_GEOMETRY_NOT_EVENT_LOCATION
6536,64.84144731,-43.91027347,4286.607695,4101.001125,-185.606570,False,False,False,False,DERIVED_CONDITIONAL_GEOMETRY_NOT_EVENT_LOCATION
6537,64.82160117,-43.91042952,4288.192896,4101.367664,-186.825232,False,False,False,False,DERIVED_CONDITIONAL_GEOMETRY_NOT_EVENT_LOCATION
6538,64.80175504,-43.91058558,4289.778067,4101.735075,-188.042992,False,False,False,False,DERIVED_CONDITIONAL_GEOMETRY_NOT_EVENT_LOCATION
6539,64.78190890,-43.91074163,4291.363207,4102.103356,-189.259851,False,False,False,False,DERIVED_CONDITIONAL_GEOMETRY_NOT_EVENT_LOCATION
6540,64.76206277,-43.91089769,4292.948316,4102.472508,-190.475808,False,False,False,False,DERIVED_CONDITIONAL_GEOMETRY_NOT_EVENT_LOCATION
6541,64.74221663,-43.91105374,4294.533394,4102.842531,-191.690863,False,False,False,False,DERIVED_CONDITIONAL_GEOMETRY_NOT_EVENT_LOCATION
6542,64.72237049,-43.91120980,4296.118441,4103.213424,-192.905017,False,False,False,False,DERIVED_CONDITIONAL_GEOMETRY_NOT_EVENT_LOCATION
6543,64.70252436,-43.91136586,4297.703458,4103.585187,-194.118271,False,False,False,False,DERIVED_CONDITIONAL_GEOMETRY_NOT_EVENT_LOCATION
6544,64.68267822,-43.91152191,4299.288443,4103.957820,-195.330623,False,False,False,False,DERIVED_CONDITIONAL_GEOMETRY_NOT_EVENT_LOCATION
6545,64.66283209,-43.91167797,4300.873397,4104.331322,-196.542075,False,False,False,False,DERIVED_CONDITIONAL_GEOMETRY_NOT_EVENT_LOCATION
6546,64.64298595,-43.91183402,4302.458320,4104.705694,-197.752626,False,False,False,False,DERIVED_CONDITIONAL_GEOMETRY_NOT_EVENT_LOCATION
6547,64.62313981,-43.91199008,4304.043211,4105.080934,-198.962277,False,False,False,False,DERIVED_CONDITIONAL_GEOMETRY_NOT_EVENT_LOCATION
6548,64.60329368,-43.91214613,4305.628071,4105.457044,-200.171028,False,False,False,False,DERIVED_CONDITIONAL_GEOMETRY_NOT_EVENT_LOCATION
6549,64.58344754,-43.91230219,4307.212900,4105.834022,-201.378878,False,False,False,False,DERIVED_CONDITIONAL_GEOMETRY_NOT_EVENT_LOCATION
6550,64.56360141,-43.91245825,4308.797698,4106.211868,-202.585830,False,False,False,False,DERIVED_CONDITIONAL_GEOMETRY_NOT_EVENT_LOCATION
6551,64.54375527,-43.91261430,4310.382464,4106.590582,-203.791881,False,False,False,False,DERIVED_CONDITIONAL_GEOMETRY_NOT_EVENT_LOCATION
6552,64.52390914,-43.91277036,4311.967198,4106.970165,-204.997033,False,False,False,False,DERIVED_CONDITIONAL_GEOMETRY_NOT_EVENT_LOCATION
6553,64.50406300,-43.91292641,4313.551901,4107.350614,-206.201286,False,False,False,False,DERIVED_CONDITIONAL_GEOMETRY_NOT_EVENT_LOCATION
6554,64.48421686,-43.91308247,4315.136571,4107.731931,-207.404640,False,False,False,False,DERIVED_CONDITIONAL_GEOMETRY_NOT_EVENT_LOCATION
6555,64.46437073,-43.91323853,4316.721211,4108.114115,-208.607096,False,False,False,False,DERIVED_CONDITIONAL_GEOMETRY_NOT_EVENT_LOCATION
