configuration,hypothesis,beta,held_event,event_time_utc,channel,observed_dbm,predicted_dbm,residual_db,predictive_sd_db,training_points,training_events
gaussian_ou_purge30_primary,full_gain_precompensation,0.0,0,2014-03-07T01:55:23.450,IOR-R1200-0-36E3,-59.095,-56.02282581429555,-3.072174185704448,2.172724941035713,63,15
gaussian_ou_purge30_primary,full_gain_precompensation,0.0,0,2014-03-07T01:55:23.450,IOR-R1200-0-36F6,-59.20333333333334,-55.936317081209545,-3.2670162521237955,2.1789717366619126,63,15
gaussian_ou_purge30_primary,full_gain_precompensation,0.0,0,2014-03-07T01:55:23.450,IOR-R1200-0-3700,-58.845,-55.69813730235614,-3.1468626976438614,2.248392823426864,63,15
gaussian_ou_purge30_primary,full_gain_precompensation,0.0,0,2014-03-07T01:55:23.450,IOR-R600-0-36E1,-56.11,-53.072623024905994,-3.0373769750940056,2.17474067856465,63,15
gaussian_ou_purge30_primary,full_gain_precompensation,0.0,0,2014-03-07T01:55:23.450,IOR-T1200-0-36FA,-59.20833333333334,-55.59410904957178,-3.6142242837615655,2.1747203628596323,63,15
gaussian_ou_purge30_primary,full_gain_precompensation,0.0,0,2014-03-07T01:55:23.450,IOR-T1200-0-3718,-58.946666666666665,-55.76544766633739,-3.1812190003292784,2.1746438508611394,63,15
gaussian_ou_purge30_primary,full_gain_precompensation,0.0,1,2014-03-07T03:20:09.424,IOR-R1200-0-36E3,-56.47333333333333,-55.870394071796326,-0.6029392615370028,2.442326046966677,56,13
gaussian_ou_purge30_primary,full_gain_precompensation,0.0,1,2014-03-07T03:20:09.424,IOR-R600-0-36E1,-53.93,-52.79531561357506,-1.1346843864249365,2.4431115118932296,56,13
gaussian_ou_purge30_primary,full_gain_precompensation,0.0,1,2014-03-07T03:20:09.424,IOR-T1200-0-36F2,-56.59666666666667,-55.535965069025394,-1.0607015976412768,2.442992867561233,56,13
gaussian_ou_purge30_primary,full_gain_precompensation,0.0,1,2014-03-07T03:20:09.424,IOR-T1200-0-36FA,-55.64000000000001,-55.7542299698491,0.11422996984909162,2.4459564262208726,56,13
gaussian_ou_purge30_primary,full_gain_precompensation,0.0,2,2014-03-07T03:29:06.417,IOR-R1200-0-36D3,-57.11,-56.259862094089755,-0.8501379059102447,2.44384686650602,56,13
gaussian_ou_purge30_primary,full_gain_precompensation,0.0,2,2014-03-07T03:29:06.417,IOR-R1200-0-36E3,-56.602500000000006,-55.36728632556835,-1.2352136744316553,2.442324125971576,56,13
gaussian_ou_purge30_primary,full_gain_precompensation,0.0,2,2014-03-07T03:29:06.417,IOR-T1200-0-36D8,-56.92000000000001,-55.931631103586966,-0.9883688964130428,2.4416557620406922,56,13
gaussian_ou_purge30_primary,full_gain_precompensation,0.0,2,2014-03-07T03:29:06.417,IOR-T1200-0-36E2,-56.50129032258064,-55.478243632352296,-1.023046690228341,2.4456410203188557,56,13
gaussian_ou_purge30_primary,full_gain_precompensation,0.0,2,2014-03-07T03:29:06.417,IOR-T1200-0-36FA,-56.74225806451613,-55.752435508085675,-0.9898225564304539,2.4459545121828694,56,13
gaussian_ou_purge30_primary,full_gain_precompensation,0.0,3,2014-03-07T03:35:53.439,IOR-R1200-0-36E3,-56.46666666666667,-55.760788342555365,-0.7058783241113034,2.5568804863573136,48,12
gaussian_ou_purge30_primary,full_gain_precompensation,0.0,3,2014-03-07T03:35:53.439,IOR-R600-0-36F8,-53.27,-51.8555286112105,-1.4144713887895008,2.5630494425973698,48,12
gaussian_ou_purge30_primary,full_gain_precompensation,0.0,3,2014-03-07T03:35:53.439,IOR-T1200-0-36D8,-56.605,-55.8550601596016,-0.7499398403983975,2.556019876972341,48,12
gaussian_ou_purge30_primary,full_gain_precompensation,0.0,3,2014-03-07T03:35:53.439,IOR-T1200-0-36FA,-56.345000000000006,-55.728369387569366,-0.6166306124306402,2.559694120692607,48,12
gaussian_ou_purge30_primary,full_gain_precompensation,0.0,4,2014-03-07T03:59:06.915,IOR-R1200-0-36D3,-56.16,-56.332218451583365,0.1722184515833689,2.469662131317858,53,13
gaussian_ou_purge30_primary,full_gain_precompensation,0.0,4,2014-03-07T03:59:06.915,IOR-R1200-0-36E3,-56.23555555555556,-55.95218900793834,-0.28336654761722,2.46692442236426,53,13
gaussian_ou_purge30_primary,full_gain_precompensation,0.0,4,2014-03-07T03:59:06.915,IOR-R1200-0-36ED,-55.61545454545455,-55.63820042185113,0.022745876396584208,2.4698267826524556,53,13
gaussian_ou_purge30_primary,full_gain_precompensation,0.0,4,2014-03-07T03:59:06.915,IOR-R600-0-36E1,-52.8,-53.03411946875749,0.23411946875749123,2.4685313573952237,53,13
gaussian_ou_purge30_primary,full_gain_precompensation,0.0,4,2014-03-07T03:59:06.915,IOR-T1200-0-36D7,-56.3767741935484,-56.02050534281675,-0.35626885073165226,2.4668173485423663,53,13
gaussian_ou_purge30_primary,full_gain_precompensation,0.0,4,2014-03-07T03:59:06.915,IOR-T1200-0-36D8,-56.27935483870967,-55.96794466435336,-0.31141017435631113,2.4669598118524814,53,13
gaussian_ou_purge30_primary,full_gain_precompensation,0.0,4,2014-03-07T03:59:06.915,IOR-T1200-0-36F2,-55.51833333333334,-55.782736753417836,0.26440342008449846,2.4684179450318333,53,13
gaussian_ou_purge30_primary,full_gain_precompensation,0.0,4,2014-03-07T03:59:06.915,IOR-T1200-0-3718,-55.49666666666667,-55.71364455072507,0.21697788405840157,2.4697745559028714,53,13
gaussian_ou_purge30_primary,full_gain_precompensation,0.0,5,2014-03-07T04:29:15.419,IOR-R1200-0-36E8,-55.41,-56.462992956754654,1.0529929567546574,2.3897731255042216,56,13
gaussian_ou_purge30_primary,full_gain_precompensation,0.0,5,2014-03-07T04:29:15.419,IOR-T1200-0-36D8,-55.12354838709677,-56.13324815772017,1.0096997706233992,2.3828722000244285,56,13
gaussian_ou_purge30_primary,full_gain_precompensation,0.0,5,2014-03-07T04:29:15.419,IOR-T1200-0-36E2,-54.48193548387096,-55.82450304634249,1.3425675624715296,2.3883515086699054,56,13
gaussian_ou_purge30_primary,full_gain_precompensation,0.0,5,2014-03-07T04:29:15.419,IOR-T1200-0-3718,-54.95516129032258,-55.88787341273301,0.9327121224104289,2.3861980087126824,56,13
gaussian_ou_purge30_primary,full_gain_precompensation,0.0,6,2014-03-07T04:55:47.914,IOR-R1200-0-36E8,-53.43,-56.54735878043398,3.1173587804339817,2.3190442606788224,60,13
gaussian_ou_purge30_primary,full_gain_precompensation,0.0,7,2014-03-07T05:10:15.421,IOR-R1200-0-36E8,-54.39833333333333,-56.53388447539486,2.13555114206153,2.2403062745746274,59,13
gaussian_ou_purge30_primary,full_gain_precompensation,0.0,7,2014-03-07T05:10:15.421,IOR-R600-0-36F7,-50.825,-53.22592173733826,2.4009217373382583,2.247987342444646,59,13
gaussian_ou_purge30_primary,full_gain_precompensation,0.0,7,2014-03-07T05:10:15.421,IOR-T1200-0-36D7,-54.31333333333333,-56.2946569087403,1.981323575406968,2.2342608428369903,59,13
gaussian_ou_purge30_primary,full_gain_precompensation,0.0,7,2014-03-07T05:10:15.421,IOR-T1200-0-36F2,-53.79666666666666,-56.026879066096896,2.2302123994302363,2.236908684997503,59,13
gaussian_ou_purge30_primary,full_gain_precompensation,0.0,8,2014-03-07T05:29:16.912,IOR-R1200-0-36E3,-53.78625,-55.878378909351035,2.0921289093510325,2.314237843483915,60,14
gaussian_ou_purge30_primary,full_gain_precompensation,0.0,8,2014-03-07T05:29:16.912,IOR-T1200-0-36D7,-53.91967741935485,-55.9707804697077,2.0511030503528502,2.3153521007707574,60,14
gaussian_ou_purge30_primary,full_gain_precompensation,0.0,8,2014-03-07T05:29:16.912,IOR-T1200-0-36D8,-53.91516129032258,-55.906289984893036,1.991128694570456,2.3138561374306676,60,14
gaussian_ou_purge30_primary,full_gain_precompensation,0.0,8,2014-03-07T05:29:16.912,IOR-T1200-0-36E2,-53.68806451612903,-55.34659673121847,1.658532215089437,2.3203581605320975,60,14
gaussian_ou_purge30_primary,full_gain_precompensation,0.0,8,2014-03-07T05:29:16.912,IOR-T1200-0-36F2,-53.57193548387096,-55.69079933640641,2.1188638525354477,2.317728265977805,60,14
gaussian_ou_purge30_primary,full_gain_precompensation,0.0,9,2014-03-07T06:09:33.454,IOR-R1200-0-36ED,-54.48,-55.16029530693078,0.6802953069307804,2.3402383870365444,64,15
gaussian_ou_purge30_primary,full_gain_precompensation,0.0,9,2014-03-07T06:09:33.454,IOR-R1200-0-36F6,-54.73299999999999,-55.441323466532474,0.7083234665324838,2.342925705568016,64,15
gaussian_ou_purge30_primary,full_gain_precompensation,0.0,9,2014-03-07T06:09:33.454,IOR-R600-0-36E1,-51.815,-52.51478494230362,0.6997849423036229,2.3389077041626933,64,15
gaussian_ou_purge30_primary,full_gain_precompensation,0.0,9,2014-03-07T06:09:33.454,IOR-T1200-0-36D8,-54.92000000000001,-55.51114544876136,0.5911454487613526,2.3366147430753363,64,15
gaussian_ou_purge30_primary,full_gain_precompensation,0.0,9,2014-03-07T06:09:33.454,IOR-T1200-0-36FA,-54.60166666666667,-55.11133456168305,0.5096678950163849,2.338891698030906,64,15
gaussian_ou_purge30_primary,full_gain_precompensation,0.0,10,2014-03-07T06:48:19.429,IOR-R1200-0-36ED,-54.26333333333334,-54.98850499579911,0.7251716624657689,2.3404998769716676,64,15
gaussian_ou_purge30_primary,full_gain_precompensation,0.0,10,2014-03-07T06:48:19.429,IOR-R1200-0-36F6,-54.626666666666665,-55.203410974748564,0.5767443080818992,2.3432523877245255,64,15
gaussian_ou_purge30_primary,full_gain_precompensation,0.0,10,2014-03-07T06:48:19.429,IOR-R600-0-36E1,-51.53,-52.35538393122619,0.8253839312261917,2.3392755587856553,64,15
gaussian_ou_purge30_primary,full_gain_precompensation,0.0,10,2014-03-07T06:48:19.429,IOR-T1200-0-36D7,-54.67166666666666,-55.429266901320865,0.7576002346542055,2.3376934142669104,64,15
gaussian_ou_purge30_primary,full_gain_precompensation,0.0,10,2014-03-07T06:48:19.429,IOR-T1200-0-3718,-54.473333333333336,-55.0001487475231,0.5268154141897625,2.3390948445611026,64,15
gaussian_ou_purge30_primary,full_gain_precompensation,0.0,11,2014-03-07T07:58:13.411,IOR-R1200-0-36E3,-58.35111111111112,-54.868619140994184,-3.4824919701169392,1.234963028810537,63,14
gaussian_ou_purge30_primary,full_gain_precompensation,0.0,11,2014-03-07T07:58:13.411,IOR-R1200-0-36E8,-58.9,-54.992768520991916,-3.9072314790080824,1.2464107290961155,63,14
gaussian_ou_purge30_primary,full_gain_precompensation,0.0,11,2014-03-07T07:58:13.411,IOR-R1200-0-36F5,-58.20571428571429,-54.53545031640191,-3.67026396931238,1.350189411429939,63,14
gaussian_ou_purge30_primary,full_gain_precompensation,0.0,11,2014-03-07T07:58:13.411,IOR-R600-0-36F7,-55.235,-51.78991605971739,-3.4450839402826077,1.260563825310323,63,14
gaussian_ou_purge30_primary,full_gain_precompensation,0.0,11,2014-03-07T07:58:13.411,IOR-T1200-0-36F2,-58.26499999999999,-54.59911061009776,-3.665889389902233,1.2386044360247104,63,14
gaussian_ou_purge30_primary,full_gain_precompensation,0.0,12,2014-03-07T08:01:53.411,IOR-R600-0-36F8,-47.325,-51.33473392097232,4.009733920972316,1.2671004374431747,63,14
gaussian_ou_purge30_primary,full_gain_precompensation,0.0,13,2014-03-07T15:59:55.413,IOR-R1200-0-36D3,-57.09333333333334,-55.01212708066853,-2.0812062526648134,2.4565761633198604,61,14
gaussian_ou_purge30_primary,full_gain_precompensation,0.0,13,2014-03-07T15:59:55.413,IOR-R600-0-36F8,-52.505,-51.76218285841401,-0.742817141585995,2.4599968979682347,61,14
gaussian_ou_purge30_primary,full_gain_precompensation,0.0,13,2014-03-07T15:59:55.413,IOR-T1200-0-36D7,-56.395,-55.04057916813875,-1.3544208318612547,2.454004673287859,61,14
gaussian_ou_purge30_primary,full_gain_precompensation,0.0,13,2014-03-07T15:59:55.413,IOR-T1200-0-36D8,-57.065,-54.97776543487272,-2.0872345651272752,2.453432286494705,61,14
gaussian_ou_purge30_primary,full_gain_precompensation,0.0,14,2014-03-07T16:06:34.906,IOR-R1200-0-36D3,-57.2625925925926,-55.012826616624714,-2.2497659759678825,2.4565761627837466,61,14
gaussian_ou_purge30_primary,full_gain_precompensation,0.0,14,2014-03-07T16:06:34.906,IOR-R1200-0-36E3,-56.79,-54.883092887108525,-1.9069071128914743,2.4534375646336377,61,14
gaussian_ou_purge30_primary,full_gain_precompensation,0.0,14,2014-03-07T16:06:34.906,IOR-T1200-0-36D7,-56.935,-55.04179344617225,-1.8932065538277527,2.4540046727482827,61,14
gaussian_ou_purge30_primary,full_gain_precompensation,0.0,14,2014-03-07T16:06:34.906,IOR-T1200-0-36D8,-56.114444444444445,-54.97870975370013,-1.1357346907443144,2.4534322859561803,61,14
gaussian_ou_purge30_primary,full_gain_precompensation,0.0,15,2014-03-07T17:06:49.406,IOR-R1200-0-36ED,-55.82875,-54.79347743699863,-1.0352725630013708,2.334140603750968,65,15
gaussian_ou_purge30_primary,full_gain_precompensation,0.0,15,2014-03-07T17:06:49.406,IOR-T1200-0-36D7,-56.08258064516129,-55.283835391428845,-0.7987452537324486,2.331308959605519,65,15
gaussian_ou_purge30_primary,full_gain_precompensation,0.0,15,2014-03-07T17:06:49.406,IOR-T1200-0-36D8,-56.14645161290324,-55.19081519217347,-0.9556364207297747,2.330634296208458,65,15
gaussian_ou_purge30_primary,full_gain_precompensation,0.0,15,2014-03-07T17:06:49.406,IOR-T1200-0-3718,-55.76854838709677,-54.893396243518595,-0.8751521435781768,2.332733487143879,65,15
gaussian_ou_purge30_primary,no_gain_precompensation,1.0,0,2014-03-07T01:55:23.450,IOR-R1200-0-36E3,-59.095,-59.03062717781844,-0.06437282218156071,2.2345389982672037,63,15
gaussian_ou_purge30_primary,no_gain_precompensation,1.0,0,2014-03-07T01:55:23.450,IOR-R1200-0-36F6,-59.20333333333334,-58.95476468754846,-0.24856864578487858,2.2393421526167763,63,15
gaussian_ou_purge30_primary,no_gain_precompensation,1.0,0,2014-03-07T01:55:23.450,IOR-R1200-0-3700,-58.845,-58.725581790188166,-0.11941820981183326,2.3115685952515723,63,15
gaussian_ou_purge30_primary,no_gain_precompensation,1.0,0,2014-03-07T01:55:23.450,IOR-R600-0-36E1,-56.11,-55.982037104056,-0.1279628959440018,2.2360687908289125,63,15
gaussian_ou_purge30_primary,no_gain_precompensation,1.0,0,2014-03-07T01:55:23.450,IOR-T1200-0-36FA,-59.20833333333334,-58.711018850712904,-0.497314482620439,2.2360501762225695,63,15
gaussian_ou_purge30_primary,no_gain_precompensation,1.0,0,2014-03-07T01:55:23.450,IOR-T1200-0-3718,-58.946666666666665,-58.80426519534133,-0.14240147132533565,2.2359926041611238,63,15
gaussian_ou_purge30_primary,no_gain_precompensation,1.0,1,2014-03-07T03:20:09.424,IOR-R1200-0-36E3,-56.47333333333333,-55.448212109536684,-1.0251212237966456,2.297227373903393,56,13
gaussian_ou_purge30_primary,no_gain_precompensation,1.0,1,2014-03-07T03:20:09.424,IOR-R600-0-36E1,-53.93,-52.86757176993912,-1.0624282300608812,2.297922281184165,56,13
gaussian_ou_purge30_primary,no_gain_precompensation,1.0,1,2014-03-07T03:20:09.424,IOR-T1200-0-36F2,-56.59666666666667,-54.94298993966552,-1.653676727001148,2.297816085618117,56,13
gaussian_ou_purge30_primary,no_gain_precompensation,1.0,1,2014-03-07T03:20:09.424,IOR-T1200-0-36FA,-55.64000000000001,-54.962771841602226,-0.6772281583977815,2.3004430583412794,56,13
gaussian_ou_purge30_primary,no_gain_precompensation,1.0,2,2014-03-07T03:29:06.417,IOR-R1200-0-36D3,-57.11,-57.834125631872574,0.7241256318725746,2.298565560952032,56,13
gaussian_ou_purge30_primary,no_gain_precompensation,1.0,2,2014-03-07T03:29:06.417,IOR-R1200-0-36E3,-56.602500000000006,-56.89094370927921,0.28844370927920693,2.29722556619654,56,13
gaussian_ou_purge30_primary,no_gain_precompensation,1.0,2,2014-03-07T03:29:06.417,IOR-T1200-0-36D8,-56.92000000000001,-57.46353115741081,0.5435311574108042,2.2966406289904513,56,13
gaussian_ou_purge30_primary,no_gain_precompensation,1.0,2,2014-03-07T03:29:06.417,IOR-T1200-0-36E2,-56.50129032258064,-57.023393620002096,0.5221032974214594,2.3001559581994915,56,13
gaussian_ou_purge30_primary,no_gain_precompensation,1.0,2,2014-03-07T03:29:06.417,IOR-T1200-0-36FA,-56.74225806451613,-57.31098339247596,0.5687253279598323,2.3004412566978925,56,13
gaussian_ou_purge30_primary,no_gain_precompensation,1.0,3,2014-03-07T03:35:53.439,IOR-R1200-0-36E3,-56.46666666666667,-55.058098737242226,-1.4085679294244429,2.3999150958117883,48,12
gaussian_ou_purge30_primary,no_gain_precompensation,1.0,3,2014-03-07T03:35:53.439,IOR-R600-0-36F8,-53.27,-51.15439118837605,-2.11560881162395,2.4064772599441646,48,12
gaussian_ou_purge30_primary,no_gain_precompensation,1.0,3,2014-03-07T03:35:53.439,IOR-T1200-0-36D8,-56.605,-55.153186211411,-1.451813788589,2.398998017024906,48,12
gaussian_ou_purge30_primary,no_gain_precompensation,1.0,3,2014-03-07T03:35:53.439,IOR-T1200-0-36FA,-56.345000000000006,-55.023279672949855,-1.3217203270501514,2.402912910108352,48,12
gaussian_ou_purge30_primary,no_gain_precompensation,1.0,4,2014-03-07T03:59:06.915,IOR-R1200-0-36D3,-56.16,-55.51121151441734,-0.6487884855826564,2.3212721268160137,53,13
gaussian_ou_purge30_primary,no_gain_precompensation,1.0,4,2014-03-07T03:59:06.915,IOR-R1200-0-36E3,-56.23555555555556,-55.318398629971,-0.9171569255845569,2.3189802775016015,53,13
gaussian_ou_purge30_primary,no_gain_precompensation,1.0,4,2014-03-07T03:59:06.915,IOR-R1200-0-36ED,-55.61545454545455,-54.77758312659605,-0.8378714188584979,2.3214213825215197,53,13
gaussian_ou_purge30_primary,no_gain_precompensation,1.0,4,2014-03-07T03:59:06.915,IOR-R600-0-36E1,-52.8,-52.04896599674344,-0.7510340032565566,2.320332107087404,53,13
gaussian_ou_purge30_primary,no_gain_precompensation,1.0,4,2014-03-07T03:59:06.915,IOR-T1200-0-36D7,-56.3767741935484,-55.38464903892085,-0.9921251546275514,2.318889196433246,53,13
gaussian_ou_purge30_primary,no_gain_precompensation,1.0,4,2014-03-07T03:59:06.915,IOR-T1200-0-36D8,-56.27935483870967,-55.333697585399904,-0.9456572533097685,2.3190133097947836,53,13
gaussian_ou_purge30_primary,no_gain_precompensation,1.0,4,2014-03-07T03:59:06.915,IOR-T1200-0-36F2,-55.51833333333334,-55.007696914702485,-0.5106364186308525,2.320234557594882,53,13
gaussian_ou_purge30_primary,no_gain_precompensation,1.0,4,2014-03-07T03:59:06.915,IOR-T1200-0-3718,-55.49666666666667,-54.85190322949358,-0.6447634371730899,2.3213779525678087,53,13
gaussian_ou_purge30_primary,no_gain_precompensation,1.0,5,2014-03-07T04:29:15.419,IOR-R1200-0-36E8,-55.41,-55.74518454043453,0.3351845404345326,2.2550823415645684,56,13
gaussian_ou_purge30_primary,no_gain_precompensation,1.0,5,2014-03-07T04:29:15.419,IOR-T1200-0-36D8,-55.12354838709677,-55.381215167117055,0.257666780020287,2.2489009830794515,56,13
gaussian_ou_purge30_primary,no_gain_precompensation,1.0,5,2014-03-07T04:29:15.419,IOR-T1200-0-36E2,-54.48193548387096,-55.082694966445395,0.600759482574432,2.2537386722814516,56,13
gaussian_ou_purge30_primary,no_gain_precompensation,1.0,5,2014-03-07T04:29:15.419,IOR-T1200-0-3718,-54.95516129032258,-55.102827341429325,0.14766605110674647,2.2518260716841945,56,13
gaussian_ou_purge30_primary,no_gain_precompensation,1.0,6,2014-03-07T04:55:47.914,IOR-R1200-0-36E8,-53.43,-56.81536443238242,3.385364432382417,2.164160561226919,60,13
gaussian_ou_purge30_primary,no_gain_precompensation,1.0,7,2014-03-07T05:10:15.421,IOR-R1200-0-36E8,-54.39833333333333,-56.74404741329688,2.3457140799635496,2.0369439399654654,59,13
gaussian_ou_purge30_primary,no_gain_precompensation,1.0,7,2014-03-07T05:10:15.421,IOR-R600-0-36F7,-50.825,-53.37030501969792,2.5453050196979206,2.0438672327868472,59,13
gaussian_ou_purge30_primary,no_gain_precompensation,1.0,7,2014-03-07T05:10:15.421,IOR-T1200-0-36D7,-54.31333333333333,-56.43688935225873,2.123556018925399,2.0318219804265096,59,13
gaussian_ou_purge30_primary,no_gain_precompensation,1.0,7,2014-03-07T05:10:15.421,IOR-T1200-0-36F2,-53.79666666666666,-56.28891976780803,2.4922531011413724,2.0340248374949863,59,13
gaussian_ou_purge30_primary,no_gain_precompensation,1.0,8,2014-03-07T05:29:16.912,IOR-R1200-0-36E3,-53.78625,-56.00687399904451,2.2206239990445056,2.1728527881963546,60,14
gaussian_ou_purge30_primary,no_gain_precompensation,1.0,8,2014-03-07T05:29:16.912,IOR-T1200-0-36D7,-53.91967741935485,-56.08892603136322,2.1692486120083743,2.1737394134387076,60,14
gaussian_ou_purge30_primary,no_gain_precompensation,1.0,8,2014-03-07T05:29:16.912,IOR-T1200-0-36D8,-53.91516129032258,-56.03847030630715,2.1233090159845673,2.1725566985216074,60,14
gaussian_ou_purge30_primary,no_gain_precompensation,1.0,8,2014-03-07T05:29:16.912,IOR-T1200-0-36E2,-53.68806451612903,-55.494523246530136,1.8064587304011042,2.1778054059405703,60,14
gaussian_ou_purge30_primary,no_gain_precompensation,1.0,8,2014-03-07T05:29:16.912,IOR-T1200-0-36F2,-53.57193548387096,-55.92775555019622,2.3558200663252578,2.1756480382868872,60,14
gaussian_ou_purge30_primary,no_gain_precompensation,1.0,9,2014-03-07T06:09:33.454,IOR-R1200-0-36ED,-54.48,-54.77333939765093,0.2933393976509322,2.2394194980062943,64,15
gaussian_ou_purge30_primary,no_gain_precompensation,1.0,9,2014-03-07T06:09:33.454,IOR-R1200-0-36F6,-54.73299999999999,-55.03021685595832,0.29721685595833236,2.241648903391128,64,15
gaussian_ou_purge30_primary,no_gain_precompensation,1.0,9,2014-03-07T06:09:33.454,IOR-R600-0-36E1,-51.815,-51.993336362186625,0.17833636218662718,2.238338330555728,64,15
gaussian_ou_purge30_primary,no_gain_precompensation,1.0,9,2014-03-07T06:09:33.454,IOR-T1200-0-36D8,-54.92000000000001,-55.10010775360902,0.18010775360900766,2.2364970639980446,64,15
gaussian_ou_purge30_primary,no_gain_precompensation,1.0,9,2014-03-07T06:09:33.454,IOR-T1200-0-36FA,-54.60166666666667,-54.79918404363351,0.19751737696684302,2.2383217379575795,64,15
gaussian_ou_purge30_primary,no_gain_precompensation,1.0,10,2014-03-07T06:48:19.429,IOR-R1200-0-36ED,-54.26333333333334,-54.28662289585987,0.023289562526528584,2.240638825702607,64,15
gaussian_ou_purge30_primary,no_gain_precompensation,1.0,10,2014-03-07T06:48:19.429,IOR-R1200-0-36F6,-54.626666666666665,-54.47500653942172,-0.15166012724494493,2.2429263160498487,64,15
gaussian_ou_purge30_primary,no_gain_precompensation,1.0,10,2014-03-07T06:48:19.429,IOR-R600-0-36E1,-51.53,-51.5148019397478,-0.01519806025220305,2.239646335701743,64,15
gaussian_ou_purge30_primary,no_gain_precompensation,1.0,10,2014-03-07T06:48:19.429,IOR-T1200-0-36D7,-54.67166666666666,-54.69151188279577,0.01984521612911294,2.238367781942177,64,15
gaussian_ou_purge30_primary,no_gain_precompensation,1.0,10,2014-03-07T06:48:19.429,IOR-T1200-0-3718,-54.473333333333336,-54.293707859041064,-0.1796254742922727,2.239494597823633,64,15
gaussian_ou_purge30_primary,no_gain_precompensation,1.0,11,2014-03-07T07:58:13.411,IOR-R1200-0-36E3,-58.35111111111112,-54.330776452093325,-4.020334659017799,1.4384552696320756,63,14
gaussian_ou_purge30_primary,no_gain_precompensation,1.0,11,2014-03-07T07:58:13.411,IOR-R1200-0-36E8,-58.9,-54.57990810472586,-4.320091895274139,1.4455360677098466,63,14
gaussian_ou_purge30_primary,no_gain_precompensation,1.0,11,2014-03-07T07:58:13.411,IOR-R1200-0-36F5,-58.20571428571429,-54.01748616158904,-4.188228124125253,1.5469678171221302,63,14
gaussian_ou_purge30_primary,no_gain_precompensation,1.0,11,2014-03-07T07:58:13.411,IOR-R600-0-36F7,-55.235,-51.22241615651908,-4.012583843480918,1.4560808497939137,63,14
gaussian_ou_purge30_primary,no_gain_precompensation,1.0,11,2014-03-07T07:58:13.411,IOR-T1200-0-36F2,-58.26499999999999,-54.15904231206385,-4.10595768793614,1.4407178534447582,63,14
gaussian_ou_purge30_primary,no_gain_precompensation,1.0,12,2014-03-07T08:01:53.411,IOR-R600-0-36F8,-47.325,-50.77288802779007,3.4478880277900643,1.447561470060471,63,14
gaussian_ou_purge30_primary,no_gain_precompensation,1.0,13,2014-03-07T15:59:55.413,IOR-R1200-0-36D3,-57.09333333333334,-55.220053801539834,-1.8732795317935071,2.3385552481498615,61,14
gaussian_ou_purge30_primary,no_gain_precompensation,1.0,13,2014-03-07T15:59:55.413,IOR-R600-0-36F8,-52.505,-51.853112101994874,-0.6518878980051284,2.3408770503711938,61,14
gaussian_ou_purge30_primary,no_gain_precompensation,1.0,13,2014-03-07T15:59:55.413,IOR-T1200-0-36D7,-56.395,-55.166407458161146,-1.2285925418388572,2.336982109548103,61,14
gaussian_ou_purge30_primary,no_gain_precompensation,1.0,13,2014-03-07T15:59:55.413,IOR-T1200-0-36D8,-57.065,-55.11278545617475,-1.9522145438252494,2.3366414299520586,61,14
gaussian_ou_purge30_primary,no_gain_precompensation,1.0,14,2014-03-07T16:06:34.906,IOR-R1200-0-36D3,-57.2625925925926,-55.22075333799065,-2.041839254601946,2.3385552476374656,61,14
gaussian_ou_purge30_primary,no_gain_precompensation,1.0,14,2014-03-07T16:06:34.906,IOR-R1200-0-36E3,-56.79,-55.009647037727404,-1.7803529622725947,2.33664290104176,61,14
gaussian_ou_purge30_primary,no_gain_precompensation,1.0,14,2014-03-07T16:06:34.906,IOR-T1200-0-36D7,-56.935,-55.16762173668928,-1.7673782633107251,2.3369821090336647,61,14
gaussian_ou_purge30_primary,no_gain_precompensation,1.0,14,2014-03-07T16:06:34.906,IOR-T1200-0-36D8,-56.114444444444445,-55.113729775496786,-1.0007146689476585,2.3366414294382505,61,14
gaussian_ou_purge30_primary,no_gain_precompensation,1.0,15,2014-03-07T17:06:49.406,IOR-R1200-0-36ED,-55.82875,-54.62244964777433,-1.206300352225668,2.2209867485715926,65,15
gaussian_ou_purge30_primary,no_gain_precompensation,1.0,15,2014-03-07T17:06:49.406,IOR-T1200-0-36D7,-56.08258064516129,-55.078486630599414,-1.004094014561879,2.2186889613306864,65,15
gaussian_ou_purge30_primary,no_gain_precompensation,1.0,15,2014-03-07T17:06:49.406,IOR-T1200-0-36D8,-56.14645161290324,-54.99250794415488,-1.1539436687483615,2.2181528764857585,65,15
gaussian_ou_purge30_primary,no_gain_precompensation,1.0,15,2014-03-07T17:06:49.406,IOR-T1200-0-3718,-55.76854838709677,-54.720211715814486,-1.0483366712822857,2.219838368201803,65,15
gaussian_independent_event_purge30,full_gain_precompensation,0.0,0,2014-03-07T01:55:23.450,IOR-R1200-0-36E3,-59.095,-56.048538419452846,-3.0464615805471524,1.9357092034663017,63,15
gaussian_independent_event_purge30,full_gain_precompensation,0.0,0,2014-03-07T01:55:23.450,IOR-R1200-0-36F6,-59.20333333333334,-55.96167368715528,-3.241659646178057,1.9428008417122904,63,15
gaussian_independent_event_purge30,full_gain_precompensation,0.0,0,2014-03-07T01:55:23.450,IOR-R1200-0-3700,-58.845,-55.72319914397853,-3.1218008560214656,2.0198105506464725,63,15
gaussian_independent_event_purge30,full_gain_precompensation,0.0,0,2014-03-07T01:55:23.450,IOR-R600-0-36E1,-56.11,-53.098595583027034,-3.0114044169729652,1.9380387336374567,63,15
gaussian_independent_event_purge30,full_gain_precompensation,0.0,0,2014-03-07T01:55:23.450,IOR-T1200-0-36FA,-59.20833333333334,-55.621515800329774,-3.5868175330035683,1.9379536371375279,63,15
gaussian_independent_event_purge30,full_gain_precompensation,0.0,0,2014-03-07T01:55:23.450,IOR-T1200-0-3718,-58.946666666666665,-55.79059178996711,-3.156074876699556,1.9379478848926202,63,15
gaussian_independent_event_purge30,full_gain_precompensation,0.0,1,2014-03-07T03:20:09.424,IOR-R1200-0-36E3,-56.47333333333333,-55.8792554771232,-0.5940778562101272,2.2066921216941218,56,13
gaussian_independent_event_purge30,full_gain_precompensation,0.0,1,2014-03-07T03:20:09.424,IOR-R600-0-36E1,-53.93,-52.80550087765377,-1.1244991223462293,2.2076060096099126,56,13
gaussian_independent_event_purge30,full_gain_precompensation,0.0,1,2014-03-07T03:20:09.424,IOR-T1200-0-36F2,-56.59666666666667,-55.54326898725418,-1.053397679412491,2.2074225260745686,56,13
gaussian_independent_event_purge30,full_gain_precompensation,0.0,1,2014-03-07T03:20:09.424,IOR-T1200-0-36FA,-55.64000000000001,-55.76447976896432,0.12447976896431356,2.210762420579678,56,13
gaussian_independent_event_purge30,full_gain_precompensation,0.0,2,2014-03-07T03:29:06.417,IOR-R1200-0-36D3,-57.11,-56.27108979076848,-0.8389102092315213,2.20834939246225,56,13
gaussian_independent_event_purge30,full_gain_precompensation,0.0,2,2014-03-07T03:29:06.417,IOR-R1200-0-36E3,-56.602500000000006,-55.37614567450602,-1.2263543254939862,2.2066921216941218,56,13
gaussian_independent_event_purge30,full_gain_precompensation,0.0,2,2014-03-07T03:29:06.417,IOR-T1200-0-36D8,-56.92000000000001,-55.94166655476207,-0.9783334452379364,2.205961683746983,56,13
gaussian_independent_event_purge30,full_gain_precompensation,0.0,2,2014-03-07T03:29:06.417,IOR-T1200-0-36E2,-56.50129032258064,-55.48634390284573,-1.0149464197349047,2.2103965951707396,56,13
gaussian_independent_event_purge30,full_gain_precompensation,0.0,2,2014-03-07T03:29:06.417,IOR-T1200-0-36FA,-56.74225806451613,-55.76268325081168,-0.9795748137044455,2.210762420579678,56,13
gaussian_independent_event_purge30,full_gain_precompensation,0.0,3,2014-03-07T03:35:53.439,IOR-R1200-0-36E3,-56.46666666666667,-55.771756835091615,-0.6949098315750533,2.307593937994771,48,12
gaussian_independent_event_purge30,full_gain_precompensation,0.0,3,2014-03-07T03:35:53.439,IOR-R600-0-36F8,-53.27,-51.87745734178995,-1.3925426582100542,2.3140694902888863,48,12
gaussian_independent_event_purge30,full_gain_precompensation,0.0,3,2014-03-07T03:35:53.439,IOR-T1200-0-36D8,-56.605,-55.8674130497655,-0.737586950234494,2.306653973828406,48,12
gaussian_independent_event_purge30,full_gain_precompensation,0.0,3,2014-03-07T03:35:53.439,IOR-T1200-0-36FA,-56.345000000000006,-55.740833161160516,-0.6041668388394896,2.310778972405972,48,12
gaussian_independent_event_purge30,full_gain_precompensation,0.0,4,2014-03-07T03:59:06.915,IOR-R1200-0-36D3,-56.16,-56.339577448544844,0.17957744854484758,2.238612684812123,53,13
gaussian_independent_event_purge30,full_gain_precompensation,0.0,4,2014-03-07T03:59:06.915,IOR-R1200-0-36E3,-56.23555555555556,-55.95625669463607,-0.2792988609194893,2.235630726551125,53,13
gaussian_independent_event_purge30,full_gain_precompensation,0.0,4,2014-03-07T03:59:06.915,IOR-R1200-0-36ED,-55.61545454545455,-55.643886833173035,0.028432287718487714,2.2389071784831156,53,13
gaussian_independent_event_purge30,full_gain_precompensation,0.0,4,2014-03-07T03:59:06.915,IOR-R600-0-36E1,-52.8,-53.04003768679917,0.2400376867991696,2.2374658112945007,53,13
gaussian_independent_event_purge30,full_gain_precompensation,0.0,4,2014-03-07T03:59:06.915,IOR-T1200-0-36D7,-56.3767741935484,-56.02569219427533,-0.35108199927307027,2.23552014026851,53,13
gaussian_independent_event_purge30,full_gain_precompensation,0.0,4,2014-03-07T03:59:06.915,IOR-T1200-0-36D8,-56.27935483870967,-55.97434429707295,-0.3050105416367188,2.2356750710962814,53,13
gaussian_independent_event_purge30,full_gain_precompensation,0.0,4,2014-03-07T03:59:06.915,IOR-T1200-0-36F2,-55.51833333333334,-55.78381096253178,0.2654776291984433,2.2372686869863205,53,13
gaussian_independent_event_purge30,full_gain_precompensation,0.0,4,2014-03-07T03:59:06.915,IOR-T1200-0-3718,-55.49666666666667,-55.71970861398657,0.22304194731989924,2.2388482774332665,53,13
gaussian_independent_event_purge30,full_gain_precompensation,0.0,5,2014-03-07T04:29:15.419,IOR-R1200-0-36E8,-55.41,-56.45357112365935,1.0435711236593548,2.12963995814287,56,13
gaussian_independent_event_purge30,full_gain_precompensation,0.0,5,2014-03-07T04:29:15.419,IOR-T1200-0-36D8,-55.12354838709677,-56.130815884890715,1.007267497793947,2.1219590269810316,56,13
gaussian_independent_event_purge30,full_gain_precompensation,0.0,5,2014-03-07T04:29:15.419,IOR-T1200-0-36E2,-54.48193548387096,-55.820603892868476,1.3386684089975134,2.1280963621138484,56,13
gaussian_independent_event_purge30,full_gain_precompensation,0.0,5,2014-03-07T04:29:15.419,IOR-T1200-0-3718,-54.95516129032258,-55.88529595877812,0.930134668455544,2.1257755308877555,56,13
gaussian_independent_event_purge30,full_gain_precompensation,0.0,6,2014-03-07T04:55:47.914,IOR-R1200-0-36E8,-53.43,-56.5264296250169,3.0964296250169028,2.0535332175167866,60,13
gaussian_independent_event_purge30,full_gain_precompensation,0.0,7,2014-03-07T05:10:15.421,IOR-R1200-0-36E8,-54.39833333333333,-56.51033848722686,2.112005153893527,1.966438821875753,59,13
gaussian_independent_event_purge30,full_gain_precompensation,0.0,7,2014-03-07T05:10:15.421,IOR-R600-0-36F7,-50.825,-53.20098331035417,2.375983310354165,1.9750790090782122,59,13
gaussian_independent_event_purge30,full_gain_precompensation,0.0,7,2014-03-07T05:10:15.421,IOR-T1200-0-36D7,-54.31333333333333,-56.27672685828155,1.9633935249482164,1.9596585930573645,59,13
gaussian_independent_event_purge30,full_gain_precompensation,0.0,7,2014-03-07T05:10:15.421,IOR-T1200-0-36F2,-53.79666666666666,-56.00550629432848,2.208839627661817,1.9625943245659745,59,13
gaussian_independent_event_purge30,full_gain_precompensation,0.0,8,2014-03-07T05:29:16.912,IOR-R1200-0-36E3,-53.78625,-55.87677181153432,2.090521811534316,2.069046379725707,60,14
gaussian_independent_event_purge30,full_gain_precompensation,0.0,8,2014-03-07T05:29:16.912,IOR-T1200-0-36D7,-53.91967741935485,-55.9705349775395,2.050857558184653,2.0703447597922358,60,14
gaussian_independent_event_purge30,full_gain_precompensation,0.0,8,2014-03-07T05:29:16.912,IOR-T1200-0-36D8,-53.91516129032258,-55.90568758775613,1.9905262974335471,2.068650910718979,60,14
gaussian_independent_event_purge30,full_gain_precompensation,0.0,8,2014-03-07T05:29:16.912,IOR-T1200-0-36E2,-53.68806451612903,-55.34403527171366,1.655970755584626,2.075923622161198,60,14
gaussian_independent_event_purge30,full_gain_precompensation,0.0,8,2014-03-07T05:29:16.912,IOR-T1200-0-36F2,-53.57193548387096,-55.68642669145354,2.1144912075825815,2.0729455860990527,60,14
gaussian_independent_event_purge30,full_gain_precompensation,0.0,9,2014-03-07T06:09:33.454,IOR-R1200-0-36ED,-54.48,-55.17010596243373,0.6901059624337336,2.1165563775792977,64,15
gaussian_independent_event_purge30,full_gain_precompensation,0.0,9,2014-03-07T06:09:33.454,IOR-R1200-0-36F6,-54.73299999999999,-55.45174392549139,0.7187439254914025,2.1195254024911723,64,15
gaussian_independent_event_purge30,full_gain_precompensation,0.0,9,2014-03-07T06:09:33.454,IOR-R600-0-36E1,-51.815,-52.5252509681634,0.7102509681634004,2.115070085495885,64,15
gaussian_independent_event_purge30,full_gain_precompensation,0.0,9,2014-03-07T06:09:33.454,IOR-T1200-0-36D8,-54.92000000000001,-55.52159347465977,0.601593474659758,2.112493630699653,64,15
gaussian_independent_event_purge30,full_gain_precompensation,0.0,9,2014-03-07T06:09:33.454,IOR-T1200-0-36FA,-54.60166666666667,-55.12280167138682,0.5211350047201506,2.1149933877899896,64,15
gaussian_independent_event_purge30,full_gain_precompensation,0.0,10,2014-03-07T06:48:19.429,IOR-R1200-0-36ED,-54.26333333333334,-54.99794658558967,0.7346132522563309,2.116238323519774,64,15
gaussian_independent_event_purge30,full_gain_precompensation,0.0,10,2014-03-07T06:48:19.429,IOR-R1200-0-36F6,-54.626666666666665,-55.213584638653764,0.5869179719870985,2.119279115007517,64,15
gaussian_independent_event_purge30,full_gain_precompensation,0.0,10,2014-03-07T06:48:19.429,IOR-R600-0-36E1,-51.53,-52.36540301372028,0.8354030137202813,2.1148727243719665,64,15
gaussian_independent_event_purge30,full_gain_precompensation,0.0,10,2014-03-07T06:48:19.429,IOR-T1200-0-36D7,-54.67166666666666,-55.43808310382481,0.7664164371581492,2.1131041706345166,64,15
gaussian_independent_event_purge30,full_gain_precompensation,0.0,10,2014-03-07T06:48:19.429,IOR-T1200-0-3718,-54.473333333333336,-55.00931750635736,0.5359841730240262,2.114687236766729,64,15
gaussian_independent_event_purge30,full_gain_precompensation,0.0,11,2014-03-07T07:58:13.411,IOR-R1200-0-36E3,-58.35111111111112,-55.19670536724382,-3.1544057438673008,1.5562754637569316,63,14
gaussian_independent_event_purge30,full_gain_precompensation,0.0,11,2014-03-07T07:58:13.411,IOR-R1200-0-36E8,-58.9,-55.38076421115414,-3.5192357888458616,1.5637692130913559,63,14
gaussian_independent_event_purge30,full_gain_precompensation,0.0,11,2014-03-07T07:58:13.411,IOR-R1200-0-36F5,-58.20571428571429,-54.86072255555947,-3.344991730154824,1.6516871244668814,63,14
gaussian_independent_event_purge30,full_gain_precompensation,0.0,11,2014-03-07T07:58:13.411,IOR-R600-0-36F7,-55.235,-52.07944042678724,-3.155559573212763,1.5758901547971316,63,14
gaussian_independent_event_purge30,full_gain_precompensation,0.0,11,2014-03-07T07:58:13.411,IOR-T1200-0-36F2,-58.26499999999999,-54.92729623405064,-3.3377037659493567,1.5588961265096737,63,14
gaussian_independent_event_purge30,full_gain_precompensation,0.0,12,2014-03-07T08:01:53.411,IOR-R600-0-36F8,-47.325,-51.65173765649578,4.32673765649578,1.5653272039238664,63,14
gaussian_independent_event_purge30,full_gain_precompensation,0.0,13,2014-03-07T15:59:55.413,IOR-R1200-0-36D3,-57.09333333333334,-55.01726694641768,-2.076066386915663,2.1885738686961953,61,14
gaussian_independent_event_purge30,full_gain_precompensation,0.0,13,2014-03-07T15:59:55.413,IOR-R600-0-36F8,-52.505,-51.77428394377723,-0.730716056222775,2.1921091390541565,61,14
gaussian_independent_event_purge30,full_gain_precompensation,0.0,13,2014-03-07T15:59:55.413,IOR-T1200-0-36D7,-56.395,-55.044736208607,-1.3502637913930045,2.18572015603524,61,14
gaussian_independent_event_purge30,full_gain_precompensation,0.0,13,2014-03-07T15:59:55.413,IOR-T1200-0-36D8,-57.065,-54.98294927816341,-2.0820507218365876,2.185051348951798,61,14
gaussian_independent_event_purge30,full_gain_precompensation,0.0,14,2014-03-07T16:06:34.906,IOR-R1200-0-36D3,-57.2625925925926,-55.01796647899592,-2.2446261135966736,2.1885738686961953,61,14
gaussian_independent_event_purge30,full_gain_precompensation,0.0,14,2014-03-07T16:06:34.906,IOR-R1200-0-36E3,-56.79,-54.88812895746932,-1.9018710425306793,2.18503606707855,61,14
gaussian_independent_event_purge30,full_gain_precompensation,0.0,14,2014-03-07T16:06:34.906,IOR-T1200-0-36D7,-56.935,-55.04595048326256,-1.889049516737444,2.18572015603524,61,14
gaussian_independent_event_purge30,full_gain_precompensation,0.0,14,2014-03-07T16:06:34.906,IOR-T1200-0-36D8,-56.114444444444445,-54.983893593612876,-1.1305508508315683,2.185051348951798,61,14
gaussian_independent_event_purge30,full_gain_precompensation,0.0,15,2014-03-07T17:06:49.406,IOR-R1200-0-36ED,-55.82875,-54.809062918191394,-1.0196870818086055,2.1103443243540725,65,15
gaussian_independent_event_purge30,full_gain_precompensation,0.0,15,2014-03-07T17:06:49.406,IOR-T1200-0-36D7,-56.08258064516129,-55.29909585959144,-0.7834847855698541,2.107179386288057,65,15
gaussian_independent_event_purge30,full_gain_precompensation,0.0,15,2014-03-07T17:06:49.406,IOR-T1200-0-36D8,-56.14645161290324,-55.20717018347182,-0.9392814294314249,2.106414153084545,65,15
gaussian_independent_event_purge30,full_gain_precompensation,0.0,15,2014-03-07T17:06:49.406,IOR-T1200-0-3718,-55.76854838709677,-54.90879264036726,-0.8597557467295118,2.108789866063977,65,15
gaussian_independent_event_purge30,no_gain_precompensation,1.0,0,2014-03-07T01:55:23.450,IOR-R1200-0-36E3,-59.095,-59.06176920633931,-0.03323079366069237,1.9939192941188495,63,15
gaussian_independent_event_purge30,no_gain_precompensation,1.0,0,2014-03-07T01:55:23.450,IOR-R1200-0-36F6,-59.20333333333334,-58.98605512243333,-0.21727821090001243,1.999367893542428,63,15
gaussian_independent_event_purge30,no_gain_precompensation,1.0,0,2014-03-07T01:55:23.450,IOR-R1200-0-3700,-58.845,-58.75650527210829,-0.08849472789170676,2.0794291156069074,63,15
gaussian_independent_event_purge30,no_gain_precompensation,1.0,0,2014-03-07T01:55:23.450,IOR-R600-0-36E1,-56.11,-56.013669007130574,-0.09633099286942581,1.9956860134722567,63,15
gaussian_independent_event_purge30,no_gain_precompensation,1.0,0,2014-03-07T01:55:23.450,IOR-T1200-0-36FA,-59.20833333333334,-58.74331363663223,-0.46501969670111265,1.99561751253936,63,15
gaussian_independent_event_purge30,no_gain_precompensation,1.0,0,2014-03-07T01:55:23.450,IOR-T1200-0-3718,-58.946666666666665,-58.83528645523005,-0.11138021143661803,1.995613947364153,63,15
gaussian_independent_event_purge30,no_gain_precompensation,1.0,1,2014-03-07T03:20:09.424,IOR-R1200-0-36E3,-56.47333333333333,-55.48801327588422,-0.9853200574491083,2.0525110176828956,56,13
gaussian_independent_event_purge30,no_gain_precompensation,1.0,1,2014-03-07T03:20:09.424,IOR-R600-0-36E1,-53.93,-52.90826562562942,-1.0217343743705811,2.053329154779608,56,13
gaussian_independent_event_purge30,no_gain_precompensation,1.0,1,2014-03-07T03:20:09.424,IOR-T1200-0-36F2,-56.59666666666667,-54.981652688801695,-1.615013977864976,2.0531633611968823,56,13
gaussian_independent_event_purge30,no_gain_precompensation,1.0,1,2014-03-07T03:20:09.424,IOR-T1200-0-36FA,-55.64000000000001,-55.00309729886658,-0.6369027011334296,2.05615951125605,56,13
gaussian_independent_event_purge30,no_gain_precompensation,1.0,2,2014-03-07T03:29:06.417,IOR-R1200-0-36D3,-57.11,-57.87647492255828,0.766474922558281,2.0539859480386626,56,13
gaussian_independent_event_purge30,no_gain_precompensation,1.0,2,2014-03-07T03:29:06.417,IOR-R1200-0-36E3,-56.602500000000006,-56.93073680660038,0.3282368066003727,2.0525110176828956,56,13
gaussian_independent_event_purge30,no_gain_precompensation,1.0,2,2014-03-07T03:29:06.417,IOR-T1200-0-36D8,-56.92000000000001,-57.50458313733229,0.584583137332281,2.0518638403573317,56,13
gaussian_independent_event_purge30,no_gain_precompensation,1.0,2,2014-03-07T03:29:06.417,IOR-T1200-0-36E2,-56.50129032258064,-57.06256867032411,0.5612783477434746,2.0558225801334773,56,13
gaussian_independent_event_purge30,no_gain_precompensation,1.0,2,2014-03-07T03:29:06.417,IOR-T1200-0-36FA,-56.74225806451613,-57.35130078071394,0.6090427161978127,2.05615951125605,56,13
gaussian_independent_event_purge30,no_gain_precompensation,1.0,3,2014-03-07T03:35:53.439,IOR-R1200-0-36E3,-56.46666666666667,-55.104132169922984,-1.3625344967436845,2.140366205369972,48,12
gaussian_independent_event_purge30,no_gain_precompensation,1.0,3,2014-03-07T03:35:53.439,IOR-R600-0-36F8,-53.27,-51.21624424157792,-2.053755758422085,2.1473379308835545,48,12
gaussian_independent_event_purge30,no_gain_precompensation,1.0,3,2014-03-07T03:35:53.439,IOR-T1200-0-36D8,-56.605,-55.20096957503533,-1.4040304249646667,2.1393515399081204,48,12
gaussian_independent_event_purge30,no_gain_precompensation,1.0,3,2014-03-07T03:35:53.439,IOR-T1200-0-36FA,-56.345000000000006,-55.07012870195908,-1.274871298040928,2.1438022905968555,48,12
gaussian_independent_event_purge30,no_gain_precompensation,1.0,4,2014-03-07T03:59:06.915,IOR-R1200-0-36D3,-56.16,-55.55530194402186,-0.6046980559781332,2.083405900286858,53,13
gaussian_independent_event_purge30,no_gain_precompensation,1.0,4,2014-03-07T03:59:06.915,IOR-R1200-0-36E3,-56.23555555555556,-55.359161440223815,-0.8763941153317418,2.0808840846528653,53,13
gaussian_independent_event_purge30,no_gain_precompensation,1.0,4,2014-03-07T03:59:06.915,IOR-R1200-0-36ED,-55.61545454545455,-54.820080641496396,-0.7953739039581507,2.083670904521029,53,13
gaussian_independent_event_purge30,no_gain_precompensation,1.0,4,2014-03-07T03:59:06.915,IOR-R600-0-36E1,-52.8,-52.091230571947584,-0.7087694280524133,2.082445648598801,53,13
gaussian_independent_event_purge30,no_gain_precompensation,1.0,4,2014-03-07T03:59:06.915,IOR-T1200-0-36D7,-56.3767741935484,-55.426870801860716,-0.949903391687684,2.080787597323755,53,13
gaussian_independent_event_purge30,no_gain_precompensation,1.0,4,2014-03-07T03:59:06.915,IOR-T1200-0-36D8,-56.27935483870967,-55.37680545169244,-0.9025493870172312,2.0809242975224205,53,13
gaussian_independent_event_purge30,no_gain_precompensation,1.0,4,2014-03-07T03:59:06.915,IOR-T1200-0-36F2,-55.51833333333334,-55.04624723427185,-0.47208609906148524,2.0822745289320532,53,13
gaussian_independent_event_purge30,no_gain_precompensation,1.0,4,2014-03-07T03:59:06.915,IOR-T1200-0-3718,-55.49666666666667,-54.89426297413705,-0.6024036925296201,2.083621604693491,53,13
gaussian_independent_event_purge30,no_gain_precompensation,1.0,5,2014-03-07T04:29:15.419,IOR-R1200-0-36E8,-55.41,-55.76376616079924,0.35376616079924617,1.9677890101272482,56,13
gaussian_independent_event_purge30,no_gain_precompensation,1.0,5,2014-03-07T04:29:15.419,IOR-T1200-0-36D8,-55.12354838709677,-55.40492349397716,0.2813751068803896,1.960763090668564,56,13
gaussian_independent_event_purge30,no_gain_precompensation,1.0,5,2014-03-07T04:29:15.419,IOR-T1200-0-36E2,-54.48193548387096,-55.10447853750695,0.6225430536359866,1.9662982688467607,56,13
gaussian_independent_event_purge30,no_gain_precompensation,1.0,5,2014-03-07T04:29:15.419,IOR-T1200-0-3718,-54.95516129032258,-55.12591745905083,0.1707561687282535,1.9641931138007076,56,13
gaussian_independent_event_purge30,no_gain_precompensation,1.0,6,2014-03-07T04:55:47.914,IOR-R1200-0-36E8,-53.43,-56.82123265644121,3.391232656441211,1.8645805744207424,60,13
gaussian_independent_event_purge30,no_gain_precompensation,1.0,7,2014-03-07T05:10:15.421,IOR-R1200-0-36E8,-54.39833333333333,-56.74194077771733,2.3436074443839985,1.7175306020450893,59,13
gaussian_independent_event_purge30,no_gain_precompensation,1.0,7,2014-03-07T05:10:15.421,IOR-R600-0-36F7,-50.825,-53.368274239534735,2.543274239534732,1.7256374477843945,59,13
gaussian_independent_event_purge30,no_gain_precompensation,1.0,7,2014-03-07T05:10:15.421,IOR-T1200-0-36D7,-54.31333333333333,-56.43748479594701,2.124151462613675,1.711551480598869,59,13
gaussian_independent_event_purge30,no_gain_precompensation,1.0,7,2014-03-07T05:10:15.421,IOR-T1200-0-36F2,-53.79666666666666,-56.28799929824202,2.491332631575361,1.7140933267962208,59,13
gaussian_independent_event_purge30,no_gain_precompensation,1.0,8,2014-03-07T05:29:16.912,IOR-R1200-0-36E3,-53.78625,-56.02395309465768,2.2377030946576753,1.899940249887483,60,14
gaussian_independent_event_purge30,no_gain_precompensation,1.0,8,2014-03-07T05:29:16.912,IOR-T1200-0-36D7,-53.91967741935485,-56.10741648887091,2.187739069516063,1.9009971463439705,60,14
gaussian_independent_event_purge30,no_gain_precompensation,1.0,8,2014-03-07T05:29:16.912,IOR-T1200-0-36D8,-53.91516129032258,-56.05643014399413,2.141268853671548,1.8996269167719435,60,14
gaussian_independent_event_purge30,no_gain_precompensation,1.0,8,2014-03-07T05:29:16.912,IOR-T1200-0-36E2,-53.68806451612903,-55.5103234033909,1.8222588872618672,1.905634272534234,60,14
gaussian_independent_event_purge30,no_gain_precompensation,1.0,8,2014-03-07T05:29:16.912,IOR-T1200-0-36F2,-53.57193548387096,-55.9432861214222,2.371350637551238,1.9031341345355939,60,14
gaussian_independent_event_purge30,no_gain_precompensation,1.0,9,2014-03-07T06:09:33.454,IOR-R1200-0-36ED,-54.48,-54.80302918915512,0.3230291891551218,1.9976317216494375,64,15
gaussian_independent_event_purge30,no_gain_precompensation,1.0,9,2014-03-07T06:09:33.454,IOR-R1200-0-36F6,-54.73299999999999,-55.05954907732505,0.3265490773250619,2.0001311515806237,64,15
gaussian_independent_event_purge30,no_gain_precompensation,1.0,9,2014-03-07T06:09:33.454,IOR-R600-0-36E1,-51.815,-52.023085506747485,0.20808550674748716,1.9964068422049628,64,15
gaussian_independent_event_purge30,no_gain_precompensation,1.0,9,2014-03-07T06:09:33.454,IOR-T1200-0-36D8,-54.92000000000001,-55.130231239173455,0.21023123917344577,1.994307560462256,64,15
gaussian_independent_event_purge30,no_gain_precompensation,1.0,9,2014-03-07T06:09:33.454,IOR-T1200-0-36FA,-54.60166666666667,-54.829560868268494,0.22789420160182772,1.9963397300792811,64,15
gaussian_independent_event_purge30,no_gain_precompensation,1.0,10,2014-03-07T06:48:19.429,IOR-R1200-0-36ED,-54.26333333333334,-54.31727704526982,0.05394371193647629,1.998925377253005,64,15
gaussian_independent_event_purge30,no_gain_precompensation,1.0,10,2014-03-07T06:48:19.429,IOR-R1200-0-36F6,-54.626666666666665,-54.50538139573758,-0.1212852709290857,2.0014887207712277,64,15
gaussian_independent_event_purge30,no_gain_precompensation,1.0,10,2014-03-07T06:48:19.429,IOR-R600-0-36E1,-51.53,-51.54549589945934,0.015495899459338602,1.9978029875479875,64,15
gaussian_independent_event_purge30,no_gain_precompensation,1.0,10,2014-03-07T06:48:19.429,IOR-T1200-0-36D7,-54.67166666666666,-54.72169803285749,0.050031366190829374,1.9963531035642572,64,15
gaussian_independent_event_purge30,no_gain_precompensation,1.0,10,2014-03-07T06:48:19.429,IOR-T1200-0-3718,-54.473333333333336,-54.32379017421489,-0.14954315911844418,1.997644365025297,64,15
gaussian_independent_event_purge30,no_gain_precompensation,1.0,11,2014-03-07T07:58:13.411,IOR-R1200-0-36E3,-58.35111111111112,-54.19640372901636,-4.154707382094763,1.3708115456858887,63,14
gaussian_independent_event_purge30,no_gain_precompensation,1.0,11,2014-03-07T07:58:13.411,IOR-R1200-0-36E8,-58.9,-54.42971559753038,-4.470284402469616,1.377503429433262,63,14
gaussian_independent_event_purge30,no_gain_precompensation,1.0,11,2014-03-07T07:58:13.411,IOR-R1200-0-36F5,-58.20571428571429,-53.87943368394877,-4.326280601765525,1.4858324121250606,63,14
gaussian_independent_event_purge30,no_gain_precompensation,1.0,11,2014-03-07T07:58:13.411,IOR-R600-0-36F7,-55.235,-51.06197145627897,-4.173028543721031,1.388829488546987,63,14
gaussian_independent_event_purge30,no_gain_precompensation,1.0,11,2014-03-07T07:58:13.411,IOR-T1200-0-36F2,-58.26499999999999,-54.01388837293691,-4.251111627063082,1.3730863819266266,63,14
gaussian_independent_event_purge30,no_gain_precompensation,1.0,12,2014-03-07T08:01:53.411,IOR-R600-0-36F8,-47.325,-50.63064093279408,3.305640932794077,1.3788489555426855,63,14
gaussian_independent_event_purge30,no_gain_precompensation,1.0,13,2014-03-07T15:59:55.413,IOR-R1200-0-36D3,-57.09333333333334,-55.245132695263315,-1.8482006380700255,2.050210475161743,61,14
gaussian_independent_event_purge30,no_gain_precompensation,1.0,13,2014-03-07T15:59:55.413,IOR-R600-0-36F8,-52.505,-51.88419326088825,-0.6208067391117496,2.0526632205328377,61,14
gaussian_independent_event_purge30,no_gain_precompensation,1.0,13,2014-03-07T15:59:55.413,IOR-T1200-0-36D7,-56.395,-55.190997320690215,-1.204002679309788,2.0484351585005895,61,14
gaussian_independent_event_purge30,no_gain_precompensation,1.0,13,2014-03-07T15:59:55.413,IOR-T1200-0-36D8,-57.065,-55.13803023314034,-1.9269697668596564,2.048029831940744,61,14
gaussian_independent_event_purge30,no_gain_precompensation,1.0,14,2014-03-07T16:06:34.906,IOR-R1200-0-36D3,-57.2625925925926,-55.24583222784156,-2.016760364751036,2.050210475161743,61,14
gaussian_independent_event_purge30,no_gain_precompensation,1.0,14,2014-03-07T16:06:34.906,IOR-R1200-0-36E3,-56.79,-55.03476558502243,-1.755234414977572,2.0480186894225327,61,14
gaussian_independent_event_purge30,no_gain_precompensation,1.0,14,2014-03-07T16:06:34.906,IOR-T1200-0-36D7,-56.935,-55.192211595345775,-1.7427884046542275,2.0484351585005895,61,14
gaussian_independent_event_purge30,no_gain_precompensation,1.0,14,2014-03-07T16:06:34.906,IOR-T1200-0-36D8,-56.114444444444445,-55.13897454858981,-0.9754698958546371,2.048029831940744,61,14
gaussian_independent_event_purge30,no_gain_precompensation,1.0,15,2014-03-07T17:06:49.406,IOR-R1200-0-36ED,-55.82875,-54.65715951972587,-1.1715904802741264,1.9786255087570708,65,15
gaussian_independent_event_purge30,no_gain_precompensation,1.0,15,2014-03-07T17:06:49.406,IOR-T1200-0-36D7,-56.08258064516129,-55.112916649521374,-0.9696639956399196,1.976017263695461,65,15
gaussian_independent_event_purge30,no_gain_precompensation,1.0,15,2014-03-07T17:06:49.406,IOR-T1200-0-36D8,-56.14645161290324,-55.027809705955335,-1.1186419069479072,1.9753998565709832,65,15
gaussian_independent_event_purge30,no_gain_precompensation,1.0,15,2014-03-07T17:06:49.406,IOR-T1200-0-3718,-55.76854838709677,-54.75440422189812,-1.0141441651986511,1.977337219057335,65,15
gaussian_ou_purge0,full_gain_precompensation,0.0,0,2014-03-07T01:55:23.450,IOR-R1200-0-36E3,-59.095,-56.02282581429555,-3.072174185704448,2.172724941035713,63,15
gaussian_ou_purge0,full_gain_precompensation,0.0,0,2014-03-07T01:55:23.450,IOR-R1200-0-36F6,-59.20333333333334,-55.936317081209545,-3.2670162521237955,2.1789717366619126,63,15
gaussian_ou_purge0,full_gain_precompensation,0.0,0,2014-03-07T01:55:23.450,IOR-R1200-0-3700,-58.845,-55.69813730235614,-3.1468626976438614,2.248392823426864,63,15
gaussian_ou_purge0,full_gain_precompensation,0.0,0,2014-03-07T01:55:23.450,IOR-R600-0-36E1,-56.11,-53.072623024905994,-3.0373769750940056,2.17474067856465,63,15
gaussian_ou_purge0,full_gain_precompensation,0.0,0,2014-03-07T01:55:23.450,IOR-T1200-0-36FA,-59.20833333333334,-55.59410904957178,-3.6142242837615655,2.1747203628596323,63,15
gaussian_ou_purge0,full_gain_precompensation,0.0,0,2014-03-07T01:55:23.450,IOR-T1200-0-3718,-58.946666666666665,-55.76544766633739,-3.1812190003292784,2.1746438508611394,63,15
gaussian_ou_purge0,full_gain_precompensation,0.0,1,2014-03-07T03:20:09.424,IOR-R1200-0-36E3,-56.47333333333333,-56.01704180330275,-0.4562915300305761,2.324330910395352,65,15
gaussian_ou_purge0,full_gain_precompensation,0.0,1,2014-03-07T03:20:09.424,IOR-R600-0-36E1,-53.93,-52.933477650806424,-0.996522349193576,2.325834551810763,65,15
gaussian_ou_purge0,full_gain_precompensation,0.0,1,2014-03-07T03:20:09.424,IOR-T1200-0-36F2,-56.59666666666667,-55.6792906718807,-0.9173759947859708,2.3258099858665333,65,15
gaussian_ou_purge0,full_gain_precompensation,0.0,1,2014-03-07T03:20:09.424,IOR-T1200-0-36FA,-55.64000000000001,-55.84263540254995,0.2026354025499444,2.3257175983211518,65,15
gaussian_ou_purge0,full_gain_precompensation,0.0,2,2014-03-07T03:29:06.417,IOR-R1200-0-36D3,-57.11,-56.464109335254896,-0.645890664745103,2.298072454595486,64,15
gaussian_ou_purge0,full_gain_precompensation,0.0,2,2014-03-07T03:29:06.417,IOR-R1200-0-36E3,-56.602500000000006,-55.51491898813823,-1.0875810118617792,2.294697888602881,64,15
gaussian_ou_purge0,full_gain_precompensation,0.0,2,2014-03-07T03:29:06.417,IOR-T1200-0-36D8,-56.92000000000001,-56.112345867423905,-0.8076541325761042,2.2944792020274933,64,15
gaussian_ou_purge0,full_gain_precompensation,0.0,2,2014-03-07T03:29:06.417,IOR-T1200-0-36E2,-56.50129032258064,-55.676863707668815,-0.8244266149118218,2.3006836514854534,64,15
gaussian_ou_purge0,full_gain_precompensation,0.0,2,2014-03-07T03:29:06.417,IOR-T1200-0-36FA,-56.74225806451613,-55.67450372687032,-1.067754337645809,2.296504290829425,64,15
gaussian_ou_purge0,full_gain_precompensation,0.0,3,2014-03-07T03:35:53.439,IOR-R1200-0-36E3,-56.46666666666667,-56.07729954274631,-0.38936712392035844,2.253059640622712,65,15
gaussian_ou_purge0,full_gain_precompensation,0.0,3,2014-03-07T03:35:53.439,IOR-R600-0-36F8,-53.27,-52.13827796566667,-1.131722034333336,2.2642617293426563,65,15
gaussian_ou_purge0,full_gain_precompensation,0.0,3,2014-03-07T03:35:53.439,IOR-T1200-0-36D8,-56.605,-56.10886100453601,-0.496138995463987,2.2527479589072477,65,15
gaussian_ou_purge0,full_gain_precompensation,0.0,3,2014-03-07T03:35:53.439,IOR-T1200-0-36FA,-56.345000000000006,-55.71730441840012,-0.6276955815998875,2.254823994197165,65,15
gaussian_ou_purge0,full_gain_precompensation,0.0,4,2014-03-07T03:59:06.915,IOR-R1200-0-36D3,-56.16,-56.30042107299321,0.14042107299321316,2.342222508262551,61,15
gaussian_ou_purge0,full_gain_precompensation,0.0,4,2014-03-07T03:59:06.915,IOR-R1200-0-36E3,-56.23555555555556,-55.874471431409525,-0.3610841241460321,2.3391015997291493,61,15
gaussian_ou_purge0,full_gain_precompensation,0.0,4,2014-03-07T03:59:06.915,IOR-R1200-0-36ED,-55.61545454545455,-55.610239277326166,-0.005215268128381467,2.3423299661033266,61,15
gaussian_ou_purge0,full_gain_precompensation,0.0,4,2014-03-07T03:59:06.915,IOR-R600-0-36E1,-52.8,-53.00201829529249,0.20201829529248982,2.3410424142735193,61,15
gaussian_ou_purge0,full_gain_precompensation,0.0,4,2014-03-07T03:59:06.915,IOR-T1200-0-36D7,-56.3767741935484,-55.99160580178337,-0.3851683917650277,2.3394400769051606,61,15
gaussian_ou_purge0,full_gain_precompensation,0.0,4,2014-03-07T03:59:06.915,IOR-T1200-0-36D8,-56.27935483870967,-55.9301466852279,-0.3492081534817686,2.3387995653281024,61,15
gaussian_ou_purge0,full_gain_precompensation,0.0,4,2014-03-07T03:59:06.915,IOR-T1200-0-36F2,-55.51833333333334,-55.731214627140034,0.21288129380669574,2.341000350604758,61,15
gaussian_ou_purge0,full_gain_precompensation,0.0,4,2014-03-07T03:59:06.915,IOR-T1200-0-3718,-55.49666666666667,-55.7135260323444,0.21685936567772757,2.3408845481779843,61,15
gaussian_ou_purge0,full_gain_precompensation,0.0,5,2014-03-07T04:29:15.419,IOR-R1200-0-36E8,-55.41,-56.21494311557886,0.8049431155788653,2.338409415048786,65,15
gaussian_ou_purge0,full_gain_precompensation,0.0,5,2014-03-07T04:29:15.419,IOR-T1200-0-36D8,-55.12354838709677,-55.96065230039645,0.8371039132996785,2.332677700122882,65,15
gaussian_ou_purge0,full_gain_precompensation,0.0,5,2014-03-07T04:29:15.419,IOR-T1200-0-36E2,-54.48193548387096,-55.61736795625016,1.1354324723792004,2.3384308030743988,65,15
gaussian_ou_purge0,full_gain_precompensation,0.0,5,2014-03-07T04:29:15.419,IOR-T1200-0-3718,-54.95516129032258,-55.60192878164331,0.6467674913207304,2.334807370861189,65,15
gaussian_ou_purge0,full_gain_precompensation,0.0,6,2014-03-07T04:55:47.914,IOR-R1200-0-36E8,-53.43,-56.28203249485046,2.8520324948504623,2.2158977235384643,68,15
gaussian_ou_purge0,full_gain_precompensation,0.0,7,2014-03-07T05:10:15.421,IOR-R1200-0-36E8,-54.39833333333333,-56.11926116401827,1.7209278306849356,2.295177832746929,65,15
gaussian_ou_purge0,full_gain_precompensation,0.0,7,2014-03-07T05:10:15.421,IOR-R600-0-36F7,-50.825,-52.79522281511658,1.9702228151165784,2.3032914211989266,65,15
gaussian_ou_purge0,full_gain_precompensation,0.0,7,2014-03-07T05:10:15.421,IOR-T1200-0-36D7,-54.31333333333333,-55.879295913066976,1.5659625797336432,2.2905736438559576,65,15
gaussian_ou_purge0,full_gain_precompensation,0.0,7,2014-03-07T05:10:15.421,IOR-T1200-0-36F2,-53.79666666666666,-55.58074391859935,1.7840772519326933,2.291983648596022,65,15
gaussian_ou_purge0,full_gain_precompensation,0.0,8,2014-03-07T05:29:16.912,IOR-R1200-0-36E3,-53.78625,-55.737529357647446,1.9512793576474436,2.285807204159376,64,15
gaussian_ou_purge0,full_gain_precompensation,0.0,8,2014-03-07T05:29:16.912,IOR-T1200-0-36D7,-53.91967741935485,-55.86879736855574,1.9491199492008917,2.2861958831215174,64,15
gaussian_ou_purge0,full_gain_precompensation,0.0,8,2014-03-07T05:29:16.912,IOR-T1200-0-36D8,-53.91516129032258,-55.77648923996579,1.8613279496432114,2.285491451802746,64,15
gaussian_ou_purge0,full_gain_precompensation,0.0,8,2014-03-07T05:29:16.912,IOR-T1200-0-36E2,-53.68806451612903,-55.209075893841835,1.521011377712803,2.2916424916457063,64,15
gaussian_ou_purge0,full_gain_precompensation,0.0,8,2014-03-07T05:29:16.912,IOR-T1200-0-36F2,-53.57193548387096,-55.52140038957591,1.94946490570495,2.2877852115090467,64,15
gaussian_ou_purge0,full_gain_precompensation,0.0,9,2014-03-07T06:09:33.454,IOR-R1200-0-36ED,-54.48,-55.16029530693078,0.6802953069307804,2.3402383870365444,64,15
gaussian_ou_purge0,full_gain_precompensation,0.0,9,2014-03-07T06:09:33.454,IOR-R1200-0-36F6,-54.73299999999999,-55.441323466532474,0.7083234665324838,2.342925705568016,64,15
gaussian_ou_purge0,full_gain_precompensation,0.0,9,2014-03-07T06:09:33.454,IOR-R600-0-36E1,-51.815,-52.51478494230362,0.6997849423036229,2.3389077041626933,64,15
gaussian_ou_purge0,full_gain_precompensation,0.0,9,2014-03-07T06:09:33.454,IOR-T1200-0-36D8,-54.92000000000001,-55.51114544876136,0.5911454487613526,2.3366147430753363,64,15
gaussian_ou_purge0,full_gain_precompensation,0.0,9,2014-03-07T06:09:33.454,IOR-T1200-0-36FA,-54.60166666666667,-55.11133456168305,0.5096678950163849,2.338891698030906,64,15
gaussian_ou_purge0,full_gain_precompensation,0.0,10,2014-03-07T06:48:19.429,IOR-R1200-0-36ED,-54.26333333333334,-54.98850499579911,0.7251716624657689,2.3404998769716676,64,15
gaussian_ou_purge0,full_gain_precompensation,0.0,10,2014-03-07T06:48:19.429,IOR-R1200-0-36F6,-54.626666666666665,-55.203410974748564,0.5767443080818992,2.3432523877245255,64,15
gaussian_ou_purge0,full_gain_precompensation,0.0,10,2014-03-07T06:48:19.429,IOR-R600-0-36E1,-51.53,-52.35538393122619,0.8253839312261917,2.3392755587856553,64,15
gaussian_ou_purge0,full_gain_precompensation,0.0,10,2014-03-07T06:48:19.429,IOR-T1200-0-36D7,-54.67166666666666,-55.429266901320865,0.7576002346542055,2.3376934142669104,64,15
gaussian_ou_purge0,full_gain_precompensation,0.0,10,2014-03-07T06:48:19.429,IOR-T1200-0-3718,-54.473333333333336,-55.0001487475231,0.5268154141897625,2.3390948445611026,64,15
gaussian_ou_purge0,full_gain_precompensation,0.0,11,2014-03-07T07:58:13.411,IOR-R1200-0-36E3,-58.35111111111112,-51.20017178109992,-7.150939330011205,0.5514330456983766,64,15
gaussian_ou_purge0,full_gain_precompensation,0.0,11,2014-03-07T07:58:13.411,IOR-R1200-0-36E8,-58.9,-51.37389392194341,-7.526106078056586,0.5800085839630724,64,15
gaussian_ou_purge0,full_gain_precompensation,0.0,11,2014-03-07T07:58:13.411,IOR-R1200-0-36F5,-58.20571428571429,-50.868073142875346,-7.337641142838947,0.7863870783749894,64,15
gaussian_ou_purge0,full_gain_precompensation,0.0,11,2014-03-07T07:58:13.411,IOR-R600-0-36F7,-55.235,-48.11581824895318,-7.119181751046817,0.6089972887441197,64,15
gaussian_ou_purge0,full_gain_precompensation,0.0,11,2014-03-07T07:58:13.411,IOR-T1200-0-36F2,-58.26499999999999,-50.94038962785182,-7.324610372148172,0.5621680552616849,64,15
gaussian_ou_purge0,full_gain_precompensation,0.0,12,2014-03-07T08:01:53.411,IOR-R600-0-36F8,-47.325,-54.841145982455096,7.516145982455093,0.5289038820898456,68,15
gaussian_ou_purge0,full_gain_precompensation,0.0,13,2014-03-07T15:59:55.413,IOR-R1200-0-36D3,-57.09333333333334,-55.402918099558505,-1.6904152337748357,2.3901748967138183,65,15
gaussian_ou_purge0,full_gain_precompensation,0.0,13,2014-03-07T15:59:55.413,IOR-R600-0-36F8,-52.505,-52.00704781024309,-0.4979521897569157,2.396253062198746,65,15
gaussian_ou_purge0,full_gain_precompensation,0.0,13,2014-03-07T15:59:55.413,IOR-T1200-0-36D7,-56.395,-55.29377764212346,-1.1012223578765443,2.3882589191298864,65,15
gaussian_ou_purge0,full_gain_precompensation,0.0,13,2014-03-07T15:59:55.413,IOR-T1200-0-36D8,-57.065,-55.12897555220085,-1.9360244477991486,2.3877326315785465,65,15
gaussian_ou_purge0,full_gain_precompensation,0.0,14,2014-03-07T16:06:34.906,IOR-R1200-0-36D3,-57.2625925925926,-55.41633043818851,-1.8462621544040871,2.2954101793051214,65,15
gaussian_ou_purge0,full_gain_precompensation,0.0,14,2014-03-07T16:06:34.906,IOR-R1200-0-36E3,-56.79,-55.12001173547128,-1.669988264528719,2.2930741976016695,65,15
gaussian_ou_purge0,full_gain_precompensation,0.0,14,2014-03-07T16:06:34.906,IOR-T1200-0-36D7,-56.935,-55.24093029145865,-1.694069708541349,2.2932875123528755,65,15
gaussian_ou_purge0,full_gain_precompensation,0.0,14,2014-03-07T16:06:34.906,IOR-T1200-0-36D8,-56.114444444444445,-55.276432825798246,-0.838011618646199,2.2927364517770146,65,15
gaussian_ou_purge0,full_gain_precompensation,0.0,15,2014-03-07T17:06:49.406,IOR-R1200-0-36ED,-55.82875,-54.79347743699863,-1.0352725630013708,2.334140603750968,65,15
gaussian_ou_purge0,full_gain_precompensation,0.0,15,2014-03-07T17:06:49.406,IOR-T1200-0-36D7,-56.08258064516129,-55.283835391428845,-0.7987452537324486,2.331308959605519,65,15
gaussian_ou_purge0,full_gain_precompensation,0.0,15,2014-03-07T17:06:49.406,IOR-T1200-0-36D8,-56.14645161290324,-55.19081519217347,-0.9556364207297747,2.330634296208458,65,15
gaussian_ou_purge0,full_gain_precompensation,0.0,15,2014-03-07T17:06:49.406,IOR-T1200-0-3718,-55.76854838709677,-54.893396243518595,-0.8751521435781768,2.332733487143879,65,15
gaussian_ou_purge0,no_gain_precompensation,1.0,0,2014-03-07T01:55:23.450,IOR-R1200-0-36E3,-59.095,-59.03062717781844,-0.06437282218156071,2.2345389982672037,63,15
gaussian_ou_purge0,no_gain_precompensation,1.0,0,2014-03-07T01:55:23.450,IOR-R1200-0-36F6,-59.20333333333334,-58.95476468754846,-0.24856864578487858,2.2393421526167763,63,15
gaussian_ou_purge0,no_gain_precompensation,1.0,0,2014-03-07T01:55:23.450,IOR-R1200-0-3700,-58.845,-58.725581790188166,-0.11941820981183326,2.3115685952515723,63,15
gaussian_ou_purge0,no_gain_precompensation,1.0,0,2014-03-07T01:55:23.450,IOR-R600-0-36E1,-56.11,-55.982037104056,-0.1279628959440018,2.2360687908289125,63,15
gaussian_ou_purge0,no_gain_precompensation,1.0,0,2014-03-07T01:55:23.450,IOR-T1200-0-36FA,-59.20833333333334,-58.711018850712904,-0.497314482620439,2.2360501762225695,63,15
gaussian_ou_purge0,no_gain_precompensation,1.0,0,2014-03-07T01:55:23.450,IOR-T1200-0-3718,-58.946666666666665,-58.80426519534133,-0.14240147132533565,2.2359926041611238,63,15
gaussian_ou_purge0,no_gain_precompensation,1.0,1,2014-03-07T03:20:09.424,IOR-R1200-0-36E3,-56.47333333333333,-55.46842769222738,-1.0049056411059496,2.2092560909406624,65,15
gaussian_ou_purge0,no_gain_precompensation,1.0,1,2014-03-07T03:20:09.424,IOR-R600-0-36E1,-53.93,-52.87331789202445,-1.056682107975547,2.2106445096506393,65,15
gaussian_ou_purge0,no_gain_precompensation,1.0,1,2014-03-07T03:20:09.424,IOR-T1200-0-36F2,-56.59666666666667,-54.956594796604215,-1.6400718700624566,2.21062203569699,65,15
gaussian_ou_purge0,no_gain_precompensation,1.0,1,2014-03-07T03:20:09.424,IOR-T1200-0-36FA,-55.64000000000001,-54.90891423258762,-0.7310857674123881,2.2105356845419313,65,15
gaussian_ou_purge0,no_gain_precompensation,1.0,2,2014-03-07T03:29:06.417,IOR-R1200-0-36D3,-57.11,-58.19910643384013,1.0891064338401293,2.193752334395965,64,15
gaussian_ou_purge0,no_gain_precompensation,1.0,2,2014-03-07T03:29:06.417,IOR-R1200-0-36E3,-56.602500000000006,-57.19598742588857,0.5934874258885614,2.191074034218446,64,15
gaussian_ou_purge0,no_gain_precompensation,1.0,2,2014-03-07T03:29:06.417,IOR-T1200-0-36D8,-56.92000000000001,-57.80107861040326,0.8810786104032502,2.190904305022485,64,15
gaussian_ou_purge0,no_gain_precompensation,1.0,2,2014-03-07T03:29:06.417,IOR-T1200-0-36E2,-56.50129032258064,-57.38128587554417,0.8799955529635355,2.1958771333362086,64,15
gaussian_ou_purge0,no_gain_precompensation,1.0,2,2014-03-07T03:29:06.417,IOR-T1200-0-36FA,-56.74225806451613,-57.46231997666367,0.7200619121475427,2.192506192596069,64,15
gaussian_ou_purge0,no_gain_precompensation,1.0,3,2014-03-07T03:35:53.439,IOR-R1200-0-36E3,-56.46666666666667,-55.174949702107355,-1.2917169645593134,2.114139166917521,65,15
gaussian_ou_purge0,no_gain_precompensation,1.0,3,2014-03-07T03:35:53.439,IOR-R600-0-36F8,-53.27,-51.17300400059277,-2.096995999407234,2.1232018872514207,65,15
gaussian_ou_purge0,no_gain_precompensation,1.0,3,2014-03-07T03:35:53.439,IOR-T1200-0-36D8,-56.605,-55.21037429629728,-1.3946257037027152,2.113900031435446,65,15
gaussian_ou_purge0,no_gain_precompensation,1.0,3,2014-03-07T03:35:53.439,IOR-T1200-0-36FA,-56.345000000000006,-54.92507774609523,-1.4199222539047724,2.1155046142609453,65,15
gaussian_ou_purge0,no_gain_precompensation,1.0,4,2014-03-07T03:59:06.915,IOR-R1200-0-36D3,-56.16,-55.60249545520085,-0.5575045447991442,2.2311956416817265,61,15
gaussian_ou_purge0,no_gain_precompensation,1.0,4,2014-03-07T03:59:06.915,IOR-R1200-0-36E3,-56.23555555555556,-55.359201092641186,-0.8763544629143709,2.228447258141748,61,15
gaussian_ou_purge0,no_gain_precompensation,1.0,4,2014-03-07T03:59:06.915,IOR-R1200-0-36ED,-55.61545454545455,-54.87114022379408,-0.7443143216604682,2.231295410425608,61,15
gaussian_ou_purge0,no_gain_precompensation,1.0,4,2014-03-07T03:59:06.915,IOR-R600-0-36E1,-52.8,-52.1367865763953,-0.6632134236046952,2.2301553610703606,61,15
gaussian_ou_purge0,no_gain_precompensation,1.0,4,2014-03-07T03:59:06.915,IOR-T1200-0-36D7,-56.3767741935484,-55.4778455732091,-0.8989286203392979,2.228742287100758,61,15
gaussian_ou_purge0,no_gain_precompensation,1.0,4,2014-03-07T03:59:06.915,IOR-T1200-0-36D8,-56.27935483870967,-55.41997400001894,-0.8593808386907327,2.228186753833994,61,15
gaussian_ou_purge0,no_gain_precompensation,1.0,4,2014-03-07T03:59:06.915,IOR-T1200-0-36F2,-55.51833333333334,-55.069429138148955,-0.44890419518438307,2.2301185327337025,61,15
gaussian_ou_purge0,no_gain_precompensation,1.0,4,2014-03-07T03:59:06.915,IOR-T1200-0-3718,-55.49666666666667,-54.981523487674835,-0.5151431789918348,2.2300128521947222,61,15
gaussian_ou_purge0,no_gain_precompensation,1.0,5,2014-03-07T04:29:15.419,IOR-R1200-0-36E8,-55.41,-55.52906321134945,0.11906321134945586,2.24388739950136,65,15
gaussian_ou_purge0,no_gain_precompensation,1.0,5,2014-03-07T04:29:15.419,IOR-T1200-0-36D8,-55.12354838709677,-55.22498980477859,0.10144141768181925,2.2392258435541526,65,15
gaussian_ou_purge0,no_gain_precompensation,1.0,5,2014-03-07T04:29:15.419,IOR-T1200-0-36E2,-54.48193548387096,-54.903165452441286,0.4212299685703229,2.243822095413114,65,15
gaussian_ou_purge0,no_gain_precompensation,1.0,5,2014-03-07T04:29:15.419,IOR-T1200-0-3718,-54.95516129032258,-54.88795916110249,-0.06720212922008528,2.2409056802763745,65,15
gaussian_ou_purge0,no_gain_precompensation,1.0,6,2014-03-07T04:55:47.914,IOR-R1200-0-36E8,-53.43,-56.548064974354695,3.118064974354695,2.0767850059610518,68,15
gaussian_ou_purge0,no_gain_precompensation,1.0,7,2014-03-07T05:10:15.421,IOR-R1200-0-36E8,-54.39833333333333,-56.28696147188865,1.888628138555319,2.1765376674851695,65,15
gaussian_ou_purge0,no_gain_precompensation,1.0,7,2014-03-07T05:10:15.421,IOR-R600-0-36F7,-50.825,-52.896130715210305,2.071130715210302,2.1835168386071677,65,15
gaussian_ou_purge0,no_gain_precompensation,1.0,7,2014-03-07T05:10:15.421,IOR-T1200-0-36D7,-54.31333333333333,-55.99039915206747,1.6770658187341354,2.172738164785951,65,15
gaussian_ou_purge0,no_gain_precompensation,1.0,7,2014-03-07T05:10:15.421,IOR-T1200-0-36F2,-53.79666666666666,-55.77933884839986,1.9826721817332,2.173864480916162,65,15
gaussian_ou_purge0,no_gain_precompensation,1.0,8,2014-03-07T05:29:16.912,IOR-R1200-0-36E3,-53.78625,-55.85302632369836,2.066776323698356,2.1668053953308095,64,15
gaussian_ou_purge0,no_gain_precompensation,1.0,8,2014-03-07T05:29:16.912,IOR-T1200-0-36D7,-53.91967741935485,-55.983935902673316,2.0642584833184685,2.167113919175667,64,15
gaussian_ou_purge0,no_gain_precompensation,1.0,8,2014-03-07T05:29:16.912,IOR-T1200-0-36D8,-53.91516129032258,-55.89751299113594,1.9823517008133607,2.1665595397381163,64,15
gaussian_ou_purge0,no_gain_precompensation,1.0,8,2014-03-07T05:29:16.912,IOR-T1200-0-36E2,-53.68806451612903,-55.34601110370906,1.657946587580028,2.1715308952573404,64,15
gaussian_ou_purge0,no_gain_precompensation,1.0,8,2014-03-07T05:29:16.912,IOR-T1200-0-36F2,-53.57193548387096,-55.726489416101764,2.1545539322308045,2.168389456974909,64,15
gaussian_ou_purge0,no_gain_precompensation,1.0,9,2014-03-07T06:09:33.454,IOR-R1200-0-36ED,-54.48,-54.77333939765093,0.2933393976509322,2.2394194980062943,64,15
gaussian_ou_purge0,no_gain_precompensation,1.0,9,2014-03-07T06:09:33.454,IOR-R1200-0-36F6,-54.73299999999999,-55.03021685595832,0.29721685595833236,2.241648903391128,64,15
gaussian_ou_purge0,no_gain_precompensation,1.0,9,2014-03-07T06:09:33.454,IOR-R600-0-36E1,-51.815,-51.993336362186625,0.17833636218662718,2.238338330555728,64,15
gaussian_ou_purge0,no_gain_precompensation,1.0,9,2014-03-07T06:09:33.454,IOR-T1200-0-36D8,-54.92000000000001,-55.10010775360902,0.18010775360900766,2.2364970639980446,64,15
gaussian_ou_purge0,no_gain_precompensation,1.0,9,2014-03-07T06:09:33.454,IOR-T1200-0-36FA,-54.60166666666667,-54.79918404363351,0.19751737696684302,2.2383217379575795,64,15
gaussian_ou_purge0,no_gain_precompensation,1.0,10,2014-03-07T06:48:19.429,IOR-R1200-0-36ED,-54.26333333333334,-54.28662289585987,0.023289562526528584,2.240638825702607,64,15
gaussian_ou_purge0,no_gain_precompensation,1.0,10,2014-03-07T06:48:19.429,IOR-R1200-0-36F6,-54.626666666666665,-54.47500653942172,-0.15166012724494493,2.2429263160498487,64,15
gaussian_ou_purge0,no_gain_precompensation,1.0,10,2014-03-07T06:48:19.429,IOR-R600-0-36E1,-51.53,-51.5148019397478,-0.01519806025220305,2.239646335701743,64,15
gaussian_ou_purge0,no_gain_precompensation,1.0,10,2014-03-07T06:48:19.429,IOR-T1200-0-36D7,-54.67166666666666,-54.69151188279577,0.01984521612911294,2.238367781942177,64,15
gaussian_ou_purge0,no_gain_precompensation,1.0,10,2014-03-07T06:48:19.429,IOR-T1200-0-3718,-54.473333333333336,-54.293707859041064,-0.1796254742922727,2.239494597823633,64,15
gaussian_ou_purge0,no_gain_precompensation,1.0,11,2014-03-07T07:58:13.411,IOR-R1200-0-36E3,-58.35111111111112,-51.31114822913795,-7.0399628819731745,0.8099262554628481,64,15
gaussian_ou_purge0,no_gain_precompensation,1.0,11,2014-03-07T07:58:13.411,IOR-R1200-0-36E8,-58.9,-51.579124962118385,-7.320875037881613,0.8259390000034774,64,15
gaussian_ou_purge0,no_gain_precompensation,1.0,11,2014-03-07T07:58:13.411,IOR-R1200-0-36F5,-58.20571428571429,-50.99806669600263,-7.207647589711662,0.9938834825465329,64,15
gaussian_ou_purge0,no_gain_precompensation,1.0,11,2014-03-07T07:58:13.411,IOR-R600-0-36F7,-55.235,-48.20660544290845,-7.028394557091552,0.8428137463845369,64,15
gaussian_ou_purge0,no_gain_precompensation,1.0,11,2014-03-07T07:58:13.411,IOR-T1200-0-36F2,-58.26499999999999,-51.143396298385674,-7.121603701614319,0.8156026989781343,64,15
gaussian_ou_purge0,no_gain_precompensation,1.0,12,2014-03-07T08:01:53.411,IOR-R600-0-36F8,-47.325,-54.57557439128359,7.250574391283585,0.7793635658536386,68,15
gaussian_ou_purge0,no_gain_precompensation,1.0,13,2014-03-07T15:59:55.413,IOR-R1200-0-36D3,-57.09333333333334,-55.57193198743146,-1.5214013459018787,2.275137365460709,65,15
gaussian_ou_purge0,no_gain_precompensation,1.0,13,2014-03-07T15:59:55.413,IOR-R600-0-36F8,-52.505,-52.08505649262957,-0.4199435073704336,2.2799223979258256,65,15
gaussian_ou_purge0,no_gain_precompensation,1.0,13,2014-03-07T15:59:55.413,IOR-T1200-0-36D7,-56.395,-55.40369061741921,-0.9913093825807948,2.2737508468174346,65,15
gaussian_ou_purge0,no_gain_precompensation,1.0,13,2014-03-07T15:59:55.413,IOR-T1200-0-36D8,-57.065,-55.24423874868295,-1.8207612513170446,2.2733759551010784,65,15
gaussian_ou_purge0,no_gain_precompensation,1.0,14,2014-03-07T16:06:34.906,IOR-R1200-0-36D3,-57.2625925925926,-55.578597724726514,-1.6839948678660832,2.1929845757367628,65,15
gaussian_ou_purge0,no_gain_precompensation,1.0,14,2014-03-07T16:06:34.906,IOR-R1200-0-36E3,-56.79,-55.22630599043094,-1.563694009569062,2.191264819332339,65,15
gaussian_ou_purge0,no_gain_precompensation,1.0,14,2014-03-07T16:06:34.906,IOR-T1200-0-36D7,-56.935,-55.347145412948734,-1.5878545870512681,2.191420600768197,65,15
gaussian_ou_purge0,no_gain_precompensation,1.0,14,2014-03-07T16:06:34.906,IOR-T1200-0-36D8,-56.114444444444445,-55.391211987956,-0.7232324564884465,2.191021398002807,65,15
gaussian_ou_purge0,no_gain_precompensation,1.0,15,2014-03-07T17:06:49.406,IOR-R1200-0-36ED,-55.82875,-54.62244964777433,-1.206300352225668,2.2209867485715926,65,15
gaussian_ou_purge0,no_gain_precompensation,1.0,15,2014-03-07T17:06:49.406,IOR-T1200-0-36D7,-56.08258064516129,-55.078486630599414,-1.004094014561879,2.2186889613306864,65,15
gaussian_ou_purge0,no_gain_precompensation,1.0,15,2014-03-07T17:06:49.406,IOR-T1200-0-36D8,-56.14645161290324,-54.99250794415488,-1.1539436687483615,2.2181528764857585,65,15
gaussian_ou_purge0,no_gain_precompensation,1.0,15,2014-03-07T17:06:49.406,IOR-T1200-0-3718,-55.76854838709677,-54.720211715814486,-1.0483366712822857,2.219838368201803,65,15
gaussian_ou_purge15,full_gain_precompensation,0.0,0,2014-03-07T01:55:23.450,IOR-R1200-0-36E3,-59.095,-56.02282581429555,-3.072174185704448,2.172724941035713,63,15
gaussian_ou_purge15,full_gain_precompensation,0.0,0,2014-03-07T01:55:23.450,IOR-R1200-0-36F6,-59.20333333333334,-55.936317081209545,-3.2670162521237955,2.1789717366619126,63,15
gaussian_ou_purge15,full_gain_precompensation,0.0,0,2014-03-07T01:55:23.450,IOR-R1200-0-3700,-58.845,-55.69813730235614,-3.1468626976438614,2.248392823426864,63,15
gaussian_ou_purge15,full_gain_precompensation,0.0,0,2014-03-07T01:55:23.450,IOR-R600-0-36E1,-56.11,-53.072623024905994,-3.0373769750940056,2.17474067856465,63,15
gaussian_ou_purge15,full_gain_precompensation,0.0,0,2014-03-07T01:55:23.450,IOR-T1200-0-36FA,-59.20833333333334,-55.59410904957178,-3.6142242837615655,2.1747203628596323,63,15
gaussian_ou_purge15,full_gain_precompensation,0.0,0,2014-03-07T01:55:23.450,IOR-T1200-0-3718,-58.946666666666665,-55.76544766633739,-3.1812190003292784,2.1746438508611394,63,15
gaussian_ou_purge15,full_gain_precompensation,0.0,1,2014-03-07T03:20:09.424,IOR-R1200-0-36E3,-56.47333333333333,-55.8795837009114,-0.5937496324219325,2.416077877312208,60,14
gaussian_ou_purge15,full_gain_precompensation,0.0,1,2014-03-07T03:20:09.424,IOR-R600-0-36E1,-53.93,-52.83146620002029,-1.0985337999797125,2.4173181251466724,60,14
gaussian_ou_purge15,full_gain_precompensation,0.0,1,2014-03-07T03:20:09.424,IOR-T1200-0-36F2,-56.59666666666667,-55.57356214320251,-1.0231045234641627,2.4172718289764945,60,14
gaussian_ou_purge15,full_gain_precompensation,0.0,1,2014-03-07T03:20:09.424,IOR-T1200-0-36FA,-55.64000000000001,-55.73282599086586,0.09282599086585464,2.4183179128463945,60,14
gaussian_ou_purge15,full_gain_precompensation,0.0,2,2014-03-07T03:29:06.417,IOR-R1200-0-36D3,-57.11,-56.259862094089755,-0.8501379059102447,2.44384686650602,56,13
gaussian_ou_purge15,full_gain_precompensation,0.0,2,2014-03-07T03:29:06.417,IOR-R1200-0-36E3,-56.602500000000006,-55.36728632556835,-1.2352136744316553,2.442324125971576,56,13
gaussian_ou_purge15,full_gain_precompensation,0.0,2,2014-03-07T03:29:06.417,IOR-T1200-0-36D8,-56.92000000000001,-55.931631103586966,-0.9883688964130428,2.4416557620406922,56,13
gaussian_ou_purge15,full_gain_precompensation,0.0,2,2014-03-07T03:29:06.417,IOR-T1200-0-36E2,-56.50129032258064,-55.478243632352296,-1.023046690228341,2.4456410203188557,56,13
gaussian_ou_purge15,full_gain_precompensation,0.0,2,2014-03-07T03:29:06.417,IOR-T1200-0-36FA,-56.74225806451613,-55.752435508085675,-0.9898225564304539,2.4459545121828694,56,13
gaussian_ou_purge15,full_gain_precompensation,0.0,3,2014-03-07T03:35:53.439,IOR-R1200-0-36E3,-56.46666666666667,-55.87931072570707,-0.587355940959597,2.365180906505746,60,14
gaussian_ou_purge15,full_gain_precompensation,0.0,3,2014-03-07T03:35:53.439,IOR-R600-0-36F8,-53.27,-52.01271298710801,-1.257287012891993,2.3758468107637696,60,14
gaussian_ou_purge15,full_gain_precompensation,0.0,3,2014-03-07T03:35:53.439,IOR-T1200-0-36D8,-56.605,-55.95783223341588,-0.6471677665841185,2.3647633750612393,60,14
gaussian_ou_purge15,full_gain_precompensation,0.0,3,2014-03-07T03:35:53.439,IOR-T1200-0-36FA,-56.345000000000006,-55.48357891210235,-0.8614210878976536,2.3681029583462765,60,14
gaussian_ou_purge15,full_gain_precompensation,0.0,4,2014-03-07T03:59:06.915,IOR-R1200-0-36D3,-56.16,-56.30042107299321,0.14042107299321316,2.342222508262551,61,15
gaussian_ou_purge15,full_gain_precompensation,0.0,4,2014-03-07T03:59:06.915,IOR-R1200-0-36E3,-56.23555555555556,-55.874471431409525,-0.3610841241460321,2.3391015997291493,61,15
gaussian_ou_purge15,full_gain_precompensation,0.0,4,2014-03-07T03:59:06.915,IOR-R1200-0-36ED,-55.61545454545455,-55.610239277326166,-0.005215268128381467,2.3423299661033266,61,15
gaussian_ou_purge15,full_gain_precompensation,0.0,4,2014-03-07T03:59:06.915,IOR-R600-0-36E1,-52.8,-53.00201829529249,0.20201829529248982,2.3410424142735193,61,15
gaussian_ou_purge15,full_gain_precompensation,0.0,4,2014-03-07T03:59:06.915,IOR-T1200-0-36D7,-56.3767741935484,-55.99160580178337,-0.3851683917650277,2.3394400769051606,61,15
gaussian_ou_purge15,full_gain_precompensation,0.0,4,2014-03-07T03:59:06.915,IOR-T1200-0-36D8,-56.27935483870967,-55.9301466852279,-0.3492081534817686,2.3387995653281024,61,15
gaussian_ou_purge15,full_gain_precompensation,0.0,4,2014-03-07T03:59:06.915,IOR-T1200-0-36F2,-55.51833333333334,-55.731214627140034,0.21288129380669574,2.341000350604758,61,15
gaussian_ou_purge15,full_gain_precompensation,0.0,4,2014-03-07T03:59:06.915,IOR-T1200-0-3718,-55.49666666666667,-55.7135260323444,0.21685936567772757,2.3408845481779843,61,15
gaussian_ou_purge15,full_gain_precompensation,0.0,5,2014-03-07T04:29:15.419,IOR-R1200-0-36E8,-55.41,-56.21494311557886,0.8049431155788653,2.338409415048786,65,15
gaussian_ou_purge15,full_gain_precompensation,0.0,5,2014-03-07T04:29:15.419,IOR-T1200-0-36D8,-55.12354838709677,-55.96065230039645,0.8371039132996785,2.332677700122882,65,15
gaussian_ou_purge15,full_gain_precompensation,0.0,5,2014-03-07T04:29:15.419,IOR-T1200-0-36E2,-54.48193548387096,-55.61736795625016,1.1354324723792004,2.3384308030743988,65,15
gaussian_ou_purge15,full_gain_precompensation,0.0,5,2014-03-07T04:29:15.419,IOR-T1200-0-3718,-54.95516129032258,-55.60192878164331,0.6467674913207304,2.334807370861189,65,15
gaussian_ou_purge15,full_gain_precompensation,0.0,6,2014-03-07T04:55:47.914,IOR-R1200-0-36E8,-53.43,-56.450537701555106,3.0205377015551065,2.237429986804915,64,14
gaussian_ou_purge15,full_gain_precompensation,0.0,7,2014-03-07T05:10:15.421,IOR-R1200-0-36E8,-54.39833333333333,-56.37429194237681,1.9759586090434738,2.237187312509822,64,14
gaussian_ou_purge15,full_gain_precompensation,0.0,7,2014-03-07T05:10:15.421,IOR-R600-0-36F7,-50.825,-53.03101487860195,2.2060148786019482,2.2444437290715245,64,14
gaussian_ou_purge15,full_gain_precompensation,0.0,7,2014-03-07T05:10:15.421,IOR-T1200-0-36D7,-54.31333333333333,-56.10909858241272,1.7957652490793876,2.2309749315099316,64,14
gaussian_ou_purge15,full_gain_precompensation,0.0,7,2014-03-07T05:10:15.421,IOR-T1200-0-36F2,-53.79666666666666,-55.81305170781515,2.0163850411484887,2.232553682764181,64,14
gaussian_ou_purge15,full_gain_precompensation,0.0,8,2014-03-07T05:29:16.912,IOR-R1200-0-36E3,-53.78625,-55.737529357647446,1.9512793576474436,2.285807204159376,64,15
gaussian_ou_purge15,full_gain_precompensation,0.0,8,2014-03-07T05:29:16.912,IOR-T1200-0-36D7,-53.91967741935485,-55.86879736855574,1.9491199492008917,2.2861958831215174,64,15
gaussian_ou_purge15,full_gain_precompensation,0.0,8,2014-03-07T05:29:16.912,IOR-T1200-0-36D8,-53.91516129032258,-55.77648923996579,1.8613279496432114,2.285491451802746,64,15
gaussian_ou_purge15,full_gain_precompensation,0.0,8,2014-03-07T05:29:16.912,IOR-T1200-0-36E2,-53.68806451612903,-55.209075893841835,1.521011377712803,2.2916424916457063,64,15
gaussian_ou_purge15,full_gain_precompensation,0.0,8,2014-03-07T05:29:16.912,IOR-T1200-0-36F2,-53.57193548387096,-55.52140038957591,1.94946490570495,2.2877852115090467,64,15
gaussian_ou_purge15,full_gain_precompensation,0.0,9,2014-03-07T06:09:33.454,IOR-R1200-0-36ED,-54.48,-55.16029530693078,0.6802953069307804,2.3402383870365444,64,15
gaussian_ou_purge15,full_gain_precompensation,0.0,9,2014-03-07T06:09:33.454,IOR-R1200-0-36F6,-54.73299999999999,-55.441323466532474,0.7083234665324838,2.342925705568016,64,15
gaussian_ou_purge15,full_gain_precompensation,0.0,9,2014-03-07T06:09:33.454,IOR-R600-0-36E1,-51.815,-52.51478494230362,0.6997849423036229,2.3389077041626933,64,15
gaussian_ou_purge15,full_gain_precompensation,0.0,9,2014-03-07T06:09:33.454,IOR-T1200-0-36D8,-54.92000000000001,-55.51114544876136,0.5911454487613526,2.3366147430753363,64,15
gaussian_ou_purge15,full_gain_precompensation,0.0,9,2014-03-07T06:09:33.454,IOR-T1200-0-36FA,-54.60166666666667,-55.11133456168305,0.5096678950163849,2.338891698030906,64,15
gaussian_ou_purge15,full_gain_precompensation,0.0,10,2014-03-07T06:48:19.429,IOR-R1200-0-36ED,-54.26333333333334,-54.98850499579911,0.7251716624657689,2.3404998769716676,64,15
gaussian_ou_purge15,full_gain_precompensation,0.0,10,2014-03-07T06:48:19.429,IOR-R1200-0-36F6,-54.626666666666665,-55.203410974748564,0.5767443080818992,2.3432523877245255,64,15
gaussian_ou_purge15,full_gain_precompensation,0.0,10,2014-03-07T06:48:19.429,IOR-R600-0-36E1,-51.53,-52.35538393122619,0.8253839312261917,2.3392755587856553,64,15
gaussian_ou_purge15,full_gain_precompensation,0.0,10,2014-03-07T06:48:19.429,IOR-T1200-0-36D7,-54.67166666666666,-55.429266901320865,0.7576002346542055,2.3376934142669104,64,15
gaussian_ou_purge15,full_gain_precompensation,0.0,10,2014-03-07T06:48:19.429,IOR-T1200-0-3718,-54.473333333333336,-55.0001487475231,0.5268154141897625,2.3390948445611026,64,15
gaussian_ou_purge15,full_gain_precompensation,0.0,11,2014-03-07T07:58:13.411,IOR-R1200-0-36E3,-58.35111111111112,-54.868619140994184,-3.4824919701169392,1.234963028810537,63,14
gaussian_ou_purge15,full_gain_precompensation,0.0,11,2014-03-07T07:58:13.411,IOR-R1200-0-36E8,-58.9,-54.992768520991916,-3.9072314790080824,1.2464107290961155,63,14
gaussian_ou_purge15,full_gain_precompensation,0.0,11,2014-03-07T07:58:13.411,IOR-R1200-0-36F5,-58.20571428571429,-54.53545031640191,-3.67026396931238,1.350189411429939,63,14
gaussian_ou_purge15,full_gain_precompensation,0.0,11,2014-03-07T07:58:13.411,IOR-R600-0-36F7,-55.235,-51.78991605971739,-3.4450839402826077,1.260563825310323,63,14
gaussian_ou_purge15,full_gain_precompensation,0.0,11,2014-03-07T07:58:13.411,IOR-T1200-0-36F2,-58.26499999999999,-54.59911061009776,-3.665889389902233,1.2386044360247104,63,14
gaussian_ou_purge15,full_gain_precompensation,0.0,12,2014-03-07T08:01:53.411,IOR-R600-0-36F8,-47.325,-51.33473392097232,4.009733920972316,1.2671004374431747,63,14
gaussian_ou_purge15,full_gain_precompensation,0.0,13,2014-03-07T15:59:55.413,IOR-R1200-0-36D3,-57.09333333333334,-55.01212708066853,-2.0812062526648134,2.4565761633198604,61,14
gaussian_ou_purge15,full_gain_precompensation,0.0,13,2014-03-07T15:59:55.413,IOR-R600-0-36F8,-52.505,-51.76218285841401,-0.742817141585995,2.4599968979682347,61,14
gaussian_ou_purge15,full_gain_precompensation,0.0,13,2014-03-07T15:59:55.413,IOR-T1200-0-36D7,-56.395,-55.04057916813875,-1.3544208318612547,2.454004673287859,61,14
gaussian_ou_purge15,full_gain_precompensation,0.0,13,2014-03-07T15:59:55.413,IOR-T1200-0-36D8,-57.065,-54.97776543487272,-2.0872345651272752,2.453432286494705,61,14
gaussian_ou_purge15,full_gain_precompensation,0.0,14,2014-03-07T16:06:34.906,IOR-R1200-0-36D3,-57.2625925925926,-55.012826616624714,-2.2497659759678825,2.4565761627837466,61,14
gaussian_ou_purge15,full_gain_precompensation,0.0,14,2014-03-07T16:06:34.906,IOR-R1200-0-36E3,-56.79,-54.883092887108525,-1.9069071128914743,2.4534375646336377,61,14
gaussian_ou_purge15,full_gain_precompensation,0.0,14,2014-03-07T16:06:34.906,IOR-T1200-0-36D7,-56.935,-55.04179344617225,-1.8932065538277527,2.4540046727482827,61,14
gaussian_ou_purge15,full_gain_precompensation,0.0,14,2014-03-07T16:06:34.906,IOR-T1200-0-36D8,-56.114444444444445,-54.97870975370013,-1.1357346907443144,2.4534322859561803,61,14
gaussian_ou_purge15,full_gain_precompensation,0.0,15,2014-03-07T17:06:49.406,IOR-R1200-0-36ED,-55.82875,-54.79347743699863,-1.0352725630013708,2.334140603750968,65,15
gaussian_ou_purge15,full_gain_precompensation,0.0,15,2014-03-07T17:06:49.406,IOR-T1200-0-36D7,-56.08258064516129,-55.283835391428845,-0.7987452537324486,2.331308959605519,65,15
gaussian_ou_purge15,full_gain_precompensation,0.0,15,2014-03-07T17:06:49.406,IOR-T1200-0-36D8,-56.14645161290324,-55.19081519217347,-0.9556364207297747,2.330634296208458,65,15
gaussian_ou_purge15,full_gain_precompensation,0.0,15,2014-03-07T17:06:49.406,IOR-T1200-0-3718,-55.76854838709677,-54.893396243518595,-0.8751521435781768,2.332733487143879,65,15
gaussian_ou_purge15,no_gain_precompensation,1.0,0,2014-03-07T01:55:23.450,IOR-R1200-0-36E3,-59.095,-59.03062717781844,-0.06437282218156071,2.2345389982672037,63,15
gaussian_ou_purge15,no_gain_precompensation,1.0,0,2014-03-07T01:55:23.450,IOR-R1200-0-36F6,-59.20333333333334,-58.95476468754846,-0.24856864578487858,2.2393421526167763,63,15
gaussian_ou_purge15,no_gain_precompensation,1.0,0,2014-03-07T01:55:23.450,IOR-R1200-0-3700,-58.845,-58.725581790188166,-0.11941820981183326,2.3115685952515723,63,15
gaussian_ou_purge15,no_gain_precompensation,1.0,0,2014-03-07T01:55:23.450,IOR-R600-0-36E1,-56.11,-55.982037104056,-0.1279628959440018,2.2360687908289125,63,15
gaussian_ou_purge15,no_gain_precompensation,1.0,0,2014-03-07T01:55:23.450,IOR-T1200-0-36FA,-59.20833333333334,-58.711018850712904,-0.497314482620439,2.2360501762225695,63,15
gaussian_ou_purge15,no_gain_precompensation,1.0,0,2014-03-07T01:55:23.450,IOR-T1200-0-3718,-58.946666666666665,-58.80426519534133,-0.14240147132533565,2.2359926041611238,63,15
gaussian_ou_purge15,no_gain_precompensation,1.0,1,2014-03-07T03:20:09.424,IOR-R1200-0-36E3,-56.47333333333333,-55.511521212844336,-0.9618121204889931,2.2994236445367076,60,14
gaussian_ou_purge15,no_gain_precompensation,1.0,1,2014-03-07T03:20:09.424,IOR-R600-0-36E1,-53.93,-52.95330056126677,-0.9766994387332275,2.3005486998822082,60,14
gaussian_ou_purge15,no_gain_precompensation,1.0,1,2014-03-07T03:20:09.424,IOR-T1200-0-36F2,-56.59666666666667,-55.03299496997168,-1.563671696694989,2.300506536295227,60,14
gaussian_ou_purge15,no_gain_precompensation,1.0,1,2014-03-07T03:20:09.424,IOR-T1200-0-36FA,-55.64000000000001,-54.98340182944245,-0.6565981705575581,2.3014567746956507,60,14
gaussian_ou_purge15,no_gain_precompensation,1.0,2,2014-03-07T03:29:06.417,IOR-R1200-0-36D3,-57.11,-57.834125631872574,0.7241256318725746,2.298565560952032,56,13
gaussian_ou_purge15,no_gain_precompensation,1.0,2,2014-03-07T03:29:06.417,IOR-R1200-0-36E3,-56.602500000000006,-56.89094370927921,0.28844370927920693,2.29722556619654,56,13
gaussian_ou_purge15,no_gain_precompensation,1.0,2,2014-03-07T03:29:06.417,IOR-T1200-0-36D8,-56.92000000000001,-57.46353115741081,0.5435311574108042,2.2966406289904513,56,13
gaussian_ou_purge15,no_gain_precompensation,1.0,2,2014-03-07T03:29:06.417,IOR-T1200-0-36E2,-56.50129032258064,-57.023393620002096,0.5221032974214594,2.3001559581994915,56,13
gaussian_ou_purge15,no_gain_precompensation,1.0,2,2014-03-07T03:29:06.417,IOR-T1200-0-36FA,-56.74225806451613,-57.31098339247596,0.5687253279598323,2.3004412566978925,56,13
gaussian_ou_purge15,no_gain_precompensation,1.0,3,2014-03-07T03:35:53.439,IOR-R1200-0-36E3,-56.46666666666667,-55.24230540219623,-1.2243612644704385,2.2253179972482875,60,14
gaussian_ou_purge15,no_gain_precompensation,1.0,3,2014-03-07T03:35:53.439,IOR-R600-0-36F8,-53.27,-51.311964680211716,-1.9580353197882872,2.233917870865031,60,14
gaussian_ou_purge15,no_gain_precompensation,1.0,3,2014-03-07T03:35:53.439,IOR-T1200-0-36D8,-56.605,-55.32503732621234,-1.279962673787658,2.2250002547163916,60,14
gaussian_ou_purge15,no_gain_precompensation,1.0,3,2014-03-07T03:35:53.439,IOR-T1200-0-36FA,-56.345000000000006,-54.99126814986919,-1.3537318501308135,2.2275776943533967,60,14
gaussian_ou_purge15,no_gain_precompensation,1.0,4,2014-03-07T03:59:06.915,IOR-R1200-0-36D3,-56.16,-55.60249545520085,-0.5575045447991442,2.2311956416817265,61,15
gaussian_ou_purge15,no_gain_precompensation,1.0,4,2014-03-07T03:59:06.915,IOR-R1200-0-36E3,-56.23555555555556,-55.359201092641186,-0.8763544629143709,2.228447258141748,61,15
gaussian_ou_purge15,no_gain_precompensation,1.0,4,2014-03-07T03:59:06.915,IOR-R1200-0-36ED,-55.61545454545455,-54.87114022379408,-0.7443143216604682,2.231295410425608,61,15
gaussian_ou_purge15,no_gain_precompensation,1.0,4,2014-03-07T03:59:06.915,IOR-R600-0-36E1,-52.8,-52.1367865763953,-0.6632134236046952,2.2301553610703606,61,15
gaussian_ou_purge15,no_gain_precompensation,1.0,4,2014-03-07T03:59:06.915,IOR-T1200-0-36D7,-56.3767741935484,-55.4778455732091,-0.8989286203392979,2.228742287100758,61,15
gaussian_ou_purge15,no_gain_precompensation,1.0,4,2014-03-07T03:59:06.915,IOR-T1200-0-36D8,-56.27935483870967,-55.41997400001894,-0.8593808386907327,2.228186753833994,61,15
gaussian_ou_purge15,no_gain_precompensation,1.0,4,2014-03-07T03:59:06.915,IOR-T1200-0-36F2,-55.51833333333334,-55.069429138148955,-0.44890419518438307,2.2301185327337025,61,15
gaussian_ou_purge15,no_gain_precompensation,1.0,4,2014-03-07T03:59:06.915,IOR-T1200-0-3718,-55.49666666666667,-54.981523487674835,-0.5151431789918348,2.2300128521947222,61,15
gaussian_ou_purge15,no_gain_precompensation,1.0,5,2014-03-07T04:29:15.419,IOR-R1200-0-36E8,-55.41,-55.52906321134945,0.11906321134945586,2.24388739950136,65,15
gaussian_ou_purge15,no_gain_precompensation,1.0,5,2014-03-07T04:29:15.419,IOR-T1200-0-36D8,-55.12354838709677,-55.22498980477859,0.10144141768181925,2.2392258435541526,65,15
gaussian_ou_purge15,no_gain_precompensation,1.0,5,2014-03-07T04:29:15.419,IOR-T1200-0-36E2,-54.48193548387096,-54.903165452441286,0.4212299685703229,2.243822095413114,65,15
gaussian_ou_purge15,no_gain_precompensation,1.0,5,2014-03-07T04:29:15.419,IOR-T1200-0-3718,-54.95516129032258,-54.88795916110249,-0.06720212922008528,2.2409056802763745,65,15
gaussian_ou_purge15,no_gain_precompensation,1.0,6,2014-03-07T04:55:47.914,IOR-R1200-0-36E8,-53.43,-56.740610643723365,3.310610643723365,2.0713436807888947,64,14
gaussian_ou_purge15,no_gain_precompensation,1.0,7,2014-03-07T05:10:15.421,IOR-R1200-0-36E8,-54.39833333333333,-56.56399364470807,2.1656603113747366,2.071118292272992,64,14
gaussian_ou_purge15,no_gain_precompensation,1.0,7,2014-03-07T05:10:15.421,IOR-R600-0-36F7,-50.825,-53.15672978924809,2.3317297892480866,2.0775851303777513,64,14
gaussian_ou_purge15,no_gain_precompensation,1.0,7,2014-03-07T05:10:15.421,IOR-T1200-0-36D7,-54.31333333333333,-56.243131180853176,1.9297978475198434,2.065896418761692,64,14
gaussian_ou_purge15,no_gain_precompensation,1.0,7,2014-03-07T05:10:15.421,IOR-T1200-0-36F2,-53.79666666666666,-56.035010802550474,2.238344135883814,2.0671939626772966,64,14
gaussian_ou_purge15,no_gain_precompensation,1.0,8,2014-03-07T05:29:16.912,IOR-R1200-0-36E3,-53.78625,-55.85302632369836,2.066776323698356,2.1668053953308095,64,15
gaussian_ou_purge15,no_gain_precompensation,1.0,8,2014-03-07T05:29:16.912,IOR-T1200-0-36D7,-53.91967741935485,-55.983935902673316,2.0642584833184685,2.167113919175667,64,15
gaussian_ou_purge15,no_gain_precompensation,1.0,8,2014-03-07T05:29:16.912,IOR-T1200-0-36D8,-53.91516129032258,-55.89751299113594,1.9823517008133607,2.1665595397381163,64,15
gaussian_ou_purge15,no_gain_precompensation,1.0,8,2014-03-07T05:29:16.912,IOR-T1200-0-36E2,-53.68806451612903,-55.34601110370906,1.657946587580028,2.1715308952573404,64,15
gaussian_ou_purge15,no_gain_precompensation,1.0,8,2014-03-07T05:29:16.912,IOR-T1200-0-36F2,-53.57193548387096,-55.726489416101764,2.1545539322308045,2.168389456974909,64,15
gaussian_ou_purge15,no_gain_precompensation,1.0,9,2014-03-07T06:09:33.454,IOR-R1200-0-36ED,-54.48,-54.77333939765093,0.2933393976509322,2.2394194980062943,64,15
gaussian_ou_purge15,no_gain_precompensation,1.0,9,2014-03-07T06:09:33.454,IOR-R1200-0-36F6,-54.73299999999999,-55.03021685595832,0.29721685595833236,2.241648903391128,64,15
gaussian_ou_purge15,no_gain_precompensation,1.0,9,2014-03-07T06:09:33.454,IOR-R600-0-36E1,-51.815,-51.993336362186625,0.17833636218662718,2.238338330555728,64,15
gaussian_ou_purge15,no_gain_precompensation,1.0,9,2014-03-07T06:09:33.454,IOR-T1200-0-36D8,-54.92000000000001,-55.10010775360902,0.18010775360900766,2.2364970639980446,64,15
gaussian_ou_purge15,no_gain_precompensation,1.0,9,2014-03-07T06:09:33.454,IOR-T1200-0-36FA,-54.60166666666667,-54.79918404363351,0.19751737696684302,2.2383217379575795,64,15
gaussian_ou_purge15,no_gain_precompensation,1.0,10,2014-03-07T06:48:19.429,IOR-R1200-0-36ED,-54.26333333333334,-54.28662289585987,0.023289562526528584,2.240638825702607,64,15
gaussian_ou_purge15,no_gain_precompensation,1.0,10,2014-03-07T06:48:19.429,IOR-R1200-0-36F6,-54.626666666666665,-54.47500653942172,-0.15166012724494493,2.2429263160498487,64,15
gaussian_ou_purge15,no_gain_precompensation,1.0,10,2014-03-07T06:48:19.429,IOR-R600-0-36E1,-51.53,-51.5148019397478,-0.01519806025220305,2.239646335701743,64,15
gaussian_ou_purge15,no_gain_precompensation,1.0,10,2014-03-07T06:48:19.429,IOR-T1200-0-36D7,-54.67166666666666,-54.69151188279577,0.01984521612911294,2.238367781942177,64,15
gaussian_ou_purge15,no_gain_precompensation,1.0,10,2014-03-07T06:48:19.429,IOR-T1200-0-3718,-54.473333333333336,-54.293707859041064,-0.1796254742922727,2.239494597823633,64,15
gaussian_ou_purge15,no_gain_precompensation,1.0,11,2014-03-07T07:58:13.411,IOR-R1200-0-36E3,-58.35111111111112,-54.330776452093325,-4.020334659017799,1.4384552696320756,63,14
gaussian_ou_purge15,no_gain_precompensation,1.0,11,2014-03-07T07:58:13.411,IOR-R1200-0-36E8,-58.9,-54.57990810472586,-4.320091895274139,1.4455360677098466,63,14
gaussian_ou_purge15,no_gain_precompensation,1.0,11,2014-03-07T07:58:13.411,IOR-R1200-0-36F5,-58.20571428571429,-54.01748616158904,-4.188228124125253,1.5469678171221302,63,14
gaussian_ou_purge15,no_gain_precompensation,1.0,11,2014-03-07T07:58:13.411,IOR-R600-0-36F7,-55.235,-51.22241615651908,-4.012583843480918,1.4560808497939137,63,14
gaussian_ou_purge15,no_gain_precompensation,1.0,11,2014-03-07T07:58:13.411,IOR-T1200-0-36F2,-58.26499999999999,-54.15904231206385,-4.10595768793614,1.4407178534447582,63,14
gaussian_ou_purge15,no_gain_precompensation,1.0,12,2014-03-07T08:01:53.411,IOR-R600-0-36F8,-47.325,-50.77288802779007,3.4478880277900643,1.447561470060471,63,14
gaussian_ou_purge15,no_gain_precompensation,1.0,13,2014-03-07T15:59:55.413,IOR-R1200-0-36D3,-57.09333333333334,-55.220053801539834,-1.8732795317935071,2.3385552481498615,61,14
gaussian_ou_purge15,no_gain_precompensation,1.0,13,2014-03-07T15:59:55.413,IOR-R600-0-36F8,-52.505,-51.853112101994874,-0.6518878980051284,2.3408770503711938,61,14
gaussian_ou_purge15,no_gain_precompensation,1.0,13,2014-03-07T15:59:55.413,IOR-T1200-0-36D7,-56.395,-55.166407458161146,-1.2285925418388572,2.336982109548103,61,14
gaussian_ou_purge15,no_gain_precompensation,1.0,13,2014-03-07T15:59:55.413,IOR-T1200-0-36D8,-57.065,-55.11278545617475,-1.9522145438252494,2.3366414299520586,61,14
gaussian_ou_purge15,no_gain_precompensation,1.0,14,2014-03-07T16:06:34.906,IOR-R1200-0-36D3,-57.2625925925926,-55.22075333799065,-2.041839254601946,2.3385552476374656,61,14
gaussian_ou_purge15,no_gain_precompensation,1.0,14,2014-03-07T16:06:34.906,IOR-R1200-0-36E3,-56.79,-55.009647037727404,-1.7803529622725947,2.33664290104176,61,14
gaussian_ou_purge15,no_gain_precompensation,1.0,14,2014-03-07T16:06:34.906,IOR-T1200-0-36D7,-56.935,-55.16762173668928,-1.7673782633107251,2.3369821090336647,61,14
gaussian_ou_purge15,no_gain_precompensation,1.0,14,2014-03-07T16:06:34.906,IOR-T1200-0-36D8,-56.114444444444445,-55.113729775496786,-1.0007146689476585,2.3366414294382505,61,14
gaussian_ou_purge15,no_gain_precompensation,1.0,15,2014-03-07T17:06:49.406,IOR-R1200-0-36ED,-55.82875,-54.62244964777433,-1.206300352225668,2.2209867485715926,65,15
gaussian_ou_purge15,no_gain_precompensation,1.0,15,2014-03-07T17:06:49.406,IOR-T1200-0-36D7,-56.08258064516129,-55.078486630599414,-1.004094014561879,2.2186889613306864,65,15
gaussian_ou_purge15,no_gain_precompensation,1.0,15,2014-03-07T17:06:49.406,IOR-T1200-0-36D8,-56.14645161290324,-54.99250794415488,-1.1539436687483615,2.2181528764857585,65,15
gaussian_ou_purge15,no_gain_precompensation,1.0,15,2014-03-07T17:06:49.406,IOR-T1200-0-3718,-55.76854838709677,-54.720211715814486,-1.0483366712822857,2.219838368201803,65,15
gaussian_ou_purge60,full_gain_precompensation,0.0,0,2014-03-07T01:55:23.450,IOR-R1200-0-36E3,-59.095,-56.02282581429555,-3.072174185704448,2.172724941035713,63,15
gaussian_ou_purge60,full_gain_precompensation,0.0,0,2014-03-07T01:55:23.450,IOR-R1200-0-36F6,-59.20333333333334,-55.936317081209545,-3.2670162521237955,2.1789717366619126,63,15
gaussian_ou_purge60,full_gain_precompensation,0.0,0,2014-03-07T01:55:23.450,IOR-R1200-0-3700,-58.845,-55.69813730235614,-3.1468626976438614,2.248392823426864,63,15
gaussian_ou_purge60,full_gain_precompensation,0.0,0,2014-03-07T01:55:23.450,IOR-R600-0-36E1,-56.11,-53.072623024905994,-3.0373769750940056,2.17474067856465,63,15
gaussian_ou_purge60,full_gain_precompensation,0.0,0,2014-03-07T01:55:23.450,IOR-T1200-0-36FA,-59.20833333333334,-55.59410904957178,-3.6142242837615655,2.1747203628596323,63,15
gaussian_ou_purge60,full_gain_precompensation,0.0,0,2014-03-07T01:55:23.450,IOR-T1200-0-3718,-58.946666666666665,-55.76544766633739,-3.1812190003292784,2.1746438508611394,63,15
gaussian_ou_purge60,full_gain_precompensation,0.0,1,2014-03-07T03:20:09.424,IOR-R1200-0-36E3,-56.47333333333333,-55.78630584893982,-0.6870274843935107,2.556880490236472,48,12
gaussian_ou_purge60,full_gain_precompensation,0.0,1,2014-03-07T03:20:09.424,IOR-R600-0-36E1,-53.93,-52.82871093261731,-1.1012890673826874,2.558151573260549,48,12
gaussian_ou_purge60,full_gain_precompensation,0.0,1,2014-03-07T03:20:09.424,IOR-T1200-0-36F2,-56.59666666666667,-55.543179453928246,-1.0534872127384247,2.558030061241562,48,12
gaussian_ou_purge60,full_gain_precompensation,0.0,1,2014-03-07T03:20:09.424,IOR-T1200-0-36FA,-55.64000000000001,-55.753867874653174,0.11386787465316672,2.5596941245635936,48,12
gaussian_ou_purge60,full_gain_precompensation,0.0,2,2014-03-07T03:29:06.417,IOR-R1200-0-36D3,-57.11,-56.35181215259928,-0.7581878474007198,2.5595821660649007,48,12
gaussian_ou_purge60,full_gain_precompensation,0.0,2,2014-03-07T03:29:06.417,IOR-R1200-0-36E3,-56.602500000000006,-55.28319604505626,-1.3193039549437486,2.5568804898389996,48,12
gaussian_ou_purge60,full_gain_precompensation,0.0,2,2014-03-07T03:29:06.417,IOR-T1200-0-36D8,-56.92000000000001,-55.877029144837486,-1.0429708551625225,2.5560198804668888,48,12
gaussian_ou_purge60,full_gain_precompensation,0.0,2,2014-03-07T03:29:06.417,IOR-T1200-0-36E2,-56.50129032258064,-55.449917336795025,-1.051372985785612,2.559264718833069,48,12
gaussian_ou_purge60,full_gain_precompensation,0.0,2,2014-03-07T03:29:06.417,IOR-T1200-0-36FA,-56.74225806451613,-55.75207135523416,-0.9901867092819714,2.5596941241669597,48,12
gaussian_ou_purge60,full_gain_precompensation,0.0,3,2014-03-07T03:35:53.439,IOR-R1200-0-36E3,-56.46666666666667,-55.8332104129276,-0.6334562537390696,2.687351636913553,44,11
gaussian_ou_purge60,full_gain_precompensation,0.0,3,2014-03-07T03:35:53.439,IOR-R600-0-36F8,-53.27,-51.9313477165293,-1.3386522834707009,2.693371849040078,44,11
gaussian_ou_purge60,full_gain_precompensation,0.0,3,2014-03-07T03:35:53.439,IOR-T1200-0-36D8,-56.605,-55.91698656011163,-0.6880134398883655,2.686906310685136,44,11
gaussian_ou_purge60,full_gain_precompensation,0.0,3,2014-03-07T03:35:53.439,IOR-T1200-0-36FA,-56.345000000000006,-55.780455071889364,-0.5645449281106423,2.6902288536779166,44,11
gaussian_ou_purge60,full_gain_precompensation,0.0,4,2014-03-07T03:59:06.915,IOR-R1200-0-36D3,-56.16,-56.6169739022402,0.4569739022402004,2.6867979870867655,43,10
gaussian_ou_purge60,full_gain_precompensation,0.0,4,2014-03-07T03:59:06.915,IOR-R1200-0-36E3,-56.23555555555556,-56.05836307740114,-0.1771924781544172,2.684266608930454,43,10
gaussian_ou_purge60,full_gain_precompensation,0.0,4,2014-03-07T03:59:06.915,IOR-R1200-0-36ED,-55.61545454545455,-55.792768578726445,0.1773140332718981,2.6852950094594004,43,10
gaussian_ou_purge60,full_gain_precompensation,0.0,4,2014-03-07T03:59:06.915,IOR-R600-0-36E1,-52.8,-53.068223178436114,0.2682231784361164,2.68544397159114,43,10
gaussian_ou_purge60,full_gain_precompensation,0.0,4,2014-03-07T03:59:06.915,IOR-T1200-0-36D7,-56.3767741935484,-56.170355441919845,-0.20641875162855428,2.683311745559656,43,10
gaussian_ou_purge60,full_gain_precompensation,0.0,4,2014-03-07T03:59:06.915,IOR-T1200-0-36D8,-56.27935483870967,-56.139377029304704,-0.13997780940496796,2.68366677762593,43,10
gaussian_ou_purge60,full_gain_precompensation,0.0,4,2014-03-07T03:59:06.915,IOR-T1200-0-36F2,-55.51833333333334,-55.8118947553924,0.29356142205906366,2.685716542599186,43,10
gaussian_ou_purge60,full_gain_precompensation,0.0,4,2014-03-07T03:59:06.915,IOR-T1200-0-3718,-55.49666666666667,-55.86410979599715,0.36744312933048207,2.685260429514224,43,10
gaussian_ou_purge60,full_gain_precompensation,0.0,5,2014-03-07T04:29:15.419,IOR-R1200-0-36E8,-55.41,-56.72650105609435,1.3165010560943529,2.465221999794465,48,11
gaussian_ou_purge60,full_gain_precompensation,0.0,5,2014-03-07T04:29:15.419,IOR-T1200-0-36D8,-55.12354838709677,-56.30496734425688,1.181418957160112,2.450909556489191,48,11
gaussian_ou_purge60,full_gain_precompensation,0.0,5,2014-03-07T04:29:15.419,IOR-T1200-0-36E2,-54.48193548387096,-56.011428904272215,1.529493420401252,2.4561963798770257,48,11
gaussian_ou_purge60,full_gain_precompensation,0.0,5,2014-03-07T04:29:15.419,IOR-T1200-0-3718,-54.95516129032258,-56.057444819856656,1.102283529534077,2.4539031608968647,48,11
gaussian_ou_purge60,full_gain_precompensation,0.0,6,2014-03-07T04:55:47.914,IOR-R1200-0-36E8,-53.43,-56.84758034219591,3.4175803421959117,2.4177797665536205,47,11
gaussian_ou_purge60,full_gain_precompensation,0.0,7,2014-03-07T05:10:15.421,IOR-R1200-0-36E8,-54.39833333333333,-56.765980930517834,2.367647597184501,2.4114288345182757,50,11
gaussian_ou_purge60,full_gain_precompensation,0.0,7,2014-03-07T05:10:15.421,IOR-R600-0-36F7,-50.825,-53.49439996279447,2.669399962794465,2.4114288345182757,50,11
gaussian_ou_purge60,full_gain_precompensation,0.0,7,2014-03-07T05:10:15.421,IOR-T1200-0-36D7,-54.31333333333333,-56.51634587041269,2.20301253707936,2.3960346049951076,50,11
gaussian_ou_purge60,full_gain_precompensation,0.0,7,2014-03-07T05:10:15.421,IOR-T1200-0-36F2,-53.79666666666666,-56.256841189075736,2.4601745224090763,2.3990948549440847,50,11
gaussian_ou_purge60,full_gain_precompensation,0.0,8,2014-03-07T05:29:16.912,IOR-R1200-0-36E3,-53.78625,-56.21134327102178,2.4250932710217796,2.316190571637205,54,12
gaussian_ou_purge60,full_gain_precompensation,0.0,8,2014-03-07T05:29:16.912,IOR-T1200-0-36D7,-53.91967741935485,-56.30452101390985,2.384843594555001,2.3173533011112095,54,12
gaussian_ou_purge60,full_gain_precompensation,0.0,8,2014-03-07T05:29:16.912,IOR-T1200-0-36D8,-53.91516129032258,-56.23107018967545,2.31590889935287,2.316109660424525,54,12
gaussian_ou_purge60,full_gain_precompensation,0.0,8,2014-03-07T05:29:16.912,IOR-T1200-0-36E2,-53.68806451612903,-55.6809724091617,1.9929078930326654,2.3230710206176615,54,12
gaussian_ou_purge60,full_gain_precompensation,0.0,8,2014-03-07T05:29:16.912,IOR-T1200-0-36F2,-53.57193548387096,-56.02883672692628,2.45690124305532,2.320164549361495,54,12
gaussian_ou_purge60,full_gain_precompensation,0.0,9,2014-03-07T06:09:33.454,IOR-R1200-0-36ED,-54.48,-55.544097036275815,1.0640970362758182,2.5081926896075952,50,12
gaussian_ou_purge60,full_gain_precompensation,0.0,9,2014-03-07T06:09:33.454,IOR-R1200-0-36F6,-54.73299999999999,-55.750570144323184,1.0175701443231944,2.515529619773921,50,12
gaussian_ou_purge60,full_gain_precompensation,0.0,9,2014-03-07T06:09:33.454,IOR-R600-0-36E1,-51.815,-52.95725453651835,1.142254536518351,2.505381599680613,50,12
gaussian_ou_purge60,full_gain_precompensation,0.0,9,2014-03-07T06:09:33.454,IOR-T1200-0-36D8,-54.92000000000001,-55.86788044207564,0.947880442075629,2.5013155056741287,50,12
gaussian_ou_purge60,full_gain_precompensation,0.0,9,2014-03-07T06:09:33.454,IOR-T1200-0-36FA,-54.60166666666667,-55.49174096297459,0.8900742963079225,2.5037402991426654,50,12
gaussian_ou_purge60,full_gain_precompensation,0.0,10,2014-03-07T06:48:19.429,IOR-R1200-0-36ED,-54.26333333333334,-55.060896991337614,0.7975636580042718,2.431574942554981,59,14
gaussian_ou_purge60,full_gain_precompensation,0.0,10,2014-03-07T06:48:19.429,IOR-R1200-0-36F6,-54.626666666666665,-55.26114059949552,0.634473932828854,2.4385389519499605,59,14
gaussian_ou_purge60,full_gain_precompensation,0.0,10,2014-03-07T06:48:19.429,IOR-R600-0-36E1,-51.53,-52.438249442218364,0.9082494422183629,2.4290873212896793,59,14
gaussian_ou_purge60,full_gain_precompensation,0.0,10,2014-03-07T06:48:19.429,IOR-T1200-0-36D7,-54.67166666666666,-55.476871648216026,0.805204981549366,2.4260064796565826,59,14
gaussian_ou_purge60,full_gain_precompensation,0.0,10,2014-03-07T06:48:19.429,IOR-T1200-0-3718,-54.473333333333336,-55.05155989344484,0.5782265601115029,2.427551362026313,59,14
gaussian_ou_purge60,full_gain_precompensation,0.0,11,2014-03-07T07:58:13.411,IOR-R1200-0-36E3,-58.35111111111112,-54.868619140994184,-3.4824919701169392,1.234963028810537,63,14
gaussian_ou_purge60,full_gain_precompensation,0.0,11,2014-03-07T07:58:13.411,IOR-R1200-0-36E8,-58.9,-54.992768520991916,-3.9072314790080824,1.2464107290961155,63,14
gaussian_ou_purge60,full_gain_precompensation,0.0,11,2014-03-07T07:58:13.411,IOR-R1200-0-36F5,-58.20571428571429,-54.53545031640191,-3.67026396931238,1.350189411429939,63,14
gaussian_ou_purge60,full_gain_precompensation,0.0,11,2014-03-07T07:58:13.411,IOR-R600-0-36F7,-55.235,-51.78991605971739,-3.4450839402826077,1.260563825310323,63,14
gaussian_ou_purge60,full_gain_precompensation,0.0,11,2014-03-07T07:58:13.411,IOR-T1200-0-36F2,-58.26499999999999,-54.59911061009776,-3.665889389902233,1.2386044360247104,63,14
gaussian_ou_purge60,full_gain_precompensation,0.0,12,2014-03-07T08:01:53.411,IOR-R600-0-36F8,-47.325,-51.33473392097232,4.009733920972316,1.2671004374431747,63,14
gaussian_ou_purge60,full_gain_precompensation,0.0,13,2014-03-07T15:59:55.413,IOR-R1200-0-36D3,-57.09333333333334,-55.01212708066853,-2.0812062526648134,2.4565761633198604,61,14
gaussian_ou_purge60,full_gain_precompensation,0.0,13,2014-03-07T15:59:55.413,IOR-R600-0-36F8,-52.505,-51.76218285841401,-0.742817141585995,2.4599968979682347,61,14
gaussian_ou_purge60,full_gain_precompensation,0.0,13,2014-03-07T15:59:55.413,IOR-T1200-0-36D7,-56.395,-55.04057916813875,-1.3544208318612547,2.454004673287859,61,14
gaussian_ou_purge60,full_gain_precompensation,0.0,13,2014-03-07T15:59:55.413,IOR-T1200-0-36D8,-57.065,-54.97776543487272,-2.0872345651272752,2.453432286494705,61,14
gaussian_ou_purge60,full_gain_precompensation,0.0,14,2014-03-07T16:06:34.906,IOR-R1200-0-36D3,-57.2625925925926,-54.91906849784002,-2.343524094752574,2.5442194899845463,57,13
gaussian_ou_purge60,full_gain_precompensation,0.0,14,2014-03-07T16:06:34.906,IOR-R1200-0-36E3,-56.79,-54.793804960937145,-1.9961950390628544,2.540971771450682,57,13
gaussian_ou_purge60,full_gain_precompensation,0.0,14,2014-03-07T16:06:34.906,IOR-T1200-0-36D7,-56.935,-54.9780306457106,-1.9569693542894058,2.5420316481031837,57,13
gaussian_ou_purge60,full_gain_precompensation,0.0,14,2014-03-07T16:06:34.906,IOR-T1200-0-36D8,-56.114444444444445,-54.88297916470061,-1.231465279743837,2.5412104868172523,57,13
gaussian_ou_purge60,full_gain_precompensation,0.0,15,2014-03-07T17:06:49.406,IOR-R1200-0-36ED,-55.82875,-54.68864197561019,-1.1401080243898107,2.3892114635402026,61,14
gaussian_ou_purge60,full_gain_precompensation,0.0,15,2014-03-07T17:06:49.406,IOR-T1200-0-36D7,-56.08258064516129,-55.14427492859485,-0.9383057165664468,2.3872393055215437,61,14
gaussian_ou_purge60,full_gain_precompensation,0.0,15,2014-03-07T17:06:49.406,IOR-T1200-0-36D8,-56.14645161290324,-55.17219102617205,-0.9742605867311909,2.3864725440861263,61,14
gaussian_ou_purge60,full_gain_precompensation,0.0,15,2014-03-07T17:06:49.406,IOR-T1200-0-3718,-55.76854838709677,-54.79001983251065,-0.97852855458612,2.3880018535983685,61,14
gaussian_ou_purge60,no_gain_precompensation,1.0,0,2014-03-07T01:55:23.450,IOR-R1200-0-36E3,-59.095,-59.03062717781844,-0.06437282218156071,2.2345389982672037,63,15
gaussian_ou_purge60,no_gain_precompensation,1.0,0,2014-03-07T01:55:23.450,IOR-R1200-0-36F6,-59.20333333333334,-58.95476468754846,-0.24856864578487858,2.2393421526167763,63,15
gaussian_ou_purge60,no_gain_precompensation,1.0,0,2014-03-07T01:55:23.450,IOR-R1200-0-3700,-58.845,-58.725581790188166,-0.11941820981183326,2.3115685952515723,63,15
gaussian_ou_purge60,no_gain_precompensation,1.0,0,2014-03-07T01:55:23.450,IOR-R600-0-36E1,-56.11,-55.982037104056,-0.1279628959440018,2.2360687908289125,63,15
gaussian_ou_purge60,no_gain_precompensation,1.0,0,2014-03-07T01:55:23.450,IOR-T1200-0-36FA,-59.20833333333334,-58.711018850712904,-0.497314482620439,2.2360501762225695,63,15
gaussian_ou_purge60,no_gain_precompensation,1.0,0,2014-03-07T01:55:23.450,IOR-T1200-0-3718,-58.946666666666665,-58.80426519534133,-0.14240147132533565,2.2359926041611238,63,15
gaussian_ou_purge60,no_gain_precompensation,1.0,1,2014-03-07T03:20:09.424,IOR-R1200-0-36E3,-56.47333333333333,-55.33778289702397,-1.1355504363093587,2.3999150994483336,48,12
gaussian_ou_purge60,no_gain_precompensation,1.0,1,2014-03-07T03:20:09.424,IOR-R600-0-36E1,-53.93,-52.82463977565018,-1.1053602243498162,2.4012691761996776,48,12
gaussian_ou_purge60,no_gain_precompensation,1.0,1,2014-03-07T03:20:09.424,IOR-T1200-0-36F2,-56.59666666666667,-54.88370251130009,-1.7129641553665778,2.401139735547847,48,12
gaussian_ou_purge60,no_gain_precompensation,1.0,1,2014-03-07T03:20:09.424,IOR-T1200-0-36FA,-55.64000000000001,-54.89877814676429,-0.7412218532357144,2.4029129137362006,48,12
gaussian_ou_purge60,no_gain_precompensation,1.0,2,2014-03-07T03:29:06.417,IOR-R1200-0-36D3,-57.11,-57.85002966827966,0.7400296682796608,2.4027939867303414,48,12
gaussian_ou_purge60,no_gain_precompensation,1.0,2,2014-03-07T03:29:06.417,IOR-R1200-0-36E3,-56.602500000000006,-56.78050642783511,0.17800642783510057,2.39991509907572,48,12
gaussian_ou_purge60,no_gain_precompensation,1.0,2,2014-03-07T03:29:06.417,IOR-T1200-0-36D8,-56.92000000000001,-57.375155184738865,0.45515518473885663,2.3989980203025487,48,12
gaussian_ou_purge60,no_gain_precompensation,1.0,2,2014-03-07T03:29:06.417,IOR-T1200-0-36E2,-56.50129032258064,-56.94828055344362,0.44699023086297984,2.402455948177799,48,12
gaussian_ou_purge60,no_gain_precompensation,1.0,2,2014-03-07T03:29:06.417,IOR-T1200-0-36FA,-56.74225806451613,-57.246981628706635,0.5047235641905061,2.4029129133644798,48,12
gaussian_ou_purge60,no_gain_precompensation,1.0,3,2014-03-07T03:35:53.439,IOR-R1200-0-36E3,-56.46666666666667,-55.06272303785429,-1.403943628812378,2.530889432212359,44,11
gaussian_ou_purge60,no_gain_precompensation,1.0,3,2014-03-07T03:35:53.439,IOR-R600-0-36F8,-53.27,-51.16325895336106,-2.1067410466389447,2.5372735790359364,44,11
gaussian_ou_purge60,no_gain_precompensation,1.0,3,2014-03-07T03:35:53.439,IOR-T1200-0-36D8,-56.605,-55.14716862504878,-1.457831374951219,2.5304163024616444,44,11
gaussian_ou_purge60,no_gain_precompensation,1.0,3,2014-03-07T03:35:53.439,IOR-T1200-0-36FA,-56.345000000000006,-55.00768596450136,-1.3373140354986432,2.5339449326180135,44,11
gaussian_ou_purge60,no_gain_precompensation,1.0,4,2014-03-07T03:59:06.915,IOR-R1200-0-36D3,-56.16,-55.86095682670036,-0.29904317329963703,2.491660997043913,43,10
gaussian_ou_purge60,no_gain_precompensation,1.0,4,2014-03-07T03:59:06.915,IOR-R1200-0-36E3,-56.23555555555556,-55.50183715680318,-0.7337183987523801,2.4889310028033256,43,10
gaussian_ou_purge60,no_gain_precompensation,1.0,4,2014-03-07T03:59:06.915,IOR-R1200-0-36ED,-55.61545454545455,-55.03611658687985,-0.5793379585746976,2.490039912541334,43,10
gaussian_ou_purge60,no_gain_precompensation,1.0,4,2014-03-07T03:59:06.915,IOR-R600-0-36E1,-52.8,-52.30977509937522,-0.4902249006247743,2.4902003635679084,43,10
gaussian_ou_purge60,no_gain_precompensation,1.0,4,2014-03-07T03:59:06.915,IOR-T1200-0-36D7,-56.3767741935484,-55.61432126502857,-0.7624529285198278,2.4879016873711723,43,10
gaussian_ou_purge60,no_gain_precompensation,1.0,4,2014-03-07T03:59:06.915,IOR-T1200-0-36D8,-56.27935483870967,-55.58299376280876,-0.69636107590091,2.488284612210518,43,10
gaussian_ou_purge60,no_gain_precompensation,1.0,4,2014-03-07T03:59:06.915,IOR-T1200-0-36F2,-55.51833333333334,-55.05733002523667,-0.46100330809666445,2.490493552474033,43,10
gaussian_ou_purge60,no_gain_precompensation,1.0,4,2014-03-07T03:59:06.915,IOR-T1200-0-3718,-55.49666666666667,-55.10605833163226,-0.3906083350344076,2.490002633227253,43,10
gaussian_ou_purge60,no_gain_precompensation,1.0,5,2014-03-07T04:29:15.419,IOR-R1200-0-36E8,-55.41,-55.98130786712539,0.5713078671253911,2.2544595017440643,48,11
gaussian_ou_purge60,no_gain_precompensation,1.0,5,2014-03-07T04:29:15.419,IOR-T1200-0-36D8,-55.12354838709677,-55.48115130757663,0.357602920479863,2.2418759286079233,48,11
gaussian_ou_purge60,no_gain_precompensation,1.0,5,2014-03-07T04:29:15.419,IOR-T1200-0-36E2,-54.48193548387096,-55.20671032885351,0.724774844982548,2.2462730643460107,48,11
gaussian_ou_purge60,no_gain_precompensation,1.0,5,2014-03-07T04:29:15.419,IOR-T1200-0-3718,-54.95516129032258,-55.204952669150124,0.24979137882754543,2.2443581927464797,48,11
gaussian_ou_purge60,no_gain_precompensation,1.0,6,2014-03-07T04:55:47.914,IOR-R1200-0-36E8,-53.43,-57.10689574050433,3.676895740504328,2.216732671570135,47,11
gaussian_ou_purge60,no_gain_precompensation,1.0,7,2014-03-07T05:10:15.421,IOR-R1200-0-36E8,-54.39833333333333,-56.926581455559855,2.528248122226522,2.228315087568819,50,11
gaussian_ou_purge60,no_gain_precompensation,1.0,7,2014-03-07T05:10:15.421,IOR-R600-0-36F7,-50.825,-53.544960027938735,2.7199600279387326,2.228315087568819,50,11
gaussian_ou_purge60,no_gain_precompensation,1.0,7,2014-03-07T05:10:15.421,IOR-T1200-0-36D7,-54.31333333333333,-56.563830709083405,2.250497375750072,2.214656249572546,50,11
gaussian_ou_purge60,no_gain_precompensation,1.0,7,2014-03-07T05:10:15.421,IOR-T1200-0-36F2,-53.79666666666666,-56.4272193711879,2.630552704521243,2.2171906277773643,50,11
gaussian_ou_purge60,no_gain_precompensation,1.0,8,2014-03-07T05:29:16.912,IOR-R1200-0-36E3,-53.78625,-56.334858186344434,2.548608186344431,2.1169527067056815,54,12
gaussian_ou_purge60,no_gain_precompensation,1.0,8,2014-03-07T05:29:16.912,IOR-T1200-0-36D7,-53.91967741935485,-56.4165269102631,2.4968494909082537,2.117905978535559,54,12
gaussian_ou_purge60,no_gain_precompensation,1.0,8,2014-03-07T05:29:16.912,IOR-T1200-0-36D8,-53.91516129032258,-56.35782229751574,2.442661007193159,2.116888505261726,54,12
gaussian_ou_purge60,no_gain_precompensation,1.0,8,2014-03-07T05:29:16.912,IOR-T1200-0-36E2,-53.68806451612903,-55.823768218243195,2.1357037021141636,2.1227277170466925,54,12
gaussian_ou_purge60,no_gain_precompensation,1.0,8,2014-03-07T05:29:16.912,IOR-T1200-0-36F2,-53.57193548387096,-56.25877029270776,2.6868348088367995,2.1202518754578454,54,12
gaussian_ou_purge60,no_gain_precompensation,1.0,9,2014-03-07T06:09:33.454,IOR-R1200-0-36ED,-54.48,-55.13099334660586,0.6509933466058655,2.378998302000763,50,12
gaussian_ou_purge60,no_gain_precompensation,1.0,9,2014-03-07T06:09:33.454,IOR-R1200-0-36F6,-54.73299999999999,-55.30233750146932,0.5693375014693274,2.3855454383977968,50,12
gaussian_ou_purge60,no_gain_precompensation,1.0,9,2014-03-07T06:09:33.454,IOR-R600-0-36E1,-51.815,-52.35193832931928,0.536938329319284,2.3766427998462993,50,12
gaussian_ou_purge60,no_gain_precompensation,1.0,9,2014-03-07T06:09:33.454,IOR-T1200-0-36D8,-54.92000000000001,-55.409726997860204,0.48972699786019547,2.3733572431664687,50,12
gaussian_ou_purge60,no_gain_precompensation,1.0,9,2014-03-07T06:09:33.454,IOR-T1200-0-36FA,-54.60166666666667,-55.126181279111044,0.5245146124443778,2.375298191146644,50,12
gaussian_ou_purge60,no_gain_precompensation,1.0,10,2014-03-07T06:48:19.429,IOR-R1200-0-36ED,-54.26333333333334,-54.340329956272974,0.07699662293963172,2.3336928379007005,59,14
gaussian_ou_purge60,no_gain_precompensation,1.0,10,2014-03-07T06:48:19.429,IOR-R1200-0-36F6,-54.626666666666665,-54.499603578906665,-0.12706308775999986,2.339771695710715,59,14
gaussian_ou_purge60,no_gain_precompensation,1.0,10,2014-03-07T06:48:19.429,IOR-R600-0-36E1,-51.53,-51.52507065998194,-0.004929340018058781,2.331627486171156,59,14
gaussian_ou_purge60,no_gain_precompensation,1.0,10,2014-03-07T06:48:19.429,IOR-T1200-0-36D7,-54.67166666666666,-54.7072656137461,0.03559894707944267,2.3291223356082673,59,14
gaussian_ou_purge60,no_gain_precompensation,1.0,10,2014-03-07T06:48:19.429,IOR-T1200-0-3718,-54.473333333333336,-54.31147368566745,-0.16185964766588512,2.330369093108992,59,14
gaussian_ou_purge60,no_gain_precompensation,1.0,11,2014-03-07T07:58:13.411,IOR-R1200-0-36E3,-58.35111111111112,-54.330776452093325,-4.020334659017799,1.4384552696320756,63,14
gaussian_ou_purge60,no_gain_precompensation,1.0,11,2014-03-07T07:58:13.411,IOR-R1200-0-36E8,-58.9,-54.57990810472586,-4.320091895274139,1.4455360677098466,63,14
gaussian_ou_purge60,no_gain_precompensation,1.0,11,2014-03-07T07:58:13.411,IOR-R1200-0-36F5,-58.20571428571429,-54.01748616158904,-4.188228124125253,1.5469678171221302,63,14
gaussian_ou_purge60,no_gain_precompensation,1.0,11,2014-03-07T07:58:13.411,IOR-R600-0-36F7,-55.235,-51.22241615651908,-4.012583843480918,1.4560808497939137,63,14
gaussian_ou_purge60,no_gain_precompensation,1.0,11,2014-03-07T07:58:13.411,IOR-T1200-0-36F2,-58.26499999999999,-54.15904231206385,-4.10595768793614,1.4407178534447582,63,14
gaussian_ou_purge60,no_gain_precompensation,1.0,12,2014-03-07T08:01:53.411,IOR-R600-0-36F8,-47.325,-50.77288802779007,3.4478880277900643,1.447561470060471,63,14
gaussian_ou_purge60,no_gain_precompensation,1.0,13,2014-03-07T15:59:55.413,IOR-R1200-0-36D3,-57.09333333333334,-55.220053801539834,-1.8732795317935071,2.3385552481498615,61,14
gaussian_ou_purge60,no_gain_precompensation,1.0,13,2014-03-07T15:59:55.413,IOR-R600-0-36F8,-52.505,-51.853112101994874,-0.6518878980051284,2.3408770503711938,61,14
gaussian_ou_purge60,no_gain_precompensation,1.0,13,2014-03-07T15:59:55.413,IOR-T1200-0-36D7,-56.395,-55.166407458161146,-1.2285925418388572,2.336982109548103,61,14
gaussian_ou_purge60,no_gain_precompensation,1.0,13,2014-03-07T15:59:55.413,IOR-T1200-0-36D8,-57.065,-55.11278545617475,-1.9522145438252494,2.3366414299520586,61,14
gaussian_ou_purge60,no_gain_precompensation,1.0,14,2014-03-07T16:06:34.906,IOR-R1200-0-36D3,-57.2625925925926,-55.115668795428384,-2.146923797164213,2.4112770501188874,57,13
gaussian_ou_purge60,no_gain_precompensation,1.0,14,2014-03-07T16:06:34.906,IOR-R1200-0-36E3,-56.79,-54.907716543086565,-1.8822834569134343,2.4092978374770304,57,13
gaussian_ou_purge60,no_gain_precompensation,1.0,14,2014-03-07T16:06:34.906,IOR-T1200-0-36D7,-56.935,-55.0886422782522,-1.8463577217478004,2.4099309324489724,57,13
gaussian_ou_purge60,no_gain_precompensation,1.0,14,2014-03-07T16:06:34.906,IOR-T1200-0-36D8,-56.114444444444445,-55.00448995605415,-1.1099544883902936,2.4094399436454865,57,13
gaussian_ou_purge60,no_gain_precompensation,1.0,15,2014-03-07T17:06:49.406,IOR-R1200-0-36ED,-55.82875,-54.52490871080288,-1.3038412891971163,2.273819888628868,61,14
gaussian_ou_purge60,no_gain_precompensation,1.0,15,2014-03-07T17:06:49.406,IOR-T1200-0-36D7,-56.08258064516129,-54.94334298614986,-1.1392376590114353,2.2723476378253067,61,14
gaussian_ou_purge60,no_gain_precompensation,1.0,15,2014-03-07T17:06:49.406,IOR-T1200-0-36D8,-56.14645161290324,-54.981879644203765,-1.1645719686994767,2.271788074256347,61,14
gaussian_ou_purge60,no_gain_precompensation,1.0,15,2014-03-07T17:06:49.406,IOR-T1200-0-3718,-55.76854838709677,-54.62450846890012,-1.144039918196654,2.272914514426576,61,14
student_t4_ou_purge30,full_gain_precompensation,0.0,0,2014-03-07T01:55:23.450,IOR-R1200-0-36E3,-59.095,-56.02365193967571,-3.07134806032429,2.135415101879821,63,15
student_t4_ou_purge30,full_gain_precompensation,0.0,0,2014-03-07T01:55:23.450,IOR-R1200-0-36F6,-59.20333333333334,-55.936731913959356,-3.266601419373984,2.141961573314744,63,15
student_t4_ou_purge30,full_gain_precompensation,0.0,0,2014-03-07T01:55:23.450,IOR-R1200-0-3700,-58.845,-55.698678701399,-3.146321298601002,2.2143540012283998,63,15
student_t4_ou_purge30,full_gain_precompensation,0.0,0,2014-03-07T01:55:23.450,IOR-R600-0-36E1,-56.11,-53.07340687928708,-3.036593120712922,2.1375280036848943,63,15
student_t4_ou_purge30,full_gain_precompensation,0.0,0,2014-03-07T01:55:23.450,IOR-T1200-0-36FA,-59.20833333333334,-55.59477194300695,-3.613561390326396,2.137506875385666,63,15
student_t4_ou_purge30,full_gain_precompensation,0.0,0,2014-03-07T01:55:23.450,IOR-T1200-0-3718,-58.946666666666665,-55.765983027647636,-3.18068363901903,2.137426666181784,63,15
student_t4_ou_purge30,full_gain_precompensation,0.0,1,2014-03-07T03:20:09.424,IOR-R1200-0-36E3,-56.47333333333333,-55.87125221921187,-0.6020811141214608,2.3912543274136002,56,13
student_t4_ou_purge30,full_gain_precompensation,0.0,1,2014-03-07T03:20:09.424,IOR-R600-0-36E1,-53.93,-52.796098992143136,-1.1339010078568634,2.3920834823159898,56,13
student_t4_ou_purge30,full_gain_precompensation,0.0,1,2014-03-07T03:20:09.424,IOR-T1200-0-36F2,-56.59666666666667,-55.53664750721018,-1.0600191594564876,2.3919582787069746,56,13
student_t4_ou_purge30,full_gain_precompensation,0.0,1,2014-03-07T03:20:09.424,IOR-T1200-0-36FA,-55.64000000000001,-55.75509275982919,0.11509275982918155,2.3950868244281396,56,13
student_t4_ou_purge30,full_gain_precompensation,0.0,2,2014-03-07T03:29:06.417,IOR-R1200-0-36D3,-57.11,-56.260226138672806,-0.8497738613271935,2.392860270470446,56,13
student_t4_ou_purge30,full_gain_precompensation,0.0,2,2014-03-07T03:29:06.417,IOR-R1200-0-36E3,-56.602500000000006,-55.36814446637999,-1.2343555336200183,2.3912524474428487,56,13
student_t4_ou_purge30,full_gain_precompensation,0.0,2,2014-03-07T03:29:06.417,IOR-T1200-0-36D8,-56.92000000000001,-55.93207407434698,-0.9879259256530304,2.3905468033580135,56,13
student_t4_ou_purge30,full_gain_precompensation,0.0,2,2014-03-07T03:29:06.417,IOR-T1200-0-36E2,-56.50129032258064,-55.47856420220063,-1.0227261203800069,2.394754323674524,56,13
student_t4_ou_purge30,full_gain_precompensation,0.0,2,2014-03-07T03:29:06.417,IOR-T1200-0-36FA,-56.74225806451613,-55.753298291461846,-0.9889597730542832,2.3950849518020987,56,13
student_t4_ou_purge30,full_gain_precompensation,0.0,3,2014-03-07T03:35:53.439,IOR-R1200-0-36E3,-56.46666666666667,-55.761704472234086,-0.7049621944325821,2.5011013382851615,48,12
student_t4_ou_purge30,full_gain_precompensation,0.0,3,2014-03-07T03:35:53.439,IOR-R600-0-36F8,-53.27,-51.85268031331939,-1.4173196866806137,2.5076467902467727,48,12
student_t4_ou_purge30,full_gain_precompensation,0.0,3,2014-03-07T03:35:53.439,IOR-T1200-0-36D8,-56.605,-55.85547980488193,-0.7495201951180661,2.5001871629687704,48,12
student_t4_ou_purge30,full_gain_precompensation,0.0,3,2014-03-07T03:35:53.439,IOR-T1200-0-36FA,-56.345000000000006,-55.72925370618892,-0.6157462938110854,2.504089783552048,48,12
student_t4_ou_purge30,full_gain_precompensation,0.0,4,2014-03-07T03:59:06.915,IOR-R1200-0-36D3,-56.16,-56.33284552082204,0.17284552082204385,2.419473993452658,53,13
student_t4_ou_purge30,full_gain_precompensation,0.0,4,2014-03-07T03:59:06.915,IOR-R1200-0-36E3,-56.23555555555556,-55.953419156118144,-0.2821363994374124,2.416580511004783,53,13
student_t4_ou_purge30,full_gain_precompensation,0.0,4,2014-03-07T03:59:06.915,IOR-R1200-0-36ED,-55.61545454545455,-55.639105656311,0.02365111085645566,2.41964766322999,53,13
student_t4_ou_purge30,full_gain_precompensation,0.0,4,2014-03-07T03:59:06.915,IOR-R600-0-36E1,-52.8,-53.03525343022024,0.23525343022024003,2.41827858420875,53,13
student_t4_ou_purge30,full_gain_precompensation,0.0,4,2014-03-07T03:59:06.915,IOR-T1200-0-36D7,-56.3767741935484,-56.02107934616192,-0.3556948473864807,2.416467565515187,53,13
student_t4_ou_purge30,full_gain_precompensation,0.0,4,2014-03-07T03:59:06.915,IOR-T1200-0-36D8,-56.27935483870967,-55.968660723522994,-0.3106941151866778,2.4166179433118047,53,13
student_t4_ou_purge30,full_gain_precompensation,0.0,4,2014-03-07T03:59:06.915,IOR-T1200-0-36F2,-55.51833333333334,-55.783690786810055,0.26535745347671735,2.4181588077771408,53,13
student_t4_ou_purge30,full_gain_precompensation,0.0,4,2014-03-07T03:59:06.915,IOR-T1200-0-3718,-55.49666666666667,-55.714795998731745,0.21812933206507523,2.4195925065581845,53,13
student_t4_ou_purge30,full_gain_precompensation,0.0,5,2014-03-07T04:29:15.419,IOR-R1200-0-36E8,-55.41,-56.464217581710194,1.0542175817101977,2.3390637356331223,56,13
student_t4_ou_purge30,full_gain_precompensation,0.0,5,2014-03-07T04:29:15.419,IOR-T1200-0-36D8,-55.12354838709677,-56.133559177745525,1.0100107906487565,2.331775387185177,56,13
student_t4_ou_purge30,full_gain_precompensation,0.0,5,2014-03-07T04:29:15.419,IOR-T1200-0-36E2,-54.48193548387096,-55.824895984777214,1.3429605009062513,2.337564120427728,56,13
student_t4_ou_purge30,full_gain_precompensation,0.0,5,2014-03-07T04:29:15.419,IOR-T1200-0-3718,-54.95516129032258,-55.88860464409896,0.9334433537763829,2.335288892874745,56,13
student_t4_ou_purge30,full_gain_precompensation,0.0,6,2014-03-07T04:55:47.914,IOR-R1200-0-36E8,-53.43,-56.54999018934331,3.119990189343312,2.2677848271014343,60,13
student_t4_ou_purge30,full_gain_precompensation,0.0,7,2014-03-07T05:10:15.421,IOR-R1200-0-36E8,-54.39833333333333,-56.53552932571166,2.1371959923783237,2.190701735831918,59,13
student_t4_ou_purge30,full_gain_precompensation,0.0,7,2014-03-07T05:10:15.421,IOR-R600-0-36F7,-50.825,-53.22883370085925,2.403833700859245,2.198806882180301,59,13
student_t4_ou_purge30,full_gain_precompensation,0.0,7,2014-03-07T05:10:15.421,IOR-T1200-0-36D7,-54.31333333333333,-56.29513740399186,1.9818040706585265,2.1843203034421643,59,13
student_t4_ou_purge30,full_gain_precompensation,0.0,7,2014-03-07T05:10:15.421,IOR-T1200-0-36F2,-53.79666666666666,-56.028462201353264,2.2317955346866043,2.187115590504443,59,13
student_t4_ou_purge30,full_gain_precompensation,0.0,8,2014-03-07T05:29:16.912,IOR-R1200-0-36E3,-53.78625,-55.879542640118274,2.093292640118271,2.268723529531567,60,14
student_t4_ou_purge30,full_gain_precompensation,0.0,8,2014-03-07T05:29:16.912,IOR-T1200-0-36D7,-53.91967741935485,-55.9714997776361,2.0518223582812496,2.2698963687041758,60,14
student_t4_ou_purge30,full_gain_precompensation,0.0,8,2014-03-07T05:29:16.912,IOR-T1200-0-36D8,-53.91516129032258,-55.90691488600005,1.9917535956774728,2.2683217038211807,60,14
student_t4_ou_purge30,full_gain_precompensation,0.0,8,2014-03-07T05:29:16.912,IOR-T1200-0-36E2,-53.68806451612903,-55.34724730880905,1.6591827926800207,2.2751649092885633,60,14
student_t4_ou_purge30,full_gain_precompensation,0.0,8,2014-03-07T05:29:16.912,IOR-T1200-0-36F2,-53.57193548387096,-55.692241889533605,2.120306405662646,2.2723972375953574,60,14
student_t4_ou_purge30,full_gain_precompensation,0.0,9,2014-03-07T06:09:33.454,IOR-R1200-0-36ED,-54.48,-55.16097167406534,0.68097167406534,2.298657295193446,64,15
student_t4_ou_purge30,full_gain_precompensation,0.0,9,2014-03-07T06:09:33.454,IOR-R1200-0-36F6,-54.73299999999999,-55.442194356585965,0.7091943565859751,2.3014741042868354,64,15
student_t4_ou_purge30,full_gain_precompensation,0.0,9,2014-03-07T06:09:33.454,IOR-R600-0-36E1,-51.815,-52.51576533460025,0.7007653346002556,2.2972621152363333,64,15
student_t4_ou_purge30,full_gain_precompensation,0.0,9,2014-03-07T06:09:33.454,IOR-T1200-0-36D8,-54.92000000000001,-55.51161526000042,0.5916152600004096,2.2948578382433693,64,15
student_t4_ou_purge30,full_gain_precompensation,0.0,9,2014-03-07T06:09:33.454,IOR-T1200-0-36FA,-54.60166666666667,-55.11215434117302,0.5104876745063507,2.2972454696983147,64,15
student_t4_ou_purge30,full_gain_precompensation,0.0,10,2014-03-07T06:48:19.429,IOR-R1200-0-36ED,-54.26333333333334,-54.9891982512863,0.7258649179529542,2.2988485499133215,64,15
student_t4_ou_purge30,full_gain_precompensation,0.0,10,2014-03-07T06:48:19.429,IOR-R1200-0-36F6,-54.626666666666665,-55.2043187511388,0.5776520844721347,2.301733717967589,64,15
student_t4_ou_purge30,full_gain_precompensation,0.0,10,2014-03-07T06:48:19.429,IOR-R600-0-36E1,-51.53,-52.356367118618984,0.8263671186189825,2.297564751475666,64,15
student_t4_ou_purge30,full_gain_precompensation,0.0,10,2014-03-07T06:48:19.429,IOR-T1200-0-36D7,-54.67166666666666,-55.429717424528505,0.7580507578618452,2.2959059281403187,64,15
student_t4_ou_purge30,full_gain_precompensation,0.0,10,2014-03-07T06:48:19.429,IOR-T1200-0-3718,-54.473333333333336,-55.00088849242393,0.5275551590905962,2.297375480113073,64,15
student_t4_ou_purge30,full_gain_precompensation,0.0,11,2014-03-07T07:58:13.411,IOR-R1200-0-36E3,-58.35111111111112,-55.01524322285559,-3.3358678882555353,1.2081869450477383,63,14
student_t4_ou_purge30,full_gain_precompensation,0.0,11,2014-03-07T07:58:13.411,IOR-R1200-0-36E8,-58.9,-55.14125060491656,-3.7587493950834414,1.220156656021194,63,14
student_t4_ou_purge30,full_gain_precompensation,0.0,11,2014-03-07T07:58:13.411,IOR-R1200-0-36F5,-58.20571428571429,-54.68172035779419,-3.5239939279201025,1.3291072608434413,63,14
student_t4_ou_purge30,full_gain_precompensation,0.0,11,2014-03-07T07:58:13.411,IOR-R600-0-36F7,-55.235,-51.93451451038349,-3.300485489616513,1.2351178354791594,63,14
student_t4_ou_purge30,full_gain_precompensation,0.0,11,2014-03-07T07:58:13.411,IOR-T1200-0-36F2,-58.26499999999999,-54.74534015292897,-3.5196598470710256,1.2120314720112069,63,14
student_t4_ou_purge30,full_gain_precompensation,0.0,12,2014-03-07T08:01:53.411,IOR-R600-0-36F8,-47.325,-51.484919618022595,4.159919618022592,1.2375015887130691,63,14
student_t4_ou_purge30,full_gain_precompensation,0.0,13,2014-03-07T15:59:55.413,IOR-R1200-0-36D3,-57.09333333333334,-55.012658983747414,-2.0806743495859266,2.4068307486459037,61,14
student_t4_ou_purge30,full_gain_precompensation,0.0,13,2014-03-07T15:59:55.413,IOR-R600-0-36F8,-52.505,-51.75926760665488,-0.7457323933451221,2.4104262404012133,61,14
student_t4_ou_purge30,full_gain_precompensation,0.0,13,2014-03-07T15:59:55.413,IOR-T1200-0-36D7,-56.395,-55.04103115188835,-1.3539688481116556,2.4041236688625665,61,14
student_t4_ou_purge30,full_gain_precompensation,0.0,13,2014-03-07T15:59:55.413,IOR-T1200-0-36D8,-57.065,-54.978126363982106,-2.0868736360178914,2.4035211141876034,61,14
student_t4_ou_purge30,full_gain_precompensation,0.0,14,2014-03-07T16:06:34.906,IOR-R1200-0-36D3,-57.2625925925926,-55.01335851970164,-2.249234072890957,2.4068307481210427,61,14
student_t4_ou_purge30,full_gain_precompensation,0.0,14,2014-03-07T16:06:34.906,IOR-R1200-0-36E3,-56.79,-54.883652008694526,-1.9063479913054735,2.4035266716438417,61,14
student_t4_ou_purge30,full_gain_precompensation,0.0,14,2014-03-07T16:06:34.906,IOR-T1200-0-36D7,-56.935,-55.04224542991989,-1.8927545700801147,2.4041236683340608,61,14
student_t4_ou_purge30,full_gain_precompensation,0.0,14,2014-03-07T16:06:34.906,IOR-T1200-0-36D8,-56.114444444444445,-54.97907068280755,-1.1353737616368917,2.4035211136602053,61,14
student_t4_ou_purge30,full_gain_precompensation,0.0,15,2014-03-07T17:06:49.406,IOR-R1200-0-36ED,-55.82875,-54.79406850687382,-1.034681493126179,2.2922223594557707,65,15
student_t4_ou_purge30,full_gain_precompensation,0.0,15,2014-03-07T17:06:49.406,IOR-T1200-0-36D7,-56.08258064516129,-55.28424539064861,-0.7983352545126863,2.289254224014812,65,15
student_t4_ou_purge30,full_gain_precompensation,0.0,15,2014-03-07T17:06:49.406,IOR-T1200-0-36D8,-56.14645161290324,-55.19125238247559,-0.9551992304276524,2.2885468016899226,65,15
student_t4_ou_purge30,full_gain_precompensation,0.0,15,2014-03-07T17:06:49.406,IOR-T1200-0-3718,-55.76854838709677,-54.89404526191773,-0.8745031251790394,2.290747537136523,65,15
student_t4_ou_purge30,no_gain_precompensation,1.0,0,2014-03-07T01:55:23.450,IOR-R1200-0-36E3,-59.095,-59.031195527449974,-0.06380447255002508,2.1964181539187404,63,15
student_t4_ou_purge30,no_gain_precompensation,1.0,0,2014-03-07T01:55:23.450,IOR-R1200-0-36F6,-59.20333333333334,-58.95514854343601,-0.24818478989732995,2.2014519781460353,63,15
student_t4_ou_purge30,no_gain_precompensation,1.0,0,2014-03-07T01:55:23.450,IOR-R1200-0-3700,-58.845,-58.725984156550275,-0.11901584344972349,2.276742348072622,63,15
student_t4_ou_purge30,no_gain_precompensation,1.0,0,2014-03-07T01:55:23.450,IOR-R600-0-36E1,-56.11,-55.9827073577388,-0.12729264226119597,2.198021704751283,63,15
student_t4_ou_purge30,no_gain_precompensation,1.0,0,2014-03-07T01:55:23.450,IOR-T1200-0-36FA,-59.20833333333334,-58.71147761885126,-0.49685571448208066,2.198002293550144,63,15
student_t4_ou_purge30,no_gain_precompensation,1.0,0,2014-03-07T01:55:23.450,IOR-T1200-0-3718,-58.946666666666665,-58.80469679526815,-0.14196987139851558,2.1979419388094663,63,15
student_t4_ou_purge30,no_gain_precompensation,1.0,1,2014-03-07T03:20:09.424,IOR-R1200-0-36E3,-56.47333333333333,-55.44889273936492,-1.0244405939684071,2.2499930753359543,56,13
student_t4_ou_purge30,no_gain_precompensation,1.0,1,2014-03-07T03:20:09.424,IOR-R600-0-36E1,-53.93,-52.86814894765233,-1.06185105234767,2.25072644038166,56,13
student_t4_ou_purge30,no_gain_precompensation,1.0,1,2014-03-07T03:20:09.424,IOR-T1200-0-36F2,-56.59666666666667,-54.943620605793825,-1.6530460608728461,2.2506144037034397,56,13
student_t4_ou_purge30,no_gain_precompensation,1.0,1,2014-03-07T03:20:09.424,IOR-T1200-0-36FA,-55.64000000000001,-54.96326804618336,-0.676731953816649,2.253386862276295,56,13
student_t4_ou_purge30,no_gain_precompensation,1.0,2,2014-03-07T03:29:06.417,IOR-R1200-0-36D3,-57.11,-57.83444799901092,0.7244479990109198,2.2514058050325674,56,13
student_t4_ou_purge30,no_gain_precompensation,1.0,2,2014-03-07T03:29:06.417,IOR-R1200-0-36E3,-56.602500000000006,-56.89162433314611,0.2891243331461055,2.24999130553109,56,13
student_t4_ou_purge30,no_gain_precompensation,1.0,2,2014-03-07T03:29:06.417,IOR-T1200-0-36D8,-56.92000000000001,-57.463925714254124,0.5439257142541152,2.249373887824387,56,13
student_t4_ou_purge30,no_gain_precompensation,1.0,2,2014-03-07T03:29:06.417,IOR-T1200-0-36E2,-56.50129032258064,-57.0237009572896,0.5224106347089617,2.253084295635143,56,13
student_t4_ou_purge30,no_gain_precompensation,1.0,2,2014-03-07T03:29:06.417,IOR-T1200-0-36FA,-56.74225806451613,-57.31147959109575,0.5692215265796179,2.253385098871418,56,13
student_t4_ou_purge30,no_gain_precompensation,1.0,3,2014-03-07T03:35:53.439,IOR-R1200-0-36E3,-56.46666666666667,-55.0589777887608,-1.4076888779058692,2.348249744668195,48,12
student_t4_ou_purge30,no_gain_precompensation,1.0,3,2014-03-07T03:35:53.439,IOR-R600-0-36F8,-53.27,-51.15177417892181,-2.118225821078191,2.355209124073582,48,12
student_t4_ou_purge30,no_gain_precompensation,1.0,3,2014-03-07T03:35:53.439,IOR-T1200-0-36D8,-56.605,-55.15364534118796,-1.4513546588120363,2.3472758474965576,48,12
student_t4_ou_purge30,no_gain_precompensation,1.0,3,2014-03-07T03:35:53.439,IOR-T1200-0-36FA,-56.345000000000006,-55.023917999047114,-1.3210820009528916,2.351432805604366,48,12
student_t4_ou_purge30,no_gain_precompensation,1.0,4,2014-03-07T03:59:06.915,IOR-R1200-0-36D3,-56.16,-55.51155273489834,-0.6484472651016588,2.2753911973595105,53,13
student_t4_ou_purge30,no_gain_precompensation,1.0,4,2014-03-07T03:59:06.915,IOR-R1200-0-36E3,-56.23555555555556,-55.31924881210488,-0.9163067434506758,2.272969909982173,53,13
student_t4_ou_purge30,no_gain_precompensation,1.0,4,2014-03-07T03:59:06.915,IOR-R1200-0-36ED,-55.61545454545455,-54.778350529995635,-0.8371040154589124,2.2755485518957026,53,13
student_t4_ou_purge30,no_gain_precompensation,1.0,4,2014-03-07T03:59:06.915,IOR-R600-0-36E1,-52.8,-52.04984103803922,-0.7501589619607785,2.2743978229137425,53,13
student_t4_ou_purge30,no_gain_precompensation,1.0,4,2014-03-07T03:59:06.915,IOR-T1200-0-36D7,-56.3767741935484,-55.38511036413958,-0.9916638294088216,2.272873857526069,53,13
student_t4_ou_purge30,no_gain_precompensation,1.0,4,2014-03-07T03:59:06.915,IOR-T1200-0-36D8,-56.27935483870967,-55.33419839725087,-0.9451564414587992,2.273004809559737,53,13
student_t4_ou_purge30,no_gain_precompensation,1.0,4,2014-03-07T03:59:06.915,IOR-T1200-0-36F2,-55.51833333333334,-55.00849633061415,-0.5098370027191876,2.274294834515841,53,13
student_t4_ou_purge30,no_gain_precompensation,1.0,4,2014-03-07T03:59:06.915,IOR-T1200-0-3718,-55.49666666666667,-54.85270708316231,-0.6439595835043619,2.2755026946858496,53,13
student_t4_ou_purge30,no_gain_precompensation,1.0,5,2014-03-07T04:29:15.419,IOR-R1200-0-36E8,-55.41,-55.7463402668188,0.3363402668188016,2.2081617336124832,56,13
student_t4_ou_purge30,no_gain_precompensation,1.0,5,2014-03-07T04:29:15.419,IOR-T1200-0-36D8,-55.12354838709677,-55.381406167710324,0.2578577806135556,2.2016362847727997,56,13
student_t4_ou_purge30,no_gain_precompensation,1.0,5,2014-03-07T04:29:15.419,IOR-T1200-0-36E2,-54.48193548387096,-55.08276103513789,0.6008255512669294,2.2067450807641666,56,13
student_t4_ou_purge30,no_gain_precompensation,1.0,5,2014-03-07T04:29:15.419,IOR-T1200-0-3718,-54.95516129032258,-55.10328072532903,0.14811943500644986,2.2047252329516245,56,13
student_t4_ou_purge30,no_gain_precompensation,1.0,6,2014-03-07T04:55:47.914,IOR-R1200-0-36E8,-53.43,-56.81776976012488,3.3877697601248826,2.1172991357153603,60,13
student_t4_ou_purge30,no_gain_precompensation,1.0,7,2014-03-07T05:10:15.421,IOR-R1200-0-36E8,-54.39833333333333,-56.7456143589957,2.347281025662369,1.9929419099677839,59,13
student_t4_ou_purge30,no_gain_precompensation,1.0,7,2014-03-07T05:10:15.421,IOR-R600-0-36F7,-50.825,-53.37334994881598,2.548349948815975,2.000241912112018,59,13
student_t4_ou_purge30,no_gain_precompensation,1.0,7,2014-03-07T05:10:15.421,IOR-T1200-0-36D7,-54.31333333333333,-56.43724171500887,2.123908381675534,1.9875383693204265,59,13
student_t4_ou_purge30,no_gain_precompensation,1.0,7,2014-03-07T05:10:15.421,IOR-T1200-0-36F2,-53.79666666666666,-56.29038854913462,2.493721882467959,1.9898626779164106,59,13
student_t4_ou_purge30,no_gain_precompensation,1.0,8,2014-03-07T05:29:16.912,IOR-R1200-0-36E3,-53.78625,-56.00773106169218,2.221481061692181,2.1310257543624407,60,14
student_t4_ou_purge30,no_gain_precompensation,1.0,8,2014-03-07T05:29:16.912,IOR-T1200-0-36D7,-53.91967741935485,-56.089505965966595,2.169828546611747,2.131958686392031,60,14
student_t4_ou_purge30,no_gain_precompensation,1.0,8,2014-03-07T05:29:16.912,IOR-T1200-0-36D8,-53.91516129032258,-56.038948402684774,2.1237871123621943,2.130714142578078,60,14
student_t4_ou_purge30,no_gain_precompensation,1.0,8,2014-03-07T05:29:16.912,IOR-T1200-0-36E2,-53.68806451612903,-55.49489337133412,1.8068288552050902,2.136236444876807,60,14
student_t4_ou_purge30,no_gain_precompensation,1.0,8,2014-03-07T05:29:16.912,IOR-T1200-0-36F2,-53.57193548387096,-55.92900241387257,2.357066930001608,2.1339668200628634,60,14
student_t4_ou_purge30,no_gain_precompensation,1.0,9,2014-03-07T06:09:33.454,IOR-R1200-0-36ED,-54.48,-54.77390385532662,0.2939038553266258,2.200331026552551,64,15
student_t4_ou_purge30,no_gain_precompensation,1.0,9,2014-03-07T06:09:33.454,IOR-R1200-0-36F6,-54.73299999999999,-55.03068541571,0.2976854157100135,2.202667265796166,64,15
student_t4_ou_purge30,no_gain_precompensation,1.0,9,2014-03-07T06:09:33.454,IOR-R600-0-36E1,-51.815,-51.99405731212106,0.1790573121210599,2.1991977412194315,64,15
student_t4_ou_purge30,no_gain_precompensation,1.0,9,2014-03-07T06:09:33.454,IOR-T1200-0-36D8,-54.92000000000001,-55.10046272723863,0.1804627272386199,2.1972675723416017,64,15
student_t4_ou_purge30,no_gain_precompensation,1.0,9,2014-03-07T06:09:33.454,IOR-T1200-0-36FA,-54.60166666666667,-54.79967537869403,0.19800871202736658,2.199180451106806,64,15
student_t4_ou_purge30,no_gain_precompensation,1.0,10,2014-03-07T06:48:19.429,IOR-R1200-0-36ED,-54.26333333333334,-54.28716725012284,0.0238339167894992,2.201482543074875,64,15
student_t4_ou_purge30,no_gain_precompensation,1.0,10,2014-03-07T06:48:19.429,IOR-R1200-0-36F6,-54.626666666666665,-54.47546969474975,-0.15119697191691728,2.2038796486145853,64,15
student_t4_ou_purge30,no_gain_precompensation,1.0,10,2014-03-07T06:48:19.429,IOR-R600-0-36E1,-51.53,-51.51550483951621,-0.01449516048378996,2.200442117739709,64,15
student_t4_ou_purge30,no_gain_precompensation,1.0,10,2014-03-07T06:48:19.429,IOR-T1200-0-36D7,-54.67166666666666,-54.69185742235721,0.020190755690549622,2.199101943108013,64,15
student_t4_ou_purge30,no_gain_precompensation,1.0,10,2014-03-07T06:48:19.429,IOR-T1200-0-3718,-54.473333333333336,-54.294193307920565,-0.17914002541277085,2.2002832147992804,64,15
student_t4_ou_purge30,no_gain_precompensation,1.0,11,2014-03-07T07:58:13.411,IOR-R1200-0-36E3,-58.35111111111112,-54.30382199672458,-4.047289114386544,1.3779565364624888,63,14
student_t4_ou_purge30,no_gain_precompensation,1.0,11,2014-03-07T07:58:13.411,IOR-R1200-0-36E8,-58.9,-54.547383131027196,-4.352616868972802,1.3854023882733906,63,14
student_t4_ou_purge30,no_gain_precompensation,1.0,11,2014-03-07T07:58:13.411,IOR-R1200-0-36F5,-58.20571428571429,-53.98991999696958,-4.215794288744711,1.4932749355217276,63,14
student_t4_ou_purge30,no_gain_precompensation,1.0,11,2014-03-07T07:58:13.411,IOR-R600-0-36F7,-55.235,-51.19268671580887,-4.042313284191131,1.3967982723372758,63,14
student_t4_ou_purge30,no_gain_precompensation,1.0,11,2014-03-07T07:58:13.411,IOR-T1200-0-36F2,-58.26499999999999,-54.130503246517065,-4.134496753482928,1.3803616847144422,63,14
student_t4_ou_purge30,no_gain_precompensation,1.0,12,2014-03-07T08:01:53.411,IOR-R600-0-36F8,-47.325,-50.74708725811368,3.4220872581136774,1.3870463557784163,63,14
student_t4_ou_purge30,no_gain_precompensation,1.0,13,2014-03-07T15:59:55.413,IOR-R1200-0-36D3,-57.09333333333334,-55.22026796951055,-1.8730653638227892,2.291963021914408,61,14
student_t4_ou_purge30,no_gain_precompensation,1.0,13,2014-03-07T15:59:55.413,IOR-R600-0-36F8,-52.505,-51.85159211157595,-0.6534078884240557,2.2944039190139685,61,14
student_t4_ou_purge30,no_gain_precompensation,1.0,13,2014-03-07T15:59:55.413,IOR-T1200-0-36D7,-56.395,-55.16666481785522,-1.2283351821447823,2.290307349242911,61,14
student_t4_ou_purge30,no_gain_precompensation,1.0,13,2014-03-07T15:59:55.413,IOR-T1200-0-36D8,-57.065,-55.11298056960951,-1.9520194303904859,2.289948790499621,61,14
student_t4_ou_purge30,no_gain_precompensation,1.0,14,2014-03-07T16:06:34.906,IOR-R1200-0-36D3,-57.2625925925926,-55.22096750596021,-2.0416250866323864,2.2919630214124473,61,14
student_t4_ou_purge30,no_gain_precompensation,1.0,14,2014-03-07T16:06:34.906,IOR-R1200-0-36E3,-56.79,-55.0099435388446,-1.7800564611553966,2.2899503420064127,61,14
student_t4_ou_purge30,no_gain_precompensation,1.0,14,2014-03-07T16:06:34.906,IOR-T1200-0-36D7,-56.935,-55.1678790963822,-1.7671209036178013,2.2903073487388013,61,14
student_t4_ou_purge30,no_gain_precompensation,1.0,14,2014-03-07T16:06:34.906,IOR-T1200-0-36D8,-56.114444444444445,-55.11392488893039,-1.0005195555140531,2.289948789996174,61,14
student_t4_ou_purge30,no_gain_precompensation,1.0,15,2014-03-07T17:06:49.406,IOR-R1200-0-36ED,-55.82875,-54.62294621864849,-1.2058037813515128,2.181791697113874,65,15
student_t4_ou_purge30,no_gain_precompensation,1.0,15,2014-03-07T17:06:49.406,IOR-T1200-0-36D7,-56.08258064516129,-55.07880809795901,-1.0037725472022814,2.1793837427197413,65,15
student_t4_ou_purge30,no_gain_precompensation,1.0,15,2014-03-07T17:06:49.406,IOR-T1200-0-36D8,-56.14645161290324,-54.99283866983615,-1.1536129430670883,2.1788217734942523,65,15
student_t4_ou_purge30,no_gain_precompensation,1.0,15,2014-03-07T17:06:49.406,IOR-T1200-0-3718,-55.76854838709677,-54.72064829753617,-1.0479000895605992,2.180588348308906,65,15
gaussian_no_time_purge30,full_gain_precompensation,0.0,0,2014-03-07T01:55:23.450,IOR-R1200-0-36E3,-59.095,-56.326138077562184,-2.7688619224378144,1.6397642691844585,63,15
gaussian_no_time_purge30,full_gain_precompensation,0.0,0,2014-03-07T01:55:23.450,IOR-R1200-0-36F6,-59.20333333333334,-56.11647949721835,-3.08685383611499,1.6468047661702057,63,15
gaussian_no_time_purge30,full_gain_precompensation,0.0,0,2014-03-07T01:55:23.450,IOR-R1200-0-3700,-58.845,-56.16110345416987,-2.6838965458301303,1.650496418807055,63,15
gaussian_no_time_purge30,full_gain_precompensation,0.0,0,2014-03-07T01:55:23.450,IOR-R600-0-36E1,-56.11,-54.03026263562958,-2.0797373643704162,1.6436678898190822,63,15
gaussian_no_time_purge30,full_gain_precompensation,0.0,0,2014-03-07T01:55:23.450,IOR-T1200-0-36FA,-59.20833333333334,-56.16265663668585,-3.04567669664749,1.6436678898190822,63,15
gaussian_no_time_purge30,full_gain_precompensation,0.0,0,2014-03-07T01:55:23.450,IOR-T1200-0-3718,-58.946666666666665,-56.11999177573488,-2.826674890931784,1.6436678898190822,63,15
gaussian_no_time_purge30,full_gain_precompensation,0.0,1,2014-03-07T03:20:09.424,IOR-R1200-0-36E3,-56.47333333333333,-56.1215062150638,-0.35182711826952584,1.9348077992042183,56,13
gaussian_no_time_purge30,full_gain_precompensation,0.0,1,2014-03-07T03:20:09.424,IOR-R600-0-36E1,-53.93,-54.12320717605981,0.19320717605980775,1.9348114985588933,56,13
gaussian_no_time_purge30,full_gain_precompensation,0.0,1,2014-03-07T03:20:09.424,IOR-T1200-0-36F2,-56.59666666666667,-56.121785380362255,-0.4748812863044165,1.9348114985588933,56,13
gaussian_no_time_purge30,full_gain_precompensation,0.0,1,2014-03-07T03:20:09.424,IOR-T1200-0-36FA,-55.64000000000001,-56.11866957931523,0.47866957931522336,1.9348189008643222,56,13
gaussian_no_time_purge30,full_gain_precompensation,0.0,2,2014-03-07T03:29:06.417,IOR-R1200-0-36D3,-57.11,-56.11160295629492,-0.9983970437050829,1.9348151991120888,56,13
gaussian_no_time_purge30,full_gain_precompensation,0.0,2,2014-03-07T03:29:06.417,IOR-R1200-0-36E3,-56.602500000000006,-55.61839641244662,-0.9841035875533848,1.9348077992042183,56,13
gaussian_no_time_purge30,full_gain_precompensation,0.0,2,2014-03-07T03:29:06.417,IOR-T1200-0-36D8,-56.92000000000001,-56.11835903072223,-0.8016409692777771,1.9348004040883628,56,13
gaussian_no_time_purge30,full_gain_precompensation,0.0,2,2014-03-07T03:29:06.417,IOR-T1200-0-36E2,-56.50129032258064,-56.11903647612722,-0.3822538464534162,1.9348189008643222,56,13
gaussian_no_time_purge30,full_gain_precompensation,0.0,2,2014-03-07T03:29:06.417,IOR-T1200-0-36FA,-56.74225806451613,-56.11687306116259,-0.6253850033535358,1.9348189008643222,56,13
gaussian_no_time_purge30,full_gain_precompensation,0.0,3,2014-03-07T03:35:53.439,IOR-R1200-0-36E3,-56.46666666666667,-56.13524474466633,-0.33142192200033804,2.0826593728962455,48,12
gaussian_no_time_purge30,full_gain_precompensation,0.0,3,2014-03-07T03:35:53.439,IOR-R600-0-36F8,-53.27,-54.136168728704476,0.8661687287044728,2.082667389556385,48,12
gaussian_no_time_purge30,full_gain_precompensation,0.0,3,2014-03-07T03:35:53.439,IOR-T1200-0-36D8,-56.605,-56.13571122232883,-0.46928877767116717,2.082651360727444,48,12
gaussian_no_time_purge30,full_gain_precompensation,0.0,3,2014-03-07T03:35:53.439,IOR-T1200-0-36FA,-56.345000000000006,-56.13250581858958,-0.21249418141042753,2.082667389556385,48,12
gaussian_no_time_purge30,full_gain_precompensation,0.0,4,2014-03-07T03:59:06.915,IOR-R1200-0-36D3,-56.16,-56.22920117440102,0.06920117440102302,1.9665555570598827,53,13
gaussian_no_time_purge30,full_gain_precompensation,0.0,4,2014-03-07T03:59:06.915,IOR-R1200-0-36E3,-56.23555555555556,-56.23712456053568,0.001569004980126465,1.966544023068702,53,13
gaussian_no_time_purge30,full_gain_precompensation,0.0,4,2014-03-07T03:59:06.915,IOR-R1200-0-36ED,-55.61545454545455,-56.2263972728135,0.6109427273589532,1.9665555570598827,53,13
gaussian_no_time_purge30,full_gain_precompensation,0.0,4,2014-03-07T03:59:06.915,IOR-R600-0-36E1,-52.8,-54.2288026173473,1.4288026173473014,1.966551711189699,53,13
gaussian_no_time_purge30,full_gain_precompensation,0.0,4,2014-03-07T03:59:06.915,IOR-T1200-0-36D7,-56.3767741935484,-56.23798389511362,-0.13879029843477753,1.966544023068702,53,13
gaussian_no_time_purge30,full_gain_precompensation,0.0,4,2014-03-07T03:59:06.915,IOR-T1200-0-36D8,-56.27935483870967,-56.23660946722993,-0.04274537147973945,1.966544023068702,53,13
gaussian_no_time_purge30,full_gain_precompensation,0.0,4,2014-03-07T03:59:06.915,IOR-T1200-0-36F2,-55.51833333333334,-56.224870269248754,0.7065369359154161,1.966551711189699,53,13
gaussian_no_time_purge30,full_gain_precompensation,0.0,4,2014-03-07T03:59:06.915,IOR-T1200-0-3718,-55.49666666666667,-56.22772755946816,0.7310608928014872,1.9665555570598827,53,13
gaussian_no_time_purge30,full_gain_precompensation,0.0,5,2014-03-07T04:29:15.419,IOR-R1200-0-36E8,-55.41,-56.204415508530005,0.7944155085300082,1.882044245750293,56,13
gaussian_no_time_purge30,full_gain_precompensation,0.0,5,2014-03-07T04:29:15.419,IOR-T1200-0-36D8,-55.12354838709677,-56.204276513420716,1.0807281263239474,1.8820252280034993,56,13
gaussian_no_time_purge30,full_gain_precompensation,0.0,5,2014-03-07T04:29:15.419,IOR-T1200-0-36E2,-54.48193548387096,-56.20523650477457,1.7233010209036053,1.882044245750293,56,13
gaussian_no_time_purge30,full_gain_precompensation,0.0,5,2014-03-07T04:29:15.419,IOR-T1200-0-3718,-54.95516129032258,-56.20310014791301,1.2479388575904338,1.8820404395964003,56,13
gaussian_no_time_purge30,full_gain_precompensation,0.0,6,2014-03-07T04:55:47.914,IOR-R1200-0-36E8,-53.43,-56.4191402776686,2.9891402776686036,1.7334453366844822,60,13
gaussian_no_time_purge30,full_gain_precompensation,0.0,7,2014-03-07T05:10:15.421,IOR-R1200-0-36E8,-54.39833333333333,-56.61338365974215,2.2150503264088144,1.617678440842172,59,13
gaussian_no_time_purge30,full_gain_precompensation,0.0,7,2014-03-07T05:10:15.421,IOR-R600-0-36F7,-50.825,-54.55970270686134,3.7347027068613343,1.6415509281501048,59,13
gaussian_no_time_purge30,full_gain_precompensation,0.0,7,2014-03-07T05:10:15.421,IOR-T1200-0-36D7,-54.31333333333333,-56.36659485472737,2.0532615213940346,1.5773106166727693,59,13
gaussian_no_time_purge30,full_gain_precompensation,0.0,7,2014-03-07T05:10:15.421,IOR-T1200-0-36F2,-53.79666666666666,-56.49455410290905,2.6978874362423895,1.6004617409641062,59,13
gaussian_no_time_purge30,full_gain_precompensation,0.0,8,2014-03-07T05:29:16.912,IOR-R1200-0-36E3,-53.78625,-56.57336098698866,2.787110986988658,1.626172799514624,60,14
gaussian_no_time_purge30,full_gain_precompensation,0.0,8,2014-03-07T05:29:16.912,IOR-T1200-0-36D7,-53.91967741935485,-56.2134742589796,2.293796839624754,1.6365708075730023,60,14
gaussian_no_time_purge30,full_gain_precompensation,0.0,8,2014-03-07T05:29:16.912,IOR-T1200-0-36D8,-53.91516129032258,-56.142049076385206,2.226887786062626,1.6220526326957883,60,14
gaussian_no_time_purge30,full_gain_precompensation,0.0,8,2014-03-07T05:29:16.912,IOR-T1200-0-36E2,-53.68806451612903,-55.905943805251646,2.217879289122614,1.6613375126707859,60,14
gaussian_no_time_purge30,full_gain_precompensation,0.0,8,2014-03-07T05:29:16.912,IOR-T1200-0-36F2,-53.57193548387096,-56.28612043127471,2.7141849474037514,1.6513499883256941,60,14
gaussian_no_time_purge30,full_gain_precompensation,0.0,9,2014-03-07T06:09:33.454,IOR-R1200-0-36ED,-54.48,-55.696847517737744,1.2168475177377474,1.793969292737116,64,15
gaussian_no_time_purge30,full_gain_precompensation,0.0,9,2014-03-07T06:09:33.454,IOR-R1200-0-36F6,-54.73299999999999,-55.701459675979784,0.9684596759797941,1.7939727896490563,64,15
gaussian_no_time_purge30,full_gain_precompensation,0.0,9,2014-03-07T06:09:33.454,IOR-R600-0-36E1,-51.815,-53.703315676241324,1.8883156762413265,1.7939657971402472,64,15
gaussian_no_time_purge30,full_gain_precompensation,0.0,9,2014-03-07T06:09:33.454,IOR-T1200-0-36D8,-54.92000000000001,-55.70220617703287,0.7822061770328617,1.793951827890312,64,15
gaussian_no_time_purge30,full_gain_precompensation,0.0,9,2014-03-07T06:09:33.454,IOR-T1200-0-36FA,-54.60166666666667,-55.69797312317331,1.096306456506646,1.7939657971402472,64,15
gaussian_no_time_purge30,full_gain_precompensation,0.0,10,2014-03-07T06:48:19.429,IOR-R1200-0-36ED,-54.26333333333334,-55.532201811227765,1.2688684778944221,1.7918954375356562,64,15
gaussian_no_time_purge30,full_gain_precompensation,0.0,10,2014-03-07T06:48:19.429,IOR-R1200-0-36F6,-54.626666666666665,-55.52911277123939,0.902446104572725,1.7918989385524406,64,15
gaussian_no_time_purge30,full_gain_precompensation,0.0,10,2014-03-07T06:48:19.429,IOR-R600-0-36E1,-51.53,-53.53278158653317,2.0027815865331675,1.7918919378385305,64,15
gaussian_no_time_purge30,full_gain_precompensation,0.0,10,2014-03-07T06:48:19.429,IOR-T1200-0-36D7,-54.67166666666666,-55.531390815667564,0.859724149000904,1.7918849424006051,64,15
gaussian_no_time_purge30,full_gain_precompensation,0.0,10,2014-03-07T06:48:19.429,IOR-T1200-0-3718,-54.473333333333336,-55.52649143118293,1.0531580978495967,1.7918919378385305,64,15
gaussian_no_time_purge30,full_gain_precompensation,0.0,11,2014-03-07T07:58:13.411,IOR-R1200-0-36E3,-58.35111111111112,-55.3966413823606,-2.9544697287505244,1.4205690651583551,63,14
gaussian_no_time_purge30,full_gain_precompensation,0.0,11,2014-03-07T07:58:13.411,IOR-R1200-0-36E8,-58.9,-54.828591482884896,-4.071408517115103,1.4346967238701327,63,14
gaussian_no_time_purge30,full_gain_precompensation,0.0,11,2014-03-07T07:58:13.411,IOR-R1200-0-36F5,-58.20571428571429,-55.12199237737501,-3.0837219083392853,1.4530168755069885,63,14
gaussian_no_time_purge30,full_gain_precompensation,0.0,11,2014-03-07T07:58:13.411,IOR-R600-0-36F7,-55.235,-52.88286693345218,-2.3521330665478217,1.4457670938553229,63,14
gaussian_no_time_purge30,full_gain_precompensation,0.0,11,2014-03-07T07:58:13.411,IOR-T1200-0-36F2,-58.26499999999999,-54.87036311078029,-3.3946368892197043,1.43038132982782,63,14
gaussian_no_time_purge30,full_gain_precompensation,0.0,12,2014-03-07T08:01:53.411,IOR-R600-0-36F8,-47.325,-53.017260947019395,5.692260947019392,1.4397565589054024,63,14
gaussian_no_time_purge30,full_gain_precompensation,0.0,13,2014-03-07T15:59:55.413,IOR-R1200-0-36D3,-57.09333333333334,-55.1773684392613,-1.9159648940720402,1.787050611933129,61,14
gaussian_no_time_purge30,full_gain_precompensation,0.0,13,2014-03-07T15:59:55.413,IOR-R600-0-36F8,-52.505,-53.17627310486442,0.6712731048644187,1.787050611933129,61,14
gaussian_no_time_purge30,full_gain_precompensation,0.0,13,2014-03-07T15:59:55.413,IOR-T1200-0-36D7,-56.395,-55.17685074346325,-1.2181492565367549,1.7870395691510008,61,14
gaussian_no_time_purge30,full_gain_precompensation,0.0,13,2014-03-07T15:59:55.413,IOR-T1200-0-36D8,-57.065,-55.17723857900091,-1.887761420999091,1.7870322142719766,61,14
gaussian_no_time_purge30,full_gain_precompensation,0.0,14,2014-03-07T16:06:34.906,IOR-R1200-0-36D3,-57.2625925925926,-55.178067971839546,-2.084524620753051,1.787050611933129,61,14
gaussian_no_time_purge30,full_gain_precompensation,0.0,14,2014-03-07T16:06:34.906,IOR-R1200-0-36E3,-56.79,-55.178930417618545,-1.6110695823814538,1.7870322142719766,61,14
gaussian_no_time_purge30,full_gain_precompensation,0.0,14,2014-03-07T16:06:34.906,IOR-T1200-0-36D7,-56.935,-55.17806501811881,-1.7569349818811943,1.7870395691510008,61,14
gaussian_no_time_purge30,full_gain_precompensation,0.0,14,2014-03-07T16:06:34.906,IOR-T1200-0-36D8,-56.114444444444445,-55.17818289445037,-0.9362615499940716,1.7870322142719766,61,14
gaussian_no_time_purge30,full_gain_precompensation,0.0,15,2014-03-07T17:06:49.406,IOR-R1200-0-36ED,-55.82875,-55.36296379519828,-0.4657862048017165,1.805590531027259,65,15
gaussian_no_time_purge30,full_gain_precompensation,0.0,15,2014-03-07T17:06:49.406,IOR-T1200-0-36D7,-56.08258064516129,-55.36360526368289,-0.7189753814784012,1.8055802757287496,65,15
gaussian_no_time_purge30,full_gain_precompensation,0.0,15,2014-03-07T17:06:49.406,IOR-T1200-0-36D8,-56.14645161290324,-55.36295879946083,-0.7834928134424146,1.8055734452037464,65,15
gaussian_no_time_purge30,full_gain_precompensation,0.0,15,2014-03-07T17:06:49.406,IOR-T1200-0-3718,-55.76854838709677,-55.36331249068498,-0.4052358964117886,1.8055871113254522,65,15
gaussian_no_time_purge30,no_gain_precompensation,1.0,0,2014-03-07T01:55:23.450,IOR-R1200-0-36E3,-59.095,-59.21295646050606,0.11795646050605768,1.735910041208905,63,15
gaussian_no_time_purge30,no_gain_precompensation,1.0,0,2014-03-07T01:55:23.450,IOR-R1200-0-36F6,-59.20333333333334,-59.20946296724957,0.006129633916231114,1.7359283860658576,63,15
gaussian_no_time_purge30,no_gain_precompensation,1.0,0,2014-03-07T01:55:23.450,IOR-R1200-0-3700,-58.845,-59.21509151492505,0.37009151492505055,1.7359357343327195,63,15
gaussian_no_time_purge30,no_gain_precompensation,1.0,0,2014-03-07T01:55:23.450,IOR-R600-0-36E1,-56.11,-57.21542387506835,1.1054238750683538,1.7359210437016284,63,15
gaussian_no_time_purge30,no_gain_precompensation,1.0,0,2014-03-07T01:55:23.450,IOR-T1200-0-36FA,-59.20833333333334,-59.20963507875516,0.0013017454218200442,1.7359210437016284,63,15
gaussian_no_time_purge30,no_gain_precompensation,1.0,0,2014-03-07T01:55:23.450,IOR-T1200-0-3718,-58.946666666666665,-59.21313509333323,0.2664684266665631,1.7359210437016284,63,15
gaussian_no_time_purge30,no_gain_precompensation,1.0,1,2014-03-07T03:20:09.424,IOR-R1200-0-36E3,-56.47333333333333,-55.68981032151258,-0.7835230118207477,1.8084701536639043,56,13
gaussian_no_time_purge30,no_gain_precompensation,1.0,1,2014-03-07T03:20:09.424,IOR-R600-0-36E1,-53.93,-54.13728438912199,0.20728438912198754,1.8084741126238832,56,13
gaussian_no_time_purge30,no_gain_precompensation,1.0,1,2014-03-07T03:20:09.424,IOR-T1200-0-36F2,-56.59666666666667,-55.477849866549455,-1.1188168001172158,1.8084741126238832,56,13
gaussian_no_time_purge30,no_gain_precompensation,1.0,1,2014-03-07T03:20:09.424,IOR-T1200-0-36FA,-55.64000000000001,-55.28265455989928,-0.35734544010072966,1.8084820349480768,56,13
gaussian_no_time_purge30,no_gain_precompensation,1.0,2,2014-03-07T03:29:06.417,IOR-R1200-0-36D3,-57.11,-57.62597882555421,0.5159788255542139,1.8084780730516992,56,13
gaussian_no_time_purge30,no_gain_precompensation,1.0,2,2014-03-07T03:29:06.417,IOR-R1200-0-36E3,-56.602500000000006,-57.13253385222874,0.5300338522287333,1.8084701536639043,56,13
gaussian_no_time_purge30,no_gain_precompensation,1.0,2,2014-03-07T03:29:06.417,IOR-T1200-0-36D8,-56.92000000000001,-57.63279608047269,0.7127960804726783,1.8084622401445585,56,13
gaussian_no_time_purge30,no_gain_precompensation,1.0,2,2014-03-07T03:29:06.417,IOR-T1200-0-36E2,-56.50129032258064,-57.633309037364214,1.1320187147835767,1.8084820349480768,56,13
gaussian_no_time_purge30,no_gain_precompensation,1.0,2,2014-03-07T03:29:06.417,IOR-T1200-0-36FA,-56.74225806451613,-57.63085804174664,0.8885999772305126,1.8084820349480768,56,13
gaussian_no_time_purge30,no_gain_precompensation,1.0,3,2014-03-07T03:35:53.439,IOR-R1200-0-36E3,-56.46666666666667,-55.34760813330107,-1.119058533365596,1.9432537891029675,48,12
gaussian_no_time_purge30,no_gain_precompensation,1.0,3,2014-03-07T03:35:53.439,IOR-R600-0-36F8,-53.27,-53.34865854156078,0.07865854156077745,1.9432623831040465,48,12
gaussian_no_time_purge30,no_gain_precompensation,1.0,3,2014-03-07T03:35:53.439,IOR-T1200-0-36D8,-56.605,-55.34835345194402,-1.2566465480559756,1.94324520063117,48,12
gaussian_no_time_purge30,no_gain_precompensation,1.0,3,2014-03-07T03:35:53.439,IOR-T1200-0-36FA,-56.345000000000006,-55.34476973220074,-1.0002302677992674,1.9432623831040465,48,12
gaussian_no_time_purge30,no_gain_precompensation,1.0,4,2014-03-07T03:59:06.915,IOR-R1200-0-36D3,-56.16,-55.292413071136885,-0.867586928863112,1.8683776280963824,53,13
gaussian_no_time_purge30,no_gain_precompensation,1.0,4,2014-03-07T03:59:06.915,IOR-R1200-0-36E3,-56.23555555555556,-55.500265552488635,-0.7352900030669218,1.8683654856783032,53,13
gaussian_no_time_purge30,no_gain_precompensation,1.0,4,2014-03-07T03:59:06.915,IOR-R1200-0-36ED,-55.61545454545455,-55.28988539989027,-0.3255691455642804,1.8683776280963824,53,13
gaussian_no_time_purge30,no_gain_precompensation,1.0,4,2014-03-07T03:59:06.915,IOR-R600-0-36E1,-52.8,-53.29196230437969,0.49196230437969035,1.868373579216794,53,13
gaussian_no_time_purge30,no_gain_precompensation,1.0,4,2014-03-07T03:59:06.915,IOR-T1200-0-36D7,-56.3767741935484,-55.501468650835335,-0.8753055427130647,1.8683654856783032,53,13
gaussian_no_time_purge30,no_gain_precompensation,1.0,4,2014-03-07T03:59:06.915,IOR-T1200-0-36D8,-56.27935483870967,-55.499921993491846,-0.7794328452178263,1.8683654856783032,53,13
gaussian_no_time_purge30,no_gain_precompensation,1.0,4,2014-03-07T03:59:06.915,IOR-T1200-0-36F2,-55.51833333333334,-55.28840213440989,-0.22993119892344538,1.868373579216794,53,13
gaussian_no_time_purge30,no_gain_precompensation,1.0,4,2014-03-07T03:59:06.915,IOR-T1200-0-3718,-55.49666666666667,-55.290885569662656,-0.2057810970040137,1.8683776280963824,53,13
gaussian_no_time_purge30,no_gain_precompensation,1.0,5,2014-03-07T04:29:15.419,IOR-R1200-0-36E8,-55.41,-55.33411058379191,-0.07588941620808498,1.7972140773579257,56,13
gaussian_no_time_purge30,no_gain_precompensation,1.0,5,2014-03-07T04:29:15.419,IOR-T1200-0-36D8,-55.12354838709677,-55.33390334724858,0.2103549601518111,1.797194157768986,56,13
gaussian_no_time_purge30,no_gain_precompensation,1.0,5,2014-03-07T04:29:15.419,IOR-T1200-0-36E2,-54.48193548387096,-55.33458574526065,0.8526502613896838,1.7972140773579257,56,13
gaussian_no_time_purge30,no_gain_precompensation,1.0,5,2014-03-07T04:29:15.419,IOR-T1200-0-3718,-54.95516129032258,-55.33247267647696,0.377311386154382,1.797210090448849,56,13
gaussian_no_time_purge30,no_gain_precompensation,1.0,6,2014-03-07T04:55:47.914,IOR-R1200-0-36E8,-53.43,-57.279720046120644,3.8497200461206447,1.6512263386607977,60,13
gaussian_no_time_purge30,no_gain_precompensation,1.0,7,2014-03-07T05:10:15.421,IOR-R1200-0-36E8,-54.39833333333333,-57.55115448892046,3.1528211555871266,1.3786669388085087,59,13
gaussian_no_time_purge30,no_gain_precompensation,1.0,7,2014-03-07T05:10:15.421,IOR-R600-0-36F7,-50.825,-55.4790195215818,4.6540195215817945,1.4522347967485338,59,13
gaussian_no_time_purge30,no_gain_precompensation,1.0,7,2014-03-07T05:10:15.421,IOR-T1200-0-36D7,-54.31333333333333,-56.71881736644056,2.4054840331072285,1.2961263688511206,59,13
gaussian_no_time_purge30,no_gain_precompensation,1.0,7,2014-03-07T05:10:15.421,IOR-T1200-0-36F2,-53.79666666666666,-57.301878959057014,3.505212292390354,1.3386363603442344,59,13
gaussian_no_time_purge30,no_gain_precompensation,1.0,8,2014-03-07T05:29:16.912,IOR-R1200-0-36E3,-53.78625,-56.679685740094534,2.8934357400945316,1.4366146084346567,60,14
gaussian_no_time_purge30,no_gain_precompensation,1.0,8,2014-03-07T05:29:16.912,IOR-T1200-0-36D7,-53.91967741935485,-56.51284397142566,2.5931665520708123,1.4534040375684563,60,14
gaussian_no_time_purge30,no_gain_precompensation,1.0,8,2014-03-07T05:29:16.912,IOR-T1200-0-36D8,-53.91516129032258,-56.326935174875274,2.4117738845526944,1.430489492538282,60,14
gaussian_no_time_purge30,no_gain_precompensation,1.0,8,2014-03-07T05:29:16.912,IOR-T1200-0-36E2,-53.68806451612903,-55.69820036657717,2.010135850448137,1.5032597354371138,60,14
gaussian_no_time_purge30,no_gain_precompensation,1.0,8,2014-03-07T05:29:16.912,IOR-T1200-0-36F2,-53.57193548387096,-56.86978090475965,3.2978454208886916,1.4811998755624922,60,14
gaussian_no_time_purge30,no_gain_precompensation,1.0,9,2014-03-07T06:09:33.454,IOR-R1200-0-36ED,-54.48,-55.23540056207825,0.7554005620782505,1.7135253969563062,64,15
gaussian_no_time_purge30,no_gain_precompensation,1.0,9,2014-03-07T06:09:33.454,IOR-R1200-0-36F6,-54.73299999999999,-55.239532409687875,0.5065324096878854,1.7135290593445807,64,15
gaussian_no_time_purge30,no_gain_precompensation,1.0,9,2014-03-07T06:09:33.454,IOR-R600-0-36E1,-51.815,-53.241454660493005,1.4264546604930075,1.7135217360774253,64,15
gaussian_no_time_purge30,no_gain_precompensation,1.0,9,2014-03-07T06:09:33.454,IOR-T1200-0-36D8,-54.92000000000001,-55.240653717731846,0.3206537177318367,1.713507107639268,64,15
gaussian_no_time_purge30,no_gain_precompensation,1.0,9,2014-03-07T06:09:33.454,IOR-T1200-0-36FA,-54.60166666666667,-55.235983516625204,0.6343168499585374,1.7135217360774253,64,15
gaussian_no_time_purge30,no_gain_precompensation,1.0,10,2014-03-07T06:48:19.429,IOR-R1200-0-36ED,-54.26333333333334,-54.747284599094314,0.4839512657609717,1.7202620111776663,64,15
gaussian_no_time_purge30,no_gain_precompensation,1.0,10,2014-03-07T06:48:19.429,IOR-R1200-0-36F6,-54.626666666666665,-54.7437103096387,0.1170436429720354,1.7202656591387475,64,15
gaussian_no_time_purge30,no_gain_precompensation,1.0,10,2014-03-07T06:48:19.429,IOR-R600-0-36E1,-51.53,-52.747458226846476,1.2174582268464746,1.7202583647083034,64,15
gaussian_no_time_purge30,no_gain_precompensation,1.0,10,2014-03-07T06:48:19.429,IOR-T1200-0-36D7,-54.67166666666666,-54.74638294241671,0.07471627575004902,1.7202510762414838,64,15
gaussian_no_time_purge30,no_gain_precompensation,1.0,10,2014-03-07T06:48:19.429,IOR-T1200-0-3718,-54.473333333333336,-54.74126764565688,0.2679343123235469,1.7202583647083034,64,15
gaussian_no_time_purge30,no_gain_precompensation,1.0,11,2014-03-07T07:58:13.411,IOR-R1200-0-36E3,-58.35111111111112,-54.31432696794412,-4.036784143167004,1.1201853914307902,63,14
gaussian_no_time_purge30,no_gain_precompensation,1.0,11,2014-03-07T07:58:13.411,IOR-R1200-0-36E8,-58.9,-53.69324158835846,-5.2067584116415375,1.1416415202269585,63,14
gaussian_no_time_purge30,no_gain_precompensation,1.0,11,2014-03-07T07:58:13.411,IOR-R1200-0-36F5,-58.20571428571429,-54.06199589623935,-4.143718389474941,1.1788101113251919,63,14
gaussian_no_time_purge30,no_gain_precompensation,1.0,11,2014-03-07T07:58:13.411,IOR-R600-0-36F7,-55.235,-51.64746630235185,-3.587533697648148,1.1625352619731641,63,14
gaussian_no_time_purge30,no_gain_precompensation,1.0,11,2014-03-07T07:58:13.411,IOR-T1200-0-36F2,-58.26499999999999,-53.85833106259548,-4.406668937404511,1.1345486424351972,63,14
gaussian_no_time_purge30,no_gain_precompensation,1.0,12,2014-03-07T08:01:53.411,IOR-R600-0-36F8,-47.325,-52.0042224980156,4.679222498015598,1.1506684314403206,63,14
gaussian_no_time_purge30,no_gain_precompensation,1.0,13,2014-03-07T15:59:55.413,IOR-R1200-0-36D3,-57.09333333333334,-55.25848655860099,-1.8348467747323483,1.6890120779495799,61,14
gaussian_no_time_purge30,no_gain_precompensation,1.0,13,2014-03-07T15:59:55.413,IOR-R600-0-36F8,-52.505,-53.25761386631902,0.7526138663190167,1.6890120779495799,61,14
gaussian_no_time_purge30,no_gain_precompensation,1.0,13,2014-03-07T15:59:55.413,IOR-T1200-0-36D7,-56.395,-55.258203975498105,-1.1367960245018978,1.6890003898178154,61,14
gaussian_no_time_purge30,no_gain_precompensation,1.0,13,2014-03-07T15:59:55.413,IOR-T1200-0-36D8,-57.065,-55.25858775803594,-1.8064122419640611,1.6889926059931906,61,14
gaussian_no_time_purge30,no_gain_precompensation,1.0,14,2014-03-07T16:06:34.906,IOR-R1200-0-36D3,-57.2625925925926,-55.25918609117924,-2.003406501413359,1.6890120779495799,61,14
gaussian_no_time_purge30,no_gain_precompensation,1.0,14,2014-03-07T16:06:34.906,IOR-R1200-0-36E3,-56.79,-55.259990180162376,-1.5300098198376233,1.6889926059931906,61,14
gaussian_no_time_purge30,no_gain_precompensation,1.0,14,2014-03-07T16:06:34.906,IOR-T1200-0-36D7,-56.935,-55.259418250153665,-1.6755817498463372,1.6890003898178154,61,14
gaussian_no_time_purge30,no_gain_precompensation,1.0,14,2014-03-07T16:06:34.906,IOR-T1200-0-36D8,-56.114444444444445,-55.2595320734854,-0.8549123709590418,1.6889926059931906,61,14
gaussian_no_time_purge30,no_gain_precompensation,1.0,15,2014-03-07T17:06:49.406,IOR-R1200-0-36ED,-55.82875,-55.12094054301216,-0.7078094569878388,1.7019327016840369,65,15
gaussian_no_time_purge30,no_gain_precompensation,1.0,15,2014-03-07T17:06:49.406,IOR-T1200-0-36D7,-56.08258064516129,-55.12148457074514,-0.9610960744161545,1.7019218177010933,65,15
gaussian_no_time_purge30,no_gain_precompensation,1.0,15,2014-03-07T17:06:49.406,IOR-T1200-0-36D8,-56.14645161290324,-55.12083502201999,-1.0256165908832529,1.7019145692842568,65,15
gaussian_no_time_purge30,no_gain_precompensation,1.0,15,2014-03-07T17:06:49.406,IOR-T1200-0-3718,-55.76854838709677,-55.12098706086834,-0.6475613262284341,1.7019290721742397,65,15
gaussian_ou_forward30,full_gain_precompensation,0.0,6,2014-03-07T04:55:47.914,IOR-R1200-0-36E8,-53.43,-55.64826688280661,2.21826688280661,1.4093874368127455,27,5
gaussian_ou_forward30,full_gain_precompensation,0.0,7,2014-03-07T05:10:15.421,IOR-R1200-0-36E8,-54.39833333333333,-55.14155543293646,0.7432220996031234,1.2124131706739154,31,6
gaussian_ou_forward30,full_gain_precompensation,0.0,7,2014-03-07T05:10:15.421,IOR-R600-0-36F7,-50.825,-52.85424667821719,2.0292466782171843,1.2630624243288309,31,6
gaussian_ou_forward30,full_gain_precompensation,0.0,7,2014-03-07T05:10:15.421,IOR-T1200-0-36D7,-54.31333333333333,-55.248125947514765,0.9347926141814327,1.2248807249811406,31,6
gaussian_ou_forward30,full_gain_precompensation,0.0,7,2014-03-07T05:10:15.421,IOR-T1200-0-36F2,-53.79666666666666,-54.88452663726632,1.0878599705996592,1.2170598850179253,31,6
gaussian_ou_forward30,full_gain_precompensation,0.0,8,2014-03-07T05:29:16.912,IOR-R1200-0-36E3,-53.78625,-53.480055461118894,-0.30619453888110826,1.3241922886543456,32,7
gaussian_ou_forward30,full_gain_precompensation,0.0,8,2014-03-07T05:29:16.912,IOR-T1200-0-36D7,-53.91967741935485,-53.607212998794715,-0.3124644205601328,1.3384257062145066,32,7
gaussian_ou_forward30,full_gain_precompensation,0.0,8,2014-03-07T05:29:16.912,IOR-T1200-0-36D8,-53.91516129032258,-53.50451551451215,-0.4106457758104298,1.3221997074873295,32,7
gaussian_ou_forward30,full_gain_precompensation,0.0,8,2014-03-07T05:29:16.912,IOR-T1200-0-36E2,-53.68806451612903,-52.967211495288765,-0.7208530208402664,1.3260146577081502,32,7
gaussian_ou_forward30,full_gain_precompensation,0.0,8,2014-03-07T05:29:16.912,IOR-T1200-0-36F2,-53.57193548387096,-53.25754611421782,-0.3143893696531421,1.3317121367584561,32,7
gaussian_ou_forward30,full_gain_precompensation,0.0,9,2014-03-07T06:09:33.454,IOR-R1200-0-36ED,-54.48,-53.385840038175814,-1.0941599618241824,1.2764646745025428,41,9
gaussian_ou_forward30,full_gain_precompensation,0.0,9,2014-03-07T06:09:33.454,IOR-R1200-0-36F6,-54.73299999999999,-53.64911899760229,-1.0838810023977032,1.2789894983035557,41,9
gaussian_ou_forward30,full_gain_precompensation,0.0,9,2014-03-07T06:09:33.454,IOR-R600-0-36E1,-51.815,-50.83672388326674,-0.9782761167332552,1.2642735973384998,41,9
gaussian_ou_forward30,full_gain_precompensation,0.0,9,2014-03-07T06:09:33.454,IOR-T1200-0-36D8,-54.92000000000001,-53.800537108209554,-1.1194628917904552,1.2578614157371022,41,9
gaussian_ou_forward30,full_gain_precompensation,0.0,9,2014-03-07T06:09:33.454,IOR-T1200-0-36FA,-54.60166666666667,-53.41403178770538,-1.1876348789612834,1.262314943720711,41,9
gaussian_ou_forward30,full_gain_precompensation,0.0,10,2014-03-07T06:48:19.429,IOR-R1200-0-36ED,-54.26333333333334,-54.35084422918921,0.08751089585586413,1.232738177756712,46,10
gaussian_ou_forward30,full_gain_precompensation,0.0,10,2014-03-07T06:48:19.429,IOR-R1200-0-36F6,-54.626666666666665,-54.608654227516375,-0.01801243915029005,1.2328334325351216,46,10
gaussian_ou_forward30,full_gain_precompensation,0.0,10,2014-03-07T06:48:19.429,IOR-R600-0-36E1,-51.53,-51.75759078909234,0.2275907890923392,1.2294640459303392,46,10
gaussian_ou_forward30,full_gain_precompensation,0.0,10,2014-03-07T06:48:19.429,IOR-T1200-0-36D7,-54.67166666666666,-54.89134291944446,0.219676252777802,1.2356359316911971,46,10
gaussian_ou_forward30,full_gain_precompensation,0.0,10,2014-03-07T06:48:19.429,IOR-T1200-0-3718,-54.473333333333336,-54.390801287132334,-0.08253204620100263,1.2342658100685482,46,10
gaussian_ou_forward30,full_gain_precompensation,0.0,11,2014-03-07T07:58:13.411,IOR-R1200-0-36E3,-58.35111111111112,-54.53425597015878,-3.8168551409523417,1.5370053445101568,51,11
gaussian_ou_forward30,full_gain_precompensation,0.0,11,2014-03-07T07:58:13.411,IOR-R1200-0-36E8,-58.9,-54.73730567483385,-4.16269432516615,1.54332264025968,51,11
gaussian_ou_forward30,full_gain_precompensation,0.0,11,2014-03-07T07:58:13.411,IOR-R1200-0-36F5,-58.20571428571429,-54.239648593600066,-3.9660656921142277,1.602619829329887,51,11
gaussian_ou_forward30,full_gain_precompensation,0.0,11,2014-03-07T07:58:13.411,IOR-R600-0-36F7,-55.235,-51.49844257226924,-3.7365574277307587,1.5512723967262594,51,11
gaussian_ou_forward30,full_gain_precompensation,0.0,11,2014-03-07T07:58:13.411,IOR-T1200-0-36F2,-58.26499999999999,-54.2888719933559,-3.976128006644096,1.5385469854789982,51,11
gaussian_ou_forward30,full_gain_precompensation,0.0,12,2014-03-07T08:01:53.411,IOR-R600-0-36F8,-47.325,-51.48676934785341,4.161769347853408,1.5848954699804865,51,11
gaussian_ou_forward30,full_gain_precompensation,0.0,13,2014-03-07T15:59:55.413,IOR-R1200-0-36D3,-57.09333333333334,-54.91836896526178,-2.1749643680715636,2.5442194899845463,57,13
gaussian_ou_forward30,full_gain_precompensation,0.0,13,2014-03-07T15:59:55.413,IOR-R600-0-36F8,-52.505,-51.68227345814568,-0.8227265418543226,2.5475924660635227,57,13
gaussian_ou_forward30,full_gain_precompensation,0.0,13,2014-03-07T15:59:55.413,IOR-T1200-0-36D7,-56.395,-54.97681637105504,-1.4181836289449663,2.5420316481031837,57,13
gaussian_ou_forward30,full_gain_precompensation,0.0,13,2014-03-07T15:59:55.413,IOR-T1200-0-36D8,-57.065,-54.88203484925114,-2.1829651507488563,2.5412104868172523,57,13
gaussian_ou_forward30,full_gain_precompensation,0.0,14,2014-03-07T16:06:34.906,IOR-R1200-0-36D3,-57.2625925925926,-54.91906849784002,-2.343524094752574,2.5442194899845463,57,13
gaussian_ou_forward30,full_gain_precompensation,0.0,14,2014-03-07T16:06:34.906,IOR-R1200-0-36E3,-56.79,-54.793804960937145,-1.9961950390628544,2.540971771450682,57,13
gaussian_ou_forward30,full_gain_precompensation,0.0,14,2014-03-07T16:06:34.906,IOR-T1200-0-36D7,-56.935,-54.9780306457106,-1.9569693542894058,2.5420316481031837,57,13
gaussian_ou_forward30,full_gain_precompensation,0.0,14,2014-03-07T16:06:34.906,IOR-T1200-0-36D8,-56.114444444444445,-54.88297916470061,-1.231465279743837,2.5412104868172523,57,13
gaussian_ou_forward30,full_gain_precompensation,0.0,15,2014-03-07T17:06:49.406,IOR-R1200-0-36ED,-55.82875,-54.79347743699863,-1.0352725630013708,2.334140603750968,65,15
gaussian_ou_forward30,full_gain_precompensation,0.0,15,2014-03-07T17:06:49.406,IOR-T1200-0-36D7,-56.08258064516129,-55.283835391428845,-0.7987452537324486,2.331308959605519,65,15
gaussian_ou_forward30,full_gain_precompensation,0.0,15,2014-03-07T17:06:49.406,IOR-T1200-0-36D8,-56.14645161290324,-55.19081519217347,-0.9556364207297747,2.330634296208458,65,15
gaussian_ou_forward30,full_gain_precompensation,0.0,15,2014-03-07T17:06:49.406,IOR-T1200-0-3718,-55.76854838709677,-54.893396243518595,-0.8751521435781768,2.332733487143879,65,15
gaussian_ou_forward30,no_gain_precompensation,1.0,6,2014-03-07T04:55:47.914,IOR-R1200-0-36E8,-53.43,-56.22993866387486,2.799938663874862,0.9261664020589562,27,5
gaussian_ou_forward30,no_gain_precompensation,1.0,7,2014-03-07T05:10:15.421,IOR-R1200-0-36E8,-54.39833333333333,-56.38815562122411,1.9898222878907745,0.7773940496280827,31,6
gaussian_ou_forward30,no_gain_precompensation,1.0,7,2014-03-07T05:10:15.421,IOR-R600-0-36F7,-50.825,-53.99989555247973,3.1748955524797253,0.870461510596634,31,6
gaussian_ou_forward30,no_gain_precompensation,1.0,7,2014-03-07T05:10:15.421,IOR-T1200-0-36D7,-54.31333333333333,-56.41623304500626,2.1028997116729258,0.7748588784078783,31,6
gaussian_ou_forward30,no_gain_precompensation,1.0,7,2014-03-07T05:10:15.421,IOR-T1200-0-36F2,-53.79666666666666,-56.1803094352004,2.38364276853374,0.76408065713778,31,6
gaussian_ou_forward30,no_gain_precompensation,1.0,8,2014-03-07T05:29:16.912,IOR-R1200-0-36E3,-53.78625,-55.697554233298966,1.9113042332989636,1.408579930696678,32,7
gaussian_ou_forward30,no_gain_precompensation,1.0,8,2014-03-07T05:29:16.912,IOR-T1200-0-36D7,-53.91967741935485,-55.87650069357139,1.9568232742165392,1.4190725506182453,32,7
gaussian_ou_forward30,no_gain_precompensation,1.0,8,2014-03-07T05:29:16.912,IOR-T1200-0-36D8,-53.91516129032258,-55.728446043241696,1.8132847529191167,1.4090560127784504,32,7
gaussian_ou_forward30,no_gain_precompensation,1.0,8,2014-03-07T05:29:16.912,IOR-T1200-0-36E2,-53.68806451612903,-55.13584042445586,1.4477759083268253,1.412856008203304,32,7
gaussian_ou_forward30,no_gain_precompensation,1.0,8,2014-03-07T05:29:16.912,IOR-T1200-0-36F2,-53.57193548387096,-55.63172484390513,2.0597893600341735,1.413293014621999,32,7
gaussian_ou_forward30,no_gain_precompensation,1.0,9,2014-03-07T06:09:33.454,IOR-R1200-0-36ED,-54.48,-54.106935967155295,-0.37306403284470235,1.6720694757660248,41,9
gaussian_ou_forward30,no_gain_precompensation,1.0,9,2014-03-07T06:09:33.454,IOR-R1200-0-36F6,-54.73299999999999,-54.33400285395354,-0.3989971460464474,1.672633051853585,41,9
gaussian_ou_forward30,no_gain_precompensation,1.0,9,2014-03-07T06:09:33.454,IOR-R600-0-36E1,-51.815,-51.336974051014614,-0.4780259489853833,1.665463361426873,41,9
gaussian_ou_forward30,no_gain_precompensation,1.0,9,2014-03-07T06:09:33.454,IOR-T1200-0-36D8,-54.92000000000001,-54.46255075263988,-0.45744924736013104,1.6637689289767277,41,9
gaussian_ou_forward30,no_gain_precompensation,1.0,9,2014-03-07T06:09:33.454,IOR-T1200-0-36FA,-54.60166666666667,-54.16959139789126,-0.4320752687754066,1.664693305084737,41,9
gaussian_ou_forward30,no_gain_precompensation,1.0,10,2014-03-07T06:48:19.429,IOR-R1200-0-36ED,-54.26333333333334,-53.93238843119098,-0.33094490214236316,1.5178459713828343,46,10
gaussian_ou_forward30,no_gain_precompensation,1.0,10,2014-03-07T06:48:19.429,IOR-R1200-0-36F6,-54.626666666666665,-54.16590510752153,-0.4607615591451335,1.517961620345376,46,10
gaussian_ou_forward30,no_gain_precompensation,1.0,10,2014-03-07T06:48:19.429,IOR-R600-0-36E1,-51.53,-51.19033653416075,-0.33966346583925144,1.5153804034804463,46,10
gaussian_ou_forward30,no_gain_precompensation,1.0,10,2014-03-07T06:48:19.429,IOR-T1200-0-36D7,-54.67166666666666,-54.43667923240225,-0.23498743426441138,1.5167600802928147,46,10
gaussian_ou_forward30,no_gain_precompensation,1.0,10,2014-03-07T06:48:19.429,IOR-T1200-0-3718,-54.473333333333336,-53.972607355361454,-0.5007259779718822,1.5163628725103762,46,10
gaussian_ou_forward30,no_gain_precompensation,1.0,11,2014-03-07T07:58:13.411,IOR-R1200-0-36E3,-58.35111111111112,-53.912909363790995,-4.438201747320129,1.438760983439394,51,11
gaussian_ou_forward30,no_gain_precompensation,1.0,11,2014-03-07T07:58:13.411,IOR-R1200-0-36E8,-58.9,-54.2276977611973,-4.6723022388027005,1.4419748838703912,51,11
gaussian_ou_forward30,no_gain_precompensation,1.0,11,2014-03-07T07:58:13.411,IOR-R1200-0-36F5,-58.20571428571429,-53.63203858027562,-4.573675705438674,1.520917908025764,51,11
gaussian_ou_forward30,no_gain_precompensation,1.0,11,2014-03-07T07:58:13.411,IOR-R600-0-36F7,-55.235,-50.79657642791905,-4.43842357208095,1.4481163634843521,51,11
gaussian_ou_forward30,no_gain_precompensation,1.0,11,2014-03-07T07:58:13.411,IOR-T1200-0-36F2,-58.26499999999999,-53.7548960747462,-4.510103925253794,1.4396286396209672,51,11
gaussian_ou_forward30,no_gain_precompensation,1.0,12,2014-03-07T08:01:53.411,IOR-R600-0-36F8,-47.325,-50.803175725638624,3.4781757256386214,1.448462210129183,51,11
gaussian_ou_forward30,no_gain_precompensation,1.0,13,2014-03-07T15:59:55.413,IOR-R1200-0-36D3,-57.09333333333334,-55.11496926285014,-1.9783640704832024,2.4112770501188874,57,13
gaussian_ou_forward30,no_gain_precompensation,1.0,13,2014-03-07T15:59:55.413,IOR-R600-0-36F8,-52.505,-51.754357934989706,-0.7506420650102967,2.413588283465232,57,13
gaussian_ou_forward30,no_gain_precompensation,1.0,13,2014-03-07T15:59:55.413,IOR-T1200-0-36D7,-56.395,-55.08742800359664,-1.307571996403361,2.4099309324489724,57,13
gaussian_ou_forward30,no_gain_precompensation,1.0,13,2014-03-07T15:59:55.413,IOR-T1200-0-36D8,-57.065,-55.003545640604685,-2.061454359395313,2.4094399436454865,57,13
gaussian_ou_forward30,no_gain_precompensation,1.0,14,2014-03-07T16:06:34.906,IOR-R1200-0-36D3,-57.2625925925926,-55.115668795428384,-2.146923797164213,2.4112770501188874,57,13
gaussian_ou_forward30,no_gain_precompensation,1.0,14,2014-03-07T16:06:34.906,IOR-R1200-0-36E3,-56.79,-54.907716543086565,-1.8822834569134343,2.4092978374770304,57,13
gaussian_ou_forward30,no_gain_precompensation,1.0,14,2014-03-07T16:06:34.906,IOR-T1200-0-36D7,-56.935,-55.0886422782522,-1.8463577217478004,2.4099309324489724,57,13
gaussian_ou_forward30,no_gain_precompensation,1.0,14,2014-03-07T16:06:34.906,IOR-T1200-0-36D8,-56.114444444444445,-55.00448995605415,-1.1099544883902936,2.4094399436454865,57,13
gaussian_ou_forward30,no_gain_precompensation,1.0,15,2014-03-07T17:06:49.406,IOR-R1200-0-36ED,-55.82875,-54.62244964777433,-1.206300352225668,2.2209867485715926,65,15
gaussian_ou_forward30,no_gain_precompensation,1.0,15,2014-03-07T17:06:49.406,IOR-T1200-0-36D7,-56.08258064516129,-55.078486630599414,-1.004094014561879,2.2186889613306864,65,15
gaussian_ou_forward30,no_gain_precompensation,1.0,15,2014-03-07T17:06:49.406,IOR-T1200-0-36D8,-56.14645161290324,-54.99250794415488,-1.1539436687483615,2.2181528764857585,65,15
gaussian_ou_forward30,no_gain_precompensation,1.0,15,2014-03-07T17:06:49.406,IOR-T1200-0-3718,-55.76854838709677,-54.720211715814486,-1.0483366712822857,2.219838368201803,65,15
