tile_id,posterior_mass_per_km2_rank,proxy_logistics_operational_sequence,center_latitude_deg,center_longitude_deg,area_km2,posterior_mass,posterior_mass_per_km2,declared_opportunity_multiplier,proxy_logistics_priority,posterior_mass_per_km2_cumulative_area_km2,posterior_mass_per_km2_cumulative_posterior_mass,posterior_mass_per_km2_within_budget,inside_official_phase2_source_footprint,inside_official_bluefin_display_support,inside_approximate_oi2018_outline,inside_approximate_oi2024_outboard,inside_approximate_oi2024_inboard,nearest_ais_surface_vessel_track_km,corners_lon_lat_json
tile-x016-y015,1,1,-37.49058253904359,89.62371975370728,625.0,0.07150850296675261,0.00011441360474680418,0.72,8.2377795417699e-05,625.0,0.07150850296675261,True,True,False,False,False,False,247.3678365680996,"[[89.48225418909445,-37.602997584509154],[89.7651853183201,-37.602997584509154],[89.7651853183201,-37.37816749357802],[89.48225418909445,-37.37816749357802],[89.48225418909445,-37.602997584509154]]"
tile-x016-y016,2,4,-37.26575244811245,89.62371975370728,625.0,0.07150849370290036,0.00011441358992464057,0.72,8.237778474574121e-05,1250.0,0.14301699666965295,True,True,False,False,False,False,236.4442886168052,"[[89.48225418909445,-37.37816749357802],[89.7651853183201,-37.37816749357802],[89.7651853183201,-37.15333740264688],[89.48225418909445,-37.15333740264688],[89.48225418909445,-37.37816749357802]]"
tile-x017-y015,3,2,-37.49058253904359,89.90665088293294,625.0,0.07150842034843934,0.00011441347255750294,0.72,8.237770024140211e-05,1875.0,0.2145254170180923,True,True,False,False,False,False,225.77398374001322,"[[89.7651853183201,-37.602997584509154],[90.04811644754577,-37.602997584509154],[90.04811644754577,-37.37816749357802],[89.7651853183201,-37.37816749357802],[89.7651853183201,-37.602997584509154]]"
tile-x017-y016,4,3,-37.26575244811245,89.90665088293294,625.0,0.07150841610612642,0.00011441346576980227,0.72,8.237769535425764e-05,2500.0,0.2860338331242187,True,True,False,False,False,False,213.67848668401945,"[[89.7651853183201,-37.37816749357802],[90.04811644754577,-37.37816749357802],[90.04811644754577,-37.15333740264688],[89.7651853183201,-37.15333740264688],[89.7651853183201,-37.37816749357802]]"
tile-x015-y015,5,11,-37.49058253904359,89.34078862448162,625.0,0.042931847928162875,6.86909566850606e-05,0.72,4.945748881324364e-05,3125.0,0.32896568105238155,True,True,False,False,False,False,269.5767850535342,"[[89.19932305986879,-37.602997584509154],[89.48225418909445,-37.602997584509154],[89.48225418909445,-37.37816749357802],[89.19932305986879,-37.37816749357802],[89.19932305986879,-37.602997584509154]]"
tile-x015-y016,6,12,-37.26575244811245,89.34078862448162,625.0,0.04293184120283388,6.869094592453421e-05,0.72,4.945748106566463e-05,3750.0,0.37189752225521544,True,True,False,False,False,False,259.65538227522535,"[[89.19932305986879,-37.37816749357802],[89.48225418909445,-37.37816749357802],[89.48225418909445,-37.15333740264688],[89.19932305986879,-37.15333740264688],[89.19932305986879,-37.37816749357802]]"
tile-x016-y014,7,10,-37.71541262997472,89.62371975370728,625.0,0.04293178312042839,6.869085299268543e-05,0.72,4.945741415473351e-05,4375.0,0.41482930537564383,True,True,False,False,False,False,260.2408629123941,"[[89.48225418909445,-37.82782767544029],[89.7651853183201,-37.82782767544029],[89.7651853183201,-37.602997584509154],[89.48225418909445,-37.602997584509154],[89.48225418909445,-37.82782767544029]]"
tile-x016-y017,8,5,-37.040922357181316,89.62371975370728,625.0,0.042931766446906904,6.869082631505105e-05,0.72,4.9457394946836754e-05,5000.0,0.4577610718225507,True,True,False,False,False,False,227.75089880835492,"[[89.48225418909445,-37.15333740264688],[89.7651853183201,-37.15333740264688],[89.7651853183201,-36.92850731171575],[89.48225418909445,-36.92850731171575],[89.48225418909445,-37.15333740264688]]"
tile-x018-y016,9,7,-37.26575244811245,90.1895820121586,625.0,0.04293173760106784,6.869078016170855e-05,0.72,4.945736171643015e-05,5625.0,0.5006928094236186,True,True,False,False,False,False,191.51707380741578,"[[90.04811644754577,-37.37816749357802],[90.33104757677143,-37.37816749357802],[90.33104757677143,-37.15333740264688],[90.04811644754577,-37.15333740264688],[90.04811644754577,-37.37816749357802]]"
tile-x018-y015,10,8,-37.49058253904359,90.1895820121586,625.0,0.042931732339904376,6.8690771743847e-05,0.72,4.945735565556984e-05,6250.0,0.5436245417635229,True,True,False,False,False,False,204.98992316952365,"[[90.04811644754577,-37.602997584509154],[90.33104757677143,-37.602997584509154],[90.33104757677143,-37.37816749357802],[90.04811644754577,-37.37816749357802],[90.04811644754577,-37.602997584509154]]"
tile-x017-y014,11,9,-37.71541262997472,89.90665088293294,625.0,0.04293173075464551,6.869076920743281e-05,0.72,4.945735382935162e-05,6875.0,0.5865562725181684,True,True,False,False,False,False,239.87269413151645,"[[89.7651853183201,-37.82782767544029],[90.04811644754577,-37.82782767544029],[90.04811644754577,-37.602997584509154],[89.7651853183201,-37.602997584509154],[89.7651853183201,-37.82782767544029]]"
tile-x017-y017,12,6,-37.040922357181316,89.90665088293294,625.0,0.04293172314582153,6.869075703331445e-05,0.72,4.94573450639864e-05,7500.0,0.6294879956639899,True,True,False,False,False,False,203.94293619281333,"[[89.7651853183201,-37.15333740264688],[90.04811644754577,-37.15333740264688],[90.04811644754577,-36.92850731171575],[89.7651853183201,-36.92850731171575],[89.7651853183201,-37.15333740264688]]"
tile-x015-y014,13,,-37.71541262997472,89.34078862448162,625.0,0.025775128180574536,4.1240205088919254e-05,0.72,2.9692947664021864e-05,8125.0,0.6552631238445645,False,True,False,False,False,False,281.3747753635326,"[[89.19932305986879,-37.82782767544029],[89.48225418909445,-37.82782767544029],[89.48225418909445,-37.602997584509154],[89.19932305986879,-37.602997584509154],[89.19932305986879,-37.82782767544029]]"
tile-x015-y017,14,,-37.040922357181316,89.34078862448162,625.0,0.02577511606997801,4.1240185711964814e-05,0.72,2.9692933712614665e-05,8750.0,0.6810382399145425,False,True,False,False,False,False,251.83245969539846,"[[89.19932305986879,-37.15333740264688],[89.48225418909445,-37.15333740264688],[89.48225418909445,-36.92850731171575],[89.19932305986879,-36.92850731171575],[89.19932305986879,-37.15333740264688]]"
tile-x018-y017,15,,-37.040922357181316,90.1895820121586,625.0,0.025775061712404998,4.1240098739847995e-05,0.72,2.9692871092690557e-05,9375.0,0.7068133016269474,False,True,False,False,False,False,180.51710542735776,"[[90.04811644754577,-37.15333740264688],[90.33104757677143,-37.15333740264688],[90.33104757677143,-36.92850731171575],[90.04811644754577,-36.92850731171575],[90.04811644754577,-37.15333740264688]]"
tile-x018-y014,16,,-37.71541262997472,90.1895820121586,625.0,0.02577505218487078,4.124008349579325e-05,0.72,2.969286011697114e-05,10000.0,0.7325883538118182,False,True,False,False,False,False,220.48279402423623,"[[90.04811644754577,-37.82782767544029],[90.33104757677143,-37.82782767544029],[90.33104757677143,-37.602997584509154],[90.04811644754577,-37.602997584509154],[90.04811644754577,-37.82782767544029]]"
tile-x014-y015,17,,-37.49058253904359,89.05785749525596,625.0,0.015474717984737017,2.4759548775579227e-05,0.72,1.782687511841704e-05,10625.0,0.7480630717965552,False,True,False,False,False,False,292.26046590089635,"[[88.91639193064313,-37.602997584509154],[89.19932305986879,-37.602997584509154],[89.19932305986879,-37.37816749357802],[88.91639193064313,-37.37816749357802],[88.91639193064313,-37.602997584509154]]"
tile-x014-y016,18,,-37.26575244811245,89.05785749525596,625.0,0.015474715398835947,2.4759544638137515e-05,0.72,1.782687213945901e-05,11250.0,0.7635377871953911,False,True,False,False,False,False,283.20212297635123,"[[88.91639193064313,-37.37816749357802],[89.19932305986879,-37.37816749357802],[89.19932305986879,-37.15333740264688],[88.91639193064313,-37.15333740264688],[88.91639193064313,-37.37816749357802]]"
tile-x019-y016,19,,-37.26575244811245,90.47251314138425,625.0,0.015474709299719624,2.4759534879551398e-05,1.0,2.4759534879551398e-05,11875.0,0.7790124964951107,False,False,False,False,False,False,170.19653938135338,"[[90.33104757677143,-37.37816749357802],[90.61397870599708,-37.37816749357802],[90.61397870599708,-37.15333740264688],[90.33104757677143,-37.15333740264688],[90.33104757677143,-37.37816749357802]]"
tile-x019-y015,20,,-37.49058253904359,90.47251314138425,625.0,0.015474700116220201,2.475952018595232e-05,0.72,1.782685453388567e-05,12500.0,0.7944871966113309,False,True,False,False,False,False,185.28857515703945,"[[90.33104757677143,-37.602997584509154],[90.61397870599708,-37.602997584509154],[90.61397870599708,-37.37816749357802],[90.33104757677143,-37.37816749357802],[90.33104757677143,-37.602997584509154]]"
tile-x016-y013,21,,-37.94024272090586,89.62371975370728,625.0,0.015474668403611922,2.4759469445779075e-05,0.72,1.7826818000960935e-05,13125.0,0.8099618650149428,False,True,False,False,False,False,274.7895232196836,"[[89.48225418909445,-38.052657766371425],[89.7651853183201,-38.052657766371425],[89.7651853183201,-37.82782767544029],[89.48225418909445,-37.82782767544029],[89.48225418909445,-38.052657766371425]]"
tile-x016-y018,22,,-36.81609226625018,89.62371975370728,625.0,0.015474658401119834,2.4759453441791735e-05,0.72,1.7826806478090047e-05,13750.0,0.8254365234160627,False,True,False,False,False,False,221.55034970223144,"[[89.48225418909445,-36.92850731171575],[89.7651853183201,-36.92850731171575],[89.7651853183201,-36.70367722078461],[89.48225418909445,-36.70367722078461],[89.48225418909445,-36.92850731171575]]"
tile-x017-y013,23,,-37.94024272090586,89.90665088293294,625.0,0.015474648616228466,2.4759437785965548e-05,0.72,1.7826795205895193e-05,14375.0,0.8409111720322912,False,True,False,False,False,False,255.64340127473875,"[[89.7651853183201,-38.052657766371425],[90.04811644754577,-38.052657766371425],[90.04811644754577,-37.82782767544029],[89.7651853183201,-37.82782767544029],[89.7651853183201,-38.052657766371425]]"
tile-x017-y018,24,,-36.81609226625018,89.90665088293294,625.0,0.015474644083678235,2.4759430533885176e-05,0.72,1.7826789984397327e-05,15000.0,0.8563858161159694,False,True,False,False,False,False,196.9176690983246,"[[89.7651853183201,-36.92850731171575],[90.04811644754577,-36.92850731171575],[90.04811644754577,-36.70367722078461],[89.7651853183201,-36.70367722078461],[89.7651853183201,-36.92850731171575]]"
tile-x014-y014,25,,-37.71541262997472,89.05785749525596,625.0,0.009290605056106158,1.4864968089769853e-05,0.72,1.0702777024634294e-05,15625.0,0.8656764211720755,False,True,False,False,False,False,303.1141375560934,"[[88.91639193064313,-37.82782767544029],[89.19932305986879,-37.82782767544029],[89.19932305986879,-37.602997584509154],[88.91639193064313,-37.602997584509154],[88.91639193064313,-37.82782767544029]]"
tile-x019-y017,26,,-37.040922357181316,90.47251314138425,625.0,0.009290604435415678,1.4864967096665086e-05,0.72,1.0702776309598861e-05,16250.0,0.8749670256074912,False,True,False,False,False,False,157.64410184223433,"[[90.33104757677143,-37.15333740264688],[90.61397870599708,-37.15333740264688],[90.61397870599708,-36.92850731171575],[90.33104757677143,-36.92850731171575],[90.33104757677143,-37.15333740264688]]"
tile-x014-y017,27,,-37.040922357181316,89.05785749525596,625.0,0.00929060039889842,1.4864960638237474e-05,0.72,1.070277165953098e-05,16875.0,0.8842576260063896,False,True,False,False,False,False,276.11585976424817,"[[88.91639193064313,-37.15333740264688],[89.19932305986879,-37.15333740264688],[89.19932305986879,-36.92850731171575],[88.91639193064313,-36.92850731171575],[88.91639193064313,-37.15333740264688]]"
tile-x015-y013,28,,-37.94024272090586,89.34078862448162,625.0,0.009290589435576922,1.4864943096923075e-05,0.72,1.0702759029784614e-05,17500.0,0.8935482154419665,False,True,False,False,False,False,294.82415270634294,"[[89.19932305986879,-38.052657766371425],[89.48225418909445,-38.052657766371425],[89.48225418909445,-37.82782767544029],[89.19932305986879,-37.82782767544029],[89.19932305986879,-38.052657766371425]]"
tile-x019-y014,29,,-37.71541262997472,90.47251314138425,625.0,0.009290587845668177,1.4864940553069084e-05,1.0,1.4864940553069084e-05,18125.0,0.9028388032876347,False,False,False,False,False,False,201.58477158906962,"[[90.33104757677143,-37.82782767544029],[90.61397870599708,-37.82782767544029],[90.61397870599708,-37.602997584509154],[90.33104757677143,-37.602997584509154],[90.33104757677143,-37.82782767544029]]"
tile-x015-y018,30,,-36.81609226625018,89.34078862448162,625.0,0.00929058216317711,1.4864931461083375e-05,0.72,1.070275065198003e-05,18750.0,0.9121293854508118,False,True,False,False,False,False,246.30804635426256,"[[89.19932305986879,-36.92850731171575],[89.48225418909445,-36.92850731171575],[89.48225418909445,-36.70367722078461],[89.19932305986879,-36.70367722078461],[89.19932305986879,-36.92850731171575]]"
tile-x018-y018,31,,-36.81609226625018,90.1895820121586,625.0,0.009290565649273025,1.486490503883684e-05,0.72,1.0702731627962524e-05,19375.0,0.9214199511000848,False,True,False,False,False,False,172.4638396560225,"[[90.04811644754577,-36.92850731171575],[90.33104757677143,-36.92850731171575],[90.33104757677143,-36.70367722078461],[90.04811644754577,-36.70367722078461],[90.04811644754577,-36.92850731171575]]"
tile-x018-y013,32,,-37.94024272090586,90.1895820121586,625.0,0.009290559863796259,1.4864895782074015e-05,1.0,1.4864895782074015e-05,20000.0,0.930710510963881,False,False,False,False,False,False,236.75201267898504,"[[90.04811644754577,-38.052657766371425],[90.33104757677143,-38.052657766371425],[90.33104757677143,-37.82782767544029],[90.04811644754577,-37.82782767544029],[90.04811644754577,-38.052657766371425]]"
tile-x020-y016,33,,-37.26575244811245,90.75544427060991,625.0,0.003348819243996311,5.358110790394097e-06,0.72,3.85783976908375e-06,20625.0,0.9340593302078773,False,True,False,False,False,False,150.075916305968,"[[90.61397870599708,-37.37816749357802],[90.89690983522274,-37.37816749357802],[90.89690983522274,-37.15333740264688],[90.61397870599708,-37.15333740264688],[90.61397870599708,-37.37816749357802]]"
tile-x020-y015,34,,-37.49058253904359,90.75544427060991,625.0,0.0033488131743810968,5.358101079009755e-06,1.0,5.358101079009755e-06,21250.0,0.9374081433822584,False,False,False,False,False,False,166.38514047180183,"[[90.61397870599708,-37.602997584509154],[90.89690983522274,-37.602997584509154],[90.89690983522274,-37.37816749357802],[90.61397870599708,-37.37816749357802],[90.61397870599708,-37.602997584509154]]"
tile-x013-y015,35,,-37.49058253904359,88.7749263660303,625.0,0.0033487838621908037,5.358054179505286e-06,0.72,3.8577990092438056e-06,21875.0,0.9407569272444493,False,True,False,False,False,False,315.3162616436116,"[[88.63346080141747,-37.602997584509154],[88.91639193064313,-37.602997584509154],[88.91639193064313,-37.37816749357802],[88.63346080141747,-37.37816749357802],[88.63346080141747,-37.602997584509154]]"
tile-x013-y016,36,,-37.26575244811245,88.7749263660303,625.0,0.0033487832891024834,5.358053262563974e-06,0.72,3.857798349046061e-06,22500.0,0.9441057105335517,False,True,False,False,False,False,307.0071078000356,"[[88.63346080141747,-37.37816749357802],[88.91639193064313,-37.37816749357802],[88.91639193064313,-37.15333740264688],[88.63346080141747,-37.15333740264688],[88.63346080141747,-37.37816749357802]]"
tile-x019-y018,37,,-36.81609226625018,90.47251314138425,625.0,0.0033487802903897643,5.358048464623623e-06,0.72,3.8577948945290085e-06,23125.0,0.9474544908239415,False,True,False,False,False,False,148.27764017818924,"[[90.33104757677143,-36.92850731171575],[90.61397870599708,-36.92850731171575],[90.61397870599708,-36.70367722078461],[90.33104757677143,-36.70367722078461],[90.33104757677143,-36.92850731171575]]"
tile-x014-y013,38,,-37.94024272090586,89.05785749525596,625.0,0.0033487786106384523,5.358045777021524e-06,0.72,3.857792959455497e-06,23750.0,0.9508032694345799,False,True,False,False,False,False,315.57795199390193,"[[88.91639193064313,-38.052657766371425],[89.19932305986879,-38.052657766371425],[89.19932305986879,-37.82782767544029],[88.91639193064313,-37.82782767544029],[88.91639193064313,-38.052657766371425]]"
tile-x014-y018,39,,-36.81609226625018,89.05785749525596,625.0,0.0033487758132008452,5.358041301121353e-06,1.0,5.358041301121353e-06,24375.0,0.9541520452477807,False,False,False,False,False,False,271.1563324403671,"[[88.91639193064313,-36.92850731171575],[89.19932305986879,-36.92850731171575],[89.19932305986879,-36.70367722078461],[88.91639193064313,-36.70367722078461],[88.91639193064313,-36.92850731171575]]"
tile-x019-y013,40,,-37.94024272090586,90.47251314138425,625.0,0.0033487702651000895,5.3580324241601435e-06,1.0,5.3580324241601435e-06,25000.0,0.9575008155128808,False,False,False,False,False,False,218.6848038759448,"[[90.33104757677143,-38.052657766371425],[90.61397870599708,-38.052657766371425],[90.61397870599708,-37.82782767544029],[90.33104757677143,-37.82782767544029],[90.33104757677143,-38.052657766371425]]"
tile-x016-y012,41,,-38.16507281183699,89.62371975370728,625.0,0.003348767225590097,5.358027560944155e-06,0.72,3.8577798438797915e-06,25625.0,0.9608495827384709,False,True,False,False,False,False,290.74555743890915,"[[89.48225418909445,-38.27748785730256],[89.7651853183201,-38.27748785730256],[89.7651853183201,-38.052657766371425],[89.48225418909445,-38.052657766371425],[89.48225418909445,-38.27748785730256]]"
tile-x016-y019,42,,-36.591262175319045,89.62371975370728,625.0,0.0033487642015105836,5.358022722416934e-06,0.72,3.857776360140192e-06,26250.0,0.9641983469399814,False,True,False,False,False,False,218.05540183246796,"[[89.48225418909445,-36.70367722078461],[89.7651853183201,-36.70367722078461],[89.7651853183201,-36.47884712985348],[89.48225418909445,-36.47884712985348],[89.48225418909445,-36.70367722078461]]"
tile-x017-y012,43,,-38.16507281183699,89.90665088293294,625.0,0.0033487627631430886,5.358020421028942e-06,1.0,5.358020421028942e-06,26875.0,0.9675471097031245,False,False,False,False,False,False,271.866763319718,"[[89.7651853183201,-38.27748785730256],[90.04811644754577,-38.27748785730256],[90.04811644754577,-38.052657766371425],[89.7651853183201,-38.052657766371425],[89.7651853183201,-38.27748785730256]]"
tile-x017-y019,44,,-36.591262175319045,89.90665088293294,625.0,0.003348761407296506,5.35801825167441e-06,0.72,3.8577731412055745e-06,27500.0,0.970895871110421,False,True,False,False,False,False,192.89903375234442,"[[89.7651853183201,-36.70367722078461],[90.04811644754577,-36.70367722078461],[90.04811644754577,-36.47884712985348],[89.7651853183201,-36.47884712985348],[89.7651853183201,-36.70367722078461]]"
tile-x020-y017,45,,-37.040922357181316,90.75544427060991,625.0,0.0020105447943965246,3.2168716710344394e-06,1.0,3.2168716710344394e-06,28125.0,0.9729064159048175,False,False,False,False,False,False,135.60420774496302,"[[90.61397870599708,-37.15333740264688],[90.89690983522274,-37.15333740264688],[90.89690983522274,-36.92850731171575],[90.61397870599708,-36.92850731171575],[90.61397870599708,-37.15333740264688]]"
tile-x020-y014,46,,-37.71541262997472,90.75544427060991,625.0,0.0020105338343439283,3.2168541349502853e-06,1.0,3.2168541349502853e-06,28750.0,0.9749169497391614,False,False,False,False,False,False,183.43707033296806,"[[90.61397870599708,-37.82782767544029],[90.89690983522274,-37.82782767544029],[90.89690983522274,-37.602997584509154],[90.61397870599708,-37.602997584509154],[90.61397870599708,-37.82782767544029]]"
tile-x013-y014,47,,-37.71541262997472,88.7749263660303,625.0,0.0020105198428804947,3.2168317486087916e-06,0.72,2.3161188589983297e-06,29375.0,0.9769274695820419,False,True,False,False,False,False,325.3374288708702,"[[88.63346080141747,-37.82782767544029],[88.91639193064313,-37.82782767544029],[88.91639193064313,-37.602997584509154],[88.63346080141747,-37.602997584509154],[88.63346080141747,-37.82782767544029]]"
tile-x013-y017,48,,-37.040922357181316,88.7749263660303,625.0,0.0020105188640152597,3.2168301824244155e-06,1.0,3.2168301824244155e-06,30000.0,0.9789379884460572,False,False,False,False,False,False,300.55199353493737,"[[88.63346080141747,-37.15333740264688],[88.91639193064313,-37.15333740264688],[88.91639193064313,-36.92850731171575],[88.63346080141747,-36.92850731171575],[88.63346080141747,-37.15333740264688]]"
tile-x015-y012,49,,-38.16507281183699,89.34078862448162,625.0,0.002010513003615142,3.216820805784227e-06,0.72,2.3161109801646435e-06,30625.0,0.9809485014496723,False,True,False,False,False,False,309.7098536017852,"[[89.19932305986879,-38.27748785730256],[89.48225418909445,-38.27748785730256],[89.48225418909445,-38.052657766371425],[89.19932305986879,-38.052657766371425],[89.19932305986879,-38.27748785730256]]"
tile-x015-y019,50,,-36.591262175319045,89.34078862448162,625.0,0.0020105108016713865,3.2168172826742184e-06,1.0,3.2168172826742184e-06,31250.0,0.9829590122513436,False,False,False,False,False,False,243.23880321350836,"[[89.19932305986879,-36.70367722078461],[89.48225418909445,-36.70367722078461],[89.48225418909445,-36.47884712985348],[89.19932305986879,-36.47884712985348],[89.19932305986879,-36.70367722078461]]"
tile-x018-y019,51,,-36.591262175319045,90.1895820121586,625.0,0.002010507953702885,3.216812725924616e-06,0.72,2.3161051626657235e-06,31875.0,0.9849695202050465,False,True,False,False,False,False,167.7821250277366,"[[90.04811644754577,-36.70367722078461],[90.33104757677143,-36.70367722078461],[90.33104757677143,-36.47884712985348],[90.04811644754577,-36.47884712985348],[90.04811644754577,-36.70367722078461]]"
tile-x018-y012,52,,-38.16507281183699,90.1895820121586,625.0,0.00201050617288365,3.2168098766138402e-06,1.0,3.2168098766138402e-06,32500.0,0.9869800263779301,False,False,False,False,False,False,253.88013180001786,"[[90.04811644754577,-38.27748785730256],[90.33104757677143,-38.27748785730256],[90.33104757677143,-38.052657766371425],[90.04811644754577,-38.052657766371425],[90.04811644754577,-38.27748785730256]]"
tile-x020-y018,53,,-36.81609226625018,90.75544427060991,625.0,0.0007246980065570187,1.1595168104912298e-06,0.72,8.348521035536855e-07,33125.0,0.9877047243844872,False,True,False,False,False,False,124.5153944788198,"[[90.61397870599708,-36.92850731171575],[90.89690983522274,-36.92850731171575],[90.89690983522274,-36.70367722078461],[90.61397870599708,-36.70367722078461],[90.61397870599708,-36.92850731171575]]"
tile-x020-y013,54,,-37.94024272090586,90.75544427060991,625.0,0.0007246913887450411,1.1595062219920658e-06,1.0,1.1595062219920658e-06,33750.0,0.9884294157732323,False,False,False,False,False,False,202.10576539243937,"[[90.61397870599708,-38.052657766371425],[90.89690983522274,-38.052657766371425],[90.89690983522274,-37.82782767544029],[90.61397870599708,-37.82782767544029],[90.61397870599708,-38.052657766371425]]"
tile-x013-y013,55,,-37.94024272090586,88.7749263660303,625.0,0.0007246875572166215,1.1595000915465945e-06,0.72,8.34840065913548e-07,34375.0,0.989154103330449,False,True,False,False,False,False,336.91787943962265,"[[88.63346080141747,-38.052657766371425],[88.91639193064313,-38.052657766371425],[88.91639193064313,-37.82782767544029],[88.63346080141747,-37.82782767544029],[88.63346080141747,-38.052657766371425]]"
tile-x019-y019,56,,-36.591262175319045,90.47251314138425,625.0,0.0007246871459315203,1.1594994334904325e-06,0.72,8.348395921131114e-07,35000.0,0.9898787904763805,False,True,False,False,False,False,142.72578329329176,"[[90.33104757677143,-36.70367722078461],[90.61397870599708,-36.70367722078461],[90.61397870599708,-36.47884712985348],[90.33104757677143,-36.47884712985348],[90.33104757677143,-36.70367722078461]]"
tile-x013-y018,57,,-36.81609226625018,88.7749263660303,625.0,0.000724686927794328,1.1594990844709248e-06,1.0,1.1594990844709248e-06,35625.0,0.9906034774041749,False,False,False,False,False,False,296.07221184243934,"[[88.63346080141747,-36.92850731171575],[88.91639193064313,-36.92850731171575],[88.91639193064313,-36.70367722078461],[88.63346080141747,-36.70367722078461],[88.63346080141747,-36.92850731171575]]"
tile-x014-y012,58,,-38.16507281183699,89.05785749525596,625.0,0.0007246862702510316,1.1594980324016507e-06,0.72,8.348385833291885e-07,36250.0,0.9913281636744259,False,True,False,False,False,False,329.46922476531734,"[[88.91639193064313,-38.27748785730256],[89.19932305986879,-38.27748785730256],[89.19932305986879,-38.052657766371425],[88.91639193064313,-38.052657766371425],[88.91639193064313,-38.27748785730256]]"
tile-x014-y019,59,,-36.591262175319045,89.05785749525596,625.0,0.000724685464823437,1.1594967437174992e-06,1.0,1.1594967437174992e-06,36875.0,0.9920528491392493,False,False,False,False,False,False,268.4414429731546,"[[88.91639193064313,-36.70367722078461],[89.19932305986879,-36.70367722078461],[89.19932305986879,-36.47884712985348],[88.91639193064313,-36.47884712985348],[88.91639193064313,-36.70367722078461]]"
tile-x019-y012,60,,-38.16507281183699,90.47251314138425,625.0,0.0007246840818058958,1.1594945308894332e-06,1.0,1.1594945308894332e-06,37500.0,0.9927775332210552,False,False,False,False,False,False,237.16935389402244,"[[90.33104757677143,-38.27748785730256],[90.61397870599708,-38.27748785730256],[90.61397870599708,-38.052657766371425],[90.33104757677143,-38.052657766371425],[90.33104757677143,-38.27748785730256]]"
tile-x021-y016,61,,-37.26575244811245,91.03837539983557,625.0,0.00043510334764728173,6.961653562356507e-07,0.72,5.012390564896684e-07,38125.0,0.9932126365687025,False,True,False,False,False,False,131.17131862773823,"[[90.89690983522274,-37.37816749357802],[91.1798409644484,-37.37816749357802],[91.1798409644484,-37.15333740264688],[90.89690983522274,-37.15333740264688],[90.89690983522274,-37.37816749357802]]"
tile-x021-y015,62,,-37.49058253904359,91.03837539983557,625.0,0.0004351011862504219,6.96161898000675e-07,1.0,6.96161898000675e-07,38750.0,0.993647737754953,False,False,False,False,False,False,148.13886475144685,"[[90.89690983522274,-37.602997584509154],[91.1798409644484,-37.602997584509154],[91.1798409644484,-37.37816749357802],[90.89690983522274,-37.37816749357802],[90.89690983522274,-37.602997584509154]]"
tile-x012-y015,63,,-37.49058253904359,88.49199523680464,625.0,0.000435083569867667,6.961337117882672e-07,0.72,5.012162724875524e-07,39375.0,0.9940828213248206,False,True,False,False,False,False,338.66800008870155,"[[88.35052967219181,-37.602997584509154],[88.63346080141747,-37.602997584509154],[88.63346080141747,-37.37816749357802],[88.35052967219181,-37.37816749357802],[88.35052967219181,-37.602997584509154]]"
tile-x012-y016,64,,-37.26575244811245,88.49199523680464,625.0,0.00043508349429860276,6.961335908777644e-07,0.72,5.012161854319904e-07,40000.0,0.9945179048191192,False,True,False,False,False,False,331.01444021415267,"[[88.35052967219181,-37.37816749357802],[88.63346080141747,-37.37816749357802],[88.63346080141747,-37.15333740264688],[88.35052967219181,-37.15333740264688],[88.35052967219181,-37.37816749357802]]"
tile-x016-y011,65,,-38.38990290276812,89.62371975370728,625.0,0.0004350806349698698,6.961290159517917e-07,1.0,6.961290159517917e-07,40625.0,0.9949529854540891,False,False,False,False,False,False,306.93304100421165,"[[89.48225418909445,-38.50231794823369],[89.7651853183201,-38.50231794823369],[89.7651853183201,-38.27748785730256],[89.48225418909445,-38.27748785730256],[89.48225418909445,-38.50231794823369]]"
tile-x016-y020,66,,-36.36643208438792,89.62371975370728,625.0,0.00043508013120017227,6.961282099202756e-07,1.0,6.961282099202756e-07,41250.0,0.9953880655852893,False,False,False,False,False,False,217.39361281664085,"[[89.48225418909445,-36.47884712985348],[89.7651853183201,-36.47884712985348],[89.7651853183201,-36.25401703892235],[89.48225418909445,-36.25401703892235],[89.48225418909445,-36.47884712985348]]"
tile-x017-y011,67,,-38.38990290276812,89.90665088293294,625.0,0.0004350800338535754,6.961280541657206e-07,1.0,6.961280541657206e-07,41875.0,0.9958231456191429,False,False,False,False,False,False,289.0218778933558,"[[89.7651853183201,-38.50231794823369],[90.04811644754577,-38.50231794823369],[90.04811644754577,-38.27748785730256],[89.7651853183201,-38.27748785730256],[89.7651853183201,-38.50231794823369]]"
tile-x017-y020,68,,-36.36643208438792,89.90665088293294,625.0,0.00043507981119650564,6.96127697914409e-07,1.0,6.96127697914409e-07,42500.0,0.9962582254303394,False,False,False,False,False,False,192.07267769589515,"[[89.7651853183201,-36.47884712985348],[90.04811644754577,-36.47884712985348],[90.04811644754577,-36.25401703892235],[89.7651853183201,-36.25401703892235],[89.7651853183201,-36.47884712985348]]"
tile-x021-y017,69,,-37.040922357181316,91.03837539983557,625.0,0.0002612257373440344,4.17961179750455e-07,0.72,3.009320494203276e-07,43125.0,0.9965194511676834,False,True,False,False,False,False,114.87818177892669,"[[90.89690983522274,-37.15333740264688],[91.1798409644484,-37.15333740264688],[91.1798409644484,-36.92850731171575],[90.89690983522274,-36.92850731171575],[90.89690983522274,-37.15333740264688]]"
tile-x021-y014,70,,-37.71541262997472,91.03837539983557,625.0,0.00026122183491673017,4.1795493586676825e-07,1.0,4.1795493586676825e-07,43750.0,0.9967806730026001,False,False,False,False,False,False,167.06317119909394,"[[90.89690983522274,-37.82782767544029],[91.1798409644484,-37.82782767544029],[91.1798409644484,-37.602997584509154],[90.89690983522274,-37.602997584509154],[90.89690983522274,-37.82782767544029]]"
tile-x012-y014,71,,-37.71541262997472,88.49199523680464,625.0,0.00026121249138102575,4.179399862096412e-07,0.72,3.0091679007094163e-07,44375.0,0.9970418854939811,False,True,False,False,False,False,347.9517597387727,"[[88.35052967219181,-37.82782767544029],[88.63346080141747,-37.82782767544029],[88.63346080141747,-37.602997584509154],[88.35052967219181,-37.602997584509154],[88.35052967219181,-37.82782767544029]]"
tile-x012-y017,72,,-37.040922357181316,88.49199523680464,625.0,0.00026121235528884064,4.1793976846214504e-07,1.0,4.1793976846214504e-07,45000.0,0.99730309784927,False,False,False,False,False,False,325.1062337091767,"[[88.35052967219181,-37.15333740264688],[88.63346080141747,-37.15333740264688],[88.63346080141747,-36.92850731171575],[88.35052967219181,-36.92850731171575],[88.35052967219181,-37.15333740264688]]"
tile-x015-y011,73,,-38.38990290276812,89.34078862448162,625.0,0.00026121109989256445,4.179377598281031e-07,1.0,4.179377598281031e-07,45625.0,0.9975643089491625,False,False,False,False,False,False,325.7105208181713,"[[89.19932305986879,-38.50231794823369],[89.48225418909445,-38.50231794823369],[89.48225418909445,-38.27748785730256],[89.19932305986879,-38.27748785730256],[89.19932305986879,-38.50231794823369]]"
tile-x015-y020,74,,-36.36643208438792,89.34078862448162,625.0,0.00026121076828937196,4.179372292629951e-07,1.0,4.179372292629951e-07,46250.0,0.9978255197174518,False,False,False,False,False,False,242.7150826474551,"[[89.19932305986879,-36.47884712985348],[89.48225418909445,-36.47884712985348],[89.48225418909445,-36.25401703892235],[89.19932305986879,-36.25401703892235],[89.19932305986879,-36.47884712985348]]"
tile-x018-y020,75,,-36.36643208438792,90.1895820121586,625.0,0.00026121050095576916,4.1793680152923067e-07,0.72,3.009144971010461e-07,46875.0,0.9980867302184075,False,True,False,False,False,False,166.75278776185812,"[[90.04811644754577,-36.47884712985348],[90.33104757677143,-36.47884712985348],[90.33104757677143,-36.25401703892235],[90.04811644754577,-36.25401703892235],[90.04811644754577,-36.47884712985348]]"
tile-x018-y011,76,,-38.38990290276812,90.1895820121586,625.0,0.0002612101972689241,4.179363156302786e-07,1.0,4.179363156302786e-07,47500.0,0.9983479404156764,False,False,False,False,False,False,272.2243445553515,"[[90.04811644754577,-38.50231794823369],[90.33104757677143,-38.50231794823369],[90.33104757677143,-38.27748785730256],[90.04811644754577,-38.27748785730256],[90.04811644754577,-38.50231794823369]]"
tile-x020-y019,77,,-36.591262175319045,90.75544427060991,625.0,0.00015682729566736573,2.509236730677852e-07,0.72,1.8066504460880534e-07,48125.0,0.9985047677113438,False,True,False,False,False,False,117.7689584365736,"[[90.61397870599708,-36.70367722078461],[90.89690983522274,-36.70367722078461],[90.89690983522274,-36.47884712985348],[90.61397870599708,-36.47884712985348],[90.61397870599708,-36.70367722078461]]"
tile-x020-y012,78,,-38.16507281183699,90.75544427060991,625.0,0.00015682527542627836,2.5092044068204536e-07,1.0,2.5092044068204536e-07,48750.0,0.99866159298677,False,False,False,False,False,False,222.02286814906128,"[[90.61397870599708,-38.27748785730256],[90.89690983522274,-38.27748785730256],[90.89690983522274,-38.052657766371425],[90.61397870599708,-38.052657766371425],[90.61397870599708,-38.27748785730256]]"
tile-x013-y012,79,,-38.16507281183699,88.7749263660303,625.0,0.00015682468655954052,2.5091949849526483e-07,0.72,1.8066203891659067e-07,49375.0,0.9988184176733296,False,True,False,False,False,False,349.902828476005,"[[88.63346080141747,-38.27748785730256],[88.91639193064313,-38.27748785730256],[88.91639193064313,-38.052657766371425],[88.63346080141747,-38.052657766371425],[88.63346080141747,-38.27748785730256]]"
tile-x013-y019,80,,-36.591262175319045,88.7749263660303,625.0,0.00015682449585937034,2.5091919337499256e-07,1.0,2.5091919337499256e-07,50000.0,0.998975242169189,False,False,False,False,False,False,293.65817830488817,"[[88.63346080141747,-36.70367722078461],[88.91639193064313,-36.70367722078461],[88.91639193064313,-36.47884712985348],[88.63346080141747,-36.47884712985348],[88.63346080141747,-36.70367722078461]]"
tile-x021-y018,81,,-36.81609226625018,91.03837539983557,625.0,9.415879708861897e-05,1.5065407534179037e-07,1.0,1.5065407534179037e-07,50625.0,0.9990694009662776,False,False,False,False,False,False,101.47564669476432,"[[90.89690983522274,-36.92850731171575],[91.1798409644484,-36.92850731171575],[91.1798409644484,-36.70367722078461],[90.89690983522274,-36.70367722078461],[90.89690983522274,-36.92850731171575]]"
tile-x021-y013,82,,-37.94024272090586,91.03837539983557,625.0,9.415644130123163e-05,1.506503060819706e-07,1.0,1.506503060819706e-07,51250.0,0.9991635574075789,False,False,False,False,False,False,187.41658117278752,"[[90.89690983522274,-38.052657766371425],[91.1798409644484,-38.052657766371425],[91.1798409644484,-37.82782767544029],[90.89690983522274,-37.82782767544029],[90.89690983522274,-38.052657766371425]]"
tile-x012-y013,83,,-37.94024272090586,88.49199523680464,625.0,9.415348121570471e-05,1.5064556994512755e-07,0.72,1.0846481036049183e-07,51875.0,0.9992577108887946,False,True,False,False,False,False,358.73917827372895,"[[88.35052967219181,-38.052657766371425],[88.63346080141747,-38.052657766371425],[88.63346080141747,-37.82782767544029],[88.35052967219181,-37.82782767544029],[88.35052967219181,-38.052657766371425]]"
tile-x012-y018,84,,-36.81609226625018,88.49199523680464,625.0,9.415339946894473e-05,1.5064543915031157e-07,1.0,1.5064543915031157e-07,52500.0,0.9993518642882635,False,False,False,False,False,False,321.0397561404456,"[[88.35052967219181,-36.92850731171575],[88.63346080141747,-36.92850731171575],[88.63346080141747,-36.70367722078461],[88.35052967219181,-36.70367722078461],[88.35052967219181,-36.92850731171575]]"
tile-x019-y020,85,,-36.36643208438792,90.47251314138425,625.0,9.415332948523782e-05,1.506453271763805e-07,0.72,1.0846463556699397e-07,53125.0,0.9994460176177488,False,True,False,False,False,False,141.43466394425317,"[[90.33104757677143,-36.47884712985348],[90.61397870599708,-36.47884712985348],[90.61397870599708,-36.25401703892235],[90.33104757677143,-36.25401703892235],[90.33104757677143,-36.47884712985348]]"
tile-x014-y011,86,,-38.38990290276812,89.05785749525596,625.0,9.415314682485894e-05,1.506450349197743e-07,0.72,1.084644251422375e-07,53750.0,0.9995401707645736,False,True,False,False,False,False,344.6153786029428,"[[88.91639193064313,-38.50231794823369],[89.19932305986879,-38.50231794823369],[89.19932305986879,-38.27748785730256],[88.91639193064313,-38.27748785730256],[88.91639193064313,-38.50231794823369]]"
tile-x014-y020,87,,-36.36643208438792,89.05785749525596,625.0,9.415299955847355e-05,1.5064479929355769e-07,1.0,1.5064479929355769e-07,54375.0,0.9996343237641321,False,False,False,False,False,False,268.0367490396571,"[[88.91639193064313,-36.47884712985348],[89.19932305986879,-36.47884712985348],[89.19932305986879,-36.25401703892235],[88.91639193064313,-36.25401703892235],[88.91639193064313,-36.47884712985348]]"
tile-x019-y011,88,,-38.38990290276812,90.47251314138425,625.0,9.415281167889649e-05,1.5064449868623437e-07,1.0,1.5064449868623437e-07,55000.0,0.999728476575811,False,False,False,False,False,False,256.75926537126657,"[[90.33104757677143,-38.50231794823369],[90.61397870599708,-38.50231794823369],[90.61397870599708,-38.27748785730256],[90.33104757677143,-38.27748785730256],[90.33104757677143,-38.50231794823369]]"
tile-x022-y016,89,,-37.26575244811245,91.32130652906123,625.0,3.394228276523384e-05,5.430765242437415e-08,1.0,5.430765242437415e-08,55625.0,0.9997624188585762,False,False,False,False,False,False,112.79407075545244,"[[91.1798409644484,-37.37816749357802],[91.46277209367406,-37.37816749357802],[91.46277209367406,-37.15333740264688],[91.1798409644484,-37.15333740264688],[91.1798409644484,-37.37816749357802]]"
tile-x022-y015,90,,-37.49058253904359,91.32130652906123,625.0,3.394183702860646e-05,5.430693924577034e-08,1.0,5.430693924577034e-08,56250.0,0.9997963606956048,False,False,False,False,False,False,132.1022169968648,"[[91.1798409644484,-37.602997584509154],[91.46277209367406,-37.602997584509154],[91.46277209367406,-37.37816749357802],[91.1798409644484,-37.37816749357802],[91.1798409644484,-37.602997584509154]]"
tile-x011-y015,91,,-37.49058253904359,88.20906410757898,625.0,3.393746848739797e-05,5.429994957983675e-08,0.72,3.909596369748246e-08,56875.0,0.9998302981640922,False,True,False,False,False,False,362.25826905975475,"[[88.06759854296615,-37.602997584509154],[88.35052967219181,-37.602997584509154],[88.35052967219181,-37.37816749357802],[88.06759854296615,-37.37816749357802],[88.06759854296615,-37.602997584509154]]"
tile-x011-y016,92,,-37.26575244811245,88.20906410757898,625.0,3.393746259429875e-05,5.429994015087799e-08,1.0,5.429994015087799e-08,57500.0,0.9998642356266865,False,False,False,False,False,False,355.18290250163375,"[[88.06759854296615,-37.37816749357802],[88.35052967219181,-37.37816749357802],[88.35052967219181,-37.15333740264688],[88.06759854296615,-37.15333740264688],[88.06759854296615,-37.37816749357802]]"
tile-x016-y010,93,,-38.614732993699256,89.62371975370728,625.0,3.3937167260911e-05,5.429946761745759e-08,1.0,5.429946761745759e-08,58125.0,0.9998981727939473,False,False,False,False,False,False,324.1092100015503,"[[89.48225418909445,-38.727148039164824],[89.7651853183201,-38.727148039164824],[89.7651853183201,-38.50231794823369],[89.48225418909445,-38.50231794823369],[89.48225418909445,-38.727148039164824]]"
tile-x017-y021,94,,-36.14160199345678,89.90665088293294,625.0,3.3937109183146415e-05,5.4299374693034266e-08,1.0,5.4299374693034266e-08,58750.0,0.9999321099031305,False,False,False,False,False,False,194.47307814011276,"[[89.7651853183201,-36.25401703892235],[90.04811644754577,-36.25401703892235],[90.04811644754577,-36.029186947991214],[89.7651853183201,-36.029186947991214],[89.7651853183201,-36.25401703892235]]"
tile-x016-y021,95,,-36.14160199345678,89.62371975370728,625.0,3.3937102227506425e-05,5.4299363564010284e-08,1.0,5.4299363564010284e-08,59375.0,0.9999660470053581,False,False,False,False,False,False,219.58568562137793,"[[89.48225418909445,-36.25401703892235],[89.7651853183201,-36.25401703892235],[89.7651853183201,-36.029186947991214],[89.48225418909445,-36.029186947991214],[89.48225418909445,-36.25401703892235]]"
tile-x017-y010,96,,-38.614732993699256,89.90665088293294,625.0,3.393710124378366e-05,5.429936199005385e-08,1.0,5.429936199005385e-08,60000.0,0.9999999841066018,False,False,False,False,False,False,307.25450099951235,"[[89.7651853183201,-38.727148039164824],[90.04811644754577,-38.727148039164824],[90.04811644754577,-38.50231794823369],[89.7651853183201,-38.50231794823369],[89.7651853183201,-38.727148039164824]]"
tile-x022-y017,97,,-37.040922357181316,91.32130652906123,625.0,3.626227299223177e-09,5.801963678757083e-12,0.72,4.1774138487051e-12,60625.0,0.9999999877328292,False,True,False,False,False,False,95.87426620451537,"[[91.1798409644484,-37.15333740264688],[91.46277209367406,-37.15333740264688],[91.46277209367406,-36.92850731171575],[91.1798409644484,-36.92850731171575],[91.1798409644484,-37.15333740264688]]"
tile-x022-y014,98,,-37.71541262997472,91.32130652906123,625.0,2.8108588574076836e-09,4.497374171852294e-12,1.0,4.497374171852294e-12,61250.0,0.999999990543688,False,False,False,False,False,False,153.0667423425379,"[[91.1798409644484,-37.82782767544029],[91.46277209367406,-37.82782767544029],[91.46277209367406,-37.602997584509154],[91.1798409644484,-37.602997584509154],[91.1798409644484,-37.82782767544029]]"
tile-x021-y019,99,,-36.591262175319045,91.03837539983557,625.0,1.660925703346773e-09,2.657481125354837e-12,0.72,1.9133864102554827e-12,61875.0,0.9999999922046138,False,True,False,False,False,False,92.99211060914766,"[[90.89690983522274,-36.70367722078461],[91.1798409644484,-36.70367722078461],[91.1798409644484,-36.47884712985348],[90.89690983522274,-36.47884712985348],[90.89690983522274,-36.70367722078461]]"
tile-x022-y018,100,,-36.81609226625018,91.32130652906123,625.0,1.4229505461906706e-09,2.276720873905073e-12,0.72,1.6392390292116525e-12,62500.0,0.9999999936275643,False,True,False,False,False,False,79.7870538831747,"[[91.1798409644484,-36.92850731171575],[91.46277209367406,-36.92850731171575],[91.46277209367406,-36.70367722078461],[91.1798409644484,-36.70367722078461],[91.1798409644484,-36.92850731171575]]"
tile-x022-y013,101,,-37.94024272090586,91.32130652906123,625.0,9.307992289453962e-10,1.489278766312634e-12,1.0,1.489278766312634e-12,63125.0,0.9999999945583635,False,False,False,False,False,False,175.09368355704737,"[[91.1798409644484,-38.052657766371425],[91.46277209367406,-38.052657766371425],[91.46277209367406,-37.82782767544029],[91.1798409644484,-37.82782767544029],[91.1798409644484,-38.052657766371425]]"
tile-x021-y012,102,,-38.16507281183699,91.03837539983557,625.0,9.172427464701779e-10,1.4675883943522847e-12,1.0,1.4675883943522847e-12,63750.0,0.9999999954756063,False,False,False,False,False,False,208.78155671502407,"[[90.89690983522274,-38.27748785730256],[91.1798409644484,-38.27748785730256],[91.1798409644484,-38.052657766371425],[90.89690983522274,-38.052657766371425],[90.89690983522274,-38.27748785730256]]"
tile-x020-y020,103,,-36.36643208438792,90.75544427060991,625.0,6.987807435338425e-10,1.118049189654148e-12,0.72,8.049954165509865e-13,64375.0,0.999999996174387,False,True,False,False,False,False,116.11967132008436,"[[90.61397870599708,-36.47884712985348],[90.89690983522274,-36.47884712985348],[90.89690983522274,-36.25401703892235],[90.61397870599708,-36.25401703892235],[90.61397870599708,-36.47884712985348]]"
tile-x023-y016,104,,-37.26575244811245,91.60423765828689,625.0,6.722813380260177e-10,1.0756501408416284e-12,1.0,1.0756501408416284e-12,65000.0,0.9999999968466683,False,False,False,False,False,False,97.37008152037659,"[[91.46277209367406,-37.37816749357802],[91.74570322289972,-37.37816749357802],[91.74570322289972,-37.15333740264688],[91.46277209367406,-37.15333740264688],[91.46277209367406,-37.37816749357802]]"
tile-x023-y015,105,,-37.49058253904359,91.60423765828689,625.0,6.175567730914181e-10,9.88090836946269e-13,1.0,9.88090836946269e-13,65625.0,0.9999999974642251,False,False,False,False,False,False,119.24372630940296,"[[91.46277209367406,-37.602997584509154],[91.74570322289972,-37.602997584509154],[91.74570322289972,-37.37816749357802],[91.46277209367406,-37.37816749357802],[91.46277209367406,-37.602997584509154]]"
tile-x023-y017,106,,-37.040922357181316,91.60423765828689,625.0,4.3939362568723307e-10,7.030298010995729e-13,1.0,7.030298010995729e-13,66250.0,0.9999999979036187,False,False,False,False,False,False,77.41299263401498,"[[91.46277209367406,-37.15333740264688],[91.74570322289972,-37.15333740264688],[91.74570322289972,-36.92850731171575],[91.46277209367406,-36.92850731171575],[91.46277209367406,-37.15333740264688]]"
tile-x023-y014,107,,-37.71541262997472,91.60423765828689,625.0,3.4058678384129337e-10,5.449388541460694e-13,1.0,5.449388541460694e-13,66875.0,0.9999999982442055,False,False,False,False,False,False,142.1443866319302,"[[91.46277209367406,-37.82782767544029],[91.74570322289972,-37.82782767544029],[91.74570322289972,-37.602997584509154],[91.46277209367406,-37.602997584509154],[91.46277209367406,-37.82782767544029]]"
tile-x022-y019,108,,-36.591262175319045,91.32130652906123,625.0,3.352279134356368e-10,5.363646614970189e-13,1.0,5.363646614970189e-13,67500.0,0.9999999985794334,False,False,False,False,False,False,68.59088469208884,"[[91.1798409644484,-36.70367722078461],[91.46277209367406,-36.70367722078461],[91.46277209367406,-36.47884712985348],[91.1798409644484,-36.47884712985348],[91.1798409644484,-36.70367722078461]]"
tile-x020-y011,109,,-38.38990290276812,90.75544427060991,625.0,3.2608553399603825e-10,5.217368543936612e-13,1.0,5.217368543936612e-13,68125.0,0.9999999989055189,False,False,False,False,False,False,242.88145150909568,"[[90.61397870599708,-38.50231794823369],[90.89690983522274,-38.50231794823369],[90.89690983522274,-38.27748785730256],[90.61397870599708,-38.27748785730256],[90.61397870599708,-38.50231794823369]]"
tile-x021-y020,110,,-36.36643208438792,91.03837539983557,625.0,2.349220319792916e-10,3.758752511668666e-13,0.72,2.7063018084014395e-13,68750.0,0.999999999140441,False,True,False,False,False,False,90.81105969927098,"[[90.89690983522274,-36.47884712985348],[91.1798409644484,-36.47884712985348],[91.1798409644484,-36.25401703892235],[90.89690983522274,-36.25401703892235],[90.89690983522274,-36.47884712985348]]"
tile-x022-y012,111,,-38.16507281183699,91.32130652906123,625.0,1.8507364606975742e-10,2.9611783371161187e-13,1.0,2.9611783371161187e-13,69375.0,0.9999999993255146,False,False,False,False,False,False,197.8236642622349,"[[91.1798409644484,-38.27748785730256],[91.46277209367406,-38.27748785730256],[91.46277209367406,-38.052657766371425],[91.1798409644484,-38.052657766371425],[91.1798409644484,-38.27748785730256]]"
tile-x023-y018,112,,-36.81609226625018,91.60423765828689,625.0,1.7242449572008523e-10,2.7587919315213635e-13,0.72,1.9863301906953818e-13,70000.0,0.9999999994979392,False,True,False,False,False,False,60.48983541851135,"[[91.46277209367406,-36.92850731171575],[91.74570322289972,-36.92850731171575],[91.74570322289972,-36.70367722078461],[91.46277209367406,-36.70367722078461],[91.46277209367406,-36.92850731171575]]"
tile-x018-y021,113,,-36.14160199345678,90.1895820121586,625.0,1.136181194203819e-10,1.8178899107261104e-13,1.0,1.8178899107261104e-13,70625.0,0.9999999996115573,False,False,False,False,False,False,169.43447394348746,"[[90.04811644754577,-36.25401703892235],[90.33104757677143,-36.25401703892235],[90.33104757677143,-36.029186947991214],[90.04811644754577,-36.029186947991214],[90.04811644754577,-36.25401703892235]]"
tile-x023-y013,114,,-37.94024272090586,91.60423765828689,625.0,1.1276683355792207e-10,1.8042693369267532e-13,1.0,1.8042693369267532e-13,71250.0,0.9999999997243241,False,False,False,False,False,False,165.65212203556177,"[[91.46277209367406,-38.052657766371425],[91.74570322289972,-38.052657766371425],[91.74570322289972,-37.82782767544029],[91.46277209367406,-37.82782767544029],[91.46277209367406,-38.052657766371425]]"
tile-x021-y011,115,,-38.38990290276812,91.03837539983557,625.0,1.0953943783385019e-10,1.752631005341603e-13,1.0,1.752631005341603e-13,71875.0,0.9999999998338636,False,False,False,False,False,False,230.87744311566846,"[[90.89690983522274,-38.50231794823369],[91.1798409644484,-38.50231794823369],[91.1798409644484,-38.27748785730256],[90.89690983522274,-38.27748785730256],[90.89690983522274,-38.50231794823369]]"
tile-x019-y021,116,,-36.14160199345678,90.47251314138425,625.0,1.0597124859637376e-10,1.69553997754198e-13,0.72,1.2207887838302255e-13,72500.0,0.9999999999398348,False,True,False,False,False,False,144.5086144359757,"[[90.33104757677143,-36.25401703892235],[90.61397870599708,-36.25401703892235],[90.61397870599708,-36.029186947991214],[90.33104757677143,-36.029186947991214],[90.33104757677143,-36.25401703892235]]"
tile-x020-y021,117,,-36.14160199345678,90.75544427060991,625.0,5.934029333750568e-11,9.494446934000909e-14,0.72,6.836001792480654e-14,73125.0,0.9999999999991751,False,True,False,False,False,False,119.76619300198846,"[[90.61397870599708,-36.25401703892235],[90.89690983522274,-36.25401703892235],[90.89690983522274,-36.029186947991214],[90.61397870599708,-36.029186947991214],[90.61397870599708,-36.25401703892235]]"
tile-x018-y010,118,,-38.614732993699256,90.1895820121586,625.0,3.98311768471889e-13,6.372988295550224e-16,1.0,6.372988295550224e-16,73750.0,0.9999999999995735,False,False,False,False,False,False,291.55915184890273,"[[90.04811644754577,-38.727148039164824],[90.33104757677143,-38.727148039164824],[90.33104757677143,-38.50231794823369],[90.04811644754577,-38.50231794823369],[90.04811644754577,-38.727148039164824]]"
tile-x019-y010,119,,-38.614732993699256,90.47251314138425,625.0,2.560103751263027e-13,4.0961660020208433e-16,1.0,4.0961660020208433e-16,74375.0,0.9999999999998295,False,False,False,False,False,False,277.2203044614965,"[[90.33104757677143,-38.727148039164824],[90.61397870599708,-38.727148039164824],[90.61397870599708,-38.50231794823369],[90.33104757677143,-38.50231794823369],[90.33104757677143,-38.727148039164824]]"
tile-x020-y010,120,,-38.614732993699256,90.75544427060991,625.0,9.898658967913815e-14,1.5837854348662103e-16,1.0,1.5837854348662103e-16,75000.0,0.9999999999999285,False,False,False,False,False,False,264.45883783093615,"[[90.61397870599708,-38.727148039164824],[90.89690983522274,-38.727148039164824],[90.89690983522274,-38.50231794823369],[90.61397870599708,-38.50231794823369],[90.61397870599708,-38.727148039164824]]"
tile-x015-y010,121,,-38.614732993699256,89.34078862448162,625.0,7.113202687749779e-14,1.1381124300399647e-16,1.0,1.1381124300399647e-16,75625.0,0.9999999999999997,False,False,False,False,False,False,341.95174709041595,"[[89.19932305986879,-38.727148039164824],[89.48225418909445,-38.727148039164824],[89.48225418909445,-38.50231794823369],[89.19932305986879,-38.50231794823369],[89.19932305986879,-38.727148039164824]]"
tile-x013-y011,122,,-38.38990290276812,88.7749263660303,625.0,2.8011872977242507e-19,4.481899676358801e-22,0.72,3.2269677669783368e-22,76250.0,0.9999999999999997,False,True,False,False,False,False,364.1420577397434,"[[88.63346080141747,-38.50231794823369],[88.91639193064313,-38.50231794823369],[88.91639193064313,-38.27748785730256],[88.63346080141747,-38.27748785730256],[88.63346080141747,-38.50231794823369]]"
tile-x014-y010,123,,-38.614732993699256,89.05785749525596,625.0,1.8687077316954573e-19,2.9899323707127315e-22,1.0,2.9899323707127315e-22,76875.0,0.9999999999999997,False,False,False,False,False,False,360.59161997184975,"[[88.91639193064313,-38.727148039164824],[89.19932305986879,-38.727148039164824],[89.19932305986879,-38.50231794823369],[88.91639193064313,-38.50231794823369],[88.91639193064313,-38.727148039164824]]"
tile-x012-y012,124,,-38.16507281183699,88.49199523680464,625.0,1.5574725530529907e-19,2.491956084884785e-22,0.72,1.7942083811170454e-22,77500.0,0.9999999999999997,False,True,False,False,False,False,370.89907923233034,"[[88.35052967219181,-38.27748785730256],[88.63346080141747,-38.27748785730256],[88.63346080141747,-38.052657766371425],[88.35052967219181,-38.052657766371425],[88.35052967219181,-38.27748785730256]]"
tile-x017-y009,125,,-38.83956308463039,89.90665088293294,625.0,1.2436719120799176e-19,1.9898750593278682e-22,1.0,1.9898750593278682e-22,78125.0,0.9999999999999997,False,False,False,False,False,False,326.384105621914,"[[89.7651853183201,-38.95197813009596],[90.04811644754577,-38.95197813009596],[90.04811644754577,-38.727148039164824],[89.7651853183201,-38.727148039164824],[89.7651853183201,-38.95197813009596]]"
tile-x016-y009,126,,-38.83956308463039,89.62371975370728,625.0,1.0358346105948064e-19,1.6573353769516904e-22,1.0,1.6573353769516904e-22,78750.0,0.9999999999999997,False,False,False,False,False,False,342.25009792315166,"[[89.48225418909445,-38.95197813009596],[89.7651853183201,-38.95197813009596],[89.7651853183201,-38.727148039164824],[89.48225418909445,-38.727148039164824],[89.48225418909445,-38.95197813009596]]"
tile-x018-y009,127,,-38.83956308463039,90.1895820121586,625.0,8.964840579748405e-20,1.4343744927597448e-22,1.0,1.4343744927597448e-22,79375.0,0.9999999999999997,False,False,False,False,False,False,311.70026798580494,"[[90.04811644754577,-38.95197813009596],[90.33104757677143,-38.95197813009596],[90.33104757677143,-38.727148039164824],[90.04811644754577,-38.727148039164824],[90.04811644754577,-38.95197813009596]]"
tile-x011-y014,128,,-37.71541262997472,88.20906410757898,625.0,4.5185040135342073e-20,7.229606421654732e-23,0.72,5.205316623591407e-23,80000.0,0.9999999999999997,False,True,False,False,False,False,370.88542545848907,"[[88.06759854296615,-37.82782767544029],[88.35052967219181,-37.82782767544029],[88.35052967219181,-37.602997584509154],[88.06759854296615,-37.602997584509154],[88.06759854296615,-37.82782767544029]]"
tile-x011-y017,129,,-37.040922357181316,88.20906410757898,625.0,3.970857368747147e-20,6.353371789995436e-23,1.0,6.353371789995436e-23,80625.0,0.9999999999999997,False,False,False,False,False,False,349.75351472174134,"[[88.06759854296615,-37.15333740264688],[88.35052967219181,-37.15333740264688],[88.35052967219181,-36.92850731171575],[88.06759854296615,-36.92850731171575],[88.06759854296615,-37.15333740264688]]"
tile-x012-y019,130,,-36.591262175319045,88.49199523680464,625.0,3.0949058839442557e-20,4.951849414310809e-23,1.0,4.951849414310809e-23,81250.0,0.9999999999999997,False,False,False,False,False,False,318.8854733846013,"[[88.35052967219181,-36.70367722078461],[88.63346080141747,-36.70367722078461],[88.63346080141747,-36.47884712985348],[88.35052967219181,-36.47884712985348],[88.35052967219181,-36.70367722078461]]"
tile-x013-y020,131,,-36.36643208438792,88.7749263660303,625.0,2.518340491729861e-20,4.029344786767778e-23,1.0,4.029344786767778e-23,81875.0,0.9999999999999997,False,False,False,False,False,False,293.3583717979708,"[[88.63346080141747,-36.47884712985348],[88.91639193064313,-36.47884712985348],[88.91639193064313,-36.25401703892235],[88.63346080141747,-36.25401703892235],[88.63346080141747,-36.47884712985348]]"
tile-x022-y011,132,,-38.38990290276812,91.32130652906123,625.0,3.556209030648211e-22,5.689934449037138e-25,1.0,5.689934449037138e-25,82500.0,0.9999999999999997,False,False,False,False,False,False,221.04287954997494,"[[91.1798409644484,-38.50231794823369],[91.46277209367406,-38.50231794823369],[91.46277209367406,-38.27748785730256],[91.1798409644484,-38.27748785730256],[91.1798409644484,-38.50231794823369]]"
tile-x023-y012,133,,-38.16507281183699,91.60423765828689,625.0,2.8297576627902707e-22,4.527612260464433e-25,1.0,4.527612260464433e-25,83125.0,0.9999999999999997,False,False,False,False,False,False,189.5420703786368,"[[91.46277209367406,-38.27748785730256],[91.74570322289972,-38.27748785730256],[91.74570322289972,-38.052657766371425],[91.46277209367406,-38.052657766371425],[91.46277209367406,-38.27748785730256]]"
tile-x024-y015,134,,-37.49058253904359,91.88716878751254,625.0,1.979786219759436e-22,3.1676579516150973e-25,1.0,3.1676579516150973e-25,83750.0,0.9999999999999997,False,False,False,False,False,False,110.65437147970084,"[[91.74570322289972,-37.602997584509154],[92.02863435212537,-37.602997584509154],[92.02863435212537,-37.37816749357802],[91.74570322289972,-37.37816749357802],[91.74570322289972,-37.602997584509154]]"
tile-x024-y014,135,,-37.71541262997472,91.88716878751254,625.0,1.6350910302245046e-22,2.6161456483592073e-25,1.0,2.6161456483592073e-25,84375.0,0.9999999999999997,False,False,False,False,False,False,135.03942662963817,"[[91.74570322289972,-37.82782767544029],[92.02863435212537,-37.82782767544029],[92.02863435212537,-37.602997584509154],[91.74570322289972,-37.602997584509154],[91.74570322289972,-37.82782767544029]]"
tile-x021-y010,136,,-38.614732993699256,91.03837539983557,625.0,1.6109733919890006e-22,2.577557427182401e-25,1.0,2.577557427182401e-25,85000.0,0.9999999999999997,False,False,False,False,False,False,253.50977290462455,"[[90.89690983522274,-38.727148039164824],[91.1798409644484,-38.727148039164824],[91.1798409644484,-38.50231794823369],[90.89690983522274,-38.50231794823369],[90.89690983522274,-38.727148039164824]]"
tile-x024-y016,137,,-37.26575244811245,91.88716878751254,625.0,1.4400062052358492e-22,2.3040099283773587e-25,1.0,2.3040099283773587e-25,85625.0,0.9999999999999997,False,False,False,False,False,False,86.61927191013861,"[[91.74570322289972,-37.37816749357802],[92.02863435212537,-37.37816749357802],[92.02863435212537,-37.15333740264688],[91.74570322289972,-37.15333740264688],[91.74570322289972,-37.37816749357802]]"
tile-x024-y013,138,,-37.94024272090586,91.88716878751254,625.0,5.6448772562467935e-24,9.03180360999487e-27,1.0,9.03180360999487e-27,86250.0,0.9999999999999997,False,False,False,False,False,False,159.61483675188296,"[[91.74570322289972,-38.052657766371425],[92.02863435212537,-38.052657766371425],[92.02863435212537,-37.82782767544029],[91.74570322289972,-37.82782767544029],[91.74570322289972,-38.052657766371425]]"
tile-x023-y011,139,,-38.38990290276812,91.60423765828689,625.0,4.017558560975408e-24,6.428093697560653e-27,1.0,6.428093697560653e-27,86875.0,0.9999999999999997,False,False,False,False,False,False,213.68578858690637,"[[91.46277209367406,-38.50231794823369],[91.74570322289972,-38.50231794823369],[91.74570322289972,-38.27748785730256],[91.46277209367406,-38.27748785730256],[91.46277209367406,-38.50231794823369]]"
tile-x022-y010,140,,-38.614732993699256,91.32130652906123,625.0,3.036348860857597e-24,4.858158177372156e-27,1.0,4.858158177372156e-27,87500.0,0.9999999999999997,False,False,False,False,False,False,244.61325681435983,"[[91.1798409644484,-38.727148039164824],[91.46277209367406,-38.727148039164824],[91.46277209367406,-38.50231794823369],[91.1798409644484,-38.50231794823369],[91.1798409644484,-38.727148039164824]]"
tile-x024-y017,141,,-37.040922357181316,91.88716878751254,625.0,1.746407768068116e-24,2.7942524289089856e-27,1.0,2.7942524289089856e-27,88125.0,0.9999999999999997,False,False,False,False,False,False,63.33513054255684,"[[91.74570322289972,-37.15333740264688],[92.02863435212537,-37.15333740264688],[92.02863435212537,-36.92850731171575],[91.74570322289972,-36.92850731171575],[91.74570322289972,-37.15333740264688]]"
tile-x019-y009,142,,-38.83956308463039,90.47251314138425,625.0,3.242240543557626e-26,5.187584869692202e-29,1.0,5.187584869692202e-29,88750.0,0.9999999999999997,False,False,False,False,False,False,298.3733113999033,"[[90.33104757677143,-38.95197813009596],[90.61397870599708,-38.95197813009596],[90.61397870599708,-38.727148039164824],[90.33104757677143,-38.727148039164824],[90.33104757677143,-38.95197813009596]]"
tile-x011-y013,143,,-37.94024272090586,88.20906410757898,625.0,1.55746416188504e-26,2.4919426590160638e-29,0.72,1.794198714491566e-29,89375.0,0.9999999999999997,False,True,False,False,False,False,380.95896117542856,"[[88.06759854296615,-38.052657766371425],[88.35052967219181,-38.052657766371425],[88.35052967219181,-37.82782767544029],[88.06759854296615,-37.82782767544029],[88.06759854296615,-38.052657766371425]]"
tile-x011-y018,144,,-36.81609226625018,88.20906410757898,625.0,7.164083792033862e-27,1.146253406725418e-29,1.0,1.146253406725418e-29,90000.0,0.9999999999999997,False,False,False,False,False,False,346.0475892708163,"[[88.06759854296615,-36.92850731171575],[88.35052967219181,-36.92850731171575],[88.35052967219181,-36.70367722078461],[88.06759854296615,-36.70367722078461],[88.06759854296615,-36.92850731171575]]"
tile-x012-y011,145,,-38.38990290276812,88.49199523680464,625.0,1.4521117900777068e-27,2.3233788641243308e-30,0.72,1.6728327821695182e-30,90625.0,0.9999999999999997,False,True,False,False,False,False,384.30120199502034,"[[88.35052967219181,-38.50231794823369],[88.63346080141747,-38.50231794823369],[88.63346080141747,-38.27748785730256],[88.35052967219181,-38.27748785730256],[88.35052967219181,-38.50231794823369]]"
tile-x013-y010,146,,-38.614732993699256,88.7749263660303,625.0,1.9813606608022438e-29,3.17017705728359e-32,0.72,2.2825274812441846e-32,91250.0,0.9999999999999997,False,True,False,False,False,False,379.4944056450178,"[[88.63346080141747,-38.727148039164824],[88.91639193064313,-38.727148039164824],[88.91639193064313,-38.50231794823369],[88.63346080141747,-38.50231794823369],[88.63346080141747,-38.727148039164824]]"
tile-x015-y009,147,,-38.83956308463039,89.34078862448162,625.0,1.4750808572325876e-29,2.36012937157214e-32,1.0,2.36012937157214e-32,91875.0,0.9999999999999997,False,False,False,False,False,False,359.1414702877011,"[[89.19932305986879,-38.95197813009596],[89.48225418909445,-38.95197813009596],[89.48225418909445,-38.727148039164824],[89.19932305986879,-38.727148039164824],[89.19932305986879,-38.95197813009596]]"
tile-x011-y012,148,,-38.16507281183699,88.20906410757898,625.0,8.601564052850659e-30,1.3762502484561054e-32,0.72,9.909001788883959e-33,92500.0,0.9999999999999997,False,True,False,False,False,False,392.36749006325914,"[[88.06759854296615,-38.27748785730256],[88.35052967219181,-38.27748785730256],[88.35052967219181,-38.052657766371425],[88.06759854296615,-38.052657766371425],[88.06759854296615,-38.27748785730256]]"
tile-x020-y009,149,,-38.83956308463039,90.75544427060991,625.0,2.1690654246661806e-36,3.470504679465889e-39,1.0,3.470504679465889e-39,93125.0,0.9999999999999997,False,False,False,False,False,False,286.592718369068,"[[90.61397870599708,-38.95197813009596],[90.89690983522274,-38.95197813009596],[90.89690983522274,-38.727148039164824],[90.61397870599708,-38.727148039164824],[90.61397870599708,-38.95197813009596]]"
tile-x014-y009,150,,-38.83956308463039,89.05785749525596,625.0,1.4185438818046195e-36,2.269670210887391e-39,1.0,2.269670210887391e-39,93750.0,0.9999999999999997,False,False,False,False,False,False,376.9202498994146,"[[88.91639193064313,-38.95197813009596],[89.19932305986879,-38.95197813009596],[89.19932305986879,-38.727148039164824],[88.91639193064313,-38.727148039164824],[88.91639193064313,-38.95197813009596]]"
tile-x012-y010,151,,-38.614732993699256,88.49199523680464,625.0,1.1092449548559037e-36,1.774791927769446e-39,0.72,1.277850187994001e-39,94375.0,0.9999999999999997,False,True,False,False,False,False,398.8203336877646,"[[88.35052967219181,-38.727148039164824],[88.63346080141747,-38.727148039164824],[88.63346080141747,-38.50231794823369],[88.35052967219181,-38.50231794823369],[88.35052967219181,-38.727148039164824]]"
tile-x011-y011,152,,-38.38990290276812,88.20906410757898,625.0,8.88468621293261e-37,1.4215497940692177e-39,0.72,1.0235158517298367e-39,95000.0,0.9999999999999997,False,True,False,False,False,False,404.99821010464984,"[[88.06759854296615,-38.50231794823369],[88.35052967219181,-38.50231794823369],[88.35052967219181,-38.27748785730256],[88.06759854296615,-38.27748785730256],[88.06759854296615,-38.50231794823369]]"
tile-x010-y014,153,,-37.71541262997472,87.92613297835332,625.0,7.980450781371848e-37,1.2768721250194958e-39,0.72,9.193479300140369e-40,95625.0,0.9999999999999997,False,True,False,False,False,False,394.0824933329751,"[[87.7846674137405,-37.82782767544029],[88.06759854296615,-37.82782767544029],[88.06759854296615,-37.602997584509154],[87.7846674137405,-37.602997584509154],[87.7846674137405,-37.82782767544029]]"
tile-x010-y015,154,,-37.49058253904359,87.92613297835332,625.0,5.087822935645913e-37,8.14051669703346e-40,1.0,8.14051669703346e-40,96250.0,0.9999999999999997,False,False,False,False,False,False,386.04315384515314,"[[87.7846674137405,-37.602997584509154],[88.06759854296615,-37.602997584509154],[88.06759854296615,-37.37816749357802],[87.7846674137405,-37.37816749357802],[87.7846674137405,-37.602997584509154]]"
tile-x010-y013,155,,-37.94024272090586,87.92613297835332,625.0,2.838226168984722e-37,4.541161870375555e-40,0.72,3.2696365466703993e-40,96875.0,0.9999999999999997,False,True,False,False,False,False,403.5112230976139,"[[87.7846674137405,-38.052657766371425],[88.06759854296615,-38.052657766371425],[88.06759854296615,-37.82782767544029],[87.7846674137405,-37.82782767544029],[87.7846674137405,-38.052657766371425]]"
tile-x010-y016,156,,-37.26575244811245,87.92613297835332,625.0,5.596295969769545e-40,8.954073551631272e-43,1.0,8.954073551631272e-43,97500.0,0.9999999999999997,False,False,False,False,False,False,379.4815179818037,"[[87.7846674137405,-37.37816749357802],[88.06759854296615,-37.37816749357802],[88.06759854296615,-37.15333740264688],[87.7846674137405,-37.15333740264688],[87.7846674137405,-37.37816749357802]]"
tile-x010-y017,157,,-37.040922357181316,87.92613297835332,625.0,2.1185463484103394e-40,3.389674157456543e-43,1.0,3.389674157456543e-43,98125.0,0.9999999999999997,False,False,False,False,False,False,374.47527181110274,"[[87.7846674137405,-37.15333740264688],[88.06759854296615,-37.15333740264688],[88.06759854296615,-36.92850731171575],[87.7846674137405,-36.92850731171575],[87.7846674137405,-37.15333740264688]]"
tile-x010-y012,158,,-38.16507281183699,87.92613297835332,625.0,1.941379207195944e-40,3.1062067315135103e-43,0.72,2.236468846689727e-43,98750.0,0.9999999999999997,False,True,False,False,False,False,414.2344787310299,"[[87.7846674137405,-38.27748785730256],[88.06759854296615,-38.27748785730256],[88.06759854296615,-38.052657766371425],[87.7846674137405,-38.052657766371425],[87.7846674137405,-38.27748785730256]]"
tile-x013-y009,159,,-38.83956308463039,88.7749263660303,625.0,8.005510486700591e-41,1.2808816778720945e-43,1.0,1.2808816778720945e-43,99375.0,0.9999999999999997,False,False,False,False,False,False,395.4398558991001,"[[88.63346080141747,-38.95197813009596],[88.91639193064313,-38.95197813009596],[88.91639193064313,-38.727148039164824],[88.63346080141747,-38.727148039164824],[88.63346080141747,-38.95197813009596]]"
tile-x011-y010,160,,-38.614732993699256,88.20906410757898,625.0,2.2495030496772055e-41,3.599204879483529e-44,0.72,2.591427513228141e-44,100000.0,0.9999999999999997,False,True,False,False,False,False,418.7405387200919,"[[88.06759854296615,-38.727148039164824],[88.35052967219181,-38.727148039164824],[88.35052967219181,-38.50231794823369],[88.06759854296615,-38.50231794823369],[88.06759854296615,-38.727148039164824]]"
tile-x012-y009,161,,-38.83956308463039,88.49199523680464,625.0,1.6624957888614881e-41,2.659993262178381e-44,1.0,2.659993262178381e-44,100625.0,0.9999999999999997,False,False,False,False,False,False,414.33906523834105,"[[88.35052967219181,-38.95197813009596],[88.63346080141747,-38.95197813009596],[88.63346080141747,-38.727148039164824],[88.35052967219181,-38.727148039164824],[88.35052967219181,-38.95197813009596]]"
tile-x015-y008,162,,-39.06439317556153,89.34078862448162,625.0,1.5438441358775507e-42,2.470150617404081e-45,1.0,2.470150617404081e-45,101250.0,0.9999999999999997,False,False,False,False,False,False,377.2048907929946,"[[89.19932305986879,-39.176808221027095],[89.48225418909445,-39.176808221027095],[89.48225418909445,-38.95197813009596],[89.19932305986879,-38.95197813009596],[89.19932305986879,-39.176808221027095]]"
tile-x016-y008,163,,-39.06439317556153,89.62371975370728,625.0,1.2815466263971776e-43,2.0504746022354842e-46,1.0,2.0504746022354842e-46,101875.0,0.9999999999999997,False,False,False,False,False,False,361.21038212878113,"[[89.48225418909445,-39.176808221027095],[89.7651853183201,-39.176808221027095],[89.7651853183201,-38.95197813009596],[89.48225418909445,-38.95197813009596],[89.48225418909445,-39.176808221027095]]"
tile-x017-y008,164,,-39.06439317556153,89.90665088293294,625.0,1.2018988364104374e-43,1.9230381382566996e-46,1.0,1.9230381382566996e-46,102500.0,0.9999999999999997,False,False,False,False,False,False,346.26205957990703,"[[89.7651853183201,-39.176808221027095],[90.04811644754577,-39.176808221027095],[90.04811644754577,-38.95197813009596],[89.7651853183201,-38.95197813009596],[89.7651853183201,-39.176808221027095]]"
tile-x018-y008,165,,-39.06439317556153,90.1895820121586,625.0,6.209703786832951e-44,9.935526058932722e-47,1.0,9.935526058932722e-47,103125.0,0.9999999999999997,False,False,False,False,False,False,332.50119975138983,"[[90.04811644754577,-39.176808221027095],[90.33104757677143,-39.176808221027095],[90.33104757677143,-38.95197813009596],[90.04811644754577,-38.95197813009596],[90.04811644754577,-39.176808221027095]]"
tile-x014-y008,166,,-39.06439317556153,89.05785749525596,625.0,2.2909930570875796e-45,3.6655888913401275e-48,1.0,3.6655888913401275e-48,103750.0,0.9999999999999997,False,False,False,False,False,False,394.1180965786416,"[[88.91639193064313,-39.176808221027095],[89.19932305986879,-39.176808221027095],[89.19932305986879,-38.95197813009596],[88.91639193064313,-38.95197813009596],[88.91639193064313,-39.176808221027095]]"
tile-x021-y009,167,,-38.83956308463039,91.03837539983557,625.0,6.556999857750686e-48,1.0491199772401098e-50,1.0,1.0491199772401098e-50,104375.0,0.9999999999999997,False,False,False,False,False,False,276.5486078106508,"[[90.89690983522274,-38.95197813009596],[91.1798409644484,-38.95197813009596],[91.1798409644484,-38.727148039164824],[90.89690983522274,-38.727148039164824],[90.89690983522274,-38.95197813009596]]"
tile-x010-y011,168,,-38.38990290276812,87.92613297835332,625.0,1.810796284011453e-48,2.897274054418325e-51,0.72,2.086037319181194e-51,105000.0,0.9999999999999997,False,True,False,False,False,False,426.1545494794912,"[[87.7846674137405,-38.50231794823369],[88.06759854296615,-38.50231794823369],[88.06759854296615,-38.27748785730256],[87.7846674137405,-38.27748785730256],[87.7846674137405,-38.50231794823369]]"
tile-x009-y014,169,,-37.71541262997472,87.64320184912768,625.0,6.7338448148274846e-49,1.0774151703723975e-51,1.0,1.0774151703723975e-51,105625.0,0.9999999999999997,False,False,False,False,False,False,417.49887172880693,"[[87.50173628451485,-37.82782767544029],[87.7846674137405,-37.82782767544029],[87.7846674137405,-37.602997584509154],[87.50173628451485,-37.602997584509154],[87.50173628451485,-37.82782767544029]]"
tile-x009-y013,170,,-37.94024272090586,87.64320184912768,625.0,4.344520710593376e-49,6.951233136949402e-52,0.72,5.004887858603569e-52,106250.0,0.9999999999999997,False,True,False,False,False,False,426.34302089262536,"[[87.50173628451485,-38.052657766371425],[87.7846674137405,-38.052657766371425],[87.7846674137405,-37.82782767544029],[87.50173628451485,-37.82782767544029],[87.50173628451485,-38.052657766371425]]"
tile-x009-y015,171,,-37.49058253904359,87.64320184912768,625.0,1.6253941224750302e-49,2.6006305959600484e-52,1.0,2.6006305959600484e-52,106875.0,0.9999999999999997,False,False,False,False,False,False,409.9885932696631,"[[87.50173628451485,-37.602997584509154],[87.7846674137405,-37.602997584509154],[87.7846674137405,-37.37816749357802],[87.50173628451485,-37.37816749357802],[87.50173628451485,-37.602997584509154]]"
tile-x019-y008,172,,-39.06439317556153,90.47251314138425,625.0,3.566831522347191e-51,5.706930435755505e-54,1.0,5.706930435755505e-54,107500.0,0.9999999999999997,False,False,False,False,False,False,320.0811265524939,"[[90.33104757677143,-39.176808221027095],[90.61397870599708,-39.176808221027095],[90.61397870599708,-38.95197813009596],[90.33104757677143,-38.95197813009596],[90.33104757677143,-39.176808221027095]]"
tile-x020-y008,173,,-39.06439317556153,90.75544427060991,625.0,1.2792916654769728e-51,2.0468666647631564e-54,1.0,2.0468666647631564e-54,108125.0,0.9999999999999997,False,False,False,False,False,False,309.1609424859418,"[[90.61397870599708,-39.176808221027095],[90.89690983522274,-39.176808221027095],[90.89690983522274,-38.95197813009596],[90.61397870599708,-38.95197813009596],[90.61397870599708,-39.176808221027095]]"
tile-x016-y007,174,,-39.28922326649266,89.62371975370728,625.0,6.885085288471449e-54,1.1016136461554318e-56,1.0,1.1016136461554318e-56,108750.0,0.9999999999999997,False,False,False,False,False,False,380.867709086259,"[[89.48225418909445,-39.40163831195823],[89.7651853183201,-39.40163831195823],[89.7651853183201,-39.176808221027095],[89.48225418909445,-39.176808221027095],[89.48225418909445,-39.40163831195823]]"
tile-x013-y008,175,,-39.06439317556153,88.7749263660303,625.0,3.343347803154934e-54,5.349356485047895e-57,1.0,5.349356485047895e-57,109375.0,0.9999999999999997,False,False,False,False,False,False,411.8366833564894,"[[88.63346080141747,-39.176808221027095],[88.91639193064313,-39.176808221027095],[88.91639193064313,-38.95197813009596],[88.63346080141747,-38.95197813009596],[88.63346080141747,-39.176808221027095]]"
tile-x017-y007,176,,-39.28922326649266,89.90665088293294,625.0,1.8154330296341126e-54,2.90469284741458e-57,1.0,2.90469284741458e-57,110000.0,0.9999999999999997,False,False,False,False,False,False,366.7667062779152,"[[89.7651853183201,-39.40163831195823],[90.04811644754577,-39.40163831195823],[90.04811644754577,-39.176808221027095],[89.7651853183201,-39.176808221027095],[89.7651853183201,-39.40163831195823]]"
tile-x009-y012,177,,-38.16507281183699,87.64320184912768,625.0,8.600605021618017e-57,1.3760968034588827e-59,0.72,9.907896984903955e-60,110625.0,0.9999999999999997,False,True,False,False,False,False,436.439958299828,"[[87.50173628451485,-38.27748785730256],[87.7846674137405,-38.27748785730256],[87.7846674137405,-38.052657766371425],[87.50173628451485,-38.052657766371425],[87.50173628451485,-38.27748785730256]]"
tile-x010-y010,178,,-38.614732993699256,87.92613297835332,625.0,7.719807550156859e-57,1.2351692080250973e-59,0.72,8.8932182977807e-60,111250.0,0.9999999999999997,False,True,False,False,False,False,439.17399404452283,"[[87.7846674137405,-38.727148039164824],[88.06759854296615,-38.727148039164824],[88.06759854296615,-38.50231794823369],[87.7846674137405,-38.50231794823369],[87.7846674137405,-38.727148039164824]]"
tile-x011-y009,179,,-38.83956308463039,88.20906410757898,625.0,6.77781401568058e-57,1.0844502425088927e-59,0.72,7.808041746064027e-60,111875.0,0.9999999999999997,False,True,False,False,False,False,433.4887690147125,"[[88.06759854296615,-38.95197813009596],[88.35052967219181,-38.95197813009596],[88.35052967219181,-38.727148039164824],[88.06759854296615,-38.727148039164824],[88.06759854296615,-38.95197813009596]]"
tile-x018-y007,180,,-39.28922326649266,90.1895820121586,625.0,2.482603663533994e-57,3.9721658616543906e-60,1.0,3.9721658616543906e-60,112500.0,0.9999999999999997,False,False,False,False,False,False,353.8456037662433,"[[90.04811644754577,-39.40163831195823],[90.33104757677143,-39.40163831195823],[90.33104757677143,-39.176808221027095],[90.04811644754577,-39.176808221027095],[90.04811644754577,-39.40163831195823]]"
tile-x015-y007,181,,-39.28922326649266,89.34078862448162,625.0,1.9078079779784772e-57,3.0524927647655635e-60,1.0,3.0524927647655635e-60,113125.0,0.9999999999999997,False,False,False,False,False,False,396.02247300412637,"[[89.19932305986879,-39.40163831195823],[89.48225418909445,-39.40163831195823],[89.48225418909445,-39.176808221027095],[89.19932305986879,-39.176808221027095],[89.19932305986879,-39.40163831195823]]"
tile-x019-y007,182,,-39.28922326649266,90.47251314138425,625.0,3.824524728293514e-58,6.119239565269622e-61,1.0,6.119239565269622e-61,113750.0,0.9999999999999997,False,False,False,False,False,False,342.2381934149438,"[[90.33104757677143,-39.40163831195823],[90.61397870599708,-39.40163831195823],[90.61397870599708,-39.176808221027095],[90.33104757677143,-39.176808221027095],[90.33104757677143,-39.40163831195823]]"
tile-x009-y011,183,,-38.38990290276812,87.64320184912768,625.0,2.0788690270267955e-58,3.326190443242873e-61,1.0,3.326190443242873e-61,114375.0,0.9999999999999997,False,False,False,False,False,False,447.704930694669,"[[87.50173628451485,-38.50231794823369],[87.7846674137405,-38.50231794823369],[87.7846674137405,-38.27748785730256],[87.50173628451485,-38.27748785730256],[87.50173628451485,-38.50231794823369]]"
tile-x009-y016,184,,-37.26575244811245,87.64320184912768,625.0,5.741443414581479e-59,9.186309463330366e-62,1.0,9.186309463330366e-62,115000.0,0.9999999999999997,False,False,False,False,False,False,403.8866025395735,"[[87.50173628451485,-37.37816749357802],[87.7846674137405,-37.37816749357802],[87.7846674137405,-37.15333740264688],[87.50173628451485,-37.15333740264688],[87.50173628451485,-37.37816749357802]]"
tile-x012-y008,185,,-39.06439317556153,88.49199523680464,625.0,5.31279635672281e-59,8.500474170756496e-62,1.0,8.500474170756496e-62,115625.0,0.9999999999999997,False,False,False,False,False,False,430.24912889880966,"[[88.35052967219181,-39.176808221027095],[88.63346080141747,-39.176808221027095],[88.63346080141747,-38.95197813009596],[88.35052967219181,-38.95197813009596],[88.35052967219181,-39.176808221027095]]"
tile-x010-y018,186,,-36.81609226625018,87.92613297835332,625.0,6.867694440178466e-61,1.0988311104285546e-63,1.0,1.0988311104285546e-63,116250.0,0.9999999999999997,False,False,False,False,False,False,371.0873708541493,"[[87.7846674137405,-36.92850731171575],[88.06759854296615,-36.92850731171575],[88.06759854296615,-36.70367722078461],[87.7846674137405,-36.70367722078461],[87.7846674137405,-36.92850731171575]]"
tile-x022-y009,187,,-38.83956308463039,91.32130652906123,625.0,3.794935494303554e-61,6.071896790885686e-64,1.0,6.071896790885686e-64,116875.0,0.9999999999999997,False,False,False,False,False,False,268.44231142690313,"[[91.1798409644484,-38.95197813009596],[91.46277209367406,-38.95197813009596],[91.46277209367406,-38.727148039164824],[91.1798409644484,-38.727148039164824],[91.1798409644484,-38.95197813009596]]"
tile-x023-y010,188,,-38.614732993699256,91.60423765828689,625.0,3.6247879767363395e-61,5.799660762778143e-64,1.0,5.799660762778143e-64,117500.0,0.9999999999999997,False,False,False,False,False,False,238.00597996460345,"[[91.46277209367406,-38.727148039164824],[91.74570322289972,-38.727148039164824],[91.74570322289972,-38.50231794823369],[91.46277209367406,-38.50231794823369],[91.46277209367406,-38.727148039164824]]"
tile-x024-y012,189,,-38.16507281183699,91.88716878751254,625.0,3.150097777611524e-61,5.040156444178439e-64,1.0,5.040156444178439e-64,118125.0,0.9999999999999997,False,False,False,False,False,False,184.30447099200356,"[[91.74570322289972,-38.27748785730256],[92.02863435212537,-38.27748785730256],[92.02863435212537,-38.052657766371425],[91.74570322289972,-38.052657766371425],[91.74570322289972,-38.27748785730256]]"
tile-x014-y007,190,,-39.28922326649266,89.05785749525596,625.0,2.5941093999284314e-62,4.1505750398854906e-65,1.0,4.1505750398854906e-65,118750.0,0.9999999999999997,False,False,False,False,False,False,412.11463237767083,"[[88.91639193064313,-39.40163831195823],[89.19932305986879,-39.40163831195823],[89.19932305986879,-39.176808221027095],[88.91639193064313,-39.176808221027095],[88.91639193064313,-39.40163831195823]]"
tile-x013-y007,191,,-39.28922326649266,88.7749263660303,625.0,1.8293925350238286e-63,2.9270280560381255e-66,1.0,2.9270280560381255e-66,119375.0,0.9999999999999997,False,False,False,False,False,False,429.03858245270953,"[[88.63346080141747,-39.40163831195823],[88.91639193064313,-39.40163831195823],[88.91639193064313,-39.176808221027095],[88.63346080141747,-39.176808221027095],[88.63346080141747,-39.40163831195823]]"
tile-x011-y008,192,,-39.06439317556153,88.20906410757898,625.0,3.768161038157659e-71,6.029057661052254e-74,1.0,6.029057661052254e-74,120000.0,0.9999999999999997,False,False,False,False,False,False,449.1438214206821,"[[88.06759854296615,-39.176808221027095],[88.35052967219181,-39.176808221027095],[88.35052967219181,-38.95197813009596],[88.06759854296615,-38.95197813009596],[88.06759854296615,-39.176808221027095]]"
tile-x012-y007,193,,-39.28922326649266,88.49199523680464,625.0,1.2859446087420998e-72,2.0575113739873596e-75,1.0,2.0575113739873596e-75,120625.0,0.9999999999999997,False,False,False,False,False,False,446.699645082561,"[[88.35052967219181,-39.40163831195823],[88.63346080141747,-39.40163831195823],[88.63346080141747,-39.176808221027095],[88.35052967219181,-39.176808221027095],[88.35052967219181,-39.40163831195823]]"
tile-x008-y013,194,,-37.94024272090586,87.36027071990202,625.0,1.7335734480034554e-73,2.7737175168055286e-76,0.72,1.9970766120999804e-76,121250.0,0.9999999999999997,False,True,False,False,False,False,449.4115641571344,"[[87.21880515528919,-38.052657766371425],[87.50173628451485,-38.052657766371425],[87.50173628451485,-37.82782767544029],[87.21880515528919,-37.82782767544029],[87.21880515528919,-38.052657766371425]]"
tile-x008-y014,195,,-37.71541262997472,87.36027071990202,625.0,1.7111048132220583e-73,2.7377677011552933e-76,1.0,2.7377677011552933e-76,121875.0,0.9999999999999997,False,False,False,False,False,False,441.0994436925355,"[[87.21880515528919,-37.82782767544029],[87.50173628451485,-37.82782767544029],[87.50173628451485,-37.602997584509154],[87.21880515528919,-37.602997584509154],[87.21880515528919,-37.82782767544029]]"
tile-x010-y009,196,,-38.83956308463039,87.92613297835332,625.0,1.543052690168291e-73,2.4688843042692653e-76,0.72,1.777596699073871e-76,122500.0,0.9999999999999997,False,True,False,False,False,False,453.19807394003686,"[[87.7846674137405,-38.95197813009596],[88.06759854296615,-38.95197813009596],[88.06759854296615,-38.727148039164824],[87.7846674137405,-38.727148039164824],[87.7846674137405,-38.95197813009596]]"
tile-x015-y006,197,,-39.5140533574238,89.34078862448162,625.0,1.3050526196416115e-74,2.0880841914265784e-77,1.0,2.0880841914265784e-77,123125.0,0.9999999999999997,False,False,False,False,False,False,415.4917617035834,"[[89.19932305986879,-39.626468402889365],[89.48225418909445,-39.626468402889365],[89.48225418909445,-39.40163831195823],[89.19932305986879,-39.40163831195823],[89.19932305986879,-39.626468402889365]]"
tile-x009-y010,198,,-38.614732993699256,87.64320184912768,625.0,1.0392242892283194e-74,1.662758862765311e-77,0.72,1.1971863811910238e-77,123750.0,0.9999999999999997,False,True,False,False,False,False,460.0521433594556,"[[87.50173628451485,-38.727148039164824],[87.7846674137405,-38.727148039164824],[87.7846674137405,-38.50231794823369],[87.50173628451485,-38.50231794823369],[87.50173628451485,-38.727148039164824]]"
tile-x016-y006,199,,-39.5140533574238,89.62371975370728,625.0,8.713996838685442e-75,1.3942394941896707e-77,1.0,1.3942394941896707e-77,124375.0,0.9999999999999997,False,False,False,False,False,False,401.11961364646464,"[[89.48225418909445,-39.626468402889365],[89.7651853183201,-39.626468402889365],[89.7651853183201,-39.40163831195823],[89.48225418909445,-39.40163831195823],[89.48225418909445,-39.626468402889365]]"
tile-x014-y006,200,,-39.5140533574238,89.05785749525596,625.0,2.783442580339036e-75,4.453508128542457e-78,1.0,4.453508128542457e-78,125000.0,0.9999999999999997,False,False,False,False,False,False,430.80977609194974,"[[88.91639193064313,-39.626468402889365],[89.19932305986879,-39.626468402889365],[89.19932305986879,-39.40163831195823],[88.91639193064313,-39.40163831195823],[88.91639193064313,-39.626468402889365]]"
tile-x008-y012,201,,-38.16507281183699,87.36027071990202,625.0,1.927325449873516e-78,3.083720719797626e-81,0.72,2.2202789182542907e-81,125625.0,0.9999999999999997,False,True,False,False,False,False,458.9346134104161,"[[87.21880515528919,-38.27748785730256],[87.50173628451485,-38.27748785730256],[87.50173628451485,-38.052657766371425],[87.21880515528919,-38.052657766371425],[87.21880515528919,-38.27748785730256]]"
tile-x008-y011,202,,-38.38990290276812,87.36027071990202,625.0,1.1810903963581516e-78,1.8897446341730424e-81,0.72,1.3606161366045906e-81,126250.0,0.9999999999999997,False,True,False,False,False,False,469.594926756639,"[[87.21880515528919,-38.50231794823369],[87.50173628451485,-38.50231794823369],[87.50173628451485,-38.27748785730256],[87.21880515528919,-38.27748785730256],[87.21880515528919,-38.50231794823369]]"
tile-x009-y009,203,,-38.83956308463039,87.64320184912768,625.0,8.458885778131999e-79,1.3534217245011198e-81,0.72,9.744636416408063e-82,126875.0,0.9999999999999997,False,True,False,False,False,False,473.39692219963786,"[[87.50173628451485,-38.95197813009596],[87.7846674137405,-38.95197813009596],[87.7846674137405,-38.727148039164824],[87.50173628451485,-38.727148039164824],[87.50173628451485,-38.95197813009596]]"
tile-x010-y008,204,,-39.06439317556153,87.92613297835332,625.0,5.963095613534478e-79,9.540952981655165e-82,0.72,6.869486146791719e-82,127500.0,0.9999999999999997,False,True,False,False,False,False,468.13650936791447,"[[87.7846674137405,-39.176808221027095],[88.06759854296615,-39.176808221027095],[88.06759854296615,-38.95197813009596],[87.7846674137405,-38.95197813009596],[87.7846674137405,-39.176808221027095]]"
tile-x008-y010,205,,-38.614732993699256,87.36027071990202,625.0,4.3454039789217613e-79,6.952646366274818e-82,0.72,5.0059053837178686e-82,128125.0,0.9999999999999997,False,True,False,False,False,False,481.3169448188832,"[[87.21880515528919,-38.727148039164824],[87.50173628451485,-38.727148039164824],[87.50173628451485,-38.50231794823369],[87.21880515528919,-38.50231794823369],[87.21880515528919,-38.727148039164824]]"
tile-x008-y015,206,,-37.49058253904359,87.36027071990202,625.0,3.931141393070207e-79,6.289826228912331e-82,1.0,6.289826228912331e-82,128750.0,0.9999999999999997,False,False,False,False,False,False,434.0678232733961,"[[87.21880515528919,-37.602997584509154],[87.50173628451485,-37.602997584509154],[87.50173628451485,-37.37816749357802],[87.21880515528919,-37.37816749357802],[87.21880515528919,-37.602997584509154]]"
tile-x017-y006,207,,-39.5140533574238,89.90665088293294,625.0,5.78693783023631e-81,9.259100528378096e-84,1.0,9.259100528378096e-84,129375.0,0.9999999999999997,False,False,False,False,False,False,387.79865024188933,"[[89.7651853183201,-39.626468402889365],[90.04811644754577,-39.626468402889365],[90.04811644754577,-39.40163831195823],[89.7651853183201,-39.40163831195823],[89.7651853183201,-39.626468402889365]]"
tile-x013-y006,208,,-39.5140533574238,88.7749263660303,625.0,3.951166925252247e-81,6.321867080403595e-84,1.0,6.321867080403595e-84,130000.0,0.9999999999999997,False,False,False,False,False,False,446.9762876654872,"[[88.63346080141747,-39.626468402889365],[88.91639193064313,-39.626468402889365],[88.91639193064313,-39.40163831195823],[88.63346080141747,-39.40163831195823],[88.63346080141747,-39.626468402889365]]"
tile-x011-y007,209,,-39.28922326649266,88.20906410757898,625.0,1.3361274776336303e-81,2.1378039642138086e-84,1.0,2.1378039642138086e-84,130625.0,0.9999999999999997,False,False,False,False,False,False,465.0136886697871,"[[88.06759854296615,-39.40163831195823],[88.35052967219181,-39.40163831195823],[88.35052967219181,-39.176808221027095],[88.06759854296615,-39.176808221027095],[88.06759854296615,-39.40163831195823]]"
tile-x012-y006,210,,-39.5140533574238,88.49199523680464,625.0,2.859742788984994e-82,4.57558846237599e-85,1.0,4.57558846237599e-85,131250.0,0.9999999999999997,False,False,False,False,False,False,463.9024554938927,"[[88.35052967219181,-39.626468402889365],[88.63346080141747,-39.626468402889365],[88.63346080141747,-39.40163831195823],[88.35052967219181,-39.40163831195823],[88.35052967219181,-39.626468402889365]]"
tile-x010-y007,211,,-39.28922326649266,87.92613297835332,625.0,1.4597764222422002e-82,2.3356422755875202e-85,1.0,2.3356422755875202e-85,131875.0,0.9999999999999997,False,False,False,False,False,False,483.8512295738489,"[[87.7846674137405,-39.40163831195823],[88.06759854296615,-39.40163831195823],[88.06759854296615,-39.176808221027095],[87.7846674137405,-39.176808221027095],[87.7846674137405,-39.40163831195823]]"
tile-x009-y008,212,,-39.06439317556153,87.64320184912768,625.0,8.829354468442191e-83,1.4126967149507507e-85,0.72,1.0171416347645405e-85,132500.0,0.9999999999999997,False,True,False,False,False,False,487.6573784814553,"[[87.50173628451485,-39.176808221027095],[87.7846674137405,-39.176808221027095],[87.7846674137405,-38.95197813009596],[87.50173628451485,-38.95197813009596],[87.50173628451485,-39.176808221027095]]"
tile-x009-y017,213,,-37.040922357181316,87.64320184912768,625.0,2.6119144058781522e-95,4.1790630494050436e-98,1.0,4.1790630494050436e-98,133125.0,0.9999999999999997,False,False,False,False,False,False,399.2574749108712,"[[87.50173628451485,-37.15333740264688],[87.7846674137405,-37.15333740264688],[87.7846674137405,-36.92850731171575],[87.50173628451485,-36.92850731171575],[87.50173628451485,-37.15333740264688]]"
tile-x008-y016,214,,-37.26575244811245,87.36027071990202,625.0,1.7714506443917727e-95,2.8343210310268364e-98,1.0,2.8343210310268364e-98,133750.0,0.9999999999999997,False,False,False,False,False,False,428.37976380104504,"[[87.21880515528919,-37.37816749357802],[87.50173628451485,-37.37816749357802],[87.50173628451485,-37.15333740264688],[87.21880515528919,-37.15333740264688],[87.21880515528919,-37.37816749357802]]"
tile-x011-y006,215,,-39.5140533574238,88.20906410757898,625.0,6.497524715128503e-101,1.0396039544205605e-103,1.0,1.0396039544205605e-103,134375.0,0.9999999999999997,False,False,False,False,False,False,481.5080266282929,"[[88.06759854296615,-39.626468402889365],[88.35052967219181,-39.626468402889365],[88.35052967219181,-39.40163831195823],[88.06759854296615,-39.40163831195823],[88.06759854296615,-39.626468402889365]]"
tile-x008-y009,216,,-38.83956308463039,87.36027071990202,625.0,6.366339890072303e-102,1.0186143824115685e-104,0.72,7.334023553363293e-105,135000.0,0.9999999999999997,False,True,False,False,False,False,494.02509813764914,"[[87.21880515528919,-38.95197813009596],[87.50173628451485,-38.95197813009596],[87.50173628451485,-38.727148039164824],[87.21880515528919,-38.727148039164824],[87.21880515528919,-38.95197813009596]]"
tile-x014-y005,217,,-39.73888344835493,89.05785749525596,625.0,4.758220277112962e-102,7.613152443380739e-105,1.0,7.613152443380739e-105,135625.0,0.9999999999999997,False,False,False,False,False,False,450.11648802929113,"[[88.91639193064313,-39.8512984938205],[89.19932305986879,-39.8512984938205],[89.19932305986879,-39.626468402889365],[88.91639193064313,-39.626468402889365],[88.91639193064313,-39.8512984938205]]"
tile-x015-y005,218,,-39.73888344835493,89.34078862448162,625.0,2.7109870154988435e-102,4.33757922479815e-105,1.0,4.33757922479815e-105,136250.0,0.9999999999999997,False,False,False,False,False,False,435.5253658426463,"[[89.19932305986879,-39.8512984938205],[89.48225418909445,-39.8512984938205],[89.48225418909445,-39.626468402889365],[89.19932305986879,-39.626468402889365],[89.19932305986879,-39.8512984938205]]"
tile-x013-y005,219,,-39.73888344835493,88.7749263660303,625.0,9.366091711273858e-109,1.4985746738038173e-111,1.0,1.4985746738038173e-111,136875.0,0.9999999999999997,False,False,False,False,False,False,465.5647571677825,"[[88.63346080141747,-39.8512984938205],[88.91639193064313,-39.8512984938205],[88.91639193064313,-39.626468402889365],[88.63346080141747,-39.626468402889365],[88.63346080141747,-39.8512984938205]]"
tile-x007-y012,220,,-38.16507281183699,87.07733959067636,625.0,1.091434900666605e-110,1.746295841066568e-113,0.72,1.2573330055679288e-113,137500.0,0.9999999999999997,False,True,False,False,False,False,481.6777442391479,"[[86.93587402606353,-38.27748785730256],[87.21880515528919,-38.27748785730256],[87.21880515528919,-38.052657766371425],[86.93587402606353,-38.052657766371425],[86.93587402606353,-38.27748785730256]]"
tile-x007-y013,221,,-37.94024272090586,87.07733959067636,625.0,6.1816771257621076e-111,9.890683401219372e-114,1.0,9.890683401219372e-114,138125.0,0.9999999999999997,False,False,False,False,False,False,472.68200148989155,"[[86.93587402606353,-38.052657766371425],[87.21880515528919,-38.052657766371425],[87.21880515528919,-37.82782767544029],[86.93587402606353,-37.82782767544029],[86.93587402606353,-38.052657766371425]]"
tile-x007-y011,222,,-38.38990290276812,87.07733959067636,625.0,4.941020276801528e-111,7.905632442882445e-114,0.72,5.69205535887536e-114,138750.0,0.9999999999999997,False,True,False,False,False,False,491.77900506631596,"[[86.93587402606353,-38.50231794823369],[87.21880515528919,-38.50231794823369],[87.21880515528919,-38.27748785730256],[86.93587402606353,-38.27748785730256],[86.93587402606353,-38.50231794823369]]"
tile-x007-y014,223,,-37.71541262997472,87.07733959067636,625.0,1.4289044614251879e-111,2.2862471382803005e-114,1.0,2.2862471382803005e-114,139375.0,0.9999999999999997,False,False,False,False,False,False,464.85596232350844,"[[86.93587402606353,-37.82782767544029],[87.21880515528919,-37.82782767544029],[87.21880515528919,-37.602997584509154],[86.93587402606353,-37.602997584509154],[86.93587402606353,-37.82782767544029]]"
tile-x009-y007,224,,-39.28922326649266,87.64320184912768,625.0,1.4999947402270403e-112,2.3999915843632645e-115,1.0,2.3999915843632645e-115,140000.0,0.9999999999999997,False,False,False,False,False,False,502.75559958251466,"[[87.50173628451485,-39.40163831195823],[87.7846674137405,-39.40163831195823],[87.7846674137405,-39.176808221027095],[87.50173628451485,-39.176808221027095],[87.50173628451485,-39.40163831195823]]"
tile-x008-y008,225,,-39.06439317556153,87.36027071990202,625.0,1.0691823712175792e-112,1.7106917939481267e-115,0.72,1.2316980916426513e-115,140625.0,0.9999999999999997,False,True,False,False,False,False,507.6453325647486,"[[87.21880515528919,-39.176808221027095],[87.50173628451485,-39.176808221027095],[87.50173628451485,-38.95197813009596],[87.21880515528919,-38.95197813009596],[87.21880515528919,-39.176808221027095]]"
tile-x010-y006,226,,-39.5140533574238,87.92613297835332,625.0,7.235562930442116e-113,1.1576900688707385e-115,1.0,1.1576900688707385e-115,141250.0,0.9999999999999997,False,False,False,False,False,False,499.7210440969459,"[[87.7846674137405,-39.626468402889365],[88.06759854296615,-39.626468402889365],[88.06759854296615,-39.40163831195823],[87.7846674137405,-39.40163831195823],[87.7846674137405,-39.626468402889365]]"
tile-x007-y010,227,,-38.614732993699256,87.07733959067636,625.0,5.413132876722386e-113,8.661012602755817e-116,0.72,6.235929073984188e-116,141875.0,0.9999999999999997,False,True,False,False,False,False,502.9191743425322,"[[86.93587402606353,-38.727148039164824],[87.21880515528919,-38.727148039164824],[87.21880515528919,-38.50231794823369],[86.93587402606353,-38.50231794823369],[86.93587402606353,-38.727148039164824]]"
tile-x007-y009,228,,-38.83956308463039,87.07733959067636,625.0,1.1487093082360297e-119,1.8379348931776475e-122,0.72,1.323313123087906e-122,142500.0,0.9999999999999997,False,True,False,False,False,False,515.0308411785769,"[[86.93587402606353,-38.95197813009596],[87.21880515528919,-38.95197813009596],[87.21880515528919,-38.727148039164824],[86.93587402606353,-38.727148039164824],[86.93587402606353,-38.95197813009596]]"
tile-x012-y005,229,,-39.73888344835493,88.49199523680464,625.0,4.664378214910422e-120,7.463005143856675e-123,1.0,7.463005143856675e-123,143125.0,0.9999999999999997,False,False,False,False,False,False,481.78759167544916,"[[88.35052967219181,-39.8512984938205],[88.63346080141747,-39.8512984938205],[88.63346080141747,-39.626468402889365],[88.35052967219181,-39.626468402889365],[88.35052967219181,-39.8512984938205]]"
tile-x011-y005,230,,-39.73888344835493,88.20906410757898,625.0,3.624005241042073e-129,5.798408385667317e-132,1.0,5.798408385667317e-132,143750.0,0.9999999999999997,False,False,False,False,False,False,498.7092647446092,"[[88.06759854296615,-39.8512984938205],[88.35052967219181,-39.8512984938205],[88.35052967219181,-39.626468402889365],[88.06759854296615,-39.626468402889365],[88.06759854296615,-39.8512984938205]]"
tile-x009-y006,231,,-39.5140533574238,87.64320184912768,625.0,1.9316971876788208e-132,3.090715500286113e-135,1.0,3.090715500286113e-135,144375.0,0.9999999999999997,False,False,False,False,False,False,518.4378133519762,"[[87.50173628451485,-39.626468402889365],[87.7846674137405,-39.626468402889365],[87.7846674137405,-39.40163831195823],[87.50173628451485,-39.40163831195823],[87.50173628451485,-39.626468402889365]]"
tile-x008-y007,232,,-39.28922326649266,87.36027071990202,625.0,1.6884905797609006e-132,2.701584927617441e-135,0.72,1.9451411478845575e-135,145000.0,0.9999999999999997,False,True,False,False,False,False,522.1062721140831,"[[87.21880515528919,-39.40163831195823],[87.50173628451485,-39.40163831195823],[87.50173628451485,-39.176808221027095],[87.21880515528919,-39.176808221027095],[87.21880515528919,-39.40163831195823]]"
tile-x010-y005,233,,-39.73888344835493,87.92613297835332,625.0,7.578610899180254e-133,1.2125777438688406e-135,1.0,1.2125777438688406e-135,145625.0,0.9999999999999997,False,False,False,False,False,False,516.2609129706843,"[[87.7846674137405,-39.8512984938205],[88.06759854296615,-39.8512984938205],[88.06759854296615,-39.626468402889365],[87.7846674137405,-39.626468402889365],[87.7846674137405,-39.8512984938205]]"
tile-x007-y008,234,,-39.06439317556153,87.07733959067636,625.0,5.0606527225343244e-133,8.097044356054919e-136,0.72,5.8298719363595416e-136,146250.0,0.9999999999999997,False,True,False,False,False,False,528.0471606853736,"[[86.93587402606353,-39.176808221027095],[87.21880515528919,-39.176808221027095],[87.21880515528919,-38.95197813009596],[86.93587402606353,-38.95197813009596],[86.93587402606353,-39.176808221027095]]"
tile-x008-y006,235,,-39.5140533574238,87.36027071990202,625.0,3.1200595091041312e-133,4.9920952145666096e-136,1.0,4.9920952145666096e-136,146875.0,0.9999999999999997,False,False,False,False,False,False,537.3400454482842,"[[87.21880515528919,-39.626468402889365],[87.50173628451485,-39.626468402889365],[87.50173628451485,-39.40163831195823],[87.21880515528919,-39.40163831195823],[87.21880515528919,-39.626468402889365]]"
tile-x009-y005,236,,-39.73888344835493,87.64320184912768,625.0,1.6959283670203389e-133,2.713485387232542e-136,1.0,2.713485387232542e-136,147500.0,0.9999999999999997,False,False,False,False,False,False,534.3803102815572,"[[87.50173628451485,-39.8512984938205],[87.7846674137405,-39.8512984938205],[87.7846674137405,-39.626468402889365],[87.50173628451485,-39.626468402889365],[87.50173628451485,-39.8512984938205]]"
tile-x007-y007,237,,-39.28922326649266,87.07733959067636,625.0,1.2034809193819962e-133,1.925569471011194e-136,0.72,1.3864100191280598e-136,148125.0,0.9999999999999997,False,True,False,False,False,False,541.902948208688,"[[86.93587402606353,-39.40163831195823],[87.21880515528919,-39.40163831195823],[87.21880515528919,-39.176808221027095],[86.93587402606353,-39.176808221027095],[86.93587402606353,-39.40163831195823]]"
tile-x012-y004,238,,-39.96371353928607,88.49199523680464,625.0,4.430679264259496e-134,7.089086822815194e-137,1.0,7.089086822815194e-137,148750.0,0.9999999999999997,False,False,False,False,False,False,500.2818791117722,"[[88.35052967219181,-40.076128584751636],[88.63346080141747,-40.076128584751636],[88.63346080141747,-39.8512984938205],[88.35052967219181,-39.8512984938205],[88.35052967219181,-40.076128584751636]]"
tile-x006-y011,239,,-38.38990290276812,86.7944084614507,625.0,3.2031236758670158e-139,5.124997881387225e-142,0.72,3.689998474598802e-142,149375.0,0.9999999999999997,False,True,False,False,False,False,514.2189187675165,"[[86.65294289683787,-38.50231794823369],[86.93587402606353,-38.50231794823369],[86.93587402606353,-38.27748785730256],[86.65294289683787,-38.27748785730256],[86.65294289683787,-38.50231794823369]]"
tile-x006-y010,240,,-38.614732993699256,86.7944084614507,625.0,2.4866006885141815e-139,3.97856110162269e-142,0.72,2.864563993168337e-142,150000.0,0.9999999999999997,False,True,False,False,False,False,524.8169829008184,"[[86.65294289683787,-38.727148039164824],[86.93587402606353,-38.727148039164824],[86.93587402606353,-38.50231794823369],[86.65294289683787,-38.50231794823369],[86.65294289683787,-38.727148039164824]]"
tile-x006-y012,241,,-38.16507281183699,86.7944084614507,625.0,2.303085684491978e-139,3.684937095187165e-142,1.0,3.684937095187165e-142,150625.0,0.9999999999999997,False,False,False,False,False,False,504.6355665491693,"[[86.65294289683787,-38.27748785730256],[86.93587402606353,-38.27748785730256],[86.93587402606353,-38.052657766371425],[86.65294289683787,-38.052657766371425],[86.65294289683787,-38.27748785730256]]"
tile-x013-y004,242,,-39.96371353928607,88.7749263660303,625.0,3.8437385527089854e-145,6.1499816843343765e-148,1.0,6.1499816843343765e-148,151250.0,0.9999999999999997,False,False,False,False,False,False,484.72912973919995,"[[88.63346080141747,-40.076128584751636],[88.91639193064313,-40.076128584751636],[88.91639193064313,-39.8512984938205],[88.63346080141747,-39.8512984938205],[88.63346080141747,-40.076128584751636]]"
tile-x006-y009,243,,-38.83956308463039,86.7944084614507,625.0,2.9661081036263697e-149,4.745772965802192e-152,1.0,4.745772965802192e-152,151875.0,0.9999999999999997,False,False,False,False,False,False,536.369613370979,"[[86.65294289683787,-38.95197813009596],[86.93587402606353,-38.95197813009596],[86.93587402606353,-38.727148039164824],[86.65294289683787,-38.727148039164824],[86.65294289683787,-38.95197813009596]]"
tile-x016-y005,244,,-39.73888344835493,89.62371975370728,625.0,1.1890199366908634e-149,1.9024318987053815e-152,1.0,1.9024318987053815e-152,152500.0,0.9999999999999997,False,False,False,False,False,False,421.88047828180464,"[[89.48225418909445,-39.8512984938205],[89.7651853183201,-39.8512984938205],[89.7651853183201,-39.626468402889365],[89.48225418909445,-39.626468402889365],[89.48225418909445,-39.8512984938205]]"
tile-x006-y008,245,,-39.06439317556153,86.7944084614507,625.0,3.523153247806409e-150,5.637045196490255e-153,0.72,4.0586725414729833e-153,153125.0,0.9999999999999997,False,True,False,False,False,False,548.8165321521998,"[[86.65294289683787,-39.176808221027095],[86.93587402606353,-39.176808221027095],[86.93587402606353,-38.95197813009596],[86.65294289683787,-38.95197813009596],[86.65294289683787,-39.176808221027095]]"
tile-x011-y004,246,,-39.96371353928607,88.20906410757898,625.0,1.545757610395615e-150,2.473212176632984e-153,1.0,2.473212176632984e-153,153750.0,0.9999999999999997,False,False,False,False,False,False,516.5467873662516,"[[88.06759854296615,-40.076128584751636],[88.35052967219181,-40.076128584751636],[88.35052967219181,-39.8512984938205],[88.06759854296615,-39.8512984938205],[88.06759854296615,-40.076128584751636]]"
tile-x007-y006,247,,-39.5140533574238,87.07733959067636,625.0,7.625064228942294e-151,1.220010276630767e-153,0.72,8.784073991741522e-154,154375.0,0.9999999999999997,False,True,False,False,False,False,556.5355075606132,"[[86.93587402606353,-39.626468402889365],[87.21880515528919,-39.626468402889365],[87.21880515528919,-39.40163831195823],[86.93587402606353,-39.40163831195823],[86.93587402606353,-39.626468402889365]]"
tile-x014-y004,248,,-39.96371353928607,89.05785749525596,625.0,5.44224835197819e-151,8.707597363165104e-154,1.0,8.707597363165104e-154,155000.0,0.9999999999999997,False,False,False,False,False,False,469.95940137777785,"[[88.91639193064313,-40.076128584751636],[89.19932305986879,-40.076128584751636],[89.19932305986879,-39.8512984938205],[88.91639193064313,-39.8512984938205],[88.91639193064313,-40.076128584751636]]"
tile-x006-y007,249,,-39.28922326649266,86.7944084614507,625.0,4.697297818644929e-151,7.515676509831886e-154,0.72,5.411287087078958e-154,155625.0,0.9999999999999997,False,True,False,False,False,False,562.0983336444773,"[[86.65294289683787,-39.40163831195823],[86.93587402606353,-39.40163831195823],[86.93587402606353,-39.176808221027095],[86.65294289683787,-39.176808221027095],[86.65294289683787,-39.40163831195823]]"
tile-x008-y005,250,,-39.73888344835493,87.36027071990202,625.0,4.495383346529842e-151,7.192613354447747e-154,1.0,7.192613354447747e-154,156250.0,0.9999999999999997,False,False,False,False,False,False,552.9861812194636,"[[87.21880515528919,-39.8512984938205],[87.50173628451485,-39.8512984938205],[87.50173628451485,-39.626468402889365],[87.21880515528919,-39.626468402889365],[87.21880515528919,-39.8512984938205]]"
tile-x005-y010,251,,-38.614732993699256,86.51147733222504,625.0,9.02957833208106e-152,1.4447325331329695e-154,0.72,1.040207423855738e-154,156875.0,0.9999999999999997,False,True,False,False,False,False,546.9746851358198,"[[86.37001176761221,-38.727148039164824],[86.65294289683787,-38.727148039164824],[86.65294289683787,-38.50231794823369],[86.37001176761221,-38.50231794823369],[86.37001176761221,-38.727148039164824]]"
tile-x006-y013,252,,-37.94024272090586,86.7944084614507,625.0,8.368494100762857e-152,1.3389590561220572e-154,1.0,1.3389590561220572e-154,157500.0,0.9999999999999997,False,False,False,False,False,False,496.12573162834235,"[[86.65294289683787,-38.052657766371425],[86.93587402606353,-38.052657766371425],[86.93587402606353,-37.82782767544029],[86.65294289683787,-37.82782767544029],[86.65294289683787,-38.052657766371425]]"
tile-x005-y009,253,,-38.83956308463039,86.51147733222504,625.0,8.13798045730954e-152,1.3020768731695264e-154,0.72,9.374953486820589e-155,158125.0,0.9999999999999997,False,True,False,False,False,False,558.0030263915086,"[[86.37001176761221,-38.95197813009596],[86.65294289683787,-38.95197813009596],[86.65294289683787,-38.727148039164824],[86.37001176761221,-38.727148039164824],[86.37001176761221,-38.95197813009596]]"
tile-x005-y011,254,,-38.38990290276812,86.51147733222504,625.0,2.9433421821823416e-152,4.709347491491746e-155,1.0,4.709347491491746e-155,158750.0,0.9999999999999997,False,False,False,False,False,False,536.8823999732808,"[[86.37001176761221,-38.50231794823369],[86.65294289683787,-38.50231794823369],[86.65294289683787,-38.27748785730256],[86.37001176761221,-38.27748785730256],[86.37001176761221,-38.50231794823369]]"
tile-x007-y015,255,,-37.49058253904359,87.07733959067636,625.0,5.835788930546178e-153,9.337262288873884e-156,1.0,9.337262288873884e-156,159375.0,0.9999999999999997,False,False,False,False,False,False,458.2595585125539,"[[86.93587402606353,-37.602997584509154],[87.21880515528919,-37.602997584509154],[87.21880515528919,-37.37816749357802],[86.93587402606353,-37.37816749357802],[86.93587402606353,-37.602997584509154]]"
tile-x006-y014,256,,-37.71541262997472,86.7944084614507,625.0,1.3660563659400127e-153,2.1856901855040202e-156,1.0,2.1856901855040202e-156,160000.0,0.9999999999999997,False,False,False,False,False,False,488.74549233856953,"[[86.65294289683787,-37.82782767544029],[86.93587402606353,-37.82782767544029],[86.93587402606353,-37.602997584509154],[86.65294289683787,-37.602997584509154],[86.65294289683787,-37.82782767544029]]"
tile-x010-y004,257,,-39.96371353928607,87.92613297835332,625.0,1.5901867845891693e-154,2.544298855342671e-157,1.0,2.544298855342671e-157,160625.0,0.9999999999999997,False,False,False,False,False,False,533.4585731153561,"[[87.7846674137405,-40.076128584751636],[88.06759854296615,-40.076128584751636],[88.06759854296615,-39.8512984938205],[87.7846674137405,-39.8512984938205],[87.7846674137405,-40.076128584751636]]"
tile-x009-y004,258,,-39.96371353928607,87.64320184912768,625.0,6.017482726602835e-155,9.627972362564537e-158,1.0,9.627972362564537e-158,161250.0,0.9999999999999997,False,False,False,False,False,False,550.9575204066759,"[[87.50173628451485,-40.076128584751636],[87.7846674137405,-40.076128584751636],[87.7846674137405,-39.8512984938205],[87.50173628451485,-39.8512984938205],[87.50173628451485,-40.076128584751636]]"
tile-x005-y012,259,,-38.16507281183699,86.51147733222504,625.0,8.313367608337632e-166,1.330138817334021e-168,1.0,1.330138817334021e-168,161875.0,0.9999999999999997,False,False,False,False,False,False,527.7798721049951,"[[86.37001176761221,-38.27748785730256],[86.65294289683787,-38.27748785730256],[86.65294289683787,-38.052657766371425],[86.37001176761221,-38.052657766371425],[86.37001176761221,-38.27748785730256]]"
tile-x005-y008,260,,-39.06439317556153,86.51147733222504,625.0,7.274613318647105e-166,1.1639381309835369e-168,0.72,8.380354543081466e-169,162500.0,0.9999999999999997,False,True,False,False,False,False,569.9130854312704,"[[86.37001176761221,-39.176808221027095],[86.65294289683787,-39.176808221027095],[86.65294289683787,-38.95197813009596],[86.37001176761221,-38.95197813009596],[86.37001176761221,-39.176808221027095]]"
tile-x006-y006,261,,-39.5140533574238,86.7944084614507,625.0,5.8382727379088773e-182,9.341236380654204e-185,0.72,6.725690194071026e-185,163125.0,0.9999999999999997,False,True,False,False,False,False,576.1572823318224,"[[86.65294289683787,-39.626468402889365],[86.93587402606353,-39.626468402889365],[86.93587402606353,-39.40163831195823],[86.65294289683787,-39.40163831195823],[86.65294289683787,-39.626468402889365]]"
tile-x007-y005,262,,-39.73888344835493,87.07733959067636,625.0,5.77259711745213e-182,9.236155387923409e-185,1.0,9.236155387923409e-185,163750.0,0.9999999999999997,False,False,False,False,False,False,571.8852168754773,"[[86.93587402606353,-39.8512984938205],[87.21880515528919,-39.8512984938205],[87.21880515528919,-39.626468402889365],[86.93587402606353,-39.626468402889365],[86.93587402606353,-39.8512984938205]]"
tile-x008-y004,263,,-39.96371353928607,87.36027071990202,625.0,1.9172812156760327e-183,3.0676499450816524e-186,1.0,3.0676499450816524e-186,164375.0,0.9999999999999997,False,False,False,False,False,False,568.9893021123971,"[[87.21880515528919,-40.076128584751636],[87.50173628451485,-40.076128584751636],[87.50173628451485,-39.8512984938205],[87.21880515528919,-39.8512984938205],[87.21880515528919,-40.076128584751636]]"
tile-x005-y013,264,,-37.94024272090586,86.51147733222504,625.0,1.0156771009827584e-188,1.6250833615724133e-191,1.0,1.6250833615724133e-191,165000.0,0.9999999999999997,False,False,False,False,False,False,519.7191091491705,"[[86.37001176761221,-38.052657766371425],[86.65294289683787,-38.052657766371425],[86.65294289683787,-37.82782767544029],[86.37001176761221,-37.82782767544029],[86.37001176761221,-38.052657766371425]]"
tile-x005-y007,265,,-39.28922326649266,86.51147733222504,625.0,9.41712961538632e-194,1.5067407384618112e-196,0.72,1.084853331692504e-196,165625.0,0.9999999999999997,False,True,False,False,False,False,582.6507944697408,"[[86.37001176761221,-39.40163831195823],[86.65294289683787,-39.40163831195823],[86.65294289683787,-39.176808221027095],[86.37001176761221,-39.176808221027095],[86.37001176761221,-39.40163831195823]]"
tile-x004-y010,266,,-38.614732993699256,86.22854620299938,625.0,6.383798897802115e-194,1.0214078236483385e-196,0.72,7.354136330268037e-197,166250.0,0.9999999999999997,False,True,False,False,False,False,569.3617500788685,"[[86.08708063838655,-38.727148039164824],[86.37001176761221,-38.727148039164824],[86.37001176761221,-38.50231794823369],[86.08708063838655,-38.50231794823369],[86.08708063838655,-38.727148039164824]]"
tile-x004-y009,267,,-38.83956308463039,86.22854620299938,625.0,6.076369066062349e-196,9.722190505699758e-199,0.72,6.999977164103826e-199,166875.0,0.9999999999999997,False,True,False,False,False,False,579.8979198748686,"[[86.08708063838655,-38.95197813009596],[86.37001176761221,-38.95197813009596],[86.37001176761221,-38.727148039164824],[86.08708063838655,-38.727148039164824],[86.08708063838655,-38.95197813009596]]"
tile-x006-y005,268,,-39.73888344835493,86.7944084614507,625.0,4.03450255294192e-196,6.455204084707072e-199,1.0,6.455204084707072e-199,167500.0,0.9999999999999997,False,False,False,False,False,False,590.9379134046783,"[[86.65294289683787,-39.8512984938205],[86.93587402606353,-39.8512984938205],[86.93587402606353,-39.626468402889365],[86.65294289683787,-39.626468402889365],[86.65294289683787,-39.8512984938205]]"
tile-x004-y008,269,,-39.06439317556153,86.22854620299938,625.0,2.715106831312464e-196,4.344170930099942e-199,0.72,3.127803069671958e-199,168125.0,0.9999999999999997,False,True,False,False,False,False,591.3016189544627,"[[86.08708063838655,-39.176808221027095],[86.37001176761221,-39.176808221027095],[86.37001176761221,-38.95197813009596],[86.08708063838655,-38.95197813009596],[86.08708063838655,-39.176808221027095]]"
tile-x005-y006,270,,-39.5140533574238,86.51147733222504,625.0,2.559416628087701e-196,4.0950666049403217e-199,0.72,2.9484479555570314e-199,168750.0,0.9999999999999997,False,True,False,False,False,False,596.1631044839427,"[[86.37001176761221,-39.626468402889365],[86.65294289683787,-39.626468402889365],[86.65294289683787,-39.40163831195823],[86.37001176761221,-39.40163831195823],[86.37001176761221,-39.626468402889365]]"
tile-x004-y011,271,,-38.38990290276812,86.22854620299938,625.0,1.4951417798587625e-196,2.39222684777402e-199,1.0,2.39222684777402e-199,169375.0,0.9999999999999997,False,False,False,False,False,False,559.7421011895133,"[[86.08708063838655,-38.50231794823369],[86.37001176761221,-38.50231794823369],[86.37001176761221,-38.27748785730256],[86.08708063838655,-38.27748785730256],[86.08708063838655,-38.50231794823369]]"
tile-x004-y012,272,,-38.16507281183699,86.22854620299938,625.0,5.898981787024323e-197,9.438370859238918e-200,1.0,9.438370859238918e-200,170000.0,0.9999999999999997,False,False,False,False,False,False,551.086971309682,"[[86.08708063838655,-38.27748785730256],[86.37001176761221,-38.27748785730256],[86.37001176761221,-38.052657766371425],[86.08708063838655,-38.052657766371425],[86.08708063838655,-38.27748785730256]]"
tile-x004-y007,273,,-39.28922326649266,86.22854620299938,625.0,3.792819464615775e-197,6.06851114338524e-200,0.72,4.3693280232373727e-200,170625.0,0.9999999999999997,False,True,False,False,False,False,603.5236726049549,"[[86.08708063838655,-39.40163831195823],[86.37001176761221,-39.40163831195823],[86.37001176761221,-39.176808221027095],[86.08708063838655,-39.176808221027095],[86.08708063838655,-39.40163831195823]]"
tile-x007-y004,274,,-39.96371353928607,87.07733959067636,625.0,4.3206292359494985e-199,6.913006777519198e-202,1.0,6.913006777519198e-202,171250.0,0.9999999999999997,False,False,False,False,False,False,587.492404918663,"[[86.93587402606353,-40.076128584751636],[87.21880515528919,-40.076128584751636],[87.21880515528919,-39.8512984938205],[86.93587402606353,-39.8512984938205],[86.93587402606353,-40.076128584751636]]"
tile-x010-y003,275,,-40.1885436302172,87.92613297835332,625.0,1.4612195763632498e-199,2.3379513221811997e-202,1.0,2.3379513221811997e-202,171875.0,0.9999999999999997,False,False,False,False,False,False,551.2524635364942,"[[87.7846674137405,-40.300958675682764],[88.06759854296615,-40.300958675682764],[88.06759854296615,-40.076128584751636],[87.7846674137405,-40.076128584751636],[87.7846674137405,-40.300958675682764]]"
tile-x009-y003,276,,-40.1885436302172,87.64320184912768,625.0,1.2908355601369536e-199,2.0653368962191257e-202,1.0,2.0653368962191257e-202,172500.0,0.9999999999999997,False,False,False,False,False,False,568.1499526067287,"[[87.50173628451485,-40.300958675682764],[87.7846674137405,-40.300958675682764],[87.7846674137405,-40.076128584751636],[87.50173628451485,-40.076128584751636],[87.50173628451485,-40.300958675682764]]"
tile-x011-y003,277,,-40.1885436302172,88.20906410757898,625.0,3.4583728531644385e-200,5.533396565063101e-203,1.0,5.533396565063101e-203,173125.0,0.9999999999999997,False,False,False,False,False,False,534.9569495431459,"[[88.06759854296615,-40.300958675682764],[88.35052967219181,-40.300958675682764],[88.35052967219181,-40.076128584751636],[88.06759854296615,-40.076128584751636],[88.06759854296615,-40.300958675682764]]"
tile-x012-y003,278,,-40.1885436302172,88.49199523680464,625.0,1.1866172224172699e-200,1.8985875558676317e-203,1.0,1.8985875558676317e-203,173750.0,0.9999999999999997,False,False,False,False,False,False,519.3202415063171,"[[88.35052967219181,-40.300958675682764],[88.63346080141747,-40.300958675682764],[88.63346080141747,-40.076128584751636],[88.35052967219181,-40.076128584751636],[88.35052967219181,-40.300958675682764]]"
tile-x008-y003,279,,-40.1885436302172,87.36027071990202,625.0,1.0170295371597951e-200,1.627247259455672e-203,1.0,1.627247259455672e-203,174375.0,0.9999999999999997,False,False,False,False,False,False,585.5971567550729,"[[87.21880515528919,-40.300958675682764],[87.50173628451485,-40.300958675682764],[87.50173628451485,-40.076128584751636],[87.21880515528919,-40.076128584751636],[87.21880515528919,-40.300958675682764]]"
tile-x005-y005,280,,-39.73888344835493,86.51147733222504,625.0,5.593628069803025e-214,8.94980491168484e-217,0.72,6.4438595364130844e-217,175000.0,0.9999999999999997,False,True,False,False,False,False,610.3985756080721,"[[86.37001176761221,-39.8512984938205],[86.65294289683787,-39.8512984938205],[86.65294289683787,-39.626468402889365],[86.37001176761221,-39.626468402889365],[86.37001176761221,-39.8512984938205]]"
tile-x006-y004,281,,-39.96371353928607,86.7944084614507,625.0,5.023841434256042e-214,8.038146294809668e-217,1.0,8.038146294809668e-217,175625.0,0.9999999999999997,False,False,False,False,False,False,606.387456041376,"[[86.65294289683787,-40.076128584751636],[86.93587402606353,-40.076128584751636],[86.93587402606353,-39.8512984938205],[86.65294289683787,-39.8512984938205],[86.65294289683787,-40.076128584751636]]"
tile-x004-y006,282,,-39.5140533574238,86.22854620299938,625.0,1.4873093879947e-214,2.37969502079152e-217,0.72,1.7133804149698942e-217,176250.0,0.9999999999999997,False,True,False,False,False,False,616.515412234641,"[[86.08708063838655,-39.626468402889365],[86.37001176761221,-39.626468402889365],[86.37001176761221,-39.40163831195823],[86.08708063838655,-39.40163831195823],[86.08708063838655,-39.626468402889365]]"
tile-x007-y003,283,,-40.1885436302172,87.07733959067636,625.0,8.292176864934281e-215,1.326748298389485e-217,1.0,1.326748298389485e-217,176875.0,0.9999999999999997,False,False,False,False,False,False,603.5462475963926,"[[86.93587402606353,-40.300958675682764],[87.21880515528919,-40.300958675682764],[87.21880515528919,-40.076128584751636],[86.93587402606353,-40.076128584751636],[86.93587402606353,-40.300958675682764]]"
tile-x003-y009,284,,-38.83956308463039,85.94561507377372,625.0,4.160202951491315e-225,6.656324722386104e-228,0.72,4.7925538001179946e-228,177500.0,0.9999999999999997,False,True,False,False,False,False,602.0255766899896,"[[85.8041495091609,-38.95197813009596],[86.08708063838655,-38.95197813009596],[86.08708063838655,-38.727148039164824],[85.8041495091609,-38.727148039164824],[85.8041495091609,-38.95197813009596]]"
tile-x003-y010,285,,-38.614732993699256,85.94561507377372,625.0,3.8518057809419337e-225,6.162889249507094e-228,1.0,6.162889249507094e-228,178125.0,0.9999999999999997,False,False,False,False,False,False,591.9519639600767,"[[85.8041495091609,-38.727148039164824],[86.08708063838655,-38.727148039164824],[86.08708063838655,-38.50231794823369],[85.8041495091609,-38.50231794823369],[85.8041495091609,-38.727148039164824]]"
tile-x003-y008,286,,-39.06439317556153,85.94561507377372,625.0,2.6976514604823225e-225,4.316242336771716e-228,0.72,3.107694482475635e-228,178750.0,0.9999999999999997,False,True,False,False,False,False,612.9513824081276,"[[85.8041495091609,-39.176808221027095],[86.08708063838655,-39.176808221027095],[86.08708063838655,-38.95197813009596],[85.8041495091609,-38.95197813009596],[85.8041495091609,-39.176808221027095]]"
tile-x003-y011,287,,-38.38990290276812,85.94561507377372,625.0,2.1410924802946102e-225,3.425747968471376e-228,1.0,3.425747968471376e-228,179375.0,0.9999999999999997,False,False,False,False,False,False,582.7747382148603,"[[85.8041495091609,-38.50231794823369],[86.08708063838655,-38.50231794823369],[86.08708063838655,-38.27748785730256],[85.8041495091609,-38.27748785730256],[85.8041495091609,-38.50231794823369]]"
tile-x005-y004,288,,-39.96371353928607,86.51147733222504,625.0,3.862890725380109e-235,6.180625160608174e-238,1.0,6.180625160608174e-238,180000.0,0.9999999999999997,False,False,False,False,False,False,625.3078199877322,"[[86.37001176761221,-40.076128584751636],[86.65294289683787,-40.076128584751636],[86.65294289683787,-39.8512984938205],[86.37001176761221,-39.8512984938205],[86.37001176761221,-40.076128584751636]]"
tile-x004-y005,289,,-39.73888344835493,86.22854620299938,625.0,2.6573967625473057e-235,4.2518348200756895e-238,0.72,3.0613210704544963e-238,180625.0,0.9999999999999997,False,True,False,False,False,False,630.2292396636811,"[[86.08708063838655,-39.8512984938205],[86.37001176761221,-39.8512984938205],[86.37001176761221,-39.626468402889365],[86.08708063838655,-39.626468402889365],[86.08708063838655,-39.8512984938205]]"
tile-x006-y003,290,,-40.1885436302172,86.7944084614507,625.0,1.957462071660283e-235,3.131939314656453e-238,1.0,3.131939314656453e-238,181250.0,0.9999999999999997,False,False,False,False,False,False,621.9533461931529,"[[86.65294289683787,-40.300958675682764],[86.93587402606353,-40.300958675682764],[86.93587402606353,-40.076128584751636],[86.65294289683787,-40.076128584751636],[86.65294289683787,-40.300958675682764]]"
tile-x003-y007,291,,-39.28922326649266,85.94561507377372,625.0,1.1543817462352659e-235,1.8470107939764255e-238,0.72,1.3298477716630263e-238,181875.0,0.9999999999999997,False,True,False,False,False,False,624.6846675373688,"[[85.8041495091609,-39.40163831195823],[86.08708063838655,-39.40163831195823],[86.08708063838655,-39.176808221027095],[85.8041495091609,-39.176808221027095],[85.8041495091609,-39.40163831195823]]"
tile-x003-y006,292,,-39.5140533574238,85.94561507377372,625.0,6.596625528640655e-266,1.0554600845825049e-268,0.72,7.599312608994035e-269,182500.0,0.9999999999999997,False,True,False,False,False,False,637.1808256143503,"[[85.8041495091609,-39.626468402889365],[86.08708063838655,-39.626468402889365],[86.08708063838655,-39.40163831195823],[85.8041495091609,-39.40163831195823],[85.8041495091609,-39.626468402889365]]"
tile-x004-y004,293,,-39.96371353928607,86.22854620299938,625.0,3.1707350708822474e-266,5.073176113411596e-269,0.72,3.652686801656349e-269,183125.0,0.9999999999999997,False,True,False,False,False,False,644.6190704104874,"[[86.08708063838655,-40.076128584751636],[86.37001176761221,-40.076128584751636],[86.37001176761221,-39.8512984938205],[86.08708063838655,-39.8512984938205],[86.08708063838655,-40.076128584751636]]"
tile-x003-y005,294,,-39.73888344835493,85.94561507377372,625.0,2.5018297381112732e-266,4.002927580978037e-269,0.72,2.8821078583041866e-269,183750.0,0.9999999999999997,False,True,False,False,False,False,650.3958861663724,"[[85.8041495091609,-39.8512984938205],[86.08708063838655,-39.8512984938205],[86.08708063838655,-39.626468402889365],[85.8041495091609,-39.626468402889365],[85.8041495091609,-39.8512984938205]]"
tile-x005-y003,295,,-40.1885436302172,86.51147733222504,625.0,1.597571691109648e-266,2.5561147057754367e-269,1.0,2.5561147057754367e-269,184375.0,0.9999999999999997,False,False,False,False,False,False,640.7379811615158,"[[86.37001176761221,-40.300958675682764],[86.65294289683787,-40.300958675682764],[86.65294289683787,-40.076128584751636],[86.37001176761221,-40.076128584751636],[86.37001176761221,-40.300958675682764]]"
tile-x002-y008,296,,-39.06439317556153,85.66268394454806,625.0,1.56161195033126e-266,2.498579120530016e-269,0.72,1.7989769667816116e-269,185000.0,0.9999999999999997,False,True,False,False,False,False,634.8354619412112,"[[85.52121837993523,-39.176808221027095],[85.8041495091609,-39.176808221027095],[85.8041495091609,-38.95197813009596],[85.52121837993523,-38.95197813009596],[85.52121837993523,-39.176808221027095]]"
tile-x002-y007,297,,-39.28922326649266,85.66268394454806,625.0,1.4670568499238078e-266,2.3472909598780925e-269,0.72,1.6900494911122265e-269,185625.0,0.9999999999999997,False,True,False,False,False,False,646.1052856441526,"[[85.52121837993523,-39.40163831195823],[85.8041495091609,-39.40163831195823],[85.8041495091609,-39.176808221027095],[85.52121837993523,-39.176808221027095],[85.52121837993523,-39.40163831195823]]"
tile-x002-y009,298,,-38.83956308463039,85.66268394454806,625.0,1.0204326929910627e-266,1.6326923087857003e-269,0.72,1.1755384623257042e-269,186250.0,0.9999999999999997,False,True,False,False,False,False,624.3610585482477,"[[85.52121837993523,-38.95197813009596],[85.8041495091609,-38.95197813009596],[85.8041495091609,-38.727148039164824],[85.52121837993523,-38.727148039164824],[85.52121837993523,-38.95197813009596]]"
tile-x002-y006,299,,-39.5140533574238,85.66268394454806,625.0,8.538246978547514e-267,1.3661195165676023e-269,0.72,9.836060519286736e-270,186875.0,0.9999999999999997,False,True,False,False,False,False,658.1296681895363,"[[85.52121837993523,-39.626468402889365],[85.8041495091609,-39.626468402889365],[85.8041495091609,-39.40163831195823],[85.52121837993523,-39.40163831195823],[85.52121837993523,-39.626468402889365]]"
tile-x003-y004,300,,-39.96371353928607,85.94561507377372,625.0,5.992000460878906e-267,9.58720073740625e-270,0.72,6.9027845309325e-270,187500.0,0.9999999999999997,False,True,False,False,False,False,664.286945510979,"[[85.8041495091609,-40.076128584751636],[86.08708063838655,-40.076128584751636],[86.08708063838655,-39.8512984938205],[85.8041495091609,-39.8512984938205],[85.8041495091609,-40.076128584751636]]"
tile-x004-y003,301,,-40.1885436302172,86.22854620299938,625.0,4.663083271384465e-267,7.4609332342151435e-270,1.0,7.4609332342151435e-270,188125.0,0.9999999999999997,False,False,False,False,False,False,659.6406652470438,"[[86.08708063838655,-40.300958675682764],[86.37001176761221,-40.300958675682764],[86.37001176761221,-40.076128584751636],[86.08708063838655,-40.076128584751636],[86.08708063838655,-40.300958675682764]]"
tile-x002-y010,302,,-38.614732993699256,85.66268394454806,625.0,4.328924930230831e-267,6.92627988836933e-270,1.0,6.92627988836933e-270,188750.0,0.9999999999999997,False,False,False,False,False,False,614.7227372189287,"[[85.52121837993523,-38.727148039164824],[85.8041495091609,-38.727148039164824],[85.8041495091609,-38.50231794823369],[85.52121837993523,-38.50231794823369],[85.52121837993523,-38.727148039164824]]"
tile-x007-y002,303,,-40.41337372114833,87.07733959067636,625.0,3.844279988986955e-267,6.150847982379128e-270,1.0,6.150847982379128e-270,189375.0,0.9999999999999997,False,False,False,False,False,False,620.179195046494,"[[86.93587402606353,-40.5257887666139],[87.21880515528919,-40.5257887666139],[87.21880515528919,-40.300958675682764],[86.93587402606353,-40.300958675682764],[86.93587402606353,-40.5257887666139]]"
tile-x008-y002,304,,-40.41337372114833,87.36027071990202,625.0,3.5768619406315206e-267,5.722979105010433e-270,1.0,5.722979105010433e-270,190000.0,0.9999999999999997,False,False,False,False,False,False,602.7829811979458,"[[87.21880515528919,-40.5257887666139],[87.50173628451485,-40.5257887666139],[87.50173628451485,-40.300958675682764],[87.21880515528919,-40.300958675682764],[87.21880515528919,-40.5257887666139]]"
tile-x002-y005,305,,-39.73888344835493,85.66268394454806,625.0,3.202332379434686e-267,5.123731807095497e-270,0.72,3.6890869011087578e-270,190625.0,0.9999999999999997,False,True,False,False,False,False,670.8680371435237,"[[85.52121837993523,-39.8512984938205],[85.8041495091609,-39.8512984938205],[85.8041495091609,-39.626468402889365],[85.52121837993523,-39.626468402889365],[85.52121837993523,-39.8512984938205]]"
tile-x006-y002,306,,-40.41337372114833,86.7944084614507,625.0,3.0306495625374324e-267,4.849039300059892e-270,1.0,4.849039300059892e-270,191250.0,0.9999999999999997,False,False,False,False,False,False,638.0496743292902,"[[86.65294289683787,-40.5257887666139],[86.93587402606353,-40.5257887666139],[86.93587402606353,-40.300958675682764],[86.65294289683787,-40.300958675682764],[86.65294289683787,-40.5257887666139]]"
tile-x005-y002,307,,-40.41337372114833,86.51147733222504,625.0,1.4709178659102316e-267,2.3534685854563704e-270,1.0,2.3534685854563704e-270,191875.0,0.9999999999999997,False,False,False,False,False,False,656.3555197039472,"[[86.37001176761221,-40.5257887666139],[86.65294289683787,-40.5257887666139],[86.65294289683787,-40.300958675682764],[86.37001176761221,-40.300958675682764],[86.37001176761221,-40.5257887666139]]"
tile-x001-y007,308,,-39.28922326649266,85.3797528153224,625.0,1.2240551566960472e-267,1.9584882507136756e-270,0.72,1.4101115405138464e-270,192500.0,0.9999999999999997,False,True,False,False,False,False,667.760354667471,"[[85.23828725070958,-39.40163831195823],[85.52121837993523,-39.40163831195823],[85.52121837993523,-39.176808221027095],[85.23828725070958,-39.176808221027095],[85.23828725070958,-39.40163831195823]]"
tile-x009-y002,309,,-40.41337372114833,87.64320184912768,625.0,1.1460925262961177e-267,1.8337480420737884e-270,1.0,1.8337480420737884e-270,193125.0,0.9999999999999997,False,False,False,False,False,False,585.9034508844285,"[[87.50173628451485,-40.5257887666139],[87.7846674137405,-40.5257887666139],[87.7846674137405,-40.300958675682764],[87.50173628451485,-40.300958675682764],[87.50173628451485,-40.5257887666139]]"
tile-x003-y012,310,,-38.16507281183699,85.94561507377372,625.0,1.1430648971899538e-267,1.8289038355039261e-270,1.0,1.8289038355039261e-270,193750.0,0.9999999999999997,False,False,False,False,False,False,574.5368560069363,"[[85.8041495091609,-38.27748785730256],[86.08708063838655,-38.27748785730256],[86.08708063838655,-38.052657766371425],[85.8041495091609,-38.052657766371425],[85.8041495091609,-38.27748785730256]]"
tile-x001-y008,311,,-39.06439317556153,85.3797528153224,625.0,1.0249411278510602e-267,1.6399058045616962e-270,0.72,1.1807321792844213e-270,194375.0,0.9999999999999997,False,True,False,False,False,False,656.9302502836618,"[[85.23828725070958,-39.176808221027095],[85.52121837993523,-39.176808221027095],[85.52121837993523,-38.95197813009596],[85.23828725070958,-38.95197813009596],[85.23828725070958,-39.176808221027095]]"
tile-x002-y011,312,,-38.38990290276812,85.66268394454806,625.0,8.740016283970662e-268,1.3984026054353059e-270,1.0,1.3984026054353059e-270,195000.0,0.9999999999999997,False,False,False,False,False,False,605.9603954060168,"[[85.52121837993523,-38.50231794823369],[85.8041495091609,-38.50231794823369],[85.8041495091609,-38.27748785730256],[85.52121837993523,-38.27748785730256],[85.52121837993523,-38.50231794823369]]"
tile-x001-y009,313,,-38.83956308463039,85.3797528153224,625.0,7.528719162307212e-268,1.204595065969154e-270,1.0,1.204595065969154e-270,195625.0,0.9999999999999997,False,False,False,False,False,False,646.8826453452211,"[[85.23828725070958,-38.95197813009596],[85.52121837993523,-38.95197813009596],[85.52121837993523,-38.727148039164824],[85.23828725070958,-38.727148039164824],[85.23828725070958,-38.95197813009596]]"
tile-x002-y004,314,,-39.96371353928607,85.66268394454806,625.0,6.128294943361605e-268,9.80527190937857e-271,1.0,9.80527190937857e-271,196250.0,0.9999999999999997,False,False,False,False,False,False,684.280519162546,"[[85.52121837993523,-40.076128584751636],[85.8041495091609,-40.076128584751636],[85.8041495091609,-39.8512984938205],[85.52121837993523,-39.8512984938205],[85.52121837993523,-40.076128584751636]]"
tile-x003-y003,315,,-40.1885436302172,85.94561507377372,625.0,5.407398420879882e-268,8.651837473407811e-271,1.0,8.651837473407811e-271,196875.0,0.9999999999999997,False,False,False,False,False,False,678.8125040691409,"[[85.8041495091609,-40.300958675682764],[86.08708063838655,-40.300958675682764],[86.08708063838655,-40.076128584751636],[85.8041495091609,-40.076128584751636],[85.8041495091609,-40.300958675682764]]"
tile-x004-y013,316,,-37.94024272090586,86.22854620299938,625.0,5.372291661459768e-268,8.595666658335629e-271,1.0,8.595666658335629e-271,197500.0,0.9999999999999997,False,False,False,False,False,False,543.4424468393871,"[[86.08708063838655,-38.052657766371425],[86.37001176761221,-38.052657766371425],[86.37001176761221,-37.82782767544029],[86.08708063838655,-37.82782767544029],[86.08708063838655,-38.052657766371425]]"
tile-x001-y006,317,,-39.5140533574238,85.3797528153224,625.0,3.66678450434898e-268,5.866855206958367e-271,1.0,5.866855206958367e-271,198125.0,0.9999999999999997,False,False,False,False,False,False,679.3355348534475,"[[85.23828725070958,-39.626468402889365],[85.52121837993523,-39.626468402889365],[85.52121837993523,-39.40163831195823],[85.23828725070958,-39.40163831195823],[85.23828725070958,-39.626468402889365]]"
tile-x010-y002,318,,-40.41337372114833,87.92613297835332,625.0,3.5340205208945495e-268,5.654432833431279e-271,1.0,5.654432833431279e-271,198750.0,0.9999999999999997,False,False,False,False,False,False,569.586708019197,"[[87.7846674137405,-40.5257887666139],[88.06759854296615,-40.5257887666139],[88.06759854296615,-40.300958675682764],[87.7846674137405,-40.300958675682764],[87.7846674137405,-40.5257887666139]]"
tile-x001-y010,319,,-38.614732993699256,85.3797528153224,625.0,2.659593169069451e-268,4.2553490705111214e-271,1.0,4.2553490705111214e-271,199375.0,0.9999999999999997,False,False,False,False,False,False,637.6545311307864,"[[85.23828725070958,-38.727148039164824],[85.52121837993523,-38.727148039164824],[85.52121837993523,-38.50231794823369],[85.23828725070958,-38.50231794823369],[85.23828725070958,-38.727148039164824]]"
tile-x001-y005,320,,-39.73888344835493,85.3797528153224,625.0,1.1097007735322516e-268,1.7755212376516026e-271,1.0,1.7755212376516026e-271,200000.0,0.9999999999999997,False,False,False,False,False,False,691.6183818565116,"[[85.23828725070958,-39.8512984938205],[85.52121837993523,-39.8512984938205],[85.52121837993523,-39.626468402889365],[85.23828725070958,-39.626468402889365],[85.23828725070958,-39.8512984938205]]"
tile-x000-y000,321,,-40.8630339030106,85.09682168609675,625.0,0.0,0.0,1.0,0.0,200625.0,0.9999999999999997,False,False,False,False,False,False,781.1833223520404,"[[84.95535612148392,-40.97544894847617],[85.23828725070958,-40.97544894847617],[85.23828725070958,-40.750618857545035],[84.95535612148392,-40.750618857545035],[84.95535612148392,-40.97544894847617]]"
tile-x000-y001,322,,-40.63820381207947,85.09682168609675,625.0,0.0,0.0,1.0,0.0,201250.0,0.9999999999999997,False,False,False,False,False,False,766.3367492827495,"[[84.95535612148392,-40.750618857545035],[85.23828725070958,-40.750618857545035],[85.23828725070958,-40.5257887666139],[84.95535612148392,-40.5257887666139],[84.95535612148392,-40.750618857545035]]"
tile-x000-y002,323,,-40.41337372114833,85.09682168609675,625.0,0.0,0.0,1.0,0.0,201875.0,0.9999999999999997,False,False,False,False,False,False,752.0257061024059,"[[84.95535612148392,-40.5257887666139],[85.23828725070958,-40.5257887666139],[85.23828725070958,-40.300958675682764],[84.95535612148392,-40.300958675682764],[84.95535612148392,-40.5257887666139]]"
tile-x000-y003,324,,-40.1885436302172,85.09682168609675,625.0,0.0,0.0,1.0,0.0,202500.0,0.9999999999999997,False,False,False,False,False,False,738.281336610211,"[[84.95535612148392,-40.300958675682764],[85.23828725070958,-40.300958675682764],[85.23828725070958,-40.076128584751636],[84.95535612148392,-40.076128584751636],[84.95535612148392,-40.300958675682764]]"
tile-x000-y004,325,,-39.96371353928607,85.09682168609675,625.0,0.0,0.0,1.0,0.0,203125.0,0.9999999999999997,False,False,False,False,False,False,725.1358646142214,"[[84.95535612148392,-40.076128584751636],[85.23828725070958,-40.076128584751636],[85.23828725070958,-39.8512984938205],[84.95535612148392,-39.8512984938205],[84.95535612148392,-40.076128584751636]]"
tile-x000-y005,326,,-39.73888344835493,85.09682168609675,625.0,0.0,0.0,1.0,0.0,203750.0,0.9999999999999997,False,False,False,False,False,False,712.6224343103718,"[[84.95535612148392,-39.8512984938205],[85.23828725070958,-39.8512984938205],[85.23828725070958,-39.626468402889365],[84.95535612148392,-39.626468402889365],[84.95535612148392,-39.8512984938205]]"
tile-x000-y006,327,,-39.5140533574238,85.09682168609675,625.0,0.0,0.0,1.0,0.0,204375.0,0.9999999999999997,False,False,False,False,False,False,700.7749052947271,"[[84.95535612148392,-39.626468402889365],[85.23828725070958,-39.626468402889365],[85.23828725070958,-39.40163831195823],[84.95535612148392,-39.40163831195823],[84.95535612148392,-39.626468402889365]]"
tile-x000-y007,328,,-39.28922326649266,85.09682168609675,625.0,0.0,0.0,1.0,0.0,205000.0,0.9999999999999997,False,False,False,False,False,False,689.6275986588415,"[[84.95535612148392,-39.40163831195823],[85.23828725070958,-39.40163831195823],[85.23828725070958,-39.176808221027095],[84.95535612148392,-39.176808221027095],[84.95535612148392,-39.40163831195823]]"
tile-x000-y008,329,,-39.06439317556153,85.09682168609675,625.0,0.0,0.0,1.0,0.0,205625.0,0.9999999999999997,False,False,False,False,False,False,679.2149919677762,"[[84.95535612148392,-39.176808221027095],[85.23828725070958,-39.176808221027095],[85.23828725070958,-38.95197813009596],[84.95535612148392,-38.95197813009596],[84.95535612148392,-39.176808221027095]]"
tile-x000-y009,330,,-38.83956308463039,85.09682168609675,625.0,0.0,0.0,1.0,0.0,206250.0,0.9999999999999997,False,False,False,False,False,False,669.5713628100474,"[[84.95535612148392,-38.95197813009596],[85.23828725070958,-38.95197813009596],[85.23828725070958,-38.727148039164824],[84.95535612148392,-38.727148039164824],[84.95535612148392,-38.95197813009596]]"
tile-x000-y010,331,,-38.614732993699256,85.09682168609675,625.0,0.0,0.0,1.0,0.0,206875.0,0.9999999999999997,False,False,False,False,False,False,660.7303830508757,"[[84.95535612148392,-38.727148039164824],[85.23828725070958,-38.727148039164824],[85.23828725070958,-38.50231794823369],[84.95535612148392,-38.50231794823369],[84.95535612148392,-38.727148039164824]]"
tile-x000-y011,332,,-38.38990290276812,85.09682168609675,625.0,0.0,0.0,1.0,0.0,207500.0,0.9999999999999997,False,False,False,False,False,False,652.7246688678632,"[[84.95535612148392,-38.50231794823369],[85.23828725070958,-38.50231794823369],[85.23828725070958,-38.27748785730256],[84.95535612148392,-38.27748785730256],[84.95535612148392,-38.50231794823369]]"
tile-x000-y012,333,,-38.16507281183699,85.09682168609675,625.0,0.0,0.0,1.0,0.0,208125.0,0.9999999999999997,False,False,False,False,False,False,645.5852949795469,"[[84.95535612148392,-38.27748785730256],[85.23828725070958,-38.27748785730256],[85.23828725070958,-38.052657766371425],[84.95535612148392,-38.052657766371425],[84.95535612148392,-38.27748785730256]]"
tile-x000-y013,334,,-37.94024272090586,85.09682168609675,625.0,0.0,0.0,1.0,0.0,208750.0,0.9999999999999997,False,False,False,False,False,False,639.3412849843024,"[[84.95535612148392,-38.052657766371425],[85.23828725070958,-38.052657766371425],[85.23828725070958,-37.82782767544029],[84.95535612148392,-37.82782767544029],[84.95535612148392,-38.052657766371425]]"
tile-x000-y014,335,,-37.71541262997472,85.09682168609675,625.0,0.0,0.0,1.0,0.0,209375.0,0.9999999999999997,False,False,False,False,False,False,634.0190931176777,"[[84.95535612148392,-37.82782767544029],[85.23828725070958,-37.82782767544029],[85.23828725070958,-37.602997584509154],[84.95535612148392,-37.602997584509154],[84.95535612148392,-37.82782767544029]]"
tile-x000-y015,336,,-37.49058253904359,85.09682168609675,625.0,0.0,0.0,1.0,0.0,210000.0,0.9999999999999997,False,False,False,False,False,False,629.6420956516251,"[[84.95535612148392,-37.602997584509154],[85.23828725070958,-37.602997584509154],[85.23828725070958,-37.37816749357802],[84.95535612148392,-37.37816749357802],[84.95535612148392,-37.602997584509154]]"
tile-x000-y016,337,,-37.26575244811245,85.09682168609675,625.0,0.0,0.0,1.0,0.0,210625.0,0.9999999999999997,False,False,False,False,False,False,626.2301122099971,"[[84.95535612148392,-37.37816749357802],[85.23828725070958,-37.37816749357802],[85.23828725070958,-37.15333740264688],[84.95535612148392,-37.15333740264688],[84.95535612148392,-37.37816749357802]]"
tile-x000-y017,338,,-37.040922357181316,85.09682168609675,625.0,0.0,0.0,1.0,0.0,211250.0,0.9999999999999997,False,False,False,False,False,False,623.7989780943819,"[[84.95535612148392,-37.15333740264688],[85.23828725070958,-37.15333740264688],[85.23828725070958,-36.92850731171575],[84.95535612148392,-36.92850731171575],[84.95535612148392,-37.15333740264688]]"
tile-x000-y018,339,,-36.81609226625018,85.09682168609675,625.0,0.0,0.0,1.0,0.0,211875.0,0.9999999999999997,False,False,False,False,False,False,622.3601880220127,"[[84.95535612148392,-36.92850731171575],[85.23828725070958,-36.92850731171575],[85.23828725070958,-36.70367722078461],[84.95535612148392,-36.70367722078461],[84.95535612148392,-36.92850731171575]]"
tile-x000-y019,340,,-36.591262175319045,85.09682168609675,625.0,0.0,0.0,1.0,0.0,212500.0,0.9999999999999997,False,False,False,False,False,False,621.920629339787,"[[84.95535612148392,-36.70367722078461],[85.23828725070958,-36.70367722078461],[85.23828725070958,-36.47884712985348],[84.95535612148392,-36.47884712985348],[84.95535612148392,-36.70367722078461]]"
tile-x000-y020,341,,-36.36643208438792,85.09682168609675,625.0,0.0,0.0,1.0,0.0,213125.0,0.9999999999999997,False,False,False,False,False,False,622.4811837471295,"[[84.95535612148392,-36.47884712985348],[85.23828725070958,-36.47884712985348],[85.23828725070958,-36.25401703892235],[84.95535612148392,-36.25401703892235],[84.95535612148392,-36.47884712985348]]"
tile-x000-y021,342,,-36.14160199345678,85.09682168609675,625.0,0.0,0.0,1.0,0.0,213750.0,0.9999999999999997,False,False,False,False,False,False,624.0396543391453,"[[84.95535612148392,-36.25401703892235],[85.23828725070958,-36.25401703892235],[85.23828725070958,-36.029186947991214],[84.95535612148392,-36.029186947991214],[84.95535612148392,-36.25401703892235]]"
tile-x001-y000,343,,-40.8630339030106,85.3797528153224,625.0,0.0,0.0,1.0,0.0,214375.0,0.9999999999999997,False,False,False,False,False,False,762.2812068327105,"[[85.23828725070958,-40.97544894847617],[85.52121837993523,-40.97544894847617],[85.52121837993523,-40.750618857545035],[85.23828725070958,-40.750618857545035],[85.23828725070958,-40.97544894847617]]"
tile-x001-y001,344,,-40.63820381207947,85.3797528153224,625.0,0.0,0.0,1.0,0.0,215000.0,0.9999999999999997,False,False,False,False,False,False,747.0985461738195,"[[85.23828725070958,-40.750618857545035],[85.52121837993523,-40.750618857545035],[85.52121837993523,-40.5257887666139],[85.23828725070958,-40.5257887666139],[85.23828725070958,-40.750618857545035]]"
tile-x001-y002,345,,-40.41337372114833,85.3797528153224,625.0,0.0,0.0,1.0,0.0,215625.0,0.9999999999999997,False,False,False,False,False,False,732.346686199053,"[[85.23828725070958,-40.5257887666139],[85.52121837993523,-40.5257887666139],[85.52121837993523,-40.300958675682764],[85.23828725070958,-40.300958675682764],[85.23828725070958,-40.5257887666139]]"
tile-x001-y003,346,,-40.1885436302172,85.3797528153224,625.0,0.0,0.0,1.0,0.0,216250.0,0.9999999999999997,False,False,False,False,False,False,718.1597571109215,"[[85.23828725070958,-40.300958675682764],[85.52121837993523,-40.300958675682764],[85.52121837993523,-40.076128584751636],[85.23828725070958,-40.076128584751636],[85.23828725070958,-40.300958675682764]]"
tile-x001-y004,347,,-39.96371353928607,85.3797528153224,625.0,0.0,0.0,1.0,0.0,216875.0,0.9999999999999997,False,False,False,False,False,False,704.5718858137936,"[[85.23828725070958,-40.076128584751636],[85.52121837993523,-40.076128584751636],[85.52121837993523,-39.8512984938205],[85.23828725070958,-39.8512984938205],[85.23828725070958,-40.076128584751636]]"
tile-x001-y011,348,,-38.38990290276812,85.3797528153224,625.0,0.0,0.0,1.0,0.0,217500.0,0.9999999999999997,False,False,False,False,False,False,629.2819613129359,"[[85.23828725070958,-38.50231794823369],[85.52121837993523,-38.50231794823369],[85.52121837993523,-38.27748785730256],[85.23828725070958,-38.27748785730256],[85.23828725070958,-38.50231794823369]]"
tile-x001-y012,349,,-38.16507281183699,85.3797528153224,625.0,0.0,0.0,1.0,0.0,218125.0,0.9999999999999997,False,False,False,False,False,False,621.7994970392225,"[[85.23828725070958,-38.27748785730256],[85.52121837993523,-38.27748785730256],[85.52121837993523,-38.052657766371425],[85.23828725070958,-38.052657766371425],[85.23828725070958,-38.27748785730256]]"
tile-x001-y013,350,,-37.94024272090586,85.3797528153224,625.0,0.0,0.0,1.0,0.0,218750.0,0.9999999999999997,False,False,False,False,False,False,615.2396154852548,"[[85.23828725070958,-38.052657766371425],[85.52121837993523,-38.052657766371425],[85.52121837993523,-37.82782767544029],[85.23828725070958,-37.82782767544029],[85.23828725070958,-38.052657766371425]]"
tile-x001-y014,351,,-37.71541262997472,85.3797528153224,625.0,0.0,0.0,1.0,0.0,219375.0,0.9999999999999997,False,False,False,False,False,False,609.6320996791459,"[[85.23828725070958,-37.82782767544029],[85.52121837993523,-37.82782767544029],[85.52121837993523,-37.602997584509154],[85.23828725070958,-37.602997584509154],[85.23828725070958,-37.82782767544029]]"
tile-x001-y015,352,,-37.49058253904359,85.3797528153224,625.0,0.0,0.0,1.0,0.0,220000.0,0.9999999999999997,False,False,False,False,False,False,605.0034316069931,"[[85.23828725070958,-37.602997584509154],[85.52121837993523,-37.602997584509154],[85.52121837993523,-37.37816749357802],[85.23828725070958,-37.37816749357802],[85.23828725070958,-37.602997584509154]]"
tile-x001-y016,353,,-37.26575244811245,85.3797528153224,625.0,0.0,0.0,1.0,0.0,220625.0,0.9999999999999997,False,False,False,False,False,False,601.3762138265076,"[[85.23828725070958,-37.37816749357802],[85.52121837993523,-37.37816749357802],[85.52121837993523,-37.15333740264688],[85.23828725070958,-37.15333740264688],[85.23828725070958,-37.37816749357802]]"
tile-x001-y017,354,,-37.040922357181316,85.3797528153224,625.0,0.0,0.0,1.0,0.0,221250.0,0.9999999999999997,False,False,False,False,False,False,598.768646488116,"[[85.23828725070958,-37.15333740264688],[85.52121837993523,-37.15333740264688],[85.52121837993523,-36.92850731171575],[85.23828725070958,-36.92850731171575],[85.23828725070958,-37.15333740264688]]"
tile-x001-y018,355,,-36.81609226625018,85.3797528153224,625.0,0.0,0.0,1.0,0.0,221875.0,0.9999999999999997,False,False,False,False,False,False,597.1940863335841,"[[85.23828725070958,-36.92850731171575],[85.52121837993523,-36.92850731171575],[85.52121837993523,-36.70367722078461],[85.23828725070958,-36.70367722078461],[85.23828725070958,-36.92850731171575]]"
tile-x001-y019,356,,-36.591262175319045,85.3797528153224,625.0,0.0,0.0,1.0,0.0,222500.0,0.9999999999999997,False,False,False,False,False,False,596.6607116510953,"[[85.23828725070958,-36.70367722078461],[85.52121837993523,-36.70367722078461],[85.52121837993523,-36.47884712985348],[85.23828725070958,-36.47884712985348],[85.23828725070958,-36.70367722078461]]"
tile-x001-y020,357,,-36.36643208438792,85.3797528153224,625.0,0.0,0.0,1.0,0.0,223125.0,0.9999999999999997,False,False,False,False,False,False,597.1699919489818,"[[85.23828725070958,-36.47884712985348],[85.52121837993523,-36.47884712985348],[85.52121837993523,-36.25401703892235],[85.23828725070958,-36.25401703892235],[85.23828725070958,-36.47884712985348]]"
tile-x001-y021,358,,-36.14160199345678,85.3797528153224,625.0,0.0,0.0,1.0,0.0,223750.0,0.9999999999999997,False,False,False,False,False,False,598.7198516457828,"[[85.23828725070958,-36.25401703892235],[85.52121837993523,-36.25401703892235],[85.52121837993523,-36.029186947991214],[85.23828725070958,-36.029186947991214],[85.23828725070958,-36.25401703892235]]"
tile-x002-y000,359,,-40.8630339030106,85.66268394454806,625.0,0.0,0.0,1.0,0.0,224375.0,0.9999999999999997,False,False,False,False,False,False,743.4903137077247,"[[85.52121837993523,-40.97544894847617],[85.8041495091609,-40.97544894847617],[85.8041495091609,-40.750618857545035],[85.52121837993523,-40.750618857545035],[85.52121837993523,-40.97544894847617]]"
tile-x002-y001,360,,-40.63820381207947,85.66268394454806,625.0,0.0,0.0,1.0,0.0,225000.0,0.9999999999999997,False,False,False,False,False,False,728.1808805663846,"[[85.52121837993523,-40.750618857545035],[85.8041495091609,-40.750618857545035],[85.8041495091609,-40.5257887666139],[85.52121837993523,-40.5257887666139],[85.52121837993523,-40.750618857545035]]"
tile-x002-y002,361,,-40.41337372114833,85.66268394454806,625.0,0.0,0.0,1.0,0.0,225625.0,0.9999999999999997,False,False,False,False,False,False,712.9737480092053,"[[85.52121837993523,-40.5257887666139],[85.8041495091609,-40.5257887666139],[85.8041495091609,-40.300958675682764],[85.52121837993523,-40.300958675682764],[85.52121837993523,-40.5257887666139]]"
tile-x002-y003,362,,-40.1885436302172,85.66268394454806,625.0,0.0,0.0,1.0,0.0,226250.0,0.9999999999999997,False,False,False,False,False,False,698.328272722069,"[[85.52121837993523,-40.300958675682764],[85.8041495091609,-40.300958675682764],[85.8041495091609,-40.076128584751636],[85.52121837993523,-40.076128584751636],[85.52121837993523,-40.300958675682764]]"
tile-x002-y012,363,,-38.16507281183699,85.66268394454806,625.0,0.0,0.0,1.0,0.0,226875.0,0.9999999999999997,False,False,False,False,False,False,598.1125339143266,"[[85.52121837993523,-38.27748785730256],[85.8041495091609,-38.27748785730256],[85.8041495091609,-38.052657766371425],[85.52121837993523,-38.052657766371425],[85.52121837993523,-38.27748785730256]]"
tile-x002-y013,364,,-37.94024272090586,85.66268394454806,625.0,0.0,0.0,1.0,0.0,227500.0,0.9999999999999997,False,False,False,False,False,False,591.2155708715111,"[[85.52121837993523,-38.052657766371425],[85.8041495091609,-38.052657766371425],[85.8041495091609,-37.82782767544029],[85.52121837993523,-37.82782767544029],[85.52121837993523,-38.052657766371425]]"
tile-x002-y014,365,,-37.71541262997472,85.66268394454806,625.0,0.0,0.0,1.0,0.0,228125.0,0.9999999999999997,False,False,False,False,False,False,585.3031224233072,"[[85.52121837993523,-37.82782767544029],[85.8041495091609,-37.82782767544029],[85.8041495091609,-37.602997584509154],[85.52121837993523,-37.602997584509154],[85.52121837993523,-37.82782767544029]]"
tile-x002-y015,366,,-37.49058253904359,85.66268394454806,625.0,0.0,0.0,1.0,0.0,228750.0,0.9999999999999997,False,False,False,False,False,False,580.4052765853572,"[[85.52121837993523,-37.602997584509154],[85.8041495091609,-37.602997584509154],[85.8041495091609,-37.37816749357802],[85.52121837993523,-37.37816749357802],[85.52121837993523,-37.602997584509154]]"
tile-x002-y016,367,,-37.26575244811245,85.66268394454806,625.0,0.0,0.0,1.0,0.0,229375.0,0.9999999999999997,False,False,False,False,False,False,576.5478916262775,"[[85.52121837993523,-37.37816749357802],[85.8041495091609,-37.37816749357802],[85.8041495091609,-37.15333740264688],[85.52121837993523,-37.15333740264688],[85.52121837993523,-37.37816749357802]]"
tile-x002-y017,368,,-37.040922357181316,85.66268394454806,625.0,0.0,0.0,1.0,0.0,230000.0,0.9999999999999997,False,False,False,False,False,False,573.7519533890943,"[[85.52121837993523,-37.15333740264688],[85.8041495091609,-37.15333740264688],[85.8041495091609,-36.92850731171575],[85.52121837993523,-36.92850731171575],[85.52121837993523,-37.15333740264688]]"
tile-x002-y018,369,,-36.81609226625018,85.66268394454806,625.0,0.0,0.0,1.0,0.0,230625.0,0.9999999999999997,False,False,False,False,False,False,572.0330263470505,"[[85.52121837993523,-36.92850731171575],[85.8041495091609,-36.92850731171575],[85.8041495091609,-36.70367722078461],[85.52121837993523,-36.70367722078461],[85.52121837993523,-36.92850731171575]]"
tile-x002-y019,370,,-36.591262175319045,85.66268394454806,625.0,0.0,0.0,1.0,0.0,231250.0,0.9999999999999997,False,False,False,False,False,False,571.4008304559288,"[[85.52121837993523,-36.70367722078461],[85.8041495091609,-36.70367722078461],[85.8041495091609,-36.47884712985348],[85.52121837993523,-36.47884712985348],[85.52121837993523,-36.70367722078461]]"
tile-x002-y020,371,,-36.36643208438792,85.66268394454806,625.0,0.0,0.0,1.0,0.0,231875.0,0.9999999999999997,False,False,False,False,False,False,571.8575631081796,"[[85.52121837993523,-36.47884712985348],[85.8041495091609,-36.47884712985348],[85.8041495091609,-36.25401703892235],[85.52121837993523,-36.25401703892235],[85.52121837993523,-36.47884712985348]]"
tile-x002-y021,372,,-36.14160199345678,85.66268394454806,625.0,0.0,0.0,1.0,0.0,232500.0,0.9999999999999997,False,False,False,False,False,False,573.4012891702928,"[[85.52121837993523,-36.25401703892235],[85.8041495091609,-36.25401703892235],[85.8041495091609,-36.029186947991214],[85.52121837993523,-36.029186947991214],[85.52121837993523,-36.25401703892235]]"
tile-x003-y000,373,,-40.8630339030106,85.94561507377372,625.0,0.0,0.0,1.0,0.0,233125.0,0.9999999999999997,False,False,False,False,False,False,725.009654203238,"[[85.8041495091609,-40.97544894847617],[86.08708063838655,-40.97544894847617],[86.08708063838655,-40.750618857545035],[85.8041495091609,-40.750618857545035],[85.8041495091609,-40.97544894847617]]"
tile-x003-y001,374,,-40.63820381207947,85.94561507377372,625.0,0.0,0.0,1.0,0.0,233750.0,0.9999999999999997,False,False,False,False,False,False,709.2844927581694,"[[85.8041495091609,-40.750618857545035],[86.08708063838655,-40.750618857545035],[86.08708063838655,-40.5257887666139],[85.8041495091609,-40.5257887666139],[85.8041495091609,-40.750618857545035]]"
tile-x003-y002,375,,-40.41337372114833,85.94561507377372,625.0,0.0,0.0,1.0,0.0,234375.0,0.9999999999999997,False,False,False,False,False,False,693.9327181108843,"[[85.8041495091609,-40.5257887666139],[86.08708063838655,-40.5257887666139],[86.08708063838655,-40.300958675682764],[85.8041495091609,-40.300958675682764],[85.8041495091609,-40.5257887666139]]"
tile-x003-y013,376,,-37.94024272090586,85.94561507377372,625.0,0.0,0.0,1.0,0.0,235000.0,0.9999999999999997,False,False,False,False,False,False,567.2792417769951,"[[85.8041495091609,-38.052657766371425],[86.08708063838655,-38.052657766371425],[86.08708063838655,-37.82782767544029],[85.8041495091609,-37.82782767544029],[85.8041495091609,-38.052657766371425]]"
tile-x003-y014,377,,-37.71541262997472,85.94561507377372,625.0,0.0,0.0,1.0,0.0,235625.0,0.9999999999999997,False,False,False,False,False,False,561.0399392859824,"[[85.8041495091609,-37.82782767544029],[86.08708063838655,-37.82782767544029],[86.08708063838655,-37.602997584509154],[85.8041495091609,-37.602997584509154],[85.8041495091609,-37.82782767544029]]"
tile-x003-y015,378,,-37.49058253904359,85.94561507377372,625.0,0.0,0.0,1.0,0.0,236250.0,0.9999999999999997,False,False,False,False,False,False,555.8532406056734,"[[85.8041495091609,-37.602997584509154],[86.08708063838655,-37.602997584509154],[86.08708063838655,-37.37816749357802],[85.8041495091609,-37.37816749357802],[85.8041495091609,-37.602997584509154]]"
tile-x003-y016,379,,-37.26575244811245,85.94561507377372,625.0,0.0,0.0,1.0,0.0,236875.0,0.9999999999999997,False,False,False,False,False,False,551.7488316068374,"[[85.8041495091609,-37.37816749357802],[86.08708063838655,-37.37816749357802],[86.08708063838655,-37.15333740264688],[85.8041495091609,-37.15333740264688],[85.8041495091609,-37.37816749357802]]"
tile-x003-y017,380,,-37.040922357181316,85.94561507377372,625.0,0.0,0.0,1.0,0.0,237500.0,0.9999999999999997,False,False,False,False,False,False,548.7509980623148,"[[85.8041495091609,-37.15333740264688],[86.08708063838655,-37.15333740264688],[86.08708063838655,-36.92850731171575],[85.8041495091609,-36.92850731171575],[85.8041495091609,-37.15333740264688]]"
tile-x003-y018,381,,-36.81609226625018,85.94561507377372,625.0,0.0,0.0,1.0,0.0,238125.0,0.9999999999999997,False,False,False,False,False,False,546.8779381874068,"[[85.8041495091609,-36.92850731171575],[86.08708063838655,-36.92850731171575],[86.08708063838655,-36.70367722078461],[85.8041495091609,-36.70367722078461],[85.8041495091609,-36.92850731171575]]"
tile-x003-y019,382,,-36.591262175319045,85.94561507377372,625.0,0.0,0.0,1.0,0.0,238750.0,0.9999999999999997,False,False,False,False,False,False,546.1412248188776,"[[85.8041495091609,-36.70367722078461],[86.08708063838655,-36.70367722078461],[86.08708063838655,-36.47884712985348],[85.8041495091609,-36.47884712985348],[85.8041495091609,-36.70367722078461]]"
tile-x003-y020,383,,-36.36643208438792,85.94561507377372,625.0,0.0,0.0,1.0,0.0,239375.0,0.9999999999999997,False,False,False,False,False,False,546.5439586143734,"[[85.8041495091609,-36.47884712985348],[86.08708063838655,-36.47884712985348],[86.08708063838655,-36.25401703892235],[85.8041495091609,-36.25401703892235],[85.8041495091609,-36.47884712985348]]"
tile-x003-y021,384,,-36.14160199345678,85.94561507377372,625.0,0.0,0.0,1.0,0.0,240000.0,0.9999999999999997,False,False,False,False,False,False,548.0841790604253,"[[85.8041495091609,-36.25401703892235],[86.08708063838655,-36.25401703892235],[86.08708063838655,-36.029186947991214],[85.8041495091609,-36.029186947991214],[85.8041495091609,-36.25401703892235]]"
tile-x004-y000,385,,-40.8630339030106,86.22854620299938,625.0,0.0,0.0,1.0,0.0,240625.0,0.9999999999999997,False,False,False,False,False,False,706.8911338592329,"[[86.08708063838655,-40.97544894847617],[86.37001176761221,-40.97544894847617],[86.37001176761221,-40.750618857545035],[86.08708063838655,-40.750618857545035],[86.08708063838655,-40.97544894847617]]"
tile-x004-y001,386,,-40.63820381207947,86.22854620299938,625.0,0.0,0.0,1.0,0.0,241250.0,0.9999999999999997,False,False,False,False,False,False,690.7081662938808,"[[86.08708063838655,-40.750618857545035],[86.37001176761221,-40.750618857545035],[86.37001176761221,-40.5257887666139],[86.08708063838655,-40.5257887666139],[86.08708063838655,-40.750618857545035]]"
tile-x004-y002,387,,-40.41337372114833,86.22854620299938,625.0,0.0,0.0,1.0,0.0,241875.0,0.9999999999999997,False,False,False,False,False,False,675.0327972486797,"[[86.08708063838655,-40.5257887666139],[86.37001176761221,-40.5257887666139],[86.37001176761221,-40.300958675682764],[86.08708063838655,-40.300958675682764],[86.08708063838655,-40.5257887666139]]"
tile-x004-y014,388,,-37.71541262997472,86.22854620299938,625.0,0.0,0.0,1.0,0.0,242500.0,0.9999999999999997,False,False,False,False,False,False,536.8517014152825,"[[86.08708063838655,-37.82782767544029],[86.37001176761221,-37.82782767544029],[86.37001176761221,-37.602997584509154],[86.08708063838655,-37.602997584509154],[86.08708063838655,-37.82782767544029]]"
tile-x004-y015,389,,-37.49058253904359,86.22854620299938,625.0,0.0,0.0,1.0,0.0,243125.0,0.9999999999999997,False,False,False,False,False,False,531.3539488890859,"[[86.08708063838655,-37.602997584509154],[86.37001176761221,-37.602997584509154],[86.37001176761221,-37.37816749357802],[86.08708063838655,-37.37816749357802],[86.08708063838655,-37.602997584509154]]"
tile-x004-y016,390,,-37.26575244811245,86.22854620299938,625.0,0.0,0.0,1.0,0.0,243750.0,0.9999999999999997,False,False,False,False,False,False,526.9833984583942,"[[86.08708063838655,-37.37816749357802],[86.37001176761221,-37.37816749357802],[86.37001176761221,-37.15333740264688],[86.08708063838655,-37.15333740264688],[86.08708063838655,-37.37816749357802]]"
tile-x004-y017,391,,-37.040922357181316,86.22854620299938,625.0,0.0,0.0,1.0,0.0,244375.0,0.9999999999999997,False,False,False,False,False,False,523.7682685995425,"[[86.08708063838655,-37.15333740264688],[86.37001176761221,-37.15333740264688],[86.37001176761221,-36.92850731171575],[86.08708063838655,-36.92850731171575],[86.08708063838655,-37.15333740264688]]"
tile-x004-y018,392,,-36.81609226625018,86.22854620299938,625.0,0.0,0.0,1.0,0.0,245000.0,0.9999999999999997,False,False,False,False,False,False,521.729920472121,"[[86.08708063838655,-36.92850731171575],[86.37001176761221,-36.92850731171575],[86.37001176761221,-36.70367722078461],[86.08708063838655,-36.70367722078461],[86.08708063838655,-36.92850731171575]]"
tile-x004-y019,393,,-36.591262175319045,86.22854620299938,625.0,0.0,0.0,1.0,0.0,245625.0,0.9999999999999997,False,False,False,False,False,False,520.8821694793863,"[[86.08708063838655,-36.70367722078461],[86.37001176761221,-36.70367722078461],[86.37001176761221,-36.47884712985348],[86.08708063838655,-36.47884712985348],[86.08708063838655,-36.70367722078461]]"
tile-x004-y020,394,,-36.36643208438792,86.22854620299938,625.0,0.0,0.0,1.0,0.0,246250.0,0.9999999999999997,False,False,False,False,False,False,521.2292411095252,"[[86.08708063838655,-36.47884712985348],[86.37001176761221,-36.47884712985348],[86.37001176761221,-36.25401703892235],[86.08708063838655,-36.25401703892235],[86.08708063838655,-36.47884712985348]]"
tile-x004-y021,395,,-36.14160199345678,86.22854620299938,625.0,0.0,0.0,1.0,0.0,246875.0,0.9999999999999997,False,False,False,False,False,False,522.7691703551043,"[[86.08708063838655,-36.25401703892235],[86.37001176761221,-36.25401703892235],[86.37001176761221,-36.029186947991214],[86.08708063838655,-36.029186947991214],[86.08708063838655,-36.25401703892235]]"
tile-x005-y000,396,,-40.8630339030106,86.51147733222504,625.0,0.0,0.0,1.0,0.0,247500.0,0.9999999999999997,False,False,False,False,False,False,689.1681938600068,"[[86.37001176761221,-40.97544894847617],[86.65294289683787,-40.97544894847617],[86.65294289683787,-40.750618857545035],[86.37001176761221,-40.750618857545035],[86.37001176761221,-40.97544894847617]]"
tile-x005-y001,397,,-40.63820381207947,86.51147733222504,625.0,0.0,0.0,1.0,0.0,248125.0,0.9999999999999997,False,False,False,False,False,False,672.4983313035251,"[[86.37001176761221,-40.750618857545035],[86.65294289683787,-40.750618857545035],[86.65294289683787,-40.5257887666139],[86.37001176761221,-40.5257887666139],[86.37001176761221,-40.750618857545035]]"
tile-x005-y014,398,,-37.71541262997472,86.51147733222504,625.0,0.0,0.0,1.0,0.0,248750.0,0.9999999999999997,False,False,False,False,False,False,512.74924539977,"[[86.37001176761221,-37.82782767544029],[86.65294289683787,-37.82782767544029],[86.65294289683787,-37.602997584509154],[86.37001176761221,-37.602997584509154],[86.37001176761221,-37.82782767544029]]"
tile-x005-y015,399,,-37.49058253904359,86.51147733222504,625.0,0.0,0.0,1.0,0.0,249375.0,0.9999999999999997,False,False,False,False,False,False,506.9152811938424,"[[86.37001176761221,-37.602997584509154],[86.65294289683787,-37.602997584509154],[86.65294289683787,-37.37816749357802],[86.37001176761221,-37.37816749357802],[86.37001176761221,-37.602997584509154]]"
tile-x005-y016,400,,-37.26575244811245,86.51147733222504,625.0,0.0,0.0,1.0,0.0,250000.0,0.9999999999999997,False,False,False,False,False,False,502.2568003642685,"[[86.37001176761221,-37.37816749357802],[86.65294289683787,-37.37816749357802],[86.65294289683787,-37.15333740264688],[86.37001176761221,-37.15333740264688],[86.37001176761221,-37.37816749357802]]"
tile-x005-y017,401,,-37.040922357181316,86.51147733222504,625.0,0.0,0.0,1.0,0.0,250625.0,0.9999999999999997,False,False,False,False,False,False,498.8067385149389,"[[86.37001176761221,-37.15333740264688],[86.65294289683787,-37.15333740264688],[86.65294289683787,-36.92850731171575],[86.37001176761221,-36.92850731171575],[86.37001176761221,-37.15333740264688]]"
tile-x005-y018,402,,-36.81609226625018,86.51147733222504,625.0,0.0,0.0,1.0,0.0,251250.0,0.9999999999999997,False,False,False,False,False,False,496.59028284995054,"[[86.37001176761221,-36.92850731171575],[86.65294289683787,-36.92850731171575],[86.65294289683787,-36.70367722078461],[86.37001176761221,-36.70367722078461],[86.37001176761221,-36.92850731171575]]"
tile-x005-y019,403,,-36.591262175319045,86.51147733222504,625.0,0.0,0.0,1.0,0.0,251875.0,0.9999999999999997,False,False,False,False,False,False,495.62398394979465,"[[86.37001176761221,-36.70367722078461],[86.65294289683787,-36.70367722078461],[86.65294289683787,-36.47884712985348],[86.37001176761221,-36.47884712985348],[86.37001176761221,-36.70367722078461]]"
tile-x005-y020,404,,-36.36643208438792,86.51147733222504,625.0,0.0,0.0,1.0,0.0,252500.0,0.9999999999999997,False,False,False,False,False,False,495.9134748185253,"[[86.37001176761221,-36.47884712985348],[86.65294289683787,-36.47884712985348],[86.65294289683787,-36.25401703892235],[86.37001176761221,-36.25401703892235],[86.37001176761221,-36.47884712985348]]"
tile-x005-y021,405,,-36.14160199345678,86.51147733222504,625.0,0.0,0.0,1.0,0.0,253125.0,0.9999999999999997,False,False,False,False,False,False,497.4568203691083,"[[86.37001176761221,-36.25401703892235],[86.65294289683787,-36.25401703892235],[86.65294289683787,-36.029186947991214],[86.37001176761221,-36.029186947991214],[86.37001176761221,-36.25401703892235]]"
tile-x006-y000,406,,-40.8630339030106,86.7944084614507,625.0,0.0,0.0,1.0,0.0,253750.0,0.9999999999999997,False,False,False,False,False,False,671.8723156210009,"[[86.65294289683787,-40.97544894847617],[86.93587402606353,-40.97544894847617],[86.93587402606353,-40.750618857545035],[86.65294289683787,-40.750618857545035],[86.65294289683787,-40.97544894847617]]"
tile-x006-y001,407,,-40.63820381207947,86.7944084614507,625.0,0.0,0.0,1.0,0.0,254375.0,0.9999999999999997,False,False,False,False,False,False,654.7030556531774,"[[86.65294289683787,-40.750618857545035],[86.93587402606353,-40.750618857545035],[86.93587402606353,-40.5257887666139],[86.65294289683787,-40.5257887666139],[86.65294289683787,-40.750618857545035]]"
tile-x006-y015,408,,-37.49058253904359,86.7944084614507,625.0,0.0,0.0,1.0,0.0,255000.0,0.9999999999999997,False,False,False,False,False,False,482.5466809353688,"[[86.65294289683787,-37.602997584509154],[86.93587402606353,-37.602997584509154],[86.93587402606353,-37.37816749357802],[86.65294289683787,-37.37816749357802],[86.65294289683787,-37.602997584509154]]"
tile-x006-y016,409,,-37.26575244811245,86.7944084614507,625.0,0.0,0.0,1.0,0.0,255625.0,0.9999999999999997,False,False,False,False,False,False,477.57530371660965,"[[86.65294289683787,-37.37816749357802],[86.93587402606353,-37.37816749357802],[86.93587402606353,-37.15333740264688],[86.65294289683787,-37.15333740264688],[86.65294289683787,-37.37816749357802]]"
tile-x006-y017,410,,-37.040922357181316,86.7944084614507,625.0,0.0,0.0,1.0,0.0,256250.0,0.9999999999999997,False,False,False,False,False,False,473.8699934612638,"[[86.65294289683787,-37.15333740264688],[86.93587402606353,-37.15333740264688],[86.93587402606353,-36.92850731171575],[86.65294289683787,-36.92850731171575],[86.65294289683787,-37.15333740264688]]"
tile-x006-y018,411,,-36.81609226625018,86.7944084614507,625.0,0.0,0.0,1.0,0.0,256875.0,0.9999999999999997,False,False,False,False,False,False,471.4606020757045,"[[86.65294289683787,-36.92850731171575],[86.93587402606353,-36.92850731171575],[86.93587402606353,-36.70367722078461],[86.65294289683787,-36.70367722078461],[86.65294289683787,-36.92850731171575]]"
tile-x006-y019,412,,-36.591262175319045,86.7944084614507,625.0,0.0,0.0,1.0,0.0,257500.0,0.9999999999999997,False,False,False,False,False,False,470.36704454164175,"[[86.65294289683787,-36.70367722078461],[86.93587402606353,-36.70367722078461],[86.93587402606353,-36.47884712985348],[86.65294289683787,-36.47884712985348],[86.65294289683787,-36.70367722078461]]"
tile-x006-y020,413,,-36.36643208438792,86.7944084614507,625.0,0.0,0.0,1.0,0.0,258125.0,0.9999999999999997,False,False,False,False,False,False,470.59672598602674,"[[86.65294289683787,-36.47884712985348],[86.93587402606353,-36.47884712985348],[86.93587402606353,-36.25401703892235],[86.65294289683787,-36.25401703892235],[86.65294289683787,-36.47884712985348]]"
tile-x006-y021,414,,-36.14160199345678,86.7944084614507,625.0,0.0,0.0,1.0,0.0,258750.0,0.9999999999999997,False,False,False,False,False,False,472.14779087054393,"[[86.65294289683787,-36.25401703892235],[86.93587402606353,-36.25401703892235],[86.93587402606353,-36.029186947991214],[86.65294289683787,-36.029186947991214],[86.65294289683787,-36.25401703892235]]"
tile-x007-y000,415,,-40.8630339030106,87.07733959067636,625.0,0.0,0.0,1.0,0.0,259375.0,0.9999999999999997,False,False,False,False,False,False,655.0375009677441,"[[86.93587402606353,-40.97544894847617],[87.21880515528919,-40.97544894847617],[87.21880515528919,-40.750618857545035],[86.93587402606353,-40.750618857545035],[86.93587402606353,-40.97544894847617]]"
tile-x007-y001,416,,-40.63820381207947,87.07733959067636,625.0,0.0,0.0,1.0,0.0,260000.0,0.9999999999999997,False,False,False,False,False,False,637.3572407602192,"[[86.93587402606353,-40.750618857545035],[87.21880515528919,-40.750618857545035],[87.21880515528919,-40.5257887666139],[86.93587402606353,-40.5257887666139],[86.93587402606353,-40.750618857545035]]"
tile-x007-y016,417,,-37.26575244811245,87.07733959067636,625.0,0.0,0.0,1.0,0.0,260625.0,0.9999999999999997,False,False,False,False,False,False,452.94651608749854,"[[86.93587402606353,-37.37816749357802],[87.21880515528919,-37.37816749357802],[87.21880515528919,-37.15333740264688],[86.93587402606353,-37.15333740264688],[86.93587402606353,-37.37816749357802]]"
tile-x007-y017,418,,-37.040922357181316,87.07733959067636,625.0,0.0,0.0,1.0,0.0,261250.0,0.9999999999999997,False,False,False,False,False,False,448.96239954792134,"[[86.93587402606353,-37.15333740264688],[87.21880515528919,-37.15333740264688],[87.21880515528919,-36.92850731171575],[86.93587402606353,-36.92850731171575],[86.93587402606353,-37.15333740264688]]"
tile-x007-y018,419,,-36.81609226625018,87.07733959067636,625.0,0.0,0.0,1.0,0.0,261875.0,0.9999999999999997,False,False,False,False,False,False,446.34279691313105,"[[86.93587402606353,-36.92850731171575],[87.21880515528919,-36.92850731171575],[87.21880515528919,-36.70367722078461],[86.93587402606353,-36.70367722078461],[86.93587402606353,-36.92850731171575]]"
tile-x007-y019,420,,-36.591262175319045,87.07733959067636,625.0,0.0,0.0,1.0,0.0,262500.0,0.9999999999999997,False,False,False,False,False,False,445.1118004816881,"[[86.93587402606353,-36.70367722078461],[87.21880515528919,-36.70367722078461],[87.21880515528919,-36.47884712985348],[86.93587402606353,-36.47884712985348],[86.93587402606353,-36.70367722078461]]"
tile-x007-y020,421,,-36.36643208438792,87.07733959067636,625.0,0.0,0.0,1.0,0.0,263125.0,0.9999999999999997,False,False,False,False,False,False,445.27906346178196,"[[86.93587402606353,-36.47884712985348],[87.21880515528919,-36.47884712985348],[87.21880515528919,-36.25401703892235],[86.93587402606353,-36.25401703892235],[86.93587402606353,-36.47884712985348]]"
tile-x007-y021,422,,-36.14160199345678,87.07733959067636,625.0,0.0,0.0,1.0,0.0,263750.0,0.9999999999999997,False,False,False,False,False,False,446.8428811115368,"[[86.93587402606353,-36.25401703892235],[87.21880515528919,-36.25401703892235],[87.21880515528919,-36.029186947991214],[86.93587402606353,-36.029186947991214],[86.93587402606353,-36.25401703892235]]"
tile-x008-y000,423,,-40.8630339030106,87.36027071990202,625.0,0.0,0.0,1.0,0.0,264375.0,0.9999999999999997,False,False,False,False,False,False,638.7003763311369,"[[87.21880515528919,-40.97544894847617],[87.50173628451485,-40.97544894847617],[87.50173628451485,-40.750618857545035],[87.21880515528919,-40.750618857545035],[87.21880515528919,-40.97544894847617]]"
tile-x008-y001,424,,-40.63820381207947,87.36027071990202,625.0,0.0,0.0,1.0,0.0,265000.0,0.9999999999999997,False,False,False,False,False,False,620.4987532623081,"[[87.21880515528919,-40.750618857545035],[87.50173628451485,-40.750618857545035],[87.50173628451485,-40.5257887666139],[87.21880515528919,-40.5257887666139],[87.21880515528919,-40.750618857545035]]"
tile-x008-y017,425,,-37.040922357181316,87.36027071990202,625.0,0.0,0.0,1.0,0.0,265625.0,0.9999999999999997,False,False,False,False,False,False,424.0893299909333,"[[87.21880515528919,-37.15333740264688],[87.50173628451485,-37.15333740264688],[87.50173628451485,-36.92850731171575],[87.21880515528919,-36.92850731171575],[87.21880515528919,-37.15333740264688]]"
tile-x008-y018,426,,-36.81609226625018,87.36027071990202,625.0,0.0,0.0,1.0,0.0,266250.0,0.9999999999999997,False,False,False,False,False,False,421.23922965494097,"[[87.21880515528919,-36.92850731171575],[87.50173628451485,-36.92850731171575],[87.50173628451485,-36.70367722078461],[87.21880515528919,-36.70367722078461],[87.21880515528919,-36.92850731171575]]"
tile-x008-y019,427,,-36.591262175319045,87.36027071990202,625.0,0.0,0.0,1.0,0.0,266875.0,0.9999999999999997,False,False,False,False,False,False,419.85879583687614,"[[87.21880515528919,-36.70367722078461],[87.50173628451485,-36.70367722078461],[87.50173628451485,-36.47884712985348],[87.21880515528919,-36.47884712985348],[87.21880515528919,-36.70367722078461]]"
tile-x008-y020,428,,-36.36643208438792,87.36027071990202,625.0,0.0,0.0,1.0,0.0,267500.0,0.9999999999999997,False,False,False,False,False,False,419.9605594971586,"[[87.21880515528919,-36.47884712985348],[87.50173628451485,-36.47884712985348],[87.50173628451485,-36.25401703892235],[87.21880515528919,-36.25401703892235],[87.21880515528919,-36.47884712985348]]"
tile-x008-y021,429,,-36.14160199345678,87.36027071990202,625.0,0.0,0.0,1.0,0.0,268125.0,0.9999999999999997,False,False,False,False,False,False,421.543069038146,"[[87.21880515528919,-36.25401703892235],[87.50173628451485,-36.25401703892235],[87.50173628451485,-36.029186947991214],[87.21880515528919,-36.029186947991214],[87.21880515528919,-36.25401703892235]]"
tile-x009-y000,430,,-40.8630339030106,87.64320184912768,625.0,0.0,0.0,1.0,0.0,268750.0,0.9999999999999997,False,False,False,False,False,False,622.9002647785701,"[[87.50173628451485,-40.97544894847617],[87.7846674137405,-40.97544894847617],[87.7846674137405,-40.750618857545035],[87.50173628451485,-40.750618857545035],[87.50173628451485,-40.97544894847617]]"
tile-x009-y001,431,,-40.63820381207947,87.64320184912768,625.0,0.0,0.0,1.0,0.0,269375.0,0.9999999999999997,False,False,False,False,False,False,604.1685561861874,"[[87.50173628451485,-40.750618857545035],[87.7846674137405,-40.750618857545035],[87.7846674137405,-40.5257887666139],[87.50173628451485,-40.5257887666139],[87.50173628451485,-40.750618857545035]]"
tile-x009-y018,432,,-36.81609226625018,87.64320184912768,625.0,0.0,0.0,1.0,0.0,270000.0,0.9999999999999997,False,False,False,False,False,False,396.15284594903744,"[[87.50173628451485,-36.92850731171575],[87.7846674137405,-36.92850731171575],[87.7846674137405,-36.70367722078461],[87.50173628451485,-36.70367722078461],[87.50173628451485,-36.92850731171575]]"
tile-x009-y019,433,,-36.591262175319045,87.64320184912768,625.0,0.0,0.0,1.0,0.0,270625.0,0.9999999999999997,False,False,False,False,False,False,394.6086998455522,"[[87.50173628451485,-36.70367722078461],[87.7846674137405,-36.70367722078461],[87.7846674137405,-36.47884712985348],[87.50173628451485,-36.47884712985348],[87.50173628451485,-36.70367722078461]]"
tile-x009-y020,434,,-36.36643208438792,87.64320184912768,625.0,0.0,0.0,1.0,0.0,271250.0,0.9999999999999997,False,False,False,False,False,False,394.64129084769235,"[[87.50173628451485,-36.47884712985348],[87.7846674137405,-36.47884712985348],[87.7846674137405,-36.25401703892235],[87.50173628451485,-36.25401703892235],[87.50173628451485,-36.47884712985348]]"
tile-x009-y021,435,,-36.14160199345678,87.64320184912768,625.0,0.0,0.0,1.0,0.0,271875.0,0.9999999999999997,False,False,False,False,False,False,396.24956824212353,"[[87.50173628451485,-36.25401703892235],[87.7846674137405,-36.25401703892235],[87.7846674137405,-36.029186947991214],[87.50173628451485,-36.029186947991214],[87.50173628451485,-36.25401703892235]]"
tile-x010-y000,436,,-40.8630339030106,87.92613297835332,625.0,0.0,0.0,1.0,0.0,272500.0,0.9999999999999997,False,False,False,False,False,False,607.6792128558332,"[[87.7846674137405,-40.97544894847617],[88.06759854296615,-40.97544894847617],[88.06759854296615,-40.750618857545035],[87.7846674137405,-40.750618857545035],[87.7846674137405,-40.97544894847617]]"
tile-x010-y001,437,,-40.63820381207947,87.92613297835332,625.0,0.0,0.0,1.0,0.0,273125.0,0.9999999999999997,False,False,False,False,False,False,588.4107979291421,"[[87.7846674137405,-40.750618857545035],[88.06759854296615,-40.750618857545035],[88.06759854296615,-40.5257887666139],[87.7846674137405,-40.5257887666139],[87.7846674137405,-40.750618857545035]]"
tile-x010-y019,438,,-36.591262175319045,87.92613297835332,625.0,0.0,0.0,1.0,0.0,273750.0,0.9999999999999997,False,False,False,False,False,False,369.36234966892084,"[[87.7846674137405,-36.70367722078461],[88.06759854296615,-36.70367722078461],[88.06759854296615,-36.47884712985348],[87.7846674137405,-36.47884712985348],[87.7846674137405,-36.70367722078461]]"
tile-x010-y020,439,,-36.36643208438792,87.92613297835332,625.0,0.0,0.0,1.0,0.0,274375.0,0.9999999999999997,False,False,False,False,False,False,369.3213403285586,"[[87.7846674137405,-36.47884712985348],[88.06759854296615,-36.47884712985348],[88.06759854296615,-36.25401703892235],[87.7846674137405,-36.25401703892235],[87.7846674137405,-36.47884712985348]]"
tile-x010-y021,440,,-36.14160199345678,87.92613297835332,625.0,0.0,0.0,1.0,0.0,275000.0,0.9999999999999997,False,False,False,False,False,False,370.963908135755,"[[87.7846674137405,-36.25401703892235],[88.06759854296615,-36.25401703892235],[88.06759854296615,-36.029186947991214],[87.7846674137405,-36.029186947991214],[87.7846674137405,-36.25401703892235]]"
tile-x011-y000,441,,-40.8630339030106,88.20906410757898,625.0,0.0,0.0,1.0,0.0,275625.0,0.9999999999999997,False,False,False,False,False,False,593.0819567841453,"[[88.06759854296615,-40.97544894847617],[88.35052967219181,-40.97544894847617],[88.35052967219181,-40.750618857545035],[88.06759854296615,-40.750618857545035],[88.06759854296615,-40.97544894847617]]"
tile-x011-y001,442,,-40.63820381207947,88.20906410757898,625.0,0.0,0.0,1.0,0.0,276250.0,0.9999999999999997,False,False,False,False,False,False,573.272840887051,"[[88.06759854296615,-40.750618857545035],[88.35052967219181,-40.750618857545035],[88.35052967219181,-40.5257887666139],[88.06759854296615,-40.5257887666139],[88.06759854296615,-40.750618857545035]]"
tile-x011-y002,443,,-40.41337372114833,88.20906410757898,625.0,0.0,0.0,1.0,0.0,276875.0,0.9999999999999997,False,False,False,False,False,False,553.8826531609241,"[[88.06759854296615,-40.5257887666139],[88.35052967219181,-40.5257887666139],[88.35052967219181,-40.300958675682764],[88.06759854296615,-40.300958675682764],[88.06759854296615,-40.5257887666139]]"
tile-x011-y019,444,,-36.591262175319045,88.20906410757898,625.0,0.0,0.0,1.0,0.0,277500.0,0.9999999999999997,False,False,False,False,False,False,344.1208119253091,"[[88.06759854296615,-36.70367722078461],[88.35052967219181,-36.70367722078461],[88.35052967219181,-36.47884712985348],[88.06759854296615,-36.47884712985348],[88.06759854296615,-36.70367722078461]]"
tile-x011-y020,445,,-36.36643208438792,88.20906410757898,625.0,0.0,0.0,1.0,0.0,278125.0,0.9999999999999997,False,False,False,False,False,False,344.0007990563329,"[[88.06759854296615,-36.47884712985348],[88.35052967219181,-36.47884712985348],[88.35052967219181,-36.25401703892235],[88.06759854296615,-36.25401703892235],[88.06759854296615,-36.47884712985348]]"
tile-x011-y021,446,,-36.14160199345678,88.20906410757898,625.0,0.0,0.0,1.0,0.0,278750.0,0.9999999999999997,False,False,False,False,False,False,345.6880491824986,"[[88.06759854296615,-36.25401703892235],[88.35052967219181,-36.25401703892235],[88.35052967219181,-36.029186947991214],[88.06759854296615,-36.029186947991214],[88.06759854296615,-36.25401703892235]]"
tile-x012-y000,447,,-40.8630339030106,88.49199523680464,625.0,0.0,0.0,1.0,0.0,279375.0,0.9999999999999997,False,False,False,False,False,False,579.155810303658,"[[88.35052967219181,-40.97544894847617],[88.63346080141747,-40.97544894847617],[88.63346080141747,-40.750618857545035],[88.35052967219181,-40.750618857545035],[88.35052967219181,-40.97544894847617]]"
tile-x012-y001,448,,-40.63820381207947,88.49199523680464,625.0,0.0,0.0,1.0,0.0,280000.0,0.9999999999999997,False,False,False,False,False,False,558.8052080053077,"[[88.35052967219181,-40.750618857545035],[88.63346080141747,-40.750618857545035],[88.63346080141747,-40.5257887666139],[88.35052967219181,-40.5257887666139],[88.35052967219181,-40.750618857545035]]"
tile-x012-y002,449,,-40.41337372114833,88.49199523680464,625.0,0.0,0.0,1.0,0.0,280625.0,0.9999999999999997,False,False,False,False,False,False,538.845012308454,"[[88.35052967219181,-40.5257887666139],[88.63346080141747,-40.5257887666139],[88.63346080141747,-40.300958675682764],[88.35052967219181,-40.300958675682764],[88.35052967219181,-40.5257887666139]]"
tile-x012-y020,450,,-36.36643208438792,88.49199523680464,625.0,0.0,0.0,1.0,0.0,281250.0,0.9999999999999997,False,False,False,False,False,False,318.67976975878287,"[[88.35052967219181,-36.47884712985348],[88.63346080141747,-36.47884712985348],[88.63346080141747,-36.25401703892235],[88.35052967219181,-36.25401703892235],[88.35052967219181,-36.47884712985348]]"
tile-x012-y021,451,,-36.14160199345678,88.49199523680464,625.0,0.0,0.0,1.0,0.0,281875.0,0.9999999999999997,False,False,False,False,False,False,320.42455243195116,"[[88.35052967219181,-36.25401703892235],[88.63346080141747,-36.25401703892235],[88.63346080141747,-36.029186947991214],[88.35052967219181,-36.029186947991214],[88.35052967219181,-36.25401703892235]]"
tile-x013-y000,452,,-40.8630339030106,88.7749263660303,625.0,0.0,0.0,1.0,0.0,282500.0,0.9999999999999997,False,False,False,False,False,False,565.9504547303638,"[[88.63346080141747,-40.97544894847617],[88.91639193064313,-40.97544894847617],[88.91639193064313,-40.750618857545035],[88.63346080141747,-40.750618857545035],[88.63346080141747,-40.97544894847617]]"
tile-x013-y001,453,,-40.63820381207947,88.7749263660303,625.0,0.0,0.0,1.0,0.0,283125.0,0.9999999999999997,False,False,False,False,False,False,545.0614222853401,"[[88.63346080141747,-40.750618857545035],[88.91639193064313,-40.750618857545035],[88.91639193064313,-40.5257887666139],[88.63346080141747,-40.5257887666139],[88.63346080141747,-40.750618857545035]]"
tile-x013-y002,454,,-40.41337372114833,88.7749263660303,625.0,0.0,0.0,1.0,0.0,283750.0,0.9999999999999997,False,False,False,False,False,False,524.5312525297984,"[[88.63346080141747,-40.5257887666139],[88.91639193064313,-40.5257887666139],[88.91639193064313,-40.300958675682764],[88.63346080141747,-40.300958675682764],[88.63346080141747,-40.5257887666139]]"
tile-x013-y003,455,,-40.1885436302172,88.7749263660303,625.0,0.0,0.0,1.0,0.0,284375.0,0.9999999999999997,False,False,False,False,False,False,504.4037667055656,"[[88.63346080141747,-40.300958675682764],[88.91639193064313,-40.300958675682764],[88.91639193064313,-40.076128584751636],[88.63346080141747,-40.076128584751636],[88.63346080141747,-40.300958675682764]]"
tile-x013-y021,456,,-36.14160199345678,88.7749263660303,625.0,0.0,0.0,1.0,0.0,285000.0,0.9999999999999997,False,False,False,False,False,False,295.1768356822499,"[[88.63346080141747,-36.25401703892235],[88.91639193064313,-36.25401703892235],[88.91639193064313,-36.029186947991214],[88.63346080141747,-36.029186947991214],[88.63346080141747,-36.25401703892235]]"
tile-x014-y000,457,,-40.8630339030106,89.05785749525596,625.0,0.0,0.0,1.0,0.0,285625.0,0.9999999999999997,False,False,False,False,False,False,553.5176110775635,"[[88.91639193064313,-40.97544894847617],[89.19932305986879,-40.97544894847617],[89.19932305986879,-40.750618857545035],[88.91639193064313,-40.750618857545035],[88.91639193064313,-40.97544894847617]]"
tile-x014-y001,458,,-40.63820381207947,89.05785749525596,625.0,0.0,0.0,1.0,0.0,286250.0,0.9999999999999997,False,False,False,False,False,False,532.0977119464715,"[[88.91639193064313,-40.750618857545035],[89.19932305986879,-40.750618857545035],[89.19932305986879,-40.5257887666139],[88.91639193064313,-40.5257887666139],[88.91639193064313,-40.750618857545035]]"
tile-x014-y002,459,,-40.41337372114833,89.05785749525596,625.0,0.0,0.0,1.0,0.0,286875.0,0.9999999999999997,False,False,False,False,False,False,511.002348560465,"[[88.91639193064313,-40.5257887666139],[89.19932305986879,-40.5257887666139],[89.19932305986879,-40.300958675682764],[88.91639193064313,-40.300958675682764],[88.91639193064313,-40.5257887666139]]"
tile-x014-y003,460,,-40.1885436302172,89.05785749525596,625.0,0.0,0.0,1.0,0.0,287500.0,0.9999999999999997,False,False,False,False,False,False,490.27341501898184,"[[88.91639193064313,-40.300958675682764],[89.19932305986879,-40.300958675682764],[89.19932305986879,-40.076128584751636],[88.91639193064313,-40.076128584751636],[88.91639193064313,-40.300958675682764]]"
tile-x014-y021,461,,-36.14160199345678,89.05785749525596,625.0,0.0,0.0,1.0,0.0,288125.0,0.9999999999999997,False,False,False,False,False,False,269.94957255328575,"[[88.91639193064313,-36.25401703892235],[89.19932305986879,-36.25401703892235],[89.19932305986879,-36.029186947991214],[88.91639193064313,-36.029186947991214],[88.91639193064313,-36.25401703892235]]"
tile-x015-y000,462,,-40.8630339030106,89.34078862448162,625.0,0.0,0.0,1.0,0.0,288750.0,0.9999999999999997,False,False,False,False,False,False,541.9105749867413,"[[89.19932305986879,-40.97544894847617],[89.48225418909445,-40.97544894847617],[89.48225418909445,-40.750618857545035],[89.19932305986879,-40.750618857545035],[89.19932305986879,-40.97544894847617]]"
tile-x015-y001,463,,-40.63820381207947,89.34078862448162,625.0,0.0,0.0,1.0,0.0,289375.0,0.9999999999999997,False,False,False,False,False,False,519.972553338977,"[[89.19932305986879,-40.750618857545035],[89.48225418909445,-40.750618857545035],[89.48225418909445,-40.5257887666139],[89.19932305986879,-40.5257887666139],[89.19932305986879,-40.750618857545035]]"
tile-x015-y002,464,,-40.41337372114833,89.34078862448162,625.0,0.0,0.0,1.0,0.0,290000.0,0.9999999999999997,False,False,False,False,False,False,498.32236138674097,"[[89.19932305986879,-40.5257887666139],[89.48225418909445,-40.5257887666139],[89.48225418909445,-40.300958675682764],[89.19932305986879,-40.300958675682764],[89.19932305986879,-40.5257887666139]]"
tile-x015-y003,465,,-40.1885436302172,89.34078862448162,625.0,0.0,0.0,1.0,0.0,290625.0,0.9999999999999997,False,False,False,False,False,False,476.9991932107082,"[[89.19932305986879,-40.300958675682764],[89.48225418909445,-40.300958675682764],[89.48225418909445,-40.076128584751636],[89.19932305986879,-40.076128584751636],[89.19932305986879,-40.300958675682764]]"
tile-x015-y004,466,,-39.96371353928607,89.34078862448162,625.0,0.0,0.0,1.0,0.0,291250.0,0.9999999999999997,False,False,False,False,False,False,456.0489225500428,"[[89.19932305986879,-40.076128584751636],[89.48225418909445,-40.076128584751636],[89.48225418909445,-39.8512984938205],[89.19932305986879,-39.8512984938205],[89.19932305986879,-40.076128584751636]]"
tile-x015-y021,467,,-36.14160199345678,89.34078862448162,625.0,0.0,0.0,1.0,0.0,291875.0,0.9999999999999997,False,False,False,False,False,False,244.74933665556458,"[[89.19932305986879,-36.25401703892235],[89.48225418909445,-36.25401703892235],[89.48225418909445,-36.029186947991214],[89.19932305986879,-36.029186947991214],[89.19932305986879,-36.25401703892235]]"
tile-x016-y000,468,,-40.8630339030106,89.62371975370728,625.0,0.0,0.0,1.0,0.0,292500.0,0.9999999999999997,False,False,False,False,False,False,531.1817292251611,"[[89.48225418909445,-40.97544894847617],[89.7651853183201,-40.97544894847617],[89.7651853183201,-40.750618857545035],[89.48225418909445,-40.750618857545035],[89.48225418909445,-40.97544894847617]]"
tile-x016-y001,469,,-40.63820381207947,89.62371975370728,625.0,0.0,0.0,1.0,0.0,293125.0,0.9999999999999997,False,False,False,False,False,False,508.7460258457613,"[[89.48225418909445,-40.750618857545035],[89.7651853183201,-40.750618857545035],[89.7651853183201,-40.5257887666139],[89.48225418909445,-40.5257887666139],[89.48225418909445,-40.750618857545035]]"
tile-x016-y002,470,,-40.41337372114833,89.62371975370728,625.0,0.0,0.0,1.0,0.0,293750.0,0.9999999999999997,False,False,False,False,False,False,486.55778976474033,"[[89.48225418909445,-40.5257887666139],[89.7651853183201,-40.5257887666139],[89.7651853183201,-40.300958675682764],[89.48225418909445,-40.300958675682764],[89.48225418909445,-40.5257887666139]]"
tile-x016-y003,471,,-40.1885436302172,89.62371975370728,625.0,0.0,0.0,1.0,0.0,294375.0,0.9999999999999997,False,False,False,False,False,False,464.6546106739094,"[[89.48225418909445,-40.300958675682764],[89.7651853183201,-40.300958675682764],[89.7651853183201,-40.076128584751636],[89.48225418909445,-40.076128584751636],[89.48225418909445,-40.300958675682764]]"
tile-x016-y004,472,,-39.96371353928607,89.62371975370728,625.0,0.0,0.0,1.0,0.0,295000.0,0.9999999999999997,False,False,False,False,False,False,443.0787652821871,"[[89.48225418909445,-40.076128584751636],[89.7651853183201,-40.076128584751636],[89.7651853183201,-39.8512984938205],[89.48225418909445,-39.8512984938205],[89.48225418909445,-40.076128584751636]]"
tile-x017-y000,473,,-40.8630339030106,89.90665088293294,625.0,0.0,0.0,1.0,0.0,295625.0,0.9999999999999997,False,False,False,False,False,False,521.3844473059801,"[[89.7651853183201,-40.97544894847617],[90.04811644754577,-40.97544894847617],[90.04811644754577,-40.750618857545035],[89.7651853183201,-40.750618857545035],[89.7651853183201,-40.97544894847617]]"
tile-x017-y001,474,,-40.63820381207947,89.90665088293294,625.0,0.0,0.0,1.0,0.0,296250.0,0.9999999999999997,False,False,False,False,False,False,498.47457923991084,"[[89.7651853183201,-40.750618857545035],[90.04811644754577,-40.750618857545035],[90.04811644754577,-40.5257887666139],[89.7651853183201,-40.5257887666139],[89.7651853183201,-40.750618857545035]]"
tile-x017-y002,475,,-40.41337372114833,89.90665088293294,625.0,0.0,0.0,1.0,0.0,296875.0,0.9999999999999997,False,False,False,False,False,False,475.7747816495998,"[[89.7651853183201,-40.5257887666139],[90.04811644754577,-40.5257887666139],[90.04811644754577,-40.300958675682764],[89.7651853183201,-40.300958675682764],[89.7651853183201,-40.5257887666139]]"
tile-x017-y003,476,,-40.1885436302172,89.90665088293294,625.0,0.0,0.0,1.0,0.0,297500.0,0.9999999999999997,False,False,False,False,False,False,453.3157415294067,"[[89.7651853183201,-40.300958675682764],[90.04811644754577,-40.300958675682764],[90.04811644754577,-40.076128584751636],[89.7651853183201,-40.076128584751636],[89.7651853183201,-40.300958675682764]]"
tile-x017-y004,477,,-39.96371353928607,89.90665088293294,625.0,0.0,0.0,1.0,0.0,298125.0,0.9999999999999997,False,False,False,False,False,False,431.1339299409011,"[[89.7651853183201,-40.076128584751636],[90.04811644754577,-40.076128584751636],[90.04811644754577,-39.8512984938205],[89.7651853183201,-39.8512984938205],[89.7651853183201,-40.076128584751636]]"
tile-x017-y005,478,,-39.73888344835493,89.90665088293294,625.0,0.0,0.0,1.0,0.0,298750.0,0.9999999999999997,False,False,False,False,False,False,409.2766090606872,"[[89.7651853183201,-39.8512984938205],[90.04811644754577,-39.8512984938205],[90.04811644754577,-39.626468402889365],[89.7651853183201,-39.626468402889365],[89.7651853183201,-39.8512984938205]]"
tile-x018-y000,479,,-40.8630339030106,90.1895820121586,625.0,0.0,0.0,1.0,0.0,299375.0,0.9999999999999997,False,False,False,False,False,False,512.5751395174005,"[[90.04811644754577,-40.97544894847617],[90.33104757677143,-40.97544894847617],[90.33104757677143,-40.750618857545035],[90.04811644754577,-40.750618857545035],[90.04811644754577,-40.97544894847617]]"
tile-x018-y001,480,,-40.63820381207947,90.1895820121586,625.0,0.0,0.0,1.0,0.0,300000.0,0.9999999999999997,False,False,False,False,False,False,489.2223069197253,"[[90.04811644754577,-40.750618857545035],[90.33104757677143,-40.750618857545035],[90.33104757677143,-40.5257887666139],[90.04811644754577,-40.5257887666139],[90.04811644754577,-40.750618857545035]]"
tile-x018-y002,481,,-40.41337372114833,90.1895820121586,625.0,0.0,0.0,1.0,0.0,300625.0,0.9999999999999997,False,False,False,False,False,False,466.0400513047632,"[[90.04811644754577,-40.5257887666139],[90.33104757677143,-40.5257887666139],[90.33104757677143,-40.300958675682764],[90.04811644754577,-40.300958675682764],[90.04811644754577,-40.5257887666139]]"
tile-x018-y003,482,,-40.1885436302172,90.1895820121586,625.0,0.0,0.0,1.0,0.0,301250.0,0.9999999999999997,False,False,False,False,False,False,443.055149185486,"[[90.04811644754577,-40.300958675682764],[90.33104757677143,-40.300958675682764],[90.33104757677143,-40.076128584751636],[90.04811644754577,-40.076128584751636],[90.04811644754577,-40.300958675682764]]"
tile-x018-y004,483,,-39.96371353928607,90.1895820121586,625.0,0.0,0.0,1.0,0.0,301875.0,0.9999999999999997,False,False,False,False,False,False,420.29997984095525,"[[90.04811644754577,-40.076128584751636],[90.33104757677143,-40.076128584751636],[90.33104757677143,-39.8512984938205],[90.04811644754577,-39.8512984938205],[90.04811644754577,-40.076128584751636]]"
tile-x018-y005,484,,-39.73888344835493,90.1895820121586,625.0,0.0,0.0,1.0,0.0,302500.0,0.9999999999999997,False,False,False,False,False,False,397.8128405839047,"[[90.04811644754577,-39.8512984938205],[90.33104757677143,-39.8512984938205],[90.33104757677143,-39.626468402889365],[90.04811644754577,-39.626468402889365],[90.04811644754577,-39.8512984938205]]"
tile-x018-y006,485,,-39.5140533574238,90.1895820121586,625.0,0.0,0.0,1.0,0.0,303125.0,0.9999999999999997,False,False,False,False,False,False,375.6408489779928,"[[90.04811644754577,-39.626468402889365],[90.33104757677143,-39.626468402889365],[90.33104757677143,-39.40163831195823],[90.04811644754577,-39.40163831195823],[90.04811644754577,-39.626468402889365]]"
tile-x019-y000,486,,-40.8630339030106,90.47251314138425,625.0,0.0,0.0,1.0,0.0,303750.0,0.9999999999999997,False,False,False,False,False,False,504.8056177566058,"[[90.33104757677143,-40.97544894847617],[90.61397870599708,-40.97544894847617],[90.61397870599708,-40.750618857545035],[90.33104757677143,-40.750618857545035],[90.33104757677143,-40.97544894847617]]"
tile-x019-y001,487,,-40.63820381207947,90.47251314138425,625.0,0.0,0.0,1.0,0.0,304375.0,0.9999999999999997,False,False,False,False,False,False,481.04874369485714,"[[90.33104757677143,-40.750618857545035],[90.61397870599708,-40.750618857545035],[90.61397870599708,-40.5257887666139],[90.33104757677143,-40.5257887666139],[90.33104757677143,-40.750618857545035]]"
tile-x019-y002,488,,-40.41337372114833,90.47251314138425,625.0,0.0,0.0,1.0,0.0,305000.0,0.9999999999999997,False,False,False,False,False,False,457.42412934085525,"[[90.33104757677143,-40.5257887666139],[90.61397870599708,-40.5257887666139],[90.61397870599708,-40.300958675682764],[90.33104757677143,-40.300958675682764],[90.33104757677143,-40.5257887666139]]"
tile-x019-y003,489,,-40.1885436302172,90.47251314138425,625.0,0.0,0.0,1.0,0.0,305625.0,0.9999999999999997,False,False,False,False,False,False,433.9533761246611,"[[90.33104757677143,-40.300958675682764],[90.61397870599708,-40.300958675682764],[90.61397870599708,-40.076128584751636],[90.33104757677143,-40.076128584751636],[90.33104757677143,-40.300958675682764]]"
tile-x019-y004,490,,-39.96371353928607,90.47251314138425,625.0,0.0,0.0,1.0,0.0,306250.0,0.9999999999999997,False,False,False,False,False,False,410.6628659868247,"[[90.33104757677143,-40.076128584751636],[90.61397870599708,-40.076128584751636],[90.61397870599708,-39.8512984938205],[90.33104757677143,-39.8512984938205],[90.33104757677143,-40.076128584751636]]"
tile-x019-y005,491,,-39.73888344835493,90.47251314138425,625.0,0.0,0.0,1.0,0.0,306875.0,0.9999999999999997,False,False,False,False,False,False,387.5850934977607,"[[90.33104757677143,-39.8512984938205],[90.61397870599708,-39.8512984938205],[90.61397870599708,-39.626468402889365],[90.33104757677143,-39.626468402889365],[90.33104757677143,-39.8512984938205]]"
tile-x019-y006,492,,-39.5140533574238,90.47251314138425,625.0,0.0,0.0,1.0,0.0,307500.0,0.9999999999999997,False,False,False,False,False,False,364.76043960020735,"[[90.33104757677143,-39.626468402889365],[90.61397870599708,-39.626468402889365],[90.61397870599708,-39.40163831195823],[90.33104757677143,-39.40163831195823],[90.33104757677143,-39.626468402889365]]"
tile-x020-y000,493,,-40.8630339030106,90.75544427060991,625.0,0.0,0.0,1.0,0.0,308125.0,0.9999999999999997,False,False,False,False,False,False,498.1244133144243,"[[90.61397870599708,-40.97544894847617],[90.89690983522274,-40.97544894847617],[90.89690983522274,-40.750618857545035],[90.61397870599708,-40.750618857545035],[90.61397870599708,-40.97544894847617]]"
tile-x020-y001,494,,-40.63820381207947,90.75544427060991,625.0,0.0,0.0,1.0,0.0,308750.0,0.9999999999999997,False,False,False,False,False,False,474.00977432655964,"[[90.61397870599708,-40.750618857545035],[90.89690983522274,-40.750618857545035],[90.89690983522274,-40.5257887666139],[90.61397870599708,-40.5257887666139],[90.61397870599708,-40.750618857545035]]"
tile-x020-y002,495,,-40.41337372114833,90.75544427060991,625.0,0.0,0.0,1.0,0.0,309375.0,0.9999999999999997,False,False,False,False,False,False,449.99136892556174,"[[90.61397870599708,-40.5257887666139],[90.89690983522274,-40.5257887666139],[90.89690983522274,-40.300958675682764],[90.61397870599708,-40.300958675682764],[90.61397870599708,-40.5257887666139]]"
tile-x020-y003,496,,-40.1885436302172,90.75544427060991,625.0,0.0,0.0,1.0,0.0,310000.0,0.9999999999999997,False,False,False,False,False,False,426.085706704722,"[[90.61397870599708,-40.300958675682764],[90.89690983522274,-40.300958675682764],[90.89690983522274,-40.076128584751636],[90.61397870599708,-40.076128584751636],[90.61397870599708,-40.300958675682764]]"
tile-x020-y004,497,,-39.96371353928607,90.75544427060991,625.0,0.0,0.0,1.0,0.0,310625.0,0.9999999999999997,False,False,False,False,False,False,402.31288600243374,"[[90.61397870599708,-40.076128584751636],[90.89690983522274,-40.076128584751636],[90.89690983522274,-39.8512984938205],[90.61397870599708,-39.8512984938205],[90.61397870599708,-40.076128584751636]]"
tile-x020-y005,498,,-39.73888344835493,90.75544427060991,625.0,0.0,0.0,1.0,0.0,311250.0,0.9999999999999997,False,False,False,False,False,False,378.6979251287968,"[[90.61397870599708,-39.8512984938205],[90.89690983522274,-39.8512984938205],[90.89690983522274,-39.626468402889365],[90.61397870599708,-39.626468402889365],[90.61397870599708,-39.8512984938205]]"
tile-x020-y006,499,,-39.5140533574238,90.75544427060991,625.0,0.0,0.0,1.0,0.0,311875.0,0.9999999999999997,False,False,False,False,False,False,355.2723043644788,"[[90.61397870599708,-39.626468402889365],[90.89690983522274,-39.626468402889365],[90.89690983522274,-39.40163831195823],[90.61397870599708,-39.40163831195823],[90.61397870599708,-39.626468402889365]]"
tile-x020-y007,500,,-39.28922326649266,90.75544427060991,625.0,0.0,0.0,1.0,0.0,312500.0,0.9999999999999997,False,False,False,False,False,False,332.0760959884573,"[[90.61397870599708,-39.40163831195823],[90.89690983522274,-39.40163831195823],[90.89690983522274,-39.176808221027095],[90.61397870599708,-39.176808221027095],[90.61397870599708,-39.40163831195823]]"
tile-x021-y000,501,,-40.8630339030106,91.03837539983557,625.0,0.0,0.0,1.0,0.0,313125.0,0.9999999999999997,False,False,False,False,False,False,492.5752521718341,"[[90.89690983522274,-40.97544894847617],[91.1798409644484,-40.97544894847617],[91.1798409644484,-40.750618857545035],[90.89690983522274,-40.750618857545035],[90.89690983522274,-40.97544894847617]]"
tile-x021-y001,502,,-40.63820381207947,91.03837539983557,625.0,0.0,0.0,1.0,0.0,313750.0,0.9999999999999997,False,False,False,False,False,False,468.15565787467034,"[[90.89690983522274,-40.750618857545035],[91.1798409644484,-40.750618857545035],[91.1798409644484,-40.5257887666139],[90.89690983522274,-40.5257887666139],[90.89690983522274,-40.750618857545035]]"
tile-x021-y002,503,,-40.41337372114833,91.03837539983557,625.0,0.0,0.0,1.0,0.0,314375.0,0.9999999999999997,False,False,False,False,False,False,443.8005771551544,"[[90.89690983522274,-40.5257887666139],[91.1798409644484,-40.5257887666139],[91.1798409644484,-40.300958675682764],[90.89690983522274,-40.300958675682764],[90.89690983522274,-40.5257887666139]]"
tile-x021-y003,504,,-40.1885436302172,91.03837539983557,625.0,0.0,0.0,1.0,0.0,315000.0,0.9999999999999997,False,False,False,False,False,False,419.5212460954558,"[[90.89690983522274,-40.300958675682764],[91.1798409644484,-40.300958675682764],[91.1798409644484,-40.076128584751636],[90.89690983522274,-40.076128584751636],[90.89690983522274,-40.300958675682764]]"
tile-x021-y004,505,,-39.96371353928607,91.03837539983557,625.0,0.0,0.0,1.0,0.0,315625.0,0.9999999999999997,False,False,False,False,False,False,395.3316214891254,"[[90.89690983522274,-40.076128584751636],[91.1798409644484,-40.076128584751636],[91.1798409644484,-39.8512984938205],[90.89690983522274,-39.8512984938205],[90.89690983522274,-40.076128584751636]]"
tile-x021-y005,506,,-39.73888344835493,91.03837539983557,625.0,0.0,0.0,1.0,0.0,316250.0,0.9999999999999997,False,False,False,False,False,False,371.24891617095494,"[[90.89690983522274,-39.8512984938205],[91.1798409644484,-39.8512984938205],[91.1798409644484,-39.626468402889365],[90.89690983522274,-39.626468402889365],[90.89690983522274,-39.8512984938205]]"
tile-x021-y006,507,,-39.5140533574238,91.03837539983557,625.0,0.0,0.0,1.0,0.0,316875.0,0.9999999999999997,False,False,False,False,False,False,347.29564378702725,"[[90.89690983522274,-39.626468402889365],[91.1798409644484,-39.626468402889365],[91.1798409644484,-39.40163831195823],[90.89690983522274,-39.40163831195823],[90.89690983522274,-39.626468402889365]]"
tile-x021-y007,508,,-39.28922326649266,91.03837539983557,625.0,0.0,0.0,1.0,0.0,317500.0,0.9999999999999997,False,False,False,False,False,False,323.5006369618413,"[[90.89690983522274,-39.40163831195823],[91.1798409644484,-39.40163831195823],[91.1798409644484,-39.176808221027095],[90.89690983522274,-39.176808221027095],[90.89690983522274,-39.40163831195823]]"
tile-x021-y008,509,,-39.06439317556153,91.03837539983557,625.0,0.0,0.0,1.0,0.0,318125.0,0.9999999999999997,False,False,False,False,False,False,299.9015697508006,"[[90.89690983522274,-39.176808221027095],[91.1798409644484,-39.176808221027095],[91.1798409644484,-38.95197813009596],[90.89690983522274,-38.95197813009596],[90.89690983522274,-39.176808221027095]]"
tile-x021-y021,510,,-36.14160199345678,91.03837539983557,625.0,0.0,0.0,0.72,0.0,318750.0,0.9999999999999997,False,True,False,False,False,False,95.35041059125754,"[[90.89690983522274,-36.25401703892235],[91.1798409644484,-36.25401703892235],[91.1798409644484,-36.029186947991214],[90.89690983522274,-36.029186947991214],[90.89690983522274,-36.25401703892235]]"
tile-x022-y000,511,,-40.8630339030106,91.32130652906123,625.0,0.0,0.0,1.0,0.0,319375.0,0.9999999999999997,False,False,False,False,False,False,488.1976283757561,"[[91.1798409644484,-40.97544894847617],[91.46277209367406,-40.97544894847617],[91.46277209367406,-40.750618857545035],[91.1798409644484,-40.750618857545035],[91.1798409644484,-40.97544894847617]]"
tile-x022-y001,512,,-40.63820381207947,91.32130652906123,625.0,0.0,0.0,1.0,0.0,320000.0,0.9999999999999997,False,False,False,False,False,False,463.532241378786,"[[91.1798409644484,-40.750618857545035],[91.46277209367406,-40.750618857545035],[91.46277209367406,-40.5257887666139],[91.1798409644484,-40.5257887666139],[91.1798409644484,-40.750618857545035]]"
tile-x022-y002,513,,-40.41337372114833,91.32130652906123,625.0,0.0,0.0,1.0,0.0,320625.0,0.9999999999999997,False,False,False,False,False,False,438.904649622766,"[[91.1798409644484,-40.5257887666139],[91.46277209367406,-40.5257887666139],[91.46277209367406,-40.300958675682764],[91.1798409644484,-40.300958675682764],[91.1798409644484,-40.5257887666139]]"
tile-x022-y003,514,,-40.1885436302172,91.32130652906123,625.0,0.0,0.0,1.0,0.0,321250.0,0.9999999999999997,False,False,False,False,False,False,414.32159291276645,"[[91.1798409644484,-40.300958675682764],[91.46277209367406,-40.300958675682764],[91.46277209367406,-40.076128584751636],[91.1798409644484,-40.076128584751636],[91.1798409644484,-40.300958675682764]]"
tile-x022-y004,515,,-39.96371353928607,91.32130652906123,625.0,0.0,0.0,1.0,0.0,321875.0,0.9999999999999997,False,False,False,False,False,False,389.7914974576551,"[[91.1798409644484,-40.076128584751636],[91.46277209367406,-40.076128584751636],[91.46277209367406,-39.8512984938205],[91.1798409644484,-39.8512984938205],[91.1798409644484,-40.076128584751636]]"
tile-x022-y005,516,,-39.73888344835493,91.32130652906123,625.0,0.0,0.0,1.0,0.0,322500.0,0.9999999999999997,False,False,False,False,False,False,365.32503183058185,"[[91.1798409644484,-39.8512984938205],[91.46277209367406,-39.8512984938205],[91.46277209367406,-39.626468402889365],[91.1798409644484,-39.626468402889365],[91.1798409644484,-39.8512984938205]]"
tile-x022-y006,517,,-39.5140533574238,91.32130652906123,625.0,0.0,0.0,1.0,0.0,323125.0,0.9999999999999997,False,False,False,False,False,False,340.9358950597906,"[[91.1798409644484,-39.626468402889365],[91.46277209367406,-39.626468402889365],[91.46277209367406,-39.40163831195823],[91.1798409644484,-39.40163831195823],[91.1798409644484,-39.626468402889365]]"
tile-x022-y007,518,,-39.28922326649266,91.32130652906123,625.0,0.0,0.0,1.0,0.0,323750.0,0.9999999999999997,False,False,False,False,False,False,316.6419562777103,"[[91.1798409644484,-39.40163831195823],[91.46277209367406,-39.40163831195823],[91.46277209367406,-39.176808221027095],[91.1798409644484,-39.176808221027095],[91.1798409644484,-39.40163831195823]]"
tile-x022-y008,519,,-39.06439317556153,91.32130652906123,625.0,0.0,0.0,1.0,0.0,324375.0,0.9999999999999997,False,False,False,False,False,False,292.46682214737854,"[[91.1798409644484,-39.176808221027095],[91.46277209367406,-39.176808221027095],[91.46277209367406,-38.95197813009596],[91.1798409644484,-38.95197813009596],[91.1798409644484,-39.176808221027095]]"
tile-x022-y020,520,,-36.36643208438792,91.32130652906123,625.0,0.0,0.0,0.72,0.0,325000.0,0.9999999999999997,False,True,False,False,False,False,65.51656734695803,"[[91.1798409644484,-36.47884712985348],[91.46277209367406,-36.47884712985348],[91.46277209367406,-36.25401703892235],[91.1798409644484,-36.25401703892235],[91.1798409644484,-36.47884712985348]]"
tile-x022-y021,521,,-36.14160199345678,91.32130652906123,625.0,0.0,0.0,0.72,0.0,325625.0,0.9999999999999997,False,True,False,False,False,False,71.58636757024662,"[[91.1798409644484,-36.25401703892235],[91.46277209367406,-36.25401703892235],[91.46277209367406,-36.029186947991214],[91.1798409644484,-36.029186947991214],[91.1798409644484,-36.25401703892235]]"
tile-x023-y000,522,,-40.8630339030106,91.60423765828689,625.0,0.0,0.0,1.0,0.0,326250.0,0.9999999999999997,False,False,False,False,False,False,485.0233066819508,"[[91.46277209367406,-40.97544894847617],[91.74570322289972,-40.97544894847617],[91.74570322289972,-40.750618857545035],[91.46277209367406,-40.750618857545035],[91.46277209367406,-40.97544894847617]]"
tile-x023-y001,523,,-40.63820381207947,91.60423765828689,625.0,0.0,0.0,1.0,0.0,326875.0,0.9999999999999997,False,False,False,False,False,False,460.176768239399,"[[91.46277209367406,-40.750618857545035],[91.74570322289972,-40.750618857545035],[91.74570322289972,-40.5257887666139],[91.46277209367406,-40.5257887666139],[91.46277209367406,-40.750618857545035]]"
tile-x023-y002,524,,-40.41337372114833,91.60423765828689,625.0,0.0,0.0,1.0,0.0,327500.0,0.9999999999999997,False,False,False,False,False,False,435.34776900837596,"[[91.46277209367406,-40.5257887666139],[91.74570322289972,-40.5257887666139],[91.74570322289972,-40.300958675682764],[91.46277209367406,-40.300958675682764],[91.46277209367406,-40.5257887666139]]"
tile-x023-y003,525,,-40.1885436302172,91.60423765828689,625.0,0.0,0.0,1.0,0.0,328125.0,0.9999999999999997,False,False,False,False,False,False,410.53949126823153,"[[91.46277209367406,-40.300958675682764],[91.74570322289972,-40.300958675682764],[91.74570322289972,-40.076128584751636],[91.46277209367406,-40.076128584751636],[91.46277209367406,-40.300958675682764]]"
tile-x023-y004,526,,-39.96371353928607,91.60423765828689,625.0,0.0,0.0,1.0,0.0,328750.0,0.9999999999999997,False,False,False,False,False,False,385.75593289498937,"[[91.46277209367406,-40.076128584751636],[91.74570322289972,-40.076128584751636],[91.74570322289972,-39.8512984938205],[91.46277209367406,-39.8512984938205],[91.46277209367406,-40.076128584751636]]"
tile-x023-y005,527,,-39.73888344835493,91.60423765828689,625.0,0.0,0.0,1.0,0.0,329375.0,0.9999999999999997,False,False,False,False,False,False,361.00218504150195,"[[91.46277209367406,-39.8512984938205],[91.74570322289972,-39.8512984938205],[91.74570322289972,-39.626468402889365],[91.46277209367406,-39.626468402889365],[91.46277209367406,-39.8512984938205]]"
tile-x023-y006,528,,-39.5140533574238,91.60423765828689,625.0,0.0,0.0,1.0,0.0,330000.0,0.9999999999999997,False,False,False,False,False,False,336.2848307893955,"[[91.46277209367406,-39.626468402889365],[91.74570322289972,-39.626468402889365],[91.74570322289972,-39.40163831195823],[91.46277209367406,-39.40163831195823],[91.46277209367406,-39.626468402889365]]"
tile-x023-y007,529,,-39.28922326649266,91.60423765828689,625.0,0.0,0.0,1.0,0.0,330625.0,0.9999999999999997,False,False,False,False,False,False,311.61253057504643,"[[91.46277209367406,-39.40163831195823],[91.74570322289972,-39.40163831195823],[91.74570322289972,-39.176808221027095],[91.46277209367406,-39.176808221027095],[91.46277209367406,-39.40163831195823]]"
tile-x023-y008,530,,-39.06439317556153,91.60423765828689,625.0,0.0,0.0,1.0,0.0,331250.0,0.9999999999999997,False,False,False,False,False,False,286.99690414035786,"[[91.46277209367406,-39.176808221027095],[91.74570322289972,-39.176808221027095],[91.74570322289972,-38.95197813009596],[91.46277209367406,-38.95197813009596],[91.46277209367406,-39.176808221027095]]"
tile-x023-y009,531,,-38.83956308463039,91.60423765828689,625.0,0.0,0.0,1.0,0.0,331875.0,0.9999999999999997,False,False,False,False,False,False,262.45389832772105,"[[91.46277209367406,-38.95197813009596],[91.74570322289972,-38.95197813009596],[91.74570322289972,-38.727148039164824],[91.46277209367406,-38.727148039164824],[91.46277209367406,-38.95197813009596]]"
tile-x023-y019,532,,-36.591262175319045,91.60423765828689,625.0,0.0,0.0,0.72,0.0,332500.0,0.9999999999999997,False,True,False,False,False,False,45.17844694406328,"[[91.46277209367406,-36.70367722078461],[91.74570322289972,-36.70367722078461],[91.74570322289972,-36.47884712985348],[91.46277209367406,-36.47884712985348],[91.46277209367406,-36.70367722078461]]"
tile-x023-y020,533,,-36.36643208438792,91.60423765828689,625.0,0.0,0.0,0.72,0.0,333125.0,0.9999999999999997,False,True,False,False,False,False,40.263235079408126,"[[91.46277209367406,-36.47884712985348],[91.74570322289972,-36.47884712985348],[91.74570322289972,-36.25401703892235],[91.46277209367406,-36.25401703892235],[91.46277209367406,-36.47884712985348]]"
tile-x023-y021,534,,-36.14160199345678,91.60423765828689,625.0,0.0,0.0,0.72,0.0,333750.0,0.9999999999999997,False,True,False,False,False,False,47.071362142912605,"[[91.46277209367406,-36.25401703892235],[91.74570322289972,-36.25401703892235],[91.74570322289972,-36.029186947991214],[91.46277209367406,-36.029186947991214],[91.46277209367406,-36.25401703892235]]"
tile-x024-y000,535,,-40.8630339030106,91.88716878751254,625.0,0.0,0.0,1.0,0.0,334375.0,0.9999999999999997,False,False,False,False,False,False,483.07603910871177,"[[91.74570322289972,-40.97544894847617],[92.02863435212537,-40.97544894847617],[92.02863435212537,-40.750618857545035],[91.74570322289972,-40.750618857545035],[91.74570322289972,-40.97544894847617]]"
tile-x024-y001,536,,-40.63820381207947,91.88716878751254,625.0,0.0,0.0,1.0,0.0,335000.0,0.9999999999999997,False,False,False,False,False,False,458.1171325395574,"[[91.74570322289972,-40.750618857545035],[92.02863435212537,-40.750618857545035],[92.02863435212537,-40.5257887666139],[91.74570322289972,-40.5257887666139],[91.74570322289972,-40.750618857545035]]"
tile-x024-y002,537,,-40.41337372114833,91.88716878751254,625.0,0.0,0.0,1.0,0.0,335625.0,0.9999999999999997,False,False,False,False,False,False,433.16295689666373,"[[91.74570322289972,-40.5257887666139],[92.02863435212537,-40.5257887666139],[92.02863435212537,-40.300958675682764],[91.74570322289972,-40.300958675682764],[91.74570322289972,-40.5257887666139]]"
tile-x024-y003,538,,-40.1885436302172,91.88716878751254,625.0,0.0,0.0,1.0,0.0,336250.0,0.9999999999999997,False,False,False,False,False,False,408.2143797885864,"[[91.74570322289972,-40.300958675682764],[92.02863435212537,-40.300958675682764],[92.02863435212537,-40.076128584751636],[91.74570322289972,-40.076128584751636],[91.74570322289972,-40.300958675682764]]"
tile-x024-y004,539,,-39.96371353928607,91.88716878751254,625.0,0.0,0.0,1.0,0.0,336875.0,0.9999999999999997,False,False,False,False,False,False,383.2724945048493,"[[91.74570322289972,-40.076128584751636],[92.02863435212537,-40.076128584751636],[92.02863435212537,-39.8512984938205],[91.74570322289972,-39.8512984938205],[91.74570322289972,-40.076128584751636]]"
tile-x024-y005,540,,-39.73888344835493,91.88716878751254,625.0,0.0,0.0,1.0,0.0,337500.0,0.9999999999999997,False,False,False,False,False,False,358.3386983878239,"[[91.74570322289972,-39.8512984938205],[92.02863435212537,-39.8512984938205],[92.02863435212537,-39.626468402889365],[91.74570322289972,-39.626468402889365],[91.74570322289972,-39.8512984938205]]"
tile-x024-y006,541,,-39.5140533574238,91.88716878751254,625.0,0.0,0.0,1.0,0.0,338125.0,0.9999999999999997,False,False,False,False,False,False,333.414806243621,"[[91.74570322289972,-39.626468402889365],[92.02863435212537,-39.626468402889365],[92.02863435212537,-39.40163831195823],[91.74570322289972,-39.40163831195823],[91.74570322289972,-39.626468402889365]]"
tile-x024-y007,542,,-39.28922326649266,91.88716878751254,625.0,0.0,0.0,1.0,0.0,338750.0,0.9999999999999997,False,False,False,False,False,False,308.50321850154245,"[[91.74570322289972,-39.40163831195823],[92.02863435212537,-39.40163831195823],[92.02863435212537,-39.176808221027095],[91.74570322289972,-39.176808221027095],[91.74570322289972,-39.40163831195823]]"
tile-x024-y008,543,,-39.06439317556153,91.88716878751254,625.0,0.0,0.0,1.0,0.0,339375.0,0.9999999999999997,False,False,False,False,False,False,283.6071775774954,"[[91.74570322289972,-39.176808221027095],[92.02863435212537,-39.176808221027095],[92.02863435212537,-38.95197813009596],[91.74570322289972,-38.95197813009596],[91.74570322289972,-39.176808221027095]]"
tile-x024-y009,544,,-38.83956308463039,91.88716878751254,625.0,0.0,0.0,1.0,0.0,340000.0,0.9999999999999997,False,False,False,False,False,False,258.73117142420676,"[[91.74570322289972,-38.95197813009596],[92.02863435212537,-38.95197813009596],[92.02863435212537,-38.727148039164824],[91.74570322289972,-38.727148039164824],[91.74570322289972,-38.95197813009596]]"
tile-x024-y010,545,,-38.614732993699256,91.88716878751254,625.0,0.0,0.0,1.0,0.0,340625.0,0.9999999999999997,False,False,False,False,False,False,233.8815929183169,"[[91.74570322289972,-38.727148039164824],[92.02863435212537,-38.727148039164824],[92.02863435212537,-38.50231794823369],[91.74570322289972,-38.50231794823369],[91.74570322289972,-38.727148039164824]]"
tile-x024-y011,546,,-38.38990290276812,91.88716878751254,625.0,0.0,0.0,1.0,0.0,341250.0,0.9999999999999997,False,False,False,False,False,False,209.06786575840312,"[[91.74570322289972,-38.50231794823369],[92.02863435212537,-38.50231794823369],[92.02863435212537,-38.27748785730256],[91.74570322289972,-38.27748785730256],[91.74570322289972,-38.50231794823369]]"
tile-x024-y018,547,,-36.81609226625018,91.88716878751254,625.0,0.0,0.0,1.0,0.0,341875.0,0.9999999999999997,False,False,False,False,False,False,42.03945023482896,"[[91.74570322289972,-36.92850731171575],[92.02863435212537,-36.92850731171575],[92.02863435212537,-36.70367722078461],[91.74570322289972,-36.70367722078461],[91.74570322289972,-36.92850731171575]]"
tile-x024-y019,548,,-36.591262175319045,91.88716878751254,625.0,0.0,0.0,0.72,0.0,342500.0,0.9999999999999997,False,True,False,False,False,False,25.015153343426938,"[[91.74570322289972,-36.70367722078461],[92.02863435212537,-36.70367722078461],[92.02863435212537,-36.47884712985348],[91.74570322289972,-36.47884712985348],[91.74570322289972,-36.70367722078461]]"
tile-x024-y020,549,,-36.36643208438792,91.88716878751254,625.0,0.0,0.0,0.6839999999999999,0.0,343125.0,0.9999999999999997,False,True,False,False,False,False,15.257588013133601,"[[91.74570322289972,-36.47884712985348],[92.02863435212537,-36.47884712985348],[92.02863435212537,-36.25401703892235],[91.74570322289972,-36.25401703892235],[91.74570322289972,-36.47884712985348]]"
tile-x024-y021,550,,-36.14160199345678,91.88716878751254,625.0,0.0,0.0,0.6839999999999999,0.0,343750.0,0.9999999999999997,False,True,False,False,False,False,24.403626732823618,"[[91.74570322289972,-36.25401703892235],[92.02863435212537,-36.25401703892235],[92.02863435212537,-36.029186947991214],[91.74570322289972,-36.029186947991214],[91.74570322289972,-36.25401703892235]]"
tile-x025-y000,551,,-40.8630339030106,92.1700999167382,625.0,0.0,0.0,1.0,0.0,344375.0,0.9999999999999997,False,False,False,False,False,False,482.37070490976157,"[[92.02863435212537,-40.97544894847617],[92.31156548135102,-40.97544894847617],[92.31156548135102,-40.750618857545035],[92.02863435212537,-40.750618857545035],[92.02863435212537,-40.97544894847617]]"
tile-x025-y001,552,,-40.63820381207947,92.1700999167382,625.0,0.0,0.0,1.0,0.0,345000.0,0.9999999999999997,False,False,False,False,False,False,457.37086052484864,"[[92.02863435212537,-40.750618857545035],[92.31156548135102,-40.750618857545035],[92.31156548135102,-40.5257887666139],[92.02863435212537,-40.5257887666139],[92.02863435212537,-40.750618857545035]]"
tile-x025-y002,553,,-40.41337372114833,92.1700999167382,625.0,0.0,0.0,1.0,0.0,345625.0,0.9999999999999997,False,False,False,False,False,False,432.37103410281816,"[[92.02863435212537,-40.5257887666139],[92.31156548135102,-40.5257887666139],[92.31156548135102,-40.300958675682764],[92.02863435212537,-40.300958675682764],[92.02863435212537,-40.5257887666139]]"
tile-x025-y003,554,,-40.1885436302172,92.1700999167382,625.0,0.0,0.0,1.0,0.0,346250.0,0.9999999999999997,False,False,False,False,False,False,407.37122895074964,"[[92.02863435212537,-40.300958675682764],[92.31156548135102,-40.300958675682764],[92.31156548135102,-40.076128584751636],[92.02863435212537,-40.076128584751636],[92.02863435212537,-40.300958675682764]]"
tile-x025-y004,555,,-39.96371353928607,92.1700999167382,625.0,0.0,0.0,1.0,0.0,346875.0,0.9999999999999997,False,False,False,False,False,False,382.371449240603,"[[92.02863435212537,-40.076128584751636],[92.31156548135102,-40.076128584751636],[92.31156548135102,-39.8512984938205],[92.02863435212537,-39.8512984938205],[92.02863435212537,-40.076128584751636]]"
tile-x025-y005,556,,-39.73888344835493,92.1700999167382,625.0,0.0,0.0,1.0,0.0,347500.0,0.9999999999999997,False,False,False,False,False,False,357.3717003117196,"[[92.02863435212537,-39.8512984938205],[92.31156548135102,-39.8512984938205],[92.31156548135102,-39.626468402889365],[92.02863435212537,-39.626468402889365],[92.02863435212537,-39.8512984938205]]"
tile-x025-y006,557,,-39.5140533574238,92.1700999167382,625.0,0.0,0.0,1.0,0.0,348125.0,0.9999999999999997,False,False,False,False,False,False,332.37198910985524,"[[92.02863435212537,-39.626468402889365],[92.31156548135102,-39.626468402889365],[92.31156548135102,-39.40163831195823],[92.02863435212537,-39.40163831195823],[92.02863435212537,-39.626468402889365]]"
tile-x025-y007,558,,-39.28922326649266,92.1700999167382,625.0,0.0,0.0,1.0,0.0,348750.0,0.9999999999999997,False,False,False,False,False,False,307.37232484044404,"[[92.02863435212537,-39.40163831195823],[92.31156548135102,-39.40163831195823],[92.31156548135102,-39.176808221027095],[92.02863435212537,-39.176808221027095],[92.02863435212537,-39.40163831195823]]"
tile-x025-y008,559,,-39.06439317556153,92.1700999167382,625.0,0.0,0.0,1.0,0.0,349375.0,0.9999999999999997,False,False,False,False,False,False,282.3727199688873,"[[92.02863435212537,-39.176808221027095],[92.31156548135102,-39.176808221027095],[92.31156548135102,-38.95197813009596],[92.02863435212537,-38.95197813009596],[92.02863435212537,-39.176808221027095]]"
tile-x025-y009,560,,-38.83956308463039,92.1700999167382,625.0,0.0,0.0,1.0,0.0,350000.0,0.9999999999999997,False,False,False,False,False,False,257.37319180378995,"[[92.02863435212537,-38.95197813009596],[92.31156548135102,-38.95197813009596],[92.31156548135102,-38.727148039164824],[92.02863435212537,-38.727148039164824],[92.02863435212537,-38.95197813009596]]"
tile-x025-y010,561,,-38.614732993699256,92.1700999167382,625.0,0.0,0.0,1.0,0.0,350625.0,0.9999999999999997,False,False,False,False,False,False,232.37376510215503,"[[92.02863435212537,-38.727148039164824],[92.31156548135102,-38.727148039164824],[92.31156548135102,-38.50231794823369],[92.02863435212537,-38.50231794823369],[92.02863435212537,-38.727148039164824]]"
tile-x025-y011,562,,-38.38990290276812,92.1700999167382,625.0,0.0,0.0,1.0,0.0,351250.0,0.9999999999999997,False,False,False,False,False,False,207.37447655889238,"[[92.02863435212537,-38.50231794823369],[92.31156548135102,-38.50231794823369],[92.31156548135102,-38.27748785730256],[92.02863435212537,-38.27748785730256],[92.02863435212537,-38.50231794823369]]"
tile-x025-y012,563,,-38.16507281183699,92.1700999167382,625.0,0.0,0.0,1.0,0.0,351875.0,0.9999999999999997,False,False,False,False,False,False,182.37538298861057,"[[92.02863435212537,-38.27748785730256],[92.31156548135102,-38.27748785730256],[92.31156548135102,-38.052657766371425],[92.02863435212537,-38.052657766371425],[92.02863435212537,-38.27748785730256]]"
tile-x025-y013,564,,-37.94024272090586,92.1700999167382,625.0,0.0,0.0,1.0,0.0,352500.0,0.9999999999999997,False,False,False,False,False,False,157.37657730506575,"[[92.02863435212537,-38.052657766371425],[92.31156548135102,-38.052657766371425],[92.31156548135102,-37.82782767544029],[92.02863435212537,-37.82782767544029],[92.02863435212537,-38.052657766371425]]"
tile-x025-y014,565,,-37.71541262997472,92.1700999167382,625.0,0.0,0.0,1.0,0.0,353125.0,0.9999999999999997,False,False,False,False,False,False,132.3782226052386,"[[92.02863435212537,-37.82782767544029],[92.31156548135102,-37.82782767544029],[92.31156548135102,-37.602997584509154],[92.02863435212537,-37.602997584509154],[92.02863435212537,-37.82782767544029]]"
tile-x025-y015,566,,-37.49058253904359,92.1700999167382,625.0,0.0,0.0,1.0,0.0,353750.0,0.9999999999999997,False,False,False,False,False,False,107.380633858433,"[[92.02863435212537,-37.602997584509154],[92.31156548135102,-37.602997584509154],[92.31156548135102,-37.37816749357802],[92.02863435212537,-37.37816749357802],[92.02863435212537,-37.602997584509154]]"
tile-x025-y016,567,,-37.26575244811245,92.1700999167382,625.0,0.0,0.0,1.0,0.0,354375.0,0.9999999999999997,False,False,False,False,False,False,82.3845082974276,"[[92.02863435212537,-37.37816749357802],[92.31156548135102,-37.37816749357802],[92.31156548135102,-37.15333740264688],[92.02863435212537,-37.15333740264688],[92.02863435212537,-37.37816749357802]]"
tile-x025-y017,568,,-37.040922357181316,92.1700999167382,625.0,0.0,0.0,1.0,0.0,355000.0,0.9999999999999997,False,False,False,False,False,False,57.391757760446616,"[[92.02863435212537,-37.15333740264688],[92.31156548135102,-37.15333740264688],[92.31156548135102,-36.92850731171575],[92.02863435212537,-36.92850731171575],[92.02863435212537,-37.15333740264688]]"
tile-x025-y018,569,,-36.81609226625018,92.1700999167382,625.0,0.0,0.0,1.0,0.0,355625.0,0.9999999999999997,False,False,False,False,False,False,32.410191022492164,"[[92.02863435212537,-36.92850731171575],[92.31156548135102,-36.92850731171575],[92.31156548135102,-36.70367722078461],[92.02863435212537,-36.70367722078461],[92.02863435212537,-36.92850731171575]]"
tile-x025-y019,570,,-36.591262175319045,92.1700999167382,625.0,0.0,0.0,0.95,0.0,356250.0,0.9999999999999997,False,False,False,False,False,False,7.5516274571439315,"[[92.02863435212537,-36.70367722078461],[92.31156548135102,-36.70367722078461],[92.31156548135102,-36.47884712985348],[92.02863435212537,-36.47884712985348],[92.02863435212537,-36.70367722078461]]"
tile-x025-y020,571,,-36.36643208438792,92.1700999167382,625.0,0.0,0.0,0.95,0.0,356875.0,0.9999999999999997,False,False,False,False,False,False,1.8100171848265247,"[[92.02863435212537,-36.47884712985348],[92.31156548135102,-36.47884712985348],[92.31156548135102,-36.25401703892235],[92.02863435212537,-36.25401703892235],[92.02863435212537,-36.47884712985348]]"
tile-x025-y021,572,,-36.14160199345678,92.1700999167382,625.0,0.0,0.0,0.6839999999999999,0.0,357500.0,0.9999999999999997,False,True,False,False,False,False,11.365549659306817,"[[92.02863435212537,-36.25401703892235],[92.31156548135102,-36.25401703892235],[92.31156548135102,-36.029186947991214],[92.02863435212537,-36.029186947991214],[92.02863435212537,-36.25401703892235]]"
